wheel_event,time,Tx,Ti_observed,reset,rtc_reset,device_id
0,16:39:22,0.000,0.000,1,0,eGFP5
1,16:39:22,0.029,0.336,0,0,eGFP5
2,16:39:23,0.029,0.358,0,0,eGFP5
3,16:39:23,0.028,0.390,0,0,eGFP5
4,16:39:23,0.028,0.412,0,0,eGFP5
5,16:39:24,0.029,0.786,0,0,eGFP5
6,16:39:26,0.138,2.223,0,0,eGFP5
7,16:39:27,0.039,0.533,0,0,eGFP5
8,16:39:40,0.040,13.383,0,0,eGFP5
9,16:39:41,0.050,1.005,0,0,eGFP5
10,16:39:42,0.039,0.676,0,0,eGFP5
11,16:39:57,0.061,15.027,0,0,eGFP5
12,16:40:03,0.062,6.250,0,0,eGFP5
13,16:40:04,0.281,1.082,0,0,eGFP5
14,16:40:08,0.085,3.464,0,0,eGFP5
15,16:40:43,2.530,35.404,0,0,eGFP5
16,16:40:49,0.182,5.975,0,0,eGFP5
17,16:40:52,0.129,2.488,0,0,eGFP5
18,16:40:53,0.084,0.863,0,0,eGFP5
19,16:40:53,0.072,0.939,0,0,eGFP5
20,16:40:55,0.095,1.543,0,0,eGFP5
21,16:40:58,0.083,3.485,0,0,eGFP5
22,16:43:50,0.127,171.888,0,0,eGFP5
23,16:45:04,0.281,73.961,0,0,eGFP5
24,16:45:05,0.171,1.136,0,0,eGFP5
25,16:45:07,0.130,1.095,0,0,eGFP5
26,16:45:08,0.106,1.576,0,0,eGFP5
27,16:45:10,0.073,1.543,0,0,eGFP5
28,16:45:12,0.118,2.499,0,0,eGFP5
29,16:45:17,0.095,5.142,0,0,eGFP5
30,16:45:18,0.062,0.863,0,0,eGFP5
31,16:45:19,0.083,0.950,0,0,eGFP5
32,16:45:21,0.073,2.146,0,0,eGFP5
33,16:45:22,0.073,0.742,0,0,eGFP5
34,16:45:23,0.075,0.909,0,0,eGFP5
35,16:45:24,0.061,0.818,0,0,eGFP5
36,16:45:24,0.128,0.622,0,0,eGFP5
37,16:45:26,0.105,1.510,0,0,eGFP5
38,16:45:27,0.106,0.786,0,0,eGFP5
39,16:45:27,0.051,0.588,0,0,eGFP5
40,16:45:28,0.062,0.808,0,0,eGFP5
41,16:45:29,0.062,0.709,0,0,eGFP5
42,16:45:31,0.064,2.072,0,0,eGFP5
43,16:45:32,0.063,1.084,0,0,eGFP5
44,16:45:33,0.138,0.862,0,0,eGFP5
45,16:45:34,0.040,0.720,0,0,eGFP5
46,16:45:34,0.106,0.808,0,0,eGFP5
47,16:45:35,0.051,0.622,0,0,eGFP5
48,16:45:36,0.084,1.203,0,0,eGFP5
49,16:45:37,0.095,0.544,0,0,eGFP5
50,16:45:38,0.128,1.039,0,0,eGFP5
51,16:45:43,0.074,4.902,0,0,eGFP5
52,16:45:56,0.326,13.657,0,0,eGFP5
53,16:45:57,0.051,0.654,0,0,eGFP5
54,16:45:58,0.051,0.578,0,0,eGFP5
55,16:45:58,0.040,0.698,0,0,eGFP5
56,16:45:59,0.062,0.633,0,0,eGFP5
57,16:46:00,0.041,0.689,0,0,eGFP5
58,16:46:01,0.073,1.181,0,0,eGFP5
59,16:46:02,0.366,1.605,0,0,eGFP5
60,16:46:03,0.062,0.643,0,0,eGFP5
61,16:46:04,0.050,0.731,0,0,eGFP5
62,16:46:04,0.072,0.686,0,0,eGFP5
63,16:46:05,0.040,0.544,0,0,eGFP5
64,16:46:06,0.062,0.830,0,0,eGFP5
65,16:46:06,0.061,0.577,0,0,eGFP5
66,16:46:07,0.050,0.675,0,0,eGFP5
67,16:46:08,0.084,0.907,0,0,eGFP5
68,16:46:09,0.051,0.688,0,0,eGFP5
69,16:46:10,0.083,1.027,0,0,eGFP5
70,16:46:10,0.050,0.665,0,0,eGFP5
71,16:46:11,0.105,0.489,0,0,eGFP5
72,16:46:13,0.161,2.071,0,0,eGFP5
73,16:46:14,0.127,0.796,0,0,eGFP5
74,16:46:14,0.051,0.566,0,0,eGFP5
75,16:46:15,0.062,0.874,0,0,eGFP5
76,16:46:16,0.052,0.545,0,0,eGFP5
77,16:46:17,0.051,1.466,0,0,eGFP5
78,16:46:19,0.303,2.015,0,0,eGFP5
79,16:46:21,0.478,1.444,0,0,eGFP5
80,16:46:21,0.116,0.709,0,0,eGFP5
81,16:46:22,0.171,0.686,0,0,eGFP5
82,16:46:23,0.106,0.808,0,0,eGFP5
83,16:46:24,0.051,0.808,0,0,eGFP5
84,16:46:24,0.083,0.665,0,0,eGFP5
85,16:46:25,0.041,0.589,0,0,eGFP5
86,16:46:25,0.062,0.655,0,0,eGFP5
87,16:46:26,0.052,0.513,0,0,eGFP5
88,16:46:27,0.039,0.555,0,0,eGFP5
89,16:46:27,0.050,0.588,0,0,eGFP5
90,16:46:28,0.051,0.654,0,0,eGFP5
91,16:46:28,0.051,0.610,0,0,eGFP5
92,16:46:29,0.051,0.589,0,0,eGFP5
93,16:46:30,0.072,0.764,0,0,eGFP5
94,16:46:30,0.136,0.685,0,0,eGFP5
95,16:46:32,0.160,1.291,0,0,eGFP5
96,16:46:32,0.050,0.544,0,0,eGFP5
97,16:46:33,0.051,0.599,0,0,eGFP5
98,16:46:34,0.062,0.677,0,0,eGFP5
99,16:46:34,0.050,0.687,0,0,eGFP5
100,16:46:35,0.050,0.676,0,0,eGFP5
101,16:46:36,0.052,0.601,0,0,eGFP5
102,16:46:36,0.052,0.689,0,0,eGFP5
103,16:46:37,0.050,0.610,0,0,eGFP5
104,16:46:37,0.051,0.676,0,0,eGFP5
105,16:46:40,0.073,2.212,0,0,eGFP5
106,16:46:41,0.216,1.247,0,0,eGFP5
107,16:46:42,0.051,1.247,0,0,eGFP5
108,16:46:43,0.446,1.192,0,0,eGFP5
109,16:46:44,0.040,0.632,0,0,eGFP5
110,16:46:45,0.064,0.799,0,0,eGFP5
111,16:46:46,0.062,0.731,0,0,eGFP5
112,16:46:46,0.062,0.643,0,0,eGFP5
113,16:46:47,0.051,0.622,0,0,eGFP5
114,16:46:51,0.061,3.836,0,0,eGFP5
115,16:46:53,0.523,2.092,0,0,eGFP5
116,16:46:54,0.071,0.883,0,0,eGFP5
117,16:46:54,0.073,0.852,0,0,eGFP5
118,16:46:55,0.073,0.720,0,0,eGFP5
119,16:46:56,0.064,0.843,0,0,eGFP5
120,16:46:59,0.083,3.046,0,0,eGFP5
121,16:47:01,0.216,2.191,0,0,eGFP5
122,16:47:04,0.149,2.366,0,0,eGFP5
123,16:47:07,0.132,3.051,0,0,eGFP5
124,16:47:08,0.061,0.972,0,0,eGFP5
125,16:47:09,0.105,0.884,0,0,eGFP5
126,16:47:09,0.050,0.500,0,0,eGFP5
127,16:47:10,0.052,0.589,0,0,eGFP5
128,16:47:10,0.061,0.742,0,0,eGFP5
129,16:47:11,0.050,0.566,0,0,eGFP5
130,16:47:12,0.051,0.622,0,0,eGFP5
131,16:47:12,0.039,0.544,0,0,eGFP5
132,16:47:13,0.039,0.599,0,0,eGFP5
133,16:47:13,0.050,0.599,0,0,eGFP5
134,16:47:14,0.050,0.555,0,0,eGFP5
135,16:47:14,0.050,0.533,0,0,eGFP5
136,16:47:15,0.041,0.601,0,0,eGFP5
137,16:47:16,0.061,0.621,0,0,eGFP5
138,16:47:16,0.050,0.588,0,0,eGFP5
139,16:47:17,0.039,0.555,0,0,eGFP5
140,16:47:17,0.039,0.588,0,0,eGFP5
141,16:47:19,0.061,1.597,0,0,eGFP5
142,16:47:20,0.083,0.720,0,0,eGFP5
143,16:47:20,0.039,0.522,0,0,eGFP5
144,16:47:21,0.054,0.679,0,0,eGFP5
145,16:47:23,0.073,2.091,0,0,eGFP5
146,16:47:24,0.062,0.589,0,0,eGFP5
147,16:47:24,0.039,0.555,0,0,eGFP5
148,16:47:26,0.050,2.344,0,0,eGFP5
149,16:47:27,0.050,0.686,0,0,eGFP5
150,16:47:29,0.062,1.850,0,0,eGFP5
151,16:47:30,0.095,0.841,0,0,eGFP5
152,16:47:31,0.074,0.754,0,0,eGFP5
153,16:47:31,0.062,0.753,0,0,eGFP5
154,16:47:33,0.062,2.168,0,0,eGFP5
155,16:47:34,0.062,0.709,0,0,eGFP5
156,16:47:35,0.062,0.621,0,0,eGFP5
157,16:47:36,0.062,0.753,0,0,eGFP5
158,16:47:38,0.064,1.962,0,0,eGFP5
159,16:47:38,0.050,0.654,0,0,eGFP5
160,16:47:39,0.050,0.884,0,0,eGFP5
161,16:47:40,0.097,0.941,0,0,eGFP5
162,16:47:42,0.040,2.202,0,0,eGFP5
163,16:47:44,0.072,1.949,0,0,eGFP5
164,16:47:45,0.116,1.005,0,0,eGFP5
165,16:47:46,0.051,0.577,0,0,eGFP5
166,16:47:46,0.051,0.643,0,0,eGFP5
167,16:47:47,0.062,1.061,0,0,eGFP5
168,16:47:49,0.544,1.597,0,0,eGFP5
169,16:47:50,0.064,0.843,0,0,eGFP5
170,16:47:53,0.073,2.903,0,0,eGFP5
171,16:47:53,0.062,0.644,0,0,eGFP5
172,16:47:54,0.052,0.700,0,0,eGFP5
173,16:47:55,0.050,0.555,0,0,eGFP5
174,16:47:55,0.051,0.654,0,0,eGFP5
175,16:47:56,0.062,0.699,0,0,eGFP5
176,16:47:57,0.061,0.654,0,0,eGFP5
177,16:47:58,0.062,1.203,0,0,eGFP5
178,16:47:59,0.085,0.744,0,0,eGFP5
179,16:48:00,0.050,1.038,0,0,eGFP5
180,16:48:01,0.358,1.236,0,0,eGFP5
181,16:48:02,0.062,0.742,0,0,eGFP5
182,16:48:02,0.073,0.786,0,0,eGFP5
183,16:48:05,0.062,2.542,0,0,eGFP5
184,16:48:06,0.050,0.588,0,0,eGFP5
185,16:48:06,0.051,0.633,0,0,eGFP5
186,16:48:07,0.079,1.110,0,0,eGFP5
187,16:48:08,0.107,1.094,0,0,eGFP5
188,16:48:12,0.072,3.211,0,0,eGFP5
189,16:48:14,0.050,2.398,0,0,eGFP5
190,16:48:16,0.072,2.058,0,0,eGFP5
191,16:48:18,0.193,1.872,0,0,eGFP5
192,16:48:20,0.160,2.211,0,0,eGFP5
193,16:48:30,0.215,9.355,0,0,eGFP5
194,16:48:30,0.052,0.612,0,0,eGFP5
195,16:48:33,0.050,3.155,0,0,eGFP5
196,16:48:34,0.083,0.698,0,0,eGFP5
197,16:48:35,0.050,0.752,0,0,eGFP5
198,16:48:36,0.072,0.775,0,0,eGFP5
199,16:48:36,0.050,0.566,0,0,eGFP5
200,16:48:37,0.050,0.796,0,0,eGFP5
201,16:48:38,0.063,0.666,0,0,eGFP5
202,16:48:38,0.062,0.808,0,0,eGFP5
203,16:48:39,0.085,0.984,0,0,eGFP5
204,16:48:40,0.073,0.632,0,0,eGFP5
205,16:48:41,0.051,0.610,0,0,eGFP5
206,16:48:44,0.070,2.977,0,0,eGFP5
207,16:48:44,0.083,0.818,0,0,eGFP5
208,16:48:45,0.061,0.742,0,0,eGFP5
209,16:48:46,0.061,0.631,0,0,eGFP5
210,16:48:46,0.051,0.731,0,0,eGFP5
211,16:48:47,0.084,0.831,0,0,eGFP5
212,16:49:31,0.181,43.368,0,0,eGFP5
213,16:49:32,0.061,0.950,0,0,eGFP5
214,16:49:32,0.127,0.829,0,0,eGFP5
215,16:49:34,0.063,1.095,0,0,eGFP5
216,16:49:34,0.094,0.697,0,0,eGFP5
217,16:49:35,0.039,0.544,0,0,eGFP5
218,16:49:36,0.061,0.895,0,0,eGFP5
219,16:49:36,0.094,0.654,0,0,eGFP5
220,16:49:37,0.158,0.597,0,0,eGFP5
221,16:49:38,0.138,0.764,0,0,eGFP5
222,16:49:38,0.050,0.544,0,0,eGFP5
223,16:49:39,0.050,0.741,0,0,eGFP5
224,16:49:40,0.062,0.895,0,0,eGFP5
225,16:49:41,0.171,1.038,0,0,eGFP5
226,16:49:41,0.040,0.566,0,0,eGFP5
227,16:49:42,0.051,0.720,0,0,eGFP5
228,16:49:43,0.063,0.655,0,0,eGFP5
229,16:49:43,0.052,0.557,0,0,eGFP5
230,16:49:44,0.039,0.621,0,0,eGFP5
231,16:49:45,0.061,0.818,0,0,eGFP5
232,16:49:45,0.051,0.545,0,0,eGFP5
233,16:49:46,0.039,0.555,0,0,eGFP5
234,16:49:47,0.061,0.939,0,0,eGFP5
235,16:49:53,0.763,6.403,0,0,eGFP5
236,16:49:56,0.085,2.400,0,0,eGFP5
237,16:49:56,0.073,0.709,0,0,eGFP5
238,16:49:57,0.051,0.588,0,0,eGFP5
239,16:49:58,0.051,0.687,0,0,eGFP5
240,16:50:00,0.061,2.497,0,0,eGFP5
241,16:50:01,0.062,0.852,0,0,eGFP5
242,16:50:04,0.094,3.265,0,0,eGFP5
243,16:50:07,0.107,2.477,0,0,eGFP5
244,16:50:08,0.062,0.874,0,0,eGFP5
245,16:50:11,0.107,3.574,0,0,eGFP5
246,16:50:12,0.061,0.610,0,0,eGFP5
247,16:50:12,0.051,0.599,0,0,eGFP5
248,16:50:13,0.062,0.709,0,0,eGFP5
249,16:50:14,0.051,0.534,0,0,eGFP5
250,16:50:14,0.050,0.599,0,0,eGFP5
251,16:50:15,0.061,0.698,0,0,eGFP5
252,16:50:16,0.050,0.533,0,0,eGFP5
253,16:50:16,0.041,0.645,0,0,eGFP5
254,16:50:17,0.083,0.808,0,0,eGFP5
255,16:50:18,0.061,1.400,0,0,eGFP5
256,16:50:19,0.050,0.555,0,0,eGFP5
257,16:50:27,0.040,7.622,0,0,eGFP5
258,16:50:28,0.535,1.566,0,0,eGFP5
259,16:50:30,0.172,2.267,0,0,eGFP5
260,16:50:51,0.205,20.734,0,0,eGFP5
261,16:50:52,0.052,0.590,0,0,eGFP5
262,16:50:53,0.062,1.038,0,0,eGFP5
263,16:50:53,0.051,0.523,0,0,eGFP5
264,16:50:54,0.040,0.501,0,0,eGFP5
265,16:50:54,0.040,0.555,0,0,eGFP5
266,16:50:55,0.040,0.523,0,0,eGFP5
267,16:50:55,0.040,0.566,0,0,eGFP5
268,16:50:56,0.062,0.732,0,0,eGFP5
269,16:50:57,0.040,0.533,0,0,eGFP5
270,16:50:57,0.047,0.595,0,0,eGFP5
271,16:50:58,0.050,0.709,0,0,eGFP5
272,16:50:59,0.051,0.578,0,0,eGFP5
273,16:50:59,0.061,0.752,0,0,eGFP5
274,16:51:00,0.051,0.742,0,0,eGFP5
275,16:51:01,0.500,1.389,0,0,eGFP5
276,16:51:02,0.083,0.664,0,0,eGFP5
277,16:51:03,0.039,0.588,0,0,eGFP5
278,16:51:03,0.063,0.798,0,0,eGFP5
279,16:51:04,0.072,0.752,0,0,eGFP5
280,16:51:05,0.051,0.599,0,0,eGFP5
281,16:51:06,0.061,0.895,0,0,eGFP5
282,16:51:07,0.106,1.345,0,0,eGFP5
283,16:51:08,0.106,0.731,0,0,eGFP5
284,16:51:08,0.182,0.676,0,0,eGFP5
285,16:51:09,0.127,0.785,0,0,eGFP5
286,16:51:10,0.041,0.557,0,0,eGFP5
287,16:51:12,0.063,1.873,0,0,eGFP5
288,16:51:14,0.051,2.772,0,0,eGFP5
289,16:51:15,0.050,0.599,0,0,eGFP5
290,16:51:16,0.050,0.994,0,0,eGFP5
291,16:51:17,0.072,1.005,0,0,eGFP5
292,16:51:18,0.105,0.610,0,0,eGFP5
293,16:51:19,0.127,1.444,0,0,eGFP5
294,16:51:22,0.270,2.651,0,0,eGFP5
295,16:51:22,0.052,0.600,0,0,eGFP5
296,16:51:23,0.062,0.972,0,0,eGFP5
297,16:51:24,0.051,0.556,0,0,eGFP5
298,16:51:25,0.050,0.697,0,0,eGFP5
299,16:51:26,0.084,1.839,0,0,eGFP5
300,16:51:27,0.042,0.535,0,0,eGFP5
301,16:51:28,0.051,0.731,0,0,eGFP5
302,16:51:34,0.062,5.987,0,0,eGFP5
303,16:51:34,0.052,0.633,0,0,eGFP5
304,16:51:35,0.084,0.808,0,0,eGFP5
305,16:51:36,0.511,1.247,0,0,eGFP5
306,16:51:37,0.039,0.478,0,0,eGFP5
307,16:51:38,0.040,0.830,0,0,eGFP5
308,16:51:38,0.083,0.709,0,0,eGFP5
309,16:51:39,0.039,0.445,0,0,eGFP5
310,16:51:39,0.040,0.589,0,0,eGFP5
311,16:51:40,0.061,0.796,0,0,eGFP5
312,16:51:41,0.086,0.908,0,0,eGFP5
313,16:51:42,0.040,0.523,0,0,eGFP5
314,16:51:43,0.062,0.874,0,0,eGFP5
315,16:51:44,0.140,1.237,0,0,eGFP5
316,16:51:44,0.062,0.632,0,0,eGFP5
317,16:51:45,0.040,0.567,0,0,eGFP5
318,16:51:46,0.061,0.665,0,0,eGFP5
319,16:51:46,0.051,0.500,0,0,eGFP5
320,16:51:47,0.053,0.700,0,0,eGFP5
321,16:51:47,0.073,0.676,0,0,eGFP5
322,16:51:48,0.051,0.490,0,0,eGFP5
323,16:51:49,0.051,1.093,0,0,eGFP5
324,16:51:53,0.095,3.858,0,0,eGFP5
325,16:51:54,0.062,0.819,0,0,eGFP5
326,16:51:55,0.106,1.148,0,0,eGFP5
327,16:51:55,0.051,0.589,0,0,eGFP5
328,16:51:56,0.051,0.632,0,0,eGFP5
329,16:51:57,0.065,0.888,0,0,eGFP5
330,16:51:58,0.073,0.709,0,0,eGFP5
331,16:51:59,0.051,0.819,0,0,eGFP5
332,16:51:59,0.062,0.743,0,0,eGFP5
333,16:52:02,0.048,2.594,0,0,eGFP5
334,16:52:02,0.050,0.566,0,0,eGFP5
335,16:52:03,0.061,0.796,0,0,eGFP5
336,16:52:04,0.050,0.555,0,0,eGFP5
337,16:52:04,0.041,0.600,0,0,eGFP5
338,16:52:05,0.061,0.753,0,0,eGFP5
339,16:52:06,0.050,0.544,0,0,eGFP5
340,16:52:06,0.050,0.598,0,0,eGFP5
341,16:52:07,0.062,0.906,0,0,eGFP5
342,16:52:09,0.062,1.510,0,0,eGFP5
343,16:52:10,0.085,0.809,0,0,eGFP5
344,16:52:10,0.072,0.928,0,0,eGFP5
345,16:52:12,0.096,1.061,0,0,eGFP5
346,16:52:13,0.083,1.674,0,0,eGFP5
347,16:52:14,0.062,0.588,0,0,eGFP5
348,16:52:15,0.051,1.214,0,0,eGFP5
349,16:52:16,0.116,1.202,0,0,eGFP5
350,16:52:17,0.061,0.610,0,0,eGFP5
351,16:52:18,0.039,0.829,0,0,eGFP5
352,16:52:19,0.150,1.159,0,0,eGFP5
353,16:52:19,0.050,0.577,0,0,eGFP5
354,16:52:20,0.052,0.699,0,0,eGFP5
355,16:52:22,0.095,1.938,0,0,eGFP5
356,16:52:23,0.061,0.643,0,0,eGFP5
357,16:52:23,0.063,0.776,0,0,eGFP5
358,16:52:24,0.061,0.599,0,0,eGFP5
359,16:52:25,0.051,0.764,0,0,eGFP5
360,16:52:26,0.083,1.049,0,0,eGFP5
361,16:52:27,0.116,0.928,0,0,eGFP5
362,16:52:27,0.052,0.644,0,0,eGFP5
363,16:52:30,0.073,2.366,0,0,eGFP5
364,16:52:30,0.062,0.698,0,0,eGFP5
365,16:52:31,0.061,0.720,0,0,eGFP5
366,16:52:32,0.061,1.016,0,0,eGFP5
367,16:52:33,0.094,0.818,0,0,eGFP5
368,16:52:34,0.117,1.203,0,0,eGFP5
369,16:52:35,0.051,0.687,0,0,eGFP5
370,16:52:36,0.072,0.917,0,0,eGFP5
371,16:52:37,0.065,0.822,0,0,eGFP5
372,16:52:49,0.106,12.856,0,0,eGFP5
373,16:52:51,0.116,1.597,0,0,eGFP5
374,16:52:52,0.128,1.280,0,0,eGFP5
375,16:52:53,0.072,0.983,0,0,eGFP5
376,16:52:55,0.424,1.181,0,0,eGFP5
377,16:52:56,0.149,1.631,0,0,eGFP5
378,16:53:00,0.083,4.231,0,0,eGFP5
379,16:53:01,0.096,0.963,0,0,eGFP5
380,16:53:02,0.072,0.906,0,0,eGFP5
381,16:53:04,0.106,1.444,0,0,eGFP5
382,16:53:05,0.095,1.082,0,0,eGFP5
383,16:53:08,0.095,3.222,0,0,eGFP5
384,16:53:39,0.139,30.905,0,0,eGFP5
385,16:53:40,0.040,0.600,0,0,eGFP5
386,16:53:40,0.074,0.787,0,0,eGFP5
387,16:53:41,0.053,0.601,0,0,eGFP5
388,16:53:42,0.051,0.731,0,0,eGFP5
389,16:53:42,0.062,0.687,0,0,eGFP5
390,16:53:43,0.051,0.655,0,0,eGFP5
391,16:53:44,0.050,0.709,0,0,eGFP5
392,16:53:44,0.051,0.621,0,0,eGFP5
393,16:53:45,0.051,0.742,0,0,eGFP5
394,16:53:46,0.073,0.731,0,0,eGFP5
395,16:53:46,0.051,0.578,0,0,eGFP5
396,16:53:47,0.063,0.853,0,0,eGFP5
397,16:53:48,0.056,0.571,0,0,eGFP5
398,16:53:48,0.040,0.577,0,0,eGFP5
399,16:53:49,0.061,0.731,0,0,eGFP5
400,16:53:50,0.051,0.545,0,0,eGFP5
401,16:53:52,0.050,2.289,0,0,eGFP5
402,16:53:52,0.050,0.554,0,0,eGFP5
403,16:53:53,0.062,0.753,0,0,eGFP5
404,16:53:54,0.052,0.677,0,0,eGFP5
405,16:53:55,0.072,0.709,0,0,eGFP5
406,16:54:01,0.105,6.326,0,0,eGFP5
407,16:54:07,0.313,6.184,0,0,eGFP5
408,16:54:08,0.061,0.642,0,0,eGFP5
409,16:54:10,0.050,2.157,0,0,eGFP5
410,16:54:11,0.094,0.687,0,0,eGFP5
411,16:54:12,0.050,1.871,0,0,eGFP5
412,16:54:13,0.062,0.621,0,0,eGFP5
413,16:54:14,0.052,0.634,0,0,eGFP5
414,16:54:14,0.062,0.721,0,0,eGFP5
415,16:54:15,0.050,0.610,0,0,eGFP5
416,16:54:16,0.050,0.719,0,0,eGFP5
417,16:54:18,0.095,1.949,0,0,eGFP5
418,16:54:18,0.050,0.566,0,0,eGFP5
419,16:54:19,0.050,0.752,0,0,eGFP5
420,16:54:20,0.084,0.731,0,0,eGFP5
421,16:54:21,0.052,0.864,0,0,eGFP5
422,16:54:22,0.061,0.950,0,0,eGFP5
423,16:54:22,0.138,0.884,0,0,eGFP5
424,16:54:23,0.051,0.588,0,0,eGFP5
425,16:54:24,0.062,0.951,0,0,eGFP5
426,16:54:25,0.050,0.599,0,0,eGFP5
427,16:54:25,0.050,0.610,0,0,eGFP5
428,16:54:26,0.052,0.776,0,0,eGFP5
429,16:54:27,0.052,0.579,0,0,eGFP5
430,16:54:27,0.050,0.676,0,0,eGFP5
431,16:54:28,0.072,0.796,0,0,eGFP5
432,16:54:29,0.062,0.665,0,0,eGFP5
433,16:54:29,0.051,0.665,0,0,eGFP5
434,16:54:30,0.105,1.038,0,0,eGFP5
435,16:54:31,0.040,0.533,0,0,eGFP5
436,16:54:33,0.051,1.796,0,0,eGFP5
437,16:54:33,0.050,0.544,0,0,eGFP5
438,16:54:36,0.052,3.135,0,0,eGFP5
439,16:54:37,0.062,0.632,0,0,eGFP5
440,16:54:38,0.062,1.104,0,0,eGFP5
441,16:54:39,0.062,0.589,0,0,eGFP5
442,16:54:39,0.039,0.676,0,0,eGFP5
443,16:54:40,0.082,0.927,0,0,eGFP5
444,16:54:43,0.039,2.223,0,0,eGFP5
445,16:54:43,0.072,0.665,0,0,eGFP5
446,16:54:44,0.052,0.601,0,0,eGFP5
447,16:54:45,0.062,0.852,0,0,eGFP5
448,16:54:45,0.061,0.742,0,0,eGFP5
449,16:54:46,0.050,0.808,0,0,eGFP5
450,16:54:48,0.127,2.168,0,0,eGFP5
451,16:54:49,0.073,1.005,0,0,eGFP5
452,16:54:52,0.062,2.992,0,0,eGFP5
453,16:54:54,0.138,1.323,0,0,eGFP5
454,16:54:54,0.051,0.556,0,0,eGFP5
455,16:54:55,0.053,0.985,0,0,eGFP5
456,16:54:57,0.117,1.291,0,0,eGFP5
457,16:54:57,0.075,0.700,0,0,eGFP5
458,16:54:58,0.051,0.687,0,0,eGFP5
459,16:54:59,0.073,1.269,0,0,eGFP5
460,16:55:01,0.122,1.877,0,0,eGFP5
461,16:55:02,0.061,0.665,0,0,eGFP5
462,16:55:03,0.050,0.785,0,0,eGFP5
463,16:55:04,0.567,1.204,0,0,eGFP5
464,16:55:05,0.116,1.038,0,0,eGFP5
465,16:55:05,0.072,0.653,0,0,eGFP5
466,16:55:06,0.061,0.972,0,0,eGFP5
467,16:55:07,0.061,0.632,0,0,eGFP5
468,16:55:08,0.050,0.807,0,0,eGFP5
469,16:55:09,0.072,0.664,0,0,eGFP5
470,16:55:09,0.051,0.764,0,0,eGFP5
471,16:55:10,0.141,0.525,0,0,eGFP5
472,16:55:11,0.347,1.203,0,0,eGFP5
473,16:55:12,0.050,0.610,0,0,eGFP5
474,16:55:12,0.061,0.807,0,0,eGFP5
475,16:55:13,0.061,0.654,0,0,eGFP5
476,16:55:15,0.072,1.488,0,0,eGFP5
477,16:55:15,0.061,0.610,0,0,eGFP5
478,16:55:16,0.050,1.070,0,0,eGFP5
479,16:55:18,0.545,1.313,0,0,eGFP5
480,16:55:19,0.129,0.941,0,0,eGFP5
481,16:55:19,0.072,0.917,0,0,eGFP5
482,16:55:20,0.083,0.939,0,0,eGFP5
483,16:55:21,0.084,0.797,0,0,eGFP5
484,16:55:22,0.072,0.862,0,0,eGFP5
485,16:55:23,0.074,0.744,0,0,eGFP5
486,16:55:24,0.061,1.071,0,0,eGFP5
487,16:55:25,0.083,0.796,0,0,eGFP5
488,16:55:25,0.063,0.755,0,0,eGFP5
489,16:55:26,0.072,0.687,0,0,eGFP5
490,16:55:27,0.050,0.807,0,0,eGFP5
491,16:55:28,0.073,0.841,0,0,eGFP5
492,16:55:30,0.061,2.003,0,0,eGFP5
493,16:55:30,0.062,0.666,0,0,eGFP5
494,16:55:31,0.050,0.665,0,0,eGFP5
495,16:55:32,0.050,0.687,0,0,eGFP5
496,16:55:33,0.041,0.754,0,0,eGFP5
497,16:55:35,0.084,2.311,0,0,eGFP5
498,16:55:36,0.095,0.786,0,0,eGFP5
499,16:55:37,0.063,0.963,0,0,eGFP5
500,16:55:37,0.073,0.753,0,0,eGFP5
501,16:55:38,0.051,0.819,0,0,eGFP5
502,16:55:39,0.072,0.742,0,0,eGFP5
503,16:55:40,0.050,0.654,0,0,eGFP5
504,16:55:40,0.084,0.895,0,0,eGFP5
505,16:55:41,0.053,0.898,0,0,eGFP5
506,16:55:42,0.083,0.786,0,0,eGFP5
507,16:55:43,0.061,0.950,0,0,eGFP5
508,16:55:44,0.073,0.764,0,0,eGFP5
509,16:55:45,0.062,0.808,0,0,eGFP5
510,16:55:46,0.106,0.951,0,0,eGFP5
511,16:55:47,0.061,0.961,0,0,eGFP5
512,16:55:48,0.084,0.973,0,0,eGFP5
513,16:55:48,0.107,0.919,0,0,eGFP5
514,16:55:50,0.053,1.281,0,0,eGFP5
515,16:55:51,0.216,1.094,0,0,eGFP5
516,16:55:53,0.062,1.993,0,0,eGFP5
517,16:55:53,0.051,0.632,0,0,eGFP5
518,16:55:54,0.062,0.720,0,0,eGFP5
519,16:55:55,0.051,0.699,0,0,eGFP5
520,16:55:57,0.061,2.366,0,0,eGFP5
521,16:55:58,0.062,0.621,0,0,eGFP5
522,16:55:59,0.053,0.777,0,0,eGFP5
523,16:55:59,0.067,0.682,0,0,eGFP5
524,16:56:00,0.061,0.697,0,0,eGFP5
525,16:56:01,0.072,0.731,0,0,eGFP5
526,16:56:02,0.105,0.950,0,0,eGFP5
527,16:56:02,0.083,0.697,0,0,eGFP5
528,16:56:03,0.052,1.018,0,0,eGFP5
529,16:56:05,0.730,1.608,0,0,eGFP5
530,16:56:06,0.041,0.754,0,0,eGFP5
531,16:56:07,0.127,1.576,0,0,eGFP5
532,16:56:08,0.072,0.862,0,0,eGFP5
533,16:56:11,0.072,2.442,0,0,eGFP5
534,16:56:11,0.062,0.698,0,0,eGFP5
535,16:56:12,0.050,0.665,0,0,eGFP5
536,16:56:13,0.061,0.730,0,0,eGFP5
537,16:56:13,0.062,0.742,0,0,eGFP5
538,16:56:17,0.077,3.928,0,0,eGFP5
539,16:56:18,0.051,0.577,0,0,eGFP5
540,16:56:19,0.051,0.709,0,0,eGFP5
541,16:56:19,0.062,0.709,0,0,eGFP5
542,16:56:20,0.063,0.831,0,0,eGFP5
543,16:56:21,0.061,0.775,0,0,eGFP5
544,16:56:22,0.050,0.631,0,0,eGFP5
545,16:56:23,0.062,0.951,0,0,eGFP5
546,16:56:23,0.061,0.686,0,0,eGFP5
547,16:56:24,0.053,0.843,0,0,eGFP5
548,16:56:25,0.083,0.851,0,0,eGFP5
549,16:56:26,0.062,0.808,0,0,eGFP5
550,16:56:27,0.072,1.246,0,0,eGFP5
551,16:56:28,0.117,0.973,0,0,eGFP5
552,16:56:29,0.083,0.873,0,0,eGFP5
553,16:56:30,0.117,0.742,0,0,eGFP5
554,16:56:31,0.182,1.828,0,0,eGFP5
555,16:56:34,0.063,2.170,0,0,eGFP5
556,16:56:34,0.052,0.601,0,0,eGFP5
557,16:56:35,0.051,0.764,0,0,eGFP5
558,16:56:36,0.061,0.632,0,0,eGFP5
559,16:56:36,0.051,0.819,0,0,eGFP5
560,16:56:37,0.105,1.060,0,0,eGFP5
561,16:56:38,0.062,0.764,0,0,eGFP5
562,16:56:39,0.062,0.709,0,0,eGFP5
563,16:56:40,0.073,0.841,0,0,eGFP5
564,16:56:40,0.052,0.656,0,0,eGFP5
565,16:56:41,0.116,0.522,0,0,eGFP5
566,16:56:42,0.336,1.159,0,0,eGFP5
567,16:56:43,0.051,0.567,0,0,eGFP5
568,16:56:43,0.050,0.775,0,0,eGFP5
569,16:56:44,0.050,0.665,0,0,eGFP5
570,16:56:45,0.051,0.819,0,0,eGFP5
571,16:56:46,0.082,0.927,0,0,eGFP5
572,16:56:48,0.063,2.082,0,0,eGFP5
573,16:56:49,0.040,0.698,0,0,eGFP5
574,16:56:50,0.128,1.313,0,0,eGFP5
575,16:56:51,0.040,0.676,0,0,eGFP5
576,16:56:52,0.084,1.170,0,0,eGFP5
577,16:56:53,0.084,0.863,0,0,eGFP5
578,16:56:54,0.446,1.203,0,0,eGFP5
579,16:56:55,0.040,0.677,0,0,eGFP5
580,16:56:56,0.085,1.117,0,0,eGFP5
581,16:56:56,0.050,0.555,0,0,eGFP5
582,16:56:57,0.051,1.126,0,0,eGFP5
583,16:56:58,0.106,0.841,0,0,eGFP5
584,16:56:59,0.051,0.644,0,0,eGFP5
585,16:57:00,0.075,0.931,0,0,eGFP5
586,16:57:01,0.056,0.868,0,0,eGFP5
587,16:57:01,0.116,0.807,0,0,eGFP5
588,16:57:02,0.040,0.555,0,0,eGFP5
589,16:57:03,0.063,0.974,0,0,eGFP5
590,16:57:04,0.061,0.599,0,0,eGFP5
591,16:57:05,0.050,1.224,0,0,eGFP5
592,16:57:05,0.160,0.478,0,0,eGFP5
593,16:57:06,0.138,0.830,0,0,eGFP5
594,16:57:07,0.050,0.599,0,0,eGFP5
595,16:57:07,0.083,0.609,0,0,eGFP5
596,17:00:02,0.117,174.763,0,0,eGFP5
597,17:00:03,0.217,0.699,0,0,eGFP5
598,17:00:04,0.182,1.126,0,0,eGFP5
599,17:00:06,0.129,2.587,0,0,eGFP5
600,17:00:07,0.072,0.862,0,0,eGFP5
601,17:00:09,0.083,1.938,0,0,eGFP5
602,17:00:10,0.061,0.610,0,0,eGFP5
603,17:00:11,0.050,0.928,0,0,eGFP5
604,17:00:12,0.083,0.753,0,0,eGFP5
605,17:00:12,0.050,0.621,0,0,eGFP5
606,17:00:13,0.074,0.962,0,0,eGFP5
607,17:00:14,0.051,0.555,0,0,eGFP5
608,17:00:15,0.040,0.797,0,0,eGFP5
609,17:00:15,0.061,0.643,0,0,eGFP5
610,17:00:16,0.040,0.643,0,0,eGFP5
611,17:00:16,0.062,0.698,0,0,eGFP5
612,17:00:17,0.050,0.544,0,0,eGFP5
613,17:00:18,0.052,0.744,0,0,eGFP5
614,17:00:18,0.063,0.633,0,0,eGFP5
615,17:00:22,0.040,3.606,0,0,eGFP5
616,17:00:23,0.050,0.566,0,0,eGFP5
617,17:00:23,0.040,0.742,0,0,eGFP5
618,17:00:24,0.073,0.698,0,0,eGFP5
619,17:00:26,0.040,2.080,0,0,eGFP5
620,17:00:27,0.073,0.622,0,0,eGFP5
621,17:00:28,0.039,1.038,0,0,eGFP5
622,17:00:29,0.261,1.040,0,0,eGFP5
623,17:00:29,0.039,0.588,0,0,eGFP5
624,17:00:30,0.061,1.060,0,0,eGFP5
625,17:00:31,0.051,0.566,0,0,eGFP5
626,17:00:32,0.051,0.698,0,0,eGFP5
627,17:00:32,0.064,0.645,0,0,eGFP5
628,17:00:33,0.051,0.764,0,0,eGFP5
629,17:00:34,0.073,0.797,0,0,eGFP5
630,17:00:35,0.051,0.599,0,0,eGFP5
631,17:00:35,0.097,0.832,0,0,eGFP5
632,17:00:36,0.138,0.961,0,0,eGFP5
633,17:00:37,0.095,0.808,0,0,eGFP5
634,17:00:38,0.040,0.545,0,0,eGFP5
635,17:00:39,0.050,0.840,0,0,eGFP5
636,17:00:40,0.073,1.499,0,0,eGFP5
637,17:00:41,0.051,0.600,0,0,eGFP5
638,17:00:42,0.062,0.961,0,0,eGFP5
639,17:00:42,0.064,0.635,0,0,eGFP5
640,17:00:43,0.039,0.665,0,0,eGFP5
641,17:00:44,0.084,0.907,0,0,eGFP5
642,17:00:45,0.063,0.798,0,0,eGFP5
643,17:00:46,0.315,1.532,0,0,eGFP5
644,17:00:47,0.062,0.644,0,0,eGFP5
645,17:00:47,0.051,0.643,0,0,eGFP5
646,17:00:48,0.051,0.655,0,0,eGFP5
647,17:00:49,0.051,1.400,0,0,eGFP5
648,17:00:50,0.064,0.569,0,0,eGFP5
649,17:00:51,0.040,1.225,0,0,eGFP5
650,17:00:52,0.099,0.768,0,0,eGFP5
651,17:00:56,0.051,4.286,0,0,eGFP5
652,17:00:57,0.094,0.730,0,0,eGFP5
653,17:00:59,0.040,1.620,0,0,eGFP5
654,17:01:00,0.094,1.334,0,0,eGFP5
655,17:01:02,0.500,1.948,0,0,eGFP5
656,17:01:03,0.097,0.876,0,0,eGFP5
657,17:01:03,0.051,0.545,0,0,eGFP5
658,17:01:04,0.050,0.741,0,0,eGFP5
659,17:01:05,0.061,0.643,0,0,eGFP5
660,17:01:05,0.039,0.555,0,0,eGFP5
661,17:01:06,0.061,0.818,0,0,eGFP5
662,17:01:07,0.040,0.512,0,0,eGFP5
663,17:01:08,0.050,1.553,0,0,eGFP5
664,17:01:09,0.063,0.590,0,0,eGFP5
665,17:01:10,0.039,1.213,0,0,eGFP5
666,17:01:11,0.094,0.753,0,0,eGFP5
667,17:01:12,0.105,0.961,0,0,eGFP5
668,17:01:12,0.072,0.665,0,0,eGFP5
669,17:01:13,0.039,0.698,0,0,eGFP5
670,17:01:14,0.106,1.061,0,0,eGFP5
671,17:01:15,0.050,0.533,0,0,eGFP5
672,17:01:15,0.051,0.808,0,0,eGFP5
673,17:01:16,0.052,0.579,0,0,eGFP5
674,17:01:35,0.039,19.273,0,0,eGFP5
675,17:03:13,0.468,97.255,0,0,eGFP5
676,17:03:13,0.050,0.708,0,0,eGFP5
677,17:03:14,0.095,1.203,0,0,eGFP5
678,17:03:17,0.061,2.036,0,0,eGFP5
679,17:03:17,0.073,0.687,0,0,eGFP5
680,17:03:19,0.062,1.905,0,0,eGFP5
681,17:03:20,0.140,1.281,0,0,eGFP5
682,17:03:21,0.040,0.512,0,0,eGFP5
683,17:03:23,0.061,1.718,0,0,eGFP5
684,17:03:24,0.118,1.424,0,0,eGFP5
685,17:03:25,0.040,0.643,0,0,eGFP5
686,17:03:26,0.062,0.841,0,0,eGFP5
687,17:03:28,0.050,2.003,0,0,eGFP5
688,17:03:30,0.358,2.706,0,0,eGFP5
689,17:03:31,0.062,0.600,0,0,eGFP5
690,17:03:32,0.063,0.853,0,0,eGFP5
691,17:03:32,0.062,0.588,0,0,eGFP5
692,17:03:33,0.051,0.665,0,0,eGFP5
693,17:03:34,0.073,0.709,0,0,eGFP5
694,17:03:34,0.040,0.523,0,0,eGFP5
695,17:03:35,0.051,0.884,0,0,eGFP5
696,17:03:36,0.073,0.633,0,0,eGFP5
697,17:03:36,0.050,0.511,0,0,eGFP5
698,17:03:37,0.041,0.940,0,0,eGFP5
699,17:03:38,0.061,0.555,0,0,eGFP5
700,17:03:39,0.040,1.433,0,0,eGFP5
701,17:03:41,0.094,2.025,0,0,eGFP5
702,17:03:42,0.039,0.544,0,0,eGFP5
703,17:03:43,0.050,1.477,0,0,eGFP5
704,17:03:44,0.050,0.566,0,0,eGFP5
705,17:03:45,0.050,0.982,0,0,eGFP5
706,17:03:45,0.063,0.634,0,0,eGFP5
707,17:03:46,0.050,0.994,0,0,eGFP5
708,17:03:47,0.061,0.554,0,0,eGFP5
709,17:03:55,0.040,7.622,0,0,eGFP5
710,17:03:55,0.116,0.763,0,0,eGFP5
711,17:05:30,0.116,94.390,0,0,eGFP5
712,17:05:31,0.478,1.246,0,0,eGFP5
713,17:05:32,0.063,0.952,0,0,eGFP5
714,17:05:33,0.116,0.785,0,0,eGFP5
715,17:05:34,0.118,0.952,0,0,eGFP5
716,17:05:34,0.050,0.599,0,0,eGFP5
717,17:05:35,0.050,0.862,0,0,eGFP5
718,17:05:36,0.050,0.588,0,0,eGFP5
719,17:05:37,0.050,1.049,0,0,eGFP5
720,17:05:37,0.061,0.577,0,0,eGFP5
721,17:05:39,0.050,1.488,0,0,eGFP5
722,17:05:39,0.061,0.599,0,0,eGFP5
723,17:05:40,0.052,0.765,0,0,eGFP5
724,17:05:41,0.072,0.687,0,0,eGFP5
725,17:05:41,0.039,0.621,0,0,eGFP5
726,17:05:42,0.083,0.829,0,0,eGFP5
727,17:05:43,0.041,0.568,0,0,eGFP5
728,17:05:44,0.050,0.796,0,0,eGFP5
729,17:05:44,0.051,0.567,0,0,eGFP5
730,17:05:45,0.039,0.829,0,0,eGFP5
731,17:05:46,0.062,0.599,0,0,eGFP5
732,17:05:48,0.049,1.947,0,0,eGFP5
733,17:05:49,0.084,1.763,0,0,eGFP5
734,17:05:50,0.050,0.555,0,0,eGFP5
735,17:05:51,0.039,0.818,0,0,eGFP5
736,17:05:51,0.084,0.676,0,0,eGFP5
737,17:05:52,0.051,0.611,0,0,eGFP5
738,17:05:53,0.072,0.840,0,0,eGFP5
739,17:05:53,0.051,0.555,0,0,eGFP5
740,17:05:54,0.053,0.865,0,0,eGFP5
741,17:05:55,0.052,0.557,0,0,eGFP5
742,17:05:56,0.039,0.840,0,0,eGFP5
743,17:06:01,0.512,5.800,0,0,eGFP5
744,17:06:05,0.753,3.869,0,0,eGFP5
745,17:06:14,0.183,8.478,0,0,eGFP5
746,17:06:14,0.050,0.621,0,0,eGFP5
747,17:06:15,0.062,0.775,0,0,eGFP5
748,17:06:18,0.041,2.554,0,0,eGFP5
749,17:06:18,0.050,0.533,0,0,eGFP5
750,17:06:19,0.051,0.654,0,0,eGFP5
751,17:06:20,0.051,0.589,0,0,eGFP5
752,17:06:20,0.050,0.555,0,0,eGFP5
753,17:06:21,0.062,0.775,0,0,eGFP5
754,17:06:21,0.040,0.512,0,0,eGFP5
755,17:06:22,0.041,0.579,0,0,eGFP5
756,17:06:23,0.062,0.632,0,0,eGFP5
757,17:06:23,0.042,0.557,0,0,eGFP5
758,17:06:24,0.062,0.786,0,0,eGFP5
759,17:06:24,0.051,0.556,0,0,eGFP5
760,17:06:26,0.051,1.839,0,0,eGFP5
761,17:06:28,0.117,1.598,0,0,eGFP5
762,17:06:28,0.045,0.517,0,0,eGFP5
763,17:06:31,0.050,2.870,0,0,eGFP5
764,17:06:32,0.061,0.587,0,0,eGFP5
765,17:06:33,0.041,0.831,0,0,eGFP5
766,17:06:33,0.072,0.610,0,0,eGFP5
767,17:06:35,0.039,1.389,0,0,eGFP5
768,17:06:35,0.072,0.675,0,0,eGFP5
769,17:06:36,0.052,0.655,0,0,eGFP5
770,17:06:37,0.062,0.621,0,0,eGFP5
771,17:06:37,0.050,0.610,0,0,eGFP5
772,17:06:38,0.050,0.654,0,0,eGFP5
773,17:06:39,0.062,0.611,0,0,eGFP5
774,17:06:39,0.061,0.862,0,0,eGFP5
775,17:06:40,0.072,0.709,0,0,eGFP5
776,17:06:42,0.072,1.959,0,0,eGFP5
777,17:06:43,0.050,0.544,0,0,eGFP5
778,17:06:43,0.039,0.741,0,0,eGFP5
779,17:06:44,0.084,0.709,0,0,eGFP5
780,17:06:46,0.039,1.630,0,0,eGFP5
781,17:06:46,0.106,0.775,0,0,eGFP5
782,17:06:47,0.172,0.853,0,0,eGFP5
783,17:07:06,0.719,19.021,0,0,eGFP5
784,17:07:07,0.052,0.809,0,0,eGFP5
785,17:07:08,0.094,0.731,0,0,eGFP5
786,17:07:08,0.039,0.489,0,0,eGFP5
787,17:07:09,0.050,0.994,0,0,eGFP5
788,17:07:10,0.050,0.566,0,0,eGFP5
789,17:07:11,0.050,1.312,0,0,eGFP5
790,17:07:13,0.107,1.632,0,0,eGFP5
791,17:07:13,0.051,0.610,0,0,eGFP5
792,17:07:14,0.062,0.621,0,0,eGFP5
793,17:07:15,0.051,0.522,0,0,eGFP5
794,17:07:15,0.051,0.611,0,0,eGFP5
795,17:07:16,0.061,0.708,0,0,eGFP5
796,17:07:16,0.051,0.545,0,0,eGFP5
797,17:07:17,0.050,0.785,0,0,eGFP5
798,17:07:18,0.052,0.568,0,0,eGFP5
799,17:07:19,0.041,0.831,0,0,eGFP5
800,17:07:19,0.073,0.654,0,0,eGFP5
801,17:07:20,0.040,0.622,0,0,eGFP5
802,17:07:21,0.072,0.807,0,0,eGFP5
803,17:07:21,0.051,0.534,0,0,eGFP5
804,17:07:22,0.050,0.851,0,0,eGFP5
805,17:07:23,0.073,0.654,0,0,eGFP5
806,17:07:23,0.040,0.622,0,0,eGFP5
807,17:07:24,0.085,1.029,0,0,eGFP5
808,17:07:25,0.061,0.676,0,0,eGFP5
809,17:07:26,0.039,0.632,0,0,eGFP5
810,17:07:26,0.116,0.468,0,0,eGFP5
811,17:07:27,0.138,1.169,0,0,eGFP5
812,17:07:28,0.064,0.623,0,0,eGFP5
813,17:07:29,0.051,0.600,0,0,eGFP5
814,17:07:30,0.072,1.126,0,0,eGFP5
815,17:07:31,0.118,1.731,0,0,eGFP5
816,17:07:32,0.051,0.687,0,0,eGFP5
817,17:07:33,0.073,0.676,0,0,eGFP5
818,17:07:33,0.040,0.534,0,0,eGFP5
819,17:07:34,0.051,1.038,0,0,eGFP5
820,17:07:35,0.074,0.623,0,0,eGFP5
821,17:07:36,0.040,0.654,0,0,eGFP5
822,17:07:37,0.106,1.137,0,0,eGFP5
823,17:07:37,0.051,0.512,0,0,eGFP5
824,17:07:38,0.042,0.711,0,0,eGFP5
825,17:07:39,0.067,0.725,0,0,eGFP5
826,17:07:40,0.052,1.029,0,0,eGFP5
827,17:07:41,0.182,0.928,0,0,eGFP5
828,17:07:41,0.050,0.587,0,0,eGFP5
829,17:07:42,0.062,0.863,0,0,eGFP5
830,17:07:43,0.061,0.642,0,0,eGFP5
831,17:07:44,0.050,0.775,0,0,eGFP5
832,17:07:44,0.062,0.688,0,0,eGFP5
833,17:07:46,0.061,1.575,0,0,eGFP5
834,17:07:46,0.050,0.577,0,0,eGFP5
835,17:07:47,0.050,0.840,0,0,eGFP5
836,17:07:49,0.106,1.806,0,0,eGFP5
837,17:07:50,0.062,0.610,0,0,eGFP5
838,17:07:51,0.061,0.873,0,0,eGFP5
839,17:07:51,0.062,0.632,0,0,eGFP5
840,17:07:52,0.040,0.873,0,0,eGFP5
841,17:07:53,0.065,0.723,0,0,eGFP5
842,17:07:53,0.051,0.665,0,0,eGFP5
843,17:07:56,0.061,2.322,0,0,eGFP5
844,17:07:56,0.050,0.533,0,0,eGFP5
845,17:07:57,0.039,0.884,0,0,eGFP5
846,17:07:58,0.204,1.137,0,0,eGFP5
847,17:07:59,0.039,0.555,0,0,eGFP5
848,17:08:00,0.050,0.906,0,0,eGFP5
849,17:08:00,0.052,0.579,0,0,eGFP5
850,17:08:01,0.050,0.851,0,0,eGFP5
851,17:08:02,0.128,0.885,0,0,eGFP5
852,17:08:03,0.050,0.719,0,0,eGFP5
853,17:08:05,0.259,2.662,0,0,eGFP5
854,17:08:06,0.051,0.534,0,0,eGFP5
855,17:08:07,0.052,0.875,0,0,eGFP5
856,17:08:08,0.072,0.719,0,0,eGFP5
857,17:08:08,0.064,0.689,0,0,eGFP5
858,17:08:09,0.072,0.841,0,0,eGFP5
859,17:08:19,0.050,10.331,0,0,eGFP5
860,17:08:20,0.095,1.005,0,0,eGFP5
861,17:08:21,0.117,0.742,0,0,eGFP5
862,17:08:22,0.149,1.247,0,0,eGFP5
863,17:08:23,0.050,0.621,0,0,eGFP5
864,17:08:24,0.050,0.643,0,0,eGFP5
865,17:08:24,0.050,0.500,0,0,eGFP5
866,17:08:25,0.042,0.821,0,0,eGFP5
867,17:08:26,0.072,0.676,0,0,eGFP5
868,17:08:31,0.039,5.756,0,0,eGFP5
869,17:08:32,0.107,0.480,0,0,eGFP5
870,17:08:33,0.150,1.093,0,0,eGFP5
871,17:08:34,0.117,0.863,0,0,eGFP5
872,17:08:35,0.051,1.378,0,0,eGFP5
873,17:08:36,0.073,0.654,0,0,eGFP5
874,17:08:37,0.042,0.623,0,0,eGFP5
875,17:08:37,0.062,0.688,0,0,eGFP5
876,17:08:38,0.050,0.544,0,0,eGFP5
877,17:08:39,0.051,0.742,0,0,eGFP5
878,17:08:39,0.051,0.577,0,0,eGFP5
879,17:08:40,0.051,0.841,0,0,eGFP5
880,17:08:41,0.051,0.578,0,0,eGFP5
881,17:08:43,0.050,2.058,0,0,eGFP5
882,17:08:44,0.117,1.642,0,0,eGFP5
883,17:08:45,0.043,0.636,0,0,eGFP5
884,17:08:46,0.062,0.753,0,0,eGFP5
885,17:08:46,0.051,0.567,0,0,eGFP5
886,17:08:47,0.050,0.687,0,0,eGFP5
887,17:08:47,0.040,0.566,0,0,eGFP5
888,17:08:49,0.056,1.735,0,0,eGFP5
889,17:08:50,0.061,0.588,0,0,eGFP5
890,17:08:51,0.050,0.818,0,0,eGFP5
891,17:08:51,0.052,0.600,0,0,eGFP5
892,17:08:52,0.039,0.808,0,0,eGFP5
893,17:08:53,0.072,0.719,0,0,eGFP5
894,17:08:53,0.050,0.698,0,0,eGFP5
895,17:08:54,0.061,0.675,0,0,eGFP5
896,17:08:55,0.050,0.796,0,0,eGFP5
897,17:08:56,0.096,0.831,0,0,eGFP5
898,17:08:56,0.051,0.709,0,0,eGFP5
899,17:08:57,0.074,0.853,0,0,eGFP5
900,17:08:58,0.050,0.686,0,0,eGFP5
901,17:08:59,0.095,1.159,0,0,eGFP5
902,17:09:01,0.050,1.883,0,0,eGFP5
903,17:09:02,0.061,0.599,0,0,eGFP5
904,17:09:02,0.039,0.621,0,0,eGFP5
905,17:09:03,0.061,0.730,0,0,eGFP5
906,17:09:04,0.051,0.720,0,0,eGFP5
907,17:09:04,0.072,0.807,0,0,eGFP5
908,17:09:07,0.052,2.203,0,0,eGFP5
909,17:09:07,0.050,0.566,0,0,eGFP5
910,17:09:08,0.051,0.775,0,0,eGFP5
911,17:09:09,0.061,0.643,0,0,eGFP5
912,17:09:09,0.044,0.691,0,0,eGFP5
913,17:09:12,0.084,2.355,0,0,eGFP5
914,17:09:12,0.050,0.577,0,0,eGFP5
915,17:09:14,0.061,1.532,0,0,eGFP5
916,17:09:14,0.041,0.546,0,0,eGFP5
917,17:09:15,0.039,1.027,0,0,eGFP5
918,17:09:16,0.083,0.697,0,0,eGFP5
919,17:09:17,0.040,1.379,0,0,eGFP5
920,17:09:18,0.072,0.686,0,0,eGFP5
921,17:09:19,0.051,1.214,0,0,eGFP5
922,17:09:20,0.062,0.621,0,0,eGFP5
923,17:09:21,0.040,0.720,0,0,eGFP5
924,17:09:21,0.072,0.764,0,0,eGFP5
925,17:09:22,0.052,0.699,0,0,eGFP5
926,17:09:23,0.063,0.755,0,0,eGFP5
927,17:09:24,0.050,0.687,0,0,eGFP5
928,17:09:25,0.072,0.928,0,0,eGFP5
929,17:09:25,0.062,0.929,0,0,eGFP5
930,17:09:26,0.116,0.917,0,0,eGFP5
931,17:09:27,0.095,0.578,0,0,eGFP5
932,17:09:28,0.116,1.049,0,0,eGFP5
933,17:09:29,0.074,0.743,0,0,eGFP5
934,17:09:29,0.051,0.611,0,0,eGFP5
935,17:09:30,0.072,1.005,0,0,eGFP5
936,17:09:31,0.062,0.643,0,0,eGFP5
937,17:09:32,0.051,0.874,0,0,eGFP5
938,17:09:33,0.062,0.621,0,0,eGFP5
939,17:09:33,0.062,0.874,0,0,eGFP5
940,17:09:34,0.053,0.623,0,0,eGFP5
941,17:09:35,0.053,1.106,0,0,eGFP5
942,17:09:36,0.084,0.731,0,0,eGFP5
943,17:09:37,0.051,0.797,0,0,eGFP5
944,17:09:38,0.106,0.918,0,0,eGFP5
945,17:09:38,0.051,0.742,0,0,eGFP5
946,17:09:39,0.117,1.016,0,0,eGFP5
947,17:09:40,0.051,0.731,0,0,eGFP5
948,17:09:41,0.128,1.138,0,0,eGFP5
949,17:27:28,0.050,1067.327,0,0,eGFP5
950,17:27:30,0.075,1.084,0,0,eGFP5
951,17:27:31,0.068,1.747,0,0,eGFP5
952,17:27:32,0.105,0.829,0,0,eGFP5
953,17:27:33,0.061,1.290,0,0,eGFP5
954,17:27:34,0.063,0.644,0,0,eGFP5
955,17:27:35,0.094,0.599,0,0,eGFP5
956,17:27:35,0.171,0.566,0,0,eGFP5
957,17:27:36,0.149,0.895,0,0,eGFP5
958,17:27:38,0.063,1.752,0,0,eGFP5
959,17:27:39,0.051,0.753,0,0,eGFP5
960,17:27:40,0.149,1.191,0,0,eGFP5
961,17:27:42,0.051,1.751,0,0,eGFP5
962,17:27:42,0.073,0.786,0,0,eGFP5
963,17:27:43,0.083,0.895,0,0,eGFP5
964,17:27:44,0.050,0.753,0,0,eGFP5
965,17:27:45,0.105,0.983,0,0,eGFP5
966,17:27:46,0.039,0.785,0,0,eGFP5
967,17:27:47,0.535,1.446,0,0,eGFP5
968,17:27:49,0.052,1.456,0,0,eGFP5
969,17:27:51,0.051,2.125,0,0,eGFP5
970,17:27:52,0.138,1.279,0,0,eGFP5
971,17:27:53,0.050,0.884,0,0,eGFP5
972,17:27:54,0.139,1.170,0,0,eGFP5
973,17:27:55,0.061,0.676,0,0,eGFP5
974,17:27:56,0.061,1.115,0,0,eGFP5
975,17:27:57,0.074,0.743,0,0,eGFP5
976,17:27:57,0.051,0.742,0,0,eGFP5
977,17:28:01,0.116,3.419,0,0,eGFP5
978,17:28:02,0.072,1.126,0,0,eGFP5
979,17:28:04,0.061,2.486,0,0,eGFP5
980,17:28:05,0.062,0.632,0,0,eGFP5
981,17:28:06,0.051,0.753,0,0,eGFP5
982,17:28:07,0.084,0.764,0,0,eGFP5
983,17:28:07,0.054,0.646,0,0,eGFP5
984,17:28:09,0.084,1.423,0,0,eGFP5
985,17:28:09,0.072,0.676,0,0,eGFP5
986,17:28:10,0.061,0.972,0,0,eGFP5
987,17:28:11,0.062,0.610,0,0,eGFP5
988,17:28:12,0.051,0.742,0,0,eGFP5
989,17:28:12,0.051,0.589,0,0,eGFP5
990,17:28:14,0.061,1.466,0,0,eGFP5
991,17:28:16,0.072,2.618,0,0,eGFP5
992,17:28:17,0.041,0.733,0,0,eGFP5
993,17:28:18,0.204,1.345,0,0,eGFP5
994,17:28:19,0.040,0.577,0,0,eGFP5
995,17:28:20,0.062,0.984,0,0,eGFP5
996,17:28:21,0.062,0.665,0,0,eGFP5
997,17:28:21,0.053,0.799,0,0,eGFP5
998,17:28:22,0.061,0.698,0,0,eGFP5
999,17:28:23,0.040,0.709,0,0,eGFP5
1000,17:28:24,0.118,1.106,0,0,eGFP5
1001,17:28:25,0.051,0.588,0,0,eGFP5
1002,17:28:26,0.051,1.082,0,0,eGFP5
1003,17:28:26,0.051,0.655,0,0,eGFP5
1004,17:28:27,0.084,0.621,0,0,eGFP5
1005,17:28:30,0.161,3.463,0,0,eGFP5
1006,17:28:32,0.062,1.511,0,0,eGFP5
1007,17:28:33,0.073,0.665,0,0,eGFP5
1008,17:28:33,0.042,0.799,0,0,eGFP5
1009,17:28:34,0.073,0.687,0,0,eGFP5
1010,17:28:36,0.040,1.971,0,0,eGFP5
1011,17:28:37,0.053,0.601,0,0,eGFP5
1012,17:28:37,0.051,0.688,0,0,eGFP5
1013,17:28:38,0.073,0.698,0,0,eGFP5
1014,17:28:39,0.051,0.698,0,0,eGFP5
1015,17:28:40,0.100,0.890,0,0,eGFP5
1016,17:28:40,0.050,0.654,0,0,eGFP5
1017,17:28:48,0.161,7.304,0,0,eGFP5
1018,17:28:51,0.061,3.254,0,0,eGFP5
1019,17:29:39,0.138,47.945,0,0,eGFP5
1020,17:29:40,0.072,0.785,0,0,eGFP5
1021,17:29:40,0.061,0.829,0,0,eGFP5
1022,17:29:41,0.062,0.786,0,0,eGFP5
1023,17:29:43,0.061,1.477,0,0,eGFP5
1024,17:29:43,0.061,0.610,0,0,eGFP5
1025,17:29:44,0.042,0.679,0,0,eGFP5
1026,17:29:45,0.061,0.620,0,0,eGFP5
1027,17:29:45,0.051,0.665,0,0,eGFP5
1028,17:29:46,0.105,0.917,0,0,eGFP5
1029,17:29:47,0.051,0.643,0,0,eGFP5
1030,17:29:48,0.072,0.917,0,0,eGFP5
1031,17:29:48,0.040,0.544,0,0,eGFP5
1032,17:29:49,0.051,1.236,0,0,eGFP5
1033,17:29:52,0.271,2.729,0,0,eGFP5
1034,17:29:53,0.083,0.698,0,0,eGFP5
1035,17:29:54,0.050,0.742,0,0,eGFP5
1036,17:29:54,0.061,0.599,0,0,eGFP5
1037,17:29:55,0.050,1.059,0,0,eGFP5
1038,17:29:57,0.074,1.259,0,0,eGFP5
1039,17:30:01,0.194,3.968,0,0,eGFP5
1040,17:30:01,0.051,0.753,0,0,eGFP5
1041,17:30:02,0.085,0.765,0,0,eGFP5
1042,17:30:04,0.040,1.960,0,0,eGFP5
1043,17:30:05,0.061,0.643,0,0,eGFP5
1044,17:30:05,0.050,0.687,0,0,eGFP5
1045,17:30:06,0.072,0.632,0,0,eGFP5
1046,17:30:07,0.039,0.763,0,0,eGFP5
1047,17:30:07,0.095,0.775,0,0,eGFP5
1048,17:30:08,0.051,0.621,0,0,eGFP5
1049,17:30:09,0.073,0.775,0,0,eGFP5
1050,17:30:10,0.052,0.744,0,0,eGFP5
1051,17:30:13,0.215,3.473,0,0,eGFP5
1052,17:30:14,0.053,0.656,0,0,eGFP5
1053,17:30:15,0.084,1.148,0,0,eGFP5
1054,17:30:16,0.062,1.126,0,0,eGFP5
1055,17:30:17,0.073,0.687,0,0,eGFP5
1056,17:30:17,0.040,0.665,0,0,eGFP5
1057,17:30:18,0.128,1.027,0,0,eGFP5
1058,17:30:19,0.053,0.612,0,0,eGFP5
1059,17:30:20,0.084,0.951,0,0,eGFP5
1060,17:30:21,0.050,0.577,0,0,eGFP5
1061,17:30:22,0.062,0.983,0,0,eGFP5
1062,17:30:22,0.051,0.589,0,0,eGFP5
1063,17:30:23,0.051,0.819,0,0,eGFP5
1064,17:30:23,0.050,0.533,0,0,eGFP5
1065,17:30:25,0.040,1.236,0,0,eGFP5
1066,17:30:25,0.087,0.691,0,0,eGFP5
1067,17:30:27,0.039,1.192,0,0,eGFP5
1068,17:30:27,0.083,0.709,0,0,eGFP5
1069,17:30:28,0.051,0.808,0,0,eGFP5
1070,17:30:29,0.084,0.687,0,0,eGFP5
1071,17:30:40,0.062,10.990,0,0,eGFP5
1072,17:30:40,0.150,0.413,0,0,eGFP5
1073,17:30:41,0.161,0.885,0,0,eGFP5
1074,17:30:42,0.078,0.836,0,0,eGFP5
1075,17:30:43,0.105,1.378,0,0,eGFP5
1076,17:30:46,0.084,2.564,0,0,eGFP5
1077,17:30:46,0.100,0.539,0,0,eGFP5
1078,17:30:47,0.127,1.060,0,0,eGFP5
1079,17:30:48,0.127,0.664,0,0,eGFP5
1080,17:30:49,0.162,0.645,0,0,eGFP5
1081,17:30:50,0.105,0.807,0,0,eGFP5
1082,17:30:50,0.050,0.785,0,0,eGFP5
1083,17:30:51,0.074,0.699,0,0,eGFP5
1084,17:30:52,0.051,0.566,0,0,eGFP5
1085,17:30:52,0.051,0.874,0,0,eGFP5
1086,17:30:54,0.083,1.180,0,0,eGFP5
1087,17:30:54,0.061,0.676,0,0,eGFP5
1088,17:30:55,0.083,0.906,0,0,eGFP5
1089,17:30:56,0.050,0.566,0,0,eGFP5
1090,17:30:56,0.051,0.665,0,0,eGFP5
1091,17:30:57,0.041,0.612,0,0,eGFP5
1092,17:30:58,0.072,0.763,0,0,eGFP5
1093,17:30:58,0.160,0.621,0,0,eGFP5
1094,17:30:59,0.107,0.754,0,0,eGFP5
1095,17:31:00,0.051,0.545,0,0,eGFP5
1096,17:31:01,0.061,0.972,0,0,eGFP5
1097,17:31:01,0.050,0.566,0,0,eGFP5
1098,17:31:04,0.072,2.914,0,0,eGFP5
1099,17:31:05,0.063,0.612,0,0,eGFP5
1100,17:31:06,0.050,0.884,0,0,eGFP5
1101,17:31:06,0.073,0.665,0,0,eGFP5
1102,17:31:08,0.073,1.192,0,0,eGFP5
1103,17:31:08,0.116,0.797,0,0,eGFP5
1104,17:31:09,0.083,0.665,0,0,eGFP5
1105,17:31:10,0.050,0.676,0,0,eGFP5
1106,17:31:10,0.050,0.643,0,0,eGFP5
1107,17:31:11,0.041,0.732,0,0,eGFP5
1108,17:31:12,0.085,0.733,0,0,eGFP5
1109,17:31:12,0.039,0.588,0,0,eGFP5
1110,17:31:13,0.083,0.884,0,0,eGFP5
1111,17:31:14,0.051,0.600,0,0,eGFP5
1112,17:31:15,0.061,0.687,0,0,eGFP5
1113,17:31:15,0.050,0.698,0,0,eGFP5
1114,17:31:16,0.061,0.709,0,0,eGFP5
1115,17:31:17,0.050,0.676,0,0,eGFP5
1116,17:31:17,0.052,0.798,0,0,eGFP5
1117,17:31:18,0.051,0.720,0,0,eGFP5
1118,17:31:19,0.610,1.214,0,0,eGFP5
1119,17:31:21,0.127,1.159,0,0,eGFP5
1120,17:31:21,0.062,0.654,0,0,eGFP5
1121,17:31:22,0.042,0.777,0,0,eGFP5
1122,17:31:23,0.105,0.808,0,0,eGFP5
1123,17:31:23,0.160,0.676,0,0,eGFP5
1124,17:31:24,0.129,0.831,0,0,eGFP5
1125,17:31:25,0.040,0.633,0,0,eGFP5
1126,17:31:26,0.061,0.862,0,0,eGFP5
1127,17:31:27,0.073,0.742,0,0,eGFP5
1128,17:31:27,0.051,0.611,0,0,eGFP5
1129,17:31:31,0.062,4.077,0,0,eGFP5
1130,17:31:33,0.051,1.719,0,0,eGFP5
1131,17:31:36,0.084,2.597,0,0,eGFP5
1132,17:31:36,0.052,0.656,0,0,eGFP5
1133,17:31:37,0.073,0.731,0,0,eGFP5
1134,17:31:38,0.182,0.566,0,0,eGFP5
1135,17:31:38,0.152,0.964,0,0,eGFP5
1136,17:31:39,0.073,0.907,0,0,eGFP5
1137,17:31:40,0.062,0.928,0,0,eGFP5
1138,17:31:41,0.128,1.192,0,0,eGFP5
1139,17:31:43,0.073,1.028,0,0,eGFP5
1140,17:31:44,0.382,1.216,0,0,eGFP5
1141,17:31:45,0.077,1.460,0,0,eGFP5
1142,17:31:46,0.061,0.730,0,0,eGFP5
1143,17:31:47,0.073,0.939,0,0,eGFP5
1144,17:31:48,0.073,0.764,0,0,eGFP5
1145,17:31:48,0.061,0.730,0,0,eGFP5
1146,17:31:49,0.084,0.950,0,0,eGFP5
1147,17:31:50,0.051,0.753,0,0,eGFP5
1148,17:31:51,0.072,0.961,0,0,eGFP5
1149,17:31:53,0.064,2.072,0,0,eGFP5
1150,17:31:55,0.073,1.510,0,0,eGFP5
1151,17:31:57,0.061,2.124,0,0,eGFP5
1152,17:31:57,0.061,0.632,0,0,eGFP5
1153,17:31:59,0.050,2.135,0,0,eGFP5
1154,17:32:00,0.050,0.742,0,0,eGFP5
1155,17:32:01,0.116,0.928,0,0,eGFP5
1156,17:32:02,0.050,0.719,0,0,eGFP5
1157,17:32:03,0.118,1.084,0,0,eGFP5
1158,17:32:04,0.050,0.807,0,0,eGFP5
1159,17:32:05,0.150,1.038,0,0,eGFP5
1160,17:32:06,0.051,1.532,0,0,eGFP5
1161,17:32:08,0.061,1.488,0,0,eGFP5
1162,17:32:08,0.072,0.654,0,0,eGFP5
1163,17:32:09,0.052,0.776,0,0,eGFP5
1164,17:32:10,0.094,0.840,0,0,eGFP5
1165,17:32:11,0.064,0.645,0,0,eGFP5
1166,17:32:12,0.061,0.841,0,0,eGFP5
1167,17:32:12,0.061,0.643,0,0,eGFP5
1168,17:32:13,0.050,0.796,0,0,eGFP5
1169,17:32:14,0.062,0.676,0,0,eGFP5
1170,17:32:14,0.051,0.698,0,0,eGFP5
1171,17:32:15,0.084,0.852,0,0,eGFP5
1172,17:32:18,0.050,2.596,0,0,eGFP5
1173,17:32:19,0.050,0.654,0,0,eGFP5
1174,17:32:23,0.115,4.076,0,0,eGFP5
1175,17:32:23,0.182,0.884,0,0,eGFP5
1176,17:32:24,0.095,0.775,0,0,eGFP5
1177,17:32:25,0.063,0.941,0,0,eGFP5
1178,17:32:26,0.051,0.654,0,0,eGFP5
1179,17:32:27,0.062,1.093,0,0,eGFP5
1180,17:32:28,0.084,0.731,0,0,eGFP5
1181,17:32:30,0.051,2.212,0,0,eGFP5
1182,17:32:31,0.064,0.656,0,0,eGFP5
1183,17:32:31,0.062,0.819,0,0,eGFP5
1184,17:32:32,0.051,0.588,0,0,eGFP5
1185,17:32:33,0.051,0.764,0,0,eGFP5
1186,17:32:33,0.062,0.578,0,0,eGFP5
1187,17:32:34,0.050,0.917,0,0,eGFP5
1188,17:32:35,0.139,0.863,0,0,eGFP5
1189,17:32:36,0.048,0.772,0,0,eGFP5
1190,17:32:37,0.140,0.886,0,0,eGFP5
1191,17:32:37,0.052,0.633,0,0,eGFP5
1192,17:32:38,0.083,0.895,0,0,eGFP5
1193,17:32:39,0.050,0.555,0,0,eGFP5
1194,17:32:40,0.050,0.785,0,0,eGFP5
1195,17:32:40,0.062,0.610,0,0,eGFP5
1196,17:32:42,0.050,1.378,0,0,eGFP5
1197,17:32:42,0.094,0.709,0,0,eGFP5
1198,17:32:43,0.051,0.743,0,0,eGFP5
1199,17:32:44,0.105,0.818,0,0,eGFP5
1200,17:32:45,0.050,0.851,0,0,eGFP5
1201,17:32:46,0.083,0.862,0,0,eGFP5
1202,17:32:46,0.062,0.862,0,0,eGFP5
1203,17:32:47,0.073,0.950,0,0,eGFP5
1204,17:32:50,0.106,2.344,0,0,eGFP5
1205,17:32:51,0.082,1.003,0,0,eGFP5
1206,17:32:54,0.095,3.606,0,0,eGFP5
1207,17:33:04,0.172,9.257,0,0,eGFP5
1208,17:33:05,0.237,1.905,0,0,eGFP5
1209,17:33:06,0.116,0.797,0,0,eGFP5
1210,17:33:07,0.050,0.719,0,0,eGFP5
1211,17:33:08,0.062,0.610,0,0,eGFP5
1212,17:33:08,0.051,0.852,0,0,eGFP5
1213,17:33:09,0.061,0.631,0,0,eGFP5
1214,17:33:10,0.051,0.578,0,0,eGFP5
1215,17:33:11,0.052,0.940,0,0,eGFP5
1216,17:33:11,0.051,0.643,0,0,eGFP5
1217,17:33:12,0.051,0.676,0,0,eGFP5
1218,17:33:12,0.052,0.568,0,0,eGFP5
1219,17:33:13,0.039,0.621,0,0,eGFP5
1220,17:33:14,0.061,0.764,0,0,eGFP5
1221,17:33:14,0.050,0.511,0,0,eGFP5
1222,17:33:16,0.039,1.213,0,0,eGFP5
1223,17:33:16,0.075,0.634,0,0,eGFP5
1224,17:33:17,0.051,0.950,0,0,eGFP5
1225,17:33:18,0.150,0.885,0,0,eGFP5
1226,17:33:19,0.050,0.643,0,0,eGFP5
1227,17:33:20,0.083,0.796,0,0,eGFP5
1228,17:33:20,0.051,0.665,0,0,eGFP5
1229,17:33:21,0.073,0.786,0,0,eGFP5
1230,17:33:22,0.040,0.632,0,0,eGFP5
1231,17:33:23,0.096,1.238,0,0,eGFP5
1232,17:33:23,0.052,0.666,0,0,eGFP5
1233,17:33:27,0.084,3.606,0,0,eGFP5
1234,17:33:28,0.062,0.621,0,0,eGFP5
1235,17:33:28,0.051,0.720,0,0,eGFP5
1236,17:33:29,0.051,0.577,0,0,eGFP5
1237,17:33:30,0.040,0.731,0,0,eGFP5
1238,17:33:31,0.073,0.753,0,0,eGFP5
1239,17:33:31,0.040,0.698,0,0,eGFP5
1240,17:33:32,0.108,0.634,0,0,eGFP5
1241,17:33:33,0.786,1.521,0,0,eGFP5
1242,17:33:34,0.051,0.589,0,0,eGFP5
1243,17:33:35,0.050,0.753,0,0,eGFP5
1244,17:33:35,0.050,0.555,0,0,eGFP5
1245,17:33:36,0.051,1.005,0,0,eGFP5
1246,17:33:37,0.086,0.755,0,0,eGFP5
1247,17:33:38,0.051,0.632,0,0,eGFP5
1248,17:33:39,0.064,0.887,0,0,eGFP5
1249,17:33:39,0.073,0.775,0,0,eGFP5
1250,17:33:42,0.073,2.750,0,0,eGFP5
1251,17:33:43,0.084,0.720,0,0,eGFP5
1252,17:33:43,0.040,0.698,0,0,eGFP5
1253,17:33:46,0.089,2.261,0,0,eGFP5
1254,17:33:51,0.467,4.889,0,0,eGFP5
1255,17:33:52,0.720,1.521,0,0,eGFP5
1256,17:33:53,0.051,0.633,0,0,eGFP5
1257,17:33:53,0.061,0.664,0,0,eGFP5
1258,17:33:54,0.040,0.599,0,0,eGFP5
1259,17:33:55,0.072,1.093,0,0,eGFP5
1260,17:33:56,0.052,0.743,0,0,eGFP5
1261,17:34:00,1.081,3.791,0,0,eGFP5
1262,17:34:01,0.051,1.203,0,0,eGFP5
1263,17:34:02,0.149,0.851,0,0,eGFP5
1264,17:34:03,0.052,1.171,0,0,eGFP5
1265,17:34:04,0.105,0.774,0,0,eGFP5
1266,17:34:04,0.051,0.632,0,0,eGFP5
1267,17:34:05,0.072,0.939,0,0,eGFP5
1268,17:34:06,0.061,0.687,0,0,eGFP5
1269,17:34:10,0.050,3.660,0,0,eGFP5
1270,17:34:10,0.072,0.654,0,0,eGFP5
1271,17:34:11,0.050,0.917,0,0,eGFP5
1272,17:34:12,0.061,0.621,0,0,eGFP5
1273,17:34:13,0.052,0.897,0,0,eGFP5
1274,17:34:13,0.062,0.710,0,0,eGFP5
1275,17:34:14,0.050,0.873,0,0,eGFP5
1276,17:34:15,0.094,0.709,0,0,eGFP5
1277,17:34:16,0.039,0.610,0,0,eGFP5
1278,17:34:27,0.072,11.187,0,0,eGFP5
1279,17:34:28,0.248,1.356,0,0,eGFP5
1280,17:34:29,0.072,1.049,0,0,eGFP5
1281,17:34:30,0.085,0.897,0,0,eGFP5
1282,17:34:32,0.072,2.387,0,0,eGFP5
1283,17:34:34,0.062,2.026,0,0,eGFP5
1284,17:34:35,0.072,0.632,0,0,eGFP5
1285,17:34:36,0.050,0.774,0,0,eGFP5
1286,17:34:37,0.062,0.621,0,0,eGFP5
1287,17:34:37,0.040,0.962,0,0,eGFP5
1288,17:34:38,0.092,0.685,0,0,eGFP5
1289,17:34:39,0.052,0.689,0,0,eGFP5
1290,17:34:39,0.061,0.599,0,0,eGFP5
1291,17:34:40,0.039,0.544,0,0,eGFP5
1292,17:34:41,0.061,0.961,0,0,eGFP5
1293,17:34:42,0.051,0.566,0,0,eGFP5
1294,17:34:42,0.062,0.962,0,0,eGFP5
1295,17:34:43,0.050,0.588,0,0,eGFP5
1296,17:34:44,0.040,0.830,0,0,eGFP5
1297,17:34:45,0.074,0.622,0,0,eGFP5
1298,17:34:45,0.040,0.687,0,0,eGFP5
1299,17:34:47,0.194,1.423,0,0,eGFP5
1300,17:34:47,0.061,0.807,0,0,eGFP5
1301,17:34:49,0.085,1.084,0,0,eGFP5
1302,17:34:49,0.095,0.874,0,0,eGFP5
1303,17:34:51,0.061,1.345,0,0,eGFP5
1304,17:34:51,0.073,0.676,0,0,eGFP5
1305,17:34:52,0.051,0.907,0,0,eGFP5
1306,17:34:54,0.195,1.193,0,0,eGFP5
1307,17:34:54,0.051,0.545,0,0,eGFP5
1308,17:34:55,0.050,0.840,0,0,eGFP5
1309,17:34:56,0.062,0.611,0,0,eGFP5
1310,17:34:56,0.039,0.654,0,0,eGFP5
1311,17:34:57,0.083,0.786,0,0,eGFP5
1312,17:34:58,0.050,0.566,0,0,eGFP5
1313,17:34:58,0.084,0.797,0,0,eGFP5
1314,17:34:59,0.437,1.183,0,0,eGFP5
1315,17:35:00,0.052,0.568,0,0,eGFP5
1316,17:35:01,0.067,0.846,0,0,eGFP5
1317,17:35:02,0.050,0.818,0,0,eGFP5
1318,17:35:02,0.083,0.752,0,0,eGFP5
1319,17:35:03,0.039,0.566,0,0,eGFP5
1320,17:35:04,0.061,0.906,0,0,eGFP5
1321,17:35:05,0.050,0.588,0,0,eGFP5
1322,17:35:05,0.051,0.764,0,0,eGFP5
1323,17:35:06,0.062,0.632,0,0,eGFP5
1324,17:35:07,0.050,0.807,0,0,eGFP5
1325,17:35:07,0.083,0.720,0,0,eGFP5
1326,17:35:11,0.050,3.100,0,0,eGFP5
1327,17:35:11,0.050,0.621,0,0,eGFP5
1328,17:35:12,0.050,0.763,0,0,eGFP5
1329,17:35:13,0.052,0.656,0,0,eGFP5
1330,17:35:14,0.051,1.083,0,0,eGFP5
1331,17:35:14,0.083,0.763,0,0,eGFP5
1332,17:35:15,0.051,0.709,0,0,eGFP5
1333,17:35:16,0.072,0.851,0,0,eGFP5
1334,17:35:17,0.051,0.577,0,0,eGFP5
1335,17:35:18,0.073,1.093,0,0,eGFP5
1336,17:35:18,0.061,0.610,0,0,eGFP5
1337,17:35:19,0.050,0.906,0,0,eGFP5
1338,17:35:20,0.083,0.731,0,0,eGFP5
1339,17:35:21,0.052,0.754,0,0,eGFP5
1340,17:35:22,0.106,0.907,0,0,eGFP5
1341,17:35:23,0.050,1.915,0,0,eGFP5
1342,17:35:24,0.061,0.621,0,0,eGFP5
1343,17:35:25,0.041,0.853,0,0,eGFP5
1344,17:35:26,0.105,0.819,0,0,eGFP5
1345,17:35:27,0.072,1.531,0,0,eGFP5
1346,17:35:28,0.040,0.567,0,0,eGFP5
1347,17:35:29,0.052,0.973,0,0,eGFP5
1348,17:35:30,0.062,0.764,0,0,eGFP5
1349,17:35:32,0.062,1.894,0,0,eGFP5
1350,17:35:33,0.139,1.137,0,0,eGFP5
1351,17:35:34,0.347,1.345,0,0,eGFP5
1352,17:35:35,0.073,1.072,0,0,eGFP5
1353,17:35:38,1.279,2.442,0,0,eGFP5
1354,17:35:38,0.051,0.632,0,0,eGFP5
1355,17:35:39,0.064,0.678,0,0,eGFP5
1356,17:35:39,0.040,0.599,0,0,eGFP5
1357,17:35:40,0.064,0.777,0,0,eGFP5
1358,17:35:41,0.040,0.523,0,0,eGFP5
1359,17:35:42,0.050,1.115,0,0,eGFP5
1360,17:35:42,0.061,0.643,0,0,eGFP5
1361,17:35:43,0.040,0.654,0,0,eGFP5
1362,17:35:45,0.062,1.653,0,0,eGFP5
1363,17:35:46,0.074,0.721,0,0,eGFP5
1364,17:35:48,0.062,2.904,0,0,eGFP5
1365,17:35:49,0.095,0.808,0,0,eGFP5
1366,17:35:50,0.050,0.720,0,0,eGFP5
1367,17:35:51,0.051,0.676,0,0,eGFP5
1368,17:35:52,0.051,0.950,0,0,eGFP5
1369,17:35:53,0.117,1.324,0,0,eGFP5
1370,17:35:54,0.062,0.665,0,0,eGFP5
1371,17:35:54,0.086,0.942,0,0,eGFP5
1372,17:35:55,0.063,0.721,0,0,eGFP5
1373,17:35:56,0.073,0.929,0,0,eGFP5
1374,17:35:57,0.073,0.951,0,0,eGFP5
1375,17:35:59,0.073,1.697,0,0,eGFP5
1376,17:36:00,0.062,0.797,0,0,eGFP5
1377,17:36:00,0.073,0.731,0,0,eGFP5
1378,17:36:01,0.051,0.874,0,0,eGFP5
1379,17:36:02,0.092,0.871,0,0,eGFP5
1380,17:36:03,0.063,1.215,0,0,eGFP5
1381,17:36:08,0.127,4.977,0,0,eGFP5
1382,17:36:09,0.061,0.906,0,0,eGFP5
1383,17:36:10,0.237,1.213,0,0,eGFP5
1384,17:36:11,0.052,0.721,0,0,eGFP5
1385,17:36:12,0.072,0.983,0,0,eGFP5
1386,17:36:13,0.061,0.731,0,0,eGFP5
1387,17:36:15,0.072,2.113,0,0,eGFP5
1388,17:36:16,0.052,0.611,0,0,eGFP5
1389,17:36:16,0.062,0.808,0,0,eGFP5
1390,17:36:17,0.050,0.621,0,0,eGFP5
1391,17:36:18,0.061,1.136,0,0,eGFP5
1392,17:36:19,0.051,0.577,0,0,eGFP5
1393,17:36:20,0.051,0.961,0,0,eGFP5
1394,17:36:20,0.062,0.610,0,0,eGFP5
1395,17:36:25,0.051,5.032,0,0,eGFP5
1396,17:36:26,0.085,1.029,0,0,eGFP5
1397,17:36:27,0.226,0.379,0,0,eGFP5
1398,17:36:29,0.239,2.675,0,0,eGFP5
1399,17:37:30,59.970,60.814,0,0,eGFP5
1400,17:37:32,0.216,1.368,0,0,eGFP5
1401,17:37:32,0.072,0.840,0,0,eGFP5
1402,17:37:33,0.073,0.786,0,0,eGFP5
1403,17:37:34,0.061,0.884,0,0,eGFP5
1404,17:37:35,0.073,0.753,0,0,eGFP5
1405,17:37:35,0.052,0.656,0,0,eGFP5
1406,17:37:36,0.050,0.730,0,0,eGFP5
1407,17:37:37,0.073,0.830,0,0,eGFP5
1408,17:37:38,0.061,0.654,0,0,eGFP5
1409,17:37:38,0.051,0.566,0,0,eGFP5
1410,17:37:39,0.062,0.830,0,0,eGFP5
1411,17:37:40,0.072,0.709,0,0,eGFP5
1412,17:37:40,0.052,0.557,0,0,eGFP5
1413,17:37:41,0.052,0.699,0,0,eGFP5
1414,17:37:42,0.051,0.589,0,0,eGFP5
1415,17:37:44,0.039,2.179,0,0,eGFP5
1416,17:37:44,0.051,0.544,0,0,eGFP5
1417,17:37:45,0.051,0.830,0,0,eGFP5
1418,17:37:46,0.204,1.071,0,0,eGFP5
1419,17:37:47,0.051,0.643,0,0,eGFP5
1420,17:37:48,0.051,0.808,0,0,eGFP5
1421,17:37:48,0.074,0.678,0,0,eGFP5
1422,17:37:49,0.040,0.753,0,0,eGFP5
1423,17:37:50,0.072,0.687,0,0,eGFP5
1424,17:37:54,0.051,4.154,0,0,eGFP5
1425,17:37:55,0.051,0.633,0,0,eGFP5
1426,17:37:55,0.052,0.546,0,0,eGFP5
1427,17:37:56,0.050,0.775,0,0,eGFP5
1428,17:37:57,0.083,0.764,0,0,eGFP5
1429,17:37:57,0.050,0.566,0,0,eGFP5
1430,17:37:58,0.071,0.861,0,0,eGFP5
1431,17:37:59,0.183,0.523,0,0,eGFP5
1432,17:37:59,0.139,0.819,0,0,eGFP5
1433,17:38:01,0.051,1.433,0,0,eGFP5
1434,17:38:02,0.073,0.644,0,0,eGFP5
1435,17:38:02,0.040,0.654,0,0,eGFP5
1436,17:38:03,0.084,0.764,0,0,eGFP5
1437,17:38:04,0.040,0.589,0,0,eGFP5
1438,17:38:05,0.063,1.084,0,0,eGFP5
1439,17:38:05,0.051,0.544,0,0,eGFP5
1440,17:38:06,0.053,0.645,0,0,eGFP5
1441,17:38:06,0.051,0.545,0,0,eGFP5
1442,17:38:07,0.040,0.940,0,0,eGFP5
1443,17:38:08,0.121,0.856,0,0,eGFP5
1444,17:38:10,0.050,1.422,0,0,eGFP5
1445,17:38:10,0.050,0.610,0,0,eGFP5
1446,17:38:11,0.052,0.852,0,0,eGFP5
1447,17:38:12,0.062,0.621,0,0,eGFP5
1448,17:38:14,0.051,2.388,0,0,eGFP5
1449,17:38:15,0.094,0.697,0,0,eGFP5
1450,17:38:15,0.040,0.577,0,0,eGFP5
1451,17:38:16,0.061,0.873,0,0,eGFP5
1452,17:38:17,0.051,0.544,0,0,eGFP5
1453,17:38:18,0.051,1.038,0,0,eGFP5
1454,17:38:18,0.051,0.588,0,0,eGFP5
1455,17:38:21,0.062,3.046,0,0,eGFP5
1456,17:38:22,0.083,0.665,0,0,eGFP5
1457,17:38:23,0.050,0.818,0,0,eGFP5
1458,17:38:24,0.062,0.643,0,0,eGFP5
1459,17:38:25,0.051,0.994,0,0,eGFP5
1460,17:38:25,0.117,0.797,0,0,eGFP5
1461,17:38:26,0.051,0.665,0,0,eGFP5
1462,17:38:28,0.511,1.740,0,0,eGFP5
1463,17:38:28,0.063,0.590,0,0,eGFP5
1464,17:38:29,0.040,0.610,0,0,eGFP5
1465,17:38:30,0.073,0.753,0,0,eGFP5
1466,17:38:30,0.050,0.577,0,0,eGFP5
1467,17:38:31,0.063,0.820,0,0,eGFP5
1468,17:38:32,0.040,0.523,0,0,eGFP5
1469,17:38:32,0.050,0.785,0,0,eGFP5
1470,17:38:33,0.073,0.654,0,0,eGFP5
1471,17:38:34,0.042,0.722,0,0,eGFP5
1472,17:38:35,0.083,0.829,0,0,eGFP5
1473,17:38:35,0.051,0.633,0,0,eGFP5
1474,17:38:36,0.083,1.016,0,0,eGFP5
1475,17:38:37,0.050,0.577,0,0,eGFP5
1476,17:38:38,0.062,0.841,0,0,eGFP5
1477,17:38:39,0.050,1.817,0,0,eGFP5
1478,17:38:40,0.073,0.632,0,0,eGFP5
1479,17:38:41,0.041,0.678,0,0,eGFP5
1480,17:38:42,0.094,0.939,0,0,eGFP5
1481,17:38:42,0.053,0.656,0,0,eGFP5
1482,17:38:43,0.084,0.852,0,0,eGFP5
1483,17:38:44,0.051,0.577,0,0,eGFP5
1484,17:38:46,0.062,2.487,0,0,eGFP5
1485,17:38:47,0.051,0.544,0,0,eGFP5
1486,17:38:48,0.040,0.907,0,0,eGFP5
1487,17:38:49,0.074,0.766,0,0,eGFP5
1488,17:38:49,0.072,0.906,0,0,eGFP5
1489,17:38:50,0.117,1.028,0,0,eGFP5
1490,17:38:51,0.050,0.983,0,0,eGFP5
1491,17:38:52,0.062,0.632,0,0,eGFP5
1492,17:38:53,0.062,1.061,0,0,eGFP5
1493,17:38:54,0.061,0.698,0,0,eGFP5
1494,17:38:55,0.084,1.148,0,0,eGFP5
1495,17:38:56,0.052,0.722,0,0,eGFP5
1496,17:38:57,0.140,1.314,0,0,eGFP5
1497,17:38:58,0.051,0.676,0,0,eGFP5
1498,17:38:59,0.073,0.962,0,0,eGFP5
1499,17:38:59,0.062,0.819,0,0,eGFP5
1500,17:39:02,0.084,2.432,0,0,eGFP5
1501,17:39:03,0.051,0.643,0,0,eGFP5
1502,17:39:04,0.062,0.973,0,0,eGFP5
1503,17:39:04,0.095,0.951,0,0,eGFP5
1504,17:39:05,0.074,0.799,0,0,eGFP5
1505,17:39:06,0.083,0.994,0,0,eGFP5
1506,17:39:08,0.264,1.373,0,0,eGFP5
1507,17:39:10,0.050,2.387,0,0,eGFP5
1508,17:39:11,0.061,0.687,0,0,eGFP5
1509,17:39:11,0.040,0.688,0,0,eGFP5
1510,17:39:12,0.094,0.884,0,0,eGFP5
1511,17:39:13,0.050,0.818,0,0,eGFP5
1512,17:39:17,0.096,3.772,0,0,eGFP5
1513,17:39:19,0.149,2.387,0,0,eGFP5
1514,17:39:20,0.094,1.104,0,0,eGFP5
1515,17:39:23,0.094,2.486,0,0,eGFP5
1516,17:39:26,0.138,2.826,0,0,eGFP5
1517,17:41:34,0.336,128.701,0,0,eGFP5
1518,17:41:35,0.061,0.676,0,0,eGFP5
1519,17:41:37,0.083,1.718,0,0,eGFP5
1520,17:41:37,0.052,0.622,0,0,eGFP5
1521,17:41:38,0.073,0.830,0,0,eGFP5
1522,17:41:39,0.050,0.621,0,0,eGFP5
1523,17:41:40,0.052,0.842,0,0,eGFP5
1524,17:41:40,0.039,0.621,0,0,eGFP5
1525,17:41:43,0.083,3.166,0,0,eGFP5
1526,17:41:45,0.654,1.400,0,0,eGFP5
1527,17:41:46,0.051,0.731,0,0,eGFP5
1528,17:41:46,0.072,0.665,0,0,eGFP5
1529,17:41:47,0.041,0.535,0,0,eGFP5
1530,17:41:48,0.061,0.851,0,0,eGFP5
1531,17:41:48,0.050,0.599,0,0,eGFP5
1532,17:41:49,0.094,0.851,0,0,eGFP5
1533,17:41:51,0.194,1.686,0,0,eGFP5
1534,17:41:51,0.050,0.632,0,0,eGFP5
1535,17:41:53,0.072,1.850,0,0,eGFP5
1536,17:41:54,0.052,0.612,0,0,eGFP5
1537,17:41:55,0.063,0.710,0,0,eGFP5
1538,17:41:55,0.040,0.512,0,0,eGFP5
1539,17:41:56,0.050,1.389,0,0,eGFP5
1540,17:41:57,0.050,0.599,0,0,eGFP5
1541,17:41:58,0.061,0.841,0,0,eGFP5
1542,17:41:59,0.050,0.588,0,0,eGFP5
1543,17:41:59,0.050,0.807,0,0,eGFP5
1544,17:42:00,0.051,0.578,0,0,eGFP5
1545,17:42:01,0.052,0.787,0,0,eGFP5
1546,17:42:01,0.051,0.578,0,0,eGFP5
1547,17:42:02,0.039,0.906,0,0,eGFP5
1548,17:42:03,0.073,0.687,0,0,eGFP5
1549,17:42:04,0.040,0.764,0,0,eGFP5
1550,17:42:05,0.283,1.183,0,0,eGFP5
1551,17:42:05,0.050,0.665,0,0,eGFP5
1552,17:42:06,0.072,0.786,0,0,eGFP5
1553,17:42:08,0.041,1.500,0,0,eGFP5
1554,17:42:09,0.117,0.819,0,0,eGFP5
1555,17:42:09,0.040,0.676,0,0,eGFP5
1556,17:42:10,0.073,0.830,0,0,eGFP5
1557,17:42:11,0.051,0.753,0,0,eGFP5
1558,17:42:12,0.139,1.016,0,0,eGFP5
1559,17:42:12,0.051,0.600,0,0,eGFP5
1560,17:42:14,0.062,1.049,0,0,eGFP5
1561,17:42:16,0.073,2.542,0,0,eGFP5
1562,17:42:17,0.052,0.546,0,0,eGFP5
1563,17:42:18,0.051,0.972,0,0,eGFP5
1564,17:42:22,0.142,4.454,0,0,eGFP5
1565,17:42:24,0.380,2.278,0,0,eGFP5
1566,17:42:28,0.183,3.562,0,0,eGFP5
1567,17:42:31,0.237,3.584,0,0,eGFP5
1568,17:42:34,0.281,2.640,0,0,eGFP5
1569,17:42:35,0.216,0.600,0,0,eGFP5
1570,17:42:36,0.342,0.825,0,0,eGFP5
1571,17:42:38,0.379,2.947,0,0,eGFP5
1572,17:42:42,0.160,3.737,0,0,eGFP5
1573,17:42:43,0.862,1.114,0,0,eGFP5
1574,17:42:46,0.489,3.002,0,0,eGFP5
1575,17:42:49,0.215,2.464,0,0,eGFP5
1576,17:42:50,0.160,0.983,0,0,eGFP5
1577,17:42:53,0.412,3.419,0,0,eGFP5
1578,17:42:58,0.306,4.519,0,0,eGFP5
1579,17:43:00,0.138,1.828,0,0,eGFP5
1580,17:43:01,0.127,1.850,0,0,eGFP5
1581,17:43:03,0.236,1.893,0,0,eGFP5
1582,17:43:05,0.138,1.510,0,0,eGFP5
1583,17:43:07,0.116,2.245,0,0,eGFP5
1584,17:43:08,0.116,1.158,0,0,eGFP5
1585,17:43:12,0.094,3.583,0,0,eGFP5
1586,17:43:16,0.140,4.518,0,0,eGFP5
1587,17:43:20,0.105,3.737,0,0,eGFP5
1588,17:43:24,0.336,4.055,0,0,eGFP5
1589,17:43:26,0.808,2.289,0,0,eGFP5
1590,17:43:27,0.116,1.104,0,0,eGFP5
1591,17:43:28,0.182,0.336,0,0,eGFP5
1592,17:43:29,0.216,1.489,0,0,eGFP5
1593,17:43:33,0.182,4.176,0,0,eGFP5
1594,17:43:38,0.237,4.790,0,0,eGFP5
1595,17:43:40,0.744,1.457,0,0,eGFP5
1596,17:43:44,0.632,4.066,0,0,eGFP5
1597,17:43:47,0.128,2.739,0,0,eGFP5
1598,17:43:49,0.128,2.048,0,0,eGFP5
1599,17:43:52,0.138,3.112,0,0,eGFP5
1600,17:43:53,0.171,1.488,0,0,eGFP5
1601,17:43:56,0.116,3.320,0,0,eGFP5
1602,17:45:50,0.204,114.009,0,0,eGFP5
1603,17:45:53,0.110,2.985,0,0,eGFP5
1604,17:45:55,0.095,1.236,0,0,eGFP5
1605,17:45:57,0.325,2.464,0,0,eGFP5
1606,17:45:58,0.151,1.292,0,0,eGFP5
1607,17:46:00,0.106,1.422,0,0,eGFP5
1608,17:46:02,0.578,1.971,0,0,eGFP5
1609,17:46:03,0.095,1.049,0,0,eGFP5
1610,17:46:05,0.095,2.289,0,0,eGFP5
1611,17:46:06,0.129,1.194,0,0,eGFP5
1612,17:46:08,0.105,1.192,0,0,eGFP5
1613,17:46:09,0.116,1.301,0,0,eGFP5
1614,17:46:10,0.128,1.423,0,0,eGFP5
1615,17:46:14,0.127,3.693,0,0,eGFP5
1616,17:46:15,0.161,1.346,0,0,eGFP5
1617,17:46:16,0.116,0.786,0,0,eGFP5
1618,17:46:19,1.159,2.552,0,0,eGFP5
1619,17:46:22,0.076,3.675,0,0,eGFP5
1620,17:46:24,0.161,1.543,0,0,eGFP5
1621,17:46:25,0.095,1.445,0,0,eGFP5
1622,17:46:27,0.116,1.192,0,0,eGFP5
1623,17:46:29,0.083,1.993,0,0,eGFP5
1624,17:46:30,0.149,1.411,0,0,eGFP5
1625,17:46:31,0.117,0.951,0,0,eGFP5
1626,17:46:32,0.062,0.983,0,0,eGFP5
1627,17:46:33,0.095,1.467,0,0,eGFP5
1628,17:46:34,0.074,0.941,0,0,eGFP5
1629,17:46:35,0.073,1.105,0,0,eGFP5
1630,17:46:37,0.149,1.488,0,0,eGFP5
1631,17:46:38,0.073,0.764,0,0,eGFP5
1632,17:46:39,0.057,1.615,0,0,eGFP5
1633,17:46:40,0.162,0.612,0,0,eGFP5
1634,17:46:42,0.719,2.453,0,0,eGFP5
1635,17:46:44,0.127,1.268,0,0,eGFP5
1636,17:46:45,0.074,1.226,0,0,eGFP5
1637,17:46:46,0.083,0.719,0,0,eGFP5
1638,17:46:46,0.062,0.808,0,0,eGFP5
1639,17:46:47,0.083,0.774,0,0,eGFP5
1640,17:46:48,0.061,1.126,0,0,eGFP5
1641,17:46:49,0.072,0.818,0,0,eGFP5
1642,17:46:49,0.138,0.446,0,0,eGFP5
1643,17:46:51,0.423,1.400,0,0,eGFP5
1644,17:46:51,0.051,0.600,0,0,eGFP5
1645,17:46:53,0.050,1.971,0,0,eGFP5
1646,17:46:54,0.061,0.610,0,0,eGFP5
1647,17:46:55,0.063,0.853,0,0,eGFP5
1648,17:46:57,0.105,1.860,0,0,eGFP5
1649,17:46:58,0.073,0.885,0,0,eGFP5
1650,17:46:58,0.105,0.610,0,0,eGFP5
1651,17:47:08,0.116,9.223,0,0,eGFP5
1652,17:47:11,2.159,3.519,0,0,eGFP5
1653,17:47:12,0.084,0.819,0,0,eGFP5
1654,17:47:13,0.061,0.753,0,0,eGFP5
1655,17:47:13,0.061,0.829,0,0,eGFP5
1656,17:47:14,0.073,0.753,0,0,eGFP5
1657,17:47:15,0.050,0.654,0,0,eGFP5
1658,17:47:16,0.072,0.709,0,0,eGFP5
1659,17:47:17,0.094,1.060,0,0,eGFP5
1660,17:47:17,0.072,0.697,0,0,eGFP5
1661,17:47:18,0.043,0.570,0,0,eGFP5
1662,17:47:19,0.051,0.665,0,0,eGFP5
1663,17:47:19,0.062,0.643,0,0,eGFP5
1664,17:47:20,0.051,0.731,0,0,eGFP5
1665,17:47:21,0.083,0.676,0,0,eGFP5
1666,17:47:21,0.051,0.599,0,0,eGFP5
1667,17:47:22,0.095,0.885,0,0,eGFP5
1668,17:47:23,0.050,0.555,0,0,eGFP5
1669,17:47:24,0.052,0.908,0,0,eGFP5
1670,17:47:24,0.051,0.534,0,0,eGFP5
1671,17:47:29,0.050,4.834,0,0,eGFP5
1672,17:47:30,0.106,0.621,0,0,eGFP5
1673,17:47:30,0.106,0.753,0,0,eGFP5
1674,17:47:31,0.040,0.654,0,0,eGFP5
1675,17:47:32,0.064,0.645,0,0,eGFP5
1676,17:47:32,0.040,0.512,0,0,eGFP5
1677,17:47:33,0.052,0.711,0,0,eGFP5
1678,17:47:33,0.050,0.533,0,0,eGFP5
1679,17:47:34,0.040,0.841,0,0,eGFP5
1680,17:47:35,0.278,1.090,0,0,eGFP5
1681,17:47:36,0.051,0.533,0,0,eGFP5
1682,17:47:38,0.061,2.015,0,0,eGFP5
1683,17:47:39,0.159,1.037,0,0,eGFP5
1684,17:47:42,0.061,3.276,0,0,eGFP5
1685,17:47:44,0.248,1.411,0,0,eGFP5
1686,17:47:44,0.071,0.696,0,0,eGFP5
1687,17:47:45,0.050,0.643,0,0,eGFP5
1688,17:47:45,0.039,0.511,0,0,eGFP5
1689,17:47:47,0.041,2.092,0,0,eGFP5
1690,17:47:48,0.062,0.566,0,0,eGFP5
1691,17:47:49,0.040,0.588,0,0,eGFP5
1692,17:47:49,0.072,0.797,0,0,eGFP5
1693,17:47:50,0.050,0.511,0,0,eGFP5
1694,17:47:51,0.052,0.995,0,0,eGFP5
1695,17:47:51,0.061,0.566,0,0,eGFP5
1696,17:47:52,0.040,0.621,0,0,eGFP5
1697,17:47:53,0.083,1.312,0,0,eGFP5
1698,17:47:54,0.051,0.544,0,0,eGFP5
1699,17:47:55,0.052,1.116,0,0,eGFP5
1700,17:47:56,0.073,0.643,0,0,eGFP5
1701,17:47:56,0.051,0.709,0,0,eGFP5
1702,17:47:57,0.097,0.789,0,0,eGFP5
1703,17:47:58,0.050,0.522,0,0,eGFP5
1704,17:47:59,0.039,0.752,0,0,eGFP5
1705,17:47:59,0.062,0.687,0,0,eGFP5
1706,17:48:00,0.051,0.687,0,0,eGFP5
1707,17:48:01,0.050,0.643,0,0,eGFP5
1708,17:48:01,0.050,0.731,0,0,eGFP5
1709,17:48:02,0.061,0.676,0,0,eGFP5
1710,17:48:03,0.041,0.655,0,0,eGFP5
1711,17:48:03,0.084,0.906,0,0,eGFP5
1712,17:48:20,0.062,16.136,0,0,eGFP5
1713,17:48:20,0.303,0.600,0,0,eGFP5
1714,17:48:21,0.171,0.884,0,0,eGFP5
1715,17:48:22,0.050,1.027,0,0,eGFP5
1716,17:48:23,0.085,0.656,0,0,eGFP5
1717,17:48:23,0.050,0.654,0,0,eGFP5
1718,17:48:24,0.116,0.939,0,0,eGFP5
1719,17:48:25,0.041,0.502,0,0,eGFP5
1720,17:48:26,0.051,0.632,0,0,eGFP5
1721,17:48:26,0.051,0.599,0,0,eGFP5
1722,17:48:28,0.051,2.070,0,0,eGFP5
1723,17:48:29,0.051,0.544,0,0,eGFP5
1724,17:48:29,0.051,0.753,0,0,eGFP5
1725,17:48:30,0.073,0.632,0,0,eGFP5
1726,17:48:32,0.040,1.510,0,0,eGFP5
1727,17:48:32,0.075,0.612,0,0,eGFP5
1728,17:48:33,0.051,0.621,0,0,eGFP5
1729,17:48:34,0.084,0.874,0,0,eGFP5
1730,17:48:34,0.041,0.557,0,0,eGFP5
1731,17:48:35,0.051,0.797,0,0,eGFP5
1732,17:48:36,0.051,0.544,0,0,eGFP5
1733,17:48:36,0.040,0.731,0,0,eGFP5
1734,17:48:37,0.062,0.688,0,0,eGFP5
1735,17:48:38,0.052,0.645,0,0,eGFP5
1736,17:48:38,0.072,0.796,0,0,eGFP5
1737,17:48:42,0.051,3.047,0,0,eGFP5
1738,17:48:42,0.039,0.544,0,0,eGFP5
1739,17:48:43,0.040,1.017,0,0,eGFP5
1740,17:48:44,0.072,0.687,0,0,eGFP5
1741,17:48:45,0.051,1.543,0,0,eGFP5
1742,17:48:46,0.062,0.555,0,0,eGFP5
1743,17:48:47,0.053,0.898,0,0,eGFP5
1744,17:48:48,0.079,0.770,0,0,eGFP5
1745,17:48:48,0.050,0.686,0,0,eGFP5
1746,17:48:49,0.051,0.577,0,0,eGFP5
1747,17:48:50,0.050,0.851,0,0,eGFP5
1748,17:48:51,0.105,0.851,0,0,eGFP5
1749,17:48:51,0.051,0.643,0,0,eGFP5
1750,17:48:52,0.072,0.840,0,0,eGFP5
1751,17:48:53,0.061,0.665,0,0,eGFP5
1752,17:48:54,0.063,0.875,0,0,eGFP5
1753,17:48:54,0.072,0.730,0,0,eGFP5
1754,17:48:55,0.061,1.137,0,0,eGFP5
1755,17:48:57,0.544,1.498,0,0,eGFP5
1756,17:48:59,1.082,2.508,0,0,eGFP5
1757,17:49:01,0.105,1.257,0,0,eGFP5
1758,17:49:03,0.074,2.795,0,0,eGFP5
1759,17:49:04,0.083,0.917,0,0,eGFP5
1760,17:49:05,0.107,0.842,0,0,eGFP5
1761,17:49:06,0.116,1.049,0,0,eGFP5
1762,17:49:07,0.061,0.654,0,0,eGFP5
1763,17:49:08,0.050,0.686,0,0,eGFP5
1764,17:49:10,0.051,2.673,0,0,eGFP5
1765,17:49:11,0.051,0.555,0,0,eGFP5
1766,17:49:12,0.051,0.665,0,0,eGFP5
1767,17:49:12,0.083,0.720,0,0,eGFP5
1768,17:49:13,0.052,0.567,0,0,eGFP5
1769,17:49:14,0.051,0.808,0,0,eGFP5
1770,17:49:14,0.061,0.632,0,0,eGFP5
1771,17:49:15,0.039,0.643,0,0,eGFP5
1772,17:49:16,0.063,0.721,0,0,eGFP5
1773,17:49:16,0.051,0.687,0,0,eGFP5
1774,17:49:17,0.072,0.786,0,0,eGFP5
1775,17:49:18,0.050,0.642,0,0,eGFP5
1776,17:49:19,0.064,0.930,0,0,eGFP5
1777,17:49:19,0.062,0.665,0,0,eGFP5
1778,17:49:20,0.062,0.841,0,0,eGFP5
1779,17:49:21,0.061,0.698,0,0,eGFP5
1780,17:49:22,0.072,1.147,0,0,eGFP5
1781,17:49:23,0.062,0.786,0,0,eGFP5
1782,17:49:27,0.084,3.858,0,0,eGFP5
1783,17:49:28,0.073,0.884,0,0,eGFP5
1784,17:49:28,0.073,0.709,0,0,eGFP5
1785,17:49:29,0.098,0.954,0,0,eGFP5
1786,17:49:30,0.095,1.027,0,0,eGFP5
1787,17:49:31,0.084,1.027,0,0,eGFP5
1788,17:49:32,0.084,0.951,0,0,eGFP5
1789,17:49:34,0.084,1.740,0,0,eGFP5
1790,17:49:35,0.051,0.698,0,0,eGFP5
1791,17:49:35,0.084,0.775,0,0,eGFP5
1792,17:49:36,0.040,0.567,0,0,eGFP5
1793,17:49:37,0.053,0.941,0,0,eGFP5
1794,17:49:38,0.073,0.753,0,0,eGFP5
1795,17:49:38,0.062,0.698,0,0,eGFP5
1796,17:49:40,0.073,2.070,0,0,eGFP5
1797,17:49:42,0.161,1.258,0,0,eGFP5
1798,17:49:42,0.062,0.709,0,0,eGFP5
1799,17:49:43,0.067,0.912,0,0,eGFP5
1800,17:49:44,0.083,0.917,0,0,eGFP5
1801,17:49:46,0.119,1.721,0,0,eGFP5
1802,17:49:48,0.160,2.036,0,0,eGFP5
1803,17:49:50,0.611,1.829,0,0,eGFP5
1804,17:49:51,0.072,0.895,0,0,eGFP5
1805,17:49:52,0.084,0.951,0,0,eGFP5
1806,17:49:53,0.078,0.978,0,0,eGFP5
1807,17:49:55,0.686,2.102,0,0,eGFP5
1808,17:49:56,0.116,1.345,0,0,eGFP5
1809,17:49:57,0.073,0.929,0,0,eGFP5
1810,17:49:58,0.072,1.049,0,0,eGFP5
1811,17:50:00,0.105,1.773,0,0,eGFP5
1812,17:50:01,0.148,1.059,0,0,eGFP5
1813,17:50:02,0.085,0.985,0,0,eGFP5
1814,17:50:03,0.083,1.191,0,0,eGFP5
1815,17:50:06,0.094,2.793,0,0,eGFP5
1816,17:50:07,0.094,1.422,0,0,eGFP5
1817,17:50:08,0.138,1.071,0,0,eGFP5
1818,17:50:09,0.085,0.941,0,0,eGFP5
1819,17:50:10,0.083,1.026,0,0,eGFP5
1820,17:50:11,0.106,1.126,0,0,eGFP5
1821,17:50:13,0.083,1.411,0,0,eGFP5
1822,17:50:15,0.116,1.894,0,0,eGFP5
1823,17:50:16,0.127,1.081,0,0,eGFP5
1824,17:50:17,0.533,1.378,0,0,eGFP5
1825,17:50:18,0.139,1.170,0,0,eGFP5
1826,17:50:20,0.085,1.336,0,0,eGFP5
1827,17:50:21,0.107,1.171,0,0,eGFP5
1828,17:50:22,0.094,1.455,0,0,eGFP5
1829,17:50:24,0.116,1.652,0,0,eGFP5
1830,17:50:25,0.138,1.181,0,0,eGFP5
1831,17:50:26,0.072,1.312,0,0,eGFP5
1832,17:50:27,0.083,0.851,0,0,eGFP5
1833,17:50:28,0.084,0.622,0,0,eGFP5
1834,17:50:28,0.227,0.447,0,0,eGFP5
1835,17:50:30,0.226,1.224,0,0,eGFP5
1836,17:50:31,0.062,1.269,0,0,eGFP5
1837,17:50:32,0.127,0.939,0,0,eGFP5
1838,17:50:33,0.072,1.389,0,0,eGFP5
1839,17:50:36,0.073,2.399,0,0,eGFP5
1840,17:50:36,0.083,0.774,0,0,eGFP5
1841,17:50:37,0.064,1.084,0,0,eGFP5
1842,17:51:26,0.129,48.912,0,0,eGFP5
1843,17:51:27,0.062,0.676,0,0,eGFP5
1844,17:51:28,0.051,0.610,0,0,eGFP5
1845,17:51:28,0.040,0.523,0,0,eGFP5
1846,17:51:29,0.050,0.676,0,0,eGFP5
1847,17:51:29,0.061,0.610,0,0,eGFP5
1848,17:51:30,0.040,0.588,0,0,eGFP5
1849,17:51:31,0.062,0.731,0,0,eGFP5
1850,17:51:31,0.051,0.523,0,0,eGFP5
1851,17:51:32,0.041,0.634,0,0,eGFP5
1852,17:51:33,0.072,0.654,0,0,eGFP5
1853,17:51:33,0.050,0.599,0,0,eGFP5
1854,17:51:34,0.073,0.819,0,0,eGFP5
1855,17:51:35,0.041,0.535,0,0,eGFP5
1856,17:51:35,0.051,0.676,0,0,eGFP5
1857,17:51:36,0.051,0.556,0,0,eGFP5
1858,17:51:37,0.040,0.709,0,0,eGFP5
1859,17:51:37,0.096,0.809,0,0,eGFP5
1860,17:51:38,0.051,0.600,0,0,eGFP5
1861,17:51:42,0.073,3.737,0,0,eGFP5
1862,17:51:42,0.051,0.556,0,0,eGFP5
1863,17:51:43,0.040,0.600,0,0,eGFP5
1864,17:51:44,0.061,0.775,0,0,eGFP5
1865,17:51:44,0.051,0.555,0,0,eGFP5
1866,17:51:46,0.062,1.401,0,0,eGFP5
1867,17:51:46,0.053,0.579,0,0,eGFP5
1868,17:51:47,0.053,0.722,0,0,eGFP5
1869,17:51:47,0.062,0.644,0,0,eGFP5
1870,17:51:48,0.045,0.582,0,0,eGFP5
1871,17:51:49,0.061,0.862,0,0,eGFP5
1872,17:51:49,0.062,0.555,0,0,eGFP5
1873,17:51:50,0.040,0.720,0,0,eGFP5
1874,17:51:51,0.061,0.686,0,0,eGFP5
1875,17:51:52,0.052,0.831,0,0,eGFP5
1876,17:51:53,0.083,0.775,0,0,eGFP5
1877,17:51:53,0.050,0.730,0,0,eGFP5
1878,17:51:54,0.084,1.071,0,0,eGFP5
1879,17:51:55,0.083,0.786,0,0,eGFP5
1880,17:51:56,0.061,0.741,0,0,eGFP5
1881,17:51:57,0.061,0.873,0,0,eGFP5
1882,17:52:00,0.074,3.015,0,0,eGFP5
1883,17:52:02,0.215,2.014,0,0,eGFP5
1884,17:52:04,0.151,2.071,0,0,eGFP5
1885,17:52:05,0.084,0.994,0,0,eGFP5
1886,17:52:06,0.106,0.819,0,0,eGFP5
1887,17:52:06,0.292,0.423,0,0,eGFP5
1888,17:52:07,0.270,1.181,0,0,eGFP5
1889,17:52:08,0.083,1.049,0,0,eGFP5
1890,17:52:09,0.072,0.917,0,0,eGFP5
1891,17:52:10,0.084,1.258,0,0,eGFP5
1892,17:52:12,0.139,1.719,0,0,eGFP5
1893,17:52:13,0.139,1.335,0,0,eGFP5
1894,17:52:15,0.105,1.367,0,0,eGFP5
1895,17:52:16,0.105,1.323,0,0,eGFP5
1896,17:52:17,0.085,1.029,0,0,eGFP5
1897,17:52:19,0.094,1.323,0,0,eGFP5
1898,17:52:20,0.106,1.104,0,0,eGFP5
1899,17:52:22,0.095,2.070,0,0,eGFP5
1900,17:52:23,0.096,1.105,0,0,eGFP5
1901,17:52:24,0.106,1.280,0,0,eGFP5
1902,17:52:25,0.116,1.312,0,0,eGFP5
1903,17:52:27,0.095,1.258,0,0,eGFP5
1904,17:52:28,0.149,1.565,0,0,eGFP5
1905,17:52:30,0.127,1.345,0,0,eGFP5
1906,17:52:31,0.248,1.126,0,0,eGFP5
1907,17:52:33,0.160,1.927,0,0,eGFP5
1908,17:52:34,0.107,1.128,0,0,eGFP5
1909,17:52:35,0.105,1.126,0,0,eGFP5
1910,17:52:36,0.074,1.500,0,0,eGFP5
1911,17:52:37,0.084,0.940,0,0,eGFP5
1912,17:52:39,0.094,1.290,0,0,eGFP5
1913,17:52:40,0.073,0.962,0,0,eGFP5
1914,17:52:42,0.095,2.278,0,0,eGFP5
1915,17:52:43,0.095,1.345,0,0,eGFP5
1916,17:52:44,0.128,1.291,0,0,eGFP5
1917,17:52:46,0.086,1.205,0,0,eGFP5
1918,17:52:47,0.094,1.027,0,0,eGFP5
1919,17:52:48,0.073,1.027,0,0,eGFP5
1920,17:52:49,0.084,0.852,0,0,eGFP5
1921,17:52:50,0.073,1.510,0,0,eGFP5
1922,17:52:51,0.073,1.028,0,0,eGFP5
1923,17:52:52,0.072,1.126,0,0,eGFP5
1924,17:52:53,0.085,0.864,0,0,eGFP5
1925,17:52:54,0.075,0.931,0,0,eGFP5
1926,17:52:55,0.072,0.720,0,0,eGFP5
1927,17:52:57,0.062,1.894,0,0,eGFP5
1928,17:52:58,0.095,1.554,0,0,eGFP5
1929,17:52:59,0.128,1.115,0,0,eGFP5
1930,17:53:00,0.095,0.655,0,0,eGFP5
1931,17:53:01,0.182,0.764,0,0,eGFP5
1932,17:53:02,0.194,1.576,0,0,eGFP5
1933,17:53:05,0.123,2.746,0,0,eGFP5
1934,17:53:06,0.105,1.180,0,0,eGFP5
1935,17:53:07,0.094,1.191,0,0,eGFP5
1936,17:53:09,0.116,1.236,0,0,eGFP5
1937,17:53:11,0.105,1.838,0,0,eGFP5
1938,17:53:15,1.149,4.562,0,0,eGFP5
1939,17:53:16,0.138,1.345,0,0,eGFP5
1940,17:53:19,0.094,2.881,0,0,eGFP5
1941,17:53:21,0.105,1.213,0,0,eGFP5
1942,17:53:22,0.093,1.135,0,0,eGFP5
1943,17:53:23,0.084,1.049,0,0,eGFP5
1944,17:53:24,0.083,1.411,0,0,eGFP5
1945,17:53:25,0.138,1.257,0,0,eGFP5
1946,17:53:26,0.095,1.027,0,0,eGFP5
1947,17:53:28,0.106,1.357,0,0,eGFP5
1948,17:53:29,0.094,1.114,0,0,eGFP5
1949,17:53:30,0.106,1.477,0,0,eGFP5
1950,17:53:32,0.129,1.983,0,0,eGFP5
1951,17:53:34,0.534,1.686,0,0,eGFP5
1952,17:53:37,0.093,3.000,0,0,eGFP5
1953,17:53:40,0.095,3.134,0,0,eGFP5
1954,17:53:43,0.127,2.772,0,0,eGFP5
1955,17:53:47,1.400,3.825,0,0,eGFP5
1956,17:53:49,0.149,2.025,0,0,eGFP5
1957,17:53:51,0.204,2.267,0,0,eGFP5
1958,17:53:54,0.162,2.938,0,0,eGFP5
1959,17:55:20,0.182,86.359,0,0,eGFP5
1960,17:55:21,0.061,0.818,0,0,eGFP5
1961,17:55:22,0.183,1.126,0,0,eGFP5
1962,17:55:23,0.051,0.534,0,0,eGFP5
1963,17:55:24,0.050,0.906,0,0,eGFP5
1964,17:55:24,0.139,0.391,0,0,eGFP5
1965,17:55:25,0.206,0.897,0,0,eGFP5
1966,17:55:26,0.140,0.952,0,0,eGFP5
1967,17:55:27,0.062,0.764,0,0,eGFP5
1968,17:55:28,0.073,0.895,0,0,eGFP5
1969,17:55:28,0.051,0.567,0,0,eGFP5
1970,17:55:29,0.051,0.676,0,0,eGFP5
1971,17:55:30,0.073,0.764,0,0,eGFP5
1972,17:55:30,0.041,0.655,0,0,eGFP5
1973,17:55:31,0.062,0.699,0,0,eGFP5
1974,17:55:32,0.050,0.566,0,0,eGFP5
1975,17:55:32,0.052,0.788,0,0,eGFP5
1976,17:55:33,0.061,0.632,0,0,eGFP5
1977,17:55:34,0.051,0.808,0,0,eGFP5
1978,17:55:34,0.072,0.643,0,0,eGFP5
1979,17:55:35,0.042,0.590,0,0,eGFP5
1980,17:55:36,0.073,0.995,0,0,eGFP5
1981,17:55:37,0.050,0.544,0,0,eGFP5
1982,17:55:37,0.040,0.808,0,0,eGFP5
1983,17:55:38,0.064,0.755,0,0,eGFP5
1984,17:55:39,0.062,0.753,0,0,eGFP5
1985,17:55:40,0.062,0.764,0,0,eGFP5
1986,17:55:40,0.051,0.687,0,0,eGFP5
1987,17:55:41,0.073,1.017,0,0,eGFP5
1988,17:55:42,0.051,0.632,0,0,eGFP5
1989,17:55:43,0.073,0.797,0,0,eGFP5
1990,17:55:44,0.106,1.159,0,0,eGFP5
1991,17:55:45,0.053,0.602,0,0,eGFP5
1992,17:55:45,0.040,0.643,0,0,eGFP5
1993,17:55:46,0.064,0.667,0,0,eGFP5
1994,17:55:46,0.062,0.611,0,0,eGFP5
1995,17:55:48,0.051,1.280,0,0,eGFP5
1996,17:55:48,0.073,0.599,0,0,eGFP5
1997,17:55:49,0.056,0.681,0,0,eGFP5
1998,17:55:50,0.094,0.775,0,0,eGFP5
1999,17:55:51,0.040,0.732,0,0,eGFP5
2000,17:55:52,0.401,1.356,0,0,eGFP5
2001,17:55:52,0.039,0.522,0,0,eGFP5
2002,17:55:53,0.039,0.862,0,0,eGFP5
2003,17:55:54,0.050,0.632,0,0,eGFP5
2004,17:55:55,0.039,0.741,0,0,eGFP5
2005,17:55:55,0.084,0.753,0,0,eGFP5
2006,17:55:56,0.050,0.752,0,0,eGFP5
2007,17:55:57,0.063,0.656,0,0,eGFP5
2008,17:55:59,0.041,2.312,0,0,eGFP5
2009,17:56:00,0.072,0.632,0,0,eGFP5
2010,17:56:00,0.039,0.676,0,0,eGFP5
2011,17:56:01,0.105,0.895,0,0,eGFP5
2012,17:56:02,0.050,0.588,0,0,eGFP5
2013,17:56:03,0.061,0.917,0,0,eGFP5
2014,17:56:03,0.061,0.599,0,0,eGFP5
2015,17:56:04,0.050,0.665,0,0,eGFP5
2016,17:56:05,0.052,0.590,0,0,eGFP5
2017,17:56:06,0.050,0.994,0,0,eGFP5
2018,17:56:06,0.061,0.632,0,0,eGFP5
2019,17:56:07,0.050,0.939,0,0,eGFP5
2020,17:56:08,0.083,0.709,0,0,eGFP5
2021,17:56:09,0.041,0.611,0,0,eGFP5
2022,17:56:09,0.073,0.928,0,0,eGFP5
2023,17:56:10,0.062,0.654,0,0,eGFP5
2024,17:56:11,0.064,0.799,0,0,eGFP5
2025,17:56:12,0.050,0.610,0,0,eGFP5
2026,17:56:12,0.050,0.895,0,0,eGFP5
2027,17:56:13,0.084,0.720,0,0,eGFP5
2028,17:56:14,0.051,0.764,0,0,eGFP5
2029,17:56:15,0.083,1.060,0,0,eGFP5
2030,17:56:16,0.083,0.742,0,0,eGFP5
2031,17:56:17,0.072,1.104,0,0,eGFP5
2032,17:56:20,0.315,2.773,0,0,eGFP5
2033,17:56:22,0.292,1.949,0,0,eGFP5
2034,17:56:23,0.171,1.444,0,0,eGFP5
2035,17:56:24,0.104,0.938,0,0,eGFP5
2036,17:56:25,0.072,0.829,0,0,eGFP5
2037,17:56:25,0.073,0.742,0,0,eGFP5
2038,17:56:26,0.062,0.874,0,0,eGFP5
2039,17:56:27,0.106,0.928,0,0,eGFP5
2040,17:56:28,0.062,0.731,0,0,eGFP5
2041,17:56:29,0.064,0.854,0,0,eGFP5
2042,17:56:31,0.051,2.278,0,0,eGFP5
2043,17:56:32,0.095,0.764,0,0,eGFP5
2044,17:56:33,0.051,0.665,0,0,eGFP5
2045,17:56:33,0.073,0.852,0,0,eGFP5
2046,17:56:34,0.051,0.588,0,0,eGFP5
2047,17:56:35,0.051,1.126,0,0,eGFP5
2048,17:56:36,0.075,0.711,0,0,eGFP5
2049,17:56:37,0.053,0.700,0,0,eGFP5
2050,17:56:37,0.073,0.896,0,0,eGFP5
2051,17:56:38,0.062,0.764,0,0,eGFP5
2052,17:56:39,0.073,1.027,0,0,eGFP5
2053,17:56:40,0.084,0.808,0,0,eGFP5
2054,17:56:41,0.062,1.159,0,0,eGFP5
2055,17:56:43,0.161,1.532,0,0,eGFP5
2056,17:56:43,0.062,0.633,0,0,eGFP5
2057,17:56:45,0.052,1.336,0,0,eGFP5
2058,17:56:46,0.139,1.565,0,0,eGFP5
2059,17:56:47,0.062,0.775,0,0,eGFP5
2060,17:56:48,0.078,0.879,0,0,eGFP5
2061,17:56:49,0.061,0.895,0,0,eGFP5
2062,17:56:50,0.074,0.765,0,0,eGFP5
2063,17:56:50,0.061,0.851,0,0,eGFP5
2064,17:56:52,0.775,1.279,0,0,eGFP5
2065,17:56:53,0.294,1.380,0,0,eGFP5
2066,17:56:54,0.072,0.818,0,0,eGFP5
2067,17:56:55,0.094,1.389,0,0,eGFP5
2068,17:56:56,0.061,0.862,0,0,eGFP5
2069,17:56:57,0.073,0.939,0,0,eGFP5
2070,17:56:59,0.073,1.795,0,0,eGFP5
2071,17:57:00,0.061,0.906,0,0,eGFP5
2072,17:57:01,0.095,0.852,0,0,eGFP5
2073,17:57:01,0.061,0.774,0,0,eGFP5
2074,17:57:02,0.074,0.820,0,0,eGFP5
2075,17:57:03,0.061,0.764,0,0,eGFP5
2076,17:57:05,0.062,1.950,0,0,eGFP5
2077,17:57:06,0.094,1.169,0,0,eGFP5
2078,17:57:07,0.073,1.016,0,0,eGFP5
2079,17:57:08,0.083,0.895,0,0,eGFP5
2080,17:57:09,0.062,0.874,0,0,eGFP5
2081,17:57:11,0.072,1.707,0,0,eGFP5
2082,17:57:11,0.063,0.809,0,0,eGFP5
2083,17:57:12,0.072,0.862,0,0,eGFP5
2084,17:57:14,0.073,1.609,0,0,eGFP5
2085,17:57:15,0.061,0.720,0,0,eGFP5
2086,17:57:15,0.083,0.796,0,0,eGFP5
2087,17:57:16,0.062,0.994,0,0,eGFP5
2088,17:57:17,0.095,0.918,0,0,eGFP5
2089,17:57:20,0.061,2.464,0,0,eGFP5
2090,17:57:21,0.098,0.811,0,0,eGFP5
2091,17:57:21,0.061,0.774,0,0,eGFP5
2092,17:57:22,0.073,0.907,0,0,eGFP5
2093,17:57:23,0.105,0.818,0,0,eGFP5
2094,17:57:24,0.183,0.720,0,0,eGFP5
2095,17:57:25,0.215,1.049,0,0,eGFP5
2096,17:57:25,0.051,0.567,0,0,eGFP5
2097,17:57:26,0.061,0.939,0,0,eGFP5
2098,17:57:27,0.085,0.952,0,0,eGFP5
2099,17:57:28,0.050,0.621,0,0,eGFP5
2100,17:57:29,0.051,0.720,0,0,eGFP5
2101,17:57:30,0.094,0.983,0,0,eGFP5
2102,17:57:30,0.051,0.578,0,0,eGFP5
2103,17:57:31,0.061,1.180,0,0,eGFP5
2104,17:57:32,0.064,0.623,0,0,eGFP5
2105,17:57:33,0.051,0.797,0,0,eGFP5
2106,17:57:34,0.073,0.676,0,0,eGFP5
2107,17:57:35,0.041,1.051,0,0,eGFP5
2108,17:57:36,0.182,0.939,0,0,eGFP5
2109,17:57:36,0.040,0.578,0,0,eGFP5
2110,17:57:37,0.061,1.115,0,0,eGFP5
2111,17:57:38,0.051,0.643,0,0,eGFP5
2112,17:57:39,0.062,0.874,0,0,eGFP5
2113,17:57:39,0.051,0.566,0,0,eGFP5
2114,17:57:40,0.051,0.885,0,0,eGFP5
2115,17:57:41,0.063,0.634,0,0,eGFP5
2116,17:57:42,0.051,0.764,0,0,eGFP5
2117,17:57:42,0.084,0.797,0,0,eGFP5
2118,17:57:43,0.052,0.667,0,0,eGFP5
2119,17:57:44,0.062,0.786,0,0,eGFP5
2120,17:57:45,0.051,0.885,0,0,eGFP5
2121,17:57:46,0.094,0.884,0,0,eGFP5
2122,17:57:46,0.051,0.622,0,0,eGFP5
2123,17:57:47,0.075,1.051,0,0,eGFP5
2124,17:57:48,0.067,0.725,0,0,eGFP5
2125,17:57:49,0.083,0.972,0,0,eGFP5
2126,17:57:50,0.072,1.005,0,0,eGFP5
2127,17:57:51,0.094,0.829,0,0,eGFP5
2128,17:57:52,0.072,1.005,0,0,eGFP5
2129,17:57:53,0.105,0.818,0,0,eGFP5
2130,17:57:54,0.127,1.038,0,0,eGFP5
2131,17:57:54,0.057,0.781,0,0,eGFP5
2132,17:57:57,0.094,2.069,0,0,eGFP5
2133,17:57:58,0.138,1.345,0,0,eGFP5
2134,17:57:59,0.072,1.564,0,0,eGFP5
2135,17:58:02,0.884,2.278,0,0,eGFP5
2136,17:58:03,0.160,0.884,0,0,eGFP5
2137,17:58:03,0.040,0.632,0,0,eGFP5
2138,17:58:04,0.072,0.807,0,0,eGFP5
2139,17:58:05,0.062,0.643,0,0,eGFP5
2140,17:58:05,0.063,0.722,0,0,eGFP5
2141,17:58:06,0.050,0.500,0,0,eGFP5
2142,17:58:07,0.039,0.829,0,0,eGFP5
2143,17:58:07,0.073,0.709,0,0,eGFP5
2144,17:58:08,0.051,0.610,0,0,eGFP5
2145,17:58:09,0.052,0.667,0,0,eGFP5
2146,17:58:09,0.061,0.665,0,0,eGFP5
2147,17:58:10,0.061,0.698,0,0,eGFP5
2148,17:58:11,0.063,0.721,0,0,eGFP5
2149,17:58:11,0.062,0.687,0,0,eGFP5
2150,17:58:12,0.072,0.786,0,0,eGFP5
2151,17:58:13,0.061,0.665,0,0,eGFP5
2152,17:58:14,0.061,0.796,0,0,eGFP5
2153,17:58:14,0.073,0.731,0,0,eGFP5
2154,17:58:15,0.040,0.742,0,0,eGFP5
2155,17:58:16,0.083,0.841,0,0,eGFP5
2156,17:58:17,0.052,0.633,0,0,eGFP5
2157,17:58:18,0.062,1.017,0,0,eGFP5
2158,17:58:18,0.050,0.763,0,0,eGFP5
2159,17:58:19,0.075,0.865,0,0,eGFP5
2160,17:58:20,0.061,0.774,0,0,eGFP5
2161,17:58:21,0.073,0.929,0,0,eGFP5
2162,17:58:22,0.073,1.005,0,0,eGFP5
2163,17:58:23,0.139,0.731,0,0,eGFP5
2164,17:58:25,0.459,1.830,0,0,eGFP5
2165,17:58:25,0.062,0.621,0,0,eGFP5
2166,17:58:26,0.040,0.709,0,0,eGFP5
2167,17:58:27,0.073,1.061,0,0,eGFP5
2168,17:58:28,0.061,0.687,0,0,eGFP5
2169,17:58:28,0.061,0.818,0,0,eGFP5
2170,17:58:29,0.073,0.984,0,0,eGFP5
2171,17:58:30,0.073,0.808,0,0,eGFP5
2172,17:58:31,0.048,0.607,0,0,eGFP5
2173,17:58:32,0.065,1.118,0,0,eGFP5
2174,17:58:33,0.116,1.038,0,0,eGFP5
2175,17:58:34,0.072,0.796,0,0,eGFP5
2176,17:58:35,0.072,0.818,0,0,eGFP5
2177,17:58:36,0.072,1.005,0,0,eGFP5
2178,17:58:37,0.105,0.928,0,0,eGFP5
2179,17:58:39,0.072,2.146,0,0,eGFP5
2180,17:58:39,0.050,0.599,0,0,eGFP5
2181,17:58:40,0.063,1.039,0,0,eGFP5
2182,17:58:41,0.061,0.665,0,0,eGFP5
2183,17:58:42,0.072,1.213,0,0,eGFP5
2184,17:58:43,0.072,0.764,0,0,eGFP5
2185,17:58:44,0.072,0.873,0,0,eGFP5
2186,17:58:45,0.050,0.665,0,0,eGFP5
2187,17:58:46,0.063,1.752,0,0,eGFP5
2188,17:58:47,0.084,0.797,0,0,eGFP5
2189,17:58:48,0.052,0.765,0,0,eGFP5
2190,17:58:49,0.094,1.027,0,0,eGFP5
2191,17:58:51,0.061,2.201,0,0,eGFP5
2192,17:58:52,0.061,0.621,0,0,eGFP5
2193,17:58:53,0.050,1.509,0,0,eGFP5
2194,17:58:56,0.303,3.112,0,0,eGFP5
2195,17:58:57,0.094,0.884,0,0,eGFP5
2196,17:58:58,0.062,0.929,0,0,eGFP5
2197,17:58:59,0.083,0.796,0,0,eGFP5
2198,17:59:00,0.060,0.696,0,0,eGFP5
2199,17:59:02,0.062,2.201,0,0,eGFP5
2200,17:59:03,0.051,0.687,0,0,eGFP5
2201,17:59:04,0.085,1.237,0,0,eGFP5
2202,17:59:04,0.062,0.643,0,0,eGFP5
2203,17:59:05,0.062,0.841,0,0,eGFP5
2204,17:59:06,0.072,0.829,0,0,eGFP5
2205,17:59:07,0.062,0.775,0,0,eGFP5
2206,17:59:08,0.074,0.831,0,0,eGFP5
2207,17:59:08,0.139,0.336,0,0,eGFP5
2208,17:59:09,0.204,0.775,0,0,eGFP5
2209,17:59:10,0.116,0.775,0,0,eGFP5
2210,17:59:10,0.039,0.654,0,0,eGFP5
2211,17:59:11,0.094,1.115,0,0,eGFP5
2212,17:59:12,0.050,0.665,0,0,eGFP5
2213,17:59:13,0.050,0.742,0,0,eGFP5
2214,17:59:13,0.054,0.701,0,0,eGFP5
2215,17:59:14,0.061,0.731,0,0,eGFP5
2216,17:59:17,0.083,2.420,0,0,eGFP5
2217,17:59:18,0.139,1.115,0,0,eGFP5
2218,17:59:19,0.084,1.752,0,0,eGFP5
2219,17:59:20,0.050,0.698,0,0,eGFP5
2220,17:59:21,0.083,1.126,0,0,eGFP5
2221,17:59:22,0.061,0.720,0,0,eGFP5
2222,17:59:23,0.063,0.897,0,0,eGFP5
2223,17:59:24,0.073,0.940,0,0,eGFP5
2224,17:59:26,0.917,1.894,0,0,eGFP5
2225,17:59:27,0.061,0.775,0,0,eGFP5
2226,17:59:27,0.083,0.786,0,0,eGFP5
2227,17:59:28,0.050,0.676,0,0,eGFP5
2228,17:59:29,0.063,0.886,0,0,eGFP5
2229,17:59:30,0.062,0.885,0,0,eGFP5
2230,17:59:32,0.084,2.245,0,0,eGFP5
2231,17:59:33,0.097,1.007,0,0,eGFP5
2232,17:59:34,0.084,1.006,0,0,eGFP5
2233,17:59:35,0.084,1.335,0,0,eGFP5
2234,17:59:36,0.127,1.049,0,0,eGFP5
2235,17:59:38,0.067,1.164,0,0,eGFP5
2236,17:59:39,0.083,1.367,0,0,eGFP5
2237,17:59:40,0.083,0.906,0,0,eGFP5
2238,17:59:41,0.105,1.147,0,0,eGFP5
2239,17:59:42,0.074,1.007,0,0,eGFP5
2240,17:59:44,0.116,2.157,0,0,eGFP5
2241,17:59:45,0.072,0.917,0,0,eGFP5
2242,17:59:46,0.096,0.930,0,0,eGFP5
2243,17:59:47,0.061,0.862,0,0,eGFP5
2244,17:59:48,0.083,0.873,0,0,eGFP5
2245,17:59:49,0.050,1.751,0,0,eGFP5
2246,17:59:50,0.116,1.005,0,0,eGFP5
2247,17:59:52,0.074,1.961,0,0,eGFP5
2248,17:59:53,0.083,0.939,0,0,eGFP5
2249,17:59:54,0.083,0.906,0,0,eGFP5
2250,17:59:55,0.094,1.005,0,0,eGFP5
2251,17:59:57,0.467,1.740,0,0,eGFP5
2252,17:59:58,0.061,0.972,0,0,eGFP5
2253,17:59:59,0.072,0.994,0,0,eGFP5
2254,18:00:01,0.105,1.915,0,0,eGFP5
2255,18:00:02,0.140,1.161,0,0,eGFP5
2256,18:00:05,0.085,3.387,0,0,eGFP5
2257,18:00:07,0.084,1.280,0,0,eGFP5
2258,18:00:08,0.127,1.652,0,0,eGFP5
2259,18:00:09,0.171,1.104,0,0,eGFP5
2260,18:00:10,0.061,0.862,0,0,eGFP5
2261,18:00:12,0.534,1.477,0,0,eGFP5
2262,18:00:13,0.150,1.258,0,0,eGFP5
2263,18:00:14,0.083,0.983,0,0,eGFP5
2264,18:00:16,0.118,2.071,0,0,eGFP5
2265,18:00:17,0.062,0.775,0,0,eGFP5
2266,18:00:19,0.138,1.663,0,0,eGFP5
2267,18:00:21,0.073,2.147,0,0,eGFP5
2268,18:03:47,0.072,206.308,0,0,eGFP5
2269,18:04:39,51.346,51.960,0,0,eGFP5
2270,18:04:40,0.107,0.875,0,0,eGFP5
2271,18:04:42,0.084,1.829,0,0,eGFP5
2272,18:04:42,0.041,0.590,0,0,eGFP5
2273,18:04:43,0.061,0.785,0,0,eGFP5
2274,18:04:44,0.062,0.819,0,0,eGFP5
2275,18:04:44,0.062,0.599,0,0,eGFP5
2276,18:04:45,0.040,0.665,0,0,eGFP5
2277,18:04:46,0.106,0.929,0,0,eGFP5
2278,18:04:47,0.040,0.632,0,0,eGFP5
2279,18:04:48,0.062,0.863,0,0,eGFP5
2280,18:04:48,0.041,0.535,0,0,eGFP5
2281,18:04:49,0.062,1.170,0,0,eGFP5
2282,18:04:50,0.051,0.566,0,0,eGFP5
2283,18:04:53,0.064,3.202,0,0,eGFP5
2284,18:04:54,0.446,1.203,0,0,eGFP5
2285,18:04:55,0.051,0.698,0,0,eGFP5
2286,18:04:56,0.073,0.698,0,0,eGFP5
2287,18:04:56,0.040,0.523,0,0,eGFP5
2288,18:04:57,0.041,0.886,0,0,eGFP5
2289,18:04:58,0.051,0.665,0,0,eGFP5
2290,18:04:58,0.139,0.468,0,0,eGFP5
2291,18:04:59,0.227,0.896,0,0,eGFP5
2292,18:05:00,0.084,0.720,0,0,eGFP5
2293,18:05:00,0.040,0.556,0,0,eGFP5
2294,18:05:02,0.073,1.510,0,0,eGFP5
2295,18:05:02,0.062,0.610,0,0,eGFP5
2296,18:05:03,0.051,0.611,0,0,eGFP5
2297,18:05:04,0.043,0.570,0,0,eGFP5
2298,18:05:04,0.046,0.671,0,0,eGFP5
2299,18:05:05,0.050,0.719,0,0,eGFP5
2300,18:05:06,0.040,0.566,0,0,eGFP5
2301,18:05:07,0.062,1.060,0,0,eGFP5
2302,18:05:07,0.061,0.566,0,0,eGFP5
2303,18:05:08,0.039,0.621,0,0,eGFP5
2304,18:05:09,0.061,0.741,0,0,eGFP5
2305,18:05:09,0.041,0.491,0,0,eGFP5
2306,18:05:10,0.050,1.389,0,0,eGFP5
2307,18:05:11,0.061,0.566,0,0,eGFP5
2308,18:05:12,0.050,0.785,0,0,eGFP5
2309,18:05:13,0.435,1.268,0,0,eGFP5
2310,18:05:14,0.040,0.534,0,0,eGFP5
2311,18:05:15,0.052,1.566,0,0,eGFP5
2312,18:05:16,0.533,1.213,0,0,eGFP5
2313,18:05:18,0.173,1.347,0,0,eGFP5
2314,18:05:18,0.050,0.654,0,0,eGFP5
2315,18:05:19,0.061,0.928,0,0,eGFP5
2316,18:05:20,0.061,0.687,0,0,eGFP5
2317,18:05:21,0.061,0.785,0,0,eGFP5
2318,18:05:21,0.062,0.676,0,0,eGFP5
2319,18:05:22,0.050,0.709,0,0,eGFP5
2320,18:05:25,0.061,2.585,0,0,eGFP5
2321,18:05:25,0.052,0.622,0,0,eGFP5
2322,18:05:28,0.073,2.344,0,0,eGFP5
2323,18:05:28,0.050,0.544,0,0,eGFP5
2324,18:05:29,0.040,0.621,0,0,eGFP5
2325,18:05:31,0.063,1.599,0,0,eGFP5
2326,18:05:31,0.095,0.676,0,0,eGFP5
2327,18:05:32,0.051,0.589,0,0,eGFP5
2328,18:05:33,0.061,0.752,0,0,eGFP5
2329,18:05:33,0.062,0.599,0,0,eGFP5
2330,18:05:34,0.042,0.722,0,0,eGFP5
2331,18:05:35,0.072,0.742,0,0,eGFP5
2332,18:05:35,0.050,0.544,0,0,eGFP5
2333,18:05:36,0.040,0.720,0,0,eGFP5
2334,18:05:37,0.083,0.808,0,0,eGFP5
2335,18:05:37,0.039,0.588,0,0,eGFP5
2336,18:05:38,0.072,0.797,0,0,eGFP5
2337,18:05:39,0.050,0.643,0,0,eGFP5
2338,18:05:40,0.052,0.831,0,0,eGFP5
2339,18:05:40,0.074,0.766,0,0,eGFP5
2340,18:05:41,0.050,0.741,0,0,eGFP5
2341,18:05:42,0.106,1.170,0,0,eGFP5
2342,18:05:43,0.062,0.698,0,0,eGFP5
2343,18:05:44,0.062,0.962,0,0,eGFP5
2344,18:05:45,0.083,0.808,0,0,eGFP5
2345,18:05:46,0.061,1.136,0,0,eGFP5
2346,18:05:47,0.525,0.931,0,0,eGFP5
2347,18:05:48,0.182,1.323,0,0,eGFP5
2348,18:05:50,0.084,1.653,0,0,eGFP5
2349,18:05:50,0.051,0.599,0,0,eGFP5
2350,18:05:51,0.051,0.731,0,0,eGFP5
2351,18:05:52,0.095,0.929,0,0,eGFP5
2352,18:05:53,0.051,0.610,0,0,eGFP5
2353,18:05:53,0.053,0.711,0,0,eGFP5
2354,18:05:54,0.064,0.700,0,0,eGFP5
2355,18:05:55,0.051,0.731,0,0,eGFP5
2356,18:05:56,0.073,0.852,0,0,eGFP5
2357,18:05:59,0.062,3.683,0,0,eGFP5
2358,18:06:00,0.314,1.225,0,0,eGFP5
2359,18:06:01,0.050,0.577,0,0,eGFP5
2360,18:06:02,0.062,1.137,0,0,eGFP5
2361,18:06:03,0.062,0.731,0,0,eGFP5
2362,18:06:04,0.067,0.769,0,0,eGFP5
2363,18:06:04,0.052,0.666,0,0,eGFP5
2364,18:06:05,0.051,0.654,0,0,eGFP5
2365,18:06:06,0.072,0.983,0,0,eGFP5
2366,18:06:07,0.061,0.599,0,0,eGFP5
2367,18:06:07,0.048,0.740,0,0,eGFP5
2368,18:06:08,0.072,0.785,0,0,eGFP5
2369,18:06:09,0.050,0.621,0,0,eGFP5
2370,18:06:10,0.061,1.037,0,0,eGFP5
2371,18:06:11,0.085,0.744,0,0,eGFP5
2372,18:06:11,0.050,0.719,0,0,eGFP5
2373,18:06:13,0.116,1.586,0,0,eGFP5
2374,18:06:14,0.073,0.797,0,0,eGFP5
2375,18:06:19,0.061,5.394,0,0,eGFP5
2376,18:06:20,0.072,0.653,0,0,eGFP5
2377,18:06:20,0.040,0.566,0,0,eGFP5
2378,18:06:21,0.051,0.588,0,0,eGFP5
2379,18:06:21,0.041,0.546,0,0,eGFP5
2380,18:06:22,0.052,0.743,0,0,eGFP5
2381,18:06:23,0.051,0.588,0,0,eGFP5
2382,18:06:23,0.051,0.786,0,0,eGFP5
2383,18:06:24,0.050,0.533,0,0,eGFP5
2384,18:06:26,0.039,1.641,0,0,eGFP5
2385,18:06:26,0.062,0.621,0,0,eGFP5
2386,18:06:27,0.051,0.808,0,0,eGFP5
2387,18:06:28,0.074,0.710,0,0,eGFP5
2388,18:06:28,0.051,0.577,0,0,eGFP5
2389,18:06:29,0.051,0.654,0,0,eGFP5
2390,18:06:30,0.051,0.622,0,0,eGFP5
2391,18:06:30,0.050,0.851,0,0,eGFP5
2392,18:06:31,0.062,0.632,0,0,eGFP5
2393,18:06:32,0.051,0.588,0,0,eGFP5
2394,18:06:32,0.053,0.667,0,0,eGFP5
2395,18:06:33,0.051,0.742,0,0,eGFP5
2396,18:06:34,0.063,0.678,0,0,eGFP5
2397,18:06:35,0.050,0.709,0,0,eGFP5
2398,18:06:35,0.072,0.895,0,0,eGFP5
2399,18:06:36,0.073,0.819,0,0,eGFP5
2400,18:06:37,0.116,0.917,0,0,eGFP5
2401,18:06:39,0.117,1.971,0,0,eGFP5
2402,18:06:45,0.051,5.526,0,0,eGFP5
2403,18:06:45,0.061,0.599,0,0,eGFP5
2404,18:06:46,0.052,0.612,0,0,eGFP5
2405,18:06:46,0.073,0.643,0,0,eGFP5
2406,18:06:47,0.029,0.501,0,0,eGFP5
2407,18:06:48,0.051,0.775,0,0,eGFP5
2408,18:06:48,0.052,0.601,0,0,eGFP5
2409,18:06:49,0.040,0.588,0,0,eGFP5
2410,18:06:50,0.095,1.159,0,0,eGFP5
2411,18:06:52,0.051,1.873,0,0,eGFP5
2412,18:06:53,0.085,0.699,0,0,eGFP5
2413,18:06:53,0.040,0.622,0,0,eGFP5
2414,18:06:54,0.062,0.786,0,0,eGFP5
2415,18:06:55,0.040,0.544,0,0,eGFP5
2416,18:06:55,0.051,0.742,0,0,eGFP5
2417,18:06:56,0.051,0.578,0,0,eGFP5
2418,18:06:57,0.040,1.170,0,0,eGFP5
2419,18:06:58,0.095,0.753,0,0,eGFP5
2420,18:06:58,0.042,0.569,0,0,eGFP5
2421,18:06:59,0.061,0.851,0,0,eGFP5
2422,18:07:00,0.042,0.514,0,0,eGFP5
2423,18:07:01,0.040,0.819,0,0,eGFP5
2424,18:07:02,0.139,0.885,0,0,eGFP5
2425,18:07:08,0.045,6.607,0,0,eGFP5
2426,18:07:09,0.061,0.598,0,0,eGFP5
2427,18:07:10,0.051,0.852,0,0,eGFP5
2428,18:07:10,0.061,0.555,0,0,eGFP5
2429,18:07:11,0.051,0.611,0,0,eGFP5
2430,18:07:12,0.094,0.851,0,0,eGFP5
2431,18:07:14,0.039,2.344,0,0,eGFP5
2432,18:07:15,0.083,0.664,0,0,eGFP5
2433,18:07:15,0.051,0.577,0,0,eGFP5
2434,18:07:16,0.073,0.808,0,0,eGFP5
2435,18:07:17,0.039,0.533,0,0,eGFP5
2436,18:07:17,0.052,0.743,0,0,eGFP5
2437,18:07:18,0.052,0.568,0,0,eGFP5
2438,18:07:18,0.039,0.632,0,0,eGFP5
2439,18:07:19,0.061,0.763,0,0,eGFP5
2440,18:07:20,0.040,0.545,0,0,eGFP5
2441,18:07:21,0.061,0.873,0,0,eGFP5
2442,18:07:21,0.061,0.588,0,0,eGFP5
2443,18:07:22,0.040,0.742,0,0,eGFP5
2444,18:07:23,0.160,1.049,0,0,eGFP5
2445,18:07:24,0.052,0.601,0,0,eGFP5
2446,18:07:25,0.072,0.994,0,0,eGFP5
2447,18:07:25,0.050,0.544,0,0,eGFP5
2448,18:07:27,0.062,1.883,0,0,eGFP5
2449,18:07:28,0.051,0.544,0,0,eGFP5
2450,18:07:28,0.042,0.897,0,0,eGFP5
2451,18:07:29,0.062,0.654,0,0,eGFP5
2452,18:07:30,0.040,0.830,0,0,eGFP5
2453,18:07:31,0.095,0.786,0,0,eGFP5
2454,18:07:31,0.038,0.587,0,0,eGFP5
2455,18:07:32,0.061,0.895,0,0,eGFP5
2456,18:07:33,0.051,0.533,0,0,eGFP5
2457,18:07:35,0.051,1.763,0,0,eGFP5
2458,18:07:35,0.094,0.884,0,0,eGFP5
2459,18:07:36,0.040,0.600,0,0,eGFP5
2460,18:07:37,0.050,0.742,0,0,eGFP5
2461,18:07:37,0.072,0.709,0,0,eGFP5
2462,18:07:38,0.052,0.754,0,0,eGFP5
2463,18:07:39,0.075,0.832,0,0,eGFP5
2464,18:07:40,0.050,0.621,0,0,eGFP5
2465,18:07:41,0.062,0.841,0,0,eGFP5
2466,18:07:41,0.061,0.632,0,0,eGFP5
2467,18:07:42,0.062,0.852,0,0,eGFP5
2468,18:07:43,0.072,0.742,0,0,eGFP5
2469,18:07:44,0.061,0.829,0,0,eGFP5
2470,18:07:44,0.075,0.854,0,0,eGFP5
2471,18:07:45,0.062,0.841,0,0,eGFP5
2472,18:07:46,0.116,0.632,0,0,eGFP5
2473,18:07:47,0.194,0.830,0,0,eGFP5
2474,18:07:48,0.248,1.302,0,0,eGFP5
2475,18:07:49,0.050,0.588,0,0,eGFP5
2476,18:07:49,0.051,0.698,0,0,eGFP5
2477,18:07:50,0.064,0.722,0,0,eGFP5
2478,18:07:52,0.064,2.127,0,0,eGFP5
2479,18:07:53,0.094,0.687,0,0,eGFP5
2480,18:07:53,0.040,0.588,0,0,eGFP5
2481,18:07:54,0.062,0.885,0,0,eGFP5
2482,18:07:55,0.051,0.600,0,0,eGFP5
2483,18:07:56,0.040,0.632,0,0,eGFP5
2484,18:07:57,0.073,1.269,0,0,eGFP5
2485,18:07:57,0.062,0.655,0,0,eGFP5
2486,18:07:58,0.062,0.852,0,0,eGFP5
2487,18:07:59,0.063,0.711,0,0,eGFP5
2488,18:08:01,0.073,2.399,0,0,eGFP5
2489,18:08:02,0.055,0.560,0,0,eGFP5
2490,18:08:03,0.050,0.763,0,0,eGFP5
2491,18:08:03,0.074,0.711,0,0,eGFP5
2492,18:08:04,0.050,0.686,0,0,eGFP5
2493,18:08:42,0.072,38.015,0,0,eGFP5
2494,18:08:43,0.171,0.588,0,0,eGFP5
2495,18:08:47,0.655,4.660,0,0,eGFP5
2496,18:08:48,0.061,0.720,0,0,eGFP5
2497,18:08:49,0.072,0.873,0,0,eGFP5
2498,18:08:50,0.050,0.555,0,0,eGFP5
2499,18:08:50,0.050,0.522,0,0,eGFP5
2500,18:08:51,0.039,0.500,0,0,eGFP5
2501,18:08:51,0.050,0.577,0,0,eGFP5
2502,18:08:52,0.050,0.588,0,0,eGFP5
2503,18:08:52,0.030,0.491,0,0,eGFP5
2504,18:08:53,0.039,0.742,0,0,eGFP5
2505,18:08:54,0.095,0.831,0,0,eGFP5
2506,18:08:54,0.039,0.588,0,0,eGFP5
2507,18:08:55,0.061,0.906,0,0,eGFP5
2508,18:08:56,0.050,0.533,0,0,eGFP5
2509,18:08:56,0.040,0.643,0,0,eGFP5
2510,18:08:57,0.051,0.555,0,0,eGFP5
2511,18:08:58,0.041,0.491,0,0,eGFP5
2512,18:08:59,0.040,1.016,0,0,eGFP5
2513,18:08:59,0.062,0.588,0,0,eGFP5
2514,18:09:01,0.040,1.390,0,0,eGFP5
2515,18:09:01,0.127,0.785,0,0,eGFP5
2516,18:09:02,0.040,0.490,0,0,eGFP5
2517,18:09:04,0.050,1.718,0,0,eGFP5
2518,18:09:04,0.072,0.698,0,0,eGFP5
2519,18:09:05,0.041,0.656,0,0,eGFP5
2520,18:09:06,0.063,1.017,0,0,eGFP5
2521,18:09:14,6.908,7.929,0,0,eGFP5
2522,18:09:15,0.062,0.841,0,0,eGFP5
2523,18:09:15,0.072,0.730,0,0,eGFP5
2524,18:09:16,0.051,0.578,0,0,eGFP5
2525,18:09:17,0.050,0.643,0,0,eGFP5
2526,18:09:17,0.050,0.544,0,0,eGFP5
2527,18:09:18,0.040,0.534,0,0,eGFP5
2528,18:09:19,0.052,0.886,0,0,eGFP5
2529,18:09:19,0.051,0.522,0,0,eGFP5
2530,18:09:21,0.051,1.675,0,0,eGFP5
2531,18:09:21,0.062,0.599,0,0,eGFP5
2532,18:09:22,0.040,0.742,0,0,eGFP5
2533,18:09:23,0.162,0.985,0,0,eGFP5
2534,18:09:24,0.051,0.589,0,0,eGFP5
2535,18:09:25,0.072,1.323,0,0,eGFP5
2536,18:09:26,0.053,0.524,0,0,eGFP5
2537,18:09:27,0.040,1.949,0,0,eGFP5
2538,18:09:28,0.117,0.764,0,0,eGFP5
2539,18:09:29,0.040,0.622,0,0,eGFP5
2540,18:09:30,0.072,0.950,0,0,eGFP5
2541,18:09:30,0.051,0.567,0,0,eGFP5
2542,18:09:31,0.051,0.753,0,0,eGFP5
2543,18:09:32,0.062,0.588,0,0,eGFP5
2544,18:09:32,0.042,0.700,0,0,eGFP5
2545,18:09:33,0.062,0.644,0,0,eGFP5
2546,18:09:34,0.041,0.535,0,0,eGFP5
2547,18:09:35,0.062,1.104,0,0,eGFP5
2548,18:09:35,0.051,0.545,0,0,eGFP5
2549,18:09:36,0.051,0.874,0,0,eGFP5
2550,18:09:37,0.062,0.632,0,0,eGFP5
2551,18:09:37,0.040,0.534,0,0,eGFP5
2552,18:09:38,0.056,0.999,0,0,eGFP5
2553,18:09:39,0.052,0.579,0,0,eGFP5
2554,18:09:40,0.039,0.917,0,0,eGFP5
2555,18:09:41,0.083,0.752,0,0,eGFP5
2556,18:09:41,0.040,0.555,0,0,eGFP5
2557,18:09:42,0.062,1.334,0,0,eGFP5
2558,18:09:43,0.160,0.983,0,0,eGFP5
2559,18:09:44,0.039,0.566,0,0,eGFP5
2560,18:09:45,0.052,0.864,0,0,eGFP5
2561,18:09:45,0.063,0.578,0,0,eGFP5
2562,18:09:46,0.040,0.676,0,0,eGFP5
2563,18:09:47,0.105,0.983,0,0,eGFP5
2564,18:09:48,0.083,0.796,0,0,eGFP5
2565,18:09:49,0.128,0.742,0,0,eGFP5
2566,18:09:49,0.105,0.731,0,0,eGFP5
2567,18:09:50,0.050,0.555,0,0,eGFP5
2568,18:09:51,0.050,0.697,0,0,eGFP5
2569,18:09:51,0.052,0.678,0,0,eGFP5
2570,18:09:52,0.061,0.632,0,0,eGFP5
2571,18:09:53,0.050,0.862,0,0,eGFP5
2572,18:09:54,0.094,0.742,0,0,eGFP5
2573,18:09:54,0.039,0.697,0,0,eGFP5
2574,18:09:55,0.096,0.930,0,0,eGFP5
2575,18:09:56,0.051,0.544,0,0,eGFP5
2576,18:09:57,0.051,1.214,0,0,eGFP5
2577,18:09:58,0.074,0.721,0,0,eGFP5
2578,18:09:58,0.051,0.687,0,0,eGFP5
2579,18:09:59,0.073,0.863,0,0,eGFP5
2580,18:10:00,0.061,0.676,0,0,eGFP5
2581,18:10:01,0.061,0.851,0,0,eGFP5
2582,18:10:01,0.105,0.687,0,0,eGFP5
2583,18:10:02,0.138,0.873,0,0,eGFP5
2584,18:10:03,0.095,0.753,0,0,eGFP5
2585,18:10:04,0.051,0.610,0,0,eGFP5
2586,18:10:04,0.074,0.787,0,0,eGFP5
2587,18:10:05,0.051,0.589,0,0,eGFP5
2588,18:10:06,0.052,0.798,0,0,eGFP5
2589,18:10:07,0.073,0.819,0,0,eGFP5
2590,18:10:07,0.050,0.632,0,0,eGFP5
2591,18:10:08,0.061,0.961,0,0,eGFP5
2592,18:10:09,0.073,0.720,0,0,eGFP5
2593,18:10:10,0.040,0.665,0,0,eGFP5
2594,18:10:10,0.074,0.810,0,0,eGFP5
2595,18:10:11,0.061,0.665,0,0,eGFP5
2596,18:10:13,0.061,1.718,0,0,eGFP5
2597,18:10:14,0.084,0.753,0,0,eGFP5
2598,18:10:14,0.062,0.797,0,0,eGFP5
2599,18:10:15,0.072,0.775,0,0,eGFP5
2600,18:10:16,0.050,0.742,0,0,eGFP5
2601,18:10:17,0.072,1.005,0,0,eGFP5
2602,18:10:18,0.065,0.778,0,0,eGFP5
2603,18:10:21,0.073,3.562,0,0,eGFP5
2604,18:10:22,0.051,0.589,0,0,eGFP5
2605,18:10:23,0.061,0.742,0,0,eGFP5
2606,18:10:23,0.062,0.842,0,0,eGFP5
2607,18:10:24,0.105,0.818,0,0,eGFP5
2608,18:10:25,0.040,0.600,0,0,eGFP5
2609,18:10:26,0.062,0.939,0,0,eGFP5
2610,18:10:26,0.075,0.755,0,0,eGFP5
2611,18:10:27,0.051,0.622,0,0,eGFP5
2612,18:10:28,0.072,0.906,0,0,eGFP5
2613,18:10:29,0.062,0.622,0,0,eGFP5
2614,18:10:30,0.062,1.159,0,0,eGFP5
2615,18:10:31,0.084,0.753,0,0,eGFP5
2616,18:10:31,0.057,0.759,0,0,eGFP5
2617,18:10:32,0.061,0.829,0,0,eGFP5
2618,18:10:33,0.072,0.972,0,0,eGFP5
2619,18:10:34,0.085,0.798,0,0,eGFP5
2620,18:10:35,0.061,0.851,0,0,eGFP5
2621,18:10:41,0.083,6.469,0,0,eGFP5
2622,18:10:50,0.314,8.697,0,0,eGFP5
2623,18:10:51,0.061,0.587,0,0,eGFP5
2624,18:10:51,0.040,0.632,0,0,eGFP5
2625,18:10:52,0.040,0.511,0,0,eGFP5
2626,18:10:52,0.040,0.676,0,0,eGFP5
2627,18:10:53,0.085,0.710,0,0,eGFP5
2628,18:10:54,0.040,0.533,0,0,eGFP5
2629,18:10:56,0.074,2.696,0,0,eGFP5
2630,18:10:57,0.062,0.621,0,0,eGFP5
2631,18:10:58,0.051,1.159,0,0,eGFP5
2632,18:10:59,0.050,0.599,0,0,eGFP5
2633,18:10:59,0.039,0.708,0,0,eGFP5
2634,18:11:00,0.073,0.687,0,0,eGFP5
2635,18:11:01,0.041,0.568,0,0,eGFP5
2636,18:11:01,0.061,0.873,0,0,eGFP5
2637,18:11:02,0.050,0.533,0,0,eGFP5
2638,18:11:03,0.040,0.797,0,0,eGFP5
2639,18:11:04,0.083,0.730,0,0,eGFP5
2640,18:11:04,0.051,0.720,0,0,eGFP5
2641,18:11:05,0.500,0.928,0,0,eGFP5
2642,18:11:06,0.149,0.808,0,0,eGFP5
2643,18:11:07,0.043,0.547,0,0,eGFP5
2644,18:11:07,0.062,0.874,0,0,eGFP5
2645,18:11:08,0.061,0.632,0,0,eGFP5
2646,18:11:09,0.061,0.972,0,0,eGFP5
2647,18:11:10,0.061,0.610,0,0,eGFP5
2648,18:11:10,0.039,0.818,0,0,eGFP5
2649,18:11:11,0.095,0.753,0,0,eGFP5
2650,18:11:12,0.040,0.654,0,0,eGFP5
2651,18:11:13,0.127,1.170,0,0,eGFP5
2652,18:11:14,0.041,0.557,0,0,eGFP5
2653,18:11:15,0.061,1.016,0,0,eGFP5
2654,18:11:15,0.062,0.632,0,0,eGFP5
2655,18:11:20,0.084,4.407,0,0,eGFP5
2656,18:11:20,0.062,0.654,0,0,eGFP5
2657,18:11:21,0.063,0.875,0,0,eGFP5
2658,18:11:22,0.051,0.600,0,0,eGFP5
2659,18:11:23,0.050,0.818,0,0,eGFP5
2660,18:11:23,0.056,0.660,0,0,eGFP5
2661,18:11:24,0.050,0.742,0,0,eGFP5
2662,18:11:25,0.061,0.621,0,0,eGFP5
2663,18:11:25,0.048,0.783,0,0,eGFP5
2664,18:11:26,0.072,0.698,0,0,eGFP5
2665,18:11:27,0.039,0.653,0,0,eGFP5
2666,18:11:28,0.083,0.774,0,0,eGFP5
2667,18:11:28,0.040,0.533,0,0,eGFP5
2668,18:11:29,0.052,1.358,0,0,eGFP5
2669,18:11:30,0.050,0.555,0,0,eGFP5
2670,18:11:31,0.050,1.290,0,0,eGFP5
2671,18:11:32,0.052,0.600,0,0,eGFP5
2672,18:11:33,0.040,1.521,0,0,eGFP5
2673,18:11:34,0.083,0.676,0,0,eGFP5
2674,18:11:35,0.039,0.675,0,0,eGFP5
2675,18:11:36,0.095,1.005,0,0,eGFP5
2676,18:11:36,0.052,0.645,0,0,eGFP5
2677,18:11:37,0.072,1.038,0,0,eGFP5
2678,18:11:38,0.050,0.610,0,0,eGFP5
2679,18:11:39,0.072,1.158,0,0,eGFP5
2680,18:11:40,0.051,0.643,0,0,eGFP5
2681,18:11:41,0.051,0.918,0,0,eGFP5
2682,18:11:41,0.072,0.697,0,0,eGFP5
2683,18:11:42,0.051,0.687,0,0,eGFP5
2684,18:11:43,0.106,1.016,0,0,eGFP5
2685,18:11:44,0.046,0.650,0,0,eGFP5
2686,18:11:45,0.072,0.983,0,0,eGFP5
2687,18:11:45,0.050,0.555,0,0,eGFP5
2688,18:11:46,0.061,1.126,0,0,eGFP5
2689,18:11:47,0.072,0.632,0,0,eGFP5
2690,18:11:48,0.050,1.158,0,0,eGFP5
2691,18:11:49,0.084,0.676,0,0,eGFP5
2692,18:11:50,0.051,1.115,0,0,eGFP5
2693,18:11:51,0.074,0.645,0,0,eGFP5
2694,18:11:53,0.039,2.640,0,0,eGFP5
2695,18:11:54,0.061,0.577,0,0,eGFP5
2696,18:11:55,0.039,0.742,0,0,eGFP5
2697,18:11:56,0.138,1.137,0,0,eGFP5
2698,18:11:57,0.050,0.796,0,0,eGFP5
2699,18:11:57,0.063,0.744,0,0,eGFP5
2700,18:11:58,0.061,0.961,0,0,eGFP5
2701,18:11:59,0.074,0.842,0,0,eGFP5
2702,18:12:00,0.062,0.819,0,0,eGFP5
2703,18:12:01,0.084,1.433,0,0,eGFP5
2704,18:12:02,0.073,0.677,0,0,eGFP5
2705,18:12:03,0.050,0.851,0,0,eGFP5
2706,18:12:04,0.073,0.731,0,0,eGFP5
2707,18:12:04,0.062,0.819,0,0,eGFP5
2708,18:12:06,0.084,2.015,0,0,eGFP5
2709,18:12:07,0.063,0.721,0,0,eGFP5
2710,18:12:08,0.060,0.708,0,0,eGFP5
2711,18:12:09,0.073,1.016,0,0,eGFP5
2712,18:12:11,0.075,2.104,0,0,eGFP5
2713,18:12:12,0.073,0.710,0,0,eGFP5
2714,18:12:13,0.040,0.928,0,0,eGFP5
2715,18:12:13,0.084,0.742,0,0,eGFP5
2716,18:12:14,0.051,0.666,0,0,eGFP5
2717,18:12:15,0.094,1.049,0,0,eGFP5
2718,18:12:16,0.064,0.722,0,0,eGFP5
2719,18:12:18,0.073,2.015,0,0,eGFP5
2720,18:12:19,0.084,0.709,0,0,eGFP5
2721,18:12:19,0.051,0.753,0,0,eGFP5
2722,18:12:20,0.073,0.743,0,0,eGFP5
2723,18:12:21,0.050,0.742,0,0,eGFP5
2724,18:12:22,0.106,1.170,0,0,eGFP5
2725,18:12:23,0.056,0.737,0,0,eGFP5
2726,18:12:24,0.119,1.150,0,0,eGFP5
2727,18:12:25,0.050,0.753,0,0,eGFP5
2728,18:17:36,4.889,311.312,0,0,eGFP5
2729,18:17:36,0.248,0.588,0,0,eGFP5
2730,18:17:39,0.226,2.969,0,0,eGFP5
2731,18:17:41,0.160,1.312,0,0,eGFP5
2732,18:17:42,0.336,1.323,0,0,eGFP5
2733,18:17:45,0.106,2.936,0,0,eGFP5
2734,18:17:47,0.085,2.214,0,0,eGFP5
2735,18:17:49,0.072,1.356,0,0,eGFP5
2736,18:17:50,0.083,1.729,0,0,eGFP5
2737,18:17:53,0.127,2.530,0,0,eGFP5
2738,18:18:02,0.051,9.004,0,0,eGFP5
2739,18:18:03,0.105,1.126,0,0,eGFP5
2740,18:18:04,0.096,1.281,0,0,eGFP5
2741,18:18:06,0.544,2.102,0,0,eGFP5
2742,18:18:09,0.072,2.387,0,0,eGFP5
2743,18:18:10,0.052,1.369,0,0,eGFP5
2744,18:18:11,0.281,1.257,0,0,eGFP5
2745,18:18:13,0.073,1.192,0,0,eGFP5
2746,18:18:14,0.424,1.203,0,0,eGFP5
2747,18:18:15,0.050,1.586,0,0,eGFP5
2748,18:18:16,0.073,0.643,0,0,eGFP5
2749,18:18:17,0.051,0.698,0,0,eGFP5
2750,18:18:17,0.062,0.687,0,0,eGFP5
2751,18:18:18,0.041,0.480,0,0,eGFP5
2752,18:18:19,0.051,0.950,0,0,eGFP5
2753,18:18:19,0.073,0.643,0,0,eGFP5
2754,18:18:23,0.042,3.278,0,0,eGFP5
2755,18:18:24,0.325,1.532,0,0,eGFP5
2756,18:18:25,0.084,0.709,0,0,eGFP5
2757,18:18:26,0.062,0.797,0,0,eGFP5
2758,18:18:26,0.061,0.599,0,0,eGFP5
2759,18:18:27,0.041,0.590,0,0,eGFP5
2760,18:18:28,0.062,0.588,0,0,eGFP5
2761,18:18:28,0.051,0.698,0,0,eGFP5
2762,18:18:29,0.062,0.654,0,0,eGFP5
2763,18:18:29,0.040,0.556,0,0,eGFP5
2764,18:18:30,0.050,0.884,0,0,eGFP5
2765,18:18:36,0.051,5.910,0,0,eGFP5
2766,18:18:37,0.051,0.556,0,0,eGFP5
2767,18:18:38,0.052,0.787,0,0,eGFP5
2768,18:18:38,0.063,0.612,0,0,eGFP5
2769,18:18:40,0.040,1.719,0,0,eGFP5
2770,18:18:41,0.072,0.632,0,0,eGFP5
2771,18:18:41,0.051,0.687,0,0,eGFP5
2772,18:18:42,0.073,0.698,0,0,eGFP5
2773,18:18:43,0.040,0.567,0,0,eGFP5
2774,18:18:43,0.061,0.961,0,0,eGFP5
2775,18:18:44,0.062,0.567,0,0,eGFP5
2776,18:18:45,0.063,0.831,0,0,eGFP5
2777,18:18:45,0.062,0.556,0,0,eGFP5
2778,18:18:48,0.040,2.651,0,0,eGFP5
2779,18:18:49,0.051,0.588,0,0,eGFP5
2780,18:18:52,0.073,3.541,0,0,eGFP5
2781,18:18:53,0.050,0.577,0,0,eGFP5
2782,18:18:58,0.064,5.539,0,0,eGFP5
2783,18:18:59,0.051,0.577,0,0,eGFP5
2784,18:19:00,0.053,0.865,0,0,eGFP5
2785,18:19:00,0.062,0.577,0,0,eGFP5
2786,18:19:01,0.040,0.501,0,0,eGFP5
2787,18:19:03,0.051,1.741,0,0,eGFP5
2788,18:19:03,0.051,0.545,0,0,eGFP5
2789,18:19:04,0.033,0.648,0,0,eGFP5
2790,18:19:05,0.105,0.763,0,0,eGFP5
2791,18:19:05,0.039,0.544,0,0,eGFP5
2792,18:19:06,0.063,0.644,0,0,eGFP5
2793,18:19:06,0.051,0.479,0,0,eGFP5
2794,18:19:07,0.050,0.708,0,0,eGFP5
2795,18:19:08,0.085,0.666,0,0,eGFP5
2796,18:19:08,0.040,0.501,0,0,eGFP5
2797,18:19:09,0.039,0.598,0,0,eGFP5
2798,18:19:09,0.051,0.621,0,0,eGFP5
2799,18:19:10,0.051,0.566,0,0,eGFP5
2800,18:19:10,0.052,0.612,0,0,eGFP5
2801,18:19:11,0.050,0.785,0,0,eGFP5
2802,18:19:12,0.051,0.577,0,0,eGFP5
2803,18:19:13,0.051,0.808,0,0,eGFP5
2804,18:19:13,0.072,0.665,0,0,eGFP5
2805,18:19:14,0.039,0.577,0,0,eGFP5
2806,18:19:15,0.061,1.125,0,0,eGFP5
2807,18:19:16,0.073,0.808,0,0,eGFP5
2808,18:19:19,0.061,2.738,0,0,eGFP5
2809,18:19:19,0.054,0.526,0,0,eGFP5
2810,18:19:20,0.039,0.676,0,0,eGFP5
2811,18:19:21,0.094,1.323,0,0,eGFP5
2812,18:19:22,0.314,1.148,0,0,eGFP5
2813,18:19:23,0.083,0.708,0,0,eGFP5
2814,18:19:23,0.040,0.545,0,0,eGFP5
2815,18:19:24,0.050,0.610,0,0,eGFP5
2816,18:19:25,0.050,0.895,0,0,eGFP5
2817,18:19:26,0.085,0.711,0,0,eGFP5
2818,18:19:26,0.039,0.544,0,0,eGFP5
2819,18:19:27,0.050,0.687,0,0,eGFP5
2820,18:19:28,0.061,0.599,0,0,eGFP5
2821,18:19:28,0.039,0.665,0,0,eGFP5
2822,18:19:29,0.061,0.731,0,0,eGFP5
2823,18:19:30,0.052,0.633,0,0,eGFP5
2824,18:19:30,0.051,0.841,0,0,eGFP5
2825,18:19:31,0.063,0.678,0,0,eGFP5
2826,18:19:32,0.050,0.742,0,0,eGFP5
2827,18:19:32,0.061,0.654,0,0,eGFP5
2828,18:19:33,0.050,0.709,0,0,eGFP5
2829,18:19:35,0.105,2.179,0,0,eGFP5
2830,18:19:36,0.062,0.621,0,0,eGFP5
2831,18:19:37,0.040,0.534,0,0,eGFP5
2832,18:19:37,0.039,0.709,0,0,eGFP5
2833,18:19:38,0.052,0.633,0,0,eGFP5
2834,18:19:39,0.051,0.688,0,0,eGFP5
2835,18:19:39,0.050,0.610,0,0,eGFP5
2836,18:19:42,0.051,2.377,0,0,eGFP5
2837,18:19:42,0.052,0.568,0,0,eGFP5
2838,18:19:43,0.040,0.544,0,0,eGFP5
2839,18:19:43,0.062,0.753,0,0,eGFP5
2840,18:19:44,0.062,0.797,0,0,eGFP5
2841,18:19:45,0.062,0.720,0,0,eGFP5
2842,18:19:46,0.042,0.678,0,0,eGFP5
2843,18:19:46,0.051,0.709,0,0,eGFP5
2844,18:19:47,0.062,0.743,0,0,eGFP5
2845,18:19:48,0.072,0.873,0,0,eGFP5
2846,18:19:49,0.062,0.666,0,0,eGFP5
2847,18:19:49,0.061,0.753,0,0,eGFP5
2848,18:19:50,0.062,0.698,0,0,eGFP5
2849,18:19:51,0.051,0.698,0,0,eGFP5
2850,18:19:52,0.075,1.051,0,0,eGFP5
2851,18:19:52,0.064,0.678,0,0,eGFP5
2852,18:19:53,0.056,1.000,0,0,eGFP5
2853,18:19:54,0.072,0.697,0,0,eGFP5
2854,18:19:55,0.051,0.643,0,0,eGFP5
2855,18:19:56,0.061,1.005,0,0,eGFP5
2856,18:19:57,0.083,0.884,0,0,eGFP5
2857,18:19:57,0.050,0.632,0,0,eGFP5
2858,18:19:58,0.073,1.116,0,0,eGFP5
2859,18:19:59,0.061,0.741,0,0,eGFP5
2860,18:20:00,0.050,0.742,0,0,eGFP5
2861,18:20:01,0.061,0.829,0,0,eGFP5
2862,18:20:01,0.061,0.731,0,0,eGFP5
2863,18:20:02,0.061,0.818,0,0,eGFP5
2864,18:20:03,0.072,0.829,0,0,eGFP5
2865,18:20:06,0.052,2.993,0,0,eGFP5
2866,18:20:08,0.117,1.379,0,0,eGFP5
2867,18:20:08,0.072,0.829,0,0,eGFP5
2868,18:20:09,0.062,0.819,0,0,eGFP5
2869,18:20:10,0.083,1.334,0,0,eGFP5
2870,18:20:11,0.094,0.895,0,0,eGFP5
2871,18:20:12,0.062,0.764,0,0,eGFP5
2872,18:20:13,0.094,0.895,0,0,eGFP5
2873,18:20:14,0.050,0.610,0,0,eGFP5
2874,18:20:14,0.061,0.796,0,0,eGFP5
2875,18:20:15,0.052,0.634,0,0,eGFP5
2876,18:20:16,0.050,0.895,0,0,eGFP5
2877,18:20:17,0.073,0.742,0,0,eGFP5
2878,18:20:18,0.063,0.963,0,0,eGFP5
2879,18:20:18,0.072,0.654,0,0,eGFP5
2880,18:20:19,0.050,1.071,0,0,eGFP5
2881,18:20:20,0.149,0.939,0,0,eGFP5
2882,18:20:22,0.050,1.707,0,0,eGFP5
2883,18:20:23,0.096,0.831,0,0,eGFP5
2884,18:20:24,0.051,0.764,0,0,eGFP5
2885,18:20:25,0.083,0.873,0,0,eGFP5
2886,18:20:25,0.051,0.665,0,0,eGFP5
2887,18:20:26,0.073,1.170,0,0,eGFP5
2888,18:20:27,0.073,0.698,0,0,eGFP5
2889,18:20:28,0.062,0.863,0,0,eGFP5
2890,18:20:29,0.072,0.818,0,0,eGFP5
2891,18:20:31,0.063,1.951,0,0,eGFP5
2892,18:20:32,0.129,0.897,0,0,eGFP5
2893,18:20:32,0.050,0.884,0,0,eGFP5
2894,18:20:34,0.117,1.730,0,0,eGFP5
2895,18:20:35,0.105,1.136,0,0,eGFP5
2896,18:20:36,0.073,0.764,0,0,eGFP5
2897,18:20:37,0.062,0.819,0,0,eGFP5
2898,18:20:38,0.084,1.389,0,0,eGFP5
2899,18:20:39,0.097,0.843,0,0,eGFP5
2900,18:20:43,0.061,3.507,0,0,eGFP5
2901,18:20:44,0.116,0.851,0,0,eGFP5
2902,18:20:44,0.062,0.885,0,0,eGFP5
2903,18:20:45,0.084,1.016,0,0,eGFP5
2904,18:20:46,0.062,0.611,0,0,eGFP5
2905,18:20:47,0.050,0.764,0,0,eGFP5
2906,18:20:48,0.085,0.952,0,0,eGFP5
2907,18:20:50,0.061,1.872,0,0,eGFP5
2908,18:20:50,0.096,0.886,0,0,eGFP5
2909,18:20:51,0.051,0.556,0,0,eGFP5
2910,18:20:52,0.051,0.906,0,0,eGFP5
2911,18:20:53,0.106,0.951,0,0,eGFP5
2912,18:20:54,0.073,0.918,0,0,eGFP5
2913,18:20:54,0.149,0.533,0,0,eGFP5
2914,18:20:55,0.161,1.061,0,0,eGFP5
2915,18:20:56,0.072,0.764,0,0,eGFP5
2916,18:20:57,0.068,0.836,0,0,eGFP5
2917,18:20:58,0.083,1.345,0,0,eGFP5
2918,18:20:59,0.094,1.103,0,0,eGFP5
2919,18:21:00,0.083,0.808,0,0,eGFP5
2920,18:21:01,0.051,0.655,0,0,eGFP5
2921,18:21:02,0.061,0.950,0,0,eGFP5
2922,18:21:03,0.138,1.005,0,0,eGFP5
2923,18:21:04,0.072,0.994,0,0,eGFP5
2924,18:21:05,0.337,1.237,0,0,eGFP5
2925,18:21:06,0.061,0.653,0,0,eGFP5
2926,18:21:07,0.051,1.686,0,0,eGFP5
2927,18:21:08,0.072,0.686,0,0,eGFP5
2928,18:21:09,0.051,0.698,0,0,eGFP5
2929,18:21:09,0.050,0.632,0,0,eGFP5
2930,18:21:10,0.050,0.730,0,0,eGFP5
2931,18:21:11,0.073,0.874,0,0,eGFP5
2932,18:21:12,0.063,1.292,0,0,eGFP5
2933,18:21:13,0.149,0.478,0,0,eGFP5
2934,18:21:14,0.217,0.820,0,0,eGFP5
2935,18:21:15,0.128,0.852,0,0,eGFP5
2936,18:21:15,0.050,0.588,0,0,eGFP5
2937,18:21:16,0.050,0.785,0,0,eGFP5
2938,18:21:17,0.073,1.028,0,0,eGFP5
2939,18:21:18,0.072,0.741,0,0,eGFP5
2940,18:21:18,0.062,0.742,0,0,eGFP5
2941,18:21:19,0.052,0.656,0,0,eGFP5
2942,18:21:21,0.072,2.036,0,0,eGFP5
2943,18:21:22,0.062,0.698,0,0,eGFP5
2944,18:21:23,0.062,0.896,0,0,eGFP5
2945,18:21:24,0.061,0.841,0,0,eGFP5
2946,18:21:25,0.083,1.290,0,0,eGFP5
2947,18:21:26,0.073,0.720,0,0,eGFP5
2948,18:21:27,0.063,1.808,0,0,eGFP5
2949,18:21:28,0.052,0.601,0,0,eGFP5
2950,18:21:46,0.061,18.078,0,0,eGFP5
2951,18:21:47,0.084,0.720,0,0,eGFP5
2952,18:21:47,0.062,0.753,0,0,eGFP5
2953,18:21:48,0.062,0.599,0,0,eGFP5
2954,18:21:49,0.051,0.654,0,0,eGFP5
2955,18:21:49,0.062,0.742,0,0,eGFP5
2956,18:21:50,0.040,0.523,0,0,eGFP5
2957,18:21:51,0.041,0.612,0,0,eGFP5
2958,18:21:51,0.040,0.512,0,0,eGFP5
2959,18:21:52,0.039,0.522,0,0,eGFP5
2960,18:21:53,0.073,0.852,0,0,eGFP5
2961,18:21:53,0.052,0.590,0,0,eGFP5
2962,18:21:54,0.051,1.104,0,0,eGFP5
2963,18:21:55,0.051,0.567,0,0,eGFP5
2964,18:21:56,0.051,1.510,0,0,eGFP5
2965,18:21:57,0.051,0.523,0,0,eGFP5
2966,18:21:58,0.049,0.850,0,0,eGFP5
2967,18:21:58,0.095,0.720,0,0,eGFP5
2968,18:21:59,0.040,0.589,0,0,eGFP5
2969,18:22:00,0.072,0.906,0,0,eGFP5
2970,18:22:00,0.051,0.556,0,0,eGFP5
2971,18:22:01,0.040,0.698,0,0,eGFP5
2972,18:22:02,0.073,0.633,0,0,eGFP5
2973,18:22:02,0.040,0.512,0,0,eGFP5
2974,18:22:03,0.041,0.787,0,0,eGFP5
2975,18:22:04,0.053,0.602,0,0,eGFP5
2976,18:22:05,0.062,0.939,0,0,eGFP5
2977,18:22:05,0.062,0.633,0,0,eGFP5
2978,18:22:06,0.051,0.720,0,0,eGFP5
2979,18:22:07,0.049,0.564,0,0,eGFP5
2980,18:22:08,0.039,1.740,0,0,eGFP5
2981,18:22:09,0.061,0.599,0,0,eGFP5
2982,18:22:10,0.041,0.765,0,0,eGFP5
2983,18:22:10,0.105,0.873,0,0,eGFP5
2984,18:22:11,0.051,0.599,0,0,eGFP5
2985,18:22:12,0.073,1.093,0,0,eGFP5
2986,18:22:14,0.379,1.499,0,0,eGFP5
2987,18:22:15,0.105,0.840,0,0,eGFP5
2988,18:22:15,0.050,0.621,0,0,eGFP5
2989,18:22:16,0.085,1.182,0,0,eGFP5
2990,18:22:17,0.063,0.589,0,0,eGFP5
2991,18:22:18,0.051,0.786,0,0,eGFP5
2992,18:22:19,0.083,1.180,0,0,eGFP5
2993,18:22:20,0.084,0.874,0,0,eGFP5
2994,18:22:20,0.061,0.687,0,0,eGFP5
2995,18:22:23,0.050,2.124,0,0,eGFP5
2996,18:22:23,0.061,0.599,0,0,eGFP5
2997,18:22:24,0.050,0.840,0,0,eGFP5
2998,18:22:25,0.073,0.764,0,0,eGFP5
2999,18:22:25,0.052,0.589,0,0,eGFP5
3000,18:22:26,0.051,0.863,0,0,eGFP5
3001,18:22:27,0.096,0.864,0,0,eGFP5
3002,18:22:28,0.050,0.807,0,0,eGFP5
3003,18:22:29,0.074,0.733,0,0,eGFP5
3004,18:22:29,0.050,0.610,0,0,eGFP5
3005,18:22:30,0.061,0.950,0,0,eGFP5
3006,18:22:31,0.062,0.621,0,0,eGFP5
3007,18:22:32,0.041,0.711,0,0,eGFP5
3008,18:22:32,0.072,0.741,0,0,eGFP5
3009,18:22:33,0.062,0.797,0,0,eGFP5
3010,18:22:34,0.062,0.621,0,0,eGFP5
3011,18:22:35,0.051,1.060,0,0,eGFP5
3012,18:22:35,0.084,0.709,0,0,eGFP5
3013,18:22:36,0.040,0.654,0,0,eGFP5
3014,18:22:37,0.095,0.852,0,0,eGFP5
3015,18:22:37,0.041,0.524,0,0,eGFP5
3016,18:22:40,0.051,2.037,0,0,eGFP5
3017,18:22:40,0.052,0.644,0,0,eGFP5
3018,18:22:41,0.051,0.698,0,0,eGFP5
3019,18:22:42,0.051,0.731,0,0,eGFP5
3020,18:22:42,0.095,0.808,0,0,eGFP5
3021,18:22:44,0.424,1.861,0,0,eGFP5
3022,18:22:45,0.084,0.907,0,0,eGFP5
3023,18:22:46,0.107,1.171,0,0,eGFP5
3024,18:22:48,0.073,1.938,0,0,eGFP5
3025,18:22:49,0.139,1.083,0,0,eGFP5
3026,18:22:50,0.061,1.016,0,0,eGFP5
3027,18:22:52,0.446,1.576,0,0,eGFP5
3028,18:22:53,0.116,0.841,0,0,eGFP5
3029,18:22:54,0.061,0.753,0,0,eGFP5
3030,18:22:54,0.094,0.895,0,0,eGFP5
3031,18:22:55,0.064,0.766,0,0,eGFP5
3032,18:22:56,0.052,0.711,0,0,eGFP5
3033,18:22:57,0.051,0.588,0,0,eGFP5
3034,18:22:57,0.062,0.841,0,0,eGFP5
3035,18:22:58,0.062,0.666,0,0,eGFP5
3036,18:22:59,0.050,0.687,0,0,eGFP5
3037,18:23:00,0.084,1.049,0,0,eGFP5
3038,18:23:00,0.073,0.687,0,0,eGFP5
3039,18:23:01,0.062,0.809,0,0,eGFP5
3040,18:23:02,0.085,0.798,0,0,eGFP5
3041,18:23:04,0.051,2.224,0,0,eGFP5
3042,18:23:06,0.128,1.433,0,0,eGFP5
3043,18:23:07,0.078,0.912,0,0,eGFP5
3044,18:23:07,0.062,0.863,0,0,eGFP5
3045,18:23:09,0.073,1.543,0,0,eGFP5
3046,18:23:10,0.204,1.038,0,0,eGFP5
3047,18:23:11,0.061,0.686,0,0,eGFP5
3048,18:23:11,0.063,0.743,0,0,eGFP5
3049,18:23:12,0.072,0.720,0,0,eGFP5
3050,18:23:13,0.061,1.038,0,0,eGFP5
3051,18:23:14,0.127,0.862,0,0,eGFP5
3052,18:23:15,0.050,0.741,0,0,eGFP5
3053,18:23:16,0.083,0.819,0,0,eGFP5
3054,18:23:16,0.050,0.620,0,0,eGFP5
3055,18:23:17,0.051,0.907,0,0,eGFP5
3056,18:23:18,0.084,0.885,0,0,eGFP5
3057,18:23:21,0.051,2.651,0,0,eGFP5
3058,18:23:21,0.052,0.710,0,0,eGFP5
3059,18:23:22,0.051,0.709,0,0,eGFP5
3060,18:23:23,0.051,0.610,0,0,eGFP5
3061,18:23:24,0.051,0.917,0,0,eGFP5
3062,18:23:26,0.084,1.993,0,0,eGFP5
3063,18:23:27,0.083,1.169,0,0,eGFP5
3064,18:23:28,0.073,0.808,0,0,eGFP5
3065,18:23:29,0.074,1.072,0,0,eGFP5
3066,18:23:30,0.095,0.951,0,0,eGFP5
3067,18:23:31,0.127,1.400,0,0,eGFP5
3068,18:23:32,0.061,0.763,0,0,eGFP5
3069,18:23:33,0.073,0.885,0,0,eGFP5
3070,18:23:35,0.072,1.795,0,0,eGFP5
3071,18:23:35,0.127,0.851,0,0,eGFP5
3072,18:23:36,0.041,0.755,0,0,eGFP5
3073,18:23:37,0.085,1.017,0,0,eGFP5
3074,18:23:38,0.084,0.983,0,0,eGFP5
3075,18:23:39,0.128,1.071,0,0,eGFP5
3076,18:23:41,0.062,1.697,0,0,eGFP5
3077,18:23:42,0.072,0.753,0,0,eGFP5
3078,18:23:42,0.061,0.774,0,0,eGFP5
3079,18:23:43,0.051,0.654,0,0,eGFP5
3080,18:23:46,0.062,3.244,0,0,eGFP5
3081,18:23:48,0.096,1.841,0,0,eGFP5
3082,18:23:49,0.094,0.972,0,0,eGFP5
3083,18:23:51,0.106,1.707,0,0,eGFP5
3084,18:23:52,0.051,0.688,0,0,eGFP5
3085,18:23:52,0.083,0.950,0,0,eGFP5
3086,18:23:53,0.063,0.656,0,0,eGFP5
3087,18:23:54,0.039,0.917,0,0,eGFP5
3088,18:23:55,0.117,1.148,0,0,eGFP5
3089,18:23:56,0.063,0.667,0,0,eGFP5
3090,18:23:57,0.073,0.983,0,0,eGFP5
3091,18:23:57,0.062,0.622,0,0,eGFP5
3092,18:24:00,0.050,2.420,0,0,eGFP5
3093,18:24:01,0.062,0.633,0,0,eGFP5
3094,18:24:01,0.061,0.764,0,0,eGFP5
3095,18:24:02,0.061,0.610,0,0,eGFP5
3096,18:24:03,0.051,0.808,0,0,eGFP5
3097,18:24:04,0.128,1.027,0,0,eGFP5
3098,18:24:04,0.053,0.590,0,0,eGFP5
3099,18:24:05,0.062,0.940,0,0,eGFP5
3100,18:24:06,0.053,0.601,0,0,eGFP5
3101,18:24:07,0.051,0.962,0,0,eGFP5
3102,18:24:09,0.819,1.762,0,0,eGFP5
3103,18:24:09,0.084,0.742,0,0,eGFP5
3104,18:24:10,0.062,0.995,0,0,eGFP5
3105,18:24:11,0.106,0.983,0,0,eGFP5
3106,18:24:13,0.519,1.583,0,0,eGFP5
3107,18:24:14,0.083,0.763,0,0,eGFP5
3108,18:24:14,0.040,0.610,0,0,eGFP5
3109,18:24:15,0.061,0.917,0,0,eGFP5
3110,18:24:18,0.061,2.673,0,0,eGFP5
3111,18:24:19,0.061,0.675,0,0,eGFP5
3112,18:24:20,0.061,0.994,0,0,eGFP5
3113,18:24:20,0.061,0.610,0,0,eGFP5
3114,18:24:21,0.042,0.723,0,0,eGFP5
3115,18:24:22,0.072,0.719,0,0,eGFP5
3116,18:24:22,0.051,0.665,0,0,eGFP5
3117,18:24:24,0.072,1.762,0,0,eGFP5
3118,18:24:25,0.138,0.862,0,0,eGFP5
3119,18:24:26,0.051,0.764,0,0,eGFP5
3120,18:24:26,0.072,0.819,0,0,eGFP5
3121,18:24:27,0.050,0.620,0,0,eGFP5
3122,18:24:28,0.063,0.864,0,0,eGFP5
3123,18:24:32,0.051,3.639,0,0,eGFP5
3124,18:26:01,0.325,89.398,0,0,eGFP5
3125,18:26:02,0.072,0.720,0,0,eGFP5
3126,18:26:02,0.061,0.752,0,0,eGFP5
3127,18:26:03,0.064,0.865,0,0,eGFP5
3128,18:26:04,0.083,0.950,0,0,eGFP5
3129,18:26:05,0.050,0.599,0,0,eGFP5
3130,18:26:05,0.039,0.654,0,0,eGFP5
3131,18:26:06,0.085,0.907,0,0,eGFP5
3132,18:26:07,0.051,0.523,0,0,eGFP5
3133,18:26:08,0.050,0.720,0,0,eGFP5
3134,18:26:08,0.061,0.588,0,0,eGFP5
3135,18:26:09,0.039,0.654,0,0,eGFP5
3136,18:26:10,0.072,0.686,0,0,eGFP5
3137,18:26:10,0.040,0.567,0,0,eGFP5
3138,18:26:11,0.061,0.983,0,0,eGFP5
3139,18:26:12,0.052,0.557,0,0,eGFP5
3140,18:26:12,0.039,0.665,0,0,eGFP5
3141,18:26:13,0.063,0.677,0,0,eGFP5
3142,18:26:14,0.051,0.589,0,0,eGFP5
3143,18:26:15,0.061,0.906,0,0,eGFP5
3144,18:26:15,0.051,0.621,0,0,eGFP5
3145,18:26:16,0.062,0.874,0,0,eGFP5
3146,18:26:17,0.051,0.555,0,0,eGFP5
3147,18:26:17,0.053,0.799,0,0,eGFP5
3148,18:26:18,0.094,0.764,0,0,eGFP5
3149,18:26:19,0.040,0.599,0,0,eGFP5
3150,18:26:23,0.150,4.451,0,0,eGFP5
3151,18:26:25,0.654,1.411,0,0,eGFP5
3152,18:26:25,0.051,0.578,0,0,eGFP5
3153,18:26:26,0.061,0.665,0,0,eGFP5
3154,18:26:26,0.037,0.487,0,0,eGFP5
3155,18:26:27,0.053,1.074,0,0,eGFP5
3156,18:26:28,0.061,0.620,0,0,eGFP5
3157,18:26:30,0.051,2.037,0,0,eGFP5
3158,18:26:31,0.050,0.576,0,0,eGFP5
3159,18:26:31,0.051,0.632,0,0,eGFP5
3160,18:26:32,0.072,0.753,0,0,eGFP5
3161,18:26:33,0.050,0.511,0,0,eGFP5
3162,18:26:33,0.061,0.928,0,0,eGFP5
3163,18:26:34,0.061,0.577,0,0,eGFP5
3164,18:26:35,0.040,0.589,0,0,eGFP5
3165,18:26:35,0.061,0.774,0,0,eGFP5
3166,18:26:36,0.040,0.501,0,0,eGFP5
3167,18:26:38,0.050,1.729,0,0,eGFP5
3168,18:26:39,0.050,1.542,0,0,eGFP5
3169,18:26:40,0.096,0.732,0,0,eGFP5
3170,18:26:40,0.040,0.545,0,0,eGFP5
3171,18:26:42,0.050,1.367,0,0,eGFP5
3172,18:26:42,0.051,0.556,0,0,eGFP5
3173,18:26:43,0.040,0.720,0,0,eGFP5
3174,18:26:44,0.094,0.851,0,0,eGFP5
3175,18:26:44,0.040,0.501,0,0,eGFP5
3176,18:26:45,0.039,0.840,0,0,eGFP5
3177,18:26:46,0.083,0.796,0,0,eGFP5
3178,18:26:47,0.051,0.578,0,0,eGFP5
3179,18:26:47,0.050,0.643,0,0,eGFP5
3180,18:26:49,0.052,1.665,0,0,eGFP5
3181,18:26:50,0.072,0.719,0,0,eGFP5
3182,18:26:50,0.051,0.687,0,0,eGFP5
3183,18:26:51,0.086,0.634,0,0,eGFP5
3184,18:26:57,0.117,5.680,0,0,eGFP5
3185,18:26:59,0.807,2.124,0,0,eGFP5
3186,18:27:00,0.083,0.808,0,0,eGFP5
3187,18:27:00,0.072,0.796,0,0,eGFP5
3188,18:27:01,0.056,0.681,0,0,eGFP5
3189,18:27:02,0.051,0.731,0,0,eGFP5
3190,18:27:03,0.062,0.786,0,0,eGFP5
3191,18:27:03,0.072,0.720,0,0,eGFP5
3192,18:27:04,0.050,0.555,0,0,eGFP5
3193,18:27:05,0.062,0.950,0,0,eGFP5
3194,18:27:05,0.062,0.567,0,0,eGFP5
3195,18:27:06,0.039,0.599,0,0,eGFP5
3196,18:27:07,0.062,0.797,0,0,eGFP5
3197,18:27:07,0.043,0.515,0,0,eGFP5
3198,18:27:08,0.039,0.840,0,0,eGFP5
3199,18:27:09,0.073,0.666,0,0,eGFP5
3200,18:27:11,0.040,2.080,0,0,eGFP5
3201,18:27:12,0.073,0.633,0,0,eGFP5
3202,18:27:12,0.050,0.533,0,0,eGFP5
3203,18:27:13,0.051,0.896,0,0,eGFP5
3204,18:27:14,0.062,0.632,0,0,eGFP5
3205,18:27:14,0.053,0.689,0,0,eGFP5
3206,18:27:15,0.084,0.742,0,0,eGFP5
3207,18:27:16,0.051,0.578,0,0,eGFP5
3208,18:27:17,0.051,0.994,0,0,eGFP5
3209,18:27:17,0.073,0.710,0,0,eGFP5
3210,18:27:19,0.041,1.621,0,0,eGFP5
3211,18:27:20,0.073,0.655,0,0,eGFP5
3212,18:27:20,0.051,0.654,0,0,eGFP5
3213,18:27:21,0.053,0.645,0,0,eGFP5
3214,18:27:21,0.051,0.611,0,0,eGFP5
3215,18:27:22,0.062,0.720,0,0,eGFP5
3216,18:27:23,0.062,0.742,0,0,eGFP5
3217,18:27:24,0.067,0.737,0,0,eGFP5
3218,18:27:25,0.083,0.993,0,0,eGFP5
3219,18:27:25,0.051,0.610,0,0,eGFP5
3220,18:27:26,0.051,0.819,0,0,eGFP5
3221,18:27:27,0.061,0.686,0,0,eGFP5
3222,18:27:27,0.126,0.433,0,0,eGFP5
3223,18:27:29,0.226,1.455,0,0,eGFP5
3224,18:27:29,0.074,0.644,0,0,eGFP5
3225,18:27:30,0.040,0.555,0,0,eGFP5
3226,18:27:31,0.062,0.852,0,0,eGFP5
3227,18:27:31,0.061,0.621,0,0,eGFP5
3228,18:27:32,0.050,0.631,0,0,eGFP5
3229,18:27:33,0.062,0.775,0,0,eGFP5
3230,18:27:33,0.041,0.535,0,0,eGFP5
3231,18:27:34,0.050,1.136,0,0,eGFP5
3232,18:27:35,0.062,0.588,0,0,eGFP5
3233,18:27:36,0.040,0.578,0,0,eGFP5
3234,18:27:36,0.072,0.807,0,0,eGFP5
3235,18:27:37,0.051,0.555,0,0,eGFP5
3236,18:27:39,0.051,1.839,0,0,eGFP5
3237,18:27:40,0.128,0.928,0,0,eGFP5
3238,18:27:40,0.043,0.691,0,0,eGFP5
3239,18:27:41,0.105,0.895,0,0,eGFP5
3240,18:27:42,0.050,0.599,0,0,eGFP5
3241,18:27:43,0.072,1.071,0,0,eGFP5
3242,18:27:44,0.050,0.599,0,0,eGFP5
3243,18:27:44,0.062,0.863,0,0,eGFP5
3244,18:27:45,0.061,0.632,0,0,eGFP5
3245,18:27:46,0.061,0.763,0,0,eGFP5
3246,18:27:46,0.053,0.667,0,0,eGFP5
3247,18:27:47,0.051,0.687,0,0,eGFP5
3248,18:27:48,0.084,0.896,0,0,eGFP5
3249,18:27:49,0.050,0.577,0,0,eGFP5
3250,18:27:50,0.072,1.630,0,0,eGFP5
3251,18:27:51,0.128,1.071,0,0,eGFP5
3252,18:27:52,0.075,0.656,0,0,eGFP5
3253,18:27:53,0.040,0.621,0,0,eGFP5
3254,18:27:54,0.084,1.214,0,0,eGFP5
3255,18:27:54,0.042,0.546,0,0,eGFP5
3256,18:27:55,0.062,0.907,0,0,eGFP5
3257,18:27:56,0.061,0.610,0,0,eGFP5
3258,18:27:57,0.040,0.643,0,0,eGFP5
3259,18:27:57,0.051,0.644,0,0,eGFP5
3260,18:27:58,0.039,0.566,0,0,eGFP5
3261,18:27:59,0.051,0.863,0,0,eGFP5
3262,18:27:59,0.061,0.610,0,0,eGFP5
3263,18:28:00,0.041,0.755,0,0,eGFP5
3264,18:28:01,0.094,0.786,0,0,eGFP5
3265,18:28:01,0.050,0.588,0,0,eGFP5
3266,18:28:02,0.063,0.908,0,0,eGFP5
3267,18:28:03,0.051,0.567,0,0,eGFP5
3268,18:28:04,0.051,1.137,0,0,eGFP5
3269,18:28:05,0.051,0.588,0,0,eGFP5
3270,18:28:06,0.040,1.379,0,0,eGFP5
3271,18:28:07,0.074,0.678,0,0,eGFP5
3272,18:28:08,0.040,1.082,0,0,eGFP5
3273,18:28:08,0.117,0.797,0,0,eGFP5
3274,18:28:11,0.051,2.202,0,0,eGFP5
3275,18:28:11,0.062,0.610,0,0,eGFP5
3276,18:28:12,0.051,0.786,0,0,eGFP5
3277,18:28:13,0.084,0.863,0,0,eGFP5
3278,18:28:14,0.051,0.786,0,0,eGFP5
3279,18:28:15,0.086,0.887,0,0,eGFP5
3280,18:28:15,0.057,0.617,0,0,eGFP5
3281,18:28:16,0.072,0.950,0,0,eGFP5
3282,18:28:17,0.061,0.577,0,0,eGFP5
3283,18:28:17,0.050,0.708,0,0,eGFP5
3284,18:28:18,0.072,0.709,0,0,eGFP5
3285,18:28:19,0.050,0.632,0,0,eGFP5
3286,18:28:20,0.072,0.862,0,0,eGFP5
3287,18:28:20,0.050,0.621,0,0,eGFP5
3288,18:28:21,0.063,1.006,0,0,eGFP5
3289,18:28:22,0.061,0.643,0,0,eGFP5
3290,18:28:23,0.061,0.862,0,0,eGFP5
3291,18:28:24,0.072,0.764,0,0,eGFP5
3292,18:28:25,0.061,1.016,0,0,eGFP5
3293,18:28:25,0.127,0.862,0,0,eGFP5
3294,18:28:26,0.049,0.729,0,0,eGFP5
3295,18:28:27,0.105,0.917,0,0,eGFP5
3296,18:28:28,0.063,1.237,0,0,eGFP5
3297,18:28:30,1.038,1.993,0,0,eGFP5
3298,18:28:31,0.061,0.577,0,0,eGFP5
3299,18:28:58,0.050,26.790,0,0,eGFP5
3300,18:28:58,0.039,0.555,0,0,eGFP5
3301,18:28:59,0.050,0.687,0,0,eGFP5
3302,18:28:59,0.050,0.511,0,0,eGFP5
3303,18:29:00,0.039,0.687,0,0,eGFP5
3304,18:29:01,0.063,0.633,0,0,eGFP5
3305,18:29:01,0.040,0.490,0,0,eGFP5
3306,18:29:02,0.039,0.654,0,0,eGFP5
3307,18:29:03,0.063,0.589,0,0,eGFP5
3308,18:29:03,0.051,0.578,0,0,eGFP5
3309,18:29:04,0.072,0.719,0,0,eGFP5
3310,18:29:04,0.051,0.523,0,0,eGFP5
3311,18:29:05,0.039,0.643,0,0,eGFP5
3312,18:29:06,0.096,0.875,0,0,eGFP5
3313,18:29:06,0.050,0.654,0,0,eGFP5
3314,18:29:08,0.950,1.104,0,0,eGFP5
3315,18:29:09,0.226,0.961,0,0,eGFP5
3316,18:29:09,0.040,0.621,0,0,eGFP5
3317,18:29:10,0.073,0.984,0,0,eGFP5
3318,18:29:11,0.050,0.566,0,0,eGFP5
3319,18:29:12,0.062,1.598,0,0,eGFP5
3320,18:29:13,0.039,0.566,0,0,eGFP5
3321,18:29:14,0.043,0.866,0,0,eGFP5
3322,18:29:14,0.073,0.632,0,0,eGFP5
3323,18:29:16,0.062,1.192,0,0,eGFP5
3324,18:29:16,0.073,0.643,0,0,eGFP5
3325,18:29:17,0.051,0.600,0,0,eGFP5
3326,18:29:18,0.050,0.763,0,0,eGFP5
3327,18:29:18,0.062,0.589,0,0,eGFP5
3328,18:29:19,0.051,0.643,0,0,eGFP5
3329,18:29:20,0.085,0.832,0,0,eGFP5
3330,18:29:20,0.039,0.533,0,0,eGFP5
3331,18:29:21,0.062,1.170,0,0,eGFP5
3332,18:29:22,0.062,0.589,0,0,eGFP5
3333,18:29:24,0.050,1.564,0,0,eGFP5
3334,18:29:24,0.051,0.556,0,0,eGFP5
3335,18:29:25,0.053,1.281,0,0,eGFP5
3336,18:29:26,0.073,0.633,0,0,eGFP5
3337,18:29:27,0.052,0.656,0,0,eGFP5
3338,18:29:27,0.073,0.852,0,0,eGFP5
3339,18:29:28,0.051,0.588,0,0,eGFP5
3340,18:29:29,0.051,0.863,0,0,eGFP5
3341,18:29:30,0.062,0.611,0,0,eGFP5
3342,18:29:30,0.050,0.775,0,0,eGFP5
3343,18:29:31,0.061,0.698,0,0,eGFP5
3344,18:29:32,0.044,0.549,0,0,eGFP5
3345,18:29:33,0.063,1.610,0,0,eGFP5
3346,18:29:34,0.072,0.950,0,0,eGFP5
3347,18:29:35,0.050,0.533,0,0,eGFP5
3348,18:29:35,0.050,0.807,0,0,eGFP5
3349,18:29:36,0.085,0.754,0,0,eGFP5
3350,18:29:37,0.050,0.588,0,0,eGFP5
3351,18:29:38,0.061,0.796,0,0,eGFP5
3352,18:29:38,0.050,0.588,0,0,eGFP5
3353,18:29:39,0.050,0.720,0,0,eGFP5
3354,18:29:40,0.062,0.710,0,0,eGFP5
3355,18:29:40,0.050,0.555,0,0,eGFP5
3356,18:29:42,0.072,1.356,0,0,eGFP5
3357,18:29:42,0.050,0.588,0,0,eGFP5
3358,18:29:43,0.061,0.895,0,0,eGFP5
3359,18:29:44,0.072,0.665,0,0,eGFP5
3360,18:29:44,0.039,0.719,0,0,eGFP5
3361,18:29:45,0.138,1.038,0,0,eGFP5
3362,18:29:46,0.052,0.568,0,0,eGFP5
3363,18:29:47,0.063,0.886,0,0,eGFP5
3364,18:29:48,0.061,0.697,0,0,eGFP5
3365,18:29:48,0.062,0.885,0,0,eGFP5
3366,18:29:49,0.072,0.687,0,0,eGFP5
3367,18:29:50,0.050,0.906,0,0,eGFP5
3368,18:29:51,0.138,1.137,0,0,eGFP5
3369,18:29:52,0.050,0.566,0,0,eGFP5
3370,18:29:53,0.063,1.325,0,0,eGFP5
3371,18:29:54,0.050,0.588,0,0,eGFP5
3372,18:29:55,0.072,1.323,0,0,eGFP5
3373,18:29:56,0.061,0.632,0,0,eGFP5
3374,18:29:57,0.061,1.104,0,0,eGFP5
3375,18:29:57,0.061,0.720,0,0,eGFP5
3376,18:29:58,0.094,1.005,0,0,eGFP5
3377,18:29:59,0.049,0.586,0,0,eGFP5
3378,18:30:00,0.053,0.821,0,0,eGFP5
3379,18:30:01,0.072,0.730,0,0,eGFP5
3380,18:30:02,0.073,1.861,0,0,eGFP5
3381,18:30:03,0.051,0.545,0,0,eGFP5
3382,18:30:04,0.039,0.928,0,0,eGFP5
3383,18:30:05,0.084,0.753,0,0,eGFP5
3384,18:30:06,0.051,0.906,0,0,eGFP5
3385,18:30:07,0.117,0.907,0,0,eGFP5
3386,18:30:07,0.051,0.654,0,0,eGFP5
3387,18:30:08,0.063,0.787,0,0,eGFP5
3388,18:30:09,0.073,0.863,0,0,eGFP5
3389,18:30:10,0.073,1.027,0,0,eGFP5
3390,18:30:11,0.349,1.194,0,0,eGFP5
3391,18:30:12,0.039,0.555,0,0,eGFP5
3392,18:30:13,0.051,1.510,0,0,eGFP5
3393,18:30:14,0.051,0.556,0,0,eGFP5
3394,18:30:14,0.050,0.807,0,0,eGFP5
3395,18:30:15,0.086,0.733,0,0,eGFP5
3396,18:30:16,0.051,0.665,0,0,eGFP5
3397,18:30:17,0.106,1.214,0,0,eGFP5
3398,18:30:18,0.051,0.589,0,0,eGFP5
3399,18:30:19,0.061,1.016,0,0,eGFP5
3400,18:30:19,0.062,0.621,0,0,eGFP5
3401,18:30:20,0.051,0.841,0,0,eGFP5
3402,18:30:23,0.095,3.090,0,0,eGFP5
3403,18:30:24,0.053,0.580,0,0,eGFP5
3404,18:30:25,0.052,0.710,0,0,eGFP5
3405,18:30:25,0.073,0.655,0,0,eGFP5
3406,18:30:26,0.040,0.709,0,0,eGFP5
3407,18:30:27,0.133,1.021,0,0,eGFP5
3408,18:30:27,0.050,0.577,0,0,eGFP5
3409,18:30:29,0.072,1.564,0,0,eGFP5
3410,18:30:30,0.062,0.610,0,0,eGFP5
3411,18:30:30,0.063,0.798,0,0,eGFP5
3412,18:30:31,0.072,0.697,0,0,eGFP5
3413,18:30:32,0.051,0.676,0,0,eGFP5
3414,18:30:33,0.072,0.983,0,0,eGFP5
3415,18:30:34,0.072,0.840,0,0,eGFP5
3416,18:30:35,0.182,1.148,0,0,eGFP5
3417,18:30:36,0.149,0.884,0,0,eGFP5
3418,18:30:38,0.052,2.191,0,0,eGFP5
3419,18:30:38,0.051,0.544,0,0,eGFP5
3420,18:30:39,0.052,1.029,0,0,eGFP5
3421,18:30:40,0.083,0.708,0,0,eGFP5
3422,18:30:41,0.073,0.863,0,0,eGFP5
3423,19:57:38,0.116,5216.717,0,0,eGFP5
3424,19:57:39,0.072,1.071,0,0,eGFP5
3425,19:57:40,0.094,1.849,0,0,eGFP5
3426,19:57:43,0.062,2.454,0,0,eGFP5
3427,19:57:47,0.248,3.726,0,0,eGFP5
3428,19:57:48,0.096,0.952,0,0,eGFP5
3429,19:57:48,0.061,0.687,0,0,eGFP5
3430,19:57:49,0.061,1.005,0,0,eGFP5
3431,19:57:50,0.072,0.708,0,0,eGFP5
3432,19:57:51,0.074,0.941,0,0,eGFP5
3433,19:57:52,0.073,0.808,0,0,eGFP5
3434,19:57:52,0.061,0.643,0,0,eGFP5
3435,19:57:55,0.050,2.431,0,0,eGFP5
3436,19:57:56,0.063,0.678,0,0,eGFP5
3437,19:57:56,0.050,0.950,0,0,eGFP5
3438,19:57:57,0.095,0.709,0,0,eGFP5
3439,19:57:58,0.051,0.588,0,0,eGFP5
3440,19:57:59,0.084,1.400,0,0,eGFP5
3441,19:58:00,0.073,0.643,0,0,eGFP5
3442,19:58:01,0.040,1.060,0,0,eGFP5
3443,19:58:02,0.084,0.665,0,0,eGFP5
3444,19:58:03,0.053,1.677,0,0,eGFP5
3445,19:58:04,0.050,0.544,0,0,eGFP5
3446,19:58:05,0.053,0.941,0,0,eGFP5
3447,19:58:05,0.062,0.633,0,0,eGFP5
3448,19:58:06,0.050,0.742,0,0,eGFP5
3449,19:58:07,0.105,0.862,0,0,eGFP5
3450,19:58:09,0.051,1.960,0,0,eGFP5
3451,19:58:09,0.062,0.600,0,0,eGFP5
3452,19:58:10,0.039,0.599,0,0,eGFP5
3453,19:58:11,0.097,0.942,0,0,eGFP5
3454,19:58:12,0.050,0.555,0,0,eGFP5
3455,19:58:13,0.062,1.642,0,0,eGFP5
3456,19:58:14,0.051,0.533,0,0,eGFP5
3457,19:58:15,0.051,1.521,0,0,eGFP5
3458,19:58:16,0.084,0.753,0,0,eGFP5
3459,19:58:17,0.053,0.591,0,0,eGFP5
3460,19:58:18,0.083,1.389,0,0,eGFP5
3461,19:58:19,0.053,0.601,0,0,eGFP5
3462,19:58:20,0.095,1.785,0,0,eGFP5
3463,19:58:21,0.062,0.654,0,0,eGFP5
3464,19:58:22,0.051,0.545,0,0,eGFP5
3465,19:58:23,0.062,0.918,0,0,eGFP5
3466,19:58:23,0.062,0.676,0,0,eGFP5
3467,19:58:27,0.051,4.188,0,0,eGFP5
3468,19:58:28,0.051,0.632,0,0,eGFP5
3469,19:58:29,0.075,0.964,0,0,eGFP5
3470,19:58:30,0.056,0.638,0,0,eGFP5
3471,19:58:31,0.094,1.432,0,0,eGFP5
3472,19:58:32,0.062,0.632,0,0,eGFP5
3473,19:58:33,0.063,0.853,0,0,eGFP5
3474,19:58:33,0.072,0.687,0,0,eGFP5
3475,19:58:34,0.050,0.654,0,0,eGFP5
3476,19:58:34,0.061,0.566,0,0,eGFP5
3477,19:58:35,0.050,0.939,0,0,eGFP5
3478,19:58:36,0.114,0.773,0,0,eGFP5
3479,19:58:37,0.039,1.202,0,0,eGFP5
3480,19:58:38,0.160,0.906,0,0,eGFP5
3481,19:58:39,0.051,0.610,0,0,eGFP5
3482,19:58:40,0.073,0.884,0,0,eGFP5
3483,19:58:41,0.051,1.455,0,0,eGFP5
3484,19:58:42,0.117,0.797,0,0,eGFP5
3485,19:58:43,0.039,1.136,0,0,eGFP5
3486,19:58:44,0.184,0.930,0,0,eGFP5
3487,19:58:45,0.052,0.502,0,0,eGFP5
3488,19:58:46,0.040,1.159,0,0,eGFP5
3489,19:58:47,0.116,1.049,0,0,eGFP5
3490,19:58:47,0.072,0.687,0,0,eGFP5
3491,19:58:48,0.050,0.632,0,0,eGFP5
3492,19:58:49,0.061,0.785,0,0,eGFP5
3493,19:58:49,0.051,0.610,0,0,eGFP5
3494,19:58:50,0.052,0.787,0,0,eGFP5
3495,19:58:51,0.073,0.687,0,0,eGFP5
3496,19:58:52,0.051,0.808,0,0,eGFP5
3497,19:58:53,0.083,1.060,0,0,eGFP5
3498,19:58:54,0.105,0.775,0,0,eGFP5
3499,19:59:00,0.061,6.634,0,0,eGFP5
3500,19:59:01,0.050,0.533,0,0,eGFP5
3501,19:59:01,0.052,0.568,0,0,eGFP5
3502,19:59:02,0.041,0.480,0,0,eGFP5
3503,19:59:07,0.051,4.692,0,0,eGFP5
3504,19:59:07,0.061,0.643,0,0,eGFP5
3505,19:59:08,0.051,0.522,0,0,eGFP5
3506,19:59:08,0.040,0.490,0,0,eGFP5
3507,19:59:09,0.051,0.566,0,0,eGFP5
3508,19:59:09,0.051,0.512,0,0,eGFP5
3509,19:59:10,0.039,0.533,0,0,eGFP5
3510,19:59:10,0.051,0.676,0,0,eGFP5
3511,19:59:11,0.042,0.513,0,0,eGFP5
3512,19:59:13,0.051,1.862,0,0,eGFP5
3513,19:59:13,0.050,0.566,0,0,eGFP5
3514,19:59:14,0.051,0.720,0,0,eGFP5
3515,19:59:15,0.052,0.546,0,0,eGFP5
3516,19:59:15,0.051,0.654,0,0,eGFP5
3517,19:59:16,0.073,0.885,0,0,eGFP5
3518,19:59:17,0.040,0.610,0,0,eGFP5
3519,19:59:18,0.075,0.788,0,0,eGFP5
3520,19:59:18,0.051,0.577,0,0,eGFP5
3521,19:59:21,0.073,2.410,0,0,eGFP5
3522,19:59:21,0.051,0.501,0,0,eGFP5
3523,19:59:22,0.051,0.863,0,0,eGFP5
3524,19:59:23,0.073,0.621,0,0,eGFP5
3525,19:59:24,0.051,1.883,0,0,eGFP5
3526,19:59:25,0.073,0.786,0,0,eGFP5
3527,19:59:26,0.086,0.700,0,0,eGFP5
3528,19:59:26,0.051,0.534,0,0,eGFP5
3529,19:59:27,0.053,0.777,0,0,eGFP5
3530,19:59:28,0.051,0.589,0,0,eGFP5
3531,19:59:29,0.050,0.851,0,0,eGFP5
3532,19:59:29,0.051,0.556,0,0,eGFP5
3533,19:59:31,0.040,1.796,0,0,eGFP5
3534,19:59:32,0.066,0.637,0,0,eGFP5
3535,19:59:33,0.041,1.017,0,0,eGFP5
3536,19:59:34,0.160,0.873,0,0,eGFP5
3537,19:59:34,0.051,0.621,0,0,eGFP5
3538,19:59:35,0.094,1.104,0,0,eGFP5
3539,19:59:36,0.050,0.522,0,0,eGFP5
3540,19:59:37,0.050,1.345,0,0,eGFP5
3541,19:59:38,0.061,0.566,0,0,eGFP5
3542,19:59:38,0.052,0.633,0,0,eGFP5
3543,19:59:39,0.061,0.632,0,0,eGFP5
3544,19:59:40,0.041,0.600,0,0,eGFP5
3545,19:59:40,0.062,0.720,0,0,eGFP5
3546,19:59:41,0.050,0.610,0,0,eGFP5
3547,19:59:42,0.039,0.599,0,0,eGFP5
3548,19:59:42,0.061,0.741,0,0,eGFP5
3549,19:59:43,0.051,0.698,0,0,eGFP5
3550,19:59:44,0.094,0.884,0,0,eGFP5
3551,19:59:45,0.051,1.565,0,0,eGFP5
3552,19:59:46,0.107,0.765,0,0,eGFP5
3553,19:59:47,0.051,0.544,0,0,eGFP5
3554,19:59:48,0.062,0.830,0,0,eGFP5
3555,19:59:50,0.061,2.387,0,0,eGFP5
3556,19:59:51,0.096,0.755,0,0,eGFP5
3557,19:59:52,0.533,1.268,0,0,eGFP5
3558,19:59:53,0.051,0.588,0,0,eGFP5
3559,19:59:53,0.062,0.863,0,0,eGFP5
3560,19:59:54,0.063,0.919,0,0,eGFP5
3561,19:59:55,0.050,0.588,0,0,eGFP5
3562,19:59:56,0.051,0.588,0,0,eGFP5
3563,19:59:56,0.040,0.588,0,0,eGFP5
3564,19:59:59,0.062,2.443,0,0,eGFP5
3565,19:59:59,0.073,0.764,0,0,eGFP5
3566,20:00:00,0.050,0.511,0,0,eGFP5
3567,20:00:00,0.040,0.665,0,0,eGFP5
3568,20:00:01,0.075,0.810,0,0,eGFP5
3569,20:00:02,0.050,1.181,0,0,eGFP5
3570,20:00:03,0.242,0.955,0,0,eGFP5
3571,20:00:04,0.040,0.544,0,0,eGFP5
3572,20:00:09,0.084,4.572,0,0,eGFP5
3573,20:00:10,0.083,0.994,0,0,eGFP5
3574,20:00:10,0.061,0.632,0,0,eGFP5
3575,20:00:12,0.051,1.883,0,0,eGFP5
3576,20:00:13,0.062,0.621,0,0,eGFP5
3577,20:00:13,0.042,0.535,0,0,eGFP5
3578,20:00:14,0.062,0.929,0,0,eGFP5
3579,20:00:15,0.051,0.533,0,0,eGFP5
3580,20:00:15,0.040,0.688,0,0,eGFP5
3581,20:00:16,0.061,0.599,0,0,eGFP5
3582,20:00:16,0.040,0.479,0,0,eGFP5
3583,20:00:20,0.050,3.595,0,0,eGFP5
3584,20:00:21,0.041,0.535,0,0,eGFP5
3585,20:00:23,0.052,2.741,0,0,eGFP5
3586,20:00:24,0.072,0.654,0,0,eGFP5
3587,20:00:25,0.051,0.632,0,0,eGFP5
3588,20:00:25,0.051,0.534,0,0,eGFP5
3589,20:00:26,0.051,0.720,0,0,eGFP5
3590,20:00:26,0.051,0.545,0,0,eGFP5
3591,20:00:28,0.040,1.916,0,0,eGFP5
3592,20:00:29,0.062,0.644,0,0,eGFP5
3593,20:00:31,0.075,1.742,0,0,eGFP5
3594,20:00:32,0.062,1.083,0,0,eGFP5
3595,20:00:32,0.062,0.610,0,0,eGFP5
3596,20:00:34,0.051,1.489,0,0,eGFP5
3597,20:00:34,0.059,0.607,0,0,eGFP5
3598,20:00:35,0.063,0.864,0,0,eGFP5
3599,20:00:36,0.061,0.588,0,0,eGFP5
3600,20:00:37,0.050,0.665,0,0,eGFP5
3601,20:00:37,0.052,0.611,0,0,eGFP5
3602,20:00:38,0.051,0.610,0,0,eGFP5
3603,20:00:39,0.061,0.687,0,0,eGFP5
3604,20:00:39,0.050,0.555,0,0,eGFP5
3605,20:00:40,0.061,0.961,0,0,eGFP5
3606,20:00:41,0.061,0.818,0,0,eGFP5
3607,20:00:42,0.128,0.885,0,0,eGFP5
3608,20:00:42,0.050,0.665,0,0,eGFP5
3609,20:00:44,0.686,1.531,0,0,eGFP5
3610,20:00:45,0.052,1.117,0,0,eGFP5
3611,20:00:46,0.160,0.862,0,0,eGFP5
3612,20:00:47,0.041,0.645,0,0,eGFP5
3613,20:00:47,0.072,0.873,0,0,eGFP5
3614,20:00:48,0.050,0.577,0,0,eGFP5
3615,20:00:50,0.083,2.015,0,0,eGFP5
3616,20:00:51,0.039,1.465,0,0,eGFP5
3617,20:00:52,0.073,0.665,0,0,eGFP5
3618,20:00:53,0.042,0.843,0,0,eGFP5
3619,20:00:54,0.083,0.730,0,0,eGFP5
3620,20:00:54,0.062,0.753,0,0,eGFP5
3621,20:00:55,0.073,0.676,0,0,eGFP5
3622,20:00:56,0.040,0.632,0,0,eGFP5
3623,20:00:57,0.073,0.764,0,0,eGFP5
3624,20:00:57,0.050,0.643,0,0,eGFP5
3625,20:00:58,0.051,0.632,0,0,eGFP5
3626,20:00:59,0.062,0.819,0,0,eGFP5
3627,20:00:59,0.061,0.621,0,0,eGFP5
3628,20:01:01,0.062,2.179,0,0,eGFP5
3629,20:01:02,0.051,0.610,0,0,eGFP5
3630,20:01:03,0.051,0.786,0,0,eGFP5
3631,20:01:04,0.062,0.764,0,0,eGFP5
3632,20:01:05,0.084,1.093,0,0,eGFP5
3633,20:01:06,0.106,0.819,0,0,eGFP5
3634,20:01:07,0.063,1.073,0,0,eGFP5
3635,20:01:07,0.116,0.698,0,0,eGFP5
3636,20:01:09,0.094,1.411,0,0,eGFP5
3637,20:01:09,0.128,0.808,0,0,eGFP5
3638,20:01:10,0.040,0.555,0,0,eGFP5
3639,20:01:11,0.064,0.865,0,0,eGFP5
3640,20:01:11,0.050,0.522,0,0,eGFP5
3641,20:01:12,0.040,0.632,0,0,eGFP5
3642,20:01:13,0.051,0.655,0,0,eGFP5
3643,20:01:13,0.063,0.667,0,0,eGFP5
3644,20:01:14,0.050,0.599,0,0,eGFP5
3645,20:01:15,0.081,1.354,0,0,eGFP5
3646,20:01:16,0.072,0.785,0,0,eGFP5
3647,20:01:17,0.072,0.676,0,0,eGFP5
3648,20:01:18,0.050,0.851,0,0,eGFP5
3649,20:01:19,0.083,0.873,0,0,eGFP5
3650,20:01:19,0.061,0.686,0,0,eGFP5
3651,20:01:21,0.052,1.566,0,0,eGFP5
3652,20:01:22,0.084,0.907,0,0,eGFP5
3653,20:01:22,0.062,0.644,0,0,eGFP5
3654,20:01:23,0.061,0.741,0,0,eGFP5
3655,20:01:24,0.051,0.610,0,0,eGFP5
3656,20:01:26,0.050,1.905,0,0,eGFP5
3657,20:01:26,0.072,0.643,0,0,eGFP5
3658,20:01:27,0.050,0.708,0,0,eGFP5
3659,20:01:28,0.063,0.732,0,0,eGFP5
3660,20:01:28,0.051,0.567,0,0,eGFP5
3661,20:01:29,0.061,0.719,0,0,eGFP5
3662,20:01:30,0.061,0.654,0,0,eGFP5
3663,20:01:30,0.050,0.764,0,0,eGFP5
3664,20:01:33,0.094,2.606,0,0,eGFP5
3665,20:01:34,0.051,0.599,0,0,eGFP5
3666,20:01:34,0.051,0.731,0,0,eGFP5
3667,20:01:35,0.065,0.646,0,0,eGFP5
3668,20:01:36,0.051,0.654,0,0,eGFP5
3669,20:01:37,0.106,1.082,0,0,eGFP5
3670,20:01:37,0.051,0.533,0,0,eGFP5
3671,20:01:38,0.051,0.786,0,0,eGFP5
3672,20:01:39,0.072,0.709,0,0,eGFP5
3673,20:01:39,0.050,0.610,0,0,eGFP5
3674,20:01:40,0.061,0.818,0,0,eGFP5
3675,20:01:41,0.051,0.578,0,0,eGFP5
3676,20:01:42,0.052,1.511,0,0,eGFP5
3677,20:01:43,0.051,0.676,0,0,eGFP5
3678,20:01:44,0.062,0.676,0,0,eGFP5
3679,20:01:44,0.051,0.654,0,0,eGFP5
3680,20:01:46,0.062,1.938,0,0,eGFP5
3681,20:01:49,0.107,2.927,0,0,eGFP5
3682,20:01:50,0.072,0.709,0,0,eGFP5
3683,20:01:51,0.050,0.796,0,0,eGFP5
3684,20:01:51,0.053,0.612,0,0,eGFP5
3685,20:01:58,0.051,6.437,0,0,eGFP5
3686,20:01:59,0.116,1.148,0,0,eGFP5
3687,20:02:00,0.072,0.775,0,0,eGFP5
3688,20:02:00,0.061,0.829,0,0,eGFP5
3689,20:02:01,0.073,0.786,0,0,eGFP5
3690,20:02:02,0.062,0.665,0,0,eGFP5
3691,20:02:02,0.051,0.610,0,0,eGFP5
3692,20:02:03,0.042,0.601,0,0,eGFP5
3693,20:02:04,0.040,0.731,0,0,eGFP5
3694,20:02:04,0.062,0.688,0,0,eGFP5
3695,20:02:05,0.041,0.535,0,0,eGFP5
3696,20:02:06,0.051,0.621,0,0,eGFP5
3697,20:02:06,0.062,0.643,0,0,eGFP5
3698,20:02:07,0.051,0.556,0,0,eGFP5
3699,20:02:07,0.051,0.654,0,0,eGFP5
3700,20:02:08,0.053,0.634,0,0,eGFP5
3701,20:02:09,0.040,0.622,0,0,eGFP5
3702,20:02:10,0.061,0.775,0,0,eGFP5
3703,20:02:10,0.050,0.599,0,0,eGFP5
3704,20:02:11,0.051,0.742,0,0,eGFP5
3705,20:02:12,0.062,0.665,0,0,eGFP5
3706,20:02:13,0.062,1.127,0,0,eGFP5
3707,20:02:13,0.127,0.830,0,0,eGFP5
3708,20:02:14,0.044,0.626,0,0,eGFP5
3709,20:02:15,0.064,0.777,0,0,eGFP5
3710,20:02:18,0.051,2.684,0,0,eGFP5
3711,20:02:18,0.083,0.698,0,0,eGFP5
3712,20:02:21,0.050,2.859,0,0,eGFP5
3713,20:02:22,0.116,1.038,0,0,eGFP5
3714,20:02:23,0.061,0.697,0,0,eGFP5
3715,20:02:24,0.072,0.895,0,0,eGFP5
3716,20:02:25,0.073,0.742,0,0,eGFP5
3717,20:02:26,0.077,1.021,0,0,eGFP5
3718,20:02:26,0.061,0.631,0,0,eGFP5
3719,20:02:27,0.051,0.654,0,0,eGFP5
3720,20:02:27,0.050,0.621,0,0,eGFP5
3721,20:02:28,0.050,0.709,0,0,eGFP5
3722,20:02:29,0.041,0.545,0,0,eGFP5
3723,20:02:29,0.040,0.797,0,0,eGFP5
3724,20:02:30,0.094,0.774,0,0,eGFP5
3725,20:02:31,0.052,0.612,0,0,eGFP5
3726,20:02:32,0.050,0.632,0,0,eGFP5
3727,20:02:32,0.061,0.665,0,0,eGFP5
3728,20:02:33,0.050,0.774,0,0,eGFP5
3729,20:02:34,0.095,0.830,0,0,eGFP5
3730,20:02:35,0.061,1.389,0,0,eGFP5
3731,20:02:36,0.094,0.753,0,0,eGFP5
3732,20:02:36,0.039,0.544,0,0,eGFP5
3733,20:02:38,0.061,1.279,0,0,eGFP5
3734,20:02:39,0.181,0.938,0,0,eGFP5
3735,20:02:39,0.051,0.753,0,0,eGFP5
3736,20:02:40,0.063,0.623,0,0,eGFP5
3737,20:02:41,0.050,0.720,0,0,eGFP5
3738,20:02:42,0.083,1.115,0,0,eGFP5
3739,20:02:43,0.094,0.807,0,0,eGFP5
3740,20:02:44,0.051,0.907,0,0,eGFP5
3741,20:02:44,0.072,0.621,0,0,eGFP5
3742,20:02:47,0.052,2.312,0,0,eGFP5
3743,20:02:47,0.062,0.687,0,0,eGFP5
3744,20:02:48,0.062,0.841,0,0,eGFP5
3745,20:02:49,0.062,0.698,0,0,eGFP5
3746,20:02:49,0.084,0.567,0,0,eGFP5
3747,20:02:50,0.160,1.027,0,0,eGFP5
3748,20:02:51,0.105,0.895,0,0,eGFP5
3749,20:02:52,0.062,0.655,0,0,eGFP5
3750,20:02:53,0.065,1.085,0,0,eGFP5
3751,20:02:54,0.073,0.665,0,0,eGFP5
3752,20:02:54,0.051,0.632,0,0,eGFP5
3753,20:02:55,0.051,0.622,0,0,eGFP5
3754,20:02:56,0.062,0.676,0,0,eGFP5
3755,20:02:56,0.051,0.764,0,0,eGFP5
3756,20:02:57,0.084,0.797,0,0,eGFP5
3757,20:02:58,0.051,0.599,0,0,eGFP5
3758,20:02:59,0.064,0.975,0,0,eGFP5
3759,20:02:59,0.050,0.577,0,0,eGFP5
3760,20:03:00,0.051,0.852,0,0,eGFP5
3761,20:03:01,0.062,0.654,0,0,eGFP5
3762,20:03:02,0.040,1.335,0,0,eGFP5
3763,20:03:03,0.106,0.764,0,0,eGFP5
3764,20:03:04,0.053,0.678,0,0,eGFP5
3765,20:03:04,0.084,0.863,0,0,eGFP5
3766,20:03:05,0.040,0.555,0,0,eGFP5
3767,20:03:07,0.053,1.600,0,0,eGFP5
3768,20:03:07,0.062,0.578,0,0,eGFP5
3769,20:03:08,0.051,0.819,0,0,eGFP5
3770,20:03:09,0.095,0.830,0,0,eGFP5
3771,20:03:09,0.045,0.517,0,0,eGFP5
3772,20:03:11,0.039,1.301,0,0,eGFP5
3773,20:03:11,0.061,0.599,0,0,eGFP5
3774,20:03:12,0.039,0.752,0,0,eGFP5
3775,20:03:13,0.063,0.656,0,0,eGFP5
3776,20:03:13,0.039,0.609,0,0,eGFP5
3777,20:03:14,0.084,0.994,0,0,eGFP5
3778,20:03:15,0.063,0.612,0,0,eGFP5
3779,20:03:16,0.061,0.884,0,0,eGFP5
3780,20:03:16,0.083,0.687,0,0,eGFP5
3781,20:03:17,0.050,0.763,0,0,eGFP5
3782,20:03:18,0.127,1.071,0,0,eGFP5
3783,20:03:19,0.052,0.600,0,0,eGFP5
3784,20:03:20,0.051,0.973,0,0,eGFP5
3785,20:03:21,0.105,1.147,0,0,eGFP5
3786,20:03:22,0.061,0.577,0,0,eGFP5
3787,20:03:23,0.051,1.159,0,0,eGFP5
3788,20:03:24,0.193,1.301,0,0,eGFP5
3789,20:03:25,0.061,0.665,0,0,eGFP5
3790,20:03:25,0.050,0.709,0,0,eGFP5
3791,20:03:26,0.074,0.864,0,0,eGFP5
3792,20:03:27,0.063,0.699,0,0,eGFP5
3793,20:03:28,0.072,0.786,0,0,eGFP5
3794,20:03:28,0.050,0.654,0,0,eGFP5
3795,20:03:30,0.072,1.926,0,0,eGFP5
3796,20:03:31,0.051,0.600,0,0,eGFP5
3797,20:03:32,0.050,0.730,0,0,eGFP5
3798,20:03:32,0.062,0.665,0,0,eGFP5
3799,20:03:33,0.051,0.951,0,0,eGFP5
3800,20:03:34,0.403,0.578,0,0,eGFP5
3801,20:03:35,0.281,1.071,0,0,eGFP5
3802,20:03:35,0.040,0.567,0,0,eGFP5
3803,20:03:37,0.050,1.202,0,0,eGFP5
3804,20:03:37,0.073,0.676,0,0,eGFP5
3805,20:03:38,0.053,0.623,0,0,eGFP5
3806,20:03:39,0.062,0.742,0,0,eGFP5
3807,20:03:39,0.051,0.720,0,0,eGFP5
3808,20:03:40,0.063,0.754,0,0,eGFP5
3809,20:03:41,0.062,0.995,0,0,eGFP5
3810,20:03:43,0.061,1.608,0,0,eGFP5
3811,20:03:44,0.095,1.620,0,0,eGFP5
3812,20:03:45,0.073,0.742,0,0,eGFP5
3813,20:03:46,0.051,0.720,0,0,eGFP5
3814,20:03:47,0.062,0.665,0,0,eGFP5
3815,20:03:47,0.051,0.720,0,0,eGFP5
3816,20:03:48,0.064,0.722,0,0,eGFP5
3817,20:03:49,0.062,0.764,0,0,eGFP5
3818,20:03:50,0.073,0.808,0,0,eGFP5
3819,20:03:50,0.052,0.656,0,0,eGFP5
3820,20:03:51,0.061,0.797,0,0,eGFP5
3821,20:03:52,0.072,0.774,0,0,eGFP5
3822,20:03:53,0.062,0.764,0,0,eGFP5
3823,20:03:54,0.073,0.940,0,0,eGFP5
3824,20:03:54,0.074,0.788,0,0,eGFP5
3825,20:03:55,0.072,0.654,0,0,eGFP5
3826,20:03:56,0.139,0.983,0,0,eGFP5
3827,20:03:58,0.106,2.421,0,0,eGFP5
3828,20:03:59,0.073,0.710,0,0,eGFP5
3829,20:04:00,0.050,0.654,0,0,eGFP5
3830,20:04:00,0.062,0.665,0,0,eGFP5
3831,20:04:02,0.062,1.434,0,0,eGFP5
3832,20:04:03,0.062,1.477,0,0,eGFP5
3833,20:04:04,0.109,0.779,0,0,eGFP5
3834,20:04:05,0.050,0.621,0,0,eGFP5
3835,20:04:07,0.077,2.404,0,0,eGFP5
3836,20:04:08,0.083,0.938,0,0,eGFP5
3837,20:04:09,0.073,0.665,0,0,eGFP5
3838,20:04:09,0.039,0.599,0,0,eGFP5
3839,20:04:10,0.061,0.752,0,0,eGFP5
3840,20:04:12,0.062,1.598,0,0,eGFP5
3841,20:04:12,0.063,0.721,0,0,eGFP5
3842,20:04:13,0.050,0.588,0,0,eGFP5
3843,20:04:14,0.050,1.070,0,0,eGFP5
3844,20:04:15,0.084,0.841,0,0,eGFP5
3845,20:04:15,0.050,0.588,0,0,eGFP5
3846,20:04:16,0.050,0.719,0,0,eGFP5
3847,20:04:17,0.052,0.634,0,0,eGFP5
3848,20:04:18,0.050,0.895,0,0,eGFP5
3849,20:04:19,0.820,1.610,0,0,eGFP5
3850,20:04:20,0.050,0.599,0,0,eGFP5
3851,20:04:21,0.050,0.752,0,0,eGFP5
3852,20:04:21,0.051,0.610,0,0,eGFP5
3853,20:04:22,0.051,0.764,0,0,eGFP5
3854,20:04:23,0.061,0.599,0,0,eGFP5
3855,20:04:23,0.050,0.697,0,0,eGFP5
3856,20:04:24,0.073,0.786,0,0,eGFP5
3857,20:04:25,0.052,0.656,0,0,eGFP5
3858,20:04:26,0.072,0.895,0,0,eGFP5
3859,20:04:26,0.072,0.654,0,0,eGFP5
3860,20:04:27,0.061,1.049,0,0,eGFP5
3861,20:04:29,0.074,1.906,0,0,eGFP5
3862,20:04:30,0.062,0.895,0,0,eGFP5
3863,20:04:31,0.095,0.764,0,0,eGFP5
3864,20:04:40,0.051,9.136,0,0,eGFP5
3865,20:04:41,0.138,0.742,0,0,eGFP5
3866,20:05:11,0.820,30.664,0,0,eGFP5
3867,20:05:12,0.084,0.687,0,0,eGFP5
3868,20:05:13,0.040,0.611,0,0,eGFP5
3869,20:05:14,0.061,0.939,0,0,eGFP5
3870,20:05:14,0.072,0.731,0,0,eGFP5
3871,20:05:15,0.050,0.599,0,0,eGFP5
3872,20:05:16,0.051,0.522,0,0,eGFP5
3873,20:05:16,0.051,0.753,0,0,eGFP5
3874,20:05:17,0.052,0.612,0,0,eGFP5
3875,20:05:18,0.031,0.579,0,0,eGFP5
3876,20:05:19,0.084,1.938,0,0,eGFP5
3877,20:05:20,0.051,0.566,0,0,eGFP5
3878,20:05:21,0.062,0.699,0,0,eGFP5
3879,20:05:21,0.039,0.522,0,0,eGFP5
3880,20:05:22,0.040,0.599,0,0,eGFP5
3881,20:05:23,0.073,0.786,0,0,eGFP5
3882,20:05:23,0.053,0.568,0,0,eGFP5
3883,20:05:24,0.051,0.742,0,0,eGFP5
3884,20:05:25,0.051,0.589,0,0,eGFP5
3885,20:05:26,0.061,1.663,0,0,eGFP5
3886,20:05:27,0.062,0.731,0,0,eGFP5
3887,20:05:28,0.062,0.665,0,0,eGFP5
3888,20:05:28,0.053,0.602,0,0,eGFP5
3889,20:05:29,0.050,0.764,0,0,eGFP5
3890,20:05:30,0.052,0.612,0,0,eGFP5
3891,20:05:31,0.039,1.246,0,0,eGFP5
3892,20:05:31,0.084,0.688,0,0,eGFP5
3893,20:05:32,0.040,0.687,0,0,eGFP5
3894,20:05:33,0.106,0.819,0,0,eGFP5
3895,20:05:35,0.040,1.718,0,0,eGFP5
3896,20:05:35,0.084,0.732,0,0,eGFP5
3897,20:05:36,0.050,0.687,0,0,eGFP5
3898,20:05:37,0.078,0.692,0,0,eGFP5
3899,20:05:37,0.052,0.611,0,0,eGFP5
3900,20:05:39,0.105,1.762,0,0,eGFP5
3901,20:05:40,0.050,0.533,0,0,eGFP5
3902,20:05:41,0.041,0.831,0,0,eGFP5
3903,20:05:41,0.061,0.632,0,0,eGFP5
3904,20:05:42,0.061,0.818,0,0,eGFP5
3905,20:05:43,0.050,0.610,0,0,eGFP5
3906,20:05:44,0.061,1.750,0,0,eGFP5
3907,20:05:45,0.063,0.612,0,0,eGFP5
3908,20:05:46,0.061,0.730,0,0,eGFP5
3909,20:05:47,0.062,0.830,0,0,eGFP5
3910,20:05:48,0.796,1.575,0,0,eGFP5
3911,20:05:49,0.040,0.588,0,0,eGFP5
3912,20:05:50,0.051,0.808,0,0,eGFP5
3913,20:05:51,0.061,1.850,0,0,eGFP5
3914,20:05:52,0.050,0.533,0,0,eGFP5
3915,20:05:53,0.041,0.721,0,0,eGFP5
3916,20:05:53,0.063,0.721,0,0,eGFP5
3917,20:05:54,0.051,0.643,0,0,eGFP5
3918,20:05:55,0.062,0.742,0,0,eGFP5
3919,20:05:55,0.050,0.555,0,0,eGFP5
3920,20:05:56,0.062,0.906,0,0,eGFP5
3921,20:05:57,0.051,0.567,0,0,eGFP5
3922,20:05:58,0.039,0.884,0,0,eGFP5
3923,20:05:58,0.074,0.623,0,0,eGFP5
3924,20:06:00,0.039,1.586,0,0,eGFP5
3925,20:06:00,0.062,0.599,0,0,eGFP5
3926,20:06:02,0.051,1.785,0,0,eGFP5
3927,20:06:03,0.061,0.610,0,0,eGFP5
3928,20:06:04,0.061,0.720,0,0,eGFP5
3929,20:06:04,0.061,0.588,0,0,eGFP5
3930,20:06:05,0.041,0.655,0,0,eGFP5
3931,20:06:06,0.095,0.852,0,0,eGFP5
3932,20:06:06,0.052,0.678,0,0,eGFP5
3933,20:06:07,0.072,0.785,0,0,eGFP5
3934,20:06:08,0.040,0.545,0,0,eGFP5
3935,20:06:09,0.050,0.972,0,0,eGFP5
3936,20:06:09,0.062,0.588,0,0,eGFP5
3937,20:06:11,0.051,1.444,0,0,eGFP5
3938,20:06:11,0.051,0.589,0,0,eGFP5
3939,20:06:12,0.050,0.840,0,0,eGFP5
3940,20:06:13,0.064,0.656,0,0,eGFP5
3941,20:06:14,0.062,0.764,0,0,eGFP5
3942,20:06:14,0.062,0.720,0,0,eGFP5
3943,20:06:15,0.051,0.676,0,0,eGFP5
3944,20:06:16,0.075,0.887,0,0,eGFP5
3945,20:06:16,0.050,0.632,0,0,eGFP5
3946,20:06:18,0.095,1.301,0,0,eGFP5
3947,20:06:19,0.051,0.830,0,0,eGFP5
3948,20:06:20,0.557,1.347,0,0,eGFP5
3949,20:06:20,0.051,0.578,0,0,eGFP5
3950,20:06:21,0.051,0.808,0,0,eGFP5
3951,20:06:22,0.062,0.676,0,0,eGFP5
3952,20:06:23,0.073,0.918,0,0,eGFP5
3953,20:06:23,0.051,0.555,0,0,eGFP5
3954,20:06:24,0.040,1.039,0,0,eGFP5
3955,20:06:25,0.072,0.621,0,0,eGFP5
3956,20:06:26,0.042,0.667,0,0,eGFP5
3957,20:06:27,0.073,0.775,0,0,eGFP5
3958,20:06:27,0.064,0.689,0,0,eGFP5
3959,20:06:28,0.084,0.852,0,0,eGFP5
3960,20:06:29,0.062,0.797,0,0,eGFP5
3961,20:06:30,0.117,0.973,0,0,eGFP5
3962,20:06:31,0.055,0.955,0,0,eGFP5
3963,20:06:32,0.105,0.774,0,0,eGFP5
3964,20:06:32,0.039,0.818,0,0,eGFP5
3965,20:06:33,0.118,0.908,0,0,eGFP5
3966,20:06:34,0.061,0.972,0,0,eGFP5
3967,20:06:35,0.105,0.741,0,0,eGFP5
3968,20:06:36,0.051,0.786,0,0,eGFP5
3969,20:06:38,0.105,1.915,0,0,eGFP5
3970,20:06:38,0.061,0.698,0,0,eGFP5
3971,20:06:39,0.063,0.875,0,0,eGFP5
3972,20:06:40,0.061,0.719,0,0,eGFP5
3973,20:06:41,0.063,0.908,0,0,eGFP5
3974,20:06:42,0.116,0.818,0,0,eGFP5
3975,20:06:42,0.215,0.742,0,0,eGFP5
3976,20:06:43,0.149,0.884,0,0,eGFP5
3977,20:06:44,0.051,0.643,0,0,eGFP5
3978,20:06:45,0.061,0.775,0,0,eGFP5
3979,20:06:46,0.061,0.741,0,0,eGFP5
3980,20:06:46,0.084,0.830,0,0,eGFP5
3981,20:06:47,0.052,0.634,0,0,eGFP5
3982,20:06:48,0.072,0.873,0,0,eGFP5
3983,20:06:49,0.072,0.742,0,0,eGFP5
3984,20:06:49,0.061,0.895,0,0,eGFP5
3985,20:06:50,0.063,0.842,0,0,eGFP5
3986,20:06:51,0.083,1.038,0,0,eGFP5
3987,20:06:54,0.105,2.212,0,0,eGFP5
3988,20:06:54,0.094,0.752,0,0,eGFP5
3989,20:06:55,0.062,0.786,0,0,eGFP5
3990,20:06:56,0.071,0.762,0,0,eGFP5
3991,20:06:57,0.062,0.742,0,0,eGFP5
3992,20:06:58,0.062,1.016,0,0,eGFP5
3993,20:06:59,0.106,0.918,0,0,eGFP5
3994,20:06:59,0.050,0.741,0,0,eGFP5
3995,20:07:00,0.073,0.907,0,0,eGFP5
3996,20:07:01,0.062,0.786,0,0,eGFP5
3997,20:07:02,0.072,0.917,0,0,eGFP5
3998,20:07:03,0.063,0.864,0,0,eGFP5
3999,20:07:04,0.097,0.854,0,0,eGFP5
4000,20:07:05,0.062,0.917,0,0,eGFP5
4001,20:07:07,0.073,2.092,0,0,eGFP5
4002,20:07:07,0.106,0.775,0,0,eGFP5
4003,20:07:08,0.051,0.709,0,0,eGFP5
4004,20:07:09,0.062,0.885,0,0,eGFP5
4005,20:07:10,0.094,1.093,0,0,eGFP5
4006,20:07:11,0.052,0.667,0,0,eGFP5
4007,20:07:12,0.073,0.940,0,0,eGFP5
4008,20:07:12,0.050,0.665,0,0,eGFP5
4009,20:07:14,0.073,1.291,0,0,eGFP5
4010,20:07:14,0.061,0.654,0,0,eGFP5
4011,20:07:16,0.062,1.203,0,0,eGFP5
4012,20:07:16,0.062,0.709,0,0,eGFP5
4013,20:07:17,0.064,0.997,0,0,eGFP5
4014,20:07:19,0.140,1.775,0,0,eGFP5
4015,20:07:20,0.062,0.709,0,0,eGFP5
4016,20:07:22,0.073,2.531,0,0,eGFP5
4017,20:07:23,0.051,0.577,0,0,eGFP5
4018,20:07:24,0.040,0.698,0,0,eGFP5
4019,20:07:24,0.106,0.929,0,0,eGFP5
4020,20:07:26,0.062,1.631,0,0,eGFP5
4021,20:07:27,0.139,0.885,0,0,eGFP5
4022,20:07:28,0.062,0.775,0,0,eGFP5
4023,20:07:29,0.075,1.106,0,0,eGFP5
4024,20:07:30,0.238,0.666,0,0,eGFP5
4025,20:07:31,0.199,1.109,0,0,eGFP5
4026,20:07:31,0.062,0.676,0,0,eGFP5
4027,20:07:33,0.677,1.972,0,0,eGFP5
4028,20:07:34,0.094,0.972,0,0,eGFP5
4029,20:07:51,0.051,16.959,0,0,eGFP5
4030,20:07:54,0.083,2.497,0,0,eGFP5
4031,20:07:56,0.107,2.499,0,0,eGFP5
4032,20:07:57,0.050,0.610,0,0,eGFP5
4033,20:07:57,0.039,0.577,0,0,eGFP5
4034,20:07:58,0.039,0.577,0,0,eGFP5
4035,20:07:59,0.039,0.577,0,0,eGFP5
4036,20:07:59,0.040,0.577,0,0,eGFP5
4037,20:08:00,0.051,0.512,0,0,eGFP5
4038,20:08:00,0.050,0.807,0,0,eGFP5
4039,20:08:01,0.063,0.612,0,0,eGFP5
4040,20:08:02,0.050,0.610,0,0,eGFP5
4041,20:08:03,0.085,0.864,0,0,eGFP5
4042,20:08:04,0.050,1.817,0,0,eGFP5
4043,20:08:05,0.061,0.610,0,0,eGFP5
4044,20:08:06,0.050,0.687,0,0,eGFP5
4045,20:08:06,0.072,0.764,0,0,eGFP5
4046,20:08:07,0.039,0.544,0,0,eGFP5
4047,20:08:08,0.063,1.182,0,0,eGFP5
4048,20:08:09,0.051,0.566,0,0,eGFP5
4049,20:08:10,0.051,0.896,0,0,eGFP5
4050,20:08:10,0.061,0.610,0,0,eGFP5
4051,20:08:12,0.062,2.059,0,0,eGFP5
4052,20:08:13,0.061,0.796,0,0,eGFP5
4053,20:08:14,0.062,0.654,0,0,eGFP5
4054,20:08:18,0.053,4.376,0,0,eGFP5
4055,20:08:19,0.193,1.148,0,0,eGFP5
4056,20:08:20,0.052,0.535,0,0,eGFP5
4057,20:08:20,0.039,0.709,0,0,eGFP5
4058,20:08:23,0.083,2.245,0,0,eGFP5
4059,20:08:23,0.050,0.599,0,0,eGFP5
4060,20:08:24,0.062,0.907,0,0,eGFP5
4061,20:08:25,0.050,0.555,0,0,eGFP5
4062,20:08:26,0.051,1.389,0,0,eGFP5
4063,20:08:27,0.062,0.567,0,0,eGFP5
4064,20:08:27,0.041,0.612,0,0,eGFP5
4065,20:08:28,0.062,0.764,0,0,eGFP5
4066,20:08:29,0.051,0.544,0,0,eGFP5
4067,20:08:30,0.062,1.587,0,0,eGFP5
4068,20:08:31,0.042,0.547,0,0,eGFP5
4069,20:08:32,0.061,0.939,0,0,eGFP5
4070,20:08:32,0.062,0.578,0,0,eGFP5
4071,20:08:33,0.039,0.753,0,0,eGFP5
4072,20:08:34,0.151,0.974,0,0,eGFP5
4073,20:08:35,0.051,0.566,0,0,eGFP5
4074,20:08:36,0.073,1.236,0,0,eGFP5
4075,20:08:36,0.040,0.567,0,0,eGFP5
4076,20:08:38,0.051,1.159,0,0,eGFP5
4077,20:08:39,0.062,1.258,0,0,eGFP5
4078,20:08:40,0.084,0.687,0,0,eGFP5
4079,20:08:40,0.051,0.698,0,0,eGFP5
4080,20:08:41,0.064,0.679,0,0,eGFP5
4081,20:08:42,0.051,0.632,0,0,eGFP5
4082,20:08:42,0.097,0.788,0,0,eGFP5
4083,20:08:43,0.314,1.170,0,0,eGFP5
4084,20:08:44,0.051,0.589,0,0,eGFP5
4085,20:08:46,0.106,1.565,0,0,eGFP5
4086,20:08:46,0.051,0.556,0,0,eGFP5
4087,20:08:47,0.051,1.005,0,0,eGFP5
4088,20:08:48,0.056,0.605,0,0,eGFP5
4089,20:08:49,0.052,0.886,0,0,eGFP5
4090,20:08:49,0.094,0.730,0,0,eGFP5
4091,20:08:50,0.039,0.753,0,0,eGFP5
4092,20:08:51,0.094,0.796,0,0,eGFP5
4093,20:08:52,0.039,0.566,0,0,eGFP5
4094,20:08:53,0.061,1.137,0,0,eGFP5
4095,20:08:53,0.050,0.566,0,0,eGFP5
4096,20:08:54,0.052,1.138,0,0,eGFP5
4097,20:08:55,0.063,0.612,0,0,eGFP5
4098,20:08:56,0.061,0.972,0,0,eGFP5
4099,20:08:57,0.061,0.599,0,0,eGFP5
4100,20:08:57,0.050,0.829,0,0,eGFP5
4101,20:08:58,0.083,0.742,0,0,eGFP5
4102,20:08:59,0.050,0.555,0,0,eGFP5
4103,20:09:00,0.050,0.972,0,0,eGFP5
4104,20:09:00,0.072,0.643,0,0,eGFP5
4105,20:09:01,0.052,0.798,0,0,eGFP5
4106,20:09:02,0.116,1.049,0,0,eGFP5
4107,20:09:03,0.051,0.566,0,0,eGFP5
4108,20:09:04,0.062,1.686,0,0,eGFP5
4109,20:09:05,0.050,0.785,0,0,eGFP5
4110,20:09:06,0.074,0.656,0,0,eGFP5
4111,20:09:07,0.039,1.115,0,0,eGFP5
4112,20:09:08,0.138,0.818,0,0,eGFP5
4113,20:09:10,0.042,1.918,0,0,eGFP5
4114,20:09:10,0.072,0.687,0,0,eGFP5
4115,20:09:11,0.050,0.731,0,0,eGFP5
4116,20:09:12,0.072,0.807,0,0,eGFP5
4117,20:09:16,0.062,4.253,0,0,eGFP5
4118,20:09:17,0.062,0.676,0,0,eGFP5
4119,20:09:17,0.051,0.600,0,0,eGFP5
4120,20:09:18,0.061,1.027,0,0,eGFP5
4121,20:09:19,0.226,0.467,0,0,eGFP5
4122,20:09:20,0.371,1.249,0,0,eGFP5
4123,20:09:21,0.050,0.533,0,0,eGFP5
4124,20:09:22,0.052,0.919,0,0,eGFP5
4125,20:09:22,0.062,0.621,0,0,eGFP5
4126,20:09:23,0.040,0.655,0,0,eGFP5
4127,20:09:24,0.072,0.785,0,0,eGFP5
4128,20:09:27,0.051,3.036,0,0,eGFP5
4129,20:09:27,0.061,0.588,0,0,eGFP5
4130,20:09:28,0.041,0.678,0,0,eGFP5
4131,20:09:29,0.116,1.027,0,0,eGFP5
4132,20:09:30,0.051,0.545,0,0,eGFP5
4133,20:09:31,0.050,1.521,0,0,eGFP5
4134,20:09:32,0.050,0.588,0,0,eGFP5
4135,20:09:32,0.051,0.830,0,0,eGFP5
4136,20:09:33,0.059,0.564,0,0,eGFP5
4137,20:09:34,0.040,0.896,0,0,eGFP5
4138,20:09:35,0.085,0.677,0,0,eGFP5
4139,20:09:35,0.051,0.577,0,0,eGFP5
4140,20:09:36,0.062,1.082,0,0,eGFP5
4141,20:09:37,0.050,0.566,0,0,eGFP5
4142,20:09:38,0.050,0.950,0,0,eGFP5
4143,20:09:38,0.061,0.632,0,0,eGFP5
4144,20:09:40,0.050,1.125,0,0,eGFP5
4145,20:09:40,0.083,0.687,0,0,eGFP5
4146,20:09:41,0.041,0.600,0,0,eGFP5
4147,20:09:42,0.073,0.950,0,0,eGFP5
4148,20:09:42,0.062,0.665,0,0,eGFP5
4149,20:09:43,0.061,0.873,0,0,eGFP5
4150,20:09:44,0.073,0.731,0,0,eGFP5
4151,20:09:45,0.052,0.974,0,0,eGFP5
4152,20:09:46,0.094,0.818,0,0,eGFP5
4153,20:09:47,0.050,0.643,0,0,eGFP5
4154,20:09:48,0.094,1.147,0,0,eGFP5
4155,20:09:48,0.052,0.579,0,0,eGFP5
4156,20:09:50,0.050,1.433,0,0,eGFP5
4157,20:09:51,0.116,0.906,0,0,eGFP5
4158,20:09:51,0.051,0.687,0,0,eGFP5
4159,20:09:52,0.094,1.005,0,0,eGFP5
4160,20:09:53,0.051,0.720,0,0,eGFP5
4161,20:09:54,0.072,0.917,0,0,eGFP5
4162,20:09:55,0.051,0.753,0,0,eGFP5
4163,20:09:55,0.140,0.732,0,0,eGFP5
4164,20:09:56,0.380,0.742,0,0,eGFP5
4165,20:09:57,0.271,1.051,0,0,eGFP5
4166,20:09:58,0.061,0.632,0,0,eGFP5
4167,20:09:59,0.061,0.807,0,0,eGFP5
4168,20:10:00,0.051,0.929,0,0,eGFP5
4169,20:10:01,0.741,1.597,0,0,eGFP5
4170,20:10:02,0.051,0.764,0,0,eGFP5
4171,20:10:03,0.074,0.710,0,0,eGFP5
4172,20:10:04,0.052,1.588,0,0,eGFP5
4173,20:10:05,0.062,0.599,0,0,eGFP5
4174,20:10:06,0.040,0.819,0,0,eGFP5
4175,20:10:06,0.083,0.764,0,0,eGFP5
4176,20:10:07,0.050,0.632,0,0,eGFP5
4177,20:10:08,0.072,0.906,0,0,eGFP5
4178,20:10:09,0.051,0.797,0,0,eGFP5
4179,20:10:09,0.087,0.767,0,0,eGFP5
4180,20:10:10,0.040,0.698,0,0,eGFP5
4181,20:10:11,0.084,0.962,0,0,eGFP5
4182,20:10:13,0.050,1.949,0,0,eGFP5
4183,20:20:26,0.061,613.184,0,0,eGFP5
4184,20:20:28,0.435,1.313,0,0,eGFP5
4185,20:20:29,0.061,1.740,0,0,eGFP5
4186,20:20:30,0.084,1.126,0,0,eGFP5
4187,20:20:32,0.073,1.368,0,0,eGFP5
4188,20:20:33,0.085,0.743,0,0,eGFP5
4189,20:20:33,0.139,0.358,0,0,eGFP5
4190,20:20:34,0.183,1.390,0,0,eGFP5
4191,20:20:35,0.062,0.621,0,0,eGFP5
4192,20:20:36,0.062,0.951,0,0,eGFP5
4193,20:20:36,0.063,0.612,0,0,eGFP5
4194,20:20:37,0.040,0.753,0,0,eGFP5
4195,20:20:38,0.062,0.621,0,0,eGFP5
4196,20:20:44,0.053,5.956,0,0,eGFP5
4197,20:20:44,0.051,0.632,0,0,eGFP5
4198,20:20:46,0.073,1.522,0,0,eGFP5
4199,20:20:47,0.050,0.753,0,0,eGFP5
4200,20:20:48,0.604,0.922,0,0,eGFP5
4201,20:20:49,0.193,1.005,0,0,eGFP5
4202,20:20:49,0.050,0.642,0,0,eGFP5
4203,20:20:50,0.072,1.126,0,0,eGFP5
4204,20:20:51,0.062,0.567,0,0,eGFP5
4205,20:20:52,0.050,0.895,0,0,eGFP5
4206,20:20:53,0.083,0.698,0,0,eGFP5
4207,20:20:53,0.052,0.611,0,0,eGFP5
4208,20:20:54,0.094,0.983,0,0,eGFP5
4209,20:20:56,0.050,1.674,0,0,eGFP5
4210,20:20:57,0.138,0.786,0,0,eGFP5
4211,20:20:58,0.050,1.169,0,0,eGFP5
4212,20:20:59,0.140,1.248,0,0,eGFP5
4213,20:21:00,0.094,0.741,0,0,eGFP5
4214,20:21:01,0.051,0.786,0,0,eGFP5
4215,20:21:01,0.094,0.884,0,0,eGFP5
4216,20:21:02,0.039,0.555,0,0,eGFP5
4217,20:21:03,0.050,1.290,0,0,eGFP5
4218,20:21:04,0.062,0.566,0,0,eGFP5
4219,20:21:05,0.062,0.994,0,0,eGFP5
4220,20:21:05,0.052,0.601,0,0,eGFP5
4221,20:21:08,0.063,2.444,0,0,eGFP5
4222,20:21:08,0.050,0.533,0,0,eGFP5
4223,20:21:10,0.039,1.598,0,0,eGFP5
4224,20:21:11,0.072,0.994,0,0,eGFP5
4225,20:21:12,0.061,0.675,0,0,eGFP5
4226,20:21:14,0.062,2.026,0,0,eGFP5
4227,20:21:15,0.039,1.543,0,0,eGFP5
4228,20:21:16,0.204,0.928,0,0,eGFP5
4229,20:21:17,0.041,0.996,0,0,eGFP5
4230,20:21:18,0.171,0.950,0,0,eGFP5
4231,20:21:22,0.050,4.088,0,0,eGFP5
4232,20:21:23,0.083,0.830,0,0,eGFP5
4233,20:21:24,0.039,0.478,0,0,eGFP5
4234,20:21:26,0.052,2.060,0,0,eGFP5
4235,20:21:27,0.160,1.225,0,0,eGFP5
4236,20:21:27,0.050,0.577,0,0,eGFP5
4237,20:21:28,0.052,0.634,0,0,eGFP5
4238,20:21:29,0.039,0.665,0,0,eGFP5
4239,20:21:30,0.786,1.587,0,0,eGFP5
4240,20:21:31,0.094,0.720,0,0,eGFP5
4241,20:21:32,0.050,0.599,0,0,eGFP5
4242,20:21:33,0.073,1.060,0,0,eGFP5
4243,20:21:33,0.051,0.555,0,0,eGFP5
4244,20:21:42,0.062,8.686,0,0,eGFP5
4245,20:21:43,0.490,1.379,0,0,eGFP5
4246,20:21:46,0.052,2.313,0,0,eGFP5
4247,20:21:46,0.083,0.873,0,0,eGFP5
4248,20:21:47,0.064,0.601,0,0,eGFP5
4249,20:21:48,0.040,0.567,0,0,eGFP5
4250,20:21:48,0.051,0.632,0,0,eGFP5
4251,20:21:50,0.040,1.510,0,0,eGFP5
4252,20:21:50,0.073,0.676,0,0,eGFP5
4253,20:21:52,0.040,1.620,0,0,eGFP5
4254,20:21:53,0.064,0.590,0,0,eGFP5
4255,20:21:54,0.051,1.456,0,0,eGFP5
4256,20:21:55,0.051,0.544,0,0,eGFP5
4257,20:21:55,0.040,0.666,0,0,eGFP5
4258,20:21:56,0.084,0.753,0,0,eGFP5
4259,20:21:57,0.040,0.654,0,0,eGFP5
4260,20:21:59,0.128,2.092,0,0,eGFP5
4261,20:21:59,0.051,0.611,0,0,eGFP5
4262,20:22:00,0.054,0.647,0,0,eGFP5
4263,20:22:01,0.045,0.527,0,0,eGFP5
4264,20:22:01,0.051,0.775,0,0,eGFP5
4265,20:22:02,0.061,0.610,0,0,eGFP5
4266,20:22:03,0.039,0.511,0,0,eGFP5
4267,20:22:04,0.061,1.015,0,0,eGFP5
4268,20:22:04,0.040,0.512,0,0,eGFP5
4269,20:22:05,0.050,0.873,0,0,eGFP5
4270,20:22:06,0.074,0.721,0,0,eGFP5
4271,20:22:06,0.050,0.599,0,0,eGFP5
4272,20:22:07,0.050,0.610,0,0,eGFP5
4273,20:22:07,0.050,0.577,0,0,eGFP5
4274,20:22:10,0.061,2.563,0,0,eGFP5
4275,20:22:11,0.061,0.577,0,0,eGFP5
4276,20:22:11,0.041,0.546,0,0,eGFP5
4277,20:22:12,0.072,1.125,0,0,eGFP5
4278,20:22:14,0.051,2.245,0,0,eGFP5
4279,20:22:15,0.052,0.568,0,0,eGFP5
4280,20:22:16,0.039,0.730,0,0,eGFP5
4281,20:22:17,0.084,0.742,0,0,eGFP5
4282,20:22:17,0.040,0.500,0,0,eGFP5
4283,20:22:18,0.051,0.940,0,0,eGFP5
4284,20:22:19,0.083,0.818,0,0,eGFP5
4285,20:22:20,0.062,0.764,0,0,eGFP5
4286,20:22:20,0.061,0.577,0,0,eGFP5
4287,20:22:22,0.052,1.654,0,0,eGFP5
4288,20:22:22,0.061,0.676,0,0,eGFP5
4289,20:22:23,0.061,0.742,0,0,eGFP5
4290,20:22:24,0.052,0.502,0,0,eGFP5
4291,20:22:26,0.050,2.596,0,0,eGFP5
4292,20:22:30,0.160,3.430,0,0,eGFP5
4293,20:22:30,0.072,0.643,0,0,eGFP5
4294,20:22:31,0.051,0.566,0,0,eGFP5
4295,20:22:32,0.063,0.864,0,0,eGFP5
4296,20:22:32,0.084,0.709,0,0,eGFP5
4297,20:22:36,0.117,3.386,0,0,eGFP5
4298,20:22:37,0.238,1.488,0,0,eGFP5
4299,20:22:40,0.062,2.235,0,0,eGFP5
4300,20:22:41,0.083,0.895,0,0,eGFP5
4301,20:22:41,0.051,0.599,0,0,eGFP5
4302,20:22:42,0.051,0.951,0,0,eGFP5
4303,20:22:43,0.054,0.635,0,0,eGFP5
4304,20:22:46,0.095,3.200,0,0,eGFP5
4305,20:22:47,0.062,0.698,0,0,eGFP5
4306,20:22:48,0.117,1.433,0,0,eGFP5
4307,20:22:49,0.051,0.567,0,0,eGFP5
4308,20:22:49,0.040,0.599,0,0,eGFP5
4309,20:22:50,0.040,0.556,0,0,eGFP5
4310,20:22:50,0.050,0.665,0,0,eGFP5
4311,20:22:51,0.062,0.577,0,0,eGFP5
4312,20:22:52,0.042,0.667,0,0,eGFP5
4313,20:22:52,0.084,0.731,0,0,eGFP5
4314,20:22:54,0.040,2.059,0,0,eGFP5
4315,20:22:55,0.084,0.698,0,0,eGFP5
4316,20:22:57,0.051,1.499,0,0,eGFP5
4317,20:22:57,0.086,0.700,0,0,eGFP5
4318,20:22:58,0.051,0.545,0,0,eGFP5
4319,20:22:59,0.051,0.852,0,0,eGFP5
4320,20:22:59,0.052,0.546,0,0,eGFP5
4321,20:23:01,0.040,1.763,0,0,eGFP5
4322,20:23:02,0.061,0.797,0,0,eGFP5
4323,20:23:02,0.050,0.577,0,0,eGFP5
4324,20:23:03,0.051,0.797,0,0,eGFP5
4325,20:23:04,0.073,0.622,0,0,eGFP5
4326,20:23:09,0.045,5.015,0,0,eGFP5
4327,20:23:10,0.127,1.148,0,0,eGFP5
4328,20:23:11,0.095,0.951,0,0,eGFP5
4329,20:23:12,0.094,1.147,0,0,eGFP5
4330,20:23:13,0.073,0.863,0,0,eGFP5
4331,20:23:14,0.062,1.094,0,0,eGFP5
4332,20:23:15,0.149,1.312,0,0,eGFP5
4333,20:23:16,0.050,0.665,0,0,eGFP5
4334,20:23:17,0.072,0.982,0,0,eGFP5
4335,20:23:18,0.062,0.731,0,0,eGFP5
4336,20:23:19,0.052,0.842,0,0,eGFP5
4337,20:23:19,0.083,0.774,0,0,eGFP5
4338,20:23:22,0.051,2.519,0,0,eGFP5
4339,20:23:23,0.084,0.918,0,0,eGFP5
4340,20:23:23,0.050,0.544,0,0,eGFP5
4341,20:23:24,0.039,0.632,0,0,eGFP5
4342,20:23:25,0.050,0.697,0,0,eGFP5
4343,20:23:25,0.062,0.665,0,0,eGFP5
4344,20:23:26,0.040,0.511,0,0,eGFP5
4345,20:23:27,0.043,0.668,0,0,eGFP5
4346,20:23:27,0.051,0.621,0,0,eGFP5
4347,20:23:28,0.051,0.566,0,0,eGFP5
4348,20:23:29,0.051,0.841,0,0,eGFP5
4349,20:23:29,0.061,0.610,0,0,eGFP5
4350,20:23:30,0.050,0.720,0,0,eGFP5
4351,20:23:31,0.105,0.840,0,0,eGFP5
4352,20:23:31,0.040,0.555,0,0,eGFP5
4353,20:23:32,0.052,0.886,0,0,eGFP5
4354,20:23:33,0.062,0.676,0,0,eGFP5
4355,20:23:34,0.062,0.928,0,0,eGFP5
4356,20:23:34,0.062,0.578,0,0,eGFP5
4357,20:23:35,0.050,1.016,0,0,eGFP5
4358,20:23:36,0.072,0.731,0,0,eGFP5
4359,20:23:37,0.052,0.853,0,0,eGFP5
4360,20:23:51,0.061,13.645,0,0,eGFP5
4361,20:23:52,0.096,1.248,0,0,eGFP5
4362,20:23:54,0.402,2.640,0,0,eGFP5
4363,20:23:55,0.128,0.929,0,0,eGFP5
4364,20:23:56,0.050,0.873,0,0,eGFP5
4365,20:23:57,0.095,1.005,0,0,eGFP5
4366,20:23:59,0.062,1.785,0,0,eGFP5
4367,20:24:00,0.061,0.676,0,0,eGFP5
4368,20:24:00,0.050,0.610,0,0,eGFP5
4369,20:24:01,0.052,0.601,0,0,eGFP5
4370,20:24:02,0.039,0.566,0,0,eGFP5
4371,20:24:02,0.051,0.632,0,0,eGFP5
4372,20:24:03,0.051,0.698,0,0,eGFP5
4373,20:24:03,0.053,0.612,0,0,eGFP5
4374,20:24:04,0.040,0.567,0,0,eGFP5
4375,20:24:05,0.062,0.895,0,0,eGFP5
4376,20:24:05,0.051,0.534,0,0,eGFP5
4377,20:24:07,0.040,1.960,0,0,eGFP5
4378,20:24:08,0.063,0.601,0,0,eGFP5
4379,20:24:09,0.040,0.555,0,0,eGFP5
4380,20:24:09,0.073,0.929,0,0,eGFP5
4381,20:24:10,0.040,0.523,0,0,eGFP5
4382,20:24:11,0.050,0.654,0,0,eGFP5
4383,20:24:11,0.084,0.753,0,0,eGFP5
4384,20:24:12,0.040,0.588,0,0,eGFP5
4385,20:24:16,0.073,3.540,0,0,eGFP5
4386,20:24:16,0.044,0.516,0,0,eGFP5
4387,20:24:17,0.050,0.928,0,0,eGFP5
4388,20:24:18,0.051,0.589,0,0,eGFP5
4389,20:24:19,0.051,1.269,0,0,eGFP5
4390,20:24:19,0.044,0.560,0,0,eGFP5
4391,20:24:20,0.039,0.686,0,0,eGFP5
4392,20:24:21,0.072,0.676,0,0,eGFP5
4393,20:24:22,0.050,0.752,0,0,eGFP5
4394,20:24:22,0.107,0.831,0,0,eGFP5
4395,20:24:24,0.050,1.510,0,0,eGFP5
4396,20:24:25,0.105,0.796,0,0,eGFP5
4397,20:24:26,0.050,1.531,0,0,eGFP5
4398,20:24:27,0.062,0.577,0,0,eGFP5
4399,20:24:27,0.040,0.720,0,0,eGFP5
4400,20:24:28,0.151,1.006,0,0,eGFP5
4401,20:24:29,0.040,0.555,0,0,eGFP5
4402,20:24:30,0.052,1.292,0,0,eGFP5
4403,20:24:31,0.062,0.610,0,0,eGFP5
4404,20:24:32,0.051,0.731,0,0,eGFP5
4405,20:24:32,0.083,0.676,0,0,eGFP5
4406,20:24:33,0.039,0.544,0,0,eGFP5
4407,20:24:34,0.061,1.312,0,0,eGFP5
4408,20:24:35,0.050,0.544,0,0,eGFP5
4409,20:24:35,0.051,0.731,0,0,eGFP5
4410,20:24:36,0.061,0.621,0,0,eGFP5
4411,20:24:37,0.052,0.612,0,0,eGFP5
4412,20:24:38,0.072,0.950,0,0,eGFP5
4413,20:24:38,0.050,0.544,0,0,eGFP5
4414,20:24:40,0.063,1.413,0,0,eGFP5
4415,20:24:40,0.061,0.621,0,0,eGFP5
4416,20:24:44,0.061,3.671,0,0,eGFP5
4417,20:24:45,0.062,0.643,0,0,eGFP5
4418,20:24:46,0.051,1.005,0,0,eGFP5
4419,20:24:46,0.063,0.755,0,0,eGFP5
4420,20:24:53,4.044,6.985,0,0,eGFP5
4421,21:03:49,2335.115,2335.532,0,0,eGFP5
4422,21:03:50,0.138,1.082,0,0,eGFP5
4423,21:03:51,0.116,0.939,0,0,eGFP5
4424,21:03:52,0.051,0.753,0,0,eGFP5
4425,21:03:52,0.083,0.742,0,0,eGFP5
4426,21:03:53,0.050,0.742,0,0,eGFP5
4427,21:03:54,0.096,0.809,0,0,eGFP5
4428,21:03:55,0.041,1.577,0,0,eGFP5
4429,21:03:56,0.238,0.830,0,0,eGFP5
4430,21:03:59,1.269,2.443,0,0,eGFP5
4431,21:04:00,0.072,1.345,0,0,eGFP5
4432,21:04:01,0.062,0.621,0,0,eGFP5
4433,21:04:01,0.040,0.556,0,0,eGFP5
4434,21:04:02,0.062,0.731,0,0,eGFP5
4435,21:04:03,0.041,0.590,0,0,eGFP5
4436,21:04:04,0.073,1.598,0,0,eGFP5
4437,21:04:05,0.051,0.566,0,0,eGFP5
4438,21:04:05,0.051,0.698,0,0,eGFP5
4439,21:04:06,0.051,0.578,0,0,eGFP5
4440,21:04:07,0.051,0.841,0,0,eGFP5
4441,21:04:08,0.061,0.764,0,0,eGFP5
4442,21:04:09,0.063,1.336,0,0,eGFP5
4443,21:04:10,0.051,1.510,0,0,eGFP5
4444,21:04:11,0.086,0.733,0,0,eGFP5
4445,21:04:12,0.040,0.644,0,0,eGFP5
4446,21:04:13,0.072,0.753,0,0,eGFP5
4447,21:04:13,0.051,0.599,0,0,eGFP5
4448,21:04:14,0.062,1.116,0,0,eGFP5
4449,21:04:15,0.062,1.192,0,0,eGFP5
4450,21:04:16,0.073,0.654,0,0,eGFP5
4451,21:04:18,0.040,1.521,0,0,eGFP5
4452,21:04:18,0.064,0.613,0,0,eGFP5
4453,21:04:19,0.045,0.582,0,0,eGFP5
4454,21:04:20,0.073,0.786,0,0,eGFP5
4455,21:04:21,0.044,1.273,0,0,eGFP5
4456,21:04:22,0.116,0.818,0,0,eGFP5
4457,21:04:22,0.050,0.643,0,0,eGFP5
4458,21:04:23,0.050,0.818,0,0,eGFP5
4459,21:04:24,0.072,0.654,0,0,eGFP5
4460,21:04:25,0.052,1.522,0,0,eGFP5
4461,21:04:26,0.050,0.654,0,0,eGFP5
4462,21:04:27,0.050,0.664,0,0,eGFP5
4463,21:04:28,0.073,0.863,0,0,eGFP5
4464,21:04:29,0.061,1.312,0,0,eGFP5
4465,21:04:30,0.138,0.829,0,0,eGFP5
4466,21:04:30,0.039,0.555,0,0,eGFP5
4467,21:04:31,0.061,0.994,0,0,eGFP5
4468,21:04:32,0.063,0.688,0,0,eGFP5
4469,21:04:33,0.074,0.919,0,0,eGFP5
4470,21:04:33,0.051,0.577,0,0,eGFP5
4471,21:04:34,0.051,0.830,0,0,eGFP5
4472,21:04:35,0.061,0.566,0,0,eGFP5
4473,21:04:36,0.039,0.753,0,0,eGFP5
4474,21:04:36,0.138,0.917,0,0,eGFP5
4475,21:04:37,0.039,0.621,0,0,eGFP5
4476,21:04:38,0.094,1.345,0,0,eGFP5
4477,21:04:40,0.052,1.534,0,0,eGFP5
4478,21:04:41,0.083,0.972,0,0,eGFP5
4479,21:04:42,0.061,0.599,0,0,eGFP5
4480,21:04:42,0.040,0.555,0,0,eGFP5
4481,21:04:43,0.062,0.654,0,0,eGFP5
4482,21:04:43,0.040,0.534,0,0,eGFP5
4483,21:04:44,0.041,0.688,0,0,eGFP5
4484,21:04:45,0.051,0.611,0,0,eGFP5
4485,21:04:45,0.041,0.853,0,0,eGFP5
4486,21:04:46,0.072,0.665,0,0,eGFP5
4487,21:04:50,0.061,4.330,0,0,eGFP5
4488,21:04:52,0.401,1.268,0,0,eGFP5
4489,21:04:55,0.062,2.893,0,0,eGFP5
4490,21:04:55,0.050,0.599,0,0,eGFP5
4491,21:04:56,0.062,0.621,0,0,eGFP5
4492,21:04:56,0.040,0.545,0,0,eGFP5
4493,21:04:57,0.052,0.623,0,0,eGFP5
4494,21:04:57,0.039,0.489,0,0,eGFP5
4495,21:04:58,0.029,0.545,0,0,eGFP5
4496,21:04:59,0.040,0.588,0,0,eGFP5
4497,21:04:59,0.042,0.502,0,0,eGFP5
4498,21:05:02,0.040,3.244,0,0,eGFP5
4499,21:05:03,0.062,0.720,0,0,eGFP5
4500,21:05:04,0.051,0.600,0,0,eGFP5
4501,21:05:04,0.039,0.599,0,0,eGFP5
4502,21:05:05,0.050,0.543,0,0,eGFP5
4503,21:05:05,0.051,0.589,0,0,eGFP5
4504,21:05:06,0.051,0.610,0,0,eGFP5
4505,21:05:07,0.051,0.578,0,0,eGFP5
4506,21:05:07,0.062,0.687,0,0,eGFP5
4507,21:05:08,0.051,0.578,0,0,eGFP5
4508,21:05:09,0.051,0.676,0,0,eGFP5
4509,21:05:09,0.062,0.622,0,0,eGFP5
4510,21:05:10,0.053,0.997,0,0,eGFP5
4511,21:05:11,0.063,0.612,0,0,eGFP5
4512,21:05:12,0.062,1.433,0,0,eGFP5
4513,21:05:13,0.051,0.688,0,0,eGFP5
4514,21:05:13,0.139,0.479,0,0,eGFP5
4515,21:05:15,0.237,1.214,0,0,eGFP5
4516,21:05:16,0.081,1.661,0,0,eGFP5
4517,21:05:18,0.083,1.784,0,0,eGFP5
4518,21:05:19,0.052,0.919,0,0,eGFP5
4519,21:05:20,0.094,0.752,0,0,eGFP5
4520,21:05:20,0.051,0.588,0,0,eGFP5
4521,21:05:21,0.062,0.698,0,0,eGFP5
4522,21:05:22,0.040,0.566,0,0,eGFP5
4523,21:05:22,0.051,0.610,0,0,eGFP5
4524,21:05:23,0.051,0.632,0,0,eGFP5
4525,21:05:23,0.052,0.656,0,0,eGFP5
4526,21:05:24,0.063,0.721,0,0,eGFP5
4527,21:05:25,0.050,0.676,0,0,eGFP5
4528,21:05:26,0.083,0.851,0,0,eGFP5
4529,21:05:26,0.051,0.610,0,0,eGFP5
4530,21:05:27,0.084,1.038,0,0,eGFP5
4531,21:05:28,0.062,0.665,0,0,eGFP5
4532,21:05:29,0.117,0.885,0,0,eGFP5
4533,21:05:30,0.599,1.323,0,0,eGFP5
4534,21:05:32,0.039,1.993,0,0,eGFP5
4535,21:05:33,0.074,0.688,0,0,eGFP5
4536,21:05:34,0.040,0.797,0,0,eGFP5
4537,21:05:35,0.094,0.851,0,0,eGFP5
4538,21:05:37,0.051,2.487,0,0,eGFP5
4539,21:05:38,0.060,0.597,0,0,eGFP5
4540,21:05:38,0.051,0.709,0,0,eGFP5
4541,21:05:39,0.051,0.687,0,0,eGFP5
4542,21:05:40,0.051,0.753,0,0,eGFP5
4543,21:05:41,0.107,0.831,0,0,eGFP5
4544,21:05:41,0.051,0.622,0,0,eGFP5
4545,21:05:42,0.072,1.114,0,0,eGFP5
4546,21:05:43,0.051,0.545,0,0,eGFP5
4547,21:05:43,0.040,0.577,0,0,eGFP5
4548,21:05:44,0.051,0.654,0,0,eGFP5
4549,21:05:45,0.051,0.600,0,0,eGFP5
4550,21:05:45,0.039,0.621,0,0,eGFP5
4551,21:05:46,0.052,0.711,0,0,eGFP5
4552,21:05:47,0.041,0.568,0,0,eGFP5
4553,21:05:47,0.050,0.632,0,0,eGFP5
4554,21:05:48,0.051,0.698,0,0,eGFP5
4555,21:05:49,0.062,0.654,0,0,eGFP5
4556,21:05:49,0.051,0.688,0,0,eGFP5
4557,21:05:50,0.061,0.676,0,0,eGFP5
4558,21:05:51,0.051,0.676,0,0,eGFP5
4559,21:05:52,0.085,1.062,0,0,eGFP5
4560,21:05:53,0.062,1.477,0,0,eGFP5
4561,21:05:54,0.073,0.632,0,0,eGFP5
4562,21:05:54,0.051,0.655,0,0,eGFP5
4563,21:05:55,0.051,0.698,0,0,eGFP5
4564,21:05:56,0.051,0.731,0,0,eGFP5
4565,21:05:57,0.062,0.654,0,0,eGFP5
4566,21:05:57,0.053,0.646,0,0,eGFP5
4567,21:05:58,0.083,0.972,0,0,eGFP5
4568,21:06:00,0.053,1.512,0,0,eGFP5
4569,21:06:00,0.084,0.655,0,0,eGFP5
4570,21:06:01,0.051,0.544,0,0,eGFP5
4571,21:06:02,0.062,0.775,0,0,eGFP5
4572,21:06:02,0.062,0.787,0,0,eGFP5
4573,21:06:03,0.061,0.753,0,0,eGFP5
4574,21:06:04,0.051,0.731,0,0,eGFP5
4575,21:06:05,0.062,0.808,0,0,eGFP5
4576,21:06:05,0.042,0.733,0,0,eGFP5
4577,21:06:06,0.446,0.841,0,0,eGFP5
4578,21:06:07,0.150,0.830,0,0,eGFP5
4579,21:06:16,0.045,8.648,0,0,eGFP5
4580,21:06:16,0.041,0.622,0,0,eGFP5
4581,21:06:17,0.050,0.610,0,0,eGFP5
4582,21:06:18,0.039,0.522,0,0,eGFP5
4583,21:06:18,0.050,0.742,0,0,eGFP5
4584,21:06:19,0.052,0.523,0,0,eGFP5
4585,21:06:20,0.040,1.631,0,0,eGFP5
4586,21:06:22,0.127,1.367,0,0,eGFP5
4587,21:06:22,0.061,0.621,0,0,eGFP5
4588,21:06:23,0.050,0.687,0,0,eGFP5
4589,21:06:24,0.072,1.015,0,0,eGFP5
4590,21:06:25,0.073,0.698,0,0,eGFP5
4591,21:06:26,0.040,0.808,0,0,eGFP5
4592,21:06:28,0.183,2.784,0,0,eGFP5
4593,21:06:29,0.050,0.709,0,0,eGFP5
4594,21:06:30,0.063,0.633,0,0,eGFP5
4595,21:06:30,0.040,0.588,0,0,eGFP5
4596,21:06:31,0.073,0.654,0,0,eGFP5
4597,21:06:32,0.040,0.534,0,0,eGFP5
4598,21:06:32,0.050,0.730,0,0,eGFP5
4599,21:06:33,0.051,0.578,0,0,eGFP5
4600,21:06:33,0.050,0.665,0,0,eGFP5
4601,21:06:34,0.052,0.611,0,0,eGFP5
4602,21:06:35,0.051,0.742,0,0,eGFP5
4603,21:06:35,0.062,0.632,0,0,eGFP5
4604,21:06:37,0.040,1.598,0,0,eGFP5
4605,21:06:38,0.050,0.566,0,0,eGFP5
4606,21:06:39,0.051,0.972,0,0,eGFP5
4607,21:06:39,0.095,0.775,0,0,eGFP5
4608,21:06:40,0.041,0.590,0,0,eGFP5
4609,21:06:41,0.074,0.700,0,0,eGFP5
4610,21:06:41,0.050,0.533,0,0,eGFP5
4611,21:06:42,0.040,0.599,0,0,eGFP5
4612,21:06:42,0.051,0.687,0,0,eGFP5
4613,21:06:43,0.051,0.523,0,0,eGFP5
4614,21:06:44,0.050,1.027,0,0,eGFP5
4615,21:06:45,0.073,0.742,0,0,eGFP5
4616,21:06:46,0.062,0.961,0,0,eGFP5
4617,21:06:46,0.053,0.744,0,0,eGFP5
4618,21:06:48,0.501,1.576,0,0,eGFP5
4619,21:06:49,0.072,0.709,0,0,eGFP5
4620,21:06:49,0.062,0.731,0,0,eGFP5
4621,21:06:50,0.051,0.621,0,0,eGFP5
4622,21:06:51,0.053,0.722,0,0,eGFP5
4623,21:06:51,0.051,0.643,0,0,eGFP5
4624,21:06:52,0.051,0.567,0,0,eGFP5
4625,21:06:53,0.052,0.853,0,0,eGFP5
4626,21:06:53,0.172,0.479,0,0,eGFP5
4627,21:06:54,0.256,0.662,0,0,eGFP5
4628,21:06:55,0.149,0.961,0,0,eGFP5
4629,21:06:56,0.050,0.610,0,0,eGFP5
4630,21:06:56,0.039,0.785,0,0,eGFP5
4631,21:06:57,0.073,0.654,0,0,eGFP5
4632,21:07:01,0.061,3.638,0,0,eGFP5
4633,21:07:01,0.072,0.643,0,0,eGFP5
4634,21:07:02,0.052,0.688,0,0,eGFP5
4635,21:07:03,0.085,0.798,0,0,eGFP5
4636,21:07:03,0.050,0.588,0,0,eGFP5
4637,21:07:04,0.050,0.577,0,0,eGFP5
4638,21:07:05,0.039,0.522,0,0,eGFP5
4639,21:07:05,0.051,0.654,0,0,eGFP5
4640,21:07:06,0.061,0.610,0,0,eGFP5
4641,21:07:06,0.039,0.544,0,0,eGFP5
4642,21:07:07,0.052,0.908,0,0,eGFP5
4643,21:07:08,0.050,0.577,0,0,eGFP5
4644,21:07:09,0.039,0.731,0,0,eGFP5
4645,21:07:09,0.050,0.631,0,0,eGFP5
4646,21:07:10,0.062,0.885,0,0,eGFP5
4647,21:07:11,0.050,0.555,0,0,eGFP5
4648,21:07:12,0.050,1.433,0,0,eGFP5
4649,21:07:13,0.052,0.579,0,0,eGFP5
4650,21:07:14,0.052,0.984,0,0,eGFP5
4651,21:07:14,0.073,0.610,0,0,eGFP5
4652,21:07:15,0.040,0.610,0,0,eGFP5
4653,21:07:16,0.095,1.280,0,0,eGFP5
4654,21:07:17,0.050,0.577,0,0,eGFP5
4655,21:07:17,0.050,0.753,0,0,eGFP5
4656,21:07:18,0.061,0.621,0,0,eGFP5
4657,21:07:19,0.039,0.632,0,0,eGFP5
4658,21:07:19,0.063,0.710,0,0,eGFP5
4659,21:07:20,0.051,0.742,0,0,eGFP5
4660,21:07:21,0.073,0.742,0,0,eGFP5
4661,21:07:22,0.050,0.632,0,0,eGFP5
4662,21:07:22,0.061,0.851,0,0,eGFP5
4663,21:07:23,0.053,0.722,0,0,eGFP5
4664,21:07:25,0.138,1.433,0,0,eGFP5
4665,21:07:25,0.051,0.588,0,0,eGFP5
4666,21:07:26,0.062,0.764,0,0,eGFP5
4667,21:07:27,0.064,0.645,0,0,eGFP5
4668,21:07:27,0.051,0.863,0,0,eGFP5
4669,21:07:28,0.072,0.687,0,0,eGFP5
4670,21:07:29,0.050,0.895,0,0,eGFP5
4671,21:07:30,0.095,0.742,0,0,eGFP5
4672,21:07:30,0.051,0.731,0,0,eGFP5
4673,21:07:31,0.128,1.028,0,0,eGFP5
4674,21:07:32,0.050,0.577,0,0,eGFP5
4675,21:07:33,0.052,0.886,0,0,eGFP5
4676,21:07:34,0.062,0.600,0,0,eGFP5
4677,21:07:35,0.052,1.676,0,0,eGFP5
4678,21:07:36,0.051,0.698,0,0,eGFP5
4679,21:07:37,0.095,0.885,0,0,eGFP5
4680,21:07:37,0.051,0.588,0,0,eGFP5
4681,21:07:38,0.062,0.863,0,0,eGFP5
4682,21:07:39,0.051,0.610,0,0,eGFP5
4683,21:07:40,0.064,1.040,0,0,eGFP5
4684,21:07:40,0.073,0.622,0,0,eGFP5
4685,21:07:41,0.051,0.731,0,0,eGFP5
4686,21:07:42,0.084,0.852,0,0,eGFP5
4687,21:07:43,0.051,0.621,0,0,eGFP5
4688,21:07:44,0.051,0.896,0,0,eGFP5
4689,21:07:44,0.062,0.665,0,0,eGFP5
4690,21:07:45,0.046,0.825,0,0,eGFP5
4691,21:07:46,0.075,0.810,0,0,eGFP5
4692,21:07:48,0.061,2.267,0,0,eGFP5
4693,21:07:49,0.050,0.566,0,0,eGFP5
4694,21:07:50,0.050,0.960,0,0,eGFP5
4695,21:07:50,0.062,0.797,0,0,eGFP5
4696,21:07:52,0.105,1.729,0,0,eGFP5
4697,21:07:53,0.061,0.675,0,0,eGFP5
4698,21:07:54,0.062,0.786,0,0,eGFP5
4699,21:07:54,0.061,0.796,0,0,eGFP5
4700,21:07:59,0.074,4.737,0,0,eGFP5
4701,21:08:00,0.050,0.698,0,0,eGFP5
4702,21:08:01,0.072,0.774,0,0,eGFP5
4703,21:08:01,0.040,0.522,0,0,eGFP5
4704,21:08:02,0.040,0.676,0,0,eGFP5
4705,21:08:02,0.052,0.601,0,0,eGFP5
4706,21:08:03,0.039,0.522,0,0,eGFP5
4707,21:08:04,0.050,0.741,0,0,eGFP5
4708,21:08:04,0.063,0.601,0,0,eGFP5
4709,21:08:05,0.039,0.665,0,0,eGFP5
4710,21:08:06,0.083,0.763,0,0,eGFP5
4711,21:08:06,0.051,0.533,0,0,eGFP5
4712,21:08:07,0.051,1.038,0,0,eGFP5
4713,21:08:08,0.062,0.588,0,0,eGFP5
4714,21:08:10,0.040,2.388,0,0,eGFP5
4715,21:08:11,0.050,0.599,0,0,eGFP5
4716,21:08:12,0.052,0.732,0,0,eGFP5
4717,21:08:12,0.051,0.654,0,0,eGFP5
4718,21:08:14,0.063,1.545,0,0,eGFP5
4719,21:08:14,0.050,0.555,0,0,eGFP5
4720,21:08:15,0.061,0.862,0,0,eGFP5
4721,21:08:16,0.073,0.720,0,0,eGFP5
4722,21:08:17,0.062,1.049,0,0,eGFP5
4723,21:08:18,0.073,0.731,0,0,eGFP5
4724,21:08:18,0.052,0.645,0,0,eGFP5
4725,21:08:19,0.050,0.654,0,0,eGFP5
4726,21:08:20,0.061,0.676,0,0,eGFP5
4727,21:08:20,0.039,0.654,0,0,eGFP5
4728,21:08:21,0.072,0.994,0,0,eGFP5
4729,21:08:22,0.050,0.577,0,0,eGFP5
4730,21:08:23,0.051,0.994,0,0,eGFP5
4731,21:08:24,0.062,0.600,0,0,eGFP5
4732,21:08:32,0.063,8.336,0,0,eGFP5
4733,21:09:17,0.096,44.655,0,0,eGFP5
4734,21:09:17,0.094,0.851,0,0,eGFP5
4735,21:09:18,0.051,0.600,0,0,eGFP5
4736,21:09:19,0.050,0.522,0,0,eGFP5
4737,21:09:19,0.040,0.599,0,0,eGFP5
4738,21:09:22,0.062,2.750,0,0,eGFP5
4739,21:09:23,0.095,0.940,0,0,eGFP5
4740,21:09:24,0.072,0.840,0,0,eGFP5
4741,21:09:24,0.064,0.744,0,0,eGFP5
4742,21:09:25,0.051,0.610,0,0,eGFP5
4743,21:09:26,0.051,0.666,0,0,eGFP5
4744,21:09:27,0.072,0.851,0,0,eGFP5
4745,21:09:27,0.051,0.589,0,0,eGFP5
4746,21:09:28,0.041,0.590,0,0,eGFP5
4747,21:09:28,0.062,0.687,0,0,eGFP5
4748,21:09:29,0.051,0.600,0,0,eGFP5
4749,21:09:30,0.052,0.590,0,0,eGFP5
4750,21:09:30,0.051,0.621,0,0,eGFP5
4751,21:09:31,0.040,0.676,0,0,eGFP5
4752,21:09:32,0.062,0.775,0,0,eGFP5
4753,21:09:32,0.062,0.732,0,0,eGFP5
4754,21:09:33,0.077,0.615,0,0,eGFP5
4755,21:09:34,0.127,1.180,0,0,eGFP5
4756,21:09:35,0.061,0.599,0,0,eGFP5
4757,21:09:36,0.039,0.818,0,0,eGFP5
4758,21:09:37,0.158,0.916,0,0,eGFP5
4759,21:09:37,0.039,0.533,0,0,eGFP5
4760,21:09:38,0.062,0.808,0,0,eGFP5
4761,21:09:38,0.051,0.555,0,0,eGFP5
4762,21:09:39,0.051,0.917,0,0,eGFP5
4763,21:09:40,0.062,0.621,0,0,eGFP5
4764,21:09:42,0.050,2.135,0,0,eGFP5
4765,21:09:44,0.050,1.751,0,0,eGFP5
4766,21:09:45,0.096,0.688,0,0,eGFP5
4767,21:09:45,0.051,0.676,0,0,eGFP5
4768,21:09:46,0.094,0.819,0,0,eGFP5
4769,21:09:47,0.050,0.577,0,0,eGFP5
4770,21:09:48,0.050,0.983,0,0,eGFP5
4771,21:09:48,0.050,0.544,0,0,eGFP5
4772,21:09:49,0.039,1.279,0,0,eGFP5
4773,21:09:50,0.061,0.632,0,0,eGFP5
4774,21:09:51,0.068,1.395,0,0,eGFP5
4775,21:09:52,0.062,0.698,0,0,eGFP5
4776,21:09:53,0.062,0.709,0,0,eGFP5
4777,21:09:55,0.050,2.300,0,0,eGFP5
4778,21:09:56,0.050,0.643,0,0,eGFP5
4779,21:09:57,0.061,0.730,0,0,eGFP5
4780,21:09:57,0.040,0.512,0,0,eGFP5
4781,21:09:58,0.039,0.643,0,0,eGFP5
4782,21:09:59,0.085,0.842,0,0,eGFP5
4783,21:09:59,0.050,0.566,0,0,eGFP5
4784,21:10:00,0.051,0.852,0,0,eGFP5
4785,21:10:01,0.050,0.588,0,0,eGFP5
4786,21:10:01,0.039,0.621,0,0,eGFP5
4787,21:10:02,0.062,0.676,0,0,eGFP5
4788,21:10:03,0.052,1.687,0,0,eGFP5
4789,21:10:04,0.073,0.654,0,0,eGFP5
4790,21:10:05,0.073,0.720,0,0,eGFP5
4791,21:10:05,0.042,0.557,0,0,eGFP5
4792,21:10:06,0.051,0.698,0,0,eGFP5
4793,21:10:07,0.051,0.611,0,0,eGFP5
4794,21:10:07,0.039,0.588,0,0,eGFP5
4795,21:10:08,0.073,0.874,0,0,eGFP5
4796,21:10:09,0.050,0.599,0,0,eGFP5
4797,21:10:10,0.062,0.994,0,0,eGFP5
4798,21:10:11,0.051,1.390,0,0,eGFP5
4799,21:10:12,0.184,0.952,0,0,eGFP5
4800,21:10:13,0.040,0.588,0,0,eGFP5
4801,21:10:14,0.075,0.930,0,0,eGFP5
4802,21:10:14,0.051,0.600,0,0,eGFP5
4803,21:10:15,0.062,0.972,0,0,eGFP5
4804,21:10:16,0.073,0.709,0,0,eGFP5
4805,21:10:17,0.051,0.732,0,0,eGFP5
4806,21:10:17,0.083,0.720,0,0,eGFP5
4807,21:10:18,0.052,0.612,0,0,eGFP5
4808,21:10:19,0.062,0.742,0,0,eGFP5
4809,21:10:19,0.051,0.588,0,0,eGFP5
4810,21:10:20,0.062,1.017,0,0,eGFP5
4811,21:10:21,0.051,0.599,0,0,eGFP5
4812,21:10:22,0.051,1.412,0,0,eGFP5
4813,21:10:23,0.051,0.555,0,0,eGFP5
4814,21:10:24,0.040,0.754,0,0,eGFP5
4815,21:10:24,0.065,0.690,0,0,eGFP5
4816,21:10:25,0.046,0.650,0,0,eGFP5
4817,21:10:26,0.061,0.785,0,0,eGFP5
4818,21:10:26,0.050,0.610,0,0,eGFP5
4819,21:10:27,0.072,0.829,0,0,eGFP5
4820,21:10:28,0.051,0.654,0,0,eGFP5
4821,21:10:29,0.083,1.279,0,0,eGFP5
4822,21:10:30,0.500,1.290,0,0,eGFP5
4823,21:10:31,0.083,0.742,0,0,eGFP5
4824,21:10:32,0.052,0.666,0,0,eGFP5
4825,21:10:33,0.061,0.752,0,0,eGFP5
4826,21:10:34,0.051,1.828,0,0,eGFP5
4827,21:10:44,1.279,9.772,0,0,eGFP5
4828,21:10:47,0.171,2.936,0,0,eGFP5
4829,21:10:50,0.162,2.982,0,0,eGFP5
4830,21:10:52,0.138,1.696,0,0,eGFP5
4831,21:10:53,0.116,1.213,0,0,eGFP5
4832,21:10:54,0.107,1.117,0,0,eGFP5
4833,21:10:56,0.083,1.597,0,0,eGFP5
4834,21:10:57,0.105,1.301,0,0,eGFP5
4835,21:10:58,0.073,1.389,0,0,eGFP5
4836,21:10:59,0.095,1.060,0,0,eGFP5
4837,21:11:00,0.116,0.621,0,0,eGFP5
4838,21:11:01,0.270,0.500,0,0,eGFP5
4839,21:11:02,0.248,1.444,0,0,eGFP5
4840,21:11:03,0.107,1.380,0,0,eGFP5
4841,21:11:05,0.182,1.137,0,0,eGFP5
4842,21:11:07,0.083,2.014,0,0,eGFP5
4843,21:11:08,0.120,1.217,0,0,eGFP5
4844,21:11:15,0.127,6.974,0,0,eGFP5
4845,21:11:16,0.193,1.268,0,0,eGFP5
4846,21:11:17,0.062,0.709,0,0,eGFP5
4847,21:11:18,0.062,0.775,0,0,eGFP5
4848,21:11:18,0.063,0.722,0,0,eGFP5
4849,21:11:19,0.050,0.555,0,0,eGFP5
4850,21:11:19,0.039,0.610,0,0,eGFP5
4851,21:11:20,0.072,0.939,0,0,eGFP5
4852,21:11:22,0.062,2.059,0,0,eGFP5
4853,21:11:23,0.072,0.807,0,0,eGFP5
4854,21:11:24,0.051,0.709,0,0,eGFP5
4855,21:11:25,0.051,0.611,0,0,eGFP5
4856,21:11:25,0.039,0.577,0,0,eGFP5
4857,21:11:27,0.065,2.139,0,0,eGFP5
4858,21:11:28,0.072,0.829,0,0,eGFP5
4859,21:11:29,0.051,0.545,0,0,eGFP5
4860,21:11:29,0.039,0.599,0,0,eGFP5
4861,21:11:31,0.073,1.697,0,0,eGFP5
4862,21:11:32,0.083,1.334,0,0,eGFP5
4863,21:11:33,0.073,0.775,0,0,eGFP5
4864,21:11:33,0.106,0.424,0,0,eGFP5
4865,21:11:34,0.195,0.754,0,0,eGFP5
4866,21:11:35,0.161,1.126,0,0,eGFP5
4867,21:11:36,0.062,0.655,0,0,eGFP5
4868,21:11:37,0.050,0.819,0,0,eGFP5
4869,21:11:38,0.105,1.356,0,0,eGFP5
4870,21:11:39,0.073,0.742,0,0,eGFP5
4871,21:11:40,0.053,0.623,0,0,eGFP5
4872,21:11:40,0.040,0.654,0,0,eGFP5
4873,21:11:42,0.064,1.896,0,0,eGFP5
4874,21:11:43,0.062,0.929,0,0,eGFP5
4875,21:11:44,0.095,0.830,0,0,eGFP5
4876,21:11:44,0.160,0.577,0,0,eGFP5
4877,21:11:45,0.161,0.896,0,0,eGFP5
4878,21:11:46,0.051,0.676,0,0,eGFP5
4879,21:11:47,0.062,1.456,0,0,eGFP5
4880,21:11:48,0.198,0.966,0,0,eGFP5
4881,21:11:49,0.052,0.601,0,0,eGFP5
4882,21:11:50,0.061,1.048,0,0,eGFP5
4883,21:11:51,0.061,0.742,0,0,eGFP5
4884,21:11:52,0.051,0.852,0,0,eGFP5
4885,21:11:53,0.215,1.236,0,0,eGFP5
4886,21:11:54,0.116,1.312,0,0,eGFP5
4887,21:11:56,0.094,1.553,0,0,eGFP5
4888,21:12:00,0.105,4.066,0,0,eGFP5
4889,21:12:01,0.106,1.005,0,0,eGFP5
4890,21:12:02,0.085,1.358,0,0,eGFP5
4891,21:12:04,0.083,1.740,0,0,eGFP5
4892,21:12:05,0.062,0.643,0,0,eGFP5
4893,21:12:05,0.051,0.698,0,0,eGFP5
4894,21:12:06,0.051,0.632,0,0,eGFP5
4895,21:12:07,0.051,0.687,0,0,eGFP5
4896,21:12:07,0.050,0.632,0,0,eGFP5
4897,21:12:08,0.039,0.621,0,0,eGFP5
4898,21:12:09,0.054,0.712,0,0,eGFP5
4899,21:12:09,0.051,0.654,0,0,eGFP5
4900,21:12:10,0.062,0.676,0,0,eGFP5
4901,21:12:12,0.062,1.685,0,0,eGFP5
4902,21:12:12,0.051,0.589,0,0,eGFP5
4903,21:12:13,0.050,0.566,0,0,eGFP5
4904,21:12:13,0.050,0.621,0,0,eGFP5
4905,21:12:14,0.061,0.742,0,0,eGFP5
4906,21:12:15,0.052,0.633,0,0,eGFP5
4907,21:12:15,0.051,0.621,0,0,eGFP5
4908,21:12:16,0.051,0.720,0,0,eGFP5
4909,21:12:17,0.051,0.567,0,0,eGFP5
4910,21:12:19,0.039,2.245,0,0,eGFP5
4911,21:12:19,0.050,0.555,0,0,eGFP5
4912,21:12:20,0.041,0.765,0,0,eGFP5
4913,21:12:21,0.051,0.665,0,0,eGFP5
4914,21:12:23,0.064,1.797,0,0,eGFP5
4915,21:12:23,0.062,0.721,0,0,eGFP5
4916,21:12:24,0.061,0.654,0,0,eGFP5
4917,21:12:25,0.061,0.731,0,0,eGFP5
4918,21:12:26,0.051,0.808,0,0,eGFP5
4919,21:12:26,0.061,0.698,0,0,eGFP5
4920,21:12:27,0.062,0.654,0,0,eGFP5
4921,21:12:28,0.051,0.720,0,0,eGFP5
4922,21:12:28,0.051,0.567,0,0,eGFP5
4923,21:12:29,0.052,0.656,0,0,eGFP5
4924,21:12:30,0.050,0.665,0,0,eGFP5
4925,21:12:30,0.051,0.577,0,0,eGFP5
4926,21:12:31,0.042,0.634,0,0,eGFP5
4927,21:12:31,0.064,0.722,0,0,eGFP5
4928,21:12:32,0.051,0.589,0,0,eGFP5
4929,21:12:33,0.061,1.093,0,0,eGFP5
4930,21:12:34,0.062,0.632,0,0,eGFP5
4931,21:12:35,0.053,0.744,0,0,eGFP5
4932,21:12:36,0.062,1.280,0,0,eGFP5
4933,21:12:36,0.095,0.698,0,0,eGFP5
4934,21:12:38,0.051,1.971,0,0,eGFP5
4935,21:12:39,0.062,0.578,0,0,eGFP5
4936,21:12:40,0.051,0.709,0,0,eGFP5
4937,21:12:41,0.106,0.907,0,0,eGFP5
4938,21:12:42,0.051,0.841,0,0,eGFP5
4939,21:12:42,0.097,0.744,0,0,eGFP5
4940,21:12:44,0.042,2.094,0,0,eGFP5
4941,21:12:46,0.105,1.367,0,0,eGFP5
4942,21:12:46,0.062,0.633,0,0,eGFP5
4943,21:12:47,0.045,0.682,0,0,eGFP5
4944,21:12:48,0.050,0.566,0,0,eGFP5
4945,21:12:48,0.039,0.807,0,0,eGFP5
4946,21:12:49,0.072,0.698,0,0,eGFP5
4947,21:12:50,0.052,1.270,0,0,eGFP5
4948,21:12:52,0.094,1.762,0,0,eGFP5
4949,21:12:53,0.050,0.588,0,0,eGFP5
4950,21:12:53,0.050,0.642,0,0,eGFP5
4951,21:12:54,0.051,0.610,0,0,eGFP5
4952,21:12:55,0.051,0.654,0,0,eGFP5
4953,21:12:55,0.073,0.808,0,0,eGFP5
4954,21:12:56,0.041,0.545,0,0,eGFP5
4955,21:12:57,0.051,0.610,0,0,eGFP5
4956,21:12:57,0.052,0.557,0,0,eGFP5
4957,21:12:58,0.051,0.621,0,0,eGFP5
4958,21:12:58,0.061,0.731,0,0,eGFP5
4959,21:13:01,0.061,2.662,0,0,eGFP5
4960,21:13:02,0.061,0.599,0,0,eGFP5
4961,21:13:02,0.050,0.687,0,0,eGFP5
4962,21:13:03,0.050,0.577,0,0,eGFP5
4963,21:13:04,0.050,0.818,0,0,eGFP5
4964,21:13:04,0.063,0.579,0,0,eGFP5
4965,21:13:06,0.050,2.080,0,0,eGFP5
4966,21:13:08,0.095,1.236,0,0,eGFP5
4967,21:13:08,0.052,0.546,0,0,eGFP5
4968,21:13:09,0.039,0.731,0,0,eGFP5
4969,21:13:10,0.072,0.686,0,0,eGFP5
4970,21:13:11,0.051,1.148,0,0,eGFP5
4971,21:13:11,0.062,0.610,0,0,eGFP5
4972,21:13:14,0.053,2.115,0,0,eGFP5
4973,21:13:14,0.051,0.567,0,0,eGFP5
4974,21:13:15,0.039,0.764,0,0,eGFP5
4975,21:13:16,0.061,0.698,0,0,eGFP5
4976,21:13:16,0.061,0.698,0,0,eGFP5
4977,21:13:17,0.050,0.621,0,0,eGFP5
4978,21:13:18,0.050,0.643,0,0,eGFP5
4979,21:13:18,0.050,0.676,0,0,eGFP5
4980,21:13:19,0.052,0.590,0,0,eGFP5
4981,21:13:19,0.041,0.678,0,0,eGFP5
4982,21:13:20,0.072,0.862,0,0,eGFP5
4983,21:13:22,0.073,1.368,0,0,eGFP5
4984,21:13:22,0.050,0.599,0,0,eGFP5
4985,21:13:23,0.051,1.005,0,0,eGFP5
4986,21:13:25,0.347,1.236,0,0,eGFP5
4987,21:13:25,0.084,0.687,0,0,eGFP5
4988,21:13:26,0.040,0.578,0,0,eGFP5
4989,21:13:27,0.063,0.864,0,0,eGFP5
4990,21:13:29,0.062,2.388,0,0,eGFP5
4991,21:13:30,0.051,0.610,0,0,eGFP5
4992,21:13:30,0.051,0.688,0,0,eGFP5
4993,21:13:31,0.061,0.698,0,0,eGFP5
4994,21:13:32,0.051,0.577,0,0,eGFP5
4995,21:13:32,0.042,0.612,0,0,eGFP5
4996,21:13:33,0.062,0.885,0,0,eGFP5
4997,21:13:34,0.053,0.579,0,0,eGFP5
4998,21:13:38,0.062,3.782,0,0,eGFP5
4999,21:13:38,0.051,0.534,0,0,eGFP5
5000,21:13:39,0.051,0.786,0,0,eGFP5
5001,21:13:39,0.051,0.599,0,0,eGFP5
5002,21:13:40,0.062,0.819,0,0,eGFP5
5003,21:13:41,0.051,0.589,0,0,eGFP5
5004,21:13:42,0.040,0.676,0,0,eGFP5
5005,21:13:42,0.086,0.777,0,0,eGFP5
5006,21:13:43,0.040,0.545,0,0,eGFP5
5007,21:13:44,0.045,0.692,0,0,eGFP5
5008,21:13:44,0.050,0.599,0,0,eGFP5
5009,21:13:45,0.041,0.666,0,0,eGFP5
5010,21:13:46,0.083,0.829,0,0,eGFP5
5011,21:13:47,0.051,1.477,0,0,eGFP5
5012,21:13:48,0.072,0.742,0,0,eGFP5
5013,21:13:49,0.061,0.983,0,0,eGFP5
5014,21:13:49,0.059,0.564,0,0,eGFP5
5015,21:13:50,0.050,0.720,0,0,eGFP5
5016,21:13:51,0.083,0.719,0,0,eGFP5
5017,21:13:51,0.051,0.665,0,0,eGFP5
5018,21:13:52,0.072,0.862,0,0,eGFP5
5019,21:13:53,0.062,0.610,0,0,eGFP5
5020,21:13:54,0.051,0.797,0,0,eGFP5
5021,21:13:54,0.072,0.708,0,0,eGFP5
5022,21:13:55,0.063,0.853,0,0,eGFP5
5023,21:13:56,0.085,1.095,0,0,eGFP5
5024,21:13:57,0.061,0.610,0,0,eGFP5
5025,21:13:58,0.050,1.016,0,0,eGFP5
5026,21:13:59,0.072,0.643,0,0,eGFP5
5027,21:13:59,0.050,0.632,0,0,eGFP5
5028,21:14:00,0.083,0.950,0,0,eGFP5
5029,21:14:01,0.050,0.665,0,0,eGFP5
5030,21:14:01,0.140,0.392,0,0,eGFP5
5031,21:14:03,0.182,1.225,0,0,eGFP5
5032,21:14:03,0.072,0.676,0,0,eGFP5
5033,21:14:04,0.039,0.577,0,0,eGFP5
5034,21:14:05,0.072,0.917,0,0,eGFP5
5035,21:14:06,0.084,0.797,0,0,eGFP5
5036,21:14:08,0.062,2.070,0,0,eGFP5
5037,21:14:08,0.074,0.655,0,0,eGFP5
5038,21:14:09,0.042,0.623,0,0,eGFP5
5039,21:14:10,0.062,0.819,0,0,eGFP5
5040,21:14:10,0.062,0.709,0,0,eGFP5
5041,21:14:11,0.062,0.895,0,0,eGFP5
5042,21:14:12,0.062,0.720,0,0,eGFP5
5043,21:14:14,0.062,2.245,0,0,eGFP5
5044,21:14:15,0.073,0.698,0,0,eGFP5
5045,21:14:16,0.073,0.797,0,0,eGFP5
5046,21:14:17,0.073,1.697,0,0,eGFP5
5047,21:14:18,0.063,0.656,0,0,eGFP5
5048,21:14:20,0.050,1.861,0,0,eGFP5
5049,21:14:21,0.073,0.632,0,0,eGFP5
5050,21:14:21,0.053,0.612,0,0,eGFP5
5051,21:14:22,0.073,0.764,0,0,eGFP5
5052,21:14:23,0.051,0.600,0,0,eGFP5
5053,21:14:23,0.051,0.786,0,0,eGFP5
5054,21:14:24,0.051,0.599,0,0,eGFP5
5055,21:14:25,0.053,1.490,0,0,eGFP5
5056,21:14:26,0.051,0.556,0,0,eGFP5
5057,21:14:27,0.040,0.665,0,0,eGFP5
5058,21:14:28,0.095,0.918,0,0,eGFP5
5059,21:14:28,0.051,0.566,0,0,eGFP5
5060,21:14:30,0.062,2.180,0,0,eGFP5
5061,21:14:31,0.051,0.556,0,0,eGFP5
5062,21:14:32,0.051,0.950,0,0,eGFP5
5063,21:14:32,0.064,0.646,0,0,eGFP5
5064,21:14:33,0.052,0.798,0,0,eGFP5
5065,21:14:34,0.106,0.830,0,0,eGFP5
5066,21:14:35,0.040,0.556,0,0,eGFP5
5067,21:14:36,0.062,1.072,0,0,eGFP5
5068,21:14:36,0.062,0.621,0,0,eGFP5
5069,21:14:37,0.051,1.017,0,0,eGFP5
5070,21:14:38,0.067,0.605,0,0,eGFP5
5071,21:14:39,0.052,0.853,0,0,eGFP5
5072,21:14:39,0.072,0.631,0,0,eGFP5
5073,21:14:41,0.051,1.609,0,0,eGFP5
5074,21:14:42,0.061,0.588,0,0,eGFP5
5075,21:14:43,0.050,0.906,0,0,eGFP5
5076,21:14:43,0.094,0.709,0,0,eGFP5
5077,21:14:44,0.039,0.708,0,0,eGFP5
5078,21:14:45,0.140,0.996,0,0,eGFP5
5079,21:14:46,0.039,0.566,0,0,eGFP5
5080,21:14:47,0.052,1.160,0,0,eGFP5
5081,21:14:47,0.062,0.599,0,0,eGFP5
5082,21:14:48,0.051,0.720,0,0,eGFP5
5083,21:14:49,0.061,0.632,0,0,eGFP5
5084,21:14:49,0.050,0.709,0,0,eGFP5
5085,21:14:50,0.083,0.796,0,0,eGFP5
5086,21:14:51,0.051,0.665,0,0,eGFP5
5087,21:14:52,0.084,1.016,0,0,eGFP5
5088,21:14:53,0.063,0.766,0,0,eGFP5
5089,21:14:53,0.072,0.873,0,0,eGFP5
5090,21:14:54,0.094,0.972,0,0,eGFP5
5091,21:14:55,0.062,0.687,0,0,eGFP5
5092,21:14:58,0.085,2.850,0,0,eGFP5
5093,21:14:59,0.051,0.588,0,0,eGFP5
5094,21:14:59,0.040,0.676,0,0,eGFP5
5095,21:15:00,0.084,0.885,0,0,eGFP5
5096,21:15:01,0.052,0.557,0,0,eGFP5
5097,21:15:01,0.039,0.698,0,0,eGFP5
5098,21:15:03,0.061,1.367,0,0,eGFP5
5099,21:15:03,0.062,0.577,0,0,eGFP5
5100,21:15:04,0.051,0.633,0,0,eGFP5
5101,21:15:05,0.061,0.741,0,0,eGFP5
5102,21:15:05,0.051,0.567,0,0,eGFP5
5103,21:15:07,0.061,1.257,0,0,eGFP5
5104,21:15:07,0.064,0.634,0,0,eGFP5
5105,21:15:08,0.062,0.753,0,0,eGFP5
5106,21:15:09,0.053,0.656,0,0,eGFP5
5107,21:15:10,0.062,1.115,0,0,eGFP5
5108,21:15:10,0.073,0.676,0,0,eGFP5
5109,21:15:11,0.062,0.797,0,0,eGFP5
5110,21:15:12,0.073,0.665,0,0,eGFP5
5111,21:15:12,0.040,0.654,0,0,eGFP5
5112,21:15:14,0.106,1.039,0,0,eGFP5
5113,21:15:14,0.041,0.579,0,0,eGFP5
5114,21:15:15,0.062,1.137,0,0,eGFP5
5115,21:15:16,0.062,0.577,0,0,eGFP5
5116,21:15:17,0.051,0.808,0,0,eGFP5
5117,21:15:17,0.139,0.665,0,0,eGFP5
5118,21:15:18,0.246,0.849,0,0,eGFP5
5119,21:15:19,0.127,0.841,0,0,eGFP5
5120,21:15:20,0.040,0.600,0,0,eGFP5
5121,21:15:21,0.074,0.919,0,0,eGFP5
5122,21:15:21,0.050,0.566,0,0,eGFP5
5123,21:15:22,0.061,0.895,0,0,eGFP5
5124,21:15:23,0.116,1.136,0,0,eGFP5
5125,21:15:24,0.050,0.577,0,0,eGFP5
5126,21:15:25,0.050,0.840,0,0,eGFP5
5127,21:15:25,0.062,0.676,0,0,eGFP5
5128,21:15:26,0.050,0.862,0,0,eGFP5
5129,21:15:27,0.074,0.689,0,0,eGFP5
5130,21:15:28,0.050,0.851,0,0,eGFP5
5131,21:15:28,0.072,0.774,0,0,eGFP5
5132,21:15:29,0.051,0.885,0,0,eGFP5
5133,21:15:30,0.083,0.818,0,0,eGFP5
5134,21:15:31,0.060,0.806,0,0,eGFP5
5135,21:15:32,0.182,1.597,0,0,eGFP5
5136,21:15:33,0.051,0.709,0,0,eGFP5
5137,21:15:34,0.074,0.678,0,0,eGFP5
5138,21:17:35,0.039,121.360,0,0,eGFP5
5139,21:17:40,0.094,4.527,0,0,eGFP5
5140,21:17:43,0.106,3.057,0,0,eGFP5
5141,21:18:05,0.083,21.874,0,0,eGFP5
5142,21:18:05,0.117,0.479,0,0,eGFP5
5143,21:18:07,0.138,1.378,0,0,eGFP5
5144,21:18:07,0.138,0.654,0,0,eGFP5
5145,21:18:19,0.270,11.550,0,0,eGFP5
5146,21:18:21,1.215,2.729,0,0,eGFP5
5147,21:18:24,0.096,2.455,0,0,eGFP5
5148,21:18:25,0.061,1.082,0,0,eGFP5
5149,21:18:26,0.083,0.786,0,0,eGFP5
5150,21:18:27,0.050,0.763,0,0,eGFP5
5151,21:18:27,0.073,0.709,0,0,eGFP5
5152,21:18:28,0.040,0.709,0,0,eGFP5
5153,21:18:29,0.182,1.236,0,0,eGFP5
5154,21:18:30,0.052,0.502,0,0,eGFP5
5155,21:18:30,0.040,0.665,0,0,eGFP5
5156,21:18:31,0.083,0.687,0,0,eGFP5
5157,21:18:32,0.051,1.016,0,0,eGFP5
5158,21:18:33,0.073,0.687,0,0,eGFP5
5159,21:18:33,0.040,0.545,0,0,eGFP5
5160,21:18:34,0.072,0.884,0,0,eGFP5
5161,21:18:35,0.052,0.546,0,0,eGFP5
5162,21:18:35,0.031,0.524,0,0,eGFP5
5163,21:18:36,0.051,0.688,0,0,eGFP5
5164,21:18:37,0.072,0.939,0,0,eGFP5
5165,21:18:37,0.051,0.544,0,0,eGFP5
5166,21:18:40,0.040,2.191,0,0,eGFP5
5167,21:18:40,0.127,0.544,0,0,eGFP5
5168,21:18:42,0.534,1.401,0,0,eGFP5
5169,21:18:42,0.050,0.884,0,0,eGFP5
5170,21:18:43,0.075,0.887,0,0,eGFP5
5171,21:18:45,0.336,1.225,0,0,eGFP5
5172,21:18:46,0.105,0.939,0,0,eGFP5
5173,21:18:46,0.062,0.545,0,0,eGFP5
5174,21:18:49,0.040,2.486,0,0,eGFP5
5175,21:18:49,0.075,0.953,0,0,eGFP5
5176,21:18:50,0.127,0.479,0,0,eGFP5
5177,21:18:52,0.215,1.608,0,0,eGFP5
5178,21:18:53,0.073,1.017,0,0,eGFP5
5179,21:18:53,0.096,0.733,0,0,eGFP5
5180,21:18:54,0.040,0.610,0,0,eGFP5
5181,21:18:56,0.067,2.152,0,0,eGFP5
5182,21:18:57,0.094,0.895,0,0,eGFP5
5183,21:18:58,0.050,0.741,0,0,eGFP5
5184,21:18:59,0.149,1.389,0,0,eGFP5
5185,21:19:00,0.050,0.500,0,0,eGFP5
5186,21:19:01,0.040,1.499,0,0,eGFP5
5187,21:19:02,0.085,0.743,0,0,eGFP5
5188,21:19:02,0.050,0.588,0,0,eGFP5
5189,21:19:03,0.063,0.831,0,0,eGFP5
5190,21:19:04,0.050,0.522,0,0,eGFP5
5191,21:19:04,0.050,0.642,0,0,eGFP5
5192,21:19:05,0.051,0.588,0,0,eGFP5
5193,21:19:05,0.040,0.468,0,0,eGFP5
5194,21:19:08,0.050,2.047,0,0,eGFP5
5195,21:19:08,0.041,0.545,0,0,eGFP5
5196,21:19:09,0.051,1.291,0,0,eGFP5
5197,21:19:10,0.050,0.544,0,0,eGFP5
5198,21:19:11,0.039,0.906,0,0,eGFP5
5199,21:19:12,0.105,0.775,0,0,eGFP5
5200,21:19:12,0.050,0.807,0,0,eGFP5
5201,21:19:13,0.149,0.928,0,0,eGFP5
5202,21:19:14,0.040,0.500,0,0,eGFP5
5203,21:19:15,0.043,0.800,0,0,eGFP5
5204,21:19:15,0.061,0.643,0,0,eGFP5
5205,21:19:16,0.050,0.764,0,0,eGFP5
5206,21:19:17,0.072,0.643,0,0,eGFP5
5207,21:19:17,0.039,0.478,0,0,eGFP5
5208,21:19:18,0.050,1.148,0,0,eGFP5
5209,21:19:19,0.072,0.621,0,0,eGFP5
5210,21:19:19,0.050,0.544,0,0,eGFP5
5211,21:19:20,0.050,0.709,0,0,eGFP5
5212,21:19:21,0.052,0.600,0,0,eGFP5
5213,21:19:21,0.040,0.534,0,0,eGFP5
5214,21:19:23,0.061,1.334,0,0,eGFP5
5215,21:19:23,0.051,0.555,0,0,eGFP5
5216,21:19:24,0.041,0.788,0,0,eGFP5
5217,21:19:25,0.138,1.103,0,0,eGFP5
5218,21:19:26,0.062,0.819,0,0,eGFP5
5219,21:19:27,0.051,0.610,0,0,eGFP5
5220,21:19:27,0.042,0.568,0,0,eGFP5
5221,21:19:28,0.051,0.599,0,0,eGFP5
5222,21:19:28,0.040,0.578,0,0,eGFP5
5223,21:19:31,0.061,2.925,0,0,eGFP5
5224,21:20:02,0.051,30.323,0,0,eGFP5
5225,21:20:04,0.095,2.531,0,0,eGFP5
5226,21:20:05,0.051,0.621,0,0,eGFP5
5227,21:20:05,0.062,0.676,0,0,eGFP5
5228,21:20:06,0.031,0.492,0,0,eGFP5
5229,21:20:07,0.050,0.665,0,0,eGFP5
5230,21:20:07,0.052,0.612,0,0,eGFP5
5231,21:20:08,0.039,0.467,0,0,eGFP5
5232,21:20:08,0.040,0.896,0,0,eGFP5
5233,21:20:10,0.358,1.115,0,0,eGFP5
5234,21:20:11,0.051,1.477,0,0,eGFP5
5235,21:20:13,0.117,1.433,0,0,eGFP5
5236,21:20:13,0.053,0.591,0,0,eGFP5
5237,21:20:14,0.039,0.610,0,0,eGFP5
5238,21:20:14,0.073,0.775,0,0,eGFP5
5239,21:20:15,0.051,0.490,0,0,eGFP5
5240,21:20:16,0.029,0.610,0,0,eGFP5
5241,21:20:16,0.051,0.578,0,0,eGFP5
5242,21:20:17,0.039,0.489,0,0,eGFP5
5243,21:20:17,0.051,0.830,0,0,eGFP5
5244,21:20:18,0.053,0.590,0,0,eGFP5
5245,21:20:19,0.047,0.848,0,0,eGFP5
5246,21:20:20,0.061,0.708,0,0,eGFP5
5247,21:20:21,0.116,1.597,0,0,eGFP5
5248,21:20:22,0.040,0.599,0,0,eGFP5
5249,21:20:22,0.050,0.643,0,0,eGFP5
5250,21:20:23,0.050,0.708,0,0,eGFP5
5251,21:20:24,0.051,0.753,0,0,eGFP5
5252,21:20:25,0.050,0.642,0,0,eGFP5
5253,21:20:25,0.041,0.667,0,0,eGFP5
5254,21:20:26,0.083,0.851,0,0,eGFP5
5255,21:20:28,0.050,2.047,0,0,eGFP5
5256,21:20:29,0.072,0.698,0,0,eGFP5
5257,21:20:29,0.050,0.566,0,0,eGFP5
5258,21:20:30,0.052,0.721,0,0,eGFP5
5259,21:20:31,0.050,0.676,0,0,eGFP5
5260,21:20:32,0.105,1.597,0,0,eGFP5
5261,21:20:33,0.041,0.546,0,0,eGFP5
5262,21:20:34,0.050,0.796,0,0,eGFP5
5263,21:20:36,0.072,2.201,0,0,eGFP5
5264,21:20:36,0.050,0.500,0,0,eGFP5
5265,21:20:37,0.050,0.687,0,0,eGFP5
5266,21:20:38,0.061,0.708,0,0,eGFP5
5267,21:20:38,0.040,0.490,0,0,eGFP5
5268,21:20:39,0.050,0.796,0,0,eGFP5
5269,21:20:40,0.051,0.555,0,0,eGFP5
5270,21:20:40,0.038,0.521,0,0,eGFP5
5271,21:20:41,0.061,0.928,0,0,eGFP5
5272,21:20:42,0.052,0.524,0,0,eGFP5
5273,21:20:42,0.040,0.632,0,0,eGFP5
5274,21:20:43,0.073,0.841,0,0,eGFP5
5275,21:20:44,0.039,0.511,0,0,eGFP5
5276,21:20:44,0.039,0.753,0,0,eGFP5
5277,21:20:45,0.061,0.621,0,0,eGFP5
5278,21:20:47,0.041,1.533,0,0,eGFP5
5279,21:20:47,0.072,0.654,0,0,eGFP5
5280,21:20:48,0.041,0.545,0,0,eGFP5
5281,21:20:49,0.062,0.961,0,0,eGFP5
5282,21:20:50,0.073,0.841,0,0,eGFP5
5283,21:20:50,0.073,0.819,0,0,eGFP5
5284,21:20:52,0.072,2.102,0,0,eGFP5
5285,21:20:53,0.051,0.512,0,0,eGFP5
5286,21:20:54,0.042,0.657,0,0,eGFP5
5287,21:20:55,0.083,1.817,0,0,eGFP5
5288,21:20:56,0.062,0.588,0,0,eGFP5
5289,21:20:57,0.040,0.654,0,0,eGFP5
5290,21:20:57,0.051,0.698,0,0,eGFP5
5291,21:21:00,0.051,2.553,0,0,eGFP5
5292,21:21:00,0.050,0.500,0,0,eGFP5
5293,21:21:02,0.040,1.927,0,0,eGFP5
5294,21:21:04,0.119,1.260,0,0,eGFP5
5295,21:21:04,0.050,0.566,0,0,eGFP5
5296,21:21:05,0.051,0.819,0,0,eGFP5
5297,21:21:06,0.051,0.621,0,0,eGFP5
5298,21:21:06,0.051,0.633,0,0,eGFP5
5299,21:21:08,0.052,2.203,0,0,eGFP5
5300,21:21:09,0.062,0.610,0,0,eGFP5
5301,21:21:10,0.040,0.589,0,0,eGFP5
5302,21:21:11,0.061,1.598,0,0,eGFP5
5303,21:21:12,0.133,0.802,0,0,eGFP5
5304,21:21:13,0.040,0.490,0,0,eGFP5
5305,21:21:15,0.051,2.124,0,0,eGFP5
5306,21:21:16,0.095,1.028,0,0,eGFP5
5307,21:21:16,0.040,0.500,0,0,eGFP5
5308,21:21:17,0.045,0.813,0,0,eGFP5
5309,21:21:19,0.116,2.004,0,0,eGFP5
5310,21:21:20,0.061,0.631,0,0,eGFP5
5311,21:21:20,0.052,0.645,0,0,eGFP5
5312,21:21:21,0.039,0.565,0,0,eGFP5
5313,21:21:22,0.052,0.809,0,0,eGFP5
5314,21:21:23,0.106,0.896,0,0,eGFP5
5315,21:21:24,0.412,1.279,0,0,eGFP5
5316,21:21:24,0.050,0.555,0,0,eGFP5
5317,21:21:25,0.039,0.566,0,0,eGFP5
5318,21:21:26,0.072,0.928,0,0,eGFP5
5319,21:21:27,0.063,0.732,0,0,eGFP5
5320,21:21:27,0.050,0.577,0,0,eGFP5
5321,21:21:28,0.039,0.522,0,0,eGFP5
5322,21:21:29,0.061,1.115,0,0,eGFP5
5323,21:21:30,0.072,0.686,0,0,eGFP5
5324,21:21:30,0.051,0.501,0,0,eGFP5
5325,21:21:31,0.039,0.785,0,0,eGFP5
5326,21:21:32,0.138,1.367,0,0,eGFP5
5327,21:21:33,0.087,0.701,0,0,eGFP5
5328,21:21:33,0.040,0.523,0,0,eGFP5
5329,21:21:35,0.061,1.125,0,0,eGFP5
5330,21:21:36,0.600,1.423,0,0,eGFP5
5331,21:21:36,0.040,0.490,0,0,eGFP5
5332,21:21:37,0.039,0.840,0,0,eGFP5
5333,21:21:40,0.117,2.245,0,0,eGFP5
5334,21:21:40,0.051,0.610,0,0,eGFP5
5335,21:21:41,0.062,0.764,0,0,eGFP5
5336,21:21:42,0.063,0.667,0,0,eGFP5
5337,21:21:42,0.050,0.840,0,0,eGFP5
5338,21:21:43,0.062,0.742,0,0,eGFP5
5339,21:21:44,0.040,0.622,0,0,eGFP5
5340,21:21:45,0.050,0.840,0,0,eGFP5
5341,21:21:45,0.056,0.703,0,0,eGFP5
5342,21:21:46,0.051,0.687,0,0,eGFP5
5343,21:21:47,0.084,1.170,0,0,eGFP5
5344,21:21:48,0.063,0.678,0,0,eGFP5
5345,21:21:48,0.050,0.654,0,0,eGFP5
5346,21:21:49,0.061,0.764,0,0,eGFP5
5347,21:21:51,0.083,2.135,0,0,eGFP5
5348,21:21:52,0.051,0.533,0,0,eGFP5
5349,21:21:53,0.051,1.236,0,0,eGFP5
5350,21:21:54,0.062,0.589,0,0,eGFP5
5351,21:21:54,0.039,0.544,0,0,eGFP5
5352,21:21:55,0.052,0.831,0,0,eGFP5
5353,21:21:56,0.062,0.666,0,0,eGFP5
5354,21:21:56,0.050,0.555,0,0,eGFP5
5355,21:21:57,0.041,0.667,0,0,eGFP5
5356,21:21:59,0.073,2.421,0,0,eGFP5
5357,21:22:00,0.062,0.621,0,0,eGFP5
5358,21:22:01,0.051,0.655,0,0,eGFP5
5359,21:22:02,0.061,0.906,0,0,eGFP5
5360,21:22:02,0.064,0.766,0,0,eGFP5
5361,21:22:06,0.479,3.156,0,0,eGFP5
5362,21:25:21,194.413,195.434,0,0,eGFP5
5363,21:25:22,0.094,0.775,0,0,eGFP5
5364,21:25:22,0.051,0.654,0,0,eGFP5
5365,21:25:23,0.051,0.512,0,0,eGFP5
5366,21:25:25,0.040,1.675,0,0,eGFP5
5367,21:25:25,0.062,0.632,0,0,eGFP5
5368,21:25:26,0.051,0.743,0,0,eGFP5
5369,21:25:27,0.062,0.544,0,0,eGFP5
5370,21:25:27,0.046,0.781,0,0,eGFP5
5371,21:25:29,0.226,1.751,0,0,eGFP5
5372,21:25:30,0.051,0.566,0,0,eGFP5
5373,21:25:30,0.040,0.566,0,0,eGFP5
5374,21:25:31,0.040,0.555,0,0,eGFP5
5375,21:25:31,0.051,0.720,0,0,eGFP5
5376,21:25:32,0.050,0.533,0,0,eGFP5
5377,21:25:33,0.041,1.489,0,0,eGFP5
5378,21:25:34,0.062,0.577,0,0,eGFP5
5379,21:25:35,0.051,1.225,0,0,eGFP5
5380,21:25:36,0.061,0.577,0,0,eGFP5
5381,21:25:37,0.039,0.676,0,0,eGFP5
5382,21:25:37,0.117,0.973,0,0,eGFP5
5383,21:25:38,0.040,0.490,0,0,eGFP5
5384,21:25:40,0.050,1.597,0,0,eGFP5
5385,21:25:40,0.041,0.524,0,0,eGFP5
5386,21:25:41,0.040,1.049,0,0,eGFP5
5387,21:25:42,0.127,0.819,0,0,eGFP5
5388,21:25:43,0.050,1.290,0,0,eGFP5
5389,21:25:44,0.073,0.643,0,0,eGFP5
5390,21:25:45,0.040,1.367,0,0,eGFP5
5391,21:25:46,0.073,0.633,0,0,eGFP5
5392,21:25:47,0.039,0.676,0,0,eGFP5
5393,21:25:48,0.129,1.083,0,0,eGFP5
5394,21:25:48,0.062,0.643,0,0,eGFP5
5395,21:25:49,0.062,1.016,0,0,eGFP5
5396,21:25:50,0.053,0.557,0,0,eGFP5
5397,21:25:50,0.040,0.600,0,0,eGFP5
5398,21:25:51,0.061,0.654,0,0,eGFP5
5399,21:25:52,0.040,0.478,0,0,eGFP5
5400,21:25:53,0.051,0.918,0,0,eGFP5
5401,21:25:53,0.062,0.588,0,0,eGFP5
5402,21:25:55,0.042,1.479,0,0,eGFP5
5403,21:25:55,0.062,0.709,0,0,eGFP5
5404,21:25:57,0.084,1.367,0,0,eGFP5
5405,21:25:57,0.051,0.589,0,0,eGFP5
5406,21:25:58,0.051,0.852,0,0,eGFP5
5407,21:25:59,0.050,0.610,0,0,eGFP5
5408,21:26:00,0.051,1.301,0,0,eGFP5
5409,21:26:01,0.051,0.556,0,0,eGFP5
5410,21:26:01,0.043,0.734,0,0,eGFP5
5411,21:26:02,0.084,0.753,0,0,eGFP5
5412,21:26:03,0.051,0.523,0,0,eGFP5
5413,21:26:03,0.040,0.578,0,0,eGFP5
5414,21:26:04,0.039,0.522,0,0,eGFP5
5415,21:26:04,0.040,0.654,0,0,eGFP5
5416,21:26:05,0.062,0.677,0,0,eGFP5
5417,21:26:06,0.051,0.632,0,0,eGFP5
5418,21:26:06,0.064,0.777,0,0,eGFP5
5419,21:26:07,0.051,0.556,0,0,eGFP5
5420,21:26:08,0.039,0.775,0,0,eGFP5
5421,21:26:08,0.062,0.654,0,0,eGFP5
5422,21:26:09,0.040,0.611,0,0,eGFP5
5423,21:26:10,0.061,0.742,0,0,eGFP5
5424,21:26:10,0.052,0.568,0,0,eGFP5
5425,21:26:11,0.051,0.644,0,0,eGFP5
5426,21:26:12,0.074,0.820,0,0,eGFP5
5427,21:26:12,0.051,0.688,0,0,eGFP5
5428,21:26:13,0.051,0.577,0,0,eGFP5
5429,21:26:18,0.062,4.934,0,0,eGFP5
5430,21:26:19,0.040,0.523,0,0,eGFP5
5431,21:26:19,0.040,0.775,0,0,eGFP5
5432,21:26:25,0.051,5.219,0,0,eGFP5
5433,21:26:26,0.084,1.467,0,0,eGFP5
5434,21:26:27,0.055,0.582,0,0,eGFP5
5435,21:26:27,0.041,0.557,0,0,eGFP5
5436,21:26:28,0.050,0.664,0,0,eGFP5
5437,21:26:28,0.051,0.534,0,0,eGFP5
5438,21:26:29,0.041,0.666,0,0,eGFP5
5439,21:26:30,0.072,1.257,0,0,eGFP5
5440,21:26:31,0.051,0.544,0,0,eGFP5
5441,21:26:32,0.040,1.027,0,0,eGFP5
5442,21:26:33,0.193,0.939,0,0,eGFP5
5443,21:26:33,0.041,0.667,0,0,eGFP5
5444,21:26:38,0.116,4.955,0,0,eGFP5
5445,21:26:39,0.138,0.577,0,0,eGFP5
5446,21:26:40,0.105,0.917,0,0,eGFP5
5447,21:26:45,0.051,4.988,0,0,eGFP5
5448,21:26:46,0.083,1.016,0,0,eGFP5
5449,21:26:47,0.083,0.654,0,0,eGFP5
5450,21:26:47,0.041,0.513,0,0,eGFP5
5451,21:26:48,0.052,0.567,0,0,eGFP5
5452,21:26:48,0.030,0.436,0,0,eGFP5
5453,21:26:48,0.029,0.457,0,0,eGFP5
5454,21:26:49,0.050,0.731,0,0,eGFP5
5455,21:26:50,0.039,0.522,0,0,eGFP5
5456,21:26:50,0.039,0.489,0,0,eGFP5
5457,21:26:51,0.040,0.567,0,0,eGFP5
5458,21:26:51,0.050,0.555,0,0,eGFP5
5459,21:26:52,0.041,0.612,0,0,eGFP5
5460,21:26:53,0.061,0.588,0,0,eGFP5
5461,21:26:53,0.039,0.489,0,0,eGFP5
5462,21:26:54,0.051,0.918,0,0,eGFP5
5463,21:26:55,0.061,0.588,0,0,eGFP5
5464,21:26:56,0.039,1.499,0,0,eGFP5
5465,21:26:57,0.063,0.601,0,0,eGFP5
5466,21:26:59,0.039,1.883,0,0,eGFP5
5467,21:26:59,0.061,0.566,0,0,eGFP5
5468,21:27:00,0.041,0.864,0,0,eGFP5
5469,21:27:01,0.150,0.929,0,0,eGFP5
5470,21:27:02,0.050,1.290,0,0,eGFP5
5471,21:27:04,0.435,1.861,0,0,eGFP5
5472,21:27:05,0.062,1.445,0,0,eGFP5
5473,21:27:06,0.061,0.632,0,0,eGFP5
5474,21:27:07,0.051,0.522,0,0,eGFP5
5475,21:27:07,0.051,0.677,0,0,eGFP5
5476,21:27:08,0.063,0.952,0,0,eGFP5
5477,21:27:09,0.050,0.599,0,0,eGFP5
5478,21:27:09,0.040,0.479,0,0,eGFP5
5479,21:27:10,0.041,0.623,0,0,eGFP5
5480,21:27:11,0.062,0.599,0,0,eGFP5
5481,21:27:12,0.040,1.510,0,0,eGFP5
5482,21:27:13,0.051,0.611,0,0,eGFP5
5483,21:27:14,0.061,1.510,0,0,eGFP5
5484,21:27:15,0.041,0.546,0,0,eGFP5
5485,21:27:16,0.051,1.291,0,0,eGFP5
5486,21:27:17,0.062,0.577,0,0,eGFP5
5487,21:27:17,0.051,0.731,0,0,eGFP5
5488,21:27:18,0.073,0.765,0,0,eGFP5
5489,21:27:20,0.050,1.598,0,0,eGFP5
5490,21:27:20,0.072,0.621,0,0,eGFP5
5491,21:27:21,0.040,0.534,0,0,eGFP5
5492,21:27:22,0.052,0.886,0,0,eGFP5
5493,21:27:22,0.042,0.547,0,0,eGFP5
5494,21:27:24,0.040,1.433,0,0,eGFP5
5495,21:27:24,0.062,0.578,0,0,eGFP5
5496,21:27:25,0.051,0.654,0,0,eGFP5
5497,21:27:26,0.068,0.726,0,0,eGFP5
5498,21:27:26,0.039,0.555,0,0,eGFP5
5499,21:27:27,0.050,0.643,0,0,eGFP5
5500,21:27:27,0.039,0.533,0,0,eGFP5
5501,21:27:28,0.052,0.864,0,0,eGFP5
5502,21:27:29,0.061,0.631,0,0,eGFP5
5503,21:27:42,0.062,12.658,0,0,eGFP5
5504,21:27:42,0.083,0.643,0,0,eGFP5
5505,21:27:43,0.039,0.555,0,0,eGFP5
5506,21:27:43,0.050,0.577,0,0,eGFP5
5507,21:27:44,0.041,0.480,0,0,eGFP5
5508,21:27:45,0.039,0.730,0,0,eGFP5
5509,21:27:45,0.052,0.557,0,0,eGFP5
5510,21:27:46,0.039,0.500,0,0,eGFP5
5511,21:27:46,0.050,0.555,0,0,eGFP5
5512,21:27:47,0.039,0.445,0,0,eGFP5
5513,21:27:47,0.029,0.545,0,0,eGFP5
5514,21:27:48,0.061,0.752,0,0,eGFP5
5515,21:27:48,0.040,0.490,0,0,eGFP5
5516,21:27:51,0.039,2.343,0,0,eGFP5
5517,21:27:52,0.107,0.831,0,0,eGFP5
5518,21:27:53,0.051,1.642,0,0,eGFP5
5519,21:27:54,0.072,1.104,0,0,eGFP5
5520,21:27:55,0.061,0.621,0,0,eGFP5
5521,21:27:56,0.041,1.544,0,0,eGFP5
5522,21:27:58,0.182,1.093,0,0,eGFP5
5523,21:27:58,0.050,0.621,0,0,eGFP5
5524,21:27:59,0.083,0.895,0,0,eGFP5
5525,21:28:04,0.051,5.394,0,0,eGFP5
5526,21:28:12,0.148,7.697,0,0,eGFP5
5527,21:28:17,0.128,4.341,0,0,eGFP5
5528,21:28:17,0.073,0.665,0,0,eGFP5
5529,21:28:18,0.040,0.555,0,0,eGFP5
5530,21:28:18,0.062,0.676,0,0,eGFP5
5531,21:28:19,0.051,0.545,0,0,eGFP5
5532,21:28:20,0.050,0.687,0,0,eGFP5
5533,21:28:20,0.050,0.522,0,0,eGFP5
5534,21:28:21,0.041,0.568,0,0,eGFP5
5535,21:28:21,0.063,0.656,0,0,eGFP5
5536,21:28:22,0.051,0.478,0,0,eGFP5
5537,21:28:22,0.040,0.545,0,0,eGFP5
5538,21:28:23,0.051,0.522,0,0,eGFP5
5539,21:28:23,0.040,0.534,0,0,eGFP5
5540,21:28:24,0.061,0.720,0,0,eGFP5
5541,21:28:25,0.051,0.522,0,0,eGFP5
5542,21:28:26,0.053,1.183,0,0,eGFP5
5543,21:28:28,0.885,1.675,0,0,eGFP5
5544,21:28:31,0.039,3.221,0,0,eGFP5
5545,21:28:31,0.062,0.622,0,0,eGFP5
5546,21:28:33,0.061,1.751,0,0,eGFP5
5547,21:28:34,0.051,0.589,0,0,eGFP5
5548,21:28:34,0.052,0.732,0,0,eGFP5
5549,21:28:35,0.062,0.600,0,0,eGFP5
5550,21:28:36,0.041,0.513,0,0,eGFP5
5551,21:28:36,0.040,0.545,0,0,eGFP5
5552,21:28:37,0.040,0.544,0,0,eGFP5
5553,21:28:37,0.051,0.545,0,0,eGFP5
5554,21:28:38,0.051,0.567,0,0,eGFP5
5555,21:28:39,0.051,0.731,0,0,eGFP5
5556,21:28:39,0.369,0.786,0,0,eGFP5
5557,21:28:40,0.160,0.841,0,0,eGFP5
5558,21:28:41,0.040,0.501,0,0,eGFP5
5559,21:28:41,0.052,0.700,0,0,eGFP5
5560,21:28:42,0.051,0.544,0,0,eGFP5
5561,21:28:42,0.045,0.583,0,0,eGFP5
5562,21:28:43,0.063,0.864,0,0,eGFP5
5563,21:28:44,0.050,0.522,0,0,eGFP5
5564,21:28:45,0.050,1.104,0,0,eGFP5
5565,21:28:46,0.620,1.070,0,0,eGFP5
5566,21:28:47,0.171,0.917,0,0,eGFP5
5567,21:28:48,0.042,0.612,0,0,eGFP5
5568,21:28:48,0.039,0.577,0,0,eGFP5
5569,21:28:49,0.039,0.544,0,0,eGFP5
5570,21:28:49,0.050,0.676,0,0,eGFP5
5571,21:28:50,0.050,0.555,0,0,eGFP5
5572,21:28:51,0.039,0.577,0,0,eGFP5
5573,21:28:51,0.050,0.753,0,0,eGFP5
5574,21:28:52,0.050,0.620,0,0,eGFP5
5575,21:28:52,0.041,0.524,0,0,eGFP5
5576,21:28:53,0.052,0.711,0,0,eGFP5
5577,21:28:54,0.061,0.752,0,0,eGFP5
5578,21:28:55,0.062,0.632,0,0,eGFP5
5579,21:28:55,0.051,0.654,0,0,eGFP5
5580,21:28:56,0.051,0.676,0,0,eGFP5
5581,21:28:56,0.051,0.654,0,0,eGFP5
5582,21:28:57,0.040,0.665,0,0,eGFP5
5583,21:28:58,0.052,0.766,0,0,eGFP5
5584,21:28:59,0.061,0.741,0,0,eGFP5
5585,21:29:00,0.051,0.874,0,0,eGFP5
5586,21:29:00,0.072,0.731,0,0,eGFP5
5587,21:29:01,0.050,0.698,0,0,eGFP5
5588,21:29:02,0.050,0.785,0,0,eGFP5
5589,21:29:03,0.095,0.951,0,0,eGFP5
5590,21:29:04,0.063,1.742,0,0,eGFP5
5591,21:29:05,0.061,0.610,0,0,eGFP5
5592,21:29:06,0.041,0.634,0,0,eGFP5
5593,21:29:06,0.072,0.775,0,0,eGFP5
5594,21:29:07,0.050,0.731,0,0,eGFP5
5595,21:29:08,0.072,0.840,0,0,eGFP5
5596,21:29:09,0.051,0.556,0,0,eGFP5
5597,21:29:09,0.039,0.807,0,0,eGFP5
5598,21:29:10,0.084,0.786,0,0,eGFP5
5599,21:29:11,0.062,0.622,0,0,eGFP5
5600,21:29:12,0.052,0.699,0,0,eGFP5
5601,21:29:12,0.051,0.688,0,0,eGFP5
5602,21:29:13,0.061,0.709,0,0,eGFP5
5603,21:29:14,0.050,0.687,0,0,eGFP5
5604,21:29:15,0.074,1.533,0,0,eGFP5
5605,21:29:16,0.062,1.203,0,0,eGFP5
5606,21:29:17,0.117,0.742,0,0,eGFP5
5607,21:29:18,0.040,0.589,0,0,eGFP5
5608,21:29:19,0.074,0.908,0,0,eGFP5
5609,21:29:20,0.059,1.694,0,0,eGFP5
5610,21:29:21,0.051,0.544,0,0,eGFP5
5611,21:29:21,0.040,0.599,0,0,eGFP5
5612,21:29:22,0.061,0.731,0,0,eGFP5
5613,21:29:23,0.061,0.577,0,0,eGFP5
5614,21:29:23,0.050,0.763,0,0,eGFP5
5615,21:29:24,0.083,0.753,0,0,eGFP5
5616,21:29:25,0.051,0.611,0,0,eGFP5
5617,21:29:26,0.061,0.862,0,0,eGFP5
5618,21:29:26,0.052,0.634,0,0,eGFP5
5619,21:29:29,0.039,2.519,0,0,eGFP5
5620,21:29:29,0.061,0.632,0,0,eGFP5
5621,21:29:30,0.083,0.895,0,0,eGFP5
5622,21:29:33,0.171,2.190,0,0,eGFP5
5623,21:29:33,0.072,0.675,0,0,eGFP5
5624,21:29:34,0.051,0.709,0,0,eGFP5
5625,21:29:35,0.052,0.568,0,0,eGFP5
5626,21:29:35,0.039,0.621,0,0,eGFP5
5627,21:29:36,0.061,0.752,0,0,eGFP5
5628,21:29:36,0.040,0.490,0,0,eGFP5
5629,21:29:38,0.050,1.323,0,0,eGFP5
5630,21:29:39,0.434,1.444,0,0,eGFP5
5631,21:29:40,0.096,0.677,0,0,eGFP5
5632,21:29:41,0.051,0.753,0,0,eGFP5
5633,21:29:41,0.107,0.908,0,0,eGFP5
5634,21:29:42,0.040,0.533,0,0,eGFP5
5635,21:29:44,0.062,1.576,0,0,eGFP5
5636,21:29:44,0.050,0.544,0,0,eGFP5
5637,21:29:45,0.051,0.808,0,0,eGFP5
5638,21:29:46,0.061,0.621,0,0,eGFP5
5639,21:29:46,0.039,0.588,0,0,eGFP5
5640,21:29:47,0.051,0.742,0,0,eGFP5
5641,21:29:47,0.052,0.590,0,0,eGFP5
5642,21:29:48,0.050,0.676,0,0,eGFP5
5643,21:29:49,0.050,0.621,0,0,eGFP5
5644,21:29:50,0.050,0.797,0,0,eGFP5
5645,21:29:50,0.085,0.831,0,0,eGFP5
5646,21:29:51,0.039,0.632,0,0,eGFP5
5647,21:29:57,0.105,5.987,0,0,eGFP5
5648,21:29:58,0.160,1.191,0,0,eGFP5
5649,21:29:59,0.064,0.689,0,0,eGFP5
5650,21:30:01,0.062,1.598,0,0,eGFP5
5651,21:30:01,0.051,0.599,0,0,eGFP5
5652,21:30:02,0.062,0.621,0,0,eGFP5
5653,21:30:02,0.040,0.600,0,0,eGFP5
5654,21:30:03,0.050,0.566,0,0,eGFP5
5655,21:30:05,0.040,1.828,0,0,eGFP5
5656,21:30:05,0.084,0.720,0,0,eGFP5
5657,21:30:06,0.051,0.710,0,0,eGFP5
5658,21:30:07,0.085,0.754,0,0,eGFP5
5659,21:30:07,0.042,0.481,0,0,eGFP5
5660,21:30:08,0.039,0.742,0,0,eGFP5
5661,21:30:09,0.072,0.775,0,0,eGFP5
5662,21:30:09,0.039,0.555,0,0,eGFP5
5663,21:30:10,0.051,0.907,0,0,eGFP5
5664,21:30:11,0.062,0.544,0,0,eGFP5
5665,21:30:11,0.040,0.567,0,0,eGFP5
5666,21:30:12,0.074,0.919,0,0,eGFP5
5667,21:30:13,0.051,0.556,0,0,eGFP5
5668,21:30:14,0.040,0.720,0,0,eGFP5
5669,21:30:14,0.073,0.665,0,0,eGFP5
5670,21:30:15,0.040,0.567,0,0,eGFP5
5671,21:30:16,0.062,0.907,0,0,eGFP5
5672,21:30:16,0.056,0.549,0,0,eGFP5
5673,21:30:17,0.041,0.908,0,0,eGFP5
5674,21:30:18,0.096,0.721,0,0,eGFP5
5675,21:30:19,0.039,0.621,0,0,eGFP5
5676,21:30:20,0.105,1.323,0,0,eGFP5
5677,21:30:21,0.039,0.577,0,0,eGFP5
5678,21:30:23,0.072,2.925,0,0,eGFP5
5679,21:30:24,0.050,0.730,0,0,eGFP5
5680,21:30:25,0.094,0.840,0,0,eGFP5
5681,21:30:29,0.051,3.924,0,0,eGFP5
5682,21:30:31,0.129,2.455,0,0,eGFP5
5683,21:30:32,0.050,0.566,0,0,eGFP5
5684,21:30:33,0.050,0.708,0,0,eGFP5
5685,21:30:33,0.062,0.599,0,0,eGFP5
5686,21:30:34,0.051,0.566,0,0,eGFP5
5687,21:30:34,0.041,0.579,0,0,eGFP5
5688,21:30:35,0.050,0.555,0,0,eGFP5
5689,21:30:36,0.050,0.632,0,0,eGFP5
5690,21:30:36,0.050,0.818,0,0,eGFP5
5691,21:30:37,0.041,0.513,0,0,eGFP5
5692,21:30:39,0.050,1.894,0,0,eGFP5
5693,21:30:40,0.412,0.840,0,0,eGFP5
5694,21:30:40,0.138,0.830,0,0,eGFP5
5695,21:30:41,0.050,0.577,0,0,eGFP5
5696,21:30:42,0.061,0.807,0,0,eGFP5
5697,21:30:42,0.051,0.533,0,0,eGFP5
5698,21:30:43,0.051,0.786,0,0,eGFP5
5699,21:30:44,0.096,0.798,0,0,eGFP5
5700,21:30:46,0.040,1.653,0,0,eGFP5
5701,21:30:46,0.085,0.743,0,0,eGFP5
5702,21:30:47,0.051,0.709,0,0,eGFP5
5703,21:30:48,0.072,0.753,0,0,eGFP5
5704,21:30:48,0.160,0.533,0,0,eGFP5
5705,21:30:49,0.127,0.808,0,0,eGFP5
5706,21:30:50,0.050,0.544,0,0,eGFP5
5707,21:30:51,0.063,0.809,0,0,eGFP5
5708,21:30:51,0.051,0.512,0,0,eGFP5
5709,21:30:52,0.039,0.522,0,0,eGFP5
5710,21:30:52,0.084,0.928,0,0,eGFP5
5711,21:30:53,0.051,0.523,0,0,eGFP5
5712,21:30:54,0.039,0.709,0,0,eGFP5
5713,21:30:55,0.072,0.829,0,0,eGFP5
5714,21:30:55,0.043,0.504,0,0,eGFP5
5715,21:30:56,0.041,0.710,0,0,eGFP5
5716,21:30:56,0.073,0.643,0,0,eGFP5
5717,21:30:57,0.051,0.501,0,0,eGFP5
5718,21:30:58,0.040,0.753,0,0,eGFP5
5719,21:30:58,0.062,0.621,0,0,eGFP5
5720,21:31:01,0.040,3.079,0,0,eGFP5
5721,21:31:02,0.040,0.512,0,0,eGFP5
5722,21:31:03,0.040,0.676,0,0,eGFP5
5723,21:31:03,0.084,0.786,0,0,eGFP5
5724,21:31:04,0.052,0.524,0,0,eGFP5
5725,21:31:05,0.051,1.335,0,0,eGFP5
5726,21:31:06,0.105,0.939,0,0,eGFP5
5727,21:31:07,0.051,0.622,0,0,eGFP5
5728,21:31:07,0.052,0.699,0,0,eGFP5
5729,21:31:08,0.051,0.567,0,0,eGFP5
5730,21:31:09,0.040,0.566,0,0,eGFP5
5731,21:31:10,0.062,1.094,0,0,eGFP5
5732,21:31:10,0.052,0.557,0,0,eGFP5
5733,21:31:11,0.051,0.742,0,0,eGFP5
5734,21:31:12,0.062,0.698,0,0,eGFP5
5735,21:31:12,0.040,0.764,0,0,eGFP5
5736,21:43:22,2.810,729.332,0,0,eGFP5
5737,21:43:23,0.401,0.961,0,0,eGFP5
5738,21:43:26,2.058,3.759,0,0,eGFP5
5739,21:43:27,0.094,0.939,0,0,eGFP5
5740,21:43:29,0.073,1.609,0,0,eGFP5
5741,21:43:30,0.062,0.621,0,0,eGFP5
5742,21:43:31,0.052,1.445,0,0,eGFP5
5743,21:43:32,0.062,0.610,0,0,eGFP5
5744,21:43:33,0.040,1.663,0,0,eGFP5
5745,21:43:34,0.051,0.566,0,0,eGFP5
5746,21:43:36,0.062,1.642,0,0,eGFP5
5747,21:43:36,0.050,0.555,0,0,eGFP5
5748,21:43:37,0.051,0.874,0,0,eGFP5
5749,21:43:38,0.073,0.687,0,0,eGFP5
5750,21:43:39,0.061,0.994,0,0,eGFP5
5751,21:43:39,0.061,0.621,0,0,eGFP5
5752,21:43:47,0.039,7.369,0,0,eGFP5
5753,21:43:47,0.050,0.697,0,0,eGFP5
5754,21:43:49,0.149,1.367,0,0,eGFP5
5755,21:43:49,0.040,0.577,0,0,eGFP5
5756,21:43:50,0.074,0.886,0,0,eGFP5
5757,21:43:51,0.041,0.524,0,0,eGFP5
5758,21:43:53,0.039,1.927,0,0,eGFP5
5759,21:43:53,0.061,0.621,0,0,eGFP5
5760,21:43:54,0.050,0.676,0,0,eGFP5
5761,21:43:54,0.050,0.544,0,0,eGFP5
5762,21:43:55,0.039,0.500,0,0,eGFP5
5763,21:43:56,0.039,0.566,0,0,eGFP5
5764,21:43:56,0.040,0.599,0,0,eGFP5
5765,21:43:57,0.041,0.568,0,0,eGFP5
5766,21:43:57,0.050,0.610,0,0,eGFP5
5767,21:43:58,0.051,0.577,0,0,eGFP5
5768,21:43:59,0.051,0.742,0,0,eGFP5
5769,21:43:59,0.061,0.566,0,0,eGFP5
5770,21:44:01,0.030,1.687,0,0,eGFP5
5771,21:44:03,0.095,2.267,0,0,eGFP5
5772,21:44:04,0.051,1.324,0,0,eGFP5
5773,21:44:05,0.107,0.787,0,0,eGFP5
5774,21:44:06,0.051,0.654,0,0,eGFP5
5775,21:44:07,0.051,0.644,0,0,eGFP5
5776,21:44:09,0.050,1.992,0,0,eGFP5
5777,21:44:09,0.051,0.731,0,0,eGFP5
5778,21:44:10,0.095,0.896,0,0,eGFP5
5779,21:44:12,0.052,1.445,0,0,eGFP5
5780,21:44:13,0.216,1.225,0,0,eGFP5
5781,21:44:14,0.073,0.676,0,0,eGFP5
5782,21:44:15,0.050,1.114,0,0,eGFP5
5783,21:44:15,0.116,0.819,0,0,eGFP5
5784,21:44:16,0.041,0.590,0,0,eGFP5
5785,21:44:17,0.051,0.885,0,0,eGFP5
5786,21:44:18,0.050,0.566,0,0,eGFP5
5787,21:44:18,0.062,0.731,0,0,eGFP5
5788,21:44:19,0.051,0.523,0,0,eGFP5
5789,21:44:21,0.050,2.157,0,0,eGFP5
5790,21:44:22,0.053,0.590,0,0,eGFP5
5791,21:44:22,0.051,0.676,0,0,eGFP5
5792,21:44:23,0.040,0.490,0,0,eGFP5
5793,21:44:25,0.051,2.618,0,0,eGFP5
5794,21:44:26,0.051,0.556,0,0,eGFP5
5795,21:44:26,0.040,0.632,0,0,eGFP5
5796,21:44:27,0.062,0.589,0,0,eGFP5
5797,21:44:28,0.041,0.601,0,0,eGFP5
5798,21:44:30,0.086,1.995,0,0,eGFP5
5799,21:44:30,0.089,0.791,0,0,eGFP5
5800,21:44:31,0.050,0.599,0,0,eGFP5
5801,21:44:32,0.050,0.643,0,0,eGFP5
5802,21:44:32,0.061,0.588,0,0,eGFP5
5803,21:44:33,0.050,0.598,0,0,eGFP5
5804,21:44:34,0.062,0.687,0,0,eGFP5
5805,21:44:34,0.050,0.610,0,0,eGFP5
5806,21:44:35,0.052,0.545,0,0,eGFP5
5807,21:44:35,0.051,0.731,0,0,eGFP5
5808,21:44:36,0.061,0.632,0,0,eGFP5
5809,21:44:37,0.050,0.676,0,0,eGFP5
5810,21:44:38,0.061,0.730,0,0,eGFP5
5811,21:44:38,0.052,0.612,0,0,eGFP5
5812,21:44:39,0.061,0.884,0,0,eGFP5
5813,21:44:40,0.061,0.643,0,0,eGFP5
5814,21:44:40,0.050,0.632,0,0,eGFP5
5815,21:44:41,0.063,0.688,0,0,eGFP5
5816,21:44:43,0.050,1.740,0,0,eGFP5
5817,21:44:43,0.051,0.588,0,0,eGFP5
5818,21:44:45,0.051,2.103,0,0,eGFP5
5819,21:44:46,0.050,0.544,0,0,eGFP5
5820,21:44:47,0.050,0.851,0,0,eGFP5
5821,21:44:48,0.072,0.709,0,0,eGFP5
5822,21:44:48,0.050,0.851,0,0,eGFP5
5823,21:44:49,0.074,0.722,0,0,eGFP5
5824,21:44:50,0.039,0.588,0,0,eGFP5
5825,21:44:50,0.052,0.743,0,0,eGFP5
5826,21:44:51,0.051,0.698,0,0,eGFP5
5827,21:44:53,0.819,1.916,0,0,eGFP5
5828,21:44:54,0.073,0.665,0,0,eGFP5
5829,21:44:54,0.040,0.654,0,0,eGFP5
5830,21:44:55,0.128,1.159,0,0,eGFP5
5831,21:44:57,0.056,1.405,0,0,eGFP5
5832,21:44:58,0.128,0.819,0,0,eGFP5
5833,21:44:58,0.051,0.665,0,0,eGFP5
5834,21:44:59,0.084,1.071,0,0,eGFP5
5835,21:45:00,0.051,0.578,0,0,eGFP5
5836,21:45:01,0.061,0.895,0,0,eGFP5
5837,21:45:02,0.084,0.797,0,0,eGFP5
5838,21:45:02,0.040,0.599,0,0,eGFP5
5839,21:45:03,0.065,1.064,0,0,eGFP5
5840,21:45:04,0.061,0.566,0,0,eGFP5
5841,21:45:05,0.040,0.567,0,0,eGFP5
5842,21:45:05,0.050,0.665,0,0,eGFP5
5843,21:45:06,0.051,0.555,0,0,eGFP5
5844,21:45:07,0.040,0.764,0,0,eGFP5
5845,21:45:07,0.062,0.655,0,0,eGFP5
5846,21:45:08,0.029,0.720,0,0,eGFP5
5847,21:45:09,0.961,1.521,0,0,eGFP5
5848,21:45:10,0.140,0.799,0,0,eGFP5
5849,21:45:11,0.040,0.577,0,0,eGFP5
5850,21:45:13,0.073,2.717,0,0,eGFP5
5851,21:45:14,0.062,0.589,0,0,eGFP5
5852,21:45:15,0.040,0.567,0,0,eGFP5
5853,21:45:15,0.063,0.590,0,0,eGFP5
5854,21:45:16,0.040,0.490,0,0,eGFP5
5855,21:45:17,0.040,0.786,0,0,eGFP5
5856,21:45:17,0.107,0.777,0,0,eGFP5
5857,21:45:19,0.040,1.488,0,0,eGFP5
5858,21:45:19,0.062,0.632,0,0,eGFP5
5859,21:45:20,0.051,0.907,0,0,eGFP5
5860,21:45:21,0.095,0.688,0,0,eGFP5
5861,21:45:22,0.040,0.961,0,0,eGFP5
5862,21:46:37,0.484,74.954,0,0,eGFP5
5863,21:46:38,0.072,0.686,0,0,eGFP5
5864,21:46:38,0.052,0.875,0,0,eGFP5
5865,21:46:39,0.050,0.555,0,0,eGFP5
5866,21:46:40,0.039,0.599,0,0,eGFP5
5867,21:46:40,0.074,0.644,0,0,eGFP5
5868,21:46:41,0.051,0.545,0,0,eGFP5
5869,21:46:42,0.061,0.950,0,0,eGFP5
5870,21:46:42,0.050,0.533,0,0,eGFP5
5871,21:46:44,0.050,1.959,0,0,eGFP5
5872,21:46:45,0.074,0.733,0,0,eGFP5
5873,21:46:46,0.072,0.697,0,0,eGFP5
5874,21:46:46,0.051,0.545,0,0,eGFP5
5875,21:46:47,0.050,0.972,0,0,eGFP5
5876,21:46:48,0.050,0.555,0,0,eGFP5
5877,21:46:49,0.051,1.707,0,0,eGFP5
5878,21:46:50,0.062,0.632,0,0,eGFP5
5879,21:46:51,0.051,0.622,0,0,eGFP5
5880,21:46:51,0.041,0.578,0,0,eGFP5
5881,21:46:53,0.074,2.181,0,0,eGFP5
5882,21:46:54,0.051,0.566,0,0,eGFP5
5883,21:46:55,0.062,0.786,0,0,eGFP5
5884,21:46:55,0.051,0.566,0,0,eGFP5
5885,21:46:57,0.062,1.532,0,0,eGFP5
5886,21:46:58,0.062,0.742,0,0,eGFP5
5887,21:46:58,0.051,0.545,0,0,eGFP5
5888,21:46:59,0.039,0.687,0,0,eGFP5
5889,21:47:00,0.074,0.667,0,0,eGFP5
5890,21:47:00,0.039,0.533,0,0,eGFP5
5891,21:47:01,0.062,1.214,0,0,eGFP5
5892,21:47:02,0.050,0.533,0,0,eGFP5
5893,21:47:02,0.040,0.556,0,0,eGFP5
5894,21:47:03,0.063,0.787,0,0,eGFP5
5895,21:47:04,0.062,0.610,0,0,eGFP5
5896,21:47:05,0.051,0.786,0,0,eGFP5
5897,21:47:08,0.108,3.312,0,0,eGFP5
5898,21:47:09,0.116,0.884,0,0,eGFP5
5899,21:47:09,0.051,0.589,0,0,eGFP5
5900,21:47:10,0.039,0.544,0,0,eGFP5
5901,21:47:11,0.051,0.731,0,0,eGFP5
5902,21:47:13,0.062,2.191,0,0,eGFP5
5903,21:47:13,0.050,0.478,0,0,eGFP5
5904,21:47:14,0.040,0.600,0,0,eGFP5
5905,21:47:15,0.052,0.754,0,0,eGFP5
5906,21:47:15,0.051,0.589,0,0,eGFP5
5907,21:47:16,0.051,0.665,0,0,eGFP5
5908,21:47:17,0.053,0.601,0,0,eGFP5
5909,21:47:17,0.051,0.732,0,0,eGFP5
5910,21:47:18,0.094,0.819,0,0,eGFP5
5911,21:47:19,0.051,0.599,0,0,eGFP5
5912,21:47:20,0.051,0.819,0,0,eGFP5
5913,21:47:20,0.062,0.644,0,0,eGFP5
5914,21:47:21,0.052,1.160,0,0,eGFP5
5915,21:47:22,0.161,0.402,0,0,eGFP5
5916,21:47:23,0.183,1.182,0,0,eGFP5
5917,21:47:23,0.062,0.588,0,0,eGFP5
5918,21:47:25,0.040,1.039,0,0,eGFP5
5919,21:47:26,0.117,1.598,0,0,eGFP5
5920,21:47:27,0.073,0.676,0,0,eGFP5
5921,21:47:27,0.051,0.512,0,0,eGFP5
5922,21:47:29,0.055,1.316,0,0,eGFP5
5923,21:47:29,0.073,0.787,0,0,eGFP5
5924,21:47:30,0.062,0.665,0,0,eGFP5
5925,21:47:31,0.056,0.934,0,0,eGFP5
5926,21:47:32,0.072,0.742,0,0,eGFP5
5927,21:47:33,0.061,0.829,0,0,eGFP5
5928,21:47:33,0.072,0.785,0,0,eGFP5
5929,21:47:34,0.051,0.720,0,0,eGFP5
5930,21:47:35,0.074,1.149,0,0,eGFP5
5931,21:47:36,0.160,1.236,0,0,eGFP5
5932,21:47:37,0.061,1.005,0,0,eGFP5
5933,21:47:38,0.061,0.642,0,0,eGFP5
5934,21:47:39,0.040,0.588,0,0,eGFP5
5935,21:47:40,0.073,1.137,0,0,eGFP5
5936,21:47:41,0.063,0.798,0,0,eGFP5
5937,21:47:41,0.051,0.720,0,0,eGFP5
5938,21:47:43,0.096,1.785,0,0,eGFP5
5939,21:47:44,0.095,0.907,0,0,eGFP5
5940,21:47:45,0.050,0.709,0,0,eGFP5
5941,21:47:47,0.061,2.135,0,0,eGFP5
5942,21:47:48,0.083,0.796,0,0,eGFP5
5943,21:47:48,0.062,0.753,0,0,eGFP5
5944,21:47:49,0.061,0.720,0,0,eGFP5
5945,21:47:52,0.072,2.409,0,0,eGFP5
5946,21:47:52,0.073,0.632,0,0,eGFP5
5947,21:47:53,0.042,0.634,0,0,eGFP5
5948,21:47:54,0.062,0.786,0,0,eGFP5
5949,21:47:56,0.061,2.420,0,0,eGFP5
5950,21:47:57,0.074,0.634,0,0,eGFP5
5951,21:47:57,0.040,0.489,0,0,eGFP5
5952,21:47:58,0.040,0.655,0,0,eGFP5
5953,21:47:58,0.061,0.665,0,0,eGFP5
5954,21:47:59,0.050,0.676,0,0,eGFP5
5955,21:48:00,0.052,0.721,0,0,eGFP5
5956,21:48:01,0.062,0.950,0,0,eGFP5
5957,21:48:02,0.106,0.852,0,0,eGFP5
5958,21:48:02,0.051,0.665,0,0,eGFP5
5959,21:48:03,0.062,0.786,0,0,eGFP5
5960,21:48:05,0.073,2.223,0,0,eGFP5
5961,21:48:06,0.073,1.005,0,0,eGFP5
5962,21:48:07,0.051,0.556,0,0,eGFP5
5963,21:48:08,0.043,0.855,0,0,eGFP5
5964,21:48:09,0.084,1.290,0,0,eGFP5
5965,21:48:10,0.095,0.721,0,0,eGFP5
5966,21:48:10,0.039,0.500,0,0,eGFP5
5967,21:48:11,0.051,0.973,0,0,eGFP5
5968,21:48:12,0.072,0.884,0,0,eGFP5
5969,21:48:13,0.062,0.698,0,0,eGFP5
5970,21:48:13,0.051,0.633,0,0,eGFP5
5971,21:48:14,0.052,0.820,0,0,eGFP5
5972,21:48:15,0.095,1.006,0,0,eGFP5
5973,21:48:16,0.061,0.599,0,0,eGFP5
5974,21:48:17,0.062,0.951,0,0,eGFP5
5975,21:48:18,0.083,0.972,0,0,eGFP5
5976,21:48:18,0.051,0.589,0,0,eGFP5
5977,21:48:19,0.052,0.963,0,0,eGFP5
5978,21:48:20,0.106,0.961,0,0,eGFP5
5979,21:48:21,0.062,0.633,0,0,eGFP5
5980,21:48:22,0.042,0.667,0,0,eGFP5
5981,21:48:23,0.084,0.918,0,0,eGFP5
5982,21:48:24,0.062,1.718,0,0,eGFP5
5983,21:48:25,0.117,1.203,0,0,eGFP5
5984,21:48:26,0.062,0.655,0,0,eGFP5
5985,21:48:27,0.051,0.852,0,0,eGFP5
5986,21:48:28,0.128,0.589,0,0,eGFP5
5987,21:48:28,0.182,0.895,0,0,eGFP5
5988,21:48:29,0.108,0.865,0,0,eGFP5
5989,21:48:30,0.067,0.736,0,0,eGFP5
5990,21:48:31,0.050,0.753,0,0,eGFP5
5991,21:48:33,0.084,2.432,0,0,eGFP5
5992,21:48:34,0.084,0.731,0,0,eGFP5
5993,21:48:36,0.072,2.003,0,0,eGFP5
5994,21:48:37,0.051,0.588,0,0,eGFP5
5995,21:48:38,0.051,1.005,0,0,eGFP5
5996,21:48:38,0.129,0.908,0,0,eGFP5
5997,21:48:39,0.050,0.632,0,0,eGFP5
5998,21:48:40,0.050,0.840,0,0,eGFP5
5999,21:48:41,0.105,1.038,0,0,eGFP5
6000,21:48:42,0.050,0.709,0,0,eGFP5
6001,21:48:50,0.083,8.762,0,0,eGFP5
6002,21:48:52,0.072,2.003,0,0,eGFP5
6003,21:48:53,0.062,0.819,0,0,eGFP5
6004,21:48:54,0.074,1.006,0,0,eGFP5
6005,21:48:55,0.052,0.656,0,0,eGFP5
6006,21:48:58,0.061,2.662,0,0,eGFP5
6007,21:48:58,0.083,0.676,0,0,eGFP5
6008,21:48:59,0.050,0.621,0,0,eGFP5
6009,21:49:00,0.083,1.125,0,0,eGFP5
6010,21:49:01,0.062,0.753,0,0,eGFP5
6011,21:49:01,0.050,0.610,0,0,eGFP5
6012,21:49:02,0.051,0.676,0,0,eGFP5
6013,21:49:03,0.063,1.204,0,0,eGFP5
6014,21:49:04,0.160,0.698,0,0,eGFP5
6015,21:49:05,0.522,1.367,0,0,eGFP5
6016,21:49:06,0.051,0.950,0,0,eGFP5
6017,21:49:07,0.106,0.819,0,0,eGFP5
6018,21:49:08,0.051,0.676,0,0,eGFP5
6019,21:49:11,0.085,2.729,0,0,eGFP5
6020,21:49:11,0.095,0.742,0,0,eGFP5
6021,21:49:13,0.053,1.731,0,0,eGFP5
6022,21:49:14,0.062,0.622,0,0,eGFP5
6023,21:49:14,0.050,0.654,0,0,eGFP5
6024,21:49:15,0.050,0.720,0,0,eGFP5
6025,21:49:16,0.050,0.763,0,0,eGFP5
6026,21:49:17,0.095,0.797,0,0,eGFP5
6027,21:49:17,0.040,0.512,0,0,eGFP5
6028,21:49:18,0.050,0.698,0,0,eGFP5
6029,21:49:18,0.052,0.645,0,0,eGFP5
6030,21:49:19,0.039,0.632,0,0,eGFP5
6031,21:49:20,0.072,0.994,0,0,eGFP5
6032,21:49:21,0.062,0.720,0,0,eGFP5
6033,21:49:21,0.053,0.678,0,0,eGFP5
6034,21:49:22,0.073,0.654,0,0,eGFP5
6035,21:49:23,0.051,0.545,0,0,eGFP5
6036,21:49:23,0.039,0.665,0,0,eGFP5
6037,21:49:25,0.062,2.081,0,0,eGFP5
6038,21:49:29,0.082,3.253,0,0,eGFP5
6039,21:49:30,0.073,0.983,0,0,eGFP5
6040,21:49:30,0.084,0.698,0,0,eGFP5
6041,21:49:31,0.051,0.699,0,0,eGFP5
6042,21:49:32,0.094,0.906,0,0,eGFP5
6043,21:49:33,0.051,0.600,0,0,eGFP5
6044,21:49:34,0.062,1.137,0,0,eGFP5
6045,21:49:35,0.073,1.082,0,0,eGFP5
6046,21:49:35,0.077,0.636,0,0,eGFP5
6047,21:49:36,0.051,0.622,0,0,eGFP5
6048,21:49:37,0.072,0.862,0,0,eGFP5
6049,21:49:38,0.062,0.699,0,0,eGFP5
6050,21:49:38,0.062,0.885,0,0,eGFP5
6051,21:49:40,0.083,1.971,0,0,eGFP5
6052,21:49:41,0.056,0.648,0,0,eGFP5
6053,21:49:42,0.061,0.840,0,0,eGFP5
6054,21:49:43,0.074,0.776,0,0,eGFP5
6055,21:49:44,0.062,0.852,0,0,eGFP5
6056,21:49:44,0.094,0.785,0,0,eGFP5
6057,21:49:45,0.050,0.752,0,0,eGFP5
6058,21:49:46,0.160,1.192,0,0,eGFP5
6059,21:49:48,0.072,1.751,0,0,eGFP5
6060,21:49:49,0.074,0.644,0,0,eGFP5
6061,21:49:49,0.051,0.808,0,0,eGFP5
6062,21:49:50,0.117,0.907,0,0,eGFP5
6063,21:49:51,0.062,0.819,0,0,eGFP5
6064,21:49:52,0.072,0.675,0,0,eGFP5
6065,21:49:52,0.051,0.621,0,0,eGFP5
6066,21:49:54,0.062,1.159,0,0,eGFP5
6067,21:49:55,0.226,1.268,0,0,eGFP5
6068,21:49:56,0.051,0.775,0,0,eGFP5
6069,21:49:57,0.094,0.917,0,0,eGFP5
6070,21:49:57,0.061,0.599,0,0,eGFP5
6071,21:49:59,0.052,2.027,0,0,eGFP5
6072,21:50:01,0.116,2.168,0,0,eGFP5
6073,21:50:02,0.040,0.533,0,0,eGFP5
6074,21:50:03,0.052,0.821,0,0,eGFP5
6075,21:50:03,0.061,0.610,0,0,eGFP5
6076,21:50:05,0.050,2.080,0,0,eGFP5
6077,21:50:06,0.050,0.555,0,0,eGFP5
6078,21:50:07,0.051,0.753,0,0,eGFP5
6079,21:50:07,0.063,0.590,0,0,eGFP5
6080,21:50:08,0.050,0.621,0,0,eGFP5
6081,21:50:09,0.050,0.654,0,0,eGFP5
6082,21:50:09,0.039,0.489,0,0,eGFP5
6083,21:50:10,0.040,0.764,0,0,eGFP5
6084,21:50:11,0.083,0.687,0,0,eGFP5
6085,21:50:11,0.039,0.665,0,0,eGFP5
6086,21:50:12,0.149,1.115,0,0,eGFP5
6087,21:50:14,0.195,1.380,0,0,eGFP5
6088,21:50:14,0.063,0.765,0,0,eGFP5
6089,21:50:17,0.084,2.125,0,0,eGFP5
6090,21:50:17,0.050,0.588,0,0,eGFP5
6091,21:50:18,0.051,0.874,0,0,eGFP5
6092,21:50:20,0.061,1.685,0,0,eGFP5
6093,21:50:20,0.051,0.523,0,0,eGFP5
6094,21:50:21,0.039,0.533,0,0,eGFP5
6095,21:50:21,0.053,0.689,0,0,eGFP5
6096,21:50:22,0.062,0.676,0,0,eGFP5
6097,21:50:23,0.040,0.512,0,0,eGFP5
6098,21:50:24,0.051,1.411,0,0,eGFP5
6099,21:50:25,0.062,0.578,0,0,eGFP5
6100,21:50:25,0.048,0.772,0,0,eGFP5
6101,21:50:26,0.083,0.676,0,0,eGFP5
6102,21:50:27,0.052,0.567,0,0,eGFP5
6103,21:50:27,0.061,0.731,0,0,eGFP5
6104,21:50:28,0.051,0.523,0,0,eGFP5
6105,21:50:29,0.040,0.665,0,0,eGFP5
6106,21:50:30,0.127,0.950,0,0,eGFP5
6107,21:50:30,0.039,0.566,0,0,eGFP5
6108,21:50:31,0.072,0.774,0,0,eGFP5
6109,21:50:31,0.051,0.545,0,0,eGFP5
6110,21:50:32,0.039,0.587,0,0,eGFP5
6111,21:50:33,0.106,1.236,0,0,eGFP5
6112,21:50:34,0.041,0.567,0,0,eGFP5
6113,21:50:35,0.051,0.994,0,0,eGFP5
6114,21:50:35,0.062,0.610,0,0,eGFP5
6115,21:50:36,0.062,0.994,0,0,eGFP5
6116,21:50:37,0.052,0.557,0,0,eGFP5
6117,21:50:39,0.050,1.565,0,0,eGFP5
6118,21:50:39,0.050,0.632,0,0,eGFP5
6119,21:50:40,0.050,0.697,0,0,eGFP5
6120,21:50:41,0.085,0.985,0,0,eGFP5
6121,21:50:42,0.061,0.676,0,0,eGFP5
6122,21:50:42,0.061,0.840,0,0,eGFP5
6123,21:50:43,0.051,0.610,0,0,eGFP5
6124,21:50:44,0.051,0.797,0,0,eGFP5
6125,21:50:45,0.061,0.731,0,0,eGFP5
6126,21:50:45,0.050,0.599,0,0,eGFP5
6127,21:50:46,0.083,1.290,0,0,eGFP5
6128,21:50:47,0.052,0.601,0,0,eGFP5
6129,21:50:48,0.052,0.732,0,0,eGFP5
6130,21:50:49,0.073,0.929,0,0,eGFP5
6131,21:50:50,0.105,1.170,0,0,eGFP5
6132,21:50:51,0.105,1.071,0,0,eGFP5
6133,21:50:52,0.061,0.741,0,0,eGFP5
6134,21:50:52,0.051,0.797,0,0,eGFP5
6135,21:50:54,0.106,1.872,0,0,eGFP5
6136,21:50:55,0.051,0.775,0,0,eGFP5
6137,21:50:56,0.085,0.908,0,0,eGFP5
6138,21:50:57,0.062,0.939,0,0,eGFP5
6139,21:50:59,0.084,2.267,0,0,eGFP5
6140,21:51:00,0.051,0.556,0,0,eGFP5
6141,21:51:01,0.040,0.764,0,0,eGFP5
6142,21:51:01,0.050,0.610,0,0,eGFP5
6143,21:51:02,0.052,0.601,0,0,eGFP5
6144,21:51:02,0.051,0.687,0,0,eGFP5
6145,21:51:03,0.052,0.656,0,0,eGFP5
6146,21:51:04,0.051,0.577,0,0,eGFP5
6147,21:51:05,0.062,1.050,0,0,eGFP5
6148,21:51:05,0.061,0.577,0,0,eGFP5
6149,21:51:06,0.051,0.687,0,0,eGFP5
6150,21:51:07,0.073,0.940,0,0,eGFP5
6151,21:51:08,0.072,0.895,0,0,eGFP5
6152,21:51:08,0.062,0.633,0,0,eGFP5
6153,21:51:09,0.052,0.886,0,0,eGFP5
6154,21:51:10,0.073,0.753,0,0,eGFP5
6155,21:51:11,0.051,0.665,0,0,eGFP5
6156,21:51:12,0.062,0.907,0,0,eGFP5
6157,21:51:14,0.075,1.973,0,0,eGFP5
6158,21:51:15,0.139,1.708,0,0,eGFP5
6159,21:51:16,0.061,0.643,0,0,eGFP5
6160,21:51:17,0.062,0.896,0,0,eGFP5
6161,21:51:18,0.096,0.952,0,0,eGFP5
6162,21:51:18,0.084,0.687,0,0,eGFP5
6163,21:51:20,0.067,1.582,0,0,eGFP5
6164,21:51:21,0.061,0.653,0,0,eGFP5
6165,21:51:21,0.050,0.676,0,0,eGFP5
6166,21:51:22,0.061,0.686,0,0,eGFP5
6167,21:51:23,0.062,0.808,0,0,eGFP5
6168,21:51:24,0.072,0.862,0,0,eGFP5
6169,21:51:24,0.050,0.544,0,0,eGFP5
6170,21:51:25,0.052,0.820,0,0,eGFP5
6171,21:51:26,0.074,0.721,0,0,eGFP5
6172,21:51:26,0.050,0.599,0,0,eGFP5
6173,21:51:27,0.050,0.829,0,0,eGFP5
6174,21:51:28,0.083,0.961,0,0,eGFP5
6175,21:51:29,0.083,0.939,0,0,eGFP5
6176,21:51:30,0.072,0.917,0,0,eGFP5
6177,21:51:33,2.157,3.101,0,0,eGFP5
6178,21:51:34,0.052,0.546,0,0,eGFP5
6179,21:51:35,0.050,0.961,0,0,eGFP5
6180,21:51:35,0.061,0.610,0,0,eGFP5
6181,21:51:36,0.050,0.697,0,0,eGFP5
6182,21:51:37,0.073,0.786,0,0,eGFP5
6183,21:51:37,0.039,0.544,0,0,eGFP5
6184,21:51:38,0.050,0.895,0,0,eGFP5
6185,21:51:39,0.063,0.634,0,0,eGFP5
6186,21:51:41,0.052,2.356,0,0,eGFP5
6187,21:51:42,0.051,0.522,0,0,eGFP5
6188,21:51:43,0.051,0.841,0,0,eGFP5
6189,21:51:43,0.061,0.643,0,0,eGFP5
6190,21:51:44,0.039,0.544,0,0,eGFP5
6191,21:51:45,0.050,0.851,0,0,eGFP5
6192,21:51:45,0.051,0.578,0,0,eGFP5
6193,21:51:46,0.061,1.147,0,0,eGFP5
6194,21:51:47,0.096,1.007,0,0,eGFP5
6195,21:51:49,0.106,1.203,0,0,eGFP5
6196,21:51:49,0.083,0.753,0,0,eGFP5
6197,21:51:50,0.050,0.500,0,0,eGFP5
6198,21:51:51,0.040,1.005,0,0,eGFP5
6199,21:51:52,0.085,0.733,0,0,eGFP5
6200,21:51:52,0.039,0.522,0,0,eGFP5
6201,21:51:53,0.062,0.764,0,0,eGFP5
6202,21:51:54,0.061,0.742,0,0,eGFP5
6203,21:51:54,0.052,0.590,0,0,eGFP5
6204,21:51:55,0.039,0.511,0,0,eGFP5
6205,21:51:55,0.040,0.621,0,0,eGFP5
6206,21:51:56,0.051,0.852,0,0,eGFP5
6207,21:51:57,0.051,0.566,0,0,eGFP5
6208,21:51:57,0.051,0.709,0,0,eGFP5
6209,21:51:58,0.073,0.665,0,0,eGFP5
6210,21:51:59,0.040,0.742,0,0,eGFP5
6211,21:52:00,0.108,0.865,0,0,eGFP5
6212,21:52:00,0.050,0.588,0,0,eGFP5
6213,21:52:01,0.060,0.927,0,0,eGFP5
6214,21:52:02,0.051,0.622,0,0,eGFP5
6215,21:52:03,0.039,0.676,0,0,eGFP5
6216,21:52:03,0.084,0.896,0,0,eGFP5
6217,21:52:04,0.050,0.698,0,0,eGFP5
6218,21:52:05,0.095,0.863,0,0,eGFP5
6219,21:52:06,0.052,0.689,0,0,eGFP5
6220,21:52:07,0.072,1.290,0,0,eGFP5
6221,21:52:08,0.130,0.963,0,0,eGFP5
6222,21:52:09,0.062,0.973,0,0,eGFP5
6223,21:52:10,0.139,0.973,0,0,eGFP5
6224,21:52:12,0.051,1.784,0,0,eGFP5
6225,21:52:12,0.084,0.830,0,0,eGFP5
6226,21:52:13,0.051,0.720,0,0,eGFP5
6227,21:52:14,0.063,0.809,0,0,eGFP5
6228,21:52:17,0.061,2.563,0,0,eGFP5
6229,21:52:17,0.050,0.676,0,0,eGFP5
6230,21:52:18,0.061,0.763,0,0,eGFP5
6231,21:52:19,0.050,0.544,0,0,eGFP5
6232,21:52:19,0.039,0.708,0,0,eGFP5
6233,21:52:21,0.073,1.466,0,0,eGFP5
6234,21:52:21,0.061,0.599,0,0,eGFP5
6235,21:52:22,0.050,0.643,0,0,eGFP5
6236,21:52:23,0.096,1.050,0,0,eGFP5
6237,21:52:23,0.039,0.489,0,0,eGFP5
6238,21:52:24,0.040,0.830,0,0,eGFP5
6239,21:52:25,0.127,0.862,0,0,eGFP5
6240,21:52:26,0.052,0.567,0,0,eGFP5
6241,21:52:27,0.062,0.775,0,0,eGFP5
6242,21:52:27,0.061,0.676,0,0,eGFP5
6243,21:52:28,0.050,0.555,0,0,eGFP5
6244,21:52:29,0.063,1.095,0,0,eGFP5
6245,21:52:29,0.050,0.588,0,0,eGFP5
6246,21:52:32,0.050,2.705,0,0,eGFP5
6247,21:52:33,0.150,1.005,0,0,eGFP5
6248,21:52:34,0.073,0.874,0,0,eGFP5
6249,21:52:35,0.061,0.720,0,0,eGFP5
6250,21:52:36,0.083,1.213,0,0,eGFP5
6251,21:52:37,0.062,0.665,0,0,eGFP5
6252,21:52:37,0.063,0.667,0,0,eGFP5
6253,21:52:38,0.050,0.665,0,0,eGFP5
6254,21:52:39,0.041,0.557,0,0,eGFP5
6255,21:52:39,0.050,0.775,0,0,eGFP5
6256,21:52:41,0.094,1.422,0,0,eGFP5
6257,21:52:41,0.050,0.632,0,0,eGFP5
6258,21:52:42,0.061,0.994,0,0,eGFP5
6259,21:52:43,0.051,0.556,0,0,eGFP5
6260,21:52:44,0.052,1.544,0,0,eGFP5
6261,21:52:45,0.062,0.610,0,0,eGFP5
6262,21:52:46,0.040,0.720,0,0,eGFP5
6263,21:52:47,0.084,1.104,0,0,eGFP5
6264,21:52:48,0.106,1.192,0,0,eGFP5
6265,21:52:49,0.138,1.038,0,0,eGFP5
6266,21:52:50,0.051,0.567,0,0,eGFP5
6267,21:52:51,0.050,1.093,0,0,eGFP5
6268,21:52:52,0.151,1.160,0,0,eGFP5
6269,21:52:52,0.042,0.525,0,0,eGFP5
6270,21:52:53,0.050,0.983,0,0,eGFP5
6271,21:52:55,0.106,1.104,0,0,eGFP5
6272,21:52:55,0.062,0.621,0,0,eGFP5
6273,21:52:56,0.040,1.313,0,0,eGFP5
6274,21:52:58,0.402,1.302,0,0,eGFP5
6275,21:52:58,0.050,0.632,0,0,eGFP5
6276,21:52:59,0.051,0.885,0,0,eGFP5
6277,21:53:00,0.052,0.557,0,0,eGFP5
6278,21:53:13,0.040,12.943,0,0,eGFP5
6279,21:53:14,0.084,1.280,0,0,eGFP5
6280,21:53:14,0.237,0.413,0,0,eGFP5
6281,21:54:38,82.792,83.923,0,0,eGFP5
6282,21:54:39,0.085,0.864,0,0,eGFP5
6283,21:54:41,0.117,1.346,0,0,eGFP5
6284,21:54:41,0.051,0.610,0,0,eGFP5
6285,21:54:42,0.064,0.942,0,0,eGFP5
6286,21:54:43,0.062,0.599,0,0,eGFP5
6287,21:54:43,0.040,0.600,0,0,eGFP5
6288,21:54:44,0.073,1.038,0,0,eGFP5
6289,21:54:45,0.051,0.600,0,0,eGFP5
6290,21:54:46,0.045,0.626,0,0,eGFP5
6291,21:54:46,0.050,0.621,0,0,eGFP5
6292,21:54:47,0.050,0.599,0,0,eGFP5
6293,21:54:47,0.050,0.588,0,0,eGFP5
6294,21:54:48,0.048,0.630,0,0,eGFP5
6295,21:54:49,0.074,1.028,0,0,eGFP5
6296,21:54:50,0.050,0.533,0,0,eGFP5
6297,21:54:50,0.040,0.698,0,0,eGFP5
6298,21:54:51,0.094,0.840,0,0,eGFP5
6299,21:54:52,0.040,0.511,0,0,eGFP5
6300,21:54:52,0.051,0.676,0,0,eGFP5
6301,21:54:53,0.061,0.731,0,0,eGFP5
6302,21:54:54,0.041,0.556,0,0,eGFP5
6303,21:54:56,0.062,2.366,0,0,eGFP5
6304,21:54:57,0.039,0.533,0,0,eGFP5
6305,21:54:57,0.050,0.742,0,0,eGFP5
6306,21:54:58,0.050,0.643,0,0,eGFP5
6307,21:54:59,0.061,0.994,0,0,eGFP5
6308,21:55:00,0.094,0.774,0,0,eGFP5
6309,21:55:00,0.041,0.700,0,0,eGFP5
6310,21:55:02,0.139,1.368,0,0,eGFP5
6311,21:55:02,0.051,0.523,0,0,eGFP5
6312,21:55:03,0.050,0.796,0,0,eGFP5
6313,21:55:04,0.062,0.632,0,0,eGFP5
6314,21:55:04,0.040,0.500,0,0,eGFP5
6315,21:55:06,0.040,1.346,0,0,eGFP5
6316,21:55:06,0.050,0.566,0,0,eGFP5
6317,21:55:07,0.039,0.742,0,0,eGFP5
6318,21:55:08,0.096,0.798,0,0,eGFP5
6319,21:55:08,0.050,0.775,0,0,eGFP5
6320,21:55:09,0.116,0.950,0,0,eGFP5
6321,21:55:10,0.050,0.555,0,0,eGFP5
6322,21:55:11,0.051,0.917,0,0,eGFP5
6323,21:55:11,0.064,0.623,0,0,eGFP5
6324,21:55:12,0.040,0.556,0,0,eGFP5
6325,21:55:13,0.061,0.873,0,0,eGFP5
6326,21:55:13,0.051,0.555,0,0,eGFP5
6327,21:55:16,0.064,2.094,0,0,eGFP5
6328,21:55:17,0.039,1.279,0,0,eGFP5
6329,21:55:18,0.215,0.961,0,0,eGFP5
6330,21:55:18,0.040,0.523,0,0,eGFP5
6331,21:55:20,0.051,2.004,0,0,eGFP5
6332,21:55:21,0.072,0.818,0,0,eGFP5
6333,21:55:22,0.062,0.677,0,0,eGFP5
6334,21:55:23,0.061,0.884,0,0,eGFP5
6335,21:55:23,0.075,0.678,0,0,eGFP5
6336,21:55:24,0.040,0.534,0,0,eGFP5
6337,21:55:25,0.052,0.864,0,0,eGFP5
6338,21:55:25,0.062,0.632,0,0,eGFP5
6339,21:55:26,0.051,0.907,0,0,eGFP5
6340,21:55:28,0.511,1.323,0,0,eGFP5
6341,21:55:28,0.040,0.534,0,0,eGFP5
6342,21:55:30,0.051,1.499,0,0,eGFP5
6343,21:55:31,0.140,1.402,0,0,eGFP5
6344,21:55:32,0.084,0.698,0,0,eGFP5
6345,21:55:32,0.051,0.655,0,0,eGFP5
6346,21:55:33,0.051,0.665,0,0,eGFP5
6347,21:55:34,0.051,0.534,0,0,eGFP5
6348,21:55:34,0.051,0.610,0,0,eGFP5
6349,21:55:35,0.062,0.775,0,0,eGFP5
6350,21:55:36,0.051,0.534,0,0,eGFP5
6351,21:55:36,0.054,0.866,0,0,eGFP5
6352,21:55:37,0.095,0.710,0,0,eGFP5
6353,21:55:38,0.045,0.692,0,0,eGFP5
6354,21:55:39,0.182,1.553,0,0,eGFP5
6355,21:55:40,0.051,0.566,0,0,eGFP5
6356,21:55:42,0.062,2.399,0,0,eGFP5
6357,21:55:43,0.050,0.577,0,0,eGFP5
6358,21:55:44,0.050,0.906,0,0,eGFP5
6359,21:55:44,0.061,0.566,0,0,eGFP5
6360,21:55:45,0.044,0.669,0,0,eGFP5
6361,21:55:46,0.116,0.852,0,0,eGFP5
6362,21:55:47,0.050,0.664,0,0,eGFP5
6363,21:55:48,0.106,1.137,0,0,eGFP5
6364,21:55:48,0.050,0.500,0,0,eGFP5
6365,21:55:49,0.041,1.106,0,0,eGFP5
6366,21:55:50,0.061,0.654,0,0,eGFP5
6367,21:55:52,0.050,1.586,0,0,eGFP5
6368,21:55:52,0.052,0.546,0,0,eGFP5
6369,21:55:53,0.061,1.202,0,0,eGFP5
6370,21:55:54,0.062,0.611,0,0,eGFP5
6371,21:55:55,0.050,1.104,0,0,eGFP5
6372,21:55:56,0.094,0.774,0,0,eGFP5
6373,21:55:56,0.040,0.654,0,0,eGFP5
6374,21:55:58,0.106,1.082,0,0,eGFP5
6375,21:55:58,0.040,0.512,0,0,eGFP5
6376,21:55:59,0.041,1.182,0,0,eGFP5
6377,21:56:00,0.062,0.654,0,0,eGFP5
6378,21:56:01,0.053,1.095,0,0,eGFP5
6379,21:56:02,0.072,0.643,0,0,eGFP5
6380,21:56:02,0.051,0.665,0,0,eGFP5
6381,21:56:03,0.128,1.016,0,0,eGFP5
6382,21:56:05,0.051,1.401,0,0,eGFP5
6383,21:56:05,0.105,0.764,0,0,eGFP5
6384,21:56:07,0.041,1.336,0,0,eGFP5
6385,21:56:08,0.116,0.764,0,0,eGFP5
6386,21:56:08,0.039,0.533,0,0,eGFP5
6387,21:56:10,0.051,1.422,0,0,eGFP5
6388,21:56:10,0.062,0.885,0,0,eGFP5
6389,21:56:11,0.051,0.611,0,0,eGFP5
6390,21:56:12,0.050,0.731,0,0,eGFP5
6391,21:56:12,0.072,0.698,0,0,eGFP5
6392,21:56:13,0.052,0.667,0,0,eGFP5
6393,21:56:14,0.074,0.842,0,0,eGFP5
6394,21:56:15,0.040,0.600,0,0,eGFP5
6395,21:56:16,0.050,1.027,0,0,eGFP5
6396,21:56:16,0.062,0.566,0,0,eGFP5
6397,21:56:19,0.040,2.399,0,0,eGFP5
6398,21:56:19,0.073,0.633,0,0,eGFP5
6399,21:56:20,0.040,0.566,0,0,eGFP5
6400,21:56:21,0.073,1.412,0,0,eGFP5
6401,21:56:22,0.041,0.744,0,0,eGFP5
6402,21:56:24,0.522,1.653,0,0,eGFP5
6403,21:56:24,0.073,0.665,0,0,eGFP5
6404,21:56:25,0.051,0.731,0,0,eGFP5
6405,21:56:26,0.117,0.929,0,0,eGFP5
6406,21:56:26,0.042,0.492,0,0,eGFP5
6407,21:56:27,0.051,0.797,0,0,eGFP5
6408,21:56:28,0.105,0.775,0,0,eGFP5
6409,21:56:28,0.042,0.568,0,0,eGFP5
6410,21:56:29,0.062,0.852,0,0,eGFP5
6411,21:56:30,0.062,0.644,0,0,eGFP5
6412,21:56:31,0.062,0.863,0,0,eGFP5
6413,21:56:31,0.062,0.588,0,0,eGFP5
6414,21:56:32,0.040,0.655,0,0,eGFP5
6415,21:56:33,0.062,0.775,0,0,eGFP5
6416,21:56:34,0.046,1.450,0,0,eGFP5
6417,21:56:35,0.129,0.809,0,0,eGFP5
6418,21:56:36,0.039,0.533,0,0,eGFP5
6419,21:56:37,0.061,1.312,0,0,eGFP5
6420,21:56:38,0.074,0.667,0,0,eGFP5
6421,21:56:38,0.050,0.741,0,0,eGFP5
6422,21:56:39,0.095,1.071,0,0,eGFP5
6423,21:56:40,0.050,0.588,0,0,eGFP5
6424,21:56:41,0.050,0.753,0,0,eGFP5
6425,21:56:42,0.061,0.719,0,0,eGFP5
6426,21:56:42,0.063,0.711,0,0,eGFP5
6427,21:56:43,0.072,0.840,0,0,eGFP5
6428,21:56:44,0.050,0.654,0,0,eGFP5
6429,21:56:45,0.061,0.829,0,0,eGFP5
6430,21:56:46,0.095,1.181,0,0,eGFP5
6431,21:56:46,0.061,0.643,0,0,eGFP5
6432,21:56:47,0.061,0.796,0,0,eGFP5
6433,21:56:48,0.095,1.049,0,0,eGFP5
6434,21:56:49,0.065,0.625,0,0,eGFP5
6435,21:56:50,0.039,0.665,0,0,eGFP5
6436,21:56:51,0.083,0.994,0,0,eGFP5
6437,21:56:51,0.050,0.643,0,0,eGFP5
6438,21:56:52,0.061,0.928,0,0,eGFP5
6439,21:56:55,0.084,2.508,0,0,eGFP5
6440,21:56:55,0.073,0.896,0,0,eGFP5
6441,21:56:56,0.061,0.654,0,0,eGFP5
6442,21:56:57,0.063,0.842,0,0,eGFP5
6443,21:56:58,0.062,0.698,0,0,eGFP5
6444,21:56:58,0.051,0.819,0,0,eGFP5
6445,21:57:00,0.270,1.685,0,0,eGFP5
6446,21:57:01,0.062,0.643,0,0,eGFP5
6447,21:57:01,0.051,0.567,0,0,eGFP5
6448,21:57:02,0.041,0.732,0,0,eGFP5
6449,21:57:03,0.051,0.632,0,0,eGFP5
6450,21:57:04,0.053,0.766,0,0,eGFP5
6451,21:57:04,0.095,0.775,0,0,eGFP5
6452,21:57:05,0.051,0.577,0,0,eGFP5
6453,21:57:07,0.073,1.828,0,0,eGFP5
6454,21:57:07,0.062,0.797,0,0,eGFP5
6455,21:57:08,0.084,0.665,0,0,eGFP5
6456,21:57:09,0.051,0.567,0,0,eGFP5
6457,21:57:10,0.062,1.071,0,0,eGFP5
6458,21:57:10,0.062,0.567,0,0,eGFP5
6459,21:57:11,0.041,1.028,0,0,eGFP5
6460,21:57:12,0.150,0.841,0,0,eGFP5
6461,21:57:13,0.051,0.578,0,0,eGFP5
6462,21:57:14,0.060,0.982,0,0,eGFP5
6463,21:57:14,0.061,0.599,0,0,eGFP5
6464,21:57:15,0.051,0.731,0,0,eGFP5
6465,21:57:16,0.095,0.962,0,0,eGFP5
6466,21:57:17,0.051,0.654,0,0,eGFP5
6467,21:57:18,0.064,0.843,0,0,eGFP5
6468,21:57:20,0.083,2.289,0,0,eGFP5
6469,21:57:20,0.051,0.523,0,0,eGFP5
6470,21:57:21,0.050,0.972,0,0,eGFP5
6471,21:57:23,0.128,1.423,0,0,eGFP5
6472,21:57:23,0.073,0.665,0,0,eGFP5
6473,21:57:24,0.062,1.028,0,0,eGFP5
6474,21:57:26,0.248,1.093,0,0,eGFP5
6475,21:57:26,0.043,0.515,0,0,eGFP5
6476,21:57:27,0.051,1.115,0,0,eGFP5
6477,21:57:31,0.062,3.837,0,0,eGFP5
6478,22:00:16,0.161,165.185,0,0,eGFP5
6479,22:00:18,0.177,1.822,0,0,eGFP5
6480,22:00:22,2.640,3.705,0,0,eGFP5
6481,22:00:24,0.116,1.915,0,0,eGFP5
6482,22:00:24,0.072,0.840,0,0,eGFP5
6483,22:00:25,0.162,0.535,0,0,eGFP5
6484,22:00:26,0.160,0.983,0,0,eGFP5
6485,22:00:28,0.478,1.981,0,0,eGFP5
6486,22:00:31,0.062,3.123,0,0,eGFP5
6487,22:00:32,0.072,0.895,0,0,eGFP5
6488,22:00:34,0.062,1.707,0,0,eGFP5
6489,22:00:34,0.063,0.656,0,0,eGFP5
6490,22:00:35,0.072,0.994,0,0,eGFP5
6491,22:00:37,0.127,1.619,0,0,eGFP5
6492,22:00:38,0.074,0.721,0,0,eGFP5
6493,22:00:39,0.051,0.994,0,0,eGFP5
6494,22:00:39,0.062,0.676,0,0,eGFP5
6495,22:00:42,0.062,3.068,0,0,eGFP5
6496,22:00:43,0.050,0.731,0,0,eGFP5
6497,22:00:44,0.083,0.807,0,0,eGFP5
6498,22:00:45,0.040,0.687,0,0,eGFP5
6499,22:00:47,0.555,2.179,0,0,eGFP5
6500,22:00:47,0.052,0.590,0,0,eGFP5
6501,22:00:48,0.039,0.775,0,0,eGFP5
6502,22:00:49,0.050,0.566,0,0,eGFP5
6503,22:00:50,0.041,0.908,0,0,eGFP5
6504,22:00:50,0.083,0.676,0,0,eGFP5
6505,22:00:52,0.039,1.883,0,0,eGFP5
6506,22:00:53,0.138,0.884,0,0,eGFP5
6507,22:00:54,0.040,0.533,0,0,eGFP5
6508,22:00:55,0.063,1.128,0,0,eGFP5
6509,22:00:55,0.050,0.566,0,0,eGFP5
6510,22:00:56,0.051,0.676,0,0,eGFP5
6511,22:00:57,0.062,0.610,0,0,eGFP5
6512,22:00:57,0.040,0.632,0,0,eGFP5
6513,22:00:59,0.095,1.894,0,0,eGFP5
6514,22:01:00,0.095,1.148,0,0,eGFP5
6515,22:01:01,0.062,0.578,0,0,eGFP5
6516,22:01:02,0.030,1.500,0,0,eGFP5
6517,22:01:03,0.063,0.612,0,0,eGFP5
6518,22:01:04,0.051,0.994,0,0,eGFP5
6519,22:01:05,0.139,0.885,0,0,eGFP5
6520,22:01:05,0.051,0.544,0,0,eGFP5
6521,22:01:07,0.051,1.324,0,0,eGFP5
6522,22:01:07,0.062,0.632,0,0,eGFP5
6523,22:01:08,0.040,0.687,0,0,eGFP5
6524,22:01:11,0.095,2.553,0,0,eGFP5
6525,22:01:12,0.348,1.544,0,0,eGFP5
6526,22:01:13,0.084,0.753,0,0,eGFP5
6527,22:01:14,0.062,0.622,0,0,eGFP5
6528,22:01:14,0.051,0.797,0,0,eGFP5
6529,22:01:16,0.094,1.795,0,0,eGFP5
6530,22:01:17,0.040,0.512,0,0,eGFP5
6531,22:01:17,0.052,0.765,0,0,eGFP5
6532,22:01:19,0.095,2.026,0,0,eGFP5
6533,22:01:20,0.108,0.832,0,0,eGFP5
6534,22:01:22,0.051,1.302,0,0,eGFP5
6535,22:01:22,0.138,0.511,0,0,eGFP5
6536,22:01:23,0.139,0.797,0,0,eGFP5
6537,22:01:23,0.040,0.545,0,0,eGFP5
6538,22:01:26,0.073,2.234,0,0,eGFP5
6539,22:01:26,0.062,0.633,0,0,eGFP5
6540,22:01:27,0.062,0.885,0,0,eGFP5
6541,22:01:28,0.063,0.766,0,0,eGFP5
6542,22:01:29,0.127,1.225,0,0,eGFP5
6543,22:01:30,0.044,0.527,0,0,eGFP5
6544,22:01:30,0.052,0.699,0,0,eGFP5
6545,22:01:31,0.062,0.841,0,0,eGFP5
6546,22:01:32,0.127,0.993,0,0,eGFP5
6547,22:01:33,0.084,1.170,0,0,eGFP5
6548,22:01:35,0.467,1.466,0,0,eGFP5
6549,22:01:38,0.171,2.771,0,0,eGFP5
6550,22:01:39,0.115,0.916,0,0,eGFP5
6551,22:01:39,0.039,0.719,0,0,eGFP5
6552,22:01:41,0.753,1.543,0,0,eGFP5
6553,22:01:41,0.039,0.478,0,0,eGFP5
6554,22:01:42,0.050,0.632,0,0,eGFP5
6555,22:01:43,0.072,0.928,0,0,eGFP5
6556,22:01:44,0.094,1.279,0,0,eGFP5
6557,22:01:45,0.040,0.501,0,0,eGFP5
6558,22:01:45,0.042,0.766,0,0,eGFP5
6559,22:01:47,0.095,1.861,0,0,eGFP5
6560,22:01:48,0.073,0.610,0,0,eGFP5
6561,22:01:48,0.040,0.534,0,0,eGFP5
6562,22:01:49,0.061,0.906,0,0,eGFP5
6563,22:01:50,0.105,1.114,0,0,eGFP5
6564,22:01:51,0.040,0.523,0,0,eGFP5
6565,22:01:53,0.039,2.256,0,0,eGFP5
6566,22:01:54,0.063,0.633,0,0,eGFP5
6567,22:01:54,0.040,0.522,0,0,eGFP5
6568,22:01:56,0.051,1.455,0,0,eGFP5
6569,22:01:57,0.095,0.786,0,0,eGFP5
6570,22:01:57,0.040,0.544,0,0,eGFP5
6571,22:01:58,0.051,1.159,0,0,eGFP5
6572,22:01:59,0.063,0.623,0,0,eGFP5
6573,22:02:00,0.039,0.610,0,0,eGFP5
6574,22:02:00,0.063,0.732,0,0,eGFP5
6575,22:02:01,0.062,0.665,0,0,eGFP5
6576,22:02:02,0.062,1.390,0,0,eGFP5
6577,22:02:04,0.248,1.246,0,0,eGFP5
6578,22:02:05,0.907,1.653,0,0,eGFP5
6579,22:02:06,0.039,0.500,0,0,eGFP5
6580,22:02:08,0.051,2.267,0,0,eGFP5
6581,22:02:09,0.051,0.545,0,0,eGFP5
6582,22:02:09,0.050,0.742,0,0,eGFP5
6583,22:02:10,0.085,0.930,0,0,eGFP5
6584,22:02:11,0.072,0.643,0,0,eGFP5
6585,22:02:11,0.040,0.599,0,0,eGFP5
6586,22:02:12,0.053,0.656,0,0,eGFP5
6587,22:02:13,0.040,0.665,0,0,eGFP5
6588,22:02:21,0.786,8.335,0,0,eGFP5
6589,22:02:22,0.073,0.643,0,0,eGFP5
6590,22:02:22,0.051,0.687,0,0,eGFP5
6591,22:02:23,0.050,0.576,0,0,eGFP5
6592,22:02:24,0.029,1.082,0,0,eGFP5
6593,22:02:25,0.116,0.873,0,0,eGFP5
6594,22:02:25,0.050,0.522,0,0,eGFP5
6595,22:02:26,0.061,0.796,0,0,eGFP5
6596,22:02:27,0.050,0.588,0,0,eGFP5
6597,22:02:28,0.061,1.224,0,0,eGFP5
6598,22:02:29,0.050,0.577,0,0,eGFP5
6599,22:02:30,0.052,1.368,0,0,eGFP5
6600,22:02:31,0.063,0.733,0,0,eGFP5
6601,22:02:31,0.061,0.631,0,0,eGFP5
6602,22:02:33,0.051,1.334,0,0,eGFP5
6603,22:02:33,0.062,0.588,0,0,eGFP5
6604,22:02:35,0.050,1.532,0,0,eGFP5
6605,22:02:35,0.050,0.555,0,0,eGFP5
6606,22:02:36,0.039,0.895,0,0,eGFP5
6607,22:02:37,0.075,0.678,0,0,eGFP5
6608,22:02:38,0.040,0.610,0,0,eGFP5
6609,22:02:39,0.105,1.093,0,0,eGFP5
6610,22:02:39,0.050,0.544,0,0,eGFP5
6611,22:02:40,0.050,1.005,0,0,eGFP5
6612,22:02:42,0.094,1.718,0,0,eGFP5
6613,22:02:43,0.050,0.829,0,0,eGFP5
6614,22:02:45,0.118,2.499,0,0,eGFP5
6615,22:02:46,0.061,0.599,0,0,eGFP5
6616,22:02:46,0.041,0.480,0,0,eGFP5
6617,22:02:47,0.051,0.797,0,0,eGFP5
6618,22:02:48,0.072,0.994,0,0,eGFP5
6619,22:02:50,0.412,1.367,0,0,eGFP5
6620,22:02:50,0.072,0.632,0,0,eGFP5
6621,22:02:51,0.040,0.577,0,0,eGFP5
6622,22:02:54,0.084,3.123,0,0,eGFP5
6623,22:02:58,0.073,4.132,0,0,eGFP5
6624,22:02:59,0.097,0.931,0,0,eGFP5
6625,22:03:02,0.204,3.528,0,0,eGFP5
6626,22:03:03,0.161,0.896,0,0,eGFP5
6627,22:03:04,0.039,0.544,0,0,eGFP5
6628,22:03:05,0.049,0.707,0,0,eGFP5
6629,22:03:05,0.062,0.600,0,0,eGFP5
6630,22:03:06,0.039,0.522,0,0,eGFP5
6631,22:03:06,0.040,0.478,0,0,eGFP5
6632,22:03:07,0.042,0.667,0,0,eGFP5
6633,22:03:08,0.062,0.709,0,0,eGFP5
6634,22:03:08,0.073,0.863,0,0,eGFP5
6635,22:03:09,0.051,0.588,0,0,eGFP5
6636,22:03:11,0.062,1.960,0,0,eGFP5
6637,22:03:12,0.062,0.578,0,0,eGFP5
6638,22:03:12,0.039,0.753,0,0,eGFP5
6639,22:03:13,0.094,0.775,0,0,eGFP5
6640,22:03:14,0.052,0.710,0,0,eGFP5
6641,22:03:14,0.053,0.612,0,0,eGFP5
6642,22:03:15,0.040,0.688,0,0,eGFP5
6643,22:03:17,0.138,1.477,0,0,eGFP5
6644,22:03:17,0.040,0.577,0,0,eGFP5
6645,22:03:18,0.062,1.115,0,0,eGFP5
6646,22:03:19,0.040,0.534,0,0,eGFP5
6647,22:03:20,0.051,0.951,0,0,eGFP5
6648,22:03:22,0.094,2.344,0,0,eGFP5
6649,22:03:23,0.052,0.601,0,0,eGFP5
6650,22:03:24,0.051,1.192,0,0,eGFP5
6651,22:03:25,0.139,1.225,0,0,eGFP5
6652,22:03:26,0.073,0.918,0,0,eGFP5
6653,22:03:27,0.116,0.764,0,0,eGFP5
6654,22:03:27,0.078,0.692,0,0,eGFP5
6655,22:03:28,0.041,0.513,0,0,eGFP5
6656,22:03:29,0.039,0.731,0,0,eGFP5
6657,22:03:29,0.063,0.677,0,0,eGFP5
6658,22:03:30,0.039,0.544,0,0,eGFP5
6659,22:03:30,0.039,0.533,0,0,eGFP5
6660,22:03:31,0.050,0.928,0,0,eGFP5
6661,22:03:32,0.094,0.731,0,0,eGFP5
6662,22:03:33,0.039,0.533,0,0,eGFP5
6663,22:03:34,0.050,1.608,0,0,eGFP5
6664,22:03:35,0.106,0.764,0,0,eGFP5
6665,22:03:36,0.030,0.469,0,0,eGFP5
6666,22:03:36,0.039,0.676,0,0,eGFP5
6667,22:03:37,0.083,0.917,0,0,eGFP5
6668,22:03:38,0.083,0.753,0,0,eGFP5
6669,22:03:38,0.041,0.513,0,0,eGFP5
6670,22:03:40,0.050,1.784,0,0,eGFP5
6671,22:03:41,0.061,0.544,0,0,eGFP5
6672,22:03:42,0.039,0.840,0,0,eGFP5
6673,22:03:43,0.667,1.435,0,0,eGFP5
6674,22:03:43,0.039,0.511,0,0,eGFP5
6675,22:03:44,0.050,0.786,0,0,eGFP5
6676,22:03:45,0.072,0.654,0,0,eGFP5
6677,22:03:45,0.039,0.533,0,0,eGFP5
6678,22:03:46,0.050,0.665,0,0,eGFP5
6679,22:03:47,0.061,0.599,0,0,eGFP5
6680,22:03:47,0.039,0.533,0,0,eGFP5
6681,22:03:48,0.062,1.192,0,0,eGFP5
6682,22:03:49,0.052,0.633,0,0,eGFP5
6683,22:03:50,0.053,0.700,0,0,eGFP5
6684,22:03:51,0.061,0.731,0,0,eGFP5
6685,22:03:51,0.050,0.621,0,0,eGFP5
6686,22:03:52,0.040,0.742,0,0,eGFP5
6687,22:03:52,0.062,0.599,0,0,eGFP5
6688,22:03:53,0.040,0.621,0,0,eGFP5
6689,22:03:54,0.062,0.830,0,0,eGFP5
6690,22:03:55,0.053,0.579,0,0,eGFP5
6691,22:03:55,0.051,0.731,0,0,eGFP5
6692,22:04:02,0.062,6.349,0,0,eGFP5
6693,22:04:02,0.051,0.555,0,0,eGFP5
6694,22:04:03,0.040,0.578,0,0,eGFP5
6695,22:04:03,0.062,0.654,0,0,eGFP5
6696,22:04:04,0.040,0.621,0,0,eGFP5
6697,22:04:05,0.064,0.689,0,0,eGFP5
6698,22:04:05,0.053,0.667,0,0,eGFP5
6699,22:04:06,0.062,0.907,0,0,eGFP5
6700,22:04:08,0.095,1.532,0,0,eGFP5
6701,22:04:08,0.051,0.545,0,0,eGFP5
6702,22:04:10,0.050,1.213,0,0,eGFP5
6703,22:04:11,0.534,1.291,0,0,eGFP5
6704,22:04:11,0.040,0.501,0,0,eGFP5
6705,22:04:12,0.040,0.599,0,0,eGFP5
6706,22:04:13,0.053,0.667,0,0,eGFP5
6707,22:04:13,0.051,0.797,0,0,eGFP5
6708,22:04:14,0.073,0.721,0,0,eGFP5
6709,22:04:15,0.051,0.555,0,0,eGFP5
6710,22:04:16,0.073,1.390,0,0,eGFP5
6711,22:04:17,0.052,0.491,0,0,eGFP5
6712,22:04:17,0.040,0.567,0,0,eGFP5
6713,22:04:18,0.073,1.006,0,0,eGFP5
6714,22:04:19,0.061,0.720,0,0,eGFP5
6715,22:04:19,0.053,0.513,0,0,eGFP5
6716,22:04:20,0.051,0.830,0,0,eGFP5
6717,22:04:21,0.101,0.979,0,0,eGFP5
6718,22:04:22,0.050,0.533,0,0,eGFP5
6719,22:04:22,0.050,0.599,0,0,eGFP5
6720,22:04:23,0.072,0.906,0,0,eGFP5
6721,22:04:24,0.050,0.588,0,0,eGFP5
6722,22:04:24,0.039,0.676,0,0,eGFP5
6723,22:04:25,0.084,1.017,0,0,eGFP5
6724,22:04:28,0.074,2.126,0,0,eGFP5
6725,22:04:28,0.050,0.522,0,0,eGFP5
6726,22:04:30,0.061,1.773,0,0,eGFP5
6727,22:04:31,0.083,0.950,0,0,eGFP5
6728,22:04:40,0.050,9.080,0,0,eGFP5
6729,22:04:41,0.084,1.005,0,0,eGFP5
6730,22:05:46,0.117,64.623,0,0,eGFP5
6731,22:05:46,0.107,0.743,0,0,eGFP5
6732,22:05:47,0.040,0.874,0,0,eGFP5
6733,22:05:48,0.105,0.796,0,0,eGFP5
6734,22:05:49,0.040,0.610,0,0,eGFP5
6735,22:05:49,0.062,0.742,0,0,eGFP5
6736,22:05:50,0.039,0.489,0,0,eGFP5
6737,22:05:51,0.040,0.797,0,0,eGFP5
6738,22:05:52,0.140,0.985,0,0,eGFP5
6739,22:05:52,0.052,0.480,0,0,eGFP5
6740,22:05:53,0.039,0.643,0,0,eGFP5
6741,22:05:54,0.138,1.071,0,0,eGFP5
6742,22:05:54,0.050,0.544,0,0,eGFP5
6743,22:05:55,0.050,0.654,0,0,eGFP5
6744,22:05:56,0.050,0.610,0,0,eGFP5
6745,22:05:57,0.040,1.872,0,0,eGFP5
6746,22:05:58,0.095,0.731,0,0,eGFP5
6747,22:05:59,0.040,0.841,0,0,eGFP5
6748,22:06:01,0.183,1.555,0,0,eGFP5
6749,22:06:01,0.062,0.610,0,0,eGFP5
6750,22:06:02,0.040,0.819,0,0,eGFP5
6751,22:06:03,0.127,0.862,0,0,eGFP5
6752,22:06:03,0.042,0.514,0,0,eGFP5
6753,22:06:04,0.039,0.950,0,0,eGFP5
6754,22:06:05,0.106,0.753,0,0,eGFP5
6755,22:06:06,0.051,0.522,0,0,eGFP5
6756,22:06:06,0.042,0.755,0,0,eGFP5
6757,22:06:07,0.051,0.566,0,0,eGFP5
6758,22:06:08,0.040,1.510,0,0,eGFP5
6759,22:06:09,0.161,0.874,0,0,eGFP5
6760,22:06:10,0.051,0.534,0,0,eGFP5
6761,22:06:11,0.050,0.961,0,0,eGFP5
6762,22:06:11,0.051,0.534,0,0,eGFP5
6763,22:06:12,0.039,0.544,0,0,eGFP5
6764,22:06:13,0.064,0.843,0,0,eGFP5
6765,22:06:13,0.050,0.522,0,0,eGFP5
6766,22:06:14,0.042,1.216,0,0,eGFP5
6767,22:06:15,0.062,0.610,0,0,eGFP5
6768,22:06:17,0.051,1.466,0,0,eGFP5
6769,22:06:17,0.062,0.666,0,0,eGFP5
6770,22:06:18,0.051,0.720,0,0,eGFP5
6771,22:06:19,0.062,0.632,0,0,eGFP5
6772,22:06:19,0.053,0.799,0,0,eGFP5
6773,22:06:20,0.095,0.742,0,0,eGFP5
6774,22:06:22,0.040,1.478,0,0,eGFP5
6775,22:06:22,0.083,0.731,0,0,eGFP5
6776,22:06:23,0.051,0.961,0,0,eGFP5
6777,22:06:24,0.084,0.699,0,0,eGFP5
6778,22:06:25,0.040,0.566,0,0,eGFP5
6779,22:06:26,0.062,1.170,0,0,eGFP5
6780,22:06:27,0.108,1.238,0,0,eGFP5
6781,22:06:28,0.058,0.606,0,0,eGFP5
6782,22:06:28,0.061,0.796,0,0,eGFP5
6783,22:06:29,0.062,0.665,0,0,eGFP5
6784,22:06:30,0.050,0.544,0,0,eGFP5
6785,22:06:30,0.039,0.840,0,0,eGFP5
6786,22:06:33,0.138,2.739,0,0,eGFP5
6787,22:06:34,0.149,1.246,0,0,eGFP5
6788,22:06:35,0.094,1.038,0,0,eGFP5
6789,22:06:37,0.589,1.720,0,0,eGFP5
6790,22:06:38,0.160,0.456,0,0,eGFP5
6791,22:06:39,0.215,0.972,0,0,eGFP5
6792,22:06:40,0.138,1.257,0,0,eGFP5
6793,22:06:41,0.062,0.819,0,0,eGFP5
6794,22:06:42,0.447,1.434,0,0,eGFP5
6795,22:06:43,0.116,1.005,0,0,eGFP5
6796,22:06:46,0.072,2.618,0,0,eGFP5
6797,22:06:47,0.074,1.018,0,0,eGFP5
6798,22:06:48,0.478,1.652,0,0,eGFP5
6799,22:06:50,0.160,1.148,0,0,eGFP5
6800,22:06:50,0.105,0.950,0,0,eGFP5
6801,22:08:11,77.975,80.016,0,0,eGFP5
6802,22:08:12,0.204,1.477,0,0,eGFP5
6803,22:08:13,0.072,0.763,0,0,eGFP5
6804,22:08:13,0.051,0.588,0,0,eGFP5
6805,22:08:14,0.040,0.567,0,0,eGFP5
6806,22:08:15,0.060,1.014,0,0,eGFP5
6807,22:08:15,0.052,0.557,0,0,eGFP5
6808,22:08:16,0.040,0.500,0,0,eGFP5
6809,22:08:17,0.062,1.060,0,0,eGFP5
6810,22:08:18,0.051,0.567,0,0,eGFP5
6811,22:08:19,0.050,1.509,0,0,eGFP5
6812,22:08:20,0.051,0.556,0,0,eGFP5
6813,22:08:20,0.050,0.774,0,0,eGFP5
6814,22:08:21,0.108,0.788,0,0,eGFP5
6815,22:08:22,0.050,0.676,0,0,eGFP5
6816,22:08:23,0.116,1.192,0,0,eGFP5
6817,22:08:24,0.039,0.522,0,0,eGFP5
6818,22:08:24,0.051,0.808,0,0,eGFP5
6819,22:08:25,0.061,0.599,0,0,eGFP5
6820,22:08:26,0.040,0.720,0,0,eGFP5
6821,22:08:27,0.118,0.908,0,0,eGFP5
6822,22:08:27,0.042,0.513,0,0,eGFP5
6823,22:08:32,0.051,4.978,0,0,eGFP5
6824,22:08:33,0.094,0.742,0,0,eGFP5
6825,22:08:33,0.050,0.577,0,0,eGFP5
6826,22:08:34,0.062,0.731,0,0,eGFP5
6827,22:08:35,0.051,0.599,0,0,eGFP5
6828,22:08:35,0.051,0.589,0,0,eGFP5
6829,22:08:36,0.051,0.566,0,0,eGFP5
6830,22:08:37,0.042,0.590,0,0,eGFP5
6831,22:08:37,0.051,0.808,0,0,eGFP5
6832,22:08:38,0.062,0.654,0,0,eGFP5
6833,22:08:39,0.051,0.534,0,0,eGFP5
6834,22:08:40,0.051,1.016,0,0,eGFP5
6835,22:08:42,0.130,2.851,0,0,eGFP5
6836,22:08:43,0.106,1.016,0,0,eGFP5
6837,22:08:44,0.062,0.677,0,0,eGFP5
6838,22:08:45,0.050,0.895,0,0,eGFP5
6839,22:08:46,0.163,1.260,0,0,eGFP5
6840,22:08:47,0.062,0.874,0,0,eGFP5
6841,22:08:48,0.062,0.709,0,0,eGFP5
6842,22:08:48,0.040,0.643,0,0,eGFP5
6843,22:08:50,0.084,1.116,0,0,eGFP5
6844,22:08:50,0.056,0.681,0,0,eGFP5
6845,22:08:51,0.050,0.643,0,0,eGFP5
6846,22:08:52,0.050,1.005,0,0,eGFP5
6847,22:08:53,0.424,1.203,0,0,eGFP5
6848,22:08:54,0.105,0.862,0,0,eGFP5
6849,22:08:55,0.063,0.623,0,0,eGFP5
6850,22:08:55,0.039,0.599,0,0,eGFP5
6851,22:08:56,0.050,0.763,0,0,eGFP5
6852,22:08:57,0.083,1.082,0,0,eGFP5
6853,22:08:58,0.072,0.697,0,0,eGFP5
6854,22:08:59,0.062,0.786,0,0,eGFP5
6855,22:08:59,0.052,0.677,0,0,eGFP5
6856,22:09:00,0.062,0.841,0,0,eGFP5
6857,22:09:01,0.061,0.621,0,0,eGFP5
6858,22:09:01,0.050,0.686,0,0,eGFP5
6859,22:09:03,0.073,2.059,0,0,eGFP5
6860,22:09:04,0.094,0.686,0,0,eGFP5
6861,22:09:05,0.051,0.501,0,0,eGFP5
6862,22:09:05,0.050,0.840,0,0,eGFP5
6863,22:09:07,0.131,1.151,0,0,eGFP5
6864,22:09:07,0.051,0.511,0,0,eGFP5
6865,22:09:08,0.040,1.269,0,0,eGFP5
6866,22:09:09,0.072,0.643,0,0,eGFP5
6867,22:09:10,0.039,0.489,0,0,eGFP5
6868,22:09:10,0.040,0.962,0,0,eGFP5
6869,22:09:11,0.094,0.851,0,0,eGFP5
6870,22:09:12,0.051,0.588,0,0,eGFP5
6871,22:09:13,0.051,0.709,0,0,eGFP5
6872,22:09:14,0.052,1.226,0,0,eGFP5
6873,22:09:15,0.281,1.071,0,0,eGFP5
6874,22:09:15,0.051,0.534,0,0,eGFP5
6875,22:09:16,0.050,0.774,0,0,eGFP5
6876,22:09:17,0.095,1.050,0,0,eGFP5
6877,22:09:19,0.081,1.782,0,0,eGFP5
6878,22:09:20,0.095,0.720,0,0,eGFP5
6879,22:09:20,0.040,0.512,0,0,eGFP5
6880,22:09:21,0.052,0.787,0,0,eGFP5
6881,22:09:22,0.062,0.698,0,0,eGFP5
6882,22:09:22,0.040,0.545,0,0,eGFP5
6883,22:09:23,0.051,0.819,0,0,eGFP5
6884,22:09:24,0.083,1.301,0,0,eGFP5
6885,22:09:25,0.073,0.644,0,0,eGFP5
6886,22:09:26,0.039,0.533,0,0,eGFP5
6887,22:09:27,0.062,0.929,0,0,eGFP5
6888,22:09:27,0.067,0.615,0,0,eGFP5
6889,22:09:28,0.051,0.600,0,0,eGFP5
6890,22:09:29,0.052,0.875,0,0,eGFP5
6891,22:09:30,0.084,0.951,0,0,eGFP5
6892,22:09:30,0.062,0.731,0,0,eGFP5
6893,22:09:31,0.062,0.863,0,0,eGFP5
6894,22:09:32,0.094,1.137,0,0,eGFP5
6895,22:09:33,0.062,0.610,0,0,eGFP5
6896,22:09:33,0.042,0.525,0,0,eGFP5
6897,22:09:34,0.062,0.950,0,0,eGFP5
6898,22:09:36,0.128,1.906,0,0,eGFP5
6899,22:09:37,0.051,0.621,0,0,eGFP5
6900,22:09:38,0.062,0.962,0,0,eGFP5
6901,22:09:39,0.062,0.687,0,0,eGFP5
6902,22:09:39,0.051,0.666,0,0,eGFP5
6903,22:09:40,0.051,1.159,0,0,eGFP5
6904,22:09:41,0.206,0.503,0,0,eGFP5
6905,22:09:43,1.150,2.028,0,0,eGFP5
6906,22:09:44,0.040,0.610,0,0,eGFP5
6907,22:09:44,0.046,0.737,0,0,eGFP5
6908,22:09:45,0.083,1.159,0,0,eGFP5
6909,22:09:46,0.072,0.741,0,0,eGFP5
6910,22:09:47,0.061,1.203,0,0,eGFP5
6911,22:09:49,0.094,1.498,0,0,eGFP5
6912,22:09:49,0.051,0.566,0,0,eGFP5
6913,22:09:50,0.041,0.601,0,0,eGFP5
6914,22:09:51,0.072,0.972,0,0,eGFP5
6915,22:09:52,0.050,0.555,0,0,eGFP5
6916,22:09:52,0.051,0.698,0,0,eGFP5
6917,22:09:53,0.083,1.213,0,0,eGFP5
6918,22:09:54,0.085,0.831,0,0,eGFP5
6919,22:09:55,0.051,0.764,0,0,eGFP5
6920,22:09:56,0.105,0.961,0,0,eGFP5
6921,22:09:59,0.063,3.311,0,0,eGFP5
6922,22:10:00,0.072,0.753,0,0,eGFP5
6923,22:10:01,0.072,0.730,0,0,eGFP5
6924,22:10:01,0.040,0.654,0,0,eGFP5
6925,22:10:02,0.051,0.808,0,0,eGFP5
6926,22:10:04,0.083,1.839,0,0,eGFP5
6927,22:10:05,0.040,0.522,0,0,eGFP5
6928,22:10:07,0.062,2.695,0,0,eGFP5
6929,22:10:09,0.151,1.621,0,0,eGFP5
6930,22:10:10,0.084,1.455,0,0,eGFP5
6931,22:10:11,0.062,0.643,0,0,eGFP5
6932,22:10:12,0.042,0.667,0,0,eGFP5
6933,22:10:13,0.062,0.863,0,0,eGFP5
6934,22:10:13,0.061,0.544,0,0,eGFP5
6935,22:10:14,0.040,0.500,0,0,eGFP5
6936,22:10:15,0.051,1.159,0,0,eGFP5
6937,22:10:15,0.073,0.632,0,0,eGFP5
6938,22:10:16,0.031,0.470,0,0,eGFP5
6939,22:10:17,0.039,0.676,0,0,eGFP5
6940,22:10:17,0.061,0.654,0,0,eGFP5
6941,22:10:18,0.061,1.148,0,0,eGFP5
6942,22:10:19,0.083,0.994,0,0,eGFP5
6943,22:10:20,0.073,0.676,0,0,eGFP5
6944,22:10:21,0.051,0.567,0,0,eGFP5
6945,22:10:21,0.061,0.742,0,0,eGFP5
6946,22:10:22,0.054,0.569,0,0,eGFP5
6947,22:10:23,0.040,0.655,0,0,eGFP5
6948,22:10:23,0.105,0.840,0,0,eGFP5
6949,22:10:24,0.051,0.545,0,0,eGFP5
6950,22:10:25,0.051,0.621,0,0,eGFP5
6951,22:10:25,0.051,0.578,0,0,eGFP5
6952,22:10:26,0.039,0.687,0,0,eGFP5
6953,22:10:27,0.073,0.753,0,0,eGFP5
6954,22:10:27,0.052,0.612,0,0,eGFP5
6955,22:10:28,0.062,0.907,0,0,eGFP5
6956,22:10:29,0.050,0.588,0,0,eGFP5
6957,22:10:31,0.062,2.015,0,0,eGFP5
6958,22:10:31,0.051,0.523,0,0,eGFP5
6959,22:10:32,0.050,0.786,0,0,eGFP5
6960,22:10:33,0.063,0.656,0,0,eGFP5
6961,22:10:34,0.051,0.928,0,0,eGFP5
6962,22:10:34,0.075,0.678,0,0,eGFP5
6963,22:10:35,0.040,0.765,0,0,eGFP5
6964,22:10:36,0.094,0.797,0,0,eGFP5
6965,22:10:36,0.040,0.500,0,0,eGFP5
6966,22:10:37,0.040,0.765,0,0,eGFP5
6967,22:10:38,0.062,0.654,0,0,eGFP5
6968,22:10:38,0.040,0.545,0,0,eGFP5
6969,22:10:39,0.051,0.819,0,0,eGFP5
6970,22:10:40,0.051,0.578,0,0,eGFP5
6971,22:10:41,0.046,1.319,0,0,eGFP5
6972,22:10:42,0.061,0.566,0,0,eGFP5
6973,22:10:43,0.041,1.873,0,0,eGFP5
6974,22:10:44,0.105,0.741,0,0,eGFP5
6975,22:10:45,0.040,0.523,0,0,eGFP5
6976,22:10:46,0.050,0.785,0,0,eGFP5
6977,22:10:46,0.050,0.577,0,0,eGFP5
6978,22:10:47,0.050,0.621,0,0,eGFP5
6979,22:10:47,0.052,0.644,0,0,eGFP5
6980,22:10:48,0.040,0.490,0,0,eGFP5
6981,22:10:49,0.039,1.070,0,0,eGFP5
6982,22:10:50,0.073,0.676,0,0,eGFP5
6983,22:10:51,0.039,1.400,0,0,eGFP5
6984,22:10:52,0.072,0.665,0,0,eGFP5
6985,22:10:52,0.050,0.566,0,0,eGFP5
6986,22:10:53,0.050,0.873,0,0,eGFP5
6987,22:10:54,0.065,0.679,0,0,eGFP5
6988,22:10:54,0.062,0.709,0,0,eGFP5
6989,22:10:56,0.051,1.312,0,0,eGFP5
6990,22:10:57,0.204,1.302,0,0,eGFP5
6991,22:10:58,0.072,0.599,0,0,eGFP5
6992,22:10:58,0.039,0.500,0,0,eGFP5
6993,22:10:59,0.051,1.005,0,0,eGFP5
6994,22:11:00,0.062,0.621,0,0,eGFP5
6995,22:11:00,0.052,0.656,0,0,eGFP5
6996,22:11:01,0.061,0.829,0,0,eGFP5
6997,22:11:02,0.051,0.742,0,0,eGFP5
6998,22:11:03,0.051,0.610,0,0,eGFP5
6999,22:11:04,0.040,0.841,0,0,eGFP5
7000,22:11:04,0.105,0.840,0,0,eGFP5
7001,22:11:07,0.042,2.949,0,0,eGFP5
7002,22:11:08,0.062,0.600,0,0,eGFP5
7003,22:11:09,0.039,0.610,0,0,eGFP5
7004,22:11:09,0.063,0.688,0,0,eGFP5
7005,22:11:10,0.040,0.589,0,0,eGFP5
7006,22:11:10,0.039,0.621,0,0,eGFP5
7007,22:11:11,0.050,0.665,0,0,eGFP5
7008,22:11:12,0.051,0.643,0,0,eGFP5
7009,22:11:13,0.051,0.841,0,0,eGFP5
7010,22:11:13,0.072,0.687,0,0,eGFP5
7011,22:11:14,0.050,0.621,0,0,eGFP5
7012,22:11:15,0.096,1.380,0,0,eGFP5
7013,22:11:16,0.051,0.534,0,0,eGFP5
7014,22:11:17,0.050,0.785,0,0,eGFP5
7015,22:11:17,0.064,0.667,0,0,eGFP5
7016,22:11:18,0.040,0.567,0,0,eGFP5
7017,22:11:19,0.051,1.016,0,0,eGFP5
7018,22:11:19,0.062,0.589,0,0,eGFP5
7019,22:11:20,0.041,0.688,0,0,eGFP5
7020,22:11:21,0.085,0.930,0,0,eGFP5
7021,22:11:22,0.051,0.534,0,0,eGFP5
7022,22:11:23,0.051,0.961,0,0,eGFP5
7023,22:11:23,0.106,0.808,0,0,eGFP5
7024,22:11:24,0.051,0.710,0,0,eGFP5
7025,22:11:25,0.083,0.906,0,0,eGFP5
7026,22:11:26,0.062,0.688,0,0,eGFP5
7027,22:11:27,0.061,0.972,0,0,eGFP5
7028,22:11:28,0.119,1.775,0,0,eGFP5
7029,22:11:29,0.042,0.602,0,0,eGFP5
7030,22:11:30,0.051,0.841,0,0,eGFP5
7031,22:11:31,0.062,0.775,0,0,eGFP5
7032,22:11:31,0.128,0.380,0,0,eGFP5
7033,22:11:32,0.204,0.863,0,0,eGFP5
7034,22:11:33,0.111,0.747,0,0,eGFP5
7035,22:11:33,0.050,0.500,0,0,eGFP5
7036,22:11:34,0.050,1.027,0,0,eGFP5
7037,22:11:35,0.063,0.622,0,0,eGFP5
7038,22:11:35,0.050,0.566,0,0,eGFP5
7039,22:11:36,0.061,0.994,0,0,eGFP5
7040,22:11:37,0.061,0.665,0,0,eGFP5
7041,22:11:38,0.050,0.632,0,0,eGFP5
7042,22:11:39,0.050,0.939,0,0,eGFP5
7043,22:11:40,0.095,1.291,0,0,eGFP5
7044,22:11:40,0.073,0.654,0,0,eGFP5
7045,22:11:41,0.052,0.645,0,0,eGFP5
7046,22:11:43,0.072,2.157,0,0,eGFP5
7047,22:11:44,0.050,0.522,0,0,eGFP5
7048,22:11:44,0.039,0.544,0,0,eGFP5
7049,22:11:45,0.072,0.983,0,0,eGFP5
7050,22:11:46,0.050,0.522,0,0,eGFP5
7051,22:11:47,0.040,0.687,0,0,eGFP5
7052,22:11:47,0.083,0.917,0,0,eGFP5
7053,22:11:48,0.041,0.535,0,0,eGFP5
7054,22:11:49,0.051,1.038,0,0,eGFP5
7055,22:11:50,0.083,0.665,0,0,eGFP5
7056,22:11:53,0.041,3.025,0,0,eGFP5
7057,22:11:53,0.051,0.599,0,0,eGFP5
7058,22:11:54,0.062,0.698,0,0,eGFP5
7059,22:11:55,0.051,0.588,0,0,eGFP5
7060,22:11:55,0.040,0.654,0,0,eGFP5
7061,22:11:56,0.073,0.885,0,0,eGFP5
7062,22:11:57,0.071,0.861,0,0,eGFP5
7063,22:11:58,0.039,0.522,0,0,eGFP5
7064,22:12:12,0.051,14.885,0,0,eGFP5
7065,22:18:40,0.424,387.835,0,0,eGFP5
7066,22:18:43,0.117,2.893,0,0,eGFP5
7067,22:18:45,0.061,2.354,0,0,eGFP5
7068,22:18:47,0.073,1.082,0,0,eGFP5
7069,22:18:48,0.106,1.225,0,0,eGFP5
7070,22:18:50,0.197,2.018,0,0,eGFP5
7071,22:18:52,0.062,1.982,0,0,eGFP5
7072,22:18:52,0.050,0.621,0,0,eGFP5
7073,22:18:53,0.083,0.797,0,0,eGFP5
7074,22:18:54,0.149,1.137,0,0,eGFP5
7075,22:18:55,0.061,0.665,0,0,eGFP5
7076,22:18:56,0.039,0.818,0,0,eGFP5
7077,22:18:57,0.095,0.830,0,0,eGFP5
7078,22:18:57,0.053,0.524,0,0,eGFP5
7079,22:18:58,0.051,1.302,0,0,eGFP5
7080,22:18:59,0.062,0.643,0,0,eGFP5
7081,22:19:03,0.062,3.386,0,0,eGFP5
7082,22:19:03,0.049,0.674,0,0,eGFP5
7083,22:19:07,0.116,4.154,0,0,eGFP5
7084,22:19:08,0.052,0.545,0,0,eGFP5
7085,22:19:09,0.050,1.455,0,0,eGFP5
7086,22:19:10,0.052,0.567,0,0,eGFP5
7087,22:19:12,0.050,2.004,0,0,eGFP5
7088,22:19:13,0.083,0.785,0,0,eGFP5
7089,22:19:13,0.061,0.697,0,0,eGFP5
7090,22:19:14,0.051,0.555,0,0,eGFP5
7091,22:19:15,0.051,0.676,0,0,eGFP5
7092,22:19:15,0.050,0.741,0,0,eGFP5
7093,22:19:16,0.095,0.742,0,0,eGFP5
7094,22:19:17,0.039,0.577,0,0,eGFP5
7095,22:19:18,0.074,1.138,0,0,eGFP5
7096,22:19:18,0.050,0.599,0,0,eGFP5
7097,22:19:20,0.061,1.630,0,0,eGFP5
7098,22:19:21,0.041,0.590,0,0,eGFP5
7099,22:19:22,0.061,1.301,0,0,eGFP5
7100,22:19:22,0.039,0.544,0,0,eGFP5
7101,22:19:23,0.039,0.676,0,0,eGFP5
7102,22:19:24,0.061,0.654,0,0,eGFP5
7103,22:19:25,0.041,1.039,0,0,eGFP5
7104,22:19:26,0.138,0.841,0,0,eGFP5
7105,22:19:27,0.039,1.367,0,0,eGFP5
7106,22:19:28,0.105,0.741,0,0,eGFP5
7107,22:19:29,0.051,1.203,0,0,eGFP5
7108,22:19:30,0.116,0.797,0,0,eGFP5
7109,22:19:31,0.039,1.005,0,0,eGFP5
7110,22:19:32,0.138,0.873,0,0,eGFP5
7111,22:19:32,0.041,0.535,0,0,eGFP5
7112,22:19:33,0.056,0.922,0,0,eGFP5
7113,22:19:34,0.051,0.621,0,0,eGFP5
7114,22:19:35,0.051,1.115,0,0,eGFP5
7115,22:19:37,0.117,2.256,0,0,eGFP5
7116,22:19:38,0.062,0.698,0,0,eGFP5
7117,22:19:39,0.062,1.005,0,0,eGFP5
7118,22:19:39,0.062,0.621,0,0,eGFP5
7119,22:19:40,0.042,0.546,0,0,eGFP5
7120,22:19:41,0.051,0.687,0,0,eGFP5
7121,22:19:41,0.051,0.632,0,0,eGFP5
7122,22:19:42,0.040,0.600,0,0,eGFP5
7123,22:19:44,0.050,2.146,0,0,eGFP5
7124,22:19:45,0.072,0.731,0,0,eGFP5
7125,22:19:45,0.050,0.544,0,0,eGFP5
7126,22:19:46,0.038,0.762,0,0,eGFP5
7127,22:19:47,0.095,1.203,0,0,eGFP5
7128,22:19:48,0.064,0.634,0,0,eGFP5
7129,22:19:49,0.051,1.280,0,0,eGFP5
7130,22:19:50,0.073,0.610,0,0,eGFP5
7131,22:19:51,0.040,0.841,0,0,eGFP5
7132,22:19:52,0.139,0.918,0,0,eGFP5
7133,22:19:52,0.040,0.489,0,0,eGFP5
7134,22:19:53,0.040,0.819,0,0,eGFP5
7135,22:19:54,0.095,0.841,0,0,eGFP5
7136,22:19:54,0.053,0.568,0,0,eGFP5
7137,22:19:55,0.051,0.907,0,0,eGFP5
7138,22:19:56,0.095,0.918,0,0,eGFP5
7139,22:19:57,0.041,0.612,0,0,eGFP5
7140,22:19:57,0.051,0.709,0,0,eGFP5
7141,22:19:58,0.051,0.589,0,0,eGFP5
7142,22:19:59,0.061,0.950,0,0,eGFP5
7143,22:20:00,0.150,1.214,0,0,eGFP5
7144,22:20:01,0.042,0.602,0,0,eGFP5
7145,22:20:02,0.067,1.011,0,0,eGFP5
7146,22:20:02,0.050,0.522,0,0,eGFP5
7147,22:20:04,0.039,1.301,0,0,eGFP5
7148,22:20:05,0.226,0.961,0,0,eGFP5
7149,22:20:05,0.050,0.500,0,0,eGFP5
7150,22:20:06,0.039,0.818,0,0,eGFP5
7151,22:20:07,0.073,0.753,0,0,eGFP5
7152,22:20:07,0.041,0.546,0,0,eGFP5
7153,22:20:08,0.052,0.831,0,0,eGFP5
7154,22:20:09,0.061,0.664,0,0,eGFP5
7155,22:20:09,0.040,0.676,0,0,eGFP5
7156,22:20:10,0.062,1.049,0,0,eGFP5
7157,22:20:11,0.072,0.742,0,0,eGFP5
7158,22:20:12,0.061,0.917,0,0,eGFP5
7159,22:20:13,0.061,1.367,0,0,eGFP5
7160,22:20:14,0.138,0.818,0,0,eGFP5
7161,22:20:15,0.041,0.491,0,0,eGFP5
7162,22:20:16,0.040,1.126,0,0,eGFP5
7163,22:20:16,0.061,0.610,0,0,eGFP5
7164,22:20:18,0.040,1.159,0,0,eGFP5
7165,22:20:18,0.138,0.785,0,0,eGFP5
7166,22:20:23,3.803,4.648,0,0,eGFP5
7167,22:20:24,0.074,0.777,0,0,eGFP5
7168,22:20:26,0.094,1.839,0,0,eGFP5
7169,22:20:26,0.052,0.601,0,0,eGFP5
7170,22:20:27,0.050,0.588,0,0,eGFP5
7171,22:20:27,0.039,0.533,0,0,eGFP5
7172,22:20:28,0.040,0.566,0,0,eGFP5
7173,22:20:28,0.051,0.501,0,0,eGFP5
7174,22:20:29,0.040,0.544,0,0,eGFP5
7175,22:20:30,0.051,0.676,0,0,eGFP5
7176,22:20:30,0.062,0.567,0,0,eGFP5
7177,22:20:31,0.041,0.546,0,0,eGFP5
7178,22:20:32,0.061,0.917,0,0,eGFP5
7179,22:20:32,0.062,0.567,0,0,eGFP5
7180,22:20:33,0.050,0.577,0,0,eGFP5
7181,22:20:34,0.063,0.809,0,0,eGFP5
7182,22:20:34,0.051,0.666,0,0,eGFP5
7183,22:20:35,0.050,0.720,0,0,eGFP5
7184,22:20:36,0.050,0.807,0,0,eGFP5
7185,22:20:37,0.086,1.007,0,0,eGFP5
7186,22:20:38,0.062,0.699,0,0,eGFP5
7187,22:20:38,0.050,0.687,0,0,eGFP5
7188,22:20:39,0.072,1.126,0,0,eGFP5
7189,22:20:40,0.182,0.621,0,0,eGFP5
7190,22:20:41,0.281,1.280,0,0,eGFP5
7191,22:20:42,0.051,0.534,0,0,eGFP5
7192,22:20:42,0.039,0.588,0,0,eGFP5
7193,22:20:43,0.062,0.753,0,0,eGFP5
7194,22:20:44,0.053,0.601,0,0,eGFP5
7195,22:20:44,0.042,0.503,0,0,eGFP5
7196,22:20:45,0.051,1.148,0,0,eGFP5
7197,22:20:46,0.062,0.632,0,0,eGFP5
7198,22:20:47,0.040,0.523,0,0,eGFP5
7199,22:20:48,0.051,0.929,0,0,eGFP5
7200,22:20:48,0.073,0.621,0,0,eGFP5
7201,22:20:49,0.040,0.589,0,0,eGFP5
7202,22:20:50,0.085,1.216,0,0,eGFP5
7203,22:20:50,0.050,0.511,0,0,eGFP5
7204,22:20:51,0.040,0.699,0,0,eGFP5
7205,22:20:52,0.073,0.819,0,0,eGFP5
7206,22:20:53,0.051,0.588,0,0,eGFP5
7207,22:20:53,0.051,0.611,0,0,eGFP5
7208,22:20:54,0.057,0.737,0,0,eGFP5
7209,22:20:55,0.074,1.390,0,0,eGFP5
7210,22:20:56,0.063,0.579,0,0,eGFP5
7211,22:20:58,0.039,2.398,0,0,eGFP5
7212,22:20:59,0.050,0.533,0,0,eGFP5
7213,22:21:00,0.051,1.005,0,0,eGFP5
7214,22:21:01,0.094,0.840,0,0,eGFP5
7215,22:21:01,0.062,0.676,0,0,eGFP5
7216,22:21:02,0.073,0.852,0,0,eGFP5
7217,22:21:03,0.050,0.588,0,0,eGFP5
7218,22:21:04,0.052,0.732,0,0,eGFP5
7219,22:21:04,0.061,0.665,0,0,eGFP5
7220,22:21:05,0.039,0.664,0,0,eGFP5
7221,22:21:06,0.106,1.280,0,0,eGFP5
7222,22:21:07,0.052,0.611,0,0,eGFP5
7223,22:21:08,0.051,0.830,0,0,eGFP5
7224,22:21:08,0.050,0.610,0,0,eGFP5
7225,22:21:09,0.050,0.643,0,0,eGFP5
7226,22:21:09,0.061,0.643,0,0,eGFP5
7227,22:21:10,0.052,0.754,0,0,eGFP5
7228,22:21:11,0.083,1.082,0,0,eGFP5
7229,22:21:15,0.072,3.474,0,0,eGFP5
7230,22:21:15,0.050,0.544,0,0,eGFP5
7231,22:21:16,0.040,0.632,0,0,eGFP5
7232,22:21:17,0.062,0.632,0,0,eGFP5
7233,22:21:17,0.051,0.687,0,0,eGFP5
7234,22:21:18,0.051,0.588,0,0,eGFP5
7235,22:21:18,0.042,0.612,0,0,eGFP5
7236,22:21:19,0.063,1.040,0,0,eGFP5
7237,22:21:20,0.050,0.544,0,0,eGFP5
7238,22:21:21,0.040,0.720,0,0,eGFP5
7239,22:21:22,0.149,1.016,0,0,eGFP5
7240,22:21:22,0.051,0.599,0,0,eGFP5
7241,22:21:24,0.084,1.763,0,0,eGFP5
7242,22:21:25,0.040,0.489,0,0,eGFP5
7243,22:21:25,0.042,0.777,0,0,eGFP5
7244,22:21:26,0.149,0.994,0,0,eGFP5
7245,22:21:27,0.040,0.534,0,0,eGFP5
7246,22:21:28,0.050,0.928,0,0,eGFP5
7247,22:21:29,0.073,0.742,0,0,eGFP5
7248,22:21:29,0.040,0.599,0,0,eGFP5
7249,22:21:30,0.062,0.907,0,0,eGFP5
7250,22:21:31,0.074,0.678,0,0,eGFP5
7251,22:21:31,0.052,0.601,0,0,eGFP5
7252,22:21:32,0.062,0.972,0,0,eGFP5
7253,22:21:33,0.073,0.786,0,0,eGFP5
7254,22:21:34,0.062,0.731,0,0,eGFP5
7255,22:21:35,0.073,0.709,0,0,eGFP5
7256,22:21:35,0.051,0.841,0,0,eGFP5
7257,22:21:36,0.095,0.841,0,0,eGFP5
7258,22:21:37,0.051,0.720,0,0,eGFP5
7259,22:21:38,0.095,1.137,0,0,eGFP5
7260,22:21:39,0.064,0.689,0,0,eGFP5
7261,22:21:39,0.040,0.622,0,0,eGFP5
7262,22:21:40,0.072,0.972,0,0,eGFP5
7263,22:21:41,0.084,1.039,0,0,eGFP5
7264,22:21:42,0.052,0.590,0,0,eGFP5
7265,22:21:43,0.051,0.896,0,0,eGFP5
7266,22:21:44,0.073,0.720,0,0,eGFP5
7267,22:21:45,0.062,0.863,0,0,eGFP5
7268,22:21:45,0.063,0.799,0,0,eGFP5
7269,22:21:47,0.083,1.532,0,0,eGFP5
7270,22:21:47,0.040,0.523,0,0,eGFP5
7271,22:21:49,0.051,1.181,0,0,eGFP5
7272,22:21:49,0.055,0.911,0,0,eGFP5
7273,22:21:50,0.127,0.852,0,0,eGFP5
7274,22:21:51,0.050,0.544,0,0,eGFP5
7275,22:21:52,0.050,1.048,0,0,eGFP5
7276,22:21:52,0.063,0.590,0,0,eGFP5
7277,22:21:53,0.050,0.544,0,0,eGFP5
7278,22:21:55,0.052,1.763,0,0,eGFP5
7279,22:21:56,0.062,0.720,0,0,eGFP5
7280,22:21:56,0.050,0.665,0,0,eGFP5
7281,22:21:58,0.061,2.091,0,0,eGFP5
7282,22:21:59,0.083,0.687,0,0,eGFP5
7283,22:22:00,0.050,0.577,0,0,eGFP5
7284,22:22:00,0.062,0.929,0,0,eGFP5
7285,22:22:01,0.051,0.566,0,0,eGFP5
7286,22:22:02,0.051,0.654,0,0,eGFP5
7287,22:22:03,0.084,0.972,0,0,eGFP5
7288,22:22:03,0.062,0.610,0,0,eGFP5
7289,22:22:04,0.051,0.808,0,0,eGFP5
7290,22:22:05,0.083,1.060,0,0,eGFP5
7291,22:22:06,0.061,0.599,0,0,eGFP5
7292,22:22:07,0.041,1.643,0,0,eGFP5
7293,22:22:08,0.118,0.787,0,0,eGFP5
7294,22:22:09,0.039,0.588,0,0,eGFP5
7295,22:22:10,0.072,0.862,0,0,eGFP5
7296,22:22:10,0.062,0.633,0,0,eGFP5
7297,22:22:11,0.050,0.840,0,0,eGFP5
7298,22:22:12,0.083,0.906,0,0,eGFP5
7299,22:22:13,0.051,0.632,0,0,eGFP5
7300,22:22:13,0.040,0.676,0,0,eGFP5
7301,22:22:16,0.064,2.346,0,0,eGFP5
7302,22:22:16,0.050,0.544,0,0,eGFP5
7303,22:22:17,0.040,0.621,0,0,eGFP5
7304,22:22:17,0.051,0.643,0,0,eGFP5
7305,22:22:18,0.053,0.700,0,0,eGFP5
7306,22:22:19,0.062,0.698,0,0,eGFP5
7307,22:22:22,0.062,2.860,0,0,eGFP5
7308,22:22:23,0.083,0.972,0,0,eGFP5
7309,22:22:24,0.085,0.842,0,0,eGFP5
7310,22:22:24,0.051,0.556,0,0,eGFP5
7311,22:22:25,0.061,0.972,0,0,eGFP5
7312,22:22:26,0.083,1.115,0,0,eGFP5
7313,22:22:27,0.062,0.599,0,0,eGFP5
7314,22:22:27,0.040,0.632,0,0,eGFP5
7315,22:22:29,0.106,1.115,0,0,eGFP5
7316,22:22:29,0.051,0.501,0,0,eGFP5
7317,22:22:30,0.040,0.940,0,0,eGFP5
7318,22:22:31,0.115,0.806,0,0,eGFP5
7319,22:22:31,0.041,0.645,0,0,eGFP5
7320,22:22:32,0.051,0.665,0,0,eGFP5
7321,22:22:33,0.051,0.632,0,0,eGFP5
7322,22:22:35,0.051,2.059,0,0,eGFP5
7323,22:22:35,0.084,0.698,0,0,eGFP5
7324,22:22:36,0.051,0.786,0,0,eGFP5
7325,22:22:38,0.084,2.245,0,0,eGFP5
7326,22:22:39,0.042,0.569,0,0,eGFP5
7327,22:22:40,0.062,0.895,0,0,eGFP5
7328,22:24:57,0.106,137.151,0,0,eGFP5
7329,22:24:59,0.336,2.245,0,0,eGFP5
7330,22:25:00,0.062,0.841,0,0,eGFP5
7331,22:25:01,0.106,0.961,0,0,eGFP5
7332,22:25:04,0.095,2.773,0,0,eGFP5
7333,22:25:05,0.184,1.281,0,0,eGFP5
7334,22:25:06,0.075,1.095,0,0,eGFP5
7335,22:25:07,0.078,0.890,0,0,eGFP5
7336,22:25:16,0.072,8.718,0,0,eGFP5
7337,22:25:17,0.072,1.049,0,0,eGFP5
7338,22:25:19,1.268,2.464,0,0,eGFP5
7339,22:25:21,0.149,1.696,0,0,eGFP5
7340,22:25:29,0.138,7.610,0,0,eGFP5
7341,22:25:33,0.500,4.220,0,0,eGFP5
7342,22:25:34,0.107,0.743,0,0,eGFP5
7343,22:25:35,0.182,0.884,0,0,eGFP5
7344,22:25:39,1.400,4.253,0,0,eGFP5
7345,22:25:46,0.149,7.478,0,0,eGFP5
7346,22:30:53,0.248,306.826,0,0,eGFP5
7347,22:30:55,0.194,1.522,0,0,eGFP5
7348,22:30:57,0.050,1.981,0,0,eGFP5
7349,22:30:57,0.084,0.665,0,0,eGFP5
7350,22:30:58,0.051,1.148,0,0,eGFP5
7351,22:30:59,0.052,0.601,0,0,eGFP5
7352,22:31:00,0.050,0.785,0,0,eGFP5
7353,22:31:01,0.094,0.742,0,0,eGFP5
7354,22:31:01,0.039,0.698,0,0,eGFP5
7355,22:31:03,0.149,1.586,0,0,eGFP5
7356,22:31:04,0.051,1.356,0,0,eGFP5
7357,22:31:05,0.062,0.665,0,0,eGFP5
7358,22:31:06,0.062,1.335,0,0,eGFP5
7359,22:31:07,0.041,0.546,0,0,eGFP5
7360,22:31:09,0.050,2.003,0,0,eGFP5
7361,22:31:09,0.052,0.612,0,0,eGFP5
7362,22:31:10,0.072,0.775,0,0,eGFP5
7363,22:31:11,0.050,0.544,0,0,eGFP5
7364,22:31:11,0.040,0.511,0,0,eGFP5
7365,22:31:12,0.051,0.709,0,0,eGFP5
7366,22:31:12,0.051,0.545,0,0,eGFP5
7367,22:31:14,0.052,1.676,0,0,eGFP5
7368,22:31:15,0.061,0.632,0,0,eGFP5
7369,22:31:15,0.051,0.731,0,0,eGFP5
7370,22:31:16,0.051,0.588,0,0,eGFP5
7371,22:31:18,0.073,1.653,0,0,eGFP5
7372,22:31:18,0.062,0.632,0,0,eGFP5
7373,22:31:19,0.051,0.654,0,0,eGFP5
7374,22:31:20,0.053,0.601,0,0,eGFP5
7375,22:31:21,0.064,1.523,0,0,eGFP5
7376,22:31:22,0.051,0.599,0,0,eGFP5
7377,22:31:23,0.062,0.863,0,0,eGFP5
7378,22:31:23,0.062,0.599,0,0,eGFP5
7379,22:31:24,0.051,0.973,0,0,eGFP5
7380,22:31:25,0.072,0.610,0,0,eGFP5
7381,22:31:25,0.040,0.632,0,0,eGFP5
7382,22:31:27,0.106,1.137,0,0,eGFP5
7383,22:31:27,0.040,0.633,0,0,eGFP5
7384,22:31:28,0.096,1.281,0,0,eGFP5
7385,22:31:29,0.051,0.742,0,0,eGFP5
7386,22:31:31,0.874,1.741,0,0,eGFP5
7387,22:31:32,0.051,0.555,0,0,eGFP5
7388,22:31:32,0.053,0.832,0,0,eGFP5
7389,22:31:33,0.106,0.896,0,0,eGFP5
7390,22:31:34,0.051,0.555,0,0,eGFP5
7391,22:31:35,0.040,0.874,0,0,eGFP5
7392,22:31:37,0.108,2.258,0,0,eGFP5
7393,22:31:39,0.051,1.697,0,0,eGFP5
7394,22:31:39,0.084,0.698,0,0,eGFP5
7395,22:31:42,0.051,2.290,0,0,eGFP5
7396,22:31:42,0.051,0.632,0,0,eGFP5
7397,22:31:43,0.084,1.258,0,0,eGFP5
7398,22:31:44,0.040,0.523,0,0,eGFP5
7399,22:31:45,0.045,0.681,0,0,eGFP5
7400,22:31:45,0.063,0.644,0,0,eGFP5
7401,22:31:46,0.040,0.687,0,0,eGFP5
7402,22:31:47,0.183,0.513,0,0,eGFP5
7403,22:31:48,0.544,1.377,0,0,eGFP5
7404,22:31:48,0.051,0.534,0,0,eGFP5
7405,22:31:49,0.050,0.982,0,0,eGFP5
7406,22:31:50,0.062,0.544,0,0,eGFP5
7407,22:31:51,0.040,0.632,0,0,eGFP5
7408,22:31:52,0.140,1.577,0,0,eGFP5
7409,22:31:53,0.040,0.512,0,0,eGFP5
7410,22:31:55,0.050,2.705,0,0,eGFP5
7411,22:31:56,0.084,0.687,0,0,eGFP5
7412,22:31:57,0.050,0.643,0,0,eGFP5
7413,22:31:58,0.072,0.807,0,0,eGFP5
7414,22:31:58,0.051,0.479,0,0,eGFP5
7415,22:32:00,0.050,2.179,0,0,eGFP5
7416,22:32:01,0.063,0.579,0,0,eGFP5
7417,22:32:02,0.044,1.251,0,0,eGFP5
7418,22:32:03,0.094,0.731,0,0,eGFP5
7419,22:32:03,0.039,0.522,0,0,eGFP5
7420,22:32:05,0.061,1.565,0,0,eGFP5
7421,22:32:05,0.050,0.566,0,0,eGFP5
7422,22:32:06,0.039,0.687,0,0,eGFP5
7423,22:32:07,0.094,0.851,0,0,eGFP5
7424,22:32:07,0.040,0.511,0,0,eGFP5
7425,22:32:09,0.052,1.885,0,0,eGFP5
7426,22:32:10,0.050,0.522,0,0,eGFP5
7427,22:32:11,0.040,0.786,0,0,eGFP5
7428,22:32:11,0.084,0.687,0,0,eGFP5
7429,22:32:13,0.051,1.466,0,0,eGFP5
7430,22:32:14,0.118,0.799,0,0,eGFP5
7431,22:32:14,0.039,0.533,0,0,eGFP5
7432,22:32:15,0.051,0.775,0,0,eGFP5
7433,22:32:16,0.063,1.095,0,0,eGFP5
7434,22:32:17,0.072,0.610,0,0,eGFP5
7435,22:32:17,0.051,0.511,0,0,eGFP5
7436,22:32:20,0.051,2.388,0,0,eGFP5
7437,22:32:20,0.194,0.907,0,0,eGFP5
7438,22:32:21,0.051,0.555,0,0,eGFP5
7439,22:32:22,0.062,0.841,0,0,eGFP5
7440,22:32:22,0.051,0.523,0,0,eGFP5
7441,22:32:23,0.041,0.579,0,0,eGFP5
7442,22:32:24,0.051,0.687,0,0,eGFP5
7443,22:32:24,0.051,0.566,0,0,eGFP5
7444,22:32:25,0.042,0.711,0,0,eGFP5
7445,22:32:25,0.051,0.567,0,0,eGFP5
7446,22:32:28,0.051,2.322,0,0,eGFP5
7447,22:32:28,0.051,0.556,0,0,eGFP5
7448,22:32:29,0.050,0.665,0,0,eGFP5
7449,22:32:30,0.062,0.709,0,0,eGFP5
7450,22:32:30,0.042,0.535,0,0,eGFP5
7451,22:32:31,0.051,0.633,0,0,eGFP5
7452,22:32:31,0.051,0.566,0,0,eGFP5
7453,22:32:32,0.051,0.578,0,0,eGFP5
7454,22:32:35,0.051,2.542,0,0,eGFP5
7455,22:32:35,0.051,0.599,0,0,eGFP5
7456,22:32:36,0.062,0.863,0,0,eGFP5
7457,22:32:37,0.051,0.600,0,0,eGFP5
7458,22:32:37,0.051,0.644,0,0,eGFP5
7459,22:32:38,0.051,0.577,0,0,eGFP5
7460,22:32:39,0.051,1.258,0,0,eGFP5
7461,22:32:40,0.051,0.567,0,0,eGFP5
7462,22:32:40,0.045,0.660,0,0,eGFP5
7463,22:32:41,0.061,1.037,0,0,eGFP5
7464,22:32:42,0.073,0.808,0,0,eGFP5
7465,22:32:43,0.050,0.588,0,0,eGFP5
7466,22:32:43,0.041,0.589,0,0,eGFP5
7467,22:32:44,0.051,0.884,0,0,eGFP5
7468,22:32:45,0.095,0.896,0,0,eGFP5
7469,22:32:46,0.039,0.533,0,0,eGFP5
7470,22:32:46,0.050,0.708,0,0,eGFP5
7471,22:32:47,0.052,0.930,0,0,eGFP5
7472,22:32:48,0.083,0.862,0,0,eGFP5
7473,22:32:49,0.051,0.610,0,0,eGFP5
7474,22:32:49,0.052,0.700,0,0,eGFP5
7475,22:32:51,0.094,1.795,0,0,eGFP5
7476,22:32:52,0.050,0.511,0,0,eGFP5
7477,22:32:52,0.039,0.654,0,0,eGFP5
7478,22:32:53,0.072,0.873,0,0,eGFP5
7479,22:32:54,0.062,0.621,0,0,eGFP5
7480,22:32:55,0.051,0.775,0,0,eGFP5
7481,22:32:55,0.083,0.621,0,0,eGFP5
7482,22:32:57,0.039,1.981,0,0,eGFP5
7483,22:33:00,0.228,2.741,0,0,eGFP5
7484,22:33:01,0.050,0.939,0,0,eGFP5
7485,22:33:02,0.293,1.094,0,0,eGFP5
7486,22:33:03,0.040,0.523,0,0,eGFP5
7487,22:33:03,0.039,0.566,0,0,eGFP5
7488,22:33:04,0.051,0.621,0,0,eGFP5
7489,22:33:04,0.051,0.599,0,0,eGFP5
7490,22:33:05,0.040,0.556,0,0,eGFP5
7491,22:33:06,0.052,0.622,0,0,eGFP5
7492,22:33:06,0.051,0.633,0,0,eGFP5
7493,22:33:07,0.050,0.654,0,0,eGFP5
7494,22:38:39,0.039,332.412,0,0,eGFP5
7495,22:38:43,0.303,4.188,0,0,eGFP5
7496,22:38:44,0.149,0.851,0,0,eGFP5
7497,22:38:47,0.051,2.476,0,0,eGFP5
7498,22:38:47,0.040,0.676,0,0,eGFP5
7499,22:38:49,0.153,1.623,0,0,eGFP5
7500,22:38:50,0.040,0.819,0,0,eGFP5
7501,22:38:51,0.215,1.049,0,0,eGFP5
7502,22:38:51,0.051,0.533,0,0,eGFP5
7503,22:38:52,0.051,0.940,0,0,eGFP5
7504,22:38:53,0.072,0.643,0,0,eGFP5
7505,22:38:54,0.051,0.556,0,0,eGFP5
7506,22:38:55,0.061,1.422,0,0,eGFP5
7507,22:38:56,0.041,0.557,0,0,eGFP5
7508,22:38:56,0.051,0.643,0,0,eGFP5
7509,22:38:57,0.040,0.589,0,0,eGFP5
7510,22:38:58,0.061,1.049,0,0,eGFP5
7511,22:38:58,0.051,0.577,0,0,eGFP5
7512,22:38:59,0.051,0.611,0,0,eGFP5
7513,22:39:00,0.041,0.546,0,0,eGFP5
7514,22:39:01,0.062,0.995,0,0,eGFP5
7515,22:39:01,0.062,0.588,0,0,eGFP5
7516,22:39:02,0.042,0.722,0,0,eGFP5
7517,22:39:03,0.128,0.951,0,0,eGFP5
7518,22:39:03,0.040,0.610,0,0,eGFP5
7519,22:39:05,0.073,1.072,0,0,eGFP5
7520,22:39:06,0.149,1.576,0,0,eGFP5
7521,22:39:07,0.073,0.786,0,0,eGFP5
7522,22:39:07,0.051,0.577,0,0,eGFP5
7523,22:39:08,0.040,0.545,0,0,eGFP5
7524,22:39:09,0.042,0.558,0,0,eGFP5
7525,22:39:09,0.034,0.538,0,0,eGFP5
7526,22:39:10,0.040,0.577,0,0,eGFP5
7527,22:39:10,0.041,0.655,0,0,eGFP5
7528,22:39:11,0.040,0.523,0,0,eGFP5
7529,22:39:12,0.039,1.498,0,0,eGFP5
7530,22:39:13,0.050,0.632,0,0,eGFP5
7531,22:39:14,0.061,1.060,0,0,eGFP5
7532,22:39:15,0.052,0.545,0,0,eGFP5
7533,22:39:16,0.051,1.729,0,0,eGFP5
7534,22:39:17,0.051,0.555,0,0,eGFP5
7535,22:39:18,0.051,1.126,0,0,eGFP5
7536,22:39:19,0.061,0.610,0,0,eGFP5
7537,22:39:19,0.039,0.621,0,0,eGFP5
7538,22:39:20,0.094,0.829,0,0,eGFP5
7539,22:39:21,0.051,0.577,0,0,eGFP5
7540,22:39:21,0.043,0.581,0,0,eGFP5
7541,22:39:22,0.050,0.566,0,0,eGFP5
7542,22:39:22,0.050,0.555,0,0,eGFP5
7543,22:39:23,0.062,0.720,0,0,eGFP5
7544,22:39:24,0.061,0.566,0,0,eGFP5
7545,22:39:24,0.040,0.599,0,0,eGFP5
7546,22:39:25,0.062,0.940,0,0,eGFP5
7547,22:39:26,0.050,0.522,0,0,eGFP5
7548,22:39:26,0.040,0.775,0,0,eGFP5
7549,22:39:27,0.074,0.655,0,0,eGFP5
7550,22:39:29,0.040,2.059,0,0,eGFP5
7551,22:39:30,0.072,0.665,0,0,eGFP5
7552,22:39:30,0.039,0.632,0,0,eGFP5
7553,22:39:31,0.073,0.786,0,0,eGFP5
7554,22:39:32,0.041,0.645,0,0,eGFP5
7555,22:39:33,0.072,1.115,0,0,eGFP5
7556,22:39:34,0.094,0.884,0,0,eGFP5
7557,22:39:35,0.052,0.590,0,0,eGFP5
7558,22:39:35,0.062,0.742,0,0,eGFP5
7559,22:39:36,0.050,0.555,0,0,eGFP5
7560,22:39:36,0.040,0.632,0,0,eGFP5
7561,22:39:37,0.073,0.984,0,0,eGFP5
7562,22:39:38,0.050,0.577,0,0,eGFP5
7563,22:39:39,0.040,0.555,0,0,eGFP5
7564,22:39:39,0.051,0.654,0,0,eGFP5
7565,22:39:40,0.053,0.788,0,0,eGFP5
7566,22:39:41,0.073,0.841,0,0,eGFP5
7567,22:39:41,0.050,0.544,0,0,eGFP5
7568,22:39:42,0.042,0.744,0,0,eGFP5
7569,22:39:43,0.062,0.665,0,0,eGFP5
7570,22:39:43,0.040,0.589,0,0,eGFP5
7571,22:39:44,0.050,0.928,0,0,eGFP5
7572,22:39:45,0.073,0.753,0,0,eGFP5
7573,22:39:46,0.049,0.773,0,0,eGFP5
7574,22:39:47,0.093,0.806,0,0,eGFP5
7575,22:39:47,0.061,0.577,0,0,eGFP5
7576,22:39:48,0.050,0.785,0,0,eGFP5
7577,22:39:49,0.072,0.851,0,0,eGFP5
7578,22:39:50,0.073,0.841,0,0,eGFP5
7579,22:39:50,0.072,0.774,0,0,eGFP5
7580,22:39:51,0.050,0.632,0,0,eGFP5
7581,22:39:52,0.050,0.950,0,0,eGFP5
7582,22:39:53,0.284,1.238,0,0,eGFP5
7583,22:39:54,0.051,0.654,0,0,eGFP5
7584,22:39:54,0.051,0.533,0,0,eGFP5
7585,22:39:55,0.051,0.994,0,0,eGFP5
7586,22:39:56,0.084,0.764,0,0,eGFP5
7587,22:39:57,0.050,0.654,0,0,eGFP5
7588,22:39:58,0.050,0.906,0,0,eGFP5
7589,22:39:59,0.094,1.071,0,0,eGFP5
7590,22:40:00,0.085,1.171,0,0,eGFP5
7591,22:40:03,1.938,2.739,0,0,eGFP5
7592,22:40:03,0.050,0.522,0,0,eGFP5
7593,22:40:04,0.050,0.851,0,0,eGFP5
7594,22:40:05,0.084,0.676,0,0,eGFP5
7595,22:40:05,0.051,0.566,0,0,eGFP5
7596,22:40:07,0.064,1.139,0,0,eGFP5
7597,22:40:07,0.314,0.654,0,0,eGFP5
7598,22:40:08,0.184,0.875,0,0,eGFP5
7599,22:40:09,0.039,0.522,0,0,eGFP5
7600,22:40:10,0.051,1.247,0,0,eGFP5
7601,22:40:10,0.050,0.533,0,0,eGFP5
7602,22:40:11,0.040,0.544,0,0,eGFP5
7603,22:40:30,0.073,19.428,0,0,eGFP5
7604,22:40:31,0.051,0.698,0,0,eGFP5
7605,22:40:32,0.094,0.939,0,0,eGFP5
7606,22:40:33,0.051,0.567,0,0,eGFP5
7607,22:40:33,0.063,0.930,0,0,eGFP5
7608,22:40:34,0.061,0.555,0,0,eGFP5
7609,22:40:37,0.051,3.331,0,0,eGFP5
7610,22:40:38,0.064,0.645,0,0,eGFP5
7611,22:40:39,0.062,0.610,0,0,eGFP5
7612,22:40:39,0.040,0.512,0,0,eGFP5
7613,22:40:40,0.040,0.544,0,0,eGFP5
7614,22:40:40,0.040,0.490,0,0,eGFP5
7615,22:40:41,0.041,0.524,0,0,eGFP5
7616,22:40:42,0.062,0.841,0,0,eGFP5
7617,22:40:42,0.051,0.709,0,0,eGFP5
7618,22:40:44,0.182,1.565,0,0,eGFP5
7619,22:40:45,0.062,1.345,0,0,eGFP5
7620,22:40:46,0.051,0.611,0,0,eGFP5
7621,22:40:47,0.061,1.433,0,0,eGFP5
7622,22:40:48,0.051,0.610,0,0,eGFP5
7623,22:40:49,0.055,0.724,0,0,eGFP5
7624,22:40:49,0.051,0.665,0,0,eGFP5
7625,22:40:50,0.051,0.600,0,0,eGFP5
7626,22:40:53,0.050,2.772,0,0,eGFP5
7627,22:40:53,0.050,0.555,0,0,eGFP5
7628,22:40:54,0.051,0.676,0,0,eGFP5
7629,22:40:54,0.051,0.534,0,0,eGFP5
7630,22:40:56,0.040,2.147,0,0,eGFP5
7631,22:40:57,0.052,0.546,0,0,eGFP5
7632,22:40:58,0.040,0.731,0,0,eGFP5
7633,22:40:58,0.084,0.742,0,0,eGFP5
7634,22:40:59,0.040,0.578,0,0,eGFP5
7635,22:41:00,0.073,0.918,0,0,eGFP5
7636,22:41:01,0.051,0.555,0,0,eGFP5
7637,22:41:01,0.046,0.661,0,0,eGFP5
7638,22:41:02,0.050,0.533,0,0,eGFP5
7639,22:41:02,0.039,0.632,0,0,eGFP5
7640,22:41:03,0.084,0.907,0,0,eGFP5
7641,22:41:04,0.051,0.797,0,0,eGFP5
7642,22:41:05,0.171,1.015,0,0,eGFP5
7643,22:41:06,0.040,0.479,0,0,eGFP5
7644,22:41:07,0.039,0.972,0,0,eGFP5
7645,22:41:07,0.083,0.708,0,0,eGFP5
7646,22:41:10,0.040,2.278,0,0,eGFP5
7647,22:41:10,0.083,0.720,0,0,eGFP5
7648,22:41:11,0.041,0.611,0,0,eGFP5
7649,22:41:12,0.072,0.665,0,0,eGFP5
7650,22:41:12,0.039,0.544,0,0,eGFP5
7651,22:41:13,0.041,0.590,0,0,eGFP5
7652,22:41:13,0.061,0.631,0,0,eGFP5
7653,22:41:14,0.051,0.534,0,0,eGFP5
7654,22:41:14,0.050,0.675,0,0,eGFP5
7655,22:41:15,0.062,0.742,0,0,eGFP5
7656,22:41:17,0.063,1.511,0,0,eGFP5
7657,22:41:17,0.062,0.567,0,0,eGFP5
7658,22:41:19,0.050,1.520,0,0,eGFP5
7659,22:41:19,0.062,0.566,0,0,eGFP5
7660,22:41:20,0.040,0.665,0,0,eGFP5
7661,22:41:21,0.073,0.698,0,0,eGFP5
7662,22:41:21,0.040,0.490,0,0,eGFP5
7663,22:41:22,0.039,0.675,0,0,eGFP5
7664,22:41:23,0.064,0.634,0,0,eGFP5
7665,22:41:23,0.041,0.502,0,0,eGFP5
7666,22:41:24,0.051,1.038,0,0,eGFP5
7667,22:41:25,0.051,0.654,0,0,eGFP5
7668,22:41:26,0.084,1.389,0,0,eGFP5
7669,22:41:27,0.040,0.534,0,0,eGFP5
7670,22:41:27,0.050,0.753,0,0,eGFP5
7671,22:41:28,0.061,0.632,0,0,eGFP5
7672,22:41:29,0.050,0.785,0,0,eGFP5
7673,22:41:30,0.075,0.744,0,0,eGFP5
7674,22:41:30,0.040,0.545,0,0,eGFP5
7675,22:41:31,0.039,0.752,0,0,eGFP5
7676,22:41:31,0.040,0.622,0,0,eGFP5
7677,22:41:32,0.040,0.709,0,0,eGFP5
7678,22:41:33,0.083,0.917,0,0,eGFP5
7679,22:41:34,0.064,0.590,0,0,eGFP5
7680,22:41:34,0.051,0.633,0,0,eGFP5
7681,22:41:35,0.074,0.766,0,0,eGFP5
7682,22:41:36,0.050,0.720,0,0,eGFP5
7683,22:41:37,0.072,1.093,0,0,eGFP5
7684,22:41:39,0.819,1.587,0,0,eGFP5
7685,22:41:39,0.051,0.522,0,0,eGFP5
7686,22:41:40,0.040,0.633,0,0,eGFP5
7687,22:41:40,0.050,0.720,0,0,eGFP5
7688,22:41:41,0.062,0.698,0,0,eGFP5
7689,22:41:42,0.052,0.568,0,0,eGFP5
7690,22:41:44,0.062,1.916,0,0,eGFP5
7691,22:41:44,0.249,0.402,0,0,eGFP5
7692,22:41:45,0.194,0.929,0,0,eGFP5
7693,22:41:45,0.042,0.536,0,0,eGFP5
7694,22:41:46,0.040,0.566,0,0,eGFP5
7695,22:41:47,0.040,0.501,0,0,eGFP5
7696,22:41:47,0.040,0.600,0,0,eGFP5
7697,22:41:48,0.063,0.700,0,0,eGFP5
7698,22:41:48,0.040,0.577,0,0,eGFP5
7699,22:41:49,0.040,0.743,0,0,eGFP5
7700,22:41:50,0.078,0.736,0,0,eGFP5
7701,22:41:50,0.050,0.544,0,0,eGFP5
7702,22:41:51,0.051,0.895,0,0,eGFP5
7703,22:41:53,0.073,1.367,0,0,eGFP5
7704,22:41:54,0.292,1.192,0,0,eGFP5
7705,22:41:54,0.039,0.533,0,0,eGFP5
7706,22:41:55,0.041,0.644,0,0,eGFP5
7707,22:41:56,0.071,0.685,0,0,eGFP5
7708,22:41:56,0.051,0.578,0,0,eGFP5
7709,22:41:57,0.050,0.566,0,0,eGFP5
7710,22:41:57,0.050,0.621,0,0,eGFP5
7711,22:41:58,0.050,0.620,0,0,eGFP5
7712,22:41:59,0.051,0.720,0,0,eGFP5
7713,22:42:00,0.084,0.885,0,0,eGFP5
7714,22:42:00,0.053,0.557,0,0,eGFP5
7715,22:42:02,0.051,1.620,0,0,eGFP5
7716,22:42:02,0.050,0.522,0,0,eGFP5
7717,22:42:03,0.040,0.621,0,0,eGFP5
7718,22:42:04,0.073,0.709,0,0,eGFP5
7719,22:42:04,0.050,0.577,0,0,eGFP5
7720,22:42:05,0.052,0.645,0,0,eGFP5
7721,22:42:07,0.050,1.586,0,0,eGFP5
7722,22:42:07,0.096,0.766,0,0,eGFP5
7723,22:42:08,0.050,0.599,0,0,eGFP5
7724,22:42:09,0.050,0.654,0,0,eGFP5
7725,22:42:10,0.072,1.707,0,0,eGFP5
7726,22:42:11,0.040,0.555,0,0,eGFP5
7727,22:42:12,0.040,0.951,0,0,eGFP5
7728,22:42:12,0.072,0.632,0,0,eGFP5
7729,22:42:13,0.050,0.555,0,0,eGFP5
7730,22:42:14,0.063,1.029,0,0,eGFP5
7731,22:42:15,0.094,0.819,0,0,eGFP5
7732,22:42:15,0.061,0.632,0,0,eGFP5
7733,22:42:16,0.050,0.884,0,0,eGFP5
7734,22:42:17,0.096,1.073,0,0,eGFP5
7735,22:42:18,0.051,0.599,0,0,eGFP5
7736,22:42:19,0.040,0.633,0,0,eGFP5
7737,22:42:20,0.083,0.928,0,0,eGFP5
7738,22:42:21,0.073,0.972,0,0,eGFP5
7739,22:42:21,0.053,0.601,0,0,eGFP5
7740,22:42:22,0.040,0.720,0,0,eGFP5
7741,22:42:23,0.084,1.390,0,0,eGFP5
7742,22:42:24,0.094,0.742,0,0,eGFP5
7743,22:42:25,0.040,0.522,0,0,eGFP5
7744,22:42:26,0.051,1.039,0,0,eGFP5
7745,22:42:26,0.061,0.643,0,0,eGFP5
7746,22:42:27,0.051,0.643,0,0,eGFP5
7747,22:42:27,0.064,0.667,0,0,eGFP5
7748,22:42:28,0.053,0.722,0,0,eGFP5
7749,22:42:29,0.073,1.170,0,0,eGFP5
7750,22:42:30,0.095,0.885,0,0,eGFP5
7751,22:42:31,0.051,0.599,0,0,eGFP5
7752,22:42:32,0.051,0.830,0,0,eGFP5
7753,22:42:33,0.128,1.115,0,0,eGFP5
7754,22:42:35,0.896,2.333,0,0,eGFP5
7755,22:42:36,0.086,0.711,0,0,eGFP5
7756,22:42:37,0.051,0.907,0,0,eGFP5
7757,22:42:39,0.095,2.136,0,0,eGFP5
7758,22:42:39,0.040,0.512,0,0,eGFP5
7759,22:42:40,0.050,0.786,0,0,eGFP5
7760,22:42:41,0.062,0.599,0,0,eGFP5
7761,22:42:41,0.040,0.468,0,0,eGFP5
7762,22:42:42,0.042,0.744,0,0,eGFP5
7763,22:42:43,0.079,1.012,0,0,eGFP5
7764,22:42:44,0.467,1.367,0,0,eGFP5
7765,22:42:45,0.039,0.511,0,0,eGFP5
7766,22:42:46,0.050,1.027,0,0,eGFP5
7767,22:42:47,0.072,0.698,0,0,eGFP5
7768,22:42:47,0.050,0.522,0,0,eGFP5
7769,22:42:48,0.050,0.642,0,0,eGFP5
7770,22:42:49,0.062,0.775,0,0,eGFP5
7771,22:42:49,0.050,0.544,0,0,eGFP5
7772,22:42:51,0.041,1.895,0,0,eGFP5
7773,22:42:52,0.094,0.731,0,0,eGFP5
7774,22:42:52,0.039,0.577,0,0,eGFP5
7775,22:42:54,0.083,1.477,0,0,eGFP5
7776,22:42:54,0.052,0.567,0,0,eGFP5
7777,22:42:55,0.051,0.753,0,0,eGFP5
7778,22:42:56,0.116,0.928,0,0,eGFP5
7779,22:42:57,0.051,0.555,0,0,eGFP5
7780,22:42:58,0.052,1.314,0,0,eGFP5
7781,22:42:58,0.138,0.435,0,0,eGFP5
7782,22:42:59,0.149,0.928,0,0,eGFP5
7783,22:43:00,0.061,0.676,0,0,eGFP5
7784,22:43:01,0.050,0.654,0,0,eGFP5
7785,22:43:01,0.061,0.785,0,0,eGFP5
7786,22:43:02,0.051,0.555,0,0,eGFP5
7787,22:43:04,0.040,1.828,0,0,eGFP5
7788,22:43:04,0.053,0.568,0,0,eGFP5
7789,22:43:05,0.062,0.961,0,0,eGFP5
7790,22:43:06,0.096,0.865,0,0,eGFP5
7791,22:43:07,0.248,0.862,0,0,eGFP5
7792,22:43:08,0.424,1.400,0,0,eGFP5
7793,22:43:09,0.051,0.720,0,0,eGFP5
7794,22:43:10,0.062,1.280,0,0,eGFP5
7795,22:44:17,1.839,66.180,0,0,eGFP5
7796,22:44:17,0.085,0.700,0,0,eGFP5
7797,22:44:18,0.039,0.862,0,0,eGFP5
7798,22:44:19,0.084,0.786,0,0,eGFP5
7799,22:44:20,0.040,0.588,0,0,eGFP5
7800,22:44:20,0.051,0.896,0,0,eGFP5
7801,22:44:22,0.062,1.861,0,0,eGFP5
7802,22:44:23,0.051,0.621,0,0,eGFP5
7803,22:44:24,0.064,0.711,0,0,eGFP5
7804,22:44:24,0.051,0.566,0,0,eGFP5
7805,22:44:26,0.053,2.061,0,0,eGFP5
7806,22:44:27,0.050,0.522,0,0,eGFP5
7807,22:44:27,0.040,0.654,0,0,eGFP5
7808,22:44:28,0.051,0.644,0,0,eGFP5
7809,22:44:29,0.050,0.533,0,0,eGFP5
7810,22:44:29,0.040,0.764,0,0,eGFP5
7811,22:44:30,0.051,0.577,0,0,eGFP5
7812,22:44:31,0.040,0.688,0,0,eGFP5
7813,22:44:31,0.074,0.721,0,0,eGFP5
7814,22:44:32,0.040,0.501,0,0,eGFP5
7815,22:44:33,0.040,0.885,0,0,eGFP5
7816,22:44:33,0.073,0.610,0,0,eGFP5
7817,22:44:35,0.053,1.369,0,0,eGFP5
7818,22:44:35,0.062,0.633,0,0,eGFP5
7819,22:44:36,0.051,0.599,0,0,eGFP5
7820,22:44:37,0.073,0.929,0,0,eGFP5
7821,22:44:38,0.052,1.556,0,0,eGFP5
7822,22:44:39,0.084,0.687,0,0,eGFP5
7823,22:44:43,0.062,3.573,0,0,eGFP5
7824,22:44:43,0.040,0.534,0,0,eGFP5
7825,22:44:44,0.051,0.599,0,0,eGFP5
7826,22:44:44,0.040,0.468,0,0,eGFP5
7827,22:44:45,0.034,0.703,0,0,eGFP5
7828,22:44:46,0.083,0.764,0,0,eGFP5
7829,22:44:46,0.039,0.467,0,0,eGFP5
7830,22:44:47,0.037,0.608,0,0,eGFP5
7831,22:44:48,0.074,0.721,0,0,eGFP5
7832,22:44:48,0.039,0.522,0,0,eGFP5
7833,22:44:49,0.050,1.334,0,0,eGFP5
7834,22:44:53,0.061,3.891,0,0,eGFP5
7835,22:44:55,0.083,1.531,0,0,eGFP5
7836,22:44:55,0.061,0.610,0,0,eGFP5
7837,22:44:58,0.061,2.388,0,0,eGFP5
7838,22:44:59,0.063,0.765,0,0,eGFP5
7839,22:44:59,0.061,0.807,0,0,eGFP5
7840,22:45:00,0.084,0.676,0,0,eGFP5
7841,22:45:01,0.040,0.577,0,0,eGFP5
7842,22:45:05,0.094,4.253,0,0,eGFP5
7843,22:45:06,0.050,1.104,0,0,eGFP5
7844,22:45:07,0.094,0.731,0,0,eGFP5
7845,22:45:07,0.052,0.677,0,0,eGFP5
7846,22:45:08,0.074,0.831,0,0,eGFP5
7847,22:45:09,0.051,0.522,0,0,eGFP5
7848,22:45:09,0.040,0.556,0,0,eGFP5
7849,22:45:10,0.050,0.731,0,0,eGFP5
7850,22:45:11,0.039,0.500,0,0,eGFP5
7851,22:45:11,0.051,0.808,0,0,eGFP5
7852,22:45:12,0.083,0.719,0,0,eGFP5
7853,22:45:13,0.040,0.534,0,0,eGFP5
7854,22:45:13,0.052,0.743,0,0,eGFP5
7855,22:45:14,0.051,0.534,0,0,eGFP5
7856,22:45:15,0.050,0.785,0,0,eGFP5
7857,22:45:15,0.073,0.687,0,0,eGFP5
7858,22:45:17,0.062,2.037,0,0,eGFP5
7859,22:45:18,0.052,0.590,0,0,eGFP5
7860,22:45:19,0.072,0.873,0,0,eGFP5
7861,22:45:19,0.051,0.578,0,0,eGFP5
7862,22:45:20,0.050,0.994,0,0,eGFP5
7863,22:45:21,0.074,0.634,0,0,eGFP5
7864,22:45:28,0.051,7.018,0,0,eGFP5
7865,22:45:29,0.062,0.643,0,0,eGFP5
7866,22:45:30,0.062,0.940,0,0,eGFP5
7867,22:45:30,0.050,0.544,0,0,eGFP5
7868,22:45:31,0.051,1.093,0,0,eGFP5
7869,22:45:32,0.117,0.786,0,0,eGFP5
7870,22:45:33,0.051,0.578,0,0,eGFP5
7871,22:45:34,0.063,0.963,0,0,eGFP5
7872,22:45:34,0.050,0.522,0,0,eGFP5
7873,22:45:35,0.042,0.623,0,0,eGFP5
7874,22:45:36,0.073,1.094,0,0,eGFP5
7875,22:45:37,0.050,0.632,0,0,eGFP5
7876,22:45:39,0.062,2.179,0,0,eGFP5
7877,22:45:39,0.040,0.545,0,0,eGFP5
7878,22:45:40,0.051,0.764,0,0,eGFP5
7879,22:45:41,0.075,0.656,0,0,eGFP5
7880,22:45:42,0.040,1.642,0,0,eGFP5
7881,22:45:43,0.062,0.687,0,0,eGFP5
7882,22:45:44,0.073,0.786,0,0,eGFP5
7883,22:45:44,0.051,0.567,0,0,eGFP5
7884,22:45:45,0.040,0.819,0,0,eGFP5
7885,22:45:46,0.303,0.643,0,0,eGFP5
7886,22:45:47,0.207,0.975,0,0,eGFP5
7887,22:45:47,0.041,0.557,0,0,eGFP5
7888,22:45:48,0.051,0.720,0,0,eGFP5
7889,22:45:49,0.051,0.600,0,0,eGFP5
7890,22:45:49,0.045,0.626,0,0,eGFP5
7891,22:45:50,0.051,0.775,0,0,eGFP5
7892,22:45:51,0.050,0.588,0,0,eGFP5
7893,22:45:51,0.050,0.631,0,0,eGFP5
7894,22:45:52,0.062,0.972,0,0,eGFP5
7895,22:45:53,0.084,0.939,0,0,eGFP5
7896,22:45:54,0.052,0.645,0,0,eGFP5
7897,22:45:55,0.050,0.730,0,0,eGFP5
7898,22:45:55,0.073,0.928,0,0,eGFP5
7899,22:45:57,0.259,1.938,0,0,eGFP5
7900,22:45:58,0.052,0.567,0,0,eGFP5
7901,22:45:59,0.040,0.632,0,0,eGFP5
7902,22:45:59,0.073,0.819,0,0,eGFP5
7903,22:46:00,0.061,0.686,0,0,eGFP5
7904,22:46:01,0.063,0.875,0,0,eGFP5
7905,22:46:02,0.073,0.786,0,0,eGFP5
7906,22:46:03,0.061,0.829,0,0,eGFP5
7907,22:46:05,0.094,2.816,0,0,eGFP5
7908,22:46:06,0.061,0.588,0,0,eGFP5
7909,22:46:07,0.039,0.708,0,0,eGFP5
7910,22:46:08,0.095,0.819,0,0,eGFP5
7911,22:46:08,0.039,0.467,0,0,eGFP5
7912,22:46:09,0.041,0.974,0,0,eGFP5
7913,22:46:10,0.105,0.742,0,0,eGFP5
7914,22:46:10,0.041,0.502,0,0,eGFP5
7915,22:46:11,0.061,0.829,0,0,eGFP5
7916,22:46:12,0.062,0.808,0,0,eGFP5
7917,22:46:13,0.072,0.862,0,0,eGFP5
7918,22:46:13,0.051,0.544,0,0,eGFP5
7919,22:46:14,0.040,0.753,0,0,eGFP5
7920,22:46:15,0.085,1.117,0,0,eGFP5
7921,22:46:16,0.083,1.158,0,0,eGFP5
7922,22:46:17,0.062,0.567,0,0,eGFP5
7923,22:46:17,0.050,0.621,0,0,eGFP5
7924,22:46:19,0.072,1.060,0,0,eGFP5
7925,22:46:19,0.050,0.577,0,0,eGFP5
7926,22:46:21,0.051,2.113,0,0,eGFP5
7927,22:46:22,0.062,0.632,0,0,eGFP5
7928,22:46:23,0.053,0.656,0,0,eGFP5
7929,22:46:24,0.074,1.106,0,0,eGFP5
7930,22:46:25,0.127,1.257,0,0,eGFP5
7931,22:46:25,0.051,0.534,0,0,eGFP5
7932,22:46:28,0.051,2.377,0,0,eGFP5
7933,22:46:28,0.050,0.599,0,0,eGFP5
7934,22:46:29,0.062,0.709,0,0,eGFP5
7935,22:46:30,0.051,0.599,0,0,eGFP5
7936,22:46:30,0.051,0.753,0,0,eGFP5
7937,22:46:33,0.097,2.039,0,0,eGFP5
7938,22:46:33,0.062,0.599,0,0,eGFP5
7939,22:46:34,0.051,0.709,0,0,eGFP5
7940,22:46:35,0.073,0.995,0,0,eGFP5
7941,22:46:36,0.128,1.060,0,0,eGFP5
7942,22:46:36,0.042,0.525,0,0,eGFP5
7943,22:46:38,0.039,1.400,0,0,eGFP5
7944,22:46:39,0.139,0.841,0,0,eGFP5
7945,22:46:41,0.309,1.998,0,0,eGFP5
7946,22:46:43,0.282,2.498,0,0,eGFP5
7947,22:46:48,0.062,4.670,0,0,eGFP5
7948,22:46:48,0.051,0.567,0,0,eGFP5
7949,22:46:49,0.040,0.589,0,0,eGFP5
7950,22:46:50,0.050,0.544,0,0,eGFP5
7951,22:46:51,0.051,1.236,0,0,eGFP5
7952,22:46:51,0.073,0.644,0,0,eGFP5
7953,22:46:52,0.046,0.606,0,0,eGFP5
7954,22:46:53,0.072,0.774,0,0,eGFP5
7955,22:46:53,0.051,0.665,0,0,eGFP5
7956,22:46:55,0.107,1.270,0,0,eGFP5
7957,22:46:55,0.050,0.643,0,0,eGFP5
7958,22:46:56,0.061,0.708,0,0,eGFP5
7959,22:46:57,0.040,0.731,0,0,eGFP5
7960,22:46:58,0.237,1.257,0,0,eGFP5
7961,22:46:59,0.051,0.566,0,0,eGFP5
7962,22:46:59,0.063,0.809,0,0,eGFP5
7963,22:47:00,0.051,0.577,0,0,eGFP5
7964,22:47:01,0.051,0.797,0,0,eGFP5
7965,22:47:01,0.061,0.621,0,0,eGFP5
7966,22:47:02,0.039,0.522,0,0,eGFP5
7967,22:47:03,0.050,0.895,0,0,eGFP5
7968,22:47:03,0.062,0.566,0,0,eGFP5
7969,22:47:04,0.042,0.700,0,0,eGFP5
7970,22:47:05,0.052,0.601,0,0,eGFP5
7971,22:47:05,0.039,0.544,0,0,eGFP5
7972,22:47:06,0.061,0.961,0,0,eGFP5
7973,22:47:07,0.050,0.533,0,0,eGFP5
7974,22:47:08,0.051,0.819,0,0,eGFP5
7975,22:47:08,0.094,0.763,0,0,eGFP5
7976,22:47:09,0.040,0.589,0,0,eGFP5
7977,22:47:10,0.050,0.796,0,0,eGFP5
7978,22:47:10,0.041,0.546,0,0,eGFP5
7979,22:47:11,0.051,1.071,0,0,eGFP5
7980,22:47:12,0.062,0.599,0,0,eGFP5
7981,22:47:13,0.040,0.973,0,0,eGFP5
7982,22:47:14,0.083,0.708,0,0,eGFP5
7983,22:47:15,0.053,1.369,0,0,eGFP5
7984,22:47:16,0.369,1.192,0,0,eGFP5
7985,22:47:17,0.051,0.654,0,0,eGFP5
7986,22:47:18,0.053,0.700,0,0,eGFP5
7987,22:47:18,0.051,0.610,0,0,eGFP5
7988,22:47:19,0.051,0.709,0,0,eGFP5
7989,22:47:20,0.128,1.587,0,0,eGFP5
7990,22:47:21,0.040,0.523,0,0,eGFP5
7991,22:47:22,0.051,0.950,0,0,eGFP5
7992,22:47:24,0.084,1.774,0,0,eGFP5
7993,22:47:24,0.073,0.775,0,0,eGFP5
7994,22:47:25,0.062,0.753,0,0,eGFP5
7995,22:47:26,0.074,0.776,0,0,eGFP5
7996,22:47:29,0.051,2.959,0,0,eGFP5
7997,22:47:31,0.056,1.921,0,0,eGFP5
7998,22:47:32,0.062,0.665,0,0,eGFP5
7999,22:47:32,0.051,0.545,0,0,eGFP5
8000,22:47:33,0.051,0.665,0,0,eGFP5
8001,22:47:34,0.062,0.819,0,0,eGFP5
8002,22:47:34,0.051,0.665,0,0,eGFP5
8003,22:47:35,0.042,0.953,0,0,eGFP5
8004,22:47:36,0.292,1.181,0,0,eGFP5
8005,22:47:37,0.051,0.665,0,0,eGFP5
8006,22:47:38,0.084,1.039,0,0,eGFP5
8007,22:47:40,0.127,1.751,0,0,eGFP5
8008,22:47:40,0.051,0.534,0,0,eGFP5
8009,22:47:41,0.040,0.643,0,0,eGFP5
8010,22:47:42,0.062,0.830,0,0,eGFP5
8011,22:47:43,0.066,0.735,0,0,eGFP5
8012,22:47:43,0.051,0.600,0,0,eGFP5
8013,22:47:44,0.040,0.599,0,0,eGFP5
8014,22:47:45,0.073,1.368,0,0,eGFP5
8015,22:47:46,0.271,1.247,0,0,eGFP5
8016,22:47:47,0.100,0.748,0,0,eGFP5
8017,22:47:48,0.050,0.599,0,0,eGFP5
8018,22:47:48,0.061,0.763,0,0,eGFP5
8019,22:47:49,0.052,0.601,0,0,eGFP5
8020,22:47:50,0.050,0.555,0,0,eGFP5
8021,22:47:50,0.050,0.610,0,0,eGFP5
8022,22:47:52,0.050,1.586,0,0,eGFP5
8023,22:47:53,0.127,0.808,0,0,eGFP5
8024,22:47:53,0.039,0.566,0,0,eGFP5
8025,22:47:54,0.074,0.996,0,0,eGFP5
8026,22:47:55,0.094,1.125,0,0,eGFP5
8027,22:47:56,0.062,0.555,0,0,eGFP5
8028,22:48:04,0.042,8.391,0,0,eGFP5
8029,22:48:06,0.259,1.401,0,0,eGFP5
8030,22:48:46,39.144,39.934,0,0,eGFP5
8031,22:48:46,0.095,0.709,0,0,eGFP5
8032,22:48:47,0.040,0.566,0,0,eGFP5
8033,22:48:47,0.062,0.632,0,0,eGFP5
8034,22:48:48,0.040,0.567,0,0,eGFP5
8035,22:48:49,0.061,0.665,0,0,eGFP5
8036,22:48:49,0.052,0.556,0,0,eGFP5
8037,22:48:50,0.051,0.600,0,0,eGFP5
8038,22:48:53,0.039,3.013,0,0,eGFP5
8039,22:48:53,0.052,0.568,0,0,eGFP5
8040,22:48:54,0.039,0.533,0,0,eGFP5
8041,22:48:55,0.040,0.599,0,0,eGFP5
8042,22:48:55,0.051,0.545,0,0,eGFP5
8043,22:48:56,0.039,0.522,0,0,eGFP5
8044,22:48:56,0.063,0.722,0,0,eGFP5
8045,22:48:57,0.039,0.511,0,0,eGFP5
8046,22:48:58,0.051,0.764,0,0,eGFP5
8047,22:48:58,0.084,0.687,0,0,eGFP5
8048,22:48:59,0.040,0.512,0,0,eGFP5
8049,22:49:00,0.050,0.818,0,0,eGFP5
8050,22:49:00,0.051,0.556,0,0,eGFP5
8051,22:49:02,0.051,1.685,0,0,eGFP5
8052,22:49:02,0.055,0.581,0,0,eGFP5
8053,22:49:03,0.040,0.644,0,0,eGFP5
8054,22:49:04,0.094,1.016,0,0,eGFP5
8055,22:49:05,0.051,0.533,0,0,eGFP5
8056,22:49:05,0.051,0.775,0,0,eGFP5
8057,22:49:06,0.073,0.699,0,0,eGFP5
8058,22:49:07,0.039,0.522,0,0,eGFP5
8059,22:49:08,0.051,0.929,0,0,eGFP5
8060,22:49:08,0.051,0.577,0,0,eGFP5
8061,22:49:09,0.031,0.525,0,0,eGFP5
8062,22:49:10,0.050,0.906,0,0,eGFP5
8063,22:49:10,0.051,0.589,0,0,eGFP5
8064,22:49:11,0.059,1.255,0,0,eGFP5
8065,22:49:12,0.050,0.588,0,0,eGFP5
8066,22:49:13,0.062,0.929,0,0,eGFP5
8067,22:49:14,0.061,0.555,0,0,eGFP5
8068,22:49:15,0.040,1.082,0,0,eGFP5
8069,22:49:15,0.096,0.710,0,0,eGFP5
8070,22:49:16,0.039,0.555,0,0,eGFP5
8071,22:49:17,0.050,0.764,0,0,eGFP5
8072,22:49:17,0.050,0.577,0,0,eGFP5
8073,22:49:18,0.050,0.708,0,0,eGFP5
8074,22:49:19,0.062,0.632,0,0,eGFP5
8075,22:49:19,0.050,0.643,0,0,eGFP5
8076,22:49:20,0.072,0.829,0,0,eGFP5
8077,22:49:21,0.052,0.535,0,0,eGFP5
8078,22:49:21,0.051,0.819,0,0,eGFP5
8079,22:49:22,0.083,0.851,0,0,eGFP5
8080,22:49:23,0.074,0.831,0,0,eGFP5
8081,22:49:24,0.050,0.610,0,0,eGFP5
8082,22:49:25,0.050,0.851,0,0,eGFP5
8083,22:49:25,0.084,0.731,0,0,eGFP5
8084,22:49:26,0.051,0.599,0,0,eGFP5
8085,22:49:27,0.062,0.764,0,0,eGFP5
8086,22:49:27,0.060,0.696,0,0,eGFP5
8087,22:49:28,0.051,0.797,0,0,eGFP5
8088,22:49:29,0.061,0.698,0,0,eGFP5
8089,22:49:30,0.050,1.246,0,0,eGFP5
8090,22:49:33,0.062,2.575,0,0,eGFP5
8091,22:49:33,0.050,0.599,0,0,eGFP5
8092,22:49:34,0.039,0.555,0,0,eGFP5
8093,22:49:35,0.062,0.808,0,0,eGFP5
8094,22:49:35,0.054,0.679,0,0,eGFP5
8095,22:49:36,0.083,0.906,0,0,eGFP5
8096,22:49:37,0.051,0.556,0,0,eGFP5
8097,22:49:38,0.039,0.796,0,0,eGFP5
8098,22:49:39,0.106,1.115,0,0,eGFP5
8099,22:49:39,0.062,0.589,0,0,eGFP5
8100,22:49:40,0.039,0.522,0,0,eGFP5
8101,22:49:41,0.051,0.808,0,0,eGFP5
8102,22:49:41,0.052,0.656,0,0,eGFP5
8103,22:49:42,0.050,0.621,0,0,eGFP5
8104,22:49:43,0.062,0.852,0,0,eGFP5
8105,22:49:43,0.061,0.764,0,0,eGFP5
8106,22:49:44,0.072,0.961,0,0,eGFP5
8107,22:49:45,0.073,0.928,0,0,eGFP5
8108,22:49:49,0.119,4.069,0,0,eGFP5
8109,22:49:50,0.072,0.830,0,0,eGFP5
8110,22:49:51,0.085,1.028,0,0,eGFP5
8111,22:49:53,0.413,1.291,0,0,eGFP5
8112,22:49:53,0.062,0.797,0,0,eGFP5
8113,22:49:54,0.073,0.830,0,0,eGFP5
8114,22:49:56,0.062,1.477,0,0,eGFP5
8115,22:49:56,0.051,0.523,0,0,eGFP5
8116,22:49:57,0.040,0.522,0,0,eGFP5
8117,22:49:58,0.051,0.863,0,0,eGFP5
8118,22:49:58,0.051,0.512,0,0,eGFP5
8119,22:49:59,0.041,0.524,0,0,eGFP5
8120,22:50:00,0.084,1.028,0,0,eGFP5
8121,22:50:00,0.051,0.544,0,0,eGFP5
8122,22:50:01,0.053,0.623,0,0,eGFP5
8123,22:50:01,0.062,0.655,0,0,eGFP5
8124,22:50:02,0.040,0.643,0,0,eGFP5
8125,22:50:03,0.051,0.841,0,0,eGFP5
8126,22:50:04,0.062,0.622,0,0,eGFP5
8127,22:50:05,0.047,1.780,0,0,eGFP5
8128,22:50:06,0.050,0.533,0,0,eGFP5
8129,22:50:08,0.039,1.806,0,0,eGFP5
8130,22:50:09,0.105,0.862,0,0,eGFP5
8131,22:50:09,0.061,0.654,0,0,eGFP5
8132,22:50:10,0.039,0.555,0,0,eGFP5
8133,22:50:11,0.050,1.564,0,0,eGFP5
8134,22:50:12,0.171,0.907,0,0,eGFP5
8135,22:50:13,0.042,0.536,0,0,eGFP5
8136,22:50:14,0.050,0.895,0,0,eGFP5
8137,22:50:15,0.105,1.114,0,0,eGFP5
8138,22:50:15,0.051,0.567,0,0,eGFP5
8139,22:50:16,0.028,0.598,0,0,eGFP5
8140,22:50:17,0.084,0.940,0,0,eGFP5
8141,22:50:17,0.039,0.533,0,0,eGFP5
8142,22:50:19,0.050,1.959,0,0,eGFP5
8143,22:50:20,0.052,0.535,0,0,eGFP5
8144,22:50:20,0.040,0.577,0,0,eGFP5
8145,22:50:22,0.062,1.104,0,0,eGFP5
8146,22:50:23,0.171,1.378,0,0,eGFP5
8147,22:50:25,0.061,2.366,0,0,eGFP5
8148,22:50:26,0.061,0.664,0,0,eGFP5
8149,22:50:27,0.064,0.963,0,0,eGFP5
8150,22:50:28,0.062,0.599,0,0,eGFP5
8151,22:50:28,0.040,0.610,0,0,eGFP5
8152,22:50:30,0.085,1.951,0,0,eGFP5
8153,22:50:31,0.050,0.511,0,0,eGFP5
8154,22:50:32,0.040,1.554,0,0,eGFP5
8155,22:50:34,0.182,1.663,0,0,eGFP5
8156,22:50:36,0.073,1.839,0,0,eGFP5
8157,22:50:36,0.062,0.786,0,0,eGFP5
8158,22:50:38,0.051,1.652,0,0,eGFP5
8159,22:50:39,0.084,0.753,0,0,eGFP5
8160,22:50:41,0.063,2.565,0,0,eGFP5
8161,22:50:42,0.062,0.621,0,0,eGFP5
8162,22:50:44,0.040,1.631,0,0,eGFP5
8163,22:50:47,1.599,2.850,0,0,eGFP5
8164,22:50:47,0.490,0.687,0,0,eGFP5
8165,22:50:48,0.204,0.918,0,0,eGFP5
8166,22:50:50,0.050,1.685,0,0,eGFP5
8167,22:50:50,0.062,0.588,0,0,eGFP5
8168,22:50:51,0.042,0.514,0,0,eGFP5
8169,22:50:53,0.061,1.641,0,0,eGFP5
8170,22:50:53,0.051,0.753,0,0,eGFP5
8171,22:50:54,0.073,0.973,0,0,eGFP5
8172,22:50:56,0.654,1.400,0,0,eGFP5
8173,22:50:56,0.040,0.479,0,0,eGFP5
8174,22:50:57,0.039,0.983,0,0,eGFP5
8175,22:50:58,0.095,0.775,0,0,eGFP5
8176,22:50:58,0.041,0.524,0,0,eGFP5
8177,22:51:00,0.064,1.380,0,0,eGFP5
8178,22:51:01,0.446,1.247,0,0,eGFP5
8179,22:51:02,0.128,0.874,0,0,eGFP5
8180,22:51:03,0.062,0.830,0,0,eGFP5
8181,22:51:03,0.061,0.698,0,0,eGFP5
8182,22:51:05,0.062,1.631,0,0,eGFP5
8183,22:51:06,0.061,0.599,0,0,eGFP5
8184,22:51:06,0.029,0.446,0,0,eGFP5
8185,22:51:07,0.042,0.963,0,0,eGFP5
8186,22:51:08,0.084,0.742,0,0,eGFP5
8187,22:51:09,0.051,0.776,0,0,eGFP5
8188,22:51:09,0.270,0.764,0,0,eGFP5
8189,22:51:10,0.127,0.830,0,0,eGFP5
8190,22:51:11,0.040,0.500,0,0,eGFP5
8191,22:51:12,0.046,0.792,0,0,eGFP5
8192,22:51:14,0.106,2.037,0,0,eGFP5
8193,22:51:14,0.073,0.644,0,0,eGFP5
8194,22:51:15,0.061,0.730,0,0,eGFP5
8195,22:51:16,0.062,0.643,0,0,eGFP5
8196,22:51:16,0.028,0.500,0,0,eGFP5
8197,22:51:17,0.061,1.312,0,0,eGFP5
8198,22:51:18,0.072,0.895,0,0,eGFP5
8199,22:51:19,0.062,0.676,0,0,eGFP5
8200,22:51:20,0.050,0.544,0,0,eGFP5
8201,22:51:21,0.052,1.467,0,0,eGFP5
8202,22:51:22,0.073,0.654,0,0,eGFP5
8203,22:51:22,0.051,0.599,0,0,eGFP5
8204,22:51:24,0.073,2.048,0,0,eGFP5
8205,22:51:25,0.118,1.149,0,0,eGFP5
8206,22:51:27,0.072,1.104,0,0,eGFP5
8207,22:51:27,0.105,0.796,0,0,eGFP5
8208,22:51:29,0.062,1.762,0,0,eGFP5
8209,22:51:30,0.064,0.799,0,0,eGFP5
8210,22:51:30,0.182,0.368,0,0,eGFP5
8211,22:51:31,0.226,0.929,0,0,eGFP5
8212,22:51:32,0.083,0.708,0,0,eGFP5
8213,22:51:33,0.040,0.600,0,0,eGFP5
8214,22:51:33,0.061,0.796,0,0,eGFP5
8215,22:51:34,0.051,0.599,0,0,eGFP5
8216,22:51:36,0.051,1.729,0,0,eGFP5
8217,22:51:36,0.062,0.567,0,0,eGFP5
8218,22:51:37,0.042,0.569,0,0,eGFP5
8219,22:51:40,0.073,2.936,0,0,eGFP5
8220,22:51:40,0.062,0.632,0,0,eGFP5
8221,22:51:41,0.040,0.556,0,0,eGFP5
8222,22:51:42,0.061,0.753,0,0,eGFP5
8223,22:51:42,0.050,0.632,0,0,eGFP5
8224,22:51:43,0.051,0.577,0,0,eGFP5
8225,22:51:44,0.073,0.830,0,0,eGFP5
8226,22:51:44,0.184,0.535,0,0,eGFP5
8227,22:51:45,0.182,0.885,0,0,eGFP5
8228,22:51:46,0.039,0.522,0,0,eGFP5
8229,22:51:46,0.051,0.863,0,0,eGFP5
8230,22:51:47,0.062,0.632,0,0,eGFP5
8231,22:51:48,0.051,0.610,0,0,eGFP5
8232,22:51:49,0.064,0.799,0,0,eGFP5
8233,22:51:50,0.106,1.082,0,0,eGFP5
8234,22:51:50,0.053,0.722,0,0,eGFP5
8235,22:51:52,0.127,1.356,0,0,eGFP5
8236,22:51:52,0.051,0.523,0,0,eGFP5
8237,22:51:53,0.040,0.983,0,0,eGFP5
8238,22:51:54,0.205,0.962,0,0,eGFP5
8239,22:51:55,0.040,0.523,0,0,eGFP5
8240,22:51:56,0.051,1.203,0,0,eGFP5
8241,22:51:58,0.105,1.960,0,0,eGFP5
8242,22:51:59,0.085,0.765,0,0,eGFP5
8243,22:51:59,0.040,0.721,0,0,eGFP5
8244,22:52:00,0.072,0.840,0,0,eGFP5
8245,22:52:01,0.073,0.765,0,0,eGFP5
8246,22:52:02,0.063,1.105,0,0,eGFP5
8247,22:52:03,0.139,0.677,0,0,eGFP5
8248,22:52:04,0.270,1.126,0,0,eGFP5
8249,22:52:04,0.040,0.490,0,0,eGFP5
8250,22:52:05,0.051,0.830,0,0,eGFP5
8251,22:52:06,0.075,0.733,0,0,eGFP5
8252,22:52:06,0.040,0.578,0,0,eGFP5
8253,22:52:07,0.061,0.819,0,0,eGFP5
8254,22:52:08,0.056,0.725,0,0,eGFP5
8255,22:52:09,0.050,0.698,0,0,eGFP5
8256,22:52:10,0.072,1.312,0,0,eGFP5
8257,22:52:11,0.050,0.610,0,0,eGFP5
8258,22:52:11,0.050,0.642,0,0,eGFP5
8259,22:52:13,0.085,2.016,0,0,eGFP5
8260,22:52:14,0.052,0.557,0,0,eGFP5
8261,22:52:15,0.050,0.665,0,0,eGFP5
8262,22:52:15,0.050,0.599,0,0,eGFP5
8263,22:52:16,0.061,0.829,0,0,eGFP5
8264,22:52:17,0.083,0.807,0,0,eGFP5
8265,22:52:17,0.051,0.577,0,0,eGFP5
8266,22:52:18,0.051,0.720,0,0,eGFP5
8267,22:52:19,0.118,0.743,0,0,eGFP5
8268,22:52:20,0.106,0.764,0,0,eGFP5
8269,22:52:20,0.039,0.555,0,0,eGFP5
8270,22:52:21,0.061,0.862,0,0,eGFP5
8271,22:52:22,0.051,0.588,0,0,eGFP5
8272,22:52:22,0.040,0.589,0,0,eGFP5
8273,22:52:23,0.050,0.643,0,0,eGFP5
8274,22:52:23,0.052,0.512,0,0,eGFP5
8275,22:52:24,0.053,0.843,0,0,eGFP5
8276,22:52:25,0.138,0.895,0,0,eGFP5
8277,22:52:26,0.039,0.588,0,0,eGFP5
8278,22:52:27,0.072,0.895,0,0,eGFP5
8279,22:52:27,0.040,0.523,0,0,eGFP5
8280,22:52:28,0.039,0.654,0,0,eGFP5
8281,22:52:29,0.072,1.071,0,0,eGFP5
8282,22:52:30,0.083,0.917,0,0,eGFP5
8283,22:52:30,0.051,0.797,0,0,eGFP5
8284,22:52:32,0.195,1.127,0,0,eGFP5
8285,22:52:32,0.062,0.753,0,0,eGFP5
8286,22:52:33,0.051,0.599,0,0,eGFP5
8287,22:52:34,0.051,0.676,0,0,eGFP5
8288,22:52:35,0.075,1.534,0,0,eGFP5
8289,22:52:36,0.051,0.588,0,0,eGFP5
8290,22:52:36,0.040,0.709,0,0,eGFP5
8291,22:52:37,0.062,0.918,0,0,eGFP5
8292,22:52:39,0.809,1.533,0,0,eGFP5
8293,22:52:39,0.040,0.468,0,0,eGFP5
8294,22:52:40,0.040,0.884,0,0,eGFP5
8295,22:52:41,0.238,1.094,0,0,eGFP5
8296,22:52:42,0.039,0.511,0,0,eGFP5
8297,22:52:43,0.040,0.709,0,0,eGFP5
8298,22:52:44,0.084,0.994,0,0,eGFP5
8299,22:52:45,0.084,0.984,0,0,eGFP5
8300,22:52:45,0.052,0.711,0,0,eGFP5
8301,22:52:46,0.052,0.667,0,0,eGFP5
8302,22:52:47,0.061,0.829,0,0,eGFP5
8303,22:52:48,0.095,1.598,0,0,eGFP5
8304,22:52:49,0.095,0.907,0,0,eGFP5
8305,22:52:50,0.051,0.643,0,0,eGFP5
8306,22:52:52,0.051,2.366,0,0,eGFP5
8307,22:52:53,0.062,0.611,0,0,eGFP5
8308,22:52:54,0.041,0.809,0,0,eGFP5
8309,22:52:55,0.106,0.885,0,0,eGFP5
8310,22:52:55,0.040,0.479,0,0,eGFP5
8311,22:52:56,0.040,0.720,0,0,eGFP5
8312,22:52:57,0.095,0.819,0,0,eGFP5
8313,22:52:57,0.051,0.588,0,0,eGFP5
8314,22:52:58,0.051,0.819,0,0,eGFP5
8315,22:52:59,0.064,0.755,0,0,eGFP5
8316,22:53:00,0.073,1.061,0,0,eGFP5
8317,22:53:00,0.101,0.661,0,0,eGFP5
8318,22:53:01,0.225,0.642,0,0,eGFP5
8319,22:53:02,0.204,0.939,0,0,eGFP5
8320,22:53:03,0.051,0.511,0,0,eGFP5
8321,22:53:03,0.051,0.917,0,0,eGFP5
8322,22:53:05,0.095,1.729,0,0,eGFP5
8323,22:53:06,0.073,0.687,0,0,eGFP5
8324,22:53:07,0.039,0.610,0,0,eGFP5
8325,22:53:08,0.052,1.094,0,0,eGFP5
8326,22:53:09,0.116,0.939,0,0,eGFP5
8327,22:53:09,0.051,0.665,0,0,eGFP5
8328,22:53:12,0.061,2.333,0,0,eGFP5
8329,22:53:12,0.041,0.524,0,0,eGFP5
8330,22:53:13,0.050,0.862,0,0,eGFP5
8331,22:53:14,0.061,0.654,0,0,eGFP5
8332,22:53:14,0.039,0.478,0,0,eGFP5
8333,22:53:15,0.052,0.897,0,0,eGFP5
8334,22:53:17,0.094,1.587,0,0,eGFP5
8335,22:53:17,0.050,0.544,0,0,eGFP5
8336,22:53:18,0.050,0.610,0,0,eGFP5
8337,22:53:19,0.083,0.983,0,0,eGFP5
8338,22:53:19,0.062,0.742,0,0,eGFP5
8339,22:53:20,0.039,0.533,0,0,eGFP5
8340,22:53:21,0.051,0.939,0,0,eGFP5
8341,22:53:22,0.084,0.676,0,0,eGFP5
8342,22:53:22,0.039,0.532,0,0,eGFP5
8343,22:53:23,0.053,1.303,0,0,eGFP5
8344,22:53:24,0.270,1.038,0,0,eGFP5
8345,22:53:25,0.040,0.479,0,0,eGFP5
8346,22:53:26,0.051,0.863,0,0,eGFP5
8347,22:53:27,0.094,0.807,0,0,eGFP5
8348,22:53:27,0.040,0.512,0,0,eGFP5
8349,22:53:29,0.050,1.510,0,0,eGFP5
8350,23:00:20,0.096,411.699,0,0,eGFP5
8351,23:00:21,0.095,0.940,0,0,eGFP5
8352,23:00:22,0.094,0.785,0,0,eGFP5
8353,23:00:24,0.633,1.675,0,0,eGFP5
8354,23:00:25,0.073,1.005,0,0,eGFP5
8355,23:00:26,0.095,0.885,0,0,eGFP5
8356,23:00:28,0.051,2.640,0,0,eGFP5
8357,23:00:29,0.052,0.612,0,0,eGFP5
8358,23:00:29,0.052,0.645,0,0,eGFP5
8359,23:00:30,0.040,0.555,0,0,eGFP5
8360,23:00:31,0.051,0.622,0,0,eGFP5
8361,23:00:31,0.040,0.577,0,0,eGFP5
8362,23:00:32,0.051,0.600,0,0,eGFP5
8363,23:00:33,0.061,0.742,0,0,eGFP5
8364,23:00:34,0.061,1.038,0,0,eGFP5
8365,23:00:34,0.117,0.786,0,0,eGFP5
8366,23:00:35,0.052,0.755,0,0,eGFP5
8367,23:00:36,0.083,0.950,0,0,eGFP5
8368,23:00:37,0.051,0.611,0,0,eGFP5
8369,23:00:38,0.061,1.718,0,0,eGFP5
8370,23:00:39,0.062,0.567,0,0,eGFP5
8371,23:00:40,0.042,1.073,0,0,eGFP5
8372,23:00:41,0.095,0.720,0,0,eGFP5
8373,23:00:41,0.040,0.589,0,0,eGFP5
8374,23:00:43,0.073,1.301,0,0,eGFP5
8375,23:00:43,0.042,0.525,0,0,eGFP5
8376,23:00:44,0.040,0.852,0,0,eGFP5
8377,23:00:45,0.073,0.665,0,0,eGFP5
8378,23:00:46,0.040,1.467,0,0,eGFP5
8379,23:00:47,0.095,0.742,0,0,eGFP5
8380,23:00:48,0.051,0.611,0,0,eGFP5
8381,23:00:48,0.088,0.922,0,0,eGFP5
8382,23:00:49,0.039,0.621,0,0,eGFP5
8383,23:00:50,0.073,0.929,0,0,eGFP5
8384,23:00:51,0.041,0.535,0,0,eGFP5
8385,23:00:51,0.039,0.840,0,0,eGFP5
8386,23:00:52,0.072,0.665,0,0,eGFP5
8387,23:00:53,0.039,0.522,0,0,eGFP5
8388,23:00:53,0.061,0.785,0,0,eGFP5
8389,23:00:54,0.062,0.566,0,0,eGFP5
8390,23:00:55,0.051,0.797,0,0,eGFP5
8391,23:00:55,0.096,0.743,0,0,eGFP5
8392,23:00:57,0.039,1.850,0,0,eGFP5
8393,23:00:58,0.061,0.588,0,0,eGFP5
8394,23:00:59,0.050,1.246,0,0,eGFP5
8395,23:01:00,0.094,0.687,0,0,eGFP5
8396,23:01:00,0.050,0.610,0,0,eGFP5
8397,23:01:01,0.050,0.774,0,0,eGFP5
8398,23:01:02,0.052,0.579,0,0,eGFP5
8399,23:01:02,0.041,0.579,0,0,eGFP5
8400,23:01:03,0.061,0.906,0,0,eGFP5
8401,23:01:04,0.072,0.610,0,0,eGFP5
8402,23:01:04,0.039,0.500,0,0,eGFP5
8403,23:01:05,0.051,0.929,0,0,eGFP5
8404,23:01:06,0.061,0.577,0,0,eGFP5
8405,23:01:07,0.039,0.621,0,0,eGFP5
8406,23:01:07,0.094,0.851,0,0,eGFP5
8407,23:01:08,0.040,0.566,0,0,eGFP5
8408,23:01:09,0.075,1.468,0,0,eGFP5
8409,23:01:10,0.051,0.643,0,0,eGFP5
8410,23:01:11,0.073,0.939,0,0,eGFP5
8411,23:01:12,0.051,0.534,0,0,eGFP5
8412,23:01:13,0.052,1.160,0,0,eGFP5
8413,23:01:13,0.062,0.610,0,0,eGFP5
8414,23:01:14,0.051,0.610,0,0,eGFP5
8415,23:01:15,0.073,1.049,0,0,eGFP5
8416,23:01:15,0.053,0.524,0,0,eGFP5
8417,23:01:17,0.051,1.938,0,0,eGFP5
8418,23:01:18,0.084,0.709,0,0,eGFP5
8419,23:01:19,0.051,0.545,0,0,eGFP5
8420,23:01:19,0.039,0.599,0,0,eGFP5
8421,23:01:20,0.051,0.709,0,0,eGFP5
8422,23:01:21,0.040,0.544,0,0,eGFP5
8423,23:01:21,0.051,0.819,0,0,eGFP5
8424,23:01:22,0.063,0.645,0,0,eGFP5
8425,23:01:23,0.062,0.698,0,0,eGFP5
8426,23:01:23,0.053,0.579,0,0,eGFP5
8427,23:01:24,0.040,0.523,0,0,eGFP5
8428,23:01:25,0.051,0.917,0,0,eGFP5
8429,23:01:25,0.051,0.556,0,0,eGFP5
8430,23:01:26,0.040,0.600,0,0,eGFP5
8431,23:01:27,0.061,0.709,0,0,eGFP5
8432,23:01:27,0.041,0.513,0,0,eGFP5
8433,23:01:28,0.040,0.709,0,0,eGFP5
8434,23:01:29,0.106,0.940,0,0,eGFP5
8435,23:01:29,0.051,0.512,0,0,eGFP5
8436,23:01:31,0.040,2.113,0,0,eGFP5
8437,23:01:32,0.051,0.732,0,0,eGFP5
8438,23:01:33,0.106,1.291,0,0,eGFP5
8439,23:01:35,0.062,1.301,0,0,eGFP5
8440,23:01:35,0.064,0.558,0,0,eGFP5
8441,23:01:36,0.042,0.557,0,0,eGFP5
8442,23:01:37,0.073,1.204,0,0,eGFP5
8443,23:01:38,0.050,0.544,0,0,eGFP5
8444,23:01:38,0.034,0.539,0,0,eGFP5
8445,23:01:39,0.050,0.665,0,0,eGFP5
8446,23:01:39,0.050,0.599,0,0,eGFP5
8447,23:01:40,0.039,0.675,0,0,eGFP5
8448,23:01:41,0.094,0.819,0,0,eGFP5
8449,23:01:43,0.051,2.323,0,0,eGFP5
8450,23:01:44,0.061,0.577,0,0,eGFP5
8451,23:01:45,0.039,0.752,0,0,eGFP5
8452,23:01:46,0.149,1.148,0,0,eGFP5
8453,23:01:46,0.039,0.511,0,0,eGFP5
8454,23:01:47,0.041,0.721,0,0,eGFP5
8455,23:01:48,0.072,0.763,0,0,eGFP5
8456,23:01:48,0.051,0.610,0,0,eGFP5
8457,23:01:49,0.063,0.755,0,0,eGFP5
8458,23:01:50,0.050,0.632,0,0,eGFP5
8459,23:01:50,0.039,0.588,0,0,eGFP5
8460,23:01:51,0.039,0.632,0,0,eGFP5
8461,23:01:52,0.050,0.752,0,0,eGFP5
8462,23:01:52,0.062,0.676,0,0,eGFP5
8463,23:01:53,0.062,0.665,0,0,eGFP5
8464,23:01:54,0.062,0.786,0,0,eGFP5
8465,23:01:54,0.052,0.666,0,0,eGFP5
8466,23:01:55,0.062,0.720,0,0,eGFP5
8467,23:01:57,0.085,1.830,0,0,eGFP5
8468,23:01:58,0.106,0.731,0,0,eGFP5
8469,23:01:58,0.051,0.479,0,0,eGFP5
8470,23:01:59,0.050,0.807,0,0,eGFP5
8471,23:02:00,0.073,0.709,0,0,eGFP5
8472,23:02:00,0.040,0.534,0,0,eGFP5
8473,23:02:01,0.050,0.775,0,0,eGFP5
8474,23:02:02,0.055,0.571,0,0,eGFP5
8475,23:02:05,0.040,3.057,0,0,eGFP5
8476,23:02:05,0.116,0.731,0,0,eGFP5
8477,23:02:06,0.259,0.643,0,0,eGFP5
8478,23:02:08,1.214,2.168,0,0,eGFP5
8479,23:02:09,0.051,0.633,0,0,eGFP5
8480,23:02:10,0.061,0.917,0,0,eGFP5
8481,23:02:10,0.053,0.645,0,0,eGFP5
8482,23:02:11,0.063,0.755,0,0,eGFP5
8483,23:02:12,0.050,0.588,0,0,eGFP5
8484,23:02:13,0.051,1.006,0,0,eGFP5
8485,23:02:13,0.050,0.577,0,0,eGFP5
8486,23:02:15,0.051,1.214,0,0,eGFP5
8487,23:02:15,0.073,0.643,0,0,eGFP5
8488,23:02:16,0.051,1.192,0,0,eGFP5
8489,23:02:17,0.062,0.567,0,0,eGFP5
8490,23:02:17,0.042,0.546,0,0,eGFP5
8491,23:02:18,0.051,0.885,0,0,eGFP5
8492,23:02:19,0.062,0.567,0,0,eGFP5
8493,23:02:20,0.040,0.687,0,0,eGFP5
8494,23:02:21,0.106,0.951,0,0,eGFP5
8495,23:02:21,0.042,0.502,0,0,eGFP5
8496,23:02:22,0.040,0.721,0,0,eGFP5
8497,23:02:22,0.062,0.665,0,0,eGFP5
8498,23:02:23,0.042,0.503,0,0,eGFP5
8499,23:02:24,0.051,0.808,0,0,eGFP5
8500,23:02:24,0.062,0.610,0,0,eGFP5
8501,23:02:25,0.041,0.644,0,0,eGFP5
8502,23:02:26,0.117,1.455,0,0,eGFP5
8503,23:02:27,0.041,0.556,0,0,eGFP5
8504,23:02:28,0.051,0.787,0,0,eGFP5
8505,23:02:28,0.051,0.588,0,0,eGFP5
8506,23:02:29,0.051,0.545,0,0,eGFP5
8507,23:02:30,0.058,0.881,0,0,eGFP5
8508,23:02:30,0.072,0.676,0,0,eGFP5
8509,23:02:31,0.041,0.611,0,0,eGFP5
8510,23:02:32,0.073,1.389,0,0,eGFP5
8511,23:02:33,0.051,0.578,0,0,eGFP5
8512,23:02:34,0.039,0.653,0,0,eGFP5
8513,23:02:35,0.172,1.554,0,0,eGFP5
8514,23:02:36,0.040,0.544,0,0,eGFP5
8515,23:02:36,0.052,0.678,0,0,eGFP5
8516,23:02:37,0.072,0.950,0,0,eGFP5
8517,23:02:38,0.061,0.643,0,0,eGFP5
8518,23:02:40,0.039,2.355,0,0,eGFP5
8519,23:02:41,0.072,0.708,0,0,eGFP5
8520,23:02:42,0.051,0.556,0,0,eGFP5
8521,23:02:42,0.050,0.763,0,0,eGFP5
8522,23:02:44,0.106,1.697,0,0,eGFP5
8523,23:02:45,0.064,0.701,0,0,eGFP5
8524,23:02:46,0.061,0.687,0,0,eGFP5
8525,23:02:47,0.061,1.894,0,0,eGFP5
8526,23:02:48,0.050,0.555,0,0,eGFP5
8527,23:02:49,0.040,0.632,0,0,eGFP5
8528,23:02:50,0.073,0.896,0,0,eGFP5
8529,23:02:50,0.050,0.555,0,0,eGFP5
8530,23:02:52,0.039,2.311,0,0,eGFP5
8531,23:02:53,0.063,0.886,0,0,eGFP5
8532,23:02:54,0.061,0.599,0,0,eGFP5
8533,23:02:55,0.051,0.775,0,0,eGFP5
8534,23:02:57,0.084,1.894,0,0,eGFP5
8535,23:02:57,0.051,0.533,0,0,eGFP5
8536,23:02:58,0.040,0.830,0,0,eGFP5
8537,23:02:59,0.107,0.799,0,0,eGFP5
8538,23:02:59,0.039,0.489,0,0,eGFP5
8539,23:03:01,0.040,1.587,0,0,eGFP5
8540,23:03:01,0.063,0.579,0,0,eGFP5
8541,23:03:02,0.051,0.698,0,0,eGFP5
8542,23:03:03,0.073,0.984,0,0,eGFP5
8543,23:03:04,0.061,0.687,0,0,eGFP5
8544,23:03:04,0.039,0.522,0,0,eGFP5
8545,23:03:05,0.062,0.874,0,0,eGFP5
8546,23:03:06,0.095,0.939,0,0,eGFP5
8547,23:03:07,0.062,0.710,0,0,eGFP5
8548,23:03:07,0.063,0.678,0,0,eGFP5
8549,23:03:09,0.061,1.762,0,0,eGFP5
8550,23:03:10,0.074,0.656,0,0,eGFP5
8551,23:03:10,0.051,0.599,0,0,eGFP5
8552,23:03:11,0.062,0.973,0,0,eGFP5
8553,23:03:12,0.051,0.567,0,0,eGFP5
8554,23:03:14,0.039,2.300,0,0,eGFP5
8555,23:03:15,0.059,0.574,0,0,eGFP5
8556,23:03:17,0.052,2.290,0,0,eGFP5
8557,23:03:19,0.128,1.488,0,0,eGFP5
8558,23:03:19,0.039,0.566,0,0,eGFP5
8559,23:03:20,0.061,0.873,0,0,eGFP5
8560,23:03:21,0.062,0.533,0,0,eGFP5
8561,23:03:21,0.040,0.545,0,0,eGFP5
8562,23:03:22,0.061,0.708,0,0,eGFP5
8563,23:03:22,0.050,0.555,0,0,eGFP5
8564,23:03:23,0.043,0.701,0,0,eGFP5
8565,23:03:24,0.072,0.939,0,0,eGFP5
8566,23:03:25,0.588,1.367,0,0,eGFP5
8567,23:03:26,0.040,0.489,0,0,eGFP5
8568,23:03:27,0.051,0.578,0,0,eGFP5
8569,23:03:27,0.061,0.785,0,0,eGFP5
8570,23:03:28,0.062,0.709,0,0,eGFP5
8571,23:03:29,0.050,0.588,0,0,eGFP5
8572,23:03:31,0.050,2.387,0,0,eGFP5
8573,23:03:31,0.042,0.491,0,0,eGFP5
8574,23:03:32,0.051,0.632,0,0,eGFP5
8575,23:03:33,0.062,1.225,0,0,eGFP5
8576,23:03:34,0.050,0.588,0,0,eGFP5
8577,23:03:35,0.051,0.786,0,0,eGFP5
8578,23:03:36,0.129,0.875,0,0,eGFP5
8579,23:03:36,0.039,0.478,0,0,eGFP5
8580,23:03:37,0.040,1.181,0,0,eGFP5
8581,23:03:38,0.118,0.754,0,0,eGFP5
8582,23:03:39,0.040,0.512,0,0,eGFP5
8583,23:03:40,0.061,1.367,0,0,eGFP5
8584,23:03:40,0.061,0.621,0,0,eGFP5
8585,23:03:41,0.051,0.775,0,0,eGFP5
8586,23:03:43,0.072,1.905,0,0,eGFP5
8587,23:03:44,0.061,0.599,0,0,eGFP5
8588,23:03:44,0.040,0.621,0,0,eGFP5
8589,23:03:46,0.085,1.841,0,0,eGFP5
8590,23:03:47,0.072,0.643,0,0,eGFP5
8591,23:03:49,0.040,2.530,0,0,eGFP5
8592,23:03:50,0.064,0.634,0,0,eGFP5
8593,23:03:51,0.051,0.643,0,0,eGFP5
8594,23:03:52,0.084,0.973,0,0,eGFP5
8595,23:03:53,0.083,1.060,0,0,eGFP5
8596,23:03:55,0.073,2.541,0,0,eGFP5
8597,23:03:56,0.040,0.501,0,0,eGFP5
8598,23:03:56,0.049,0.620,0,0,eGFP5
8599,23:03:57,0.062,0.797,0,0,eGFP5
8600,23:03:58,0.050,0.500,0,0,eGFP5
8601,23:03:58,0.040,0.589,0,0,eGFP5
8602,23:04:00,0.094,1.345,0,0,eGFP5
8603,23:04:00,0.084,0.633,0,0,eGFP5
8604,23:04:01,0.105,1.137,0,0,eGFP5
8605,23:04:03,0.094,1.389,0,0,eGFP5
8606,23:04:03,0.054,0.702,0,0,eGFP5
8607,23:04:14,0.073,10.727,0,0,eGFP5
8608,23:04:15,0.182,0.895,0,0,eGFP5
8609,23:04:16,0.073,0.688,0,0,eGFP5
8610,23:04:16,0.040,0.566,0,0,eGFP5
8611,23:04:17,0.062,0.666,0,0,eGFP5
8612,23:04:18,0.039,0.511,0,0,eGFP5
8613,23:04:18,0.051,0.775,0,0,eGFP5
8614,23:04:19,0.064,0.569,0,0,eGFP5
8615,23:04:19,0.051,0.522,0,0,eGFP5
8616,23:04:20,0.051,0.578,0,0,eGFP5
8617,23:04:20,0.040,0.457,0,0,eGFP5
8618,23:04:21,0.034,0.791,0,0,eGFP5
8619,23:04:22,0.127,0.851,0,0,eGFP5
8620,23:04:23,0.041,0.491,0,0,eGFP5
8621,23:04:23,0.039,0.818,0,0,eGFP5
8622,23:04:24,0.085,0.678,0,0,eGFP5
8623,23:04:25,0.039,0.522,0,0,eGFP5
8624,23:04:25,0.050,0.895,0,0,eGFP5
8625,23:04:26,0.050,0.566,0,0,eGFP5
8626,23:04:27,0.039,0.610,0,0,eGFP5
8627,23:04:27,0.083,0.752,0,0,eGFP5
8628,23:04:28,0.040,0.500,0,0,eGFP5
8629,23:04:29,0.040,1.598,0,0,eGFP5
8630,23:04:30,0.050,0.555,0,0,eGFP5
8631,23:04:31,0.041,0.578,0,0,eGFP5
8632,23:04:31,0.051,0.665,0,0,eGFP5
8633,23:04:32,0.041,0.491,0,0,eGFP5
8634,23:04:33,0.040,1.411,0,0,eGFP5
8635,23:04:34,0.116,0.808,0,0,eGFP5
8636,23:04:35,0.050,0.632,0,0,eGFP5
8637,23:04:35,0.050,0.664,0,0,eGFP5
8638,23:04:36,0.040,0.687,0,0,eGFP5
8639,23:04:37,0.085,1.150,0,0,eGFP5
8640,23:04:38,0.050,0.533,0,0,eGFP5
8641,23:04:38,0.050,0.763,0,0,eGFP5
8642,23:04:39,0.084,0.819,0,0,eGFP5
8643,23:04:40,0.040,0.533,0,0,eGFP5
8644,23:04:41,0.051,0.830,0,0,eGFP5
8645,23:04:41,0.083,0.731,0,0,eGFP5
8646,23:04:42,0.039,0.533,0,0,eGFP5
8647,23:04:43,0.043,0.701,0,0,eGFP5
8648,23:04:43,0.062,0.643,0,0,eGFP5
8649,23:04:44,0.040,0.588,0,0,eGFP5
8650,23:04:45,0.062,0.929,0,0,eGFP5
8651,23:04:45,0.050,0.577,0,0,eGFP5
8652,23:04:46,0.051,0.654,0,0,eGFP5
8653,23:04:47,0.084,0.786,0,0,eGFP5
8654,23:04:47,0.039,0.522,0,0,eGFP5
8655,23:04:48,0.052,0.864,0,0,eGFP5
8656,23:04:49,0.073,0.677,0,0,eGFP5
8657,23:04:49,0.039,0.643,0,0,eGFP5
8658,23:04:50,0.083,0.895,0,0,eGFP5
8659,23:04:51,0.051,0.567,0,0,eGFP5
8660,23:04:52,0.050,0.829,0,0,eGFP5
8661,23:04:52,0.075,0.678,0,0,eGFP5
8662,23:04:53,0.040,0.490,0,0,eGFP5
8663,23:04:54,0.050,1.411,0,0,eGFP5
8664,23:04:55,0.052,0.524,0,0,eGFP5
8665,23:04:57,0.040,2.180,0,0,eGFP5
8666,23:04:58,0.094,0.742,0,0,eGFP5
8667,23:04:59,0.050,0.840,0,0,eGFP5
8668,23:05:00,0.227,1.061,0,0,eGFP5
8669,23:05:00,0.039,0.500,0,0,eGFP5
8670,23:05:01,0.040,1.159,0,0,eGFP5
8671,23:05:02,0.073,0.676,0,0,eGFP5
8672,23:05:03,0.042,0.613,0,0,eGFP5
8673,23:05:03,0.061,0.665,0,0,eGFP5
8674,23:05:04,0.051,0.588,0,0,eGFP5
8675,23:05:05,0.086,0.766,0,0,eGFP5
8676,23:05:06,0.117,1.554,0,0,eGFP5
8677,23:05:07,0.073,0.808,0,0,eGFP5
8678,23:05:08,0.073,0.698,0,0,eGFP5
8679,23:05:08,0.051,0.589,0,0,eGFP5
8680,23:05:09,0.053,0.667,0,0,eGFP5
8681,23:05:10,0.051,0.611,0,0,eGFP5
8682,23:05:10,0.044,0.681,0,0,eGFP5
8683,23:05:11,0.072,0.840,0,0,eGFP5
8684,23:05:12,0.039,0.500,0,0,eGFP5
8685,23:05:13,0.050,1.257,0,0,eGFP5
8686,23:05:13,0.072,0.610,0,0,eGFP5
8687,23:05:15,0.050,1.367,0,0,eGFP5
8688,23:05:15,0.074,0.666,0,0,eGFP5
8689,23:05:16,0.041,0.656,0,0,eGFP5
8690,23:05:17,0.061,0.818,0,0,eGFP5
8691,23:05:17,0.050,0.522,0,0,eGFP5
8692,23:05:18,0.039,0.785,0,0,eGFP5
8693,23:05:19,0.095,0.720,0,0,eGFP5
8694,23:05:20,0.039,0.566,0,0,eGFP5
8695,23:05:21,0.072,1.411,0,0,eGFP5
8696,23:05:21,0.050,0.522,0,0,eGFP5
8697,23:05:22,0.041,0.710,0,0,eGFP5
8698,23:05:23,0.095,0.819,0,0,eGFP5
8699,23:05:24,0.050,0.621,0,0,eGFP5
8700,23:05:25,0.072,1.147,0,0,eGFP5
8701,23:05:25,0.051,0.533,0,0,eGFP5
8702,23:05:26,0.051,0.841,0,0,eGFP5
8703,23:05:27,0.096,0.754,0,0,eGFP5
8704,23:05:28,0.051,0.797,0,0,eGFP5
8705,23:05:28,0.085,0.754,0,0,eGFP5
8706,23:05:29,0.039,0.555,0,0,eGFP5
8707,23:05:30,0.073,1.137,0,0,eGFP5
8708,23:05:31,0.061,0.544,0,0,eGFP5
8709,23:05:32,0.040,0.874,0,0,eGFP5
8710,23:05:32,0.072,0.708,0,0,eGFP5
8711,23:05:34,0.051,1.609,0,0,eGFP5
8712,23:05:35,0.105,0.775,0,0,eGFP5
8713,23:05:35,0.041,0.633,0,0,eGFP5
8714,23:05:36,0.073,0.940,0,0,eGFP5
8715,23:05:37,0.050,0.544,0,0,eGFP5
8716,23:05:38,0.040,0.830,0,0,eGFP5
8717,23:05:38,0.071,0.707,0,0,eGFP5
8718,23:05:39,0.040,0.555,0,0,eGFP5
8719,23:05:40,0.062,0.830,0,0,eGFP5
8720,23:05:40,0.061,0.676,0,0,eGFP5
8721,23:05:41,0.052,0.919,0,0,eGFP5
8722,23:05:42,0.095,0.731,0,0,eGFP5
8723,23:05:44,0.040,1.982,0,0,eGFP5
8724,23:05:45,0.072,0.643,0,0,eGFP5
8725,23:05:45,0.051,0.621,0,0,eGFP5
8726,23:05:46,0.062,0.775,0,0,eGFP5
8727,23:05:47,0.073,0.720,0,0,eGFP5
8728,23:05:48,0.062,0.852,0,0,eGFP5
8729,23:05:49,0.138,1.575,0,0,eGFP5
8730,23:05:52,0.044,2.677,0,0,eGFP5
8731,23:05:52,0.051,0.600,0,0,eGFP5
8732,23:05:53,0.041,0.578,0,0,eGFP5
8733,23:05:54,0.073,0.874,0,0,eGFP5
8734,23:05:55,0.073,1.324,0,0,eGFP5
8735,23:05:56,0.073,0.786,0,0,eGFP5
8736,23:05:57,0.051,0.588,0,0,eGFP5
8737,23:05:57,0.051,0.732,0,0,eGFP5
8738,23:05:59,0.107,1.391,0,0,eGFP5
8739,23:06:00,0.117,0.819,0,0,eGFP5
8740,23:06:00,0.040,0.621,0,0,eGFP5
8741,23:06:01,0.073,0.984,0,0,eGFP5
8742,23:06:04,0.084,2.542,0,0,eGFP5
8743,23:06:06,0.072,2.453,0,0,eGFP5
8744,23:06:07,0.064,0.569,0,0,eGFP5
8745,23:06:07,0.034,0.528,0,0,eGFP5
8746,23:06:08,0.062,0.688,0,0,eGFP5
8747,23:06:09,0.050,0.599,0,0,eGFP5
8748,23:06:09,0.061,0.818,0,0,eGFP5
8749,23:06:10,0.061,0.687,0,0,eGFP5
8750,23:06:11,0.050,0.610,0,0,eGFP5
8751,23:06:11,0.039,0.609,0,0,eGFP5
8752,23:06:12,0.062,0.830,0,0,eGFP5
8753,23:06:13,0.050,0.555,0,0,eGFP5
8754,23:06:13,0.052,0.699,0,0,eGFP5
8755,23:06:14,0.072,0.819,0,0,eGFP5
8756,23:06:15,0.061,0.697,0,0,eGFP5
8757,23:06:16,0.062,0.775,0,0,eGFP5
8758,23:06:17,0.074,1.094,0,0,eGFP5
8759,23:06:19,0.083,2.651,0,0,eGFP5
8760,23:06:20,0.083,0.895,0,0,eGFP5
8761,23:06:21,0.073,0.654,0,0,eGFP5
8762,23:06:22,0.040,0.720,0,0,eGFP5
8763,23:06:23,0.096,0.974,0,0,eGFP5
8764,23:06:24,0.083,1.509,0,0,eGFP5
8765,23:06:25,0.062,0.775,0,0,eGFP5
8766,23:06:26,0.094,0.786,0,0,eGFP5
8767,23:06:26,0.039,0.522,0,0,eGFP5
8768,23:06:28,0.051,1.455,0,0,eGFP5
8769,23:06:28,0.051,0.621,0,0,eGFP5
8770,23:06:29,0.051,0.742,0,0,eGFP5
8771,23:06:30,0.063,0.930,0,0,eGFP5
8772,23:06:31,0.096,0.930,0,0,eGFP5
8773,23:06:33,0.061,1.696,0,0,eGFP5
8774,23:06:33,0.051,0.555,0,0,eGFP5
8775,23:06:34,0.040,0.720,0,0,eGFP5
8776,23:06:35,0.106,0.830,0,0,eGFP5
8777,23:06:35,0.051,0.489,0,0,eGFP5
8778,23:21:47,0.040,911.378,0,0,eGFP5
8779,23:21:48,0.096,1.720,0,0,eGFP5
8780,23:21:49,0.050,0.588,0,0,eGFP5
8781,23:21:50,0.051,1.159,0,0,eGFP5
8782,23:21:51,0.138,0.522,0,0,eGFP5
8783,23:21:51,0.150,0.929,0,0,eGFP5
8784,23:21:52,0.050,0.632,0,0,eGFP5
8785,23:21:53,0.062,0.830,0,0,eGFP5
8786,23:21:54,0.074,0.820,0,0,eGFP5
8787,23:21:54,0.053,0.634,0,0,eGFP5
8788,23:21:57,0.062,2.234,0,0,eGFP5
8789,23:21:57,0.062,0.687,0,0,eGFP5
8790,23:21:58,0.095,1.050,0,0,eGFP5
8791,23:21:59,0.050,0.511,0,0,eGFP5
8792,23:22:00,0.040,1.181,0,0,eGFP5
8793,23:22:01,0.161,1.401,0,0,eGFP5
8794,23:22:02,0.072,0.676,0,0,eGFP5
8795,23:22:04,0.051,1.411,0,0,eGFP5
8796,23:22:04,0.053,0.535,0,0,eGFP5
8797,23:22:06,0.051,1.840,0,0,eGFP5
8798,23:22:06,0.040,0.566,0,0,eGFP5
8799,23:22:08,0.053,1.062,0,0,eGFP5
8800,23:22:08,0.040,0.534,0,0,eGFP5
8801,23:22:09,0.040,1.335,0,0,eGFP5
8802,23:22:10,0.051,0.555,0,0,eGFP5
8803,23:22:11,0.040,0.655,0,0,eGFP5
8804,23:22:11,0.096,0.853,0,0,eGFP5
8805,23:22:12,0.040,0.633,0,0,eGFP5
8806,23:22:14,0.106,1.631,0,0,eGFP5
8807,23:22:14,0.051,0.566,0,0,eGFP5
8808,23:22:15,0.040,0.633,0,0,eGFP5
8809,23:22:16,0.055,0.703,0,0,eGFP5
8810,23:22:16,0.050,0.544,0,0,eGFP5
8811,23:22:17,0.050,0.587,0,0,eGFP5
8812,23:22:18,0.063,0.897,0,0,eGFP5
8813,23:22:18,0.041,0.568,0,0,eGFP5
8814,23:22:19,0.061,1.048,0,0,eGFP5
8815,23:22:20,0.051,0.555,0,0,eGFP5
8816,23:22:21,0.040,0.972,0,0,eGFP5
8817,23:22:21,0.084,0.676,0,0,eGFP5
8818,23:22:22,0.039,0.555,0,0,eGFP5
8819,23:22:23,0.061,1.356,0,0,eGFP5
8820,23:22:24,0.052,0.502,0,0,eGFP5
8821,23:22:25,0.040,0.621,0,0,eGFP5
8822,23:22:26,0.083,0.983,0,0,eGFP5
8823,23:22:26,0.051,0.522,0,0,eGFP5
8824,23:22:27,0.040,0.556,0,0,eGFP5
8825,23:22:27,0.061,0.763,0,0,eGFP5
8826,23:22:28,0.062,0.654,0,0,eGFP5
8827,23:22:29,0.041,0.557,0,0,eGFP5
8828,23:22:29,0.050,0.786,0,0,eGFP5
8829,23:22:30,0.074,0.995,0,0,eGFP5
8830,23:22:32,0.084,2.092,0,0,eGFP5
8831,23:22:33,0.094,0.818,0,0,eGFP5
8832,23:22:34,0.193,0.556,0,0,eGFP5
8833,23:22:35,0.149,0.895,0,0,eGFP5
8834,23:22:35,0.040,0.522,0,0,eGFP5
8835,23:22:36,0.062,0.797,0,0,eGFP5
8836,23:22:37,0.062,0.599,0,0,eGFP5
8837,23:22:38,0.053,1.150,0,0,eGFP5
8838,23:22:38,0.061,0.577,0,0,eGFP5
8839,23:22:39,0.029,0.599,0,0,eGFP5
8840,23:22:41,0.106,1.631,0,0,eGFP5
8841,23:22:41,0.052,0.798,0,0,eGFP5
8842,23:22:42,0.062,0.567,0,0,eGFP5
8843,23:22:43,0.039,0.621,0,0,eGFP5
8844,23:22:44,0.094,1.093,0,0,eGFP5
8845,23:22:44,0.041,0.491,0,0,eGFP5
8846,23:22:46,0.051,1.587,0,0,eGFP5
8847,23:22:46,0.073,0.610,0,0,eGFP5
8848,23:22:47,0.029,0.501,0,0,eGFP5
8849,23:22:48,0.062,1.378,0,0,eGFP5
8850,23:22:49,0.040,0.501,0,0,eGFP5
8851,23:22:49,0.040,0.588,0,0,eGFP5
8852,23:22:53,0.084,3.705,0,0,eGFP5
8853,23:22:54,0.062,0.720,0,0,eGFP5
8854,23:22:54,0.049,0.609,0,0,eGFP5
8855,23:22:55,0.052,0.996,0,0,eGFP5
8856,23:22:56,0.106,0.896,0,0,eGFP5
8857,23:22:57,0.051,0.555,0,0,eGFP5
8858,23:22:57,0.051,0.666,0,0,eGFP5
8859,23:22:58,0.050,0.566,0,0,eGFP5
8860,23:22:59,0.040,0.600,0,0,eGFP5
8861,23:23:00,0.061,0.895,0,0,eGFP5
8862,23:23:00,0.053,0.514,0,0,eGFP5
8863,23:23:01,0.029,0.665,0,0,eGFP5
8864,23:23:01,0.194,0.523,0,0,eGFP5
8865,23:23:03,0.709,1.466,0,0,eGFP5
8866,23:23:03,0.051,0.490,0,0,eGFP5
8867,23:23:04,0.040,0.632,0,0,eGFP5
8868,23:23:04,0.073,0.666,0,0,eGFP5
8869,23:23:05,0.042,0.634,0,0,eGFP5
8870,23:23:06,0.108,1.139,0,0,eGFP5
8871,23:23:07,0.040,0.501,0,0,eGFP5
8872,23:23:08,0.045,1.296,0,0,eGFP5
8873,23:23:09,0.072,0.599,0,0,eGFP5
8874,23:23:09,0.039,0.742,0,0,eGFP5
8875,23:23:11,0.247,1.422,0,0,eGFP5
8876,23:23:11,0.039,0.533,0,0,eGFP5
8877,23:23:12,0.050,0.895,0,0,eGFP5
8878,23:23:13,0.052,0.600,0,0,eGFP5
8879,23:23:13,0.040,0.632,0,0,eGFP5
8880,23:23:14,0.073,0.720,0,0,eGFP5
8881,23:23:15,0.039,0.610,0,0,eGFP5
8882,23:23:17,0.061,1.729,0,0,eGFP5
8883,23:23:17,0.041,0.535,0,0,eGFP5
8884,23:23:18,0.050,0.698,0,0,eGFP5
8885,23:23:18,0.072,0.730,0,0,eGFP5
8886,23:23:19,0.051,0.534,0,0,eGFP5
8887,23:23:20,0.041,0.710,0,0,eGFP5
8888,23:23:20,0.050,0.643,0,0,eGFP5
8889,23:23:21,0.039,0.566,0,0,eGFP5
8890,23:23:22,0.050,0.752,0,0,eGFP5
8891,23:23:22,0.051,0.632,0,0,eGFP5
8892,23:23:23,0.051,0.621,0,0,eGFP5
8893,23:23:24,0.051,0.775,0,0,eGFP5
8894,23:23:24,0.051,0.555,0,0,eGFP5
8895,23:23:25,0.041,0.590,0,0,eGFP5
8896,23:23:26,0.074,1.149,0,0,eGFP5
8897,23:23:27,0.040,0.523,0,0,eGFP5
8898,23:23:27,0.040,0.610,0,0,eGFP5
8899,23:23:28,0.084,1.148,0,0,eGFP5
8900,23:23:29,0.051,0.555,0,0,eGFP5
8901,23:23:30,0.040,0.863,0,0,eGFP5
8902,23:23:30,0.094,0.742,0,0,eGFP5
8903,23:23:32,0.052,1.116,0,0,eGFP5
8904,23:23:33,0.117,0.951,0,0,eGFP5
8905,23:23:33,0.051,0.632,0,0,eGFP5
8906,23:23:34,0.051,0.731,0,0,eGFP5
8907,23:23:36,0.062,2.410,0,0,eGFP5
8908,23:23:37,0.116,0.972,0,0,eGFP5
8909,23:23:38,0.051,0.808,0,0,eGFP5
8910,23:23:39,0.140,1.128,0,0,eGFP5
8911,23:23:40,0.085,0.886,0,0,eGFP5
8912,23:23:41,0.073,0.951,0,0,eGFP5
8913,23:23:43,0.127,1.488,0,0,eGFP5
8914,23:23:43,0.040,0.500,0,0,eGFP5
8915,23:23:44,0.051,1.357,0,0,eGFP5
8916,23:23:45,0.292,1.093,0,0,eGFP5
8917,23:23:46,0.040,0.468,0,0,eGFP5
8918,23:23:47,0.040,0.929,0,0,eGFP5
8919,23:23:48,0.116,0.884,0,0,eGFP5
8920,23:23:49,0.064,1.413,0,0,eGFP5
8921,23:23:50,0.051,0.545,0,0,eGFP5
8922,23:23:52,0.040,1.971,0,0,eGFP5
8923,23:23:53,0.106,1.181,0,0,eGFP5
8924,23:23:53,0.053,0.612,0,0,eGFP5
8925,23:23:54,0.073,1.017,0,0,eGFP5
8926,23:23:55,0.117,0.896,0,0,eGFP5
8927,23:23:56,0.084,0.687,0,0,eGFP5
8928,23:24:00,0.053,3.630,0,0,eGFP5
8929,23:24:00,0.117,0.764,0,0,eGFP5
8930,23:25:02,61.430,61.792,0,0,eGFP5
8931,23:25:03,0.171,0.874,0,0,eGFP5
8932,23:25:04,0.051,0.983,0,0,eGFP5
8933,23:25:05,0.073,0.743,0,0,eGFP5
8934,23:25:05,0.051,0.522,0,0,eGFP5
8935,23:25:07,0.057,2.032,0,0,eGFP5
8936,23:25:08,0.052,0.502,0,0,eGFP5
8937,23:25:09,0.039,1.586,0,0,eGFP5
8938,23:25:10,0.063,0.579,0,0,eGFP5
8939,23:25:12,0.050,2.014,0,0,eGFP5
8940,23:25:13,0.061,0.588,0,0,eGFP5
8941,23:25:13,0.050,0.796,0,0,eGFP5
8942,23:25:14,0.062,0.599,0,0,eGFP5
8943,23:25:15,0.040,0.885,0,0,eGFP5
8944,23:25:16,0.523,1.390,0,0,eGFP5
8945,23:25:17,0.051,0.566,0,0,eGFP5
8946,23:25:18,0.051,0.665,0,0,eGFP5
8947,23:25:19,0.040,1.378,0,0,eGFP5
8948,23:25:20,0.149,0.939,0,0,eGFP5
8949,23:25:20,0.051,0.577,0,0,eGFP5
8950,23:25:21,0.051,0.621,0,0,eGFP5
8951,23:25:22,0.051,0.534,0,0,eGFP5
8952,23:25:22,0.041,0.765,0,0,eGFP5
8953,23:25:23,0.074,0.754,0,0,eGFP5
8954,23:25:24,0.040,0.534,0,0,eGFP5
8955,23:25:25,0.050,0.840,0,0,eGFP5
8956,23:25:25,0.051,0.566,0,0,eGFP5
8957,23:25:27,0.051,1.938,0,0,eGFP5
8958,23:25:28,0.051,0.566,0,0,eGFP5
8959,23:25:28,0.040,0.676,0,0,eGFP5
8960,23:25:29,0.051,0.654,0,0,eGFP5
8961,23:25:30,0.041,0.601,0,0,eGFP5
8962,23:25:30,0.073,0.852,0,0,eGFP5
8963,23:25:31,0.039,0.489,0,0,eGFP5
8964,23:25:32,0.040,0.676,0,0,eGFP5
8965,23:25:32,0.107,0.875,0,0,eGFP5
8966,23:25:33,0.051,0.523,0,0,eGFP5
8967,23:25:34,0.050,0.665,0,0,eGFP5
8968,23:25:34,0.050,0.610,0,0,eGFP5
8969,23:25:35,0.052,0.700,0,0,eGFP5
8970,23:25:36,0.050,0.873,0,0,eGFP5
8971,23:25:37,0.084,0.753,0,0,eGFP5
8972,23:25:37,0.051,0.556,0,0,eGFP5
8973,23:25:38,0.050,0.873,0,0,eGFP5
8974,23:25:39,0.073,0.786,0,0,eGFP5
8975,23:25:39,0.062,0.599,0,0,eGFP5
8976,23:25:40,0.040,0.512,0,0,eGFP5
8977,23:25:41,0.041,0.963,0,0,eGFP5
8978,23:25:41,0.073,0.632,0,0,eGFP5
8979,23:25:42,0.042,0.492,0,0,eGFP5
8980,23:25:43,0.039,0.840,0,0,eGFP5
8981,23:25:44,0.084,0.721,0,0,eGFP5
8982,23:25:44,0.028,0.555,0,0,eGFP5
8983,23:25:46,0.062,2.234,0,0,eGFP5
8984,23:25:47,0.051,0.512,0,0,eGFP5
8985,23:25:47,0.040,0.632,0,0,eGFP5
8986,23:25:48,0.064,0.678,0,0,eGFP5
8987,23:25:49,0.051,0.567,0,0,eGFP5
8988,23:25:50,0.051,0.940,0,0,eGFP5
8989,23:25:50,0.072,0.676,0,0,eGFP5
8990,23:25:51,0.051,0.709,0,0,eGFP5
8991,23:25:52,0.062,0.611,0,0,eGFP5
8992,23:25:52,0.051,0.676,0,0,eGFP5
8993,23:25:53,0.075,0.920,0,0,eGFP5
8994,23:25:54,0.041,0.579,0,0,eGFP5
8995,23:25:54,0.051,0.698,0,0,eGFP5
8996,23:25:55,0.084,0.765,0,0,eGFP5
8997,23:25:56,0.051,0.632,0,0,eGFP5
8998,23:25:57,0.051,0.940,0,0,eGFP5
8999,23:25:57,0.045,0.550,0,0,eGFP5
9000,23:25:58,0.039,0.588,0,0,eGFP5
9001,23:25:59,0.072,0.928,0,0,eGFP5
9002,23:26:00,0.066,0.713,0,0,eGFP5
9003,23:26:00,0.050,0.599,0,0,eGFP5
9004,23:26:01,0.050,0.610,0,0,eGFP5
9005,23:26:02,0.061,0.939,0,0,eGFP5
9006,23:26:02,0.061,0.610,0,0,eGFP5
9007,23:26:03,0.041,0.776,0,0,eGFP5
9008,23:26:04,0.237,1.148,0,0,eGFP5
9009,23:26:05,0.050,0.522,0,0,eGFP5
9010,23:26:07,0.052,1.698,0,0,eGFP5
9011,23:26:07,0.050,0.533,0,0,eGFP5
9012,23:26:08,0.051,0.654,0,0,eGFP5
9013,23:26:08,0.062,0.731,0,0,eGFP5
9014,23:26:09,0.050,0.687,0,0,eGFP5
9015,23:26:10,0.061,0.742,0,0,eGFP5
9016,23:26:10,0.050,0.621,0,0,eGFP5
9017,23:26:11,0.050,0.807,0,0,eGFP5
9018,23:26:12,0.095,1.115,0,0,eGFP5
9019,23:26:13,0.063,0.623,0,0,eGFP5
9020,23:26:14,0.040,0.654,0,0,eGFP5
9021,23:26:14,0.063,0.766,0,0,eGFP5
9022,23:26:15,0.061,0.687,0,0,eGFP5
9023,23:26:16,0.072,0.796,0,0,eGFP5
9024,23:26:17,0.062,0.753,0,0,eGFP5
9025,23:26:18,0.062,0.841,0,0,eGFP5
9026,23:26:18,0.094,0.873,0,0,eGFP5
9027,23:26:19,0.053,0.755,0,0,eGFP5
9028,23:26:21,0.073,1.751,0,0,eGFP5
9029,23:26:22,0.084,0.731,0,0,eGFP5
9030,23:26:23,0.040,1.642,0,0,eGFP5
9031,23:26:24,0.062,0.599,0,0,eGFP5
9032,23:26:25,0.051,0.699,0,0,eGFP5
9033,23:26:25,0.061,0.829,0,0,eGFP5
9034,23:26:26,0.073,0.753,0,0,eGFP5
9035,23:26:28,0.054,1.964,0,0,eGFP5
9036,23:26:29,0.050,0.599,0,0,eGFP5
9037,23:26:30,0.040,0.808,0,0,eGFP5
9038,23:26:30,0.084,0.808,0,0,eGFP5
9039,23:26:31,0.061,0.698,0,0,eGFP5
9040,23:26:33,0.051,2.081,0,0,eGFP5
9041,23:26:34,0.039,0.511,0,0,eGFP5
9042,23:26:34,0.051,0.688,0,0,eGFP5
9043,23:26:35,0.074,0.776,0,0,eGFP5
9044,23:26:36,0.051,0.644,0,0,eGFP5
9045,23:26:37,0.050,1.268,0,0,eGFP5
9046,23:26:39,0.126,1.651,0,0,eGFP5
9047,23:26:39,0.050,0.522,0,0,eGFP5
9048,23:26:41,0.050,2.025,0,0,eGFP5
9049,23:26:42,0.137,0.850,0,0,eGFP5
9050,23:26:43,0.050,0.577,0,0,eGFP5
9051,23:26:43,0.050,0.676,0,0,eGFP5
9052,23:26:44,0.051,0.677,0,0,eGFP5
9053,23:26:46,0.061,2.288,0,0,eGFP5
9054,23:26:47,0.062,0.621,0,0,eGFP5
9055,23:26:47,0.040,0.599,0,0,eGFP5
9056,23:26:48,0.073,0.874,0,0,eGFP5
9057,23:26:49,0.072,0.697,0,0,eGFP5
9058,23:26:50,0.051,0.577,0,0,eGFP5
9059,23:26:51,0.051,0.896,0,0,eGFP5
9060,23:26:52,0.139,1.555,0,0,eGFP5
9061,23:26:53,0.050,0.610,0,0,eGFP5
9062,23:26:54,0.052,0.908,0,0,eGFP5
9063,23:26:54,0.061,0.632,0,0,eGFP5
9064,23:26:55,0.050,0.643,0,0,eGFP5
9065,23:26:56,0.061,1.027,0,0,eGFP5
9066,23:26:57,0.061,0.741,0,0,eGFP5
9067,23:26:57,0.073,0.687,0,0,eGFP5
9068,23:26:58,0.118,1.150,0,0,eGFP5
9069,23:26:59,0.105,0.752,0,0,eGFP5
9070,23:27:00,0.040,0.556,0,0,eGFP5
9071,23:27:01,0.061,0.939,0,0,eGFP5
9072,23:27:01,0.051,0.577,0,0,eGFP5
9073,23:27:04,0.040,2.893,0,0,eGFP5
9074,23:27:05,0.039,0.489,0,0,eGFP5
9075,23:27:05,0.040,0.610,0,0,eGFP5
9076,23:27:06,0.065,0.833,0,0,eGFP5
9077,23:27:07,0.051,0.523,0,0,eGFP5
9078,23:27:14,0.039,7.424,0,0,eGFP5
9079,23:27:15,0.061,0.665,0,0,eGFP5
9080,23:27:15,0.050,0.599,0,0,eGFP5
9081,23:27:16,0.040,0.511,0,0,eGFP5
9082,23:27:17,0.051,0.698,0,0,eGFP5
9083,23:27:17,0.062,0.545,0,0,eGFP5
9084,23:27:18,0.051,0.764,0,0,eGFP5
9085,23:27:19,0.085,0.754,0,0,eGFP5
9086,23:27:19,0.051,0.600,0,0,eGFP5
9087,23:27:20,0.061,0.687,0,0,eGFP5
9088,23:27:20,0.051,0.544,0,0,eGFP5
9089,23:27:21,0.051,0.622,0,0,eGFP5
9090,23:27:22,0.074,0.963,0,0,eGFP5
9091,23:27:23,0.061,0.731,0,0,eGFP5
9092,23:27:23,0.062,0.676,0,0,eGFP5
9093,23:27:24,0.052,0.678,0,0,eGFP5
9094,23:27:25,0.073,1.236,0,0,eGFP5
9095,23:27:26,0.171,0.950,0,0,eGFP5
9096,23:27:28,0.051,1.971,0,0,eGFP5
9097,23:27:29,0.062,0.622,0,0,eGFP5
9098,23:27:30,0.040,0.665,0,0,eGFP5
9099,23:27:30,0.062,0.753,0,0,eGFP5
9100,23:27:31,0.051,0.556,0,0,eGFP5
9101,23:27:32,0.041,0.667,0,0,eGFP5
9102,23:27:32,0.095,0.863,0,0,eGFP5
9103,23:27:33,0.040,0.533,0,0,eGFP5
9104,23:27:34,0.053,1.128,0,0,eGFP5
9105,23:27:35,0.051,0.545,0,0,eGFP5
9106,23:27:35,0.040,0.643,0,0,eGFP5
9107,23:27:36,0.062,0.819,0,0,eGFP5
9108,23:27:37,0.051,0.589,0,0,eGFP5
9109,23:27:37,0.045,0.627,0,0,eGFP5
9110,23:27:38,0.048,0.783,0,0,eGFP5
9111,23:27:40,0.073,1.762,0,0,eGFP5
9112,23:27:40,0.062,0.610,0,0,eGFP5
9113,23:27:41,0.050,0.753,0,0,eGFP5
9114,23:27:42,0.061,0.686,0,0,eGFP5
9115,23:27:44,0.062,2.421,0,0,eGFP5
9116,23:27:45,0.050,0.741,0,0,eGFP5
9117,23:27:46,0.105,0.961,0,0,eGFP5
9118,23:27:47,0.043,0.558,0,0,eGFP5
9119,23:27:47,0.051,0.918,0,0,eGFP5
9120,23:27:48,0.072,0.588,0,0,eGFP5
9121,23:27:52,0.039,3.451,0,0,eGFP5
9122,23:27:53,0.062,0.994,0,0,eGFP5
9123,23:27:53,0.193,0.380,0,0,eGFP5
9124,23:27:54,0.204,0.994,0,0,eGFP5
9125,23:27:55,0.050,0.632,0,0,eGFP5
9126,23:27:55,0.052,0.611,0,0,eGFP5
9127,23:27:56,0.040,0.490,0,0,eGFP5
9128,23:28:06,0.050,10.013,0,0,eGFP5
9129,23:28:06,0.061,0.709,0,0,eGFP5
9130,23:28:07,0.039,0.522,0,0,eGFP5
9131,23:28:08,0.040,0.665,0,0,eGFP5
9132,23:28:08,0.049,0.576,0,0,eGFP5
9133,23:28:09,0.050,0.676,0,0,eGFP5
9134,23:28:10,0.139,1.061,0,0,eGFP5
9135,23:28:10,0.040,0.544,0,0,eGFP5
9136,23:28:11,0.062,0.885,0,0,eGFP5
9137,23:28:12,0.050,0.511,0,0,eGFP5
9138,23:28:12,0.040,0.599,0,0,eGFP5
9139,23:28:13,0.106,0.929,0,0,eGFP5
9140,23:28:15,0.061,1.685,0,0,eGFP5
9141,23:28:16,0.051,0.566,0,0,eGFP5
9142,23:28:16,0.051,0.665,0,0,eGFP5
9143,23:28:17,0.042,0.590,0,0,eGFP5
9144,23:28:17,0.040,0.611,0,0,eGFP5
9145,23:28:18,0.074,0.897,0,0,eGFP5
9146,23:28:19,0.050,0.500,0,0,eGFP5
9147,23:28:20,0.051,1.444,0,0,eGFP5
9148,23:28:21,0.062,0.632,0,0,eGFP5
9149,23:28:21,0.051,0.600,0,0,eGFP5
9150,23:28:22,0.050,0.577,0,0,eGFP5
9151,23:28:23,0.052,0.579,0,0,eGFP5
9152,23:28:23,0.051,0.764,0,0,eGFP5
9153,23:28:24,0.073,0.676,0,0,eGFP5
9154,23:28:25,0.051,0.589,0,0,eGFP5
9155,23:28:25,0.050,0.764,0,0,eGFP5
9156,23:28:26,0.072,0.665,0,0,eGFP5
9157,23:28:27,0.040,0.566,0,0,eGFP5
9158,23:28:27,0.062,0.753,0,0,eGFP5
9159,23:28:28,0.076,0.691,0,0,eGFP5
9160,23:28:29,0.040,0.654,0,0,eGFP5
9161,23:28:30,0.073,0.742,0,0,eGFP5
9162,23:28:30,0.051,0.589,0,0,eGFP5
9163,23:28:31,0.050,0.643,0,0,eGFP5
9164,23:28:31,0.051,0.632,0,0,eGFP5
9165,23:28:32,0.051,0.688,0,0,eGFP5
9166,23:28:33,0.072,0.840,0,0,eGFP5
9167,23:28:34,0.053,0.624,0,0,eGFP5
9168,23:28:34,0.050,0.709,0,0,eGFP5
9169,23:28:35,0.062,0.852,0,0,eGFP5
9170,23:28:36,0.062,0.588,0,0,eGFP5
9171,23:28:36,0.051,0.677,0,0,eGFP5
9172,23:28:37,0.094,1.060,0,0,eGFP5
9173,23:28:38,0.057,0.551,0,0,eGFP5
9174,23:28:39,0.050,1.487,0,0,eGFP5
9175,23:28:40,0.062,0.577,0,0,eGFP5
9176,23:28:41,0.041,0.754,0,0,eGFP5
9177,23:28:42,0.072,0.808,0,0,eGFP5
9178,23:28:42,0.050,0.566,0,0,eGFP5
9179,23:28:43,0.050,0.851,0,0,eGFP5
9180,23:28:44,0.083,0.730,0,0,eGFP5
9181,23:28:44,0.051,0.544,0,0,eGFP5
9182,23:28:45,0.051,0.950,0,0,eGFP5
9183,23:28:46,0.073,0.698,0,0,eGFP5
9184,23:28:47,0.052,0.655,0,0,eGFP5
9185,23:28:48,0.073,0.961,0,0,eGFP5
9186,23:28:48,0.062,0.654,0,0,eGFP5
9187,23:28:49,0.041,0.733,0,0,eGFP5
9188,23:28:50,0.050,0.730,0,0,eGFP5
9189,23:28:51,0.061,0.950,0,0,eGFP5
9190,23:28:52,0.095,0.972,0,0,eGFP5
9191,23:28:52,0.051,0.599,0,0,eGFP5
9192,23:28:54,0.063,1.709,0,0,eGFP5
9193,23:28:54,0.040,0.500,0,0,eGFP5
9194,23:28:56,0.040,1.148,0,0,eGFP5
9195,23:28:56,0.072,0.665,0,0,eGFP5
9196,23:28:57,0.050,0.654,0,0,eGFP5
9197,23:28:58,0.105,1.126,0,0,eGFP5
9198,23:29:00,0.467,1.520,0,0,eGFP5
9199,23:29:00,0.073,0.643,0,0,eGFP5
9200,23:29:01,0.042,0.623,0,0,eGFP5
9201,23:29:02,0.107,1.204,0,0,eGFP5
9202,23:29:03,0.051,0.523,0,0,eGFP5
9203,23:29:03,0.039,0.698,0,0,eGFP5
9204,23:29:04,0.094,0.851,0,0,eGFP5
9205,23:29:05,0.051,0.610,0,0,eGFP5
9206,23:29:05,0.051,0.808,0,0,eGFP5
9207,23:29:06,0.072,0.742,0,0,eGFP5
9208,23:29:07,0.050,0.665,0,0,eGFP5
9209,23:29:08,0.063,0.853,0,0,eGFP5
9210,23:29:08,0.062,0.687,0,0,eGFP5
9211,23:29:11,0.062,2.157,0,0,eGFP5
9212,23:29:11,0.062,0.600,0,0,eGFP5
9213,23:29:12,0.039,0.643,0,0,eGFP5
9214,23:29:13,0.072,1.181,0,0,eGFP5
9215,23:29:14,0.085,0.952,0,0,eGFP5
9216,23:29:15,0.072,0.632,0,0,eGFP5
9217,23:29:15,0.052,0.656,0,0,eGFP5
9218,23:29:17,0.061,2.124,0,0,eGFP5
9219,23:29:18,0.150,0.819,0,0,eGFP5
9220,23:29:19,0.040,0.544,0,0,eGFP5
9221,23:29:20,0.051,0.863,0,0,eGFP5
9222,23:29:20,0.062,0.599,0,0,eGFP5
9223,23:29:23,0.051,2.696,0,0,eGFP5
9224,23:29:24,0.127,0.851,0,0,eGFP5
9225,23:29:24,0.042,0.492,0,0,eGFP5
9226,23:29:25,0.051,0.841,0,0,eGFP5
9227,23:29:26,0.105,0.764,0,0,eGFP5
9228,23:29:26,0.052,0.524,0,0,eGFP5
9229,23:29:27,0.051,1.016,0,0,eGFP5
9230,23:29:28,0.073,0.698,0,0,eGFP5
9231,23:29:29,0.040,0.688,0,0,eGFP5
9232,23:29:31,0.073,1.960,0,0,eGFP5
9233,23:29:32,0.107,1.654,0,0,eGFP5
9234,23:29:34,0.490,1.511,0,0,eGFP5
9235,23:29:37,0.116,2.640,0,0,eGFP5
9236,23:29:37,0.045,0.626,0,0,eGFP5
9237,23:29:38,0.051,0.555,0,0,eGFP5
9238,23:29:38,0.039,0.698,0,0,eGFP5
9239,23:29:39,0.061,0.642,0,0,eGFP5
9240,23:29:40,0.040,0.566,0,0,eGFP5
9241,23:29:45,0.083,5.767,0,0,eGFP5
9242,23:30:51,0.119,65.569,0,0,eGFP5
9243,23:30:52,0.094,1.477,0,0,eGFP5
9244,23:30:53,0.083,0.686,0,0,eGFP5
9245,23:30:54,0.051,0.577,0,0,eGFP5
9246,23:30:55,0.073,0.906,0,0,eGFP5
9247,23:30:55,0.051,0.577,0,0,eGFP5
9248,23:30:56,0.051,1.005,0,0,eGFP5
9249,23:30:57,0.061,0.610,0,0,eGFP5
9250,23:30:58,0.041,0.842,0,0,eGFP5
9251,23:30:58,0.083,0.720,0,0,eGFP5
9252,23:31:00,0.050,1.389,0,0,eGFP5
9253,23:31:00,0.061,0.577,0,0,eGFP5
9254,23:31:01,0.039,0.642,0,0,eGFP5
9255,23:31:02,0.062,0.720,0,0,eGFP5
9256,23:31:02,0.041,0.666,0,0,eGFP5
9257,23:31:03,0.095,1.005,0,0,eGFP5
9258,23:31:04,0.053,0.546,0,0,eGFP5
9259,23:31:05,0.051,0.808,0,0,eGFP5
9260,23:31:05,0.061,0.577,0,0,eGFP5
9261,23:31:06,0.051,0.841,0,0,eGFP5
9262,23:31:07,0.050,0.643,0,0,eGFP5
9263,23:31:07,0.039,0.566,0,0,eGFP5
9264,23:31:09,0.072,1.400,0,0,eGFP5
9265,23:31:09,0.050,0.522,0,0,eGFP5
9266,23:31:11,0.053,1.369,0,0,eGFP5
9267,23:31:11,0.062,0.611,0,0,eGFP5
9268,23:31:12,0.061,0.807,0,0,eGFP5
9269,23:31:13,0.051,0.588,0,0,eGFP5
9270,23:31:14,0.053,0.974,0,0,eGFP5
9271,23:31:14,0.073,0.676,0,0,eGFP5
9272,23:31:15,0.040,0.534,0,0,eGFP5
9273,23:31:16,0.061,1.400,0,0,eGFP5
9274,23:31:17,0.050,0.511,0,0,eGFP5
9275,23:31:17,0.052,0.656,0,0,eGFP5
9276,23:31:18,0.073,0.775,0,0,eGFP5
9277,23:31:19,0.040,0.555,0,0,eGFP5
9278,23:31:20,0.051,1.027,0,0,eGFP5
9279,23:31:20,0.051,0.578,0,0,eGFP5
9280,23:31:22,0.051,1.477,0,0,eGFP5
9281,23:31:22,0.051,0.567,0,0,eGFP5
9282,23:31:24,0.050,1.213,0,0,eGFP5
9283,23:31:24,0.119,0.744,0,0,eGFP5
9284,23:31:25,0.053,0.568,0,0,eGFP5
9285,23:31:26,0.073,1.214,0,0,eGFP5
9286,23:31:27,0.051,0.556,0,0,eGFP5
9287,23:31:27,0.051,0.599,0,0,eGFP5
9288,23:31:28,0.051,0.720,0,0,eGFP5
9289,23:31:29,0.062,0.622,0,0,eGFP5
9290,23:31:29,0.040,0.511,0,0,eGFP5
9291,23:31:30,0.042,0.711,0,0,eGFP5
9292,23:31:30,0.062,0.644,0,0,eGFP5
9293,23:31:31,0.040,0.479,0,0,eGFP5
9294,23:31:32,0.051,0.917,0,0,eGFP5
9295,23:31:33,0.139,0.940,0,0,eGFP5
9296,23:31:33,0.040,0.534,0,0,eGFP5
9297,23:31:34,0.051,0.742,0,0,eGFP5
9298,23:31:35,0.076,0.734,0,0,eGFP5
9299,23:31:35,0.047,0.563,0,0,eGFP5
9300,23:31:36,0.050,0.653,0,0,eGFP5
9301,23:31:37,0.072,0.797,0,0,eGFP5
9302,23:31:37,0.050,0.642,0,0,eGFP5
9303,23:31:38,0.062,0.698,0,0,eGFP5
9304,23:31:40,0.061,1.773,0,0,eGFP5
9305,23:31:41,0.105,1.323,0,0,eGFP5
9306,23:31:42,0.050,0.522,0,0,eGFP5
9307,23:31:42,0.039,0.566,0,0,eGFP5
9308,23:31:43,0.063,1.116,0,0,eGFP5
9309,23:31:44,0.051,0.555,0,0,eGFP5
9310,23:31:45,0.040,0.523,0,0,eGFP5
9311,23:31:46,0.063,1.204,0,0,eGFP5
9312,23:31:46,0.061,0.599,0,0,eGFP5
9313,23:31:47,0.039,0.555,0,0,eGFP5
9314,23:31:48,0.073,0.841,0,0,eGFP5
9315,23:31:48,0.050,0.632,0,0,eGFP5
9316,23:31:49,0.052,0.612,0,0,eGFP5
9317,23:31:50,0.039,0.697,0,0,eGFP5
9318,23:31:51,0.084,0.940,0,0,eGFP5
9319,23:31:51,0.050,0.588,0,0,eGFP5
9320,23:31:52,0.051,0.709,0,0,eGFP5
9321,23:31:53,0.062,1.587,0,0,eGFP5
9322,23:31:54,0.061,0.599,0,0,eGFP5
9323,23:31:55,0.040,0.610,0,0,eGFP5
9324,23:31:56,0.063,0.831,0,0,eGFP5
9325,23:31:56,0.042,0.580,0,0,eGFP5
9326,23:31:57,0.050,0.939,0,0,eGFP5
9327,23:31:58,0.106,0.786,0,0,eGFP5
9328,23:31:58,0.050,0.566,0,0,eGFP5
9329,23:31:59,0.062,0.852,0,0,eGFP5
9330,23:32:00,0.061,0.709,0,0,eGFP5
9331,23:32:01,0.050,0.764,0,0,eGFP5
9332,23:32:01,0.052,0.732,0,0,eGFP5
9333,23:32:02,0.062,0.786,0,0,eGFP5
9334,23:32:03,0.084,0.874,0,0,eGFP5
9335,23:32:04,0.061,0.895,0,0,eGFP5
9336,23:32:05,0.194,1.291,0,0,eGFP5
9337,23:32:06,0.073,0.742,0,0,eGFP5
9338,23:32:07,0.106,0.961,0,0,eGFP5
9339,23:32:08,0.075,0.678,0,0,eGFP5
9340,23:32:09,0.062,0.841,0,0,eGFP5
9341,23:32:09,0.064,0.634,0,0,eGFP5
9342,23:32:10,0.051,0.709,0,0,eGFP5
9343,23:32:11,0.051,0.688,0,0,eGFP5
9344,23:32:11,0.051,0.610,0,0,eGFP5
9345,23:32:12,0.062,1.061,0,0,eGFP5
9346,23:32:13,0.083,0.797,0,0,eGFP5
9347,23:32:14,0.040,0.610,0,0,eGFP5
9348,23:32:15,0.073,1.006,0,0,eGFP5
9349,23:32:15,0.074,0.776,0,0,eGFP5
9350,23:32:16,0.062,0.589,0,0,eGFP5
9351,23:32:17,0.051,0.951,0,0,eGFP5
9352,23:32:18,0.095,0.852,0,0,eGFP5
9353,23:32:21,0.064,3.377,0,0,eGFP5
9354,23:32:22,0.051,0.534,0,0,eGFP5
9355,23:32:22,0.051,0.633,0,0,eGFP5
9356,23:32:23,0.062,0.632,0,0,eGFP5
9357,23:32:24,0.053,0.569,0,0,eGFP5
9358,23:32:24,0.051,0.775,0,0,eGFP5
9359,23:32:25,0.073,0.786,0,0,eGFP5
9360,23:32:26,0.051,0.556,0,0,eGFP5
9361,23:32:27,0.051,0.841,0,0,eGFP5
9362,23:32:27,0.057,0.616,0,0,eGFP5
9363,23:32:28,0.040,0.621,0,0,eGFP5
9364,23:32:29,0.072,1.115,0,0,eGFP5
9365,23:32:29,0.050,0.599,0,0,eGFP5
9366,23:32:30,0.060,0.751,0,0,eGFP5
9367,23:32:31,0.063,0.765,0,0,eGFP5
9368,23:32:32,0.051,0.775,0,0,eGFP5
9369,23:32:33,0.061,0.994,0,0,eGFP5
9370,23:32:34,0.061,0.818,0,0,eGFP5
9371,23:32:34,0.095,0.896,0,0,eGFP5
9372,23:32:36,0.072,1.871,0,0,eGFP5
9373,23:32:37,0.051,0.534,0,0,eGFP5
9374,23:32:38,0.041,0.743,0,0,eGFP5
9375,23:32:39,0.094,0.961,0,0,eGFP5
9376,23:32:39,0.051,0.577,0,0,eGFP5
9377,23:32:40,0.051,0.753,0,0,eGFP5
9378,23:32:41,0.072,0.862,0,0,eGFP5
9379,23:32:41,0.051,0.600,0,0,eGFP5
9380,23:32:42,0.061,1.027,0,0,eGFP5
9381,23:32:43,0.096,0.743,0,0,eGFP5
9382,23:32:44,0.052,0.601,0,0,eGFP5
9383,23:32:45,0.072,1.093,0,0,eGFP5
9384,23:32:46,0.072,1.674,0,0,eGFP5
9385,23:32:48,0.084,1.005,0,0,eGFP5
9386,23:32:48,0.062,0.676,0,0,eGFP5
9387,23:32:51,0.062,2.684,0,0,eGFP5
9388,23:32:51,0.051,0.545,0,0,eGFP5
9389,23:32:52,0.039,0.599,0,0,eGFP5
9390,23:32:53,0.074,0.952,0,0,eGFP5
9391,23:32:54,0.062,0.544,0,0,eGFP5
9392,23:32:54,0.040,0.654,0,0,eGFP5
9393,23:32:55,0.095,0.973,0,0,eGFP5
9394,23:32:56,0.052,0.535,0,0,eGFP5
9395,23:32:58,0.051,2.080,0,0,eGFP5
9396,23:32:59,0.150,1.543,0,0,eGFP5
9397,23:33:00,0.062,0.688,0,0,eGFP5
9398,23:33:01,0.061,0.994,0,0,eGFP5
9399,23:33:02,0.085,1.007,0,0,eGFP5
9400,23:33:03,0.062,0.665,0,0,eGFP5
9401,23:33:03,0.051,0.808,0,0,eGFP5
9402,23:33:05,0.117,1.258,0,0,eGFP5
9403,23:33:05,0.061,0.643,0,0,eGFP5
9404,23:33:06,0.051,0.676,0,0,eGFP5
9405,23:33:07,0.073,1.104,0,0,eGFP5
9406,23:33:08,0.205,1.094,0,0,eGFP5
9407,23:33:09,0.052,0.590,0,0,eGFP5
9408,23:33:10,0.063,1.149,0,0,eGFP5
9409,23:33:10,0.161,0.391,0,0,eGFP5
9410,23:33:12,0.260,1.192,0,0,eGFP5
9411,23:33:12,0.117,0.951,0,0,eGFP5
9412,23:33:34,0.062,21.666,0,0,eGFP5
9413,23:33:35,0.062,0.534,0,0,eGFP5
9414,23:33:35,0.051,0.709,0,0,eGFP5
9415,23:33:36,0.064,0.635,0,0,eGFP5
9416,23:33:37,0.040,0.533,0,0,eGFP5
9417,23:33:37,0.051,0.688,0,0,eGFP5
9418,23:33:38,0.051,0.489,0,0,eGFP5
9419,23:33:39,0.041,0.918,0,0,eGFP5
9420,23:33:39,0.073,0.688,0,0,eGFP5
9421,23:33:41,0.051,1.631,0,0,eGFP5
9422,23:33:42,0.052,0.601,0,0,eGFP5
9423,23:33:42,0.042,0.667,0,0,eGFP5
9424,23:33:43,0.084,0.962,0,0,eGFP5
9425,23:33:44,0.040,0.512,0,0,eGFP5
9426,23:33:44,0.045,0.659,0,0,eGFP5
9427,23:33:45,0.051,0.797,0,0,eGFP5
9428,23:33:46,0.116,1.103,0,0,eGFP5
9429,23:33:47,0.051,0.555,0,0,eGFP5
9430,23:33:48,0.051,0.830,0,0,eGFP5
9431,23:33:48,0.050,0.555,0,0,eGFP5
9432,23:33:49,0.041,0.590,0,0,eGFP5
9433,23:33:50,0.083,0.961,0,0,eGFP5
9434,23:33:50,0.050,0.489,0,0,eGFP5
9435,23:33:51,0.028,0.709,0,0,eGFP5
9436,23:33:52,0.106,0.874,0,0,eGFP5
9437,23:33:52,0.051,0.523,0,0,eGFP5
9438,23:33:53,0.050,0.708,0,0,eGFP5
9439,23:33:54,0.062,0.621,0,0,eGFP5
9440,23:33:54,0.041,0.711,0,0,eGFP5
9441,23:33:56,0.182,1.268,0,0,eGFP5
9442,23:33:56,0.040,0.566,0,0,eGFP5
9443,23:33:57,0.062,1.203,0,0,eGFP5
9444,23:33:58,0.050,0.544,0,0,eGFP5
9445,23:33:59,0.051,0.698,0,0,eGFP5
9446,23:34:00,0.094,0.895,0,0,eGFP5
9447,23:34:00,0.051,0.621,0,0,eGFP5
9448,23:34:01,0.064,1.040,0,0,eGFP5
9449,23:34:02,0.062,0.544,0,0,eGFP5
9450,23:34:02,0.042,0.612,0,0,eGFP5
9451,23:34:03,0.085,0.985,0,0,eGFP5
9452,23:34:04,0.050,0.500,0,0,eGFP5
9453,23:34:05,0.040,0.687,0,0,eGFP5
9454,23:34:05,0.073,0.753,0,0,eGFP5
9455,23:34:06,0.040,0.479,0,0,eGFP5
9456,23:34:07,0.041,0.699,0,0,eGFP5
9457,23:34:07,0.084,0.808,0,0,eGFP5
9458,23:34:08,0.050,0.533,0,0,eGFP5
9459,23:34:09,0.040,0.797,0,0,eGFP5
9460,23:34:09,0.062,0.676,0,0,eGFP5
9461,23:34:10,0.040,0.512,0,0,eGFP5
9462,23:34:11,0.050,0.906,0,0,eGFP5
9463,23:34:11,0.073,0.665,0,0,eGFP5
9464,23:34:12,0.053,0.733,0,0,eGFP5
9465,23:34:13,0.074,0.645,0,0,eGFP5
9466,23:34:13,0.051,0.533,0,0,eGFP5
9467,23:34:14,0.051,1.105,0,0,eGFP5
9468,23:34:15,0.061,0.566,0,0,eGFP5
9469,23:34:16,0.040,0.599,0,0,eGFP5
9470,23:34:17,0.073,1.028,0,0,eGFP5
9471,23:34:17,0.050,0.533,0,0,eGFP5
9472,23:34:18,0.040,0.786,0,0,eGFP5
9473,23:34:19,0.162,1.007,0,0,eGFP5
9474,23:34:19,0.040,0.534,0,0,eGFP5
9475,23:34:20,0.062,1.016,0,0,eGFP5
9476,23:34:21,0.073,0.633,0,0,eGFP5
9477,23:34:22,0.041,0.579,0,0,eGFP5
9478,23:34:23,0.062,1.115,0,0,eGFP5
9479,23:34:23,0.062,0.578,0,0,eGFP5
9480,23:34:24,0.040,0.852,0,0,eGFP5
9481,23:34:25,0.107,0.853,0,0,eGFP5
9482,23:34:26,0.040,0.490,0,0,eGFP5
9483,23:34:27,0.051,1.686,0,0,eGFP5
9484,23:34:28,0.062,0.588,0,0,eGFP5
9485,23:34:28,0.040,0.611,0,0,eGFP5
9486,23:34:30,0.128,1.609,0,0,eGFP5
9487,23:34:31,0.062,1.148,0,0,eGFP5
9488,23:34:32,0.062,0.589,0,0,eGFP5
9489,23:34:32,0.035,0.518,0,0,eGFP5
9490,23:34:34,0.051,1.225,0,0,eGFP5
9491,23:34:34,0.073,0.688,0,0,eGFP5
9492,23:34:35,0.039,0.555,0,0,eGFP5
9493,23:34:36,0.061,0.939,0,0,eGFP5
9494,23:34:36,0.072,0.698,0,0,eGFP5
9495,23:34:37,0.039,0.522,0,0,eGFP5
9496,23:34:38,0.050,0.862,0,0,eGFP5
9497,23:34:39,0.105,0.752,0,0,eGFP5
9498,23:34:39,0.041,0.502,0,0,eGFP5
9499,23:34:41,0.051,1.499,0,0,eGFP5
9500,23:34:41,0.105,0.731,0,0,eGFP5
9501,23:34:42,0.171,0.840,0,0,eGFP5
9502,23:34:54,0.182,11.637,0,0,eGFP5
9503,23:34:55,0.325,1.192,0,0,eGFP5
9504,23:34:56,0.105,0.774,0,0,eGFP5
9505,23:34:56,0.041,0.590,0,0,eGFP5
9506,23:34:57,0.052,0.634,0,0,eGFP5
9507,23:34:57,0.028,0.445,0,0,eGFP5
9508,23:34:58,0.040,0.588,0,0,eGFP5
9509,23:35:00,0.062,1.916,0,0,eGFP5
9510,23:35:00,0.050,0.500,0,0,eGFP5
9511,23:35:01,0.040,0.577,0,0,eGFP5
9512,23:35:02,0.073,0.786,0,0,eGFP5
9513,23:35:02,0.051,0.478,0,0,eGFP5
9514,23:35:03,0.031,0.568,0,0,eGFP5
9515,23:35:03,0.084,0.654,0,0,eGFP5
9516,23:35:05,0.150,1.192,0,0,eGFP5
9517,23:35:06,0.479,1.258,0,0,eGFP5
9518,23:35:07,0.039,0.643,0,0,eGFP5
9519,23:35:07,0.162,0.469,0,0,eGFP5
9520,23:35:08,0.358,0.467,0,0,eGFP5
9521,23:35:08,0.227,0.929,0,0,eGFP5
9522,23:35:09,0.030,0.458,0,0,eGFP5
9523,23:35:10,0.040,1.115,0,0,eGFP5
9524,23:35:11,0.095,0.698,0,0,eGFP5
9525,23:35:11,0.040,0.512,0,0,eGFP5
9526,23:35:12,0.040,0.742,0,0,eGFP5
9527,23:35:13,0.083,0.665,0,0,eGFP5
9528,23:35:13,0.040,0.512,0,0,eGFP5
9529,23:35:14,0.050,0.895,0,0,eGFP5
9530,23:35:15,0.062,0.589,0,0,eGFP5
9531,23:35:15,0.034,0.604,0,0,eGFP5
9532,23:35:16,0.062,0.709,0,0,eGFP5
9533,23:35:16,0.064,0.558,0,0,eGFP5
9534,23:35:17,0.028,0.775,0,0,eGFP5
9535,23:35:18,0.182,0.840,0,0,eGFP5
9536,23:35:19,0.128,0.786,0,0,eGFP5
9537,23:35:19,0.038,0.488,0,0,eGFP5
9538,23:35:21,0.039,1.378,0,0,eGFP5
9539,23:35:21,0.062,0.589,0,0,eGFP5
9540,23:35:22,0.039,0.610,0,0,eGFP5
9541,23:35:23,0.094,1.444,0,0,eGFP5
9542,23:35:24,0.061,0.719,0,0,eGFP5
9543,23:35:25,0.051,0.577,0,0,eGFP5
9544,23:35:25,0.040,0.742,0,0,eGFP5
9545,23:35:26,0.116,0.720,0,0,eGFP5
9546,23:35:27,0.237,1.114,0,0,eGFP5
9547,23:35:28,0.043,0.526,0,0,eGFP5
9548,23:35:28,0.039,0.686,0,0,eGFP5
9549,23:35:29,0.073,0.665,0,0,eGFP5
9550,23:35:30,0.051,0.632,0,0,eGFP5
9551,23:35:31,0.062,0.863,0,0,eGFP5
9552,23:35:31,0.061,0.719,0,0,eGFP5
9553,23:35:32,0.040,0.534,0,0,eGFP5
9554,23:35:33,0.050,0.994,0,0,eGFP5
9555,23:35:33,0.063,0.589,0,0,eGFP5
9556,23:35:34,0.040,0.534,0,0,eGFP5
9557,23:35:35,0.072,1.268,0,0,eGFP5
9558,23:35:36,0.050,0.555,0,0,eGFP5
9559,23:35:38,0.040,2.454,0,0,eGFP5
9560,23:35:39,0.041,0.502,0,0,eGFP5
9561,23:35:40,0.039,0.840,0,0,eGFP5
9562,23:35:41,0.182,1.620,0,0,eGFP5
9563,23:35:42,0.039,0.467,0,0,eGFP5
9564,23:35:43,0.042,0.941,0,0,eGFP5
9565,23:35:43,0.106,0.742,0,0,eGFP5
9566,23:35:44,0.051,0.512,0,0,eGFP5
9567,23:35:45,0.050,0.972,0,0,eGFP5
9568,23:35:45,0.061,0.555,0,0,eGFP5
9569,23:35:46,0.040,0.566,0,0,eGFP5
9570,23:35:53,0.128,7.172,0,0,eGFP5
9571,23:35:55,0.358,1.828,0,0,eGFP5
9572,23:35:56,0.075,0.777,0,0,eGFP5
9573,23:35:56,0.050,0.533,0,0,eGFP5
9574,23:35:57,0.053,0.963,0,0,eGFP5
9575,23:35:58,0.073,0.611,0,0,eGFP5
9576,23:35:58,0.039,0.599,0,0,eGFP5
9577,23:35:59,0.062,0.764,0,0,eGFP5
9578,23:36:00,0.040,0.544,0,0,eGFP5
9579,23:36:01,0.051,1.357,0,0,eGFP5
9580,23:36:02,0.041,0.491,0,0,eGFP5
9581,23:36:02,0.040,0.643,0,0,eGFP5
9582,23:36:03,0.084,0.841,0,0,eGFP5
9583,23:36:04,0.051,0.501,0,0,eGFP5
9584,23:36:04,0.040,0.709,0,0,eGFP5
9585,23:36:05,0.073,0.764,0,0,eGFP5
9586,23:36:06,0.040,0.522,0,0,eGFP5
9587,23:36:07,0.051,0.907,0,0,eGFP5
9588,23:36:07,0.054,0.548,0,0,eGFP5
9589,23:36:08,0.029,0.589,0,0,eGFP5
9590,23:36:09,0.116,1.181,0,0,eGFP5
9591,23:36:10,0.051,0.884,0,0,eGFP5
9592,23:36:11,0.150,0.885,0,0,eGFP5
9593,23:36:11,0.051,0.611,0,0,eGFP5
9594,23:36:12,0.062,0.917,0,0,eGFP5
9595,23:36:13,0.051,0.534,0,0,eGFP5
9596,23:36:14,0.051,1.368,0,0,eGFP5
9597,23:36:15,0.074,0.601,0,0,eGFP5
9598,23:36:15,0.040,0.567,0,0,eGFP5
9599,23:36:16,0.062,1.005,0,0,eGFP5
9600,23:36:17,0.051,0.567,0,0,eGFP5
9601,23:36:18,0.045,0.966,0,0,eGFP5
9602,23:36:18,0.085,0.656,0,0,eGFP5
9603,23:36:19,0.050,0.533,0,0,eGFP5
9604,23:36:20,0.061,0.884,0,0,eGFP5
9605,23:36:20,0.052,0.600,0,0,eGFP5
9606,23:36:21,0.040,0.720,0,0,eGFP5
9607,23:36:22,0.061,0.665,0,0,eGFP5
9608,23:36:22,0.039,0.653,0,0,eGFP5
9609,23:36:23,0.084,0.918,0,0,eGFP5
9610,23:36:24,0.039,0.544,0,0,eGFP5
9611,23:36:25,0.050,0.818,0,0,eGFP5
9612,23:36:25,0.061,0.676,0,0,eGFP5
9613,23:36:26,0.041,0.699,0,0,eGFP5
9614,23:36:28,0.544,1.532,0,0,eGFP5
9615,23:36:28,0.050,0.533,0,0,eGFP5
9616,23:36:29,0.052,0.809,0,0,eGFP5
9617,23:36:30,0.105,0.720,0,0,eGFP5
9618,23:36:44,0.259,14.314,0,0,eGFP5
9619,23:36:46,0.116,2.410,0,0,eGFP5
9620,23:36:47,0.061,0.577,0,0,eGFP5
9621,23:36:50,0.039,3.002,0,0,eGFP5
9622,23:36:51,0.049,0.641,0,0,eGFP5
9623,23:36:51,0.051,0.665,0,0,eGFP5
9624,23:36:52,0.040,0.490,0,0,eGFP5
9625,23:36:53,0.050,0.730,0,0,eGFP5
9626,23:36:54,0.095,1.280,0,0,eGFP5
9627,23:36:54,0.050,0.621,0,0,eGFP5
9628,23:36:56,0.050,1.246,0,0,eGFP5
9629,23:36:56,0.095,0.764,0,0,eGFP5
9630,23:36:57,0.043,0.559,0,0,eGFP5
9631,23:36:58,0.061,1.093,0,0,eGFP5
9632,23:36:59,0.061,0.588,0,0,eGFP5
9633,23:36:59,0.039,0.709,0,0,eGFP5
9634,23:37:00,0.105,1.038,0,0,eGFP5
9635,23:37:01,0.061,0.676,0,0,eGFP5
9636,23:37:02,0.040,0.544,0,0,eGFP5
9637,23:37:02,0.062,0.775,0,0,eGFP5
9638,23:37:03,0.041,0.645,0,0,eGFP5
9639,23:37:04,0.062,1.126,0,0,eGFP5
9640,23:37:05,0.073,0.764,0,0,eGFP5
9641,23:37:06,0.061,0.632,0,0,eGFP5
9642,23:37:08,0.062,1.927,0,0,eGFP5
9643,23:37:08,0.052,0.557,0,0,eGFP5
9644,23:37:09,0.040,0.468,0,0,eGFP5
9645,23:37:10,0.051,1.225,0,0,eGFP5
9646,23:37:11,0.085,1.402,0,0,eGFP5
9647,23:37:13,0.050,1.477,0,0,eGFP5
9648,23:37:14,0.061,0.928,0,0,eGFP5
9649,23:37:14,0.073,0.709,0,0,eGFP5
9650,23:37:15,0.040,0.567,0,0,eGFP5
9651,23:37:16,0.062,1.027,0,0,eGFP5
9652,23:37:17,0.106,1.291,0,0,eGFP5
9653,23:37:18,0.325,1.093,0,0,eGFP5
9654,23:37:19,0.040,0.479,0,0,eGFP5
9655,23:37:20,0.041,0.908,0,0,eGFP5
9656,23:37:20,0.095,0.709,0,0,eGFP5
9657,23:37:21,0.042,0.481,0,0,eGFP5
9658,23:37:22,0.040,1.466,0,0,eGFP5
9659,23:37:23,0.062,0.567,0,0,eGFP5
9660,23:37:24,0.040,0.610,0,0,eGFP5
9661,23:37:24,0.084,0.995,0,0,eGFP5
9662,23:37:25,0.051,0.512,0,0,eGFP5
9663,23:37:26,0.041,0.623,0,0,eGFP5
9664,23:37:26,0.078,0.802,0,0,eGFP5
9665,23:37:27,0.050,0.555,0,0,eGFP5
9666,23:37:28,0.050,0.796,0,0,eGFP5
9667,23:37:29,0.062,0.764,0,0,eGFP5
9668,23:37:29,0.050,0.533,0,0,eGFP5
9669,23:37:31,0.039,2.135,0,0,eGFP5
9670,23:37:32,0.039,0.588,0,0,eGFP5
9671,23:37:33,0.075,1.139,0,0,eGFP5
9672,23:37:34,0.051,0.566,0,0,eGFP5
9673,23:37:35,0.040,1.016,0,0,eGFP5
9674,23:37:35,0.072,0.610,0,0,eGFP5
9675,23:37:36,0.039,0.665,0,0,eGFP5
9676,23:37:37,0.116,1.049,0,0,eGFP5
9677,23:37:37,0.039,0.522,0,0,eGFP5
9678,23:37:38,0.050,0.950,0,0,eGFP5
9679,23:37:39,0.096,0.787,0,0,eGFP5
9680,23:37:40,0.039,0.566,0,0,eGFP5
9681,23:37:41,0.072,1.082,0,0,eGFP5
9682,23:37:41,0.061,0.676,0,0,eGFP5
9683,23:37:43,0.050,1.411,0,0,eGFP5
9684,23:37:44,0.138,0.818,0,0,eGFP5
9685,23:37:44,0.030,0.524,0,0,eGFP5
9686,23:37:45,0.050,1.126,0,0,eGFP5
9687,23:37:46,0.061,0.675,0,0,eGFP5
9688,23:37:46,0.042,0.502,0,0,eGFP5
9689,23:37:48,0.062,1.247,0,0,eGFP5
9690,23:37:48,0.061,0.632,0,0,eGFP5
9691,23:37:49,0.050,0.906,0,0,eGFP5
9692,23:37:50,0.095,0.962,0,0,eGFP5
9693,23:37:51,0.061,0.686,0,0,eGFP5
9694,23:37:52,0.051,0.643,0,0,eGFP5
9695,23:37:53,0.073,1.082,0,0,eGFP5
9696,23:37:54,0.097,1.172,0,0,eGFP5
9697,23:37:54,0.061,0.610,0,0,eGFP5
9698,23:37:56,0.051,1.356,0,0,eGFP5
9699,23:37:57,0.151,0.864,0,0,eGFP5
9700,23:37:57,0.051,0.600,0,0,eGFP5
9701,23:37:58,0.061,1.169,0,0,eGFP5
9702,23:38:00,0.095,1.126,0,0,eGFP5
9703,23:38:00,0.051,0.545,0,0,eGFP5
9704,23:38:01,0.052,1.204,0,0,eGFP5
9705,23:38:02,0.424,1.203,0,0,eGFP5
9706,23:38:03,0.040,0.643,0,0,eGFP5
9707,23:38:04,0.139,0.566,0,0,eGFP5
9708,23:38:49,0.227,45.685,0,0,eGFP5
9709,23:38:50,0.073,0.884,0,0,eGFP5
9710,23:38:51,0.084,0.677,0,0,eGFP5
9711,23:38:52,0.039,0.566,0,0,eGFP5
9712,23:38:52,0.052,0.788,0,0,eGFP5
9713,23:38:53,0.052,0.502,0,0,eGFP5
9714,23:38:54,0.040,0.896,0,0,eGFP5
9715,23:38:55,0.116,0.928,0,0,eGFP5
9716,23:38:55,0.084,0.545,0,0,eGFP5
9717,23:38:56,0.127,1.137,0,0,eGFP5
9718,23:38:57,0.072,0.654,0,0,eGFP5
9719,23:38:58,0.051,0.786,0,0,eGFP5
9720,23:38:58,0.062,0.556,0,0,eGFP5
9721,23:38:59,0.041,0.502,0,0,eGFP5
9722,23:39:00,0.062,0.797,0,0,eGFP5
9723,23:39:00,0.062,0.588,0,0,eGFP5
9724,23:39:01,0.040,0.512,0,0,eGFP5
9725,23:39:02,0.051,0.841,0,0,eGFP5
9726,23:39:02,0.053,0.568,0,0,eGFP5
9727,23:39:04,0.051,1.675,0,0,eGFP5
9728,23:39:04,0.045,0.495,0,0,eGFP5
9729,23:39:05,0.040,0.677,0,0,eGFP5
9730,23:39:06,0.193,1.059,0,0,eGFP5
9731,23:39:07,0.040,0.566,0,0,eGFP5
9732,23:39:08,0.062,1.279,0,0,eGFP5
9733,23:39:09,0.073,0.709,0,0,eGFP5
9734,23:39:10,0.050,1.312,0,0,eGFP5
9735,23:39:11,0.072,0.676,0,0,eGFP5
9736,23:39:11,0.039,0.544,0,0,eGFP5
9737,23:39:12,0.052,0.787,0,0,eGFP5
9738,23:39:12,0.050,0.599,0,0,eGFP5
9739,23:39:13,0.039,0.511,0,0,eGFP5
9740,23:39:14,0.062,1.237,0,0,eGFP5
9741,23:39:15,0.050,0.511,0,0,eGFP5
9742,23:39:16,0.039,1.169,0,0,eGFP5
9743,23:39:17,0.094,0.742,0,0,eGFP5
9744,23:39:17,0.039,0.478,0,0,eGFP5
9745,23:39:19,0.041,1.478,0,0,eGFP5
9746,23:39:20,0.171,0.928,0,0,eGFP5
9747,23:39:20,0.051,0.567,0,0,eGFP5
9748,23:39:21,0.061,0.950,0,0,eGFP5
9749,23:39:22,0.039,0.544,0,0,eGFP5
9750,23:39:23,0.050,1.542,0,0,eGFP5
9751,23:39:24,0.051,0.567,0,0,eGFP5
9752,23:39:25,0.039,1.608,0,0,eGFP5
9753,23:39:26,0.193,0.380,0,0,eGFP5
9754,23:39:27,0.185,0.887,0,0,eGFP5
9755,23:39:27,0.051,0.534,0,0,eGFP5
9756,23:39:28,0.050,0.972,0,0,eGFP5
9757,23:39:29,0.050,0.544,0,0,eGFP5
9758,23:39:29,0.051,0.731,0,0,eGFP5
9759,23:39:30,0.062,0.698,0,0,eGFP5
9760,23:39:31,0.051,0.555,0,0,eGFP5
9761,23:39:32,0.062,0.896,0,0,eGFP5
9762,23:39:32,0.074,0.645,0,0,eGFP5
9763,23:39:34,0.039,1.630,0,0,eGFP5
9764,23:39:35,0.150,0.929,0,0,eGFP5
9765,23:39:35,0.039,0.566,0,0,eGFP5
9766,23:39:36,0.040,0.621,0,0,eGFP5
9767,23:39:37,0.062,0.632,0,0,eGFP5
9768,23:39:38,0.056,1.482,0,0,eGFP5
9769,23:39:39,0.062,0.611,0,0,eGFP5
9770,23:39:39,0.030,0.831,0,0,eGFP5
9771,23:39:40,0.128,0.830,0,0,eGFP5
9772,23:39:41,0.040,0.479,0,0,eGFP5
9773,23:39:42,0.051,1.016,0,0,eGFP5
9774,23:39:42,0.084,0.644,0,0,eGFP5
9775,23:39:43,0.028,0.566,0,0,eGFP5
9776,23:39:44,0.073,1.115,0,0,eGFP5
9777,23:39:45,0.051,0.523,0,0,eGFP5
9778,23:39:45,0.041,0.776,0,0,eGFP5
9779,23:39:46,0.062,0.742,0,0,eGFP5
9780,23:39:47,0.051,0.501,0,0,eGFP5
9781,23:39:48,0.040,0.907,0,0,eGFP5
9782,23:39:48,0.096,0.743,0,0,eGFP5
9783,23:39:49,0.040,0.567,0,0,eGFP5
9784,23:39:50,0.051,0.874,0,0,eGFP5
9785,23:39:50,0.051,0.577,0,0,eGFP5
9786,23:39:51,0.051,0.655,0,0,eGFP5
9787,23:39:52,0.074,0.853,0,0,eGFP5
9788,23:39:53,0.051,0.688,0,0,eGFP5
9789,23:39:53,0.051,0.720,0,0,eGFP5
9790,23:39:54,0.051,0.600,0,0,eGFP5
9791,23:39:55,0.056,0.835,0,0,eGFP5
9792,23:39:56,0.182,1.147,0,0,eGFP5
9793,23:39:56,0.040,0.479,0,0,eGFP5
9794,23:39:57,0.050,1.081,0,0,eGFP5
9795,23:39:58,0.107,0.722,0,0,eGFP5
9796,23:39:59,0.041,0.491,0,0,eGFP5
9797,23:40:04,0.061,5.613,0,0,eGFP5
9798,23:40:05,0.127,0.555,0,0,eGFP5
9799,23:40:06,0.116,0.753,0,0,eGFP5
9800,23:40:06,0.050,0.566,0,0,eGFP5
9801,23:40:07,0.050,0.785,0,0,eGFP5
9802,23:40:07,0.051,0.522,0,0,eGFP5
9803,23:40:09,0.042,1.523,0,0,eGFP5
9804,23:40:09,0.061,0.566,0,0,eGFP5
9805,23:40:10,0.040,0.501,0,0,eGFP5
9806,23:40:11,0.050,0.884,0,0,eGFP5
9807,23:40:11,0.062,0.544,0,0,eGFP5
9808,23:40:12,0.040,0.589,0,0,eGFP5
9809,23:40:13,0.107,0.853,0,0,eGFP5
9810,23:40:14,0.182,0.906,0,0,eGFP5
9811,23:40:14,0.074,0.711,0,0,eGFP5
9812,23:40:15,0.039,0.467,0,0,eGFP5
9813,23:40:16,0.040,0.742,0,0,eGFP5
9814,23:40:17,0.117,0.863,0,0,eGFP5
9815,23:40:17,0.051,0.544,0,0,eGFP5
9816,23:40:18,0.062,0.896,0,0,eGFP5
9817,23:40:19,0.051,0.533,0,0,eGFP5
9818,23:40:19,0.040,0.907,0,0,eGFP5
9819,23:40:20,0.139,0.841,0,0,eGFP5
9820,23:40:21,0.041,0.502,0,0,eGFP5
9821,23:40:22,0.051,0.929,0,0,eGFP5
9822,23:40:22,0.083,0.742,0,0,eGFP5
9823,23:40:23,0.041,0.513,0,0,eGFP5
9824,23:40:24,0.051,0.906,0,0,eGFP5
9825,23:40:25,0.106,0.808,0,0,eGFP5
9826,23:40:25,0.051,0.523,0,0,eGFP5
9827,23:40:26,0.040,0.863,0,0,eGFP5
9828,23:40:27,0.085,0.634,0,0,eGFP5
9829,23:40:27,0.040,0.643,0,0,eGFP5
9830,23:40:29,0.117,1.488,0,0,eGFP5
9831,23:40:29,0.040,0.468,0,0,eGFP5
9832,23:40:30,0.040,0.819,0,0,eGFP5
9833,23:40:31,0.117,0.808,0,0,eGFP5
9834,23:40:31,0.051,0.501,0,0,eGFP5
9835,23:40:33,0.040,1.795,0,0,eGFP5
9836,23:40:34,0.053,0.558,0,0,eGFP5
9837,23:40:35,0.041,0.766,0,0,eGFP5
9838,23:40:35,0.094,0.873,0,0,eGFP5
9839,23:40:36,0.040,0.501,0,0,eGFP5
9840,23:40:38,0.040,2.322,0,0,eGFP5
9841,23:40:39,0.062,0.819,0,0,eGFP5
9842,23:40:40,0.062,0.556,0,0,eGFP5
9843,23:40:40,0.040,0.545,0,0,eGFP5
9844,23:40:41,0.064,1.062,0,0,eGFP5
9845,23:40:42,0.062,0.534,0,0,eGFP5
9846,23:40:42,0.040,0.742,0,0,eGFP5
9847,23:40:43,0.117,0.896,0,0,eGFP5
9848,23:40:44,0.051,0.578,0,0,eGFP5
9849,23:40:45,0.073,0.687,0,0,eGFP5
9850,23:40:46,0.128,1.072,0,0,eGFP5
9851,23:40:46,0.075,0.645,0,0,eGFP5
9852,23:40:47,0.040,0.556,0,0,eGFP5
9853,23:40:48,0.064,1.029,0,0,eGFP5
9854,23:40:48,0.057,0.551,0,0,eGFP5
9855,23:40:49,0.039,0.697,0,0,eGFP5
9856,23:40:50,0.435,1.159,0,0,eGFP5
9857,23:40:51,0.094,0.731,0,0,eGFP5
9858,23:40:52,0.039,0.478,0,0,eGFP5
9859,23:40:53,0.039,0.983,0,0,eGFP5
9860,23:40:54,0.105,0.983,0,0,eGFP5
9861,23:40:54,0.052,0.557,0,0,eGFP5
9862,23:40:55,0.039,0.500,0,0,eGFP5
9863,23:40:56,0.062,1.806,0,0,eGFP5
9864,23:40:57,0.062,0.599,0,0,eGFP5
9865,23:40:58,0.052,0.733,0,0,eGFP5
9866,23:40:58,0.050,0.730,0,0,eGFP5
9867,23:40:59,0.051,0.545,0,0,eGFP5
9868,23:41:00,0.050,0.818,0,0,eGFP5
9869,23:41:01,0.129,1.040,0,0,eGFP5
9870,23:41:01,0.039,0.500,0,0,eGFP5
9871,23:41:04,0.051,2.618,0,0,eGFP5
9872,23:41:05,0.051,0.577,0,0,eGFP5
9873,23:41:05,0.029,0.479,0,0,eGFP5
9874,23:41:06,0.050,0.939,0,0,eGFP5
9875,23:41:07,0.084,0.676,0,0,eGFP5
9876,23:41:07,0.040,0.632,0,0,eGFP5
9877,23:41:08,0.194,0.457,0,0,eGFP5
9878,23:41:08,0.334,0.696,0,0,eGFP5
9879,23:41:09,0.173,0.865,0,0,eGFP5
9880,23:41:10,0.039,0.434,0,0,eGFP5
9881,23:41:11,0.040,1.192,0,0,eGFP5
9882,23:41:12,0.116,0.731,0,0,eGFP5
9883,23:41:12,0.040,0.500,0,0,eGFP5
9884,23:41:13,0.040,1.104,0,0,eGFP5
9885,23:41:14,0.095,0.666,0,0,eGFP5
9886,23:41:14,0.041,0.557,0,0,eGFP5
9887,23:41:16,0.072,1.104,0,0,eGFP5
9888,23:41:16,0.050,0.577,0,0,eGFP5
9889,23:41:18,0.073,1.598,0,0,eGFP5
9890,23:41:18,0.062,0.632,0,0,eGFP5
9891,23:41:19,0.062,0.885,0,0,eGFP5
9892,23:41:20,0.074,0.645,0,0,eGFP5
9893,23:41:21,0.040,0.621,0,0,eGFP5
9894,23:41:21,0.064,0.854,0,0,eGFP5
9895,23:41:22,0.050,0.610,0,0,eGFP5
9896,23:41:24,0.051,2.015,0,0,eGFP5
9897,23:41:25,0.040,0.577,0,0,eGFP5
9898,23:41:25,0.062,0.775,0,0,eGFP5
9899,23:41:26,0.073,0.830,0,0,eGFP5
9900,23:41:27,0.051,0.622,0,0,eGFP5
9901,23:41:28,0.051,1.203,0,0,eGFP5
9902,23:41:29,0.085,0.722,0,0,eGFP5
9903,23:41:31,0.050,2.179,0,0,eGFP5
9904,23:41:31,0.051,0.545,0,0,eGFP5
9905,23:41:32,0.051,0.621,0,0,eGFP5
9906,23:41:33,0.075,0.887,0,0,eGFP5
9907,23:41:33,0.051,0.512,0,0,eGFP5
9908,23:41:36,0.040,2.684,0,0,eGFP5
9909,23:41:37,0.051,0.556,0,0,eGFP5
9910,23:41:38,0.062,0.950,0,0,eGFP5
9911,23:41:39,0.108,1.041,0,0,eGFP5
9912,23:41:39,0.084,0.687,0,0,eGFP5
9913,23:41:40,0.040,0.600,0,0,eGFP5
9914,23:41:41,0.084,0.983,0,0,eGFP5
9915,23:41:42,0.062,0.600,0,0,eGFP5
9916,23:41:45,0.051,3.047,0,0,eGFP5
9917,23:41:48,0.275,3.216,0,0,eGFP5
9918,23:41:50,0.160,2.332,0,0,eGFP5
9919,23:41:51,0.074,0.875,0,0,eGFP5
9920,23:41:52,0.151,0.820,0,0,eGFP5
9921,23:41:56,1.455,4.099,0,0,eGFP5
9922,23:41:57,0.051,0.544,0,0,eGFP5
9923,23:41:57,0.051,0.918,0,0,eGFP5
9924,23:41:58,0.094,0.708,0,0,eGFP5
9925,23:41:59,0.051,0.621,0,0,eGFP5
9926,23:42:00,0.051,0.742,0,0,eGFP5
9927,23:42:00,0.041,0.491,0,0,eGFP5
9928,23:42:01,0.028,0.763,0,0,eGFP5
9929,23:42:01,0.073,0.720,0,0,eGFP5
9930,23:42:02,0.050,0.533,0,0,eGFP5
9931,23:42:03,0.062,1.038,0,0,eGFP5
9932,23:42:04,0.051,0.533,0,0,eGFP5
9933,23:42:05,0.040,0.983,0,0,eGFP5
9934,23:42:06,0.096,1.633,0,0,eGFP5
9935,23:42:07,0.052,0.644,0,0,eGFP5
9936,23:42:07,0.051,0.577,0,0,eGFP5
9937,23:42:08,0.051,0.556,0,0,eGFP5
9938,23:42:09,0.039,0.829,0,0,eGFP5
9939,23:42:09,0.073,0.665,0,0,eGFP5
9940,23:42:10,0.051,0.632,0,0,eGFP5
9941,23:42:11,0.095,0.929,0,0,eGFP5
9942,23:42:12,0.039,0.511,0,0,eGFP5
9943,23:42:13,0.051,1.005,0,0,eGFP5
9944,23:42:13,0.085,0.667,0,0,eGFP5
9945,23:42:14,0.039,0.654,0,0,eGFP5
9946,23:42:15,0.248,1.334,0,0,eGFP5
9947,23:42:16,0.051,0.545,0,0,eGFP5
9948,23:42:17,0.063,0.831,0,0,eGFP5
9949,23:42:17,0.051,0.599,0,0,eGFP5
9950,23:42:18,0.051,0.929,0,0,eGFP5
9951,23:42:19,0.072,0.632,0,0,eGFP5
9952,23:42:20,0.041,0.842,0,0,eGFP5
9953,23:42:21,0.150,0.918,0,0,eGFP5
9954,23:42:21,0.050,0.621,0,0,eGFP5
9955,23:42:22,0.083,1.115,0,0,eGFP5
9956,23:42:23,0.040,0.555,0,0,eGFP5
9957,23:42:24,0.051,1.620,0,0,eGFP5
9958,23:42:25,0.062,0.567,0,0,eGFP5
9959,23:42:26,0.039,0.785,0,0,eGFP5
9960,23:42:28,0.108,1.995,0,0,eGFP5
9961,23:42:29,0.073,0.994,0,0,eGFP5
9962,23:42:29,0.042,0.503,0,0,eGFP5
9963,23:42:30,0.040,0.709,0,0,eGFP5
9964,23:42:31,0.128,0.939,0,0,eGFP5
9965,23:42:31,0.040,0.556,0,0,eGFP5
9966,23:42:34,0.062,2.476,0,0,eGFP5
9967,23:42:34,0.171,0.500,0,0,eGFP5
9968,23:42:35,0.207,0.887,0,0,eGFP5
9969,23:42:36,0.040,0.599,0,0,eGFP5
9970,23:42:37,0.084,1.258,0,0,eGFP5
9971,23:42:38,0.051,0.666,0,0,eGFP5
9972,23:42:39,0.073,0.841,0,0,eGFP5
9973,23:42:39,0.051,0.544,0,0,eGFP5
9974,23:42:40,0.051,0.743,0,0,eGFP5
9975,23:42:41,0.063,0.579,0,0,eGFP5
9976,23:42:41,0.040,0.523,0,0,eGFP5
9977,23:42:42,0.063,0.864,0,0,eGFP5
9978,23:42:44,0.874,1.609,0,0,eGFP5
9979,23:42:44,0.051,0.512,0,0,eGFP5
9980,23:42:45,0.040,0.830,0,0,eGFP5
9981,23:42:46,0.100,0.945,0,0,eGFP5
9982,23:42:46,0.050,0.566,0,0,eGFP5
9983,23:42:47,0.050,0.840,0,0,eGFP5
9984,23:42:48,0.061,0.654,0,0,eGFP5
9985,23:42:49,0.052,0.633,0,0,eGFP5
9986,23:42:49,0.051,0.720,0,0,eGFP5
9987,23:42:50,0.061,0.730,0,0,eGFP5
9988,23:42:51,0.051,0.643,0,0,eGFP5
9989,23:42:53,0.063,2.225,0,0,eGFP5
9990,23:42:53,0.050,0.555,0,0,eGFP5
9991,23:42:54,0.039,0.511,0,0,eGFP5
9992,23:42:55,0.061,1.148,0,0,eGFP5
9993,23:42:56,0.052,0.512,0,0,eGFP5
9994,23:42:57,0.040,1.016,0,0,eGFP5
9995,23:43:04,0.128,7.347,0,0,eGFP5
9996,23:43:04,0.051,0.534,0,0,eGFP5
9997,23:43:05,0.039,0.665,0,0,eGFP5
9998,23:43:06,0.050,0.566,0,0,eGFP5
9999,23:43:06,0.050,0.500,0,0,eGFP5
10000,23:43:07,0.050,1.290,0,0,eGFP5
10001,23:43:08,0.162,0.897,0,0,eGFP5
10002,23:43:09,0.040,0.523,0,0,eGFP5
10003,23:43:10,0.074,0.984,0,0,eGFP5
10004,23:43:10,0.051,0.556,0,0,eGFP5
10005,23:43:11,0.039,0.665,0,0,eGFP5
10006,23:43:12,0.072,0.741,0,0,eGFP5
10007,23:43:12,0.051,0.534,0,0,eGFP5
10008,23:43:13,0.050,1.049,0,0,eGFP5
10009,23:43:14,0.052,0.557,0,0,eGFP5
10010,23:43:15,0.039,0.687,0,0,eGFP5
10011,23:43:16,0.083,0.851,0,0,eGFP5
10012,23:43:16,0.040,0.490,0,0,eGFP5
10013,23:43:18,0.050,1.652,0,0,eGFP5
10014,23:43:18,0.040,0.501,0,0,eGFP5
10015,23:43:19,0.040,0.775,0,0,eGFP5
10016,23:43:20,0.314,0.665,0,0,eGFP5
10017,23:43:21,0.162,0.908,0,0,eGFP5
10018,23:43:21,0.041,0.513,0,0,eGFP5
10019,23:43:22,0.040,0.753,0,0,eGFP5
10020,23:43:23,0.095,0.896,0,0,eGFP5
10021,23:43:23,0.039,0.511,0,0,eGFP5
10022,23:43:25,0.040,1.411,0,0,eGFP5
10023,23:43:25,0.084,0.677,0,0,eGFP5
10024,23:43:26,0.039,0.533,0,0,eGFP5
10025,23:43:27,0.051,1.005,0,0,eGFP5
10026,23:43:27,0.053,0.547,0,0,eGFP5
10027,23:43:28,0.039,0.522,0,0,eGFP5
10028,23:43:29,0.059,1.321,0,0,eGFP5
10029,23:43:30,0.050,0.533,0,0,eGFP5
10030,23:43:31,0.052,1.368,0,0,eGFP5
10031,23:43:32,0.073,0.654,0,0,eGFP5
10032,23:43:32,0.039,0.555,0,0,eGFP5
10033,23:43:34,0.072,1.235,0,0,eGFP5
10034,23:43:34,0.041,0.546,0,0,eGFP5
10035,23:43:36,0.039,1.641,0,0,eGFP5
10036,23:43:36,0.061,0.610,0,0,eGFP5
10037,23:43:37,0.050,0.577,0,0,eGFP5
10038,23:43:40,0.083,2.980,0,0,eGFP5
10039,23:43:40,0.050,0.566,0,0,eGFP5
10040,23:43:41,0.050,0.774,0,0,eGFP5
10041,23:43:42,0.083,0.698,0,0,eGFP5
10042,23:43:42,0.041,0.513,0,0,eGFP5
10043,23:43:43,0.050,0.939,0,0,eGFP5
10044,23:43:44,0.070,0.575,0,0,eGFP5
10045,23:43:45,0.040,0.577,0,0,eGFP5
10046,23:43:46,0.083,1.400,0,0,eGFP5
10047,23:43:46,0.050,0.544,0,0,eGFP5
10048,23:43:47,0.040,0.961,0,0,eGFP5
10049,23:43:48,0.084,0.720,0,0,eGFP5
10050,23:43:49,0.041,1.237,0,0,eGFP5
10051,23:43:50,0.105,0.786,0,0,eGFP5
10052,23:43:51,0.039,0.577,0,0,eGFP5
10053,23:43:52,0.061,0.950,0,0,eGFP5
10054,23:43:52,0.051,0.534,0,0,eGFP5
10055,23:43:53,0.039,1.103,0,0,eGFP5
10056,23:43:54,0.084,0.687,0,0,eGFP5
10057,23:43:55,0.042,0.634,0,0,eGFP5
10058,23:43:56,0.099,1.317,0,0,eGFP5
10059,23:43:57,0.040,0.534,0,0,eGFP5
10060,23:43:58,0.039,1.180,0,0,eGFP5
10061,23:43:58,0.073,0.654,0,0,eGFP5
10062,23:44:00,0.051,1.423,0,0,eGFP5
10063,23:44:00,0.072,0.665,0,0,eGFP5
10064,23:44:01,0.050,0.917,0,0,eGFP5
10065,23:44:02,0.073,0.654,0,0,eGFP5
10066,23:44:03,0.052,0.645,0,0,eGFP5
10067,23:44:04,0.073,0.972,0,0,eGFP5
10068,23:44:04,0.051,0.567,0,0,eGFP5
10069,23:44:06,0.040,1.883,0,0,eGFP5
10070,23:44:07,0.052,0.546,0,0,eGFP5
10071,23:44:09,0.040,2.651,0,0,eGFP5
10072,23:44:10,0.062,0.644,0,0,eGFP5
10073,23:44:11,0.072,0.785,0,0,eGFP5
10074,23:44:11,0.042,0.645,0,0,eGFP5
10075,23:44:12,0.084,0.962,0,0,eGFP5
10076,23:44:13,0.051,0.512,0,0,eGFP5
10077,23:44:14,0.040,1.192,0,0,eGFP5
10078,23:44:15,0.116,0.753,0,0,eGFP5
10079,23:44:15,0.051,0.544,0,0,eGFP5
10080,23:44:16,0.062,1.159,0,0,eGFP5
10081,23:44:17,0.051,0.556,0,0,eGFP5
10082,23:44:18,0.051,0.621,0,0,eGFP5
10083,23:44:20,0.075,2.752,0,0,eGFP5
10084,23:44:21,0.064,0.569,0,0,eGFP5
10085,23:44:22,0.039,0.731,0,0,eGFP5
10086,23:44:23,0.095,0.786,0,0,eGFP5
10087,23:44:25,0.040,2.322,0,0,eGFP5
10088,23:44:26,0.062,0.764,0,0,eGFP5
10089,23:44:26,0.062,0.742,0,0,eGFP5
10090,23:44:27,0.051,0.611,0,0,eGFP5
10091,23:44:28,0.047,0.694,0,0,eGFP5
10092,23:49:06,5.240,278.451,0,0,eGFP5
10093,23:49:12,0.138,5.580,0,0,eGFP5
10094,23:49:13,0.094,1.718,0,0,eGFP5
10095,23:49:14,0.084,0.797,0,0,eGFP5
10096,23:49:16,0.083,2.168,0,0,eGFP5
10097,23:49:17,0.062,0.633,0,0,eGFP5
10098,23:49:18,0.061,1.521,0,0,eGFP5
10099,23:49:20,0.095,1.105,0,0,eGFP5
10100,23:49:20,0.072,0.676,0,0,eGFP5
10101,23:49:21,0.039,0.686,0,0,eGFP5
10102,23:49:22,0.062,0.863,0,0,eGFP5
10103,23:49:22,0.050,0.654,0,0,eGFP5
10104,23:49:24,0.072,1.378,0,0,eGFP5
10105,23:49:24,0.039,0.522,0,0,eGFP5
10106,23:49:26,0.050,1.663,0,0,eGFP5
10107,23:49:27,0.052,0.535,0,0,eGFP5
10108,23:49:29,0.050,2.750,0,0,eGFP5
10109,23:49:30,0.050,0.555,0,0,eGFP5
10110,23:49:31,0.061,1.542,0,0,eGFP5
10111,23:49:32,0.052,0.930,0,0,eGFP5
10112,23:49:35,0.852,2.607,0,0,eGFP5
10113,23:49:36,0.051,0.588,0,0,eGFP5
10114,23:49:37,0.062,1.488,0,0,eGFP5
10115,23:49:38,0.063,1.007,0,0,eGFP5
10116,23:49:39,0.062,0.577,0,0,eGFP5
10117,23:49:39,0.051,0.720,0,0,eGFP5
10118,23:49:41,0.096,1.709,0,0,eGFP5
10119,23:49:42,0.073,0.742,0,0,eGFP5
10120,23:49:42,0.062,0.599,0,0,eGFP5
10121,23:49:43,0.051,0.588,0,0,eGFP5
10122,23:49:46,0.073,2.706,0,0,eGFP5
10123,23:49:47,0.096,1.007,0,0,eGFP5
10124,23:49:47,0.052,0.535,0,0,eGFP5
10125,23:49:48,0.040,1.159,0,0,eGFP5
10126,23:49:49,0.073,0.621,0,0,eGFP5
10127,23:49:50,0.040,0.534,0,0,eGFP5
10128,23:49:53,0.050,3.375,0,0,eGFP5
10129,23:49:53,0.062,0.566,0,0,eGFP5
10130,23:49:54,0.040,0.523,0,0,eGFP5
10131,23:49:55,0.052,1.336,0,0,eGFP5
10132,23:49:56,0.083,0.687,0,0,eGFP5
10133,23:49:58,0.051,2.223,0,0,eGFP5
10134,23:49:59,0.106,0.885,0,0,eGFP5
10135,23:50:00,0.051,0.511,0,0,eGFP5
10136,23:50:00,0.040,0.830,0,0,eGFP5
10137,23:50:08,0.183,7.183,0,0,eGFP5
10138,23:50:10,0.052,1.984,0,0,eGFP5
10139,23:50:10,0.072,0.643,0,0,eGFP5
10140,23:50:11,0.049,0.609,0,0,eGFP5
10141,23:50:12,0.062,0.841,0,0,eGFP5
10142,23:50:13,0.072,0.961,0,0,eGFP5
10143,23:50:13,0.073,0.698,0,0,eGFP5
10144,23:50:14,0.051,0.534,0,0,eGFP5
10145,23:50:16,0.062,1.598,0,0,eGFP5
10146,23:50:17,0.512,1.280,0,0,eGFP5
10147,23:50:17,0.040,0.500,0,0,eGFP5
10148,23:50:19,0.053,1.688,0,0,eGFP5
10149,23:50:20,0.051,0.545,0,0,eGFP5
10150,23:50:21,0.040,1.477,0,0,eGFP5
10151,23:50:22,0.064,0.590,0,0,eGFP5
10152,23:50:22,0.040,0.567,0,0,eGFP5
10153,23:50:23,0.051,0.852,0,0,eGFP5
10154,23:50:24,0.051,0.512,0,0,eGFP5
10155,23:50:24,0.044,0.768,0,0,eGFP5
10156,23:50:25,0.118,0.820,0,0,eGFP5
10157,23:50:26,0.039,0.467,0,0,eGFP5
10158,23:50:26,0.040,0.665,0,0,eGFP5
10159,23:50:27,0.050,0.643,0,0,eGFP5
10160,23:50:27,0.050,0.489,0,0,eGFP5
10161,23:50:28,0.039,1.016,0,0,eGFP5
10162,23:50:29,0.083,0.664,0,0,eGFP5
10163,23:50:30,0.040,0.544,0,0,eGFP5
10164,23:50:31,0.074,1.226,0,0,eGFP5
10165,23:50:32,0.063,0.864,0,0,eGFP5
10166,23:50:32,0.127,0.621,0,0,eGFP5
10167,23:50:33,0.127,0.819,0,0,eGFP5
10168,23:50:34,0.050,0.555,0,0,eGFP5
10169,23:50:34,0.050,0.708,0,0,eGFP5
10170,23:50:35,0.062,0.709,0,0,eGFP5
10171,23:50:36,0.072,0.873,0,0,eGFP5
10172,23:50:37,0.118,0.974,0,0,eGFP5
10173,23:50:38,0.105,1.071,0,0,eGFP5
10174,23:50:39,0.072,0.599,0,0,eGFP5
10175,23:50:39,0.039,0.522,0,0,eGFP5
10176,23:50:40,0.051,1.071,0,0,eGFP5
10177,23:50:41,0.062,0.632,0,0,eGFP5
10178,23:50:41,0.041,0.502,0,0,eGFP5
10179,23:50:42,0.040,0.753,0,0,eGFP5
10180,23:50:43,0.074,0.787,0,0,eGFP5
10181,23:50:43,0.062,0.588,0,0,eGFP5
10182,23:50:44,0.040,0.490,0,0,eGFP5
10183,23:50:45,0.061,0.972,0,0,eGFP5
10184,23:50:46,0.061,0.566,0,0,eGFP5
10185,23:50:46,0.040,0.479,0,0,eGFP5
10186,23:50:48,0.050,2.058,0,0,eGFP5
10187,23:50:49,0.051,0.511,0,0,eGFP5
10188,23:50:50,0.042,1.106,0,0,eGFP5
10189,23:50:50,0.062,0.610,0,0,eGFP5
10190,23:50:51,0.051,0.720,0,0,eGFP5
10191,23:50:53,0.160,2.037,0,0,eGFP5
10192,23:50:54,0.041,0.568,0,0,eGFP5
10193,23:50:56,0.072,2.157,0,0,eGFP5
10194,23:50:56,0.051,0.578,0,0,eGFP5
10195,23:50:57,0.050,0.566,0,0,eGFP5
10196,23:50:58,0.041,0.700,0,0,eGFP5
10197,23:50:59,0.062,1.257,0,0,eGFP5
10198,23:50:59,0.062,0.556,0,0,eGFP5
10199,23:51:00,0.040,0.490,0,0,eGFP5
10200,23:51:01,0.051,0.950,0,0,eGFP5
10201,23:51:01,0.062,0.556,0,0,eGFP5
10202,23:51:02,0.051,0.610,0,0,eGFP5
10203,23:51:03,0.051,0.786,0,0,eGFP5
10204,23:51:03,0.051,0.600,0,0,eGFP5
10205,23:51:04,0.054,0.811,0,0,eGFP5
10206,23:51:05,0.051,0.545,0,0,eGFP5
10207,23:51:07,0.040,2.432,0,0,eGFP5
10208,23:51:08,0.105,0.709,0,0,eGFP5
10209,23:51:09,0.314,0.643,0,0,eGFP5
10210,23:51:10,0.962,1.927,0,0,eGFP5
10211,23:51:11,0.040,0.578,0,0,eGFP5
10212,23:51:12,0.040,0.610,0,0,eGFP5
10213,23:51:12,0.053,0.525,0,0,eGFP5
10214,23:51:13,0.051,0.720,0,0,eGFP5
10215,23:51:14,0.073,0.654,0,0,eGFP5
10216,23:51:14,0.040,0.545,0,0,eGFP5
10217,23:51:16,0.062,1.587,0,0,eGFP5
10218,23:51:16,0.045,0.495,0,0,eGFP5
10219,23:51:17,0.041,0.765,0,0,eGFP5
10220,23:51:18,0.105,0.796,0,0,eGFP5
10221,23:51:18,0.041,0.491,0,0,eGFP5
10222,23:51:20,0.050,2.234,0,0,eGFP5
10223,23:51:21,0.050,0.511,0,0,eGFP5
10224,23:51:22,0.039,0.654,0,0,eGFP5
10225,23:51:22,0.083,0.753,0,0,eGFP5
10226,23:51:23,0.061,0.928,0,0,eGFP5
10227,23:51:24,0.094,0.719,0,0,eGFP5
10228,23:51:25,0.051,0.621,0,0,eGFP5
10229,23:51:25,0.052,0.820,0,0,eGFP5
10230,23:51:26,0.051,0.544,0,0,eGFP5
10231,23:51:27,0.051,0.808,0,0,eGFP5
10232,23:51:27,0.074,0.634,0,0,eGFP5
