wheel_event,time,Tx,Ti_observed,reset,rtc_reset,device_id
1,00:00:16,0.171,227.530,0,0,eGFP3
2,00:00:17,0.079,0.770,0,0,eGFP3
3,00:00:18,0.054,0.735,0,0,eGFP3
4,00:00:18,0.052,0.601,0,0,eGFP3
5,00:00:19,0.041,0.480,0,0,eGFP3
6,00:00:19,0.031,0.612,0,0,eGFP3
7,00:00:20,0.075,0.887,0,0,eGFP3
8,00:00:21,0.063,0.656,0,0,eGFP3
9,00:00:22,0.074,1.117,0,0,eGFP3
10,00:00:23,0.085,0.831,0,0,eGFP3
11,00:00:24,0.042,0.711,0,0,eGFP3
12,00:00:25,0.044,1.075,0,0,eGFP3
13,00:00:40,0.075,14.824,0,0,eGFP3
14,00:00:40,0.086,0.766,0,0,eGFP3
15,00:00:43,0.055,2.996,0,0,eGFP3
16,00:00:44,0.097,0.700,0,0,eGFP3
17,00:00:45,0.042,0.470,0,0,eGFP3
18,00:00:45,0.042,0.426,0,0,eGFP3
19,00:00:45,0.031,0.404,0,0,eGFP3
20,00:00:46,0.044,0.823,0,0,eGFP3
21,00:00:47,0.064,0.679,0,0,eGFP3
22,00:00:47,0.042,0.492,0,0,eGFP3
23,00:00:48,0.031,0.426,0,0,eGFP3
24,00:00:48,0.042,0.415,0,0,eGFP3
25,00:00:49,0.031,0.416,0,0,eGFP3
26,00:00:50,0.031,1.117,0,0,eGFP3
27,00:00:50,0.054,0.591,0,0,eGFP3
28,00:00:51,0.044,0.472,0,0,eGFP3
29,00:00:51,0.044,0.418,0,0,eGFP3
30,00:00:52,0.042,0.426,0,0,eGFP3
31,00:00:52,0.042,0.481,0,0,eGFP3
32,00:00:53,0.043,0.525,0,0,eGFP3
33,00:00:53,0.043,0.646,0,0,eGFP3
34,00:00:54,0.054,0.581,0,0,eGFP3
35,00:00:54,0.042,0.547,0,0,eGFP3
36,00:00:55,0.045,0.506,0,0,eGFP3
37,00:00:55,0.042,0.437,0,0,eGFP3
38,00:00:56,0.032,0.405,0,0,eGFP3
39,00:00:56,0.031,0.394,0,0,eGFP3
40,00:00:57,0.042,0.426,0,0,eGFP3
41,00:00:57,0.032,0.745,0,0,eGFP3
42,00:00:58,0.065,0.778,0,0,eGFP3
43,00:00:59,0.043,0.636,0,0,eGFP3
44,00:00:59,0.046,0.562,0,0,eGFP3
45,00:01:00,0.043,0.493,0,0,eGFP3
46,00:01:00,0.032,0.438,0,0,eGFP3
47,00:01:01,0.043,0.438,0,0,eGFP3
48,00:01:01,0.043,0.548,0,0,eGFP3
49,00:01:02,0.054,0.635,0,0,eGFP3
50,00:01:02,0.043,0.592,0,0,eGFP3
51,00:01:03,0.043,0.460,0,0,eGFP3
52,00:01:03,0.034,0.451,0,0,eGFP3
53,00:01:04,0.032,0.702,0,0,eGFP3
54,00:01:05,0.076,0.756,0,0,eGFP3
55,00:01:05,0.054,0.559,0,0,eGFP3
56,00:01:06,0.043,0.482,0,0,eGFP3
57,00:01:06,0.032,0.428,0,0,eGFP3
58,00:01:07,0.032,0.537,0,0,eGFP3
59,00:01:08,0.053,1.161,0,0,eGFP3
60,00:01:16,0.089,7.607,0,0,eGFP3
61,00:01:17,0.131,1.020,0,0,eGFP3
62,00:01:18,0.158,0.992,0,0,eGFP3
63,00:01:18,0.052,0.535,0,0,eGFP3
64,00:01:19,0.041,0.436,0,0,eGFP3
65,00:01:19,0.031,0.437,0,0,eGFP3
66,00:01:20,0.041,0.744,0,0,eGFP3
67,00:01:32,0.063,12.738,0,0,eGFP3
68,00:01:35,0.164,2.984,0,0,eGFP3
69,00:01:36,0.074,0.711,0,0,eGFP3
70,00:01:37,0.041,0.491,0,0,eGFP3
71,00:01:37,0.042,0.459,0,0,eGFP3
72,00:01:38,0.042,0.513,0,0,eGFP3
73,00:01:38,0.055,0.516,0,0,eGFP3
74,00:01:39,0.031,0.415,0,0,eGFP3
75,00:01:39,0.030,0.382,0,0,eGFP3
76,00:01:39,0.030,0.371,0,0,eGFP3
77,00:01:40,0.032,0.383,0,0,eGFP3
78,00:01:40,0.031,0.404,0,0,eGFP3
79,00:01:41,0.031,0.415,0,0,eGFP3
80,00:01:41,0.031,0.415,0,0,eGFP3
81,00:01:41,0.031,0.558,0,0,eGFP3
82,00:01:42,0.042,0.536,0,0,eGFP3
83,00:01:43,0.042,0.480,0,0,eGFP3
84,00:01:43,0.042,0.635,0,0,eGFP3
85,00:01:44,0.044,0.505,0,0,eGFP3
86,00:01:45,0.042,1.030,0,0,eGFP3
87,00:01:46,0.064,0.920,0,0,eGFP3
88,00:01:46,0.065,0.570,0,0,eGFP3
89,00:01:47,0.042,0.481,0,0,eGFP3
90,00:01:48,0.053,1.063,0,0,eGFP3
91,00:01:49,0.108,0.920,0,0,eGFP3
92,00:01:49,0.054,0.767,0,0,eGFP3
93,00:01:50,0.055,0.615,0,0,eGFP3
94,00:01:51,0.042,0.602,0,0,eGFP3
95,00:01:51,0.064,0.580,0,0,eGFP3
96,00:01:52,0.042,0.536,0,0,eGFP3
97,00:01:52,0.043,0.493,0,0,eGFP3
98,00:01:53,0.042,0.580,0,0,eGFP3
99,00:01:53,0.042,0.635,0,0,eGFP3
100,00:01:54,0.042,0.514,0,0,eGFP3
101,00:01:55,0.045,0.725,0,0,eGFP3
102,00:01:55,0.056,0.736,0,0,eGFP3
103,00:01:57,0.054,1.184,0,0,eGFP3
104,00:01:58,0.087,1.338,0,0,eGFP3
105,00:01:59,0.064,0.734,0,0,eGFP3
106,00:01:59,0.054,0.679,0,0,eGFP3
107,00:02:00,0.065,0.745,0,0,eGFP3
108,00:02:01,0.054,0.548,0,0,eGFP3
109,00:02:01,0.034,0.583,0,0,eGFP3
110,00:02:02,0.043,0.844,0,0,eGFP3
111,00:02:03,0.053,0.855,0,0,eGFP3
112,00:02:04,0.054,0.855,0,0,eGFP3
113,00:02:04,0.065,0.613,0,0,eGFP3
114,00:02:05,0.054,0.779,0,0,eGFP3
115,00:02:06,0.065,1.064,0,0,eGFP3
116,00:02:07,0.065,0.899,0,0,eGFP3
117,00:02:08,0.047,0.870,0,0,eGFP3
118,00:02:09,0.065,0.614,0,0,eGFP3
119,00:02:09,0.043,0.559,0,0,eGFP3
120,00:02:10,0.043,0.877,0,0,eGFP3
121,00:02:11,0.054,0.559,0,0,eGFP3
122,00:02:12,0.032,0.987,0,0,eGFP3
123,00:02:25,0.120,13.454,0,0,eGFP3
124,00:02:26,0.098,0.910,0,0,eGFP3
125,00:02:27,0.084,1.138,0,0,eGFP3
126,00:02:31,0.129,4.354,0,0,eGFP3
127,00:02:32,0.096,0.842,0,0,eGFP3
128,00:02:33,0.042,0.536,0,0,eGFP3
129,00:02:35,0.041,2.236,0,0,eGFP3
130,00:02:36,0.074,0.842,0,0,eGFP3
131,00:02:36,0.043,0.537,0,0,eGFP3
132,00:02:37,0.042,0.722,0,0,eGFP3
133,00:02:40,0.054,2.831,0,0,eGFP3
134,00:02:41,0.085,0.700,0,0,eGFP3
135,00:02:41,0.052,0.469,0,0,eGFP3
136,00:02:42,0.042,0.415,0,0,eGFP3
137,00:02:42,0.031,0.382,0,0,eGFP3
138,00:02:42,0.031,0.426,0,0,eGFP3
139,00:02:43,0.042,0.579,0,0,eGFP3
140,00:02:43,0.042,0.459,0,0,eGFP3
141,00:02:44,0.031,0.426,0,0,eGFP3
142,00:02:44,0.032,0.515,0,0,eGFP3
143,00:02:45,0.064,0.898,0,0,eGFP3
144,00:02:46,0.064,0.645,0,0,eGFP3
145,00:02:46,0.055,0.582,0,0,eGFP3
146,00:02:47,0.042,0.525,0,0,eGFP3
147,00:02:50,0.042,2.928,0,0,eGFP3
148,00:02:51,0.152,1.315,0,0,eGFP3
149,00:02:52,0.064,0.569,0,0,eGFP3
150,00:02:52,0.044,0.461,0,0,eGFP3
151,00:02:53,0.031,0.437,0,0,eGFP3
152,00:02:54,0.043,0.822,0,0,eGFP3
153,00:02:54,0.064,0.656,0,0,eGFP3
154,00:02:55,0.043,0.493,0,0,eGFP3
155,00:02:55,0.031,0.448,0,0,eGFP3
156,00:02:56,0.031,0.679,0,0,eGFP3
157,00:03:00,0.053,4.662,0,0,eGFP3
158,00:03:04,0.132,3.128,0,0,eGFP3
159,00:03:05,0.132,1.120,0,0,eGFP3
160,00:03:05,0.064,0.624,0,0,eGFP3
161,00:03:06,0.043,0.492,0,0,eGFP3
162,00:03:06,0.043,0.504,0,0,eGFP3
163,00:03:15,0.054,8.438,0,0,eGFP3
164,00:03:16,0.097,0.964,0,0,eGFP3
165,00:03:16,0.131,0.537,0,0,eGFP3
166,00:03:18,0.198,1.219,0,0,eGFP3
167,00:03:18,0.064,0.635,0,0,eGFP3
168,00:03:19,0.043,0.525,0,0,eGFP3
169,00:03:20,0.054,0.866,0,0,eGFP3
170,00:03:20,0.065,0.746,0,0,eGFP3
171,00:03:21,0.053,0.514,0,0,eGFP3
172,00:03:21,0.043,0.427,0,0,eGFP3
173,00:03:22,0.034,0.407,0,0,eGFP3
174,00:03:22,0.034,0.462,0,0,eGFP3
175,00:03:23,0.054,1.173,0,0,eGFP3
176,00:03:24,0.153,0.976,0,0,eGFP3
177,00:03:25,0.054,0.537,0,0,eGFP3
178,00:03:25,0.032,0.438,0,0,eGFP3
179,00:03:26,0.032,0.625,0,0,eGFP3
180,00:03:26,0.065,0.636,0,0,eGFP3
181,00:03:27,0.043,0.460,0,0,eGFP3
182,00:03:27,0.034,0.429,0,0,eGFP3
183,00:03:28,0.033,0.471,0,0,eGFP3
184,00:03:35,0.066,7.100,0,0,eGFP3
185,00:03:38,0.087,3.160,0,0,eGFP3
186,00:03:39,0.065,0.669,0,0,eGFP3
187,00:03:57,0.054,17.777,0,0,eGFP3
188,00:03:57,0.090,0.803,0,0,eGFP3
189,00:04:01,0.049,3.725,0,0,eGFP3
190,00:04:02,0.120,1.030,0,0,eGFP3
191,00:04:03,0.053,0.580,0,0,eGFP3
192,00:04:03,0.030,0.469,0,0,eGFP3
193,00:04:04,0.041,0.502,0,0,eGFP3
194,00:04:04,0.053,0.546,0,0,eGFP3
195,00:04:05,0.042,0.514,0,0,eGFP3
196,00:04:05,0.041,0.546,0,0,eGFP3
197,00:04:06,0.052,0.601,0,0,eGFP3
198,00:04:06,0.043,0.537,0,0,eGFP3
199,00:04:12,0.042,5.935,0,0,eGFP3
200,00:04:13,0.118,0.963,0,0,eGFP3
201,00:04:14,0.141,1.085,0,0,eGFP3
202,00:04:15,0.065,0.636,0,0,eGFP3
203,00:04:16,0.041,0.524,0,0,eGFP3
204,00:04:16,0.053,0.569,0,0,eGFP3
205,00:04:17,0.041,0.524,0,0,eGFP3
206,00:04:17,0.042,0.448,0,0,eGFP3
207,00:04:17,0.033,0.395,0,0,eGFP3
208,00:04:18,0.031,0.448,0,0,eGFP3
209,00:04:19,0.053,0.689,0,0,eGFP3
210,00:04:19,0.053,0.514,0,0,eGFP3
211,00:04:20,0.042,0.437,0,0,eGFP3
212,00:04:20,0.042,0.514,0,0,eGFP3
213,00:04:23,0.053,2.852,0,0,eGFP3
214,00:04:24,0.305,1.359,0,0,eGFP3
215,00:04:25,0.077,1.174,0,0,eGFP3
216,00:04:26,0.077,0.747,0,0,eGFP3
217,00:04:33,0.064,7.219,0,0,eGFP3
218,00:04:34,0.097,0.756,0,0,eGFP3
219,00:04:35,0.053,0.525,0,0,eGFP3
220,00:04:41,0.043,5.958,0,0,eGFP3
221,00:04:42,0.075,1.798,0,0,eGFP3
222,00:04:43,0.130,0.943,0,0,eGFP3
223,00:04:44,0.066,0.691,0,0,eGFP3
224,00:04:45,0.054,0.526,0,0,eGFP3
225,00:04:45,0.042,0.767,0,0,eGFP3
226,00:04:47,0.108,1.403,0,0,eGFP3
227,00:04:50,0.153,2.863,0,0,eGFP3
228,00:04:50,0.054,0.570,0,0,eGFP3
229,00:04:51,0.042,0.492,0,0,eGFP3
230,00:04:51,0.034,0.451,0,0,eGFP3
231,00:04:52,0.034,0.484,0,0,eGFP3
232,00:04:52,0.054,0.734,0,0,eGFP3
233,00:04:53,0.098,0.975,0,0,eGFP3
234,00:04:54,0.054,0.570,0,0,eGFP3
235,00:04:54,0.043,0.460,0,0,eGFP3
236,00:04:55,0.043,0.449,0,0,eGFP3
237,00:04:55,0.032,0.427,0,0,eGFP3
238,00:04:56,0.043,0.449,0,0,eGFP3
239,00:04:56,0.034,0.429,0,0,eGFP3
240,00:04:57,0.032,0.383,0,0,eGFP3
241,00:04:57,0.043,0.427,0,0,eGFP3
242,00:04:57,0.033,0.439,0,0,eGFP3
243,00:04:58,0.043,0.493,0,0,eGFP3
244,00:04:58,0.056,0.561,0,0,eGFP3
245,00:04:59,0.032,0.668,0,0,eGFP3
246,00:05:00,0.066,0.757,0,0,eGFP3
247,00:05:00,0.056,0.583,0,0,eGFP3
248,00:05:01,0.054,0.801,0,0,eGFP3
249,00:05:02,0.054,0.603,0,0,eGFP3
250,00:05:02,0.043,0.471,0,0,eGFP3
251,00:05:03,0.043,0.449,0,0,eGFP3
252,00:05:03,0.038,0.609,0,0,eGFP3
253,00:05:04,0.074,0.798,0,0,eGFP3
254,00:05:05,0.052,0.546,0,0,eGFP3
255,00:05:05,0.043,0.493,0,0,eGFP3
256,00:05:06,0.041,0.480,0,0,eGFP3
257,00:05:07,0.053,0.964,0,0,eGFP3
258,00:05:07,0.074,0.645,0,0,eGFP3
259,00:05:08,0.054,0.745,0,0,eGFP3
260,00:05:09,0.063,0.788,0,0,eGFP3
261,00:05:09,0.052,0.568,0,0,eGFP3
262,00:05:10,0.042,0.590,0,0,eGFP3
263,00:05:20,0.055,10.074,0,0,eGFP3
264,00:05:21,0.118,1.073,0,0,eGFP3
265,00:05:28,0.700,6.374,0,0,eGFP3
266,00:05:28,0.085,0.755,0,0,eGFP3
267,00:05:29,0.053,0.514,0,0,eGFP3
268,00:05:29,0.031,0.437,0,0,eGFP3
269,00:05:30,0.031,0.568,0,0,eGFP3
270,00:05:34,0.054,3.796,0,0,eGFP3
271,00:05:34,0.086,0.767,0,0,eGFP3
272,00:05:35,0.054,0.855,0,0,eGFP3
273,00:05:36,0.066,0.659,0,0,eGFP3
274,00:05:36,0.042,0.514,0,0,eGFP3
275,00:05:37,0.042,0.459,0,0,eGFP3
276,00:05:37,0.042,0.481,0,0,eGFP3
277,00:05:38,0.031,0.459,0,0,eGFP3
278,00:05:38,0.042,0.689,0,0,eGFP3
279,00:05:41,0.119,2.742,0,0,eGFP3
280,00:05:42,0.099,0.867,0,0,eGFP3
281,00:05:43,0.130,0.602,0,0,eGFP3
282,00:05:44,0.163,0.975,0,0,eGFP3
283,00:05:44,0.053,0.536,0,0,eGFP3
284,00:05:45,0.064,0.767,0,0,eGFP3
285,00:05:46,0.064,1.019,0,0,eGFP3
286,00:05:47,0.064,0.690,0,0,eGFP3
287,00:05:48,0.044,0.834,0,0,eGFP3
288,00:05:49,0.077,1.087,0,0,eGFP3
289,00:05:58,0.086,9.897,0,0,eGFP3
290,00:05:59,0.087,0.723,0,0,eGFP3
291,00:06:02,0.076,2.380,0,0,eGFP3
292,00:06:10,0.164,8.164,0,0,eGFP3
293,00:06:11,0.108,0.942,0,0,eGFP3
294,00:06:11,0.054,0.603,0,0,eGFP3
295,00:06:12,0.043,0.493,0,0,eGFP3
296,00:06:13,0.033,0.736,0,0,eGFP3
297,00:06:19,0.086,6.528,0,0,eGFP3
298,00:06:20,0.197,1.185,0,0,eGFP3
299,00:06:21,0.054,0.558,0,0,eGFP3
300,00:06:21,0.041,0.480,0,0,eGFP3
301,00:06:22,0.043,0.460,0,0,eGFP3
302,00:06:22,0.041,0.458,0,0,eGFP3
303,00:06:23,0.041,0.480,0,0,eGFP3
304,00:06:23,0.043,0.504,0,0,eGFP3
305,00:06:24,0.052,0.491,0,0,eGFP3
306,00:06:26,0.042,2.533,0,0,eGFP3
307,00:06:32,0.085,6.110,0,0,eGFP3
308,00:06:34,0.382,1.600,0,0,eGFP3
309,00:06:35,0.063,0.678,0,0,eGFP3
310,00:06:35,0.052,0.557,0,0,eGFP3
311,00:06:36,0.042,0.470,0,0,eGFP3
312,00:06:36,0.032,0.438,0,0,eGFP3
313,00:06:37,0.041,0.667,0,0,eGFP3
314,00:06:37,0.063,0.678,0,0,eGFP3
315,00:06:38,0.042,0.656,0,0,eGFP3
316,00:06:39,0.044,0.702,0,0,eGFP3
317,00:06:40,0.053,0.865,0,0,eGFP3
318,00:06:42,1.260,2.434,0,0,eGFP3
319,00:06:43,0.075,0.656,0,0,eGFP3
320,00:06:43,0.044,0.636,0,0,eGFP3
321,00:06:44,0.053,0.909,0,0,eGFP3
322,00:06:45,0.053,0.667,0,0,eGFP3
323,00:06:45,0.042,0.492,0,0,eGFP3
324,00:06:46,0.032,0.438,0,0,eGFP3
325,00:06:46,0.031,0.404,0,0,eGFP3
326,00:06:47,0.042,0.426,0,0,eGFP3
327,00:06:47,0.042,0.426,0,0,eGFP3
328,00:06:48,0.033,0.406,0,0,eGFP3
329,00:06:48,0.031,0.678,0,0,eGFP3
330,00:06:49,0.055,0.571,0,0,eGFP3
331,00:06:49,0.053,0.558,0,0,eGFP3
332,00:06:50,0.042,0.459,0,0,eGFP3
333,00:06:50,0.032,0.559,0,0,eGFP3
334,00:06:51,0.064,0.711,0,0,eGFP3
335,00:06:52,0.042,0.580,0,0,eGFP3
336,00:06:52,0.042,0.514,0,0,eGFP3
337,00:06:53,0.045,0.505,0,0,eGFP3
338,00:06:53,0.032,0.438,0,0,eGFP3
339,00:06:54,0.032,0.449,0,0,eGFP3
340,00:06:54,0.042,0.733,0,0,eGFP3
341,00:07:03,0.109,8.954,0,0,eGFP3
342,00:07:04,0.065,0.668,0,0,eGFP3
343,00:07:04,0.043,0.493,0,0,eGFP3
344,00:07:05,0.044,0.505,0,0,eGFP3
345,00:07:05,0.034,0.451,0,0,eGFP3
346,00:07:06,0.043,0.394,0,0,eGFP3
347,00:07:06,0.032,0.361,0,0,eGFP3
348,00:07:06,0.032,0.339,0,0,eGFP3
349,00:07:07,0.032,0.625,0,0,eGFP3
350,00:07:12,0.064,5.332,0,0,eGFP3
351,00:07:13,0.142,0.987,0,0,eGFP3
352,00:07:14,0.054,0.965,0,0,eGFP3
353,00:07:15,0.067,0.615,0,0,eGFP3
354,00:07:19,0.065,4.016,0,0,eGFP3
355,00:07:20,0.109,0.921,0,0,eGFP3
356,00:07:20,0.054,0.537,0,0,eGFP3
357,00:07:21,0.043,0.460,0,0,eGFP3
358,00:07:21,0.035,0.441,0,0,eGFP3
359,00:07:22,0.032,0.438,0,0,eGFP3
360,00:07:22,0.043,0.427,0,0,eGFP3
361,00:07:23,0.035,0.408,0,0,eGFP3
362,00:07:23,0.032,0.394,0,0,eGFP3
363,00:07:23,0.033,0.428,0,0,eGFP3
364,00:07:24,0.037,0.487,0,0,eGFP3
365,00:07:24,0.041,0.513,0,0,eGFP3
366,00:07:25,0.041,0.436,0,0,eGFP3
367,00:07:25,0.030,0.513,0,0,eGFP3
368,00:07:26,0.052,0.458,0,0,eGFP3
369,00:07:26,0.032,0.394,0,0,eGFP3
370,00:07:27,0.030,0.831,0,0,eGFP3
371,00:07:28,0.064,0.645,0,0,eGFP3
372,00:07:28,0.032,0.526,0,0,eGFP3
373,00:07:29,0.041,0.447,0,0,eGFP3
374,00:07:29,0.042,0.404,0,0,eGFP3
375,00:07:29,0.030,0.403,0,0,eGFP3
376,00:07:42,0.042,12.552,0,0,eGFP3
377,00:07:43,0.175,1.141,0,0,eGFP3
378,00:07:44,0.053,0.777,0,0,eGFP3
379,00:07:45,0.064,0.656,0,0,eGFP3
380,00:07:45,0.053,0.821,0,0,eGFP3
381,00:07:46,0.053,0.580,0,0,eGFP3
382,00:07:47,0.052,0.480,0,0,eGFP3
383,00:07:47,0.031,0.437,0,0,eGFP3
384,00:07:47,0.042,0.415,0,0,eGFP3
385,00:07:48,0.044,0.428,0,0,eGFP3
386,00:07:48,0.031,0.415,0,0,eGFP3
387,00:07:49,0.032,0.493,0,0,eGFP3
388,00:07:51,0.053,2.347,0,0,eGFP3
389,00:07:52,0.141,1.128,0,0,eGFP3
390,00:07:53,0.064,0.657,0,0,eGFP3
391,00:07:53,0.053,0.492,0,0,eGFP3
392,00:07:54,0.031,0.448,0,0,eGFP3
393,00:07:54,0.042,0.547,0,0,eGFP3
394,00:07:55,0.041,0.546,0,0,eGFP3
395,00:07:55,0.042,0.448,0,0,eGFP3
396,00:07:56,0.042,0.404,0,0,eGFP3
397,00:07:56,0.032,0.372,0,0,eGFP3
398,00:07:57,0.042,0.679,0,0,eGFP3
399,00:07:58,0.053,0.898,0,0,eGFP3
400,00:07:58,0.064,0.613,0,0,eGFP3
401,00:07:59,0.033,0.494,0,0,eGFP3
402,00:07:59,0.045,0.462,0,0,eGFP3
403,00:08:00,0.042,0.492,0,0,eGFP3
404,00:08:00,0.031,0.449,0,0,eGFP3
405,00:08:01,0.031,0.492,0,0,eGFP3
406,00:08:01,0.086,0.800,0,0,eGFP3
407,00:08:02,0.053,0.602,0,0,eGFP3
408,00:08:06,0.042,4.388,0,0,eGFP3
409,00:08:08,0.142,1.107,0,0,eGFP3
410,00:08:08,0.056,0.627,0,0,eGFP3
411,00:08:09,0.042,0.481,0,0,eGFP3
412,00:08:09,0.043,0.482,0,0,eGFP3
413,00:08:10,0.054,0.636,0,0,eGFP3
414,00:08:11,0.097,0.942,0,0,eGFP3
415,00:08:11,0.056,0.561,0,0,eGFP3
416,00:08:12,0.043,0.449,0,0,eGFP3
417,00:08:12,0.043,0.416,0,0,eGFP3
418,00:08:13,0.034,0.418,0,0,eGFP3
419,00:08:13,0.043,0.800,0,0,eGFP3
420,00:08:14,0.065,0.790,0,0,eGFP3
421,00:08:15,0.043,0.778,0,0,eGFP3
422,00:08:16,0.054,0.581,0,0,eGFP3
423,00:08:16,0.043,0.482,0,0,eGFP3
424,00:08:17,0.043,0.734,0,0,eGFP3
425,00:08:17,0.066,0.636,0,0,eGFP3
426,00:08:18,0.046,0.551,0,0,eGFP3
427,00:08:18,0.038,0.510,0,0,eGFP3
428,00:08:19,0.041,0.633,0,0,eGFP3
429,00:08:20,0.054,0.603,0,0,eGFP3
430,00:08:20,0.041,0.579,0,0,eGFP3
431,00:08:21,0.041,0.480,0,0,eGFP3
432,00:08:21,0.041,0.524,0,0,eGFP3
433,00:08:22,0.041,0.963,0,0,eGFP3
434,00:08:23,0.087,0.833,0,0,eGFP3
435,00:08:24,0.052,0.656,0,0,eGFP3
436,00:08:24,0.041,0.513,0,0,eGFP3
437,00:08:25,0.052,0.513,0,0,eGFP3
438,00:08:26,0.063,1.073,0,0,eGFP3
439,00:08:27,0.074,1.117,0,0,eGFP3
440,00:08:35,0.329,8.121,0,0,eGFP3
441,00:08:38,0.107,2.873,0,0,eGFP3
442,00:08:42,0.087,3.840,0,0,eGFP3
443,00:08:43,0.097,0.843,0,0,eGFP3
444,00:08:43,0.043,0.537,0,0,eGFP3
445,00:08:44,0.031,0.437,0,0,eGFP3
446,00:08:44,0.042,0.481,0,0,eGFP3
447,00:08:44,0.030,0.415,0,0,eGFP3
448,00:08:45,0.030,0.414,0,0,eGFP3
449,00:08:46,0.042,0.646,0,0,eGFP3
450,00:08:46,0.043,0.570,0,0,eGFP3
451,00:08:47,0.042,0.722,0,0,eGFP3
452,00:08:47,0.053,0.536,0,0,eGFP3
453,00:08:48,0.053,0.602,0,0,eGFP3
454,00:08:52,0.042,4.223,0,0,eGFP3
455,00:08:53,0.086,0.832,0,0,eGFP3
456,00:08:54,0.053,0.503,0,0,eGFP3
457,00:08:54,0.043,0.416,0,0,eGFP3
458,00:08:54,0.032,0.373,0,0,eGFP3
459,00:08:55,0.036,0.354,0,0,eGFP3
460,00:08:55,0.032,0.361,0,0,eGFP3
461,00:08:55,0.031,0.382,0,0,eGFP3
462,00:08:56,0.031,0.503,0,0,eGFP3
463,00:08:57,0.054,0.855,0,0,eGFP3
464,00:08:57,0.053,0.558,0,0,eGFP3
465,00:08:58,0.031,0.437,0,0,eGFP3
466,00:08:58,0.032,0.405,0,0,eGFP3
467,00:08:59,0.044,0.747,0,0,eGFP3
468,00:10:03,0.097,63.604,0,0,eGFP3
469,00:10:03,0.185,0.712,0,0,eGFP3
470,00:10:06,0.208,2.710,0,0,eGFP3
471,00:10:13,0.097,6.704,0,0,eGFP3
472,00:10:13,0.100,0.791,0,0,eGFP3
473,00:10:14,0.054,0.537,0,0,eGFP3
474,00:10:14,0.043,0.493,0,0,eGFP3
475,00:10:15,0.034,0.440,0,0,eGFP3
476,00:10:15,0.043,0.427,0,0,eGFP3
477,00:10:16,0.032,0.427,0,0,eGFP3
478,00:10:16,0.032,0.449,0,0,eGFP3
479,00:10:17,0.044,0.472,0,0,eGFP3
480,00:10:17,0.043,0.515,0,0,eGFP3
481,00:10:18,0.043,0.943,0,0,eGFP3
482,00:10:20,0.230,1.547,0,0,eGFP3
483,00:10:20,0.067,0.670,0,0,eGFP3
484,00:10:21,0.044,0.494,0,0,eGFP3
485,00:10:21,0.054,0.482,0,0,eGFP3
486,00:10:22,0.046,0.605,0,0,eGFP3
487,00:10:23,0.066,0.757,0,0,eGFP3
488,00:10:23,0.055,0.537,0,0,eGFP3
489,00:10:24,0.033,0.417,0,0,eGFP3
490,00:10:24,0.038,0.499,0,0,eGFP3
491,00:10:30,0.053,5.661,0,0,eGFP3
492,00:10:32,0.788,1.962,0,0,eGFP3
493,00:10:32,0.063,0.700,0,0,eGFP3
494,00:10:33,0.052,0.491,0,0,eGFP3
495,00:10:33,0.041,0.437,0,0,eGFP3
496,00:10:34,0.030,0.634,0,0,eGFP3
497,00:10:38,0.063,4.442,0,0,eGFP3
498,00:10:41,0.107,2.851,0,0,eGFP3
499,00:10:42,0.076,0.734,0,0,eGFP3
500,00:10:43,0.065,1.207,0,0,eGFP3
501,00:10:45,0.085,1.611,0,0,eGFP3
502,00:10:46,0.184,1.281,0,0,eGFP3
503,00:10:47,0.064,0.613,0,0,eGFP3
504,00:10:47,0.053,0.524,0,0,eGFP3
505,00:10:48,0.042,0.514,0,0,eGFP3
506,00:10:48,0.042,0.459,0,0,eGFP3
507,00:10:49,0.032,0.427,0,0,eGFP3
508,00:10:49,0.031,0.591,0,0,eGFP3
509,00:10:50,0.053,0.514,0,0,eGFP3
510,00:10:50,0.031,0.404,0,0,eGFP3
511,00:10:51,0.042,0.503,0,0,eGFP3
512,00:10:52,0.053,1.029,0,0,eGFP3
513,00:10:52,0.064,0.624,0,0,eGFP3
514,00:10:53,0.042,0.558,0,0,eGFP3
515,00:10:53,0.045,0.539,0,0,eGFP3
516,00:10:54,0.031,0.449,0,0,eGFP3
517,00:10:54,0.042,0.492,0,0,eGFP3
518,00:10:55,0.064,0.986,0,0,eGFP3
519,00:10:56,0.075,0.700,0,0,eGFP3
520,00:10:57,0.054,0.580,0,0,eGFP3
521,00:10:57,0.043,0.482,0,0,eGFP3
522,00:10:58,0.042,0.470,0,0,eGFP3
523,00:10:58,0.031,0.437,0,0,eGFP3
524,00:10:59,0.044,0.538,0,0,eGFP3
525,00:11:00,0.076,0.943,0,0,eGFP3
526,00:11:00,0.053,0.569,0,0,eGFP3
527,00:11:01,0.031,0.701,0,0,eGFP3
528,00:11:01,0.053,0.668,0,0,eGFP3
529,00:11:02,0.044,0.516,0,0,eGFP3
530,00:11:02,0.032,0.416,0,0,eGFP3
531,00:11:03,0.032,0.405,0,0,eGFP3
532,00:11:04,0.045,0.835,0,0,eGFP3
533,00:11:04,0.053,0.624,0,0,eGFP3
534,00:11:05,0.043,0.515,0,0,eGFP3
535,00:11:06,0.043,0.778,0,0,eGFP3
536,00:11:06,0.065,0.778,0,0,eGFP3
537,00:11:07,0.054,0.548,0,0,eGFP3
538,00:11:07,0.042,0.459,0,0,eGFP3
539,00:11:08,0.043,0.449,0,0,eGFP3
540,00:11:08,0.045,0.451,0,0,eGFP3
541,00:11:09,0.043,0.504,0,0,eGFP3
542,00:11:15,0.109,6.671,0,0,eGFP3
543,00:11:16,0.210,0.561,0,0,eGFP3
544,00:11:21,0.263,5.344,0,0,eGFP3
545,00:11:25,0.109,3.533,0,0,eGFP3
546,00:11:25,0.076,0.658,0,0,eGFP3
547,00:11:26,0.043,0.493,0,0,eGFP3
548,00:11:26,0.034,0.473,0,0,eGFP3
549,00:11:27,0.033,0.439,0,0,eGFP3
550,00:11:27,0.043,0.460,0,0,eGFP3
551,00:11:28,0.033,0.461,0,0,eGFP3
552,00:11:30,0.043,2.457,0,0,eGFP3
553,00:11:31,0.066,0.636,0,0,eGFP3
554,00:11:31,0.048,0.476,0,0,eGFP3
555,00:11:32,0.041,0.469,0,0,eGFP3
556,00:11:32,0.032,0.460,0,0,eGFP3
557,00:11:33,0.043,0.570,0,0,eGFP3
558,00:11:34,0.063,0.612,0,0,eGFP3
559,00:11:34,0.041,0.677,0,0,eGFP3
560,00:11:35,0.075,0.920,0,0,eGFP3
561,00:11:36,0.041,0.579,0,0,eGFP3
562,00:11:36,0.042,0.612,0,0,eGFP3
563,00:11:41,0.064,4.969,0,0,eGFP3
564,00:11:42,0.120,0.888,0,0,eGFP3
565,00:11:43,0.053,0.536,0,0,eGFP3
566,00:11:43,0.042,0.426,0,0,eGFP3
567,00:11:44,0.042,0.393,0,0,eGFP3
568,00:11:44,0.030,0.436,0,0,eGFP3
569,00:11:44,0.031,0.503,0,0,eGFP3
570,00:11:45,0.053,0.591,0,0,eGFP3
571,00:11:46,0.052,0.491,0,0,eGFP3
572,00:11:46,0.032,0.405,0,0,eGFP3
573,00:11:46,0.031,0.547,0,0,eGFP3
574,00:11:47,0.052,0.502,0,0,eGFP3
575,00:11:48,0.032,0.964,0,0,eGFP3
576,00:11:49,0.064,0.668,0,0,eGFP3
577,00:11:49,0.042,0.558,0,0,eGFP3
578,00:11:50,0.031,0.887,0,0,eGFP3
579,00:11:51,0.086,0.843,0,0,eGFP3
580,00:11:52,0.066,0.779,0,0,eGFP3
581,00:11:52,0.064,0.580,0,0,eGFP3
582,00:11:53,0.053,0.525,0,0,eGFP3
583,00:11:53,0.042,0.580,0,0,eGFP3
584,00:11:54,0.042,0.459,0,0,eGFP3
585,00:11:54,0.032,0.504,0,0,eGFP3
586,00:11:55,0.044,0.472,0,0,eGFP3
587,00:11:55,0.031,0.415,0,0,eGFP3
588,00:11:56,0.043,0.405,0,0,eGFP3
589,00:11:56,0.033,0.395,0,0,eGFP3
590,00:11:56,0.032,0.427,0,0,eGFP3
591,00:11:57,0.031,0.426,0,0,eGFP3
592,00:11:57,0.043,0.394,0,0,eGFP3
593,00:11:58,0.031,0.547,0,0,eGFP3
594,00:11:59,0.076,0.822,0,0,eGFP3
595,00:11:59,0.043,0.526,0,0,eGFP3
596,00:12:00,0.042,0.437,0,0,eGFP3
597,00:12:00,0.034,0.407,0,0,eGFP3
598,00:12:01,0.032,0.745,0,0,eGFP3
599,00:12:01,0.065,0.614,0,0,eGFP3
600,00:12:02,0.033,0.516,0,0,eGFP3
601,00:12:02,0.043,0.515,0,0,eGFP3
602,00:12:03,0.032,0.460,0,0,eGFP3
603,00:12:03,0.032,0.416,0,0,eGFP3
604,00:12:04,0.032,0.603,0,0,eGFP3
605,00:12:05,0.088,0.966,0,0,eGFP3
606,00:12:05,0.054,0.559,0,0,eGFP3
607,00:12:06,0.043,0.471,0,0,eGFP3
608,00:12:06,0.032,0.493,0,0,eGFP3
609,00:12:07,0.054,0.702,0,0,eGFP3
610,00:12:08,0.032,0.526,0,0,eGFP3
611,00:12:08,0.043,0.449,0,0,eGFP3
612,00:12:08,0.032,0.438,0,0,eGFP3
613,00:12:12,0.068,3.623,0,0,eGFP3
614,00:12:13,0.145,0.957,0,0,eGFP3
615,00:12:14,0.054,0.537,0,0,eGFP3
616,00:12:14,0.043,0.438,0,0,eGFP3
617,00:12:14,0.038,0.433,0,0,eGFP3
618,00:12:15,0.041,0.678,0,0,eGFP3
619,00:12:16,0.052,0.601,0,0,eGFP3
620,00:12:16,0.041,0.480,0,0,eGFP3
621,00:12:17,0.043,0.482,0,0,eGFP3
622,00:12:18,0.030,0.886,0,0,eGFP3
623,00:12:18,0.085,0.744,0,0,eGFP3
624,00:12:19,0.052,0.568,0,0,eGFP3
625,00:12:19,0.041,0.458,0,0,eGFP3
626,00:12:20,0.042,0.503,0,0,eGFP3
627,00:12:20,0.041,0.590,0,0,eGFP3
628,00:12:21,0.054,0.614,0,0,eGFP3
629,00:12:22,0.043,0.965,0,0,eGFP3
630,00:12:23,0.063,0.634,0,0,eGFP3
631,00:12:23,0.042,0.513,0,0,eGFP3
632,00:12:24,0.031,0.459,0,0,eGFP3
633,00:12:24,0.042,0.678,0,0,eGFP3
634,00:12:25,0.064,0.865,0,0,eGFP3
635,00:12:28,0.053,3.016,0,0,eGFP3
636,00:12:29,0.086,0.700,0,0,eGFP3
637,00:12:29,0.044,0.505,0,0,eGFP3
638,00:12:30,0.031,0.448,0,0,eGFP3
639,00:12:30,0.031,0.426,0,0,eGFP3
640,00:12:31,0.031,0.393,0,0,eGFP3
641,00:12:31,0.031,0.382,0,0,eGFP3
642,00:12:31,0.031,0.426,0,0,eGFP3
643,00:12:32,0.033,0.450,0,0,eGFP3
644,00:12:32,0.042,0.492,0,0,eGFP3
645,00:12:33,0.044,0.494,0,0,eGFP3
646,00:12:33,0.042,0.437,0,0,eGFP3
647,00:12:34,0.042,0.437,0,0,eGFP3
648,00:12:34,0.032,0.481,0,0,eGFP3
649,00:12:35,0.054,0.723,0,0,eGFP3
650,00:12:36,0.066,0.702,0,0,eGFP3
651,00:12:36,0.053,0.525,0,0,eGFP3
652,00:12:37,0.043,0.482,0,0,eGFP3
653,00:12:37,0.042,0.689,0,0,eGFP3
654,00:12:38,0.067,0.703,0,0,eGFP3
655,00:12:40,0.054,1.425,0,0,eGFP3
656,00:12:43,0.109,3.544,0,0,eGFP3
657,00:12:44,0.066,0.670,0,0,eGFP3
658,00:12:44,0.042,0.492,0,0,eGFP3
659,00:12:45,0.043,0.515,0,0,eGFP3
660,00:12:45,0.043,0.635,0,0,eGFP3
661,00:12:46,0.054,0.548,0,0,eGFP3
662,00:12:46,0.044,0.582,0,0,eGFP3
663,00:12:47,0.054,0.954,0,0,eGFP3
664,00:12:48,0.054,0.844,0,0,eGFP3
665,00:12:49,0.065,0.635,0,0,eGFP3
666,00:12:50,0.054,0.614,0,0,eGFP3
667,00:12:50,0.076,0.921,0,0,eGFP3
668,00:12:51,0.065,0.690,0,0,eGFP3
669,00:12:52,0.043,0.493,0,0,eGFP3
670,00:12:52,0.034,0.407,0,0,eGFP3
671,00:12:52,0.035,0.386,0,0,eGFP3
672,00:12:53,0.032,0.405,0,0,eGFP3
673,00:12:54,0.032,0.998,0,0,eGFP3
674,00:12:55,0.175,1.140,0,0,eGFP3
675,00:12:56,0.076,0.636,0,0,eGFP3
676,00:12:56,0.044,0.493,0,0,eGFP3
677,00:12:57,0.044,0.593,0,0,eGFP3
678,00:12:59,0.078,2.031,0,0,eGFP3
679,00:12:59,0.066,0.658,0,0,eGFP3
680,00:13:00,0.044,0.505,0,0,eGFP3
681,00:13:00,0.036,0.574,0,0,eGFP3
682,00:13:01,0.052,0.546,0,0,eGFP3
683,00:13:01,0.030,0.436,0,0,eGFP3
684,00:13:02,0.030,0.491,0,0,eGFP3
685,00:13:03,0.043,0.570,0,0,eGFP3
686,00:13:03,0.043,0.460,0,0,eGFP3
687,00:13:03,0.041,0.447,0,0,eGFP3
688,00:13:04,0.041,0.480,0,0,eGFP3
689,00:13:04,0.042,0.492,0,0,eGFP3
690,00:13:05,0.041,0.436,0,0,eGFP3
691,00:13:05,0.031,0.448,0,0,eGFP3
692,00:13:06,0.041,0.798,0,0,eGFP3
693,00:13:07,0.064,0.624,0,0,eGFP3
694,00:13:07,0.043,0.504,0,0,eGFP3
695,00:13:08,0.041,0.447,0,0,eGFP3
696,00:13:08,0.042,0.481,0,0,eGFP3
697,00:13:09,0.053,0.536,0,0,eGFP3
698,00:13:09,0.030,0.458,0,0,eGFP3
699,00:13:10,0.031,0.404,0,0,eGFP3
700,00:13:10,0.041,0.403,0,0,eGFP3
701,00:13:11,0.031,0.601,0,0,eGFP3
702,00:13:11,0.055,0.691,0,0,eGFP3
703,00:13:12,0.053,0.569,0,0,eGFP3
704,00:13:12,0.042,0.602,0,0,eGFP3
705,00:13:13,0.042,0.667,0,0,eGFP3
706,00:13:14,0.053,0.503,0,0,eGFP3
707,00:13:14,0.053,0.558,0,0,eGFP3
708,00:13:15,0.053,0.602,0,0,eGFP3
709,00:13:15,0.042,0.535,0,0,eGFP3
710,00:13:16,0.044,0.626,0,0,eGFP3
711,00:13:16,0.042,0.569,0,0,eGFP3
712,00:13:17,0.042,0.722,0,0,eGFP3
713,00:13:45,0.065,27.686,0,0,eGFP3
714,00:13:46,0.099,0.758,0,0,eGFP3
715,00:13:46,0.053,0.481,0,0,eGFP3
716,00:13:47,0.043,0.427,0,0,eGFP3
717,00:13:47,0.031,0.426,0,0,eGFP3
718,00:13:47,0.032,0.449,0,0,eGFP3
719,00:13:48,0.033,0.395,0,0,eGFP3
720,00:13:48,0.043,0.536,0,0,eGFP3
721,00:13:54,0.076,5.837,0,0,eGFP3
722,00:13:57,0.098,3.280,0,0,eGFP3
723,00:13:58,0.065,0.647,0,0,eGFP3
724,00:13:59,0.043,0.492,0,0,eGFP3
725,00:13:59,0.043,0.449,0,0,eGFP3
726,00:14:00,0.043,0.669,0,0,eGFP3
727,00:14:00,0.088,0.703,0,0,eGFP3
728,00:14:01,0.045,0.462,0,0,eGFP3
729,00:14:01,0.032,0.394,0,0,eGFP3
730,00:14:02,0.032,0.372,0,0,eGFP3
731,00:14:02,0.032,0.537,0,0,eGFP3
732,00:14:03,0.043,0.745,0,0,eGFP3
733,00:14:03,0.054,0.504,0,0,eGFP3
734,00:14:04,0.032,0.449,0,0,eGFP3
735,00:14:04,0.034,0.473,0,0,eGFP3
736,00:14:05,0.032,0.438,0,0,eGFP3
737,00:14:05,0.043,0.450,0,0,eGFP3
738,00:14:06,0.043,0.416,0,0,eGFP3
739,00:14:06,0.043,0.416,0,0,eGFP3
740,00:14:07,0.032,0.702,0,0,eGFP3
741,00:14:07,0.065,0.636,0,0,eGFP3
742,00:14:19,0.056,11.787,0,0,eGFP3
743,00:14:20,0.068,0.759,0,0,eGFP3
744,00:14:21,0.060,0.752,0,0,eGFP3
745,00:14:22,0.085,1.314,0,0,eGFP3
746,00:14:23,0.118,0.974,0,0,eGFP3
747,00:14:24,0.052,0.557,0,0,eGFP3
748,00:14:24,0.041,0.437,0,0,eGFP3
749,00:14:24,0.041,0.436,0,0,eGFP3
750,00:14:25,0.041,0.414,0,0,eGFP3
751,00:14:25,0.044,0.428,0,0,eGFP3
752,00:14:26,0.041,0.809,0,0,eGFP3
753,00:14:27,0.064,0.558,0,0,eGFP3
754,00:14:27,0.041,0.469,0,0,eGFP3
755,00:14:28,0.031,0.404,0,0,eGFP3
756,00:14:28,0.043,0.679,0,0,eGFP3
757,00:14:29,0.064,0.646,0,0,eGFP3
758,00:14:29,0.041,0.469,0,0,eGFP3
759,00:14:30,0.033,0.428,0,0,eGFP3
760,00:14:30,0.052,0.766,0,0,eGFP3
761,00:14:31,0.063,0.590,0,0,eGFP3
762,00:14:32,0.042,0.492,0,0,eGFP3
763,00:14:32,0.031,0.415,0,0,eGFP3
764,00:14:33,0.042,0.700,0,0,eGFP3
765,00:14:33,0.053,0.635,0,0,eGFP3
766,00:14:34,0.041,0.458,0,0,eGFP3
767,00:14:35,0.033,0.758,0,0,eGFP3
768,00:14:35,0.074,0.755,0,0,eGFP3
769,00:14:36,0.042,0.536,0,0,eGFP3
770,00:14:36,0.042,0.459,0,0,eGFP3
771,00:14:37,0.033,0.439,0,0,eGFP3
772,00:14:37,0.031,0.415,0,0,eGFP3
773,00:14:38,0.031,0.404,0,0,eGFP3
774,00:14:38,0.032,0.514,0,0,eGFP3
775,00:14:39,0.033,0.505,0,0,eGFP3
776,00:14:39,0.032,0.427,0,0,eGFP3
777,00:14:39,0.031,0.393,0,0,eGFP3
778,00:14:40,0.031,0.427,0,0,eGFP3
779,00:14:40,0.042,0.525,0,0,eGFP3
780,00:14:41,0.053,0.525,0,0,eGFP3
781,00:14:41,0.042,0.449,0,0,eGFP3
782,00:14:42,0.042,0.514,0,0,eGFP3
783,00:14:42,0.053,0.624,0,0,eGFP3
784,00:14:43,0.044,0.516,0,0,eGFP3
785,00:14:43,0.045,0.440,0,0,eGFP3
786,00:14:44,0.042,0.437,0,0,eGFP3
787,00:14:44,0.043,0.449,0,0,eGFP3
788,00:14:45,0.043,0.471,0,0,eGFP3
789,00:14:45,0.043,0.503,0,0,eGFP3
790,00:14:46,0.032,0.482,0,0,eGFP3
791,00:14:46,0.043,0.581,0,0,eGFP3
792,00:14:47,0.055,0.692,0,0,eGFP3
793,00:14:48,0.050,0.621,0,0,eGFP3
794,00:14:48,0.052,0.502,0,0,eGFP3
795,00:14:49,0.052,0.678,0,0,eGFP3
796,00:14:52,0.107,2.938,0,0,eGFP3
797,00:14:53,0.206,1.259,0,0,eGFP3
798,00:14:54,0.075,0.667,0,0,eGFP3
799,00:14:55,0.065,0.844,0,0,eGFP3
800,00:14:55,0.076,0.702,0,0,eGFP3
801,00:14:56,0.041,0.491,0,0,eGFP3
802,00:14:56,0.030,0.524,0,0,eGFP3
803,00:14:57,0.052,0.722,0,0,eGFP3
804,00:14:58,0.052,0.557,0,0,eGFP3
805,00:14:58,0.042,0.656,0,0,eGFP3
806,00:14:59,0.053,0.755,0,0,eGFP3
807,00:15:00,0.053,0.612,0,0,eGFP3
808,00:15:00,0.044,0.526,0,0,eGFP3
809,00:15:01,0.042,0.459,0,0,eGFP3
810,00:15:01,0.031,0.514,0,0,eGFP3
811,00:15:02,0.074,0.623,0,0,eGFP3
812,00:15:02,0.042,0.623,0,0,eGFP3
813,00:15:11,0.099,8.604,0,0,eGFP3
814,00:15:12,0.118,1.029,0,0,eGFP3
815,00:15:13,0.119,0.942,0,0,eGFP3
816,00:15:13,0.055,0.593,0,0,eGFP3
817,00:15:14,0.031,0.470,0,0,eGFP3
818,00:15:14,0.031,0.448,0,0,eGFP3
819,00:15:15,0.031,0.437,0,0,eGFP3
820,00:15:15,0.042,0.591,0,0,eGFP3
821,00:15:16,0.053,0.799,0,0,eGFP3
822,00:15:17,0.064,0.668,0,0,eGFP3
823,00:15:18,0.042,0.876,0,0,eGFP3
824,00:15:19,0.066,0.921,0,0,eGFP3
825,00:15:22,0.065,3.050,0,0,eGFP3
826,00:15:22,0.064,0.613,0,0,eGFP3
827,00:15:23,0.044,0.450,0,0,eGFP3
828,00:15:23,0.042,0.437,0,0,eGFP3
829,00:15:24,0.043,0.471,0,0,eGFP3
830,00:15:24,0.042,0.448,0,0,eGFP3
831,00:15:25,0.032,0.394,0,0,eGFP3
832,00:15:25,0.033,0.560,0,0,eGFP3
833,00:15:26,0.075,1.030,0,0,eGFP3
834,00:15:27,0.053,0.569,0,0,eGFP3
835,00:15:27,0.043,0.449,0,0,eGFP3
836,00:15:28,0.031,0.448,0,0,eGFP3
837,00:15:28,0.032,0.537,0,0,eGFP3
838,00:15:29,0.053,0.734,0,0,eGFP3
839,00:15:29,0.054,0.635,0,0,eGFP3
840,00:15:30,0.045,0.473,0,0,eGFP3
841,00:15:30,0.043,0.416,0,0,eGFP3
842,00:15:31,0.033,0.385,0,0,eGFP3
843,00:15:31,0.032,0.427,0,0,eGFP3
844,00:15:32,0.031,0.448,0,0,eGFP3
845,00:15:32,0.032,0.790,0,0,eGFP3
846,00:15:33,0.054,0.569,0,0,eGFP3
847,00:15:33,0.043,0.449,0,0,eGFP3
848,00:15:34,0.043,0.504,0,0,eGFP3
849,00:15:34,0.045,0.539,0,0,eGFP3
850,00:15:35,0.043,0.625,0,0,eGFP3
851,00:15:36,0.054,0.526,0,0,eGFP3
852,00:15:36,0.043,0.592,0,0,eGFP3
853,00:15:37,0.065,0.592,0,0,eGFP3
854,00:15:37,0.043,0.460,0,0,eGFP3
855,00:15:38,0.033,0.505,0,0,eGFP3
856,00:15:38,0.050,0.687,0,0,eGFP3
857,00:15:39,0.075,0.690,0,0,eGFP3
858,00:15:40,0.052,0.502,0,0,eGFP3
859,00:15:40,0.041,0.469,0,0,eGFP3
860,00:15:41,0.041,0.666,0,0,eGFP3
861,00:15:41,0.053,0.656,0,0,eGFP3
862,00:15:42,0.041,0.524,0,0,eGFP3
863,00:15:42,0.041,0.436,0,0,eGFP3
864,00:15:43,0.031,0.393,0,0,eGFP3
865,00:15:43,0.032,0.460,0,0,eGFP3
866,00:15:44,0.052,0.930,0,0,eGFP3
867,00:15:45,0.053,0.579,0,0,eGFP3
868,00:15:45,0.042,0.470,0,0,eGFP3
869,00:15:46,0.041,0.700,0,0,eGFP3
870,00:15:49,0.087,3.170,0,0,eGFP3
871,00:15:50,0.130,0.865,0,0,eGFP3
872,00:15:51,0.053,0.536,0,0,eGFP3
873,00:15:51,0.043,0.493,0,0,eGFP3
874,00:15:51,0.042,0.448,0,0,eGFP3
875,00:15:52,0.031,0.393,0,0,eGFP3
876,00:15:52,0.041,0.491,0,0,eGFP3
877,00:15:53,0.053,0.810,0,0,eGFP3
878,00:15:54,0.053,0.503,0,0,eGFP3
879,00:15:54,0.042,0.459,0,0,eGFP3
880,00:15:55,0.031,0.404,0,0,eGFP3
881,00:15:55,0.044,0.823,0,0,eGFP3
882,00:15:56,0.064,0.678,0,0,eGFP3
883,00:15:57,0.053,0.514,0,0,eGFP3
884,00:15:57,0.044,0.450,0,0,eGFP3
885,00:15:58,0.042,0.744,0,0,eGFP3
886,00:15:58,0.064,0.613,0,0,eGFP3
887,00:15:59,0.042,0.547,0,0,eGFP3
888,00:16:02,0.086,2.742,0,0,eGFP3
889,00:16:02,0.099,0.746,0,0,eGFP3
890,00:16:03,0.042,0.503,0,0,eGFP3
891,00:16:03,0.043,0.460,0,0,eGFP3
892,00:16:04,0.031,0.766,0,0,eGFP3
893,00:16:05,0.076,0.613,0,0,eGFP3
894,00:16:05,0.043,0.460,0,0,eGFP3
895,00:16:06,0.031,0.766,0,0,eGFP3
896,00:16:07,0.087,0.844,0,0,eGFP3
897,00:16:07,0.033,0.527,0,0,eGFP3
898,00:16:08,0.042,0.470,0,0,eGFP3
899,00:16:08,0.034,0.473,0,0,eGFP3
900,00:16:09,0.053,0.569,0,0,eGFP3
901,00:16:09,0.054,0.581,0,0,eGFP3
902,00:16:10,0.042,0.547,0,0,eGFP3
903,00:16:10,0.043,0.514,0,0,eGFP3
904,00:16:11,0.043,0.493,0,0,eGFP3
905,00:16:12,0.043,0.987,0,0,eGFP3
906,00:16:13,0.063,0.645,0,0,eGFP3
907,00:16:13,0.054,0.569,0,0,eGFP3
908,00:16:14,0.043,0.735,0,0,eGFP3
909,00:16:15,0.064,0.679,0,0,eGFP3
910,00:16:15,0.054,0.515,0,0,eGFP3
911,00:16:16,0.032,0.514,0,0,eGFP3
912,00:16:17,0.098,1.338,0,0,eGFP3
913,00:16:18,0.083,0.818,0,0,eGFP3
914,00:16:18,0.056,0.550,0,0,eGFP3
915,00:16:19,0.032,0.690,0,0,eGFP3
916,00:16:20,0.065,0.691,0,0,eGFP3
917,00:16:20,0.043,0.548,0,0,eGFP3
918,00:16:22,0.065,1.327,0,0,eGFP3
919,00:16:22,0.082,0.828,0,0,eGFP3
920,00:16:23,0.041,0.546,0,0,eGFP3
921,00:16:23,0.030,0.469,0,0,eGFP3
922,00:16:24,0.043,0.504,0,0,eGFP3
923,00:16:25,0.041,0.633,0,0,eGFP3
924,00:16:25,0.052,0.700,0,0,eGFP3
925,00:16:26,0.052,0.897,0,0,eGFP3
926,00:16:27,0.053,0.546,0,0,eGFP3
927,00:16:27,0.043,0.460,0,0,eGFP3
928,00:16:28,0.042,0.415,0,0,eGFP3
929,00:16:28,0.042,0.557,0,0,eGFP3
930,00:16:29,0.076,0.987,0,0,eGFP3
931,00:16:30,0.064,0.821,0,0,eGFP3
932,00:16:31,0.053,0.590,0,0,eGFP3
933,00:16:31,0.042,0.503,0,0,eGFP3
934,00:16:32,0.053,0.612,0,0,eGFP3
935,00:16:32,0.053,0.668,0,0,eGFP3
936,00:16:33,0.063,0.634,0,0,eGFP3
937,00:16:33,0.053,0.503,0,0,eGFP3
938,00:16:34,0.043,0.844,0,0,eGFP3
939,00:16:35,0.075,0.645,0,0,eGFP3
940,00:16:35,0.042,0.481,0,0,eGFP3
941,00:16:36,0.033,0.417,0,0,eGFP3
942,00:16:36,0.031,0.437,0,0,eGFP3
943,00:16:37,0.042,0.865,0,0,eGFP3
944,00:16:38,0.064,0.733,0,0,eGFP3
945,00:16:38,0.031,0.547,0,0,eGFP3
946,00:16:39,0.044,0.757,0,0,eGFP3
947,00:16:40,0.064,0.657,0,0,eGFP3
948,00:16:40,0.053,0.547,0,0,eGFP3
949,00:16:41,0.042,0.481,0,0,eGFP3
950,00:16:41,0.042,0.448,0,0,eGFP3
951,00:16:42,0.042,0.415,0,0,eGFP3
952,00:16:42,0.043,0.405,0,0,eGFP3
953,00:16:43,0.042,0.459,0,0,eGFP3
954,00:16:43,0.044,0.812,0,0,eGFP3
955,00:16:44,0.077,0.758,0,0,eGFP3
956,00:16:45,0.042,0.503,0,0,eGFP3
957,00:16:45,0.043,0.492,0,0,eGFP3
958,00:16:46,0.054,1.085,0,0,eGFP3
959,00:16:47,0.076,0.668,0,0,eGFP3
960,00:16:48,0.043,0.603,0,0,eGFP3
961,00:16:48,0.086,0.811,0,0,eGFP3
962,00:16:49,0.055,0.527,0,0,eGFP3
963,00:16:49,0.032,0.471,0,0,eGFP3
964,00:16:50,0.053,0.745,0,0,eGFP3
965,00:16:51,0.054,0.558,0,0,eGFP3
966,00:16:51,0.043,0.526,0,0,eGFP3
967,00:16:52,0.065,0.657,0,0,eGFP3
968,00:16:52,0.054,0.592,0,0,eGFP3
969,00:16:53,0.043,0.591,0,0,eGFP3
970,00:16:54,0.089,0.967,0,0,eGFP3
971,00:16:55,0.067,0.692,0,0,eGFP3
972,00:16:55,0.043,0.746,0,0,eGFP3
973,00:16:56,0.032,0.504,0,0,eGFP3
974,00:16:56,0.032,0.427,0,0,eGFP3
975,00:16:57,0.032,0.416,0,0,eGFP3
976,00:16:58,0.032,0.789,0,0,eGFP3
977,00:16:58,0.087,0.954,0,0,eGFP3
978,00:16:59,0.055,0.571,0,0,eGFP3
979,00:17:00,0.038,0.642,0,0,eGFP3
980,00:17:00,0.054,0.668,0,0,eGFP3
981,00:17:01,0.055,0.603,0,0,eGFP3
982,00:17:02,0.048,0.564,0,0,eGFP3
983,00:17:02,0.052,0.480,0,0,eGFP3
984,00:17:02,0.032,0.460,0,0,eGFP3
985,00:17:03,0.030,0.447,0,0,eGFP3
986,00:17:03,0.041,0.557,0,0,eGFP3
987,00:17:04,0.043,0.614,0,0,eGFP3
988,00:17:05,0.052,0.546,0,0,eGFP3
989,00:17:05,0.041,0.722,0,0,eGFP3
990,00:17:06,0.052,0.645,0,0,eGFP3
991,00:17:07,0.052,0.524,0,0,eGFP3
992,00:17:07,0.053,0.579,0,0,eGFP3
993,00:17:08,0.053,0.777,0,0,eGFP3
994,00:17:08,0.108,0.514,0,0,eGFP3
995,00:17:10,0.251,1.678,0,0,eGFP3
996,00:17:11,0.119,0.843,0,0,eGFP3
997,00:17:11,0.053,0.514,0,0,eGFP3
998,00:17:12,0.043,0.526,0,0,eGFP3
999,00:17:13,0.053,0.634,0,0,eGFP3
1000,00:17:13,0.053,0.646,0,0,eGFP3
1001,00:17:14,0.063,0.886,0,0,eGFP3
1002,00:17:15,0.053,0.558,0,0,eGFP3
1003,00:17:15,0.044,0.450,0,0,eGFP3
1004,00:17:16,0.042,0.426,0,0,eGFP3
1005,00:17:16,0.042,0.733,0,0,eGFP3
1006,00:17:17,0.064,0.613,0,0,eGFP3
1007,00:17:18,0.042,0.744,0,0,eGFP3
1008,00:17:18,0.064,0.668,0,0,eGFP3
1009,00:17:19,0.042,0.558,0,0,eGFP3
1010,00:17:20,0.064,0.700,0,0,eGFP3
1011,00:17:20,0.044,0.791,0,0,eGFP3
1012,00:17:21,0.076,0.801,0,0,eGFP3
1013,00:17:22,0.053,0.558,0,0,eGFP3
1014,00:17:22,0.042,0.591,0,0,eGFP3
1015,00:17:23,0.042,0.481,0,0,eGFP3
1016,00:17:23,0.042,0.459,0,0,eGFP3
1017,00:17:24,0.043,0.613,0,0,eGFP3
1018,00:17:24,0.054,0.548,0,0,eGFP3
1019,00:17:25,0.044,0.483,0,0,eGFP3
1020,00:17:25,0.042,0.437,0,0,eGFP3
1021,00:17:26,0.043,0.811,0,0,eGFP3
1022,00:17:27,0.087,0.767,0,0,eGFP3
1023,00:17:28,0.054,0.668,0,0,eGFP3
1024,00:17:28,0.054,0.581,0,0,eGFP3
1025,00:17:29,0.042,0.569,0,0,eGFP3
1026,00:17:29,0.056,0.670,0,0,eGFP3
1027,00:17:30,0.045,0.517,0,0,eGFP3
1028,00:17:30,0.043,0.504,0,0,eGFP3
1029,00:17:31,0.042,0.437,0,0,eGFP3
1030,00:17:31,0.043,0.438,0,0,eGFP3
1031,00:17:32,0.043,0.438,0,0,eGFP3
1032,00:17:32,0.043,0.647,0,0,eGFP3
1033,00:17:34,0.098,1.162,0,0,eGFP3
1034,00:17:34,0.065,0.745,0,0,eGFP3
1035,00:17:35,0.044,0.537,0,0,eGFP3
1036,00:17:35,0.034,0.473,0,0,eGFP3
1037,00:21:56,0.054,260.523,0,0,eGFP3
1038,00:22:03,0.120,7.363,0,0,eGFP3
1039,00:22:04,0.088,0.867,0,0,eGFP3
1040,00:22:05,0.057,0.561,0,0,eGFP3
1041,00:22:05,0.044,0.483,0,0,eGFP3
1042,00:22:06,0.043,0.559,0,0,eGFP3
1043,00:22:06,0.055,0.636,0,0,eGFP3
1044,00:22:07,0.057,0.551,0,0,eGFP3
1045,00:22:08,0.049,0.674,0,0,eGFP3
1046,00:22:08,0.063,0.579,0,0,eGFP3
1047,00:22:09,0.042,0.448,0,0,eGFP3
1048,00:22:09,0.041,0.645,0,0,eGFP3
1049,00:22:10,0.085,1.040,0,0,eGFP3
1050,00:22:11,0.063,0.765,0,0,eGFP3
1051,00:22:12,0.053,0.634,0,0,eGFP3
1052,00:22:12,0.043,0.460,0,0,eGFP3
1053,00:22:13,0.043,0.746,0,0,eGFP3
1054,00:22:14,0.052,0.974,0,0,eGFP3
1055,00:22:15,0.064,1.293,0,0,eGFP3
1056,00:22:24,0.085,9.248,0,0,eGFP3
1057,00:22:32,0.064,7.384,0,0,eGFP3
1058,00:22:32,0.075,0.744,0,0,eGFP3
1059,00:22:34,0.064,1.403,0,0,eGFP3
1060,00:22:36,0.120,2.348,0,0,eGFP3
1061,00:22:37,0.064,0.623,0,0,eGFP3
1062,00:22:37,0.053,0.503,0,0,eGFP3
1063,00:22:38,0.031,0.459,0,0,eGFP3
1064,00:22:38,0.031,0.415,0,0,eGFP3
1065,00:22:39,0.031,0.404,0,0,eGFP3
1066,00:22:39,0.042,0.415,0,0,eGFP3
1067,00:22:40,0.055,0.669,0,0,eGFP3
1068,00:22:40,0.055,0.691,0,0,eGFP3
1069,00:22:41,0.042,0.503,0,0,eGFP3
1070,00:22:41,0.042,0.438,0,0,eGFP3
1071,00:22:42,0.042,0.426,0,0,eGFP3
1072,00:22:42,0.031,0.448,0,0,eGFP3
1073,00:22:43,0.042,0.558,0,0,eGFP3
1074,00:22:43,0.053,0.723,0,0,eGFP3
1075,00:22:44,0.042,0.569,0,0,eGFP3
1076,00:22:45,0.044,0.516,0,0,eGFP3
1077,00:22:45,0.042,0.503,0,0,eGFP3
1078,00:22:46,0.053,0.822,0,0,eGFP3
1079,00:22:46,0.053,0.580,0,0,eGFP3
1080,00:22:47,0.042,0.470,0,0,eGFP3
1081,00:22:47,0.044,0.483,0,0,eGFP3
1082,00:22:49,0.065,1.129,0,0,eGFP3
1083,00:22:49,0.076,0.712,0,0,eGFP3
1084,00:22:50,0.045,0.506,0,0,eGFP3
1085,00:22:50,0.031,0.459,0,0,eGFP3
1086,00:22:51,0.043,0.723,0,0,eGFP3
1087,00:22:52,0.054,0.548,0,0,eGFP3
1088,00:22:52,0.032,0.438,0,0,eGFP3
1089,00:22:52,0.032,0.449,0,0,eGFP3
1090,00:22:53,0.042,0.503,0,0,eGFP3
1091,00:22:54,0.054,0.680,0,0,eGFP3
1092,00:22:54,0.044,0.681,0,0,eGFP3
1093,00:22:55,0.043,0.657,0,0,eGFP3
1094,00:22:55,0.054,0.548,0,0,eGFP3
1095,00:22:56,0.045,1.000,0,0,eGFP3
1096,00:22:57,0.065,0.943,0,0,eGFP3
1097,00:22:58,0.054,0.679,0,0,eGFP3
1098,00:22:59,0.044,0.570,0,0,eGFP3
1099,00:22:59,0.033,0.625,0,0,eGFP3
1100,00:23:00,0.043,0.833,0,0,eGFP3
1101,00:23:01,0.057,0.627,0,0,eGFP3
1102,00:23:01,0.054,0.702,0,0,eGFP3
1103,00:23:02,0.065,0.614,0,0,eGFP3
1104,00:23:03,0.054,0.592,0,0,eGFP3
1105,00:23:03,0.043,0.756,0,0,eGFP3
1106,00:23:04,0.077,0.680,0,0,eGFP3
1107,00:23:05,0.044,0.527,0,0,eGFP3
1108,00:23:05,0.043,0.493,0,0,eGFP3
1109,00:23:06,0.052,0.798,0,0,eGFP3
1110,00:23:07,0.052,0.612,0,0,eGFP3
1111,00:23:07,0.041,0.491,0,0,eGFP3
1112,00:23:08,0.041,0.513,0,0,eGFP3
1113,00:23:08,0.041,0.733,0,0,eGFP3
1114,00:23:09,0.052,0.535,0,0,eGFP3
1115,00:23:09,0.041,0.480,0,0,eGFP3
1116,00:23:10,0.031,0.503,0,0,eGFP3
1117,00:23:11,0.076,1.151,0,0,eGFP3
1118,00:23:12,0.064,0.667,0,0,eGFP3
1119,00:23:12,0.042,0.514,0,0,eGFP3
1120,00:23:13,0.041,0.491,0,0,eGFP3
1121,00:23:13,0.053,0.525,0,0,eGFP3
1122,00:23:14,0.041,0.798,0,0,eGFP3
1123,00:23:14,0.055,0.560,0,0,eGFP3
1124,00:23:15,0.041,0.436,0,0,eGFP3
1125,00:23:15,0.044,0.406,0,0,eGFP3
1126,00:23:16,0.042,0.667,0,0,eGFP3
1127,00:23:17,0.108,0.887,0,0,eGFP3
1128,00:23:17,0.053,0.624,0,0,eGFP3
1129,00:23:18,0.053,0.502,0,0,eGFP3
1130,00:23:19,0.042,0.514,0,0,eGFP3
1131,00:23:19,0.042,0.459,0,0,eGFP3
1132,00:23:19,0.042,0.437,0,0,eGFP3
1133,00:23:20,0.044,0.670,0,0,eGFP3
1134,00:23:21,0.096,0.832,0,0,eGFP3
1135,00:23:22,0.042,0.821,0,0,eGFP3
1136,00:23:22,0.053,0.613,0,0,eGFP3
1137,00:23:23,0.052,0.513,0,0,eGFP3
1138,00:23:23,0.042,0.481,0,0,eGFP3
1139,00:23:24,0.042,0.536,0,0,eGFP3
1140,00:23:24,0.031,0.503,0,0,eGFP3
1141,00:23:25,0.044,0.483,0,0,eGFP3
1142,00:23:25,0.031,0.437,0,0,eGFP3
1143,00:23:26,0.043,0.438,0,0,eGFP3
1144,00:23:26,0.042,0.503,0,0,eGFP3
1145,00:23:40,0.076,13.804,0,0,eGFP3
1146,00:23:41,0.076,0.723,0,0,eGFP3
1147,00:23:41,0.043,0.515,0,0,eGFP3
1148,00:23:42,0.031,0.448,0,0,eGFP3
1149,00:23:42,0.034,0.440,0,0,eGFP3
1150,00:23:43,0.034,0.582,0,0,eGFP3
1151,00:23:43,0.043,0.559,0,0,eGFP3
1152,00:23:44,0.043,0.493,0,0,eGFP3
1153,00:23:44,0.032,0.492,0,0,eGFP3
1154,00:23:45,0.032,0.438,0,0,eGFP3
1155,00:23:45,0.032,0.438,0,0,eGFP3
1156,00:23:46,0.043,0.734,0,0,eGFP3
1157,00:23:46,0.056,0.561,0,0,eGFP3
1158,00:23:47,0.043,0.460,0,0,eGFP3
1159,00:23:47,0.032,0.438,0,0,eGFP3
1160,00:23:48,0.032,0.482,0,0,eGFP3
1161,00:23:48,0.043,0.460,0,0,eGFP3
1162,00:23:49,0.032,0.438,0,0,eGFP3
1163,00:23:49,0.043,0.416,0,0,eGFP3
1164,00:23:50,0.034,0.407,0,0,eGFP3
1165,00:23:50,0.033,0.581,0,0,eGFP3
1166,00:23:51,0.100,1.121,0,0,eGFP3
1167,00:23:52,0.076,0.778,0,0,eGFP3
1168,00:23:53,0.054,0.746,0,0,eGFP3
1169,00:23:53,0.054,0.581,0,0,eGFP3
1170,00:23:54,0.043,0.504,0,0,eGFP3
1171,00:23:54,0.043,0.471,0,0,eGFP3
1172,00:23:55,0.049,0.466,0,0,eGFP3
1173,00:23:55,0.041,0.469,0,0,eGFP3
1174,00:23:56,0.043,0.460,0,0,eGFP3
1175,00:23:56,0.041,0.425,0,0,eGFP3
1176,00:23:57,0.030,0.404,0,0,eGFP3
1177,00:23:57,0.030,0.403,0,0,eGFP3
1178,00:23:58,0.043,0.734,0,0,eGFP3
1179,00:23:59,0.085,1.073,0,0,eGFP3
1180,00:23:59,0.063,0.612,0,0,eGFP3
1181,00:24:00,0.042,0.513,0,0,eGFP3
1182,00:24:00,0.044,0.526,0,0,eGFP3
1183,00:24:01,0.042,0.470,0,0,eGFP3
1184,00:24:01,0.041,0.426,0,0,eGFP3
1185,00:24:02,0.030,0.524,0,0,eGFP3
1186,00:24:02,0.042,0.547,0,0,eGFP3
1187,00:24:03,0.041,0.458,0,0,eGFP3
1188,00:24:03,0.042,0.426,0,0,eGFP3
1189,00:24:04,0.031,0.404,0,0,eGFP3
1190,00:24:05,0.043,0.822,0,0,eGFP3
1191,00:24:05,0.086,0.733,0,0,eGFP3
1192,00:24:06,0.055,0.637,0,0,eGFP3
1193,00:24:06,0.041,0.480,0,0,eGFP3
1194,00:24:07,0.042,0.810,0,0,eGFP3
1195,00:24:08,0.053,0.580,0,0,eGFP3
1196,00:24:08,0.042,0.481,0,0,eGFP3
1197,00:24:09,0.042,0.481,0,0,eGFP3
1198,00:24:09,0.055,0.779,0,0,eGFP3
1199,00:24:10,0.086,0.832,0,0,eGFP3
1200,00:24:11,0.053,0.591,0,0,eGFP3
1201,00:24:12,0.042,0.613,0,0,eGFP3
1202,00:24:12,0.064,0.964,0,0,eGFP3
1203,00:24:13,0.053,0.744,0,0,eGFP3
1204,00:24:14,0.054,0.570,0,0,eGFP3
1205,00:24:15,0.053,0.701,0,0,eGFP3
1206,00:24:15,0.057,0.573,0,0,eGFP3
1207,00:24:16,0.031,0.503,0,0,eGFP3
1208,00:24:16,0.042,0.854,0,0,eGFP3
1209,00:24:17,0.076,0.800,0,0,eGFP3
1210,00:24:18,0.053,0.558,0,0,eGFP3
1211,00:24:18,0.032,0.482,0,0,eGFP3
1212,00:24:19,0.042,0.492,0,0,eGFP3
1213,00:24:19,0.043,0.471,0,0,eGFP3
1214,00:24:20,0.033,0.450,0,0,eGFP3
1215,00:24:20,0.043,0.811,0,0,eGFP3
1216,00:24:21,0.064,0.646,0,0,eGFP3
1217,00:24:22,0.043,0.548,0,0,eGFP3
1218,00:24:22,0.042,0.635,0,0,eGFP3
1219,00:24:23,0.065,0.613,0,0,eGFP3
1220,00:24:24,0.042,0.766,0,0,eGFP3
1221,00:24:24,0.065,0.679,0,0,eGFP3
1222,00:24:25,0.034,0.528,0,0,eGFP3
1223,00:24:25,0.032,0.493,0,0,eGFP3
1224,00:24:26,0.043,0.647,0,0,eGFP3
1225,00:24:27,0.108,1.151,0,0,eGFP3
1226,00:24:28,0.065,0.646,0,0,eGFP3
1227,00:24:28,0.043,0.526,0,0,eGFP3
1228,00:24:29,0.032,0.482,0,0,eGFP3
1229,00:24:29,0.043,0.537,0,0,eGFP3
1230,00:24:30,0.054,0.757,0,0,eGFP3
1231,00:24:31,0.045,0.561,0,0,eGFP3
1232,00:24:31,0.043,0.515,0,0,eGFP3
1233,00:24:32,0.045,0.583,0,0,eGFP3
1234,00:24:33,0.054,0.866,0,0,eGFP3
1235,00:24:33,0.055,0.592,0,0,eGFP3
1236,00:24:34,0.048,0.487,0,0,eGFP3
1237,00:24:34,0.052,0.513,0,0,eGFP3
1238,00:24:35,0.063,1.127,0,0,eGFP3
1239,00:24:36,0.065,0.789,0,0,eGFP3
1240,00:24:37,0.064,0.590,0,0,eGFP3
1241,00:24:38,0.042,0.733,0,0,eGFP3
1242,00:24:38,0.052,0.612,0,0,eGFP3
1243,00:24:39,0.041,0.513,0,0,eGFP3
1244,00:24:40,0.042,1.315,0,0,eGFP3
1245,00:24:41,0.074,0.765,0,0,eGFP3
1246,00:24:41,0.042,0.590,0,0,eGFP3
1247,00:24:42,0.045,0.484,0,0,eGFP3
1248,00:24:42,0.031,0.437,0,0,eGFP3
1249,00:24:43,0.041,0.426,0,0,eGFP3
1250,00:24:44,0.052,0.864,0,0,eGFP3
1251,00:24:44,0.064,0.722,0,0,eGFP3
1252,00:24:45,0.042,0.547,0,0,eGFP3
1253,00:24:46,0.053,1.117,0,0,eGFP3
1254,00:24:47,0.075,0.810,0,0,eGFP3
1255,00:24:47,0.044,0.691,0,0,eGFP3
1256,00:24:48,0.053,0.646,0,0,eGFP3
1257,00:24:49,0.064,0.876,0,0,eGFP3
1258,00:24:50,0.052,0.634,0,0,eGFP3
1259,00:24:50,0.053,0.569,0,0,eGFP3
1260,00:24:51,0.053,0.667,0,0,eGFP3
1261,00:24:52,0.088,1.164,0,0,eGFP3
1262,00:24:53,0.053,0.678,0,0,eGFP3
1263,00:24:53,0.055,0.604,0,0,eGFP3
1264,00:25:05,0.097,11.674,0,0,eGFP3
1265,00:25:06,0.152,0.756,0,0,eGFP3
1266,00:25:07,0.185,1.304,0,0,eGFP3
1267,00:25:08,0.065,0.690,0,0,eGFP3
1268,00:25:08,0.043,0.514,0,0,eGFP3
1269,00:25:09,0.043,0.460,0,0,eGFP3
1270,00:25:09,0.042,0.437,0,0,eGFP3
1271,00:25:10,0.044,0.461,0,0,eGFP3
1272,00:25:10,0.032,0.405,0,0,eGFP3
1273,00:25:10,0.043,0.427,0,0,eGFP3
1274,00:25:11,0.031,0.448,0,0,eGFP3
1275,00:25:11,0.034,0.648,0,0,eGFP3
1276,00:25:20,0.076,8.076,0,0,eGFP3
1277,00:25:23,0.119,3.642,0,0,eGFP3
1278,00:25:24,0.109,0.921,0,0,eGFP3
1279,00:25:25,0.132,1.164,0,0,eGFP3
1280,00:25:26,0.065,0.745,0,0,eGFP3
1281,00:25:27,0.054,0.537,0,0,eGFP3
1282,00:25:27,0.042,0.470,0,0,eGFP3
1283,00:25:28,0.043,0.526,0,0,eGFP3
1284,00:25:28,0.043,0.559,0,0,eGFP3
1285,00:25:29,0.052,0.458,0,0,eGFP3
1286,00:25:29,0.041,0.458,0,0,eGFP3
1287,00:25:30,0.043,0.525,0,0,eGFP3
1288,00:25:30,0.042,0.470,0,0,eGFP3
1289,00:25:30,0.031,0.405,0,0,eGFP3
1290,00:25:31,0.030,0.414,0,0,eGFP3
1291,00:25:32,0.063,1.150,0,0,eGFP3
1292,00:25:33,0.085,0.765,0,0,eGFP3
1293,00:25:33,0.042,0.602,0,0,eGFP3
1294,00:25:34,0.041,0.491,0,0,eGFP3
1295,00:25:34,0.031,0.469,0,0,eGFP3
1296,00:25:35,0.044,0.450,0,0,eGFP3
1297,00:25:35,0.041,0.491,0,0,eGFP3
1298,00:25:36,0.042,0.492,0,0,eGFP3
1299,00:25:36,0.041,0.469,0,0,eGFP3
1300,00:25:37,0.042,0.437,0,0,eGFP3
1301,00:25:37,0.031,0.459,0,0,eGFP3
1302,00:26:38,0.052,60.464,0,0,eGFP3
1303,00:26:39,0.107,1.599,0,0,eGFP3
1304,00:26:40,0.088,0.977,0,0,eGFP3
1305,00:26:41,0.064,0.612,0,0,eGFP3
1306,00:26:41,0.042,0.547,0,0,eGFP3
1307,00:26:42,0.042,0.492,0,0,eGFP3
1308,00:26:42,0.031,0.448,0,0,eGFP3
1309,00:26:43,0.042,0.470,0,0,eGFP3
1310,00:26:43,0.053,0.547,0,0,eGFP3
1311,00:26:44,0.042,0.547,0,0,eGFP3
1312,00:26:44,0.055,0.658,0,0,eGFP3
1313,00:26:45,0.042,0.492,0,0,eGFP3
1314,00:26:45,0.043,0.515,0,0,eGFP3
1315,00:26:46,0.064,0.766,0,0,eGFP3
1316,00:26:47,0.055,0.516,0,0,eGFP3
1317,00:26:47,0.042,0.448,0,0,eGFP3
1318,00:26:48,0.042,0.547,0,0,eGFP3
1319,00:26:48,0.043,0.591,0,0,eGFP3
1320,00:26:49,0.034,0.472,0,0,eGFP3
1321,00:26:49,0.043,0.559,0,0,eGFP3
1322,00:26:50,0.031,0.722,0,0,eGFP3
1323,00:26:51,0.065,0.602,0,0,eGFP3
1324,00:26:51,0.043,0.482,0,0,eGFP3
1325,00:26:52,0.042,0.569,0,0,eGFP3
1326,00:26:52,0.043,0.602,0,0,eGFP3
1327,00:26:53,0.043,0.548,0,0,eGFP3
1328,00:26:54,0.055,0.911,0,0,eGFP3
1329,00:26:54,0.065,0.680,0,0,eGFP3
1330,00:26:55,0.055,0.582,0,0,eGFP3
1331,00:26:56,0.043,0.471,0,0,eGFP3
1332,00:26:56,0.042,0.481,0,0,eGFP3
1333,00:26:57,0.043,0.537,0,0,eGFP3
1334,00:26:57,0.043,0.493,0,0,eGFP3
1335,00:26:58,0.043,0.690,0,0,eGFP3
1336,00:26:58,0.067,0.649,0,0,eGFP3
1337,00:26:59,0.043,0.536,0,0,eGFP3
1338,00:27:00,0.043,0.680,0,0,eGFP3
1339,00:27:10,0.065,9.952,0,0,eGFP3
1340,00:27:13,0.099,3.511,0,0,eGFP3
1341,00:27:15,0.110,2.403,0,0,eGFP3
1342,00:27:17,0.098,1.898,0,0,eGFP3
1343,00:27:21,0.098,3.950,0,0,eGFP3
1344,00:27:22,0.092,0.893,0,0,eGFP3
1345,00:27:23,0.054,0.548,0,0,eGFP3
1346,00:27:23,0.043,0.691,0,0,eGFP3
1347,00:27:24,0.065,0.910,0,0,eGFP3
1348,00:27:25,0.049,0.565,0,0,eGFP3
1349,00:27:25,0.041,0.458,0,0,eGFP3
1350,00:27:26,0.031,0.415,0,0,eGFP3
1351,00:27:26,0.041,0.469,0,0,eGFP3
1352,00:27:27,0.043,0.591,0,0,eGFP3
1353,00:27:27,0.053,0.601,0,0,eGFP3
1354,00:27:28,0.053,0.481,0,0,eGFP3
1355,00:27:28,0.030,0.437,0,0,eGFP3
1356,00:27:29,0.041,0.436,0,0,eGFP3
1357,00:27:29,0.041,0.458,0,0,eGFP3
1358,00:27:30,0.032,0.427,0,0,eGFP3
1359,00:27:30,0.042,0.667,0,0,eGFP3
1360,00:27:31,0.064,0.887,0,0,eGFP3
1361,00:27:32,0.054,0.548,0,0,eGFP3
1362,00:27:32,0.052,0.634,0,0,eGFP3
1363,00:27:33,0.075,0.887,0,0,eGFP3
1364,00:27:34,0.052,0.667,0,0,eGFP3
1365,00:27:34,0.041,0.502,0,0,eGFP3
1366,00:27:35,0.042,0.887,0,0,eGFP3
1367,00:27:37,0.064,1.315,0,0,eGFP3
1368,00:27:38,0.096,1.040,0,0,eGFP3
1369,00:27:38,0.066,0.680,0,0,eGFP3
1370,00:27:39,0.053,0.712,0,0,eGFP3
1371,00:27:40,0.042,0.568,0,0,eGFP3
1372,00:27:41,0.044,1.043,0,0,eGFP3
1373,00:27:42,0.064,0.799,0,0,eGFP3
1374,00:27:42,0.042,0.547,0,0,eGFP3
1375,00:27:43,0.053,0.503,0,0,eGFP3
1376,00:27:43,0.053,0.514,0,0,eGFP3
1377,00:27:44,0.055,0.735,0,0,eGFP3
1378,00:27:44,0.042,0.525,0,0,eGFP3
1379,00:27:45,0.043,0.460,0,0,eGFP3
1380,00:27:45,0.031,0.569,0,0,eGFP3
1381,00:28:08,0.053,22.747,0,0,eGFP3
1382,00:28:11,0.207,3.006,0,0,eGFP3
1383,00:28:13,0.284,2.281,0,0,eGFP3
1384,00:28:14,0.076,0.921,0,0,eGFP3
1385,00:28:15,0.079,0.748,0,0,eGFP3
1386,00:28:16,0.054,0.745,0,0,eGFP3
1387,00:28:17,0.054,0.756,0,0,eGFP3
1388,00:28:17,0.087,0.899,0,0,eGFP3
1389,00:28:18,0.053,0.602,0,0,eGFP3
1390,00:28:19,0.043,0.548,0,0,eGFP3
1391,00:28:19,0.064,0.734,0,0,eGFP3
1392,00:28:20,0.075,0.822,0,0,eGFP3
1393,00:28:21,0.055,0.725,0,0,eGFP3
1394,00:28:22,0.053,0.591,0,0,eGFP3
1395,00:28:22,0.054,0.526,0,0,eGFP3
1396,00:28:22,0.032,0.460,0,0,eGFP3
1397,00:28:23,0.032,0.493,0,0,eGFP3
1398,00:28:24,0.042,0.514,0,0,eGFP3
1399,00:28:24,0.045,0.462,0,0,eGFP3
1400,00:28:24,0.043,0.449,0,0,eGFP3
1401,00:28:25,0.034,0.451,0,0,eGFP3
1402,00:28:26,0.032,0.735,0,0,eGFP3
1403,00:28:35,0.098,9.557,0,0,eGFP3
1404,00:28:37,0.494,1.481,0,0,eGFP3
1405,00:28:37,0.055,0.537,0,0,eGFP3
1406,00:28:38,0.044,0.724,0,0,eGFP3
1407,00:28:39,0.065,0.746,0,0,eGFP3
1408,00:28:39,0.043,0.691,0,0,eGFP3
1409,00:28:40,0.056,0.736,0,0,eGFP3
1410,00:28:41,0.055,0.801,0,0,eGFP3
1411,00:28:42,0.055,0.768,0,0,eGFP3
1412,00:28:45,0.070,3.857,0,0,eGFP3
1413,00:28:46,0.075,0.690,0,0,eGFP3
1414,00:28:47,0.041,0.645,0,0,eGFP3
1415,00:28:47,0.041,0.590,0,0,eGFP3
1416,00:28:48,0.052,0.524,0,0,eGFP3
1417,00:28:48,0.030,0.436,0,0,eGFP3
1418,00:28:49,0.030,0.414,0,0,eGFP3
1419,00:28:49,0.041,0.458,0,0,eGFP3
1420,00:28:50,0.042,0.810,0,0,eGFP3
1421,00:28:51,0.096,0.864,0,0,eGFP3
1422,00:28:59,0.086,8.097,0,0,eGFP3
1423,00:29:00,0.173,0.612,0,0,eGFP3
1424,00:29:02,0.228,2.720,0,0,eGFP3
1425,00:29:03,0.096,0.733,0,0,eGFP3
1426,00:29:04,0.043,0.504,0,0,eGFP3
1427,00:29:04,0.043,0.449,0,0,eGFP3
1428,00:29:04,0.031,0.426,0,0,eGFP3
1429,00:29:05,0.031,0.448,0,0,eGFP3
1430,00:29:06,0.042,0.591,0,0,eGFP3
1431,00:29:06,0.064,0.689,0,0,eGFP3
1432,00:29:08,0.075,1.502,0,0,eGFP3
1433,00:29:10,1.293,2.445,0,0,eGFP3
1434,00:29:11,0.055,0.560,0,0,eGFP3
1435,00:29:11,0.042,0.459,0,0,eGFP3
1436,00:29:12,0.042,0.546,0,0,eGFP3
1437,00:29:12,0.043,0.514,0,0,eGFP3
1438,00:29:13,0.031,0.470,0,0,eGFP3
1439,00:29:13,0.032,0.471,0,0,eGFP3
1440,00:29:14,0.031,0.426,0,0,eGFP3
1441,00:29:14,0.033,0.428,0,0,eGFP3
1442,00:29:15,0.033,0.494,0,0,eGFP3
1443,00:29:15,0.042,0.624,0,0,eGFP3
1444,00:29:16,0.042,0.514,0,0,eGFP3
1445,00:29:16,0.042,0.470,0,0,eGFP3
1446,00:29:17,0.042,0.437,0,0,eGFP3
1447,00:29:17,0.032,0.405,0,0,eGFP3
1448,00:29:17,0.042,0.525,0,0,eGFP3
1449,00:29:18,0.054,0.888,0,0,eGFP3
1450,00:29:19,0.044,0.549,0,0,eGFP3
1451,00:29:19,0.042,0.514,0,0,eGFP3
1452,00:29:23,0.054,3.510,0,0,eGFP3
1453,00:29:24,0.142,0.910,0,0,eGFP3
1454,00:29:24,0.054,0.548,0,0,eGFP3
1455,00:29:25,0.044,0.461,0,0,eGFP3
1456,00:29:25,0.043,0.504,0,0,eGFP3
1457,00:29:26,0.043,0.471,0,0,eGFP3
1458,00:29:27,0.044,0.681,0,0,eGFP3
1459,00:29:28,0.076,1.008,0,0,eGFP3
1460,00:29:28,0.054,0.658,0,0,eGFP3
1461,00:29:29,0.043,0.526,0,0,eGFP3
1462,00:29:31,0.054,2.512,0,0,eGFP3
1463,00:29:32,0.098,0.888,0,0,eGFP3
1464,00:29:33,0.054,0.570,0,0,eGFP3
1465,00:29:33,0.043,0.493,0,0,eGFP3
1466,00:29:34,0.034,0.648,0,0,eGFP3
1467,00:29:35,0.065,1.075,0,0,eGFP3
1468,00:29:36,0.087,0.822,0,0,eGFP3
1469,00:29:36,0.053,0.580,0,0,eGFP3
1470,00:29:37,0.032,0.449,0,0,eGFP3
1471,00:29:37,0.044,0.450,0,0,eGFP3
1472,00:29:38,0.043,1.294,0,0,eGFP3
1473,00:29:40,0.164,1.141,0,0,eGFP3
1474,00:29:40,0.056,0.616,0,0,eGFP3
1475,00:29:41,0.038,0.510,0,0,eGFP3
1476,00:29:41,0.030,0.645,0,0,eGFP3
1477,00:29:43,0.085,1.380,0,0,eGFP3
1478,00:29:43,0.063,0.656,0,0,eGFP3
1479,00:29:44,0.041,0.590,0,0,eGFP3
1480,00:29:45,0.063,0.765,0,0,eGFP3
1481,00:29:45,0.052,0.667,0,0,eGFP3
1482,00:29:46,0.043,0.515,0,0,eGFP3
1483,00:29:46,0.032,0.449,0,0,eGFP3
1484,00:29:47,0.041,0.568,0,0,eGFP3
1485,00:29:48,0.075,0.711,0,0,eGFP3
1486,00:29:48,0.042,0.491,0,0,eGFP3
1487,00:29:49,0.042,0.448,0,0,eGFP3
1488,00:29:49,0.042,0.415,0,0,eGFP3
1489,00:29:49,0.030,0.403,0,0,eGFP3
1490,00:29:50,0.031,0.591,0,0,eGFP3
1491,00:30:12,0.098,21.805,0,0,eGFP3
1492,00:30:13,0.118,1.435,0,0,eGFP3
1493,00:30:15,0.273,1.699,0,0,eGFP3
1494,00:30:16,0.064,0.745,0,0,eGFP3
1495,00:30:16,0.063,0.623,0,0,eGFP3
1496,00:30:17,0.055,0.757,0,0,eGFP3
1497,00:30:18,0.053,0.525,0,0,eGFP3
1498,00:30:18,0.053,0.525,0,0,eGFP3
1499,00:30:19,0.058,0.497,0,0,eGFP3
1500,00:30:19,0.031,0.426,0,0,eGFP3
1501,00:30:20,0.042,0.459,0,0,eGFP3
1502,00:30:20,0.042,0.799,0,0,eGFP3
1503,00:30:21,0.053,0.624,0,0,eGFP3
1504,00:30:22,0.064,0.876,0,0,eGFP3
1505,00:30:23,0.064,0.657,0,0,eGFP3
1506,00:30:23,0.053,0.832,0,0,eGFP3
1507,00:30:24,0.055,0.692,0,0,eGFP3
1508,00:30:25,0.064,0.832,0,0,eGFP3
1509,00:30:30,0.065,4.762,0,0,eGFP3
1510,00:30:31,0.121,1.054,0,0,eGFP3
1511,00:30:31,0.064,0.635,0,0,eGFP3
1512,00:30:32,0.043,0.503,0,0,eGFP3
1513,00:30:33,0.043,1.184,0,0,eGFP3
1514,00:30:35,0.197,2.413,0,0,eGFP3
1515,00:30:36,0.056,0.671,0,0,eGFP3
1516,00:30:37,0.042,0.668,0,0,eGFP3
1517,00:30:37,0.043,0.526,0,0,eGFP3
1518,00:30:38,0.031,0.426,0,0,eGFP3
1519,00:30:38,0.032,0.394,0,0,eGFP3
1520,00:30:38,0.032,0.372,0,0,eGFP3
1521,00:30:39,0.032,0.405,0,0,eGFP3
1522,00:30:40,0.076,1.305,0,0,eGFP3
1523,00:30:41,0.078,0.912,0,0,eGFP3
1524,00:30:42,0.067,0.813,0,0,eGFP3
1525,00:30:48,0.055,6.463,0,0,eGFP3
1526,00:30:49,0.164,0.625,0,0,eGFP3
1527,00:30:50,0.153,1.009,0,0,eGFP3
1528,00:30:51,0.054,0.537,0,0,eGFP3
1529,00:30:51,0.043,0.537,0,0,eGFP3
1530,00:30:52,0.054,0.570,0,0,eGFP3
1531,00:30:52,0.045,0.462,0,0,eGFP3
1532,00:30:53,0.033,0.406,0,0,eGFP3
1533,00:30:53,0.032,0.405,0,0,eGFP3
1534,00:30:53,0.032,0.427,0,0,eGFP3
1535,00:30:54,0.033,0.450,0,0,eGFP3
1536,00:30:55,0.054,0.811,0,0,eGFP3
1537,00:30:55,0.066,0.614,0,0,eGFP3
1538,00:30:56,0.041,0.480,0,0,eGFP3
1539,00:30:56,0.043,0.427,0,0,eGFP3
1540,00:30:57,0.041,0.502,0,0,eGFP3
1541,00:30:57,0.052,0.656,0,0,eGFP3
1542,00:30:58,0.041,0.524,0,0,eGFP3
1543,00:30:58,0.030,0.535,0,0,eGFP3
1544,00:30:59,0.041,0.480,0,0,eGFP3
1545,00:30:59,0.031,0.437,0,0,eGFP3
1546,00:31:00,0.041,0.447,0,0,eGFP3
1547,00:31:01,0.042,0.865,0,0,eGFP3
1548,00:31:01,0.065,0.690,0,0,eGFP3
1549,00:31:02,0.031,0.613,0,0,eGFP3
1550,00:31:03,0.041,0.711,0,0,eGFP3
1551,00:31:03,0.052,0.678,0,0,eGFP3
1552,00:31:04,0.051,0.556,0,0,eGFP3
1553,00:31:04,0.053,0.481,0,0,eGFP3
1554,00:31:05,0.042,0.448,0,0,eGFP3
1555,00:31:05,0.030,0.656,0,0,eGFP3
1556,00:31:06,0.054,0.658,0,0,eGFP3
1557,00:31:07,0.053,0.525,0,0,eGFP3
1558,00:31:07,0.042,0.492,0,0,eGFP3
1559,00:31:08,0.041,0.469,0,0,eGFP3
1560,00:31:08,0.042,0.624,0,0,eGFP3
1561,00:31:09,0.064,0.821,0,0,eGFP3
1562,00:31:10,0.053,0.536,0,0,eGFP3
1563,00:31:10,0.042,0.437,0,0,eGFP3
1564,00:31:10,0.033,0.417,0,0,eGFP3
1565,00:31:11,0.033,0.538,0,0,eGFP3
1566,00:31:13,0.064,1.787,0,0,eGFP3
1567,00:31:14,0.086,1.293,0,0,eGFP3
1568,00:31:15,0.075,1.129,0,0,eGFP3
1569,00:31:21,0.086,6.330,0,0,eGFP3
1570,00:31:25,0.317,3.949,0,0,eGFP3
1571,00:31:26,0.065,0.712,0,0,eGFP3
1572,00:31:27,0.045,0.538,0,0,eGFP3
1573,00:31:27,0.032,0.460,0,0,eGFP3
1574,00:31:28,0.042,0.492,0,0,eGFP3
1575,00:31:28,0.043,0.504,0,0,eGFP3
1576,00:31:29,0.031,0.459,0,0,eGFP3
1577,00:31:29,0.032,0.427,0,0,eGFP3
1578,00:31:30,0.032,0.526,0,0,eGFP3
1579,00:31:32,0.055,2.327,0,0,eGFP3
1580,00:31:35,0.121,3.326,0,0,eGFP3
1581,00:31:36,0.075,0.734,0,0,eGFP3
1582,00:31:36,0.054,0.504,0,0,eGFP3
1583,00:31:37,0.043,0.471,0,0,eGFP3
1584,00:31:37,0.042,0.449,0,0,eGFP3
1585,00:31:38,0.042,0.459,0,0,eGFP3
1586,00:31:38,0.043,0.449,0,0,eGFP3
1587,00:31:39,0.043,0.669,0,0,eGFP3
1588,00:31:39,0.056,0.571,0,0,eGFP3
1589,00:31:43,0.043,3.160,0,0,eGFP3
1590,00:31:44,0.142,1.009,0,0,eGFP3
1591,00:31:44,0.054,0.559,0,0,eGFP3
1592,00:31:45,0.032,0.449,0,0,eGFP3
1593,00:31:45,0.045,0.473,0,0,eGFP3
1594,00:31:46,0.032,0.471,0,0,eGFP3
1595,00:31:46,0.044,0.472,0,0,eGFP3
1596,00:31:47,0.034,0.473,0,0,eGFP3
1597,00:31:47,0.043,0.515,0,0,eGFP3
1598,00:31:48,0.044,0.548,0,0,eGFP3
1599,00:31:49,0.066,1.053,0,0,eGFP3
1600,00:31:49,0.055,0.680,0,0,eGFP3
1601,00:31:50,0.044,0.516,0,0,eGFP3
1602,00:31:50,0.047,0.453,0,0,eGFP3
1603,00:31:51,0.042,0.579,0,0,eGFP3
1604,00:31:52,0.076,0.998,0,0,eGFP3
1605,00:31:53,0.052,0.853,0,0,eGFP3
1606,00:31:53,0.075,0.623,0,0,eGFP3
1607,00:31:54,0.043,0.526,0,0,eGFP3
1608,00:31:54,0.042,0.470,0,0,eGFP3
1609,00:31:55,0.030,0.414,0,0,eGFP3
1610,00:31:55,0.031,0.524,0,0,eGFP3
1611,00:31:56,0.053,1.128,0,0,eGFP3
1612,00:31:57,0.064,0.613,0,0,eGFP3
1613,00:31:58,0.043,0.515,0,0,eGFP3
1614,00:32:02,0.063,4.420,0,0,eGFP3
1615,00:32:03,0.206,1.172,0,0,eGFP3
1616,00:32:04,0.064,0.689,0,0,eGFP3
1617,00:32:04,0.042,0.514,0,0,eGFP3
1618,00:32:05,0.042,0.481,0,0,eGFP3
1619,00:32:05,0.042,0.459,0,0,eGFP3
1620,00:32:06,0.031,0.459,0,0,eGFP3
1621,00:32:06,0.034,0.648,0,0,eGFP3
1622,00:32:07,0.053,0.854,0,0,eGFP3
1623,00:32:08,0.053,0.920,0,0,eGFP3
1624,00:32:13,0.053,5.200,0,0,eGFP3
1625,00:32:21,0.108,7.515,0,0,eGFP3
1626,00:32:22,0.174,1.162,0,0,eGFP3
1627,00:32:23,0.075,0.723,0,0,eGFP3
1628,00:32:24,0.075,0.755,0,0,eGFP3
1629,00:32:24,0.044,0.659,0,0,eGFP3
1630,00:32:25,0.064,0.612,0,0,eGFP3
1631,00:32:26,0.043,0.756,0,0,eGFP3
1632,00:32:31,0.053,5.815,0,0,eGFP3
1633,00:32:32,0.108,0.865,0,0,eGFP3
1634,00:32:37,0.130,5.134,0,0,eGFP3
1635,00:32:38,0.088,0.747,0,0,eGFP3
1636,00:32:41,0.053,2.852,0,0,eGFP3
1637,00:32:45,0.099,4.115,0,0,eGFP3
1638,00:32:46,0.153,0.976,0,0,eGFP3
1639,00:32:47,0.054,0.569,0,0,eGFP3
1640,00:32:47,0.032,0.460,0,0,eGFP3
1641,00:32:48,0.043,0.427,0,0,eGFP3
1642,00:32:48,0.042,0.448,0,0,eGFP3
1643,00:32:48,0.032,0.427,0,0,eGFP3
1644,00:32:49,0.032,0.416,0,0,eGFP3
1645,00:32:49,0.034,0.429,0,0,eGFP3
1646,00:32:50,0.042,0.492,0,0,eGFP3
1647,00:32:50,0.043,0.559,0,0,eGFP3
1648,00:32:51,0.056,0.615,0,0,eGFP3
1649,00:32:51,0.044,0.505,0,0,eGFP3
1650,00:32:52,0.042,0.427,0,0,eGFP3
1651,00:32:52,0.031,0.438,0,0,eGFP3
1652,00:32:53,0.032,0.416,0,0,eGFP3
1653,00:32:53,0.034,0.396,0,0,eGFP3
1654,00:32:53,0.032,0.405,0,0,eGFP3
1655,00:32:54,0.032,0.800,0,0,eGFP3
1656,00:32:55,0.065,0.625,0,0,eGFP3
1657,00:32:55,0.043,0.526,0,0,eGFP3
1658,00:32:56,0.043,0.647,0,0,eGFP3
1659,00:32:57,0.054,0.668,0,0,eGFP3
1660,00:32:57,0.044,0.647,0,0,eGFP3
1661,00:32:58,0.046,0.539,0,0,eGFP3
1662,00:32:58,0.046,0.441,0,0,eGFP3
1663,00:32:59,0.043,0.427,0,0,eGFP3
1664,00:32:59,0.032,0.416,0,0,eGFP3
1665,00:33:00,0.038,0.499,0,0,eGFP3
1666,00:33:00,0.041,0.535,0,0,eGFP3
1667,00:33:01,0.052,0.469,0,0,eGFP3
1668,00:33:01,0.031,0.579,0,0,eGFP3
1669,00:33:02,0.087,0.899,0,0,eGFP3
1670,00:33:03,0.063,0.557,0,0,eGFP3
1671,00:33:03,0.041,0.469,0,0,eGFP3
1672,00:33:04,0.042,0.459,0,0,eGFP3
1673,00:33:05,0.041,0.842,0,0,eGFP3
1674,00:33:05,0.064,0.788,0,0,eGFP3
1675,00:33:06,0.052,0.579,0,0,eGFP3
1676,00:33:06,0.032,0.471,0,0,eGFP3
1677,00:33:07,0.031,0.459,0,0,eGFP3
1678,00:33:07,0.043,0.603,0,0,eGFP3
1679,00:33:08,0.085,0.755,0,0,eGFP3
1680,00:33:09,0.041,0.480,0,0,eGFP3
1681,00:33:09,0.031,0.448,0,0,eGFP3
1682,00:33:10,0.042,0.579,0,0,eGFP3
1683,00:33:10,0.042,0.525,0,0,eGFP3
1684,00:33:11,0.042,0.623,0,0,eGFP3
1685,00:33:11,0.086,0.657,0,0,eGFP3
1686,00:33:12,0.043,0.515,0,0,eGFP3
1687,00:33:12,0.031,0.459,0,0,eGFP3
1688,00:33:13,0.042,0.854,0,0,eGFP3
1689,00:33:15,0.108,1.293,0,0,eGFP3
1690,00:38:36,0.077,321.265,0,0,eGFP3
1691,00:38:37,0.086,0.766,0,0,eGFP3
1692,00:38:37,0.053,0.811,0,0,eGFP3
1693,00:38:38,0.064,0.722,0,0,eGFP3
1694,00:38:39,0.066,0.780,0,0,eGFP3
1695,00:38:40,0.053,0.580,0,0,eGFP3
1696,00:38:40,0.042,0.711,0,0,eGFP3
1697,00:38:41,0.076,0.723,0,0,eGFP3
1698,00:38:42,0.098,1.261,0,0,eGFP3
1699,00:38:48,0.130,5.957,0,0,eGFP3
1700,00:38:49,0.098,0.778,0,0,eGFP3
1701,00:38:49,0.054,0.504,0,0,eGFP3
1702,00:38:50,0.033,0.439,0,0,eGFP3
1703,00:38:51,0.043,1.360,0,0,eGFP3
1704,00:38:52,0.121,0.900,0,0,eGFP3
1705,00:38:53,0.054,0.548,0,0,eGFP3
1706,00:38:53,0.042,0.503,0,0,eGFP3
1707,00:38:54,0.032,0.482,0,0,eGFP3
1708,00:38:54,0.032,0.460,0,0,eGFP3
1709,00:38:55,0.042,0.756,0,0,eGFP3
1710,00:38:56,0.066,0.802,0,0,eGFP3
1711,00:38:57,0.097,0.822,0,0,eGFP3
1712,00:38:58,0.163,1.129,0,0,eGFP3
1713,00:38:58,0.054,0.592,0,0,eGFP3
1714,00:38:59,0.054,0.503,0,0,eGFP3
1715,00:39:02,0.043,3.006,0,0,eGFP3
1716,00:39:03,0.142,1.196,0,0,eGFP3
1717,00:39:07,0.076,3.544,0,0,eGFP3
1718,00:39:07,0.099,0.746,0,0,eGFP3
1719,00:39:08,0.043,0.471,0,0,eGFP3
1720,00:39:08,0.043,0.416,0,0,eGFP3
1721,00:39:09,0.044,0.406,0,0,eGFP3
1722,00:39:09,0.032,0.537,0,0,eGFP3
1723,00:39:17,0.065,7.736,0,0,eGFP3
1724,00:39:19,0.197,1.821,0,0,eGFP3
1725,00:39:20,0.109,0.943,0,0,eGFP3
1726,00:39:22,0.704,2.230,0,0,eGFP3
1727,00:39:33,0.142,10.765,0,0,eGFP3
1728,00:39:34,0.285,1.218,0,0,eGFP3
1729,00:39:34,0.048,0.575,0,0,eGFP3
1730,00:39:35,0.052,0.491,0,0,eGFP3
1731,00:39:35,0.032,0.427,0,0,eGFP3
1732,00:39:36,0.041,0.645,0,0,eGFP3
1733,00:39:37,0.107,0.897,0,0,eGFP3
1734,00:39:37,0.054,0.592,0,0,eGFP3
1735,00:39:38,0.041,0.623,0,0,eGFP3
1736,00:39:39,0.052,0.590,0,0,eGFP3
1737,00:39:39,0.041,0.491,0,0,eGFP3
1738,00:39:40,0.042,0.514,0,0,eGFP3
1739,00:39:40,0.052,0.612,0,0,eGFP3
1740,00:39:41,0.041,0.491,0,0,eGFP3
1741,00:39:44,0.053,2.807,0,0,eGFP3
1742,00:39:44,0.075,0.920,0,0,eGFP3
1743,00:39:45,0.054,0.702,0,0,eGFP3
1744,00:39:46,0.052,0.535,0,0,eGFP3
1745,00:39:46,0.043,0.603,0,0,eGFP3
1746,00:39:47,0.075,0.997,0,0,eGFP3
1747,00:39:48,0.052,0.634,0,0,eGFP3
1748,00:39:48,0.042,0.470,0,0,eGFP3
1749,00:39:49,0.042,0.470,0,0,eGFP3
1750,00:39:50,0.052,0.897,0,0,eGFP3
1751,00:39:50,0.055,0.648,0,0,eGFP3
1752,00:39:51,0.042,0.535,0,0,eGFP3
1753,00:39:52,0.031,0.624,0,0,eGFP3
1754,00:39:58,0.097,6.100,0,0,eGFP3
1755,00:39:58,0.184,0.557,0,0,eGFP3
1756,00:40:01,0.185,2.995,0,0,eGFP3
1757,00:40:02,0.119,0.887,0,0,eGFP3
1758,00:40:03,0.053,0.547,0,0,eGFP3
1759,00:40:03,0.035,0.452,0,0,eGFP3
1760,00:40:04,0.031,0.415,0,0,eGFP3
1761,00:40:04,0.031,0.393,0,0,eGFP3
1762,00:40:04,0.043,0.471,0,0,eGFP3
1763,00:40:05,0.031,0.525,0,0,eGFP3
1764,00:40:05,0.042,0.470,0,0,eGFP3
1765,00:40:06,0.042,0.437,0,0,eGFP3
1766,00:40:06,0.043,0.559,0,0,eGFP3
1767,00:40:07,0.055,0.669,0,0,eGFP3
1768,00:40:08,0.054,0.548,0,0,eGFP3
1769,00:40:08,0.031,0.448,0,0,eGFP3
1770,00:40:08,0.032,0.438,0,0,eGFP3
1771,00:40:09,0.054,0.668,0,0,eGFP3
1772,00:40:10,0.043,0.723,0,0,eGFP3
1773,00:40:10,0.056,0.583,0,0,eGFP3
1774,00:40:11,0.042,0.492,0,0,eGFP3
1775,00:40:11,0.034,0.396,0,0,eGFP3
1776,00:40:12,0.032,0.405,0,0,eGFP3
1777,00:40:12,0.041,0.381,0,0,eGFP3
1778,00:40:13,0.030,0.403,0,0,eGFP3
1779,00:40:13,0.031,0.448,0,0,eGFP3
1780,00:40:14,0.052,0.842,0,0,eGFP3
1781,00:40:15,0.074,0.689,0,0,eGFP3
1782,00:40:15,0.052,0.623,0,0,eGFP3
1783,00:40:16,0.043,0.657,0,0,eGFP3
1784,00:40:16,0.052,0.645,0,0,eGFP3
1785,00:40:17,0.041,0.579,0,0,eGFP3
1786,00:40:18,0.042,0.513,0,0,eGFP3
1787,00:40:18,0.043,0.471,0,0,eGFP3
1788,00:40:19,0.042,0.887,0,0,eGFP3
1789,00:40:20,0.074,0.744,0,0,eGFP3
1790,00:40:20,0.052,0.832,0,0,eGFP3
1791,00:40:21,0.043,0.866,0,0,eGFP3
1792,00:40:23,0.063,1.172,0,0,eGFP3
1793,00:40:23,0.074,0.722,0,0,eGFP3
1794,00:40:24,0.042,0.546,0,0,eGFP3
1795,00:40:24,0.042,0.492,0,0,eGFP3
1796,00:40:25,0.042,0.514,0,0,eGFP3
1797,00:40:25,0.041,0.480,0,0,eGFP3
1798,00:40:26,0.042,0.723,0,0,eGFP3
1799,00:40:27,0.054,0.636,0,0,eGFP3
1800,00:40:27,0.042,0.492,0,0,eGFP3
1801,00:40:28,0.044,0.439,0,0,eGFP3
1802,00:40:28,0.031,0.393,0,0,eGFP3
1803,00:40:28,0.031,0.404,0,0,eGFP3
1804,00:40:29,0.043,0.481,0,0,eGFP3
1805,00:40:29,0.032,0.471,0,0,eGFP3
1806,00:40:30,0.042,0.437,0,0,eGFP3
1807,00:40:30,0.042,0.492,0,0,eGFP3
1808,00:40:31,0.044,0.571,0,0,eGFP3
1809,00:40:32,0.053,0.722,0,0,eGFP3
1810,00:40:32,0.053,0.887,0,0,eGFP3
1811,00:40:33,0.054,0.580,0,0,eGFP3
1812,00:40:33,0.043,0.504,0,0,eGFP3
1813,00:40:34,0.042,0.514,0,0,eGFP3
1814,00:40:35,0.044,0.516,0,0,eGFP3
1815,00:40:35,0.043,0.503,0,0,eGFP3
1816,00:40:36,0.045,0.506,0,0,eGFP3
1817,00:40:36,0.042,0.525,0,0,eGFP3
1818,00:40:37,0.043,0.493,0,0,eGFP3
1819,00:40:37,0.042,0.459,0,0,eGFP3
1820,00:40:37,0.036,0.431,0,0,eGFP3
1821,00:40:38,0.032,0.438,0,0,eGFP3
1822,00:40:39,0.032,0.734,0,0,eGFP3
1823,00:40:39,0.054,0.679,0,0,eGFP3
1824,00:40:40,0.045,0.681,0,0,eGFP3
1825,00:40:41,0.043,0.680,0,0,eGFP3
1826,00:40:41,0.043,0.504,0,0,eGFP3
1827,00:40:42,0.032,0.471,0,0,eGFP3
1828,00:40:42,0.034,0.429,0,0,eGFP3
1829,00:40:43,0.043,0.548,0,0,eGFP3
1830,00:40:43,0.054,0.602,0,0,eGFP3
1831,00:40:44,0.043,0.493,0,0,eGFP3
1832,00:40:44,0.034,0.627,0,0,eGFP3
1833,00:40:45,0.054,0.581,0,0,eGFP3
1834,00:40:45,0.043,0.460,0,0,eGFP3
1835,00:40:46,0.043,0.482,0,0,eGFP3
1836,00:40:46,0.043,0.570,0,0,eGFP3
1837,00:40:47,0.044,0.493,0,0,eGFP3
1838,00:40:47,0.033,0.428,0,0,eGFP3
1839,00:40:48,0.032,0.416,0,0,eGFP3
1840,00:40:48,0.040,0.644,0,0,eGFP3
1841,00:40:49,0.085,1.062,0,0,eGFP3
1842,00:40:50,0.064,0.701,0,0,eGFP3
1843,00:40:51,0.041,0.546,0,0,eGFP3
1844,00:40:51,0.041,0.502,0,0,eGFP3
1845,00:40:52,0.041,0.557,0,0,eGFP3
1846,00:40:53,0.063,1.007,0,0,eGFP3
1847,00:40:54,0.063,0.744,0,0,eGFP3
1848,00:40:54,0.054,0.614,0,0,eGFP3
1849,00:40:55,0.041,0.546,0,0,eGFP3
1850,00:40:55,0.041,0.557,0,0,eGFP3
1851,00:40:57,0.053,1.754,0,0,eGFP3
1852,00:41:02,0.118,5.089,0,0,eGFP3
1853,00:41:08,0.130,5.738,0,0,eGFP3
1854,00:41:11,0.096,3.608,0,0,eGFP3
1855,00:41:12,0.096,0.788,0,0,eGFP3
1856,00:41:13,0.056,0.561,0,0,eGFP3
1857,00:41:13,0.052,0.645,0,0,eGFP3
1858,00:41:14,0.064,0.887,0,0,eGFP3
1859,00:41:15,0.108,1.128,0,0,eGFP3
1860,00:41:16,0.053,0.602,0,0,eGFP3
1861,00:41:17,0.042,0.481,0,0,eGFP3
1862,00:41:23,0.042,6.319,0,0,eGFP3
1863,00:41:24,0.086,0.755,0,0,eGFP3
1864,00:41:24,0.033,0.494,0,0,eGFP3
1865,00:41:25,0.042,0.448,0,0,eGFP3
1866,00:41:25,0.031,0.415,0,0,eGFP3
1867,00:41:26,0.032,0.679,0,0,eGFP3
1868,00:41:26,0.064,0.580,0,0,eGFP3
1869,00:41:27,0.042,0.503,0,0,eGFP3
1870,00:41:27,0.033,0.439,0,0,eGFP3
1871,00:41:28,0.042,0.404,0,0,eGFP3
1872,00:41:28,0.032,0.427,0,0,eGFP3
1873,00:41:29,0.033,0.691,0,0,eGFP3
1874,00:41:29,0.065,0.679,0,0,eGFP3
1875,00:41:30,0.064,0.646,0,0,eGFP3
1876,00:41:31,0.108,0.701,0,0,eGFP3
1877,00:41:34,0.152,3.071,0,0,eGFP3
1878,00:41:35,0.087,0.756,0,0,eGFP3
1879,00:41:35,0.043,0.701,0,0,eGFP3
1880,00:41:36,0.076,0.954,0,0,eGFP3
1881,00:41:41,0.055,4.533,0,0,eGFP3
1882,00:41:42,0.086,1.052,0,0,eGFP3
1883,00:41:42,0.065,0.613,0,0,eGFP3
1884,00:41:43,0.056,0.517,0,0,eGFP3
1885,00:41:43,0.043,0.504,0,0,eGFP3
1886,00:41:44,0.043,0.471,0,0,eGFP3
1887,00:41:44,0.031,0.405,0,0,eGFP3
1888,00:41:45,0.032,0.394,0,0,eGFP3
1889,00:41:45,0.034,0.593,0,0,eGFP3
1890,00:41:47,0.087,1.360,0,0,eGFP3
1891,00:41:49,0.076,2.754,0,0,eGFP3
1892,00:41:50,0.098,0.866,0,0,eGFP3
1893,00:41:51,0.054,0.559,0,0,eGFP3
1894,00:41:51,0.043,0.482,0,0,eGFP3
1895,00:41:52,0.043,0.504,0,0,eGFP3
1896,00:41:52,0.043,0.515,0,0,eGFP3
1897,00:41:53,0.047,0.508,0,0,eGFP3
1898,00:41:53,0.032,0.428,0,0,eGFP3
1899,00:41:54,0.032,0.394,0,0,eGFP3
1900,00:41:54,0.032,0.570,0,0,eGFP3
1901,00:42:00,0.098,5.991,0,0,eGFP3
1902,00:42:01,0.120,1.009,0,0,eGFP3
1903,00:42:02,0.066,0.669,0,0,eGFP3
1904,00:42:03,0.070,0.750,0,0,eGFP3
1905,00:42:03,0.054,0.713,0,0,eGFP3
1906,00:42:53,0.052,49.621,0,0,eGFP3
1907,00:43:00,0.174,7.021,0,0,eGFP3
1908,00:43:01,0.119,0.931,0,0,eGFP3
1909,00:43:01,0.052,0.579,0,0,eGFP3
1910,00:43:02,0.041,0.491,0,0,eGFP3
1911,00:43:02,0.043,0.493,0,0,eGFP3
1912,00:43:03,0.042,0.470,0,0,eGFP3
1913,00:43:03,0.043,0.471,0,0,eGFP3
1914,00:43:04,0.031,0.448,0,0,eGFP3
1915,00:43:04,0.030,0.458,0,0,eGFP3
1916,00:43:05,0.031,0.426,0,0,eGFP3
1917,00:43:05,0.042,0.426,0,0,eGFP3
1918,00:43:06,0.041,0.447,0,0,eGFP3
1919,00:43:06,0.042,0.821,0,0,eGFP3
1920,00:43:15,0.075,8.393,0,0,eGFP3
1921,00:43:16,0.208,1.097,0,0,eGFP3
1922,00:43:17,0.053,0.624,0,0,eGFP3
1923,00:43:17,0.042,0.514,0,0,eGFP3
1924,00:43:18,0.052,1.413,0,0,eGFP3
1925,00:43:20,0.450,1.986,0,0,eGFP3
1926,00:43:22,0.174,1.293,0,0,eGFP3
1927,00:43:24,0.141,2.567,0,0,eGFP3
1928,00:43:25,0.086,0.821,0,0,eGFP3
1929,00:43:26,0.042,0.525,0,0,eGFP3
1930,00:43:26,0.041,0.458,0,0,eGFP3
1931,00:43:27,0.031,0.459,0,0,eGFP3
1932,00:43:27,0.031,0.459,0,0,eGFP3
1933,00:43:27,0.043,0.427,0,0,eGFP3
1934,00:43:28,0.031,0.415,0,0,eGFP3
1935,00:43:29,0.042,0.843,0,0,eGFP3
1936,00:43:29,0.054,0.723,0,0,eGFP3
1937,00:43:30,0.053,0.679,0,0,eGFP3
1938,00:43:31,0.055,0.966,0,0,eGFP3
1939,00:43:37,0.077,5.992,0,0,eGFP3
1940,00:43:38,0.087,0.745,0,0,eGFP3
1941,00:43:39,0.065,0.723,0,0,eGFP3
1942,00:43:39,0.053,0.745,0,0,eGFP3
1943,00:43:40,0.053,0.602,0,0,eGFP3
1944,00:43:40,0.043,0.471,0,0,eGFP3
1945,00:43:41,0.042,0.569,0,0,eGFP3
1946,00:43:43,0.067,1.658,0,0,eGFP3
1947,00:43:44,0.152,1.063,0,0,eGFP3
1948,00:43:44,0.054,0.592,0,0,eGFP3
1949,00:43:45,0.043,0.460,0,0,eGFP3
1950,00:43:45,0.042,0.449,0,0,eGFP3
1951,00:43:46,0.031,0.415,0,0,eGFP3
1952,00:43:46,0.032,0.449,0,0,eGFP3
1953,00:43:47,0.045,1.220,0,0,eGFP3
1954,00:44:00,0.077,12.302,0,0,eGFP3
1955,00:44:03,2.293,3.511,0,0,eGFP3
1956,00:44:04,0.065,0.636,0,0,eGFP3
1957,00:44:04,0.043,0.471,0,0,eGFP3
1958,00:44:05,0.043,0.438,0,0,eGFP3
1959,00:44:05,0.032,0.405,0,0,eGFP3
1960,00:44:06,0.033,0.691,0,0,eGFP3
1961,00:44:06,0.065,0.636,0,0,eGFP3
1962,00:44:07,0.045,0.484,0,0,eGFP3
1963,00:44:07,0.032,0.438,0,0,eGFP3
1964,00:44:08,0.033,0.417,0,0,eGFP3
1965,00:44:08,0.043,0.647,0,0,eGFP3
1966,00:44:09,0.065,0.866,0,0,eGFP3
1967,00:44:12,0.048,2.484,0,0,eGFP3
1968,00:44:13,0.129,0.930,0,0,eGFP3
1969,00:44:13,0.041,0.524,0,0,eGFP3
1970,00:44:14,0.032,0.427,0,0,eGFP3
1971,00:44:14,0.030,0.403,0,0,eGFP3
1972,00:44:14,0.031,0.404,0,0,eGFP3
1973,00:44:15,0.030,0.403,0,0,eGFP3
1974,00:44:15,0.042,0.590,0,0,eGFP3
1975,00:44:16,0.031,0.503,0,0,eGFP3
1976,00:44:16,0.030,0.458,0,0,eGFP3
1977,00:44:17,0.041,0.524,0,0,eGFP3
1978,00:44:18,0.044,0.680,0,0,eGFP3
1979,00:44:18,0.042,0.645,0,0,eGFP3
1980,00:44:19,0.054,0.537,0,0,eGFP3
1981,00:44:19,0.042,0.503,0,0,eGFP3
1982,00:44:20,0.052,1.062,0,0,eGFP3
1983,00:44:24,0.075,3.268,0,0,eGFP3
1984,00:44:24,0.086,0.799,0,0,eGFP3
1985,00:44:25,0.042,0.514,0,0,eGFP3
1986,00:44:25,0.043,0.460,0,0,eGFP3
1987,00:44:26,0.042,0.503,0,0,eGFP3
1988,00:44:26,0.042,0.481,0,0,eGFP3
1989,00:44:27,0.042,0.448,0,0,eGFP3
1990,00:44:27,0.031,0.393,0,0,eGFP3
1991,00:44:28,0.042,0.382,0,0,eGFP3
1992,00:44:28,0.031,0.371,0,0,eGFP3
1993,00:44:28,0.031,0.415,0,0,eGFP3
1994,00:44:29,0.033,0.637,0,0,eGFP3
1995,00:44:30,0.054,0.603,0,0,eGFP3
1996,00:44:30,0.042,0.470,0,0,eGFP3
1997,00:44:30,0.042,0.459,0,0,eGFP3
1998,00:44:31,0.042,0.481,0,0,eGFP3
1999,00:44:31,0.054,0.482,0,0,eGFP3
2000,00:44:32,0.031,0.426,0,0,eGFP3
2001,00:44:32,0.042,0.426,0,0,eGFP3
2002,00:44:33,0.032,0.383,0,0,eGFP3
2003,00:44:33,0.033,0.417,0,0,eGFP3
2004,00:44:34,0.031,0.459,0,0,eGFP3
2005,00:44:34,0.043,0.580,0,0,eGFP3
2006,00:44:35,0.054,0.789,0,0,eGFP3
2007,00:44:36,0.054,0.602,0,0,eGFP3
2008,00:44:36,0.056,0.912,0,0,eGFP3
2009,00:44:37,0.064,0.668,0,0,eGFP3
2010,00:44:38,0.042,0.536,0,0,eGFP3
2011,00:44:38,0.045,0.484,0,0,eGFP3
2012,00:44:39,0.042,0.459,0,0,eGFP3
2013,00:44:39,0.043,0.691,0,0,eGFP3
2014,00:44:40,0.053,0.690,0,0,eGFP3
2015,00:44:40,0.043,0.525,0,0,eGFP3
2016,00:44:41,0.043,0.460,0,0,eGFP3
2017,00:44:42,0.043,0.735,0,0,eGFP3
2018,00:44:42,0.064,0.646,0,0,eGFP3
2019,00:44:43,0.038,0.674,0,0,eGFP3
2020,00:44:50,0.109,6.891,0,0,eGFP3
2021,00:45:08,0.153,18.589,0,0,eGFP3
2022,00:45:11,0.090,2.526,0,0,eGFP3
2023,00:45:12,0.131,1.009,0,0,eGFP3
2024,00:45:13,0.065,0.625,0,0,eGFP3
2025,00:45:13,0.043,0.603,0,0,eGFP3
2026,00:45:14,0.054,0.559,0,0,eGFP3
2027,00:45:14,0.034,0.572,0,0,eGFP3
2028,00:45:19,0.054,4.356,0,0,eGFP3
2029,00:45:22,0.109,3.643,0,0,eGFP3
2030,00:45:23,0.093,0.773,0,0,eGFP3
2031,00:45:24,0.052,0.524,0,0,eGFP3
2032,00:45:24,0.041,0.480,0,0,eGFP3
2033,00:45:25,0.031,0.470,0,0,eGFP3
2034,00:45:25,0.041,0.447,0,0,eGFP3
2035,00:45:26,0.043,0.460,0,0,eGFP3
2036,00:45:26,0.032,0.460,0,0,eGFP3
2037,00:45:27,0.041,1.479,0,0,eGFP3
2038,00:45:28,0.096,0.777,0,0,eGFP3
2039,00:45:29,0.052,0.502,0,0,eGFP3
2040,00:45:29,0.031,0.448,0,0,eGFP3
2041,00:45:30,0.042,0.426,0,0,eGFP3
2042,00:45:30,0.041,0.425,0,0,eGFP3
2043,00:45:30,0.033,0.406,0,0,eGFP3
2044,00:45:31,0.042,0.415,0,0,eGFP3
2045,00:45:31,0.042,0.535,0,0,eGFP3
2046,00:45:32,0.075,0.788,0,0,eGFP3
2047,00:45:33,0.053,0.580,0,0,eGFP3
2048,00:45:33,0.053,0.711,0,0,eGFP3
2049,00:45:38,0.053,4.399,0,0,eGFP3
2050,00:45:39,0.074,0.853,0,0,eGFP3
2051,00:45:39,0.055,0.669,0,0,eGFP3
2052,00:45:40,0.042,0.503,0,0,eGFP3
2053,00:45:40,0.042,0.415,0,0,eGFP3
2054,00:45:41,0.031,0.426,0,0,eGFP3
2055,00:45:41,0.031,0.723,0,0,eGFP3
2056,00:45:42,0.053,0.591,0,0,eGFP3
2057,00:45:43,0.042,0.448,0,0,eGFP3
2058,00:45:43,0.042,0.404,0,0,eGFP3
2059,00:45:43,0.032,0.383,0,0,eGFP3
2060,00:45:44,0.033,0.373,0,0,eGFP3
2061,00:45:44,0.042,0.404,0,0,eGFP3
2062,00:45:45,0.032,0.756,0,0,eGFP3
2063,00:45:46,0.066,0.692,0,0,eGFP3
2064,00:45:46,0.042,0.536,0,0,eGFP3
2065,00:45:46,0.043,0.449,0,0,eGFP3
2066,00:45:47,0.042,0.426,0,0,eGFP3
2067,00:45:47,0.043,0.416,0,0,eGFP3
2068,00:45:48,0.033,0.395,0,0,eGFP3
2069,00:45:48,0.032,0.427,0,0,eGFP3
2070,00:45:49,0.031,0.569,0,0,eGFP3
2071,00:45:49,0.076,0.745,0,0,eGFP3
2072,00:45:50,0.054,0.537,0,0,eGFP3
2073,00:45:50,0.042,0.459,0,0,eGFP3
2074,00:45:51,0.032,0.449,0,0,eGFP3
2075,00:45:51,0.032,0.515,0,0,eGFP3
2076,00:45:52,0.045,1.054,0,0,eGFP3
2077,00:45:53,0.067,0.659,0,0,eGFP3
2078,00:45:54,0.043,0.493,0,0,eGFP3
2079,00:45:54,0.032,0.438,0,0,eGFP3
2080,00:45:54,0.033,0.395,0,0,eGFP3
2081,00:45:55,0.043,0.449,0,0,eGFP3
2082,00:45:55,0.054,0.558,0,0,eGFP3
2083,00:45:56,0.043,0.537,0,0,eGFP3
2084,00:45:57,0.045,0.495,0,0,eGFP3
2085,00:45:57,0.043,0.471,0,0,eGFP3
2086,00:45:57,0.043,0.439,0,0,eGFP3
2087,00:45:58,0.043,0.493,0,0,eGFP3
2088,00:45:58,0.043,0.460,0,0,eGFP3
2089,00:45:59,0.032,0.537,0,0,eGFP3
2090,00:46:00,0.065,0.921,0,0,eGFP3
2091,00:46:01,0.079,0.836,0,0,eGFP3
2092,00:46:01,0.067,0.616,0,0,eGFP3
2093,00:46:02,0.038,0.477,0,0,eGFP3
2094,00:46:02,0.041,0.447,0,0,eGFP3
2095,00:46:03,0.042,0.832,0,0,eGFP3
2096,00:46:10,0.140,7.119,0,0,eGFP3
2097,00:46:11,0.097,0.887,0,0,eGFP3
2098,00:46:16,0.085,4.892,0,0,eGFP3
2099,00:46:17,0.184,1.051,0,0,eGFP3
2100,00:46:18,0.054,0.954,0,0,eGFP3
2101,00:46:19,0.074,0.711,0,0,eGFP3
2102,00:46:19,0.052,0.524,0,0,eGFP3
2103,00:46:20,0.031,0.426,0,0,eGFP3
2104,00:46:20,0.041,0.436,0,0,eGFP3
2105,00:46:21,0.044,0.559,0,0,eGFP3
2106,00:46:22,0.086,1.008,0,0,eGFP3
2107,00:46:22,0.063,0.612,0,0,eGFP3
2108,00:46:23,0.065,0.746,0,0,eGFP3
2109,00:46:24,0.052,0.546,0,0,eGFP3
2110,00:46:24,0.042,0.459,0,0,eGFP3
2111,00:46:24,0.042,0.492,0,0,eGFP3
2112,00:46:25,0.075,0.909,0,0,eGFP3
2113,00:46:26,0.064,0.612,0,0,eGFP3
2114,00:46:26,0.053,0.503,0,0,eGFP3
2115,00:46:27,0.042,0.470,0,0,eGFP3
2116,00:46:27,0.033,0.428,0,0,eGFP3
2117,00:46:28,0.042,0.448,0,0,eGFP3
2118,00:46:28,0.042,0.470,0,0,eGFP3
2119,00:46:29,0.044,0.450,0,0,eGFP3
2120,00:46:29,0.042,0.415,0,0,eGFP3
2121,00:46:30,0.031,0.426,0,0,eGFP3
2122,00:46:30,0.042,0.470,0,0,eGFP3
2123,00:46:31,0.043,0.449,0,0,eGFP3
2124,00:46:31,0.031,0.437,0,0,eGFP3
2125,00:46:31,0.033,0.428,0,0,eGFP3
2126,00:46:32,0.042,0.437,0,0,eGFP3
2127,00:46:32,0.032,0.471,0,0,eGFP3
2128,00:46:33,0.042,0.492,0,0,eGFP3
2129,00:46:33,0.042,0.514,0,0,eGFP3
2130,00:46:34,0.054,0.514,0,0,eGFP3
2131,00:46:34,0.043,0.482,0,0,eGFP3
2132,00:46:35,0.043,0.493,0,0,eGFP3
2133,00:46:35,0.035,0.485,0,0,eGFP3
2134,00:46:36,0.042,0.492,0,0,eGFP3
2135,00:46:36,0.043,0.482,0,0,eGFP3
2136,00:46:37,0.043,0.481,0,0,eGFP3
2137,00:46:37,0.043,0.493,0,0,eGFP3
2138,00:46:38,0.043,0.526,0,0,eGFP3
2139,00:46:58,0.042,20.728,0,0,eGFP3
2140,00:46:59,0.120,0.877,0,0,eGFP3
2141,00:47:00,0.056,0.550,0,0,eGFP3
2142,00:47:00,0.043,0.482,0,0,eGFP3
2143,00:47:01,0.032,0.482,0,0,eGFP3
2144,00:47:01,0.043,0.471,0,0,eGFP3
2145,00:47:02,0.043,0.438,0,0,eGFP3
2146,00:47:02,0.045,0.418,0,0,eGFP3
2147,00:47:03,0.032,0.405,0,0,eGFP3
2148,00:47:03,0.044,0.395,0,0,eGFP3
2149,00:47:03,0.034,0.396,0,0,eGFP3
2150,00:47:04,0.032,0.460,0,0,eGFP3
2151,00:47:04,0.043,0.526,0,0,eGFP3
2152,00:47:05,0.033,0.856,0,0,eGFP3
2153,00:47:06,0.076,0.712,0,0,eGFP3
2154,00:47:07,0.043,0.592,0,0,eGFP3
2155,00:47:07,0.055,0.548,0,0,eGFP3
2156,00:47:08,0.044,0.494,0,0,eGFP3
2157,00:47:08,0.039,0.654,0,0,eGFP3
2158,00:47:09,0.063,0.655,0,0,eGFP3
2159,00:47:10,0.053,0.854,0,0,eGFP3
2160,00:47:10,0.064,0.613,0,0,eGFP3
2161,00:47:11,0.041,0.601,0,0,eGFP3
2162,00:47:12,0.085,0.974,0,0,eGFP3
2163,00:47:13,0.063,0.667,0,0,eGFP3
2164,00:47:13,0.042,0.480,0,0,eGFP3
2165,00:47:14,0.043,0.439,0,0,eGFP3
2166,00:47:14,0.030,0.623,0,0,eGFP3
2167,00:47:15,0.052,0.579,0,0,eGFP3
2168,00:47:15,0.041,0.755,0,0,eGFP3
2169,00:47:16,0.085,0.897,0,0,eGFP3
2170,00:47:17,0.064,0.711,0,0,eGFP3
2171,00:47:18,0.053,0.569,0,0,eGFP3
2172,00:47:18,0.052,0.579,0,0,eGFP3
2173,00:47:19,0.043,0.526,0,0,eGFP3
2174,00:47:19,0.044,0.483,0,0,eGFP3
2175,00:47:20,0.030,0.447,0,0,eGFP3
2176,00:47:20,0.031,0.525,0,0,eGFP3
2177,00:47:21,0.053,1.040,0,0,eGFP3
2178,00:47:22,0.053,0.668,0,0,eGFP3
2179,00:47:22,0.042,0.514,0,0,eGFP3
2180,00:47:23,0.042,0.524,0,0,eGFP3
2181,00:47:24,0.055,0.801,0,0,eGFP3
2182,00:47:25,0.075,0.810,0,0,eGFP3
2183,00:47:25,0.053,0.602,0,0,eGFP3
2184,00:47:26,0.042,0.503,0,0,eGFP3
2185,00:47:27,0.053,1.019,0,0,eGFP3
2186,00:47:28,0.075,0.843,0,0,eGFP3
2187,00:47:28,0.053,0.690,0,0,eGFP3
2188,00:47:29,0.055,0.614,0,0,eGFP3
2189,00:47:29,0.043,0.482,0,0,eGFP3
2190,00:47:30,0.044,0.472,0,0,eGFP3
2191,00:47:30,0.042,0.690,0,0,eGFP3
2192,00:47:31,0.053,0.591,0,0,eGFP3
2193,00:47:34,0.053,2.972,0,0,eGFP3
2194,00:47:35,0.141,0.975,0,0,eGFP3
2195,00:47:36,0.054,0.570,0,0,eGFP3
2196,00:47:36,0.042,0.514,0,0,eGFP3
2197,00:47:37,0.086,1.283,0,0,eGFP3
2198,00:47:49,0.077,11.797,0,0,eGFP3
2199,00:47:53,0.109,3.555,0,0,eGFP3
2200,00:47:54,0.229,1.425,0,0,eGFP3
2201,00:47:55,0.065,0.636,0,0,eGFP3
2202,00:47:56,0.045,0.999,0,0,eGFP3
2203,00:47:57,0.087,0.746,0,0,eGFP3
2204,00:47:57,0.054,0.547,0,0,eGFP3
2205,00:47:58,0.043,0.504,0,0,eGFP3
2206,00:47:58,0.034,0.462,0,0,eGFP3
2207,00:47:59,0.043,0.493,0,0,eGFP3
2208,00:47:59,0.043,0.526,0,0,eGFP3
2209,00:48:00,0.043,0.471,0,0,eGFP3
2210,00:48:03,0.043,3.796,0,0,eGFP3
2211,00:48:08,0.098,4.312,0,0,eGFP3
2212,00:48:11,0.130,3.170,0,0,eGFP3
2213,00:48:12,0.087,0.713,0,0,eGFP3
2214,00:48:12,0.045,0.506,0,0,eGFP3
2215,00:48:12,0.043,0.427,0,0,eGFP3
2216,00:48:13,0.043,0.427,0,0,eGFP3
2217,00:48:13,0.032,0.537,0,0,eGFP3
2218,00:48:14,0.043,0.537,0,0,eGFP3
2219,00:48:15,0.043,0.548,0,0,eGFP3
2220,00:48:15,0.038,0.477,0,0,eGFP3
2221,00:48:16,0.041,0.579,0,0,eGFP3
2222,00:48:16,0.054,0.657,0,0,eGFP3
2223,00:48:17,0.052,0.491,0,0,eGFP3
2224,00:48:17,0.042,0.448,0,0,eGFP3
2225,00:48:18,0.041,0.403,0,0,eGFP3
2226,00:48:18,0.041,0.392,0,0,eGFP3
2227,00:48:18,0.031,0.393,0,0,eGFP3
2228,00:48:19,0.041,0.403,0,0,eGFP3
2229,00:48:19,0.032,0.395,0,0,eGFP3
2230,00:48:20,0.032,0.723,0,0,eGFP3
2231,00:48:22,0.085,1.995,0,0,eGFP3
2232,00:48:23,0.085,0.722,0,0,eGFP3
2233,00:48:23,0.041,0.524,0,0,eGFP3
2234,00:48:24,0.042,0.448,0,0,eGFP3
2235,00:48:24,0.041,0.425,0,0,eGFP3
2236,00:48:24,0.042,0.415,0,0,eGFP3
2237,00:48:25,0.031,0.426,0,0,eGFP3
2238,00:48:25,0.032,0.449,0,0,eGFP3
2239,00:48:26,0.031,0.448,0,0,eGFP3
2240,00:48:26,0.031,0.437,0,0,eGFP3
2241,00:48:27,0.042,0.569,0,0,eGFP3
2242,00:48:35,0.063,8.524,0,0,eGFP3
2243,00:48:36,0.099,0.834,0,0,eGFP3
2244,00:48:37,0.053,0.580,0,0,eGFP3
2245,00:48:37,0.075,0.656,0,0,eGFP3
2246,00:48:38,0.066,0.736,0,0,eGFP3
2247,00:48:39,0.041,0.535,0,0,eGFP3
2248,00:48:39,0.042,0.459,0,0,eGFP3
2249,00:48:40,0.032,0.701,0,0,eGFP3
2250,00:48:41,0.064,0.964,0,0,eGFP3
2251,00:48:41,0.053,0.668,0,0,eGFP3
2252,00:48:42,0.042,0.733,0,0,eGFP3
2253,00:48:47,0.087,4.443,0,0,eGFP3
2254,00:48:48,0.141,1.118,0,0,eGFP3
2255,00:48:48,0.066,0.681,0,0,eGFP3
2256,00:48:49,0.042,0.514,0,0,eGFP3
2257,00:48:49,0.044,0.483,0,0,eGFP3
2258,00:48:50,0.045,0.495,0,0,eGFP3
2259,00:48:50,0.043,0.482,0,0,eGFP3
2260,00:48:51,0.043,0.492,0,0,eGFP3
2261,00:48:52,0.043,0.724,0,0,eGFP3
2262,00:48:52,0.064,0.679,0,0,eGFP3
2263,00:48:53,0.044,0.549,0,0,eGFP3
2264,00:48:53,0.032,0.438,0,0,eGFP3
2265,00:48:54,0.032,0.394,0,0,eGFP3
2266,00:48:54,0.032,0.383,0,0,eGFP3
2267,00:48:55,0.032,0.635,0,0,eGFP3
2268,00:49:03,0.109,7.977,0,0,eGFP3
2269,00:49:03,0.076,0.778,0,0,eGFP3
2270,00:49:05,0.118,1.720,0,0,eGFP3
2271,00:49:06,0.110,1.131,0,0,eGFP3
2272,00:49:07,0.063,0.601,0,0,eGFP3
2273,00:49:07,0.052,0.502,0,0,eGFP3
2274,00:49:08,0.041,0.436,0,0,eGFP3
2275,00:49:08,0.042,0.426,0,0,eGFP3
2276,00:49:09,0.030,0.392,0,0,eGFP3
2277,00:49:09,0.031,0.404,0,0,eGFP3
2278,00:49:09,0.030,0.370,0,0,eGFP3
2279,00:49:10,0.043,0.428,0,0,eGFP3
2280,00:49:10,0.030,0.425,0,0,eGFP3
2281,00:49:11,0.031,0.810,0,0,eGFP3
2282,00:49:12,0.118,1.084,0,0,eGFP3
2283,00:49:16,0.129,3.422,0,0,eGFP3
2284,00:49:17,0.107,1.117,0,0,eGFP3
2285,00:49:17,0.076,0.767,0,0,eGFP3
2286,00:49:18,0.053,0.547,0,0,eGFP3
2287,00:49:19,0.043,0.647,0,0,eGFP3
2288,00:49:19,0.086,0.777,0,0,eGFP3
2289,00:49:20,0.031,0.569,0,0,eGFP3
2290,00:49:20,0.042,0.459,0,0,eGFP3
2291,00:49:21,0.031,0.481,0,0,eGFP3
2292,00:49:23,0.031,2.248,0,0,eGFP3
2293,00:49:25,0.108,1.688,0,0,eGFP3
2294,00:49:29,0.163,3.828,0,0,eGFP3
2295,00:49:29,0.077,0.757,0,0,eGFP3
2296,00:49:30,0.043,0.547,0,0,eGFP3
2297,00:49:30,0.032,0.471,0,0,eGFP3
2298,00:49:31,0.042,0.503,0,0,eGFP3
2299,00:49:31,0.044,0.527,0,0,eGFP3
2300,00:49:32,0.042,0.503,0,0,eGFP3
2301,00:49:33,0.042,0.591,0,0,eGFP3
2302,00:49:33,0.042,0.514,0,0,eGFP3
2303,00:49:34,0.044,0.429,0,0,eGFP3
2304,00:49:34,0.042,0.459,0,0,eGFP3
2305,00:49:42,0.042,8.536,0,0,eGFP3
2306,00:49:44,0.328,1.579,0,0,eGFP3
2307,00:49:45,0.076,0.679,0,0,eGFP3
2308,00:49:45,0.054,0.570,0,0,eGFP3
2309,00:49:46,0.042,0.536,0,0,eGFP3
2310,00:49:46,0.043,0.570,0,0,eGFP3
2311,00:49:47,0.044,0.527,0,0,eGFP3
2312,00:49:47,0.045,0.495,0,0,eGFP3
2313,00:49:48,0.042,0.459,0,0,eGFP3
2314,00:49:49,0.032,0.592,0,0,eGFP3
2315,00:49:49,0.065,0.690,0,0,eGFP3
2316,00:49:50,0.043,0.822,0,0,eGFP3
2317,00:49:51,0.054,0.636,0,0,eGFP3
2318,00:49:51,0.054,0.547,0,0,eGFP3
2319,00:49:52,0.043,0.669,0,0,eGFP3
2320,00:49:53,0.067,0.703,0,0,eGFP3
2321,00:49:53,0.043,0.537,0,0,eGFP3
2322,00:49:54,0.043,0.482,0,0,eGFP3
2323,00:49:54,0.032,0.449,0,0,eGFP3
2324,00:49:55,0.043,0.658,0,0,eGFP3
2325,00:49:55,0.043,0.603,0,0,eGFP3
2326,00:49:56,0.056,0.923,0,0,eGFP3
2327,00:49:57,0.065,0.844,0,0,eGFP3
2328,00:49:58,0.056,0.638,0,0,eGFP3
2329,00:49:58,0.043,0.493,0,0,eGFP3
2330,00:49:59,0.033,0.483,0,0,eGFP3
2331,00:49:59,0.043,0.658,0,0,eGFP3
2332,00:50:00,0.054,0.647,0,0,eGFP3
2333,00:50:01,0.049,0.620,0,0,eGFP3
2334,00:50:01,0.052,0.524,0,0,eGFP3
2335,00:50:02,0.052,0.469,0,0,eGFP3
2336,00:50:02,0.043,0.449,0,0,eGFP3
2337,00:50:03,0.030,0.458,0,0,eGFP3
2338,00:50:03,0.041,0.458,0,0,eGFP3
2339,00:50:03,0.042,0.437,0,0,eGFP3
2340,00:50:04,0.032,0.427,0,0,eGFP3
2341,00:50:04,0.041,0.458,0,0,eGFP3
2342,00:50:05,0.042,0.481,0,0,eGFP3
2343,00:50:05,0.041,0.480,0,0,eGFP3
2344,00:50:06,0.043,0.471,0,0,eGFP3
2345,00:50:06,0.042,0.470,0,0,eGFP3
2346,00:50:07,0.030,0.458,0,0,eGFP3
2347,00:50:07,0.042,0.481,0,0,eGFP3
2348,00:50:08,0.043,0.460,0,0,eGFP3
2349,00:50:08,0.030,0.415,0,0,eGFP3
2350,00:50:08,0.041,0.425,0,0,eGFP3
2351,00:50:09,0.042,0.492,0,0,eGFP3
2352,00:50:09,0.055,0.570,0,0,eGFP3
2353,00:50:10,0.053,0.580,0,0,eGFP3
2354,00:50:11,0.043,0.735,0,0,eGFP3
2355,00:50:11,0.064,0.678,0,0,eGFP3
2356,00:50:12,0.053,0.569,0,0,eGFP3
2357,00:50:13,0.042,0.503,0,0,eGFP3
2358,00:50:15,0.053,2.028,0,0,eGFP3
2359,00:50:16,0.207,1.118,0,0,eGFP3
2360,00:50:16,0.066,0.702,0,0,eGFP3
2361,00:50:17,0.042,0.580,0,0,eGFP3
2362,00:50:18,0.042,0.536,0,0,eGFP3
2363,00:50:20,0.053,2.149,0,0,eGFP3
2364,00:56:09,0.207,348.896,0,0,eGFP3
2365,00:56:10,0.141,1.381,0,0,eGFP3
2366,00:56:13,0.109,3.039,0,0,eGFP3
2367,00:56:14,0.130,1.337,0,0,eGFP3
2368,00:56:16,0.101,1.231,0,0,eGFP3
2369,00:56:16,0.131,0.724,0,0,eGFP3
2370,00:56:22,0.262,5.310,0,0,eGFP3
2371,00:56:23,0.207,1.458,0,0,eGFP3
2372,00:56:24,0.054,0.745,0,0,eGFP3
2373,00:56:34,0.098,10.117,0,0,eGFP3
2374,00:56:35,0.087,0.767,0,0,eGFP3
2375,00:56:35,0.054,0.559,0,0,eGFP3
2376,00:56:36,0.056,0.857,0,0,eGFP3
2377,00:56:37,0.098,0.866,0,0,eGFP3
2378,00:56:38,0.054,0.734,0,0,eGFP3
2379,00:56:38,0.065,0.800,0,0,eGFP3
2380,00:56:39,0.087,0.855,0,0,eGFP3
2381,00:56:40,0.056,0.704,0,0,eGFP3
2382,00:56:41,0.076,0.690,0,0,eGFP3
2383,00:56:41,0.054,0.526,0,0,eGFP3
2384,00:56:42,0.043,0.471,0,0,eGFP3
2385,00:56:42,0.045,0.462,0,0,eGFP3
2386,00:56:53,0.043,10.501,0,0,eGFP3
2387,00:56:54,0.120,0.921,0,0,eGFP3
2388,00:56:56,0.054,2.534,0,0,eGFP3
2389,00:57:01,0.164,5.004,0,0,eGFP3
2390,00:57:02,0.109,0.844,0,0,eGFP3
2391,00:57:03,0.055,0.560,0,0,eGFP3
2392,00:57:03,0.043,0.504,0,0,eGFP3
2393,00:57:04,0.046,0.496,0,0,eGFP3
2394,00:57:05,0.032,1.096,0,0,eGFP3
2395,00:57:05,0.090,0.792,0,0,eGFP3
2396,00:57:06,0.055,0.516,0,0,eGFP3
2397,00:57:06,0.036,0.442,0,0,eGFP3
2398,00:57:07,0.041,0.447,0,0,eGFP3
2399,00:57:07,0.042,0.448,0,0,eGFP3
2400,00:57:08,0.030,0.469,0,0,eGFP3
2401,00:57:09,0.043,0.778,0,0,eGFP3
2402,00:57:09,0.063,0.623,0,0,eGFP3
2403,00:57:10,0.041,0.513,0,0,eGFP3
2404,00:57:10,0.042,0.459,0,0,eGFP3
2405,00:57:11,0.041,0.469,0,0,eGFP3
2406,00:57:11,0.042,0.667,0,0,eGFP3
2407,00:57:12,0.075,0.788,0,0,eGFP3
2408,00:57:13,0.052,0.744,0,0,eGFP3
2409,00:57:13,0.055,0.593,0,0,eGFP3
2410,00:57:21,0.053,7.329,0,0,eGFP3
2411,00:57:21,0.085,0.678,0,0,eGFP3
2412,00:57:22,0.053,0.503,0,0,eGFP3
2413,00:57:22,0.041,0.502,0,0,eGFP3
2414,00:57:23,0.042,0.492,0,0,eGFP3
2415,00:57:23,0.042,0.470,0,0,eGFP3
2416,00:57:24,0.042,0.437,0,0,eGFP3
2417,00:57:24,0.032,0.395,0,0,eGFP3
2418,00:57:25,0.041,0.415,0,0,eGFP3
2419,00:57:25,0.041,0.546,0,0,eGFP3
2420,00:57:26,0.053,0.821,0,0,eGFP3
2421,00:57:27,0.064,0.800,0,0,eGFP3
2422,00:57:27,0.063,0.634,0,0,eGFP3
2423,00:57:28,0.044,0.713,0,0,eGFP3
2424,00:57:29,0.064,0.613,0,0,eGFP3
2425,00:57:29,0.044,0.560,0,0,eGFP3
2426,00:57:30,0.042,0.557,0,0,eGFP3
2427,00:57:31,0.043,0.745,0,0,eGFP3
2428,00:57:32,0.942,1.370,0,0,eGFP3
2429,00:57:35,0.317,3.159,0,0,eGFP3
2430,00:57:36,0.086,0.800,0,0,eGFP3
2431,00:57:36,0.042,0.525,0,0,eGFP3
2432,00:57:37,0.042,0.459,0,0,eGFP3
2433,00:57:37,0.045,0.451,0,0,eGFP3
2434,00:57:38,0.042,0.558,0,0,eGFP3
2435,00:57:39,0.064,0.800,0,0,eGFP3
2436,00:57:39,0.042,0.558,0,0,eGFP3
2437,00:57:40,0.045,0.484,0,0,eGFP3
2438,00:57:40,0.042,0.437,0,0,eGFP3
2439,00:57:41,0.032,0.394,0,0,eGFP3
2440,00:57:41,0.032,0.372,0,0,eGFP3
2441,00:57:42,0.032,0.657,0,0,eGFP3
2442,00:57:49,1.326,6.923,0,0,eGFP3
2443,00:57:51,0.130,2.610,0,0,eGFP3
2444,00:57:53,0.175,1.646,0,0,eGFP3
2445,00:57:55,0.141,2.589,0,0,eGFP3
2446,00:57:56,0.065,0.646,0,0,eGFP3
2447,00:57:57,0.043,0.504,0,0,eGFP3
2448,00:57:57,0.043,0.460,0,0,eGFP3
2449,00:57:57,0.032,0.438,0,0,eGFP3
2450,00:57:58,0.034,0.386,0,0,eGFP3
2451,00:57:58,0.034,0.571,0,0,eGFP3
2452,00:57:59,0.077,0.965,0,0,eGFP3
2453,00:58:00,0.044,0.614,0,0,eGFP3
2454,00:58:00,0.054,0.482,0,0,eGFP3
2455,00:58:01,0.033,0.417,0,0,eGFP3
2456,00:58:01,0.032,0.427,0,0,eGFP3
2457,00:58:02,0.043,0.537,0,0,eGFP3
2458,00:58:02,0.035,0.484,0,0,eGFP3
2459,00:58:05,0.044,2.546,0,0,eGFP3
2460,00:58:06,0.104,0.883,0,0,eGFP3
2461,00:58:06,0.052,0.579,0,0,eGFP3
2462,00:58:07,0.041,0.480,0,0,eGFP3
2463,00:58:07,0.053,0.524,0,0,eGFP3
2464,00:58:08,0.054,0.504,0,0,eGFP3
2465,00:58:08,0.041,0.436,0,0,eGFP3
2466,00:58:09,0.043,0.680,0,0,eGFP3
2467,00:58:10,0.107,1.029,0,0,eGFP3
2468,00:58:11,0.052,0.579,0,0,eGFP3
2469,00:58:11,0.030,0.458,0,0,eGFP3
2470,00:58:11,0.031,0.426,0,0,eGFP3
2471,00:58:12,0.041,0.469,0,0,eGFP3
2472,00:58:12,0.042,0.470,0,0,eGFP3
2473,00:58:13,0.030,0.502,0,0,eGFP3
2474,00:58:13,0.033,0.494,0,0,eGFP3
2475,00:58:14,0.052,0.908,0,0,eGFP3
2476,00:58:15,0.075,0.821,0,0,eGFP3
2477,00:58:16,0.053,0.514,0,0,eGFP3
2478,00:58:16,0.043,0.504,0,0,eGFP3
2479,00:58:17,0.053,0.788,0,0,eGFP3
2480,00:58:18,0.064,0.634,0,0,eGFP3
2481,00:58:18,0.042,0.602,0,0,eGFP3
2482,00:58:19,0.054,0.614,0,0,eGFP3
2483,00:58:19,0.042,0.459,0,0,eGFP3
2484,00:58:20,0.031,0.470,0,0,eGFP3
2485,00:58:21,0.053,0.865,0,0,eGFP3
2486,00:58:21,0.053,0.591,0,0,eGFP3
2487,00:58:22,0.042,0.470,0,0,eGFP3
2488,00:58:22,0.031,0.415,0,0,eGFP3
2489,00:58:22,0.031,0.404,0,0,eGFP3
2490,00:58:23,0.033,0.571,0,0,eGFP3
2491,00:58:24,0.042,0.624,0,0,eGFP3
2492,00:58:24,0.044,0.527,0,0,eGFP3
2493,00:58:25,0.031,0.492,0,0,eGFP3
2494,00:58:25,0.031,0.481,0,0,eGFP3
2495,00:58:26,0.042,0.437,0,0,eGFP3
2496,00:58:26,0.032,0.449,0,0,eGFP3
2497,00:58:27,0.042,0.514,0,0,eGFP3
2498,00:58:27,0.044,0.505,0,0,eGFP3
2499,00:58:27,0.043,0.449,0,0,eGFP3
2500,00:58:28,0.042,0.536,0,0,eGFP3
2501,00:58:29,0.065,0.811,0,0,eGFP3
2502,00:58:29,0.042,0.547,0,0,eGFP3
2503,00:58:30,0.043,0.833,0,0,eGFP3
2504,00:58:31,0.064,0.789,0,0,eGFP3
2505,00:58:32,0.053,0.646,0,0,eGFP3
2506,00:58:32,0.034,0.516,0,0,eGFP3
2507,00:58:33,0.034,0.462,0,0,eGFP3
2508,00:58:33,0.043,0.471,0,0,eGFP3
2509,00:58:34,0.043,0.515,0,0,eGFP3
2510,00:58:34,0.043,0.471,0,0,eGFP3
2511,00:58:35,0.032,0.438,0,0,eGFP3
2512,00:58:35,0.042,0.778,0,0,eGFP3
2513,00:58:36,0.054,0.602,0,0,eGFP3
2514,00:58:36,0.043,0.504,0,0,eGFP3
2515,00:58:37,0.034,0.451,0,0,eGFP3
2516,00:58:37,0.032,0.438,0,0,eGFP3
2517,00:58:39,0.077,1.361,0,0,eGFP3
2518,00:58:44,0.087,5.607,0,0,eGFP3
2519,00:58:45,0.141,0.943,0,0,eGFP3
2520,00:58:46,0.056,0.714,0,0,eGFP3
2521,00:58:47,0.088,0.998,0,0,eGFP3
2522,00:58:48,0.066,0.647,0,0,eGFP3
2523,00:58:48,0.046,0.573,0,0,eGFP3
2524,00:58:49,0.058,0.574,0,0,eGFP3
2525,00:58:49,0.041,0.480,0,0,eGFP3
2526,00:58:50,0.030,0.436,0,0,eGFP3
2527,00:58:50,0.041,0.425,0,0,eGFP3
2528,00:58:50,0.031,0.404,0,0,eGFP3
2529,00:58:51,0.041,0.414,0,0,eGFP3
2530,00:58:51,0.041,0.436,0,0,eGFP3
2531,00:58:52,0.032,0.537,0,0,eGFP3
2532,00:58:53,0.052,0.777,0,0,eGFP3
2533,00:58:53,0.063,0.623,0,0,eGFP3
2534,00:58:54,0.054,0.537,0,0,eGFP3
2535,00:58:54,0.041,0.480,0,0,eGFP3
2536,00:58:55,0.053,0.700,0,0,eGFP3
2537,00:58:56,0.053,0.645,0,0,eGFP3
2538,00:58:57,0.053,0.986,0,0,eGFP3
2539,00:58:57,0.068,0.683,0,0,eGFP3
2540,00:58:58,0.041,0.502,0,0,eGFP3
2541,00:58:59,0.053,0.832,0,0,eGFP3
2542,00:58:59,0.064,0.646,0,0,eGFP3
2543,00:59:00,0.041,0.568,0,0,eGFP3
2544,00:59:05,0.053,4.827,0,0,eGFP3
2545,00:59:05,0.097,0.788,0,0,eGFP3
2546,00:59:06,0.053,0.525,0,0,eGFP3
2547,00:59:06,0.044,0.516,0,0,eGFP3
2548,00:59:07,0.063,0.995,0,0,eGFP3
2549,00:59:08,0.064,0.734,0,0,eGFP3
2550,00:59:09,0.053,0.558,0,0,eGFP3
2551,00:59:09,0.042,0.448,0,0,eGFP3
2552,00:59:10,0.031,0.415,0,0,eGFP3
2553,00:59:10,0.043,0.569,0,0,eGFP3
2554,00:59:11,0.043,0.844,0,0,eGFP3
2555,00:59:12,0.055,0.647,0,0,eGFP3
2556,00:59:12,0.043,0.493,0,0,eGFP3
2557,00:59:13,0.042,0.426,0,0,eGFP3
2558,00:59:13,0.043,0.438,0,0,eGFP3
2559,00:59:14,0.042,0.569,0,0,eGFP3
2560,00:59:14,0.075,0.778,0,0,eGFP3
2561,00:59:15,0.055,0.582,0,0,eGFP3
2562,00:59:15,0.043,0.482,0,0,eGFP3
2563,00:59:16,0.033,0.472,0,0,eGFP3
2564,00:59:16,0.032,0.460,0,0,eGFP3
2565,00:59:17,0.042,0.635,0,0,eGFP3
2566,00:59:18,0.043,0.514,0,0,eGFP3
2567,00:59:18,0.043,0.460,0,0,eGFP3
2568,00:59:18,0.043,0.416,0,0,eGFP3
2569,00:59:19,0.032,0.405,0,0,eGFP3
2570,00:59:19,0.043,0.482,0,0,eGFP3
2571,00:59:20,0.053,0.745,0,0,eGFP3
2572,00:59:21,0.056,0.538,0,0,eGFP3
2573,00:59:21,0.043,0.548,0,0,eGFP3
2574,00:59:22,0.065,0.768,0,0,eGFP3
2575,00:59:23,0.066,0.615,0,0,eGFP3
2576,00:59:23,0.043,0.482,0,0,eGFP3
2577,00:59:23,0.043,0.482,0,0,eGFP3
2578,00:59:24,0.043,0.493,0,0,eGFP3
2579,00:59:24,0.043,0.493,0,0,eGFP3
2580,00:59:26,0.045,1.494,0,0,eGFP3
2581,00:59:27,0.076,0.768,0,0,eGFP3
2582,00:59:27,0.054,0.548,0,0,eGFP3
2583,00:59:28,0.032,0.460,0,0,eGFP3
2584,00:59:28,0.043,0.471,0,0,eGFP3
2585,00:59:29,0.044,0.724,0,0,eGFP3
2586,00:59:30,0.065,0.888,0,0,eGFP3
2587,00:59:31,0.071,1.102,0,0,eGFP3
2588,00:59:32,0.087,0.778,0,0,eGFP3
2589,00:59:32,0.043,0.603,0,0,eGFP3
2590,00:59:33,0.041,0.491,0,0,eGFP3
2591,00:59:33,0.041,0.469,0,0,eGFP3
2592,00:59:34,0.042,0.590,0,0,eGFP3
2593,00:59:34,0.042,0.547,0,0,eGFP3
2594,00:59:35,0.041,0.491,0,0,eGFP3
2595,00:59:35,0.042,0.470,0,0,eGFP3
2596,00:59:36,0.043,0.438,0,0,eGFP3
2597,00:59:37,0.063,0.897,0,0,eGFP3
2598,00:59:37,0.075,0.678,0,0,eGFP3
2599,00:59:38,0.053,0.536,0,0,eGFP3
2600,00:59:38,0.031,0.448,0,0,eGFP3
2601,00:59:39,0.030,0.392,0,0,eGFP3
2602,00:59:39,0.042,0.437,0,0,eGFP3
2603,00:59:40,0.033,0.472,0,0,eGFP3
2604,00:59:40,0.032,0.460,0,0,eGFP3
2605,00:59:41,0.042,0.711,0,0,eGFP3
2606,00:59:42,0.086,0.766,0,0,eGFP3
2607,00:59:42,0.042,0.503,0,0,eGFP3
2608,00:59:43,0.042,0.437,0,0,eGFP3
2609,00:59:43,0.042,0.415,0,0,eGFP3
2610,00:59:43,0.031,0.404,0,0,eGFP3
2611,00:59:44,0.042,0.635,0,0,eGFP3
2612,00:59:45,0.066,1.152,0,0,eGFP3
2613,00:59:51,0.163,5.496,0,0,eGFP3
2614,00:59:51,0.065,0.723,0,0,eGFP3
2615,00:59:52,0.042,0.547,0,0,eGFP3
2616,00:59:53,0.042,0.745,0,0,eGFP3
2617,00:59:55,0.066,2.765,0,0,eGFP3
2618,00:59:56,0.098,0.954,0,0,eGFP3
2619,00:59:57,0.064,0.678,0,0,eGFP3
2620,00:59:58,0.045,0.484,0,0,eGFP3
2621,00:59:58,0.042,0.426,0,0,eGFP3
2622,00:59:59,0.032,0.701,0,0,eGFP3
2623,01:00:00,0.064,0.920,0,0,eGFP3
2624,01:00:00,0.054,0.734,0,0,eGFP3
2625,01:00:01,0.054,0.570,0,0,eGFP3
2626,01:00:01,0.031,0.481,0,0,eGFP3
2627,01:00:02,0.043,0.416,0,0,eGFP3
2628,01:00:02,0.033,0.385,0,0,eGFP3
2629,01:00:03,0.031,0.382,0,0,eGFP3
2630,01:00:03,0.032,0.537,0,0,eGFP3
2631,01:00:04,0.077,0.802,0,0,eGFP3
2632,01:00:04,0.053,0.547,0,0,eGFP3
2633,01:00:05,0.032,0.427,0,0,eGFP3
2634,01:00:05,0.043,0.405,0,0,eGFP3
2635,01:00:06,0.032,0.416,0,0,eGFP3
2636,01:00:06,0.054,0.767,0,0,eGFP3
2637,01:00:07,0.089,0.835,0,0,eGFP3
2638,01:00:08,0.043,0.581,0,0,eGFP3
2639,01:00:08,0.043,0.471,0,0,eGFP3
2640,01:00:09,0.043,0.998,0,0,eGFP3
2641,01:00:12,0.109,2.468,0,0,eGFP3
2642,01:00:13,0.109,0.976,0,0,eGFP3
2643,01:00:13,0.065,0.559,0,0,eGFP3
2644,01:00:14,0.045,0.473,0,0,eGFP3
2645,01:00:15,0.045,0.781,0,0,eGFP3
2646,01:00:15,0.065,0.756,0,0,eGFP3
2647,01:00:16,0.044,0.493,0,0,eGFP3
2648,01:00:16,0.044,0.428,0,0,eGFP3
2649,01:00:17,0.032,0.383,0,0,eGFP3
2650,01:00:17,0.038,0.631,0,0,eGFP3
2651,01:00:20,0.162,3.070,0,0,eGFP3
2652,01:00:21,0.085,0.765,0,0,eGFP3
2653,01:00:22,0.054,0.625,0,0,eGFP3
2654,01:00:22,0.041,0.502,0,0,eGFP3
2655,01:00:23,0.041,0.491,0,0,eGFP3
2656,01:00:23,0.042,0.546,0,0,eGFP3
2657,01:00:24,0.031,0.481,0,0,eGFP3
2658,01:00:24,0.043,0.734,0,0,eGFP3
2659,01:00:25,0.053,0.678,0,0,eGFP3
2660,01:00:26,0.052,0.678,0,0,eGFP3
2661,01:00:26,0.043,0.614,0,0,eGFP3
2662,01:00:27,0.041,0.579,0,0,eGFP3
2663,01:00:28,0.042,0.634,0,0,eGFP3
2664,01:00:28,0.042,0.602,0,0,eGFP3
2665,01:00:29,0.052,0.612,0,0,eGFP3
2666,01:00:30,0.042,0.634,0,0,eGFP3
2667,01:00:30,0.053,0.876,0,0,eGFP3
2668,01:01:14,0.086,43.466,0,0,eGFP3
2669,01:01:15,0.077,0.955,0,0,eGFP3
2670,01:01:16,0.064,0.755,0,0,eGFP3
2671,01:01:16,0.053,0.547,0,0,eGFP3
2672,01:01:17,0.043,0.680,0,0,eGFP3
2673,01:01:18,0.097,1.073,0,0,eGFP3
2674,01:01:18,0.053,0.602,0,0,eGFP3
2675,01:01:19,0.042,0.481,0,0,eGFP3
2676,01:01:19,0.031,0.415,0,0,eGFP3
2677,01:01:20,0.033,0.450,0,0,eGFP3
2678,01:01:21,0.042,0.876,0,0,eGFP3
2679,01:01:22,0.075,0.866,0,0,eGFP3
2680,01:01:22,0.043,0.559,0,0,eGFP3
2681,01:01:23,0.053,0.547,0,0,eGFP3
2682,01:01:23,0.042,0.756,0,0,eGFP3
2683,01:01:24,0.053,0.667,0,0,eGFP3
2684,01:01:25,0.043,0.515,0,0,eGFP3
2685,01:01:25,0.044,0.603,0,0,eGFP3
2686,01:01:26,0.048,1.201,0,0,eGFP3
2687,01:01:29,0.108,2.643,0,0,eGFP3
2688,01:01:30,0.075,1.151,0,0,eGFP3
2689,01:01:35,0.075,5.211,0,0,eGFP3
2690,01:01:36,0.087,0.756,0,0,eGFP3
2691,01:01:37,0.043,0.701,0,0,eGFP3
2692,01:01:37,0.054,0.603,0,0,eGFP3
2693,01:01:38,0.044,0.538,0,0,eGFP3
2694,01:01:38,0.043,0.449,0,0,eGFP3
2695,01:01:39,0.043,0.416,0,0,eGFP3
2696,01:01:39,0.032,0.394,0,0,eGFP3
2697,01:01:40,0.043,0.416,0,0,eGFP3
2698,01:01:40,0.032,0.679,0,0,eGFP3
2699,01:01:41,0.065,0.614,0,0,eGFP3
2700,01:01:41,0.034,0.473,0,0,eGFP3
2701,01:01:42,0.043,0.449,0,0,eGFP3
2702,01:01:42,0.034,0.539,0,0,eGFP3
2703,01:01:43,0.054,0.855,0,0,eGFP3
2704,01:01:45,0.065,1.228,0,0,eGFP3
2705,01:01:45,0.098,0.866,0,0,eGFP3
2706,01:01:46,0.054,0.757,0,0,eGFP3
2707,01:01:48,0.065,1.601,0,0,eGFP3
2708,01:01:51,0.208,2.853,0,0,eGFP3
2709,01:01:51,0.087,0.801,0,0,eGFP3
2710,01:01:52,0.056,0.561,0,0,eGFP3
2711,01:01:52,0.043,0.493,0,0,eGFP3
2712,01:01:53,0.033,0.526,0,0,eGFP3
2713,01:01:54,0.049,0.532,0,0,eGFP3
2714,01:01:54,0.043,0.471,0,0,eGFP3
2715,01:01:55,0.041,0.623,0,0,eGFP3
2716,01:01:56,0.107,1.051,0,0,eGFP3
2717,01:01:56,0.052,0.721,0,0,eGFP3
2718,01:01:57,0.043,0.515,0,0,eGFP3
2719,01:01:57,0.042,0.481,0,0,eGFP3
2720,01:01:58,0.041,0.743,0,0,eGFP3
2721,01:01:59,0.053,0.777,0,0,eGFP3
2722,01:02:00,0.042,0.711,0,0,eGFP3
2723,01:02:01,0.053,1.040,0,0,eGFP3
2724,01:02:04,0.075,3.696,0,0,eGFP3
2725,01:02:05,0.075,0.986,0,0,eGFP3
2726,01:02:09,0.076,3.741,0,0,eGFP3
2727,01:02:10,0.132,0.988,0,0,eGFP3
2728,01:02:11,0.042,0.535,0,0,eGFP3
2729,01:02:11,0.042,0.426,0,0,eGFP3
2730,01:02:11,0.042,0.459,0,0,eGFP3
2731,01:02:12,0.031,0.415,0,0,eGFP3
2732,01:02:12,0.031,0.492,0,0,eGFP3
2733,01:02:13,0.064,0.689,0,0,eGFP3
2734,01:02:14,0.044,0.472,0,0,eGFP3
2735,01:02:14,0.042,0.404,0,0,eGFP3
2736,01:02:14,0.042,0.382,0,0,eGFP3
2737,01:02:15,0.042,0.558,0,0,eGFP3
2738,01:02:16,0.086,0.964,0,0,eGFP3
2739,01:02:16,0.053,0.591,0,0,eGFP3
2740,01:02:17,0.031,0.437,0,0,eGFP3
2741,01:02:17,0.033,0.395,0,0,eGFP3
2742,01:02:18,0.033,0.373,0,0,eGFP3
2743,01:02:18,0.031,0.679,0,0,eGFP3
2744,01:02:19,0.086,0.766,0,0,eGFP3
2745,01:02:20,0.043,0.569,0,0,eGFP3
2746,01:02:20,0.043,0.493,0,0,eGFP3
2747,01:02:21,0.042,0.470,0,0,eGFP3
2748,01:02:21,0.043,0.471,0,0,eGFP3
2749,01:02:48,0.031,27.356,0,0,eGFP3
2750,01:02:50,0.308,1.252,0,0,eGFP3
2751,01:02:50,0.054,0.745,0,0,eGFP3
2752,01:02:52,0.592,1.184,0,0,eGFP3
2753,01:02:53,0.285,0.932,0,0,eGFP3
2754,01:02:55,0.153,2.567,0,0,eGFP3
2755,01:02:56,0.088,0.857,0,0,eGFP3
2756,01:02:57,0.054,0.602,0,0,eGFP3
2757,01:02:57,0.032,0.471,0,0,eGFP3
2758,01:02:58,0.045,0.495,0,0,eGFP3
2759,01:02:58,0.043,0.548,0,0,eGFP3
2760,01:02:59,0.053,0.514,0,0,eGFP3
2761,01:02:59,0.041,0.425,0,0,eGFP3
2762,01:02:59,0.041,0.392,0,0,eGFP3
2763,01:03:00,0.030,0.590,0,0,eGFP3
2764,01:03:01,0.052,0.787,0,0,eGFP3
2765,01:03:01,0.042,0.524,0,0,eGFP3
2766,01:03:02,0.042,0.448,0,0,eGFP3
2767,01:03:02,0.043,0.580,0,0,eGFP3
2768,01:03:03,0.075,0.909,0,0,eGFP3
2769,01:03:04,0.054,0.646,0,0,eGFP3
2770,01:03:05,0.042,0.612,0,0,eGFP3
2771,01:03:05,0.031,0.492,0,0,eGFP3
2772,01:03:06,0.030,0.502,0,0,eGFP3
2773,01:03:07,0.064,1.008,0,0,eGFP3
2774,01:03:13,0.063,6.044,0,0,eGFP3
2775,01:03:14,0.087,1.459,0,0,eGFP3
2776,01:03:19,0.074,5.079,0,0,eGFP3
2777,01:03:20,0.074,0.700,0,0,eGFP3
2778,01:03:20,0.042,0.503,0,0,eGFP3
2779,01:03:21,0.031,0.634,0,0,eGFP3
2780,01:03:22,0.064,0.613,0,0,eGFP3
2781,01:03:22,0.042,0.502,0,0,eGFP3
2782,01:03:22,0.042,0.426,0,0,eGFP3
2783,01:03:23,0.035,0.397,0,0,eGFP3
2784,01:03:23,0.042,0.393,0,0,eGFP3
2785,01:03:24,0.031,0.393,0,0,eGFP3
2786,01:03:24,0.042,0.558,0,0,eGFP3
2787,01:03:26,0.064,1.721,0,0,eGFP3
2788,01:03:29,0.141,2.939,0,0,eGFP3
2789,01:03:30,0.086,0.888,0,0,eGFP3
2790,01:03:30,0.053,0.580,0,0,eGFP3
2791,01:03:31,0.033,0.483,0,0,eGFP3
2792,01:03:31,0.040,0.577,0,0,eGFP3
2793,01:03:32,0.054,0.932,0,0,eGFP3
2794,01:03:33,0.053,0.843,0,0,eGFP3
2795,01:03:36,0.053,2.753,0,0,eGFP3
2796,01:03:37,0.075,0.931,0,0,eGFP3
2797,01:03:38,0.055,0.747,0,0,eGFP3
2798,01:03:38,0.053,0.580,0,0,eGFP3
2799,01:03:39,0.044,0.483,0,0,eGFP3
2800,01:03:39,0.043,0.778,0,0,eGFP3
2801,01:03:41,0.108,1.502,0,0,eGFP3
2802,01:03:42,0.098,1.524,0,0,eGFP3
2803,01:03:44,0.087,1.162,0,0,eGFP3
2804,01:03:44,0.065,0.756,0,0,eGFP3
2805,01:03:45,0.047,0.640,0,0,eGFP3
2806,01:03:46,0.043,0.537,0,0,eGFP3
2807,01:03:46,0.033,0.483,0,0,eGFP3
2808,01:03:47,0.043,1.239,0,0,eGFP3
2809,01:03:48,0.076,0.943,0,0,eGFP3
2810,01:03:49,0.067,0.627,0,0,eGFP3
2811,01:03:49,0.032,0.482,0,0,eGFP3
2812,01:03:50,0.043,0.438,0,0,eGFP3
2813,01:03:50,0.043,0.438,0,0,eGFP3
2814,01:03:51,0.043,0.427,0,0,eGFP3
2815,01:03:51,0.045,0.418,0,0,eGFP3
2816,01:03:52,0.032,0.438,0,0,eGFP3
2817,01:03:52,0.044,0.911,0,0,eGFP3
2818,01:03:54,0.109,1.217,0,0,eGFP3
2819,01:03:55,0.076,1.064,0,0,eGFP3
2820,01:03:56,0.087,0.822,0,0,eGFP3
2821,01:03:56,0.055,0.571,0,0,eGFP3
2822,01:03:57,0.043,0.504,0,0,eGFP3
2823,01:03:57,0.046,0.550,0,0,eGFP3
2824,01:03:58,0.052,0.568,0,0,eGFP3
2825,01:03:58,0.041,0.513,0,0,eGFP3
2826,01:03:59,0.052,0.535,0,0,eGFP3
2827,01:03:59,0.041,0.502,0,0,eGFP3
2828,01:04:01,0.041,1.984,0,0,eGFP3
2829,01:04:02,0.085,0.798,0,0,eGFP3
2830,01:04:03,0.042,0.514,0,0,eGFP3
2831,01:04:03,0.041,0.458,0,0,eGFP3
2832,01:04:04,0.032,0.526,0,0,eGFP3
2833,01:04:04,0.052,0.590,0,0,eGFP3
2834,01:04:05,0.042,0.459,0,0,eGFP3
2835,01:04:05,0.030,0.414,0,0,eGFP3
2836,01:04:06,0.031,0.678,0,0,eGFP3
2837,01:04:07,0.141,1.326,0,0,eGFP3
2838,01:04:08,0.054,0.680,0,0,eGFP3
2839,01:04:08,0.042,0.557,0,0,eGFP3
2840,01:04:09,0.044,0.538,0,0,eGFP3
2841,01:04:10,0.052,0.952,0,0,eGFP3
2842,01:04:11,0.097,1.107,0,0,eGFP3
2843,01:04:12,0.085,0.919,0,0,eGFP3
2844,01:04:12,0.053,0.646,0,0,eGFP3
2845,01:04:13,0.053,0.525,0,0,eGFP3
2846,01:04:14,0.053,0.557,0,0,eGFP3
2847,01:04:14,0.053,0.646,0,0,eGFP3
2848,01:04:15,0.066,0.614,0,0,eGFP3
2849,01:04:15,0.042,0.492,0,0,eGFP3
2850,01:04:16,0.042,0.756,0,0,eGFP3
2851,01:04:17,0.064,0.755,0,0,eGFP3
2852,01:04:17,0.044,0.593,0,0,eGFP3
2853,01:04:18,0.031,0.459,0,0,eGFP3
2854,01:04:18,0.042,0.415,0,0,eGFP3
2855,01:04:19,0.032,0.580,0,0,eGFP3
2856,01:04:21,0.055,2.075,0,0,eGFP3
2857,01:04:22,0.075,0.700,0,0,eGFP3
2858,01:04:22,0.043,0.493,0,0,eGFP3
2859,01:04:22,0.031,0.415,0,0,eGFP3
2860,01:04:23,0.032,0.756,0,0,eGFP3
2861,01:04:24,0.064,0.690,0,0,eGFP3
2862,01:04:24,0.042,0.514,0,0,eGFP3
2863,01:04:25,0.032,0.657,0,0,eGFP3
2864,01:04:26,0.078,0.923,0,0,eGFP3
2865,01:04:27,0.064,0.887,0,0,eGFP3
2866,01:04:28,0.045,0.725,0,0,eGFP3
2867,01:04:28,0.054,0.625,0,0,eGFP3
2868,01:04:29,0.053,0.514,0,0,eGFP3
2869,01:04:29,0.032,0.548,0,0,eGFP3
2870,01:04:30,0.054,1.063,0,0,eGFP3
2871,01:04:31,0.065,0.734,0,0,eGFP3
2872,01:04:32,0.056,0.616,0,0,eGFP3
2873,01:04:32,0.043,0.690,0,0,eGFP3
2874,01:04:33,0.065,0.614,0,0,eGFP3
2875,01:04:34,0.032,0.591,0,0,eGFP3
2876,01:04:34,0.043,0.559,0,0,eGFP3
2877,01:04:35,0.043,0.548,0,0,eGFP3
2878,01:04:35,0.032,0.471,0,0,eGFP3
2879,01:04:36,0.043,0.570,0,0,eGFP3
2880,01:04:41,0.036,4.711,0,0,eGFP3
2881,01:04:42,0.076,1.810,0,0,eGFP3
2882,01:04:43,0.098,1.163,0,0,eGFP3
2883,01:04:45,0.065,1.108,0,0,eGFP3
2884,01:04:47,0.065,2.754,0,0,eGFP3
2885,01:04:48,0.065,0.866,0,0,eGFP3
2886,01:04:49,0.055,0.658,0,0,eGFP3
2887,01:04:49,0.044,0.527,0,0,eGFP3
2888,01:04:50,0.038,0.455,0,0,eGFP3
2889,01:04:50,0.042,0.525,0,0,eGFP3
2890,01:07:47,0.063,176.415,0,0,eGFP3
2891,01:07:48,0.108,0.854,0,0,eGFP3
2892,01:07:48,0.052,0.568,0,0,eGFP3
2893,01:07:54,0.043,5.859,0,0,eGFP3
2894,01:07:55,0.086,0.755,0,0,eGFP3
2895,01:07:55,0.042,0.547,0,0,eGFP3
2896,01:07:56,0.041,0.480,0,0,eGFP3
2897,01:07:56,0.043,0.471,0,0,eGFP3
2898,01:07:57,0.075,0.701,0,0,eGFP3
2899,01:07:58,0.052,0.502,0,0,eGFP3
2900,01:07:58,0.042,0.722,0,0,eGFP3
2901,01:07:59,0.064,0.755,0,0,eGFP3
2902,01:08:00,0.053,0.711,0,0,eGFP3
2903,01:08:00,0.097,0.799,0,0,eGFP3
2904,01:08:01,0.053,0.514,0,0,eGFP3
2905,01:08:01,0.044,0.472,0,0,eGFP3
2906,01:08:02,0.031,0.426,0,0,eGFP3
2907,01:08:02,0.033,0.439,0,0,eGFP3
2908,01:08:03,0.031,0.524,0,0,eGFP3
2909,01:08:04,0.053,1.271,0,0,eGFP3
2910,01:08:05,0.064,0.668,0,0,eGFP3
2911,01:08:05,0.042,0.503,0,0,eGFP3
2912,01:08:06,0.042,0.459,0,0,eGFP3
2913,01:08:06,0.033,0.417,0,0,eGFP3
2914,01:08:07,0.031,0.613,0,0,eGFP3
2915,01:08:07,0.064,0.602,0,0,eGFP3
2916,01:08:12,0.042,4.782,0,0,eGFP3
2917,01:08:14,0.174,1.371,0,0,eGFP3
2918,01:08:16,0.086,2.643,0,0,eGFP3
2919,01:08:18,0.558,2.215,0,0,eGFP3
2920,01:08:21,0.174,2.479,0,0,eGFP3
2921,01:08:21,0.057,0.594,0,0,eGFP3
2922,01:08:22,0.043,0.460,0,0,eGFP3
2923,01:08:22,0.031,0.415,0,0,eGFP3
2924,01:08:23,0.032,0.438,0,0,eGFP3
2925,01:08:23,0.043,0.460,0,0,eGFP3
2926,01:08:24,0.031,0.426,0,0,eGFP3
2927,01:08:24,0.043,0.416,0,0,eGFP3
2928,01:08:24,0.032,0.372,0,0,eGFP3
2929,01:08:25,0.033,0.352,0,0,eGFP3
2930,01:08:25,0.031,0.371,0,0,eGFP3
2931,01:08:26,0.032,0.427,0,0,eGFP3
2932,01:08:26,0.043,0.482,0,0,eGFP3
2933,01:08:27,0.054,0.613,0,0,eGFP3
2934,01:08:27,0.043,0.482,0,0,eGFP3
2935,01:08:28,0.034,0.681,0,0,eGFP3
2936,01:08:29,0.054,0.647,0,0,eGFP3
2937,01:08:29,0.034,0.506,0,0,eGFP3
2938,01:08:30,0.042,0.591,0,0,eGFP3
2939,01:08:31,0.054,1.459,0,0,eGFP3
2940,01:08:38,0.120,7.165,0,0,eGFP3
2941,01:08:54,0.120,15.396,0,0,eGFP3
2942,01:08:55,0.120,0.899,0,0,eGFP3
2943,01:08:55,0.043,0.537,0,0,eGFP3
2944,01:08:56,0.043,0.471,0,0,eGFP3
2945,01:08:56,0.035,0.430,0,0,eGFP3
2946,01:08:56,0.032,0.394,0,0,eGFP3
2947,01:08:57,0.033,0.373,0,0,eGFP3
2948,01:08:57,0.032,0.504,0,0,eGFP3
2949,01:08:59,0.045,1.428,0,0,eGFP3
2950,01:09:02,0.098,3.116,0,0,eGFP3
2951,01:09:03,0.105,1.224,0,0,eGFP3
2952,01:09:04,0.074,0.645,0,0,eGFP3
2953,01:09:04,0.041,0.502,0,0,eGFP3
2954,01:09:05,0.040,0.644,0,0,eGFP3
2955,01:09:06,0.107,1.424,0,0,eGFP3
2956,01:09:11,0.074,4.288,0,0,eGFP3
2957,01:09:12,0.140,1.062,0,0,eGFP3
2958,01:09:12,0.052,0.557,0,0,eGFP3
2959,01:09:13,0.042,0.448,0,0,eGFP3
2960,01:09:13,0.041,0.414,0,0,eGFP3
2961,01:09:13,0.042,0.448,0,0,eGFP3
2962,01:09:14,0.043,0.438,0,0,eGFP3
2963,01:09:14,0.029,0.403,0,0,eGFP3
2964,01:09:15,0.030,0.535,0,0,eGFP3
2965,01:09:16,0.097,1.293,0,0,eGFP3
2966,01:09:17,0.074,1.018,0,0,eGFP3
2967,01:09:18,0.064,0.733,0,0,eGFP3
2968,01:09:18,0.053,0.580,0,0,eGFP3
2969,01:09:19,0.041,0.623,0,0,eGFP3
2970,01:09:20,0.044,0.526,0,0,eGFP3
2971,01:09:21,0.042,0.909,0,0,eGFP3
2972,01:09:24,0.086,3.576,0,0,eGFP3
2973,01:09:25,0.129,0.898,0,0,eGFP3
2974,01:09:26,0.053,0.536,0,0,eGFP3
2975,01:09:26,0.031,0.415,0,0,eGFP3
2976,01:09:26,0.032,0.406,0,0,eGFP3
2977,01:09:27,0.031,0.393,0,0,eGFP3
2978,01:09:27,0.033,0.472,0,0,eGFP3
2979,01:09:28,0.042,0.459,0,0,eGFP3
2980,01:09:28,0.031,0.558,0,0,eGFP3
2981,01:09:29,0.064,0.569,0,0,eGFP3
2982,01:09:29,0.042,0.557,0,0,eGFP3
2983,01:09:30,0.043,0.580,0,0,eGFP3
2984,01:09:37,0.087,7.406,0,0,eGFP3
2985,01:09:38,0.163,1.063,0,0,eGFP3
2986,01:09:39,0.056,0.604,0,0,eGFP3
2987,01:09:40,0.087,0.987,0,0,eGFP3
2988,01:09:44,0.130,4.245,0,0,eGFP3
2989,01:09:45,0.108,0.866,0,0,eGFP3
2990,01:09:47,0.066,1.745,0,0,eGFP3
2991,01:09:48,0.196,1.107,0,0,eGFP3
2992,01:09:49,0.076,1.118,0,0,eGFP3
2993,01:09:56,0.120,6.836,0,0,eGFP3
2994,01:09:57,0.077,0.670,0,0,eGFP3
2995,01:09:57,0.043,0.471,0,0,eGFP3
2996,01:09:57,0.032,0.416,0,0,eGFP3
2997,01:09:58,0.032,0.405,0,0,eGFP3
2998,01:09:58,0.031,0.427,0,0,eGFP3
2999,01:09:59,0.042,0.448,0,0,eGFP3
3000,01:09:59,0.032,0.449,0,0,eGFP3
3001,01:10:00,0.032,0.405,0,0,eGFP3
3002,01:10:00,0.034,0.396,0,0,eGFP3
3003,01:10:00,0.032,0.383,0,0,eGFP3
3004,01:10:01,0.034,0.396,0,0,eGFP3
3005,01:10:01,0.033,0.537,0,0,eGFP3
3006,01:10:12,0.043,10.666,0,0,eGFP3
3007,01:10:13,0.066,0.801,0,0,eGFP3
3008,01:10:13,0.038,0.598,0,0,eGFP3
3009,01:10:14,0.043,0.482,0,0,eGFP3
3010,01:10:14,0.034,0.429,0,0,eGFP3
3011,01:10:15,0.033,0.439,0,0,eGFP3
3012,01:10:15,0.043,0.679,0,0,eGFP3
3013,01:10:16,0.044,0.603,0,0,eGFP3
3014,01:10:16,0.033,0.439,0,0,eGFP3
3015,01:10:17,0.038,0.444,0,0,eGFP3
3016,01:10:18,0.041,1.226,0,0,eGFP3
3017,01:10:19,0.085,0.865,0,0,eGFP3
3018,01:10:20,0.064,0.679,0,0,eGFP3
3019,01:10:20,0.043,0.526,0,0,eGFP3
3020,01:10:21,0.030,0.557,0,0,eGFP3
3021,01:10:21,0.041,0.568,0,0,eGFP3
3022,01:10:22,0.041,0.711,0,0,eGFP3
3023,01:10:23,0.063,0.941,0,0,eGFP3
3024,01:10:24,0.085,1.040,0,0,eGFP3
3025,01:10:25,0.075,1.194,0,0,eGFP3
3026,01:10:26,0.118,1.084,0,0,eGFP3
3027,01:10:28,0.438,1.656,0,0,eGFP3
3028,01:10:29,0.130,1.293,0,0,eGFP3
3029,01:10:30,0.086,0.733,0,0,eGFP3
3030,01:10:30,0.053,0.503,0,0,eGFP3
3031,01:10:31,0.042,0.448,0,0,eGFP3
3032,01:10:31,0.043,0.460,0,0,eGFP3
3033,01:10:32,0.042,0.569,0,0,eGFP3
3034,01:10:33,0.063,0.568,0,0,eGFP3
3035,01:10:33,0.044,0.472,0,0,eGFP3
3036,01:10:34,0.041,0.590,0,0,eGFP3
3037,01:10:42,0.086,8.843,0,0,eGFP3
3038,01:10:43,0.119,0.898,0,0,eGFP3
3039,01:10:44,0.053,0.569,0,0,eGFP3
3040,01:10:44,0.032,0.492,0,0,eGFP3
3041,01:10:45,0.042,0.449,0,0,eGFP3
3042,01:10:45,0.042,0.415,0,0,eGFP3
3043,01:10:46,0.044,0.406,0,0,eGFP3
3044,01:10:46,0.031,0.371,0,0,eGFP3
3045,01:10:46,0.032,0.394,0,0,eGFP3
3046,01:10:47,0.030,0.381,0,0,eGFP3
3047,01:10:47,0.031,0.394,0,0,eGFP3
3048,01:10:48,0.042,0.404,0,0,eGFP3
3049,01:10:48,0.031,0.591,0,0,eGFP3
3050,01:10:49,0.064,0.975,0,0,eGFP3
3051,01:10:50,0.110,0.999,0,0,eGFP3
3052,01:10:52,0.591,1.666,0,0,eGFP3
3053,01:10:53,0.054,0.833,0,0,eGFP3
3054,01:10:53,0.054,0.668,0,0,eGFP3
3055,01:10:54,0.043,0.559,0,0,eGFP3
3056,01:10:55,0.042,0.646,0,0,eGFP3
3057,01:10:55,0.032,0.504,0,0,eGFP3
3058,01:10:55,0.042,0.459,0,0,eGFP3
3059,01:10:56,0.040,0.501,0,0,eGFP3
3060,01:10:57,0.042,0.898,0,0,eGFP3
3061,01:10:58,0.065,0.647,0,0,eGFP3
3062,01:10:58,0.043,0.569,0,0,eGFP3
3063,01:10:59,0.087,1.195,0,0,eGFP3
3064,01:11:04,0.087,4.477,0,0,eGFP3
3065,01:11:05,0.076,0.767,0,0,eGFP3
3066,01:11:05,0.054,0.559,0,0,eGFP3
3067,01:11:06,0.034,0.440,0,0,eGFP3
3068,01:11:06,0.043,0.417,0,0,eGFP3
3069,01:11:07,0.043,0.668,0,0,eGFP3
3070,01:11:07,0.044,0.592,0,0,eGFP3
3071,01:11:08,0.033,0.779,0,0,eGFP3
3072,01:11:09,0.054,0.987,0,0,eGFP3
3073,01:12:03,0.111,54.092,0,0,eGFP3
3074,01:12:04,0.077,0.845,0,0,eGFP3
3075,01:12:04,0.057,0.540,0,0,eGFP3
3076,01:12:05,0.043,0.504,0,0,eGFP3
3077,01:12:06,0.055,0.823,0,0,eGFP3
3078,01:12:06,0.059,0.640,0,0,eGFP3
3079,01:12:07,0.042,0.470,0,0,eGFP3
3080,01:12:07,0.052,0.524,0,0,eGFP3
3081,01:12:08,0.041,0.535,0,0,eGFP3
3082,01:12:14,0.053,6.396,0,0,eGFP3
3083,01:12:19,0.085,5.001,0,0,eGFP3
3084,01:12:20,0.109,0.790,0,0,eGFP3
3085,01:12:21,0.063,0.678,0,0,eGFP3
3086,01:12:22,0.052,0.744,0,0,eGFP3
3087,01:12:22,0.054,0.592,0,0,eGFP3
3088,01:12:23,0.052,0.524,0,0,eGFP3
3089,01:12:23,0.042,0.448,0,0,eGFP3
3090,01:12:24,0.031,0.437,0,0,eGFP3
3091,01:12:24,0.030,0.645,0,0,eGFP3
3092,01:12:27,0.065,2.666,0,0,eGFP3
3093,01:12:32,0.130,5.266,0,0,eGFP3
3094,01:12:33,0.085,0.777,0,0,eGFP3
3095,01:12:34,0.097,0.953,0,0,eGFP3
3096,01:16:54,0.140,260.499,0,0,eGFP3
3097,01:17:01,0.097,6.188,0,0,eGFP3
3098,01:17:01,0.075,0.689,0,0,eGFP3
3099,01:17:02,0.053,0.591,0,0,eGFP3
3100,01:17:03,0.055,1.306,0,0,eGFP3
3101,01:17:04,0.143,0.999,0,0,eGFP3
3102,01:17:05,0.053,0.602,0,0,eGFP3
3103,01:17:05,0.042,0.481,0,0,eGFP3
3104,01:17:07,0.042,1.941,0,0,eGFP3
3105,01:17:08,0.152,1.227,0,0,eGFP3
3106,01:17:09,0.064,0.635,0,0,eGFP3
3107,01:17:10,0.042,0.492,0,0,eGFP3
3108,01:17:10,0.045,0.648,0,0,eGFP3
3109,01:17:11,0.065,0.899,0,0,eGFP3
3110,01:17:12,0.064,0.689,0,0,eGFP3
3111,01:17:12,0.054,0.548,0,0,eGFP3
3112,01:17:13,0.031,0.459,0,0,eGFP3
3113,01:17:13,0.043,0.493,0,0,eGFP3
3114,01:17:14,0.031,0.492,0,0,eGFP3
3115,01:17:14,0.034,0.462,0,0,eGFP3
3116,01:17:15,0.033,0.615,0,0,eGFP3
3117,01:17:19,0.097,4.520,0,0,eGFP3
3118,01:17:20,0.152,0.832,0,0,eGFP3
3119,01:17:25,0.153,4.521,0,0,eGFP3
3120,01:17:26,0.141,0.986,0,0,eGFP3
3121,01:17:26,0.043,0.581,0,0,eGFP3
3122,01:17:27,0.032,0.493,0,0,eGFP3
3123,01:17:27,0.043,0.723,0,0,eGFP3
3124,01:17:28,0.056,0.572,0,0,eGFP3
3125,01:17:29,0.032,0.559,0,0,eGFP3
3126,01:17:29,0.054,0.745,0,0,eGFP3
3127,01:17:30,0.054,0.570,0,0,eGFP3
3128,01:17:30,0.045,0.495,0,0,eGFP3
3129,01:17:33,0.043,2.205,0,0,eGFP3
3130,01:17:33,0.087,0.855,0,0,eGFP3
3131,01:17:34,0.054,0.680,0,0,eGFP3
3132,01:17:35,0.045,0.528,0,0,eGFP3
3133,01:17:35,0.032,0.482,0,0,eGFP3
3134,01:17:36,0.043,1.251,0,0,eGFP3
3135,01:17:37,0.076,0.997,0,0,eGFP3
3136,01:17:38,0.066,0.713,0,0,eGFP3
3137,01:17:39,0.044,0.548,0,0,eGFP3
3138,01:17:39,0.044,0.549,0,0,eGFP3
3139,01:17:40,0.065,1.075,0,0,eGFP3
3140,01:17:41,0.067,0.912,0,0,eGFP3
3141,01:17:42,0.049,0.774,0,0,eGFP3
3142,01:17:43,0.053,0.690,0,0,eGFP3
3143,01:17:43,0.041,0.601,0,0,eGFP3
3144,01:17:44,0.041,0.491,0,0,eGFP3
3145,01:17:44,0.042,0.448,0,0,eGFP3
3146,01:17:45,0.030,0.403,0,0,eGFP3
3147,01:17:45,0.042,0.415,0,0,eGFP3
3148,01:17:45,0.030,0.414,0,0,eGFP3
3149,01:17:46,0.032,0.548,0,0,eGFP3
3150,01:17:47,0.064,0.942,0,0,eGFP3
3151,01:17:48,0.052,0.678,0,0,eGFP3
3152,01:17:48,0.052,0.568,0,0,eGFP3
3153,01:17:49,0.042,0.481,0,0,eGFP3
3154,01:17:49,0.031,0.404,0,0,eGFP3
3155,01:17:50,0.041,0.557,0,0,eGFP3
3156,01:19:36,0.055,106.316,0,0,eGFP3
3157,01:19:37,0.340,0.944,0,0,eGFP3
3158,01:19:55,0.206,17.874,0,0,eGFP3
3159,01:19:56,0.152,1.403,0,0,eGFP3
3160,01:19:57,0.064,0.668,0,0,eGFP3
3161,01:19:57,0.053,0.536,0,0,eGFP3
3162,01:19:58,0.042,0.514,0,0,eGFP3
3163,01:19:58,0.042,0.514,0,0,eGFP3
3164,01:19:59,0.042,0.481,0,0,eGFP3
3165,01:20:00,0.044,0.637,0,0,eGFP3
3166,01:20:00,0.075,0.635,0,0,eGFP3
3167,01:20:01,0.053,0.514,0,0,eGFP3
3168,01:20:01,0.042,0.602,0,0,eGFP3
3169,01:20:02,0.086,0.865,0,0,eGFP3
3170,01:20:03,0.066,0.856,0,0,eGFP3
3171,01:20:04,0.087,0.975,0,0,eGFP3
3172,01:20:05,0.054,0.734,0,0,eGFP3
3173,01:20:05,0.055,0.769,0,0,eGFP3
3174,01:20:06,0.053,0.734,0,0,eGFP3
3175,01:20:07,0.075,0.690,0,0,eGFP3
3176,01:20:07,0.053,0.503,0,0,eGFP3
3177,01:20:08,0.043,0.471,0,0,eGFP3
3178,01:20:08,0.031,0.481,0,0,eGFP3
3179,01:20:09,0.032,0.470,0,0,eGFP3
3180,01:20:09,0.032,0.427,0,0,eGFP3
3181,01:20:10,0.034,0.440,0,0,eGFP3
3182,01:20:10,0.053,0.767,0,0,eGFP3
3183,01:20:11,0.054,0.602,0,0,eGFP3
3184,01:20:12,0.056,0.649,0,0,eGFP3
3185,01:20:12,0.053,0.701,0,0,eGFP3
3186,01:20:13,0.065,0.591,0,0,eGFP3
3187,01:20:13,0.043,0.515,0,0,eGFP3
3188,01:20:14,0.043,0.657,0,0,eGFP3
3189,01:20:15,0.078,0.956,0,0,eGFP3
3190,01:20:28,0.076,12.707,0,0,eGFP3
3191,01:20:29,0.131,1.042,0,0,eGFP3
3192,01:20:30,0.065,0.724,0,0,eGFP3
3193,01:20:30,0.043,0.515,0,0,eGFP3
3194,01:20:33,0.043,3.303,0,0,eGFP3
3195,01:20:35,0.109,1.700,0,0,eGFP3
3196,01:20:36,0.153,0.987,0,0,eGFP3
3197,01:20:37,0.056,0.561,0,0,eGFP3
3198,01:20:37,0.035,0.474,0,0,eGFP3
3199,01:20:38,0.043,0.438,0,0,eGFP3
3200,01:20:38,0.032,0.406,0,0,eGFP3
3201,01:20:38,0.032,0.405,0,0,eGFP3
3202,01:20:39,0.033,0.428,0,0,eGFP3
3203,01:20:40,0.043,0.811,0,0,eGFP3
3204,01:20:40,0.055,0.560,0,0,eGFP3
3205,01:20:41,0.049,0.455,0,0,eGFP3
3206,01:20:41,0.030,0.414,0,0,eGFP3
3207,01:20:41,0.031,0.393,0,0,eGFP3
3208,01:20:42,0.041,0.590,0,0,eGFP3
3209,01:20:44,0.074,1.534,0,0,eGFP3
3210,01:20:44,0.074,0.886,0,0,eGFP3
3211,01:20:45,0.054,0.680,0,0,eGFP3
3212,01:20:46,0.052,0.853,0,0,eGFP3
3213,01:20:49,0.086,2.643,0,0,eGFP3
3214,01:20:53,0.164,3.950,0,0,eGFP3
3215,01:20:54,0.272,1.413,0,0,eGFP3
3216,01:20:55,0.064,0.920,0,0,eGFP3
3217,01:20:58,0.074,3.378,0,0,eGFP3
3218,01:20:59,0.085,0.843,0,0,eGFP3
3219,01:21:00,0.052,0.557,0,0,eGFP3
3220,01:21:00,0.042,0.777,0,0,eGFP3
3221,01:21:01,0.075,0.865,0,0,eGFP3
3222,01:21:02,0.044,0.713,0,0,eGFP3
3223,01:21:03,0.042,0.591,0,0,eGFP3
3224,01:21:03,0.042,0.514,0,0,eGFP3
3225,01:21:04,0.043,0.504,0,0,eGFP3
3226,01:21:04,0.042,0.701,0,0,eGFP3
3227,01:21:05,0.064,1.008,0,0,eGFP3
3228,01:21:06,0.064,0.898,0,0,eGFP3
3229,01:21:09,0.063,2.873,0,0,eGFP3
3230,01:21:10,0.077,0.801,0,0,eGFP3
3231,01:21:10,0.042,0.525,0,0,eGFP3
3232,01:21:11,0.042,0.448,0,0,eGFP3
3233,01:21:12,0.032,0.943,0,0,eGFP3
3234,01:21:13,0.130,1.062,0,0,eGFP3
3235,01:21:14,0.054,0.602,0,0,eGFP3
3236,01:21:14,0.043,0.471,0,0,eGFP3
3237,01:21:15,0.042,0.810,0,0,eGFP3
3238,01:21:15,0.055,0.615,0,0,eGFP3
3239,01:21:16,0.044,0.527,0,0,eGFP3
3240,01:21:17,0.032,0.602,0,0,eGFP3
3241,01:21:17,0.054,0.537,0,0,eGFP3
3242,01:21:18,0.042,0.909,0,0,eGFP3
3243,01:21:19,0.065,0.712,0,0,eGFP3
3244,01:21:19,0.043,0.504,0,0,eGFP3
3245,01:21:20,0.042,0.426,0,0,eGFP3
3246,01:21:20,0.034,0.407,0,0,eGFP3
3247,01:21:21,0.043,0.504,0,0,eGFP3
3248,01:21:22,0.042,1.019,0,0,eGFP3
3249,01:21:22,0.065,0.690,0,0,eGFP3
3250,01:21:23,0.043,0.515,0,0,eGFP3
3251,01:21:24,0.043,0.811,0,0,eGFP3
3252,01:21:25,0.065,1.063,0,0,eGFP3
3253,01:21:26,0.098,1.053,0,0,eGFP3
3254,01:21:26,0.064,0.668,0,0,eGFP3
3255,01:21:27,0.052,0.568,0,0,eGFP3
3256,01:21:27,0.041,0.491,0,0,eGFP3
3257,01:21:28,0.041,0.447,0,0,eGFP3
3258,01:21:28,0.031,0.481,0,0,eGFP3
3259,01:21:29,0.074,1.062,0,0,eGFP3
3260,01:21:36,0.085,6.845,0,0,eGFP3
3261,01:21:37,0.096,0.777,0,0,eGFP3
3262,01:21:38,0.054,0.515,0,0,eGFP3
3263,01:21:38,0.041,0.447,0,0,eGFP3
3264,01:21:38,0.031,0.514,0,0,eGFP3
3265,01:21:39,0.053,0.865,0,0,eGFP3
3266,01:21:40,0.052,0.864,0,0,eGFP3
3267,01:21:41,0.066,0.724,0,0,eGFP3
3268,01:21:41,0.042,0.525,0,0,eGFP3
3269,01:21:42,0.030,0.436,0,0,eGFP3
3270,01:21:42,0.033,0.417,0,0,eGFP3
3271,01:21:43,0.030,0.404,0,0,eGFP3
3272,01:21:43,0.030,0.436,0,0,eGFP3
3273,01:21:44,0.042,0.437,0,0,eGFP3
3274,01:21:44,0.042,0.437,0,0,eGFP3
3275,01:21:45,0.042,0.624,0,0,eGFP3
3276,01:21:45,0.064,0.766,0,0,eGFP3
3277,01:21:46,0.042,0.536,0,0,eGFP3
3278,01:21:46,0.042,0.492,0,0,eGFP3
3279,01:21:47,0.043,0.449,0,0,eGFP3
3280,01:21:47,0.043,0.427,0,0,eGFP3
3281,01:21:48,0.043,0.417,0,0,eGFP3
3282,01:21:48,0.031,0.415,0,0,eGFP3
3283,01:21:49,0.031,0.470,0,0,eGFP3
3284,01:21:50,0.031,1.381,0,0,eGFP3
3285,01:21:51,0.152,1.096,0,0,eGFP3
3286,01:21:52,0.064,0.799,0,0,eGFP3
3287,01:21:53,0.066,0.637,0,0,eGFP3
3288,01:21:53,0.042,0.558,0,0,eGFP3
3289,01:21:54,0.054,0.866,0,0,eGFP3
3290,01:21:55,0.075,0.898,0,0,eGFP3
3291,01:21:55,0.053,0.613,0,0,eGFP3
3292,01:21:56,0.054,0.580,0,0,eGFP3
3293,01:21:57,0.043,0.712,0,0,eGFP3
3294,01:21:57,0.056,0.703,0,0,eGFP3
3295,01:22:02,0.056,4.336,0,0,eGFP3
3296,01:22:04,0.778,1.996,0,0,eGFP3
3297,01:22:06,0.240,1.897,0,0,eGFP3
3298,01:22:14,0.131,7.999,0,0,eGFP3
3299,01:22:16,0.120,2.490,0,0,eGFP3
3300,01:22:17,0.164,1.305,0,0,eGFP3
3301,01:22:24,0.120,6.134,0,0,eGFP3
3302,01:22:25,0.098,0.910,0,0,eGFP3
3303,01:22:25,0.056,0.539,0,0,eGFP3
3304,01:22:26,0.043,0.504,0,0,eGFP3
3305,01:22:26,0.043,0.427,0,0,eGFP3
3306,01:22:26,0.032,0.394,0,0,eGFP3
3307,01:22:27,0.032,0.405,0,0,eGFP3
3308,01:22:28,0.034,0.737,0,0,eGFP3
3309,01:22:28,0.186,0.416,0,0,eGFP3
3310,01:22:31,0.219,2.710,0,0,eGFP3
3311,01:22:31,0.067,0.627,0,0,eGFP3
3312,01:22:32,0.043,0.669,0,0,eGFP3
3313,01:22:33,0.065,0.756,0,0,eGFP3
3314,01:22:33,0.043,0.493,0,0,eGFP3
3315,01:22:34,0.033,0.450,0,0,eGFP3
3316,01:22:40,0.043,5.925,0,0,eGFP3
3317,01:22:40,0.070,0.806,0,0,eGFP3
3318,01:22:41,0.052,0.556,0,0,eGFP3
3319,01:22:41,0.043,0.471,0,0,eGFP3
3320,01:22:42,0.041,0.436,0,0,eGFP3
3321,01:22:42,0.031,0.404,0,0,eGFP3
3322,01:22:43,0.043,0.976,0,0,eGFP3
3323,01:22:44,0.096,0.798,0,0,eGFP3
3324,01:22:45,0.042,0.557,0,0,eGFP3
3325,01:22:45,0.031,0.810,0,0,eGFP3
3326,01:22:46,0.052,0.722,0,0,eGFP3
3327,01:22:47,0.054,0.592,0,0,eGFP3
3328,01:22:47,0.042,0.492,0,0,eGFP3
3329,01:22:48,0.041,0.535,0,0,eGFP3
3330,01:22:49,0.053,0.777,0,0,eGFP3
3331,01:22:49,0.075,0.711,0,0,eGFP3
3332,01:22:50,0.042,0.514,0,0,eGFP3
3333,01:22:50,0.031,0.711,0,0,eGFP3
3334,01:22:51,0.053,0.645,0,0,eGFP3
3335,01:22:52,0.044,0.483,0,0,eGFP3
3336,01:22:52,0.033,0.417,0,0,eGFP3
3337,01:22:53,0.041,0.557,0,0,eGFP3
3338,01:22:55,0.075,2.654,0,0,eGFP3
3339,01:22:56,0.108,0.865,0,0,eGFP3
3340,01:22:57,0.053,0.558,0,0,eGFP3
3341,01:22:57,0.031,0.514,0,0,eGFP3
3342,01:22:58,0.042,0.525,0,0,eGFP3
3343,01:22:58,0.031,0.459,0,0,eGFP3
3344,01:22:59,0.044,0.494,0,0,eGFP3
3345,01:23:00,0.053,0.931,0,0,eGFP3
3346,01:23:00,0.065,0.624,0,0,eGFP3
3347,01:23:01,0.043,0.471,0,0,eGFP3
3348,01:23:01,0.042,0.525,0,0,eGFP3
3349,01:23:02,0.053,0.635,0,0,eGFP3
3350,01:23:02,0.055,0.538,0,0,eGFP3
3351,01:23:03,0.042,1.030,0,0,eGFP3
3352,01:23:04,0.077,0.911,0,0,eGFP3
3353,01:23:05,0.065,1.074,0,0,eGFP3
3354,01:23:13,0.098,7.670,0,0,eGFP3
3355,01:23:15,0.075,1.513,0,0,eGFP3
3356,01:23:18,1.996,3.082,0,0,eGFP3
3357,01:23:18,0.054,0.570,0,0,eGFP3
3358,01:23:19,0.043,0.449,0,0,eGFP3
3359,01:23:19,0.043,0.471,0,0,eGFP3
3360,01:23:20,0.033,0.670,0,0,eGFP3
3361,01:23:21,0.054,0.745,0,0,eGFP3
3362,01:23:21,0.054,0.537,0,0,eGFP3
3363,01:23:22,0.032,0.460,0,0,eGFP3
3364,01:23:22,0.034,0.494,0,0,eGFP3
3365,01:23:23,0.054,0.537,0,0,eGFP3
3366,01:23:23,0.043,0.526,0,0,eGFP3
3367,01:23:24,0.032,0.647,0,0,eGFP3
3368,01:23:24,0.034,0.517,0,0,eGFP3
3369,01:23:25,0.043,0.449,0,0,eGFP3
3370,01:23:25,0.043,0.526,0,0,eGFP3
3371,01:23:26,0.065,0.997,0,0,eGFP3
3372,01:23:27,0.065,0.998,0,0,eGFP3
3373,01:23:28,0.087,0.943,0,0,eGFP3
3374,01:23:29,0.065,0.647,0,0,eGFP3
3375,01:23:30,0.055,0.691,0,0,eGFP3
3376,01:23:30,0.056,0.649,0,0,eGFP3
3377,01:23:31,0.045,0.506,0,0,eGFP3
3378,01:23:31,0.044,0.538,0,0,eGFP3
3379,01:23:38,0.087,7.275,0,0,eGFP3
3380,01:23:39,0.082,0.741,0,0,eGFP3
3381,01:23:40,0.052,0.535,0,0,eGFP3
3382,01:23:40,0.030,0.458,0,0,eGFP3
3383,01:23:41,0.030,0.436,0,0,eGFP3
3384,01:23:42,0.043,0.877,0,0,eGFP3
3385,01:23:42,0.151,0.964,0,0,eGFP3
3386,01:23:52,0.151,9.127,0,0,eGFP3
3387,01:23:53,0.119,1.030,0,0,eGFP3
3388,01:23:53,0.052,0.590,0,0,eGFP3
3389,01:23:54,0.030,0.458,0,0,eGFP3
3390,01:23:54,0.031,0.404,0,0,eGFP3
3391,01:23:54,0.032,0.395,0,0,eGFP3
3392,01:23:55,0.032,0.372,0,0,eGFP3
3393,01:23:55,0.031,0.393,0,0,eGFP3
3394,01:23:56,0.030,0.634,0,0,eGFP3
3395,01:23:57,0.053,0.634,0,0,eGFP3
3396,01:23:57,0.042,0.492,0,0,eGFP3
3397,01:23:57,0.031,0.404,0,0,eGFP3
3398,01:23:58,0.031,0.426,0,0,eGFP3
3399,01:23:59,0.064,0.689,0,0,eGFP3
3400,01:23:59,0.044,0.516,0,0,eGFP3
3401,01:24:00,0.041,0.458,0,0,eGFP3
3402,01:24:00,0.031,0.536,0,0,eGFP3
3403,01:24:05,0.053,4.552,0,0,eGFP3
3404,01:24:07,0.119,2.852,0,0,eGFP3
3405,01:24:09,0.099,1.097,0,0,eGFP3
3406,01:24:09,0.075,0.909,0,0,eGFP3
3407,01:24:10,0.065,0.690,0,0,eGFP3
3408,01:24:11,0.042,0.547,0,0,eGFP3
3409,01:24:11,0.044,0.538,0,0,eGFP3
3410,01:24:12,0.042,0.668,0,0,eGFP3
3411,01:24:12,0.053,0.580,0,0,eGFP3
3412,01:24:13,0.042,0.514,0,0,eGFP3
3413,01:24:13,0.042,0.481,0,0,eGFP3
3414,01:24:14,0.032,0.504,0,0,eGFP3
3415,01:24:14,0.042,0.503,0,0,eGFP3
3416,01:24:15,0.042,0.536,0,0,eGFP3
3417,01:24:16,0.056,0.604,0,0,eGFP3
3418,01:24:16,0.043,0.493,0,0,eGFP3
3419,01:24:17,0.033,0.417,0,0,eGFP3
3420,01:24:17,0.032,0.383,0,0,eGFP3
3421,01:24:17,0.043,0.405,0,0,eGFP3
3422,01:24:18,0.042,0.800,0,0,eGFP3
3423,01:24:19,0.064,0.613,0,0,eGFP3
3424,01:24:19,0.032,0.471,0,0,eGFP3
3425,01:24:20,0.033,0.637,0,0,eGFP3
3426,01:24:28,0.098,8.602,0,0,eGFP3
3427,01:24:29,0.087,0.768,0,0,eGFP3
3428,01:24:30,0.043,0.493,0,0,eGFP3
3429,01:24:30,0.043,0.449,0,0,eGFP3
3430,01:24:31,0.043,0.416,0,0,eGFP3
3431,01:24:31,0.043,0.394,0,0,eGFP3
3432,01:24:31,0.032,0.372,0,0,eGFP3
3433,01:24:32,0.036,0.574,0,0,eGFP3
3434,01:24:33,0.054,1.371,0,0,eGFP3
3435,01:24:35,0.142,1.700,0,0,eGFP3
3436,01:24:40,0.120,4.784,0,0,eGFP3
3437,01:24:41,0.065,1.514,0,0,eGFP3
3438,01:24:45,0.120,3.445,0,0,eGFP3
3439,01:24:45,0.055,0.669,0,0,eGFP3
3440,01:24:46,0.032,0.471,0,0,eGFP3
3441,01:24:46,0.035,0.507,0,0,eGFP3
3442,01:24:47,0.065,0.592,0,0,eGFP3
3443,01:24:47,0.043,0.460,0,0,eGFP3
3444,01:24:48,0.037,0.465,0,0,eGFP3
3445,01:24:49,0.052,0.645,0,0,eGFP3
3446,01:24:49,0.052,0.535,0,0,eGFP3
3447,01:24:50,0.032,0.492,0,0,eGFP3
3448,01:24:50,0.086,0.799,0,0,eGFP3
3449,01:24:51,0.054,0.548,0,0,eGFP3
3450,01:24:51,0.041,0.447,0,0,eGFP3
3451,01:24:52,0.041,0.579,0,0,eGFP3
3452,01:24:54,0.042,1.874,0,0,eGFP3
3453,01:24:56,0.338,2.072,0,0,eGFP3
3454,01:24:56,0.075,0.623,0,0,eGFP3
3455,01:24:57,0.042,0.492,0,0,eGFP3
3456,01:24:59,0.041,1.600,0,0,eGFP3
3457,01:25:00,0.087,1.052,0,0,eGFP3
3458,01:25:00,0.075,0.832,0,0,eGFP3
3459,01:25:01,0.053,0.580,0,0,eGFP3
3460,01:25:02,0.032,0.460,0,0,eGFP3
3461,01:25:02,0.031,0.415,0,0,eGFP3
3462,01:25:03,0.031,0.821,0,0,eGFP3
3463,01:25:04,0.086,0.876,0,0,eGFP3
3464,01:25:04,0.053,0.690,0,0,eGFP3
3465,01:25:05,0.042,0.832,0,0,eGFP3
3466,01:25:06,0.051,0.841,0,0,eGFP3
3467,01:25:11,0.053,5.025,0,0,eGFP3
3468,01:25:12,0.075,0.689,0,0,eGFP3
3469,01:25:12,0.053,0.679,0,0,eGFP3
3470,01:25:13,0.075,0.646,0,0,eGFP3
3471,01:25:14,0.042,0.503,0,0,eGFP3
3472,01:25:14,0.031,0.656,0,0,eGFP3
3473,01:25:15,0.065,0.613,0,0,eGFP3
3474,01:25:15,0.057,0.573,0,0,eGFP3
3475,01:25:18,0.053,2.665,0,0,eGFP3
3476,01:25:21,0.075,2.544,0,0,eGFP3
3477,01:25:22,0.109,1.008,0,0,eGFP3
3478,01:25:22,0.065,0.888,0,0,eGFP3
3479,01:25:23,0.075,0.832,0,0,eGFP3
3480,01:25:24,0.054,0.954,0,0,eGFP3
3481,01:25:29,0.086,5.211,0,0,eGFP3
3482,01:25:30,0.077,0.659,0,0,eGFP3
3483,01:25:31,0.043,0.471,0,0,eGFP3
3484,01:25:31,0.031,0.404,0,0,eGFP3
3485,01:25:31,0.032,0.394,0,0,eGFP3
3486,01:25:32,0.032,0.361,0,0,eGFP3
3487,01:25:32,0.032,0.361,0,0,eGFP3
3488,01:25:33,0.034,0.407,0,0,eGFP3
3489,01:25:33,0.032,0.602,0,0,eGFP3
3490,01:25:35,0.067,2.152,0,0,eGFP3
3491,01:25:36,0.098,0.789,0,0,eGFP3
3492,01:25:37,0.054,0.504,0,0,eGFP3
3493,01:25:37,0.043,0.416,0,0,eGFP3
3494,01:25:37,0.032,0.383,0,0,eGFP3
3495,01:25:38,0.032,0.383,0,0,eGFP3
3496,01:25:41,0.043,3.171,0,0,eGFP3
3497,01:25:43,0.284,2.040,0,0,eGFP3
3498,01:25:44,0.056,0.638,0,0,eGFP3
3499,01:25:44,0.043,0.482,0,0,eGFP3
3500,01:25:45,0.043,0.427,0,0,eGFP3
3501,01:25:45,0.032,0.384,0,0,eGFP3
3502,01:25:45,0.034,0.396,0,0,eGFP3
3503,01:25:46,0.032,0.855,0,0,eGFP3
3504,01:25:47,0.076,0.889,0,0,eGFP3
3505,01:25:48,0.065,0.734,0,0,eGFP3
3506,01:25:48,0.045,0.561,0,0,eGFP3
3507,01:25:49,0.038,0.598,0,0,eGFP3
3508,01:33:33,0.096,463.957,0,0,eGFP3
3509,01:33:34,0.326,1.369,0,0,eGFP3
3510,01:33:35,0.063,0.809,0,0,eGFP3
3511,01:33:36,0.075,0.865,0,0,eGFP3
3512,01:33:37,0.074,0.820,0,0,eGFP3
3513,01:33:37,0.053,0.645,0,0,eGFP3
3514,01:33:38,0.054,0.658,0,0,eGFP3
3515,01:33:39,0.063,0.645,0,0,eGFP3
3516,01:33:40,0.087,0.833,0,0,eGFP3
3517,01:33:40,0.053,0.601,0,0,eGFP3
3518,01:33:41,0.053,0.733,0,0,eGFP3
3519,01:33:42,0.053,0.733,0,0,eGFP3
3520,01:33:42,0.064,0.701,0,0,eGFP3
3521,01:33:43,0.063,0.689,0,0,eGFP3
3522,01:33:44,0.054,0.691,0,0,eGFP3
3523,01:33:45,0.085,0.909,0,0,eGFP3
3524,01:33:45,0.063,0.623,0,0,eGFP3
3525,01:33:46,0.053,0.635,0,0,eGFP3
3526,01:33:46,0.041,0.557,0,0,eGFP3
3527,01:33:47,0.053,0.591,0,0,eGFP3
3528,01:33:54,0.053,7.461,0,0,eGFP3
3529,01:33:56,0.184,1.479,0,0,eGFP3
3530,01:33:58,0.110,1.986,0,0,eGFP3
3531,01:34:00,0.428,1.822,0,0,eGFP3
3532,01:34:01,0.108,1.052,0,0,eGFP3
3533,01:34:02,0.086,0.876,0,0,eGFP3
3534,01:34:03,0.075,1.019,0,0,eGFP3
3535,01:34:04,0.097,0.942,0,0,eGFP3
3536,01:34:05,0.075,0.909,0,0,eGFP3
3537,01:34:05,0.086,0.876,0,0,eGFP3
3538,01:34:06,0.086,0.811,0,0,eGFP3
3539,01:34:07,0.066,0.955,0,0,eGFP3
3540,01:34:08,0.064,0.668,0,0,eGFP3
3541,01:34:09,0.097,0.865,0,0,eGFP3
3542,01:34:09,0.065,0.756,0,0,eGFP3
3543,01:34:10,0.067,0.703,0,0,eGFP3
3544,01:34:26,0.054,15.966,0,0,eGFP3
3545,01:34:31,0.163,4.761,0,0,eGFP3
3546,01:34:36,0.712,5.091,0,0,eGFP3
3547,01:34:44,0.923,8.319,0,0,eGFP3
3548,01:34:45,0.109,0.910,0,0,eGFP3
3549,01:34:46,0.076,0.877,0,0,eGFP3
3550,01:34:47,0.075,0.931,0,0,eGFP3
3551,01:34:48,0.087,0.811,0,0,eGFP3
3552,01:34:48,0.054,0.614,0,0,eGFP3
3553,01:34:52,0.076,3.917,0,0,eGFP3
3554,01:34:53,0.131,1.063,0,0,eGFP3
3555,01:38:18,0.089,204.964,0,0,eGFP3
3556,01:38:19,0.076,0.756,0,0,eGFP3
3557,01:38:20,0.067,1.252,0,0,eGFP3
3558,01:38:21,0.087,0.801,0,0,eGFP3
3559,01:38:24,0.054,3.104,0,0,eGFP3
3560,01:48:48,0.153,624.158,0,0,eGFP3
3561,01:48:49,0.088,0.856,0,0,eGFP3
3562,01:48:51,0.076,1.327,0,0,eGFP3
3563,01:48:51,0.090,0.759,0,0,eGFP3
3564,01:48:52,0.043,0.570,0,0,eGFP3
3565,01:48:53,0.054,0.603,0,0,eGFP3
3566,01:48:54,0.065,1.042,0,0,eGFP3
3567,01:48:54,0.065,0.757,0,0,eGFP3
3568,01:48:55,0.054,0.570,0,0,eGFP3
3569,01:48:56,0.043,0.614,0,0,eGFP3
3570,01:48:59,0.088,3.621,0,0,eGFP3
3571,01:49:00,0.098,0.845,0,0,eGFP3
3572,01:49:01,0.052,0.743,0,0,eGFP3
3573,01:49:01,0.063,0.744,0,0,eGFP3
3574,01:49:02,0.052,0.875,0,0,eGFP3
3575,01:49:03,0.063,0.579,0,0,eGFP3
3576,01:49:04,0.053,0.810,0,0,eGFP3
3577,01:49:05,0.096,0.875,0,0,eGFP3
3578,01:49:05,0.053,0.601,0,0,eGFP3
3579,01:49:06,0.047,0.530,0,0,eGFP3
3580,01:49:06,0.041,0.535,0,0,eGFP3
3581,01:49:07,0.053,0.535,0,0,eGFP3
3582,01:49:08,0.053,0.832,0,0,eGFP3
3583,01:49:09,0.064,0.865,0,0,eGFP3
3584,01:56:37,1.073,448.616,0,0,eGFP3
3585,01:56:41,0.098,3.928,0,0,eGFP3
3586,01:56:42,0.086,0.832,0,0,eGFP3
3587,01:56:42,0.055,0.615,0,0,eGFP3
3588,01:56:43,0.042,0.514,0,0,eGFP3
3589,01:56:43,0.042,0.459,0,0,eGFP3
3590,01:56:44,0.042,0.591,0,0,eGFP3
3591,01:56:45,0.064,1.007,0,0,eGFP3
3592,01:56:46,0.076,0.668,0,0,eGFP3
3593,01:56:46,0.043,0.470,0,0,eGFP3
3594,01:56:47,0.043,0.504,0,0,eGFP3
3595,01:56:48,0.053,1.469,0,0,eGFP3
3596,01:56:49,0.066,0.702,0,0,eGFP3
3597,01:56:49,0.042,0.514,0,0,eGFP3
3598,01:56:50,0.032,0.449,0,0,eGFP3
3599,01:56:50,0.033,0.450,0,0,eGFP3
3600,01:56:51,0.043,1.030,0,0,eGFP3
3601,01:56:53,0.109,1.952,0,0,eGFP3
3602,01:56:54,0.065,0.647,0,0,eGFP3
3603,01:56:54,0.042,0.470,0,0,eGFP3
3604,01:56:55,0.034,0.440,0,0,eGFP3
3605,01:56:56,0.031,1.129,0,0,eGFP3
3606,01:56:57,0.163,0.975,0,0,eGFP3
3607,01:56:57,0.043,0.526,0,0,eGFP3
3608,01:56:58,0.043,0.558,0,0,eGFP3
3609,01:56:59,0.043,0.669,0,0,eGFP3
3610,01:56:59,0.054,0.580,0,0,eGFP3
3611,01:57:00,0.043,0.493,0,0,eGFP3
3612,01:57:00,0.036,0.497,0,0,eGFP3
3613,01:57:01,0.054,1.052,0,0,eGFP3
3614,01:57:02,0.054,0.669,0,0,eGFP3
3615,01:57:04,0.065,2.029,0,0,eGFP3
3616,01:57:05,0.065,0.647,0,0,eGFP3
3617,01:57:05,0.054,0.647,0,0,eGFP3
3618,01:57:12,0.109,6.671,0,0,eGFP3
3619,01:57:15,0.416,2.688,0,0,eGFP3
3620,01:57:16,0.111,0.912,0,0,eGFP3
3621,01:57:16,0.065,0.746,0,0,eGFP3
3622,01:57:21,0.087,4.345,0,0,eGFP3
3623,01:57:22,0.175,1.591,0,0,eGFP3
3624,01:57:23,0.087,0.811,0,0,eGFP3
3625,01:57:24,0.055,1.021,0,0,eGFP3
3626,01:57:25,0.056,0.824,0,0,eGFP3
3627,01:57:26,0.055,0.724,0,0,eGFP3
3628,01:57:27,0.111,0.923,0,0,eGFP3
3629,01:57:28,0.055,1.504,0,0,eGFP3
3630,01:57:31,0.219,2.809,0,0,eGFP3
3631,01:57:32,0.076,0.767,0,0,eGFP3
3632,01:57:32,0.066,0.648,0,0,eGFP3
3633,01:57:33,0.048,0.651,0,0,eGFP3
3634,01:57:44,0.064,10.753,0,0,eGFP3
3635,01:57:45,0.151,0.941,0,0,eGFP3
3636,01:57:45,0.054,0.833,0,0,eGFP3
3637,01:57:47,0.568,1.797,0,0,eGFP3
3638,01:57:48,0.064,0.975,0,0,eGFP3
3639,01:57:49,0.063,0.678,0,0,eGFP3
3640,01:57:54,0.054,5.508,0,0,eGFP3
3641,01:57:58,0.064,3.762,0,0,eGFP3
3642,02:05:55,0.173,476.808,0,0,eGFP3
3643,02:07:47,0.108,111.681,0,0,eGFP3
3644,02:07:47,0.065,0.680,0,0,eGFP3
3645,02:07:48,0.053,1.062,0,0,eGFP3
3646,02:07:49,0.141,1.052,0,0,eGFP3
3647,02:07:50,0.064,0.646,0,0,eGFP3
3648,02:07:51,0.041,0.535,0,0,eGFP3
3649,02:07:52,0.053,1.063,0,0,eGFP3
3650,02:07:53,0.086,0.876,0,0,eGFP3
3651,02:07:53,0.064,0.591,0,0,eGFP3
3652,02:07:54,0.043,0.987,0,0,eGFP3
3653,02:07:55,0.108,0.865,0,0,eGFP3
3654,02:08:01,0.055,5.926,0,0,eGFP3
3655,02:08:02,0.156,1.078,0,0,eGFP3
3656,02:08:03,0.064,0.646,0,0,eGFP3
3657,02:08:03,0.042,0.503,0,0,eGFP3
3658,02:08:04,0.043,0.569,0,0,eGFP3
3659,02:08:04,0.065,0.756,0,0,eGFP3
3660,02:08:05,0.075,0.679,0,0,eGFP3
3661,02:08:06,0.044,0.494,0,0,eGFP3
3662,02:08:06,0.031,0.536,0,0,eGFP3
3663,02:08:07,0.064,1.228,0,0,eGFP3
3664,02:08:08,0.086,0.755,0,0,eGFP3
3665,02:08:09,0.043,0.493,0,0,eGFP3
3666,02:08:09,0.032,0.438,0,0,eGFP3
3667,02:08:10,0.042,0.920,0,0,eGFP3
3668,02:08:11,0.088,0.922,0,0,eGFP3
3669,02:08:12,0.056,0.802,0,0,eGFP3
3670,02:08:12,0.043,0.537,0,0,eGFP3
3671,02:08:13,0.042,0.525,0,0,eGFP3
3672,02:08:15,0.054,2.238,0,0,eGFP3
3673,02:09:35,0.097,79.725,0,0,eGFP3
3674,02:09:36,0.087,0.910,0,0,eGFP3
3675,02:10:31,0.076,55.736,0,0,eGFP3
3676,02:10:33,0.252,2.073,0,0,eGFP3
3677,02:10:35,0.155,1.626,0,0,eGFP3
3678,02:10:37,0.109,1.799,0,0,eGFP3
3679,02:10:38,0.076,0.767,0,0,eGFP3
3680,02:10:39,0.054,1.503,0,0,eGFP3
3681,02:10:55,0.297,16.078,0,0,eGFP3
3682,02:10:56,0.087,0.932,0,0,eGFP3
3683,02:10:57,0.153,0.438,0,0,eGFP3
3684,02:23:08,0.329,731.824,0,0,eGFP3
3685,02:23:09,0.221,1.066,0,0,eGFP3
3686,02:23:10,0.055,0.603,0,0,eGFP3
3687,02:23:11,0.055,1.075,0,0,eGFP3
3688,02:23:12,0.077,0.735,0,0,eGFP3
3689,02:23:12,0.054,0.526,0,0,eGFP3
3690,02:23:14,0.055,1.898,0,0,eGFP3
3691,02:23:15,0.088,0.757,0,0,eGFP3
3692,02:23:16,0.055,0.603,0,0,eGFP3
3693,02:23:17,0.057,1.078,0,0,eGFP3
3694,02:23:17,0.065,0.680,0,0,eGFP3
3695,02:23:18,0.045,0.484,0,0,eGFP3
3696,02:23:19,0.039,0.620,0,0,eGFP3
3697,02:23:20,0.097,1.271,0,0,eGFP3
3698,02:23:20,0.063,0.645,0,0,eGFP3
3699,02:23:21,0.041,0.744,0,0,eGFP3
3700,02:23:23,0.184,1.665,0,0,eGFP3
3701,02:23:24,0.054,0.724,0,0,eGFP3
3702,02:23:24,0.052,0.579,0,0,eGFP3
3703,02:23:26,0.053,2.291,0,0,eGFP3
3704,02:23:27,0.064,0.646,0,0,eGFP3
3705,02:23:28,0.052,0.568,0,0,eGFP3
3706,02:23:29,0.053,1.293,0,0,eGFP3
3707,02:23:30,0.063,0.788,0,0,eGFP3
3708,02:23:30,0.041,0.546,0,0,eGFP3
3709,02:23:31,0.045,0.561,0,0,eGFP3
3710,02:23:32,0.053,1.085,0,0,eGFP3
3711,02:23:33,0.096,0.952,0,0,eGFP3
3712,02:23:34,0.053,0.624,0,0,eGFP3
3713,02:23:34,0.042,0.557,0,0,eGFP3
3714,02:23:36,0.053,1.809,0,0,eGFP3
3715,02:23:37,0.075,0.723,0,0,eGFP3
3716,02:23:47,0.064,10.555,0,0,eGFP3
3717,02:23:48,0.088,0.955,0,0,eGFP3
3718,02:23:49,0.075,0.865,0,0,eGFP3
3719,02:23:50,0.064,0.931,0,0,eGFP3
3720,02:24:08,0.064,17.743,0,0,eGFP3
3721,02:24:10,0.229,2.764,0,0,eGFP3
3722,02:24:36,0.207,25.865,0,0,eGFP3
3723,02:24:38,0.340,1.986,0,0,eGFP3
3724,02:24:39,0.109,0.921,0,0,eGFP3
3725,04:00:14,0.075,5735.056,0,0,eGFP3
3726,04:00:18,0.505,3.468,0,0,eGFP3
3727,04:00:19,0.218,1.821,0,0,eGFP3
3728,04:00:23,0.514,4.015,0,0,eGFP3
3729,04:00:25,0.097,1.568,0,0,eGFP3
3730,04:00:54,0.163,28.608,0,0,eGFP3
3731,04:00:55,0.163,1.425,0,0,eGFP3
3732,04:00:56,0.142,1.239,0,0,eGFP3
3733,04:00:58,0.098,1.437,0,0,eGFP3
3734,04:00:59,0.165,1.230,0,0,eGFP3
3735,04:01:00,0.109,1.327,0,0,eGFP3
3736,04:01:01,0.131,1.162,0,0,eGFP3
3737,04:01:02,0.097,0.898,0,0,eGFP3
3738,04:01:03,0.087,1.250,0,0,eGFP3
3739,04:01:05,0.120,1.075,0,0,eGFP3
3740,04:03:13,0.098,128.801,0,0,eGFP3
3741,04:03:44,0.241,31.045,0,0,eGFP3
3742,04:03:46,0.111,1.461,0,0,eGFP3
3743,04:03:47,0.087,0.965,0,0,eGFP3
3744,04:03:49,0.087,2.150,0,0,eGFP3
3745,04:03:52,0.073,2.630,0,0,eGFP3
3746,04:03:53,0.162,1.545,0,0,eGFP3
3747,04:04:00,0.184,7.185,0,0,eGFP3
3748,04:04:01,0.108,0.898,0,0,eGFP3
3749,04:04:02,0.052,0.678,0,0,eGFP3
3750,04:04:03,0.056,0.956,0,0,eGFP3
3751,04:04:04,0.074,0.798,0,0,eGFP3
3752,04:04:04,0.064,0.777,0,0,eGFP3
3753,06:16:58,0.086,7973.526,0,0,eGFP3
3754,06:17:02,0.163,4.201,0,0,eGFP3
3755,12:32:43,0.152,22541.917,0,0,eGFP3
3756,12:32:46,0.250,3.378,0,0,eGFP3
3757,12:32:47,0.085,0.985,0,0,eGFP3
3758,12:32:48,0.077,0.933,0,0,eGFP3
3759,12:32:49,0.097,0.996,0,0,eGFP3
3760,12:32:50,0.075,0.756,0,0,eGFP3
3761,12:32:51,0.064,0.766,0,0,eGFP3
3762,12:32:52,0.066,0.878,0,0,eGFP3
3763,12:34:18,0.086,86.671,0,0,eGFP3
3764,12:37:06,0.242,167.234,0,0,eGFP3
3765,12:37:07,0.129,1.161,0,0,eGFP3
3766,12:37:08,0.077,0.779,0,0,eGFP3
3767,12:37:08,0.053,0.668,0,0,eGFP3
3768,12:37:09,0.053,0.690,0,0,eGFP3
3769,12:38:52,0.064,103.242,0,0,eGFP3
3770,15:08:45,0.207,8992.783,0,0,eGFP3
3771,15:08:47,0.306,2.731,0,0,eGFP3
3772,15:11:15,0.295,147.577,0,0,eGFP3
3773,15:15:53,0.196,277.960,0,0,eGFP3
3774,15:16:24,0.274,30.694,0,0,eGFP3
3775,15:16:48,0.657,24.164,0,0,eGFP3
3776,15:16:48,0.064,0.679,0,0,eGFP3
3777,15:16:50,0.044,1.438,0,0,eGFP3
3778,15:16:51,0.152,1.656,0,0,eGFP3
3779,15:16:53,0.185,1.316,0,0,eGFP3
3780,15:16:54,0.075,1.502,0,0,eGFP3
3781,15:17:04,0.273,10.193,0,0,eGFP3
3782,15:17:05,0.100,0.956,0,0,eGFP3
3783,15:17:08,0.153,2.358,0,0,eGFP3
3784,15:17:09,0.087,0.779,0,0,eGFP3
3785,15:17:09,0.053,0.646,0,0,eGFP3
3786,15:17:12,0.065,2.589,0,0,eGFP3
3787,15:17:13,0.152,0.997,0,0,eGFP3
3788,15:17:13,0.065,0.636,0,0,eGFP3
3789,15:17:15,0.054,1.909,0,0,eGFP3
3790,15:17:17,0.087,1.151,0,0,eGFP3
3791,15:17:19,1.122,2.780,0,0,eGFP3
3792,15:17:20,0.065,0.624,0,0,eGFP3
3793,15:17:21,0.054,0.976,0,0,eGFP3
3794,15:17:30,0.142,9.317,0,0,eGFP3
3795,15:17:31,0.076,0.767,0,0,eGFP3
3796,15:17:32,0.054,0.592,0,0,eGFP3
3797,15:17:32,0.043,0.537,0,0,eGFP3
3798,15:17:34,0.043,1.712,0,0,eGFP3
3799,15:17:35,0.100,0.824,0,0,eGFP3
3800,15:17:36,0.055,1.821,0,0,eGFP3
3801,15:17:37,0.088,0.768,0,0,eGFP3
3802,15:17:41,0.055,3.358,0,0,eGFP3
3803,15:17:41,0.076,0.812,0,0,eGFP3
3804,15:17:42,0.054,0.745,0,0,eGFP3
3805,15:17:44,0.068,1.945,0,0,eGFP3
3806,15:17:45,0.087,0.800,0,0,eGFP3
3807,15:17:47,0.068,1.857,0,0,eGFP3
3808,15:17:48,0.148,1.026,0,0,eGFP3
3809,15:17:50,0.074,1.995,0,0,eGFP3
3810,15:17:53,0.096,3.103,0,0,eGFP3
3811,15:17:54,0.151,1.270,0,0,eGFP3
3812,15:17:59,0.755,4.925,0,0,eGFP3
3813,15:18:00,0.107,0.909,0,0,eGFP3
3814,15:20:02,0.085,122.292,0,0,eGFP3
3815,15:45:54,0.164,1551.737,0,0,eGFP3
3816,15:46:05,10.105,11.323,0,0,eGFP3
3817,15:46:06,0.118,1.007,0,0,eGFP3
3818,15:46:08,0.140,2.083,0,0,eGFP3
3819,15:46:09,0.098,0.998,0,0,eGFP3
3820,15:46:11,0.097,1.413,0,0,eGFP3
3821,15:46:12,0.119,1.019,0,0,eGFP3
3822,15:46:37,0.108,24.744,0,0,eGFP3
3823,15:46:38,0.099,1.020,0,0,eGFP3
3824,15:46:39,0.086,0.986,0,0,eGFP3
3825,15:46:39,0.086,0.865,0,0,eGFP3
3826,15:46:41,0.064,1.633,0,0,eGFP3
3827,15:48:59,10.709,138.337,0,0,eGFP3
3828,15:50:05,0.173,65.655,0,0,eGFP3
3829,15:50:08,0.284,2.654,0,0,eGFP3
3830,15:50:09,0.119,1.151,0,0,eGFP3
3831,15:50:17,0.154,7.956,0,0,eGFP3
3832,15:50:18,0.077,0.790,0,0,eGFP3
3833,15:51:18,0.098,60.762,0,0,eGFP3
3834,15:51:20,0.119,1.403,0,0,eGFP3
3835,15:51:21,0.130,0.953,0,0,eGFP3
3836,15:51:21,0.065,0.690,0,0,eGFP3
3837,15:51:26,0.064,5.047,0,0,eGFP3
3838,15:51:37,9.425,10.676,0,0,eGFP3
3839,15:51:41,0.089,3.963,0,0,eGFP3
3840,15:51:42,0.108,0.887,0,0,eGFP3
3841,15:51:43,0.054,0.646,0,0,eGFP3
3842,15:52:04,0.065,21.245,0,0,eGFP3
3843,15:52:32,27.246,28.256,0,0,eGFP3
3844,15:52:33,0.064,0.712,0,0,eGFP3
3845,15:52:34,0.076,1.469,0,0,eGFP3
3846,15:52:36,0.133,1.285,0,0,eGFP3
3847,15:52:36,0.078,0.791,0,0,eGFP3
3848,15:52:37,0.065,0.811,0,0,eGFP3
3849,15:55:15,0.087,157.542,0,0,eGFP3
3850,15:55:25,3.193,9.953,0,0,eGFP3
3851,15:55:26,0.146,0.892,0,0,eGFP3
3852,15:55:26,0.065,0.789,0,0,eGFP3
3853,15:55:28,0.087,1.196,0,0,eGFP3
3854,15:55:28,0.076,0.636,0,0,eGFP3
3855,15:55:29,0.054,0.888,0,0,eGFP3
3856,15:55:30,0.122,0.901,0,0,eGFP3
3857,15:55:38,0.065,7.802,0,0,eGFP3
3858,15:57:28,109.418,110.592,0,0,eGFP3
3859,15:57:30,0.175,1.338,0,0,eGFP3
3860,15:57:33,0.101,3.129,0,0,eGFP3
3861,15:57:34,0.077,0.801,0,0,eGFP3
3862,15:57:34,0.077,0.801,0,0,eGFP3
3863,15:57:37,0.098,3.028,0,0,eGFP3
3864,15:57:39,0.364,1.461,0,0,eGFP3
3865,15:57:40,0.077,0.757,0,0,eGFP3
3866,15:57:40,0.066,0.702,0,0,eGFP3
3867,15:57:41,0.077,0.834,0,0,eGFP3
3868,15:57:44,0.110,3.149,0,0,eGFP3
3869,15:57:45,0.066,0.615,0,0,eGFP3
3870,15:57:46,0.055,0.581,0,0,eGFP3
3871,15:57:47,0.066,1.339,0,0,eGFP3
3872,15:57:48,0.094,0.884,0,0,eGFP3
3873,15:57:51,0.755,3.674,0,0,eGFP3
3874,15:57:52,0.065,0.625,0,0,eGFP3
3875,15:57:53,0.052,0.579,0,0,eGFP3
3876,15:57:53,0.063,0.733,0,0,eGFP3
3877,15:57:55,0.107,1.797,0,0,eGFP3
3878,15:57:56,0.086,0.700,0,0,eGFP3
3879,15:57:56,0.053,0.558,0,0,eGFP3
3880,15:57:57,0.065,0.800,0,0,eGFP3
3881,15:58:18,0.075,21.200,0,0,eGFP3
3882,16:01:07,0.195,168.098,0,0,eGFP3
3883,16:01:07,0.085,0.832,0,0,eGFP3
3884,16:01:09,0.096,1.336,0,0,eGFP3
3885,16:01:09,0.086,0.712,0,0,eGFP3
3886,16:01:10,0.053,0.623,0,0,eGFP3
3887,16:01:11,0.066,0.966,0,0,eGFP3
3888,16:01:12,0.087,1.009,0,0,eGFP3
3889,16:01:15,0.097,2.720,0,0,eGFP3
3890,16:01:16,0.173,1.227,0,0,eGFP3
3891,16:01:36,0.086,19.751,0,0,eGFP3
3892,16:01:36,0.075,0.657,0,0,eGFP3
3893,16:01:37,0.050,1.038,0,0,eGFP3
3894,16:01:38,0.229,1.030,0,0,eGFP3
3895,16:01:39,0.064,0.558,0,0,eGFP3
3896,16:01:40,0.055,0.702,0,0,eGFP3
3897,16:01:40,0.075,0.690,0,0,eGFP3
3898,16:01:41,0.053,0.536,0,0,eGFP3
3899,16:01:42,0.053,0.635,0,0,eGFP3
3900,16:01:45,0.064,3.817,0,0,eGFP3
3901,16:01:46,0.111,0.813,0,0,eGFP3
3902,16:01:47,0.053,0.525,0,0,eGFP3
3903,16:01:47,0.054,0.635,0,0,eGFP3
3904,16:01:48,0.067,0.725,0,0,eGFP3
3905,16:01:49,0.065,1.030,0,0,eGFP3
3906,16:01:50,0.076,0.723,0,0,eGFP3
3907,16:01:50,0.054,0.548,0,0,eGFP3
3908,16:01:51,0.054,0.679,0,0,eGFP3
3909,16:04:28,0.098,156.906,0,0,eGFP3
3910,16:04:29,0.108,1.195,0,0,eGFP3
3911,16:04:30,0.130,1.327,0,0,eGFP3
3912,16:04:32,0.209,1.087,0,0,eGFP3
3913,16:04:32,0.065,0.745,0,0,eGFP3
3914,16:04:33,0.076,0.811,0,0,eGFP3
3915,16:04:34,0.078,0.956,0,0,eGFP3
3916,16:04:35,0.065,0.603,0,0,eGFP3
3917,16:04:35,0.065,0.855,0,0,eGFP3
3918,16:04:39,0.131,3.489,0,0,eGFP3
3919,16:04:40,0.065,0.658,0,0,eGFP3
3920,16:04:41,0.054,0.855,0,0,eGFP3
3921,16:04:44,0.122,3.787,0,0,eGFP3
3922,16:04:45,0.077,0.680,0,0,eGFP3
3923,16:04:46,0.055,0.636,0,0,eGFP3
3924,16:04:46,0.066,0.878,0,0,eGFP3
3925,16:04:48,0.087,1.239,0,0,eGFP3
3926,16:07:53,0.077,184.802,0,0,eGFP3
3927,16:07:58,0.230,5.180,0,0,eGFP3
3928,16:07:58,0.065,0.625,0,0,eGFP3
3929,16:07:59,0.047,0.563,0,0,eGFP3
3930,16:08:00,0.055,0.746,0,0,eGFP3
3931,16:08:00,0.066,0.592,0,0,eGFP3
3932,16:08:01,0.049,0.521,0,0,eGFP3
3933,16:08:01,0.055,0.581,0,0,eGFP3
3934,16:08:02,0.044,0.516,0,0,eGFP3
3935,16:08:03,0.060,1.366,0,0,eGFP3
3936,16:08:04,0.075,0.623,0,0,eGFP3
3937,16:08:04,0.043,0.559,0,0,eGFP3
3938,16:08:05,0.052,0.568,0,0,eGFP3
3939,16:08:07,0.052,1.918,0,0,eGFP3
3940,16:08:10,0.283,3.169,0,0,eGFP3
3941,16:08:11,0.064,0.590,0,0,eGFP3
3942,16:08:11,0.053,0.580,0,0,eGFP3
3943,16:08:12,0.065,1.151,0,0,eGFP3
3944,16:08:13,0.075,0.865,0,0,eGFP3
3945,16:08:14,0.076,0.812,0,0,eGFP3
3946,16:08:15,0.063,0.776,0,0,eGFP3
3947,16:08:15,0.064,0.646,0,0,eGFP3
3948,16:08:16,0.064,0.689,0,0,eGFP3
3949,16:08:17,0.064,0.613,0,0,eGFP3
3950,16:08:17,0.052,0.579,0,0,eGFP3
3951,16:08:18,0.053,0.646,0,0,eGFP3
3952,16:08:19,0.064,0.854,0,0,eGFP3
3953,16:08:19,0.076,0.647,0,0,eGFP3
3954,16:08:20,0.064,0.865,0,0,eGFP3
3955,16:08:23,0.097,2.610,0,0,eGFP3
3956,16:08:24,0.066,0.592,0,0,eGFP3
3957,16:08:24,0.054,0.635,0,0,eGFP3
3958,16:08:25,0.075,0.953,0,0,eGFP3
3959,16:08:38,0.097,13.310,0,0,eGFP3
3960,16:08:39,0.075,0.701,0,0,eGFP3
3961,16:08:40,0.055,0.680,0,0,eGFP3
3962,16:08:40,0.065,0.591,0,0,eGFP3
3963,16:08:41,0.054,0.482,0,0,eGFP3
3964,16:08:41,0.053,0.558,0,0,eGFP3
3965,16:08:42,0.053,0.602,0,0,eGFP3
3966,16:08:43,0.043,0.514,0,0,eGFP3
3967,16:08:43,0.043,0.603,0,0,eGFP3
3968,16:08:45,0.075,1.798,0,0,eGFP3
3969,16:08:46,0.077,0.604,0,0,eGFP3
3970,16:08:46,0.056,0.527,0,0,eGFP3
3971,16:08:47,0.054,0.647,0,0,eGFP3
3972,16:08:47,0.053,0.580,0,0,eGFP3
3973,16:08:48,0.043,0.591,0,0,eGFP3
3974,16:08:48,0.054,0.526,0,0,eGFP3
3975,16:08:49,0.054,0.592,0,0,eGFP3
3976,16:08:50,0.064,0.690,0,0,eGFP3
3977,16:08:50,0.054,0.581,0,0,eGFP3
3978,16:08:51,0.052,0.590,0,0,eGFP3
3979,16:08:51,0.054,0.548,0,0,eGFP3
3980,16:08:52,0.054,0.625,0,0,eGFP3
3981,16:08:53,0.053,0.569,0,0,eGFP3
3982,16:08:53,0.043,0.724,0,0,eGFP3
3983,16:08:55,0.076,1.162,0,0,eGFP3
3984,16:08:55,0.067,0.616,0,0,eGFP3
3985,16:08:56,0.043,0.581,0,0,eGFP3
3986,16:08:57,0.067,0.813,0,0,eGFP3
3987,16:08:59,0.076,2.743,0,0,eGFP3
3988,16:09:00,0.131,0.987,0,0,eGFP3
3989,16:09:01,0.087,0.658,0,0,eGFP3
3990,16:09:01,0.043,0.537,0,0,eGFP3
3991,16:09:02,0.054,0.877,0,0,eGFP3
3992,16:09:03,0.076,0.669,0,0,eGFP3
3993,16:09:04,0.054,0.647,0,0,eGFP3
3994,16:09:07,1.867,3.118,0,0,eGFP3
3995,16:09:07,0.066,0.593,0,0,eGFP3
3996,16:09:08,0.043,0.526,0,0,eGFP3
3997,16:09:09,0.066,0.691,0,0,eGFP3
3998,16:09:09,0.079,0.726,0,0,eGFP3
3999,16:09:10,0.059,0.696,0,0,eGFP3
4000,16:09:11,0.074,0.820,0,0,eGFP3
4001,16:09:20,0.118,9.545,0,0,eGFP3
4002,16:09:26,0.109,5.256,0,0,eGFP3
4003,16:09:26,0.107,0.853,0,0,eGFP3
4004,16:09:27,0.064,0.591,0,0,eGFP3
4005,16:09:28,0.063,0.667,0,0,eGFP3
4006,16:09:28,0.052,0.546,0,0,eGFP3
4007,16:09:29,0.042,0.448,0,0,eGFP3
4008,16:09:29,0.041,0.568,0,0,eGFP3
4009,16:09:30,0.064,0.667,0,0,eGFP3
4010,16:09:30,0.054,0.515,0,0,eGFP3
4011,16:09:31,0.042,0.470,0,0,eGFP3
4012,16:09:31,0.043,0.471,0,0,eGFP3
4013,16:09:32,0.042,0.459,0,0,eGFP3
4014,16:09:32,0.042,0.514,0,0,eGFP3
4015,16:09:33,0.053,0.514,0,0,eGFP3
4016,16:09:33,0.052,0.546,0,0,eGFP3
4017,16:09:34,0.064,0.635,0,0,eGFP3
4018,16:09:35,0.054,0.526,0,0,eGFP3
4019,16:09:35,0.053,0.547,0,0,eGFP3
4020,16:09:36,0.053,0.547,0,0,eGFP3
4021,16:09:36,0.042,0.503,0,0,eGFP3
4022,16:09:37,0.042,0.470,0,0,eGFP3
4023,16:09:37,0.053,0.536,0,0,eGFP3
4024,16:09:38,0.053,0.646,0,0,eGFP3
4025,16:09:39,0.075,0.832,0,0,eGFP3
4026,16:09:39,0.057,0.573,0,0,eGFP3
4027,16:09:40,0.042,0.547,0,0,eGFP3
4028,16:09:41,0.053,0.777,0,0,eGFP3
4029,16:09:42,0.109,0.899,0,0,eGFP3
4030,16:09:42,0.054,0.580,0,0,eGFP3
4031,16:09:43,0.043,0.570,0,0,eGFP3
4032,16:09:43,0.053,0.690,0,0,eGFP3
4033,16:09:45,0.086,1.304,0,0,eGFP3
4034,16:09:45,0.078,0.660,0,0,eGFP3
4035,16:09:46,0.042,0.525,0,0,eGFP3
4036,16:09:46,0.054,0.647,0,0,eGFP3
4037,16:09:47,0.064,0.887,0,0,eGFP3
4038,16:09:48,0.131,0.954,0,0,eGFP3
4039,16:09:49,0.056,0.561,0,0,eGFP3
4040,16:09:50,0.054,0.635,0,0,eGFP3
4041,16:09:50,0.076,0.811,0,0,eGFP3
4042,16:09:51,0.065,0.559,0,0,eGFP3
4043,16:09:51,0.045,0.495,0,0,eGFP3
4044,16:09:52,0.043,0.658,0,0,eGFP3
4045,16:09:53,0.065,0.624,0,0,eGFP3
4046,16:09:53,0.055,0.537,0,0,eGFP3
4047,16:09:54,0.066,0.559,0,0,eGFP3
4048,16:09:54,0.055,0.636,0,0,eGFP3
4049,16:09:55,0.054,0.603,0,0,eGFP3
4050,16:09:56,0.043,0.526,0,0,eGFP3
4051,16:09:56,0.045,0.605,0,0,eGFP3
4052,16:09:57,0.054,0.592,0,0,eGFP3
4053,16:09:57,0.056,0.638,0,0,eGFP3
4054,16:09:58,0.076,1.086,0,0,eGFP3
4055,16:09:59,0.065,0.614,0,0,eGFP3
4056,16:10:00,0.055,0.592,0,0,eGFP3
4057,16:10:00,0.066,0.702,0,0,eGFP3
4058,16:10:01,0.077,0.768,0,0,eGFP3
4059,16:10:04,0.068,3.074,0,0,eGFP3
4060,16:10:05,0.077,0.670,0,0,eGFP3
4061,16:11:07,0.054,62.365,0,0,eGFP3
4062,16:11:16,4.999,8.599,0,0,eGFP3
4063,16:11:16,0.063,0.612,0,0,eGFP3
4064,16:11:17,0.052,0.612,0,0,eGFP3
4065,16:11:18,0.052,0.546,0,0,eGFP3
4066,16:11:18,0.053,0.568,0,0,eGFP3
4067,16:11:19,0.056,0.583,0,0,eGFP3
4068,16:11:19,0.041,0.480,0,0,eGFP3
4069,16:11:20,0.042,0.481,0,0,eGFP3
4070,16:11:20,0.064,0.601,0,0,eGFP3
4071,16:11:21,0.053,0.547,0,0,eGFP3
4072,16:11:21,0.041,0.491,0,0,eGFP3
4073,16:11:22,0.042,0.624,0,0,eGFP3
4074,16:11:23,0.074,0.678,0,0,eGFP3
4075,16:11:23,0.043,0.482,0,0,eGFP3
4076,16:11:24,0.053,0.481,0,0,eGFP3
4077,16:11:24,0.053,0.569,0,0,eGFP3
4078,16:11:25,0.053,0.525,0,0,eGFP3
4079,16:11:25,0.042,0.503,0,0,eGFP3
4080,16:11:26,0.052,0.579,0,0,eGFP3
4081,16:11:26,0.055,0.538,0,0,eGFP3
4082,16:11:27,0.053,0.492,0,0,eGFP3
4083,16:11:27,0.044,0.494,0,0,eGFP3
4084,16:11:28,0.053,0.634,0,0,eGFP3
4085,16:11:29,0.054,0.580,0,0,eGFP3
4086,16:11:29,0.054,0.558,0,0,eGFP3
4087,16:11:30,0.054,0.613,0,0,eGFP3
4088,16:11:30,0.054,0.657,0,0,eGFP3
4089,16:11:31,0.075,0.756,0,0,eGFP3
4090,16:11:32,0.053,0.569,0,0,eGFP3
4091,16:11:32,0.055,0.692,0,0,eGFP3
4092,16:11:33,0.075,0.843,0,0,eGFP3
4093,16:11:34,0.108,0.877,0,0,eGFP3
4094,16:11:35,0.064,0.624,0,0,eGFP3
4095,16:11:35,0.055,0.582,0,0,eGFP3
4096,16:11:36,0.054,0.635,0,0,eGFP3
4097,16:11:37,0.065,0.767,0,0,eGFP3
4098,16:11:37,0.065,0.646,0,0,eGFP3
4099,16:11:38,0.049,0.509,0,0,eGFP3
4100,16:11:38,0.043,0.460,0,0,eGFP3
4101,16:11:39,0.043,0.614,0,0,eGFP3
4102,16:11:40,0.064,0.909,0,0,eGFP3
4103,16:11:41,0.087,0.833,0,0,eGFP3
4104,16:11:41,0.065,0.603,0,0,eGFP3
4105,16:11:42,0.065,0.668,0,0,eGFP3
4106,16:11:43,0.054,0.636,0,0,eGFP3
4107,16:11:44,0.065,1.480,0,0,eGFP3
4108,16:11:45,0.100,0.759,0,0,eGFP3
4109,16:11:45,0.056,0.528,0,0,eGFP3
4110,16:11:46,0.054,0.515,0,0,eGFP3
4111,16:11:46,0.054,0.559,0,0,eGFP3
4112,16:11:50,0.054,3.149,0,0,eGFP3
4113,16:11:50,0.076,0.647,0,0,eGFP3
4114,16:11:51,0.054,0.515,0,0,eGFP3
4115,16:11:51,0.044,0.559,0,0,eGFP3
4116,16:11:52,0.057,0.847,0,0,eGFP3
4117,16:11:54,0.230,1.602,0,0,eGFP3
4118,16:11:55,0.076,0.844,0,0,eGFP3
4119,16:11:55,0.066,0.735,0,0,eGFP3
4120,16:11:56,0.110,1.076,0,0,eGFP3
4121,16:11:57,0.065,0.625,0,0,eGFP3
4122,16:11:58,0.057,0.869,0,0,eGFP3
4123,16:11:58,0.066,0.614,0,0,eGFP3
4124,16:11:59,0.046,0.551,0,0,eGFP3
4125,16:12:00,0.049,0.543,0,0,eGFP3
4126,16:12:00,0.052,0.546,0,0,eGFP3
4127,16:12:01,0.053,0.558,0,0,eGFP3
4128,16:12:01,0.052,0.524,0,0,eGFP3
4129,16:12:02,0.041,0.491,0,0,eGFP3
4130,16:12:02,0.042,0.481,0,0,eGFP3
4131,16:12:03,0.042,0.480,0,0,eGFP3
4132,16:12:03,0.044,0.526,0,0,eGFP3
4133,16:12:04,0.064,0.711,0,0,eGFP3
4134,16:12:05,0.064,0.613,0,0,eGFP3
4135,16:12:05,0.042,0.601,0,0,eGFP3
4136,16:12:06,0.066,0.735,0,0,eGFP3
4137,16:12:06,0.053,0.558,0,0,eGFP3
4138,16:12:07,0.041,0.524,0,0,eGFP3
4139,16:12:08,0.053,0.635,0,0,eGFP3
4140,16:12:08,0.065,0.658,0,0,eGFP3
4141,16:12:09,0.064,0.634,0,0,eGFP3
4142,16:12:09,0.054,0.536,0,0,eGFP3
4143,16:12:10,0.053,0.558,0,0,eGFP3
4144,16:12:11,0.053,0.624,0,0,eGFP3
4145,16:12:11,0.075,0.788,0,0,eGFP3
4146,16:12:12,0.065,0.547,0,0,eGFP3
4147,16:12:12,0.043,0.525,0,0,eGFP3
4148,16:12:13,0.066,0.933,0,0,eGFP3
4149,16:12:14,0.064,0.580,0,0,eGFP3
4150,16:12:15,0.055,0.637,0,0,eGFP3
4151,16:12:16,0.097,1.019,0,0,eGFP3
4152,16:12:16,0.086,0.678,0,0,eGFP3
4153,16:12:17,0.054,0.504,0,0,eGFP3
4154,16:12:17,0.042,0.492,0,0,eGFP3
4155,16:12:18,0.054,0.580,0,0,eGFP3
4156,16:12:19,0.078,0.791,0,0,eGFP3
4157,16:12:19,0.065,0.580,0,0,eGFP3
4158,16:12:20,0.054,0.559,0,0,eGFP3
4159,16:12:20,0.064,0.657,0,0,eGFP3
4160,16:12:21,0.064,0.635,0,0,eGFP3
4161,16:12:22,0.064,0.679,0,0,eGFP3
4162,16:12:22,0.065,0.591,0,0,eGFP3
4163,16:12:23,0.043,0.493,0,0,eGFP3
4164,16:12:24,0.047,0.705,0,0,eGFP3
4165,16:12:24,0.087,0.888,0,0,eGFP3
4166,16:12:25,0.076,0.603,0,0,eGFP3
4167,16:12:26,0.053,0.591,0,0,eGFP3
4168,16:12:26,0.076,0.800,0,0,eGFP3
4169,16:12:27,0.076,0.789,0,0,eGFP3
4170,16:12:28,0.043,0.515,0,0,eGFP3
4171,16:12:28,0.043,0.482,0,0,eGFP3
4172,16:12:29,0.043,0.482,0,0,eGFP3
4173,16:12:29,0.045,0.495,0,0,eGFP3
4174,16:12:30,0.065,0.757,0,0,eGFP3
4175,16:12:31,0.065,0.559,0,0,eGFP3
4176,16:12:31,0.054,0.569,0,0,eGFP3
4177,16:12:32,0.055,0.647,0,0,eGFP3
4178,16:12:32,0.046,0.529,0,0,eGFP3
4179,16:12:33,0.043,0.515,0,0,eGFP3
4180,16:12:34,0.065,1.053,0,0,eGFP3
4181,16:12:35,0.133,1.230,0,0,eGFP3
4182,16:12:36,0.066,0.625,0,0,eGFP3
4183,16:12:36,0.044,0.527,0,0,eGFP3
4184,16:12:37,0.047,0.640,0,0,eGFP3
4185,16:12:37,0.065,0.603,0,0,eGFP3
4186,16:12:39,0.066,1.064,0,0,eGFP3
4187,16:12:39,0.088,0.691,0,0,eGFP3
4188,16:12:40,0.044,0.516,0,0,eGFP3
4189,16:12:40,0.038,0.455,0,0,eGFP3
4190,16:12:41,0.053,0.645,0,0,eGFP3
4191,16:12:41,0.075,0.656,0,0,eGFP3
4192,16:12:42,0.054,0.548,0,0,eGFP3
4193,16:12:43,0.053,0.557,0,0,eGFP3
4194,16:12:43,0.053,0.602,0,0,eGFP3
4195,16:12:44,0.052,0.524,0,0,eGFP3
4196,16:12:44,0.053,0.481,0,0,eGFP3
4197,16:12:45,0.043,0.581,0,0,eGFP3
4198,16:12:45,0.063,0.656,0,0,eGFP3
4199,16:12:50,0.063,4.738,0,0,eGFP3
4200,16:12:51,0.141,0.909,0,0,eGFP3
4201,16:12:52,0.053,0.624,0,0,eGFP3
4202,16:13:27,3.312,35.685,0,0,eGFP3
4203,16:13:28,0.086,0.777,0,0,eGFP3
4204,16:13:29,0.053,0.547,0,0,eGFP3
4205,16:13:29,0.045,0.484,0,0,eGFP3
4206,16:13:30,0.042,0.448,0,0,eGFP3
4207,16:13:30,0.031,0.415,0,0,eGFP3
4208,16:13:30,0.042,0.438,0,0,eGFP3
4209,16:13:31,0.031,0.448,0,0,eGFP3
4210,16:13:31,0.053,0.470,0,0,eGFP3
4211,16:13:32,0.042,0.448,0,0,eGFP3
4212,16:13:32,0.031,0.437,0,0,eGFP3
4213,16:13:33,0.044,0.439,0,0,eGFP3
4214,16:13:33,0.043,0.427,0,0,eGFP3
4215,16:13:34,0.042,0.448,0,0,eGFP3
4216,16:13:34,0.042,0.547,0,0,eGFP3
4217,16:13:35,0.053,0.580,0,0,eGFP3
4218,16:13:35,0.053,0.481,0,0,eGFP3
4219,16:13:36,0.045,0.451,0,0,eGFP3
4220,16:13:36,0.042,0.492,0,0,eGFP3
4221,16:13:37,0.055,0.615,0,0,eGFP3
4222,16:13:37,0.064,0.569,0,0,eGFP3
4223,16:13:38,0.043,0.536,0,0,eGFP3
4224,16:13:39,0.054,0.636,0,0,eGFP3
4225,16:13:39,0.064,0.569,0,0,eGFP3
4226,16:13:40,0.054,0.580,0,0,eGFP3
4227,16:13:40,0.065,0.658,0,0,eGFP3
4228,16:13:41,0.064,0.547,0,0,eGFP3
4229,16:13:42,0.056,0.637,0,0,eGFP3
4230,16:13:42,0.065,0.592,0,0,eGFP3
4231,16:13:43,0.044,0.538,0,0,eGFP3
4232,16:13:44,0.065,1.184,0,0,eGFP3
4233,16:13:44,0.067,0.627,0,0,eGFP3
4234,16:13:45,0.053,0.536,0,0,eGFP3
4235,16:13:46,0.054,0.592,0,0,eGFP3
4236,16:13:46,0.053,0.547,0,0,eGFP3
4237,16:13:47,0.052,0.633,0,0,eGFP3
4238,16:13:47,0.054,0.548,0,0,eGFP3
4239,16:13:48,0.052,0.524,0,0,eGFP3
4240,16:13:48,0.063,0.579,0,0,eGFP3
4241,16:13:49,0.042,0.481,0,0,eGFP3
4242,16:13:49,0.041,0.491,0,0,eGFP3
4243,16:13:50,0.052,0.733,0,0,eGFP3
4244,16:13:51,0.063,0.579,0,0,eGFP3
4245,16:13:51,0.052,0.689,0,0,eGFP3
4246,16:13:52,0.076,0.735,0,0,eGFP3
4247,16:13:53,0.054,0.537,0,0,eGFP3
4248,16:13:53,0.052,0.568,0,0,eGFP3
4249,16:13:54,0.064,0.656,0,0,eGFP3
4250,16:13:54,0.064,0.613,0,0,eGFP3
4251,16:13:55,0.052,0.711,0,0,eGFP3
4252,16:13:56,0.063,0.579,0,0,eGFP3
4253,16:13:56,0.053,0.481,0,0,eGFP3
4254,16:13:57,0.054,0.493,0,0,eGFP3
4255,16:13:57,0.053,0.679,0,0,eGFP3
4256,16:13:58,0.075,0.843,0,0,eGFP3
4257,16:13:59,0.086,0.678,0,0,eGFP3
4258,16:14:00,0.053,0.613,0,0,eGFP3
4259,16:14:00,0.053,0.656,0,0,eGFP3
4260,16:14:01,0.075,0.745,0,0,eGFP3
4261,16:14:01,0.055,0.516,0,0,eGFP3
4262,16:14:02,0.044,0.505,0,0,eGFP3
4263,16:14:02,0.053,0.492,0,0,eGFP3
4264,16:14:03,0.042,0.514,0,0,eGFP3
4265,16:14:04,0.064,0.744,0,0,eGFP3
4266,16:14:05,0.076,0.789,0,0,eGFP3
4267,16:14:05,0.053,0.624,0,0,eGFP3
4268,16:14:08,0.075,2.632,0,0,eGFP3
4269,16:14:08,0.076,0.679,0,0,eGFP3
4270,16:14:09,0.044,0.516,0,0,eGFP3
4271,16:14:10,0.054,0.548,0,0,eGFP3
4272,16:14:10,0.053,0.613,0,0,eGFP3
4273,16:14:11,0.053,0.602,0,0,eGFP3
4274,16:14:11,0.054,0.591,0,0,eGFP3
4275,16:14:12,0.067,0.594,0,0,eGFP3
4276,16:14:12,0.053,0.492,0,0,eGFP3
4277,16:14:13,0.043,0.471,0,0,eGFP3
4278,16:14:14,0.045,0.626,0,0,eGFP3
4279,16:14:14,0.076,0.657,0,0,eGFP3
4280,16:14:15,0.043,0.482,0,0,eGFP3
4281,16:14:15,0.043,0.515,0,0,eGFP3
4282,16:14:16,0.054,0.866,0,0,eGFP3
4283,16:14:17,0.098,0.877,0,0,eGFP3
4284,16:14:17,0.054,0.526,0,0,eGFP3
4285,16:14:18,0.043,0.504,0,0,eGFP3
4286,16:14:19,0.056,0.648,0,0,eGFP3
4287,16:14:19,0.076,0.713,0,0,eGFP3
4288,16:14:20,0.045,0.506,0,0,eGFP3
4289,16:14:20,0.043,0.493,0,0,eGFP3
4290,16:14:21,0.065,0.669,0,0,eGFP3
4291,16:14:22,0.054,0.537,0,0,eGFP3
4292,16:14:22,0.043,0.537,0,0,eGFP3
4293,16:14:23,0.054,0.592,0,0,eGFP3
4294,16:14:23,0.067,0.616,0,0,eGFP3
4295,16:14:24,0.054,0.625,0,0,eGFP3
4296,16:14:24,0.065,0.570,0,0,eGFP3
4297,16:14:25,0.054,0.559,0,0,eGFP3
4298,16:14:26,0.043,0.493,0,0,eGFP3
4299,16:14:26,0.044,0.538,0,0,eGFP3
4300,16:14:27,0.059,0.915,0,0,eGFP3
4301,16:14:28,0.074,0.645,0,0,eGFP3
4302,16:14:28,0.043,0.504,0,0,eGFP3
4303,16:14:29,0.053,0.789,0,0,eGFP3
4304,16:14:30,0.074,0.655,0,0,eGFP3
4305,16:14:30,0.053,0.503,0,0,eGFP3
4306,16:14:31,0.041,0.535,0,0,eGFP3
4307,16:14:31,0.063,0.678,0,0,eGFP3
4308,16:14:32,0.052,0.612,0,0,eGFP3
4309,16:14:32,0.063,0.579,0,0,eGFP3
4310,16:14:33,0.064,0.722,0,0,eGFP3
4311,16:14:34,0.076,0.702,0,0,eGFP3
4312,16:14:34,0.052,0.513,0,0,eGFP3
4313,16:14:35,0.042,0.580,0,0,eGFP3
4314,16:14:36,0.063,0.744,0,0,eGFP3
4315,16:14:37,0.096,0.853,0,0,eGFP3
4316,16:14:37,0.055,0.549,0,0,eGFP3
4317,16:14:38,0.053,0.536,0,0,eGFP3
4318,16:14:38,0.052,0.755,0,0,eGFP3
4319,16:14:39,0.076,0.713,0,0,eGFP3
4320,16:14:40,0.053,0.569,0,0,eGFP3
4321,16:14:40,0.053,0.634,0,0,eGFP3
4322,16:14:41,0.086,1.151,0,0,eGFP3
4323,16:14:42,0.075,0.678,0,0,eGFP3
4324,16:14:43,0.042,0.514,0,0,eGFP3
4325,16:14:43,0.053,0.536,0,0,eGFP3
4326,16:14:44,0.064,0.821,0,0,eGFP3
4327,16:14:45,0.088,0.999,0,0,eGFP3
4328,16:14:46,0.075,0.679,0,0,eGFP3
4329,16:14:46,0.042,0.514,0,0,eGFP3
4330,16:14:47,0.044,0.494,0,0,eGFP3
4331,16:14:47,0.064,0.788,0,0,eGFP3
4332,16:14:48,0.076,0.646,0,0,eGFP3
4333,16:14:49,0.054,0.548,0,0,eGFP3
4334,16:14:49,0.053,0.624,0,0,eGFP3
4335,16:14:50,0.055,0.549,0,0,eGFP3
4336,16:14:50,0.053,0.492,0,0,eGFP3
4337,16:14:51,0.043,0.635,0,0,eGFP3
4338,16:14:52,0.065,0.668,0,0,eGFP3
4339,16:14:52,0.054,0.570,0,0,eGFP3
4340,16:14:53,0.053,0.536,0,0,eGFP3
4341,16:14:53,0.054,0.635,0,0,eGFP3
4342,16:14:54,0.076,0.767,0,0,eGFP3
4343,16:14:55,0.056,0.594,0,0,eGFP3
4344,16:14:55,0.044,0.560,0,0,eGFP3
4345,16:14:56,0.065,0.712,0,0,eGFP3
4346,16:14:57,0.087,0.888,0,0,eGFP3
4347,16:14:57,0.065,0.570,0,0,eGFP3
4348,16:14:58,0.043,0.482,0,0,eGFP3
4349,16:14:59,0.043,0.602,0,0,eGFP3
4350,16:15:00,0.087,1.042,0,0,eGFP3
4351,16:15:00,0.100,0.824,0,0,eGFP3
4352,16:15:01,0.054,0.559,0,0,eGFP3
4353,16:15:02,0.054,0.690,0,0,eGFP3
4354,16:15:03,0.076,0.976,0,0,eGFP3
4355,16:15:03,0.065,0.636,0,0,eGFP3
4356,16:15:04,0.065,0.701,0,0,eGFP3
4357,16:15:05,0.077,0.735,0,0,eGFP3
4358,16:15:05,0.056,0.682,0,0,eGFP3
4359,16:15:06,0.078,0.791,0,0,eGFP3
4360,16:15:07,0.077,0.658,0,0,eGFP3
4361,16:15:08,0.077,0.790,0,0,eGFP3
4362,16:15:08,0.076,0.669,0,0,eGFP3
4363,16:15:09,0.050,0.544,0,0,eGFP3
4364,16:15:10,0.052,0.721,0,0,eGFP3
4365,16:15:10,0.074,0.689,0,0,eGFP3
4366,16:15:11,0.052,0.524,0,0,eGFP3
4367,16:15:11,0.041,0.579,0,0,eGFP3
4368,16:15:12,0.076,0.932,0,0,eGFP3
4369,16:15:13,0.063,0.590,0,0,eGFP3
4370,16:15:13,0.052,0.502,0,0,eGFP3
4371,16:15:14,0.054,0.592,0,0,eGFP3
4372,16:15:15,0.075,0.777,0,0,eGFP3
4373,16:15:15,0.052,0.546,0,0,eGFP3
4374,16:15:16,0.042,0.514,0,0,eGFP3
4375,16:15:17,0.052,0.744,0,0,eGFP3
4376,16:15:17,0.098,0.866,0,0,eGFP3
4377,16:15:18,0.064,0.865,0,0,eGFP3
4378,16:15:19,0.130,0.887,0,0,eGFP3
4379,16:15:21,0.063,2.116,0,0,eGFP3
4380,16:15:22,0.217,1.106,0,0,eGFP3
4381,16:15:23,0.064,0.733,0,0,eGFP3
4382,16:19:54,264.936,270.884,0,0,eGFP3
4383,16:19:55,0.097,0.909,0,0,eGFP3
4384,16:19:56,0.066,0.593,0,0,eGFP3
4385,16:19:56,0.055,0.549,0,0,eGFP3
4386,16:19:57,0.053,0.536,0,0,eGFP3
4387,16:19:57,0.053,0.492,0,0,eGFP3
4388,16:19:58,0.042,0.569,0,0,eGFP3
4389,16:19:58,0.064,0.657,0,0,eGFP3
4390,16:19:59,0.053,0.503,0,0,eGFP3
4391,16:19:59,0.042,0.481,0,0,eGFP3
4392,16:20:00,0.045,0.681,0,0,eGFP3
4393,16:20:01,0.076,0.778,0,0,eGFP3
4394,16:20:01,0.064,0.580,0,0,eGFP3
4395,16:20:02,0.054,0.701,0,0,eGFP3
4396,16:20:03,0.064,0.602,0,0,eGFP3
4397,16:20:03,0.054,0.504,0,0,eGFP3
4398,16:20:04,0.053,0.580,0,0,eGFP3
4399,16:20:04,0.055,0.560,0,0,eGFP3
4400,16:20:05,0.045,0.473,0,0,eGFP3
4401,16:20:05,0.043,0.460,0,0,eGFP3
4402,16:20:06,0.053,0.778,0,0,eGFP3
4403,16:20:07,0.075,0.646,0,0,eGFP3
4404,16:20:07,0.043,0.569,0,0,eGFP3
4405,16:20:08,0.065,0.910,0,0,eGFP3
4406,16:20:09,0.076,0.691,0,0,eGFP3
4407,16:20:09,0.043,0.580,0,0,eGFP3
4408,16:20:10,0.067,0.791,0,0,eGFP3
4409,16:20:11,0.055,0.548,0,0,eGFP3
4410,16:20:11,0.044,0.537,0,0,eGFP3
4411,16:20:12,0.043,0.526,0,0,eGFP3
4412,16:20:12,0.054,0.581,0,0,eGFP3
4413,16:20:13,0.056,0.572,0,0,eGFP3
4414,16:20:13,0.043,0.526,0,0,eGFP3
4415,16:20:14,0.054,0.548,0,0,eGFP3
4416,16:20:15,0.056,0.550,0,0,eGFP3
4417,16:20:15,0.043,0.471,0,0,eGFP3
4418,16:20:16,0.043,0.460,0,0,eGFP3
4419,16:20:16,0.054,0.779,0,0,eGFP3
4420,16:20:18,0.131,1.514,0,0,eGFP3
4421,16:20:18,0.065,0.647,0,0,eGFP3
4422,16:20:19,0.043,0.504,0,0,eGFP3
4423,16:20:19,0.033,0.450,0,0,eGFP3
4424,16:20:20,0.035,0.452,0,0,eGFP3
4425,16:20:21,0.043,0.669,0,0,eGFP3
4426,16:20:21,0.087,0.822,0,0,eGFP3
4427,16:20:22,0.061,0.544,0,0,eGFP3
4428,16:20:22,0.052,0.568,0,0,eGFP3
4429,16:20:23,0.052,0.524,0,0,eGFP3
4430,16:20:24,0.042,0.535,0,0,eGFP3
4431,16:20:24,0.064,0.788,0,0,eGFP3
4432,16:20:25,0.085,1.095,0,0,eGFP3
4433,16:20:26,0.120,0.767,0,0,eGFP3
4434,16:20:27,0.042,0.514,0,0,eGFP3
4435,16:20:27,0.041,0.513,0,0,eGFP3
4436,16:20:28,0.042,0.470,0,0,eGFP3
4437,16:20:28,0.042,0.557,0,0,eGFP3
4438,16:20:29,0.075,1.073,0,0,eGFP3
4439,16:20:30,0.086,0.701,0,0,eGFP3
4440,16:20:30,0.041,0.491,0,0,eGFP3
4441,16:20:31,0.045,0.473,0,0,eGFP3
4442,16:20:31,0.042,0.437,0,0,eGFP3
4443,16:20:32,0.042,0.569,0,0,eGFP3
4444,16:20:33,0.064,0.777,0,0,eGFP3
4445,16:20:33,0.053,0.558,0,0,eGFP3
4446,16:20:34,0.052,0.568,0,0,eGFP3
4447,16:20:35,0.053,0.668,0,0,eGFP3
4448,16:20:35,0.063,0.634,0,0,eGFP3
4449,16:20:36,0.055,0.571,0,0,eGFP3
4450,16:20:36,0.064,0.667,0,0,eGFP3
4451,16:20:37,0.053,0.580,0,0,eGFP3
4452,16:20:38,0.064,0.602,0,0,eGFP3
4453,16:20:38,0.042,0.481,0,0,eGFP3
4454,16:20:39,0.048,0.531,0,0,eGFP3
4455,16:20:40,0.053,1.073,0,0,eGFP3
4456,16:20:40,0.076,0.613,0,0,eGFP3
4457,16:20:41,0.056,0.593,0,0,eGFP3
4458,16:20:42,0.076,0.932,0,0,eGFP3
4459,16:20:43,0.119,1.556,0,0,eGFP3
4460,16:20:44,0.076,0.679,0,0,eGFP3
4461,16:20:45,0.043,0.537,0,0,eGFP3
4462,16:20:45,0.053,0.591,0,0,eGFP3
4463,16:20:46,0.054,0.822,0,0,eGFP3
4464,16:20:49,0.108,3.390,0,0,eGFP3
4465,16:20:50,0.066,0.604,0,0,eGFP3
4466,16:20:51,0.053,0.547,0,0,eGFP3
4467,16:20:51,0.043,0.460,0,0,eGFP3
4468,16:20:52,0.045,0.517,0,0,eGFP3
4469,16:20:52,0.076,0.844,0,0,eGFP3
4470,16:20:53,0.054,0.570,0,0,eGFP3
4471,16:20:53,0.054,0.515,0,0,eGFP3
4472,16:20:54,0.054,0.471,0,0,eGFP3
4473,16:20:54,0.033,0.418,0,0,eGFP3
4474,16:20:55,0.043,0.613,0,0,eGFP3
4475,16:20:56,0.076,0.713,0,0,eGFP3
4476,16:20:56,0.043,0.570,0,0,eGFP3
4477,16:20:57,0.054,0.691,0,0,eGFP3
4478,16:20:58,0.054,0.580,0,0,eGFP3
4479,16:20:58,0.055,0.570,0,0,eGFP3
4480,16:20:59,0.055,0.505,0,0,eGFP3
4481,16:20:59,0.045,0.550,0,0,eGFP3
4482,16:21:00,0.067,0.736,0,0,eGFP3
4483,16:21:00,0.055,0.527,0,0,eGFP3
4484,16:21:01,0.043,0.493,0,0,eGFP3
4485,16:21:01,0.043,0.493,0,0,eGFP3
4486,16:21:02,0.044,0.461,0,0,eGFP3
4487,16:21:02,0.043,0.493,0,0,eGFP3
4488,16:21:03,0.044,0.845,0,0,eGFP3
4489,16:21:04,0.084,0.918,0,0,eGFP3
4490,16:21:05,0.073,0.665,0,0,eGFP3
4491,16:21:05,0.042,0.568,0,0,eGFP3
4492,16:21:06,0.064,0.623,0,0,eGFP3
4493,16:21:07,0.064,0.953,0,0,eGFP3
4494,16:21:08,0.074,0.776,0,0,eGFP3
4495,16:21:13,3.685,4.881,0,0,eGFP3
4496,16:21:13,0.066,0.625,0,0,eGFP3
4497,16:21:15,0.053,2.149,0,0,eGFP3
4498,16:21:16,0.109,0.789,0,0,eGFP3
4499,16:21:17,0.053,0.646,0,0,eGFP3
4500,16:21:19,0.074,1.995,0,0,eGFP3
4501,16:21:19,0.075,0.645,0,0,eGFP3
4502,16:21:20,0.053,0.558,0,0,eGFP3
4503,16:21:21,0.053,0.931,0,0,eGFP3
4504,16:21:22,0.075,0.678,0,0,eGFP3
4505,16:21:22,0.042,0.514,0,0,eGFP3
4506,16:21:23,0.044,0.494,0,0,eGFP3
4507,16:21:23,0.042,0.667,0,0,eGFP3
4508,16:21:24,0.075,0.789,0,0,eGFP3
4509,16:21:25,0.053,0.536,0,0,eGFP3
4510,16:21:25,0.043,0.515,0,0,eGFP3
4511,16:21:26,0.053,0.460,0,0,eGFP3
4512,16:21:26,0.042,0.426,0,0,eGFP3
4513,16:21:27,0.042,0.624,0,0,eGFP3
4514,16:21:27,0.077,0.845,0,0,eGFP3
4515,16:21:28,0.064,0.558,0,0,eGFP3
4516,16:21:29,0.053,0.492,0,0,eGFP3
4517,16:21:29,0.043,0.427,0,0,eGFP3
4518,16:21:29,0.042,0.437,0,0,eGFP3
4519,16:21:30,0.042,0.514,0,0,eGFP3
4520,16:21:31,0.065,0.888,0,0,eGFP3
4521,16:21:31,0.064,0.613,0,0,eGFP3
4522,16:21:32,0.055,0.560,0,0,eGFP3
4523,16:21:33,0.053,0.602,0,0,eGFP3
4524,16:21:33,0.055,0.670,0,0,eGFP3
4525,16:21:34,0.054,0.591,0,0,eGFP3
4526,16:21:34,0.043,0.548,0,0,eGFP3
4527,16:21:35,0.064,0.679,0,0,eGFP3
4528,16:21:36,0.054,0.547,0,0,eGFP3
4529,16:21:36,0.043,0.482,0,0,eGFP3
4530,16:21:37,0.056,0.626,0,0,eGFP3
4531,16:21:37,0.065,0.811,0,0,eGFP3
4532,16:21:38,0.065,0.691,0,0,eGFP3
4533,16:21:39,0.076,1.107,0,0,eGFP3
4534,16:21:40,0.065,0.625,0,0,eGFP3
4535,16:21:40,0.054,0.526,0,0,eGFP3
4536,16:21:41,0.053,0.690,0,0,eGFP3
4537,16:21:42,0.056,0.583,0,0,eGFP3
4538,16:21:42,0.045,0.495,0,0,eGFP3
4539,16:21:43,0.054,0.701,0,0,eGFP3
4540,16:21:44,0.076,0.724,0,0,eGFP3
4541,16:21:44,0.054,0.559,0,0,eGFP3
4542,16:21:45,0.054,0.537,0,0,eGFP3
4543,16:21:45,0.043,0.504,0,0,eGFP3
4544,16:21:46,0.054,0.702,0,0,eGFP3
4545,16:21:47,0.065,0.570,0,0,eGFP3
4546,16:21:47,0.045,0.484,0,0,eGFP3
4547,16:21:48,0.054,0.757,0,0,eGFP3
4548,16:21:48,0.054,0.581,0,0,eGFP3
4549,16:21:49,0.043,0.614,0,0,eGFP3
4550,16:21:50,0.054,0.636,0,0,eGFP3
4551,16:21:50,0.046,0.474,0,0,eGFP3
4552,16:21:51,0.032,0.504,0,0,eGFP3
4553,16:21:51,0.060,0.751,0,0,eGFP3
4554,16:21:52,0.064,0.590,0,0,eGFP3
4555,16:21:52,0.043,0.526,0,0,eGFP3
4556,16:21:53,0.052,0.502,0,0,eGFP3
4557,16:21:54,0.064,0.612,0,0,eGFP3
4558,16:21:54,0.064,0.689,0,0,eGFP3
4559,16:21:55,0.064,0.689,0,0,eGFP3
4560,16:21:56,0.064,0.744,0,0,eGFP3
4561,16:21:56,0.063,0.722,0,0,eGFP3
4562,16:21:57,0.052,0.590,0,0,eGFP3
4563,16:21:58,0.054,0.581,0,0,eGFP3
4564,16:21:58,0.042,0.525,0,0,eGFP3
4565,16:21:59,0.054,0.668,0,0,eGFP3
4566,16:22:00,0.075,0.756,0,0,eGFP3
4567,16:22:00,0.052,0.590,0,0,eGFP3
4568,16:22:01,0.053,0.569,0,0,eGFP3
4569,16:22:01,0.041,0.535,0,0,eGFP3
4570,16:22:02,0.042,0.492,0,0,eGFP3
4571,16:22:02,0.055,0.548,0,0,eGFP3
4572,16:22:03,0.064,0.865,0,0,eGFP3
4573,16:22:05,0.075,1.414,0,0,eGFP3
4574,16:22:05,0.130,0.898,0,0,eGFP3
4575,16:22:06,0.064,0.646,0,0,eGFP3
4576,16:22:07,0.053,0.558,0,0,eGFP3
4577,16:22:07,0.053,0.580,0,0,eGFP3
4578,16:22:08,0.053,0.601,0,0,eGFP3
4579,16:22:08,0.046,0.507,0,0,eGFP3
4580,16:22:09,0.042,0.569,0,0,eGFP3
4581,16:22:10,0.075,0.701,0,0,eGFP3
4582,16:22:10,0.053,0.525,0,0,eGFP3
4583,16:22:11,0.053,0.547,0,0,eGFP3
4584,16:22:11,0.043,0.525,0,0,eGFP3
4585,16:22:12,0.043,0.526,0,0,eGFP3
4586,16:22:12,0.042,0.657,0,0,eGFP3
4587,16:22:13,0.077,0.691,0,0,eGFP3
4588,16:22:14,0.054,0.548,0,0,eGFP3
4589,16:22:14,0.053,0.580,0,0,eGFP3
4590,16:22:15,0.054,0.712,0,0,eGFP3
4591,16:22:16,0.087,1.030,0,0,eGFP3
4592,16:22:17,0.065,0.592,0,0,eGFP3
4593,16:22:17,0.044,0.549,0,0,eGFP3
4594,16:22:18,0.043,0.548,0,0,eGFP3
4595,16:22:18,0.044,0.560,0,0,eGFP3
4596,16:22:19,0.043,0.526,0,0,eGFP3
4597,16:22:19,0.043,0.602,0,0,eGFP3
4598,16:22:20,0.087,0.910,0,0,eGFP3
4599,16:22:21,0.065,0.581,0,0,eGFP3
4600,16:22:21,0.054,0.570,0,0,eGFP3
4601,16:22:22,0.054,0.866,0,0,eGFP3
4602,16:22:23,0.065,0.690,0,0,eGFP3
4603,16:22:23,0.045,0.506,0,0,eGFP3
4604,16:22:24,0.054,0.647,0,0,eGFP3
4605,16:22:25,0.076,0.789,0,0,eGFP3
4606,16:22:25,0.055,0.537,0,0,eGFP3
4607,16:22:26,0.046,0.583,0,0,eGFP3
4608,16:22:27,0.055,0.691,0,0,eGFP3
4609,16:22:27,0.055,0.592,0,0,eGFP3
4610,16:22:28,0.066,0.647,0,0,eGFP3
4611,16:22:29,0.079,1.132,0,0,eGFP3
4612,16:22:30,0.077,0.680,0,0,eGFP3
4613,16:22:30,0.055,0.614,0,0,eGFP3
4614,16:22:31,0.055,0.570,0,0,eGFP3
4615,16:22:31,0.044,0.483,0,0,eGFP3
4616,16:22:32,0.049,0.752,0,0,eGFP3
4617,16:22:33,0.074,0.765,0,0,eGFP3
4618,16:22:33,0.053,0.535,0,0,eGFP3
4619,16:22:34,0.042,0.525,0,0,eGFP3
4620,16:22:35,0.047,0.651,0,0,eGFP3
4621,16:22:35,0.063,0.733,0,0,eGFP3
4622,16:22:36,0.052,0.535,0,0,eGFP3
4623,16:22:36,0.042,0.448,0,0,eGFP3
4624,16:22:37,0.041,0.469,0,0,eGFP3
4625,16:22:38,0.053,1.062,0,0,eGFP3
4626,16:22:39,0.108,0.788,0,0,eGFP3
4627,16:22:39,0.053,0.558,0,0,eGFP3
4628,16:22:40,0.043,0.504,0,0,eGFP3
4629,16:22:40,0.042,0.481,0,0,eGFP3
4630,16:22:41,0.053,0.502,0,0,eGFP3
4631,16:22:41,0.042,0.635,0,0,eGFP3
4632,16:22:42,0.064,0.788,0,0,eGFP3
4633,16:22:43,0.053,0.569,0,0,eGFP3
4634,16:22:43,0.043,0.581,0,0,eGFP3
4635,16:22:44,0.075,0.788,0,0,eGFP3
4636,16:22:45,0.066,0.626,0,0,eGFP3
4637,16:22:45,0.042,0.635,0,0,eGFP3
4638,16:22:46,0.064,0.667,0,0,eGFP3
4639,16:22:47,0.064,0.657,0,0,eGFP3
4640,16:22:47,0.053,0.536,0,0,eGFP3
4641,16:22:48,0.042,0.492,0,0,eGFP3
4642,16:22:49,0.053,0.953,0,0,eGFP3
4643,16:22:49,0.097,0.745,0,0,eGFP3
4644,16:22:50,0.044,0.472,0,0,eGFP3
4645,16:22:50,0.042,0.459,0,0,eGFP3
4646,16:22:51,0.054,0.943,0,0,eGFP3
4647,16:22:52,0.097,0.734,0,0,eGFP3
4648,16:22:52,0.044,0.494,0,0,eGFP3
4649,16:22:53,0.043,0.602,0,0,eGFP3
4650,16:22:54,0.055,0.735,0,0,eGFP3
4651,16:22:54,0.065,0.635,0,0,eGFP3
4652,16:22:55,0.045,0.494,0,0,eGFP3
4653,16:22:55,0.043,0.449,0,0,eGFP3
4654,16:22:56,0.032,0.471,0,0,eGFP3
4655,16:22:57,0.054,0.866,0,0,eGFP3
4656,16:22:57,0.075,0.679,0,0,eGFP3
4657,16:22:58,0.043,0.537,0,0,eGFP3
4658,16:25:23,0.042,145.152,0,0,eGFP3
4659,16:25:24,0.109,0.877,0,0,eGFP3
4660,16:25:24,0.056,0.539,0,0,eGFP3
4661,16:25:25,0.043,0.460,0,0,eGFP3
4662,16:25:25,0.045,0.506,0,0,eGFP3
4663,16:25:26,0.044,0.461,0,0,eGFP3
4664,16:25:26,0.043,0.416,0,0,eGFP3
4665,16:25:27,0.043,0.427,0,0,eGFP3
4666,16:25:27,0.043,0.471,0,0,eGFP3
4667,16:25:28,0.044,0.603,0,0,eGFP3
4668,16:25:28,0.067,0.660,0,0,eGFP3
4669,16:25:29,0.043,0.526,0,0,eGFP3
4670,16:25:30,0.055,0.483,0,0,eGFP3
4671,16:25:30,0.043,0.482,0,0,eGFP3
4672,16:25:30,0.043,0.471,0,0,eGFP3
4673,16:25:31,0.055,0.713,0,0,eGFP3
4674,16:25:32,0.055,0.592,0,0,eGFP3
4675,16:25:32,0.044,0.461,0,0,eGFP3
4676,16:25:33,0.037,0.432,0,0,eGFP3
4677,16:25:33,0.043,0.592,0,0,eGFP3
4678,16:25:34,0.076,0.943,0,0,eGFP3
4679,16:25:35,0.050,0.675,0,0,eGFP3
4680,16:25:36,0.074,0.744,0,0,eGFP3
4681,16:25:36,0.052,0.546,0,0,eGFP3
4682,16:25:37,0.052,0.656,0,0,eGFP3
4683,16:25:38,0.085,0.886,0,0,eGFP3
4684,16:25:39,0.086,0.865,0,0,eGFP3
4685,16:25:39,0.065,0.680,0,0,eGFP3
4686,16:25:40,0.052,0.645,0,0,eGFP3
4687,16:25:41,0.074,0.777,0,0,eGFP3
4688,16:25:41,0.052,0.568,0,0,eGFP3
4689,16:25:42,0.053,0.722,0,0,eGFP3
4690,16:25:43,0.076,0.757,0,0,eGFP3
4691,16:25:43,0.052,0.513,0,0,eGFP3
4692,16:25:44,0.042,0.492,0,0,eGFP3
4693,16:25:44,0.044,0.625,0,0,eGFP3
4694,16:25:45,0.075,0.755,0,0,eGFP3
4695,16:25:46,0.064,0.657,0,0,eGFP3
4696,16:25:48,0.053,2.237,0,0,eGFP3
4697,16:25:49,0.108,0.777,0,0,eGFP3
4698,16:25:49,0.053,0.668,0,0,eGFP3
4699,16:25:51,0.075,1.084,0,0,eGFP3
4700,16:25:51,0.064,0.646,0,0,eGFP3
4701,16:25:52,0.055,0.571,0,0,eGFP3
4702,16:25:52,0.042,0.613,0,0,eGFP3
4703,16:25:53,0.044,0.515,0,0,eGFP3
4704,16:25:53,0.043,0.591,0,0,eGFP3
4705,16:25:54,0.076,0.877,0,0,eGFP3
4706,16:25:55,0.064,0.591,0,0,eGFP3
4707,16:25:55,0.053,0.525,0,0,eGFP3
4708,16:25:56,0.053,0.591,0,0,eGFP3
4709,16:25:57,0.055,0.593,0,0,eGFP3
4710,16:25:57,0.053,0.492,0,0,eGFP3
4711,16:25:58,0.043,0.471,0,0,eGFP3
4712,16:25:58,0.053,0.635,0,0,eGFP3
4713,16:25:59,0.043,0.558,0,0,eGFP3
4714,16:25:59,0.043,0.471,0,0,eGFP3
4715,16:26:00,0.043,0.449,0,0,eGFP3
4716,16:26:00,0.042,0.437,0,0,eGFP3
4717,16:26:01,0.047,0.464,0,0,eGFP3
4718,16:26:01,0.042,0.525,0,0,eGFP3
4719,16:26:02,0.054,0.888,0,0,eGFP3
4720,16:26:03,0.065,0.657,0,0,eGFP3
4721,16:26:03,0.054,0.680,0,0,eGFP3
4722,16:26:04,0.054,0.635,0,0,eGFP3
4723,16:26:05,0.076,0.690,0,0,eGFP3
4724,16:26:05,0.054,0.515,0,0,eGFP3
4725,16:26:06,0.056,0.594,0,0,eGFP3
4726,16:26:07,0.076,0.943,0,0,eGFP3
4727,16:26:07,0.065,0.624,0,0,eGFP3
4728,16:26:08,0.051,0.600,0,0,eGFP3
4729,16:26:09,0.063,0.623,0,0,eGFP3
4730,16:26:09,0.041,0.491,0,0,eGFP3
4731,16:26:10,0.043,0.460,0,0,eGFP3
4732,16:26:10,0.041,0.700,0,0,eGFP3
4733,16:26:11,0.098,0.778,0,0,eGFP3
4734,16:26:12,0.052,0.513,0,0,eGFP3
4735,16:26:12,0.053,0.569,0,0,eGFP3
4736,16:26:13,0.074,0.820,0,0,eGFP3
4737,16:26:14,0.064,0.645,0,0,eGFP3
4738,16:26:14,0.075,0.843,0,0,eGFP3
4739,16:26:15,0.053,0.612,0,0,eGFP3
4740,16:26:16,0.064,0.722,0,0,eGFP3
4741,16:26:16,0.055,0.593,0,0,eGFP3
4742,16:26:17,0.063,0.711,0,0,eGFP3
4743,16:26:18,0.042,0.546,0,0,eGFP3
4744,16:26:18,0.053,0.800,0,0,eGFP3
4745,16:26:19,0.076,0.646,0,0,eGFP3
4746,16:26:20,0.064,0.701,0,0,eGFP3
4747,16:26:20,0.053,0.623,0,0,eGFP3
4748,16:26:21,0.086,0.855,0,0,eGFP3
4749,16:26:22,0.053,0.601,0,0,eGFP3
4750,16:26:23,0.055,0.703,0,0,eGFP3
4751,16:26:23,0.053,0.590,0,0,eGFP3
4752,16:26:24,0.064,0.613,0,0,eGFP3
4753,16:26:24,0.042,0.492,0,0,eGFP3
4754,16:26:25,0.042,0.624,0,0,eGFP3
4755,16:26:26,0.064,0.788,0,0,eGFP3
4756,16:26:26,0.065,0.569,0,0,eGFP3
4757,16:26:27,0.043,0.471,0,0,eGFP3
4758,16:26:27,0.044,0.505,0,0,eGFP3
4759,16:26:28,0.055,0.966,0,0,eGFP3
4760,16:26:29,0.097,0.722,0,0,eGFP3
4761,16:26:30,0.054,0.647,0,0,eGFP3
4762,16:26:30,0.064,0.558,0,0,eGFP3
4763,16:26:30,0.042,0.437,0,0,eGFP3
4764,16:26:31,0.043,0.471,0,0,eGFP3
4765,16:26:32,0.053,0.811,0,0,eGFP3
4766,16:26:32,0.066,0.615,0,0,eGFP3
4767,16:26:33,0.053,0.679,0,0,eGFP3
4768,16:26:34,0.065,0.624,0,0,eGFP3
4769,16:26:34,0.043,0.482,0,0,eGFP3
4770,16:26:35,0.043,0.548,0,0,eGFP3
4771,16:26:36,0.053,0.832,0,0,eGFP3
4772,16:26:36,0.076,0.658,0,0,eGFP3
4773,16:26:37,0.045,0.549,0,0,eGFP3
4774,16:26:38,0.067,1.121,0,0,eGFP3
4775,16:26:39,0.064,0.624,0,0,eGFP3
4776,16:26:39,0.043,0.526,0,0,eGFP3
4777,16:26:40,0.043,0.680,0,0,eGFP3
4778,16:26:40,0.065,0.559,0,0,eGFP3
4779,16:26:41,0.054,0.471,0,0,eGFP3
4780,16:26:42,0.043,0.789,0,0,eGFP3
4781,16:26:42,0.109,0.789,0,0,eGFP3
4782,16:26:43,0.057,0.517,0,0,eGFP3
4783,16:26:44,0.055,0.669,0,0,eGFP3
4784,16:26:44,0.087,0.801,0,0,eGFP3
4785,16:26:45,0.054,0.646,0,0,eGFP3
4786,16:26:46,0.068,0.682,0,0,eGFP3
4787,16:26:46,0.055,0.614,0,0,eGFP3
4788,16:26:47,0.055,0.702,0,0,eGFP3
4789,16:26:48,0.055,0.647,0,0,eGFP3
4790,16:26:48,0.057,0.726,0,0,eGFP3
4791,16:26:49,0.050,0.533,0,0,eGFP3
4792,16:26:49,0.041,0.458,0,0,eGFP3
4793,16:26:50,0.041,0.678,0,0,eGFP3
4794,16:26:51,0.063,0.952,0,0,eGFP3
4795,16:26:52,0.118,1.446,0,0,eGFP3
4796,16:26:53,0.063,0.601,0,0,eGFP3
4797,16:27:02,0.052,9.128,0,0,eGFP3
4798,16:27:03,0.076,0.636,0,0,eGFP3
4799,16:27:03,0.041,0.502,0,0,eGFP3
4800,16:27:04,0.043,0.713,0,0,eGFP3
4801,16:27:05,0.063,0.689,0,0,eGFP3
4802,16:27:05,0.053,0.579,0,0,eGFP3
4803,16:27:06,0.053,0.591,0,0,eGFP3
4804,16:27:06,0.041,0.480,0,0,eGFP3
4805,16:27:07,0.053,0.646,0,0,eGFP3
4806,16:27:07,0.054,0.537,0,0,eGFP3
4807,16:27:08,0.053,0.678,0,0,eGFP3
4808,16:27:09,0.053,0.657,0,0,eGFP3
4809,16:27:09,0.041,0.469,0,0,eGFP3
4810,16:27:10,0.042,0.437,0,0,eGFP3
4811,16:27:10,0.042,0.503,0,0,eGFP3
4812,16:27:11,0.042,0.492,0,0,eGFP3
4813,16:27:11,0.042,0.514,0,0,eGFP3
4814,16:27:12,0.044,0.483,0,0,eGFP3
4815,16:27:12,0.054,0.702,0,0,eGFP3
4816,16:27:13,0.075,0.810,0,0,eGFP3
4817,16:27:14,0.042,0.602,0,0,eGFP3
4818,16:27:15,0.053,0.689,0,0,eGFP3
4819,16:27:15,0.054,0.569,0,0,eGFP3
4820,16:27:16,0.054,0.690,0,0,eGFP3
4821,16:27:16,0.053,0.514,0,0,eGFP3
4822,16:27:17,0.043,0.504,0,0,eGFP3
4823,16:27:17,0.044,0.505,0,0,eGFP3
4824,16:27:18,0.042,0.668,0,0,eGFP3
4825,16:27:19,0.097,0.931,0,0,eGFP3
4826,16:27:19,0.053,0.525,0,0,eGFP3
4827,16:27:20,0.043,0.558,0,0,eGFP3
4828,16:27:21,0.045,0.978,0,0,eGFP3
4829,16:27:22,0.086,0.701,0,0,eGFP3
4830,16:27:22,0.042,0.613,0,0,eGFP3
4831,16:27:24,0.067,1.252,0,0,eGFP3
4832,16:27:24,0.075,0.723,0,0,eGFP3
4833,16:27:25,0.076,0.734,0,0,eGFP3
4834,16:27:26,0.054,0.515,0,0,eGFP3
4835,16:27:26,0.043,0.438,0,0,eGFP3
4836,16:27:26,0.032,0.460,0,0,eGFP3
4837,16:27:28,0.064,1.590,0,0,eGFP3
4838,16:27:29,0.065,0.624,0,0,eGFP3
4839,16:27:29,0.045,0.506,0,0,eGFP3
4840,16:27:30,0.054,1.075,0,0,eGFP3
4841,16:27:31,0.087,0.690,0,0,eGFP3
4842,16:27:32,0.056,0.638,0,0,eGFP3
4843,16:27:32,0.065,0.614,0,0,eGFP3
4844,16:27:33,0.054,0.625,0,0,eGFP3
4845,16:27:33,0.054,0.526,0,0,eGFP3
4846,16:27:34,0.043,0.438,0,0,eGFP3
4847,16:27:34,0.034,0.517,0,0,eGFP3
4848,16:27:35,0.054,0.592,0,0,eGFP3
4849,16:27:35,0.054,0.526,0,0,eGFP3
4850,16:27:36,0.044,0.472,0,0,eGFP3
4851,16:27:36,0.043,0.482,0,0,eGFP3
4852,16:27:37,0.043,0.691,0,0,eGFP3
4853,16:27:38,0.120,0.811,0,0,eGFP3
4854,16:27:39,0.054,0.724,0,0,eGFP3
4855,16:27:39,0.072,0.763,0,0,eGFP3
4856,16:27:40,0.043,0.569,0,0,eGFP3
4857,16:27:41,0.053,0.634,0,0,eGFP3
4858,16:27:41,0.053,0.667,0,0,eGFP3
4859,16:27:42,0.074,0.744,0,0,eGFP3
4860,16:27:43,0.052,0.689,0,0,eGFP3
4861,16:27:43,0.085,0.666,0,0,eGFP3
4862,16:27:44,0.053,0.492,0,0,eGFP3
4863,16:27:44,0.043,0.570,0,0,eGFP3
4864,16:27:45,0.052,0.601,0,0,eGFP3
4865,16:27:46,0.074,0.886,0,0,eGFP3
4866,16:27:46,0.064,0.569,0,0,eGFP3
4867,16:27:47,0.041,0.579,0,0,eGFP3
4868,16:27:48,0.042,0.744,0,0,eGFP3
4869,16:27:48,0.087,0.713,0,0,eGFP3
4870,16:27:49,0.053,0.492,0,0,eGFP3
4871,16:27:50,0.054,0.647,0,0,eGFP3
4872,16:27:50,0.118,0.843,0,0,eGFP3
4873,16:27:51,0.041,0.502,0,0,eGFP3
4874,16:27:51,0.042,0.470,0,0,eGFP3
4875,16:27:52,0.042,0.777,0,0,eGFP3
4876,16:27:53,0.130,1.293,0,0,eGFP3
4877,16:27:54,0.075,0.624,0,0,eGFP3
4878,16:27:55,0.053,0.700,0,0,eGFP3
4879,16:27:56,0.064,0.723,0,0,eGFP3
4880,16:27:58,0.098,2.908,0,0,eGFP3
4881,16:27:59,0.075,0.722,0,0,eGFP3
4882,16:28:00,0.075,0.646,0,0,eGFP3
4883,16:28:00,0.044,0.681,0,0,eGFP3
4884,16:28:01,0.064,0.722,0,0,eGFP3
4885,16:28:02,0.054,0.525,0,0,eGFP3
4886,16:28:02,0.043,0.471,0,0,eGFP3
4887,16:28:03,0.031,0.404,0,0,eGFP3
4888,16:28:03,0.033,0.395,0,0,eGFP3
4889,16:28:04,0.043,0.581,0,0,eGFP3
4890,16:28:04,0.053,0.733,0,0,eGFP3
4891,16:28:05,0.065,0.592,0,0,eGFP3
4892,16:28:05,0.042,0.503,0,0,eGFP3
4893,16:28:06,0.043,0.548,0,0,eGFP3
4894,16:28:06,0.043,0.482,0,0,eGFP3
4895,16:28:07,0.042,0.415,0,0,eGFP3
4896,16:28:07,0.034,0.429,0,0,eGFP3
4897,16:28:08,0.034,0.604,0,0,eGFP3
4898,16:28:09,0.098,0.877,0,0,eGFP3
4899,16:28:09,0.065,0.647,0,0,eGFP3
4900,16:28:10,0.065,0.690,0,0,eGFP3
4901,16:28:11,0.054,0.581,0,0,eGFP3
4902,16:28:12,0.065,0.953,0,0,eGFP3
4903,16:28:12,0.066,0.559,0,0,eGFP3
4904,16:28:13,0.056,0.715,0,0,eGFP3
4905,16:28:14,0.065,0.712,0,0,eGFP3
4906,16:28:14,0.054,0.735,0,0,eGFP3
4907,16:28:15,0.065,0.603,0,0,eGFP3
4908,16:28:16,0.054,0.624,0,0,eGFP3
4909,16:28:16,0.055,0.735,0,0,eGFP3
4910,16:28:17,0.076,0.669,0,0,eGFP3
4911,16:28:18,0.056,0.550,0,0,eGFP3
4912,16:28:18,0.056,0.550,0,0,eGFP3
4913,16:28:19,0.055,0.527,0,0,eGFP3
4914,16:28:19,0.043,0.636,0,0,eGFP3
4915,16:28:20,0.065,0.669,0,0,eGFP3
4916,16:28:21,0.043,0.636,0,0,eGFP3
4917,16:28:21,0.054,0.570,0,0,eGFP3
4918,16:28:22,0.049,0.587,0,0,eGFP3
4919,16:28:23,0.063,0.831,0,0,eGFP3
4920,16:28:23,0.087,0.976,0,0,eGFP3
4921,16:28:24,0.074,0.601,0,0,eGFP3
4922,16:28:25,0.042,0.481,0,0,eGFP3
4923,16:28:25,0.052,0.579,0,0,eGFP3
4924,16:28:26,0.052,0.733,0,0,eGFP3
4925,16:28:26,0.054,0.592,0,0,eGFP3
4926,16:28:27,0.052,0.579,0,0,eGFP3
4927,16:28:28,0.063,0.755,0,0,eGFP3
4928,16:28:29,0.065,0.690,0,0,eGFP3
4929,16:28:29,0.064,0.668,0,0,eGFP3
4930,16:28:30,0.052,0.974,0,0,eGFP3
4931,16:28:31,0.075,0.733,0,0,eGFP3
4932,16:28:32,0.064,0.657,0,0,eGFP3
4933,16:28:32,0.053,0.678,0,0,eGFP3
4934,16:28:33,0.064,1.030,0,0,eGFP3
4935,16:28:34,0.086,0.678,0,0,eGFP3
4936,16:28:34,0.055,0.494,0,0,eGFP3
4937,16:28:35,0.042,0.569,0,0,eGFP3
4938,16:28:36,0.064,0.590,0,0,eGFP3
4939,16:28:36,0.055,0.604,0,0,eGFP3
4940,16:28:37,0.064,0.678,0,0,eGFP3
4941,16:28:38,0.075,0.679,0,0,eGFP3
4942,16:28:38,0.053,0.558,0,0,eGFP3
4943,16:28:39,0.053,0.580,0,0,eGFP3
4944,16:28:40,0.042,0.964,0,0,eGFP3
4945,16:28:40,0.121,0.845,0,0,eGFP3
4946,16:28:41,0.053,0.514,0,0,eGFP3
4947,16:28:42,0.054,0.789,0,0,eGFP3
4948,16:28:43,0.097,0.887,0,0,eGFP3
4949,16:28:43,0.065,0.614,0,0,eGFP3
4950,16:28:44,0.053,0.678,0,0,eGFP3
4951,16:28:45,0.054,0.592,0,0,eGFP3
4952,16:28:45,0.055,0.648,0,0,eGFP3
4953,16:28:46,0.077,0.779,0,0,eGFP3
4954,16:28:47,0.076,0.679,0,0,eGFP3
4955,16:28:47,0.054,0.614,0,0,eGFP3
4956,16:28:48,0.042,0.525,0,0,eGFP3
4957,16:28:48,0.043,0.646,0,0,eGFP3
4958,16:28:49,0.098,1.042,0,0,eGFP3
4959,16:28:50,0.065,0.712,0,0,eGFP3
4960,16:28:51,0.065,0.624,0,0,eGFP3
4961,16:28:51,0.045,0.528,0,0,eGFP3
4962,16:28:52,0.054,0.811,0,0,eGFP3
4963,16:28:53,0.076,0.778,0,0,eGFP3
4964,16:28:54,0.065,0.647,0,0,eGFP3
4965,16:28:54,0.065,0.767,0,0,eGFP3
4966,16:28:55,0.100,1.088,0,0,eGFP3
4967,16:28:56,0.098,0.723,0,0,eGFP3
4968,16:28:57,0.043,0.482,0,0,eGFP3
4969,16:28:57,0.045,0.572,0,0,eGFP3
4970,16:28:58,0.065,1.108,0,0,eGFP3
4971,16:28:59,0.087,0.756,0,0,eGFP3
4972,16:29:00,0.066,0.636,0,0,eGFP3
4973,16:29:00,0.043,0.570,0,0,eGFP3
4974,16:29:01,0.054,0.559,0,0,eGFP3
4975,16:29:01,0.055,0.571,0,0,eGFP3
4976,16:29:02,0.054,0.767,0,0,eGFP3
4977,16:29:03,0.068,0.638,0,0,eGFP3
4978,16:29:03,0.044,0.494,0,0,eGFP3
4979,16:29:04,0.043,0.493,0,0,eGFP3
4980,16:29:05,0.057,0.682,0,0,eGFP3
4981,16:29:05,0.099,0.768,0,0,eGFP3
4982,16:29:06,0.048,0.531,0,0,eGFP3
4983,16:29:06,0.053,0.568,0,0,eGFP3
4984,16:29:07,0.064,0.744,0,0,eGFP3
4985,16:29:08,0.065,0.570,0,0,eGFP3
4986,16:29:08,0.041,0.491,0,0,eGFP3
4987,16:29:09,0.052,1.040,0,0,eGFP3
4988,16:29:10,0.129,0.853,0,0,eGFP3
4989,16:29:11,0.042,0.624,0,0,eGFP3
4990,16:29:11,0.052,0.678,0,0,eGFP3
4991,16:29:12,0.063,0.634,0,0,eGFP3
4992,16:29:13,0.052,0.612,0,0,eGFP3
4993,16:29:13,0.054,0.724,0,0,eGFP3
4994,16:29:14,0.065,0.636,0,0,eGFP3
4995,16:29:14,0.042,0.503,0,0,eGFP3
4996,16:29:15,0.052,0.656,0,0,eGFP3
4997,16:29:16,0.075,0.711,0,0,eGFP3
4998,16:29:16,0.053,0.635,0,0,eGFP3
4999,16:29:17,0.053,0.645,0,0,eGFP3
5000,16:29:18,0.064,0.613,0,0,eGFP3
5001,16:29:18,0.053,0.514,0,0,eGFP3
5002,16:29:19,0.041,0.458,0,0,eGFP3
5003,16:29:19,0.053,0.481,0,0,eGFP3
5004,16:29:20,0.031,0.448,0,0,eGFP3
5005,16:29:20,0.042,0.470,0,0,eGFP3
5006,16:29:21,0.042,0.602,0,0,eGFP3
5007,16:29:22,0.064,1.019,0,0,eGFP3
5008,16:29:22,0.088,0.735,0,0,eGFP3
5009,16:29:23,0.053,0.646,0,0,eGFP3
5010,16:29:24,0.055,0.746,0,0,eGFP3
5011,16:29:24,0.065,0.591,0,0,eGFP3
5012,16:29:25,0.065,0.954,0,0,eGFP3
5013,16:29:26,0.097,0.942,0,0,eGFP3
5014,16:29:27,0.054,0.602,0,0,eGFP3
5015,16:29:28,0.065,0.701,0,0,eGFP3
5016,16:29:28,0.054,0.602,0,0,eGFP3
5017,16:29:29,0.043,0.537,0,0,eGFP3
5018,16:29:29,0.044,0.461,0,0,eGFP3
5019,16:29:30,0.043,0.416,0,0,eGFP3
5020,16:29:30,0.042,0.460,0,0,eGFP3
5021,16:29:31,0.053,0.723,0,0,eGFP3
5022,16:29:32,0.110,0.878,0,0,eGFP3
5023,16:29:32,0.054,0.581,0,0,eGFP3
5024,16:29:33,0.053,0.734,0,0,eGFP3
5025,16:29:34,0.065,0.646,0,0,eGFP3
5026,16:29:34,0.045,0.572,0,0,eGFP3
5027,16:29:35,0.065,0.954,0,0,eGFP3
5028,16:29:36,0.075,0.624,0,0,eGFP3
5029,16:29:36,0.054,0.647,0,0,eGFP3
5030,16:29:37,0.065,0.712,0,0,eGFP3
5031,16:29:38,0.054,0.581,0,0,eGFP3
5032,16:29:38,0.043,0.592,0,0,eGFP3
5033,16:29:39,0.065,0.745,0,0,eGFP3
5034,16:29:40,0.057,0.616,0,0,eGFP3
5035,16:29:40,0.055,0.570,0,0,eGFP3
5036,16:29:41,0.042,0.514,0,0,eGFP3
5037,16:29:41,0.055,0.614,0,0,eGFP3
5038,16:29:42,0.065,0.636,0,0,eGFP3
5039,16:29:43,0.054,0.559,0,0,eGFP3
5040,16:29:43,0.044,0.516,0,0,eGFP3
5041,16:29:44,0.043,0.482,0,0,eGFP3
5042,16:29:44,0.045,0.506,0,0,eGFP3
5043,16:29:45,0.055,0.702,0,0,eGFP3
5044,16:29:46,0.065,0.757,0,0,eGFP3
5045,16:29:46,0.060,0.642,0,0,eGFP3
5046,16:29:47,0.063,0.700,0,0,eGFP3
5047,16:29:48,0.074,0.952,0,0,eGFP3
5048,16:29:49,0.096,0.820,0,0,eGFP3
5049,16:29:49,0.076,0.746,0,0,eGFP3
5050,16:29:50,0.065,0.646,0,0,eGFP3
5051,16:29:51,0.053,0.525,0,0,eGFP3
5052,16:29:51,0.041,0.480,0,0,eGFP3
5053,16:29:52,0.042,0.481,0,0,eGFP3
5054,16:29:52,0.041,0.831,0,0,eGFP3
5055,16:29:53,0.097,0.832,0,0,eGFP3
5056,16:29:54,0.053,0.656,0,0,eGFP3
5057,16:29:55,0.064,0.679,0,0,eGFP3
5058,16:29:55,0.054,0.581,0,0,eGFP3
5059,16:29:56,0.074,0.766,0,0,eGFP3
5060,16:29:57,0.064,0.612,0,0,eGFP3
5061,16:29:57,0.053,0.602,0,0,eGFP3
5062,16:29:58,0.053,0.711,0,0,eGFP3
5063,16:29:59,0.065,0.943,0,0,eGFP3
5064,16:29:59,0.075,0.679,0,0,eGFP3
5065,16:30:00,0.042,0.536,0,0,eGFP3
5066,16:30:01,0.042,0.854,0,0,eGFP3
5067,16:30:02,0.099,0.845,0,0,eGFP3
5068,16:30:02,0.053,0.525,0,0,eGFP3
5069,16:30:03,0.042,0.558,0,0,eGFP3
5070,16:30:04,0.064,0.755,0,0,eGFP3
5071,16:30:04,0.053,0.679,0,0,eGFP3
5072,16:30:05,0.064,0.657,0,0,eGFP3
5073,16:30:06,0.053,0.832,0,0,eGFP3
5074,16:30:07,0.108,0.920,0,0,eGFP3
5075,16:30:07,0.066,0.571,0,0,eGFP3
5076,16:30:08,0.043,0.602,0,0,eGFP3
5077,16:30:09,0.077,0.834,0,0,eGFP3
5078,16:30:09,0.065,0.646,0,0,eGFP3
5079,16:30:10,0.065,0.690,0,0,eGFP3
5080,16:30:11,0.054,0.603,0,0,eGFP3
5081,16:30:11,0.064,0.745,0,0,eGFP3
5082,16:30:12,0.064,0.580,0,0,eGFP3
5083,16:30:12,0.045,0.593,0,0,eGFP3
5084,16:30:13,0.054,0.690,0,0,eGFP3
5085,16:30:14,0.054,0.548,0,0,eGFP3
5086,16:30:14,0.053,0.525,0,0,eGFP3
5087,16:32:14,0.065,120.077,0,0,eGFP3
5088,16:32:15,0.087,0.712,0,0,eGFP3
5089,16:32:16,0.043,0.515,0,0,eGFP3
5090,16:32:16,0.054,0.658,0,0,eGFP3
5091,16:32:17,0.058,0.585,0,0,eGFP3
5092,16:32:17,0.054,0.701,0,0,eGFP3
5093,16:32:19,0.076,1.426,0,0,eGFP3
5094,16:32:20,0.120,0.888,0,0,eGFP3
5095,16:32:20,0.066,0.603,0,0,eGFP3
5096,16:32:21,0.055,0.592,0,0,eGFP3
5097,16:32:21,0.044,0.494,0,0,eGFP3
5098,16:32:22,0.047,0.442,0,0,eGFP3
5099,16:32:22,0.034,0.484,0,0,eGFP3
5100,16:32:23,0.044,0.801,0,0,eGFP3
5101,16:32:24,0.076,0.691,0,0,eGFP3
5102,16:32:25,0.065,0.636,0,0,eGFP3
5103,16:32:25,0.055,0.615,0,0,eGFP3
5104,16:32:26,0.054,0.570,0,0,eGFP3
5105,16:32:26,0.045,0.506,0,0,eGFP3
5106,16:32:27,0.055,0.472,0,0,eGFP3
5107,16:32:27,0.045,0.572,0,0,eGFP3
5108,16:32:28,0.077,1.042,0,0,eGFP3
5109,16:32:29,0.077,0.626,0,0,eGFP3
5110,16:32:30,0.063,0.601,0,0,eGFP3
5111,16:32:30,0.063,0.699,0,0,eGFP3
5112,16:32:31,0.053,0.667,0,0,eGFP3
5113,16:32:35,1.852,4.366,0,0,eGFP3
5114,16:32:36,0.063,0.612,0,0,eGFP3
5115,16:32:36,0.054,0.526,0,0,eGFP3
5116,16:32:37,0.041,0.502,0,0,eGFP3
5117,16:32:37,0.042,0.448,0,0,eGFP3
5118,16:32:38,0.054,0.559,0,0,eGFP3
5119,16:32:39,0.053,0.667,0,0,eGFP3
5120,16:32:39,0.042,0.492,0,0,eGFP3
5121,16:32:40,0.041,0.436,0,0,eGFP3
5122,16:32:40,0.031,0.415,0,0,eGFP3
5123,16:32:40,0.044,0.516,0,0,eGFP3
5124,16:32:41,0.063,0.908,0,0,eGFP3
5125,16:32:42,0.064,0.624,0,0,eGFP3
5126,16:32:43,0.064,0.656,0,0,eGFP3
5127,16:32:43,0.053,0.569,0,0,eGFP3
5128,16:32:44,0.064,0.580,0,0,eGFP3
5129,16:32:44,0.042,0.459,0,0,eGFP3
5130,16:32:45,0.053,0.459,0,0,eGFP3
5131,16:32:45,0.042,0.733,0,0,eGFP3
5132,16:32:46,0.090,0.781,0,0,eGFP3
5133,16:32:47,0.053,0.602,0,0,eGFP3
5134,16:32:47,0.042,0.514,0,0,eGFP3
5135,16:32:48,0.053,0.657,0,0,eGFP3
5136,16:32:49,0.075,0.876,0,0,eGFP3
5137,16:32:49,0.065,0.580,0,0,eGFP3
5138,16:32:50,0.054,0.624,0,0,eGFP3
5139,16:32:51,0.065,0.811,0,0,eGFP3
5140,16:32:52,0.070,0.684,0,0,eGFP3
5141,16:32:52,0.065,0.570,0,0,eGFP3
5142,16:32:53,0.053,0.613,0,0,eGFP3
5143,16:32:54,0.075,1.008,0,0,eGFP3
5144,16:32:54,0.064,0.635,0,0,eGFP3
5145,16:32:55,0.065,0.723,0,0,eGFP3
5146,16:32:56,0.066,0.681,0,0,eGFP3
5147,16:32:57,0.076,1.162,0,0,eGFP3
5148,16:32:58,0.078,0.615,0,0,eGFP3
5149,16:32:58,0.043,0.526,0,0,eGFP3
5150,16:32:59,0.043,0.493,0,0,eGFP3
5151,16:32:59,0.042,0.613,0,0,eGFP3
5152,16:33:00,0.054,0.756,0,0,eGFP3
5153,16:33:01,0.065,0.669,0,0,eGFP3
5154,16:33:01,0.054,0.548,0,0,eGFP3
5155,16:33:02,0.043,0.460,0,0,eGFP3
5156,16:33:02,0.045,0.429,0,0,eGFP3
5157,16:33:03,0.043,0.668,0,0,eGFP3
5158,16:33:04,0.087,0.812,0,0,eGFP3
5159,16:33:04,0.043,0.526,0,0,eGFP3
5160,16:33:05,0.034,0.484,0,0,eGFP3
5161,16:33:05,0.032,0.449,0,0,eGFP3
5162,16:33:05,0.043,0.427,0,0,eGFP3
5163,16:33:06,0.044,0.592,0,0,eGFP3
5164,16:33:07,0.079,0.924,0,0,eGFP3
5165,16:33:08,0.054,0.614,0,0,eGFP3
5166,16:33:08,0.065,0.647,0,0,eGFP3
5167,16:33:09,0.054,0.603,0,0,eGFP3
5168,16:33:09,0.044,0.537,0,0,eGFP3
5169,16:33:10,0.055,0.790,0,0,eGFP3
5170,16:33:11,0.066,0.647,0,0,eGFP3
5171,16:33:11,0.055,0.669,0,0,eGFP3
5172,16:33:12,0.073,0.743,0,0,eGFP3
5173,16:33:13,0.063,0.633,0,0,eGFP3
5174,16:33:14,0.065,0.702,0,0,eGFP3
5175,16:33:14,0.063,0.678,0,0,eGFP3
5176,16:33:15,0.052,0.656,0,0,eGFP3
5177,16:33:16,0.063,0.722,0,0,eGFP3
5178,16:33:16,0.063,0.623,0,0,eGFP3
5179,16:33:17,0.052,0.612,0,0,eGFP3
5180,16:33:17,0.043,0.526,0,0,eGFP3
5181,16:33:18,0.053,0.711,0,0,eGFP3
5182,16:33:19,0.086,0.898,0,0,eGFP3
5183,16:33:20,0.052,0.557,0,0,eGFP3
5184,16:33:20,0.053,0.602,0,0,eGFP3
5185,16:33:21,0.063,0.930,0,0,eGFP3
5186,16:33:22,0.086,0.668,0,0,eGFP3
5187,16:33:22,0.041,0.546,0,0,eGFP3
5188,16:33:23,0.045,0.517,0,0,eGFP3
5189,16:33:23,0.053,0.591,0,0,eGFP3
5190,16:33:24,0.086,0.821,0,0,eGFP3
5191,16:33:25,0.053,0.547,0,0,eGFP3
5192,16:33:25,0.053,0.601,0,0,eGFP3
5193,16:33:26,0.053,0.734,0,0,eGFP3
5194,16:33:27,0.064,0.667,0,0,eGFP3
5195,16:33:27,0.054,0.613,0,0,eGFP3
5196,16:33:28,0.065,0.701,0,0,eGFP3
5197,16:33:29,0.077,0.911,0,0,eGFP3
5198,16:33:30,0.097,0.733,0,0,eGFP3
5199,16:33:30,0.054,0.558,0,0,eGFP3
5200,16:33:31,0.054,0.548,0,0,eGFP3
5201,16:33:31,0.042,0.470,0,0,eGFP3
5202,16:33:32,0.041,0.436,0,0,eGFP3
5203,16:33:32,0.043,0.416,0,0,eGFP3
5204,16:33:33,0.042,0.470,0,0,eGFP3
5205,16:33:33,0.056,0.868,0,0,eGFP3
5206,16:33:34,0.086,0.766,0,0,eGFP3
5207,16:33:35,0.065,0.657,0,0,eGFP3
5208,16:33:36,0.054,0.614,0,0,eGFP3
5209,16:33:36,0.053,0.657,0,0,eGFP3
5210,16:33:37,0.064,0.767,0,0,eGFP3
5211,16:33:38,0.064,0.580,0,0,eGFP3
5212,16:33:38,0.043,0.635,0,0,eGFP3
5213,16:33:39,0.078,0.956,0,0,eGFP3
5214,16:33:40,0.065,0.580,0,0,eGFP3
5215,16:33:40,0.056,0.528,0,0,eGFP3
5216,16:33:41,0.043,0.624,0,0,eGFP3
5217,16:33:42,0.076,0.822,0,0,eGFP3
5218,16:33:42,0.065,0.592,0,0,eGFP3
5219,16:33:43,0.054,0.734,0,0,eGFP3
5220,16:33:44,0.074,0.678,0,0,eGFP3
5221,16:33:44,0.053,0.569,0,0,eGFP3
5222,16:33:45,0.052,0.689,0,0,eGFP3
5223,16:33:46,0.096,0.996,0,0,eGFP3
5224,16:33:47,0.063,0.656,0,0,eGFP3
5225,16:33:47,0.041,0.491,0,0,eGFP3
5226,16:33:48,0.031,0.448,0,0,eGFP3
5227,16:33:48,0.052,0.480,0,0,eGFP3
5228,16:33:49,0.053,1.029,0,0,eGFP3
5229,16:33:50,0.078,0.704,0,0,eGFP3
5230,16:33:50,0.063,0.645,0,0,eGFP3
5231,16:33:51,0.052,0.623,0,0,eGFP3
5232,16:33:52,0.053,0.678,0,0,eGFP3
5233,16:33:52,0.053,0.624,0,0,eGFP3
5234,16:33:53,0.052,0.722,0,0,eGFP3
5235,16:33:54,0.075,0.755,0,0,eGFP3
5236,16:33:54,0.064,0.656,0,0,eGFP3
5237,16:33:55,0.055,0.538,0,0,eGFP3
5238,16:33:55,0.042,0.470,0,0,eGFP3
5239,16:33:56,0.042,0.513,0,0,eGFP3
5240,16:33:57,0.053,0.723,0,0,eGFP3
5241,16:33:57,0.064,0.667,0,0,eGFP3
5242,16:33:58,0.053,0.602,0,0,eGFP3
5243,16:33:59,0.054,0.768,0,0,eGFP3
5244,16:33:59,0.086,0.744,0,0,eGFP3
5245,16:34:00,0.055,0.681,0,0,eGFP3
5246,16:34:01,0.064,1.249,0,0,eGFP3
5247,16:34:02,0.119,0.766,0,0,eGFP3
5248,16:34:03,0.054,0.668,0,0,eGFP3
5249,16:34:04,0.086,0.767,0,0,eGFP3
5250,16:34:04,0.064,0.580,0,0,eGFP3
5251,16:34:05,0.053,0.547,0,0,eGFP3
5252,16:34:05,0.042,0.657,0,0,eGFP3
5253,16:34:06,0.088,0.779,0,0,eGFP3
5254,16:34:07,0.065,0.580,0,0,eGFP3
5255,16:34:07,0.054,0.504,0,0,eGFP3
5256,16:34:08,0.042,0.492,0,0,eGFP3
5257,16:34:08,0.045,0.659,0,0,eGFP3
5258,16:34:09,0.087,0.800,0,0,eGFP3
5259,16:34:10,0.054,0.548,0,0,eGFP3
5260,16:34:10,0.042,0.580,0,0,eGFP3
5261,16:34:11,0.054,0.581,0,0,eGFP3
5262,16:34:12,0.044,0.626,0,0,eGFP3
5263,16:34:12,0.053,0.690,0,0,eGFP3
5264,16:34:13,0.075,0.734,0,0,eGFP3
5265,16:34:14,0.054,0.635,0,0,eGFP3
5266,16:34:14,0.065,0.745,0,0,eGFP3
5267,16:34:15,0.076,0.625,0,0,eGFP3
5268,16:34:15,0.043,0.482,0,0,eGFP3
5269,16:34:16,0.032,0.438,0,0,eGFP3
5270,16:34:16,0.045,0.462,0,0,eGFP3
5271,16:34:17,0.034,0.626,0,0,eGFP3
5272,16:34:18,0.087,0.779,0,0,eGFP3
5273,16:34:18,0.054,0.603,0,0,eGFP3
5274,16:34:19,0.065,0.877,0,0,eGFP3
5275,16:34:20,0.087,0.745,0,0,eGFP3
5276,16:34:21,0.054,0.691,0,0,eGFP3
5277,16:34:22,0.076,1.042,0,0,eGFP3
5278,16:34:22,0.067,0.649,0,0,eGFP3
5279,16:34:23,0.065,0.657,0,0,eGFP3
5280,16:34:24,0.055,0.538,0,0,eGFP3
5281,16:34:24,0.043,0.460,0,0,eGFP3
5282,16:34:24,0.043,0.449,0,0,eGFP3
5283,16:34:25,0.050,0.609,0,0,eGFP3
5284,16:34:26,0.075,0.876,0,0,eGFP3
5285,16:34:26,0.054,0.536,0,0,eGFP3
5286,16:34:27,0.054,0.647,0,0,eGFP3
5287,16:34:28,0.063,0.656,0,0,eGFP3
5288,16:34:28,0.052,0.667,0,0,eGFP3
5289,16:34:29,0.052,0.557,0,0,eGFP3
5290,16:34:30,0.052,0.601,0,0,eGFP3
5291,16:34:30,0.063,0.733,0,0,eGFP3
5292,16:34:31,0.052,0.667,0,0,eGFP3
5293,16:34:32,0.063,0.711,0,0,eGFP3
5294,16:34:33,0.065,0.975,0,0,eGFP3
5295,16:34:33,0.086,0.646,0,0,eGFP3
5296,16:34:34,0.041,0.535,0,0,eGFP3
5297,16:34:35,0.075,0.953,0,0,eGFP3
5298,16:34:35,0.076,0.625,0,0,eGFP3
5299,16:34:36,0.052,0.810,0,0,eGFP3
5300,16:34:37,0.096,0.996,0,0,eGFP3
5301,16:34:38,0.053,0.591,0,0,eGFP3
5302,16:34:39,0.065,0.812,0,0,eGFP3
5303,16:34:39,0.074,0.634,0,0,eGFP3
5304,16:34:40,0.053,0.613,0,0,eGFP3
5305,16:34:41,0.053,0.689,0,0,eGFP3
5306,16:34:41,0.064,0.569,0,0,eGFP3
5307,16:34:42,0.042,0.470,0,0,eGFP3
5308,16:34:42,0.042,0.426,0,0,eGFP3
5309,16:34:43,0.042,0.656,0,0,eGFP3
5310,16:34:44,0.077,0.889,0,0,eGFP3
5311,16:34:44,0.065,0.613,0,0,eGFP3
5312,16:34:45,0.055,0.659,0,0,eGFP3
5313,16:34:46,0.064,0.667,0,0,eGFP3
5314,16:34:46,0.065,0.657,0,0,eGFP3
5315,16:34:47,0.065,0.723,0,0,eGFP3
5316,16:34:47,0.053,0.580,0,0,eGFP3
5317,16:34:48,0.053,0.569,0,0,eGFP3
5318,16:34:49,0.066,0.846,0,0,eGFP3
5319,16:34:50,0.086,0.689,0,0,eGFP3
5320,16:34:50,0.065,0.636,0,0,eGFP3
5321,16:34:51,0.064,0.679,0,0,eGFP3
5322,16:34:51,0.053,0.580,0,0,eGFP3
5323,16:34:52,0.042,0.525,0,0,eGFP3
5324,16:34:53,0.043,0.504,0,0,eGFP3
5325,16:34:53,0.043,0.800,0,0,eGFP3
5326,16:34:54,0.110,0.867,0,0,eGFP3
5327,16:34:55,0.056,0.605,0,0,eGFP3
5328,16:34:56,0.054,0.734,0,0,eGFP3
5329,16:34:56,0.054,0.690,0,0,eGFP3
5330,16:34:57,0.065,0.811,0,0,eGFP3
5331,16:34:58,0.054,0.647,0,0,eGFP3
5332,16:34:59,0.065,0.943,0,0,eGFP3
5333,16:35:00,0.109,1.173,0,0,eGFP3
5334,16:35:00,0.076,0.701,0,0,eGFP3
5335,16:35:01,0.056,0.649,0,0,eGFP3
5336,16:35:02,0.076,1.020,0,0,eGFP3
5337,16:35:03,0.119,0.833,0,0,eGFP3
5338,16:35:04,0.054,0.614,0,0,eGFP3
5339,16:35:04,0.054,0.591,0,0,eGFP3
5340,16:35:05,0.072,0.906,0,0,eGFP3
5341,16:35:07,0.098,2.260,0,0,eGFP3
5342,16:35:08,0.076,0.690,0,0,eGFP3
5343,16:35:09,0.068,0.880,0,0,eGFP3
5344,16:35:10,0.087,0.812,0,0,eGFP3
5345,16:35:10,0.076,0.713,0,0,eGFP3
5346,16:35:11,0.060,0.598,0,0,eGFP3
5347,16:35:12,0.041,0.567,0,0,eGFP3
5348,16:35:13,0.063,0.952,0,0,eGFP3
5349,16:35:13,0.086,0.766,0,0,eGFP3
5350,16:35:14,0.052,0.590,0,0,eGFP3
5351,16:35:15,0.054,0.712,0,0,eGFP3
5352,16:35:17,0.086,2.434,0,0,eGFP3
5353,16:35:18,0.063,0.700,0,0,eGFP3
5354,16:35:19,0.098,1.393,0,0,eGFP3
5355,16:35:20,0.107,0.963,0,0,eGFP3
5356,16:35:21,0.075,0.909,0,0,eGFP3
5357,16:35:22,0.085,0.755,0,0,eGFP3
5358,16:35:22,0.063,0.678,0,0,eGFP3
5359,16:35:23,0.065,0.680,0,0,eGFP3
5360,16:35:24,0.042,0.503,0,0,eGFP3
5361,16:35:24,0.041,0.535,0,0,eGFP3
5362,16:35:25,0.053,0.558,0,0,eGFP3
5363,16:35:25,0.053,0.558,0,0,eGFP3
5364,16:35:26,0.052,0.590,0,0,eGFP3
5365,16:35:27,0.064,0.701,0,0,eGFP3
5366,16:35:27,0.063,0.546,0,0,eGFP3
5367,16:35:28,0.044,0.461,0,0,eGFP3
5368,16:35:28,0.044,0.450,0,0,eGFP3
5369,16:35:29,0.042,0.459,0,0,eGFP3
5370,16:35:29,0.053,0.612,0,0,eGFP3
5371,16:35:30,0.075,0.690,0,0,eGFP3
5372,16:35:30,0.053,0.591,0,0,eGFP3
5373,16:35:31,0.053,0.547,0,0,eGFP3
5374,16:35:31,0.042,0.448,0,0,eGFP3
5375,16:35:32,0.033,0.439,0,0,eGFP3
5376,16:35:32,0.032,0.537,0,0,eGFP3
5377,16:35:33,0.064,0.843,0,0,eGFP3
5378,16:35:34,0.053,0.536,0,0,eGFP3
5379,16:35:34,0.043,0.460,0,0,eGFP3
5380,16:35:35,0.053,0.667,0,0,eGFP3
5381,16:35:36,0.078,0.626,0,0,eGFP3
5382,16:35:36,0.054,0.548,0,0,eGFP3
5383,16:35:37,0.044,0.746,0,0,eGFP3
5384,16:35:38,0.065,0.745,0,0,eGFP3
5385,16:35:38,0.054,0.570,0,0,eGFP3
5386,16:35:39,0.042,0.602,0,0,eGFP3
5387,16:35:40,0.065,0.888,0,0,eGFP3
5388,16:35:40,0.064,0.602,0,0,eGFP3
5389,16:35:41,0.043,0.504,0,0,eGFP3
5390,16:35:41,0.032,0.547,0,0,eGFP3
5391,16:35:42,0.076,0.976,0,0,eGFP3
5392,16:35:43,0.089,0.725,0,0,eGFP3
5393,16:35:44,0.043,0.581,0,0,eGFP3
5394,16:35:44,0.054,0.603,0,0,eGFP3
5395,16:35:45,0.055,0.659,0,0,eGFP3
5396,16:35:46,0.054,0.701,0,0,eGFP3
5397,16:35:46,0.087,0.899,0,0,eGFP3
5398,16:35:47,0.065,0.647,0,0,eGFP3
5399,16:35:48,0.054,0.735,0,0,eGFP3
5400,16:35:49,0.089,0.725,0,0,eGFP3
5401,16:35:49,0.054,0.636,0,0,eGFP3
5402,16:35:50,0.076,0.877,0,0,eGFP3
5403,16:35:51,0.066,0.592,0,0,eGFP3
5404,16:35:51,0.055,0.768,0,0,eGFP3
5405,16:35:52,0.065,0.614,0,0,eGFP3
5406,16:35:53,0.055,0.603,0,0,eGFP3
5407,16:35:53,0.077,0.878,0,0,eGFP3
5408,16:35:54,0.067,0.682,0,0,eGFP3
5409,16:35:55,0.056,0.583,0,0,eGFP3
5410,16:35:55,0.060,0.542,0,0,eGFP3
5411,16:35:56,0.042,0.492,0,0,eGFP3
5412,16:35:56,0.041,0.612,0,0,eGFP3
5413,16:35:57,0.085,0.842,0,0,eGFP3
5414,16:35:58,0.064,0.590,0,0,eGFP3
5415,16:35:58,0.053,0.657,0,0,eGFP3
5416,16:35:59,0.065,0.657,0,0,eGFP3
5417,16:36:00,0.053,0.569,0,0,eGFP3
5418,16:36:00,0.052,0.590,0,0,eGFP3
5419,16:36:01,0.085,0.864,0,0,eGFP3
5420,16:36:02,0.075,0.766,0,0,eGFP3
5421,16:36:03,0.053,0.624,0,0,eGFP3
5422,16:36:03,0.053,0.535,0,0,eGFP3
5423,16:36:04,0.055,0.691,0,0,eGFP3
5424,16:36:04,0.077,0.702,0,0,eGFP3
5425,16:36:05,0.053,0.591,0,0,eGFP3
5426,16:36:06,0.063,0.788,0,0,eGFP3
5427,16:36:06,0.053,0.590,0,0,eGFP3
5428,16:36:07,0.042,0.624,0,0,eGFP3
5429,16:36:08,0.086,1.063,0,0,eGFP3
5430,16:36:09,0.075,0.678,0,0,eGFP3
5431,16:36:10,0.053,0.712,0,0,eGFP3
5432,16:36:10,0.076,0.757,0,0,eGFP3
5433,16:36:11,0.053,0.525,0,0,eGFP3
5434,16:37:28,0.053,77.694,0,0,eGFP3
5435,16:37:29,0.075,0.613,0,0,eGFP3
5436,16:37:30,0.054,0.591,0,0,eGFP3
5437,16:37:31,0.066,1.735,0,0,eGFP3
5438,16:37:32,0.064,0.591,0,0,eGFP3
5439,16:37:33,0.053,0.525,0,0,eGFP3
5440,16:37:33,0.044,0.681,0,0,eGFP3
5441,16:37:34,0.054,0.514,0,0,eGFP3
5442,16:37:34,0.043,0.537,0,0,eGFP3
5443,16:37:35,0.053,0.942,0,0,eGFP3
5444,16:37:36,0.065,0.581,0,0,eGFP3
5445,16:37:36,0.053,0.569,0,0,eGFP3
5446,16:37:37,0.076,0.998,0,0,eGFP3
5447,16:37:38,0.097,0.756,0,0,eGFP3
5448,16:37:39,0.055,0.527,0,0,eGFP3
5449,16:37:39,0.043,0.559,0,0,eGFP3
5450,16:37:40,0.054,0.504,0,0,eGFP3
5451,16:37:40,0.033,0.450,0,0,eGFP3
5452,16:37:41,0.043,0.636,0,0,eGFP3
5453,16:37:42,0.097,1.074,0,0,eGFP3
5454,16:37:42,0.054,0.570,0,0,eGFP3
5455,16:37:43,0.054,0.581,0,0,eGFP3
5456,16:37:44,0.065,0.657,0,0,eGFP3
5457,16:37:45,0.067,1.000,0,0,eGFP3
5458,16:37:45,0.065,0.592,0,0,eGFP3
5459,16:37:46,0.043,0.504,0,0,eGFP3
5460,16:37:47,0.054,0.976,0,0,eGFP3
5461,16:37:48,0.164,0.899,0,0,eGFP3
5462,16:37:48,0.043,0.603,0,0,eGFP3
5463,16:37:54,0.109,5.947,0,0,eGFP3
5464,16:37:55,0.057,0.540,0,0,eGFP3
5465,16:37:55,0.045,0.462,0,0,eGFP3
5466,16:37:56,0.032,0.471,0,0,eGFP3
5467,16:37:56,0.055,0.648,0,0,eGFP3
5468,16:37:57,0.054,0.537,0,0,eGFP3
5469,16:37:57,0.043,0.482,0,0,eGFP3
5470,16:37:58,0.044,0.505,0,0,eGFP3
5471,16:37:58,0.043,0.449,0,0,eGFP3
5472,16:37:59,0.044,0.461,0,0,eGFP3
5473,16:37:59,0.050,0.698,0,0,eGFP3
5474,16:38:00,0.063,0.634,0,0,eGFP3
5475,16:38:01,0.052,0.480,0,0,eGFP3
5476,16:38:01,0.041,0.458,0,0,eGFP3
5477,16:38:01,0.042,0.448,0,0,eGFP3
5478,16:38:02,0.032,0.482,0,0,eGFP3
5479,16:38:03,0.052,0.590,0,0,eGFP3
5480,16:38:03,0.063,0.634,0,0,eGFP3
5481,16:38:04,0.054,0.548,0,0,eGFP3
5482,16:38:04,0.042,0.568,0,0,eGFP3
5483,16:38:05,0.053,0.492,0,0,eGFP3
5484,16:38:05,0.042,0.459,0,0,eGFP3
5485,16:38:06,0.042,0.492,0,0,eGFP3
5486,16:38:06,0.052,0.469,0,0,eGFP3
5487,16:38:07,0.042,0.459,0,0,eGFP3
5488,16:38:07,0.042,0.591,0,0,eGFP3
5489,16:38:08,0.054,0.603,0,0,eGFP3
5490,16:38:09,0.064,0.700,0,0,eGFP3
5491,16:38:10,0.097,1.129,0,0,eGFP3
5492,16:38:10,0.054,0.603,0,0,eGFP3
5493,16:38:11,0.053,0.689,0,0,eGFP3
5494,16:38:12,0.054,0.558,0,0,eGFP3
5495,16:38:13,0.042,1.074,0,0,eGFP3
5496,16:38:13,0.075,0.679,0,0,eGFP3
5497,16:38:15,0.055,1.284,0,0,eGFP3
5498,16:38:15,0.097,0.711,0,0,eGFP3
5499,16:38:16,0.053,0.558,0,0,eGFP3
5500,16:38:17,0.053,0.679,0,0,eGFP3
5501,16:38:18,0.536,1.524,0,0,eGFP3
5502,16:38:19,0.053,0.569,0,0,eGFP3
5503,16:38:19,0.042,0.492,0,0,eGFP3
5504,16:38:20,0.054,0.493,0,0,eGFP3
5505,16:38:20,0.033,0.450,0,0,eGFP3
5506,16:38:21,0.044,0.472,0,0,eGFP3
5507,16:38:21,0.054,0.668,0,0,eGFP3
5508,16:38:22,0.054,0.559,0,0,eGFP3
5509,16:38:22,0.053,0.690,0,0,eGFP3
5510,16:38:23,0.075,0.800,0,0,eGFP3
5511,16:38:24,0.053,0.580,0,0,eGFP3
5512,16:38:24,0.054,0.635,0,0,eGFP3
5513,16:38:25,0.065,0.921,0,0,eGFP3
5514,16:38:26,0.075,0.678,0,0,eGFP3
5515,16:38:27,0.043,0.515,0,0,eGFP3
5516,16:38:27,0.043,0.548,0,0,eGFP3
5517,16:38:28,0.054,0.504,0,0,eGFP3
5518,16:38:28,0.043,0.449,0,0,eGFP3
5519,16:38:29,0.047,0.595,0,0,eGFP3
5520,16:38:30,0.078,0.901,0,0,eGFP3
5521,16:38:30,0.065,0.581,0,0,eGFP3
5522,16:38:31,0.045,0.473,0,0,eGFP3
5523,16:38:31,0.043,0.449,0,0,eGFP3
5524,16:38:32,0.032,0.427,0,0,eGFP3
5525,16:38:32,0.043,0.471,0,0,eGFP3
5526,16:38:33,0.043,0.757,0,0,eGFP3
5527,16:38:34,0.109,0.855,0,0,eGFP3
5528,16:38:34,0.065,0.811,0,0,eGFP3
5529,16:38:36,0.121,1.196,0,0,eGFP3
5530,16:38:36,0.068,0.627,0,0,eGFP3
5531,16:38:37,0.055,0.516,0,0,eGFP3
5532,16:38:37,0.043,0.482,0,0,eGFP3
5533,16:38:38,0.033,0.516,0,0,eGFP3
5534,16:38:38,0.056,0.627,0,0,eGFP3
5535,16:38:39,0.054,0.548,0,0,eGFP3
5536,16:38:39,0.044,0.527,0,0,eGFP3
5537,16:38:40,0.058,0.706,0,0,eGFP3
5538,16:38:41,0.054,0.559,0,0,eGFP3
5539,16:38:41,0.041,0.469,0,0,eGFP3
5540,16:38:42,0.041,0.458,0,0,eGFP3
5541,16:38:42,0.042,0.546,0,0,eGFP3
5542,16:38:43,0.053,0.887,0,0,eGFP3
5543,16:38:44,0.063,0.623,0,0,eGFP3
5544,16:38:44,0.063,0.579,0,0,eGFP3
5545,16:38:45,0.042,0.481,0,0,eGFP3
5546,16:38:45,0.043,0.449,0,0,eGFP3
5547,16:38:46,0.032,0.416,0,0,eGFP3
5548,16:38:46,0.053,0.470,0,0,eGFP3
5549,16:38:47,0.053,0.876,0,0,eGFP3
5550,16:38:48,0.085,0.645,0,0,eGFP3
5551,16:38:48,0.053,0.503,0,0,eGFP3
5552,16:38:49,0.042,0.623,0,0,eGFP3
5553,16:38:49,0.053,0.558,0,0,eGFP3
5554,16:38:50,0.054,0.493,0,0,eGFP3
5555,16:38:50,0.042,0.514,0,0,eGFP3
5556,16:38:51,0.053,0.580,0,0,eGFP3
5557,16:38:52,0.064,0.722,0,0,eGFP3
5558,16:38:54,0.075,2.588,0,0,eGFP3
5559,16:38:55,0.064,0.602,0,0,eGFP3
5560,16:38:55,0.053,0.591,0,0,eGFP3
5561,16:38:56,0.044,0.538,0,0,eGFP3
5562,16:38:57,0.055,0.603,0,0,eGFP3
5563,16:38:57,0.065,0.657,0,0,eGFP3
5564,16:38:58,0.064,0.580,0,0,eGFP3
5565,16:38:58,0.053,0.525,0,0,eGFP3
5566,16:38:59,0.054,0.559,0,0,eGFP3
5567,16:38:59,0.053,0.536,0,0,eGFP3
5568,16:39:00,0.053,0.481,0,0,eGFP3
5569,16:39:00,0.043,0.438,0,0,eGFP3
5570,16:39:01,0.033,0.428,0,0,eGFP3
5571,16:39:01,0.042,0.481,0,0,eGFP3
5572,16:39:02,0.065,0.877,0,0,eGFP3
5573,16:39:03,0.064,0.580,0,0,eGFP3
5574,16:39:03,0.043,0.570,0,0,eGFP3
5575,16:39:04,0.055,0.516,0,0,eGFP3
5576,16:39:04,0.043,0.460,0,0,eGFP3
5577,16:39:05,0.042,0.448,0,0,eGFP3
5578,16:39:05,0.032,0.449,0,0,eGFP3
5579,16:39:06,0.045,0.659,0,0,eGFP3
5580,16:39:07,0.087,0.910,0,0,eGFP3
5581,16:39:08,0.076,0.965,0,0,eGFP3
5582,16:39:08,0.065,0.603,0,0,eGFP3
5583,16:39:09,0.042,0.734,0,0,eGFP3
5584,16:39:10,0.076,0.646,0,0,eGFP3
5585,16:39:10,0.043,0.548,0,0,eGFP3
5586,16:39:11,0.054,0.680,0,0,eGFP3
5587,16:39:11,0.056,0.550,0,0,eGFP3
5588,16:39:12,0.043,0.482,0,0,eGFP3
5589,16:39:12,0.056,0.550,0,0,eGFP3
5590,16:39:13,0.054,0.712,0,0,eGFP3
5591,16:39:14,0.055,0.592,0,0,eGFP3
5592,16:39:15,0.066,0.845,0,0,eGFP3
5593,16:39:15,0.054,0.570,0,0,eGFP3
5594,16:39:16,0.054,0.757,0,0,eGFP3
5595,16:39:16,0.067,0.561,0,0,eGFP3
5596,16:39:17,0.054,0.548,0,0,eGFP3
5597,16:39:18,0.065,0.636,0,0,eGFP3
5598,16:39:18,0.044,0.472,0,0,eGFP3
5599,16:39:19,0.043,0.449,0,0,eGFP3
5600,16:39:19,0.038,0.423,0,0,eGFP3
5601,16:39:20,0.041,0.590,0,0,eGFP3
5602,16:39:21,0.074,0.963,0,0,eGFP3
5603,16:39:21,0.066,0.582,0,0,eGFP3
5604,16:39:22,0.041,0.491,0,0,eGFP3
5605,16:39:22,0.042,0.535,0,0,eGFP3
5606,16:39:23,0.064,0.898,0,0,eGFP3
5607,16:39:24,0.063,0.579,0,0,eGFP3
5608,16:39:24,0.052,0.546,0,0,eGFP3
5609,16:39:25,0.053,0.590,0,0,eGFP3
5610,16:39:25,0.055,0.581,0,0,eGFP3
5611,16:39:26,0.055,0.570,0,0,eGFP3
5612,16:39:26,0.064,0.558,0,0,eGFP3
5613,16:39:27,0.041,0.448,0,0,eGFP3
5614,16:39:27,0.041,0.436,0,0,eGFP3
5615,16:39:28,0.042,0.624,0,0,eGFP3
5616,16:39:29,0.074,0.700,0,0,eGFP3
5617,16:39:29,0.043,0.559,0,0,eGFP3
5618,16:39:30,0.064,0.711,0,0,eGFP3
5619,16:39:31,0.055,0.549,0,0,eGFP3
5620,16:39:31,0.053,0.744,0,0,eGFP3
5621,16:39:32,0.064,0.624,0,0,eGFP3
5622,16:39:33,0.053,0.656,0,0,eGFP3
5623,16:39:33,0.075,0.734,0,0,eGFP3
5624,16:39:34,0.064,0.711,0,0,eGFP3
5625,16:39:35,0.075,1.425,0,0,eGFP3
5626,16:39:36,0.086,0.679,0,0,eGFP3
5627,16:39:37,0.044,0.581,0,0,eGFP3
5628,16:39:37,0.076,0.767,0,0,eGFP3
5629,16:39:38,0.053,0.624,0,0,eGFP3
5630,16:39:39,0.066,0.659,0,0,eGFP3
5631,16:39:39,0.053,0.624,0,0,eGFP3
5632,16:39:40,0.053,0.569,0,0,eGFP3
5633,16:39:40,0.053,0.558,0,0,eGFP3
5634,16:39:41,0.064,0.602,0,0,eGFP3
5635,16:39:42,0.044,0.494,0,0,eGFP3
5636,16:39:42,0.043,0.581,0,0,eGFP3
5637,16:39:43,0.064,0.799,0,0,eGFP3
5638,16:39:44,0.065,0.581,0,0,eGFP3
5639,16:39:44,0.053,0.624,0,0,eGFP3
5640,16:39:45,0.054,0.536,0,0,eGFP3
5641,16:39:45,0.043,0.493,0,0,eGFP3
5642,16:39:46,0.054,0.493,0,0,eGFP3
5643,16:39:46,0.042,0.547,0,0,eGFP3
5644,16:39:47,0.080,0.903,0,0,eGFP3
5645,16:39:48,0.053,0.558,0,0,eGFP3
5646,16:39:48,0.065,0.669,0,0,eGFP3
5647,16:39:49,0.064,0.547,0,0,eGFP3
5648,16:39:49,0.043,0.504,0,0,eGFP3
5649,16:39:50,0.054,0.767,0,0,eGFP3
5650,16:39:51,0.065,0.636,0,0,eGFP3
5651,16:39:51,0.054,0.625,0,0,eGFP3
5652,16:39:52,0.056,0.528,0,0,eGFP3
5653,16:39:52,0.043,0.471,0,0,eGFP3
5654,16:39:53,0.043,0.580,0,0,eGFP3
5655,16:39:56,0.087,3.149,0,0,eGFP3
5656,16:39:57,0.065,0.713,0,0,eGFP3
5657,16:39:58,0.054,0.701,0,0,eGFP3
5658,16:39:58,0.068,0.693,0,0,eGFP3
5659,16:39:59,0.054,0.548,0,0,eGFP3
5660,16:39:59,0.039,0.588,0,0,eGFP3
5661,16:40:00,0.065,0.647,0,0,eGFP3
5662,16:40:01,0.043,0.581,0,0,eGFP3
5663,16:40:01,0.048,0.531,0,0,eGFP3
5664,16:40:02,0.052,0.513,0,0,eGFP3
5665,16:40:02,0.053,0.755,0,0,eGFP3
5666,16:40:03,0.074,0.744,0,0,eGFP3
5667,16:40:04,0.063,0.623,0,0,eGFP3
5668,16:40:04,0.054,0.536,0,0,eGFP3
5669,16:40:05,0.042,0.459,0,0,eGFP3
5670,16:40:05,0.042,0.459,0,0,eGFP3
5671,16:40:06,0.041,0.623,0,0,eGFP3
5672,16:40:07,0.065,0.932,0,0,eGFP3
5673,16:40:07,0.075,0.623,0,0,eGFP3
5674,16:40:08,0.053,0.547,0,0,eGFP3
5675,16:40:08,0.052,0.513,0,0,eGFP3
5676,16:40:09,0.033,0.439,0,0,eGFP3
5677,16:40:10,0.053,0.623,0,0,eGFP3
5678,16:40:10,0.097,0.854,0,0,eGFP3
5679,16:40:11,0.064,0.547,0,0,eGFP3
5680,16:40:11,0.053,0.492,0,0,eGFP3
5681,16:40:12,0.042,0.448,0,0,eGFP3
5682,16:40:12,0.042,0.426,0,0,eGFP3
5683,16:40:13,0.042,0.524,0,0,eGFP3
5684,16:42:50,0.066,156.731,0,0,eGFP3
5685,16:42:50,0.075,0.668,0,0,eGFP3
5686,16:42:51,0.055,0.505,0,0,eGFP3
5687,16:42:51,0.042,0.503,0,0,eGFP3
5688,16:42:54,0.043,2.786,0,0,eGFP3
5689,16:42:55,0.174,1.327,0,0,eGFP3
5690,16:42:56,0.075,0.613,0,0,eGFP3
5691,16:42:57,0.053,0.569,0,0,eGFP3
5692,16:42:57,0.055,0.505,0,0,eGFP3
5693,16:42:57,0.042,0.459,0,0,eGFP3
5694,16:42:58,0.043,0.482,0,0,eGFP3
5695,16:42:58,0.053,0.514,0,0,eGFP3
5696,16:42:59,0.043,0.515,0,0,eGFP3
5697,16:42:59,0.042,0.470,0,0,eGFP3
5698,16:43:00,0.043,0.581,0,0,eGFP3
5699,16:43:01,0.053,0.558,0,0,eGFP3
5700,16:43:01,0.058,0.606,0,0,eGFP3
5701,16:43:02,0.065,0.702,0,0,eGFP3
5702,16:43:02,0.053,0.558,0,0,eGFP3
5703,16:43:03,0.054,0.636,0,0,eGFP3
5704,16:43:04,0.064,0.778,0,0,eGFP3
5705,16:43:04,0.054,0.558,0,0,eGFP3
5706,16:43:05,0.054,1.053,0,0,eGFP3
5707,16:43:06,0.065,0.603,0,0,eGFP3
5708,16:43:07,0.054,0.547,0,0,eGFP3
5709,16:43:07,0.045,0.517,0,0,eGFP3
5710,16:43:08,0.043,0.482,0,0,eGFP3
5711,16:43:08,0.041,0.480,0,0,eGFP3
5712,16:43:09,0.041,0.557,0,0,eGFP3
5713,16:43:09,0.054,0.723,0,0,eGFP3
5714,16:43:10,0.052,0.579,0,0,eGFP3
5715,16:43:11,0.052,0.700,0,0,eGFP3
5716,16:43:11,0.074,0.689,0,0,eGFP3
5717,16:43:12,0.054,0.581,0,0,eGFP3
5718,16:43:13,0.052,0.634,0,0,eGFP3
5719,16:43:13,0.074,0.612,0,0,eGFP3
5720,16:43:14,0.041,0.480,0,0,eGFP3
5721,16:43:14,0.042,0.470,0,0,eGFP3
5722,16:43:15,0.053,0.909,0,0,eGFP3
5723,16:43:16,0.184,1.073,0,0,eGFP3
5724,16:43:17,0.053,0.524,0,0,eGFP3
5725,16:43:17,0.044,0.461,0,0,eGFP3
5726,16:43:18,0.042,0.470,0,0,eGFP3
5727,16:43:19,0.054,0.976,0,0,eGFP3
5728,16:43:19,0.086,0.690,0,0,eGFP3
5729,16:43:20,0.052,0.535,0,0,eGFP3
5730,16:43:20,0.031,0.470,0,0,eGFP3
5731,16:43:21,0.042,0.679,0,0,eGFP3
5732,16:43:22,0.096,0.898,0,0,eGFP3
5733,16:43:22,0.065,0.614,0,0,eGFP3
5734,16:43:23,0.053,0.569,0,0,eGFP3
5735,16:43:24,0.053,0.525,0,0,eGFP3
5736,16:43:24,0.042,0.470,0,0,eGFP3
5737,16:43:25,0.042,0.536,0,0,eGFP3
5738,16:43:25,0.064,0.920,0,0,eGFP3
5739,16:43:26,0.053,0.558,0,0,eGFP3
5740,16:43:27,0.054,0.547,0,0,eGFP3
5741,16:43:27,0.046,0.507,0,0,eGFP3
5742,16:43:28,0.042,0.459,0,0,eGFP3
5743,16:43:28,0.043,0.438,0,0,eGFP3
5744,16:43:28,0.053,0.459,0,0,eGFP3
5745,16:43:29,0.042,0.898,0,0,eGFP3
5746,16:43:30,0.087,0.767,0,0,eGFP3
5747,16:43:31,0.054,0.548,0,0,eGFP3
5748,16:43:31,0.053,0.580,0,0,eGFP3
5749,16:43:32,0.044,0.494,0,0,eGFP3
5750,16:43:32,0.043,0.438,0,0,eGFP3
5751,16:43:33,0.043,0.460,0,0,eGFP3
5752,16:43:33,0.042,0.657,0,0,eGFP3
5753,16:43:34,0.065,0.635,0,0,eGFP3
5754,16:43:35,0.054,0.647,0,0,eGFP3
5755,16:43:35,0.055,0.637,0,0,eGFP3
5756,16:43:36,0.087,1.085,0,0,eGFP3
5757,16:43:37,0.067,0.648,0,0,eGFP3
5758,16:43:38,0.054,0.581,0,0,eGFP3
5759,16:43:38,0.065,0.800,0,0,eGFP3
5760,16:43:39,0.065,0.581,0,0,eGFP3
5761,16:43:39,0.043,0.515,0,0,eGFP3
5762,16:43:40,0.043,0.614,0,0,eGFP3
5763,16:43:41,0.043,0.515,0,0,eGFP3
5764,16:43:41,0.043,0.471,0,0,eGFP3
5765,16:43:42,0.045,0.923,0,0,eGFP3
5766,16:43:43,0.065,0.625,0,0,eGFP3
5767,16:43:43,0.043,0.460,0,0,eGFP3
5768,16:43:43,0.044,0.450,0,0,eGFP3
5769,16:43:44,0.034,0.517,0,0,eGFP3
5770,16:43:45,0.065,0.790,0,0,eGFP3
5771,16:43:45,0.054,0.570,0,0,eGFP3
5772,16:43:46,0.043,0.482,0,0,eGFP3
5773,16:43:46,0.043,0.570,0,0,eGFP3
5774,16:43:47,0.079,0.726,0,0,eGFP3
5775,16:43:48,0.048,0.530,0,0,eGFP3
5776,16:43:48,0.053,0.656,0,0,eGFP3
5777,16:43:49,0.074,0.645,0,0,eGFP3
5778,16:43:49,0.052,0.546,0,0,eGFP3
5779,16:43:50,0.041,0.502,0,0,eGFP3
5780,16:43:50,0.053,0.503,0,0,eGFP3
5781,16:43:51,0.041,0.798,0,0,eGFP3
5782,16:43:52,0.076,0.757,0,0,eGFP3
5783,16:43:53,0.054,0.570,0,0,eGFP3
5784,16:43:53,0.052,0.579,0,0,eGFP3
5785,16:43:54,0.042,0.481,0,0,eGFP3
5786,16:43:54,0.052,0.579,0,0,eGFP3
5787,16:43:55,0.053,0.634,0,0,eGFP3
5788,16:43:55,0.053,0.558,0,0,eGFP3
5789,16:43:56,0.052,0.601,0,0,eGFP3
5790,16:43:57,0.044,0.494,0,0,eGFP3
5791,16:43:57,0.041,0.447,0,0,eGFP3
5792,16:43:58,0.042,0.777,0,0,eGFP3
5793,16:43:59,0.119,0.832,0,0,eGFP3
5794,16:43:59,0.053,0.514,0,0,eGFP3
5795,16:44:00,0.042,0.470,0,0,eGFP3
5796,16:44:00,0.033,0.428,0,0,eGFP3
5797,16:44:25,0.042,25.019,0,0,eGFP3
5798,16:44:29,2.293,3.479,0,0,eGFP3
5799,16:44:29,0.086,0.744,0,0,eGFP3
5800,16:44:30,0.054,0.537,0,0,eGFP3
5801,16:44:30,0.042,0.492,0,0,eGFP3
5802,16:44:31,0.042,0.426,0,0,eGFP3
5803,16:44:31,0.032,0.405,0,0,eGFP3
5804,16:44:32,0.031,0.470,0,0,eGFP3
5805,16:44:32,0.043,0.493,0,0,eGFP3
5806,16:44:32,0.044,0.417,0,0,eGFP3
5807,16:44:33,0.043,0.383,0,0,eGFP3
5808,16:44:33,0.032,0.405,0,0,eGFP3
5809,16:44:34,0.053,0.591,0,0,eGFP3
5810,16:44:34,0.045,0.494,0,0,eGFP3
5811,16:44:35,0.043,0.449,0,0,eGFP3
5812,16:44:35,0.043,0.493,0,0,eGFP3
5813,16:44:36,0.042,0.558,0,0,eGFP3
5814,16:44:36,0.056,0.594,0,0,eGFP3
5815,16:44:37,0.043,0.471,0,0,eGFP3
5816,16:44:37,0.042,0.459,0,0,eGFP3
5817,16:44:38,0.043,0.603,0,0,eGFP3
5818,16:44:39,0.076,0.899,0,0,eGFP3
5819,16:44:39,0.065,0.591,0,0,eGFP3
5820,16:44:40,0.065,0.636,0,0,eGFP3
5821,16:44:41,0.043,0.537,0,0,eGFP3
5822,16:44:41,0.045,0.550,0,0,eGFP3
5823,16:44:42,0.054,0.701,0,0,eGFP3
5824,16:44:42,0.067,0.583,0,0,eGFP3
5825,16:44:43,0.065,0.757,0,0,eGFP3
5826,16:44:44,0.076,0.701,0,0,eGFP3
5827,16:44:45,0.054,0.559,0,0,eGFP3
5828,16:44:45,0.054,0.636,0,0,eGFP3
5829,16:44:46,0.065,0.603,0,0,eGFP3
5830,16:44:46,0.045,0.484,0,0,eGFP3
5831,16:44:47,0.044,0.483,0,0,eGFP3
5832,16:44:47,0.043,0.482,0,0,eGFP3
5833,16:44:48,0.043,0.680,0,0,eGFP3
5834,16:44:49,0.076,0.790,0,0,eGFP3
5835,16:44:49,0.065,0.636,0,0,eGFP3
5836,16:44:50,0.065,0.680,0,0,eGFP3
5837,16:44:51,0.076,0.998,0,0,eGFP3
5838,16:44:52,0.074,0.656,0,0,eGFP3
5839,16:44:52,0.043,0.624,0,0,eGFP3
5840,16:44:53,0.064,0.678,0,0,eGFP3
5841,16:44:54,0.052,0.590,0,0,eGFP3
5842,16:44:54,0.053,0.601,0,0,eGFP3
5843,16:44:55,0.053,0.514,0,0,eGFP3
5844,16:44:55,0.052,0.711,0,0,eGFP3
5845,16:44:56,0.096,0.754,0,0,eGFP3
5846,16:44:57,0.053,0.492,0,0,eGFP3
5847,16:44:57,0.043,0.515,0,0,eGFP3
5848,16:44:58,0.064,0.810,0,0,eGFP3
5849,16:44:59,0.085,0.755,0,0,eGFP3
5850,16:44:59,0.052,0.634,0,0,eGFP3
5851,16:45:00,0.075,0.788,0,0,eGFP3
5852,16:45:01,0.054,0.592,0,0,eGFP3
5853,16:45:01,0.053,0.525,0,0,eGFP3
5854,16:45:02,0.053,0.535,0,0,eGFP3
5855,16:45:02,0.055,0.713,0,0,eGFP3
5856,16:45:03,0.086,0.898,0,0,eGFP3
5857,16:45:04,0.064,0.745,0,0,eGFP3
5858,16:45:05,0.063,0.612,0,0,eGFP3
5859,16:45:05,0.053,0.602,0,0,eGFP3
5860,16:45:06,0.075,0.821,0,0,eGFP3
5861,16:45:07,0.086,0.788,0,0,eGFP3
5862,16:45:08,0.053,0.580,0,0,eGFP3
5863,16:45:08,0.055,0.769,0,0,eGFP3
5864,16:45:09,0.075,0.645,0,0,eGFP3
5865,16:45:09,0.054,0.482,0,0,eGFP3
5866,16:45:10,0.044,0.472,0,0,eGFP3
5867,16:45:11,0.053,0.668,0,0,eGFP3
5868,16:45:11,0.086,0.722,0,0,eGFP3
5869,16:45:12,0.054,0.515,0,0,eGFP3
5870,16:45:12,0.042,0.525,0,0,eGFP3
5871,16:45:13,0.066,0.769,0,0,eGFP3
5872,16:45:14,0.064,0.624,0,0,eGFP3
5873,16:45:14,0.053,0.624,0,0,eGFP3
5874,16:45:15,0.076,0.855,0,0,eGFP3
5875,16:45:16,0.064,0.668,0,0,eGFP3
5876,16:45:16,0.054,0.536,0,0,eGFP3
5877,16:45:17,0.043,0.493,0,0,eGFP3
5878,16:45:17,0.054,0.482,0,0,eGFP3
5879,16:45:18,0.046,0.606,0,0,eGFP3
5880,16:45:19,0.086,0.877,0,0,eGFP3
5881,16:45:19,0.053,0.569,0,0,eGFP3
5882,16:45:20,0.054,0.635,0,0,eGFP3
5883,16:45:21,0.054,0.691,0,0,eGFP3
5884,16:45:22,0.086,0.931,0,0,eGFP3
5885,16:45:22,0.065,0.658,0,0,eGFP3
5886,16:45:23,0.043,0.515,0,0,eGFP3
5887,16:45:24,0.045,0.660,0,0,eGFP3
5888,16:45:24,0.076,0.723,0,0,eGFP3
5889,16:45:25,0.054,0.559,0,0,eGFP3
5890,16:45:25,0.054,0.493,0,0,eGFP3
5891,16:45:26,0.043,0.603,0,0,eGFP3
5892,16:45:27,0.087,0.888,0,0,eGFP3
5893,16:45:27,0.056,0.583,0,0,eGFP3
5894,16:45:28,0.065,0.910,0,0,eGFP3
5895,16:45:29,0.078,0.616,0,0,eGFP3
5896,16:45:30,0.054,0.658,0,0,eGFP3
5897,16:45:30,0.076,0.680,0,0,eGFP3
5898,16:45:31,0.054,0.570,0,0,eGFP3
5899,16:45:31,0.055,0.691,0,0,eGFP3
5900,16:45:32,0.087,0.856,0,0,eGFP3
5901,16:45:33,0.065,0.570,0,0,eGFP3
5902,16:45:33,0.048,0.542,0,0,eGFP3
5903,16:45:34,0.052,0.601,0,0,eGFP3
5904,16:45:35,0.054,0.559,0,0,eGFP3
5905,16:45:35,0.052,0.590,0,0,eGFP3
5906,16:45:36,0.074,0.710,0,0,eGFP3
5907,16:45:37,0.054,0.625,0,0,eGFP3
5908,16:45:37,0.063,0.843,0,0,eGFP3
5909,16:45:38,0.085,0.678,0,0,eGFP3
5910,16:45:39,0.052,0.590,0,0,eGFP3
5911,16:45:40,0.063,0.930,0,0,eGFP3
5912,16:45:40,0.098,0.888,0,0,eGFP3
5913,16:45:43,0.108,2.193,0,0,eGFP3
5914,16:45:43,0.053,0.568,0,0,eGFP3
5915,16:45:44,0.042,0.646,0,0,eGFP3
5916,16:45:45,0.074,0.667,0,0,eGFP3
5917,16:45:45,0.053,0.536,0,0,eGFP3
5918,16:45:46,0.052,0.590,0,0,eGFP3
5919,16:45:46,0.064,0.580,0,0,eGFP3
5920,16:45:47,0.033,0.461,0,0,eGFP3
5921,16:45:47,0.043,0.471,0,0,eGFP3
5922,16:45:48,0.042,0.843,0,0,eGFP3
5923,16:45:49,0.086,0.722,0,0,eGFP3
5924,16:45:49,0.054,0.558,0,0,eGFP3
5925,16:45:50,0.042,0.536,0,0,eGFP3
5926,16:45:50,0.053,0.514,0,0,eGFP3
5927,16:45:51,0.064,0.778,0,0,eGFP3
5928,16:45:52,0.054,0.570,0,0,eGFP3
5929,16:45:52,0.054,0.635,0,0,eGFP3
5930,16:45:53,0.076,0.767,0,0,eGFP3
5931,16:45:54,0.053,0.525,0,0,eGFP3
5932,16:45:54,0.043,0.504,0,0,eGFP3
5933,16:45:55,0.042,0.459,0,0,eGFP3
5934,16:45:55,0.042,0.415,0,0,eGFP3
5935,16:45:56,0.045,0.517,0,0,eGFP3
5936,16:45:56,0.055,0.768,0,0,eGFP3
5937,16:45:57,0.065,0.591,0,0,eGFP3
5938,16:45:57,0.054,0.603,0,0,eGFP3
5939,16:45:58,0.053,0.668,0,0,eGFP3
5940,16:45:59,0.065,0.569,0,0,eGFP3
5941,16:45:59,0.054,0.548,0,0,eGFP3
5942,16:46:00,0.043,0.493,0,0,eGFP3
5943,16:46:00,0.042,0.459,0,0,eGFP3
5944,16:46:01,0.045,0.704,0,0,eGFP3
5945,16:46:02,0.086,0.723,0,0,eGFP3
5946,16:46:02,0.043,0.537,0,0,eGFP3
5947,16:46:03,0.054,0.668,0,0,eGFP3
5948,16:46:03,0.065,0.636,0,0,eGFP3
5949,16:46:04,0.056,0.725,0,0,eGFP3
5950,16:46:05,0.065,0.581,0,0,eGFP3
5951,16:46:05,0.054,0.504,0,0,eGFP3
5952,16:46:06,0.045,0.626,0,0,eGFP3
5953,16:46:07,0.066,0.669,0,0,eGFP3
5954,16:46:07,0.054,0.636,0,0,eGFP3
5955,16:46:08,0.054,0.756,0,0,eGFP3
5956,16:46:09,0.066,0.604,0,0,eGFP3
5957,16:46:09,0.054,0.581,0,0,eGFP3
5958,16:46:10,0.054,0.657,0,0,eGFP3
5959,16:46:11,0.066,0.724,0,0,eGFP3
5960,16:46:11,0.056,0.594,0,0,eGFP3
5961,16:46:12,0.055,0.494,0,0,eGFP3
5962,16:46:12,0.045,0.440,0,0,eGFP3
5963,16:46:13,0.044,0.504,0,0,eGFP3
5964,16:46:14,0.066,1.119,0,0,eGFP3
5965,16:46:14,0.072,0.698,0,0,eGFP3
5966,16:46:15,0.063,0.601,0,0,eGFP3
5967,16:46:16,0.041,0.568,0,0,eGFP3
5968,16:46:17,0.063,0.941,0,0,eGFP3
5969,16:46:17,0.076,0.636,0,0,eGFP3
5970,16:46:18,0.052,0.689,0,0,eGFP3
5971,16:46:19,0.063,0.700,0,0,eGFP3
5972,16:46:19,0.052,0.535,0,0,eGFP3
5973,16:46:20,0.042,0.645,0,0,eGFP3
5974,16:46:20,0.075,0.766,0,0,eGFP3
5975,16:46:21,0.064,0.569,0,0,eGFP3
5976,16:46:22,0.054,0.515,0,0,eGFP3
5977,16:46:22,0.043,0.493,0,0,eGFP3
5978,16:46:23,0.053,0.569,0,0,eGFP3
5979,16:46:24,0.085,0.930,0,0,eGFP3
5980,16:46:24,0.064,0.580,0,0,eGFP3
5981,16:46:25,0.053,0.656,0,0,eGFP3
5982,16:46:25,0.064,0.679,0,0,eGFP3
5983,16:46:26,0.053,0.590,0,0,eGFP3
5984,16:46:27,0.053,0.646,0,0,eGFP3
5985,16:46:27,0.055,0.549,0,0,eGFP3
5986,16:46:28,0.042,0.546,0,0,eGFP3
5987,16:46:29,0.054,0.723,0,0,eGFP3
5988,16:46:29,0.064,0.580,0,0,eGFP3
5989,16:46:30,0.042,0.569,0,0,eGFP3
5990,16:46:30,0.054,0.614,0,0,eGFP3
5991,16:46:31,0.064,0.734,0,0,eGFP3
5992,16:46:32,0.064,0.591,0,0,eGFP3
5993,16:46:32,0.055,0.647,0,0,eGFP3
5994,16:46:33,0.064,0.591,0,0,eGFP3
5995,16:46:33,0.043,0.492,0,0,eGFP3
5996,16:46:34,0.043,0.438,0,0,eGFP3
5997,16:46:34,0.042,0.547,0,0,eGFP3
5998,16:46:35,0.076,0.888,0,0,eGFP3
5999,16:46:36,0.064,0.602,0,0,eGFP3
6000,16:46:37,0.053,0.789,0,0,eGFP3
6001,16:46:38,0.099,1.120,0,0,eGFP3
6002,16:46:39,0.679,1.655,0,0,eGFP3
6003,16:46:40,0.065,0.570,0,0,eGFP3
6004,16:46:40,0.045,0.484,0,0,eGFP3
6005,16:46:41,0.053,0.481,0,0,eGFP3
6006,16:46:42,0.043,0.603,0,0,eGFP3
6007,16:46:42,0.065,0.712,0,0,eGFP3
6008,16:46:43,0.054,0.537,0,0,eGFP3
6009,16:46:43,0.056,0.527,0,0,eGFP3
6010,16:46:44,0.044,0.461,0,0,eGFP3
6011,16:46:44,0.042,0.492,0,0,eGFP3
6012,16:46:45,0.043,0.559,0,0,eGFP3
6013,16:46:45,0.054,0.592,0,0,eGFP3
6014,16:46:46,0.043,0.537,0,0,eGFP3
6015,16:46:46,0.043,0.493,0,0,eGFP3
6016,16:46:47,0.054,0.712,0,0,eGFP3
6017,16:46:48,0.079,0.682,0,0,eGFP3
6018,16:46:48,0.056,0.495,0,0,eGFP3
6019,16:46:49,0.044,0.494,0,0,eGFP3
6020,16:46:50,0.054,0.756,0,0,eGFP3
6021,16:46:50,0.065,0.603,0,0,eGFP3
6022,16:46:51,0.043,0.691,0,0,eGFP3
6023,16:46:52,0.065,0.691,0,0,eGFP3
6024,16:46:52,0.054,0.581,0,0,eGFP3
6025,16:46:53,0.054,0.537,0,0,eGFP3
6026,16:46:53,0.043,0.481,0,0,eGFP3
6027,16:46:54,0.033,0.439,0,0,eGFP3
6028,16:46:54,0.044,0.472,0,0,eGFP3
6029,16:46:55,0.058,1.156,0,0,eGFP3
6030,16:46:56,0.063,0.655,0,0,eGFP3
6031,16:46:57,0.064,0.667,0,0,eGFP3
6032,16:46:57,0.065,0.559,0,0,eGFP3
6033,16:46:58,0.052,0.557,0,0,eGFP3
6034,16:46:58,0.043,0.592,0,0,eGFP3
6035,16:46:59,0.053,0.568,0,0,eGFP3
6036,16:46:59,0.053,0.558,0,0,eGFP3
6037,16:47:00,0.052,0.700,0,0,eGFP3
6038,16:47:01,0.063,0.645,0,0,eGFP3
6039,16:47:01,0.052,0.612,0,0,eGFP3
6040,16:47:02,0.053,0.547,0,0,eGFP3
6041,16:47:02,0.052,0.502,0,0,eGFP3
6042,16:47:03,0.033,0.450,0,0,eGFP3
6043,16:47:03,0.052,0.480,0,0,eGFP3
6044,16:47:04,0.042,0.503,0,0,eGFP3
6045,16:47:04,0.042,0.656,0,0,eGFP3
6046,16:47:05,0.074,0.809,0,0,eGFP3
6047,16:47:06,0.053,0.624,0,0,eGFP3
6048,16:47:07,0.075,0.964,0,0,eGFP3
6049,16:47:07,0.053,0.569,0,0,eGFP3
6050,16:47:08,0.054,0.647,0,0,eGFP3
6051,16:47:09,0.076,0.712,0,0,eGFP3
6052,16:47:09,0.054,0.515,0,0,eGFP3
6053,16:47:10,0.042,0.612,0,0,eGFP3
6054,16:47:11,0.097,0.888,0,0,eGFP3
6055,16:47:11,0.053,0.601,0,0,eGFP3
6056,16:47:12,0.054,0.888,0,0,eGFP3
6057,16:47:13,0.075,0.657,0,0,eGFP3
6058,16:47:14,0.044,0.559,0,0,eGFP3
6059,16:47:28,0.055,14.969,0,0,eGFP3
6060,16:47:30,0.207,1.129,0,0,eGFP3
6061,16:47:30,0.065,0.580,0,0,eGFP3
6062,16:47:31,0.054,0.471,0,0,eGFP3
6063,16:47:31,0.043,0.438,0,0,eGFP3
6064,16:47:32,0.053,0.690,0,0,eGFP3
6065,16:47:32,0.053,0.580,0,0,eGFP3
6066,16:47:33,0.045,0.462,0,0,eGFP3
6067,16:47:33,0.043,0.427,0,0,eGFP3
6068,16:47:34,0.031,0.416,0,0,eGFP3
6069,16:47:34,0.042,0.415,0,0,eGFP3
6070,16:47:35,0.032,0.416,0,0,eGFP3
6071,16:47:35,0.054,0.614,0,0,eGFP3
6072,16:47:36,0.065,0.602,0,0,eGFP3
6073,16:47:36,0.045,0.517,0,0,eGFP3
6074,16:47:37,0.056,0.593,0,0,eGFP3
6075,16:47:37,0.043,0.471,0,0,eGFP3
6076,16:47:38,0.043,0.449,0,0,eGFP3
6077,16:47:38,0.044,0.625,0,0,eGFP3
6078,16:47:39,0.065,0.614,0,0,eGFP3
6079,16:47:39,0.043,0.449,0,0,eGFP3
6080,16:47:40,0.043,0.515,0,0,eGFP3
6081,16:47:41,0.054,0.625,0,0,eGFP3
6082,16:47:41,0.045,0.550,0,0,eGFP3
6083,16:47:42,0.043,0.647,0,0,eGFP3
6084,16:47:42,0.054,0.548,0,0,eGFP3
6085,16:47:43,0.043,0.581,0,0,eGFP3
6086,16:47:44,0.065,0.702,0,0,eGFP3
6087,16:47:44,0.056,0.528,0,0,eGFP3
6088,16:47:45,0.054,0.647,0,0,eGFP3
6089,16:47:45,0.065,0.669,0,0,eGFP3
6090,16:47:46,0.065,0.603,0,0,eGFP3
6091,16:47:47,0.056,0.484,0,0,eGFP3
6092,16:47:47,0.049,0.466,0,0,eGFP3
6093,16:47:48,0.052,0.590,0,0,eGFP3
6094,16:47:48,0.085,0.744,0,0,eGFP3
6095,16:47:49,0.052,0.513,0,0,eGFP3
6096,16:47:49,0.052,0.546,0,0,eGFP3
6097,16:47:50,0.052,0.678,0,0,eGFP3
6098,16:47:51,0.063,0.678,0,0,eGFP3
6099,16:47:51,0.043,0.548,0,0,eGFP3
6100,16:47:52,0.063,0.765,0,0,eGFP3
6101,16:47:53,0.065,0.581,0,0,eGFP3
6102,16:47:53,0.053,0.580,0,0,eGFP3
6103,16:47:54,0.074,0.776,0,0,eGFP3
6104,16:47:55,0.064,0.536,0,0,eGFP3
6105,16:47:55,0.042,0.481,0,0,eGFP3
6106,16:47:56,0.041,0.557,0,0,eGFP3
6107,16:47:56,0.055,0.603,0,0,eGFP3
6108,16:47:57,0.064,0.689,0,0,eGFP3
6109,16:47:57,0.064,0.624,0,0,eGFP3
6110,16:47:58,0.053,0.689,0,0,eGFP3
6111,16:47:59,0.064,0.657,0,0,eGFP3
6112,16:48:00,0.064,0.678,0,0,eGFP3
6113,16:48:00,0.075,0.668,0,0,eGFP3
6114,16:48:01,0.053,0.580,0,0,eGFP3
6115,16:48:02,0.056,0.879,0,0,eGFP3
6116,16:48:02,0.064,0.591,0,0,eGFP3
6117,16:48:03,0.042,0.514,0,0,eGFP3
6118,16:48:03,0.042,0.678,0,0,eGFP3
6119,16:48:04,0.065,0.646,0,0,eGFP3
6120,16:48:05,0.053,0.558,0,0,eGFP3
6121,16:48:05,0.053,0.756,0,0,eGFP3
6122,16:48:06,0.075,0.645,0,0,eGFP3
6123,16:48:07,0.055,0.593,0,0,eGFP3
6124,16:48:07,0.054,0.591,0,0,eGFP3
6125,16:48:08,0.065,0.756,0,0,eGFP3
6126,16:48:09,0.054,0.558,0,0,eGFP3
6127,16:48:09,0.054,0.625,0,0,eGFP3
6128,16:48:10,0.064,0.744,0,0,eGFP3
6129,16:48:11,0.064,0.623,0,0,eGFP3
6130,16:48:11,0.054,0.603,0,0,eGFP3
6131,16:48:12,0.066,0.703,0,0,eGFP3
6132,16:48:12,0.064,0.591,0,0,eGFP3
6133,16:48:13,0.043,0.482,0,0,eGFP3
6134,16:48:13,0.042,0.448,0,0,eGFP3
6135,16:48:14,0.054,0.800,0,0,eGFP3
6136,16:48:15,0.131,1.086,0,0,eGFP3
6137,16:48:16,0.053,0.558,0,0,eGFP3
6138,16:48:17,0.054,0.976,0,0,eGFP3
6139,16:48:18,0.100,0.769,0,0,eGFP3
6140,16:48:18,0.043,0.592,0,0,eGFP3
6141,16:48:19,0.065,0.636,0,0,eGFP3
6142,16:48:19,0.045,0.494,0,0,eGFP3
6143,16:48:20,0.054,0.504,0,0,eGFP3
6144,16:48:20,0.043,0.592,0,0,eGFP3
6145,16:48:21,0.054,0.723,0,0,eGFP3
6146,16:48:22,0.054,0.570,0,0,eGFP3
6147,16:48:22,0.056,0.649,0,0,eGFP3
6148,16:48:23,0.065,0.658,0,0,eGFP3
6149,16:48:24,0.054,0.646,0,0,eGFP3
6150,16:48:24,0.055,0.724,0,0,eGFP3
6151,16:48:25,0.054,0.548,0,0,eGFP3
6152,16:48:26,0.054,0.713,0,0,eGFP3
6153,16:48:26,0.065,0.603,0,0,eGFP3
6154,16:48:27,0.043,0.559,0,0,eGFP3
6155,16:48:28,0.065,0.844,0,0,eGFP3
6156,16:48:28,0.063,0.633,0,0,eGFP3
6157,16:48:29,0.053,0.678,0,0,eGFP3
6158,16:48:30,0.063,0.623,0,0,eGFP3
6159,16:48:30,0.041,0.480,0,0,eGFP3
6160,16:48:30,0.042,0.470,0,0,eGFP3
6161,16:48:31,0.030,0.458,0,0,eGFP3
6162,16:48:32,0.041,0.590,0,0,eGFP3
6163,16:48:32,0.075,0.722,0,0,eGFP3
6164,16:48:33,0.054,0.559,0,0,eGFP3
6165,16:48:33,0.041,0.678,0,0,eGFP3
6166,16:48:34,0.063,0.612,0,0,eGFP3
6167,16:48:35,0.064,0.645,0,0,eGFP3
6168,16:48:36,0.075,0.788,0,0,eGFP3
6169,16:48:36,0.053,0.580,0,0,eGFP3
6170,16:48:37,0.054,0.866,0,0,eGFP3
6171,16:48:38,0.108,0.777,0,0,eGFP3
6172,16:48:38,0.055,0.581,0,0,eGFP3
6173,16:48:39,0.075,0.854,0,0,eGFP3
6174,16:48:40,0.053,0.569,0,0,eGFP3
6175,16:48:40,0.053,0.744,0,0,eGFP3
6176,16:48:41,0.075,0.667,0,0,eGFP3
6177,16:48:42,0.042,0.514,0,0,eGFP3
6178,16:48:42,0.042,0.624,0,0,eGFP3
6179,16:48:43,0.053,0.590,0,0,eGFP3
6180,16:48:43,0.048,0.563,0,0,eGFP3
6181,16:48:44,0.075,0.734,0,0,eGFP3
6182,16:48:45,0.064,0.613,0,0,eGFP3
6183,16:48:45,0.053,0.634,0,0,eGFP3
6184,16:48:46,0.066,0.747,0,0,eGFP3
6185,16:48:47,0.075,0.711,0,0,eGFP3
6186,16:48:48,0.054,0.734,0,0,eGFP3
6187,16:48:49,0.075,0.876,0,0,eGFP3
6188,16:48:49,0.056,0.571,0,0,eGFP3
6189,16:49:03,0.054,13.804,0,0,eGFP3
6190,16:49:04,0.098,1.031,0,0,eGFP3
6191,16:49:05,0.075,0.734,0,0,eGFP3
6192,16:49:05,0.053,0.514,0,0,eGFP3
6193,16:49:06,0.043,0.482,0,0,eGFP3
6194,16:49:06,0.043,0.569,0,0,eGFP3
6195,16:49:07,0.054,0.515,0,0,eGFP3
6196,16:49:07,0.045,0.462,0,0,eGFP3
6197,16:49:08,0.032,0.416,0,0,eGFP3
6198,16:49:08,0.045,0.407,0,0,eGFP3
6199,16:49:08,0.043,0.438,0,0,eGFP3
6200,16:49:09,0.042,0.547,0,0,eGFP3
6201,16:49:10,0.054,0.658,0,0,eGFP3
6202,16:49:10,0.043,0.515,0,0,eGFP3
6203,16:49:11,0.041,0.502,0,0,eGFP3
6204,16:49:11,0.043,0.460,0,0,eGFP3
6205,16:49:12,0.030,0.447,0,0,eGFP3
6206,16:49:12,0.041,0.491,0,0,eGFP3
6207,16:49:13,0.052,0.469,0,0,eGFP3
6208,16:49:13,0.031,0.415,0,0,eGFP3
6209,16:49:13,0.030,0.426,0,0,eGFP3
6210,16:49:14,0.041,0.436,0,0,eGFP3
6211,16:49:14,0.041,0.480,0,0,eGFP3
6212,16:49:15,0.042,0.624,0,0,eGFP3
6213,16:49:16,0.063,0.689,0,0,eGFP3
6214,16:49:16,0.063,0.535,0,0,eGFP3
6215,16:49:17,0.042,0.547,0,0,eGFP3
6216,16:49:17,0.052,0.524,0,0,eGFP3
6217,16:49:18,0.042,0.558,0,0,eGFP3
6218,16:49:18,0.053,0.689,0,0,eGFP3
6219,16:49:19,0.064,0.667,0,0,eGFP3
6220,16:49:20,0.064,0.580,0,0,eGFP3
6221,16:49:20,0.054,0.581,0,0,eGFP3
6222,16:49:21,0.064,0.623,0,0,eGFP3
6223,16:49:21,0.053,0.536,0,0,eGFP3
6224,16:49:22,0.042,0.492,0,0,eGFP3
6225,16:49:22,0.047,0.530,0,0,eGFP3
6226,16:49:23,0.064,0.898,0,0,eGFP3
6227,16:49:24,0.086,0.700,0,0,eGFP3
6228,16:49:25,0.064,0.613,0,0,eGFP3
6229,16:49:25,0.088,0.812,0,0,eGFP3
6230,16:49:26,0.064,0.580,0,0,eGFP3
6231,16:49:27,0.053,0.733,0,0,eGFP3
6232,16:49:27,0.076,0.668,0,0,eGFP3
6233,16:49:28,0.054,0.547,0,0,eGFP3
6234,16:49:29,0.054,0.591,0,0,eGFP3
6235,16:49:29,0.065,0.767,0,0,eGFP3
6236,16:49:30,0.064,0.591,0,0,eGFP3
6237,16:49:31,0.044,0.582,0,0,eGFP3
6238,16:49:31,0.065,0.613,0,0,eGFP3
6239,16:49:32,0.056,0.516,0,0,eGFP3
6240,16:49:32,0.054,0.482,0,0,eGFP3
6241,16:49:33,0.054,0.734,0,0,eGFP3
6242,16:49:34,0.076,0.734,0,0,eGFP3
6243,16:49:34,0.054,0.515,0,0,eGFP3
6244,16:49:35,0.053,0.635,0,0,eGFP3
6245,16:49:35,0.078,0.670,0,0,eGFP3
6246,16:49:36,0.054,0.603,0,0,eGFP3
6247,16:49:37,0.065,0.723,0,0,eGFP3
6248,16:49:37,0.076,0.646,0,0,eGFP3
6249,16:49:38,0.054,0.702,0,0,eGFP3
6250,16:49:39,0.065,0.625,0,0,eGFP3
6251,16:49:39,0.054,0.515,0,0,eGFP3
6252,16:49:40,0.043,0.460,0,0,eGFP3
6253,16:49:40,0.046,0.518,0,0,eGFP3
6254,16:49:41,0.054,1.031,0,0,eGFP3
6255,16:49:42,0.087,0.746,0,0,eGFP3
6256,16:49:43,0.065,0.789,0,0,eGFP3
6257,16:49:43,0.065,0.581,0,0,eGFP3
6258,16:49:45,0.054,1.195,0,0,eGFP3
6259,16:49:46,0.143,0.933,0,0,eGFP3
6260,16:49:46,0.054,0.636,0,0,eGFP3
6261,16:49:54,0.078,7.870,0,0,eGFP3
6262,16:49:55,0.065,0.581,0,0,eGFP3
6263,16:49:55,0.043,0.471,0,0,eGFP3
6264,16:49:56,0.055,0.461,0,0,eGFP3
6265,16:49:56,0.044,0.450,0,0,eGFP3
6266,16:49:56,0.038,0.499,0,0,eGFP3
6267,16:49:57,0.043,0.504,0,0,eGFP3
6268,16:49:57,0.041,0.447,0,0,eGFP3
6269,16:49:58,0.043,0.405,0,0,eGFP3
6270,16:49:58,0.042,0.393,0,0,eGFP3
6271,16:49:59,0.041,0.425,0,0,eGFP3
6272,16:49:59,0.053,0.667,0,0,eGFP3
6273,16:50:00,0.064,0.580,0,0,eGFP3
6274,16:50:00,0.052,0.579,0,0,eGFP3
6275,16:50:01,0.052,0.524,0,0,eGFP3
6276,16:50:01,0.042,0.437,0,0,eGFP3
6277,16:50:02,0.032,0.405,0,0,eGFP3
6278,16:50:02,0.042,0.415,0,0,eGFP3
6279,16:50:03,0.031,0.415,0,0,eGFP3
6280,16:50:03,0.042,0.437,0,0,eGFP3
6281,16:50:04,0.032,0.416,0,0,eGFP3
6282,16:50:04,0.042,0.437,0,0,eGFP3
6283,16:50:18,0.053,13.650,0,0,eGFP3
6284,16:50:32,0.184,14.023,0,0,eGFP3
6285,16:50:42,0.119,10.138,0,0,eGFP3
6286,16:50:51,0.088,9.010,0,0,eGFP3
6287,16:50:52,0.118,1.216,0,0,eGFP3
6288,16:50:53,0.075,0.953,0,0,eGFP3
6289,16:50:54,0.119,1.337,0,0,eGFP3
6290,16:50:55,0.119,0.997,0,0,eGFP3
6291,16:50:56,0.075,0.898,0,0,eGFP3
6292,16:50:57,0.108,1.008,0,0,eGFP3
6293,16:50:58,0.065,0.690,0,0,eGFP3
6294,16:50:59,0.068,0.935,0,0,eGFP3
6295,16:51:00,0.090,0.792,0,0,eGFP3
6296,16:51:00,0.054,0.657,0,0,eGFP3
6297,16:51:01,0.076,0.822,0,0,eGFP3
6298,16:51:02,0.075,0.822,0,0,eGFP3
6299,16:51:04,0.086,2.182,0,0,eGFP3
6300,16:51:07,0.119,2.687,0,0,eGFP3
6301,16:51:08,0.164,1.064,0,0,eGFP3
6302,16:51:09,0.055,0.703,0,0,eGFP3
6303,16:51:23,0.086,14.616,0,0,eGFP3
6304,16:51:49,2.622,26.183,0,0,eGFP3
6305,16:55:52,0.449,242.569,0,0,eGFP3
6306,16:55:53,0.514,1.359,0,0,eGFP3
6307,16:55:54,0.054,1.020,0,0,eGFP3
6308,16:55:55,0.122,1.120,0,0,eGFP3
6309,16:55:57,0.109,1.547,0,0,eGFP3
6310,16:55:59,0.111,1.647,0,0,eGFP3
6311,16:55:59,0.076,0.855,0,0,eGFP3
6312,16:56:02,1.602,2.743,0,0,eGFP3
6313,16:56:03,0.065,0.614,0,0,eGFP3
6314,16:56:03,0.054,0.603,0,0,eGFP3
6315,16:56:04,0.076,0.888,0,0,eGFP3
6316,16:56:05,0.076,0.647,0,0,eGFP3
6317,16:56:05,0.043,0.493,0,0,eGFP3
6318,16:56:06,0.045,0.594,0,0,eGFP3
6319,16:56:07,0.065,0.625,0,0,eGFP3
6320,16:56:07,0.054,0.482,0,0,eGFP3
6321,16:56:08,0.044,0.516,0,0,eGFP3
6322,16:56:08,0.067,0.725,0,0,eGFP3
6323,16:56:09,0.054,0.526,0,0,eGFP3
6324,16:56:10,0.055,0.604,0,0,eGFP3
6325,16:56:10,0.054,0.680,0,0,eGFP3
6326,16:56:11,0.078,0.967,0,0,eGFP3
6327,16:56:12,0.066,0.581,0,0,eGFP3
6328,16:56:12,0.044,0.483,0,0,eGFP3
6329,16:56:13,0.043,0.823,0,0,eGFP3
6330,16:56:14,0.300,1.156,0,0,eGFP3
6331,16:56:15,0.053,0.645,0,0,eGFP3
6332,16:56:21,0.074,6.319,0,0,eGFP3
6333,16:56:23,0.195,2.005,0,0,eGFP3
6334,16:56:25,0.153,1.745,0,0,eGFP3
6335,16:56:26,0.107,0.798,0,0,eGFP3
6336,16:56:26,0.055,0.538,0,0,eGFP3
6337,16:56:27,0.052,0.513,0,0,eGFP3
6338,16:56:27,0.042,0.459,0,0,eGFP3
6339,16:56:28,0.041,0.425,0,0,eGFP3
6340,16:56:28,0.042,0.448,0,0,eGFP3
6341,16:56:29,0.031,0.426,0,0,eGFP3
6342,16:56:29,0.032,0.395,0,0,eGFP3
6343,16:56:29,0.041,0.447,0,0,eGFP3
6344,16:56:30,0.042,0.536,0,0,eGFP3
6345,16:56:30,0.053,0.481,0,0,eGFP3
6346,16:56:31,0.031,0.426,0,0,eGFP3
6347,16:56:31,0.042,0.546,0,0,eGFP3
6348,16:56:34,1.623,2.588,0,0,eGFP3
6349,16:56:35,0.064,0.569,0,0,eGFP3
6350,16:56:35,0.044,0.483,0,0,eGFP3
6351,16:56:35,0.033,0.450,0,0,eGFP3
6352,16:56:36,0.042,0.426,0,0,eGFP3
6353,16:56:36,0.042,0.492,0,0,eGFP3
6354,16:56:37,0.064,0.876,0,0,eGFP3
6355,16:56:38,0.064,0.580,0,0,eGFP3
6356,16:56:38,0.042,0.503,0,0,eGFP3
6357,16:56:39,0.042,0.624,0,0,eGFP3
6358,16:56:40,0.053,0.558,0,0,eGFP3
6359,16:56:40,0.044,0.571,0,0,eGFP3
6360,16:56:41,0.064,0.690,0,0,eGFP3
6361,16:56:41,0.053,0.536,0,0,eGFP3
6362,16:56:42,0.042,0.558,0,0,eGFP3
6363,16:56:43,0.064,0.657,0,0,eGFP3
6364,16:56:43,0.055,0.824,0,0,eGFP3
6365,16:56:45,0.108,1.326,0,0,eGFP3
6366,16:56:45,0.065,0.591,0,0,eGFP3
6367,16:56:46,0.056,0.484,0,0,eGFP3
6368,16:56:46,0.053,0.613,0,0,eGFP3
6369,16:56:47,0.054,0.558,0,0,eGFP3
6370,16:56:47,0.043,0.438,0,0,eGFP3
6371,16:56:48,0.043,0.493,0,0,eGFP3
6372,16:56:48,0.054,0.636,0,0,eGFP3
6373,16:56:49,0.053,0.514,0,0,eGFP3
6374,16:56:50,0.043,0.636,0,0,eGFP3
6375,16:56:50,0.055,0.571,0,0,eGFP3
6376,16:56:51,0.043,0.460,0,0,eGFP3
6377,16:56:51,0.045,0.517,0,0,eGFP3
6378,16:56:52,0.054,0.712,0,0,eGFP3
6379,16:56:53,0.087,0.910,0,0,eGFP3
6380,16:56:53,0.065,0.548,0,0,eGFP3
6381,16:56:54,0.054,0.537,0,0,eGFP3
6382,16:56:54,0.043,0.471,0,0,eGFP3
6383,16:56:55,0.035,0.463,0,0,eGFP3
6384,16:56:56,0.054,0.756,0,0,eGFP3
6385,16:56:56,0.065,0.614,0,0,eGFP3
6386,16:56:57,0.054,0.526,0,0,eGFP3
6387,16:56:57,0.043,0.515,0,0,eGFP3
6388,16:56:58,0.054,0.724,0,0,eGFP3
6389,16:56:58,0.065,0.548,0,0,eGFP3
6390,16:56:59,0.043,0.559,0,0,eGFP3
6391,16:57:00,0.059,0.509,0,0,eGFP3
6392,16:57:00,0.032,0.449,0,0,eGFP3
6393,16:57:01,0.038,0.543,0,0,eGFP3
6394,16:57:01,0.063,0.579,0,0,eGFP3
6395,16:57:02,0.052,0.623,0,0,eGFP3
6396,16:57:03,0.085,0.842,0,0,eGFP3
6397,16:57:03,0.064,0.656,0,0,eGFP3
6398,16:57:04,0.075,1.007,0,0,eGFP3
6399,16:57:07,0.076,2.897,0,0,eGFP3
6400,16:57:08,0.085,0.765,0,0,eGFP3
6401,16:57:08,0.053,0.558,0,0,eGFP3
6402,16:57:09,0.063,0.656,0,0,eGFP3
6403,16:57:10,0.063,0.557,0,0,eGFP3
6404,16:57:10,0.042,0.536,0,0,eGFP3
6405,16:57:11,0.054,0.647,0,0,eGFP3
6406,16:57:11,0.041,0.513,0,0,eGFP3
6407,16:57:12,0.055,0.516,0,0,eGFP3
6408,16:57:12,0.052,0.480,0,0,eGFP3
6409,16:57:13,0.042,0.459,0,0,eGFP3
6410,16:57:13,0.042,0.536,0,0,eGFP3
6411,16:57:14,0.063,0.612,0,0,eGFP3
6412,16:57:15,0.053,0.591,0,0,eGFP3
6413,16:57:15,0.053,0.590,0,0,eGFP3
6414,16:57:16,0.064,0.712,0,0,eGFP3
6415,16:57:16,0.064,0.579,0,0,eGFP3
6416,16:57:17,0.055,0.593,0,0,eGFP3
6417,16:57:18,0.064,0.580,0,0,eGFP3
6418,16:57:18,0.053,0.481,0,0,eGFP3
6419,16:57:19,0.043,0.504,0,0,eGFP3
6420,16:57:19,0.064,0.646,0,0,eGFP3
6421,16:57:20,0.053,0.492,0,0,eGFP3
6422,16:57:20,0.042,0.459,0,0,eGFP3
6423,16:57:21,0.043,0.679,0,0,eGFP3
6424,16:57:22,0.077,0.692,0,0,eGFP3
6425,16:57:22,0.053,0.503,0,0,eGFP3
6426,16:57:23,0.042,0.580,0,0,eGFP3
6427,16:57:23,0.054,0.613,0,0,eGFP3
6428,16:57:24,0.065,0.657,0,0,eGFP3
6429,16:57:25,0.065,0.822,0,0,eGFP3
6430,16:57:26,0.102,0.892,0,0,eGFP3
6431,16:57:26,0.064,0.547,0,0,eGFP3
6432,16:57:27,0.045,0.473,0,0,eGFP3
6433,16:57:27,0.033,0.450,0,0,eGFP3
6434,16:57:28,0.043,0.482,0,0,eGFP3
6435,16:57:28,0.053,0.635,0,0,eGFP3
6436,16:57:29,0.087,0.800,0,0,eGFP3
6437,16:57:30,0.065,0.603,0,0,eGFP3
6438,16:57:30,0.042,0.558,0,0,eGFP3
6439,16:57:31,0.043,0.515,0,0,eGFP3
6440,16:57:31,0.045,0.484,0,0,eGFP3
6441,16:57:32,0.043,0.481,0,0,eGFP3
6442,16:57:32,0.044,0.537,0,0,eGFP3
6443,16:57:33,0.054,0.625,0,0,eGFP3
6444,16:57:34,0.065,0.712,0,0,eGFP3
6445,16:57:34,0.054,0.504,0,0,eGFP3
6446,16:57:35,0.043,0.526,0,0,eGFP3
6447,16:57:35,0.057,0.836,0,0,eGFP3
6448,16:57:36,0.056,0.583,0,0,eGFP3
6449,16:57:37,0.043,0.515,0,0,eGFP3
6450,16:57:37,0.054,0.745,0,0,eGFP3
6451,16:57:38,0.066,0.570,0,0,eGFP3
6452,16:57:39,0.055,0.746,0,0,eGFP3
6453,16:57:39,0.066,0.625,0,0,eGFP3
6454,16:57:40,0.044,0.604,0,0,eGFP3
6455,16:57:41,0.054,0.800,0,0,eGFP3
6456,16:57:41,0.090,0.715,0,0,eGFP3
6457,16:57:42,0.048,0.509,0,0,eGFP3
6458,16:57:42,0.052,0.590,0,0,eGFP3
6459,16:57:43,0.052,0.667,0,0,eGFP3
6460,16:57:44,0.065,0.646,0,0,eGFP3
6461,16:57:44,0.064,0.623,0,0,eGFP3
6462,16:57:45,0.053,0.492,0,0,eGFP3
6463,16:57:45,0.041,0.458,0,0,eGFP3
6464,16:57:46,0.043,0.636,0,0,eGFP3
6465,16:57:47,0.086,0.722,0,0,eGFP3
6466,16:57:47,0.053,0.525,0,0,eGFP3
6467,16:57:48,0.041,0.557,0,0,eGFP3
6468,16:57:48,0.053,0.591,0,0,eGFP3
6469,16:57:49,0.052,0.612,0,0,eGFP3
6470,16:57:50,0.053,0.580,0,0,eGFP3
6471,16:57:50,0.063,0.755,0,0,eGFP3
6472,16:57:51,0.087,0.757,0,0,eGFP3
6473,16:57:52,0.052,0.546,0,0,eGFP3
6474,16:57:52,0.044,0.483,0,0,eGFP3
6475,16:57:53,0.053,0.459,0,0,eGFP3
6476,16:57:53,0.042,0.569,0,0,eGFP3
6477,16:57:54,0.053,0.656,0,0,eGFP3
6478,16:57:54,0.064,0.657,0,0,eGFP3
6479,16:57:55,0.064,0.558,0,0,eGFP3
6480,16:57:55,0.042,0.470,0,0,eGFP3
6481,16:57:56,0.033,0.450,0,0,eGFP3
6482,16:57:56,0.042,0.503,0,0,eGFP3
6483,16:57:57,0.053,0.799,0,0,eGFP3
6484,16:57:58,0.065,0.745,0,0,eGFP3
6485,16:57:59,0.086,1.041,0,0,eGFP3
6486,16:58:00,0.053,0.602,0,0,eGFP3
6487,16:58:00,0.065,0.591,0,0,eGFP3
6488,16:58:01,0.056,0.571,0,0,eGFP3
6489,16:58:01,0.045,0.593,0,0,eGFP3
6490,16:58:02,0.054,0.690,0,0,eGFP3
6491,16:58:03,0.054,0.537,0,0,eGFP3
6492,16:58:03,0.042,0.470,0,0,eGFP3
6493,16:58:04,0.043,0.482,0,0,eGFP3
6494,16:58:04,0.054,0.668,0,0,eGFP3
6495,16:58:05,0.065,0.657,0,0,eGFP3
6496,16:58:05,0.054,0.647,0,0,eGFP3
6497,16:58:06,0.067,0.824,0,0,eGFP3
6498,16:58:07,0.075,1.008,0,0,eGFP3
6499,16:58:08,0.087,0.746,0,0,eGFP3
6500,16:58:09,0.054,0.602,0,0,eGFP3
6501,16:58:10,0.065,0.888,0,0,eGFP3
6502,16:58:11,0.111,1.713,0,0,eGFP3
6503,16:58:12,0.054,0.570,0,0,eGFP3
6504,16:58:12,0.054,0.581,0,0,eGFP3
6505,16:58:13,0.056,0.495,0,0,eGFP3
6506,16:58:13,0.043,0.449,0,0,eGFP3
6507,16:58:14,0.043,0.427,0,0,eGFP3
6508,16:58:14,0.043,0.438,0,0,eGFP3
6509,16:58:15,0.043,0.471,0,0,eGFP3
6510,16:58:15,0.055,0.592,0,0,eGFP3
6511,16:58:16,0.043,0.482,0,0,eGFP3
6512,16:58:16,0.033,0.428,0,0,eGFP3
6513,16:58:17,0.034,0.517,0,0,eGFP3
6514,16:58:17,0.054,0.713,0,0,eGFP3
6515,16:58:18,0.054,0.526,0,0,eGFP3
6516,16:58:19,0.045,0.693,0,0,eGFP3
6517,16:58:20,0.098,0.844,0,0,eGFP3
6518,16:58:20,0.077,0.615,0,0,eGFP3
6519,16:58:21,0.043,0.482,0,0,eGFP3
6520,16:58:21,0.038,0.444,0,0,eGFP3
6521,16:58:21,0.043,0.449,0,0,eGFP3
6522,16:58:22,0.041,0.579,0,0,eGFP3
6523,16:58:23,0.063,0.842,0,0,eGFP3
6524,16:58:23,0.053,0.569,0,0,eGFP3
6525,16:58:24,0.063,0.721,0,0,eGFP3
6526,16:58:25,0.086,0.942,0,0,eGFP3
6527,16:58:26,0.074,0.678,0,0,eGFP3
6528,16:58:26,0.063,0.546,0,0,eGFP3
6529,16:58:27,0.043,0.482,0,0,eGFP3
6530,16:58:27,0.044,0.504,0,0,eGFP3
6531,16:58:28,0.053,0.690,0,0,eGFP3
6532,16:58:29,0.052,0.601,0,0,eGFP3
6533,16:58:29,0.042,0.524,0,0,eGFP3
6534,16:58:30,0.053,0.580,0,0,eGFP3
6535,16:58:30,0.053,0.569,0,0,eGFP3
6536,16:58:31,0.052,0.491,0,0,eGFP3
6537,16:58:31,0.053,0.470,0,0,eGFP3
6538,16:58:32,0.041,0.601,0,0,eGFP3
6539,16:58:33,0.096,0.788,0,0,eGFP3
6540,16:58:33,0.053,0.503,0,0,eGFP3
6541,16:58:34,0.041,0.447,0,0,eGFP3
6542,16:58:34,0.042,0.613,0,0,eGFP3
6543,16:58:35,0.110,0.856,0,0,eGFP3
6544,16:58:36,0.053,0.547,0,0,eGFP3
6545,16:58:36,0.053,0.722,0,0,eGFP3
6546,16:58:37,0.077,0.648,0,0,eGFP3
6547,16:58:38,0.064,0.580,0,0,eGFP3
6548,16:58:38,0.053,0.624,0,0,eGFP3
6549,16:58:39,0.064,0.635,0,0,eGFP3
6550,16:58:39,0.064,0.624,0,0,eGFP3
6551,16:58:40,0.053,0.580,0,0,eGFP3
6552,16:58:41,0.053,0.657,0,0,eGFP3
6553,16:58:41,0.064,0.602,0,0,eGFP3
6554,16:58:42,0.044,0.505,0,0,eGFP3
6555,16:58:42,0.043,0.460,0,0,eGFP3
6556,16:58:43,0.042,0.448,0,0,eGFP3
6557,16:58:43,0.044,0.593,0,0,eGFP3
6558,16:58:44,0.065,0.701,0,0,eGFP3
6559,16:58:45,0.054,0.592,0,0,eGFP3
6560,16:58:45,0.053,0.580,0,0,eGFP3
6561,16:58:46,0.043,0.547,0,0,eGFP3
6562,16:58:46,0.045,0.737,0,0,eGFP3
6563,16:58:47,0.086,0.822,0,0,eGFP3
6564,16:58:48,0.075,1.140,0,0,eGFP3
6565,16:58:49,0.076,0.679,0,0,eGFP3
6566,16:58:50,0.054,0.537,0,0,eGFP3
6567,16:58:50,0.065,0.614,0,0,eGFP3
6568,16:58:51,0.054,0.613,0,0,eGFP3
6569,16:58:52,0.065,0.768,0,0,eGFP3
6570,16:58:53,0.111,0.978,0,0,eGFP3
6571,16:58:53,0.078,0.780,0,0,eGFP3
6572,16:58:54,0.054,0.537,0,0,eGFP3
6573,16:58:55,0.043,0.603,0,0,eGFP3
6574,16:58:55,0.065,0.778,0,0,eGFP3
6575,16:58:57,0.099,2.030,0,0,eGFP3
6576,16:58:58,0.098,0.757,0,0,eGFP3
6577,16:58:59,0.054,0.625,0,0,eGFP3
6578,16:58:59,0.067,0.637,0,0,eGFP3
6579,16:59:00,0.055,0.560,0,0,eGFP3
6580,16:59:00,0.043,0.548,0,0,eGFP3
6581,16:59:01,0.054,0.548,0,0,eGFP3
6582,16:59:01,0.043,0.450,0,0,eGFP3
6583,16:59:02,0.043,0.581,0,0,eGFP3
6584,16:59:03,0.081,0.817,0,0,eGFP3
6585,16:59:03,0.053,0.547,0,0,eGFP3
6586,16:59:04,0.043,0.581,0,0,eGFP3
6587,16:59:05,0.052,0.535,0,0,eGFP3
6588,16:59:05,0.041,0.480,0,0,eGFP3
6589,16:59:06,0.053,0.755,0,0,eGFP3
6590,16:59:06,0.085,0.667,0,0,eGFP3
6591,16:59:07,0.042,0.502,0,0,eGFP3
6592,16:59:07,0.031,0.525,0,0,eGFP3
6593,16:59:08,0.063,0.766,0,0,eGFP3
6594,16:59:09,0.065,0.570,0,0,eGFP3
6595,16:59:09,0.041,0.535,0,0,eGFP3
6596,16:59:10,0.053,0.656,0,0,eGFP3
6597,16:59:11,0.053,0.547,0,0,eGFP3
6598,16:59:11,0.052,0.557,0,0,eGFP3
6599,16:59:12,0.055,0.483,0,0,eGFP3
6600,16:59:12,0.042,0.448,0,0,eGFP3
6601,16:59:13,0.041,0.612,0,0,eGFP3
6602,16:59:13,0.064,0.733,0,0,eGFP3
6603,16:59:14,0.066,0.713,0,0,eGFP3
6604,16:59:15,0.075,0.679,0,0,eGFP3
6605,16:59:15,0.053,0.612,0,0,eGFP3
6606,16:59:16,0.075,0.701,0,0,eGFP3
6607,16:59:17,0.064,0.602,0,0,eGFP3
6608,16:59:17,0.053,0.678,0,0,eGFP3
6609,16:59:18,0.075,0.756,0,0,eGFP3
6610,16:59:19,0.053,0.579,0,0,eGFP3
6611,16:59:19,0.055,0.780,0,0,eGFP3
6612,16:59:20,0.064,0.580,0,0,eGFP3
6613,16:59:21,0.044,0.571,0,0,eGFP3
6614,16:59:21,0.064,0.733,0,0,eGFP3
6615,16:59:22,0.054,0.536,0,0,eGFP3
6616,16:59:22,0.043,0.526,0,0,eGFP3
6617,16:59:23,0.042,0.635,0,0,eGFP3
6618,16:59:24,0.086,0.788,0,0,eGFP3
6619,16:59:24,0.045,0.517,0,0,eGFP3
6620,16:59:25,0.042,0.613,0,0,eGFP3
6621,16:59:26,0.075,0.755,0,0,eGFP3
6622,16:59:26,0.065,0.548,0,0,eGFP3
6623,16:59:27,0.043,0.471,0,0,eGFP3
6624,16:59:27,0.042,0.514,0,0,eGFP3
6625,16:59:28,0.054,0.548,0,0,eGFP3
6626,16:59:29,0.044,0.768,0,0,eGFP3
6627,16:59:29,0.089,0.714,0,0,eGFP3
6628,16:59:30,0.054,0.537,0,0,eGFP3
6629,16:59:30,0.043,0.570,0,0,eGFP3
6630,16:59:31,0.053,0.525,0,0,eGFP3
6631,16:59:32,0.054,0.669,0,0,eGFP3
6632,16:59:32,0.076,0.778,0,0,eGFP3
6633,16:59:33,0.054,0.526,0,0,eGFP3
6634,16:59:33,0.054,0.592,0,0,eGFP3
6635,16:59:34,0.067,0.791,0,0,eGFP3
6636,16:59:35,0.065,0.636,0,0,eGFP3
6637,16:59:36,0.054,0.712,0,0,eGFP3
6638,16:59:36,0.065,0.658,0,0,eGFP3
6639,16:59:37,0.054,0.548,0,0,eGFP3
6640,16:59:37,0.056,0.560,0,0,eGFP3
6641,16:59:38,0.055,0.680,0,0,eGFP3
6642,16:59:39,0.065,0.603,0,0,eGFP3
6643,16:59:39,0.067,0.748,0,0,eGFP3
6644,16:59:40,0.076,0.778,0,0,eGFP3
6645,16:59:41,0.055,0.570,0,0,eGFP3
6646,16:59:41,0.055,0.559,0,0,eGFP3
6647,16:59:42,0.049,0.642,0,0,eGFP3
6648,16:59:43,0.074,0.809,0,0,eGFP3
6649,16:59:43,0.063,0.667,0,0,eGFP3
6650,16:59:44,0.063,0.722,0,0,eGFP3
6651,16:59:45,0.053,0.591,0,0,eGFP3
6652,16:59:45,0.053,0.557,0,0,eGFP3
6653,16:59:46,0.064,0.612,0,0,eGFP3
6654,16:59:47,0.065,0.735,0,0,eGFP3
6655,16:59:47,0.063,0.623,0,0,eGFP3
6656,16:59:48,0.063,0.941,0,0,eGFP3
6657,16:59:49,0.108,0.953,0,0,eGFP3
6658,16:59:50,0.063,0.766,0,0,eGFP3
6659,16:59:51,0.098,1.349,0,0,eGFP3
6660,16:59:52,0.063,0.722,0,0,eGFP3
6661,16:59:53,0.075,0.810,0,0,eGFP3
6662,16:59:54,0.085,0.952,0,0,eGFP3
6663,16:59:55,0.141,1.194,0,0,eGFP3
6664,16:59:56,0.064,0.646,0,0,eGFP3
6665,16:59:56,0.064,0.711,0,0,eGFP3
6666,16:59:57,0.057,0.562,0,0,eGFP3
6667,16:59:57,0.053,0.525,0,0,eGFP3
6668,16:59:58,0.056,0.484,0,0,eGFP3
6669,16:59:58,0.042,0.459,0,0,eGFP3
6670,16:59:59,0.053,0.459,0,0,eGFP3
6671,16:59:59,0.042,0.613,0,0,eGFP3
6672,17:00:00,0.064,0.799,0,0,eGFP3
6673,17:00:01,0.064,0.613,0,0,eGFP3
6674,17:00:01,0.053,0.547,0,0,eGFP3
6675,17:00:02,0.042,0.525,0,0,eGFP3
6676,17:00:02,0.055,0.526,0,0,eGFP3
6677,17:00:03,0.054,0.690,0,0,eGFP3
6678,17:00:04,0.075,0.657,0,0,eGFP3
6679,17:00:04,0.053,0.525,0,0,eGFP3
6680,17:00:05,0.042,0.635,0,0,eGFP3
6681,17:00:06,0.075,0.756,0,0,eGFP3
6682,17:00:06,0.077,0.615,0,0,eGFP3
6683,17:00:07,0.053,0.503,0,0,eGFP3
6684,17:00:07,0.055,0.472,0,0,eGFP3
6685,17:00:08,0.043,0.449,0,0,eGFP3
6686,17:00:08,0.043,0.548,0,0,eGFP3
6687,17:00:09,0.075,0.909,0,0,eGFP3
6688,17:00:10,0.054,0.570,0,0,eGFP3
6689,17:00:10,0.053,0.701,0,0,eGFP3
6690,17:00:11,0.075,0.657,0,0,eGFP3
6691,17:00:12,0.043,0.559,0,0,eGFP3
6692,17:00:12,0.056,0.561,0,0,eGFP3
6693,17:00:13,0.043,0.536,0,0,eGFP3
6694,17:00:13,0.043,0.493,0,0,eGFP3
6695,17:00:14,0.042,0.459,0,0,eGFP3
6696,17:00:14,0.043,0.493,0,0,eGFP3
6697,17:00:15,0.063,0.733,0,0,eGFP3
6698,17:00:16,0.063,0.612,0,0,eGFP3
6699,17:00:16,0.052,0.787,0,0,eGFP3
6700,17:00:17,0.068,0.606,0,0,eGFP3
6701,17:00:18,0.052,0.557,0,0,eGFP3
6702,17:00:18,0.063,0.711,0,0,eGFP3
6703,17:00:19,0.063,0.535,0,0,eGFP3
6704,17:00:19,0.042,0.514,0,0,eGFP3
6705,17:00:20,0.063,0.897,0,0,eGFP3
6706,17:00:21,0.075,0.634,0,0,eGFP3
6707,17:00:21,0.064,0.678,0,0,eGFP3
6708,17:00:22,0.066,0.691,0,0,eGFP3
6709,17:00:23,0.055,0.504,0,0,eGFP3
6710,17:00:23,0.042,0.547,0,0,eGFP3
6711,17:00:24,0.064,0.755,0,0,eGFP3
6712,17:00:25,0.064,0.613,0,0,eGFP3
6713,17:00:25,0.053,0.656,0,0,eGFP3
6714,17:00:26,0.075,0.734,0,0,eGFP3
6715,17:00:27,0.064,0.569,0,0,eGFP3
6716,17:00:27,0.043,0.482,0,0,eGFP3
6717,17:00:28,0.042,0.470,0,0,eGFP3
6718,17:00:28,0.043,0.470,0,0,eGFP3
6719,17:00:29,0.054,0.591,0,0,eGFP3
6720,17:00:29,0.064,0.657,0,0,eGFP3
6721,17:00:30,0.075,0.701,0,0,eGFP3
6722,17:00:30,0.053,0.558,0,0,eGFP3
6723,17:00:31,0.044,0.483,0,0,eGFP3
6724,17:00:31,0.044,0.461,0,0,eGFP3
6725,17:00:32,0.042,0.602,0,0,eGFP3
6726,17:00:33,0.075,0.778,0,0,eGFP3
6727,17:00:33,0.064,0.646,0,0,eGFP3
6728,17:00:34,0.064,0.679,0,0,eGFP3
6729,17:00:35,0.064,0.821,0,0,eGFP3
6730,17:00:36,0.054,0.548,0,0,eGFP3
6731,17:00:36,0.042,0.481,0,0,eGFP3
6732,17:00:37,0.054,0.668,0,0,eGFP3
6733,17:00:37,0.089,0.725,0,0,eGFP3
6734,17:00:38,0.054,0.504,0,0,eGFP3
6735,17:00:39,0.054,0.646,0,0,eGFP3
6736,17:00:39,0.098,0.789,0,0,eGFP3
6737,17:00:40,0.056,0.539,0,0,eGFP3
6738,17:00:40,0.043,0.492,0,0,eGFP3
6739,17:00:41,0.043,0.504,0,0,eGFP3
6740,17:00:42,0.054,0.745,0,0,eGFP3
6741,17:00:42,0.089,0.737,0,0,eGFP3
6742,17:00:43,0.043,0.602,0,0,eGFP3
6743,17:00:44,0.087,0.910,0,0,eGFP3
6744,17:00:45,0.065,0.669,0,0,eGFP3
6745,17:00:45,0.065,0.669,0,0,eGFP3
6746,17:00:46,0.054,0.624,0,0,eGFP3
6747,17:00:46,0.065,0.548,0,0,eGFP3
6748,17:00:47,0.044,0.505,0,0,eGFP3
6749,17:00:48,0.056,0.791,0,0,eGFP3
6750,17:00:48,0.076,0.669,0,0,eGFP3
6751,17:00:49,0.045,0.616,0,0,eGFP3
6752,17:00:50,0.076,0.954,0,0,eGFP3
6753,17:00:57,0.087,7.264,0,0,eGFP3
6754,17:01:01,0.922,3.457,0,0,eGFP3
6755,17:01:01,0.186,0.746,0,0,eGFP3
6756,17:01:20,0.416,18.524,0,0,eGFP3
6757,17:01:25,2.185,5.445,0,0,eGFP3
6758,17:01:27,0.193,1.861,0,0,eGFP3
6759,17:01:28,0.096,0.919,0,0,eGFP3
6760,17:01:29,0.075,0.744,0,0,eGFP3
6761,17:01:30,0.052,0.755,0,0,eGFP3
6762,17:01:30,0.063,0.656,0,0,eGFP3
6763,17:01:31,0.041,0.645,0,0,eGFP3
6764,17:01:32,0.074,0.832,0,0,eGFP3
6765,17:01:32,0.055,0.626,0,0,eGFP3
6766,17:01:33,0.044,0.703,0,0,eGFP3
6767,17:01:34,0.098,0.899,0,0,eGFP3
6768,17:01:35,0.064,0.635,0,0,eGFP3
6769,17:01:35,0.052,0.678,0,0,eGFP3
6770,17:01:36,0.063,0.689,0,0,eGFP3
6771,17:01:37,0.053,0.568,0,0,eGFP3
6772,17:01:37,0.042,0.569,0,0,eGFP3
6773,17:01:38,0.055,0.680,0,0,eGFP3
6774,17:01:38,0.053,0.580,0,0,eGFP3
6775,17:01:39,0.053,0.678,0,0,eGFP3
6776,17:01:40,0.075,0.909,0,0,eGFP3
6777,17:01:41,0.075,0.712,0,0,eGFP3
6778,17:01:41,0.053,0.612,0,0,eGFP3
6779,17:01:42,0.055,0.615,0,0,eGFP3
6780,17:01:42,0.053,0.601,0,0,eGFP3
6781,17:01:43,0.055,0.725,0,0,eGFP3
6782,17:01:44,0.064,0.711,0,0,eGFP3
6783,17:01:45,0.064,0.657,0,0,eGFP3
6784,17:01:45,0.064,0.723,0,0,eGFP3
6785,17:01:46,0.064,0.689,0,0,eGFP3
6786,17:01:50,0.064,3.785,0,0,eGFP3
6787,17:01:51,0.086,0.766,0,0,eGFP3
6788,17:01:51,0.054,0.537,0,0,eGFP3
6789,17:01:52,0.055,0.659,0,0,eGFP3
6790,17:01:52,0.053,0.558,0,0,eGFP3
6791,17:01:53,0.053,0.514,0,0,eGFP3
6792,17:01:53,0.045,0.517,0,0,eGFP3
6793,17:01:54,0.053,0.503,0,0,eGFP3
6794,17:01:54,0.043,0.471,0,0,eGFP3
6795,17:01:55,0.042,0.492,0,0,eGFP3
6796,17:01:55,0.043,0.482,0,0,eGFP3
6797,17:01:56,0.042,0.459,0,0,eGFP3
6798,17:01:56,0.045,0.440,0,0,eGFP3
6799,17:01:57,0.043,0.526,0,0,eGFP3
6800,17:01:57,0.064,0.701,0,0,eGFP3
6801,17:01:58,0.064,0.558,0,0,eGFP3
6802,17:01:58,0.043,0.471,0,0,eGFP3
6803,17:01:59,0.043,0.515,0,0,eGFP3
6804,17:02:00,0.065,0.723,0,0,eGFP3
6805,17:02:00,0.054,0.581,0,0,eGFP3
6806,17:02:01,0.047,0.606,0,0,eGFP3
6807,17:02:01,0.054,0.548,0,0,eGFP3
6808,17:02:02,0.043,0.482,0,0,eGFP3
6809,17:02:03,0.043,0.658,0,0,eGFP3
6810,17:02:03,0.076,0.723,0,0,eGFP3
6811,17:02:04,0.054,0.526,0,0,eGFP3
6812,17:02:04,0.043,0.636,0,0,eGFP3
6813,17:02:05,0.065,0.603,0,0,eGFP3
6814,17:02:06,0.045,0.517,0,0,eGFP3
6815,17:02:06,0.043,0.471,0,0,eGFP3
6816,17:02:06,0.032,0.471,0,0,eGFP3
6817,17:02:07,0.043,0.504,0,0,eGFP3
6818,17:02:08,0.055,0.582,0,0,eGFP3
6819,17:02:08,0.054,0.548,0,0,eGFP3
6820,17:02:09,0.045,0.594,0,0,eGFP3
6821,17:02:10,0.076,0.910,0,0,eGFP3
6822,17:02:10,0.061,0.621,0,0,eGFP3
6823,17:02:11,0.063,0.743,0,0,eGFP3
6824,17:02:12,0.064,0.579,0,0,eGFP3
6825,17:02:12,0.053,0.514,0,0,eGFP3
6826,17:02:13,0.030,0.469,0,0,eGFP3
6827,17:02:13,0.052,0.491,0,0,eGFP3
6828,17:02:14,0.042,0.667,0,0,eGFP3
6829,17:02:14,0.097,0.777,0,0,eGFP3
6830,17:02:15,0.054,0.537,0,0,eGFP3
6831,17:02:16,0.042,0.612,0,0,eGFP3
6832,17:02:17,0.086,0.865,0,0,eGFP3
6833,17:02:17,0.075,0.689,0,0,eGFP3
6834,17:02:18,0.065,0.757,0,0,eGFP3
6835,17:02:19,0.074,0.777,0,0,eGFP3
6836,17:02:20,0.085,0.788,0,0,eGFP3
6837,17:02:20,0.063,0.612,0,0,eGFP3
6838,17:02:21,0.054,0.680,0,0,eGFP3
6839,17:02:22,0.086,0.876,0,0,eGFP3
6840,17:02:22,0.053,0.547,0,0,eGFP3
6841,17:02:23,0.041,0.590,0,0,eGFP3
6842,17:02:23,0.075,0.624,0,0,eGFP3
6843,17:02:24,0.042,0.481,0,0,eGFP3
6844,17:02:24,0.042,0.547,0,0,eGFP3
6845,17:02:25,0.086,0.821,0,0,eGFP3
6846,17:02:26,0.055,0.571,0,0,eGFP3
6847,17:02:26,0.053,0.612,0,0,eGFP3
6848,17:02:27,0.066,0.615,0,0,eGFP3
6849,17:02:28,0.053,0.492,0,0,eGFP3
6850,17:02:28,0.042,0.547,0,0,eGFP3
6851,17:02:29,0.064,0.767,0,0,eGFP3
6852,17:02:29,0.064,0.591,0,0,eGFP3
6853,17:02:30,0.053,0.536,0,0,eGFP3
6854,17:02:31,0.055,0.768,0,0,eGFP3
6855,17:02:32,0.087,0.932,0,0,eGFP3
6856,17:02:32,0.053,0.547,0,0,eGFP3
6857,17:02:33,0.054,0.569,0,0,eGFP3
6858,17:02:34,0.065,0.910,0,0,eGFP3
6859,17:02:35,0.108,0.767,0,0,eGFP3
6860,17:02:35,0.053,0.679,0,0,eGFP3
6861,17:02:36,0.086,0.701,0,0,eGFP3
6862,17:02:36,0.045,0.506,0,0,eGFP3
6863,17:02:37,0.055,0.604,0,0,eGFP3
6864,17:02:38,0.064,0.822,0,0,eGFP3
6865,17:02:39,0.086,0.712,0,0,eGFP3
6866,17:02:45,0.076,6.857,0,0,eGFP3
6867,17:02:46,0.054,0.559,0,0,eGFP3
6868,17:02:47,0.043,0.559,0,0,eGFP3
6869,17:02:47,0.065,0.581,0,0,eGFP3
6870,17:02:48,0.054,0.471,0,0,eGFP3
6871,17:02:48,0.034,0.451,0,0,eGFP3
6872,17:02:48,0.032,0.416,0,0,eGFP3
6873,17:02:49,0.032,0.394,0,0,eGFP3
6874,17:02:49,0.032,0.438,0,0,eGFP3
6875,17:02:50,0.043,0.482,0,0,eGFP3
6876,17:02:50,0.042,0.437,0,0,eGFP3
6877,17:02:51,0.044,0.417,0,0,eGFP3
6878,17:02:51,0.043,0.427,0,0,eGFP3
6879,17:02:51,0.034,0.440,0,0,eGFP3
6880,17:02:52,0.055,0.647,0,0,eGFP3
6881,17:02:53,0.065,0.581,0,0,eGFP3
6882,17:02:53,0.043,0.460,0,0,eGFP3
6883,17:02:54,0.044,0.581,0,0,eGFP3
6884,17:02:54,0.066,0.636,0,0,eGFP3
6885,17:02:55,0.049,0.510,0,0,eGFP3
6886,17:02:55,0.041,0.447,0,0,eGFP3
6887,17:02:56,0.043,0.438,0,0,eGFP3
6888,17:02:56,0.042,0.437,0,0,eGFP3
6889,17:02:57,0.042,0.448,0,0,eGFP3
6890,17:02:57,0.053,0.470,0,0,eGFP3
6891,17:02:58,0.041,0.436,0,0,eGFP3
6892,17:02:58,0.042,0.437,0,0,eGFP3
6893,17:02:59,0.052,0.831,0,0,eGFP3
6894,17:02:59,0.075,0.634,0,0,eGFP3
6895,17:03:00,0.044,0.472,0,0,eGFP3
6896,17:03:00,0.041,0.502,0,0,eGFP3
6897,17:03:01,0.063,0.678,0,0,eGFP3
6898,17:03:02,0.053,0.568,0,0,eGFP3
6899,17:03:02,0.053,0.646,0,0,eGFP3
6900,17:03:03,0.063,0.612,0,0,eGFP3
6901,17:03:04,0.053,0.602,0,0,eGFP3
6902,17:03:04,0.063,0.656,0,0,eGFP3
6903,17:03:05,0.056,0.517,0,0,eGFP3
6904,17:03:05,0.042,0.459,0,0,eGFP3
6905,17:03:06,0.041,0.546,0,0,eGFP3
6906,17:03:06,0.053,0.668,0,0,eGFP3
6907,17:03:07,0.064,0.678,0,0,eGFP3
6908,17:03:08,0.053,0.558,0,0,eGFP3
6909,17:03:08,0.053,0.470,0,0,eGFP3
6910,17:03:09,0.031,0.415,0,0,eGFP3
6911,17:03:09,0.044,0.494,0,0,eGFP3
6912,17:03:10,0.075,0.997,0,0,eGFP3
6913,17:03:11,0.064,0.580,0,0,eGFP3
6914,17:03:11,0.042,0.503,0,0,eGFP3
6915,17:03:12,0.042,0.470,0,0,eGFP3
6916,17:03:12,0.042,0.558,0,0,eGFP3
6917,17:03:13,0.088,1.043,0,0,eGFP3
6918,17:03:14,0.053,0.558,0,0,eGFP3
6919,17:03:14,0.044,0.538,0,0,eGFP3
6920,17:03:15,0.064,0.756,0,0,eGFP3
6921,17:03:16,0.053,0.569,0,0,eGFP3
6922,17:03:16,0.042,0.569,0,0,eGFP3
6923,17:03:17,0.064,0.745,0,0,eGFP3
6924,17:03:17,0.053,0.536,0,0,eGFP3
6925,17:03:18,0.043,0.559,0,0,eGFP3
6926,17:03:19,0.075,0.854,0,0,eGFP3
6927,17:03:19,0.054,0.570,0,0,eGFP3
6928,17:03:20,0.055,0.758,0,0,eGFP3
6929,17:03:21,0.064,0.591,0,0,eGFP3
6930,17:03:21,0.043,0.548,0,0,eGFP3
6931,17:03:22,0.067,0.769,0,0,eGFP3
6932,17:03:23,0.065,0.548,0,0,eGFP3
6933,17:03:23,0.042,0.492,0,0,eGFP3
6934,17:03:24,0.054,0.526,0,0,eGFP3
6935,17:03:24,0.043,0.526,0,0,eGFP3
6936,17:03:25,0.056,0.791,0,0,eGFP3
6937,17:03:26,0.076,0.723,0,0,eGFP3
6938,17:03:26,0.055,0.549,0,0,eGFP3
6939,17:03:27,0.043,0.482,0,0,eGFP3
6940,17:03:27,0.043,0.526,0,0,eGFP3
6941,17:03:28,0.043,0.734,0,0,eGFP3
6942,17:03:29,0.066,0.625,0,0,eGFP3
6943,17:03:29,0.043,0.493,0,0,eGFP3
6944,17:03:30,0.035,0.474,0,0,eGFP3
6945,17:03:30,0.045,0.670,0,0,eGFP3
6946,17:03:31,0.077,0.702,0,0,eGFP3
6947,17:03:31,0.043,0.482,0,0,eGFP3
6948,17:03:32,0.044,0.735,0,0,eGFP3
6949,17:03:33,0.136,1.003,0,0,eGFP3
6950,17:03:34,0.063,0.579,0,0,eGFP3
6951,17:03:34,0.052,0.589,0,0,eGFP3
6952,17:03:35,0.054,0.625,0,0,eGFP3
6953,17:03:36,0.063,0.645,0,0,eGFP3
6954,17:03:36,0.052,0.557,0,0,eGFP3
6955,17:03:37,0.052,0.568,0,0,eGFP3
6956,17:03:37,0.052,0.623,0,0,eGFP3
6957,17:03:38,0.063,0.667,0,0,eGFP3
6958,17:03:39,0.052,0.535,0,0,eGFP3
6959,17:03:39,0.054,0.647,0,0,eGFP3
6960,17:03:40,0.065,0.581,0,0,eGFP3
6961,17:03:40,0.052,0.689,0,0,eGFP3
6962,17:03:41,0.075,0.700,0,0,eGFP3
6963,17:03:42,0.053,0.492,0,0,eGFP3
6964,17:03:42,0.042,0.624,0,0,eGFP3
6965,17:03:43,0.085,0.886,0,0,eGFP3
6966,17:03:44,0.053,0.569,0,0,eGFP3
6967,17:03:44,0.064,0.656,0,0,eGFP3
6968,17:03:45,0.055,0.549,0,0,eGFP3
6969,17:03:46,0.053,0.568,0,0,eGFP3
6970,17:03:46,0.053,0.558,0,0,eGFP3
6971,17:03:47,0.064,0.701,0,0,eGFP3
6972,17:03:47,0.065,0.625,0,0,eGFP3
6973,17:03:48,0.053,0.602,0,0,eGFP3
6974,17:03:49,0.053,0.624,0,0,eGFP3
6975,17:03:49,0.064,0.678,0,0,eGFP3
6976,17:03:50,0.055,0.560,0,0,eGFP3
6977,17:03:50,0.053,0.481,0,0,eGFP3
6978,17:03:51,0.043,0.449,0,0,eGFP3
6979,17:03:51,0.042,0.481,0,0,eGFP3
6980,17:03:52,0.053,0.887,0,0,eGFP3
6981,17:03:53,0.131,0.965,0,0,eGFP3
6982,17:03:54,0.053,0.569,0,0,eGFP3
6983,17:03:54,0.054,0.679,0,0,eGFP3
6984,17:03:55,0.055,0.549,0,0,eGFP3
6985,17:03:55,0.043,0.504,0,0,eGFP3
6986,17:03:57,0.055,1.328,0,0,eGFP3
6987,17:03:57,0.098,0.723,0,0,eGFP3
6988,17:03:58,0.054,0.548,0,0,eGFP3
6989,17:03:59,0.053,0.569,0,0,eGFP3
6990,17:03:59,0.043,0.559,0,0,eGFP3
6991,17:04:00,0.064,0.679,0,0,eGFP3
6992,17:04:00,0.065,0.603,0,0,eGFP3
6993,17:04:01,0.077,0.780,0,0,eGFP3
6994,17:04:02,0.054,0.569,0,0,eGFP3
6995,17:04:02,0.043,0.592,0,0,eGFP3
6996,17:04:03,0.043,0.515,0,0,eGFP3
6997,17:04:04,0.043,0.712,0,0,eGFP3
6998,17:04:04,0.076,0.658,0,0,eGFP3
6999,17:04:05,0.043,0.482,0,0,eGFP3
7000,17:04:05,0.045,0.605,0,0,eGFP3
7001,17:04:06,0.056,0.593,0,0,eGFP3
7002,17:04:07,0.055,0.680,0,0,eGFP3
7003,17:04:07,0.065,0.559,0,0,eGFP3
7004,17:04:08,0.054,0.515,0,0,eGFP3
7005,17:04:08,0.043,0.724,0,0,eGFP3
7006,17:04:09,0.076,0.734,0,0,eGFP3
7007,17:04:10,0.055,0.538,0,0,eGFP3
7008,17:04:10,0.043,0.515,0,0,eGFP3
7009,17:04:11,0.056,0.682,0,0,eGFP3
7010,17:04:11,0.076,0.614,0,0,eGFP3
7011,17:04:12,0.043,0.515,0,0,eGFP3
7012,17:04:13,0.049,0.708,0,0,eGFP3
7013,17:04:13,0.063,0.601,0,0,eGFP3
7014,17:04:14,0.053,0.624,0,0,eGFP3
7015,17:04:14,0.063,0.546,0,0,eGFP3
7016,17:04:15,0.053,0.601,0,0,eGFP3
7017,17:04:16,0.076,0.724,0,0,eGFP3
7018,17:04:16,0.052,0.524,0,0,eGFP3
7019,17:04:17,0.052,0.535,0,0,eGFP3
7020,17:04:18,0.064,1.282,0,0,eGFP3
7021,17:04:19,0.074,0.634,0,0,eGFP3
7022,17:04:19,0.053,0.689,0,0,eGFP3
7023,17:04:20,0.064,0.624,0,0,eGFP3
7024,17:04:21,0.052,0.601,0,0,eGFP3
7025,17:04:21,0.065,0.691,0,0,eGFP3
7026,17:04:22,0.052,0.524,0,0,eGFP3
7027,17:04:23,0.042,0.701,0,0,eGFP3
7028,17:04:23,0.065,0.614,0,0,eGFP3
7029,17:04:24,0.042,0.459,0,0,eGFP3
7030,17:04:24,0.042,0.623,0,0,eGFP3
7031,17:04:25,0.064,0.668,0,0,eGFP3
7032,17:04:26,0.053,0.535,0,0,eGFP3
7033,17:04:26,0.044,0.648,0,0,eGFP3
7034,17:04:27,0.064,0.733,0,0,eGFP3
7035,17:04:27,0.053,0.591,0,0,eGFP3
7036,17:04:28,0.075,0.843,0,0,eGFP3
7037,17:04:29,0.064,0.558,0,0,eGFP3
7038,17:04:29,0.053,0.602,0,0,eGFP3
7039,17:04:30,0.064,0.678,0,0,eGFP3
7040,17:04:31,0.053,0.558,0,0,eGFP3
7041,17:04:31,0.044,0.615,0,0,eGFP3
7042,17:04:32,0.055,0.560,0,0,eGFP3
7043,17:04:32,0.053,0.492,0,0,eGFP3
7044,17:04:33,0.043,0.492,0,0,eGFP3
7045,17:04:33,0.043,0.559,0,0,eGFP3
7046,17:04:34,0.053,0.854,0,0,eGFP3
7047,17:04:35,0.076,0.668,0,0,eGFP3
7048,17:04:35,0.054,0.526,0,0,eGFP3
7049,17:04:36,0.053,0.547,0,0,eGFP3
7050,17:04:37,0.041,0.590,0,0,eGFP3
7051,17:04:38,0.075,0.986,0,0,eGFP3
7052,17:04:38,0.065,0.614,0,0,eGFP3
7053,17:04:39,0.064,0.690,0,0,eGFP3
7054,17:04:39,0.054,0.525,0,0,eGFP3
7055,17:04:40,0.045,0.473,0,0,eGFP3
7056,17:04:41,0.054,0.646,0,0,eGFP3
7057,17:04:41,0.065,0.812,0,0,eGFP3
7058,17:04:42,0.132,0.824,0,0,eGFP3
7059,17:04:46,3.203,4.004,0,0,eGFP3
7060,17:04:47,0.054,0.570,0,0,eGFP3
7061,17:04:47,0.054,0.591,0,0,eGFP3
7062,17:04:48,0.065,0.702,0,0,eGFP3
7063,17:04:49,0.054,0.526,0,0,eGFP3
7064,17:04:49,0.043,0.581,0,0,eGFP3
7065,17:04:50,0.054,0.636,0,0,eGFP3
7066,17:04:50,0.045,0.550,0,0,eGFP3
7067,17:04:51,0.054,0.548,0,0,eGFP3
7068,17:04:51,0.032,0.471,0,0,eGFP3
7069,17:04:52,0.046,0.539,0,0,eGFP3
7070,17:04:53,0.055,0.614,0,0,eGFP3
7071,17:04:53,0.044,0.494,0,0,eGFP3
7072,17:04:54,0.043,0.603,0,0,eGFP3
7073,17:04:54,0.076,0.800,0,0,eGFP3
7074,17:04:55,0.057,0.507,0,0,eGFP3
7075,17:04:55,0.043,0.438,0,0,eGFP3
7076,17:04:56,0.048,0.432,0,0,eGFP3
7077,17:04:56,0.052,0.590,0,0,eGFP3
7078,17:04:57,0.063,0.557,0,0,eGFP3
7079,17:04:57,0.052,0.447,0,0,eGFP3
7080,17:04:58,0.042,0.437,0,0,eGFP3
7081,17:05:04,0.052,6.516,0,0,eGFP3
7082,17:05:05,0.054,0.548,0,0,eGFP3
7083,17:05:05,0.043,0.570,0,0,eGFP3
7084,17:05:06,0.052,0.535,0,0,eGFP3
7085,17:05:06,0.042,0.481,0,0,eGFP3
7086,17:05:07,0.052,0.689,0,0,eGFP3
7087,17:05:08,0.063,0.557,0,0,eGFP3
7088,17:05:08,0.042,0.470,0,0,eGFP3
7089,17:05:09,0.041,0.491,0,0,eGFP3
7090,17:05:09,0.044,0.450,0,0,eGFP3
7091,17:05:10,0.042,0.437,0,0,eGFP3
7092,17:05:10,0.031,0.426,0,0,eGFP3
7093,17:05:11,0.041,0.568,0,0,eGFP3
7094,17:05:11,0.053,0.503,0,0,eGFP3
7095,17:05:12,0.042,0.558,0,0,eGFP3
7096,17:05:12,0.053,0.612,0,0,eGFP3
7097,17:05:13,0.044,0.483,0,0,eGFP3
7098,17:05:13,0.044,0.450,0,0,eGFP3
7099,17:05:14,0.042,0.547,0,0,eGFP3
7100,17:05:14,0.053,0.536,0,0,eGFP3
7101,17:05:15,0.042,0.492,0,0,eGFP3
7102,17:05:15,0.053,0.459,0,0,eGFP3
7103,17:05:16,0.042,0.426,0,0,eGFP3
7104,17:05:16,0.031,0.448,0,0,eGFP3
7105,17:05:17,0.053,0.635,0,0,eGFP3
7106,17:05:17,0.066,0.626,0,0,eGFP3
7107,17:05:18,0.053,0.481,0,0,eGFP3
7108,17:05:18,0.031,0.426,0,0,eGFP3
7109,17:05:19,0.043,0.613,0,0,eGFP3
7110,17:05:20,0.065,0.767,0,0,eGFP3
7111,17:05:20,0.048,0.520,0,0,eGFP3
7112,17:05:21,0.043,0.613,0,0,eGFP3
7113,17:05:21,0.058,0.618,0,0,eGFP3
7114,17:05:22,0.053,0.514,0,0,eGFP3
7115,17:05:23,0.045,0.747,0,0,eGFP3
7116,17:05:23,0.065,0.591,0,0,eGFP3
7117,17:05:24,0.043,0.537,0,0,eGFP3
7118,17:05:25,0.064,0.833,0,0,eGFP3
7119,17:05:25,0.053,0.547,0,0,eGFP3
7120,17:05:26,0.054,0.493,0,0,eGFP3
7121,17:05:26,0.043,0.537,0,0,eGFP3
7122,17:05:27,0.043,0.504,0,0,eGFP3
7123,17:05:27,0.044,0.461,0,0,eGFP3
7124,17:05:28,0.054,0.471,0,0,eGFP3
7125,17:05:28,0.034,0.429,0,0,eGFP3
7126,17:05:28,0.032,0.438,0,0,eGFP3
7127,17:05:29,0.044,0.867,0,0,eGFP3
7128,17:05:30,0.076,0.657,0,0,eGFP3
7129,17:05:31,0.043,0.493,0,0,eGFP3
7130,17:05:31,0.044,0.450,0,0,eGFP3
7131,17:05:31,0.045,0.539,0,0,eGFP3
7132,17:05:32,0.054,0.767,0,0,eGFP3
7133,17:05:33,0.055,0.581,0,0,eGFP3
7134,17:05:34,0.055,0.680,0,0,eGFP3
7135,17:05:34,0.066,0.647,0,0,eGFP3
7136,17:05:35,0.055,0.570,0,0,eGFP3
7137,17:05:35,0.044,0.582,0,0,eGFP3
7138,17:05:36,0.063,0.589,0,0,eGFP3
7139,17:05:36,0.043,0.548,0,0,eGFP3
7140,17:05:37,0.063,0.776,0,0,eGFP3
7141,17:05:38,0.053,0.525,0,0,eGFP3
7142,17:05:38,0.052,0.469,0,0,eGFP3
7143,17:05:39,0.030,0.656,0,0,eGFP3
7144,17:05:39,0.063,0.612,0,0,eGFP3
7145,17:05:40,0.052,0.524,0,0,eGFP3
7146,17:05:41,0.053,0.645,0,0,eGFP3
7147,17:05:41,0.054,0.526,0,0,eGFP3
7148,17:05:42,0.042,0.536,0,0,eGFP3
7149,17:05:42,0.063,0.744,0,0,eGFP3
7150,17:05:43,0.063,0.568,0,0,eGFP3
7151,17:05:44,0.053,0.678,0,0,eGFP3
7152,17:05:44,0.066,0.593,0,0,eGFP3
7153,17:05:45,0.052,0.513,0,0,eGFP3
7154,17:05:45,0.053,0.591,0,0,eGFP3
7155,17:05:46,0.043,0.548,0,0,eGFP3
7156,17:05:47,0.053,0.668,0,0,eGFP3
7157,17:05:47,0.063,0.700,0,0,eGFP3
7158,17:05:48,0.053,0.525,0,0,eGFP3
7159,17:05:49,0.053,0.777,0,0,eGFP3
7160,17:05:49,0.075,0.668,0,0,eGFP3
7161,17:05:50,0.063,0.656,0,0,eGFP3
7162,17:05:51,0.064,0.580,0,0,eGFP3
7163,17:05:51,0.055,0.626,0,0,eGFP3
7164,17:05:52,0.064,0.700,0,0,eGFP3
7165,17:05:52,0.053,0.492,0,0,eGFP3
7166,17:05:53,0.044,0.461,0,0,eGFP3
7167,17:05:53,0.043,0.503,0,0,eGFP3
7168,17:05:54,0.054,0.712,0,0,eGFP3
7169,17:05:55,0.065,0.668,0,0,eGFP3
7170,17:05:55,0.053,0.525,0,0,eGFP3
7171,17:05:56,0.055,0.692,0,0,eGFP3
7172,17:05:57,0.064,0.613,0,0,eGFP3
7173,17:05:57,0.043,0.504,0,0,eGFP3
7174,17:05:58,0.042,0.481,0,0,eGFP3
7175,17:05:58,0.042,0.657,0,0,eGFP3
7176,17:05:59,0.086,0.756,0,0,eGFP3
7177,17:05:59,0.043,0.514,0,0,eGFP3
7178,17:06:00,0.043,0.724,0,0,eGFP3
7179,17:06:01,0.097,0.887,0,0,eGFP3
7180,17:06:02,0.058,0.574,0,0,eGFP3
7181,17:06:02,0.064,0.580,0,0,eGFP3
7182,17:06:03,0.043,0.471,0,0,eGFP3
7183,17:06:03,0.044,0.516,0,0,eGFP3
7184,17:06:04,0.065,0.833,0,0,eGFP3
7185,17:06:05,0.054,0.570,0,0,eGFP3
7186,17:06:05,0.054,0.657,0,0,eGFP3
7187,17:06:06,0.051,0.523,0,0,eGFP3
7188,17:06:06,0.043,0.559,0,0,eGFP3
7189,17:06:07,0.063,0.645,0,0,eGFP3
7190,17:06:08,0.052,0.546,0,0,eGFP3
7191,17:06:08,0.052,0.623,0,0,eGFP3
7192,17:06:10,0.085,2.181,0,0,eGFP3
7193,17:06:11,0.074,0.656,0,0,eGFP3
7194,17:06:12,0.054,0.581,0,0,eGFP3
7195,17:06:12,0.052,0.568,0,0,eGFP3
7196,17:06:13,0.043,0.515,0,0,eGFP3
7197,17:06:13,0.053,0.558,0,0,eGFP3
7198,17:06:14,0.063,0.634,0,0,eGFP3
7199,17:06:14,0.053,0.514,0,0,eGFP3
7200,17:06:15,0.052,0.502,0,0,eGFP3
7201,17:06:15,0.042,0.492,0,0,eGFP3
7202,17:06:16,0.052,0.480,0,0,eGFP3
7203,17:06:16,0.042,0.580,0,0,eGFP3
7204,17:06:17,0.076,0.757,0,0,eGFP3
7205,17:06:18,0.053,0.513,0,0,eGFP3
7206,17:06:18,0.042,0.470,0,0,eGFP3
7207,17:06:19,0.031,0.503,0,0,eGFP3
7208,17:06:19,0.055,0.691,0,0,eGFP3
7209,17:06:20,0.053,0.525,0,0,eGFP3
7210,17:06:20,0.042,0.448,0,0,eGFP3
7211,17:06:21,0.042,0.701,0,0,eGFP3
7212,17:06:22,0.098,0.779,0,0,eGFP3
7213,17:06:22,0.064,0.634,0,0,eGFP3
7214,17:06:23,0.054,0.547,0,0,eGFP3
7215,17:06:23,0.043,0.460,0,0,eGFP3
7216,17:06:24,0.053,0.591,0,0,eGFP3
7217,17:06:25,0.053,0.689,0,0,eGFP3
7218,17:06:25,0.053,0.536,0,0,eGFP3
7219,17:06:26,0.054,0.679,0,0,eGFP3
7220,17:06:26,0.059,0.564,0,0,eGFP3
7221,17:06:27,0.044,0.593,0,0,eGFP3
7222,17:06:28,0.064,0.744,0,0,eGFP3
7223,17:06:28,0.043,0.504,0,0,eGFP3
7224,17:06:29,0.053,0.503,0,0,eGFP3
7225,17:06:29,0.043,0.548,0,0,eGFP3
7226,17:06:30,0.053,0.679,0,0,eGFP3
7227,17:06:31,0.075,0.646,0,0,eGFP3
7228,17:06:31,0.044,0.472,0,0,eGFP3
7229,17:06:32,0.043,0.559,0,0,eGFP3
7230,17:06:33,0.065,0.855,0,0,eGFP3
7231,17:06:33,0.064,0.591,0,0,eGFP3
7232,17:06:34,0.054,0.504,0,0,eGFP3
7233,17:06:34,0.043,0.614,0,0,eGFP3
7234,17:06:35,0.076,0.734,0,0,eGFP3
7235,17:06:36,0.056,0.517,0,0,eGFP3
7236,17:06:36,0.045,0.462,0,0,eGFP3
7237,17:06:37,0.043,0.548,0,0,eGFP3
7238,17:06:37,0.054,0.800,0,0,eGFP3
7239,17:06:38,0.076,0.636,0,0,eGFP3
7240,17:06:39,0.054,0.515,0,0,eGFP3
7241,17:06:39,0.043,0.658,0,0,eGFP3
7242,17:06:40,0.076,0.767,0,0,eGFP3
7243,17:06:41,0.055,0.581,0,0,eGFP3
7244,17:06:43,0.055,2.327,0,0,eGFP3
7245,17:06:43,0.067,0.638,0,0,eGFP3
7246,17:06:44,0.043,0.636,0,0,eGFP3
7247,17:06:45,0.054,0.636,0,0,eGFP3
7248,17:06:45,0.043,0.625,0,0,eGFP3
7249,17:06:46,0.089,1.000,0,0,eGFP3
7250,17:06:47,0.059,0.586,0,0,eGFP3
7251,17:06:48,0.052,0.535,0,0,eGFP3
7252,17:06:48,0.041,0.458,0,0,eGFP3
7253,17:06:48,0.043,0.427,0,0,eGFP3
7254,17:06:49,0.042,0.558,0,0,eGFP3
7255,17:06:50,0.063,0.743,0,0,eGFP3
7256,17:06:50,0.053,0.525,0,0,eGFP3
7257,17:06:51,0.052,0.469,0,0,eGFP3
7258,17:06:51,0.042,0.503,0,0,eGFP3
7259,17:06:52,0.052,0.809,0,0,eGFP3
7260,17:06:53,0.075,0.591,0,0,eGFP3
7261,17:06:53,0.043,0.471,0,0,eGFP3
7262,17:06:54,0.041,0.513,0,0,eGFP3
7263,17:06:54,0.055,0.636,0,0,eGFP3
7264,17:06:55,0.053,0.569,0,0,eGFP3
7265,17:06:55,0.041,0.480,0,0,eGFP3
7266,17:06:56,0.042,0.514,0,0,eGFP3
7267,17:06:56,0.064,0.656,0,0,eGFP3
7268,17:06:57,0.053,0.635,0,0,eGFP3
7269,17:06:58,0.066,0.691,0,0,eGFP3
7270,17:06:58,0.042,0.492,0,0,eGFP3
7271,17:06:59,0.042,0.481,0,0,eGFP3
7272,17:06:59,0.064,0.733,0,0,eGFP3
7273,17:07:00,0.053,0.547,0,0,eGFP3
7274,17:07:01,0.053,0.723,0,0,eGFP3
7275,17:07:01,0.086,0.667,0,0,eGFP3
7276,17:07:02,0.042,0.481,0,0,eGFP3
7277,17:07:02,0.046,0.496,0,0,eGFP3
7278,17:07:03,0.042,0.613,0,0,eGFP3
7279,17:07:04,0.064,0.635,0,0,eGFP3
7280,17:07:04,0.042,0.602,0,0,eGFP3
7281,17:07:05,0.075,0.822,0,0,eGFP3
7282,17:07:06,0.053,0.558,0,0,eGFP3
7283,17:07:06,0.053,0.734,0,0,eGFP3
7284,17:07:07,0.064,0.668,0,0,eGFP3
7285,17:07:08,0.055,0.527,0,0,eGFP3
7286,17:07:08,0.042,0.635,0,0,eGFP3
7287,17:07:09,0.053,0.668,0,0,eGFP3
7288,17:07:09,0.042,0.503,0,0,eGFP3
7289,17:07:10,0.032,0.416,0,0,eGFP3
7290,17:07:10,0.043,0.504,0,0,eGFP3
7291,17:07:11,0.066,1.098,0,0,eGFP3
7292,17:07:12,0.064,0.580,0,0,eGFP3
7293,17:07:13,0.067,0.780,0,0,eGFP3
7294,17:07:13,0.065,0.613,0,0,eGFP3
7295,17:07:14,0.043,0.471,0,0,eGFP3
7296,17:07:14,0.043,0.471,0,0,eGFP3
7297,17:07:15,0.043,0.482,0,0,eGFP3
7298,17:07:15,0.043,0.471,0,0,eGFP3
7299,17:07:16,0.054,0.493,0,0,eGFP3
7300,17:07:16,0.054,0.635,0,0,eGFP3
7301,17:07:17,0.067,0.649,0,0,eGFP3
7302,17:07:18,0.054,0.636,0,0,eGFP3
7303,17:07:18,0.054,0.635,0,0,eGFP3
7304,17:07:19,0.067,0.583,0,0,eGFP3
7305,17:07:19,0.043,0.526,0,0,eGFP3
7306,17:07:20,0.054,0.669,0,0,eGFP3
7307,17:07:21,0.065,0.614,0,0,eGFP3
7308,17:07:21,0.054,0.559,0,0,eGFP3
7309,17:07:22,0.065,0.845,0,0,eGFP3
7310,17:07:23,0.067,0.638,0,0,eGFP3
7311,17:07:23,0.043,0.603,0,0,eGFP3
7312,17:07:24,0.065,0.669,0,0,eGFP3
7313,17:07:24,0.049,0.521,0,0,eGFP3
7314,17:07:25,0.041,0.688,0,0,eGFP3
7315,17:07:26,0.107,0.887,0,0,eGFP3
7316,17:07:27,0.063,0.590,0,0,eGFP3
7317,17:07:27,0.052,0.656,0,0,eGFP3
7318,17:07:28,0.055,0.582,0,0,eGFP3
7319,17:07:28,0.052,0.524,0,0,eGFP3
7320,17:07:29,0.053,0.678,0,0,eGFP3
7321,17:07:30,0.075,0.678,0,0,eGFP3
7322,17:07:30,0.053,0.502,0,0,eGFP3
7323,17:07:31,0.053,0.657,0,0,eGFP3
7324,17:07:32,0.085,0.842,0,0,eGFP3
7325,17:07:32,0.053,0.569,0,0,eGFP3
7326,17:07:33,0.043,0.581,0,0,eGFP3
7327,17:07:34,0.063,0.623,0,0,eGFP3
7328,17:07:34,0.053,0.547,0,0,eGFP3
7329,17:07:35,0.041,0.568,0,0,eGFP3
7330,17:07:35,0.053,0.667,0,0,eGFP3
7331,17:07:36,0.064,0.745,0,0,eGFP3
7332,17:07:39,0.076,3.182,0,0,eGFP3
7333,17:07:40,0.075,0.623,0,0,eGFP3
7334,17:07:41,0.055,0.615,0,0,eGFP3
7335,17:07:41,0.053,0.547,0,0,eGFP3
7336,17:07:42,0.042,0.481,0,0,eGFP3
7337,17:07:42,0.053,0.547,0,0,eGFP3
7338,17:07:43,0.053,0.524,0,0,eGFP3
7339,17:07:43,0.054,0.460,0,0,eGFP3
7340,17:07:43,0.031,0.437,0,0,eGFP3
7341,17:07:44,0.053,0.777,0,0,eGFP3
7342,17:07:45,0.077,0.637,0,0,eGFP3
7343,17:07:45,0.042,0.536,0,0,eGFP3
7344,17:07:46,0.053,0.580,0,0,eGFP3
7345,17:07:47,0.042,0.514,0,0,eGFP3
7346,17:07:47,0.056,0.769,0,0,eGFP3
7347,17:07:48,0.064,0.569,0,0,eGFP3
7348,17:07:49,0.043,0.723,0,0,eGFP3
7349,17:07:49,0.075,0.657,0,0,eGFP3
7350,17:07:50,0.044,0.516,0,0,eGFP3
7351,17:07:50,0.054,0.614,0,0,eGFP3
7352,17:07:51,0.053,0.536,0,0,eGFP3
7353,17:07:51,0.043,0.547,0,0,eGFP3
7354,17:07:52,0.054,0.680,0,0,eGFP3
7355,17:07:53,0.042,0.536,0,0,eGFP3
7356,17:07:53,0.054,0.603,0,0,eGFP3
7357,17:07:54,0.042,0.547,0,0,eGFP3
7358,17:07:54,0.056,0.495,0,0,eGFP3
7359,17:07:55,0.054,0.504,0,0,eGFP3
7360,17:07:56,0.055,0.769,0,0,eGFP3
7361,17:07:56,0.065,0.591,0,0,eGFP3
7362,17:07:57,0.043,0.482,0,0,eGFP3
7363,17:07:57,0.044,0.625,0,0,eGFP3
7364,17:07:58,0.087,0.746,0,0,eGFP3
7365,17:07:59,0.054,0.624,0,0,eGFP3
7366,17:07:59,0.067,0.748,0,0,eGFP3
7367,17:08:00,0.065,0.603,0,0,eGFP3
7368,17:08:01,0.054,0.657,0,0,eGFP3
7369,17:08:01,0.065,0.636,0,0,eGFP3
7370,17:08:02,0.054,0.581,0,0,eGFP3
7371,17:08:02,0.065,0.592,0,0,eGFP3
7372,17:08:03,0.043,0.482,0,0,eGFP3
7373,17:08:04,0.055,0.746,0,0,eGFP3
7374,17:08:04,0.068,0.660,0,0,eGFP3
7375,17:08:05,0.056,0.561,0,0,eGFP3
7376,17:08:06,0.055,0.625,0,0,eGFP3
7377,17:10:49,0.092,163.934,0,0,eGFP3
7378,17:10:50,0.085,0.711,0,0,eGFP3
7379,17:10:51,0.041,0.513,0,0,eGFP3
7380,17:10:51,0.053,0.722,0,0,eGFP3
7381,17:10:52,0.074,0.678,0,0,eGFP3
7382,17:10:53,0.053,0.546,0,0,eGFP3
7383,17:10:53,0.043,0.493,0,0,eGFP3
7384,17:10:54,0.042,0.547,0,0,eGFP3
7385,17:10:54,0.052,0.524,0,0,eGFP3
7386,17:10:56,0.042,1.831,0,0,eGFP3
7387,17:10:57,0.087,0.855,0,0,eGFP3
7388,17:10:57,0.053,0.514,0,0,eGFP3
7389,17:10:58,0.052,0.689,0,0,eGFP3
7390,17:10:59,0.074,0.645,0,0,eGFP3
7391,17:10:59,0.055,0.581,0,0,eGFP3
7392,17:11:00,0.064,0.679,0,0,eGFP3
7393,17:11:01,0.052,0.502,0,0,eGFP3
7394,17:11:01,0.042,0.448,0,0,eGFP3
7395,17:11:02,0.042,0.580,0,0,eGFP3
7396,17:11:02,0.075,0.843,0,0,eGFP3
7397,17:11:03,0.053,0.558,0,0,eGFP3
7398,17:11:04,0.053,0.656,0,0,eGFP3
7399,17:11:04,0.066,0.593,0,0,eGFP3
7400,17:11:05,0.042,0.459,0,0,eGFP3
7401,17:11:05,0.044,0.483,0,0,eGFP3
7402,17:11:06,0.053,0.558,0,0,eGFP3
7403,17:11:06,0.053,0.558,0,0,eGFP3
7404,17:11:09,0.064,2.401,0,0,eGFP3
7405,17:11:09,0.065,0.646,0,0,eGFP3
7406,17:11:10,0.043,0.482,0,0,eGFP3
7407,17:11:10,0.044,0.516,0,0,eGFP3
7408,17:11:11,0.042,0.514,0,0,eGFP3
7409,17:11:11,0.053,0.580,0,0,eGFP3
7410,17:11:12,0.059,0.651,0,0,eGFP3
7411,17:11:13,0.054,0.526,0,0,eGFP3
7412,17:11:13,0.042,0.635,0,0,eGFP3
7413,17:11:14,0.064,0.613,0,0,eGFP3
7414,17:11:14,0.043,0.547,0,0,eGFP3
7415,17:11:15,0.047,0.507,0,0,eGFP3
7416,17:11:15,0.043,0.460,0,0,eGFP3
7417,17:11:16,0.043,0.460,0,0,eGFP3
7418,17:11:16,0.042,0.448,0,0,eGFP3
7419,17:11:17,0.043,0.482,0,0,eGFP3
7420,17:11:17,0.043,0.690,0,0,eGFP3
7421,17:11:18,0.054,0.548,0,0,eGFP3
7422,17:11:19,0.043,0.547,0,0,eGFP3
7423,17:11:19,0.056,0.736,0,0,eGFP3
7424,17:11:20,0.054,0.504,0,0,eGFP3
7425,17:11:20,0.043,0.460,0,0,eGFP3
7426,17:11:21,0.043,0.592,0,0,eGFP3
7427,17:11:21,0.076,0.690,0,0,eGFP3
7428,17:11:22,0.057,0.507,0,0,eGFP3
7429,17:11:22,0.045,0.473,0,0,eGFP3
7430,17:11:23,0.043,0.548,0,0,eGFP3
7431,17:11:24,0.056,0.594,0,0,eGFP3
7432,17:11:24,0.065,0.658,0,0,eGFP3
7433,17:11:25,0.054,0.559,0,0,eGFP3
7434,17:11:25,0.043,0.493,0,0,eGFP3
7435,17:11:26,0.043,0.471,0,0,eGFP3
7436,17:11:26,0.044,0.483,0,0,eGFP3
7437,17:11:27,0.043,0.460,0,0,eGFP3
7438,17:11:27,0.044,0.450,0,0,eGFP3
7439,17:11:28,0.054,0.636,0,0,eGFP3
7440,17:11:29,0.083,0.829,0,0,eGFP3
7441,17:11:29,0.052,0.524,0,0,eGFP3
7442,17:11:30,0.041,0.524,0,0,eGFP3
7443,17:11:31,0.054,0.899,0,0,eGFP3
7444,17:11:31,0.074,0.612,0,0,eGFP3
7445,17:11:32,0.052,0.568,0,0,eGFP3
7446,17:11:32,0.063,0.579,0,0,eGFP3
7447,17:11:35,0.063,2.950,0,0,eGFP3
7448,17:11:37,0.438,1.272,0,0,eGFP3
7449,17:11:37,0.063,0.623,0,0,eGFP3
7450,17:11:38,0.063,0.601,0,0,eGFP3
7451,17:11:38,0.042,0.514,0,0,eGFP3
7452,17:11:39,0.052,0.513,0,0,eGFP3
7453,17:11:39,0.053,0.579,0,0,eGFP3
7454,17:11:40,0.053,0.569,0,0,eGFP3
7455,17:11:41,0.042,0.623,0,0,eGFP3
7456,17:11:42,0.066,0.966,0,0,eGFP3
7457,17:11:43,0.120,1.217,0,0,eGFP3
7458,17:11:43,0.064,0.569,0,0,eGFP3
7459,17:11:44,0.053,0.656,0,0,eGFP3
7460,17:11:45,0.064,0.712,0,0,eGFP3
7461,17:11:49,0.064,4.464,0,0,eGFP3
7462,17:11:50,0.108,0.855,0,0,eGFP3
7463,17:11:53,0.086,2.533,0,0,eGFP3
7464,17:11:54,0.186,1.273,0,0,eGFP3
7465,17:11:55,0.075,0.898,0,0,eGFP3
7466,17:11:56,0.086,1.151,0,0,eGFP3
7467,17:11:57,0.097,0.898,0,0,eGFP3
7468,17:12:06,0.075,9.513,0,0,eGFP3
7469,17:12:08,0.404,1.315,0,0,eGFP3
7470,17:12:08,0.055,0.615,0,0,eGFP3
7471,17:12:09,0.064,0.591,0,0,eGFP3
7472,17:12:09,0.055,0.483,0,0,eGFP3
7473,17:12:10,0.043,0.416,0,0,eGFP3
7474,17:12:10,0.042,0.459,0,0,eGFP3
7475,17:12:11,0.054,0.526,0,0,eGFP3
7476,17:12:11,0.053,0.459,0,0,eGFP3
7477,17:12:12,0.043,0.515,0,0,eGFP3
7478,17:12:15,1.249,2.863,0,0,eGFP3
7479,17:12:30,0.119,15.450,0,0,eGFP3
7480,17:12:31,0.165,0.703,0,0,eGFP3
7481,17:12:32,0.548,1.722,0,0,eGFP3
7482,17:12:33,0.065,0.592,0,0,eGFP3
7483,17:12:34,0.053,0.591,0,0,eGFP3
7484,17:12:34,0.056,0.583,0,0,eGFP3
7485,17:12:35,0.054,0.515,0,0,eGFP3
7486,17:12:35,0.054,0.537,0,0,eGFP3
7487,17:12:36,0.053,0.459,0,0,eGFP3
7488,17:12:36,0.035,0.419,0,0,eGFP3
7489,17:12:37,0.043,0.504,0,0,eGFP3
7490,17:12:37,0.054,0.493,0,0,eGFP3
7491,17:12:38,0.043,0.449,0,0,eGFP3
7492,17:12:38,0.032,0.438,0,0,eGFP3
7493,17:12:39,0.054,0.570,0,0,eGFP3
7494,17:12:39,0.054,0.559,0,0,eGFP3
7495,17:12:40,0.044,0.472,0,0,eGFP3
7496,17:12:40,0.045,0.440,0,0,eGFP3
7497,17:12:40,0.032,0.438,0,0,eGFP3
7498,17:12:41,0.046,0.495,0,0,eGFP3
7499,17:12:41,0.044,0.516,0,0,eGFP3
7500,17:12:42,0.043,0.504,0,0,eGFP3
7501,17:12:42,0.043,0.449,0,0,eGFP3
7502,17:12:43,0.034,0.429,0,0,eGFP3
7503,17:12:44,0.044,0.647,0,0,eGFP3
7504,17:12:44,0.071,0.861,0,0,eGFP3
7505,17:12:45,0.054,0.559,0,0,eGFP3
7506,17:12:46,0.041,0.656,0,0,eGFP3
7507,17:12:46,0.063,0.557,0,0,eGFP3
7508,17:12:47,0.053,0.514,0,0,eGFP3
7509,17:12:47,0.052,0.513,0,0,eGFP3
7510,17:12:48,0.041,0.458,0,0,eGFP3
7511,17:12:48,0.043,0.526,0,0,eGFP3
7512,17:12:49,0.054,0.790,0,0,eGFP3
7513,17:12:50,0.065,0.570,0,0,eGFP3
7514,17:12:50,0.041,0.491,0,0,eGFP3
7515,17:12:50,0.042,0.448,0,0,eGFP3
7516,17:12:51,0.042,0.448,0,0,eGFP3
7517,17:12:51,0.041,0.480,0,0,eGFP3
7518,17:12:52,0.053,0.613,0,0,eGFP3
7519,17:12:53,0.053,0.568,0,0,eGFP3
7520,17:12:53,0.053,0.646,0,0,eGFP3
7521,17:12:54,0.054,0.603,0,0,eGFP3
7522,17:12:54,0.053,0.569,0,0,eGFP3
7523,17:12:56,0.063,1.205,0,0,eGFP3
7524,17:12:56,0.075,0.656,0,0,eGFP3
7525,17:12:57,0.064,0.767,0,0,eGFP3
7526,17:12:58,0.054,0.570,0,0,eGFP3
7527,17:12:58,0.064,0.909,0,0,eGFP3
7528,17:12:59,0.087,0.866,0,0,eGFP3
7529,17:13:00,0.055,0.548,0,0,eGFP3
7530,17:13:00,0.043,0.580,0,0,eGFP3
7531,17:13:02,0.076,1.513,0,0,eGFP3
7532,17:13:03,0.076,0.712,0,0,eGFP3
7533,17:13:03,0.075,0.745,0,0,eGFP3
7534,17:13:04,0.064,0.635,0,0,eGFP3
7535,17:13:05,0.064,0.613,0,0,eGFP3
7536,17:13:05,0.042,0.525,0,0,eGFP3
7537,17:13:06,0.055,0.889,0,0,eGFP3
7538,17:13:07,0.076,0.635,0,0,eGFP3
7539,17:13:07,0.043,0.471,0,0,eGFP3
7540,17:13:08,0.033,0.428,0,0,eGFP3
7541,17:13:08,0.032,0.416,0,0,eGFP3
7542,17:13:09,0.042,0.492,0,0,eGFP3
7543,17:13:09,0.054,0.690,0,0,eGFP3
7544,17:13:10,0.054,0.526,0,0,eGFP3
7545,17:13:10,0.044,0.439,0,0,eGFP3
7546,17:13:11,0.032,0.427,0,0,eGFP3
7547,17:13:11,0.043,0.570,0,0,eGFP3
7548,17:13:12,0.076,0.701,0,0,eGFP3
7549,17:13:12,0.054,0.526,0,0,eGFP3
7550,17:13:13,0.054,0.515,0,0,eGFP3
7551,17:13:13,0.032,0.438,0,0,eGFP3
7552,17:13:14,0.043,0.427,0,0,eGFP3
7553,17:13:14,0.035,0.496,0,0,eGFP3
7554,17:13:15,0.054,0.515,0,0,eGFP3
7555,17:13:15,0.054,0.581,0,0,eGFP3
7556,17:13:16,0.076,0.767,0,0,eGFP3
7557,17:13:17,0.065,0.680,0,0,eGFP3
7558,17:13:17,0.054,0.548,0,0,eGFP3
7559,17:13:18,0.043,0.471,0,0,eGFP3
7560,17:13:18,0.043,0.438,0,0,eGFP3
7561,17:13:19,0.043,0.526,0,0,eGFP3
7562,17:13:19,0.064,0.646,0,0,eGFP3
7563,17:13:20,0.054,0.537,0,0,eGFP3
7564,17:13:21,0.043,0.471,0,0,eGFP3
7565,17:13:21,0.044,0.505,0,0,eGFP3
7566,17:13:22,0.054,0.712,0,0,eGFP3
7567,17:13:22,0.074,0.633,0,0,eGFP3
7568,17:13:23,0.053,0.546,0,0,eGFP3
7569,17:13:24,0.053,0.645,0,0,eGFP3
7570,17:13:24,0.065,0.680,0,0,eGFP3
7571,17:13:25,0.063,0.557,0,0,eGFP3
7572,17:13:26,0.064,0.810,0,0,eGFP3
7573,17:13:26,0.063,0.612,0,0,eGFP3
7574,17:13:27,0.052,0.656,0,0,eGFP3
7575,17:13:28,0.063,0.744,0,0,eGFP3
7576,17:13:28,0.063,0.557,0,0,eGFP3
7577,17:13:29,0.053,0.514,0,0,eGFP3
7578,17:13:29,0.054,0.713,0,0,eGFP3
7579,17:13:31,0.107,1.128,0,0,eGFP3
7580,17:13:31,0.064,0.623,0,0,eGFP3
7581,17:13:32,0.055,0.560,0,0,eGFP3
7582,17:13:32,0.063,0.590,0,0,eGFP3
7583,17:13:33,0.053,0.569,0,0,eGFP3
7584,17:13:34,0.063,0.799,0,0,eGFP3
7585,17:13:34,0.064,0.601,0,0,eGFP3
7586,17:13:35,0.044,0.560,0,0,eGFP3
7587,17:13:36,0.064,0.744,0,0,eGFP3
7588,17:13:36,0.064,0.558,0,0,eGFP3
7589,17:13:37,0.053,0.470,0,0,eGFP3
7590,17:13:37,0.042,0.448,0,0,eGFP3
7591,17:13:38,0.042,0.492,0,0,eGFP3
7592,17:13:38,0.054,0.822,0,0,eGFP3
7593,17:13:39,0.086,0.722,0,0,eGFP3
7594,17:13:40,0.055,0.571,0,0,eGFP3
7595,17:13:40,0.055,0.560,0,0,eGFP3
7596,17:13:41,0.064,0.657,0,0,eGFP3
7597,17:13:41,0.053,0.514,0,0,eGFP3
7598,17:13:42,0.053,0.459,0,0,eGFP3
7599,17:13:42,0.043,0.548,0,0,eGFP3
7600,17:13:43,0.064,1.096,0,0,eGFP3
7601,17:13:44,0.108,0.876,0,0,eGFP3
7602,17:13:45,0.056,0.637,0,0,eGFP3
7603,17:13:45,0.043,0.493,0,0,eGFP3
7604,17:13:46,0.043,0.591,0,0,eGFP3
7605,17:13:47,0.076,1.140,0,0,eGFP3
7606,17:13:48,0.076,0.647,0,0,eGFP3
7607,17:13:48,0.042,0.459,0,0,eGFP3
7608,17:13:49,0.043,0.460,0,0,eGFP3
7609,17:13:49,0.045,0.692,0,0,eGFP3
7610,17:13:50,0.067,0.594,0,0,eGFP3
7611,17:13:51,0.043,0.547,0,0,eGFP3
7612,17:13:51,0.054,0.493,0,0,eGFP3
7613,17:13:52,0.043,0.438,0,0,eGFP3
7614,17:13:52,0.043,0.669,0,0,eGFP3
7615,17:13:53,0.087,0.745,0,0,eGFP3
7616,17:13:53,0.054,0.504,0,0,eGFP3
7617,17:13:54,0.043,0.559,0,0,eGFP3
7618,17:13:55,0.045,0.517,0,0,eGFP3
7619,17:13:55,0.032,0.427,0,0,eGFP3
7620,17:13:55,0.043,0.482,0,0,eGFP3
7621,17:13:56,0.054,0.987,0,0,eGFP3
7622,17:13:57,0.098,0.756,0,0,eGFP3
7623,17:13:58,0.057,0.550,0,0,eGFP3
7624,17:13:58,0.044,0.713,0,0,eGFP3
7625,17:13:59,0.076,0.658,0,0,eGFP3
7626,17:14:00,0.043,0.493,0,0,eGFP3
7627,17:14:00,0.046,0.561,0,0,eGFP3
7628,17:14:01,0.055,0.582,0,0,eGFP3
7629,17:14:01,0.054,0.581,0,0,eGFP3
7630,17:14:02,0.043,0.548,0,0,eGFP3
7631,17:14:02,0.048,0.520,0,0,eGFP3
7632,17:14:03,0.042,0.546,0,0,eGFP3
7633,17:14:04,0.053,1.073,0,0,eGFP3
7634,17:14:05,0.174,1.205,0,0,eGFP3
7635,17:14:06,0.054,0.570,0,0,eGFP3
7636,17:14:06,0.052,0.634,0,0,eGFP3
7637,17:14:07,0.051,0.600,0,0,eGFP3
7638,17:14:08,0.064,0.678,0,0,eGFP3
7639,17:14:08,0.053,0.536,0,0,eGFP3
7640,17:14:09,0.041,0.535,0,0,eGFP3
7641,17:14:10,0.064,0.755,0,0,eGFP3
7642,17:14:10,0.053,0.546,0,0,eGFP3
7643,17:14:11,0.044,0.450,0,0,eGFP3
7644,17:14:11,0.042,0.415,0,0,eGFP3
7645,17:14:11,0.041,0.415,0,0,eGFP3
7646,17:14:12,0.041,0.415,0,0,eGFP3
7647,17:14:12,0.030,0.414,0,0,eGFP3
7648,17:14:13,0.042,0.481,0,0,eGFP3
7649,17:14:14,0.053,0.843,0,0,eGFP3
7650,17:14:14,0.121,0.900,0,0,eGFP3
7651,17:14:15,0.055,0.559,0,0,eGFP3
7652,17:14:15,0.042,0.503,0,0,eGFP3
7653,17:14:16,0.053,0.459,0,0,eGFP3
7654,17:14:16,0.042,0.426,0,0,eGFP3
7655,17:14:17,0.043,0.438,0,0,eGFP3
7656,17:14:17,0.042,0.470,0,0,eGFP3
7657,17:15:49,0.042,91.642,0,0,eGFP3
7658,17:15:50,0.076,0.723,0,0,eGFP3
7659,17:15:50,0.044,0.516,0,0,eGFP3
7660,17:15:51,0.043,0.493,0,0,eGFP3
7661,17:15:51,0.042,0.503,0,0,eGFP3
7662,17:15:52,0.043,0.471,0,0,eGFP3
7663,17:15:52,0.042,0.481,0,0,eGFP3
7664,17:15:53,0.044,0.483,0,0,eGFP3
7665,17:15:53,0.043,0.449,0,0,eGFP3
7666,17:15:53,0.032,0.449,0,0,eGFP3
7667,17:15:54,0.044,0.659,0,0,eGFP3
7668,17:15:55,0.086,0.920,0,0,eGFP3
7669,17:15:56,0.054,0.559,0,0,eGFP3
7670,17:15:56,0.053,0.591,0,0,eGFP3
7671,17:15:57,0.054,0.537,0,0,eGFP3
7672,17:15:57,0.043,0.492,0,0,eGFP3
7673,17:15:58,0.043,0.713,0,0,eGFP3
7674,17:15:59,0.075,0.646,0,0,eGFP3
7675,17:15:59,0.056,0.594,0,0,eGFP3
7676,17:16:00,0.064,0.624,0,0,eGFP3
7677,17:16:00,0.043,0.482,0,0,eGFP3
7678,17:16:01,0.045,0.506,0,0,eGFP3
7679,17:16:01,0.062,0.676,0,0,eGFP3
7680,17:16:02,0.053,0.590,0,0,eGFP3
7681,17:16:03,0.075,0.766,0,0,eGFP3
7682,17:16:03,0.074,0.612,0,0,eGFP3
7683,17:16:04,0.054,0.515,0,0,eGFP3
7684,17:16:04,0.052,0.513,0,0,eGFP3
7685,17:16:05,0.042,0.481,0,0,eGFP3
7686,17:16:05,0.041,0.469,0,0,eGFP3
7687,17:16:06,0.031,0.448,0,0,eGFP3
7688,17:16:07,0.041,0.689,0,0,eGFP3
7689,17:16:07,0.085,0.842,0,0,eGFP3
7690,17:16:08,0.086,0.810,0,0,eGFP3
7691,17:16:09,0.064,0.613,0,0,eGFP3
7692,17:16:09,0.055,0.670,0,0,eGFP3
7693,17:16:10,0.064,0.689,0,0,eGFP3
7694,17:16:11,0.064,0.547,0,0,eGFP3
7695,17:16:11,0.053,0.612,0,0,eGFP3
7696,17:16:12,0.097,1.074,0,0,eGFP3
7697,17:16:13,0.074,0.919,0,0,eGFP3
7698,17:16:14,0.163,1.173,0,0,eGFP3
7699,17:16:15,0.053,0.525,0,0,eGFP3
7700,17:16:15,0.043,0.438,0,0,eGFP3
7701,17:16:16,0.042,0.492,0,0,eGFP3
7702,17:16:17,0.053,1.283,0,0,eGFP3
7703,17:16:18,0.097,0.722,0,0,eGFP3
7704,17:16:19,0.053,0.624,0,0,eGFP3
7705,17:16:20,0.075,1.128,0,0,eGFP3
7706,17:16:21,0.143,0.966,0,0,eGFP3
7707,17:16:21,0.053,0.646,0,0,eGFP3
7708,17:16:22,0.055,0.680,0,0,eGFP3
7709,17:16:23,0.065,0.668,0,0,eGFP3
7710,17:16:23,0.054,0.591,0,0,eGFP3
7711,17:16:24,0.065,0.888,0,0,eGFP3
7712,17:16:25,0.075,0.723,0,0,eGFP3
7713,17:16:28,0.064,3.301,0,0,eGFP3
7714,17:16:29,0.131,0.877,0,0,eGFP3
7715,17:16:30,0.054,0.592,0,0,eGFP3
7716,17:16:30,0.055,0.549,0,0,eGFP3
7717,17:16:31,0.042,0.547,0,0,eGFP3
7718,17:16:31,0.054,0.493,0,0,eGFP3
7719,17:16:32,0.042,0.426,0,0,eGFP3
7720,17:16:32,0.031,0.415,0,0,eGFP3
7721,17:16:33,0.043,0.537,0,0,eGFP3
7722,17:16:33,0.075,0.799,0,0,eGFP3
7723,17:16:34,0.054,0.515,0,0,eGFP3
7724,17:16:34,0.045,0.539,0,0,eGFP3
7725,17:16:35,0.053,0.492,0,0,eGFP3
7726,17:16:35,0.032,0.438,0,0,eGFP3
7727,17:16:36,0.043,0.581,0,0,eGFP3
7728,17:16:37,0.054,0.624,0,0,eGFP3
7729,17:16:39,0.098,2.293,0,0,eGFP3
7730,17:16:40,0.175,1.086,0,0,eGFP3
7731,17:16:41,0.054,0.570,0,0,eGFP3
7732,17:16:41,0.045,0.593,0,0,eGFP3
7733,17:16:42,0.078,0.726,0,0,eGFP3
7734,17:16:42,0.054,0.537,0,0,eGFP3
7735,17:16:43,0.054,0.592,0,0,eGFP3
7736,17:16:44,0.054,0.548,0,0,eGFP3
7737,17:16:44,0.043,0.482,0,0,eGFP3
7738,17:16:44,0.043,0.471,0,0,eGFP3
7739,17:16:45,0.044,0.461,0,0,eGFP3
7740,17:16:46,0.049,0.609,0,0,eGFP3
7741,17:16:46,0.054,0.559,0,0,eGFP3
7742,17:16:47,0.048,0.476,0,0,eGFP3
7743,17:16:47,0.041,0.447,0,0,eGFP3
7744,17:16:48,0.041,0.480,0,0,eGFP3
7745,17:16:48,0.052,0.678,0,0,eGFP3
7746,17:16:49,0.052,0.535,0,0,eGFP3
7747,17:16:49,0.043,0.449,0,0,eGFP3
7748,17:16:50,0.032,0.427,0,0,eGFP3
7749,17:16:50,0.042,0.437,0,0,eGFP3
7750,17:16:51,0.041,0.546,0,0,eGFP3
7751,17:16:51,0.053,0.612,0,0,eGFP3
7752,17:16:52,0.053,0.558,0,0,eGFP3
7753,17:16:52,0.052,0.700,0,0,eGFP3
7754,17:16:53,0.107,0.974,0,0,eGFP3
7755,17:16:54,0.064,0.558,0,0,eGFP3
7756,17:16:55,0.053,0.656,0,0,eGFP3
7757,17:16:56,0.087,0.900,0,0,eGFP3
7758,17:16:56,0.074,0.777,0,0,eGFP3
7759,17:16:57,0.052,0.579,0,0,eGFP3
7760,17:16:58,0.053,0.755,0,0,eGFP3
7761,17:16:58,0.066,0.626,0,0,eGFP3
7762,17:16:59,0.053,0.503,0,0,eGFP3
7763,17:17:00,0.053,0.777,0,0,eGFP3
7764,17:17:00,0.075,0.788,0,0,eGFP3
7765,17:17:01,0.055,0.538,0,0,eGFP3
7766,17:17:01,0.042,0.547,0,0,eGFP3
7767,17:17:02,0.064,0.789,0,0,eGFP3
7768,17:17:03,0.097,0.975,0,0,eGFP3
7769,17:17:04,0.053,0.536,0,0,eGFP3
7770,17:17:04,0.042,0.448,0,0,eGFP3
7771,17:17:05,0.042,0.492,0,0,eGFP3
7772,17:17:05,0.054,0.679,0,0,eGFP3
7773,17:17:06,0.066,0.604,0,0,eGFP3
7774,17:17:07,0.042,0.547,0,0,eGFP3
7775,17:17:07,0.055,0.626,0,0,eGFP3
7776,17:17:08,0.076,0.833,0,0,eGFP3
7777,17:17:09,0.064,0.602,0,0,eGFP3
7778,17:17:09,0.043,0.558,0,0,eGFP3
7779,17:17:10,0.043,0.636,0,0,eGFP3
7780,17:17:11,0.075,0.898,0,0,eGFP3
7781,17:17:11,0.066,0.593,0,0,eGFP3
7782,17:17:12,0.043,0.493,0,0,eGFP3
7783,17:17:12,0.053,0.624,0,0,eGFP3
7784,17:17:13,0.054,0.658,0,0,eGFP3
7785,17:17:14,0.053,0.503,0,0,eGFP3
7786,17:17:14,0.043,0.548,0,0,eGFP3
7787,17:17:15,0.065,0.657,0,0,eGFP3
7788,17:17:15,0.054,0.559,0,0,eGFP3
7789,17:17:16,0.047,0.453,0,0,eGFP3
7790,17:17:16,0.043,0.460,0,0,eGFP3
7791,17:17:17,0.043,0.493,0,0,eGFP3
7792,17:17:17,0.042,0.481,0,0,eGFP3
7793,17:17:18,0.044,0.483,0,0,eGFP3
7794,17:17:19,0.054,0.932,0,0,eGFP3
7795,17:17:20,0.142,0.954,0,0,eGFP3
7796,17:17:20,0.065,0.569,0,0,eGFP3
7797,17:17:21,0.057,0.847,0,0,eGFP3
7798,17:17:22,0.076,0.669,0,0,eGFP3
7799,17:17:22,0.043,0.493,0,0,eGFP3
7800,17:17:23,0.043,0.471,0,0,eGFP3
7801,17:17:26,0.044,2.963,0,0,eGFP3
7802,17:17:28,0.142,2.589,0,0,eGFP3
7803,17:17:30,0.320,2.307,0,0,eGFP3
7804,17:17:32,0.197,1.931,0,0,eGFP3
7805,17:17:34,0.204,1.949,0,0,eGFP3
7806,17:17:36,0.184,1.874,0,0,eGFP3
7807,17:17:38,0.151,1.512,0,0,eGFP3
7808,17:17:39,0.162,1.424,0,0,eGFP3
7809,17:17:41,0.151,1.348,0,0,eGFP3
7810,17:17:42,0.107,1.226,0,0,eGFP3
7811,17:17:53,0.141,11.115,0,0,eGFP3
7812,17:18:06,0.129,13.111,0,0,eGFP3
7813,17:18:07,0.087,0.998,0,0,eGFP3
7814,17:18:08,0.064,0.612,0,0,eGFP3
7815,17:18:08,0.053,0.514,0,0,eGFP3
7816,17:18:09,0.043,0.526,0,0,eGFP3
7817,17:18:09,0.042,0.492,0,0,eGFP3
7818,17:18:10,0.042,0.547,0,0,eGFP3
7819,17:18:10,0.052,0.535,0,0,eGFP3
7820,17:18:11,0.042,0.448,0,0,eGFP3
7821,17:18:11,0.042,0.437,0,0,eGFP3
7822,17:18:12,0.043,0.460,0,0,eGFP3
7823,17:18:12,0.031,0.437,0,0,eGFP3
7824,17:18:12,0.042,0.426,0,0,eGFP3
7825,17:18:13,0.042,0.426,0,0,eGFP3
7826,17:18:13,0.042,0.448,0,0,eGFP3
7827,17:18:14,0.042,0.536,0,0,eGFP3
7828,17:18:14,0.053,0.514,0,0,eGFP3
7829,17:18:15,0.043,0.460,0,0,eGFP3
7830,17:18:15,0.035,0.430,0,0,eGFP3
7831,17:18:16,0.042,0.415,0,0,eGFP3
7832,17:18:16,0.043,0.536,0,0,eGFP3
7833,17:18:17,0.054,0.526,0,0,eGFP3
7834,17:18:17,0.053,0.470,0,0,eGFP3
7835,17:18:18,0.031,0.426,0,0,eGFP3
7836,17:18:18,0.031,0.459,0,0,eGFP3
7837,17:18:19,0.043,0.712,0,0,eGFP3
7838,17:18:19,0.066,0.604,0,0,eGFP3
7839,17:18:20,0.053,0.503,0,0,eGFP3
7840,17:18:20,0.043,0.449,0,0,eGFP3
7841,17:18:21,0.031,0.426,0,0,eGFP3
7842,17:18:21,0.043,0.449,0,0,eGFP3
7843,17:18:22,0.042,0.591,0,0,eGFP3
7844,17:18:22,0.067,0.604,0,0,eGFP3
7845,17:18:23,0.054,0.591,0,0,eGFP3
7846,17:18:23,0.045,0.528,0,0,eGFP3
7847,17:18:24,0.043,0.493,0,0,eGFP3
7848,17:18:24,0.043,0.514,0,0,eGFP3
7849,17:18:25,0.065,0.713,0,0,eGFP3
7850,17:18:26,0.075,0.701,0,0,eGFP3
7851,17:18:26,0.054,0.504,0,0,eGFP3
7852,17:18:27,0.043,0.482,0,0,eGFP3
7853,17:18:27,0.032,0.438,0,0,eGFP3
7854,17:18:28,0.033,0.451,0,0,eGFP3
7855,17:18:28,0.042,0.580,0,0,eGFP3
7856,17:18:29,0.076,0.833,0,0,eGFP3
7857,17:18:30,0.065,0.592,0,0,eGFP3
7858,17:18:30,0.045,0.506,0,0,eGFP3
7859,17:18:31,0.043,0.669,0,0,eGFP3
7860,17:18:32,0.087,0.845,0,0,eGFP3
7861,17:18:32,0.054,0.526,0,0,eGFP3
7862,17:18:33,0.034,0.418,0,0,eGFP3
7863,17:18:33,0.043,0.428,0,0,eGFP3
7864,17:18:34,0.043,0.449,0,0,eGFP3
7865,17:18:34,0.032,0.581,0,0,eGFP3
7866,17:18:35,0.087,0.877,0,0,eGFP3
7867,17:18:36,0.055,0.582,0,0,eGFP3
7868,17:18:36,0.054,0.745,0,0,eGFP3
7869,17:18:37,0.070,0.586,0,0,eGFP3
7870,17:18:38,0.043,0.536,0,0,eGFP3
7871,17:18:38,0.053,0.755,0,0,eGFP3
7872,17:18:39,0.065,0.581,0,0,eGFP3
7873,17:18:39,0.052,0.524,0,0,eGFP3
7874,17:18:40,0.052,0.678,0,0,eGFP3
7875,17:18:41,0.074,0.656,0,0,eGFP3
7876,17:18:41,0.052,0.502,0,0,eGFP3
7877,17:18:42,0.052,0.469,0,0,eGFP3
7878,17:18:42,0.043,0.603,0,0,eGFP3
7879,17:18:43,0.075,0.678,0,0,eGFP3
7880,17:18:43,0.053,0.481,0,0,eGFP3
7881,17:18:44,0.041,0.447,0,0,eGFP3
7882,17:18:44,0.042,0.558,0,0,eGFP3
7883,17:18:45,0.053,0.689,0,0,eGFP3
7884,17:18:46,0.042,0.492,0,0,eGFP3
7885,17:18:46,0.041,0.458,0,0,eGFP3
7886,17:18:47,0.041,0.634,0,0,eGFP3
7887,17:18:47,0.076,0.735,0,0,eGFP3
7888,17:18:48,0.052,0.513,0,0,eGFP3
7889,17:18:48,0.042,0.492,0,0,eGFP3
7890,17:18:49,0.053,0.733,0,0,eGFP3
7891,17:18:50,0.064,0.547,0,0,eGFP3
7892,17:18:50,0.042,0.437,0,0,eGFP3
7893,17:18:51,0.042,0.437,0,0,eGFP3
7894,17:18:51,0.043,0.482,0,0,eGFP3
7895,17:18:52,0.043,0.614,0,0,eGFP3
7896,17:18:52,0.064,0.613,0,0,eGFP3
7897,17:18:53,0.053,0.580,0,0,eGFP3
7898,17:18:53,0.053,0.569,0,0,eGFP3
7899,17:18:54,0.055,0.494,0,0,eGFP3
7900,17:18:55,0.042,0.591,0,0,eGFP3
7901,17:18:56,0.086,0.953,0,0,eGFP3
7902,17:18:56,0.064,0.547,0,0,eGFP3
7903,17:18:57,0.044,0.483,0,0,eGFP3
7904,17:18:57,0.042,0.470,0,0,eGFP3
7905,17:18:58,0.043,1.195,0,0,eGFP3
7906,17:18:59,0.098,0.723,0,0,eGFP3
7907,17:18:59,0.054,0.537,0,0,eGFP3
7908,17:19:00,0.042,0.470,0,0,eGFP3
7909,17:19:00,0.043,0.438,0,0,eGFP3
7910,17:19:01,0.043,0.778,0,0,eGFP3
7911,17:19:02,0.099,0.736,0,0,eGFP3
7912,17:19:02,0.053,0.536,0,0,eGFP3
7913,17:19:03,0.056,0.506,0,0,eGFP3
7914,17:19:03,0.043,0.438,0,0,eGFP3
7915,17:19:04,0.043,0.416,0,0,eGFP3
7916,17:19:04,0.043,0.416,0,0,eGFP3
7917,17:19:05,0.043,0.580,0,0,eGFP3
7918,17:19:06,0.076,0.932,0,0,eGFP3
7919,17:19:07,0.089,0.824,0,0,eGFP3
7920,17:19:07,0.065,0.614,0,0,eGFP3
7921,17:19:08,0.065,0.690,0,0,eGFP3
7922,17:19:08,0.054,0.592,0,0,eGFP3
7923,17:19:09,0.054,0.504,0,0,eGFP3
7924,17:19:09,0.043,0.427,0,0,eGFP3
7925,17:19:10,0.032,0.406,0,0,eGFP3
7926,17:19:10,0.032,0.515,0,0,eGFP3
7927,17:19:11,0.069,0.859,0,0,eGFP3
7928,17:19:12,0.054,0.548,0,0,eGFP3
7929,17:19:12,0.054,0.691,0,0,eGFP3
7930,17:19:13,0.065,0.592,0,0,eGFP3
7931,17:19:13,0.054,0.482,0,0,eGFP3
7932,17:19:14,0.049,0.586,0,0,eGFP3
7933,17:19:15,0.053,0.568,0,0,eGFP3
7934,17:19:15,0.053,0.678,0,0,eGFP3
7935,17:19:16,0.098,0.921,0,0,eGFP3
7936,17:19:17,0.052,0.590,0,0,eGFP3
7937,17:19:17,0.052,0.535,0,0,eGFP3
7938,17:19:18,0.052,0.743,0,0,eGFP3
7939,17:19:19,0.064,0.602,0,0,eGFP3
7940,17:19:19,0.041,0.546,0,0,eGFP3
7941,17:19:20,0.043,0.482,0,0,eGFP3
7942,17:19:20,0.041,0.447,0,0,eGFP3
7943,17:19:21,0.044,0.713,0,0,eGFP3
7944,17:19:22,0.096,0.722,0,0,eGFP3
7945,17:19:22,0.053,0.513,0,0,eGFP3
7946,17:19:23,0.042,0.448,0,0,eGFP3
7947,17:19:23,0.042,0.525,0,0,eGFP3
7948,17:19:24,0.063,0.722,0,0,eGFP3
7949,17:19:24,0.052,0.535,0,0,eGFP3
7950,17:19:25,0.042,0.657,0,0,eGFP3
7951,17:19:26,0.079,0.661,0,0,eGFP3
7952,17:19:26,0.044,0.538,0,0,eGFP3
7953,17:19:27,0.041,0.491,0,0,eGFP3
7954,17:19:27,0.042,0.459,0,0,eGFP3
7955,17:19:28,0.044,0.450,0,0,eGFP3
7956,17:19:28,0.031,0.481,0,0,eGFP3
7957,17:19:29,0.042,0.635,0,0,eGFP3
7958,17:19:29,0.064,0.744,0,0,eGFP3
7959,17:19:30,0.075,0.722,0,0,eGFP3
7960,17:19:31,0.066,0.692,0,0,eGFP3
7961,17:19:31,0.053,0.536,0,0,eGFP3
7962,17:19:32,0.042,0.459,0,0,eGFP3
7963,17:19:32,0.042,0.481,0,0,eGFP3
7964,17:19:33,0.054,0.899,0,0,eGFP3
7965,17:19:34,0.086,0.733,0,0,eGFP3
7966,17:19:35,0.054,0.547,0,0,eGFP3
7967,17:19:35,0.043,0.537,0,0,eGFP3
7968,17:19:36,0.055,0.790,0,0,eGFP3
7969,17:19:36,0.056,0.572,0,0,eGFP3
7970,17:19:37,0.053,0.635,0,0,eGFP3
7971,17:19:38,0.064,0.690,0,0,eGFP3
7972,17:19:38,0.053,0.569,0,0,eGFP3
7973,17:19:39,0.043,0.537,0,0,eGFP3
7974,17:19:39,0.042,0.525,0,0,eGFP3
7975,17:19:40,0.043,0.646,0,0,eGFP3
7976,17:19:41,0.078,0.714,0,0,eGFP3
7977,17:19:41,0.054,0.537,0,0,eGFP3
7978,17:19:42,0.043,0.548,0,0,eGFP3
7979,17:19:42,0.053,0.547,0,0,eGFP3
7980,17:19:43,0.054,0.537,0,0,eGFP3
7981,17:19:43,0.043,0.504,0,0,eGFP3
7982,17:19:44,0.044,0.791,0,0,eGFP3
7983,17:19:45,0.075,0.624,0,0,eGFP3
7984,17:19:45,0.045,0.473,0,0,eGFP3
7985,17:19:46,0.032,0.416,0,0,eGFP3
7986,17:19:46,0.043,0.416,0,0,eGFP3
7987,17:19:47,0.044,0.548,0,0,eGFP3
7988,17:19:48,0.065,0.856,0,0,eGFP3
7989,17:19:48,0.109,0.888,0,0,eGFP3
7990,17:19:50,0.493,1.536,0,0,eGFP3
7991,17:19:51,0.054,0.592,0,0,eGFP3
7992,17:19:51,0.045,0.517,0,0,eGFP3
7993,17:19:52,0.055,0.494,0,0,eGFP3
7994,17:19:52,0.043,0.537,0,0,eGFP3
7995,17:19:53,0.043,0.493,0,0,eGFP3
7996,17:19:53,0.042,0.492,0,0,eGFP3
7997,17:19:54,0.041,0.513,0,0,eGFP3
7998,17:19:54,0.063,0.766,0,0,eGFP3
7999,17:19:55,0.063,0.568,0,0,eGFP3
8000,17:19:55,0.053,0.547,0,0,eGFP3
8001,17:19:56,0.042,0.481,0,0,eGFP3
8002,17:19:56,0.041,0.425,0,0,eGFP3
8003,17:19:57,0.042,0.404,0,0,eGFP3
8004,17:19:57,0.041,0.403,0,0,eGFP3
8005,17:19:58,0.031,0.426,0,0,eGFP3
8006,17:19:58,0.052,0.656,0,0,eGFP3
8007,17:19:59,0.074,0.689,0,0,eGFP3
8008,17:19:59,0.054,0.482,0,0,eGFP3
8009,17:20:00,0.042,0.448,0,0,eGFP3
8010,17:20:00,0.047,0.486,0,0,eGFP3
8011,17:20:01,0.053,0.744,0,0,eGFP3
8012,17:20:02,0.064,0.569,0,0,eGFP3
8013,17:20:02,0.042,0.470,0,0,eGFP3
8014,17:20:03,0.042,0.502,0,0,eGFP3
8015,17:20:03,0.053,0.690,0,0,eGFP3
8016,17:20:04,0.064,0.689,0,0,eGFP3
8017,17:20:05,0.066,0.604,0,0,eGFP3
8018,17:20:05,0.042,0.503,0,0,eGFP3
8019,17:20:06,0.053,0.646,0,0,eGFP3
8020,17:20:07,0.075,0.744,0,0,eGFP3
8021,17:20:07,0.043,0.548,0,0,eGFP3
8022,17:20:08,0.053,0.668,0,0,eGFP3
8023,17:20:08,0.064,0.547,0,0,eGFP3
8024,17:20:09,0.044,0.527,0,0,eGFP3
8025,17:20:10,0.066,0.724,0,0,eGFP3
8026,17:20:10,0.054,0.547,0,0,eGFP3
8027,17:20:11,0.065,0.756,0,0,eGFP3
8028,17:20:11,0.054,0.570,0,0,eGFP3
8029,17:20:12,0.053,0.678,0,0,eGFP3
8030,17:20:13,0.054,0.581,0,0,eGFP3
8031,17:20:13,0.042,0.492,0,0,eGFP3
8032,17:20:14,0.043,0.460,0,0,eGFP3
8033,17:20:14,0.044,0.505,0,0,eGFP3
8034,17:20:15,0.043,0.548,0,0,eGFP3
8035,17:20:15,0.053,0.525,0,0,eGFP3
8036,17:20:21,0.054,5.892,0,0,eGFP3
8037,17:20:22,0.142,1.349,0,0,eGFP3
8038,17:20:23,0.067,0.604,0,0,eGFP3
8039,17:20:24,0.055,0.614,0,0,eGFP3
8040,17:20:24,0.054,0.581,0,0,eGFP3
8041,17:20:25,0.045,0.528,0,0,eGFP3
8042,17:20:25,0.054,0.602,0,0,eGFP3
8043,17:20:26,0.054,0.482,0,0,eGFP3
8044,17:20:26,0.043,0.471,0,0,eGFP3
8045,17:20:27,0.044,0.581,0,0,eGFP3
8046,17:20:27,0.044,0.493,0,0,eGFP3
8047,17:20:28,0.033,0.439,0,0,eGFP3
8048,17:20:28,0.043,0.569,0,0,eGFP3
8049,17:20:29,0.079,0.672,0,0,eGFP3
8050,17:20:30,0.054,0.471,0,0,eGFP3
8051,17:20:30,0.043,0.427,0,0,eGFP3
8052,17:20:30,0.046,0.430,0,0,eGFP3
8053,17:20:31,0.043,0.427,0,0,eGFP3
8054,17:20:31,0.043,0.471,0,0,eGFP3
8055,17:20:32,0.044,0.549,0,0,eGFP3
8056,17:20:32,0.054,0.570,0,0,eGFP3
8057,17:20:33,0.056,0.605,0,0,eGFP3
8058,17:20:34,0.050,0.489,0,0,eGFP3
8059,17:20:34,0.041,0.447,0,0,eGFP3
8060,17:20:34,0.031,0.437,0,0,eGFP3
8061,17:20:35,0.041,0.524,0,0,eGFP3
8062,17:20:36,0.052,0.579,0,0,eGFP3
8063,17:20:36,0.053,0.535,0,0,eGFP3
8064,17:20:37,0.053,0.569,0,0,eGFP3
8065,17:20:37,0.066,0.703,0,0,eGFP3
8066,17:20:38,0.052,0.535,0,0,eGFP3
8067,17:20:38,0.042,0.536,0,0,eGFP3
8068,17:20:39,0.052,0.612,0,0,eGFP3
8069,17:20:40,0.053,0.546,0,0,eGFP3
8070,17:20:40,0.042,0.481,0,0,eGFP3
8071,17:20:41,0.042,0.470,0,0,eGFP3
8072,17:20:41,0.041,0.667,0,0,eGFP3
8073,17:20:42,0.064,0.645,0,0,eGFP3
8074,17:20:42,0.052,0.546,0,0,eGFP3
8075,17:20:43,0.042,0.492,0,0,eGFP3
8076,17:20:43,0.042,0.448,0,0,eGFP3
8077,17:20:44,0.031,0.426,0,0,eGFP3
8078,17:20:44,0.031,0.656,0,0,eGFP3
8079,17:20:45,0.088,0.801,0,0,eGFP3
8080,17:20:46,0.053,0.580,0,0,eGFP3
8081,17:20:46,0.064,0.613,0,0,eGFP3
8082,17:20:47,0.044,0.559,0,0,eGFP3
8083,17:20:48,0.054,0.690,0,0,eGFP3
8084,17:20:48,0.053,0.591,0,0,eGFP3
8085,17:20:49,0.042,0.646,0,0,eGFP3
8086,17:20:49,0.064,0.613,0,0,eGFP3
8087,17:20:50,0.042,0.525,0,0,eGFP3
8088,17:20:50,0.031,0.437,0,0,eGFP3
8089,17:20:51,0.043,0.449,0,0,eGFP3
8090,17:20:52,0.044,0.614,0,0,eGFP3
8091,17:20:52,0.076,0.658,0,0,eGFP3
8092,17:20:53,0.053,0.547,0,0,eGFP3
8093,17:20:53,0.055,0.538,0,0,eGFP3
8094,17:20:54,0.042,0.459,0,0,eGFP3
8095,17:20:54,0.032,0.427,0,0,eGFP3
8096,17:20:55,0.032,0.438,0,0,eGFP3
8097,17:20:55,0.042,0.525,0,0,eGFP3
8098,17:20:56,0.069,0.695,0,0,eGFP3
8099,17:20:56,0.064,0.591,0,0,eGFP3
8100,17:20:57,0.043,0.515,0,0,eGFP3
8101,17:20:57,0.043,0.569,0,0,eGFP3
8102,17:20:58,0.065,0.855,0,0,eGFP3
8103,17:20:59,0.065,0.592,0,0,eGFP3
8104,17:21:00,0.054,0.690,0,0,eGFP3
8105,17:21:00,0.098,0.756,0,0,eGFP3
8106,17:21:01,0.056,0.539,0,0,eGFP3
8107,17:21:02,0.045,0.616,0,0,eGFP3
8108,17:21:02,0.054,0.624,0,0,eGFP3
8109,17:21:03,0.055,0.526,0,0,eGFP3
8110,17:21:03,0.044,0.450,0,0,eGFP3
8111,17:21:04,0.032,0.427,0,0,eGFP3
8112,17:21:04,0.043,0.471,0,0,eGFP3
8113,17:21:05,0.054,0.680,0,0,eGFP3
8114,17:21:05,0.067,0.616,0,0,eGFP3
8115,17:21:06,0.054,0.537,0,0,eGFP3
8116,17:21:06,0.043,0.493,0,0,eGFP3
8117,17:21:07,0.054,0.460,0,0,eGFP3
8118,17:21:07,0.044,0.450,0,0,eGFP3
8119,17:21:08,0.043,0.526,0,0,eGFP3
8120,17:21:10,0.065,2.425,0,0,eGFP3
8121,17:21:11,0.056,0.616,0,0,eGFP3
8122,17:21:11,0.061,0.598,0,0,eGFP3
8123,17:21:12,0.053,0.547,0,0,eGFP3
8124,17:21:12,0.041,0.491,0,0,eGFP3
8125,17:21:13,0.052,0.491,0,0,eGFP3
8126,17:21:13,0.042,0.470,0,0,eGFP3
8127,17:21:14,0.030,0.436,0,0,eGFP3
8128,17:21:14,0.031,0.415,0,0,eGFP3
8129,17:21:15,0.041,0.425,0,0,eGFP3
8130,17:21:15,0.032,0.438,0,0,eGFP3
8131,17:21:16,0.031,0.470,0,0,eGFP3
8132,17:21:16,0.042,0.469,0,0,eGFP3
8133,17:21:17,0.053,0.580,0,0,eGFP3
8134,17:21:17,0.064,0.777,0,0,eGFP3
8135,17:21:18,0.065,0.581,0,0,eGFP3
8136,17:21:19,0.042,0.492,0,0,eGFP3
8137,17:21:19,0.056,0.550,0,0,eGFP3
8138,17:21:20,0.041,0.491,0,0,eGFP3
8139,17:21:20,0.055,0.669,0,0,eGFP3
8140,17:21:21,0.086,0.778,0,0,eGFP3
8141,17:21:22,0.053,0.513,0,0,eGFP3
8142,17:21:22,0.042,0.437,0,0,eGFP3
8143,17:21:22,0.042,0.448,0,0,eGFP3
8144,17:23:10,0.042,107.961,0,0,eGFP3
8145,17:23:15,0.185,4.234,0,0,eGFP3
8146,17:23:19,2.852,4.059,0,0,eGFP3
8147,17:23:19,0.099,0.736,0,0,eGFP3
8148,17:23:20,0.055,0.560,0,0,eGFP3
8149,17:23:20,0.053,0.525,0,0,eGFP3
8150,17:23:21,0.042,0.459,0,0,eGFP3
8151,17:23:21,0.043,0.427,0,0,eGFP3
8152,17:23:22,0.042,0.514,0,0,eGFP3
8153,17:23:22,0.054,0.504,0,0,eGFP3
8154,17:23:23,0.042,0.405,0,0,eGFP3
8155,17:23:23,0.033,0.428,0,0,eGFP3
8156,17:23:24,0.043,0.569,0,0,eGFP3
8157,17:23:24,0.043,0.493,0,0,eGFP3
8158,17:23:25,0.042,0.427,0,0,eGFP3
8159,17:23:25,0.042,0.415,0,0,eGFP3
8160,17:23:26,0.043,0.515,0,0,eGFP3
8161,17:23:26,0.054,0.679,0,0,eGFP3
8162,17:23:27,0.056,0.517,0,0,eGFP3
8163,17:23:27,0.033,0.429,0,0,eGFP3
8164,17:23:28,0.042,0.569,0,0,eGFP3
8165,17:23:29,0.087,0.789,0,0,eGFP3
8166,17:23:29,0.043,0.515,0,0,eGFP3
8167,17:23:30,0.032,0.493,0,0,eGFP3
8168,17:23:30,0.043,0.471,0,0,eGFP3
8169,17:23:31,0.043,0.558,0,0,eGFP3
8170,17:23:31,0.065,0.768,0,0,eGFP3
8171,17:23:32,0.052,0.568,0,0,eGFP3
8172,17:23:33,0.052,0.535,0,0,eGFP3
8173,17:23:33,0.053,0.492,0,0,eGFP3
8174,17:23:33,0.041,0.436,0,0,eGFP3
8175,17:23:34,0.041,0.447,0,0,eGFP3
8176,17:23:34,0.043,0.471,0,0,eGFP3
8177,17:23:35,0.042,0.525,0,0,eGFP3
8178,17:23:35,0.041,0.513,0,0,eGFP3
8179,17:23:36,0.043,0.460,0,0,eGFP3
8180,17:23:36,0.042,0.459,0,0,eGFP3
8181,17:23:37,0.041,0.491,0,0,eGFP3
8182,17:23:37,0.042,0.558,0,0,eGFP3
8183,17:23:38,0.052,0.568,0,0,eGFP3
8184,17:23:38,0.053,0.535,0,0,eGFP3
8185,17:23:39,0.053,0.503,0,0,eGFP3
8186,17:23:39,0.042,0.470,0,0,eGFP3
8187,17:23:40,0.043,0.460,0,0,eGFP3
8188,17:23:40,0.042,0.492,0,0,eGFP3
8189,17:23:41,0.042,0.470,0,0,eGFP3
8190,17:23:41,0.043,0.482,0,0,eGFP3
8191,17:23:42,0.042,0.492,0,0,eGFP3
8192,17:23:42,0.042,0.459,0,0,eGFP3
8193,17:23:43,0.031,0.437,0,0,eGFP3
8194,17:23:43,0.042,0.591,0,0,eGFP3
8195,17:23:45,0.076,1.470,0,0,eGFP3
8196,17:23:45,0.075,0.679,0,0,eGFP3
8197,17:23:46,0.075,0.788,0,0,eGFP3
8198,17:23:47,0.053,0.580,0,0,eGFP3
8199,17:23:48,0.053,0.777,0,0,eGFP3
8200,17:23:48,0.087,0.712,0,0,eGFP3
8201,17:23:49,0.054,0.493,0,0,eGFP3
8202,17:23:49,0.042,0.437,0,0,eGFP3
8203,17:23:50,0.042,0.701,0,0,eGFP3
8204,17:23:51,0.134,1.012,0,0,eGFP3
8205,17:23:52,0.053,0.569,0,0,eGFP3
8206,17:23:52,0.053,0.558,0,0,eGFP3
8207,17:23:53,0.054,0.536,0,0,eGFP3
8208,17:23:53,0.054,0.603,0,0,eGFP3
8209,17:23:54,0.064,0.569,0,0,eGFP3
8210,17:23:54,0.043,0.503,0,0,eGFP3
8211,17:23:55,0.043,0.460,0,0,eGFP3
8212,17:23:55,0.044,0.451,0,0,eGFP3
8213,17:23:56,0.031,0.503,0,0,eGFP3
8214,17:23:56,0.054,0.570,0,0,eGFP3
8215,17:23:57,0.043,0.558,0,0,eGFP3
8216,17:23:57,0.043,0.548,0,0,eGFP3
8217,17:23:58,0.054,0.811,0,0,eGFP3
8218,17:23:59,0.067,0.626,0,0,eGFP3
8219,17:23:59,0.054,0.460,0,0,eGFP3
8220,17:24:00,0.034,0.418,0,0,eGFP3
8221,17:24:00,0.043,0.449,0,0,eGFP3
8222,17:24:01,0.054,0.855,0,0,eGFP3
8223,17:24:02,0.109,1.042,0,0,eGFP3
8224,17:24:03,0.076,0.624,0,0,eGFP3
8225,17:24:03,0.055,0.735,0,0,eGFP3
8226,17:24:04,0.087,0.713,0,0,eGFP3
8227,17:24:05,0.043,0.592,0,0,eGFP3
8228,17:24:05,0.045,0.539,0,0,eGFP3
8229,17:24:06,0.043,0.504,0,0,eGFP3
8230,17:24:06,0.055,0.592,0,0,eGFP3
8231,17:24:07,0.046,0.507,0,0,eGFP3
8232,17:24:07,0.054,0.471,0,0,eGFP3
8233,17:24:08,0.043,0.570,0,0,eGFP3
8234,17:24:09,0.104,0.971,0,0,eGFP3
8235,17:24:09,0.063,0.557,0,0,eGFP3
8236,17:24:10,0.042,0.459,0,0,eGFP3
8237,17:24:10,0.042,0.459,0,0,eGFP3
8238,17:24:11,0.041,0.524,0,0,eGFP3
8239,17:24:11,0.052,0.557,0,0,eGFP3
8240,17:24:12,0.052,0.524,0,0,eGFP3
8241,17:24:13,0.053,0.601,0,0,eGFP3
8242,17:24:15,0.086,2.226,0,0,eGFP3
8243,17:24:15,0.085,0.645,0,0,eGFP3
8244,17:24:16,0.043,0.482,0,0,eGFP3
8245,17:24:16,0.043,0.449,0,0,eGFP3
8246,17:24:17,0.031,0.426,0,0,eGFP3
8247,17:24:17,0.031,0.502,0,0,eGFP3
8248,17:24:18,0.064,0.997,0,0,eGFP3
8249,17:24:19,0.064,0.590,0,0,eGFP3
8250,17:24:19,0.042,0.481,0,0,eGFP3
8251,17:24:20,0.042,0.503,0,0,eGFP3
8252,17:24:20,0.054,0.625,0,0,eGFP3
8253,17:24:21,0.053,0.492,0,0,eGFP3
8254,17:24:21,0.041,0.425,0,0,eGFP3
8255,17:24:22,0.042,0.438,0,0,eGFP3
8256,17:24:22,0.031,0.437,0,0,eGFP3
8257,17:24:25,0.042,2.807,0,0,eGFP3
8258,17:24:26,0.119,0.953,0,0,eGFP3
8259,17:24:27,0.066,0.625,0,0,eGFP3
8260,17:24:27,0.048,0.575,0,0,eGFP3
8261,17:24:28,0.042,0.503,0,0,eGFP3
8262,17:24:28,0.053,0.503,0,0,eGFP3
8263,17:24:29,0.053,0.613,0,0,eGFP3
8264,17:24:29,0.053,0.514,0,0,eGFP3
8265,17:24:30,0.042,0.503,0,0,eGFP3
8266,17:24:31,0.064,0.668,0,0,eGFP3
8267,17:24:31,0.054,0.492,0,0,eGFP3
8268,17:24:31,0.043,0.460,0,0,eGFP3
8269,17:24:32,0.055,0.626,0,0,eGFP3
8270,17:24:33,0.053,0.536,0,0,eGFP3
8271,17:24:33,0.043,0.449,0,0,eGFP3
8272,17:24:34,0.042,0.459,0,0,eGFP3
8273,17:24:34,0.045,0.550,0,0,eGFP3
8274,17:24:35,0.053,0.547,0,0,eGFP3
8275,17:24:35,0.043,0.515,0,0,eGFP3
8276,17:24:36,0.053,0.635,0,0,eGFP3
8277,17:24:36,0.045,0.506,0,0,eGFP3
8278,17:24:37,0.042,0.437,0,0,eGFP3
8279,17:24:37,0.043,0.449,0,0,eGFP3
8280,17:24:38,0.043,0.493,0,0,eGFP3
8281,17:24:38,0.043,0.493,0,0,eGFP3
8282,17:24:39,0.043,0.471,0,0,eGFP3
8283,17:24:39,0.032,0.449,0,0,eGFP3
8284,17:24:40,0.043,0.504,0,0,eGFP3
8285,17:24:40,0.056,0.670,0,0,eGFP3
8286,17:24:41,0.087,0.779,0,0,eGFP3
8287,17:24:42,0.045,0.583,0,0,eGFP3
8288,17:24:42,0.054,0.591,0,0,eGFP3
8289,17:24:43,0.044,0.472,0,0,eGFP3
8290,17:24:43,0.043,0.460,0,0,eGFP3
8291,17:24:44,0.043,0.559,0,0,eGFP3
8292,17:24:44,0.065,0.669,0,0,eGFP3
8293,17:24:45,0.045,0.572,0,0,eGFP3
8294,17:24:46,0.055,0.570,0,0,eGFP3
8295,17:24:46,0.044,0.680,0,0,eGFP3
8296,17:24:47,0.055,0.603,0,0,eGFP3
8297,17:24:47,0.049,0.521,0,0,eGFP3
8298,17:24:48,0.041,0.502,0,0,eGFP3
8299,17:24:49,0.052,0.733,0,0,eGFP3
8300,17:24:49,0.063,0.623,0,0,eGFP3
8301,17:24:50,0.044,0.538,0,0,eGFP3
8302,17:24:50,0.052,0.535,0,0,eGFP3
8303,17:24:51,0.064,0.733,0,0,eGFP3
8304,17:24:52,0.063,0.645,0,0,eGFP3
8305,17:24:52,0.052,0.535,0,0,eGFP3
8306,17:24:53,0.053,0.612,0,0,eGFP3
8307,17:24:53,0.064,0.613,0,0,eGFP3
8308,17:24:54,0.041,0.524,0,0,eGFP3
8309,17:24:54,0.043,0.537,0,0,eGFP3
8310,17:24:55,0.053,0.547,0,0,eGFP3
8311,17:24:56,0.042,0.524,0,0,eGFP3
8312,17:24:56,0.053,0.591,0,0,eGFP3
8313,17:24:57,0.064,0.557,0,0,eGFP3
8314,17:24:57,0.055,0.505,0,0,eGFP3
8315,17:24:58,0.042,0.481,0,0,eGFP3
8316,17:24:58,0.042,0.492,0,0,eGFP3
8317,17:24:59,0.043,0.855,0,0,eGFP3
8318,17:25:00,0.097,0.778,0,0,eGFP3
8319,17:25:00,0.053,0.558,0,0,eGFP3
8320,17:25:01,0.053,0.711,0,0,eGFP3
8321,17:25:02,0.053,0.525,0,0,eGFP3
8322,17:25:02,0.053,0.580,0,0,eGFP3
8323,17:25:03,0.053,0.580,0,0,eGFP3
8324,17:25:03,0.053,0.514,0,0,eGFP3
8325,17:25:04,0.044,0.603,0,0,eGFP3
8326,17:25:05,0.076,0.844,0,0,eGFP3
8327,17:25:05,0.064,0.558,0,0,eGFP3
8328,17:25:06,0.044,0.681,0,0,eGFP3
8329,17:25:07,0.075,0.722,0,0,eGFP3
8330,17:25:07,0.054,0.482,0,0,eGFP3
8331,17:25:08,0.042,0.437,0,0,eGFP3
8332,17:25:08,0.043,0.526,0,0,eGFP3
8333,17:25:09,0.064,0.744,0,0,eGFP3
8334,17:25:10,0.089,0.813,0,0,eGFP3
8335,17:25:10,0.053,0.646,0,0,eGFP3
8336,17:25:11,0.075,0.942,0,0,eGFP3
8337,17:25:12,0.065,0.559,0,0,eGFP3
8338,17:25:12,0.054,0.525,0,0,eGFP3
8339,17:25:13,0.043,0.471,0,0,eGFP3
8340,17:25:13,0.043,0.471,0,0,eGFP3
8341,17:25:14,0.043,0.503,0,0,eGFP3
8342,17:25:14,0.047,0.650,0,0,eGFP3
8343,17:25:15,0.087,0.779,0,0,eGFP3
8344,17:25:16,0.053,0.602,0,0,eGFP3
8345,17:25:17,0.065,0.691,0,0,eGFP3
8346,17:25:17,0.054,0.537,0,0,eGFP3
8347,17:25:18,0.042,0.547,0,0,eGFP3
8348,17:25:18,0.043,0.603,0,0,eGFP3
8349,17:25:19,0.054,0.559,0,0,eGFP3
8350,17:25:19,0.045,0.462,0,0,eGFP3
8351,17:25:20,0.032,0.405,0,0,eGFP3
8352,17:25:20,0.032,0.460,0,0,eGFP3
8353,17:25:21,0.054,0.856,0,0,eGFP3
8354,17:25:22,0.065,0.581,0,0,eGFP3
8355,17:25:22,0.054,0.646,0,0,eGFP3
8356,17:25:23,0.078,0.704,0,0,eGFP3
8357,17:25:23,0.054,0.559,0,0,eGFP3
8358,17:25:24,0.057,0.671,0,0,eGFP3
8359,17:25:25,0.044,0.527,0,0,eGFP3
8360,17:25:25,0.049,0.466,0,0,eGFP3
8361,17:25:26,0.042,0.514,0,0,eGFP3
8362,17:25:26,0.052,0.622,0,0,eGFP3
8363,17:25:27,0.064,0.568,0,0,eGFP3
8364,17:25:27,0.042,0.514,0,0,eGFP3
8365,17:25:28,0.052,0.513,0,0,eGFP3
8366,17:25:28,0.043,0.504,0,0,eGFP3
8367,17:25:29,0.041,0.480,0,0,eGFP3
8368,17:25:29,0.042,0.492,0,0,eGFP3
8369,17:25:30,0.041,0.557,0,0,eGFP3
8370,17:25:30,0.054,0.592,0,0,eGFP3
8371,17:25:31,0.052,0.787,0,0,eGFP3
8372,17:25:32,0.086,0.711,0,0,eGFP3
8373,17:25:33,0.053,0.624,0,0,eGFP3
8374,17:25:33,0.087,0.756,0,0,eGFP3
8375,17:25:34,0.042,0.481,0,0,eGFP3
8376,17:25:36,0.041,1.699,0,0,eGFP3
8377,17:25:36,0.085,0.700,0,0,eGFP3
8378,17:25:37,0.052,0.524,0,0,eGFP3
8379,17:25:37,0.042,0.481,0,0,eGFP3
8380,17:25:38,0.042,0.459,0,0,eGFP3
8381,17:25:38,0.031,0.415,0,0,eGFP3
8382,17:25:39,0.033,0.439,0,0,eGFP3
8383,17:25:39,0.042,0.514,0,0,eGFP3
8384,17:25:40,0.043,0.526,0,0,eGFP3
8385,17:25:40,0.053,0.514,0,0,eGFP3
8386,17:25:41,0.042,0.503,0,0,eGFP3
8387,17:25:41,0.042,0.569,0,0,eGFP3
8388,17:25:42,0.053,0.580,0,0,eGFP3
8389,17:25:42,0.042,0.536,0,0,eGFP3
8390,17:25:43,0.055,0.527,0,0,eGFP3
8391,17:25:43,0.042,0.525,0,0,eGFP3
8392,17:25:44,0.053,0.678,0,0,eGFP3
8393,17:25:45,0.054,0.548,0,0,eGFP3
8394,17:25:45,0.053,0.481,0,0,eGFP3
8395,17:25:45,0.031,0.416,0,0,eGFP3
8396,17:25:46,0.042,0.437,0,0,eGFP3
8397,17:25:47,0.044,0.835,0,0,eGFP3
8398,17:25:47,0.086,0.678,0,0,eGFP3
8399,17:25:48,0.045,0.605,0,0,eGFP3
8400,17:25:49,0.086,0.711,0,0,eGFP3
8401,17:25:49,0.043,0.493,0,0,eGFP3
8402,17:25:50,0.043,0.547,0,0,eGFP3
8403,17:25:50,0.054,0.526,0,0,eGFP3
8404,17:25:51,0.043,0.427,0,0,eGFP3
8405,17:25:51,0.043,0.427,0,0,eGFP3
8406,17:25:52,0.042,0.591,0,0,eGFP3
8407,17:25:53,0.067,0.890,0,0,eGFP3
8408,17:25:53,0.065,0.570,0,0,eGFP3
8409,17:25:54,0.053,0.481,0,0,eGFP3
8410,17:25:54,0.043,0.438,0,0,eGFP3
8411,17:25:55,0.034,0.594,0,0,eGFP3
8412,17:25:55,0.076,0.723,0,0,eGFP3
8413,17:25:56,0.054,0.515,0,0,eGFP3
8414,17:25:56,0.032,0.515,0,0,eGFP3
8415,17:25:57,0.045,0.737,0,0,eGFP3
8416,17:25:58,0.065,0.624,0,0,eGFP3
8417,17:25:58,0.044,0.504,0,0,eGFP3
8418,17:25:59,0.044,0.461,0,0,eGFP3
8419,17:25:59,0.032,0.449,0,0,eGFP3
8420,17:26:00,0.043,0.570,0,0,eGFP3
8421,17:26:00,0.065,0.658,0,0,eGFP3
8422,17:26:01,0.043,0.614,0,0,eGFP3
8423,17:26:02,0.067,0.858,0,0,eGFP3
8424,17:26:03,0.059,0.608,0,0,eGFP3
8425,17:26:04,0.065,1.085,0,0,eGFP3
8426,17:26:04,0.063,0.601,0,0,eGFP3
8427,17:26:05,0.052,0.579,0,0,eGFP3
8428,17:26:05,0.052,0.546,0,0,eGFP3
8429,17:26:06,0.042,0.524,0,0,eGFP3
8430,17:26:06,0.053,0.514,0,0,eGFP3
8431,17:26:07,0.054,0.580,0,0,eGFP3
8432,17:26:07,0.053,0.525,0,0,eGFP3
8433,17:26:08,0.041,0.480,0,0,eGFP3
8434,17:26:09,0.042,0.590,0,0,eGFP3
8435,17:26:09,0.053,0.525,0,0,eGFP3
8436,17:26:10,0.041,0.502,0,0,eGFP3
8437,17:26:10,0.053,0.766,0,0,eGFP3
8438,17:26:11,0.053,0.569,0,0,eGFP3
8439,17:26:11,0.045,0.516,0,0,eGFP3
8440,17:26:12,0.053,0.492,0,0,eGFP3
8441,17:26:13,0.042,0.711,0,0,eGFP3
8442,17:26:13,0.075,0.646,0,0,eGFP3
8443,17:26:14,0.041,0.480,0,0,eGFP3
8444,17:26:15,0.053,0.821,0,0,eGFP3
8445,17:26:15,0.086,0.668,0,0,eGFP3
8446,17:26:16,0.042,0.481,0,0,eGFP3
8447,17:26:16,0.044,0.472,0,0,eGFP3
8448,17:26:17,0.042,0.635,0,0,eGFP3
8449,17:26:18,0.064,0.700,0,0,eGFP3
8450,17:26:18,0.053,0.580,0,0,eGFP3
8451,17:26:19,0.075,0.635,0,0,eGFP3
8452,17:26:19,0.053,0.591,0,0,eGFP3
8453,17:26:20,0.055,0.713,0,0,eGFP3
8454,17:26:21,0.053,0.536,0,0,eGFP3
8455,17:26:21,0.044,0.593,0,0,eGFP3
8456,17:26:22,0.064,0.690,0,0,eGFP3
8457,17:26:22,0.053,0.591,0,0,eGFP3
8458,17:26:23,0.076,0.866,0,0,eGFP3
8459,17:26:24,0.053,0.547,0,0,eGFP3
8460,17:26:24,0.043,0.460,0,0,eGFP3
8461,17:26:25,0.042,0.536,0,0,eGFP3
8462,17:26:26,0.065,0.767,0,0,eGFP3
8463,17:26:26,0.065,0.613,0,0,eGFP3
8464,17:26:27,0.045,0.517,0,0,eGFP3
8465,17:26:27,0.043,0.493,0,0,eGFP3
8466,17:26:28,0.042,1.107,0,0,eGFP3
8467,17:26:29,0.078,0.626,0,0,eGFP3
8468,17:26:30,0.054,0.548,0,0,eGFP3
8469,17:26:30,0.054,0.537,0,0,eGFP3
8470,17:26:31,0.054,0.536,0,0,eGFP3
8471,17:26:31,0.043,0.537,0,0,eGFP3
8472,17:26:32,0.045,0.572,0,0,eGFP3
8473,17:26:32,0.054,0.559,0,0,eGFP3
8474,17:26:33,0.053,0.558,0,0,eGFP3
8475,17:26:33,0.043,0.460,0,0,eGFP3
8476,17:26:34,0.044,0.439,0,0,eGFP3
8477,17:26:34,0.054,0.679,0,0,eGFP3
8478,17:26:35,0.065,0.625,0,0,eGFP3
8479,17:26:36,0.043,0.537,0,0,eGFP3
8480,17:26:36,0.047,0.508,0,0,eGFP3
8481,17:26:37,0.054,0.493,0,0,eGFP3
8482,17:26:37,0.044,0.461,0,0,eGFP3
8483,17:26:37,0.032,0.438,0,0,eGFP3
8484,17:26:38,0.044,0.439,0,0,eGFP3
8485,17:26:39,0.043,0.647,0,0,eGFP3
8486,17:26:40,0.098,1.207,0,0,eGFP3
8487,17:26:42,1.125,2.102,0,0,eGFP3
8488,17:26:43,0.053,0.635,0,0,eGFP3
8489,17:26:43,0.063,0.612,0,0,eGFP3
8490,17:26:44,0.052,0.623,0,0,eGFP3
8491,17:26:44,0.052,0.568,0,0,eGFP3
8492,17:26:45,0.053,0.524,0,0,eGFP3
8493,17:26:45,0.053,0.634,0,0,eGFP3
8494,17:26:46,0.054,0.614,0,0,eGFP3
8495,17:26:47,0.042,0.492,0,0,eGFP3
8496,17:26:47,0.043,0.449,0,0,eGFP3
8497,17:26:47,0.042,0.415,0,0,eGFP3
8498,17:26:48,0.030,0.546,0,0,eGFP3
8499,17:26:49,0.075,0.898,0,0,eGFP3
8500,17:26:49,0.063,0.546,0,0,eGFP3
8501,17:26:50,0.042,0.492,0,0,eGFP3
8502,17:26:50,0.042,0.437,0,0,eGFP3
8503,17:26:51,0.031,0.393,0,0,eGFP3
8504,17:26:51,0.043,0.471,0,0,eGFP3
8505,17:26:52,0.053,0.766,0,0,eGFP3
8506,17:26:53,0.064,0.591,0,0,eGFP3
8507,17:26:53,0.042,0.503,0,0,eGFP3
8508,17:26:54,0.033,0.472,0,0,eGFP3
8509,17:26:54,0.031,0.437,0,0,eGFP3
8510,17:26:55,0.042,0.568,0,0,eGFP3
8511,17:26:56,0.075,1.019,0,0,eGFP3
8512,17:26:56,0.055,0.593,0,0,eGFP3
8513,17:26:57,0.064,0.656,0,0,eGFP3
8514,17:26:57,0.043,0.515,0,0,eGFP3
8515,17:26:58,0.042,0.492,0,0,eGFP3
8516,17:26:59,0.042,0.667,0,0,eGFP3
8517,17:26:59,0.076,0.734,0,0,eGFP3
8518,17:27:00,0.042,0.525,0,0,eGFP3
8519,17:27:00,0.054,0.679,0,0,eGFP3
8520,17:27:01,0.066,0.582,0,0,eGFP3
8521,17:27:02,0.043,0.493,0,0,eGFP3
8522,17:27:02,0.055,0.505,0,0,eGFP3
8523,17:27:03,0.042,0.591,0,0,eGFP3
8524,17:27:03,0.053,0.580,0,0,eGFP3
8525,17:27:04,0.043,0.657,0,0,eGFP3
8526,17:27:05,0.065,0.734,0,0,eGFP3
8527,17:27:05,0.065,0.591,0,0,eGFP3
8528,17:27:06,0.043,0.493,0,0,eGFP3
8529,17:27:06,0.034,0.451,0,0,eGFP3
8530,17:27:07,0.042,0.470,0,0,eGFP3
8531,17:27:07,0.065,0.789,0,0,eGFP3
8532,17:27:08,0.065,0.592,0,0,eGFP3
8533,17:27:09,0.054,0.548,0,0,eGFP3
8534,17:27:10,0.065,1.382,0,0,eGFP3
8535,17:27:11,0.098,0.789,0,0,eGFP3
8536,17:27:11,0.056,0.682,0,0,eGFP3
8537,17:27:12,0.067,0.703,0,0,eGFP3
8538,17:27:13,0.054,0.614,0,0,eGFP3
8539,17:27:13,0.054,0.548,0,0,eGFP3
8540,17:27:14,0.043,0.482,0,0,eGFP3
8541,17:27:14,0.032,0.449,0,0,eGFP3
8542,17:27:15,0.033,0.439,0,0,eGFP3
8543,17:27:16,0.043,0.921,0,0,eGFP3
8544,17:27:17,0.153,1.009,0,0,eGFP3
8545,17:27:17,0.056,0.649,0,0,eGFP3
8546,17:27:18,0.054,0.713,0,0,eGFP3
8547,17:27:19,0.076,0.702,0,0,eGFP3
8548,17:27:19,0.065,0.735,0,0,eGFP3
8549,17:27:20,0.098,1.064,0,0,eGFP3
8550,17:27:23,0.089,2.525,0,0,eGFP3
8551,17:27:24,0.060,0.598,0,0,eGFP3
8552,17:27:24,0.052,0.524,0,0,eGFP3
8553,17:27:25,0.054,0.592,0,0,eGFP3
8554,17:27:25,0.074,0.700,0,0,eGFP3
8555,17:27:26,0.052,0.502,0,0,eGFP3
8556,17:27:26,0.031,0.448,0,0,eGFP3
8557,17:27:27,0.041,0.458,0,0,eGFP3
8558,17:27:27,0.042,0.481,0,0,eGFP3
8559,17:27:28,0.052,0.535,0,0,eGFP3
8560,17:27:28,0.053,0.492,0,0,eGFP3
8561,17:27:29,0.054,0.570,0,0,eGFP3
8562,17:27:29,0.052,0.557,0,0,eGFP3
8563,17:27:30,0.042,0.459,0,0,eGFP3
8564,17:27:30,0.040,0.457,0,0,eGFP3
8565,17:27:31,0.042,0.635,0,0,eGFP3
8566,17:27:32,0.064,0.591,0,0,eGFP3
8567,17:27:32,0.052,0.469,0,0,eGFP3
8568,17:27:32,0.031,0.492,0,0,eGFP3
8569,17:27:33,0.055,0.593,0,0,eGFP3
8570,17:27:34,0.042,0.536,0,0,eGFP3
8571,17:27:34,0.042,0.491,0,0,eGFP3
8572,17:27:35,0.043,0.417,0,0,eGFP3
8573,17:27:35,0.031,0.415,0,0,eGFP3
8574,17:27:36,0.042,0.602,0,0,eGFP3
8575,17:27:36,0.075,0.722,0,0,eGFP3
8576,17:27:37,0.053,0.558,0,0,eGFP3
8577,17:27:37,0.046,0.485,0,0,eGFP3
8578,17:27:38,0.042,0.470,0,0,eGFP3
8579,17:27:39,0.064,0.777,0,0,eGFP3
8580,17:27:39,0.065,0.602,0,0,eGFP3
8581,17:27:40,0.054,0.548,0,0,eGFP3
8582,17:27:40,0.042,0.492,0,0,eGFP3
8583,17:27:41,0.053,0.624,0,0,eGFP3
8584,17:27:41,0.075,0.668,0,0,eGFP3
8585,17:27:42,0.053,0.481,0,0,eGFP3
8586,17:27:42,0.031,0.448,0,0,eGFP3
8587,17:27:43,0.042,0.624,0,0,eGFP3
8588,17:27:44,0.086,0.800,0,0,eGFP3
8589,17:27:44,0.053,0.525,0,0,eGFP3
8590,17:27:45,0.054,0.603,0,0,eGFP3
8591,17:27:46,0.055,1.185,0,0,eGFP3
8592,17:27:47,0.076,0.658,0,0,eGFP3
8593,17:27:47,0.053,0.558,0,0,eGFP3
8594,17:27:48,0.045,0.495,0,0,eGFP3
8595,17:27:49,0.043,0.756,0,0,eGFP3
8596,17:27:50,0.109,1.151,0,0,eGFP3
8597,17:27:50,0.076,0.724,0,0,eGFP3
8598,17:27:51,0.054,0.580,0,0,eGFP3
8599,17:27:52,0.044,0.559,0,0,eGFP3
8600,17:27:52,0.054,0.636,0,0,eGFP3
8601,17:27:53,0.054,0.548,0,0,eGFP3
8602,17:27:53,0.045,0.517,0,0,eGFP3
8603,17:27:54,0.054,0.679,0,0,eGFP3
8604,17:27:55,0.087,0.801,0,0,eGFP3
8605,17:27:55,0.056,0.605,0,0,eGFP3
8606,17:27:56,0.043,0.504,0,0,eGFP3
8607,17:27:56,0.043,0.515,0,0,eGFP3
8608,17:27:57,0.076,0.789,0,0,eGFP3
8609,17:27:58,0.066,0.581,0,0,eGFP3
8610,17:27:58,0.046,0.485,0,0,eGFP3
8611,17:27:59,0.043,0.570,0,0,eGFP3
8612,17:28:00,0.065,0.713,0,0,eGFP3
8613,17:28:00,0.076,0.647,0,0,eGFP3
8614,17:28:01,0.049,0.477,0,0,eGFP3
8615,17:28:01,0.042,0.437,0,0,eGFP3
8616,17:28:02,0.041,0.535,0,0,eGFP3
8617,17:28:02,0.052,0.765,0,0,eGFP3
8618,17:28:03,0.076,0.614,0,0,eGFP3
8619,17:28:04,0.043,0.493,0,0,eGFP3
8620,17:28:04,0.041,0.436,0,0,eGFP3
8621,17:28:04,0.031,0.415,0,0,eGFP3
8622,17:28:08,0.041,3.235,0,0,eGFP3
8623,17:28:09,0.173,1.117,0,0,eGFP3
8624,17:28:09,0.074,0.678,0,0,eGFP3
8625,17:28:10,0.064,0.601,0,0,eGFP3
8626,17:28:11,0.055,0.538,0,0,eGFP3
8627,17:28:11,0.041,0.480,0,0,eGFP3
8628,17:28:12,0.042,0.547,0,0,eGFP3
8629,17:28:12,0.041,0.524,0,0,eGFP3
8630,17:28:13,0.053,0.481,0,0,eGFP3
8631,17:28:13,0.042,0.470,0,0,eGFP3
8632,17:28:14,0.053,0.525,0,0,eGFP3
8633,17:28:14,0.043,0.515,0,0,eGFP3
8634,17:28:15,0.044,0.559,0,0,eGFP3
8635,17:28:15,0.042,0.470,0,0,eGFP3
8636,17:28:16,0.042,0.470,0,0,eGFP3
8637,17:28:16,0.053,0.767,0,0,eGFP3
8638,17:28:17,0.053,0.547,0,0,eGFP3
8639,17:28:17,0.042,0.448,0,0,eGFP3
8640,17:28:18,0.031,0.404,0,0,eGFP3
8641,17:28:18,0.042,0.415,0,0,eGFP3
8642,17:28:19,0.033,0.538,0,0,eGFP3
8643,17:28:20,0.064,0.887,0,0,eGFP3
8644,17:28:20,0.065,0.602,0,0,eGFP3
8645,17:28:21,0.054,0.482,0,0,eGFP3
8646,17:28:21,0.031,0.426,0,0,eGFP3
8647,17:28:22,0.033,0.516,0,0,eGFP3
8648,17:28:23,0.076,0.932,0,0,eGFP3
8649,17:28:23,0.064,0.558,0,0,eGFP3
8650,17:28:24,0.042,0.470,0,0,eGFP3
8651,17:28:24,0.034,0.462,0,0,eGFP3
8652,17:28:25,0.042,0.591,0,0,eGFP3
8653,17:28:25,0.064,0.800,0,0,eGFP3
8654,17:28:26,0.053,0.580,0,0,eGFP3
8655,17:28:26,0.043,0.471,0,0,eGFP3
8656,17:28:27,0.042,0.470,0,0,eGFP3
8657,17:28:28,0.054,0.691,0,0,eGFP3
8658,17:28:28,0.064,0.624,0,0,eGFP3
8659,17:28:29,0.034,0.473,0,0,eGFP3
8660,17:28:29,0.055,0.692,0,0,eGFP3
8661,17:28:30,0.076,0.701,0,0,eGFP3
8662,17:28:31,0.052,0.546,0,0,eGFP3
8663,17:28:31,0.052,0.754,0,0,eGFP3
8664,17:28:32,0.064,0.590,0,0,eGFP3
8665,17:28:33,0.042,0.678,0,0,eGFP3
8666,17:28:33,0.085,0.711,0,0,eGFP3
8667,17:28:34,0.043,0.471,0,0,eGFP3
8668,17:28:34,0.041,0.447,0,0,eGFP3
8669,17:28:35,0.053,0.601,0,0,eGFP3
8670,17:28:36,0.064,0.722,0,0,eGFP3
8671,17:28:36,0.064,0.547,0,0,eGFP3
8672,17:28:37,0.041,0.502,0,0,eGFP3
8673,17:28:37,0.042,0.590,0,0,eGFP3
8674,17:28:38,0.044,0.559,0,0,eGFP3
8675,17:28:38,0.044,0.505,0,0,eGFP3
8676,17:28:39,0.052,0.557,0,0,eGFP3
8677,17:28:40,0.053,0.645,0,0,eGFP3
8678,17:28:40,0.075,0.733,0,0,eGFP3
8679,17:28:41,0.053,0.547,0,0,eGFP3
8680,17:28:41,0.052,0.513,0,0,eGFP3
8681,17:28:42,0.042,0.437,0,0,eGFP3
8682,17:28:42,0.042,0.503,0,0,eGFP3
8683,17:28:44,0.066,1.328,0,0,eGFP3
8684,17:28:44,0.075,0.623,0,0,eGFP3
8685,17:28:45,0.053,0.503,0,0,eGFP3
8686,17:28:45,0.042,0.492,0,0,eGFP3
8687,17:28:46,0.042,0.777,0,0,eGFP3
8688,17:28:47,0.088,0.747,0,0,eGFP3
8689,17:28:47,0.053,0.547,0,0,eGFP3
8690,17:28:48,0.064,0.832,0,0,eGFP3
8691,17:28:49,0.088,0.691,0,0,eGFP3
8692,17:28:49,0.043,0.504,0,0,eGFP3
8693,17:28:50,0.053,0.689,0,0,eGFP3
8694,17:28:51,0.065,0.591,0,0,eGFP3
8695,17:28:51,0.054,0.482,0,0,eGFP3
8696,17:28:52,0.042,0.481,0,0,eGFP3
8697,17:28:52,0.053,0.756,0,0,eGFP3
8698,17:28:53,0.064,0.580,0,0,eGFP3
8699,17:28:53,0.044,0.461,0,0,eGFP3
8700,17:28:54,0.032,0.504,0,0,eGFP3
8701,17:28:55,0.064,0.854,0,0,eGFP3
8702,17:28:56,0.078,0.758,0,0,eGFP3
8703,17:28:56,0.054,0.537,0,0,eGFP3
8704,17:28:57,0.053,0.821,0,0,eGFP3
8705,17:28:58,0.065,0.701,0,0,eGFP3
8706,17:28:58,0.054,0.548,0,0,eGFP3
8707,17:28:59,0.045,0.583,0,0,eGFP3
8708,17:29:00,0.053,0.855,0,0,eGFP3
8709,17:29:00,0.086,0.690,0,0,eGFP3
8710,17:29:01,0.054,0.559,0,0,eGFP3
8711,17:29:02,0.064,1.107,0,0,eGFP3
8712,17:29:03,0.076,0.668,0,0,eGFP3
8713,17:29:03,0.054,0.581,0,0,eGFP3
8714,17:29:04,0.054,0.526,0,0,eGFP3
8715,17:29:04,0.043,0.482,0,0,eGFP3
8716,17:29:05,0.036,0.453,0,0,eGFP3
8717,17:29:05,0.032,0.548,0,0,eGFP3
8718,17:29:06,0.065,0.745,0,0,eGFP3
8719,17:29:07,0.066,0.603,0,0,eGFP3
8720,17:29:07,0.043,0.537,0,0,eGFP3
8721,17:29:08,0.043,0.515,0,0,eGFP3
8722,17:29:08,0.044,0.483,0,0,eGFP3
8723,17:29:08,0.043,0.449,0,0,eGFP3
8724,17:29:09,0.045,0.539,0,0,eGFP3
8725,17:29:10,0.065,0.921,0,0,eGFP3
8726,17:29:10,0.059,0.531,0,0,eGFP3
8727,17:29:11,0.041,0.447,0,0,eGFP3
8728,17:29:11,0.031,0.426,0,0,eGFP3
8729,17:29:12,0.030,0.414,0,0,eGFP3
8730,17:29:12,0.043,0.438,0,0,eGFP3
8731,17:29:13,0.041,0.777,0,0,eGFP3
8732,17:29:14,0.086,0.756,0,0,eGFP3
8733,17:29:14,0.063,0.689,0,0,eGFP3
8734,17:29:18,0.085,3.948,0,0,eGFP3
8735,17:29:19,0.063,0.656,0,0,eGFP3
8736,17:29:20,0.063,0.854,0,0,eGFP3
8737,17:29:20,0.063,0.601,0,0,eGFP3
8738,17:29:21,0.041,0.469,0,0,eGFP3
8739,17:29:21,0.042,0.437,0,0,eGFP3
8740,17:29:22,0.043,0.438,0,0,eGFP3
8741,17:29:22,0.042,0.437,0,0,eGFP3
8742,17:29:23,0.031,0.404,0,0,eGFP3
8743,17:29:23,0.032,0.449,0,0,eGFP3
8744,17:29:31,0.053,7.438,0,0,eGFP3
8745,17:29:32,0.163,1.820,0,0,eGFP3
8746,17:29:33,0.086,0.679,0,0,eGFP3
8747,17:29:34,0.053,0.459,0,0,eGFP3
8748,17:29:34,0.043,0.416,0,0,eGFP3
8749,17:29:34,0.043,0.405,0,0,eGFP3
8750,17:29:35,0.031,0.404,0,0,eGFP3
8751,17:29:35,0.031,0.393,0,0,eGFP3
8752,17:29:36,0.031,0.415,0,0,eGFP3
8753,17:29:36,0.042,0.525,0,0,eGFP3
8754,17:29:37,0.042,0.503,0,0,eGFP3
8755,17:29:37,0.043,0.427,0,0,eGFP3
8756,17:29:37,0.044,0.395,0,0,eGFP3
8757,17:29:38,0.044,0.428,0,0,eGFP3
8758,17:29:38,0.053,0.657,0,0,eGFP3
8759,17:29:39,0.053,0.547,0,0,eGFP3
8760,17:29:39,0.042,0.459,0,0,eGFP3
8761,17:29:40,0.032,0.427,0,0,eGFP3
8762,17:29:40,0.031,0.415,0,0,eGFP3
8763,17:29:41,0.043,0.427,0,0,eGFP3
8764,17:29:41,0.044,0.527,0,0,eGFP3
8765,17:29:42,0.053,0.580,0,0,eGFP3
8766,17:29:42,0.054,0.482,0,0,eGFP3
8767,17:29:43,0.042,0.470,0,0,eGFP3
8768,17:29:43,0.032,0.493,0,0,eGFP3
8769,17:29:44,0.042,0.470,0,0,eGFP3
8770,17:29:44,0.043,0.460,0,0,eGFP3
8771,17:29:45,0.034,0.418,0,0,eGFP3
8772,17:29:45,0.044,0.396,0,0,eGFP3
8773,17:29:45,0.042,0.404,0,0,eGFP3
8774,17:29:46,0.043,0.526,0,0,eGFP3
8775,17:29:47,0.054,0.712,0,0,eGFP3
8776,17:29:47,0.054,0.559,0,0,eGFP3
8777,17:29:48,0.043,0.482,0,0,eGFP3
8778,17:29:48,0.032,0.460,0,0,eGFP3
8779,17:29:49,0.043,0.734,0,0,eGFP3
8780,17:29:50,0.065,0.669,0,0,eGFP3
8781,17:29:50,0.038,0.532,0,0,eGFP3
8782,17:29:51,0.054,0.701,0,0,eGFP3
8783,17:29:52,0.076,0.702,0,0,eGFP3
8784,17:29:52,0.054,0.537,0,0,eGFP3
8785,17:29:53,0.034,0.484,0,0,eGFP3
8786,17:29:53,0.043,0.461,0,0,eGFP3
8787,17:29:53,0.043,0.471,0,0,eGFP3
8788,17:29:54,0.054,0.559,0,0,eGFP3
8789,17:29:55,0.050,0.752,0,0,eGFP3
8790,17:29:56,0.086,0.799,0,0,eGFP3
8791,17:29:56,0.052,0.524,0,0,eGFP3
8792,17:29:57,0.052,0.645,0,0,eGFP3
8793,17:29:57,0.063,0.568,0,0,eGFP3
8794,17:29:58,0.042,0.535,0,0,eGFP3
8795,17:29:59,0.053,0.667,0,0,eGFP3
8796,17:29:59,0.075,0.689,0,0,eGFP3
8797,17:30:00,0.054,0.515,0,0,eGFP3
8798,17:30:00,0.042,0.503,0,0,eGFP3
8799,17:30:01,0.032,0.449,0,0,eGFP3
8800,17:30:01,0.042,0.437,0,0,eGFP3
8801,17:30:02,0.041,0.842,0,0,eGFP3
8802,17:30:03,0.108,0.755,0,0,eGFP3
8803,17:30:03,0.053,0.668,0,0,eGFP3
8804,17:30:04,0.085,0.799,0,0,eGFP3
8805,17:30:05,0.054,0.515,0,0,eGFP3
8806,17:30:05,0.053,0.612,0,0,eGFP3
8807,17:30:06,0.086,0.767,0,0,eGFP3
8808,17:30:07,0.053,0.514,0,0,eGFP3
8809,17:30:07,0.041,0.557,0,0,eGFP3
8810,17:30:08,0.064,0.843,0,0,eGFP3
8811,17:30:09,0.064,0.613,0,0,eGFP3
8812,17:30:09,0.053,0.580,0,0,eGFP3
8813,17:30:10,0.045,0.572,0,0,eGFP3
8814,17:30:10,0.064,0.679,0,0,eGFP3
8815,17:30:11,0.053,0.646,0,0,eGFP3
8816,17:30:12,0.053,0.525,0,0,eGFP3
8817,17:30:12,0.042,0.459,0,0,eGFP3
8818,17:30:13,0.042,0.492,0,0,eGFP3
8819,17:30:13,0.042,0.503,0,0,eGFP3
8820,17:30:14,0.042,0.723,0,0,eGFP3
8821,17:30:15,0.110,0.966,0,0,eGFP3
8822,17:30:15,0.064,0.613,0,0,eGFP3
8823,17:30:16,0.042,0.591,0,0,eGFP3
8824,17:30:17,0.053,0.580,0,0,eGFP3
8825,17:30:17,0.053,0.591,0,0,eGFP3
8826,17:30:18,0.045,0.505,0,0,eGFP3
8827,17:30:18,0.032,0.449,0,0,eGFP3
8828,17:30:19,0.032,0.514,0,0,eGFP3
8829,17:30:19,0.067,0.682,0,0,eGFP3
8830,17:30:20,0.054,0.526,0,0,eGFP3
8831,17:30:20,0.042,0.492,0,0,eGFP3
8832,17:30:21,0.043,0.471,0,0,eGFP3
8833,17:30:21,0.043,0.427,0,0,eGFP3
8834,17:30:22,0.043,0.449,0,0,eGFP3
8835,17:30:22,0.032,0.493,0,0,eGFP3
8836,17:30:23,0.053,0.778,0,0,eGFP3
8837,17:30:24,0.056,0.604,0,0,eGFP3
8838,17:30:24,0.054,0.614,0,0,eGFP3
8839,17:30:25,0.054,0.647,0,0,eGFP3
8840,17:30:26,0.056,0.780,0,0,eGFP3
8841,17:30:26,0.054,0.613,0,0,eGFP3
8842,17:30:27,0.055,0.746,0,0,eGFP3
8843,17:30:27,0.065,0.570,0,0,eGFP3
8844,17:30:28,0.054,0.559,0,0,eGFP3
8845,17:30:29,0.065,0.614,0,0,eGFP3
8846,17:30:29,0.045,0.528,0,0,eGFP3
8847,17:30:30,0.043,0.482,0,0,eGFP3
8848,17:30:30,0.043,0.471,0,0,eGFP3
8849,17:30:31,0.043,0.471,0,0,eGFP3
8850,17:30:31,0.044,0.494,0,0,eGFP3
8851,17:30:32,0.032,0.460,0,0,eGFP3
8852,17:30:32,0.039,0.434,0,0,eGFP3
8853,17:30:36,0.052,4.233,0,0,eGFP3
8854,17:30:37,0.110,0.856,0,0,eGFP3
8855,17:30:38,0.064,0.558,0,0,eGFP3
8856,17:30:38,0.041,0.480,0,0,eGFP3
8857,17:30:39,0.041,0.458,0,0,eGFP3
8858,17:30:39,0.042,0.590,0,0,eGFP3
8859,17:30:40,0.064,0.569,0,0,eGFP3
8860,17:30:40,0.041,0.436,0,0,eGFP3
8861,17:30:41,0.031,0.404,0,0,eGFP3
8862,17:30:41,0.043,0.405,0,0,eGFP3
8863,17:30:41,0.042,0.481,0,0,eGFP3
8864,17:30:42,0.052,0.678,0,0,eGFP3
8865,17:30:43,0.041,0.491,0,0,eGFP3
8866,17:30:43,0.042,0.459,0,0,eGFP3
8867,17:30:44,0.041,0.557,0,0,eGFP3
8868,17:30:44,0.044,0.504,0,0,eGFP3
8869,17:30:45,0.042,0.470,0,0,eGFP3
8870,17:30:45,0.044,0.582,0,0,eGFP3
8871,17:30:46,0.052,0.590,0,0,eGFP3
8872,17:30:46,0.042,0.448,0,0,eGFP3
8873,17:30:47,0.042,0.426,0,0,eGFP3
8874,17:30:47,0.042,0.547,0,0,eGFP3
8875,17:30:48,0.064,0.601,0,0,eGFP3
8876,17:30:48,0.042,0.481,0,0,eGFP3
8877,17:30:49,0.042,0.459,0,0,eGFP3
8878,17:30:49,0.044,0.483,0,0,eGFP3
8879,17:30:50,0.042,0.580,0,0,eGFP3
8880,17:30:50,0.053,0.536,0,0,eGFP3
8881,17:30:51,0.042,0.514,0,0,eGFP3
8882,17:30:52,0.048,0.706,0,0,eGFP3
8883,17:30:52,0.064,0.635,0,0,eGFP3
8884,17:30:53,0.042,0.536,0,0,eGFP3
8885,17:30:53,0.053,0.723,0,0,eGFP3
8886,17:30:54,0.077,0.691,0,0,eGFP3
8887,17:30:55,0.043,0.537,0,0,eGFP3
8888,17:30:55,0.053,0.701,0,0,eGFP3
8889,17:30:56,0.053,0.525,0,0,eGFP3
8890,17:30:56,0.043,0.515,0,0,eGFP3
8891,17:30:57,0.053,0.722,0,0,eGFP3
8892,17:30:58,0.065,0.592,0,0,eGFP3
8893,17:30:58,0.043,0.613,0,0,eGFP3
8894,17:30:59,0.056,0.681,0,0,eGFP3
8895,17:31:00,0.054,0.526,0,0,eGFP3
8896,17:31:00,0.055,0.472,0,0,eGFP3
8897,17:31:01,0.043,0.548,0,0,eGFP3
8898,17:31:01,0.054,0.778,0,0,eGFP3
8899,17:31:02,0.054,0.537,0,0,eGFP3
8900,17:31:02,0.032,0.427,0,0,eGFP3
8901,17:31:03,0.043,0.482,0,0,eGFP3
8902,17:31:04,0.067,0.967,0,0,eGFP3
8903,17:31:04,0.054,0.625,0,0,eGFP3
8904,17:31:05,0.043,0.515,0,0,eGFP3
8905,17:31:05,0.043,0.449,0,0,eGFP3
8906,17:31:06,0.032,0.449,0,0,eGFP3
8907,17:31:07,0.044,0.713,0,0,eGFP3
8908,17:31:07,0.109,0.899,0,0,eGFP3
8909,17:31:40,0.057,32.979,0,0,eGFP3
8910,17:31:41,0.065,0.625,0,0,eGFP3
8911,17:31:42,0.056,0.726,0,0,eGFP3
8912,17:31:42,0.065,0.603,0,0,eGFP3
8913,17:31:43,0.044,0.461,0,0,eGFP3
8914,17:31:43,0.043,0.438,0,0,eGFP3
8915,17:31:44,0.039,0.434,0,0,eGFP3
8916,17:31:44,0.042,0.426,0,0,eGFP3
8917,17:31:45,0.030,0.436,0,0,eGFP3
8918,17:31:45,0.042,0.535,0,0,eGFP3
8919,17:31:46,0.054,0.526,0,0,eGFP3
8920,17:31:46,0.042,0.426,0,0,eGFP3
8921,17:31:46,0.041,0.414,0,0,eGFP3
8922,17:31:47,0.042,0.448,0,0,eGFP3
8923,17:31:48,0.043,0.646,0,0,eGFP3
8924,17:31:48,0.053,0.525,0,0,eGFP3
8925,17:31:49,0.042,0.569,0,0,eGFP3
8926,17:31:49,0.074,0.700,0,0,eGFP3
8927,17:31:50,0.043,0.482,0,0,eGFP3
8928,17:31:50,0.042,0.437,0,0,eGFP3
8929,17:31:51,0.052,0.524,0,0,eGFP3
8930,17:31:51,0.042,0.470,0,0,eGFP3
8931,17:31:52,0.042,0.415,0,0,eGFP3
8932,17:31:52,0.042,0.591,0,0,eGFP3
8933,17:31:53,0.064,0.601,0,0,eGFP3
8934,17:31:55,0.053,2.336,0,0,eGFP3
8935,17:31:56,0.066,0.647,0,0,eGFP3
8936,17:31:57,0.053,0.734,0,0,eGFP3
8937,17:31:58,0.110,0.944,0,0,eGFP3
8938,17:31:58,0.064,0.546,0,0,eGFP3
8939,17:31:59,0.043,0.471,0,0,eGFP3
8940,17:31:59,0.042,0.415,0,0,eGFP3
8941,17:31:59,0.042,0.437,0,0,eGFP3
8942,17:32:00,0.042,0.470,0,0,eGFP3
8943,17:32:00,0.044,0.549,0,0,eGFP3
8944,17:32:01,0.075,0.701,0,0,eGFP3
8945,17:32:02,0.053,0.514,0,0,eGFP3
8946,17:32:02,0.043,0.471,0,0,eGFP3
8947,17:32:03,0.031,0.437,0,0,eGFP3
8948,17:32:03,0.042,0.416,0,0,eGFP3
8949,17:32:04,0.042,0.536,0,0,eGFP3
8950,17:32:04,0.054,0.745,0,0,eGFP3
8951,17:32:05,0.079,0.650,0,0,eGFP3
8952,17:32:05,0.042,0.481,0,0,eGFP3
8953,17:32:06,0.032,0.438,0,0,eGFP3
8954,17:32:06,0.043,0.536,0,0,eGFP3
8955,17:32:07,0.054,0.559,0,0,eGFP3
8956,17:32:07,0.042,0.514,0,0,eGFP3
8957,17:32:08,0.032,0.471,0,0,eGFP3
8958,17:32:08,0.043,0.482,0,0,eGFP3
8959,17:32:09,0.045,0.615,0,0,eGFP3
8960,17:32:10,0.065,0.614,0,0,eGFP3
8961,17:32:10,0.054,0.526,0,0,eGFP3
8962,17:32:11,0.043,0.460,0,0,eGFP3
8963,17:32:11,0.043,0.438,0,0,eGFP3
8964,17:32:11,0.043,0.460,0,0,eGFP3
8965,17:32:12,0.045,0.648,0,0,eGFP3
8966,17:32:13,0.087,0.680,0,0,eGFP3
8967,17:32:13,0.056,0.550,0,0,eGFP3
8968,17:32:14,0.043,0.482,0,0,eGFP3
8969,17:32:14,0.043,0.570,0,0,eGFP3
8970,17:32:15,0.054,0.602,0,0,eGFP3
8971,17:32:16,0.055,0.669,0,0,eGFP3
8972,17:32:17,0.077,0.856,0,0,eGFP3
8973,17:32:17,0.087,0.690,0,0,eGFP3
8974,17:32:18,0.044,0.505,0,0,eGFP3
8975,17:32:18,0.043,0.460,0,0,eGFP3
8976,17:32:19,0.046,0.605,0,0,eGFP3
8977,17:32:20,0.099,0.922,0,0,eGFP3
8978,17:32:20,0.054,0.537,0,0,eGFP3
8979,17:32:21,0.039,0.499,0,0,eGFP3
8980,17:32:21,0.053,0.656,0,0,eGFP3
8981,17:32:22,0.064,0.601,0,0,eGFP3
8982,17:32:23,0.053,0.579,0,0,eGFP3
8983,17:32:23,0.064,0.602,0,0,eGFP3
8984,17:32:24,0.043,0.591,0,0,eGFP3
8985,17:32:24,0.053,0.579,0,0,eGFP3
8986,17:32:25,0.053,0.635,0,0,eGFP3
8987,17:32:26,0.063,0.590,0,0,eGFP3
8988,17:32:26,0.042,0.480,0,0,eGFP3
8989,17:32:27,0.042,0.470,0,0,eGFP3
8990,17:32:27,0.053,0.733,0,0,eGFP3
8991,17:32:28,0.064,0.602,0,0,eGFP3
8992,17:32:28,0.044,0.461,0,0,eGFP3
8993,17:32:29,0.042,0.437,0,0,eGFP3
8994,17:32:29,0.042,0.700,0,0,eGFP3
8995,17:32:30,0.086,0.723,0,0,eGFP3
8996,17:32:31,0.053,0.480,0,0,eGFP3
8997,17:32:31,0.031,0.448,0,0,eGFP3
8998,17:32:32,0.042,0.536,0,0,eGFP3
8999,17:32:32,0.064,0.766,0,0,eGFP3
9000,17:32:33,0.055,0.582,0,0,eGFP3
9001,17:32:34,0.042,0.481,0,0,eGFP3
9002,17:32:34,0.042,0.459,0,0,eGFP3
9003,17:32:34,0.042,0.437,0,0,eGFP3
9004,17:32:35,0.031,0.426,0,0,eGFP3
9005,17:32:35,0.042,0.492,0,0,eGFP3
9006,17:32:36,0.055,0.725,0,0,eGFP3
9007,17:32:37,0.053,0.602,0,0,eGFP3
9008,17:32:37,0.055,0.516,0,0,eGFP3
9009,17:32:38,0.042,0.459,0,0,eGFP3
9010,17:32:38,0.043,0.449,0,0,eGFP3
9011,17:32:39,0.042,0.470,0,0,eGFP3
9012,17:32:39,0.042,0.470,0,0,eGFP3
9013,17:32:39,0.043,0.460,0,0,eGFP3
9014,17:32:40,0.031,0.525,0,0,eGFP3
9015,17:32:41,0.065,1.008,0,0,eGFP3
9016,17:32:42,0.089,0.736,0,0,eGFP3
9017,17:32:42,0.054,0.603,0,0,eGFP3
9018,17:32:43,0.075,0.854,0,0,eGFP3
9019,17:32:44,0.065,0.581,0,0,eGFP3
9020,17:32:44,0.055,0.494,0,0,eGFP3
9021,17:32:45,0.032,0.449,0,0,eGFP3
9022,17:32:45,0.043,0.559,0,0,eGFP3
9023,17:32:46,0.064,0.898,0,0,eGFP3
9024,17:32:47,0.089,0.726,0,0,eGFP3
9025,17:32:47,0.053,0.547,0,0,eGFP3
9026,17:32:52,0.054,4.103,0,0,eGFP3
9027,17:32:52,0.120,0.845,0,0,eGFP3
9028,17:32:53,0.065,0.581,0,0,eGFP3
9029,17:32:53,0.043,0.482,0,0,eGFP3
9030,17:32:54,0.043,0.460,0,0,eGFP3
9031,17:32:54,0.043,0.471,0,0,eGFP3
9032,17:32:55,0.045,0.528,0,0,eGFP3
9033,17:32:55,0.054,0.570,0,0,eGFP3
9034,17:32:56,0.056,0.462,0,0,eGFP3
9035,17:32:57,0.044,0.560,0,0,eGFP3
9036,17:32:57,0.054,0.570,0,0,eGFP3
9037,17:32:58,0.043,0.526,0,0,eGFP3
9038,17:32:58,0.043,0.581,0,0,eGFP3
9039,17:32:59,0.054,0.504,0,0,eGFP3
9040,17:32:59,0.033,0.439,0,0,eGFP3
9041,17:33:00,0.045,0.473,0,0,eGFP3
9042,17:33:00,0.039,0.620,0,0,eGFP3
9043,17:33:01,0.052,0.524,0,0,eGFP3
9044,17:33:01,0.042,0.448,0,0,eGFP3
9045,17:33:02,0.041,0.436,0,0,eGFP3
9046,17:33:02,0.041,0.557,0,0,eGFP3
9047,17:33:03,0.074,0.678,0,0,eGFP3
9048,17:33:03,0.054,0.493,0,0,eGFP3
9049,17:33:04,0.054,0.493,0,0,eGFP3
9050,17:33:04,0.030,0.436,0,0,eGFP3
9051,17:33:05,0.042,0.426,0,0,eGFP3
9052,17:33:05,0.042,0.656,0,0,eGFP3
9053,17:33:06,0.086,0.931,0,0,eGFP3
9054,17:33:07,0.053,0.546,0,0,eGFP3
9055,17:33:07,0.053,0.514,0,0,eGFP3
9056,17:33:08,0.031,0.470,0,0,eGFP3
9057,17:33:08,0.043,0.548,0,0,eGFP3
9058,17:33:09,0.053,0.580,0,0,eGFP3
9059,17:33:09,0.052,0.513,0,0,eGFP3
9060,17:33:10,0.042,0.503,0,0,eGFP3
9061,17:33:11,0.053,0.536,0,0,eGFP3
9062,17:33:11,0.044,0.680,0,0,eGFP3
9063,17:33:12,0.075,0.657,0,0,eGFP3
9064,17:33:12,0.053,0.558,0,0,eGFP3
9065,17:33:13,0.054,0.504,0,0,eGFP3
9066,17:33:13,0.042,0.481,0,0,eGFP3
9067,17:33:14,0.043,0.460,0,0,eGFP3
9068,17:33:14,0.042,0.437,0,0,eGFP3
9069,17:33:15,0.042,0.481,0,0,eGFP3
9070,17:33:15,0.042,0.602,0,0,eGFP3
9071,17:33:16,0.075,0.723,0,0,eGFP3
9072,17:33:17,0.064,0.569,0,0,eGFP3
9073,17:33:17,0.044,0.483,0,0,eGFP3
9074,17:33:18,0.054,0.482,0,0,eGFP3
9075,17:33:18,0.044,0.691,0,0,eGFP3
9076,17:33:19,0.076,0.778,0,0,eGFP3
9077,17:33:20,0.042,0.657,0,0,eGFP3
9078,17:33:20,0.065,0.547,0,0,eGFP3
9079,17:33:21,0.043,0.559,0,0,eGFP3
9080,17:33:22,0.064,0.712,0,0,eGFP3
9081,17:33:22,0.055,0.505,0,0,eGFP3
9082,17:33:23,0.043,0.449,0,0,eGFP3
9083,17:33:23,0.043,0.548,0,0,eGFP3
9084,17:33:24,0.053,0.855,0,0,eGFP3
9085,17:33:25,0.075,0.657,0,0,eGFP3
9086,17:33:25,0.043,0.580,0,0,eGFP3
9087,17:33:26,0.054,0.581,0,0,eGFP3
9088,17:33:26,0.054,0.646,0,0,eGFP3
9089,17:33:27,0.058,0.530,0,0,eGFP3
9090,17:33:27,0.043,0.460,0,0,eGFP3
9091,17:33:28,0.032,0.438,0,0,eGFP3
9092,17:33:28,0.043,0.471,0,0,eGFP3
9093,17:33:29,0.043,0.515,0,0,eGFP3
9094,17:33:29,0.054,0.548,0,0,eGFP3
9095,17:33:30,0.054,0.603,0,0,eGFP3
9096,17:33:31,0.065,0.636,0,0,eGFP3
9097,17:33:31,0.065,0.756,0,0,eGFP3
9098,17:33:32,0.053,0.558,0,0,eGFP3
9099,17:33:32,0.043,0.493,0,0,eGFP3
9100,17:33:33,0.055,0.472,0,0,eGFP3
9101,17:33:33,0.032,0.416,0,0,eGFP3
9102,17:33:34,0.033,0.647,0,0,eGFP3
9103,17:33:35,0.144,1.044,0,0,eGFP3
9104,17:33:36,0.055,0.549,0,0,eGFP3
9105,17:33:36,0.054,0.548,0,0,eGFP3
9106,17:33:37,0.038,0.455,0,0,eGFP3
9107,17:33:37,0.042,0.459,0,0,eGFP3
9108,17:33:38,0.052,0.568,0,0,eGFP3
9109,17:33:38,0.052,0.579,0,0,eGFP3
9110,17:33:39,0.052,0.524,0,0,eGFP3
9111,17:33:39,0.052,0.579,0,0,eGFP3
9112,17:33:40,0.064,1.073,0,0,eGFP3
9113,17:33:41,0.086,0.645,0,0,eGFP3
9114,17:33:42,0.043,0.658,0,0,eGFP3
9115,17:33:42,0.074,0.711,0,0,eGFP3
9116,17:33:43,0.052,0.557,0,0,eGFP3
9117,17:33:43,0.054,0.537,0,0,eGFP3
9118,17:33:44,0.053,0.832,0,0,eGFP3
9119,17:33:45,0.053,0.580,0,0,eGFP3
9120,17:33:45,0.052,0.513,0,0,eGFP3
9121,17:33:46,0.042,0.536,0,0,eGFP3
9122,17:33:47,0.055,0.813,0,0,eGFP3
9123,17:33:47,0.063,0.557,0,0,eGFP3
9124,17:33:48,0.053,0.635,0,0,eGFP3
9125,17:33:49,0.064,0.700,0,0,eGFP3
9126,17:33:49,0.053,0.514,0,0,eGFP3
9127,17:33:50,0.042,0.459,0,0,eGFP3
9128,17:33:50,0.031,0.404,0,0,eGFP3
9129,17:33:50,0.042,0.470,0,0,eGFP3
9130,17:33:51,0.044,0.966,0,0,eGFP3
9131,17:33:52,0.066,0.604,0,0,eGFP3
9132,17:33:53,0.053,0.601,0,0,eGFP3
9133,17:33:53,0.054,0.580,0,0,eGFP3
9134,17:33:54,0.043,0.613,0,0,eGFP3
9135,17:33:54,0.054,0.569,0,0,eGFP3
9136,17:33:55,0.054,0.668,0,0,eGFP3
9137,17:33:56,0.053,0.591,0,0,eGFP3
9138,17:33:56,0.044,0.483,0,0,eGFP3
9139,17:33:57,0.043,0.438,0,0,eGFP3
9140,17:33:57,0.042,0.437,0,0,eGFP3
9141,17:33:58,0.043,0.647,0,0,eGFP3
9142,17:33:58,0.075,0.733,0,0,eGFP3
9143,17:33:59,0.054,0.526,0,0,eGFP3
9144,17:33:59,0.042,0.503,0,0,eGFP3
9145,17:34:00,0.045,0.550,0,0,eGFP3
9146,17:34:01,0.055,0.736,0,0,eGFP3
9147,17:34:01,0.064,0.591,0,0,eGFP3
9148,17:34:02,0.054,0.537,0,0,eGFP3
9149,17:34:03,0.053,0.701,0,0,eGFP3
9150,17:34:03,0.087,0.756,0,0,eGFP3
9151,17:34:04,0.043,0.504,0,0,eGFP3
9152,17:34:04,0.054,0.536,0,0,eGFP3
9153,17:34:05,0.043,0.592,0,0,eGFP3
9154,17:34:07,0.064,1.765,0,0,eGFP3
9155,17:34:08,0.195,0.952,0,0,eGFP3
9156,17:34:08,0.052,0.590,0,0,eGFP3
9157,17:34:09,0.063,0.678,0,0,eGFP3
9158,17:34:09,0.041,0.502,0,0,eGFP3
9159,17:34:10,0.051,0.458,0,0,eGFP3
9160,17:34:10,0.052,0.502,0,0,eGFP3
9161,17:34:11,0.052,0.480,0,0,eGFP3
9162,17:34:11,0.042,0.448,0,0,eGFP3
9163,17:34:12,0.043,0.504,0,0,eGFP3
9164,17:34:12,0.052,0.579,0,0,eGFP3
9165,17:34:13,0.053,0.557,0,0,eGFP3
9166,17:34:13,0.042,0.481,0,0,eGFP3
9167,17:34:14,0.042,0.492,0,0,eGFP3
9168,17:34:15,0.063,0.809,0,0,eGFP3
9169,17:34:15,0.053,0.547,0,0,eGFP3
9170,17:34:16,0.053,0.612,0,0,eGFP3
9171,17:34:16,0.055,0.559,0,0,eGFP3
9172,17:34:17,0.044,0.450,0,0,eGFP3
9173,17:34:17,0.031,0.459,0,0,eGFP3
9174,17:34:18,0.042,0.536,0,0,eGFP3
9175,17:34:18,0.041,0.480,0,0,eGFP3
9176,17:34:19,0.042,0.426,0,0,eGFP3
9177,17:34:19,0.031,0.437,0,0,eGFP3
9178,17:34:20,0.042,0.448,0,0,eGFP3
9179,17:34:20,0.044,0.450,0,0,eGFP3
9180,17:34:21,0.042,0.448,0,0,eGFP3
9181,17:34:21,0.032,0.427,0,0,eGFP3
9182,17:34:21,0.042,0.470,0,0,eGFP3
9183,17:34:22,0.042,0.591,0,0,eGFP3
9184,17:34:23,0.064,0.646,0,0,eGFP3
9185,17:34:23,0.064,0.568,0,0,eGFP3
9186,17:34:24,0.055,0.549,0,0,eGFP3
9187,17:34:24,0.044,0.505,0,0,eGFP3
9188,17:34:25,0.054,0.558,0,0,eGFP3
9189,17:34:25,0.043,0.526,0,0,eGFP3
9190,17:34:26,0.053,0.767,0,0,eGFP3
9191,17:34:27,0.053,0.624,0,0,eGFP3
9192,17:34:27,0.042,0.514,0,0,eGFP3
9193,17:34:28,0.043,0.635,0,0,eGFP3
9194,17:34:29,0.087,0.877,0,0,eGFP3
9195,17:34:29,0.066,0.571,0,0,eGFP3
9196,17:34:30,0.054,0.669,0,0,eGFP3
9197,17:34:31,0.053,0.591,0,0,eGFP3
9198,17:34:31,0.043,0.493,0,0,eGFP3
9199,17:34:32,0.042,0.558,0,0,eGFP3
9200,17:34:32,0.056,0.714,0,0,eGFP3
9201,17:34:33,0.065,0.603,0,0,eGFP3
9202,17:34:34,0.043,0.614,0,0,eGFP3
9203,17:34:34,0.044,0.527,0,0,eGFP3
9204,17:34:35,0.043,0.471,0,0,eGFP3
9205,17:34:35,0.043,0.482,0,0,eGFP3
9206,17:34:36,0.043,0.646,0,0,eGFP3
9207,17:34:36,0.065,0.713,0,0,eGFP3
9208,17:34:37,0.054,0.614,0,0,eGFP3
9209,17:34:38,0.054,0.646,0,0,eGFP3
9210,17:34:38,0.054,0.614,0,0,eGFP3
9211,17:34:39,0.045,0.791,0,0,eGFP3
9212,17:34:40,0.077,0.625,0,0,eGFP3
9213,17:34:40,0.055,0.504,0,0,eGFP3
9214,17:34:41,0.046,0.572,0,0,eGFP3
9215,17:37:34,0.077,173.148,0,0,eGFP3
9216,17:37:35,0.055,0.581,0,0,eGFP3
9217,17:37:35,0.050,0.467,0,0,eGFP3
9218,17:37:36,0.052,0.568,0,0,eGFP3
9219,17:37:36,0.053,0.745,0,0,eGFP3
9220,17:37:37,0.052,0.502,0,0,eGFP3
9221,17:37:37,0.042,0.437,0,0,eGFP3
9222,17:37:38,0.041,0.491,0,0,eGFP3
9223,17:37:38,0.063,0.623,0,0,eGFP3
9224,17:37:39,0.041,0.469,0,0,eGFP3
9225,17:37:39,0.042,0.448,0,0,eGFP3
9226,17:37:40,0.042,0.524,0,0,eGFP3
9227,17:37:41,0.053,0.700,0,0,eGFP3
9228,17:37:41,0.056,0.550,0,0,eGFP3
9229,17:37:42,0.053,0.623,0,0,eGFP3
9230,17:37:42,0.053,0.525,0,0,eGFP3
9231,17:37:43,0.041,0.458,0,0,eGFP3
9232,17:37:43,0.042,0.481,0,0,eGFP3
9233,17:37:44,0.064,0.711,0,0,eGFP3
9234,17:37:44,0.053,0.514,0,0,eGFP3
9235,17:37:45,0.042,0.459,0,0,eGFP3
9236,17:37:45,0.044,0.494,0,0,eGFP3
9237,17:37:46,0.042,0.470,0,0,eGFP3
9238,17:37:46,0.030,0.437,0,0,eGFP3
9239,17:37:47,0.052,0.843,0,0,eGFP3
9240,17:37:48,0.107,0.920,0,0,eGFP3
9241,17:37:49,0.054,0.581,0,0,eGFP3
9242,17:37:50,0.064,1.227,0,0,eGFP3
9243,17:37:50,0.064,0.624,0,0,eGFP3
9244,17:37:52,0.044,1.087,0,0,eGFP3
9245,17:37:52,0.119,0.766,0,0,eGFP3
9246,17:37:53,0.042,0.602,0,0,eGFP3
9247,17:37:54,0.064,1.162,0,0,eGFP3
9248,17:37:55,0.097,0.833,0,0,eGFP3
9249,17:37:58,0.075,3.192,0,0,eGFP3
9250,17:37:59,0.064,0.558,0,0,eGFP3
9251,17:37:59,0.053,0.492,0,0,eGFP3
9252,17:38:00,0.034,0.462,0,0,eGFP3
9253,17:38:00,0.042,0.448,0,0,eGFP3
9254,17:38:00,0.042,0.427,0,0,eGFP3
9255,17:38:01,0.033,0.428,0,0,eGFP3
9256,17:38:01,0.043,0.493,0,0,eGFP3
9257,17:38:02,0.042,0.437,0,0,eGFP3
9258,17:38:02,0.043,0.449,0,0,eGFP3
9259,17:38:03,0.054,0.624,0,0,eGFP3
9260,17:38:03,0.056,0.517,0,0,eGFP3
9261,17:38:04,0.043,0.438,0,0,eGFP3
9262,17:38:04,0.042,0.470,0,0,eGFP3
9263,17:38:05,0.054,0.471,0,0,eGFP3
9264,17:38:05,0.043,0.416,0,0,eGFP3
9265,17:38:06,0.043,0.416,0,0,eGFP3
9266,17:38:06,0.043,0.449,0,0,eGFP3
9267,17:38:07,0.032,0.449,0,0,eGFP3
9268,17:38:07,0.045,0.451,0,0,eGFP3
9269,17:38:07,0.034,0.440,0,0,eGFP3
9270,17:38:08,0.032,0.438,0,0,eGFP3
9271,17:38:09,0.054,1.064,0,0,eGFP3
9272,17:38:10,0.109,0.833,0,0,eGFP3
9273,17:38:12,0.065,1.942,0,0,eGFP3
9274,17:38:12,0.076,0.625,0,0,eGFP3
9275,17:38:13,0.032,0.460,0,0,eGFP3
9276,17:38:13,0.045,0.451,0,0,eGFP3
9277,17:38:14,0.043,0.449,0,0,eGFP3
9278,17:38:14,0.033,0.450,0,0,eGFP3
9279,17:38:15,0.043,0.449,0,0,eGFP3
9280,17:38:15,0.033,0.439,0,0,eGFP3
9281,17:38:16,0.037,0.761,0,0,eGFP3
9282,17:38:17,0.107,0.985,0,0,eGFP3
9283,17:38:18,0.065,0.778,0,0,eGFP3
9284,17:38:18,0.076,0.921,0,0,eGFP3
9285,17:38:19,0.063,0.524,0,0,eGFP3
9286,17:38:19,0.041,0.437,0,0,eGFP3
9287,17:38:20,0.041,0.436,0,0,eGFP3
9288,17:38:20,0.041,0.546,0,0,eGFP3
9289,17:38:21,0.075,0.942,0,0,eGFP3
9290,17:38:22,0.085,0.667,0,0,eGFP3
9291,17:38:23,0.052,0.546,0,0,eGFP3
9292,17:38:23,0.041,0.502,0,0,eGFP3
9293,17:38:24,0.033,1.119,0,0,eGFP3
9294,17:38:25,0.086,0.667,0,0,eGFP3
9295,17:38:25,0.053,0.503,0,0,eGFP3
9296,17:38:26,0.042,0.437,0,0,eGFP3
9297,17:38:26,0.043,0.416,0,0,eGFP3
9298,17:38:27,0.031,0.667,0,0,eGFP3
9299,17:38:28,0.086,0.832,0,0,eGFP3
9300,17:38:28,0.053,0.547,0,0,eGFP3
9301,17:38:29,0.058,0.595,0,0,eGFP3
9302,17:38:29,0.042,0.470,0,0,eGFP3
9303,17:38:30,0.031,0.624,0,0,eGFP3
9304,17:38:31,0.086,0.920,0,0,eGFP3
9305,17:38:31,0.053,0.525,0,0,eGFP3
9306,17:38:32,0.042,0.437,0,0,eGFP3
9307,17:38:32,0.031,0.426,0,0,eGFP3
9308,17:38:33,0.042,0.470,0,0,eGFP3
9309,17:38:33,0.055,0.505,0,0,eGFP3
9310,17:38:34,0.042,0.613,0,0,eGFP3
9311,17:38:34,0.055,0.647,0,0,eGFP3
9312,17:38:36,0.065,1.162,0,0,eGFP3
9313,17:38:36,0.097,0.745,0,0,eGFP3
9314,17:38:37,0.042,0.514,0,0,eGFP3
9315,17:38:37,0.043,0.471,0,0,eGFP3
9316,17:38:38,0.053,0.591,0,0,eGFP3
9317,17:38:38,0.044,0.505,0,0,eGFP3
9318,17:38:39,0.042,0.438,0,0,eGFP3
9319,17:38:39,0.031,0.558,0,0,eGFP3
9320,17:38:40,0.053,0.745,0,0,eGFP3
9321,17:38:41,0.075,0.657,0,0,eGFP3
9322,17:38:41,0.054,0.493,0,0,eGFP3
9323,17:38:42,0.043,0.471,0,0,eGFP3
9324,17:38:42,0.043,0.680,0,0,eGFP3
9325,17:38:44,0.076,1.327,0,0,eGFP3
9326,17:38:45,0.087,0.790,0,0,eGFP3
9327,17:38:45,0.053,0.569,0,0,eGFP3
9328,17:38:46,0.043,0.570,0,0,eGFP3
9329,17:38:47,0.087,0.888,0,0,eGFP3
9330,17:38:47,0.054,0.548,0,0,eGFP3
9331,17:42:25,0.043,217.745,0,0,eGFP3
9332,17:42:26,0.087,1.064,0,0,eGFP3
9333,17:42:45,0.199,19.425,0,0,eGFP3
9334,17:42:47,0.483,1.646,0,0,eGFP3
9335,17:42:48,0.076,0.801,0,0,eGFP3
9336,17:42:49,0.076,1.119,0,0,eGFP3
9337,17:42:51,0.131,1.568,0,0,eGFP3
9338,17:42:52,0.123,0.957,0,0,eGFP3
9339,17:42:52,0.065,0.932,0,0,eGFP3
9340,17:42:53,0.077,0.955,0,0,eGFP3
9341,17:42:54,0.078,1.022,0,0,eGFP3
9342,17:43:18,0.132,23.210,0,0,eGFP3
9343,17:43:29,0.077,11.347,0,0,eGFP3
9344,17:43:30,0.072,0.675,0,0,eGFP3
9345,17:43:30,0.053,0.590,0,0,eGFP3
9346,17:43:31,0.053,0.612,0,0,eGFP3
9347,17:43:31,0.053,0.580,0,0,eGFP3
9348,17:43:32,0.052,0.579,0,0,eGFP3
9349,17:43:33,0.043,0.548,0,0,eGFP3
9350,17:43:33,0.052,0.568,0,0,eGFP3
9351,17:43:40,0.053,6.615,0,0,eGFP3
9352,17:43:41,0.208,1.394,0,0,eGFP3
9353,17:43:42,0.063,0.590,0,0,eGFP3
9354,17:43:42,0.053,0.623,0,0,eGFP3
9355,17:43:43,0.064,0.843,0,0,eGFP3
9356,17:43:44,0.075,0.766,0,0,eGFP3
9357,17:43:45,0.064,0.723,0,0,eGFP3
9358,17:43:47,0.087,2.534,0,0,eGFP3
9359,17:43:48,0.075,0.657,0,0,eGFP3
9360,17:43:48,0.053,0.591,0,0,eGFP3
9361,17:43:49,0.053,0.689,0,0,eGFP3
9362,17:43:50,0.075,0.822,0,0,eGFP3
9363,17:43:51,0.086,0.909,0,0,eGFP3
9364,17:43:52,0.075,0.755,0,0,eGFP3
9365,17:43:52,0.064,0.788,0,0,eGFP3
9366,17:43:53,0.057,0.617,0,0,eGFP3
9367,17:43:54,0.042,0.547,0,0,eGFP3
9368,17:43:54,0.053,0.580,0,0,eGFP3
9369,17:43:55,0.064,0.624,0,0,eGFP3
9370,17:43:55,0.053,0.602,0,0,eGFP3
9371,17:43:56,0.064,0.657,0,0,eGFP3
9372,17:43:57,0.064,0.733,0,0,eGFP3
9373,17:43:58,0.065,0.756,0,0,eGFP3
9374,17:43:58,0.066,0.801,0,0,eGFP3
9375,17:43:59,0.076,0.954,0,0,eGFP3
9376,17:44:01,0.119,1.271,0,0,eGFP3
9377,17:44:02,0.109,1.031,0,0,eGFP3
9378,17:44:03,0.108,1.140,0,0,eGFP3
9379,17:44:04,0.108,1.239,0,0,eGFP3
9380,17:44:05,0.088,0.790,0,0,eGFP3
9381,17:44:05,0.054,0.702,0,0,eGFP3
9382,17:44:06,0.066,0.692,0,0,eGFP3
9383,17:44:07,0.064,0.690,0,0,eGFP3
9384,17:44:08,0.065,0.701,0,0,eGFP3
9385,17:44:08,0.076,0.691,0,0,eGFP3
9386,17:44:09,0.064,0.635,0,0,eGFP3
9387,17:44:10,0.054,0.712,0,0,eGFP3
9388,17:44:10,0.065,0.745,0,0,eGFP3
9389,17:44:11,0.076,0.866,0,0,eGFP3
9390,17:44:12,0.078,0.781,0,0,eGFP3
9391,17:44:13,0.064,0.635,0,0,eGFP3
9392,17:44:13,0.054,0.592,0,0,eGFP3
9393,17:44:14,0.065,0.866,0,0,eGFP3
9394,17:44:15,0.089,0.945,0,0,eGFP3
9395,17:44:16,0.109,1.130,0,0,eGFP3
9396,17:44:17,0.087,0.789,0,0,eGFP3
9397,17:44:18,0.076,0.691,0,0,eGFP3
9398,17:44:18,0.067,0.627,0,0,eGFP3
9399,17:44:19,0.054,0.669,0,0,eGFP3
9400,17:44:20,0.065,0.866,0,0,eGFP3
9401,17:44:20,0.142,0.691,0,0,eGFP3
9402,17:44:23,1.733,2.611,0,0,eGFP3
9403,17:44:24,0.066,0.889,0,0,eGFP3
9404,17:44:25,0.076,0.658,0,0,eGFP3
9405,17:44:25,0.044,0.581,0,0,eGFP3
9406,17:44:26,0.068,0.716,0,0,eGFP3
9407,17:44:27,0.062,0.566,0,0,eGFP3
9408,17:44:27,0.053,0.503,0,0,eGFP3
9409,17:44:28,0.041,0.502,0,0,eGFP3
9410,17:44:28,0.041,0.513,0,0,eGFP3
9411,17:44:29,0.053,0.546,0,0,eGFP3
9412,17:44:29,0.053,0.514,0,0,eGFP3
9413,17:44:30,0.052,0.623,0,0,eGFP3
9414,17:44:30,0.065,0.657,0,0,eGFP3
9415,17:44:31,0.053,0.623,0,0,eGFP3
9416,17:44:32,0.064,0.602,0,0,eGFP3
9417,17:44:32,0.041,0.491,0,0,eGFP3
9418,17:44:33,0.042,0.437,0,0,eGFP3
9419,17:44:33,0.042,0.491,0,0,eGFP3
9420,17:44:34,0.042,0.723,0,0,eGFP3
9421,17:44:34,0.065,0.647,0,0,eGFP3
9422,17:44:35,0.052,0.524,0,0,eGFP3
9423,17:44:36,0.044,0.735,0,0,eGFP3
9424,17:44:37,0.097,0.986,0,0,eGFP3
9425,17:44:37,0.074,0.733,0,0,eGFP3
9426,17:44:38,0.064,0.755,0,0,eGFP3
9427,17:44:39,0.064,0.591,0,0,eGFP3
9428,17:44:41,0.053,2.412,0,0,eGFP3
9429,17:44:45,0.152,3.872,0,0,eGFP3
9430,17:44:46,0.076,0.657,0,0,eGFP3
9431,17:44:46,0.044,0.483,0,0,eGFP3
9432,17:44:47,0.042,0.437,0,0,eGFP3
9433,17:44:47,0.032,0.438,0,0,eGFP3
9434,17:44:48,0.042,0.591,0,0,eGFP3
9435,17:44:48,0.055,0.593,0,0,eGFP3
9436,17:44:49,0.042,0.481,0,0,eGFP3
9437,17:44:49,0.042,0.437,0,0,eGFP3
9438,17:44:50,0.032,0.405,0,0,eGFP3
9439,17:44:50,0.033,0.384,0,0,eGFP3
9440,17:44:50,0.032,0.383,0,0,eGFP3
9441,17:44:51,0.031,0.459,0,0,eGFP3
9442,17:44:51,0.054,0.625,0,0,eGFP3
9443,17:44:52,0.053,0.547,0,0,eGFP3
9444,17:44:52,0.043,0.460,0,0,eGFP3
9445,17:44:53,0.042,0.415,0,0,eGFP3
9446,17:44:53,0.032,0.416,0,0,eGFP3
9447,17:44:54,0.034,0.604,0,0,eGFP3
9448,17:44:54,0.065,0.701,0,0,eGFP3
9449,17:44:55,0.056,0.572,0,0,eGFP3
9450,17:44:56,0.043,0.504,0,0,eGFP3
9451,17:44:56,0.043,0.536,0,0,eGFP3
9452,17:44:57,0.054,0.592,0,0,eGFP3
9453,17:44:57,0.054,0.504,0,0,eGFP3
9454,17:44:58,0.043,0.449,0,0,eGFP3
9455,17:44:58,0.045,0.440,0,0,eGFP3
9456,17:44:59,0.042,0.492,0,0,eGFP3
9457,17:44:59,0.043,0.592,0,0,eGFP3
9458,17:45:00,0.054,0.647,0,0,eGFP3
9459,17:45:01,0.065,0.822,0,0,eGFP3
9460,17:45:01,0.054,0.625,0,0,eGFP3
9461,17:45:02,0.054,0.537,0,0,eGFP3
9462,17:45:02,0.054,0.493,0,0,eGFP3
9463,17:45:03,0.047,0.497,0,0,eGFP3
9464,17:45:03,0.055,0.505,0,0,eGFP3
9465,17:45:04,0.043,0.526,0,0,eGFP3
9466,17:45:04,0.054,0.636,0,0,eGFP3
9467,17:45:05,0.054,0.603,0,0,eGFP3
9468,17:45:06,0.054,0.559,0,0,eGFP3
9469,17:45:06,0.054,0.855,0,0,eGFP3
9470,17:45:07,0.099,0.845,0,0,eGFP3
9471,17:45:08,0.060,0.774,0,0,eGFP3
9472,17:45:09,0.096,1.083,0,0,eGFP3
9473,17:45:11,0.283,1.348,0,0,eGFP3
9474,17:45:12,0.195,0.985,0,0,eGFP3
9475,17:45:36,0.074,24.919,0,0,eGFP3
9476,17:45:37,0.064,0.635,0,0,eGFP3
9477,17:45:38,0.054,0.592,0,0,eGFP3
9478,17:45:38,0.052,0.612,0,0,eGFP3
9479,17:45:39,0.054,0.592,0,0,eGFP3
9480,17:45:40,0.052,0.700,0,0,eGFP3
9481,17:45:40,0.074,0.700,0,0,eGFP3
9482,17:45:41,0.053,0.525,0,0,eGFP3
9483,17:45:41,0.052,0.447,0,0,eGFP3
9484,17:45:42,0.031,0.448,0,0,eGFP3
9485,17:45:42,0.053,0.777,0,0,eGFP3
9486,17:45:43,0.075,0.602,0,0,eGFP3
9487,17:45:44,0.053,0.470,0,0,eGFP3
9488,17:45:44,0.032,0.438,0,0,eGFP3
9489,17:45:45,0.042,0.547,0,0,eGFP3
9490,17:45:45,0.054,0.625,0,0,eGFP3
9491,17:45:46,0.053,0.558,0,0,eGFP3
9492,17:45:46,0.042,0.492,0,0,eGFP3
9493,17:45:47,0.042,0.492,0,0,eGFP3
9494,17:45:47,0.042,0.459,0,0,eGFP3
9495,17:45:48,0.042,0.514,0,0,eGFP3
9496,17:45:48,0.066,0.724,0,0,eGFP3
9497,17:45:49,0.064,0.591,0,0,eGFP3
9498,17:45:49,0.042,0.492,0,0,eGFP3
9499,17:45:50,0.042,0.448,0,0,eGFP3
9500,17:45:51,0.043,0.635,0,0,eGFP3
9501,17:45:52,0.086,1.590,0,0,eGFP3
9502,17:45:53,0.119,0.920,0,0,eGFP3
9503,17:45:54,0.054,0.701,0,0,eGFP3
9504,17:45:55,0.112,0.826,0,0,eGFP3
9505,17:45:56,0.448,1.436,0,0,eGFP3
9506,17:45:57,0.075,0.668,0,0,eGFP3
9507,17:45:57,0.053,0.646,0,0,eGFP3
9508,17:45:58,0.054,0.657,0,0,eGFP3
9509,17:45:59,0.054,0.570,0,0,eGFP3
9510,17:45:59,0.053,0.602,0,0,eGFP3
9511,17:46:00,0.054,0.602,0,0,eGFP3
9512,17:46:00,0.056,0.660,0,0,eGFP3
9513,17:46:01,0.075,0.679,0,0,eGFP3
9514,17:46:02,0.054,0.625,0,0,eGFP3
9515,17:46:02,0.053,0.657,0,0,eGFP3
9516,17:46:03,0.054,0.658,0,0,eGFP3
9517,17:46:04,0.064,0.635,0,0,eGFP3
9518,17:46:04,0.056,0.583,0,0,eGFP3
9519,17:46:05,0.054,0.657,0,0,eGFP3
9520,17:46:06,0.100,1.472,0,0,eGFP3
9521,17:46:08,0.131,1.206,0,0,eGFP3
9522,17:46:32,0.164,24.241,0,0,eGFP3
9523,17:46:33,0.076,0.768,0,0,eGFP3
9524,17:46:41,0.076,8.734,0,0,eGFP3
9525,17:46:42,0.132,0.966,0,0,eGFP3
9526,17:46:43,0.065,0.636,0,0,eGFP3
9527,17:48:41,0.054,118.420,0,0,eGFP3
9528,17:48:42,0.089,0.715,0,0,eGFP3
