events,time,date,date-time,reset,rtc_reset,device_id,stream
1,02:10 PM,04-25-2026,04-25-2026 14:10:41,1,0,eGFP4,WHEEL
2,02:10 PM,04-25-2026,04-25-2026 14:10:41,0,0,eGFP4,WHEEL
3,02:10 PM,04-25-2026,04-25-2026 14:10:41,0,0,eGFP4,WHEEL
4,02:11 PM,04-25-2026,04-25-2026 14:11:01,0,0,eGFP4,WHEEL
5,02:11 PM,04-25-2026,04-25-2026 14:11:01,0,0,eGFP4,WHEEL
6,02:11 PM,04-25-2026,04-25-2026 14:11:01,0,0,eGFP4,WHEEL
7,02:11 PM,04-25-2026,04-25-2026 14:11:01,0,0,eGFP4,WHEEL
8,02:11 PM,04-25-2026,04-25-2026 14:11:03,0,0,eGFP4,WHEEL
9,02:11 PM,04-25-2026,04-25-2026 14:11:04,0,0,eGFP4,WHEEL
10,02:11 PM,04-25-2026,04-25-2026 14:11:05,0,0,eGFP4,WHEEL
11,02:11 PM,04-25-2026,04-25-2026 14:11:05,0,0,eGFP4,WHEEL
12,02:11 PM,04-25-2026,04-25-2026 14:11:05,0,0,eGFP4,WHEEL
13,02:11 PM,04-25-2026,04-25-2026 14:11:05,0,0,eGFP4,WHEEL
14,02:11 PM,04-25-2026,04-25-2026 14:11:05,0,0,eGFP4,WHEEL
15,02:11 PM,04-25-2026,04-25-2026 14:11:06,0,0,eGFP4,WHEEL
16,02:11 PM,04-25-2026,04-25-2026 14:11:06,0,0,eGFP4,WHEEL
17,02:11 PM,04-25-2026,04-25-2026 14:11:06,0,0,eGFP4,WHEEL
18,02:11 PM,04-25-2026,04-25-2026 14:11:06,0,0,eGFP4,WHEEL
19,02:11 PM,04-25-2026,04-25-2026 14:11:07,0,0,eGFP4,WHEEL
20,02:11 PM,04-25-2026,04-25-2026 14:11:08,0,0,eGFP4,WHEEL
21,02:11 PM,04-25-2026,04-25-2026 14:11:08,0,0,eGFP4,WHEEL
22,02:11 PM,04-25-2026,04-25-2026 14:11:09,0,0,eGFP4,WHEEL
23,02:11 PM,04-25-2026,04-25-2026 14:11:13,0,0,eGFP4,WHEEL
24,02:11 PM,04-25-2026,04-25-2026 14:11:14,0,0,eGFP4,WHEEL
25,02:11 PM,04-25-2026,04-25-2026 14:11:15,0,0,eGFP4,WHEEL
26,02:11 PM,04-25-2026,04-25-2026 14:11:17,0,0,eGFP4,WHEEL
27,02:11 PM,04-25-2026,04-25-2026 14:11:18,0,0,eGFP4,WHEEL
28,02:11 PM,04-25-2026,04-25-2026 14:11:23,0,0,eGFP4,WHEEL
29,02:11 PM,04-25-2026,04-25-2026 14:11:25,0,0,eGFP4,WHEEL
30,02:11 PM,04-25-2026,04-25-2026 14:11:25,0,0,eGFP4,WHEEL
31,02:11 PM,04-25-2026,04-25-2026 14:11:28,0,0,eGFP4,WHEEL
32,02:11 PM,04-25-2026,04-25-2026 14:11:42,0,0,eGFP4,WHEEL
33,02:11 PM,04-25-2026,04-25-2026 14:11:43,0,0,eGFP4,WHEEL
34,02:11 PM,04-25-2026,04-25-2026 14:11:44,0,0,eGFP4,WHEEL
35,02:11 PM,04-25-2026,04-25-2026 14:11:44,0,0,eGFP4,WHEEL
36,02:11 PM,04-25-2026,04-25-2026 14:11:45,0,0,eGFP4,WHEEL
37,02:11 PM,04-25-2026,04-25-2026 14:11:45,0,0,eGFP4,WHEEL
38,02:11 PM,04-25-2026,04-25-2026 14:11:46,0,0,eGFP4,WHEEL
39,02:11 PM,04-25-2026,04-25-2026 14:11:47,0,0,eGFP4,WHEEL
40,02:11 PM,04-25-2026,04-25-2026 14:11:47,0,0,eGFP4,WHEEL
41,02:11 PM,04-25-2026,04-25-2026 14:11:48,0,0,eGFP4,WHEEL
42,02:11 PM,04-25-2026,04-25-2026 14:11:49,0,0,eGFP4,WHEEL
43,02:11 PM,04-25-2026,04-25-2026 14:11:49,0,0,eGFP4,WHEEL
44,02:11 PM,04-25-2026,04-25-2026 14:11:50,0,0,eGFP4,WHEEL
45,02:11 PM,04-25-2026,04-25-2026 14:11:50,0,0,eGFP4,WHEEL
46,02:11 PM,04-25-2026,04-25-2026 14:11:51,0,0,eGFP4,WHEEL
47,02:11 PM,04-25-2026,04-25-2026 14:11:52,0,0,eGFP4,WHEEL
48,02:11 PM,04-25-2026,04-25-2026 14:11:52,0,0,eGFP4,WHEEL
49,02:11 PM,04-25-2026,04-25-2026 14:11:53,0,0,eGFP4,WHEEL
50,02:11 PM,04-25-2026,04-25-2026 14:11:53,0,0,eGFP4,WHEEL
51,02:11 PM,04-25-2026,04-25-2026 14:11:54,0,0,eGFP4,WHEEL
52,02:11 PM,04-25-2026,04-25-2026 14:11:54,0,0,eGFP4,WHEEL
53,02:11 PM,04-25-2026,04-25-2026 14:11:55,0,0,eGFP4,WHEEL
54,02:11 PM,04-25-2026,04-25-2026 14:11:56,0,0,eGFP4,WHEEL
55,02:11 PM,04-25-2026,04-25-2026 14:11:58,0,0,eGFP4,WHEEL
56,02:11 PM,04-25-2026,04-25-2026 14:11:59,0,0,eGFP4,WHEEL
57,02:12 PM,04-25-2026,04-25-2026 14:12:00,0,0,eGFP4,WHEEL
58,02:12 PM,04-25-2026,04-25-2026 14:12:00,0,0,eGFP4,WHEEL
59,02:12 PM,04-25-2026,04-25-2026 14:12:03,0,0,eGFP4,WHEEL
60,02:12 PM,04-25-2026,04-25-2026 14:12:20,0,0,eGFP4,WHEEL
61,02:12 PM,04-25-2026,04-25-2026 14:12:20,0,0,eGFP4,WHEEL
62,02:12 PM,04-25-2026,04-25-2026 14:12:21,0,0,eGFP4,WHEEL
63,02:12 PM,04-25-2026,04-25-2026 14:12:21,0,0,eGFP4,WHEEL
64,02:12 PM,04-25-2026,04-25-2026 14:12:22,0,0,eGFP4,WHEEL
65,02:12 PM,04-25-2026,04-25-2026 14:12:22,0,0,eGFP4,WHEEL
66,02:12 PM,04-25-2026,04-25-2026 14:12:23,0,0,eGFP4,WHEEL
67,02:12 PM,04-25-2026,04-25-2026 14:12:23,0,0,eGFP4,WHEEL
68,02:12 PM,04-25-2026,04-25-2026 14:12:24,0,0,eGFP4,WHEEL
69,02:12 PM,04-25-2026,04-25-2026 14:12:24,0,0,eGFP4,WHEEL
70,02:12 PM,04-25-2026,04-25-2026 14:12:25,0,0,eGFP4,WHEEL
71,02:12 PM,04-25-2026,04-25-2026 14:12:25,0,0,eGFP4,WHEEL
72,02:12 PM,04-25-2026,04-25-2026 14:12:26,0,0,eGFP4,WHEEL
73,02:12 PM,04-25-2026,04-25-2026 14:12:27,0,0,eGFP4,WHEEL
74,02:12 PM,04-25-2026,04-25-2026 14:12:27,0,0,eGFP4,WHEEL
75,02:12 PM,04-25-2026,04-25-2026 14:12:28,0,0,eGFP4,WHEEL
76,02:12 PM,04-25-2026,04-25-2026 14:12:28,0,0,eGFP4,WHEEL
77,02:12 PM,04-25-2026,04-25-2026 14:12:29,0,0,eGFP4,WHEEL
78,02:12 PM,04-25-2026,04-25-2026 14:12:30,0,0,eGFP4,WHEEL
79,02:12 PM,04-25-2026,04-25-2026 14:12:30,0,0,eGFP4,WHEEL
80,02:12 PM,04-25-2026,04-25-2026 14:12:31,0,0,eGFP4,WHEEL
81,02:12 PM,04-25-2026,04-25-2026 14:12:32,0,0,eGFP4,WHEEL
82,02:12 PM,04-25-2026,04-25-2026 14:12:32,0,0,eGFP4,WHEEL
83,02:12 PM,04-25-2026,04-25-2026 14:12:33,0,0,eGFP4,WHEEL
84,02:12 PM,04-25-2026,04-25-2026 14:12:33,0,0,eGFP4,WHEEL
85,02:12 PM,04-25-2026,04-25-2026 14:12:34,0,0,eGFP4,WHEEL
86,02:12 PM,04-25-2026,04-25-2026 14:12:34,0,0,eGFP4,WHEEL
87,02:12 PM,04-25-2026,04-25-2026 14:12:35,0,0,eGFP4,WHEEL
88,02:12 PM,04-25-2026,04-25-2026 14:12:35,0,0,eGFP4,WHEEL
89,02:12 PM,04-25-2026,04-25-2026 14:12:36,0,0,eGFP4,WHEEL
90,02:12 PM,04-25-2026,04-25-2026 14:12:37,0,0,eGFP4,WHEEL
91,02:12 PM,04-25-2026,04-25-2026 14:12:37,0,0,eGFP4,WHEEL
92,02:12 PM,04-25-2026,04-25-2026 14:12:38,0,0,eGFP4,WHEEL
93,02:12 PM,04-25-2026,04-25-2026 14:12:38,0,0,eGFP4,WHEEL
94,02:12 PM,04-25-2026,04-25-2026 14:12:39,0,0,eGFP4,WHEEL
95,02:12 PM,04-25-2026,04-25-2026 14:12:40,0,0,eGFP4,WHEEL
96,02:12 PM,04-25-2026,04-25-2026 14:12:44,0,0,eGFP4,WHEEL
97,02:12 PM,04-25-2026,04-25-2026 14:12:46,0,0,eGFP4,WHEEL
98,02:12 PM,04-25-2026,04-25-2026 14:12:47,0,0,eGFP4,WHEEL
99,02:12 PM,04-25-2026,04-25-2026 14:12:47,0,0,eGFP4,WHEEL
100,02:12 PM,04-25-2026,04-25-2026 14:12:48,0,0,eGFP4,WHEEL
101,02:12 PM,04-25-2026,04-25-2026 14:12:48,0,0,eGFP4,WHEEL
102,02:12 PM,04-25-2026,04-25-2026 14:12:49,0,0,eGFP4,WHEEL
103,02:12 PM,04-25-2026,04-25-2026 14:12:49,0,0,eGFP4,WHEEL
104,02:12 PM,04-25-2026,04-25-2026 14:12:50,0,0,eGFP4,WHEEL
105,02:12 PM,04-25-2026,04-25-2026 14:12:50,0,0,eGFP4,WHEEL
106,02:12 PM,04-25-2026,04-25-2026 14:12:51,0,0,eGFP4,WHEEL
107,02:12 PM,04-25-2026,04-25-2026 14:12:51,0,0,eGFP4,WHEEL
108,02:12 PM,04-25-2026,04-25-2026 14:12:52,0,0,eGFP4,WHEEL
109,02:12 PM,04-25-2026,04-25-2026 14:12:52,0,0,eGFP4,WHEEL
110,02:12 PM,04-25-2026,04-25-2026 14:12:53,0,0,eGFP4,WHEEL
111,02:12 PM,04-25-2026,04-25-2026 14:12:54,0,0,eGFP4,WHEEL
112,02:12 PM,04-25-2026,04-25-2026 14:12:54,0,0,eGFP4,WHEEL
113,02:12 PM,04-25-2026,04-25-2026 14:12:55,0,0,eGFP4,WHEEL
114,02:12 PM,04-25-2026,04-25-2026 14:12:55,0,0,eGFP4,WHEEL
115,02:12 PM,04-25-2026,04-25-2026 14:12:56,0,0,eGFP4,WHEEL
116,02:12 PM,04-25-2026,04-25-2026 14:12:56,0,0,eGFP4,WHEEL
117,02:12 PM,04-25-2026,04-25-2026 14:12:57,0,0,eGFP4,WHEEL
118,02:12 PM,04-25-2026,04-25-2026 14:12:58,0,0,eGFP4,WHEEL
119,02:12 PM,04-25-2026,04-25-2026 14:12:59,0,0,eGFP4,WHEEL
120,02:12 PM,04-25-2026,04-25-2026 14:12:59,0,0,eGFP4,WHEEL
121,02:13 PM,04-25-2026,04-25-2026 14:13:00,0,0,eGFP4,WHEEL
122,02:13 PM,04-25-2026,04-25-2026 14:13:00,0,0,eGFP4,WHEEL
123,02:13 PM,04-25-2026,04-25-2026 14:13:01,0,0,eGFP4,WHEEL
124,02:13 PM,04-25-2026,04-25-2026 14:13:02,0,0,eGFP4,WHEEL
125,02:13 PM,04-25-2026,04-25-2026 14:13:02,0,0,eGFP4,WHEEL
126,02:13 PM,04-25-2026,04-25-2026 14:13:03,0,0,eGFP4,WHEEL
127,02:13 PM,04-25-2026,04-25-2026 14:13:03,0,0,eGFP4,WHEEL
128,02:13 PM,04-25-2026,04-25-2026 14:13:04,0,0,eGFP4,WHEEL
129,02:13 PM,04-25-2026,04-25-2026 14:13:05,0,0,eGFP4,WHEEL
130,02:13 PM,04-25-2026,04-25-2026 14:13:07,0,0,eGFP4,WHEEL
131,02:13 PM,04-25-2026,04-25-2026 14:13:08,0,0,eGFP4,WHEEL
132,02:13 PM,04-25-2026,04-25-2026 14:13:08,0,0,eGFP4,WHEEL
133,02:13 PM,04-25-2026,04-25-2026 14:13:09,0,0,eGFP4,WHEEL
134,02:13 PM,04-25-2026,04-25-2026 14:13:09,0,0,eGFP4,WHEEL
135,02:13 PM,04-25-2026,04-25-2026 14:13:10,0,0,eGFP4,WHEEL
136,02:13 PM,04-25-2026,04-25-2026 14:13:11,0,0,eGFP4,WHEEL
137,02:13 PM,04-25-2026,04-25-2026 14:13:11,0,0,eGFP4,WHEEL
138,02:13 PM,04-25-2026,04-25-2026 14:13:12,0,0,eGFP4,WHEEL
139,02:13 PM,04-25-2026,04-25-2026 14:13:12,0,0,eGFP4,WHEEL
140,02:13 PM,04-25-2026,04-25-2026 14:13:13,0,0,eGFP4,WHEEL
141,02:13 PM,04-25-2026,04-25-2026 14:13:14,0,0,eGFP4,WHEEL
142,02:13 PM,04-25-2026,04-25-2026 14:13:15,0,0,eGFP4,WHEEL
143,02:13 PM,04-25-2026,04-25-2026 14:13:15,0,0,eGFP4,WHEEL
144,02:13 PM,04-25-2026,04-25-2026 14:13:16,0,0,eGFP4,WHEEL
145,02:13 PM,04-25-2026,04-25-2026 14:13:17,0,0,eGFP4,WHEEL
146,02:13 PM,04-25-2026,04-25-2026 14:13:17,0,0,eGFP4,WHEEL
147,02:13 PM,04-25-2026,04-25-2026 14:13:18,0,0,eGFP4,WHEEL
148,02:13 PM,04-25-2026,04-25-2026 14:13:19,0,0,eGFP4,WHEEL
149,02:13 PM,04-25-2026,04-25-2026 14:13:19,0,0,eGFP4,WHEEL
150,02:13 PM,04-25-2026,04-25-2026 14:13:20,0,0,eGFP4,WHEEL
151,02:13 PM,04-25-2026,04-25-2026 14:13:21,0,0,eGFP4,WHEEL
152,02:13 PM,04-25-2026,04-25-2026 14:13:21,0,0,eGFP4,WHEEL
153,02:13 PM,04-25-2026,04-25-2026 14:13:22,0,0,eGFP4,WHEEL
154,02:13 PM,04-25-2026,04-25-2026 14:13:22,0,0,eGFP4,WHEEL
155,02:13 PM,04-25-2026,04-25-2026 14:13:23,0,0,eGFP4,WHEEL
156,02:13 PM,04-25-2026,04-25-2026 14:13:24,0,0,eGFP4,WHEEL
157,02:13 PM,04-25-2026,04-25-2026 14:13:24,0,0,eGFP4,WHEEL
158,02:13 PM,04-25-2026,04-25-2026 14:13:25,0,0,eGFP4,WHEEL
159,02:13 PM,04-25-2026,04-25-2026 14:13:25,0,0,eGFP4,WHEEL
160,02:13 PM,04-25-2026,04-25-2026 14:13:26,0,0,eGFP4,WHEEL
161,02:13 PM,04-25-2026,04-25-2026 14:13:26,0,0,eGFP4,WHEEL
162,02:13 PM,04-25-2026,04-25-2026 14:13:27,0,0,eGFP4,WHEEL
163,02:13 PM,04-25-2026,04-25-2026 14:13:28,0,0,eGFP4,WHEEL
164,02:13 PM,04-25-2026,04-25-2026 14:13:28,0,0,eGFP4,WHEEL
165,02:13 PM,04-25-2026,04-25-2026 14:13:29,0,0,eGFP4,WHEEL
166,02:13 PM,04-25-2026,04-25-2026 14:13:30,0,0,eGFP4,WHEEL
167,02:13 PM,04-25-2026,04-25-2026 14:13:31,0,0,eGFP4,WHEEL
168,02:13 PM,04-25-2026,04-25-2026 14:13:31,0,0,eGFP4,WHEEL
169,02:13 PM,04-25-2026,04-25-2026 14:13:33,0,0,eGFP4,WHEEL
170,02:13 PM,04-25-2026,04-25-2026 14:13:34,0,0,eGFP4,WHEEL
171,02:13 PM,04-25-2026,04-25-2026 14:13:34,0,0,eGFP4,WHEEL
172,02:13 PM,04-25-2026,04-25-2026 14:13:35,0,0,eGFP4,WHEEL
173,02:13 PM,04-25-2026,04-25-2026 14:13:36,0,0,eGFP4,WHEEL
174,02:13 PM,04-25-2026,04-25-2026 14:13:36,0,0,eGFP4,WHEEL
175,02:13 PM,04-25-2026,04-25-2026 14:13:37,0,0,eGFP4,WHEEL
176,02:13 PM,04-25-2026,04-25-2026 14:13:37,0,0,eGFP4,WHEEL
177,02:13 PM,04-25-2026,04-25-2026 14:13:38,0,0,eGFP4,WHEEL
178,02:13 PM,04-25-2026,04-25-2026 14:13:39,0,0,eGFP4,WHEEL
179,02:13 PM,04-25-2026,04-25-2026 14:13:39,0,0,eGFP4,WHEEL
180,02:13 PM,04-25-2026,04-25-2026 14:13:40,0,0,eGFP4,WHEEL
181,02:13 PM,04-25-2026,04-25-2026 14:13:40,0,0,eGFP4,WHEEL
182,02:13 PM,04-25-2026,04-25-2026 14:13:41,0,0,eGFP4,WHEEL
183,02:13 PM,04-25-2026,04-25-2026 14:13:41,0,0,eGFP4,WHEEL
184,02:13 PM,04-25-2026,04-25-2026 14:13:42,0,0,eGFP4,WHEEL
185,02:13 PM,04-25-2026,04-25-2026 14:13:43,0,0,eGFP4,WHEEL
186,02:13 PM,04-25-2026,04-25-2026 14:13:44,0,0,eGFP4,WHEEL
187,02:13 PM,04-25-2026,04-25-2026 14:13:44,0,0,eGFP4,WHEEL
188,02:13 PM,04-25-2026,04-25-2026 14:13:45,0,0,eGFP4,WHEEL
189,02:13 PM,04-25-2026,04-25-2026 14:13:46,0,0,eGFP4,WHEEL
190,02:13 PM,04-25-2026,04-25-2026 14:13:47,0,0,eGFP4,WHEEL
191,02:13 PM,04-25-2026,04-25-2026 14:13:48,0,0,eGFP4,WHEEL
192,02:13 PM,04-25-2026,04-25-2026 14:13:48,0,0,eGFP4,WHEEL
193,02:13 PM,04-25-2026,04-25-2026 14:13:49,0,0,eGFP4,WHEEL
194,02:13 PM,04-25-2026,04-25-2026 14:13:49,0,0,eGFP4,WHEEL
195,02:13 PM,04-25-2026,04-25-2026 14:13:50,0,0,eGFP4,WHEEL
196,02:13 PM,04-25-2026,04-25-2026 14:13:51,0,0,eGFP4,WHEEL
197,02:13 PM,04-25-2026,04-25-2026 14:13:51,0,0,eGFP4,WHEEL
198,02:13 PM,04-25-2026,04-25-2026 14:13:52,0,0,eGFP4,WHEEL
199,02:13 PM,04-25-2026,04-25-2026 14:13:52,0,0,eGFP4,WHEEL
200,02:13 PM,04-25-2026,04-25-2026 14:13:53,0,0,eGFP4,WHEEL
201,02:13 PM,04-25-2026,04-25-2026 14:13:54,0,0,eGFP4,WHEEL
202,02:13 PM,04-25-2026,04-25-2026 14:13:54,0,0,eGFP4,WHEEL
203,02:13 PM,04-25-2026,04-25-2026 14:13:55,0,0,eGFP4,WHEEL
204,02:13 PM,04-25-2026,04-25-2026 14:13:55,0,0,eGFP4,WHEEL
205,02:13 PM,04-25-2026,04-25-2026 14:13:56,0,0,eGFP4,WHEEL
206,02:13 PM,04-25-2026,04-25-2026 14:13:57,0,0,eGFP4,WHEEL
207,02:13 PM,04-25-2026,04-25-2026 14:13:58,0,0,eGFP4,WHEEL
208,02:13 PM,04-25-2026,04-25-2026 14:13:58,0,0,eGFP4,WHEEL
209,02:13 PM,04-25-2026,04-25-2026 14:13:59,0,0,eGFP4,WHEEL
210,02:13 PM,04-25-2026,04-25-2026 14:13:59,0,0,eGFP4,WHEEL
211,02:14 PM,04-25-2026,04-25-2026 14:14:00,0,0,eGFP4,WHEEL
212,02:14 PM,04-25-2026,04-25-2026 14:14:01,0,0,eGFP4,WHEEL
213,02:14 PM,04-25-2026,04-25-2026 14:14:02,0,0,eGFP4,WHEEL
214,02:14 PM,04-25-2026,04-25-2026 14:14:02,0,0,eGFP4,WHEEL
215,02:14 PM,04-25-2026,04-25-2026 14:14:03,0,0,eGFP4,WHEEL
216,02:14 PM,04-25-2026,04-25-2026 14:14:06,0,0,eGFP4,WHEEL
217,02:14 PM,04-25-2026,04-25-2026 14:14:10,0,0,eGFP4,WHEEL
218,02:14 PM,04-25-2026,04-25-2026 14:14:25,0,0,eGFP4,WHEEL
219,02:14 PM,04-25-2026,04-25-2026 14:14:26,0,0,eGFP4,WHEEL
220,02:14 PM,04-25-2026,04-25-2026 14:14:27,0,0,eGFP4,WHEEL
221,02:14 PM,04-25-2026,04-25-2026 14:14:27,0,0,eGFP4,WHEEL
222,02:14 PM,04-25-2026,04-25-2026 14:14:28,0,0,eGFP4,WHEEL
223,02:14 PM,04-25-2026,04-25-2026 14:14:28,0,0,eGFP4,WHEEL
224,02:14 PM,04-25-2026,04-25-2026 14:14:29,0,0,eGFP4,WHEEL
225,02:14 PM,04-25-2026,04-25-2026 14:14:30,0,0,eGFP4,WHEEL
226,02:14 PM,04-25-2026,04-25-2026 14:14:30,0,0,eGFP4,WHEEL
227,02:14 PM,04-25-2026,04-25-2026 14:14:31,0,0,eGFP4,WHEEL
228,02:14 PM,04-25-2026,04-25-2026 14:14:31,0,0,eGFP4,WHEEL
229,02:14 PM,04-25-2026,04-25-2026 14:14:32,0,0,eGFP4,WHEEL
230,02:14 PM,04-25-2026,04-25-2026 14:14:32,0,0,eGFP4,WHEEL
231,02:14 PM,04-25-2026,04-25-2026 14:14:33,0,0,eGFP4,WHEEL
232,02:14 PM,04-25-2026,04-25-2026 14:14:34,0,0,eGFP4,WHEEL
233,02:14 PM,04-25-2026,04-25-2026 14:14:37,0,0,eGFP4,WHEEL
234,02:14 PM,04-25-2026,04-25-2026 14:14:37,0,0,eGFP4,WHEEL
235,02:14 PM,04-25-2026,04-25-2026 14:14:38,0,0,eGFP4,WHEEL
236,02:14 PM,04-25-2026,04-25-2026 14:14:39,0,0,eGFP4,WHEEL
237,02:14 PM,04-25-2026,04-25-2026 14:14:39,0,0,eGFP4,WHEEL
238,02:14 PM,04-25-2026,04-25-2026 14:14:40,0,0,eGFP4,WHEEL
239,02:14 PM,04-25-2026,04-25-2026 14:14:40,0,0,eGFP4,WHEEL
240,02:14 PM,04-25-2026,04-25-2026 14:14:41,0,0,eGFP4,WHEEL
241,02:14 PM,04-25-2026,04-25-2026 14:14:41,0,0,eGFP4,WHEEL
242,02:14 PM,04-25-2026,04-25-2026 14:14:42,0,0,eGFP4,WHEEL
243,02:14 PM,04-25-2026,04-25-2026 14:14:42,0,0,eGFP4,WHEEL
244,02:14 PM,04-25-2026,04-25-2026 14:14:43,0,0,eGFP4,WHEEL
245,02:14 PM,04-25-2026,04-25-2026 14:14:43,0,0,eGFP4,WHEEL
246,02:14 PM,04-25-2026,04-25-2026 14:14:44,0,0,eGFP4,WHEEL
247,02:14 PM,04-25-2026,04-25-2026 14:14:44,0,0,eGFP4,WHEEL
248,02:14 PM,04-25-2026,04-25-2026 14:14:45,0,0,eGFP4,WHEEL
249,02:14 PM,04-25-2026,04-25-2026 14:14:45,0,0,eGFP4,WHEEL
250,02:14 PM,04-25-2026,04-25-2026 14:14:46,0,0,eGFP4,WHEEL
251,02:14 PM,04-25-2026,04-25-2026 14:14:57,0,0,eGFP4,WHEEL
252,02:14 PM,04-25-2026,04-25-2026 14:14:58,0,0,eGFP4,WHEEL
253,02:14 PM,04-25-2026,04-25-2026 14:14:59,0,0,eGFP4,WHEEL
254,02:15 PM,04-25-2026,04-25-2026 14:15:00,0,0,eGFP4,WHEEL
255,02:15 PM,04-25-2026,04-25-2026 14:15:01,0,0,eGFP4,WHEEL
256,02:15 PM,04-25-2026,04-25-2026 14:15:01,0,0,eGFP4,WHEEL
257,02:15 PM,04-25-2026,04-25-2026 14:15:03,0,0,eGFP4,WHEEL
258,02:15 PM,04-25-2026,04-25-2026 14:15:05,0,0,eGFP4,WHEEL
259,02:15 PM,04-25-2026,04-25-2026 14:15:05,0,0,eGFP4,WHEEL
260,02:15 PM,04-25-2026,04-25-2026 14:15:06,0,0,eGFP4,WHEEL
261,02:15 PM,04-25-2026,04-25-2026 14:15:06,0,0,eGFP4,WHEEL
262,02:15 PM,04-25-2026,04-25-2026 14:15:07,0,0,eGFP4,WHEEL
263,02:15 PM,04-25-2026,04-25-2026 14:15:07,0,0,eGFP4,WHEEL
264,02:15 PM,04-25-2026,04-25-2026 14:15:08,0,0,eGFP4,WHEEL
265,02:15 PM,04-25-2026,04-25-2026 14:15:08,0,0,eGFP4,WHEEL
266,02:15 PM,04-25-2026,04-25-2026 14:15:09,0,0,eGFP4,WHEEL
267,02:15 PM,04-25-2026,04-25-2026 14:15:09,0,0,eGFP4,WHEEL
268,02:15 PM,04-25-2026,04-25-2026 14:15:10,0,0,eGFP4,WHEEL
269,02:15 PM,04-25-2026,04-25-2026 14:15:10,0,0,eGFP4,WHEEL
270,02:15 PM,04-25-2026,04-25-2026 14:15:11,0,0,eGFP4,WHEEL
271,02:15 PM,04-25-2026,04-25-2026 14:15:11,0,0,eGFP4,WHEEL
272,02:15 PM,04-25-2026,04-25-2026 14:15:12,0,0,eGFP4,WHEEL
273,02:15 PM,04-25-2026,04-25-2026 14:15:12,0,0,eGFP4,WHEEL
274,02:15 PM,04-25-2026,04-25-2026 14:15:13,0,0,eGFP4,WHEEL
275,02:15 PM,04-25-2026,04-25-2026 14:15:14,0,0,eGFP4,WHEEL
276,02:15 PM,04-25-2026,04-25-2026 14:15:14,0,0,eGFP4,WHEEL
277,02:15 PM,04-25-2026,04-25-2026 14:15:15,0,0,eGFP4,WHEEL
278,02:15 PM,04-25-2026,04-25-2026 14:15:15,0,0,eGFP4,WHEEL
279,02:15 PM,04-25-2026,04-25-2026 14:15:16,0,0,eGFP4,WHEEL
280,02:15 PM,04-25-2026,04-25-2026 14:15:16,0,0,eGFP4,WHEEL
281,02:15 PM,04-25-2026,04-25-2026 14:15:17,0,0,eGFP4,WHEEL
282,02:15 PM,04-25-2026,04-25-2026 14:15:18,0,0,eGFP4,WHEEL
283,02:15 PM,04-25-2026,04-25-2026 14:15:18,0,0,eGFP4,WHEEL
284,02:15 PM,04-25-2026,04-25-2026 14:15:19,0,0,eGFP4,WHEEL
285,02:15 PM,04-25-2026,04-25-2026 14:15:20,0,0,eGFP4,WHEEL
286,02:15 PM,04-25-2026,04-25-2026 14:15:20,0,0,eGFP4,WHEEL
287,02:15 PM,04-25-2026,04-25-2026 14:15:21,0,0,eGFP4,WHEEL
288,02:15 PM,04-25-2026,04-25-2026 14:15:22,0,0,eGFP4,WHEEL
289,02:15 PM,04-25-2026,04-25-2026 14:15:22,0,0,eGFP4,WHEEL
290,02:15 PM,04-25-2026,04-25-2026 14:15:23,0,0,eGFP4,WHEEL
291,02:15 PM,04-25-2026,04-25-2026 14:15:23,0,0,eGFP4,WHEEL
292,02:15 PM,04-25-2026,04-25-2026 14:15:24,0,0,eGFP4,WHEEL
293,02:15 PM,04-25-2026,04-25-2026 14:15:24,0,0,eGFP4,WHEEL
294,02:15 PM,04-25-2026,04-25-2026 14:15:25,0,0,eGFP4,WHEEL
295,02:15 PM,04-25-2026,04-25-2026 14:15:26,0,0,eGFP4,WHEEL
296,02:15 PM,04-25-2026,04-25-2026 14:15:26,0,0,eGFP4,WHEEL
297,02:15 PM,04-25-2026,04-25-2026 14:15:27,0,0,eGFP4,WHEEL
298,02:15 PM,04-25-2026,04-25-2026 14:15:28,0,0,eGFP4,WHEEL
299,02:15 PM,04-25-2026,04-25-2026 14:15:28,0,0,eGFP4,WHEEL
300,02:15 PM,04-25-2026,04-25-2026 14:15:29,0,0,eGFP4,WHEEL
301,02:15 PM,04-25-2026,04-25-2026 14:15:29,0,0,eGFP4,WHEEL
302,02:15 PM,04-25-2026,04-25-2026 14:15:30,0,0,eGFP4,WHEEL
303,02:15 PM,04-25-2026,04-25-2026 14:15:32,0,0,eGFP4,WHEEL
304,02:15 PM,04-25-2026,04-25-2026 14:15:32,0,0,eGFP4,WHEEL
305,02:15 PM,04-25-2026,04-25-2026 14:15:33,0,0,eGFP4,WHEEL
306,02:15 PM,04-25-2026,04-25-2026 14:15:34,0,0,eGFP4,WHEEL
307,02:15 PM,04-25-2026,04-25-2026 14:15:34,0,0,eGFP4,WHEEL
308,02:15 PM,04-25-2026,04-25-2026 14:15:35,0,0,eGFP4,WHEEL
309,02:15 PM,04-25-2026,04-25-2026 14:15:35,0,0,eGFP4,WHEEL
310,02:15 PM,04-25-2026,04-25-2026 14:15:36,0,0,eGFP4,WHEEL
311,02:15 PM,04-25-2026,04-25-2026 14:15:36,0,0,eGFP4,WHEEL
312,02:15 PM,04-25-2026,04-25-2026 14:15:37,0,0,eGFP4,WHEEL
313,02:15 PM,04-25-2026,04-25-2026 14:15:37,0,0,eGFP4,WHEEL
314,02:15 PM,04-25-2026,04-25-2026 14:15:38,0,0,eGFP4,WHEEL
315,02:15 PM,04-25-2026,04-25-2026 14:15:55,0,0,eGFP4,WHEEL
316,02:15 PM,04-25-2026,04-25-2026 14:15:56,0,0,eGFP4,WHEEL
317,02:15 PM,04-25-2026,04-25-2026 14:15:57,0,0,eGFP4,WHEEL
318,02:15 PM,04-25-2026,04-25-2026 14:15:58,0,0,eGFP4,WHEEL
319,02:15 PM,04-25-2026,04-25-2026 14:15:59,0,0,eGFP4,WHEEL
320,02:15 PM,04-25-2026,04-25-2026 14:15:59,0,0,eGFP4,WHEEL
321,02:16 PM,04-25-2026,04-25-2026 14:16:00,0,0,eGFP4,WHEEL
322,02:16 PM,04-25-2026,04-25-2026 14:16:00,0,0,eGFP4,WHEEL
323,02:16 PM,04-25-2026,04-25-2026 14:16:01,0,0,eGFP4,WHEEL
324,02:16 PM,04-25-2026,04-25-2026 14:16:01,0,0,eGFP4,WHEEL
325,02:16 PM,04-25-2026,04-25-2026 14:16:02,0,0,eGFP4,WHEEL
326,02:16 PM,04-25-2026,04-25-2026 14:16:02,0,0,eGFP4,WHEEL
327,02:16 PM,04-25-2026,04-25-2026 14:16:03,0,0,eGFP4,WHEEL
328,02:16 PM,04-25-2026,04-25-2026 14:16:03,0,0,eGFP4,WHEEL
329,02:16 PM,04-25-2026,04-25-2026 14:16:03,0,0,eGFP4,WHEEL
330,02:16 PM,04-25-2026,04-25-2026 14:16:04,0,0,eGFP4,WHEEL
331,02:16 PM,04-25-2026,04-25-2026 14:16:05,0,0,eGFP4,WHEEL
332,02:16 PM,04-25-2026,04-25-2026 14:16:05,0,0,eGFP4,WHEEL
333,02:16 PM,04-25-2026,04-25-2026 14:16:06,0,0,eGFP4,WHEEL
334,02:16 PM,04-25-2026,04-25-2026 14:16:07,0,0,eGFP4,WHEEL
335,02:16 PM,04-25-2026,04-25-2026 14:16:07,0,0,eGFP4,WHEEL
336,02:16 PM,04-25-2026,04-25-2026 14:16:07,0,0,eGFP4,WHEEL
337,02:16 PM,04-25-2026,04-25-2026 14:16:08,0,0,eGFP4,WHEEL
338,02:16 PM,04-25-2026,04-25-2026 14:16:09,0,0,eGFP4,WHEEL
339,02:16 PM,04-25-2026,04-25-2026 14:16:10,0,0,eGFP4,WHEEL
340,02:16 PM,04-25-2026,04-25-2026 14:16:10,0,0,eGFP4,WHEEL
341,02:16 PM,04-25-2026,04-25-2026 14:16:11,0,0,eGFP4,WHEEL
342,02:16 PM,04-25-2026,04-25-2026 14:16:12,0,0,eGFP4,WHEEL
343,02:16 PM,04-25-2026,04-25-2026 14:16:12,0,0,eGFP4,WHEEL
344,02:16 PM,04-25-2026,04-25-2026 14:16:13,0,0,eGFP4,WHEEL
345,02:16 PM,04-25-2026,04-25-2026 14:16:14,0,0,eGFP4,WHEEL
346,02:16 PM,04-25-2026,04-25-2026 14:16:14,0,0,eGFP4,WHEEL
347,02:16 PM,04-25-2026,04-25-2026 14:16:15,0,0,eGFP4,WHEEL
348,02:16 PM,04-25-2026,04-25-2026 14:16:16,0,0,eGFP4,WHEEL
349,02:16 PM,04-25-2026,04-25-2026 14:16:27,0,0,eGFP4,WHEEL
350,02:16 PM,04-25-2026,04-25-2026 14:16:27,0,0,eGFP4,WHEEL
351,02:16 PM,04-25-2026,04-25-2026 14:16:28,0,0,eGFP4,WHEEL
352,02:16 PM,04-25-2026,04-25-2026 14:16:29,0,0,eGFP4,WHEEL
353,02:16 PM,04-25-2026,04-25-2026 14:16:30,0,0,eGFP4,WHEEL
354,02:16 PM,04-25-2026,04-25-2026 14:16:31,0,0,eGFP4,WHEEL
355,02:16 PM,04-25-2026,04-25-2026 14:16:31,0,0,eGFP4,WHEEL
356,02:16 PM,04-25-2026,04-25-2026 14:16:32,0,0,eGFP4,WHEEL
357,02:16 PM,04-25-2026,04-25-2026 14:16:33,0,0,eGFP4,WHEEL
358,02:16 PM,04-25-2026,04-25-2026 14:16:34,0,0,eGFP4,WHEEL
359,02:16 PM,04-25-2026,04-25-2026 14:16:35,0,0,eGFP4,WHEEL
360,02:16 PM,04-25-2026,04-25-2026 14:16:36,0,0,eGFP4,WHEEL
361,02:16 PM,04-25-2026,04-25-2026 14:16:37,0,0,eGFP4,WHEEL
362,02:16 PM,04-25-2026,04-25-2026 14:16:38,0,0,eGFP4,WHEEL
363,02:16 PM,04-25-2026,04-25-2026 14:16:39,0,0,eGFP4,WHEEL
364,02:16 PM,04-25-2026,04-25-2026 14:16:39,0,0,eGFP4,WHEEL
365,02:16 PM,04-25-2026,04-25-2026 14:16:40,0,0,eGFP4,WHEEL
366,02:16 PM,04-25-2026,04-25-2026 14:16:41,0,0,eGFP4,WHEEL
367,02:16 PM,04-25-2026,04-25-2026 14:16:42,0,0,eGFP4,WHEEL
368,02:16 PM,04-25-2026,04-25-2026 14:16:43,0,0,eGFP4,WHEEL
369,02:16 PM,04-25-2026,04-25-2026 14:16:44,0,0,eGFP4,WHEEL
370,02:16 PM,04-25-2026,04-25-2026 14:16:45,0,0,eGFP4,WHEEL
371,02:16 PM,04-25-2026,04-25-2026 14:16:46,0,0,eGFP4,WHEEL
372,02:16 PM,04-25-2026,04-25-2026 14:16:47,0,0,eGFP4,WHEEL
373,02:16 PM,04-25-2026,04-25-2026 14:16:56,0,0,eGFP4,WHEEL
374,02:16 PM,04-25-2026,04-25-2026 14:16:57,0,0,eGFP4,WHEEL
375,02:17 PM,04-25-2026,04-25-2026 14:17:02,0,0,eGFP4,WHEEL
376,02:17 PM,04-25-2026,04-25-2026 14:17:03,0,0,eGFP4,WHEEL
377,02:17 PM,04-25-2026,04-25-2026 14:17:09,0,0,eGFP4,WHEEL
378,02:17 PM,04-25-2026,04-25-2026 14:17:10,0,0,eGFP4,WHEEL
379,02:17 PM,04-25-2026,04-25-2026 14:17:10,0,0,eGFP4,WHEEL
380,02:17 PM,04-25-2026,04-25-2026 14:17:11,0,0,eGFP4,WHEEL
381,02:17 PM,04-25-2026,04-25-2026 14:17:12,0,0,eGFP4,WHEEL
382,02:17 PM,04-25-2026,04-25-2026 14:17:12,0,0,eGFP4,WHEEL
383,02:17 PM,04-25-2026,04-25-2026 14:17:13,0,0,eGFP4,WHEEL
384,02:17 PM,04-25-2026,04-25-2026 14:17:14,0,0,eGFP4,WHEEL
385,02:17 PM,04-25-2026,04-25-2026 14:17:15,0,0,eGFP4,WHEEL
386,02:17 PM,04-25-2026,04-25-2026 14:17:15,0,0,eGFP4,WHEEL
387,02:17 PM,04-25-2026,04-25-2026 14:17:16,0,0,eGFP4,WHEEL
388,02:17 PM,04-25-2026,04-25-2026 14:17:17,0,0,eGFP4,WHEEL
389,02:17 PM,04-25-2026,04-25-2026 14:17:17,0,0,eGFP4,WHEEL
390,02:17 PM,04-25-2026,04-25-2026 14:17:18,0,0,eGFP4,WHEEL
391,02:17 PM,04-25-2026,04-25-2026 14:17:21,0,0,eGFP4,WHEEL
392,02:17 PM,04-25-2026,04-25-2026 14:17:22,0,0,eGFP4,WHEEL
393,02:17 PM,04-25-2026,04-25-2026 14:17:24,0,0,eGFP4,WHEEL
394,02:17 PM,04-25-2026,04-25-2026 14:17:24,0,0,eGFP4,WHEEL
395,02:17 PM,04-25-2026,04-25-2026 14:17:25,0,0,eGFP4,WHEEL
396,02:17 PM,04-25-2026,04-25-2026 14:17:26,0,0,eGFP4,WHEEL
397,02:17 PM,04-25-2026,04-25-2026 14:17:27,0,0,eGFP4,WHEEL
398,02:17 PM,04-25-2026,04-25-2026 14:17:28,0,0,eGFP4,WHEEL
399,02:17 PM,04-25-2026,04-25-2026 14:17:33,0,0,eGFP4,WHEEL
400,02:17 PM,04-25-2026,04-25-2026 14:17:33,0,0,eGFP4,WHEEL
401,02:17 PM,04-25-2026,04-25-2026 14:17:34,0,0,eGFP4,WHEEL
402,02:17 PM,04-25-2026,04-25-2026 14:17:35,0,0,eGFP4,WHEEL
403,02:17 PM,04-25-2026,04-25-2026 14:17:37,0,0,eGFP4,WHEEL
404,02:17 PM,04-25-2026,04-25-2026 14:17:38,0,0,eGFP4,WHEEL
405,02:17 PM,04-25-2026,04-25-2026 14:17:38,0,0,eGFP4,WHEEL
406,02:17 PM,04-25-2026,04-25-2026 14:17:41,0,0,eGFP4,WHEEL
407,02:17 PM,04-25-2026,04-25-2026 14:17:41,0,0,eGFP4,WHEEL
408,02:17 PM,04-25-2026,04-25-2026 14:17:46,0,0,eGFP4,WHEEL
409,02:17 PM,04-25-2026,04-25-2026 14:17:47,0,0,eGFP4,WHEEL
410,02:17 PM,04-25-2026,04-25-2026 14:17:47,0,0,eGFP4,WHEEL
411,02:17 PM,04-25-2026,04-25-2026 14:17:53,0,0,eGFP4,WHEEL
412,02:17 PM,04-25-2026,04-25-2026 14:17:53,0,0,eGFP4,WHEEL
413,02:17 PM,04-25-2026,04-25-2026 14:17:54,0,0,eGFP4,WHEEL
414,02:17 PM,04-25-2026,04-25-2026 14:17:55,0,0,eGFP4,WHEEL
415,02:17 PM,04-25-2026,04-25-2026 14:17:57,0,0,eGFP4,WHEEL
416,02:17 PM,04-25-2026,04-25-2026 14:17:58,0,0,eGFP4,WHEEL
417,02:17 PM,04-25-2026,04-25-2026 14:17:59,0,0,eGFP4,WHEEL
418,02:17 PM,04-25-2026,04-25-2026 14:17:59,0,0,eGFP4,WHEEL
419,02:18 PM,04-25-2026,04-25-2026 14:18:00,0,0,eGFP4,WHEEL
420,02:18 PM,04-25-2026,04-25-2026 14:18:01,0,0,eGFP4,WHEEL
421,02:18 PM,04-25-2026,04-25-2026 14:18:02,0,0,eGFP4,WHEEL
422,02:18 PM,04-25-2026,04-25-2026 14:18:03,0,0,eGFP4,WHEEL
423,02:18 PM,04-25-2026,04-25-2026 14:18:04,0,0,eGFP4,WHEEL
424,02:18 PM,04-25-2026,04-25-2026 14:18:05,0,0,eGFP4,WHEEL
425,02:18 PM,04-25-2026,04-25-2026 14:18:05,0,0,eGFP4,WHEEL
426,02:18 PM,04-25-2026,04-25-2026 14:18:06,0,0,eGFP4,WHEEL
427,02:18 PM,04-25-2026,04-25-2026 14:18:06,0,0,eGFP4,WHEEL
428,02:18 PM,04-25-2026,04-25-2026 14:18:07,0,0,eGFP4,WHEEL
429,02:18 PM,04-25-2026,04-25-2026 14:18:09,0,0,eGFP4,WHEEL
430,02:18 PM,04-25-2026,04-25-2026 14:18:10,0,0,eGFP4,WHEEL
431,02:18 PM,04-25-2026,04-25-2026 14:18:13,0,0,eGFP4,WHEEL
432,02:18 PM,04-25-2026,04-25-2026 14:18:15,0,0,eGFP4,WHEEL
433,02:18 PM,04-25-2026,04-25-2026 14:18:16,0,0,eGFP4,WHEEL
434,02:18 PM,04-25-2026,04-25-2026 14:18:19,0,0,eGFP4,WHEEL
435,02:18 PM,04-25-2026,04-25-2026 14:18:21,0,0,eGFP4,WHEEL
436,02:18 PM,04-25-2026,04-25-2026 14:18:22,0,0,eGFP4,WHEEL
437,02:18 PM,04-25-2026,04-25-2026 14:18:24,0,0,eGFP4,WHEEL
438,02:18 PM,04-25-2026,04-25-2026 14:18:26,0,0,eGFP4,WHEEL
439,02:18 PM,04-25-2026,04-25-2026 14:18:27,0,0,eGFP4,WHEEL
440,02:18 PM,04-25-2026,04-25-2026 14:18:31,0,0,eGFP4,WHEEL
441,02:18 PM,04-25-2026,04-25-2026 14:18:31,0,0,eGFP4,WHEEL
442,02:18 PM,04-25-2026,04-25-2026 14:18:33,0,0,eGFP4,WHEEL
443,02:18 PM,04-25-2026,04-25-2026 14:18:38,0,0,eGFP4,WHEEL
444,02:19 PM,04-25-2026,04-25-2026 14:19:21,0,0,eGFP4,WHEEL
445,02:19 PM,04-25-2026,04-25-2026 14:19:25,0,0,eGFP4,WHEEL
446,02:19 PM,04-25-2026,04-25-2026 14:19:26,0,0,eGFP4,WHEEL
447,02:19 PM,04-25-2026,04-25-2026 14:19:27,0,0,eGFP4,WHEEL
448,02:19 PM,04-25-2026,04-25-2026 14:19:28,0,0,eGFP4,WHEEL
449,02:19 PM,04-25-2026,04-25-2026 14:19:28,0,0,eGFP4,WHEEL
450,02:19 PM,04-25-2026,04-25-2026 14:19:29,0,0,eGFP4,WHEEL
451,02:19 PM,04-25-2026,04-25-2026 14:19:32,0,0,eGFP4,WHEEL
452,02:19 PM,04-25-2026,04-25-2026 14:19:32,0,0,eGFP4,WHEEL
453,02:19 PM,04-25-2026,04-25-2026 14:19:33,0,0,eGFP4,WHEEL
454,02:19 PM,04-25-2026,04-25-2026 14:19:34,0,0,eGFP4,WHEEL
455,02:19 PM,04-25-2026,04-25-2026 14:19:34,0,0,eGFP4,WHEEL
456,02:19 PM,04-25-2026,04-25-2026 14:19:35,0,0,eGFP4,WHEEL
457,02:19 PM,04-25-2026,04-25-2026 14:19:36,0,0,eGFP4,WHEEL
458,02:19 PM,04-25-2026,04-25-2026 14:19:52,0,0,eGFP4,WHEEL
459,02:19 PM,04-25-2026,04-25-2026 14:19:52,0,0,eGFP4,WHEEL
460,02:19 PM,04-25-2026,04-25-2026 14:19:53,0,0,eGFP4,WHEEL
461,02:19 PM,04-25-2026,04-25-2026 14:19:54,0,0,eGFP4,WHEEL
462,02:19 PM,04-25-2026,04-25-2026 14:19:55,0,0,eGFP4,WHEEL
463,02:19 PM,04-25-2026,04-25-2026 14:19:56,0,0,eGFP4,WHEEL
464,02:19 PM,04-25-2026,04-25-2026 14:19:57,0,0,eGFP4,WHEEL
465,02:19 PM,04-25-2026,04-25-2026 14:19:58,0,0,eGFP4,WHEEL
466,02:19 PM,04-25-2026,04-25-2026 14:19:59,0,0,eGFP4,WHEEL
467,02:19 PM,04-25-2026,04-25-2026 14:19:59,0,0,eGFP4,WHEEL
468,02:20 PM,04-25-2026,04-25-2026 14:20:00,0,0,eGFP4,WHEEL
469,02:20 PM,04-25-2026,04-25-2026 14:20:01,0,0,eGFP4,WHEEL
470,02:20 PM,04-25-2026,04-25-2026 14:20:01,0,0,eGFP4,WHEEL
471,02:20 PM,04-25-2026,04-25-2026 14:20:02,0,0,eGFP4,WHEEL
472,02:20 PM,04-25-2026,04-25-2026 14:20:03,0,0,eGFP4,WHEEL
473,02:20 PM,04-25-2026,04-25-2026 14:20:05,0,0,eGFP4,WHEEL
474,02:20 PM,04-25-2026,04-25-2026 14:20:06,0,0,eGFP4,WHEEL
475,02:20 PM,04-25-2026,04-25-2026 14:20:07,0,0,eGFP4,WHEEL
476,02:20 PM,04-25-2026,04-25-2026 14:20:08,0,0,eGFP4,WHEEL
477,02:20 PM,04-25-2026,04-25-2026 14:20:09,0,0,eGFP4,WHEEL
478,02:20 PM,04-25-2026,04-25-2026 14:20:13,0,0,eGFP4,WHEEL
479,02:20 PM,04-25-2026,04-25-2026 14:20:14,0,0,eGFP4,WHEEL
480,02:20 PM,04-25-2026,04-25-2026 14:20:15,0,0,eGFP4,WHEEL
481,02:20 PM,04-25-2026,04-25-2026 14:20:15,0,0,eGFP4,WHEEL
482,02:20 PM,04-25-2026,04-25-2026 14:20:25,0,0,eGFP4,WHEEL
483,02:20 PM,04-25-2026,04-25-2026 14:20:25,0,0,eGFP4,WHEEL
484,02:20 PM,04-25-2026,04-25-2026 14:20:26,0,0,eGFP4,WHEEL
485,02:20 PM,04-25-2026,04-25-2026 14:20:30,0,0,eGFP4,WHEEL
486,02:20 PM,04-25-2026,04-25-2026 14:20:31,0,0,eGFP4,WHEEL
487,02:20 PM,04-25-2026,04-25-2026 14:20:32,0,0,eGFP4,WHEEL
488,02:20 PM,04-25-2026,04-25-2026 14:20:35,0,0,eGFP4,WHEEL
489,02:20 PM,04-25-2026,04-25-2026 14:20:35,0,0,eGFP4,WHEEL
490,02:20 PM,04-25-2026,04-25-2026 14:20:36,0,0,eGFP4,WHEEL
491,02:20 PM,04-25-2026,04-25-2026 14:20:36,0,0,eGFP4,WHEEL
492,02:20 PM,04-25-2026,04-25-2026 14:20:37,0,0,eGFP4,WHEEL
493,02:20 PM,04-25-2026,04-25-2026 14:20:38,0,0,eGFP4,WHEEL
494,02:20 PM,04-25-2026,04-25-2026 14:20:41,0,0,eGFP4,WHEEL
495,02:20 PM,04-25-2026,04-25-2026 14:20:42,0,0,eGFP4,WHEEL
496,02:20 PM,04-25-2026,04-25-2026 14:20:42,0,0,eGFP4,WHEEL
497,02:20 PM,04-25-2026,04-25-2026 14:20:43,0,0,eGFP4,WHEEL
498,02:20 PM,04-25-2026,04-25-2026 14:20:44,0,0,eGFP4,WHEEL
499,02:20 PM,04-25-2026,04-25-2026 14:20:44,0,0,eGFP4,WHEEL
500,02:20 PM,04-25-2026,04-25-2026 14:20:47,0,0,eGFP4,WHEEL
501,02:20 PM,04-25-2026,04-25-2026 14:20:48,0,0,eGFP4,WHEEL
502,02:20 PM,04-25-2026,04-25-2026 14:20:48,0,0,eGFP4,WHEEL
503,02:20 PM,04-25-2026,04-25-2026 14:20:49,0,0,eGFP4,WHEEL
504,02:20 PM,04-25-2026,04-25-2026 14:20:49,0,0,eGFP4,WHEEL
505,02:20 PM,04-25-2026,04-25-2026 14:20:50,0,0,eGFP4,WHEEL
506,02:20 PM,04-25-2026,04-25-2026 14:20:50,0,0,eGFP4,WHEEL
507,02:20 PM,04-25-2026,04-25-2026 14:20:51,0,0,eGFP4,WHEEL
508,02:20 PM,04-25-2026,04-25-2026 14:20:52,0,0,eGFP4,WHEEL
509,02:20 PM,04-25-2026,04-25-2026 14:20:55,0,0,eGFP4,WHEEL
510,02:20 PM,04-25-2026,04-25-2026 14:20:56,0,0,eGFP4,WHEEL
511,02:20 PM,04-25-2026,04-25-2026 14:20:57,0,0,eGFP4,WHEEL
512,02:20 PM,04-25-2026,04-25-2026 14:20:58,0,0,eGFP4,WHEEL
513,02:21 PM,04-25-2026,04-25-2026 14:21:09,0,0,eGFP4,WHEEL
514,02:21 PM,04-25-2026,04-25-2026 14:21:10,0,0,eGFP4,WHEEL
515,02:21 PM,04-25-2026,04-25-2026 14:21:11,0,0,eGFP4,WHEEL
516,02:21 PM,04-25-2026,04-25-2026 14:21:12,0,0,eGFP4,WHEEL
517,02:21 PM,04-25-2026,04-25-2026 14:21:12,0,0,eGFP4,WHEEL
518,02:21 PM,04-25-2026,04-25-2026 14:21:13,0,0,eGFP4,WHEEL
519,02:21 PM,04-25-2026,04-25-2026 14:21:14,0,0,eGFP4,WHEEL
520,02:21 PM,04-25-2026,04-25-2026 14:21:14,0,0,eGFP4,WHEEL
521,02:21 PM,04-25-2026,04-25-2026 14:21:15,0,0,eGFP4,WHEEL
522,02:21 PM,04-25-2026,04-25-2026 14:21:18,0,0,eGFP4,WHEEL
523,02:21 PM,04-25-2026,04-25-2026 14:21:21,0,0,eGFP4,WHEEL
524,02:21 PM,04-25-2026,04-25-2026 14:21:21,0,0,eGFP4,WHEEL
525,02:21 PM,04-25-2026,04-25-2026 14:21:22,0,0,eGFP4,WHEEL
526,02:21 PM,04-25-2026,04-25-2026 14:21:23,0,0,eGFP4,WHEEL
527,02:21 PM,04-25-2026,04-25-2026 14:21:24,0,0,eGFP4,WHEEL
528,02:21 PM,04-25-2026,04-25-2026 14:21:24,0,0,eGFP4,WHEEL
529,02:21 PM,04-25-2026,04-25-2026 14:21:26,0,0,eGFP4,WHEEL
530,02:21 PM,04-25-2026,04-25-2026 14:21:27,0,0,eGFP4,WHEEL
531,02:21 PM,04-25-2026,04-25-2026 14:21:28,0,0,eGFP4,WHEEL
532,02:21 PM,04-25-2026,04-25-2026 14:21:31,0,0,eGFP4,WHEEL
533,02:21 PM,04-25-2026,04-25-2026 14:21:31,0,0,eGFP4,WHEEL
534,02:21 PM,04-25-2026,04-25-2026 14:21:34,0,0,eGFP4,WHEEL
535,02:21 PM,04-25-2026,04-25-2026 14:21:35,0,0,eGFP4,WHEEL
536,02:21 PM,04-25-2026,04-25-2026 14:21:35,0,0,eGFP4,WHEEL
537,02:21 PM,04-25-2026,04-25-2026 14:21:36,0,0,eGFP4,WHEEL
538,02:21 PM,04-25-2026,04-25-2026 14:21:37,0,0,eGFP4,WHEEL
539,02:21 PM,04-25-2026,04-25-2026 14:21:42,0,0,eGFP4,WHEEL
540,02:21 PM,04-25-2026,04-25-2026 14:21:42,0,0,eGFP4,WHEEL
541,02:21 PM,04-25-2026,04-25-2026 14:21:43,0,0,eGFP4,WHEEL
542,02:21 PM,04-25-2026,04-25-2026 14:21:43,0,0,eGFP4,WHEEL
543,02:21 PM,04-25-2026,04-25-2026 14:21:44,0,0,eGFP4,WHEEL
544,02:21 PM,04-25-2026,04-25-2026 14:21:44,0,0,eGFP4,WHEEL
545,02:21 PM,04-25-2026,04-25-2026 14:21:45,0,0,eGFP4,WHEEL
546,02:21 PM,04-25-2026,04-25-2026 14:21:45,0,0,eGFP4,WHEEL
547,02:21 PM,04-25-2026,04-25-2026 14:21:49,0,0,eGFP4,WHEEL
548,02:21 PM,04-25-2026,04-25-2026 14:21:49,0,0,eGFP4,WHEEL
549,02:21 PM,04-25-2026,04-25-2026 14:21:50,0,0,eGFP4,WHEEL
550,02:21 PM,04-25-2026,04-25-2026 14:21:50,0,0,eGFP4,WHEEL
551,02:21 PM,04-25-2026,04-25-2026 14:21:51,0,0,eGFP4,WHEEL
552,02:21 PM,04-25-2026,04-25-2026 14:21:52,0,0,eGFP4,WHEEL
553,02:21 PM,04-25-2026,04-25-2026 14:21:53,0,0,eGFP4,WHEEL
554,02:21 PM,04-25-2026,04-25-2026 14:21:53,0,0,eGFP4,WHEEL
555,02:21 PM,04-25-2026,04-25-2026 14:21:54,0,0,eGFP4,WHEEL
556,02:21 PM,04-25-2026,04-25-2026 14:21:55,0,0,eGFP4,WHEEL
557,02:22 PM,04-25-2026,04-25-2026 14:22:01,0,0,eGFP4,WHEEL
558,02:22 PM,04-25-2026,04-25-2026 14:22:03,0,0,eGFP4,WHEEL
559,02:22 PM,04-25-2026,04-25-2026 14:22:04,0,0,eGFP4,WHEEL
560,02:22 PM,04-25-2026,04-25-2026 14:22:29,0,0,eGFP4,WHEEL
561,02:22 PM,04-25-2026,04-25-2026 14:22:29,0,0,eGFP4,WHEEL
562,02:22 PM,04-25-2026,04-25-2026 14:22:30,0,0,eGFP4,WHEEL
563,02:22 PM,04-25-2026,04-25-2026 14:22:30,0,0,eGFP4,WHEEL
564,02:22 PM,04-25-2026,04-25-2026 14:22:32,0,0,eGFP4,WHEEL
565,02:22 PM,04-25-2026,04-25-2026 14:22:33,0,0,eGFP4,WHEEL
566,02:22 PM,04-25-2026,04-25-2026 14:22:33,0,0,eGFP4,WHEEL
567,02:22 PM,04-25-2026,04-25-2026 14:22:34,0,0,eGFP4,WHEEL
568,02:22 PM,04-25-2026,04-25-2026 14:22:35,0,0,eGFP4,WHEEL
569,02:22 PM,04-25-2026,04-25-2026 14:22:36,0,0,eGFP4,WHEEL
570,02:22 PM,04-25-2026,04-25-2026 14:22:36,0,0,eGFP4,WHEEL
571,02:22 PM,04-25-2026,04-25-2026 14:22:37,0,0,eGFP4,WHEEL
572,02:22 PM,04-25-2026,04-25-2026 14:22:37,0,0,eGFP4,WHEEL
573,02:22 PM,04-25-2026,04-25-2026 14:22:38,0,0,eGFP4,WHEEL
574,02:22 PM,04-25-2026,04-25-2026 14:22:39,0,0,eGFP4,WHEEL
575,02:22 PM,04-25-2026,04-25-2026 14:22:39,0,0,eGFP4,WHEEL
576,02:22 PM,04-25-2026,04-25-2026 14:22:42,0,0,eGFP4,WHEEL
577,02:22 PM,04-25-2026,04-25-2026 14:22:43,0,0,eGFP4,WHEEL
578,02:22 PM,04-25-2026,04-25-2026 14:22:44,0,0,eGFP4,WHEEL
579,02:22 PM,04-25-2026,04-25-2026 14:22:51,0,0,eGFP4,WHEEL
580,02:22 PM,04-25-2026,04-25-2026 14:22:51,0,0,eGFP4,WHEEL
581,02:22 PM,04-25-2026,04-25-2026 14:22:52,0,0,eGFP4,WHEEL
582,02:22 PM,04-25-2026,04-25-2026 14:22:53,0,0,eGFP4,WHEEL
583,02:22 PM,04-25-2026,04-25-2026 14:22:53,0,0,eGFP4,WHEEL
584,02:22 PM,04-25-2026,04-25-2026 14:22:54,0,0,eGFP4,WHEEL
585,02:22 PM,04-25-2026,04-25-2026 14:22:56,0,0,eGFP4,WHEEL
586,02:22 PM,04-25-2026,04-25-2026 14:22:57,0,0,eGFP4,WHEEL
587,02:22 PM,04-25-2026,04-25-2026 14:22:57,0,0,eGFP4,WHEEL
588,02:22 PM,04-25-2026,04-25-2026 14:22:58,0,0,eGFP4,WHEEL
589,02:22 PM,04-25-2026,04-25-2026 14:22:59,0,0,eGFP4,WHEEL
590,02:23 PM,04-25-2026,04-25-2026 14:23:01,0,0,eGFP4,WHEEL
591,02:23 PM,04-25-2026,04-25-2026 14:23:01,0,0,eGFP4,WHEEL
592,02:23 PM,04-25-2026,04-25-2026 14:23:02,0,0,eGFP4,WHEEL
593,02:23 PM,04-25-2026,04-25-2026 14:23:02,0,0,eGFP4,WHEEL
594,02:23 PM,04-25-2026,04-25-2026 14:23:03,0,0,eGFP4,WHEEL
595,02:23 PM,04-25-2026,04-25-2026 14:23:04,0,0,eGFP4,WHEEL
596,02:23 PM,04-25-2026,04-25-2026 14:23:04,0,0,eGFP4,WHEEL
597,02:23 PM,04-25-2026,04-25-2026 14:23:05,0,0,eGFP4,WHEEL
598,02:23 PM,04-25-2026,04-25-2026 14:23:06,0,0,eGFP4,WHEEL
599,02:23 PM,04-25-2026,04-25-2026 14:23:06,0,0,eGFP4,WHEEL
600,02:23 PM,04-25-2026,04-25-2026 14:23:07,0,0,eGFP4,WHEEL
601,02:23 PM,04-25-2026,04-25-2026 14:23:07,0,0,eGFP4,WHEEL
602,02:23 PM,04-25-2026,04-25-2026 14:23:29,0,0,eGFP4,WHEEL
603,02:23 PM,04-25-2026,04-25-2026 14:23:30,0,0,eGFP4,WHEEL
604,02:23 PM,04-25-2026,04-25-2026 14:23:30,0,0,eGFP4,WHEEL
605,02:23 PM,04-25-2026,04-25-2026 14:23:31,0,0,eGFP4,WHEEL
606,02:23 PM,04-25-2026,04-25-2026 14:23:31,0,0,eGFP4,WHEEL
607,02:23 PM,04-25-2026,04-25-2026 14:23:36,0,0,eGFP4,WHEEL
608,02:23 PM,04-25-2026,04-25-2026 14:23:36,0,0,eGFP4,WHEEL
609,02:23 PM,04-25-2026,04-25-2026 14:23:37,0,0,eGFP4,WHEEL
610,02:23 PM,04-25-2026,04-25-2026 14:23:37,0,0,eGFP4,WHEEL
611,02:23 PM,04-25-2026,04-25-2026 14:23:38,0,0,eGFP4,WHEEL
612,02:23 PM,04-25-2026,04-25-2026 14:23:39,0,0,eGFP4,WHEEL
613,02:23 PM,04-25-2026,04-25-2026 14:23:40,0,0,eGFP4,WHEEL
614,02:23 PM,04-25-2026,04-25-2026 14:23:41,0,0,eGFP4,WHEEL
615,02:23 PM,04-25-2026,04-25-2026 14:23:42,0,0,eGFP4,WHEEL
616,02:23 PM,04-25-2026,04-25-2026 14:23:42,0,0,eGFP4,WHEEL
617,02:23 PM,04-25-2026,04-25-2026 14:23:43,0,0,eGFP4,WHEEL
618,02:23 PM,04-25-2026,04-25-2026 14:23:49,0,0,eGFP4,WHEEL
619,02:23 PM,04-25-2026,04-25-2026 14:23:49,0,0,eGFP4,WHEEL
620,02:23 PM,04-25-2026,04-25-2026 14:23:50,0,0,eGFP4,WHEEL
621,02:23 PM,04-25-2026,04-25-2026 14:23:50,0,0,eGFP4,WHEEL
622,02:23 PM,04-25-2026,04-25-2026 14:23:50,0,0,eGFP4,WHEEL
623,02:23 PM,04-25-2026,04-25-2026 14:23:52,0,0,eGFP4,WHEEL
624,02:23 PM,04-25-2026,04-25-2026 14:23:55,0,0,eGFP4,WHEEL
625,02:23 PM,04-25-2026,04-25-2026 14:23:59,0,0,eGFP4,WHEEL
626,02:24 PM,04-25-2026,04-25-2026 14:24:00,0,0,eGFP4,WHEEL
627,02:24 PM,04-25-2026,04-25-2026 14:24:01,0,0,eGFP4,WHEEL
628,02:24 PM,04-25-2026,04-25-2026 14:24:02,0,0,eGFP4,WHEEL
629,02:24 PM,04-25-2026,04-25-2026 14:24:02,0,0,eGFP4,WHEEL
630,02:24 PM,04-25-2026,04-25-2026 14:24:03,0,0,eGFP4,WHEEL
631,02:24 PM,04-25-2026,04-25-2026 14:24:04,0,0,eGFP4,WHEEL
632,02:24 PM,04-25-2026,04-25-2026 14:24:04,0,0,eGFP4,WHEEL
633,02:24 PM,04-25-2026,04-25-2026 14:24:05,0,0,eGFP4,WHEEL
634,02:24 PM,04-25-2026,04-25-2026 14:24:06,0,0,eGFP4,WHEEL
635,02:24 PM,04-25-2026,04-25-2026 14:24:06,0,0,eGFP4,WHEEL
636,02:24 PM,04-25-2026,04-25-2026 14:24:07,0,0,eGFP4,WHEEL
637,02:24 PM,04-25-2026,04-25-2026 14:24:08,0,0,eGFP4,WHEEL
638,02:24 PM,04-25-2026,04-25-2026 14:24:10,0,0,eGFP4,WHEEL
639,02:24 PM,04-25-2026,04-25-2026 14:24:12,0,0,eGFP4,WHEEL
640,02:24 PM,04-25-2026,04-25-2026 14:24:15,0,0,eGFP4,WHEEL
641,02:24 PM,04-25-2026,04-25-2026 14:24:16,0,0,eGFP4,WHEEL
642,02:24 PM,04-25-2026,04-25-2026 14:24:17,0,0,eGFP4,WHEEL
643,02:24 PM,04-25-2026,04-25-2026 14:24:18,0,0,eGFP4,WHEEL
644,02:24 PM,04-25-2026,04-25-2026 14:24:18,0,0,eGFP4,WHEEL
645,02:24 PM,04-25-2026,04-25-2026 14:24:19,0,0,eGFP4,WHEEL
646,02:24 PM,04-25-2026,04-25-2026 14:24:20,0,0,eGFP4,WHEEL
647,02:25 PM,04-25-2026,04-25-2026 14:25:01,0,0,eGFP4,WHEEL
648,02:25 PM,04-25-2026,04-25-2026 14:25:02,0,0,eGFP4,WHEEL
649,02:25 PM,04-25-2026,04-25-2026 14:25:03,0,0,eGFP4,WHEEL
650,02:25 PM,04-25-2026,04-25-2026 14:25:04,0,0,eGFP4,WHEEL
651,02:25 PM,04-25-2026,04-25-2026 14:25:04,0,0,eGFP4,WHEEL
652,02:25 PM,04-25-2026,04-25-2026 14:25:05,0,0,eGFP4,WHEEL
653,02:25 PM,04-25-2026,04-25-2026 14:25:14,0,0,eGFP4,WHEEL
654,02:25 PM,04-25-2026,04-25-2026 14:25:14,0,0,eGFP4,WHEEL
655,02:25 PM,04-25-2026,04-25-2026 14:25:15,0,0,eGFP4,WHEEL
656,02:25 PM,04-25-2026,04-25-2026 14:25:15,0,0,eGFP4,WHEEL
657,02:25 PM,04-25-2026,04-25-2026 14:25:16,0,0,eGFP4,WHEEL
658,02:25 PM,04-25-2026,04-25-2026 14:25:21,0,0,eGFP4,WHEEL
659,02:25 PM,04-25-2026,04-25-2026 14:25:22,0,0,eGFP4,WHEEL
660,02:25 PM,04-25-2026,04-25-2026 14:25:22,0,0,eGFP4,WHEEL
661,02:25 PM,04-25-2026,04-25-2026 14:25:25,0,0,eGFP4,WHEEL
662,02:25 PM,04-25-2026,04-25-2026 14:25:25,0,0,eGFP4,WHEEL
663,02:25 PM,04-25-2026,04-25-2026 14:25:26,0,0,eGFP4,WHEEL
664,02:25 PM,04-25-2026,04-25-2026 14:25:26,0,0,eGFP4,WHEEL
665,02:25 PM,04-25-2026,04-25-2026 14:25:27,0,0,eGFP4,WHEEL
666,02:25 PM,04-25-2026,04-25-2026 14:25:28,0,0,eGFP4,WHEEL
667,02:25 PM,04-25-2026,04-25-2026 14:25:31,0,0,eGFP4,WHEEL
668,02:25 PM,04-25-2026,04-25-2026 14:25:33,0,0,eGFP4,WHEEL
669,02:25 PM,04-25-2026,04-25-2026 14:25:33,0,0,eGFP4,WHEEL
670,02:25 PM,04-25-2026,04-25-2026 14:25:34,0,0,eGFP4,WHEEL
671,02:25 PM,04-25-2026,04-25-2026 14:25:34,0,0,eGFP4,WHEEL
672,02:25 PM,04-25-2026,04-25-2026 14:25:35,0,0,eGFP4,WHEEL
673,02:25 PM,04-25-2026,04-25-2026 14:25:36,0,0,eGFP4,WHEEL
674,02:25 PM,04-25-2026,04-25-2026 14:25:36,0,0,eGFP4,WHEEL
675,02:25 PM,04-25-2026,04-25-2026 14:25:38,0,0,eGFP4,WHEEL
676,02:25 PM,04-25-2026,04-25-2026 14:25:39,0,0,eGFP4,WHEEL
677,02:25 PM,04-25-2026,04-25-2026 14:25:39,0,0,eGFP4,WHEEL
678,02:25 PM,04-25-2026,04-25-2026 14:25:40,0,0,eGFP4,WHEEL
679,02:25 PM,04-25-2026,04-25-2026 14:25:43,0,0,eGFP4,WHEEL
680,02:25 PM,04-25-2026,04-25-2026 14:25:43,0,0,eGFP4,WHEEL
681,02:25 PM,04-25-2026,04-25-2026 14:25:44,0,0,eGFP4,WHEEL
682,02:25 PM,04-25-2026,04-25-2026 14:25:46,0,0,eGFP4,WHEEL
683,02:25 PM,04-25-2026,04-25-2026 14:25:47,0,0,eGFP4,WHEEL
684,02:25 PM,04-25-2026,04-25-2026 14:25:51,0,0,eGFP4,WHEEL
685,02:25 PM,04-25-2026,04-25-2026 14:25:52,0,0,eGFP4,WHEEL
686,02:25 PM,04-25-2026,04-25-2026 14:25:54,0,0,eGFP4,WHEEL
687,02:25 PM,04-25-2026,04-25-2026 14:25:55,0,0,eGFP4,WHEEL
688,02:25 PM,04-25-2026,04-25-2026 14:25:56,0,0,eGFP4,WHEEL
689,02:25 PM,04-25-2026,04-25-2026 14:25:58,0,0,eGFP4,WHEEL
690,02:25 PM,04-25-2026,04-25-2026 14:25:59,0,0,eGFP4,WHEEL
691,02:26 PM,04-25-2026,04-25-2026 14:26:01,0,0,eGFP4,WHEEL
692,02:26 PM,04-25-2026,04-25-2026 14:26:02,0,0,eGFP4,WHEEL
693,02:26 PM,04-25-2026,04-25-2026 14:26:03,0,0,eGFP4,WHEEL
694,02:26 PM,04-25-2026,04-25-2026 14:26:03,0,0,eGFP4,WHEEL
695,02:26 PM,04-25-2026,04-25-2026 14:26:04,0,0,eGFP4,WHEEL
696,02:26 PM,04-25-2026,04-25-2026 14:26:05,0,0,eGFP4,WHEEL
697,02:26 PM,04-25-2026,04-25-2026 14:26:05,0,0,eGFP4,WHEEL
698,02:26 PM,04-25-2026,04-25-2026 14:26:22,0,0,eGFP4,WHEEL
699,02:26 PM,04-25-2026,04-25-2026 14:26:36,0,0,eGFP4,WHEEL
700,02:26 PM,04-25-2026,04-25-2026 14:26:38,0,0,eGFP4,WHEEL
701,02:26 PM,04-25-2026,04-25-2026 14:26:40,0,0,eGFP4,WHEEL
702,02:26 PM,04-25-2026,04-25-2026 14:26:40,0,0,eGFP4,WHEEL
703,02:26 PM,04-25-2026,04-25-2026 14:26:41,0,0,eGFP4,WHEEL
704,02:26 PM,04-25-2026,04-25-2026 14:26:42,0,0,eGFP4,WHEEL
705,02:26 PM,04-25-2026,04-25-2026 14:26:43,0,0,eGFP4,WHEEL
706,02:26 PM,04-25-2026,04-25-2026 14:26:50,0,0,eGFP4,WHEEL
707,02:26 PM,04-25-2026,04-25-2026 14:26:51,0,0,eGFP4,WHEEL
708,02:26 PM,04-25-2026,04-25-2026 14:26:54,0,0,eGFP4,WHEEL
709,02:26 PM,04-25-2026,04-25-2026 14:26:55,0,0,eGFP4,WHEEL
710,02:26 PM,04-25-2026,04-25-2026 14:26:56,0,0,eGFP4,WHEEL
711,02:26 PM,04-25-2026,04-25-2026 14:26:56,0,0,eGFP4,WHEEL
712,02:26 PM,04-25-2026,04-25-2026 14:26:57,0,0,eGFP4,WHEEL
713,02:27 PM,04-25-2026,04-25-2026 14:27:13,0,0,eGFP4,WHEEL
714,02:27 PM,04-25-2026,04-25-2026 14:27:14,0,0,eGFP4,WHEEL
715,02:27 PM,04-25-2026,04-25-2026 14:27:14,0,0,eGFP4,WHEEL
716,02:27 PM,04-25-2026,04-25-2026 14:27:15,0,0,eGFP4,WHEEL
717,02:27 PM,04-25-2026,04-25-2026 14:27:15,0,0,eGFP4,WHEEL
718,02:27 PM,04-25-2026,04-25-2026 14:27:16,0,0,eGFP4,WHEEL
719,02:27 PM,04-25-2026,04-25-2026 14:27:18,0,0,eGFP4,WHEEL
720,02:27 PM,04-25-2026,04-25-2026 14:27:18,0,0,eGFP4,WHEEL
721,02:27 PM,04-25-2026,04-25-2026 14:27:19,0,0,eGFP4,WHEEL
722,02:27 PM,04-25-2026,04-25-2026 14:27:20,0,0,eGFP4,WHEEL
723,02:27 PM,04-25-2026,04-25-2026 14:27:20,0,0,eGFP4,WHEEL
724,02:27 PM,04-25-2026,04-25-2026 14:27:21,0,0,eGFP4,WHEEL
725,02:27 PM,04-25-2026,04-25-2026 14:27:22,0,0,eGFP4,WHEEL
726,02:27 PM,04-25-2026,04-25-2026 14:27:23,0,0,eGFP4,WHEEL
727,02:27 PM,04-25-2026,04-25-2026 14:27:24,0,0,eGFP4,WHEEL
728,02:27 PM,04-25-2026,04-25-2026 14:27:25,0,0,eGFP4,WHEEL
729,02:27 PM,04-25-2026,04-25-2026 14:27:25,0,0,eGFP4,WHEEL
730,02:27 PM,04-25-2026,04-25-2026 14:27:26,0,0,eGFP4,WHEEL
731,02:27 PM,04-25-2026,04-25-2026 14:27:31,0,0,eGFP4,WHEEL
732,02:27 PM,04-25-2026,04-25-2026 14:27:31,0,0,eGFP4,WHEEL
733,02:27 PM,04-25-2026,04-25-2026 14:27:32,0,0,eGFP4,WHEEL
734,02:27 PM,04-25-2026,04-25-2026 14:27:32,0,0,eGFP4,WHEEL
735,02:27 PM,04-25-2026,04-25-2026 14:27:33,0,0,eGFP4,WHEEL
736,02:27 PM,04-25-2026,04-25-2026 14:27:34,0,0,eGFP4,WHEEL
737,02:27 PM,04-25-2026,04-25-2026 14:27:34,0,0,eGFP4,WHEEL
738,02:27 PM,04-25-2026,04-25-2026 14:27:35,0,0,eGFP4,WHEEL
739,02:27 PM,04-25-2026,04-25-2026 14:27:35,0,0,eGFP4,WHEEL
740,02:27 PM,04-25-2026,04-25-2026 14:27:36,0,0,eGFP4,WHEEL
741,02:27 PM,04-25-2026,04-25-2026 14:27:36,0,0,eGFP4,WHEEL
742,02:27 PM,04-25-2026,04-25-2026 14:27:37,0,0,eGFP4,WHEEL
743,02:27 PM,04-25-2026,04-25-2026 14:27:38,0,0,eGFP4,WHEEL
744,02:27 PM,04-25-2026,04-25-2026 14:27:40,0,0,eGFP4,WHEEL
745,02:27 PM,04-25-2026,04-25-2026 14:27:41,0,0,eGFP4,WHEEL
746,02:27 PM,04-25-2026,04-25-2026 14:27:41,0,0,eGFP4,WHEEL
747,02:27 PM,04-25-2026,04-25-2026 14:27:42,0,0,eGFP4,WHEEL
748,02:27 PM,04-25-2026,04-25-2026 14:27:42,0,0,eGFP4,WHEEL
749,02:27 PM,04-25-2026,04-25-2026 14:27:43,0,0,eGFP4,WHEEL
750,02:27 PM,04-25-2026,04-25-2026 14:27:43,0,0,eGFP4,WHEEL
751,02:27 PM,04-25-2026,04-25-2026 14:27:44,0,0,eGFP4,WHEEL
752,02:27 PM,04-25-2026,04-25-2026 14:27:44,0,0,eGFP4,WHEEL
753,02:27 PM,04-25-2026,04-25-2026 14:27:45,0,0,eGFP4,WHEEL
754,02:27 PM,04-25-2026,04-25-2026 14:27:50,0,0,eGFP4,WHEEL
755,02:27 PM,04-25-2026,04-25-2026 14:27:50,0,0,eGFP4,WHEEL
756,02:27 PM,04-25-2026,04-25-2026 14:27:51,0,0,eGFP4,WHEEL
757,02:27 PM,04-25-2026,04-25-2026 14:27:53,0,0,eGFP4,WHEEL
758,02:27 PM,04-25-2026,04-25-2026 14:27:53,0,0,eGFP4,WHEEL
759,02:27 PM,04-25-2026,04-25-2026 14:27:54,0,0,eGFP4,WHEEL
760,02:27 PM,04-25-2026,04-25-2026 14:27:55,0,0,eGFP4,WHEEL
761,02:27 PM,04-25-2026,04-25-2026 14:27:57,0,0,eGFP4,WHEEL
762,02:27 PM,04-25-2026,04-25-2026 14:27:57,0,0,eGFP4,WHEEL
763,02:27 PM,04-25-2026,04-25-2026 14:27:59,0,0,eGFP4,WHEEL
764,02:28 PM,04-25-2026,04-25-2026 14:28:00,0,0,eGFP4,WHEEL
765,02:28 PM,04-25-2026,04-25-2026 14:28:00,0,0,eGFP4,WHEEL
766,02:28 PM,04-25-2026,04-25-2026 14:28:01,0,0,eGFP4,WHEEL
767,02:28 PM,04-25-2026,04-25-2026 14:28:05,0,0,eGFP4,WHEEL
768,02:28 PM,04-25-2026,04-25-2026 14:28:05,0,0,eGFP4,WHEEL
769,02:28 PM,04-25-2026,04-25-2026 14:28:06,0,0,eGFP4,WHEEL
770,02:28 PM,04-25-2026,04-25-2026 14:28:07,0,0,eGFP4,WHEEL
771,02:28 PM,04-25-2026,04-25-2026 14:28:07,0,0,eGFP4,WHEEL
772,02:28 PM,04-25-2026,04-25-2026 14:28:08,0,0,eGFP4,WHEEL
773,02:28 PM,04-25-2026,04-25-2026 14:28:10,0,0,eGFP4,WHEEL
774,02:28 PM,04-25-2026,04-25-2026 14:28:12,0,0,eGFP4,WHEEL
775,02:28 PM,04-25-2026,04-25-2026 14:28:13,0,0,eGFP4,WHEEL
776,02:28 PM,04-25-2026,04-25-2026 14:28:14,0,0,eGFP4,WHEEL
777,02:28 PM,04-25-2026,04-25-2026 14:28:15,0,0,eGFP4,WHEEL
778,02:28 PM,04-25-2026,04-25-2026 14:28:16,0,0,eGFP4,WHEEL
779,02:28 PM,04-25-2026,04-25-2026 14:28:16,0,0,eGFP4,WHEEL
780,02:28 PM,04-25-2026,04-25-2026 14:28:31,0,0,eGFP4,WHEEL
781,02:28 PM,04-25-2026,04-25-2026 14:28:32,0,0,eGFP4,WHEEL
782,02:28 PM,04-25-2026,04-25-2026 14:28:33,0,0,eGFP4,WHEEL
783,02:28 PM,04-25-2026,04-25-2026 14:28:33,0,0,eGFP4,WHEEL
784,02:28 PM,04-25-2026,04-25-2026 14:28:34,0,0,eGFP4,WHEEL
785,02:28 PM,04-25-2026,04-25-2026 14:28:35,0,0,eGFP4,WHEEL
786,02:28 PM,04-25-2026,04-25-2026 14:28:36,0,0,eGFP4,WHEEL
787,02:28 PM,04-25-2026,04-25-2026 14:28:37,0,0,eGFP4,WHEEL
788,02:28 PM,04-25-2026,04-25-2026 14:28:38,0,0,eGFP4,WHEEL
789,02:28 PM,04-25-2026,04-25-2026 14:28:39,0,0,eGFP4,WHEEL
790,02:28 PM,04-25-2026,04-25-2026 14:28:39,0,0,eGFP4,WHEEL
791,02:28 PM,04-25-2026,04-25-2026 14:28:40,0,0,eGFP4,WHEEL
792,02:28 PM,04-25-2026,04-25-2026 14:28:40,0,0,eGFP4,WHEEL
793,02:28 PM,04-25-2026,04-25-2026 14:28:41,0,0,eGFP4,WHEEL
794,02:28 PM,04-25-2026,04-25-2026 14:28:42,0,0,eGFP4,WHEEL
795,02:28 PM,04-25-2026,04-25-2026 14:28:43,0,0,eGFP4,WHEEL
796,02:28 PM,04-25-2026,04-25-2026 14:28:43,0,0,eGFP4,WHEEL
797,02:28 PM,04-25-2026,04-25-2026 14:28:45,0,0,eGFP4,WHEEL
798,02:28 PM,04-25-2026,04-25-2026 14:28:49,0,0,eGFP4,WHEEL
799,02:28 PM,04-25-2026,04-25-2026 14:28:50,0,0,eGFP4,WHEEL
800,02:28 PM,04-25-2026,04-25-2026 14:28:50,0,0,eGFP4,WHEEL
801,02:28 PM,04-25-2026,04-25-2026 14:28:51,0,0,eGFP4,WHEEL
802,02:28 PM,04-25-2026,04-25-2026 14:28:52,0,0,eGFP4,WHEEL
803,02:28 PM,04-25-2026,04-25-2026 14:28:54,0,0,eGFP4,WHEEL
804,02:28 PM,04-25-2026,04-25-2026 14:28:55,0,0,eGFP4,WHEEL
805,02:28 PM,04-25-2026,04-25-2026 14:28:55,0,0,eGFP4,WHEEL
806,02:28 PM,04-25-2026,04-25-2026 14:28:56,0,0,eGFP4,WHEEL
807,02:28 PM,04-25-2026,04-25-2026 14:28:56,0,0,eGFP4,WHEEL
808,02:28 PM,04-25-2026,04-25-2026 14:28:57,0,0,eGFP4,WHEEL
809,02:28 PM,04-25-2026,04-25-2026 14:28:58,0,0,eGFP4,WHEEL
810,02:28 PM,04-25-2026,04-25-2026 14:28:58,0,0,eGFP4,WHEEL
811,02:28 PM,04-25-2026,04-25-2026 14:28:59,0,0,eGFP4,WHEEL
812,02:29 PM,04-25-2026,04-25-2026 14:29:01,0,0,eGFP4,WHEEL
813,02:29 PM,04-25-2026,04-25-2026 14:29:02,0,0,eGFP4,WHEEL
814,02:29 PM,04-25-2026,04-25-2026 14:29:02,0,0,eGFP4,WHEEL
815,02:29 PM,04-25-2026,04-25-2026 14:29:03,0,0,eGFP4,WHEEL
816,02:29 PM,04-25-2026,04-25-2026 14:29:04,0,0,eGFP4,WHEEL
817,02:29 PM,04-25-2026,04-25-2026 14:29:06,0,0,eGFP4,WHEEL
818,02:29 PM,04-25-2026,04-25-2026 14:29:06,0,0,eGFP4,WHEEL
819,02:29 PM,04-25-2026,04-25-2026 14:29:07,0,0,eGFP4,WHEEL
820,02:29 PM,04-25-2026,04-25-2026 14:29:11,0,0,eGFP4,WHEEL
821,02:29 PM,04-25-2026,04-25-2026 14:29:13,0,0,eGFP4,WHEEL
822,02:29 PM,04-25-2026,04-25-2026 14:29:14,0,0,eGFP4,WHEEL
823,02:29 PM,04-25-2026,04-25-2026 14:29:14,0,0,eGFP4,WHEEL
824,02:29 PM,04-25-2026,04-25-2026 14:29:14,0,0,eGFP4,WHEEL
825,02:29 PM,04-25-2026,04-25-2026 14:29:16,0,0,eGFP4,WHEEL
826,02:29 PM,04-25-2026,04-25-2026 14:29:17,0,0,eGFP4,WHEEL
827,02:29 PM,04-25-2026,04-25-2026 14:29:17,0,0,eGFP4,WHEEL
828,02:29 PM,04-25-2026,04-25-2026 14:29:18,0,0,eGFP4,WHEEL
829,02:29 PM,04-25-2026,04-25-2026 14:29:19,0,0,eGFP4,WHEEL
830,02:29 PM,04-25-2026,04-25-2026 14:29:21,0,0,eGFP4,WHEEL
831,02:29 PM,04-25-2026,04-25-2026 14:29:22,0,0,eGFP4,WHEEL
832,02:31 PM,04-25-2026,04-25-2026 14:31:17,0,0,eGFP4,WHEEL
833,02:31 PM,04-25-2026,04-25-2026 14:31:18,0,0,eGFP4,WHEEL
834,02:31 PM,04-25-2026,04-25-2026 14:31:24,0,0,eGFP4,WHEEL
835,02:31 PM,04-25-2026,04-25-2026 14:31:25,0,0,eGFP4,WHEEL
836,02:31 PM,04-25-2026,04-25-2026 14:31:36,0,0,eGFP4,WHEEL
837,02:31 PM,04-25-2026,04-25-2026 14:31:37,0,0,eGFP4,WHEEL
838,02:31 PM,04-25-2026,04-25-2026 14:31:43,0,0,eGFP4,WHEEL
839,02:31 PM,04-25-2026,04-25-2026 14:31:44,0,0,eGFP4,WHEEL
840,02:31 PM,04-25-2026,04-25-2026 14:31:45,0,0,eGFP4,WHEEL
841,02:31 PM,04-25-2026,04-25-2026 14:31:46,0,0,eGFP4,WHEEL
842,02:31 PM,04-25-2026,04-25-2026 14:31:47,0,0,eGFP4,WHEEL
843,02:31 PM,04-25-2026,04-25-2026 14:31:48,0,0,eGFP4,WHEEL
844,02:31 PM,04-25-2026,04-25-2026 14:31:48,0,0,eGFP4,WHEEL
845,02:31 PM,04-25-2026,04-25-2026 14:31:49,0,0,eGFP4,WHEEL
846,02:31 PM,04-25-2026,04-25-2026 14:31:53,0,0,eGFP4,WHEEL
847,02:32 PM,04-25-2026,04-25-2026 14:32:02,0,0,eGFP4,WHEEL
848,02:32 PM,04-25-2026,04-25-2026 14:32:03,0,0,eGFP4,WHEEL
849,02:32 PM,04-25-2026,04-25-2026 14:32:04,0,0,eGFP4,WHEEL
850,02:32 PM,04-25-2026,04-25-2026 14:32:04,0,0,eGFP4,WHEEL
851,02:32 PM,04-25-2026,04-25-2026 14:32:05,0,0,eGFP4,WHEEL
852,02:32 PM,04-25-2026,04-25-2026 14:32:06,0,0,eGFP4,WHEEL
853,02:32 PM,04-25-2026,04-25-2026 14:32:07,0,0,eGFP4,WHEEL
854,02:32 PM,04-25-2026,04-25-2026 14:32:07,0,0,eGFP4,WHEEL
855,02:32 PM,04-25-2026,04-25-2026 14:32:08,0,0,eGFP4,WHEEL
856,02:32 PM,04-25-2026,04-25-2026 14:32:09,0,0,eGFP4,WHEEL
857,02:32 PM,04-25-2026,04-25-2026 14:32:18,0,0,eGFP4,WHEEL
858,02:32 PM,04-25-2026,04-25-2026 14:32:22,0,0,eGFP4,WHEEL
859,02:32 PM,04-25-2026,04-25-2026 14:32:22,0,0,eGFP4,WHEEL
860,02:32 PM,04-25-2026,04-25-2026 14:32:23,0,0,eGFP4,WHEEL
861,02:32 PM,04-25-2026,04-25-2026 14:32:24,0,0,eGFP4,WHEEL
862,02:32 PM,04-25-2026,04-25-2026 14:32:24,0,0,eGFP4,WHEEL
863,02:32 PM,04-25-2026,04-25-2026 14:32:25,0,0,eGFP4,WHEEL
864,02:32 PM,04-25-2026,04-25-2026 14:32:26,0,0,eGFP4,WHEEL
865,02:32 PM,04-25-2026,04-25-2026 14:32:26,0,0,eGFP4,WHEEL
866,02:32 PM,04-25-2026,04-25-2026 14:32:27,0,0,eGFP4,WHEEL
867,02:32 PM,04-25-2026,04-25-2026 14:32:28,0,0,eGFP4,WHEEL
868,02:32 PM,04-25-2026,04-25-2026 14:32:31,0,0,eGFP4,WHEEL
869,02:32 PM,04-25-2026,04-25-2026 14:32:32,0,0,eGFP4,WHEEL
870,02:32 PM,04-25-2026,04-25-2026 14:32:32,0,0,eGFP4,WHEEL
871,02:32 PM,04-25-2026,04-25-2026 14:32:33,0,0,eGFP4,WHEEL
872,02:32 PM,04-25-2026,04-25-2026 14:32:33,0,0,eGFP4,WHEEL
873,02:32 PM,04-25-2026,04-25-2026 14:32:37,0,0,eGFP4,WHEEL
874,02:32 PM,04-25-2026,04-25-2026 14:32:39,0,0,eGFP4,WHEEL
875,02:32 PM,04-25-2026,04-25-2026 14:32:40,0,0,eGFP4,WHEEL
876,02:32 PM,04-25-2026,04-25-2026 14:32:41,0,0,eGFP4,WHEEL
877,02:32 PM,04-25-2026,04-25-2026 14:32:45,0,0,eGFP4,WHEEL
878,02:32 PM,04-25-2026,04-25-2026 14:32:47,0,0,eGFP4,WHEEL
879,02:32 PM,04-25-2026,04-25-2026 14:32:49,0,0,eGFP4,WHEEL
880,02:32 PM,04-25-2026,04-25-2026 14:32:50,0,0,eGFP4,WHEEL
881,02:32 PM,04-25-2026,04-25-2026 14:32:51,0,0,eGFP4,WHEEL
882,02:32 PM,04-25-2026,04-25-2026 14:32:54,0,0,eGFP4,WHEEL
883,02:32 PM,04-25-2026,04-25-2026 14:32:55,0,0,eGFP4,WHEEL
884,02:32 PM,04-25-2026,04-25-2026 14:32:57,0,0,eGFP4,WHEEL
885,02:33 PM,04-25-2026,04-25-2026 14:33:00,0,0,eGFP4,WHEEL
886,02:33 PM,04-25-2026,04-25-2026 14:33:00,0,0,eGFP4,WHEEL
887,02:33 PM,04-25-2026,04-25-2026 14:33:01,0,0,eGFP4,WHEEL
888,02:33 PM,04-25-2026,04-25-2026 14:33:02,0,0,eGFP4,WHEEL
889,02:33 PM,04-25-2026,04-25-2026 14:33:02,0,0,eGFP4,WHEEL
890,02:33 PM,04-25-2026,04-25-2026 14:33:03,0,0,eGFP4,WHEEL
891,02:33 PM,04-25-2026,04-25-2026 14:33:05,0,0,eGFP4,WHEEL
892,02:33 PM,04-25-2026,04-25-2026 14:33:06,0,0,eGFP4,WHEEL
893,02:33 PM,04-25-2026,04-25-2026 14:33:06,0,0,eGFP4,WHEEL
894,02:33 PM,04-25-2026,04-25-2026 14:33:07,0,0,eGFP4,WHEEL
895,02:33 PM,04-25-2026,04-25-2026 14:33:08,0,0,eGFP4,WHEEL
896,02:33 PM,04-25-2026,04-25-2026 14:33:09,0,0,eGFP4,WHEEL
897,02:33 PM,04-25-2026,04-25-2026 14:33:09,0,0,eGFP4,WHEEL
898,02:33 PM,04-25-2026,04-25-2026 14:33:10,0,0,eGFP4,WHEEL
899,02:33 PM,04-25-2026,04-25-2026 14:33:12,0,0,eGFP4,WHEEL
900,02:33 PM,04-25-2026,04-25-2026 14:33:47,0,0,eGFP4,WHEEL
901,02:34 PM,04-25-2026,04-25-2026 14:34:05,0,0,eGFP4,WHEEL
902,02:34 PM,04-25-2026,04-25-2026 14:34:10,0,0,eGFP4,WHEEL
903,02:34 PM,04-25-2026,04-25-2026 14:34:15,0,0,eGFP4,WHEEL
904,02:34 PM,04-25-2026,04-25-2026 14:34:16,0,0,eGFP4,WHEEL
905,02:34 PM,04-25-2026,04-25-2026 14:34:17,0,0,eGFP4,WHEEL
906,02:34 PM,04-25-2026,04-25-2026 14:34:17,0,0,eGFP4,WHEEL
907,02:34 PM,04-25-2026,04-25-2026 14:34:19,0,0,eGFP4,WHEEL
908,02:34 PM,04-25-2026,04-25-2026 14:34:25,0,0,eGFP4,WHEEL
909,02:34 PM,04-25-2026,04-25-2026 14:34:32,0,0,eGFP4,WHEEL
910,02:34 PM,04-25-2026,04-25-2026 14:34:32,0,0,eGFP4,WHEEL
911,02:34 PM,04-25-2026,04-25-2026 14:34:33,0,0,eGFP4,WHEEL
912,02:34 PM,04-25-2026,04-25-2026 14:34:35,0,0,eGFP4,WHEEL
913,02:34 PM,04-25-2026,04-25-2026 14:34:36,0,0,eGFP4,WHEEL
914,02:34 PM,04-25-2026,04-25-2026 14:34:36,0,0,eGFP4,WHEEL
915,02:34 PM,04-25-2026,04-25-2026 14:34:37,0,0,eGFP4,WHEEL
916,02:34 PM,04-25-2026,04-25-2026 14:34:39,0,0,eGFP4,WHEEL
917,02:34 PM,04-25-2026,04-25-2026 14:34:40,0,0,eGFP4,WHEEL
918,02:34 PM,04-25-2026,04-25-2026 14:34:41,0,0,eGFP4,WHEEL
919,02:34 PM,04-25-2026,04-25-2026 14:34:41,0,0,eGFP4,WHEEL
920,02:34 PM,04-25-2026,04-25-2026 14:34:45,0,0,eGFP4,WHEEL
921,02:34 PM,04-25-2026,04-25-2026 14:34:46,0,0,eGFP4,WHEEL
922,02:34 PM,04-25-2026,04-25-2026 14:34:47,0,0,eGFP4,WHEEL
923,02:34 PM,04-25-2026,04-25-2026 14:34:48,0,0,eGFP4,WHEEL
924,02:34 PM,04-25-2026,04-25-2026 14:34:49,0,0,eGFP4,WHEEL
925,02:34 PM,04-25-2026,04-25-2026 14:34:50,0,0,eGFP4,WHEEL
926,02:34 PM,04-25-2026,04-25-2026 14:34:51,0,0,eGFP4,WHEEL
927,02:34 PM,04-25-2026,04-25-2026 14:34:52,0,0,eGFP4,WHEEL
928,02:34 PM,04-25-2026,04-25-2026 14:34:53,0,0,eGFP4,WHEEL
929,02:34 PM,04-25-2026,04-25-2026 14:34:53,0,0,eGFP4,WHEEL
930,02:34 PM,04-25-2026,04-25-2026 14:34:58,0,0,eGFP4,WHEEL
931,02:34 PM,04-25-2026,04-25-2026 14:34:59,0,0,eGFP4,WHEEL
932,02:35 PM,04-25-2026,04-25-2026 14:35:00,0,0,eGFP4,WHEEL
933,02:35 PM,04-25-2026,04-25-2026 14:35:01,0,0,eGFP4,WHEEL
934,02:35 PM,04-25-2026,04-25-2026 14:35:01,0,0,eGFP4,WHEEL
935,02:35 PM,04-25-2026,04-25-2026 14:35:03,0,0,eGFP4,WHEEL
936,02:35 PM,04-25-2026,04-25-2026 14:35:04,0,0,eGFP4,WHEEL
937,02:35 PM,04-25-2026,04-25-2026 14:35:05,0,0,eGFP4,WHEEL
938,02:35 PM,04-25-2026,04-25-2026 14:35:06,0,0,eGFP4,WHEEL
939,02:35 PM,04-25-2026,04-25-2026 14:35:07,0,0,eGFP4,WHEEL
940,02:35 PM,04-25-2026,04-25-2026 14:35:07,0,0,eGFP4,WHEEL
941,02:35 PM,04-25-2026,04-25-2026 14:35:25,0,0,eGFP4,WHEEL
942,02:35 PM,04-25-2026,04-25-2026 14:35:26,0,0,eGFP4,WHEEL
943,02:35 PM,04-25-2026,04-25-2026 14:35:27,0,0,eGFP4,WHEEL
944,02:35 PM,04-25-2026,04-25-2026 14:35:27,0,0,eGFP4,WHEEL
945,02:35 PM,04-25-2026,04-25-2026 14:35:32,0,0,eGFP4,WHEEL
946,02:35 PM,04-25-2026,04-25-2026 14:35:32,0,0,eGFP4,WHEEL
947,02:35 PM,04-25-2026,04-25-2026 14:35:33,0,0,eGFP4,WHEEL
948,02:35 PM,04-25-2026,04-25-2026 14:35:33,0,0,eGFP4,WHEEL
949,02:35 PM,04-25-2026,04-25-2026 14:35:37,0,0,eGFP4,WHEEL
950,02:35 PM,04-25-2026,04-25-2026 14:35:37,0,0,eGFP4,WHEEL
951,02:35 PM,04-25-2026,04-25-2026 14:35:40,0,0,eGFP4,WHEEL
952,02:35 PM,04-25-2026,04-25-2026 14:35:41,0,0,eGFP4,WHEEL
953,02:38 PM,04-25-2026,04-25-2026 14:38:36,0,0,eGFP4,WHEEL
954,02:38 PM,04-25-2026,04-25-2026 14:38:37,0,0,eGFP4,WHEEL
955,02:38 PM,04-25-2026,04-25-2026 14:38:41,0,0,eGFP4,WHEEL
956,02:38 PM,04-25-2026,04-25-2026 14:38:42,0,0,eGFP4,WHEEL
957,02:38 PM,04-25-2026,04-25-2026 14:38:43,0,0,eGFP4,WHEEL
958,02:38 PM,04-25-2026,04-25-2026 14:38:44,0,0,eGFP4,WHEEL
959,02:38 PM,04-25-2026,04-25-2026 14:38:44,0,0,eGFP4,WHEEL
960,02:38 PM,04-25-2026,04-25-2026 14:38:45,0,0,eGFP4,WHEEL
961,02:38 PM,04-25-2026,04-25-2026 14:38:52,0,0,eGFP4,WHEEL
962,02:38 PM,04-25-2026,04-25-2026 14:38:53,0,0,eGFP4,WHEEL
963,02:38 PM,04-25-2026,04-25-2026 14:38:53,0,0,eGFP4,WHEEL
964,02:38 PM,04-25-2026,04-25-2026 14:38:55,0,0,eGFP4,WHEEL
965,02:38 PM,04-25-2026,04-25-2026 14:38:56,0,0,eGFP4,WHEEL
966,02:38 PM,04-25-2026,04-25-2026 14:38:58,0,0,eGFP4,WHEEL
967,02:38 PM,04-25-2026,04-25-2026 14:38:58,0,0,eGFP4,WHEEL
968,02:39 PM,04-25-2026,04-25-2026 14:39:01,0,0,eGFP4,WHEEL
969,02:39 PM,04-25-2026,04-25-2026 14:39:02,0,0,eGFP4,WHEEL
970,02:39 PM,04-25-2026,04-25-2026 14:39:03,0,0,eGFP4,WHEEL
971,02:39 PM,04-25-2026,04-25-2026 14:39:05,0,0,eGFP4,WHEEL
972,02:39 PM,04-25-2026,04-25-2026 14:39:06,0,0,eGFP4,WHEEL
973,02:39 PM,04-25-2026,04-25-2026 14:39:08,0,0,eGFP4,WHEEL
974,02:39 PM,04-25-2026,04-25-2026 14:39:08,0,0,eGFP4,WHEEL
975,02:39 PM,04-25-2026,04-25-2026 14:39:14,0,0,eGFP4,WHEEL
976,02:39 PM,04-25-2026,04-25-2026 14:39:15,0,0,eGFP4,WHEEL
977,02:39 PM,04-25-2026,04-25-2026 14:39:17,0,0,eGFP4,WHEEL
978,02:39 PM,04-25-2026,04-25-2026 14:39:20,0,0,eGFP4,WHEEL
979,02:39 PM,04-25-2026,04-25-2026 14:39:23,0,0,eGFP4,WHEEL
980,02:39 PM,04-25-2026,04-25-2026 14:39:24,0,0,eGFP4,WHEEL
981,02:39 PM,04-25-2026,04-25-2026 14:39:24,0,0,eGFP4,WHEEL
982,02:39 PM,04-25-2026,04-25-2026 14:39:25,0,0,eGFP4,WHEEL
983,02:39 PM,04-25-2026,04-25-2026 14:39:26,0,0,eGFP4,WHEEL
984,02:39 PM,04-25-2026,04-25-2026 14:39:27,0,0,eGFP4,WHEEL
985,02:39 PM,04-25-2026,04-25-2026 14:39:27,0,0,eGFP4,WHEEL
986,02:39 PM,04-25-2026,04-25-2026 14:39:31,0,0,eGFP4,WHEEL
987,02:39 PM,04-25-2026,04-25-2026 14:39:32,0,0,eGFP4,WHEEL
988,02:39 PM,04-25-2026,04-25-2026 14:39:33,0,0,eGFP4,WHEEL
989,02:39 PM,04-25-2026,04-25-2026 14:39:35,0,0,eGFP4,WHEEL
990,02:39 PM,04-25-2026,04-25-2026 14:39:36,0,0,eGFP4,WHEEL
991,02:39 PM,04-25-2026,04-25-2026 14:39:36,0,0,eGFP4,WHEEL
992,02:39 PM,04-25-2026,04-25-2026 14:39:39,0,0,eGFP4,WHEEL
993,02:39 PM,04-25-2026,04-25-2026 14:39:40,0,0,eGFP4,WHEEL
994,02:39 PM,04-25-2026,04-25-2026 14:39:41,0,0,eGFP4,WHEEL
995,02:39 PM,04-25-2026,04-25-2026 14:39:44,0,0,eGFP4,WHEEL
996,02:39 PM,04-25-2026,04-25-2026 14:39:47,0,0,eGFP4,WHEEL
997,02:39 PM,04-25-2026,04-25-2026 14:39:48,0,0,eGFP4,WHEEL
998,02:39 PM,04-25-2026,04-25-2026 14:39:48,0,0,eGFP4,WHEEL
999,02:39 PM,04-25-2026,04-25-2026 14:39:49,0,0,eGFP4,WHEEL
1000,02:39 PM,04-25-2026,04-25-2026 14:39:49,0,0,eGFP4,WHEEL
1001,02:39 PM,04-25-2026,04-25-2026 14:39:52,0,0,eGFP4,WHEEL
1002,02:39 PM,04-25-2026,04-25-2026 14:39:53,0,0,eGFP4,WHEEL
1003,02:39 PM,04-25-2026,04-25-2026 14:39:53,0,0,eGFP4,WHEEL
1004,02:39 PM,04-25-2026,04-25-2026 14:39:54,0,0,eGFP4,WHEEL
1005,02:39 PM,04-25-2026,04-25-2026 14:39:54,0,0,eGFP4,WHEEL
1006,02:39 PM,04-25-2026,04-25-2026 14:39:55,0,0,eGFP4,WHEEL
1007,02:39 PM,04-25-2026,04-25-2026 14:39:56,0,0,eGFP4,WHEEL
1008,02:39 PM,04-25-2026,04-25-2026 14:39:56,0,0,eGFP4,WHEEL
1009,02:39 PM,04-25-2026,04-25-2026 14:39:57,0,0,eGFP4,WHEEL
1010,02:39 PM,04-25-2026,04-25-2026 14:39:58,0,0,eGFP4,WHEEL
1011,02:39 PM,04-25-2026,04-25-2026 14:39:58,0,0,eGFP4,WHEEL
1012,02:39 PM,04-25-2026,04-25-2026 14:39:59,0,0,eGFP4,WHEEL
1013,02:40 PM,04-25-2026,04-25-2026 14:40:00,0,0,eGFP4,WHEEL
1014,02:40 PM,04-25-2026,04-25-2026 14:40:01,0,0,eGFP4,WHEEL
1015,02:40 PM,04-25-2026,04-25-2026 14:40:01,0,0,eGFP4,WHEEL
1016,02:40 PM,04-25-2026,04-25-2026 14:40:02,0,0,eGFP4,WHEEL
1017,02:40 PM,04-25-2026,04-25-2026 14:40:20,0,0,eGFP4,WHEEL
1018,02:40 PM,04-25-2026,04-25-2026 14:40:21,0,0,eGFP4,WHEEL
1019,02:40 PM,04-25-2026,04-25-2026 14:40:21,0,0,eGFP4,WHEEL
1020,02:40 PM,04-25-2026,04-25-2026 14:40:21,0,0,eGFP4,WHEEL
1021,02:40 PM,04-25-2026,04-25-2026 14:40:22,0,0,eGFP4,WHEEL
1022,02:40 PM,04-25-2026,04-25-2026 14:40:24,0,0,eGFP4,WHEEL
1023,02:40 PM,04-25-2026,04-25-2026 14:40:24,0,0,eGFP4,WHEEL
1024,02:40 PM,04-25-2026,04-25-2026 14:40:25,0,0,eGFP4,WHEEL
1025,02:40 PM,04-25-2026,04-25-2026 14:40:25,0,0,eGFP4,WHEEL
1026,02:40 PM,04-25-2026,04-25-2026 14:40:28,0,0,eGFP4,WHEEL
1027,02:40 PM,04-25-2026,04-25-2026 14:40:29,0,0,eGFP4,WHEEL
1028,02:40 PM,04-25-2026,04-25-2026 14:40:30,0,0,eGFP4,WHEEL
1029,02:40 PM,04-25-2026,04-25-2026 14:40:31,0,0,eGFP4,WHEEL
1030,02:40 PM,04-25-2026,04-25-2026 14:40:33,0,0,eGFP4,WHEEL
1031,02:40 PM,04-25-2026,04-25-2026 14:40:34,0,0,eGFP4,WHEEL
1032,02:40 PM,04-25-2026,04-25-2026 14:40:35,0,0,eGFP4,WHEEL
1033,02:40 PM,04-25-2026,04-25-2026 14:40:35,0,0,eGFP4,WHEEL
1034,02:40 PM,04-25-2026,04-25-2026 14:40:36,0,0,eGFP4,WHEEL
1035,02:40 PM,04-25-2026,04-25-2026 14:40:37,0,0,eGFP4,WHEEL
1036,02:40 PM,04-25-2026,04-25-2026 14:40:38,0,0,eGFP4,WHEEL
1037,02:40 PM,04-25-2026,04-25-2026 14:40:40,0,0,eGFP4,WHEEL
1038,02:40 PM,04-25-2026,04-25-2026 14:40:40,0,0,eGFP4,WHEEL
1039,02:40 PM,04-25-2026,04-25-2026 14:40:41,0,0,eGFP4,WHEEL
1040,02:40 PM,04-25-2026,04-25-2026 14:40:42,0,0,eGFP4,WHEEL
1041,02:40 PM,04-25-2026,04-25-2026 14:40:44,0,0,eGFP4,WHEEL
1042,02:40 PM,04-25-2026,04-25-2026 14:40:45,0,0,eGFP4,WHEEL
1043,02:40 PM,04-25-2026,04-25-2026 14:40:46,0,0,eGFP4,WHEEL
1044,02:40 PM,04-25-2026,04-25-2026 14:40:46,0,0,eGFP4,WHEEL
1045,02:40 PM,04-25-2026,04-25-2026 14:40:47,0,0,eGFP4,WHEEL
1046,02:40 PM,04-25-2026,04-25-2026 14:40:48,0,0,eGFP4,WHEEL
1047,02:40 PM,04-25-2026,04-25-2026 14:40:50,0,0,eGFP4,WHEEL
1048,02:40 PM,04-25-2026,04-25-2026 14:40:52,0,0,eGFP4,WHEEL
1049,02:40 PM,04-25-2026,04-25-2026 14:40:53,0,0,eGFP4,WHEEL
1050,02:40 PM,04-25-2026,04-25-2026 14:40:53,0,0,eGFP4,WHEEL
1051,02:40 PM,04-25-2026,04-25-2026 14:40:54,0,0,eGFP4,WHEEL
1052,02:40 PM,04-25-2026,04-25-2026 14:40:56,0,0,eGFP4,WHEEL
1053,02:40 PM,04-25-2026,04-25-2026 14:40:57,0,0,eGFP4,WHEEL
1054,02:40 PM,04-25-2026,04-25-2026 14:40:58,0,0,eGFP4,WHEEL
1055,02:41 PM,04-25-2026,04-25-2026 14:41:00,0,0,eGFP4,WHEEL
1056,02:41 PM,04-25-2026,04-25-2026 14:41:00,0,0,eGFP4,WHEEL
1057,02:41 PM,04-25-2026,04-25-2026 14:41:01,0,0,eGFP4,WHEEL
1058,02:41 PM,04-25-2026,04-25-2026 14:41:02,0,0,eGFP4,WHEEL
1059,02:41 PM,04-25-2026,04-25-2026 14:41:03,0,0,eGFP4,WHEEL
1060,02:41 PM,04-25-2026,04-25-2026 14:41:03,0,0,eGFP4,WHEEL
1061,02:41 PM,04-25-2026,04-25-2026 14:41:04,0,0,eGFP4,WHEEL
1062,02:41 PM,04-25-2026,04-25-2026 14:41:06,0,0,eGFP4,WHEEL
1063,02:41 PM,04-25-2026,04-25-2026 14:41:08,0,0,eGFP4,WHEEL
1064,02:41 PM,04-25-2026,04-25-2026 14:41:09,0,0,eGFP4,WHEEL
1065,02:41 PM,04-25-2026,04-25-2026 14:41:10,0,0,eGFP4,WHEEL
1066,02:41 PM,04-25-2026,04-25-2026 14:41:10,0,0,eGFP4,WHEEL
1067,02:41 PM,04-25-2026,04-25-2026 14:41:11,0,0,eGFP4,WHEEL
1068,02:41 PM,04-25-2026,04-25-2026 14:41:12,0,0,eGFP4,WHEEL
1069,02:41 PM,04-25-2026,04-25-2026 14:41:13,0,0,eGFP4,WHEEL
1070,02:41 PM,04-25-2026,04-25-2026 14:41:44,0,0,eGFP4,WHEEL
1071,02:41 PM,04-25-2026,04-25-2026 14:41:49,0,0,eGFP4,WHEEL
1072,02:41 PM,04-25-2026,04-25-2026 14:41:50,0,0,eGFP4,WHEEL
1073,02:41 PM,04-25-2026,04-25-2026 14:41:51,0,0,eGFP4,WHEEL
1074,02:41 PM,04-25-2026,04-25-2026 14:41:52,0,0,eGFP4,WHEEL
1075,02:41 PM,04-25-2026,04-25-2026 14:41:55,0,0,eGFP4,WHEEL
1076,02:41 PM,04-25-2026,04-25-2026 14:41:56,0,0,eGFP4,WHEEL
1077,02:41 PM,04-25-2026,04-25-2026 14:41:59,0,0,eGFP4,WHEEL
1078,02:42 PM,04-25-2026,04-25-2026 14:42:01,0,0,eGFP4,WHEEL
1079,02:42 PM,04-25-2026,04-25-2026 14:42:01,0,0,eGFP4,WHEEL
1080,02:42 PM,04-25-2026,04-25-2026 14:42:02,0,0,eGFP4,WHEEL
1081,02:42 PM,04-25-2026,04-25-2026 14:42:03,0,0,eGFP4,WHEEL
1082,02:42 PM,04-25-2026,04-25-2026 14:42:04,0,0,eGFP4,WHEEL
1083,02:42 PM,04-25-2026,04-25-2026 14:42:05,0,0,eGFP4,WHEEL
1084,02:42 PM,04-25-2026,04-25-2026 14:42:08,0,0,eGFP4,WHEEL
1085,02:42 PM,04-25-2026,04-25-2026 14:42:10,0,0,eGFP4,WHEEL
1086,02:42 PM,04-25-2026,04-25-2026 14:42:10,0,0,eGFP4,WHEEL
1087,02:42 PM,04-25-2026,04-25-2026 14:42:11,0,0,eGFP4,WHEEL
1088,02:42 PM,04-25-2026,04-25-2026 14:42:11,0,0,eGFP4,WHEEL
1089,02:42 PM,04-25-2026,04-25-2026 14:42:12,0,0,eGFP4,WHEEL
1090,02:42 PM,04-25-2026,04-25-2026 14:42:13,0,0,eGFP4,WHEEL
1091,02:42 PM,04-25-2026,04-25-2026 14:42:14,0,0,eGFP4,WHEEL
1092,02:42 PM,04-25-2026,04-25-2026 14:42:15,0,0,eGFP4,WHEEL
1093,02:42 PM,04-25-2026,04-25-2026 14:42:15,0,0,eGFP4,WHEEL
1094,02:42 PM,04-25-2026,04-25-2026 14:42:16,0,0,eGFP4,WHEEL
1095,02:42 PM,04-25-2026,04-25-2026 14:42:17,0,0,eGFP4,WHEEL
1096,02:42 PM,04-25-2026,04-25-2026 14:42:18,0,0,eGFP4,WHEEL
1097,02:42 PM,04-25-2026,04-25-2026 14:42:19,0,0,eGFP4,WHEEL
1098,02:42 PM,04-25-2026,04-25-2026 14:42:20,0,0,eGFP4,WHEEL
1099,02:42 PM,04-25-2026,04-25-2026 14:42:20,0,0,eGFP4,WHEEL
1100,02:42 PM,04-25-2026,04-25-2026 14:42:25,0,0,eGFP4,WHEEL
1101,02:42 PM,04-25-2026,04-25-2026 14:42:25,0,0,eGFP4,WHEEL
1102,02:42 PM,04-25-2026,04-25-2026 14:42:26,0,0,eGFP4,WHEEL
1103,02:42 PM,04-25-2026,04-25-2026 14:42:27,0,0,eGFP4,WHEEL
1104,02:42 PM,04-25-2026,04-25-2026 14:42:27,0,0,eGFP4,WHEEL
1105,02:42 PM,04-25-2026,04-25-2026 14:42:28,0,0,eGFP4,WHEEL
1106,02:42 PM,04-25-2026,04-25-2026 14:42:29,0,0,eGFP4,WHEEL
1107,02:42 PM,04-25-2026,04-25-2026 14:42:30,0,0,eGFP4,WHEEL
1108,02:42 PM,04-25-2026,04-25-2026 14:42:31,0,0,eGFP4,WHEEL
1109,02:42 PM,04-25-2026,04-25-2026 14:42:31,0,0,eGFP4,WHEEL
1110,02:42 PM,04-25-2026,04-25-2026 14:42:39,0,0,eGFP4,WHEEL
1111,02:42 PM,04-25-2026,04-25-2026 14:42:39,0,0,eGFP4,WHEEL
1112,02:42 PM,04-25-2026,04-25-2026 14:42:40,0,0,eGFP4,WHEEL
1113,02:42 PM,04-25-2026,04-25-2026 14:42:40,0,0,eGFP4,WHEEL
1114,02:42 PM,04-25-2026,04-25-2026 14:42:41,0,0,eGFP4,WHEEL
1115,02:42 PM,04-25-2026,04-25-2026 14:42:42,0,0,eGFP4,WHEEL
1116,02:42 PM,04-25-2026,04-25-2026 14:42:43,0,0,eGFP4,WHEEL
1117,02:42 PM,04-25-2026,04-25-2026 14:42:43,0,0,eGFP4,WHEEL
1118,02:42 PM,04-25-2026,04-25-2026 14:42:46,0,0,eGFP4,WHEEL
1119,02:42 PM,04-25-2026,04-25-2026 14:42:47,0,0,eGFP4,WHEEL
1120,02:42 PM,04-25-2026,04-25-2026 14:42:47,0,0,eGFP4,WHEEL
1121,02:42 PM,04-25-2026,04-25-2026 14:42:49,0,0,eGFP4,WHEEL
1122,02:42 PM,04-25-2026,04-25-2026 14:42:50,0,0,eGFP4,WHEEL
1123,02:42 PM,04-25-2026,04-25-2026 14:42:52,0,0,eGFP4,WHEEL
1124,02:42 PM,04-25-2026,04-25-2026 14:42:52,0,0,eGFP4,WHEEL
1125,02:42 PM,04-25-2026,04-25-2026 14:42:53,0,0,eGFP4,WHEEL
1126,02:42 PM,04-25-2026,04-25-2026 14:42:53,0,0,eGFP4,WHEEL
1127,02:42 PM,04-25-2026,04-25-2026 14:42:55,0,0,eGFP4,WHEEL
1128,02:42 PM,04-25-2026,04-25-2026 14:42:55,0,0,eGFP4,WHEEL
1129,02:42 PM,04-25-2026,04-25-2026 14:42:56,0,0,eGFP4,WHEEL
1130,02:42 PM,04-25-2026,04-25-2026 14:42:58,0,0,eGFP4,WHEEL
1131,02:42 PM,04-25-2026,04-25-2026 14:42:59,0,0,eGFP4,WHEEL
1132,02:43 PM,04-25-2026,04-25-2026 14:43:00,0,0,eGFP4,WHEEL
1133,02:43 PM,04-25-2026,04-25-2026 14:43:09,0,0,eGFP4,WHEEL
1134,02:43 PM,04-25-2026,04-25-2026 14:43:09,0,0,eGFP4,WHEEL
1135,02:43 PM,04-25-2026,04-25-2026 14:43:10,0,0,eGFP4,WHEEL
1136,02:43 PM,04-25-2026,04-25-2026 14:43:13,0,0,eGFP4,WHEEL
1137,02:43 PM,04-25-2026,04-25-2026 14:43:15,0,0,eGFP4,WHEEL
1138,02:43 PM,04-25-2026,04-25-2026 14:43:15,0,0,eGFP4,WHEEL
1139,02:43 PM,04-25-2026,04-25-2026 14:43:16,0,0,eGFP4,WHEEL
1140,02:43 PM,04-25-2026,04-25-2026 14:43:29,0,0,eGFP4,WHEEL
1141,02:43 PM,04-25-2026,04-25-2026 14:43:29,0,0,eGFP4,WHEEL
1142,02:43 PM,04-25-2026,04-25-2026 14:43:31,0,0,eGFP4,WHEEL
1143,02:43 PM,04-25-2026,04-25-2026 14:43:32,0,0,eGFP4,WHEEL
1144,02:43 PM,04-25-2026,04-25-2026 14:43:33,0,0,eGFP4,WHEEL
1145,02:43 PM,04-25-2026,04-25-2026 14:43:33,0,0,eGFP4,WHEEL
1146,02:43 PM,04-25-2026,04-25-2026 14:43:34,0,0,eGFP4,WHEEL
1147,02:43 PM,04-25-2026,04-25-2026 14:43:35,0,0,eGFP4,WHEEL
1148,02:43 PM,04-25-2026,04-25-2026 14:43:36,0,0,eGFP4,WHEEL
1149,02:43 PM,04-25-2026,04-25-2026 14:43:37,0,0,eGFP4,WHEEL
1150,02:43 PM,04-25-2026,04-25-2026 14:43:37,0,0,eGFP4,WHEEL
1151,02:43 PM,04-25-2026,04-25-2026 14:43:40,0,0,eGFP4,WHEEL
1152,02:43 PM,04-25-2026,04-25-2026 14:43:41,0,0,eGFP4,WHEEL
1153,02:43 PM,04-25-2026,04-25-2026 14:43:41,0,0,eGFP4,WHEEL
1154,02:43 PM,04-25-2026,04-25-2026 14:43:42,0,0,eGFP4,WHEEL
1155,02:43 PM,04-25-2026,04-25-2026 14:43:43,0,0,eGFP4,WHEEL
1156,02:43 PM,04-25-2026,04-25-2026 14:43:46,0,0,eGFP4,WHEEL
1157,02:43 PM,04-25-2026,04-25-2026 14:43:47,0,0,eGFP4,WHEEL
1158,02:43 PM,04-25-2026,04-25-2026 14:43:48,0,0,eGFP4,WHEEL
1159,02:43 PM,04-25-2026,04-25-2026 14:43:49,0,0,eGFP4,WHEEL
1160,02:43 PM,04-25-2026,04-25-2026 14:43:49,0,0,eGFP4,WHEEL
1161,02:43 PM,04-25-2026,04-25-2026 14:43:50,0,0,eGFP4,WHEEL
1162,02:43 PM,04-25-2026,04-25-2026 14:43:51,0,0,eGFP4,WHEEL
1163,02:43 PM,04-25-2026,04-25-2026 14:43:53,0,0,eGFP4,WHEEL
1164,02:43 PM,04-25-2026,04-25-2026 14:43:54,0,0,eGFP4,WHEEL
1165,02:43 PM,04-25-2026,04-25-2026 14:43:56,0,0,eGFP4,WHEEL
1166,02:43 PM,04-25-2026,04-25-2026 14:43:58,0,0,eGFP4,WHEEL
1167,02:44 PM,04-25-2026,04-25-2026 14:44:00,0,0,eGFP4,WHEEL
1168,02:44 PM,04-25-2026,04-25-2026 14:44:01,0,0,eGFP4,WHEEL
1169,02:44 PM,04-25-2026,04-25-2026 14:44:01,0,0,eGFP4,WHEEL
1170,02:44 PM,04-25-2026,04-25-2026 14:44:02,0,0,eGFP4,WHEEL
1171,02:44 PM,04-25-2026,04-25-2026 14:44:03,0,0,eGFP4,WHEEL
1172,02:44 PM,04-25-2026,04-25-2026 14:44:04,0,0,eGFP4,WHEEL
1173,02:44 PM,04-25-2026,04-25-2026 14:44:24,0,0,eGFP4,WHEEL
1174,02:44 PM,04-25-2026,04-25-2026 14:44:26,0,0,eGFP4,WHEEL
1175,02:44 PM,04-25-2026,04-25-2026 14:44:28,0,0,eGFP4,WHEEL
1176,02:44 PM,04-25-2026,04-25-2026 14:44:30,0,0,eGFP4,WHEEL
1177,02:44 PM,04-25-2026,04-25-2026 14:44:33,0,0,eGFP4,WHEEL
1178,02:44 PM,04-25-2026,04-25-2026 14:44:33,0,0,eGFP4,WHEEL
1179,02:44 PM,04-25-2026,04-25-2026 14:44:35,0,0,eGFP4,WHEEL
1180,02:44 PM,04-25-2026,04-25-2026 14:44:44,0,0,eGFP4,WHEEL
1181,02:44 PM,04-25-2026,04-25-2026 14:44:48,0,0,eGFP4,WHEEL
1182,02:44 PM,04-25-2026,04-25-2026 14:44:49,0,0,eGFP4,WHEEL
1183,02:44 PM,04-25-2026,04-25-2026 14:44:50,0,0,eGFP4,WHEEL
1184,02:44 PM,04-25-2026,04-25-2026 14:44:50,0,0,eGFP4,WHEEL
1185,02:44 PM,04-25-2026,04-25-2026 14:44:52,0,0,eGFP4,WHEEL
1186,02:44 PM,04-25-2026,04-25-2026 14:44:53,0,0,eGFP4,WHEEL
1187,02:44 PM,04-25-2026,04-25-2026 14:44:54,0,0,eGFP4,WHEEL
1188,02:44 PM,04-25-2026,04-25-2026 14:44:54,0,0,eGFP4,WHEEL
1189,02:44 PM,04-25-2026,04-25-2026 14:44:55,0,0,eGFP4,WHEEL
1190,02:44 PM,04-25-2026,04-25-2026 14:44:56,0,0,eGFP4,WHEEL
1191,02:44 PM,04-25-2026,04-25-2026 14:44:56,0,0,eGFP4,WHEEL
1192,02:44 PM,04-25-2026,04-25-2026 14:44:57,0,0,eGFP4,WHEEL
1193,02:44 PM,04-25-2026,04-25-2026 14:44:59,0,0,eGFP4,WHEEL
1194,02:44 PM,04-25-2026,04-25-2026 14:44:59,0,0,eGFP4,WHEEL
1195,02:45 PM,04-25-2026,04-25-2026 14:45:02,0,0,eGFP4,WHEEL
1196,02:45 PM,04-25-2026,04-25-2026 14:45:04,0,0,eGFP4,WHEEL
1197,02:45 PM,04-25-2026,04-25-2026 14:45:04,0,0,eGFP4,WHEEL
1198,02:45 PM,04-25-2026,04-25-2026 14:45:05,0,0,eGFP4,WHEEL
1199,02:45 PM,04-25-2026,04-25-2026 14:45:07,0,0,eGFP4,WHEEL
1200,02:45 PM,04-25-2026,04-25-2026 14:45:08,0,0,eGFP4,WHEEL
1201,02:45 PM,04-25-2026,04-25-2026 14:45:09,0,0,eGFP4,WHEEL
1202,02:45 PM,04-25-2026,04-25-2026 14:45:10,0,0,eGFP4,WHEEL
1203,02:45 PM,04-25-2026,04-25-2026 14:45:11,0,0,eGFP4,WHEEL
1204,02:45 PM,04-25-2026,04-25-2026 14:45:12,0,0,eGFP4,WHEEL
1205,02:45 PM,04-25-2026,04-25-2026 14:45:15,0,0,eGFP4,WHEEL
1206,02:45 PM,04-25-2026,04-25-2026 14:45:15,0,0,eGFP4,WHEEL
1207,02:45 PM,04-25-2026,04-25-2026 14:45:16,0,0,eGFP4,WHEEL
1208,02:45 PM,04-25-2026,04-25-2026 14:45:17,0,0,eGFP4,WHEEL
1209,02:45 PM,04-25-2026,04-25-2026 14:45:19,0,0,eGFP4,WHEEL
1210,02:45 PM,04-25-2026,04-25-2026 14:45:20,0,0,eGFP4,WHEEL
1211,02:45 PM,04-25-2026,04-25-2026 14:45:40,0,0,eGFP4,WHEEL
1212,02:45 PM,04-25-2026,04-25-2026 14:45:41,0,0,eGFP4,WHEEL
1213,02:45 PM,04-25-2026,04-25-2026 14:45:42,0,0,eGFP4,WHEEL
1214,02:47 PM,04-25-2026,04-25-2026 14:47:14,0,0,eGFP4,WHEEL
1215,02:47 PM,04-25-2026,04-25-2026 14:47:15,0,0,eGFP4,WHEEL
1216,02:47 PM,04-25-2026,04-25-2026 14:47:15,0,0,eGFP4,WHEEL
1217,02:47 PM,04-25-2026,04-25-2026 14:47:17,0,0,eGFP4,WHEEL
1218,02:47 PM,04-25-2026,04-25-2026 14:47:33,0,0,eGFP4,WHEEL
1219,02:47 PM,04-25-2026,04-25-2026 14:47:35,0,0,eGFP4,WHEEL
1220,02:47 PM,04-25-2026,04-25-2026 14:47:35,0,0,eGFP4,WHEEL
1221,02:47 PM,04-25-2026,04-25-2026 14:47:36,0,0,eGFP4,WHEEL
1222,02:47 PM,04-25-2026,04-25-2026 14:47:37,0,0,eGFP4,WHEEL
1223,02:47 PM,04-25-2026,04-25-2026 14:47:38,0,0,eGFP4,WHEEL
1224,02:47 PM,04-25-2026,04-25-2026 14:47:38,0,0,eGFP4,WHEEL
1225,02:47 PM,04-25-2026,04-25-2026 14:47:41,0,0,eGFP4,WHEEL
1226,02:47 PM,04-25-2026,04-25-2026 14:47:43,0,0,eGFP4,WHEEL
1227,02:47 PM,04-25-2026,04-25-2026 14:47:44,0,0,eGFP4,WHEEL
1228,02:47 PM,04-25-2026,04-25-2026 14:47:45,0,0,eGFP4,WHEEL
1229,02:47 PM,04-25-2026,04-25-2026 14:47:46,0,0,eGFP4,WHEEL
1230,02:47 PM,04-25-2026,04-25-2026 14:47:47,0,0,eGFP4,WHEEL
1231,02:47 PM,04-25-2026,04-25-2026 14:47:47,0,0,eGFP4,WHEEL
1232,02:47 PM,04-25-2026,04-25-2026 14:47:50,0,0,eGFP4,WHEEL
1233,02:47 PM,04-25-2026,04-25-2026 14:47:51,0,0,eGFP4,WHEEL
1234,02:47 PM,04-25-2026,04-25-2026 14:47:52,0,0,eGFP4,WHEEL
1235,02:47 PM,04-25-2026,04-25-2026 14:47:53,0,0,eGFP4,WHEEL
1236,02:47 PM,04-25-2026,04-25-2026 14:47:54,0,0,eGFP4,WHEEL
1237,02:47 PM,04-25-2026,04-25-2026 14:47:55,0,0,eGFP4,WHEEL
1238,02:47 PM,04-25-2026,04-25-2026 14:47:56,0,0,eGFP4,WHEEL
1239,02:47 PM,04-25-2026,04-25-2026 14:47:57,0,0,eGFP4,WHEEL
1240,02:48 PM,04-25-2026,04-25-2026 14:48:00,0,0,eGFP4,WHEEL
1241,02:48 PM,04-25-2026,04-25-2026 14:48:06,0,0,eGFP4,WHEEL
1242,02:48 PM,04-25-2026,04-25-2026 14:48:07,0,0,eGFP4,WHEEL
1243,02:48 PM,04-25-2026,04-25-2026 14:48:08,0,0,eGFP4,WHEEL
1244,02:48 PM,04-25-2026,04-25-2026 14:48:09,0,0,eGFP4,WHEEL
1245,02:48 PM,04-25-2026,04-25-2026 14:48:10,0,0,eGFP4,WHEEL
1246,02:48 PM,04-25-2026,04-25-2026 14:48:10,0,0,eGFP4,WHEEL
1247,02:48 PM,04-25-2026,04-25-2026 14:48:12,0,0,eGFP4,WHEEL
1248,02:48 PM,04-25-2026,04-25-2026 14:48:13,0,0,eGFP4,WHEEL
1249,02:48 PM,04-25-2026,04-25-2026 14:48:13,0,0,eGFP4,WHEEL
1250,02:48 PM,04-25-2026,04-25-2026 14:48:14,0,0,eGFP4,WHEEL
1251,02:48 PM,04-25-2026,04-25-2026 14:48:17,0,0,eGFP4,WHEEL
1252,02:48 PM,04-25-2026,04-25-2026 14:48:17,0,0,eGFP4,WHEEL
1253,02:48 PM,04-25-2026,04-25-2026 14:48:19,0,0,eGFP4,WHEEL
1254,02:48 PM,04-25-2026,04-25-2026 14:48:21,0,0,eGFP4,WHEEL
1255,02:48 PM,04-25-2026,04-25-2026 14:48:21,0,0,eGFP4,WHEEL
1256,02:48 PM,04-25-2026,04-25-2026 14:48:22,0,0,eGFP4,WHEEL
1257,02:48 PM,04-25-2026,04-25-2026 14:48:23,0,0,eGFP4,WHEEL
1258,02:48 PM,04-25-2026,04-25-2026 14:48:39,0,0,eGFP4,WHEEL
1259,02:48 PM,04-25-2026,04-25-2026 14:48:39,0,0,eGFP4,WHEEL
1260,02:48 PM,04-25-2026,04-25-2026 14:48:40,0,0,eGFP4,WHEEL
1261,02:48 PM,04-25-2026,04-25-2026 14:48:40,0,0,eGFP4,WHEEL
1262,02:48 PM,04-25-2026,04-25-2026 14:48:41,0,0,eGFP4,WHEEL
1263,02:48 PM,04-25-2026,04-25-2026 14:48:43,0,0,eGFP4,WHEEL
1264,02:48 PM,04-25-2026,04-25-2026 14:48:45,0,0,eGFP4,WHEEL
1265,02:48 PM,04-25-2026,04-25-2026 14:48:46,0,0,eGFP4,WHEEL
1266,02:48 PM,04-25-2026,04-25-2026 14:48:47,0,0,eGFP4,WHEEL
1267,02:48 PM,04-25-2026,04-25-2026 14:48:50,0,0,eGFP4,WHEEL
1268,02:48 PM,04-25-2026,04-25-2026 14:48:50,0,0,eGFP4,WHEEL
1269,02:48 PM,04-25-2026,04-25-2026 14:48:51,0,0,eGFP4,WHEEL
1270,02:49 PM,04-25-2026,04-25-2026 14:49:00,0,0,eGFP4,WHEEL
1271,02:49 PM,04-25-2026,04-25-2026 14:49:05,0,0,eGFP4,WHEEL
1272,02:49 PM,04-25-2026,04-25-2026 14:49:06,0,0,eGFP4,WHEEL
1273,02:49 PM,04-25-2026,04-25-2026 14:49:07,0,0,eGFP4,WHEEL
1274,02:49 PM,04-25-2026,04-25-2026 14:49:07,0,0,eGFP4,WHEEL
1275,02:49 PM,04-25-2026,04-25-2026 14:49:09,0,0,eGFP4,WHEEL
1276,02:49 PM,04-25-2026,04-25-2026 14:49:12,0,0,eGFP4,WHEEL
1277,02:49 PM,04-25-2026,04-25-2026 14:49:12,0,0,eGFP4,WHEEL
1278,02:49 PM,04-25-2026,04-25-2026 14:49:13,0,0,eGFP4,WHEEL
1279,02:49 PM,04-25-2026,04-25-2026 14:49:14,0,0,eGFP4,WHEEL
1280,02:49 PM,04-25-2026,04-25-2026 14:49:15,0,0,eGFP4,WHEEL
1281,02:49 PM,04-25-2026,04-25-2026 14:49:17,0,0,eGFP4,WHEEL
1282,02:49 PM,04-25-2026,04-25-2026 14:49:17,0,0,eGFP4,WHEEL
1283,02:49 PM,04-25-2026,04-25-2026 14:49:20,0,0,eGFP4,WHEEL
1284,02:49 PM,04-25-2026,04-25-2026 14:49:23,0,0,eGFP4,WHEEL
1285,02:49 PM,04-25-2026,04-25-2026 14:49:27,0,0,eGFP4,WHEEL
1286,02:49 PM,04-25-2026,04-25-2026 14:49:27,0,0,eGFP4,WHEEL
1287,02:49 PM,04-25-2026,04-25-2026 14:49:28,0,0,eGFP4,WHEEL
1288,02:49 PM,04-25-2026,04-25-2026 14:49:30,0,0,eGFP4,WHEEL
1289,02:49 PM,04-25-2026,04-25-2026 14:49:31,0,0,eGFP4,WHEEL
1290,02:49 PM,04-25-2026,04-25-2026 14:49:32,0,0,eGFP4,WHEEL
1291,02:49 PM,04-25-2026,04-25-2026 14:49:35,0,0,eGFP4,WHEEL
1292,02:49 PM,04-25-2026,04-25-2026 14:49:37,0,0,eGFP4,WHEEL
1293,02:57 PM,04-25-2026,04-25-2026 14:57:57,0,0,eGFP4,WHEEL
1294,02:58 PM,04-25-2026,04-25-2026 14:58:00,0,0,eGFP4,WHEEL
1295,02:58 PM,04-25-2026,04-25-2026 14:58:01,0,0,eGFP4,WHEEL
1296,02:58 PM,04-25-2026,04-25-2026 14:58:06,0,0,eGFP4,WHEEL
1297,02:58 PM,04-25-2026,04-25-2026 14:58:06,0,0,eGFP4,WHEEL
1298,02:58 PM,04-25-2026,04-25-2026 14:58:10,0,0,eGFP4,WHEEL
1299,02:58 PM,04-25-2026,04-25-2026 14:58:11,0,0,eGFP4,WHEEL
1300,02:58 PM,04-25-2026,04-25-2026 14:58:13,0,0,eGFP4,WHEEL
1301,02:58 PM,04-25-2026,04-25-2026 14:58:14,0,0,eGFP4,WHEEL
1302,02:58 PM,04-25-2026,04-25-2026 14:58:15,0,0,eGFP4,WHEEL
1303,02:58 PM,04-25-2026,04-25-2026 14:58:17,0,0,eGFP4,WHEEL
1304,02:58 PM,04-25-2026,04-25-2026 14:58:18,0,0,eGFP4,WHEEL
1305,02:58 PM,04-25-2026,04-25-2026 14:58:19,0,0,eGFP4,WHEEL
1306,02:58 PM,04-25-2026,04-25-2026 14:58:22,0,0,eGFP4,WHEEL
1307,02:58 PM,04-25-2026,04-25-2026 14:58:25,0,0,eGFP4,WHEEL
1308,02:58 PM,04-25-2026,04-25-2026 14:58:27,0,0,eGFP4,WHEEL
1309,02:58 PM,04-25-2026,04-25-2026 14:58:30,0,0,eGFP4,WHEEL
1310,02:58 PM,04-25-2026,04-25-2026 14:58:33,0,0,eGFP4,WHEEL
1311,02:58 PM,04-25-2026,04-25-2026 14:58:33,0,0,eGFP4,WHEEL
1312,02:58 PM,04-25-2026,04-25-2026 14:58:36,0,0,eGFP4,WHEEL
1313,02:58 PM,04-25-2026,04-25-2026 14:58:36,0,0,eGFP4,WHEEL
1314,02:58 PM,04-25-2026,04-25-2026 14:58:37,0,0,eGFP4,WHEEL
1315,02:58 PM,04-25-2026,04-25-2026 14:58:40,0,0,eGFP4,WHEEL
1316,02:58 PM,04-25-2026,04-25-2026 14:58:40,0,0,eGFP4,WHEEL
1317,02:58 PM,04-25-2026,04-25-2026 14:58:42,0,0,eGFP4,WHEEL
1318,02:58 PM,04-25-2026,04-25-2026 14:58:43,0,0,eGFP4,WHEEL
1319,02:58 PM,04-25-2026,04-25-2026 14:58:43,0,0,eGFP4,WHEEL
1320,02:58 PM,04-25-2026,04-25-2026 14:58:44,0,0,eGFP4,WHEEL
1321,02:58 PM,04-25-2026,04-25-2026 14:58:55,0,0,eGFP4,WHEEL
1322,02:58 PM,04-25-2026,04-25-2026 14:58:56,0,0,eGFP4,WHEEL
1323,02:58 PM,04-25-2026,04-25-2026 14:58:59,0,0,eGFP4,WHEEL
1324,02:59 PM,04-25-2026,04-25-2026 14:59:00,0,0,eGFP4,WHEEL
1325,02:59 PM,04-25-2026,04-25-2026 14:59:01,0,0,eGFP4,WHEEL
1326,02:59 PM,04-25-2026,04-25-2026 14:59:01,0,0,eGFP4,WHEEL
1327,02:59 PM,04-25-2026,04-25-2026 14:59:03,0,0,eGFP4,WHEEL
1328,02:59 PM,04-25-2026,04-25-2026 14:59:05,0,0,eGFP4,WHEEL
1329,02:59 PM,04-25-2026,04-25-2026 14:59:06,0,0,eGFP4,WHEEL
1330,02:59 PM,04-25-2026,04-25-2026 14:59:19,0,0,eGFP4,WHEEL
1331,02:59 PM,04-25-2026,04-25-2026 14:59:20,0,0,eGFP4,WHEEL
1332,02:59 PM,04-25-2026,04-25-2026 14:59:21,0,0,eGFP4,WHEEL
1333,02:59 PM,04-25-2026,04-25-2026 14:59:22,0,0,eGFP4,WHEEL
1334,02:59 PM,04-25-2026,04-25-2026 14:59:23,0,0,eGFP4,WHEEL
1335,02:59 PM,04-25-2026,04-25-2026 14:59:24,0,0,eGFP4,WHEEL
1336,02:59 PM,04-25-2026,04-25-2026 14:59:25,0,0,eGFP4,WHEEL
1337,02:59 PM,04-25-2026,04-25-2026 14:59:26,0,0,eGFP4,WHEEL
1338,02:59 PM,04-25-2026,04-25-2026 14:59:29,0,0,eGFP4,WHEEL
1339,02:59 PM,04-25-2026,04-25-2026 14:59:31,0,0,eGFP4,WHEEL
1340,02:59 PM,04-25-2026,04-25-2026 14:59:32,0,0,eGFP4,WHEEL
1341,02:59 PM,04-25-2026,04-25-2026 14:59:33,0,0,eGFP4,WHEEL
1342,02:59 PM,04-25-2026,04-25-2026 14:59:34,0,0,eGFP4,WHEEL
1343,02:59 PM,04-25-2026,04-25-2026 14:59:35,0,0,eGFP4,WHEEL
1344,02:59 PM,04-25-2026,04-25-2026 14:59:38,0,0,eGFP4,WHEEL
1345,02:59 PM,04-25-2026,04-25-2026 14:59:40,0,0,eGFP4,WHEEL
1346,02:59 PM,04-25-2026,04-25-2026 14:59:40,0,0,eGFP4,WHEEL
1347,02:59 PM,04-25-2026,04-25-2026 14:59:41,0,0,eGFP4,WHEEL
1348,02:59 PM,04-25-2026,04-25-2026 14:59:42,0,0,eGFP4,WHEEL
1349,02:59 PM,04-25-2026,04-25-2026 14:59:44,0,0,eGFP4,WHEEL
1350,02:59 PM,04-25-2026,04-25-2026 14:59:45,0,0,eGFP4,WHEEL
1351,02:59 PM,04-25-2026,04-25-2026 14:59:46,0,0,eGFP4,WHEEL
1352,02:59 PM,04-25-2026,04-25-2026 14:59:47,0,0,eGFP4,WHEEL
1353,02:59 PM,04-25-2026,04-25-2026 14:59:49,0,0,eGFP4,WHEEL
1354,02:59 PM,04-25-2026,04-25-2026 14:59:49,0,0,eGFP4,WHEEL
1355,02:59 PM,04-25-2026,04-25-2026 14:59:50,0,0,eGFP4,WHEEL
1356,02:59 PM,04-25-2026,04-25-2026 14:59:51,0,0,eGFP4,WHEEL
1357,02:59 PM,04-25-2026,04-25-2026 14:59:52,0,0,eGFP4,WHEEL
1358,02:59 PM,04-25-2026,04-25-2026 14:59:52,0,0,eGFP4,WHEEL
1359,02:59 PM,04-25-2026,04-25-2026 14:59:54,0,0,eGFP4,WHEEL
1360,02:59 PM,04-25-2026,04-25-2026 14:59:55,0,0,eGFP4,WHEEL
1361,02:59 PM,04-25-2026,04-25-2026 14:59:55,0,0,eGFP4,WHEEL
1362,02:59 PM,04-25-2026,04-25-2026 14:59:58,0,0,eGFP4,WHEEL
1363,03:00 PM,04-25-2026,04-25-2026 15:00:00,0,0,eGFP4,WHEEL
1364,03:00 PM,04-25-2026,04-25-2026 15:00:03,0,0,eGFP4,WHEEL
1365,03:00 PM,04-25-2026,04-25-2026 15:00:05,0,0,eGFP4,WHEEL
1366,03:00 PM,04-25-2026,04-25-2026 15:00:05,0,0,eGFP4,WHEEL
1367,03:00 PM,04-25-2026,04-25-2026 15:00:06,0,0,eGFP4,WHEEL
1368,03:00 PM,04-25-2026,04-25-2026 15:00:07,0,0,eGFP4,WHEEL
1369,03:00 PM,04-25-2026,04-25-2026 15:00:08,0,0,eGFP4,WHEEL
1370,03:00 PM,04-25-2026,04-25-2026 15:00:09,0,0,eGFP4,WHEEL
1371,03:00 PM,04-25-2026,04-25-2026 15:00:11,0,0,eGFP4,WHEEL
1372,03:00 PM,04-25-2026,04-25-2026 15:00:12,0,0,eGFP4,WHEEL
1373,03:00 PM,04-25-2026,04-25-2026 15:00:14,0,0,eGFP4,WHEEL
1374,03:00 PM,04-25-2026,04-25-2026 15:00:16,0,0,eGFP4,WHEEL
1375,03:00 PM,04-25-2026,04-25-2026 15:00:19,0,0,eGFP4,WHEEL
1376,03:00 PM,04-25-2026,04-25-2026 15:00:20,0,0,eGFP4,WHEEL
1377,03:00 PM,04-25-2026,04-25-2026 15:00:21,0,0,eGFP4,WHEEL
1378,03:00 PM,04-25-2026,04-25-2026 15:00:22,0,0,eGFP4,WHEEL
1379,03:00 PM,04-25-2026,04-25-2026 15:00:23,0,0,eGFP4,WHEEL
1380,03:00 PM,04-25-2026,04-25-2026 15:00:25,0,0,eGFP4,WHEEL
1381,03:00 PM,04-25-2026,04-25-2026 15:00:25,0,0,eGFP4,WHEEL
1382,03:00 PM,04-25-2026,04-25-2026 15:00:26,0,0,eGFP4,WHEEL
1383,03:00 PM,04-25-2026,04-25-2026 15:00:27,0,0,eGFP4,WHEEL
1384,03:00 PM,04-25-2026,04-25-2026 15:00:28,0,0,eGFP4,WHEEL
1385,03:00 PM,04-25-2026,04-25-2026 15:00:30,0,0,eGFP4,WHEEL
1386,03:00 PM,04-25-2026,04-25-2026 15:00:31,0,0,eGFP4,WHEEL
1387,03:00 PM,04-25-2026,04-25-2026 15:00:32,0,0,eGFP4,WHEEL
1388,03:00 PM,04-25-2026,04-25-2026 15:00:33,0,0,eGFP4,WHEEL
1389,03:00 PM,04-25-2026,04-25-2026 15:00:37,0,0,eGFP4,WHEEL
1390,03:00 PM,04-25-2026,04-25-2026 15:00:37,0,0,eGFP4,WHEEL
1391,03:00 PM,04-25-2026,04-25-2026 15:00:38,0,0,eGFP4,WHEEL
1392,03:00 PM,04-25-2026,04-25-2026 15:00:39,0,0,eGFP4,WHEEL
1393,03:00 PM,04-25-2026,04-25-2026 15:00:40,0,0,eGFP4,WHEEL
1394,03:00 PM,04-25-2026,04-25-2026 15:00:41,0,0,eGFP4,WHEEL
1395,03:00 PM,04-25-2026,04-25-2026 15:00:42,0,0,eGFP4,WHEEL
1396,03:00 PM,04-25-2026,04-25-2026 15:00:44,0,0,eGFP4,WHEEL
1397,03:00 PM,04-25-2026,04-25-2026 15:00:44,0,0,eGFP4,WHEEL
1398,03:00 PM,04-25-2026,04-25-2026 15:00:46,0,0,eGFP4,WHEEL
1399,03:00 PM,04-25-2026,04-25-2026 15:00:46,0,0,eGFP4,WHEEL
1400,03:00 PM,04-25-2026,04-25-2026 15:00:47,0,0,eGFP4,WHEEL
1401,03:00 PM,04-25-2026,04-25-2026 15:00:48,0,0,eGFP4,WHEEL
1402,03:00 PM,04-25-2026,04-25-2026 15:00:49,0,0,eGFP4,WHEEL
1403,03:00 PM,04-25-2026,04-25-2026 15:00:50,0,0,eGFP4,WHEEL
1404,03:00 PM,04-25-2026,04-25-2026 15:00:51,0,0,eGFP4,WHEEL
1405,03:00 PM,04-25-2026,04-25-2026 15:00:53,0,0,eGFP4,WHEEL
1406,03:00 PM,04-25-2026,04-25-2026 15:00:59,0,0,eGFP4,WHEEL
1407,03:01 PM,04-25-2026,04-25-2026 15:01:28,0,0,eGFP4,WHEEL
1408,03:01 PM,04-25-2026,04-25-2026 15:01:28,0,0,eGFP4,WHEEL
1409,03:01 PM,04-25-2026,04-25-2026 15:01:29,0,0,eGFP4,WHEEL
1410,03:01 PM,04-25-2026,04-25-2026 15:01:33,0,0,eGFP4,WHEEL
1411,03:01 PM,04-25-2026,04-25-2026 15:01:34,0,0,eGFP4,WHEEL
1412,03:01 PM,04-25-2026,04-25-2026 15:01:35,0,0,eGFP4,WHEEL
1413,03:01 PM,04-25-2026,04-25-2026 15:01:35,0,0,eGFP4,WHEEL
1414,03:01 PM,04-25-2026,04-25-2026 15:01:36,0,0,eGFP4,WHEEL
1415,03:01 PM,04-25-2026,04-25-2026 15:01:38,0,0,eGFP4,WHEEL
1416,03:01 PM,04-25-2026,04-25-2026 15:01:39,0,0,eGFP4,WHEEL
1417,03:01 PM,04-25-2026,04-25-2026 15:01:39,0,0,eGFP4,WHEEL
1418,03:01 PM,04-25-2026,04-25-2026 15:01:41,0,0,eGFP4,WHEEL
1419,03:01 PM,04-25-2026,04-25-2026 15:01:44,0,0,eGFP4,WHEEL
1420,03:01 PM,04-25-2026,04-25-2026 15:01:45,0,0,eGFP4,WHEEL
1421,03:01 PM,04-25-2026,04-25-2026 15:01:47,0,0,eGFP4,WHEEL
1422,03:01 PM,04-25-2026,04-25-2026 15:01:47,0,0,eGFP4,WHEEL
1423,03:01 PM,04-25-2026,04-25-2026 15:01:48,0,0,eGFP4,WHEEL
1424,03:01 PM,04-25-2026,04-25-2026 15:01:53,0,0,eGFP4,WHEEL
1425,03:01 PM,04-25-2026,04-25-2026 15:01:53,0,0,eGFP4,WHEEL
1426,03:01 PM,04-25-2026,04-25-2026 15:01:54,0,0,eGFP4,WHEEL
1427,03:01 PM,04-25-2026,04-25-2026 15:01:55,0,0,eGFP4,WHEEL
1428,03:01 PM,04-25-2026,04-25-2026 15:01:57,0,0,eGFP4,WHEEL
1429,03:01 PM,04-25-2026,04-25-2026 15:01:58,0,0,eGFP4,WHEEL
1430,03:02 PM,04-25-2026,04-25-2026 15:02:00,0,0,eGFP4,WHEEL
1431,03:02 PM,04-25-2026,04-25-2026 15:02:01,0,0,eGFP4,WHEEL
1432,03:02 PM,04-25-2026,04-25-2026 15:02:02,0,0,eGFP4,WHEEL
1433,03:02 PM,04-25-2026,04-25-2026 15:02:03,0,0,eGFP4,WHEEL
1434,03:02 PM,04-25-2026,04-25-2026 15:02:05,0,0,eGFP4,WHEEL
1435,03:02 PM,04-25-2026,04-25-2026 15:02:06,0,0,eGFP4,WHEEL
1436,03:02 PM,04-25-2026,04-25-2026 15:02:11,0,0,eGFP4,WHEEL
1437,03:02 PM,04-25-2026,04-25-2026 15:02:12,0,0,eGFP4,WHEEL
1438,03:02 PM,04-25-2026,04-25-2026 15:02:13,0,0,eGFP4,WHEEL
1439,03:02 PM,04-25-2026,04-25-2026 15:02:13,0,0,eGFP4,WHEEL
1440,03:02 PM,04-25-2026,04-25-2026 15:02:17,0,0,eGFP4,WHEEL
1441,03:02 PM,04-25-2026,04-25-2026 15:02:18,0,0,eGFP4,WHEEL
1442,03:02 PM,04-25-2026,04-25-2026 15:02:21,0,0,eGFP4,WHEEL
1443,03:02 PM,04-25-2026,04-25-2026 15:02:21,0,0,eGFP4,WHEEL
1444,03:02 PM,04-25-2026,04-25-2026 15:02:22,0,0,eGFP4,WHEEL
1445,03:02 PM,04-25-2026,04-25-2026 15:02:23,0,0,eGFP4,WHEEL
1446,03:02 PM,04-25-2026,04-25-2026 15:02:28,0,0,eGFP4,WHEEL
1447,03:02 PM,04-25-2026,04-25-2026 15:02:29,0,0,eGFP4,WHEEL
1448,03:02 PM,04-25-2026,04-25-2026 15:02:30,0,0,eGFP4,WHEEL
1449,03:02 PM,04-25-2026,04-25-2026 15:02:31,0,0,eGFP4,WHEEL
1450,03:02 PM,04-25-2026,04-25-2026 15:02:31,0,0,eGFP4,WHEEL
1451,03:02 PM,04-25-2026,04-25-2026 15:02:33,0,0,eGFP4,WHEEL
1452,03:02 PM,04-25-2026,04-25-2026 15:02:36,0,0,eGFP4,WHEEL
1453,03:02 PM,04-25-2026,04-25-2026 15:02:45,0,0,eGFP4,WHEEL
1454,03:02 PM,04-25-2026,04-25-2026 15:02:49,0,0,eGFP4,WHEEL
1455,03:02 PM,04-25-2026,04-25-2026 15:02:50,0,0,eGFP4,WHEEL
1456,03:02 PM,04-25-2026,04-25-2026 15:02:51,0,0,eGFP4,WHEEL
1457,03:02 PM,04-25-2026,04-25-2026 15:02:53,0,0,eGFP4,WHEEL
1458,03:02 PM,04-25-2026,04-25-2026 15:02:54,0,0,eGFP4,WHEEL
1459,03:02 PM,04-25-2026,04-25-2026 15:02:55,0,0,eGFP4,WHEEL
1460,03:03 PM,04-25-2026,04-25-2026 15:03:05,0,0,eGFP4,WHEEL
1461,03:03 PM,04-25-2026,04-25-2026 15:03:09,0,0,eGFP4,WHEEL
1462,03:03 PM,04-25-2026,04-25-2026 15:03:10,0,0,eGFP4,WHEEL
1463,03:03 PM,04-25-2026,04-25-2026 15:03:12,0,0,eGFP4,WHEEL
1464,03:03 PM,04-25-2026,04-25-2026 15:03:13,0,0,eGFP4,WHEEL
1465,03:03 PM,04-25-2026,04-25-2026 15:03:13,0,0,eGFP4,WHEEL
1466,03:03 PM,04-25-2026,04-25-2026 15:03:14,0,0,eGFP4,WHEEL
1467,03:03 PM,04-25-2026,04-25-2026 15:03:16,0,0,eGFP4,WHEEL
1468,03:03 PM,04-25-2026,04-25-2026 15:03:17,0,0,eGFP4,WHEEL
1469,03:03 PM,04-25-2026,04-25-2026 15:03:19,0,0,eGFP4,WHEEL
1470,03:03 PM,04-25-2026,04-25-2026 15:03:20,0,0,eGFP4,WHEEL
1471,03:03 PM,04-25-2026,04-25-2026 15:03:21,0,0,eGFP4,WHEEL
1472,03:03 PM,04-25-2026,04-25-2026 15:03:22,0,0,eGFP4,WHEEL
1473,03:03 PM,04-25-2026,04-25-2026 15:03:26,0,0,eGFP4,WHEEL
1474,03:03 PM,04-25-2026,04-25-2026 15:03:27,0,0,eGFP4,WHEEL
1475,03:03 PM,04-25-2026,04-25-2026 15:03:29,0,0,eGFP4,WHEEL
1476,03:03 PM,04-25-2026,04-25-2026 15:03:30,0,0,eGFP4,WHEEL
1477,03:03 PM,04-25-2026,04-25-2026 15:03:41,0,0,eGFP4,WHEEL
1478,03:03 PM,04-25-2026,04-25-2026 15:03:41,0,0,eGFP4,WHEEL
1479,03:03 PM,04-25-2026,04-25-2026 15:03:42,0,0,eGFP4,WHEEL
1480,03:03 PM,04-25-2026,04-25-2026 15:03:45,0,0,eGFP4,WHEEL
1481,03:03 PM,04-25-2026,04-25-2026 15:03:46,0,0,eGFP4,WHEEL
1482,03:03 PM,04-25-2026,04-25-2026 15:03:47,0,0,eGFP4,WHEEL
1483,03:03 PM,04-25-2026,04-25-2026 15:03:50,0,0,eGFP4,WHEEL
1484,03:03 PM,04-25-2026,04-25-2026 15:03:51,0,0,eGFP4,WHEEL
1485,03:03 PM,04-25-2026,04-25-2026 15:03:52,0,0,eGFP4,WHEEL
1486,03:03 PM,04-25-2026,04-25-2026 15:03:53,0,0,eGFP4,WHEEL
1487,03:03 PM,04-25-2026,04-25-2026 15:03:54,0,0,eGFP4,WHEEL
1488,03:03 PM,04-25-2026,04-25-2026 15:03:54,0,0,eGFP4,WHEEL
1489,03:03 PM,04-25-2026,04-25-2026 15:03:56,0,0,eGFP4,WHEEL
1490,03:03 PM,04-25-2026,04-25-2026 15:03:57,0,0,eGFP4,WHEEL
1491,03:03 PM,04-25-2026,04-25-2026 15:03:59,0,0,eGFP4,WHEEL
1492,03:04 PM,04-25-2026,04-25-2026 15:04:00,0,0,eGFP4,WHEEL
1493,03:04 PM,04-25-2026,04-25-2026 15:04:00,0,0,eGFP4,WHEEL
1494,03:04 PM,04-25-2026,04-25-2026 15:04:01,0,0,eGFP4,WHEEL
1495,03:04 PM,04-25-2026,04-25-2026 15:04:02,0,0,eGFP4,WHEEL
1496,03:04 PM,04-25-2026,04-25-2026 15:04:05,0,0,eGFP4,WHEEL
1497,03:04 PM,04-25-2026,04-25-2026 15:04:06,0,0,eGFP4,WHEEL
1498,03:04 PM,04-25-2026,04-25-2026 15:04:07,0,0,eGFP4,WHEEL
1499,03:04 PM,04-25-2026,04-25-2026 15:04:08,0,0,eGFP4,WHEEL
1500,03:04 PM,04-25-2026,04-25-2026 15:04:09,0,0,eGFP4,WHEEL
1501,03:04 PM,04-25-2026,04-25-2026 15:04:09,0,0,eGFP4,WHEEL
1502,03:04 PM,04-25-2026,04-25-2026 15:04:11,0,0,eGFP4,WHEEL
1503,03:04 PM,04-25-2026,04-25-2026 15:04:12,0,0,eGFP4,WHEEL
1504,03:04 PM,04-25-2026,04-25-2026 15:04:12,0,0,eGFP4,WHEEL
1505,03:04 PM,04-25-2026,04-25-2026 15:04:36,0,0,eGFP4,WHEEL
1506,03:04 PM,04-25-2026,04-25-2026 15:04:36,0,0,eGFP4,WHEEL
1507,03:04 PM,04-25-2026,04-25-2026 15:04:39,0,0,eGFP4,WHEEL
1508,03:04 PM,04-25-2026,04-25-2026 15:04:40,0,0,eGFP4,WHEEL
1509,03:04 PM,04-25-2026,04-25-2026 15:04:41,0,0,eGFP4,WHEEL
1510,03:05 PM,04-25-2026,04-25-2026 15:05:21,0,0,eGFP4,WHEEL
1511,03:05 PM,04-25-2026,04-25-2026 15:05:22,0,0,eGFP4,WHEEL
1512,03:05 PM,04-25-2026,04-25-2026 15:05:22,0,0,eGFP4,WHEEL
1513,03:05 PM,04-25-2026,04-25-2026 15:05:24,0,0,eGFP4,WHEEL
1514,03:05 PM,04-25-2026,04-25-2026 15:05:24,0,0,eGFP4,WHEEL
1515,03:05 PM,04-25-2026,04-25-2026 15:05:26,0,0,eGFP4,WHEEL
1516,03:05 PM,04-25-2026,04-25-2026 15:05:27,0,0,eGFP4,WHEEL
1517,03:05 PM,04-25-2026,04-25-2026 15:05:28,0,0,eGFP4,WHEEL
1518,03:05 PM,04-25-2026,04-25-2026 15:05:29,0,0,eGFP4,WHEEL
1519,03:05 PM,04-25-2026,04-25-2026 15:05:29,0,0,eGFP4,WHEEL
1520,03:05 PM,04-25-2026,04-25-2026 15:05:31,0,0,eGFP4,WHEEL
1521,03:05 PM,04-25-2026,04-25-2026 15:05:32,0,0,eGFP4,WHEEL
1522,03:05 PM,04-25-2026,04-25-2026 15:05:33,0,0,eGFP4,WHEEL
1523,03:05 PM,04-25-2026,04-25-2026 15:05:34,0,0,eGFP4,WHEEL
1524,03:05 PM,04-25-2026,04-25-2026 15:05:36,0,0,eGFP4,WHEEL
1525,03:05 PM,04-25-2026,04-25-2026 15:05:39,0,0,eGFP4,WHEEL
1526,03:05 PM,04-25-2026,04-25-2026 15:05:39,0,0,eGFP4,WHEEL
1527,03:05 PM,04-25-2026,04-25-2026 15:05:41,0,0,eGFP4,WHEEL
1528,03:05 PM,04-25-2026,04-25-2026 15:05:44,0,0,eGFP4,WHEEL
1529,03:05 PM,04-25-2026,04-25-2026 15:05:45,0,0,eGFP4,WHEEL
1530,03:05 PM,04-25-2026,04-25-2026 15:05:46,0,0,eGFP4,WHEEL
1531,03:05 PM,04-25-2026,04-25-2026 15:05:47,0,0,eGFP4,WHEEL
1532,03:05 PM,04-25-2026,04-25-2026 15:05:47,0,0,eGFP4,WHEEL
1533,03:05 PM,04-25-2026,04-25-2026 15:05:48,0,0,eGFP4,WHEEL
1534,03:05 PM,04-25-2026,04-25-2026 15:05:49,0,0,eGFP4,WHEEL
1535,03:05 PM,04-25-2026,04-25-2026 15:05:50,0,0,eGFP4,WHEEL
1536,03:05 PM,04-25-2026,04-25-2026 15:05:56,0,0,eGFP4,WHEEL
1537,03:05 PM,04-25-2026,04-25-2026 15:05:56,0,0,eGFP4,WHEEL
1538,03:05 PM,04-25-2026,04-25-2026 15:05:57,0,0,eGFP4,WHEEL
1539,03:05 PM,04-25-2026,04-25-2026 15:05:59,0,0,eGFP4,WHEEL
1540,03:05 PM,04-25-2026,04-25-2026 15:05:59,0,0,eGFP4,WHEEL
1541,03:06 PM,04-25-2026,04-25-2026 15:06:00,0,0,eGFP4,WHEEL
1542,03:06 PM,04-25-2026,04-25-2026 15:06:01,0,0,eGFP4,WHEEL
1543,03:06 PM,04-25-2026,04-25-2026 15:06:03,0,0,eGFP4,WHEEL
1544,03:06 PM,04-25-2026,04-25-2026 15:06:59,0,0,eGFP4,WHEEL
1545,03:07 PM,04-25-2026,04-25-2026 15:07:00,0,0,eGFP4,WHEEL
1546,03:07 PM,04-25-2026,04-25-2026 15:07:01,0,0,eGFP4,WHEEL
1547,03:07 PM,04-25-2026,04-25-2026 15:07:13,0,0,eGFP4,WHEEL
1548,03:07 PM,04-25-2026,04-25-2026 15:07:14,0,0,eGFP4,WHEEL
1549,03:07 PM,04-25-2026,04-25-2026 15:07:21,0,0,eGFP4,WHEEL
1550,03:07 PM,04-25-2026,04-25-2026 15:07:21,0,0,eGFP4,WHEEL
1551,03:07 PM,04-25-2026,04-25-2026 15:07:22,0,0,eGFP4,WHEEL
1552,03:07 PM,04-25-2026,04-25-2026 15:07:26,0,0,eGFP4,WHEEL
1553,03:07 PM,04-25-2026,04-25-2026 15:07:26,0,0,eGFP4,WHEEL
1554,03:07 PM,04-25-2026,04-25-2026 15:07:28,0,0,eGFP4,WHEEL
1555,03:07 PM,04-25-2026,04-25-2026 15:07:29,0,0,eGFP4,WHEEL
1556,03:07 PM,04-25-2026,04-25-2026 15:07:30,0,0,eGFP4,WHEEL
1557,03:07 PM,04-25-2026,04-25-2026 15:07:31,0,0,eGFP4,WHEEL
1558,03:07 PM,04-25-2026,04-25-2026 15:07:32,0,0,eGFP4,WHEEL
1559,03:07 PM,04-25-2026,04-25-2026 15:07:33,0,0,eGFP4,WHEEL
1560,03:07 PM,04-25-2026,04-25-2026 15:07:35,0,0,eGFP4,WHEEL
1561,03:07 PM,04-25-2026,04-25-2026 15:07:36,0,0,eGFP4,WHEEL
1562,03:07 PM,04-25-2026,04-25-2026 15:07:37,0,0,eGFP4,WHEEL
1563,03:07 PM,04-25-2026,04-25-2026 15:07:38,0,0,eGFP4,WHEEL
1564,03:07 PM,04-25-2026,04-25-2026 15:07:38,0,0,eGFP4,WHEEL
1565,03:07 PM,04-25-2026,04-25-2026 15:07:39,0,0,eGFP4,WHEEL
1566,03:07 PM,04-25-2026,04-25-2026 15:07:43,0,0,eGFP4,WHEEL
1567,03:07 PM,04-25-2026,04-25-2026 15:07:44,0,0,eGFP4,WHEEL
1568,03:07 PM,04-25-2026,04-25-2026 15:07:45,0,0,eGFP4,WHEEL
1569,03:07 PM,04-25-2026,04-25-2026 15:07:46,0,0,eGFP4,WHEEL
1570,03:07 PM,04-25-2026,04-25-2026 15:07:48,0,0,eGFP4,WHEEL
1571,03:07 PM,04-25-2026,04-25-2026 15:07:49,0,0,eGFP4,WHEEL
1572,03:07 PM,04-25-2026,04-25-2026 15:07:50,0,0,eGFP4,WHEEL
1573,03:07 PM,04-25-2026,04-25-2026 15:07:51,0,0,eGFP4,WHEEL
1574,03:07 PM,04-25-2026,04-25-2026 15:07:53,0,0,eGFP4,WHEEL
1575,03:07 PM,04-25-2026,04-25-2026 15:07:55,0,0,eGFP4,WHEEL
1576,03:07 PM,04-25-2026,04-25-2026 15:07:56,0,0,eGFP4,WHEEL
1577,03:07 PM,04-25-2026,04-25-2026 15:07:56,0,0,eGFP4,WHEEL
1578,03:07 PM,04-25-2026,04-25-2026 15:07:57,0,0,eGFP4,WHEEL
1579,03:07 PM,04-25-2026,04-25-2026 15:07:58,0,0,eGFP4,WHEEL
1580,03:07 PM,04-25-2026,04-25-2026 15:07:59,0,0,eGFP4,WHEEL
1581,03:08 PM,04-25-2026,04-25-2026 15:08:00,0,0,eGFP4,WHEEL
1582,03:08 PM,04-25-2026,04-25-2026 15:08:01,0,0,eGFP4,WHEEL
1583,03:08 PM,04-25-2026,04-25-2026 15:08:01,0,0,eGFP4,WHEEL
1584,03:08 PM,04-25-2026,04-25-2026 15:08:02,0,0,eGFP4,WHEEL
1585,03:08 PM,04-25-2026,04-25-2026 15:08:03,0,0,eGFP4,WHEEL
1586,03:08 PM,04-25-2026,04-25-2026 15:08:04,0,0,eGFP4,WHEEL
1587,03:08 PM,04-25-2026,04-25-2026 15:08:04,0,0,eGFP4,WHEEL
1588,03:08 PM,04-25-2026,04-25-2026 15:08:07,0,0,eGFP4,WHEEL
1589,03:08 PM,04-25-2026,04-25-2026 15:08:08,0,0,eGFP4,WHEEL
1590,03:08 PM,04-25-2026,04-25-2026 15:08:08,0,0,eGFP4,WHEEL
1591,03:08 PM,04-25-2026,04-25-2026 15:08:09,0,0,eGFP4,WHEEL
1592,03:08 PM,04-25-2026,04-25-2026 15:08:10,0,0,eGFP4,WHEEL
1593,03:08 PM,04-25-2026,04-25-2026 15:08:10,0,0,eGFP4,WHEEL
1594,03:08 PM,04-25-2026,04-25-2026 15:08:11,0,0,eGFP4,WHEEL
1595,03:08 PM,04-25-2026,04-25-2026 15:08:12,0,0,eGFP4,WHEEL
1596,03:08 PM,04-25-2026,04-25-2026 15:08:13,0,0,eGFP4,WHEEL
1597,03:08 PM,04-25-2026,04-25-2026 15:08:13,0,0,eGFP4,WHEEL
1598,03:08 PM,04-25-2026,04-25-2026 15:08:17,0,0,eGFP4,WHEEL
1599,03:08 PM,04-25-2026,04-25-2026 15:08:17,0,0,eGFP4,WHEEL
1600,03:08 PM,04-25-2026,04-25-2026 15:08:18,0,0,eGFP4,WHEEL
1601,03:08 PM,04-25-2026,04-25-2026 15:08:18,0,0,eGFP4,WHEEL
1602,03:08 PM,04-25-2026,04-25-2026 15:08:19,0,0,eGFP4,WHEEL
1603,03:08 PM,04-25-2026,04-25-2026 15:08:20,0,0,eGFP4,WHEEL
1604,03:08 PM,04-25-2026,04-25-2026 15:08:20,0,0,eGFP4,WHEEL
1605,03:08 PM,04-25-2026,04-25-2026 15:08:23,0,0,eGFP4,WHEEL
1606,03:08 PM,04-25-2026,04-25-2026 15:08:24,0,0,eGFP4,WHEEL
1607,03:08 PM,04-25-2026,04-25-2026 15:08:24,0,0,eGFP4,WHEEL
1608,03:08 PM,04-25-2026,04-25-2026 15:08:25,0,0,eGFP4,WHEEL
1609,03:08 PM,04-25-2026,04-25-2026 15:08:25,0,0,eGFP4,WHEEL
1610,03:08 PM,04-25-2026,04-25-2026 15:08:44,0,0,eGFP4,WHEEL
1611,03:08 PM,04-25-2026,04-25-2026 15:08:45,0,0,eGFP4,WHEEL
1612,03:08 PM,04-25-2026,04-25-2026 15:08:46,0,0,eGFP4,WHEEL
1613,03:08 PM,04-25-2026,04-25-2026 15:08:47,0,0,eGFP4,WHEEL
1614,03:08 PM,04-25-2026,04-25-2026 15:08:49,0,0,eGFP4,WHEEL
1615,03:08 PM,04-25-2026,04-25-2026 15:08:49,0,0,eGFP4,WHEEL
1616,03:08 PM,04-25-2026,04-25-2026 15:08:50,0,0,eGFP4,WHEEL
1617,03:08 PM,04-25-2026,04-25-2026 15:08:51,0,0,eGFP4,WHEEL
1618,03:08 PM,04-25-2026,04-25-2026 15:08:52,0,0,eGFP4,WHEEL
1619,03:08 PM,04-25-2026,04-25-2026 15:08:53,0,0,eGFP4,WHEEL
1620,03:08 PM,04-25-2026,04-25-2026 15:08:55,0,0,eGFP4,WHEEL
1621,03:08 PM,04-25-2026,04-25-2026 15:08:55,0,0,eGFP4,WHEEL
1622,03:08 PM,04-25-2026,04-25-2026 15:08:57,0,0,eGFP4,WHEEL
1623,03:08 PM,04-25-2026,04-25-2026 15:08:58,0,0,eGFP4,WHEEL
1624,03:08 PM,04-25-2026,04-25-2026 15:08:58,0,0,eGFP4,WHEEL
1625,03:08 PM,04-25-2026,04-25-2026 15:08:59,0,0,eGFP4,WHEEL
1626,03:09 PM,04-25-2026,04-25-2026 15:09:02,0,0,eGFP4,WHEEL
1627,03:09 PM,04-25-2026,04-25-2026 15:09:03,0,0,eGFP4,WHEEL
1628,03:09 PM,04-25-2026,04-25-2026 15:09:03,0,0,eGFP4,WHEEL
1629,03:09 PM,04-25-2026,04-25-2026 15:09:04,0,0,eGFP4,WHEEL
1630,03:09 PM,04-25-2026,04-25-2026 15:09:05,0,0,eGFP4,WHEEL
1631,03:09 PM,04-25-2026,04-25-2026 15:09:09,0,0,eGFP4,WHEEL
1632,03:09 PM,04-25-2026,04-25-2026 15:09:09,0,0,eGFP4,WHEEL
1633,03:09 PM,04-25-2026,04-25-2026 15:09:10,0,0,eGFP4,WHEEL
1634,03:09 PM,04-25-2026,04-25-2026 15:09:10,0,0,eGFP4,WHEEL
1635,03:09 PM,04-25-2026,04-25-2026 15:09:13,0,0,eGFP4,WHEEL
1636,03:09 PM,04-25-2026,04-25-2026 15:09:16,0,0,eGFP4,WHEEL
1637,03:09 PM,04-25-2026,04-25-2026 15:09:17,0,0,eGFP4,WHEEL
1638,03:09 PM,04-25-2026,04-25-2026 15:09:18,0,0,eGFP4,WHEEL
1639,03:09 PM,04-25-2026,04-25-2026 15:09:19,0,0,eGFP4,WHEEL
1640,03:09 PM,04-25-2026,04-25-2026 15:09:32,0,0,eGFP4,WHEEL
1641,03:09 PM,04-25-2026,04-25-2026 15:09:33,0,0,eGFP4,WHEEL
1642,03:09 PM,04-25-2026,04-25-2026 15:09:34,0,0,eGFP4,WHEEL
1643,03:09 PM,04-25-2026,04-25-2026 15:09:37,0,0,eGFP4,WHEEL
1644,03:09 PM,04-25-2026,04-25-2026 15:09:37,0,0,eGFP4,WHEEL
1645,03:09 PM,04-25-2026,04-25-2026 15:09:38,0,0,eGFP4,WHEEL
1646,03:09 PM,04-25-2026,04-25-2026 15:09:38,0,0,eGFP4,WHEEL
1647,03:09 PM,04-25-2026,04-25-2026 15:09:39,0,0,eGFP4,WHEEL
1648,03:09 PM,04-25-2026,04-25-2026 15:09:40,0,0,eGFP4,WHEEL
1649,03:09 PM,04-25-2026,04-25-2026 15:09:41,0,0,eGFP4,WHEEL
1650,03:09 PM,04-25-2026,04-25-2026 15:09:41,0,0,eGFP4,WHEEL
1651,03:09 PM,04-25-2026,04-25-2026 15:09:42,0,0,eGFP4,WHEEL
1652,03:09 PM,04-25-2026,04-25-2026 15:09:43,0,0,eGFP4,WHEEL
1653,03:09 PM,04-25-2026,04-25-2026 15:09:45,0,0,eGFP4,WHEEL
1654,03:09 PM,04-25-2026,04-25-2026 15:09:46,0,0,eGFP4,WHEEL
1655,03:09 PM,04-25-2026,04-25-2026 15:09:49,0,0,eGFP4,WHEEL
1656,03:09 PM,04-25-2026,04-25-2026 15:09:50,0,0,eGFP4,WHEEL
1657,03:09 PM,04-25-2026,04-25-2026 15:09:50,0,0,eGFP4,WHEEL
1658,03:09 PM,04-25-2026,04-25-2026 15:09:52,0,0,eGFP4,WHEEL
1659,03:09 PM,04-25-2026,04-25-2026 15:09:53,0,0,eGFP4,WHEEL
1660,03:09 PM,04-25-2026,04-25-2026 15:09:54,0,0,eGFP4,WHEEL
1661,03:09 PM,04-25-2026,04-25-2026 15:09:54,0,0,eGFP4,WHEEL
1662,03:09 PM,04-25-2026,04-25-2026 15:09:56,0,0,eGFP4,WHEEL
1663,03:09 PM,04-25-2026,04-25-2026 15:09:57,0,0,eGFP4,WHEEL
1664,03:09 PM,04-25-2026,04-25-2026 15:09:58,0,0,eGFP4,WHEEL
1665,03:09 PM,04-25-2026,04-25-2026 15:09:58,0,0,eGFP4,WHEEL
1666,03:09 PM,04-25-2026,04-25-2026 15:09:59,0,0,eGFP4,WHEEL
1667,03:10 PM,04-25-2026,04-25-2026 15:10:02,0,0,eGFP4,WHEEL
1668,03:10 PM,04-25-2026,04-25-2026 15:10:02,0,0,eGFP4,WHEEL
1669,03:10 PM,04-25-2026,04-25-2026 15:10:03,0,0,eGFP4,WHEEL
1670,03:10 PM,04-25-2026,04-25-2026 15:10:04,0,0,eGFP4,WHEEL
1671,03:10 PM,04-25-2026,04-25-2026 15:10:05,0,0,eGFP4,WHEEL
1672,03:10 PM,04-25-2026,04-25-2026 15:10:05,0,0,eGFP4,WHEEL
1673,03:10 PM,04-25-2026,04-25-2026 15:10:06,0,0,eGFP4,WHEEL
1674,03:10 PM,04-25-2026,04-25-2026 15:10:06,0,0,eGFP4,WHEEL
1675,03:10 PM,04-25-2026,04-25-2026 15:10:07,0,0,eGFP4,WHEEL
1676,03:10 PM,04-25-2026,04-25-2026 15:10:12,0,0,eGFP4,WHEEL
1677,03:10 PM,04-25-2026,04-25-2026 15:10:13,0,0,eGFP4,WHEEL
1678,03:10 PM,04-25-2026,04-25-2026 15:10:14,0,0,eGFP4,WHEEL
1679,03:10 PM,04-25-2026,04-25-2026 15:10:15,0,0,eGFP4,WHEEL
1680,03:10 PM,04-25-2026,04-25-2026 15:10:16,0,0,eGFP4,WHEEL
1681,03:10 PM,04-25-2026,04-25-2026 15:10:16,0,0,eGFP4,WHEEL
1682,03:10 PM,04-25-2026,04-25-2026 15:10:17,0,0,eGFP4,WHEEL
1683,03:10 PM,04-25-2026,04-25-2026 15:10:18,0,0,eGFP4,WHEEL
1684,03:10 PM,04-25-2026,04-25-2026 15:10:19,0,0,eGFP4,WHEEL
1685,03:10 PM,04-25-2026,04-25-2026 15:10:20,0,0,eGFP4,WHEEL
1686,03:10 PM,04-25-2026,04-25-2026 15:10:21,0,0,eGFP4,WHEEL
1687,03:10 PM,04-25-2026,04-25-2026 15:10:22,0,0,eGFP4,WHEEL
1688,03:10 PM,04-25-2026,04-25-2026 15:10:23,0,0,eGFP4,WHEEL
1689,03:10 PM,04-25-2026,04-25-2026 15:10:25,0,0,eGFP4,WHEEL
1690,03:10 PM,04-25-2026,04-25-2026 15:10:25,0,0,eGFP4,WHEEL
1691,03:10 PM,04-25-2026,04-25-2026 15:10:27,0,0,eGFP4,WHEEL
1692,03:10 PM,04-25-2026,04-25-2026 15:10:28,0,0,eGFP4,WHEEL
1693,03:10 PM,04-25-2026,04-25-2026 15:10:28,0,0,eGFP4,WHEEL
1694,03:10 PM,04-25-2026,04-25-2026 15:10:29,0,0,eGFP4,WHEEL
1695,03:10 PM,04-25-2026,04-25-2026 15:10:30,0,0,eGFP4,WHEEL
1696,03:10 PM,04-25-2026,04-25-2026 15:10:32,0,0,eGFP4,WHEEL
1697,03:10 PM,04-25-2026,04-25-2026 15:10:34,0,0,eGFP4,WHEEL
1698,03:10 PM,04-25-2026,04-25-2026 15:10:34,0,0,eGFP4,WHEEL
1699,03:10 PM,04-25-2026,04-25-2026 15:10:35,0,0,eGFP4,WHEEL
1700,03:10 PM,04-25-2026,04-25-2026 15:10:39,0,0,eGFP4,WHEEL
1701,03:10 PM,04-25-2026,04-25-2026 15:10:40,0,0,eGFP4,WHEEL
1702,03:10 PM,04-25-2026,04-25-2026 15:10:40,0,0,eGFP4,WHEEL
1703,03:10 PM,04-25-2026,04-25-2026 15:10:41,0,0,eGFP4,WHEEL
1704,03:10 PM,04-25-2026,04-25-2026 15:10:42,0,0,eGFP4,WHEEL
1705,03:10 PM,04-25-2026,04-25-2026 15:10:43,0,0,eGFP4,WHEEL
1706,03:10 PM,04-25-2026,04-25-2026 15:10:44,0,0,eGFP4,WHEEL
1707,03:10 PM,04-25-2026,04-25-2026 15:10:54,0,0,eGFP4,WHEEL
1708,03:10 PM,04-25-2026,04-25-2026 15:10:56,0,0,eGFP4,WHEEL
1709,03:10 PM,04-25-2026,04-25-2026 15:10:58,0,0,eGFP4,WHEEL
1710,03:11 PM,04-25-2026,04-25-2026 15:11:02,0,0,eGFP4,WHEEL
1711,03:11 PM,04-25-2026,04-25-2026 15:11:02,0,0,eGFP4,WHEEL
1712,03:11 PM,04-25-2026,04-25-2026 15:11:03,0,0,eGFP4,WHEEL
1713,03:11 PM,04-25-2026,04-25-2026 15:11:06,0,0,eGFP4,WHEEL
1714,03:11 PM,04-25-2026,04-25-2026 15:11:07,0,0,eGFP4,WHEEL
1715,03:11 PM,04-25-2026,04-25-2026 15:11:08,0,0,eGFP4,WHEEL
1716,03:11 PM,04-25-2026,04-25-2026 15:11:10,0,0,eGFP4,WHEEL
1717,03:11 PM,04-25-2026,04-25-2026 15:11:11,0,0,eGFP4,WHEEL
1718,03:11 PM,04-25-2026,04-25-2026 15:11:12,0,0,eGFP4,WHEEL
1719,03:11 PM,04-25-2026,04-25-2026 15:11:13,0,0,eGFP4,WHEEL
1720,03:11 PM,04-25-2026,04-25-2026 15:11:13,0,0,eGFP4,WHEEL
1721,03:11 PM,04-25-2026,04-25-2026 15:11:14,0,0,eGFP4,WHEEL
1722,03:11 PM,04-25-2026,04-25-2026 15:11:14,0,0,eGFP4,WHEEL
1723,03:11 PM,04-25-2026,04-25-2026 15:11:15,0,0,eGFP4,WHEEL
1724,03:11 PM,04-25-2026,04-25-2026 15:11:17,0,0,eGFP4,WHEEL
1725,03:11 PM,04-25-2026,04-25-2026 15:11:18,0,0,eGFP4,WHEEL
1726,03:11 PM,04-25-2026,04-25-2026 15:11:18,0,0,eGFP4,WHEEL
1727,03:11 PM,04-25-2026,04-25-2026 15:11:20,0,0,eGFP4,WHEEL
1728,03:11 PM,04-25-2026,04-25-2026 15:11:21,0,0,eGFP4,WHEEL
1729,03:11 PM,04-25-2026,04-25-2026 15:11:21,0,0,eGFP4,WHEEL
1730,03:11 PM,04-25-2026,04-25-2026 15:11:22,0,0,eGFP4,WHEEL
1731,03:11 PM,04-25-2026,04-25-2026 15:11:23,0,0,eGFP4,WHEEL
1732,03:11 PM,04-25-2026,04-25-2026 15:11:23,0,0,eGFP4,WHEEL
1733,03:11 PM,04-25-2026,04-25-2026 15:11:27,0,0,eGFP4,WHEEL
1734,03:11 PM,04-25-2026,04-25-2026 15:11:28,0,0,eGFP4,WHEEL
1735,03:11 PM,04-25-2026,04-25-2026 15:11:28,0,0,eGFP4,WHEEL
1736,03:11 PM,04-25-2026,04-25-2026 15:11:29,0,0,eGFP4,WHEEL
1737,03:11 PM,04-25-2026,04-25-2026 15:11:30,0,0,eGFP4,WHEEL
1738,03:11 PM,04-25-2026,04-25-2026 15:11:31,0,0,eGFP4,WHEEL
1739,03:11 PM,04-25-2026,04-25-2026 15:11:32,0,0,eGFP4,WHEEL
1740,03:11 PM,04-25-2026,04-25-2026 15:11:34,0,0,eGFP4,WHEEL
1741,03:11 PM,04-25-2026,04-25-2026 15:11:35,0,0,eGFP4,WHEEL
1742,03:11 PM,04-25-2026,04-25-2026 15:11:35,0,0,eGFP4,WHEEL
1743,03:11 PM,04-25-2026,04-25-2026 15:11:36,0,0,eGFP4,WHEEL
1744,03:11 PM,04-25-2026,04-25-2026 15:11:37,0,0,eGFP4,WHEEL
1745,03:11 PM,04-25-2026,04-25-2026 15:11:38,0,0,eGFP4,WHEEL
1746,03:11 PM,04-25-2026,04-25-2026 15:11:38,0,0,eGFP4,WHEEL
1747,03:11 PM,04-25-2026,04-25-2026 15:11:40,0,0,eGFP4,WHEEL
1748,03:11 PM,04-25-2026,04-25-2026 15:11:40,0,0,eGFP4,WHEEL
1749,03:11 PM,04-25-2026,04-25-2026 15:11:41,0,0,eGFP4,WHEEL
1750,03:11 PM,04-25-2026,04-25-2026 15:11:42,0,0,eGFP4,WHEEL
1751,03:11 PM,04-25-2026,04-25-2026 15:11:58,0,0,eGFP4,WHEEL
1752,03:11 PM,04-25-2026,04-25-2026 15:11:58,0,0,eGFP4,WHEEL
1753,03:11 PM,04-25-2026,04-25-2026 15:11:59,0,0,eGFP4,WHEEL
1754,03:12 PM,04-25-2026,04-25-2026 15:12:01,0,0,eGFP4,WHEEL
1755,03:12 PM,04-25-2026,04-25-2026 15:12:25,0,0,eGFP4,WHEEL
1756,03:12 PM,04-25-2026,04-25-2026 15:12:28,0,0,eGFP4,WHEEL
1757,03:12 PM,04-25-2026,04-25-2026 15:12:32,0,0,eGFP4,WHEEL
1758,03:13 PM,04-25-2026,04-25-2026 15:13:37,0,0,eGFP4,WHEEL
1759,03:13 PM,04-25-2026,04-25-2026 15:13:41,0,0,eGFP4,WHEEL
1760,03:13 PM,04-25-2026,04-25-2026 15:13:42,0,0,eGFP4,WHEEL
1761,03:14 PM,04-25-2026,04-25-2026 15:14:26,0,0,eGFP4,WHEEL
1762,03:14 PM,04-25-2026,04-25-2026 15:14:27,0,0,eGFP4,WHEEL
1763,03:14 PM,04-25-2026,04-25-2026 15:14:27,0,0,eGFP4,WHEEL
1764,03:14 PM,04-25-2026,04-25-2026 15:14:28,0,0,eGFP4,WHEEL
1765,03:14 PM,04-25-2026,04-25-2026 15:14:33,0,0,eGFP4,WHEEL
1766,03:14 PM,04-25-2026,04-25-2026 15:14:35,0,0,eGFP4,WHEEL
1767,03:14 PM,04-25-2026,04-25-2026 15:14:35,0,0,eGFP4,WHEEL
1768,03:14 PM,04-25-2026,04-25-2026 15:14:36,0,0,eGFP4,WHEEL
1769,03:14 PM,04-25-2026,04-25-2026 15:14:38,0,0,eGFP4,WHEEL
1770,03:14 PM,04-25-2026,04-25-2026 15:14:39,0,0,eGFP4,WHEEL
1771,03:14 PM,04-25-2026,04-25-2026 15:14:42,0,0,eGFP4,WHEEL
1772,03:14 PM,04-25-2026,04-25-2026 15:14:42,0,0,eGFP4,WHEEL
1773,03:14 PM,04-25-2026,04-25-2026 15:14:43,0,0,eGFP4,WHEEL
1774,03:14 PM,04-25-2026,04-25-2026 15:14:47,0,0,eGFP4,WHEEL
1775,03:14 PM,04-25-2026,04-25-2026 15:14:48,0,0,eGFP4,WHEEL
1776,03:14 PM,04-25-2026,04-25-2026 15:14:48,0,0,eGFP4,WHEEL
1777,03:14 PM,04-25-2026,04-25-2026 15:14:50,0,0,eGFP4,WHEEL
1778,03:14 PM,04-25-2026,04-25-2026 15:14:51,0,0,eGFP4,WHEEL
1779,03:14 PM,04-25-2026,04-25-2026 15:14:53,0,0,eGFP4,WHEEL
1780,03:14 PM,04-25-2026,04-25-2026 15:14:54,0,0,eGFP4,WHEEL
1781,03:14 PM,04-25-2026,04-25-2026 15:14:55,0,0,eGFP4,WHEEL
1782,03:14 PM,04-25-2026,04-25-2026 15:14:56,0,0,eGFP4,WHEEL
1783,03:14 PM,04-25-2026,04-25-2026 15:14:56,0,0,eGFP4,WHEEL
1784,03:14 PM,04-25-2026,04-25-2026 15:14:57,0,0,eGFP4,WHEEL
1785,03:14 PM,04-25-2026,04-25-2026 15:14:58,0,0,eGFP4,WHEEL
1786,03:14 PM,04-25-2026,04-25-2026 15:14:58,0,0,eGFP4,WHEEL
1787,03:14 PM,04-25-2026,04-25-2026 15:14:59,0,0,eGFP4,WHEEL
1788,03:15 PM,04-25-2026,04-25-2026 15:15:00,0,0,eGFP4,WHEEL
1789,03:15 PM,04-25-2026,04-25-2026 15:15:02,0,0,eGFP4,WHEEL
1790,03:15 PM,04-25-2026,04-25-2026 15:15:03,0,0,eGFP4,WHEEL
1791,03:15 PM,04-25-2026,04-25-2026 15:15:04,0,0,eGFP4,WHEEL
1792,03:15 PM,04-25-2026,04-25-2026 15:15:04,0,0,eGFP4,WHEEL
1793,03:15 PM,04-25-2026,04-25-2026 15:15:05,0,0,eGFP4,WHEEL
1794,03:15 PM,04-25-2026,04-25-2026 15:15:08,0,0,eGFP4,WHEEL
1795,03:15 PM,04-25-2026,04-25-2026 15:15:09,0,0,eGFP4,WHEEL
1796,03:15 PM,04-25-2026,04-25-2026 15:15:10,0,0,eGFP4,WHEEL
1797,03:15 PM,04-25-2026,04-25-2026 15:15:11,0,0,eGFP4,WHEEL
1798,03:15 PM,04-25-2026,04-25-2026 15:15:11,0,0,eGFP4,WHEEL
1799,03:15 PM,04-25-2026,04-25-2026 15:15:12,0,0,eGFP4,WHEEL
1800,03:15 PM,04-25-2026,04-25-2026 15:15:18,0,0,eGFP4,WHEEL
1801,03:15 PM,04-25-2026,04-25-2026 15:15:19,0,0,eGFP4,WHEEL
1802,03:15 PM,04-25-2026,04-25-2026 15:15:20,0,0,eGFP4,WHEEL
1803,03:15 PM,04-25-2026,04-25-2026 15:15:20,0,0,eGFP4,WHEEL
1804,03:15 PM,04-25-2026,04-25-2026 15:15:21,0,0,eGFP4,WHEEL
1805,03:15 PM,04-25-2026,04-25-2026 15:15:22,0,0,eGFP4,WHEEL
1806,03:15 PM,04-25-2026,04-25-2026 15:15:23,0,0,eGFP4,WHEEL
1807,03:15 PM,04-25-2026,04-25-2026 15:15:24,0,0,eGFP4,WHEEL
1808,03:15 PM,04-25-2026,04-25-2026 15:15:25,0,0,eGFP4,WHEEL
1809,03:15 PM,04-25-2026,04-25-2026 15:15:26,0,0,eGFP4,WHEEL
1810,03:15 PM,04-25-2026,04-25-2026 15:15:28,0,0,eGFP4,WHEEL
1811,03:15 PM,04-25-2026,04-25-2026 15:15:28,0,0,eGFP4,WHEEL
1812,03:15 PM,04-25-2026,04-25-2026 15:15:29,0,0,eGFP4,WHEEL
1813,03:15 PM,04-25-2026,04-25-2026 15:15:29,0,0,eGFP4,WHEEL
1814,03:15 PM,04-25-2026,04-25-2026 15:15:30,0,0,eGFP4,WHEEL
1815,03:15 PM,04-25-2026,04-25-2026 15:15:32,0,0,eGFP4,WHEEL
1816,03:15 PM,04-25-2026,04-25-2026 15:15:35,0,0,eGFP4,WHEEL
1817,03:15 PM,04-25-2026,04-25-2026 15:15:35,0,0,eGFP4,WHEEL
1818,03:15 PM,04-25-2026,04-25-2026 15:15:36,0,0,eGFP4,WHEEL
1819,03:15 PM,04-25-2026,04-25-2026 15:15:37,0,0,eGFP4,WHEEL
1820,03:15 PM,04-25-2026,04-25-2026 15:15:38,0,0,eGFP4,WHEEL
1821,03:15 PM,04-25-2026,04-25-2026 15:15:41,0,0,eGFP4,WHEEL
1822,03:15 PM,04-25-2026,04-25-2026 15:15:46,0,0,eGFP4,WHEEL
1823,03:15 PM,04-25-2026,04-25-2026 15:15:47,0,0,eGFP4,WHEEL
1824,03:15 PM,04-25-2026,04-25-2026 15:15:48,0,0,eGFP4,WHEEL
1825,03:15 PM,04-25-2026,04-25-2026 15:15:48,0,0,eGFP4,WHEEL
1826,03:15 PM,04-25-2026,04-25-2026 15:15:49,0,0,eGFP4,WHEEL
1827,03:15 PM,04-25-2026,04-25-2026 15:15:51,0,0,eGFP4,WHEEL
1828,03:15 PM,04-25-2026,04-25-2026 15:15:52,0,0,eGFP4,WHEEL
1829,03:15 PM,04-25-2026,04-25-2026 15:15:52,0,0,eGFP4,WHEEL
1830,03:15 PM,04-25-2026,04-25-2026 15:15:53,0,0,eGFP4,WHEEL
1831,03:15 PM,04-25-2026,04-25-2026 15:15:54,0,0,eGFP4,WHEEL
1832,03:15 PM,04-25-2026,04-25-2026 15:15:55,0,0,eGFP4,WHEEL
1833,03:15 PM,04-25-2026,04-25-2026 15:15:56,0,0,eGFP4,WHEEL
1834,03:15 PM,04-25-2026,04-25-2026 15:15:58,0,0,eGFP4,WHEEL
1835,03:15 PM,04-25-2026,04-25-2026 15:15:59,0,0,eGFP4,WHEEL
1836,03:15 PM,04-25-2026,04-25-2026 15:15:59,0,0,eGFP4,WHEEL
1837,03:16 PM,04-25-2026,04-25-2026 15:16:02,0,0,eGFP4,WHEEL
1838,03:16 PM,04-25-2026,04-25-2026 15:16:03,0,0,eGFP4,WHEEL
1839,03:16 PM,04-25-2026,04-25-2026 15:16:04,0,0,eGFP4,WHEEL
1840,03:16 PM,04-25-2026,04-25-2026 15:16:05,0,0,eGFP4,WHEEL
1841,03:16 PM,04-25-2026,04-25-2026 15:16:11,0,0,eGFP4,WHEEL
1842,03:16 PM,04-25-2026,04-25-2026 15:16:11,0,0,eGFP4,WHEEL
1843,03:16 PM,04-25-2026,04-25-2026 15:16:12,0,0,eGFP4,WHEEL
1844,03:16 PM,04-25-2026,04-25-2026 15:16:14,0,0,eGFP4,WHEEL
1845,03:16 PM,04-25-2026,04-25-2026 15:16:15,0,0,eGFP4,WHEEL
1846,03:16 PM,04-25-2026,04-25-2026 15:16:16,0,0,eGFP4,WHEEL
1847,03:16 PM,04-25-2026,04-25-2026 15:16:16,0,0,eGFP4,WHEEL
1848,03:16 PM,04-25-2026,04-25-2026 15:16:16,0,0,eGFP4,WHEEL
1849,03:16 PM,04-25-2026,04-25-2026 15:16:31,0,0,eGFP4,WHEEL
1850,03:16 PM,04-25-2026,04-25-2026 15:16:31,0,0,eGFP4,WHEEL
1851,03:16 PM,04-25-2026,04-25-2026 15:16:32,0,0,eGFP4,WHEEL
1852,03:16 PM,04-25-2026,04-25-2026 15:16:34,0,0,eGFP4,WHEEL
1853,03:16 PM,04-25-2026,04-25-2026 15:16:49,0,0,eGFP4,WHEEL
1854,03:16 PM,04-25-2026,04-25-2026 15:16:50,0,0,eGFP4,WHEEL
1855,03:16 PM,04-25-2026,04-25-2026 15:16:54,0,0,eGFP4,WHEEL
1856,03:16 PM,04-25-2026,04-25-2026 15:16:57,0,0,eGFP4,WHEEL
1857,03:17 PM,04-25-2026,04-25-2026 15:17:05,0,0,eGFP4,WHEEL
1858,03:17 PM,04-25-2026,04-25-2026 15:17:07,0,0,eGFP4,WHEEL
1859,03:17 PM,04-25-2026,04-25-2026 15:17:07,0,0,eGFP4,WHEEL
1860,03:17 PM,04-25-2026,04-25-2026 15:17:08,0,0,eGFP4,WHEEL
1861,03:17 PM,04-25-2026,04-25-2026 15:17:09,0,0,eGFP4,WHEEL
1862,03:17 PM,04-25-2026,04-25-2026 15:17:11,0,0,eGFP4,WHEEL
1863,03:17 PM,04-25-2026,04-25-2026 15:17:12,0,0,eGFP4,WHEEL
1864,03:17 PM,04-25-2026,04-25-2026 15:17:13,0,0,eGFP4,WHEEL
1865,03:17 PM,04-25-2026,04-25-2026 15:17:16,0,0,eGFP4,WHEEL
1866,03:17 PM,04-25-2026,04-25-2026 15:17:17,0,0,eGFP4,WHEEL
1867,03:17 PM,04-25-2026,04-25-2026 15:17:18,0,0,eGFP4,WHEEL
1868,03:17 PM,04-25-2026,04-25-2026 15:17:18,0,0,eGFP4,WHEEL
1869,03:17 PM,04-25-2026,04-25-2026 15:17:19,0,0,eGFP4,WHEEL
1870,03:17 PM,04-25-2026,04-25-2026 15:17:20,0,0,eGFP4,WHEEL
1871,03:17 PM,04-25-2026,04-25-2026 15:17:22,0,0,eGFP4,WHEEL
1872,03:17 PM,04-25-2026,04-25-2026 15:17:30,0,0,eGFP4,WHEEL
1873,03:17 PM,04-25-2026,04-25-2026 15:17:31,0,0,eGFP4,WHEEL
1874,03:17 PM,04-25-2026,04-25-2026 15:17:33,0,0,eGFP4,WHEEL
1875,03:17 PM,04-25-2026,04-25-2026 15:17:34,0,0,eGFP4,WHEEL
1876,03:17 PM,04-25-2026,04-25-2026 15:17:34,0,0,eGFP4,WHEEL
1877,03:17 PM,04-25-2026,04-25-2026 15:17:36,0,0,eGFP4,WHEEL
1878,03:17 PM,04-25-2026,04-25-2026 15:17:37,0,0,eGFP4,WHEEL
1879,03:17 PM,04-25-2026,04-25-2026 15:17:37,0,0,eGFP4,WHEEL
1880,03:17 PM,04-25-2026,04-25-2026 15:17:38,0,0,eGFP4,WHEEL
1881,03:17 PM,04-25-2026,04-25-2026 15:17:39,0,0,eGFP4,WHEEL
1882,03:17 PM,04-25-2026,04-25-2026 15:17:40,0,0,eGFP4,WHEEL
1883,03:17 PM,04-25-2026,04-25-2026 15:17:41,0,0,eGFP4,WHEEL
1884,03:17 PM,04-25-2026,04-25-2026 15:17:42,0,0,eGFP4,WHEEL
1885,03:17 PM,04-25-2026,04-25-2026 15:17:43,0,0,eGFP4,WHEEL
1886,03:17 PM,04-25-2026,04-25-2026 15:17:44,0,0,eGFP4,WHEEL
1887,03:17 PM,04-25-2026,04-25-2026 15:17:46,0,0,eGFP4,WHEEL
1888,03:17 PM,04-25-2026,04-25-2026 15:17:46,0,0,eGFP4,WHEEL
1889,03:17 PM,04-25-2026,04-25-2026 15:17:47,0,0,eGFP4,WHEEL
1890,03:17 PM,04-25-2026,04-25-2026 15:17:48,0,0,eGFP4,WHEEL
1891,03:17 PM,04-25-2026,04-25-2026 15:17:50,0,0,eGFP4,WHEEL
1892,03:17 PM,04-25-2026,04-25-2026 15:17:51,0,0,eGFP4,WHEEL
1893,03:17 PM,04-25-2026,04-25-2026 15:17:51,0,0,eGFP4,WHEEL
1894,03:17 PM,04-25-2026,04-25-2026 15:17:52,0,0,eGFP4,WHEEL
1895,03:17 PM,04-25-2026,04-25-2026 15:17:53,0,0,eGFP4,WHEEL
1896,03:17 PM,04-25-2026,04-25-2026 15:17:54,0,0,eGFP4,WHEEL
1897,03:17 PM,04-25-2026,04-25-2026 15:17:54,0,0,eGFP4,WHEEL
1898,03:17 PM,04-25-2026,04-25-2026 15:17:55,0,0,eGFP4,WHEEL
1899,03:17 PM,04-25-2026,04-25-2026 15:17:59,0,0,eGFP4,WHEEL
1900,03:17 PM,04-25-2026,04-25-2026 15:17:59,0,0,eGFP4,WHEEL
1901,03:18 PM,04-25-2026,04-25-2026 15:18:00,0,0,eGFP4,WHEEL
1902,03:18 PM,04-25-2026,04-25-2026 15:18:08,0,0,eGFP4,WHEEL
1903,03:18 PM,04-25-2026,04-25-2026 15:18:15,0,0,eGFP4,WHEEL
1904,03:18 PM,04-25-2026,04-25-2026 15:18:16,0,0,eGFP4,WHEEL
1905,03:18 PM,04-25-2026,04-25-2026 15:18:16,0,0,eGFP4,WHEEL
1906,03:18 PM,04-25-2026,04-25-2026 15:18:17,0,0,eGFP4,WHEEL
1907,03:18 PM,04-25-2026,04-25-2026 15:18:18,0,0,eGFP4,WHEEL
1908,03:18 PM,04-25-2026,04-25-2026 15:18:19,0,0,eGFP4,WHEEL
1909,03:18 PM,04-25-2026,04-25-2026 15:18:20,0,0,eGFP4,WHEEL
1910,03:18 PM,04-25-2026,04-25-2026 15:18:21,0,0,eGFP4,WHEEL
1911,03:18 PM,04-25-2026,04-25-2026 15:18:22,0,0,eGFP4,WHEEL
1912,03:18 PM,04-25-2026,04-25-2026 15:18:25,0,0,eGFP4,WHEEL
1913,03:18 PM,04-25-2026,04-25-2026 15:18:25,0,0,eGFP4,WHEEL
1914,03:18 PM,04-25-2026,04-25-2026 15:18:26,0,0,eGFP4,WHEEL
1915,03:18 PM,04-25-2026,04-25-2026 15:18:27,0,0,eGFP4,WHEEL
1916,03:18 PM,04-25-2026,04-25-2026 15:18:27,0,0,eGFP4,WHEEL
1917,03:18 PM,04-25-2026,04-25-2026 15:18:28,0,0,eGFP4,WHEEL
1918,03:18 PM,04-25-2026,04-25-2026 15:18:29,0,0,eGFP4,WHEEL
1919,03:18 PM,04-25-2026,04-25-2026 15:18:29,0,0,eGFP4,WHEEL
1920,03:18 PM,04-25-2026,04-25-2026 15:18:30,0,0,eGFP4,WHEEL
1921,03:18 PM,04-25-2026,04-25-2026 15:18:31,0,0,eGFP4,WHEEL
1922,03:18 PM,04-25-2026,04-25-2026 15:18:31,0,0,eGFP4,WHEEL
1923,03:18 PM,04-25-2026,04-25-2026 15:18:33,0,0,eGFP4,WHEEL
1924,03:18 PM,04-25-2026,04-25-2026 15:18:34,0,0,eGFP4,WHEEL
1925,03:18 PM,04-25-2026,04-25-2026 15:18:36,0,0,eGFP4,WHEEL
1926,03:18 PM,04-25-2026,04-25-2026 15:18:37,0,0,eGFP4,WHEEL
1927,03:18 PM,04-25-2026,04-25-2026 15:18:39,0,0,eGFP4,WHEEL
1928,03:18 PM,04-25-2026,04-25-2026 15:18:40,0,0,eGFP4,WHEEL
1929,03:18 PM,04-25-2026,04-25-2026 15:18:40,0,0,eGFP4,WHEEL
1930,03:18 PM,04-25-2026,04-25-2026 15:18:41,0,0,eGFP4,WHEEL
1931,03:18 PM,04-25-2026,04-25-2026 15:18:42,0,0,eGFP4,WHEEL
1932,03:18 PM,04-25-2026,04-25-2026 15:18:45,0,0,eGFP4,WHEEL
1933,03:18 PM,04-25-2026,04-25-2026 15:18:45,0,0,eGFP4,WHEEL
1934,03:18 PM,04-25-2026,04-25-2026 15:18:46,0,0,eGFP4,WHEEL
1935,03:18 PM,04-25-2026,04-25-2026 15:18:47,0,0,eGFP4,WHEEL
1936,03:18 PM,04-25-2026,04-25-2026 15:18:48,0,0,eGFP4,WHEEL
1937,03:18 PM,04-25-2026,04-25-2026 15:18:49,0,0,eGFP4,WHEEL
1938,03:18 PM,04-25-2026,04-25-2026 15:18:51,0,0,eGFP4,WHEEL
1939,03:18 PM,04-25-2026,04-25-2026 15:18:52,0,0,eGFP4,WHEEL
1940,03:18 PM,04-25-2026,04-25-2026 15:18:56,0,0,eGFP4,WHEEL
1941,03:18 PM,04-25-2026,04-25-2026 15:18:57,0,0,eGFP4,WHEEL
1942,03:18 PM,04-25-2026,04-25-2026 15:18:59,0,0,eGFP4,WHEEL
1943,03:19 PM,04-25-2026,04-25-2026 15:19:01,0,0,eGFP4,WHEEL
1944,03:19 PM,04-25-2026,04-25-2026 15:19:02,0,0,eGFP4,WHEEL
1945,03:19 PM,04-25-2026,04-25-2026 15:19:03,0,0,eGFP4,WHEEL
1946,03:19 PM,04-25-2026,04-25-2026 15:19:04,0,0,eGFP4,WHEEL
1947,03:19 PM,04-25-2026,04-25-2026 15:19:04,0,0,eGFP4,WHEEL
1948,03:19 PM,04-25-2026,04-25-2026 15:19:05,0,0,eGFP4,WHEEL
1949,03:19 PM,04-25-2026,04-25-2026 15:19:07,0,0,eGFP4,WHEEL
1950,03:19 PM,04-25-2026,04-25-2026 15:19:08,0,0,eGFP4,WHEEL
1951,03:19 PM,04-25-2026,04-25-2026 15:19:09,0,0,eGFP4,WHEEL
1952,03:19 PM,04-25-2026,04-25-2026 15:19:10,0,0,eGFP4,WHEEL
1953,03:19 PM,04-25-2026,04-25-2026 15:19:10,0,0,eGFP4,WHEEL
1954,03:19 PM,04-25-2026,04-25-2026 15:19:11,0,0,eGFP4,WHEEL
1955,03:19 PM,04-25-2026,04-25-2026 15:19:15,0,0,eGFP4,WHEEL
1956,03:19 PM,04-25-2026,04-25-2026 15:19:18,0,0,eGFP4,WHEEL
1957,03:19 PM,04-25-2026,04-25-2026 15:19:19,0,0,eGFP4,WHEEL
1958,03:19 PM,04-25-2026,04-25-2026 15:19:22,0,0,eGFP4,WHEEL
1959,03:19 PM,04-25-2026,04-25-2026 15:19:33,0,0,eGFP4,WHEEL
1960,03:19 PM,04-25-2026,04-25-2026 15:19:33,0,0,eGFP4,WHEEL
1961,03:19 PM,04-25-2026,04-25-2026 15:19:34,0,0,eGFP4,WHEEL
1962,03:19 PM,04-25-2026,04-25-2026 15:19:50,0,0,eGFP4,WHEEL
1963,03:19 PM,04-25-2026,04-25-2026 15:19:52,0,0,eGFP4,WHEEL
1964,03:20 PM,04-25-2026,04-25-2026 15:20:32,0,0,eGFP4,WHEEL
1965,03:20 PM,04-25-2026,04-25-2026 15:20:33,0,0,eGFP4,WHEEL
1966,03:20 PM,04-25-2026,04-25-2026 15:20:33,0,0,eGFP4,WHEEL
1967,03:20 PM,04-25-2026,04-25-2026 15:20:34,0,0,eGFP4,WHEEL
1968,03:20 PM,04-25-2026,04-25-2026 15:20:35,0,0,eGFP4,WHEEL
1969,03:20 PM,04-25-2026,04-25-2026 15:20:36,0,0,eGFP4,WHEEL
1970,03:20 PM,04-25-2026,04-25-2026 15:20:37,0,0,eGFP4,WHEEL
1971,03:20 PM,04-25-2026,04-25-2026 15:20:38,0,0,eGFP4,WHEEL
1972,03:20 PM,04-25-2026,04-25-2026 15:20:38,0,0,eGFP4,WHEEL
1973,03:20 PM,04-25-2026,04-25-2026 15:20:39,0,0,eGFP4,WHEEL
1974,03:20 PM,04-25-2026,04-25-2026 15:20:41,0,0,eGFP4,WHEEL
1975,03:20 PM,04-25-2026,04-25-2026 15:20:42,0,0,eGFP4,WHEEL
1976,03:20 PM,04-25-2026,04-25-2026 15:20:42,0,0,eGFP4,WHEEL
1977,03:20 PM,04-25-2026,04-25-2026 15:20:49,0,0,eGFP4,WHEEL
1978,03:20 PM,04-25-2026,04-25-2026 15:20:50,0,0,eGFP4,WHEEL
1979,03:20 PM,04-25-2026,04-25-2026 15:20:52,0,0,eGFP4,WHEEL
1980,03:20 PM,04-25-2026,04-25-2026 15:20:53,0,0,eGFP4,WHEEL
1981,03:20 PM,04-25-2026,04-25-2026 15:20:53,0,0,eGFP4,WHEEL
1982,03:20 PM,04-25-2026,04-25-2026 15:20:54,0,0,eGFP4,WHEEL
1983,03:20 PM,04-25-2026,04-25-2026 15:20:55,0,0,eGFP4,WHEEL
1984,03:20 PM,04-25-2026,04-25-2026 15:20:56,0,0,eGFP4,WHEEL
1985,03:20 PM,04-25-2026,04-25-2026 15:20:57,0,0,eGFP4,WHEEL
1986,03:20 PM,04-25-2026,04-25-2026 15:20:58,0,0,eGFP4,WHEEL
1987,03:20 PM,04-25-2026,04-25-2026 15:20:59,0,0,eGFP4,WHEEL
1988,03:21 PM,04-25-2026,04-25-2026 15:21:00,0,0,eGFP4,WHEEL
1989,03:21 PM,04-25-2026,04-25-2026 15:21:00,0,0,eGFP4,WHEEL
1990,03:21 PM,04-25-2026,04-25-2026 15:21:02,0,0,eGFP4,WHEEL
1991,03:21 PM,04-25-2026,04-25-2026 15:21:02,0,0,eGFP4,WHEEL
1992,03:21 PM,04-25-2026,04-25-2026 15:21:03,0,0,eGFP4,WHEEL
1993,03:21 PM,04-25-2026,04-25-2026 15:21:06,0,0,eGFP4,WHEEL
1994,03:21 PM,04-25-2026,04-25-2026 15:21:13,0,0,eGFP4,WHEEL
1995,03:21 PM,04-25-2026,04-25-2026 15:21:15,0,0,eGFP4,WHEEL
1996,03:21 PM,04-25-2026,04-25-2026 15:21:16,0,0,eGFP4,WHEEL
1997,03:21 PM,04-25-2026,04-25-2026 15:21:17,0,0,eGFP4,WHEEL
1998,03:21 PM,04-25-2026,04-25-2026 15:21:19,0,0,eGFP4,WHEEL
1999,03:21 PM,04-25-2026,04-25-2026 15:21:21,0,0,eGFP4,WHEEL
2000,03:21 PM,04-25-2026,04-25-2026 15:21:22,0,0,eGFP4,WHEEL
2001,03:21 PM,04-25-2026,04-25-2026 15:21:23,0,0,eGFP4,WHEEL
2002,03:21 PM,04-25-2026,04-25-2026 15:21:24,0,0,eGFP4,WHEEL
2003,03:21 PM,04-25-2026,04-25-2026 15:21:39,0,0,eGFP4,WHEEL
2004,03:22 PM,04-25-2026,04-25-2026 15:22:00,0,0,eGFP4,WHEEL
2005,03:24 PM,04-25-2026,04-25-2026 15:24:11,0,0,eGFP4,WHEEL
2006,03:24 PM,04-25-2026,04-25-2026 15:24:15,0,0,eGFP4,WHEEL
2007,03:24 PM,04-25-2026,04-25-2026 15:24:18,0,0,eGFP4,WHEEL
2008,03:24 PM,04-25-2026,04-25-2026 15:24:20,0,0,eGFP4,WHEEL
2009,03:24 PM,04-25-2026,04-25-2026 15:24:21,0,0,eGFP4,WHEEL
2010,03:24 PM,04-25-2026,04-25-2026 15:24:23,0,0,eGFP4,WHEEL
2011,03:24 PM,04-25-2026,04-25-2026 15:24:24,0,0,eGFP4,WHEEL
2012,03:24 PM,04-25-2026,04-25-2026 15:24:28,0,0,eGFP4,WHEEL
2013,03:24 PM,04-25-2026,04-25-2026 15:24:29,0,0,eGFP4,WHEEL
2014,03:24 PM,04-25-2026,04-25-2026 15:24:30,0,0,eGFP4,WHEEL
2015,03:24 PM,04-25-2026,04-25-2026 15:24:30,0,0,eGFP4,WHEEL
2016,03:24 PM,04-25-2026,04-25-2026 15:24:33,0,0,eGFP4,WHEEL
2017,03:24 PM,04-25-2026,04-25-2026 15:24:34,0,0,eGFP4,WHEEL
2018,03:24 PM,04-25-2026,04-25-2026 15:24:39,0,0,eGFP4,WHEEL
2019,03:24 PM,04-25-2026,04-25-2026 15:24:40,0,0,eGFP4,WHEEL
2020,03:24 PM,04-25-2026,04-25-2026 15:24:41,0,0,eGFP4,WHEEL
2021,03:24 PM,04-25-2026,04-25-2026 15:24:42,0,0,eGFP4,WHEEL
2022,03:24 PM,04-25-2026,04-25-2026 15:24:42,0,0,eGFP4,WHEEL
2023,03:24 PM,04-25-2026,04-25-2026 15:24:45,0,0,eGFP4,WHEEL
2024,03:24 PM,04-25-2026,04-25-2026 15:24:45,0,0,eGFP4,WHEEL
2025,03:24 PM,04-25-2026,04-25-2026 15:24:54,0,0,eGFP4,WHEEL
2026,03:24 PM,04-25-2026,04-25-2026 15:24:57,0,0,eGFP4,WHEEL
2027,03:24 PM,04-25-2026,04-25-2026 15:24:59,0,0,eGFP4,WHEEL
2028,03:25 PM,04-25-2026,04-25-2026 15:25:01,0,0,eGFP4,WHEEL
2029,03:25 PM,04-25-2026,04-25-2026 15:25:02,0,0,eGFP4,WHEEL
2030,03:25 PM,04-25-2026,04-25-2026 15:25:02,0,0,eGFP4,WHEEL
2031,03:25 PM,04-25-2026,04-25-2026 15:25:04,0,0,eGFP4,WHEEL
2032,03:25 PM,04-25-2026,04-25-2026 15:25:04,0,0,eGFP4,WHEEL
2033,03:25 PM,04-25-2026,04-25-2026 15:25:06,0,0,eGFP4,WHEEL
2034,03:25 PM,04-25-2026,04-25-2026 15:25:07,0,0,eGFP4,WHEEL
2035,03:25 PM,04-25-2026,04-25-2026 15:25:08,0,0,eGFP4,WHEEL
2036,03:25 PM,04-25-2026,04-25-2026 15:25:11,0,0,eGFP4,WHEEL
2037,03:25 PM,04-25-2026,04-25-2026 15:25:14,0,0,eGFP4,WHEEL
2038,03:25 PM,04-25-2026,04-25-2026 15:25:15,0,0,eGFP4,WHEEL
2039,03:25 PM,04-25-2026,04-25-2026 15:25:16,0,0,eGFP4,WHEEL
2040,03:25 PM,04-25-2026,04-25-2026 15:25:19,0,0,eGFP4,WHEEL
2041,03:25 PM,04-25-2026,04-25-2026 15:25:21,0,0,eGFP4,WHEEL
2042,03:25 PM,04-25-2026,04-25-2026 15:25:22,0,0,eGFP4,WHEEL
2043,03:25 PM,04-25-2026,04-25-2026 15:25:23,0,0,eGFP4,WHEEL
2044,03:25 PM,04-25-2026,04-25-2026 15:25:24,0,0,eGFP4,WHEEL
2045,03:25 PM,04-25-2026,04-25-2026 15:25:25,0,0,eGFP4,WHEEL
2046,03:25 PM,04-25-2026,04-25-2026 15:25:25,0,0,eGFP4,WHEEL
2047,03:25 PM,04-25-2026,04-25-2026 15:25:26,0,0,eGFP4,WHEEL
2048,03:25 PM,04-25-2026,04-25-2026 15:25:29,0,0,eGFP4,WHEEL
2049,03:25 PM,04-25-2026,04-25-2026 15:25:29,0,0,eGFP4,WHEEL
2050,03:25 PM,04-25-2026,04-25-2026 15:25:30,0,0,eGFP4,WHEEL
2051,03:25 PM,04-25-2026,04-25-2026 15:25:31,0,0,eGFP4,WHEEL
2052,03:25 PM,04-25-2026,04-25-2026 15:25:32,0,0,eGFP4,WHEEL
2053,03:25 PM,04-25-2026,04-25-2026 15:25:33,0,0,eGFP4,WHEEL
2054,03:25 PM,04-25-2026,04-25-2026 15:25:34,0,0,eGFP4,WHEEL
2055,03:25 PM,04-25-2026,04-25-2026 15:25:35,0,0,eGFP4,WHEEL
2056,03:25 PM,04-25-2026,04-25-2026 15:25:35,0,0,eGFP4,WHEEL
2057,03:25 PM,04-25-2026,04-25-2026 15:25:36,0,0,eGFP4,WHEEL
2058,03:25 PM,04-25-2026,04-25-2026 15:25:38,0,0,eGFP4,WHEEL
2059,03:25 PM,04-25-2026,04-25-2026 15:25:39,0,0,eGFP4,WHEEL
2060,03:25 PM,04-25-2026,04-25-2026 15:25:40,0,0,eGFP4,WHEEL
2061,03:25 PM,04-25-2026,04-25-2026 15:25:40,0,0,eGFP4,WHEEL
2062,03:25 PM,04-25-2026,04-25-2026 15:25:42,0,0,eGFP4,WHEEL
2063,03:25 PM,04-25-2026,04-25-2026 15:25:42,0,0,eGFP4,WHEEL
2064,03:25 PM,04-25-2026,04-25-2026 15:25:43,0,0,eGFP4,WHEEL
2065,03:25 PM,04-25-2026,04-25-2026 15:25:44,0,0,eGFP4,WHEEL
2066,03:25 PM,04-25-2026,04-25-2026 15:25:45,0,0,eGFP4,WHEEL
2067,03:25 PM,04-25-2026,04-25-2026 15:25:46,0,0,eGFP4,WHEEL
2068,03:25 PM,04-25-2026,04-25-2026 15:25:49,0,0,eGFP4,WHEEL
2069,03:25 PM,04-25-2026,04-25-2026 15:25:50,0,0,eGFP4,WHEEL
2070,03:25 PM,04-25-2026,04-25-2026 15:25:51,0,0,eGFP4,WHEEL
2071,03:25 PM,04-25-2026,04-25-2026 15:25:52,0,0,eGFP4,WHEEL
2072,03:25 PM,04-25-2026,04-25-2026 15:25:54,0,0,eGFP4,WHEEL
2073,03:25 PM,04-25-2026,04-25-2026 15:25:56,0,0,eGFP4,WHEEL
2074,03:25 PM,04-25-2026,04-25-2026 15:25:57,0,0,eGFP4,WHEEL
2075,03:26 PM,04-25-2026,04-25-2026 15:26:01,0,0,eGFP4,WHEEL
2076,03:26 PM,04-25-2026,04-25-2026 15:26:01,0,0,eGFP4,WHEEL
2077,03:26 PM,04-25-2026,04-25-2026 15:26:02,0,0,eGFP4,WHEEL
2078,03:26 PM,04-25-2026,04-25-2026 15:26:03,0,0,eGFP4,WHEEL
2079,03:26 PM,04-25-2026,04-25-2026 15:26:03,0,0,eGFP4,WHEEL
2080,03:26 PM,04-25-2026,04-25-2026 15:26:12,0,0,eGFP4,WHEEL
2081,03:27 PM,04-25-2026,04-25-2026 15:27:29,0,0,eGFP4,WHEEL
2082,03:27 PM,04-25-2026,04-25-2026 15:27:30,0,0,eGFP4,WHEEL
2083,03:27 PM,04-25-2026,04-25-2026 15:27:30,0,0,eGFP4,WHEEL
2084,03:27 PM,04-25-2026,04-25-2026 15:27:32,0,0,eGFP4,WHEEL
2085,03:27 PM,04-25-2026,04-25-2026 15:27:33,0,0,eGFP4,WHEEL
2086,03:27 PM,04-25-2026,04-25-2026 15:27:35,0,0,eGFP4,WHEEL
2087,03:27 PM,04-25-2026,04-25-2026 15:27:36,0,0,eGFP4,WHEEL
2088,03:27 PM,04-25-2026,04-25-2026 15:27:37,0,0,eGFP4,WHEEL
2089,03:27 PM,04-25-2026,04-25-2026 15:27:38,0,0,eGFP4,WHEEL
2090,03:27 PM,04-25-2026,04-25-2026 15:27:39,0,0,eGFP4,WHEEL
2091,03:27 PM,04-25-2026,04-25-2026 15:27:40,0,0,eGFP4,WHEEL
2092,03:27 PM,04-25-2026,04-25-2026 15:27:42,0,0,eGFP4,WHEEL
2093,03:27 PM,04-25-2026,04-25-2026 15:27:44,0,0,eGFP4,WHEEL
2094,03:27 PM,04-25-2026,04-25-2026 15:27:47,0,0,eGFP4,WHEEL
2095,03:27 PM,04-25-2026,04-25-2026 15:27:47,0,0,eGFP4,WHEEL
2096,03:27 PM,04-25-2026,04-25-2026 15:27:48,0,0,eGFP4,WHEEL
2097,03:27 PM,04-25-2026,04-25-2026 15:27:50,0,0,eGFP4,WHEEL
2098,03:27 PM,04-25-2026,04-25-2026 15:27:51,0,0,eGFP4,WHEEL
2099,03:27 PM,04-25-2026,04-25-2026 15:27:52,0,0,eGFP4,WHEEL
2100,03:27 PM,04-25-2026,04-25-2026 15:27:53,0,0,eGFP4,WHEEL
2101,03:27 PM,04-25-2026,04-25-2026 15:27:54,0,0,eGFP4,WHEEL
2102,03:27 PM,04-25-2026,04-25-2026 15:27:57,0,0,eGFP4,WHEEL
2103,03:27 PM,04-25-2026,04-25-2026 15:27:58,0,0,eGFP4,WHEEL
2104,03:28 PM,04-25-2026,04-25-2026 15:28:08,0,0,eGFP4,WHEEL
2105,03:28 PM,04-25-2026,04-25-2026 15:28:09,0,0,eGFP4,WHEEL
2106,03:28 PM,04-25-2026,04-25-2026 15:28:10,0,0,eGFP4,WHEEL
2107,03:28 PM,04-25-2026,04-25-2026 15:28:10,0,0,eGFP4,WHEEL
2108,03:28 PM,04-25-2026,04-25-2026 15:28:11,0,0,eGFP4,WHEEL
2109,03:28 PM,04-25-2026,04-25-2026 15:28:12,0,0,eGFP4,WHEEL
2110,03:28 PM,04-25-2026,04-25-2026 15:28:14,0,0,eGFP4,WHEEL
2111,03:28 PM,04-25-2026,04-25-2026 15:28:16,0,0,eGFP4,WHEEL
2112,03:28 PM,04-25-2026,04-25-2026 15:28:17,0,0,eGFP4,WHEEL
2113,03:28 PM,04-25-2026,04-25-2026 15:28:18,0,0,eGFP4,WHEEL
2114,03:28 PM,04-25-2026,04-25-2026 15:28:19,0,0,eGFP4,WHEEL
2115,03:28 PM,04-25-2026,04-25-2026 15:28:20,0,0,eGFP4,WHEEL
2116,03:28 PM,04-25-2026,04-25-2026 15:28:21,0,0,eGFP4,WHEEL
2117,03:28 PM,04-25-2026,04-25-2026 15:28:22,0,0,eGFP4,WHEEL
2118,03:28 PM,04-25-2026,04-25-2026 15:28:23,0,0,eGFP4,WHEEL
2119,03:28 PM,04-25-2026,04-25-2026 15:28:24,0,0,eGFP4,WHEEL
2120,03:28 PM,04-25-2026,04-25-2026 15:28:27,0,0,eGFP4,WHEEL
2121,03:28 PM,04-25-2026,04-25-2026 15:28:31,0,0,eGFP4,WHEEL
2122,03:28 PM,04-25-2026,04-25-2026 15:28:40,0,0,eGFP4,WHEEL
2123,03:28 PM,04-25-2026,04-25-2026 15:28:41,0,0,eGFP4,WHEEL
2124,03:28 PM,04-25-2026,04-25-2026 15:28:42,0,0,eGFP4,WHEEL
2125,03:28 PM,04-25-2026,04-25-2026 15:28:42,0,0,eGFP4,WHEEL
2126,03:28 PM,04-25-2026,04-25-2026 15:28:43,0,0,eGFP4,WHEEL
2127,03:28 PM,04-25-2026,04-25-2026 15:28:44,0,0,eGFP4,WHEEL
2128,03:28 PM,04-25-2026,04-25-2026 15:28:45,0,0,eGFP4,WHEEL
2129,03:28 PM,04-25-2026,04-25-2026 15:28:45,0,0,eGFP4,WHEEL
2130,03:28 PM,04-25-2026,04-25-2026 15:28:46,0,0,eGFP4,WHEEL
2131,03:28 PM,04-25-2026,04-25-2026 15:28:47,0,0,eGFP4,WHEEL
2132,03:28 PM,04-25-2026,04-25-2026 15:28:49,0,0,eGFP4,WHEEL
2133,03:28 PM,04-25-2026,04-25-2026 15:28:50,0,0,eGFP4,WHEEL
2134,03:28 PM,04-25-2026,04-25-2026 15:28:51,0,0,eGFP4,WHEEL
2135,03:28 PM,04-25-2026,04-25-2026 15:28:52,0,0,eGFP4,WHEEL
2136,03:28 PM,04-25-2026,04-25-2026 15:28:53,0,0,eGFP4,WHEEL
2137,03:28 PM,04-25-2026,04-25-2026 15:28:54,0,0,eGFP4,WHEEL
2138,03:28 PM,04-25-2026,04-25-2026 15:28:55,0,0,eGFP4,WHEEL
2139,03:28 PM,04-25-2026,04-25-2026 15:28:58,0,0,eGFP4,WHEEL
2140,03:29 PM,04-25-2026,04-25-2026 15:29:02,0,0,eGFP4,WHEEL
2141,03:29 PM,04-25-2026,04-25-2026 15:29:03,0,0,eGFP4,WHEEL
2142,03:29 PM,04-25-2026,04-25-2026 15:29:04,0,0,eGFP4,WHEEL
2143,03:29 PM,04-25-2026,04-25-2026 15:29:04,0,0,eGFP4,WHEEL
2144,03:29 PM,04-25-2026,04-25-2026 15:29:06,0,0,eGFP4,WHEEL
2145,03:30 PM,04-25-2026,04-25-2026 15:30:23,0,0,eGFP4,WHEEL
2146,03:30 PM,04-25-2026,04-25-2026 15:30:23,0,0,eGFP4,WHEEL
2147,03:30 PM,04-25-2026,04-25-2026 15:30:26,0,0,eGFP4,WHEEL
2148,03:30 PM,04-25-2026,04-25-2026 15:30:26,0,0,eGFP4,WHEEL
2149,03:30 PM,04-25-2026,04-25-2026 15:30:29,0,0,eGFP4,WHEEL
2150,03:30 PM,04-25-2026,04-25-2026 15:30:29,0,0,eGFP4,WHEEL
2151,03:30 PM,04-25-2026,04-25-2026 15:30:30,0,0,eGFP4,WHEEL
2152,03:30 PM,04-25-2026,04-25-2026 15:30:31,0,0,eGFP4,WHEEL
2153,03:30 PM,04-25-2026,04-25-2026 15:30:32,0,0,eGFP4,WHEEL
2154,03:30 PM,04-25-2026,04-25-2026 15:30:33,0,0,eGFP4,WHEEL
2155,03:30 PM,04-25-2026,04-25-2026 15:30:34,0,0,eGFP4,WHEEL
2156,03:30 PM,04-25-2026,04-25-2026 15:30:36,0,0,eGFP4,WHEEL
2157,03:30 PM,04-25-2026,04-25-2026 15:30:38,0,0,eGFP4,WHEEL
2158,03:30 PM,04-25-2026,04-25-2026 15:30:39,0,0,eGFP4,WHEEL
2159,03:30 PM,04-25-2026,04-25-2026 15:30:40,0,0,eGFP4,WHEEL
2160,03:30 PM,04-25-2026,04-25-2026 15:30:41,0,0,eGFP4,WHEEL
2161,03:30 PM,04-25-2026,04-25-2026 15:30:43,0,0,eGFP4,WHEEL
2162,03:30 PM,04-25-2026,04-25-2026 15:30:44,0,0,eGFP4,WHEEL
2163,03:30 PM,04-25-2026,04-25-2026 15:30:47,0,0,eGFP4,WHEEL
2164,03:30 PM,04-25-2026,04-25-2026 15:30:57,0,0,eGFP4,WHEEL
2165,03:30 PM,04-25-2026,04-25-2026 15:30:58,0,0,eGFP4,WHEEL
2166,03:30 PM,04-25-2026,04-25-2026 15:30:59,0,0,eGFP4,WHEEL
2167,03:31 PM,04-25-2026,04-25-2026 15:31:00,0,0,eGFP4,WHEEL
2168,03:31 PM,04-25-2026,04-25-2026 15:31:00,0,0,eGFP4,WHEEL
2169,03:31 PM,04-25-2026,04-25-2026 15:31:02,0,0,eGFP4,WHEEL
2170,03:31 PM,04-25-2026,04-25-2026 15:31:03,0,0,eGFP4,WHEEL
2171,03:31 PM,04-25-2026,04-25-2026 15:31:03,0,0,eGFP4,WHEEL
2172,03:31 PM,04-25-2026,04-25-2026 15:31:05,0,0,eGFP4,WHEEL
2173,03:31 PM,04-25-2026,04-25-2026 15:31:08,0,0,eGFP4,WHEEL
2174,03:31 PM,04-25-2026,04-25-2026 15:31:09,0,0,eGFP4,WHEEL
2175,03:31 PM,04-25-2026,04-25-2026 15:31:10,0,0,eGFP4,WHEEL
2176,03:31 PM,04-25-2026,04-25-2026 15:31:10,0,0,eGFP4,WHEEL
2177,03:31 PM,04-25-2026,04-25-2026 15:31:11,0,0,eGFP4,WHEEL
2178,03:31 PM,04-25-2026,04-25-2026 15:31:17,0,0,eGFP4,WHEEL
2179,03:31 PM,04-25-2026,04-25-2026 15:31:21,0,0,eGFP4,WHEEL
2180,03:31 PM,04-25-2026,04-25-2026 15:31:23,0,0,eGFP4,WHEEL
2181,03:31 PM,04-25-2026,04-25-2026 15:31:23,0,0,eGFP4,WHEEL
2182,03:31 PM,04-25-2026,04-25-2026 15:31:24,0,0,eGFP4,WHEEL
2183,03:31 PM,04-25-2026,04-25-2026 15:31:26,0,0,eGFP4,WHEEL
2184,03:31 PM,04-25-2026,04-25-2026 15:31:26,0,0,eGFP4,WHEEL
2185,03:31 PM,04-25-2026,04-25-2026 15:31:27,0,0,eGFP4,WHEEL
2186,03:31 PM,04-25-2026,04-25-2026 15:31:27,0,0,eGFP4,WHEEL
2187,03:31 PM,04-25-2026,04-25-2026 15:31:28,0,0,eGFP4,WHEEL
2188,03:31 PM,04-25-2026,04-25-2026 15:31:29,0,0,eGFP4,WHEEL
2189,03:31 PM,04-25-2026,04-25-2026 15:31:30,0,0,eGFP4,WHEEL
2190,03:31 PM,04-25-2026,04-25-2026 15:31:30,0,0,eGFP4,WHEEL
2191,03:31 PM,04-25-2026,04-25-2026 15:31:31,0,0,eGFP4,WHEEL
2192,03:31 PM,04-25-2026,04-25-2026 15:31:34,0,0,eGFP4,WHEEL
2193,03:31 PM,04-25-2026,04-25-2026 15:31:35,0,0,eGFP4,WHEEL
2194,03:31 PM,04-25-2026,04-25-2026 15:31:36,0,0,eGFP4,WHEEL
2195,03:31 PM,04-25-2026,04-25-2026 15:31:38,0,0,eGFP4,WHEEL
2196,03:31 PM,04-25-2026,04-25-2026 15:31:39,0,0,eGFP4,WHEEL
2197,03:31 PM,04-25-2026,04-25-2026 15:31:39,0,0,eGFP4,WHEEL
2198,03:31 PM,04-25-2026,04-25-2026 15:31:41,0,0,eGFP4,WHEEL
2199,03:31 PM,04-25-2026,04-25-2026 15:31:42,0,0,eGFP4,WHEEL
2200,03:31 PM,04-25-2026,04-25-2026 15:31:42,0,0,eGFP4,WHEEL
2201,03:31 PM,04-25-2026,04-25-2026 15:31:43,0,0,eGFP4,WHEEL
2202,03:31 PM,04-25-2026,04-25-2026 15:31:44,0,0,eGFP4,WHEEL
2203,03:31 PM,04-25-2026,04-25-2026 15:31:45,0,0,eGFP4,WHEEL
2204,03:31 PM,04-25-2026,04-25-2026 15:31:54,0,0,eGFP4,WHEEL
2205,03:31 PM,04-25-2026,04-25-2026 15:31:55,0,0,eGFP4,WHEEL
2206,03:31 PM,04-25-2026,04-25-2026 15:31:55,0,0,eGFP4,WHEEL
2207,03:31 PM,04-25-2026,04-25-2026 15:31:58,0,0,eGFP4,WHEEL
2208,03:32 PM,04-25-2026,04-25-2026 15:32:02,0,0,eGFP4,WHEEL
2209,03:32 PM,04-25-2026,04-25-2026 15:32:04,0,0,eGFP4,WHEEL
2210,03:32 PM,04-25-2026,04-25-2026 15:32:04,0,0,eGFP4,WHEEL
2211,03:32 PM,04-25-2026,04-25-2026 15:32:06,0,0,eGFP4,WHEEL
2212,03:32 PM,04-25-2026,04-25-2026 15:32:09,0,0,eGFP4,WHEEL
2213,03:32 PM,04-25-2026,04-25-2026 15:32:09,0,0,eGFP4,WHEEL
2214,03:32 PM,04-25-2026,04-25-2026 15:32:11,0,0,eGFP4,WHEEL
2215,03:32 PM,04-25-2026,04-25-2026 15:32:13,0,0,eGFP4,WHEEL
2216,03:32 PM,04-25-2026,04-25-2026 15:32:14,0,0,eGFP4,WHEEL
2217,03:32 PM,04-25-2026,04-25-2026 15:32:17,0,0,eGFP4,WHEEL
2218,03:32 PM,04-25-2026,04-25-2026 15:32:18,0,0,eGFP4,WHEEL
2219,03:32 PM,04-25-2026,04-25-2026 15:32:19,0,0,eGFP4,WHEEL
2220,03:32 PM,04-25-2026,04-25-2026 15:32:21,0,0,eGFP4,WHEEL
2221,03:32 PM,04-25-2026,04-25-2026 15:32:22,0,0,eGFP4,WHEEL
2222,03:32 PM,04-25-2026,04-25-2026 15:32:24,0,0,eGFP4,WHEEL
2223,03:32 PM,04-25-2026,04-25-2026 15:32:25,0,0,eGFP4,WHEEL
2224,03:32 PM,04-25-2026,04-25-2026 15:32:25,0,0,eGFP4,WHEEL
2225,03:32 PM,04-25-2026,04-25-2026 15:32:26,0,0,eGFP4,WHEEL
2226,03:32 PM,04-25-2026,04-25-2026 15:32:27,0,0,eGFP4,WHEEL
2227,03:32 PM,04-25-2026,04-25-2026 15:32:28,0,0,eGFP4,WHEEL
2228,03:32 PM,04-25-2026,04-25-2026 15:32:32,0,0,eGFP4,WHEEL
2229,03:32 PM,04-25-2026,04-25-2026 15:32:32,0,0,eGFP4,WHEEL
2230,03:32 PM,04-25-2026,04-25-2026 15:32:33,0,0,eGFP4,WHEEL
2231,03:32 PM,04-25-2026,04-25-2026 15:32:33,0,0,eGFP4,WHEEL
2232,03:32 PM,04-25-2026,04-25-2026 15:32:34,0,0,eGFP4,WHEEL
2233,03:32 PM,04-25-2026,04-25-2026 15:32:35,0,0,eGFP4,WHEEL
2234,03:32 PM,04-25-2026,04-25-2026 15:32:35,0,0,eGFP4,WHEEL
2235,03:32 PM,04-25-2026,04-25-2026 15:32:37,0,0,eGFP4,WHEEL
2236,03:32 PM,04-25-2026,04-25-2026 15:32:37,0,0,eGFP4,WHEEL
2237,03:32 PM,04-25-2026,04-25-2026 15:32:40,0,0,eGFP4,WHEEL
2238,03:32 PM,04-25-2026,04-25-2026 15:32:49,0,0,eGFP4,WHEEL
2239,03:32 PM,04-25-2026,04-25-2026 15:32:50,0,0,eGFP4,WHEEL
2240,03:32 PM,04-25-2026,04-25-2026 15:32:50,0,0,eGFP4,WHEEL
2241,03:32 PM,04-25-2026,04-25-2026 15:32:51,0,0,eGFP4,WHEEL
2242,03:32 PM,04-25-2026,04-25-2026 15:32:52,0,0,eGFP4,WHEEL
2243,03:32 PM,04-25-2026,04-25-2026 15:32:53,0,0,eGFP4,WHEEL
2244,03:32 PM,04-25-2026,04-25-2026 15:32:53,0,0,eGFP4,WHEEL
2245,03:32 PM,04-25-2026,04-25-2026 15:32:55,0,0,eGFP4,WHEEL
2246,03:32 PM,04-25-2026,04-25-2026 15:32:59,0,0,eGFP4,WHEEL
2247,03:33 PM,04-25-2026,04-25-2026 15:33:01,0,0,eGFP4,WHEEL
2248,03:33 PM,04-25-2026,04-25-2026 15:33:02,0,0,eGFP4,WHEEL
2249,03:33 PM,04-25-2026,04-25-2026 15:33:03,0,0,eGFP4,WHEEL
2250,03:33 PM,04-25-2026,04-25-2026 15:33:04,0,0,eGFP4,WHEEL
2251,03:33 PM,04-25-2026,04-25-2026 15:33:05,0,0,eGFP4,WHEEL
2252,03:33 PM,04-25-2026,04-25-2026 15:33:08,0,0,eGFP4,WHEEL
2253,03:33 PM,04-25-2026,04-25-2026 15:33:09,0,0,eGFP4,WHEEL
2254,03:33 PM,04-25-2026,04-25-2026 15:33:15,0,0,eGFP4,WHEEL
2255,03:33 PM,04-25-2026,04-25-2026 15:33:16,0,0,eGFP4,WHEEL
2256,03:33 PM,04-25-2026,04-25-2026 15:33:17,0,0,eGFP4,WHEEL
2257,03:33 PM,04-25-2026,04-25-2026 15:33:18,0,0,eGFP4,WHEEL
2258,03:33 PM,04-25-2026,04-25-2026 15:33:29,0,0,eGFP4,WHEEL
2259,03:33 PM,04-25-2026,04-25-2026 15:33:30,0,0,eGFP4,WHEEL
2260,03:33 PM,04-25-2026,04-25-2026 15:33:30,0,0,eGFP4,WHEEL
2261,03:33 PM,04-25-2026,04-25-2026 15:33:31,0,0,eGFP4,WHEEL
2262,03:33 PM,04-25-2026,04-25-2026 15:33:32,0,0,eGFP4,WHEEL
2263,03:33 PM,04-25-2026,04-25-2026 15:33:33,0,0,eGFP4,WHEEL
2264,03:33 PM,04-25-2026,04-25-2026 15:33:35,0,0,eGFP4,WHEEL
2265,03:33 PM,04-25-2026,04-25-2026 15:33:38,0,0,eGFP4,WHEEL
2266,03:33 PM,04-25-2026,04-25-2026 15:33:39,0,0,eGFP4,WHEEL
2267,03:33 PM,04-25-2026,04-25-2026 15:33:40,0,0,eGFP4,WHEEL
2268,03:33 PM,04-25-2026,04-25-2026 15:33:43,0,0,eGFP4,WHEEL
2269,03:33 PM,04-25-2026,04-25-2026 15:33:48,0,0,eGFP4,WHEEL
2270,03:33 PM,04-25-2026,04-25-2026 15:33:51,0,0,eGFP4,WHEEL
2271,03:33 PM,04-25-2026,04-25-2026 15:33:52,0,0,eGFP4,WHEEL
2272,03:33 PM,04-25-2026,04-25-2026 15:33:53,0,0,eGFP4,WHEEL
2273,03:33 PM,04-25-2026,04-25-2026 15:33:54,0,0,eGFP4,WHEEL
2274,03:33 PM,04-25-2026,04-25-2026 15:33:54,0,0,eGFP4,WHEEL
2275,03:33 PM,04-25-2026,04-25-2026 15:33:55,0,0,eGFP4,WHEEL
2276,03:33 PM,04-25-2026,04-25-2026 15:33:56,0,0,eGFP4,WHEEL
2277,03:33 PM,04-25-2026,04-25-2026 15:33:56,0,0,eGFP4,WHEEL
2278,03:33 PM,04-25-2026,04-25-2026 15:33:57,0,0,eGFP4,WHEEL
2279,03:33 PM,04-25-2026,04-25-2026 15:33:58,0,0,eGFP4,WHEEL
2280,03:33 PM,04-25-2026,04-25-2026 15:33:58,0,0,eGFP4,WHEEL
2281,03:34 PM,04-25-2026,04-25-2026 15:34:00,0,0,eGFP4,WHEEL
2282,03:34 PM,04-25-2026,04-25-2026 15:34:02,0,0,eGFP4,WHEEL
2283,03:34 PM,04-25-2026,04-25-2026 15:34:04,0,0,eGFP4,WHEEL
2284,03:34 PM,04-25-2026,04-25-2026 15:34:05,0,0,eGFP4,WHEEL
2285,03:34 PM,04-25-2026,04-25-2026 15:34:06,0,0,eGFP4,WHEEL
2286,03:34 PM,04-25-2026,04-25-2026 15:34:06,0,0,eGFP4,WHEEL
2287,03:34 PM,04-25-2026,04-25-2026 15:34:07,0,0,eGFP4,WHEEL
2288,03:34 PM,04-25-2026,04-25-2026 15:34:08,0,0,eGFP4,WHEEL
2289,03:34 PM,04-25-2026,04-25-2026 15:34:08,0,0,eGFP4,WHEEL
2290,03:34 PM,04-25-2026,04-25-2026 15:34:11,0,0,eGFP4,WHEEL
2291,03:34 PM,04-25-2026,04-25-2026 15:34:11,0,0,eGFP4,WHEEL
2292,03:34 PM,04-25-2026,04-25-2026 15:34:12,0,0,eGFP4,WHEEL
2293,03:34 PM,04-25-2026,04-25-2026 15:34:17,0,0,eGFP4,WHEEL
2294,03:34 PM,04-25-2026,04-25-2026 15:34:20,0,0,eGFP4,WHEEL
2295,03:34 PM,04-25-2026,04-25-2026 15:34:21,0,0,eGFP4,WHEEL
2296,03:34 PM,04-25-2026,04-25-2026 15:34:23,0,0,eGFP4,WHEEL
2297,03:34 PM,04-25-2026,04-25-2026 15:34:24,0,0,eGFP4,WHEEL
2298,03:34 PM,04-25-2026,04-25-2026 15:34:25,0,0,eGFP4,WHEEL
2299,03:34 PM,04-25-2026,04-25-2026 15:34:25,0,0,eGFP4,WHEEL
2300,03:34 PM,04-25-2026,04-25-2026 15:34:30,0,0,eGFP4,WHEEL
2301,03:34 PM,04-25-2026,04-25-2026 15:34:31,0,0,eGFP4,WHEEL
2302,03:34 PM,04-25-2026,04-25-2026 15:34:37,0,0,eGFP4,WHEEL
2303,03:34 PM,04-25-2026,04-25-2026 15:34:38,0,0,eGFP4,WHEEL
2304,03:34 PM,04-25-2026,04-25-2026 15:34:40,0,0,eGFP4,WHEEL
2305,03:34 PM,04-25-2026,04-25-2026 15:34:43,0,0,eGFP4,WHEEL
2306,03:34 PM,04-25-2026,04-25-2026 15:34:45,0,0,eGFP4,WHEEL
2307,03:34 PM,04-25-2026,04-25-2026 15:34:46,0,0,eGFP4,WHEEL
2308,03:34 PM,04-25-2026,04-25-2026 15:34:47,0,0,eGFP4,WHEEL
2309,03:34 PM,04-25-2026,04-25-2026 15:34:47,0,0,eGFP4,WHEEL
2310,03:34 PM,04-25-2026,04-25-2026 15:34:48,0,0,eGFP4,WHEEL
2311,03:34 PM,04-25-2026,04-25-2026 15:34:48,0,0,eGFP4,WHEEL
2312,03:34 PM,04-25-2026,04-25-2026 15:34:49,0,0,eGFP4,WHEEL
2313,03:34 PM,04-25-2026,04-25-2026 15:34:52,0,0,eGFP4,WHEEL
2314,03:43 PM,04-25-2026,04-25-2026 15:43:31,0,0,eGFP4,WHEEL
2315,03:43 PM,04-25-2026,04-25-2026 15:43:39,0,0,eGFP4,WHEEL
2316,03:43 PM,04-25-2026,04-25-2026 15:43:41,0,0,eGFP4,WHEEL
2317,03:43 PM,04-25-2026,04-25-2026 15:43:42,0,0,eGFP4,WHEEL
2318,03:43 PM,04-25-2026,04-25-2026 15:43:42,0,0,eGFP4,WHEEL
2319,03:43 PM,04-25-2026,04-25-2026 15:43:45,0,0,eGFP4,WHEEL
2320,03:43 PM,04-25-2026,04-25-2026 15:43:47,0,0,eGFP4,WHEEL
2321,03:43 PM,04-25-2026,04-25-2026 15:43:49,0,0,eGFP4,WHEEL
2322,03:43 PM,04-25-2026,04-25-2026 15:43:50,0,0,eGFP4,WHEEL
2323,03:43 PM,04-25-2026,04-25-2026 15:43:50,0,0,eGFP4,WHEEL
2324,03:43 PM,04-25-2026,04-25-2026 15:43:53,0,0,eGFP4,WHEEL
2325,03:43 PM,04-25-2026,04-25-2026 15:43:54,0,0,eGFP4,WHEEL
2326,03:43 PM,04-25-2026,04-25-2026 15:43:55,0,0,eGFP4,WHEEL
2327,03:43 PM,04-25-2026,04-25-2026 15:43:57,0,0,eGFP4,WHEEL
2328,03:43 PM,04-25-2026,04-25-2026 15:43:57,0,0,eGFP4,WHEEL
2329,03:44 PM,04-25-2026,04-25-2026 15:44:00,0,0,eGFP4,WHEEL
2330,03:44 PM,04-25-2026,04-25-2026 15:44:01,0,0,eGFP4,WHEEL
2331,03:44 PM,04-25-2026,04-25-2026 15:44:01,0,0,eGFP4,WHEEL
2332,03:44 PM,04-25-2026,04-25-2026 15:44:02,0,0,eGFP4,WHEEL
2333,03:44 PM,04-25-2026,04-25-2026 15:44:03,0,0,eGFP4,WHEEL
2334,03:44 PM,04-25-2026,04-25-2026 15:44:05,0,0,eGFP4,WHEEL
2335,03:44 PM,04-25-2026,04-25-2026 15:44:06,0,0,eGFP4,WHEEL
2336,03:44 PM,04-25-2026,04-25-2026 15:44:07,0,0,eGFP4,WHEEL
2337,03:44 PM,04-25-2026,04-25-2026 15:44:08,0,0,eGFP4,WHEEL
2338,03:44 PM,04-25-2026,04-25-2026 15:44:10,0,0,eGFP4,WHEEL
2339,03:44 PM,04-25-2026,04-25-2026 15:44:11,0,0,eGFP4,WHEEL
2340,03:44 PM,04-25-2026,04-25-2026 15:44:11,0,0,eGFP4,WHEEL
2341,03:44 PM,04-25-2026,04-25-2026 15:44:13,0,0,eGFP4,WHEEL
2342,03:44 PM,04-25-2026,04-25-2026 15:44:14,0,0,eGFP4,WHEEL
2343,03:44 PM,04-25-2026,04-25-2026 15:44:15,0,0,eGFP4,WHEEL
2344,03:44 PM,04-25-2026,04-25-2026 15:44:22,0,0,eGFP4,WHEEL
2345,03:44 PM,04-25-2026,04-25-2026 15:44:24,0,0,eGFP4,WHEEL
2346,03:44 PM,04-25-2026,04-25-2026 15:44:30,0,0,eGFP4,WHEEL
2347,03:44 PM,04-25-2026,04-25-2026 15:44:32,0,0,eGFP4,WHEEL
2348,03:44 PM,04-25-2026,04-25-2026 15:44:43,0,0,eGFP4,WHEEL
2349,03:52 PM,04-25-2026,04-25-2026 15:52:06,0,0,eGFP4,WHEEL
2350,03:52 PM,04-25-2026,04-25-2026 15:52:09,0,0,eGFP4,WHEEL
2351,03:52 PM,04-25-2026,04-25-2026 15:52:24,0,0,eGFP4,WHEEL
2352,03:52 PM,04-25-2026,04-25-2026 15:52:28,0,0,eGFP4,WHEEL
2353,03:52 PM,04-25-2026,04-25-2026 15:52:31,0,0,eGFP4,WHEEL
2354,03:52 PM,04-25-2026,04-25-2026 15:52:34,0,0,eGFP4,WHEEL
2355,04:19 PM,04-25-2026,04-25-2026 16:19:03,0,0,eGFP4,WHEEL
2356,04:19 PM,04-25-2026,04-25-2026 16:19:04,0,0,eGFP4,WHEEL
2357,04:34 PM,04-25-2026,04-25-2026 16:34:17,0,0,eGFP4,WHEEL
2358,04:34 PM,04-25-2026,04-25-2026 16:34:29,0,0,eGFP4,WHEEL
2359,08:55 PM,04-25-2026,04-25-2026 20:55:17,0,0,eGFP4,WHEEL
2360,08:55 PM,04-25-2026,04-25-2026 20:55:56,0,0,eGFP4,WHEEL
2361,08:56 PM,04-25-2026,04-25-2026 20:56:00,0,0,eGFP4,WHEEL
2362,08:56 PM,04-25-2026,04-25-2026 20:56:01,0,0,eGFP4,WHEEL
2363,08:56 PM,04-25-2026,04-25-2026 20:56:05,0,0,eGFP4,WHEEL
2364,08:56 PM,04-25-2026,04-25-2026 20:56:08,0,0,eGFP4,WHEEL
2365,08:56 PM,04-25-2026,04-25-2026 20:56:10,0,0,eGFP4,WHEEL
2366,08:56 PM,04-25-2026,04-25-2026 20:56:12,0,0,eGFP4,WHEEL
2367,08:56 PM,04-25-2026,04-25-2026 20:56:14,0,0,eGFP4,WHEEL
2368,08:56 PM,04-25-2026,04-25-2026 20:56:17,0,0,eGFP4,WHEEL
2369,08:56 PM,04-25-2026,04-25-2026 20:56:18,0,0,eGFP4,WHEEL
2370,08:56 PM,04-25-2026,04-25-2026 20:56:21,0,0,eGFP4,WHEEL
2371,08:56 PM,04-25-2026,04-25-2026 20:56:23,0,0,eGFP4,WHEEL
2372,08:56 PM,04-25-2026,04-25-2026 20:56:26,0,0,eGFP4,WHEEL
2373,08:56 PM,04-25-2026,04-25-2026 20:56:27,0,0,eGFP4,WHEEL
2374,08:56 PM,04-25-2026,04-25-2026 20:56:33,0,0,eGFP4,WHEEL
2375,08:56 PM,04-25-2026,04-25-2026 20:56:39,0,0,eGFP4,WHEEL
2376,08:56 PM,04-25-2026,04-25-2026 20:56:42,0,0,eGFP4,WHEEL
2377,08:56 PM,04-25-2026,04-25-2026 20:56:43,0,0,eGFP4,WHEEL
2378,08:56 PM,04-25-2026,04-25-2026 20:56:47,0,0,eGFP4,WHEEL
2379,08:56 PM,04-25-2026,04-25-2026 20:56:50,0,0,eGFP4,WHEEL
2380,08:56 PM,04-25-2026,04-25-2026 20:56:50,0,0,eGFP4,WHEEL
2381,08:56 PM,04-25-2026,04-25-2026 20:56:53,0,0,eGFP4,WHEEL
2382,08:56 PM,04-25-2026,04-25-2026 20:56:55,0,0,eGFP4,WHEEL
2383,08:56 PM,04-25-2026,04-25-2026 20:56:56,0,0,eGFP4,WHEEL
2384,08:56 PM,04-25-2026,04-25-2026 20:56:59,0,0,eGFP4,WHEEL
2385,08:57 PM,04-25-2026,04-25-2026 20:57:00,0,0,eGFP4,WHEEL
2386,08:57 PM,04-25-2026,04-25-2026 20:57:01,0,0,eGFP4,WHEEL
2387,08:57 PM,04-25-2026,04-25-2026 20:57:02,0,0,eGFP4,WHEEL
2388,08:57 PM,04-25-2026,04-25-2026 20:57:03,0,0,eGFP4,WHEEL
2389,08:57 PM,04-25-2026,04-25-2026 20:57:05,0,0,eGFP4,WHEEL
2390,08:57 PM,04-25-2026,04-25-2026 20:57:06,0,0,eGFP4,WHEEL
2391,08:57 PM,04-25-2026,04-25-2026 20:57:09,0,0,eGFP4,WHEEL
2392,08:57 PM,04-25-2026,04-25-2026 20:57:09,0,0,eGFP4,WHEEL
2393,08:57 PM,04-25-2026,04-25-2026 20:57:10,0,0,eGFP4,WHEEL
2394,08:57 PM,04-25-2026,04-25-2026 20:57:13,0,0,eGFP4,WHEEL
2395,08:57 PM,04-25-2026,04-25-2026 20:57:14,0,0,eGFP4,WHEEL
2396,08:57 PM,04-25-2026,04-25-2026 20:57:18,0,0,eGFP4,WHEEL
2397,08:57 PM,04-25-2026,04-25-2026 20:57:19,0,0,eGFP4,WHEEL
2398,08:57 PM,04-25-2026,04-25-2026 20:57:20,0,0,eGFP4,WHEEL
2399,08:57 PM,04-25-2026,04-25-2026 20:57:21,0,0,eGFP4,WHEEL
2400,08:57 PM,04-25-2026,04-25-2026 20:57:24,0,0,eGFP4,WHEEL
2401,08:57 PM,04-25-2026,04-25-2026 20:57:25,0,0,eGFP4,WHEEL
2402,08:57 PM,04-25-2026,04-25-2026 20:57:26,0,0,eGFP4,WHEEL
2403,08:57 PM,04-25-2026,04-25-2026 20:57:26,0,0,eGFP4,WHEEL
2404,08:57 PM,04-25-2026,04-25-2026 20:57:29,0,0,eGFP4,WHEEL
2405,08:57 PM,04-25-2026,04-25-2026 20:57:30,0,0,eGFP4,WHEEL
2406,08:57 PM,04-25-2026,04-25-2026 20:57:31,0,0,eGFP4,WHEEL
2407,08:57 PM,04-25-2026,04-25-2026 20:57:32,0,0,eGFP4,WHEEL
2408,08:57 PM,04-25-2026,04-25-2026 20:57:33,0,0,eGFP4,WHEEL
2409,08:57 PM,04-25-2026,04-25-2026 20:57:36,0,0,eGFP4,WHEEL
2410,08:57 PM,04-25-2026,04-25-2026 20:57:37,0,0,eGFP4,WHEEL
2411,08:57 PM,04-25-2026,04-25-2026 20:57:38,0,0,eGFP4,WHEEL
2412,08:57 PM,04-25-2026,04-25-2026 20:57:39,0,0,eGFP4,WHEEL
2413,08:57 PM,04-25-2026,04-25-2026 20:57:40,0,0,eGFP4,WHEEL
2414,08:57 PM,04-25-2026,04-25-2026 20:57:42,0,0,eGFP4,WHEEL
2415,08:57 PM,04-25-2026,04-25-2026 20:57:43,0,0,eGFP4,WHEEL
2416,08:57 PM,04-25-2026,04-25-2026 20:57:44,0,0,eGFP4,WHEEL
2417,08:57 PM,04-25-2026,04-25-2026 20:57:45,0,0,eGFP4,WHEEL
2418,08:57 PM,04-25-2026,04-25-2026 20:57:47,0,0,eGFP4,WHEEL
2419,08:57 PM,04-25-2026,04-25-2026 20:57:48,0,0,eGFP4,WHEEL
2420,08:57 PM,04-25-2026,04-25-2026 20:57:49,0,0,eGFP4,WHEEL
2421,08:57 PM,04-25-2026,04-25-2026 20:57:50,0,0,eGFP4,WHEEL
2422,08:57 PM,04-25-2026,04-25-2026 20:57:51,0,0,eGFP4,WHEEL
2423,08:57 PM,04-25-2026,04-25-2026 20:57:52,0,0,eGFP4,WHEEL
2424,08:57 PM,04-25-2026,04-25-2026 20:57:53,0,0,eGFP4,WHEEL
2425,08:57 PM,04-25-2026,04-25-2026 20:57:54,0,0,eGFP4,WHEEL
2426,08:57 PM,04-25-2026,04-25-2026 20:57:56,0,0,eGFP4,WHEEL
2427,08:57 PM,04-25-2026,04-25-2026 20:57:57,0,0,eGFP4,WHEEL
2428,08:57 PM,04-25-2026,04-25-2026 20:57:57,0,0,eGFP4,WHEEL
2429,08:57 PM,04-25-2026,04-25-2026 20:57:58,0,0,eGFP4,WHEEL
2430,08:57 PM,04-25-2026,04-25-2026 20:57:59,0,0,eGFP4,WHEEL
2431,08:58 PM,04-25-2026,04-25-2026 20:58:00,0,0,eGFP4,WHEEL
2432,08:58 PM,04-25-2026,04-25-2026 20:58:01,0,0,eGFP4,WHEEL
2433,08:58 PM,04-25-2026,04-25-2026 20:58:02,0,0,eGFP4,WHEEL
2434,08:58 PM,04-25-2026,04-25-2026 20:58:03,0,0,eGFP4,WHEEL
2435,08:58 PM,04-25-2026,04-25-2026 20:58:04,0,0,eGFP4,WHEEL
2436,08:58 PM,04-25-2026,04-25-2026 20:58:07,0,0,eGFP4,WHEEL
2437,08:58 PM,04-25-2026,04-25-2026 20:58:10,0,0,eGFP4,WHEEL
2438,08:58 PM,04-25-2026,04-25-2026 20:58:10,0,0,eGFP4,WHEEL
2439,08:58 PM,04-25-2026,04-25-2026 20:58:11,0,0,eGFP4,WHEEL
2440,08:58 PM,04-25-2026,04-25-2026 20:58:12,0,0,eGFP4,WHEEL
2441,08:58 PM,04-25-2026,04-25-2026 20:58:12,0,0,eGFP4,WHEEL
2442,08:58 PM,04-25-2026,04-25-2026 20:58:13,0,0,eGFP4,WHEEL
2443,08:58 PM,04-25-2026,04-25-2026 20:58:14,0,0,eGFP4,WHEEL
2444,08:58 PM,04-25-2026,04-25-2026 20:58:15,0,0,eGFP4,WHEEL
2445,08:58 PM,04-25-2026,04-25-2026 20:58:16,0,0,eGFP4,WHEEL
2446,08:58 PM,04-25-2026,04-25-2026 20:58:17,0,0,eGFP4,WHEEL
2447,08:58 PM,04-25-2026,04-25-2026 20:58:18,0,0,eGFP4,WHEEL
2448,08:58 PM,04-25-2026,04-25-2026 20:58:19,0,0,eGFP4,WHEEL
2449,08:58 PM,04-25-2026,04-25-2026 20:58:19,0,0,eGFP4,WHEEL
2450,08:58 PM,04-25-2026,04-25-2026 20:58:22,0,0,eGFP4,WHEEL
2451,08:58 PM,04-25-2026,04-25-2026 20:58:23,0,0,eGFP4,WHEEL
2452,08:58 PM,04-25-2026,04-25-2026 20:58:23,0,0,eGFP4,WHEEL
2453,08:58 PM,04-25-2026,04-25-2026 20:58:24,0,0,eGFP4,WHEEL
2454,08:58 PM,04-25-2026,04-25-2026 20:58:25,0,0,eGFP4,WHEEL
2455,08:58 PM,04-25-2026,04-25-2026 20:58:27,0,0,eGFP4,WHEEL
2456,08:58 PM,04-25-2026,04-25-2026 20:58:28,0,0,eGFP4,WHEEL
2457,08:58 PM,04-25-2026,04-25-2026 20:58:29,0,0,eGFP4,WHEEL
2458,08:58 PM,04-25-2026,04-25-2026 20:58:30,0,0,eGFP4,WHEEL
2459,08:58 PM,04-25-2026,04-25-2026 20:58:31,0,0,eGFP4,WHEEL
2460,08:58 PM,04-25-2026,04-25-2026 20:58:33,0,0,eGFP4,WHEEL
2461,08:58 PM,04-25-2026,04-25-2026 20:58:33,0,0,eGFP4,WHEEL
2462,08:58 PM,04-25-2026,04-25-2026 20:58:34,0,0,eGFP4,WHEEL
2463,08:58 PM,04-25-2026,04-25-2026 20:58:35,0,0,eGFP4,WHEEL
2464,08:58 PM,04-25-2026,04-25-2026 20:58:36,0,0,eGFP4,WHEEL
2465,08:58 PM,04-25-2026,04-25-2026 20:58:37,0,0,eGFP4,WHEEL
2466,08:58 PM,04-25-2026,04-25-2026 20:58:38,0,0,eGFP4,WHEEL
2467,08:58 PM,04-25-2026,04-25-2026 20:58:40,0,0,eGFP4,WHEEL
2468,08:58 PM,04-25-2026,04-25-2026 20:58:42,0,0,eGFP4,WHEEL
2469,08:58 PM,04-25-2026,04-25-2026 20:58:43,0,0,eGFP4,WHEEL
2470,08:58 PM,04-25-2026,04-25-2026 20:58:44,0,0,eGFP4,WHEEL
2471,08:58 PM,04-25-2026,04-25-2026 20:58:45,0,0,eGFP4,WHEEL
2472,08:58 PM,04-25-2026,04-25-2026 20:58:47,0,0,eGFP4,WHEEL
2473,08:58 PM,04-25-2026,04-25-2026 20:58:47,0,0,eGFP4,WHEEL
2474,08:58 PM,04-25-2026,04-25-2026 20:58:48,0,0,eGFP4,WHEEL
2475,08:58 PM,04-25-2026,04-25-2026 20:58:49,0,0,eGFP4,WHEEL
2476,08:58 PM,04-25-2026,04-25-2026 20:58:49,0,0,eGFP4,WHEEL
2477,08:58 PM,04-25-2026,04-25-2026 20:58:51,0,0,eGFP4,WHEEL
2478,08:58 PM,04-25-2026,04-25-2026 20:58:52,0,0,eGFP4,WHEEL
2479,08:58 PM,04-25-2026,04-25-2026 20:58:52,0,0,eGFP4,WHEEL
2480,08:58 PM,04-25-2026,04-25-2026 20:58:53,0,0,eGFP4,WHEEL
2481,08:58 PM,04-25-2026,04-25-2026 20:58:55,0,0,eGFP4,WHEEL
2482,08:58 PM,04-25-2026,04-25-2026 20:58:55,0,0,eGFP4,WHEEL
2483,08:58 PM,04-25-2026,04-25-2026 20:58:58,0,0,eGFP4,WHEEL
2484,08:58 PM,04-25-2026,04-25-2026 20:58:58,0,0,eGFP4,WHEEL
2485,08:58 PM,04-25-2026,04-25-2026 20:58:59,0,0,eGFP4,WHEEL
2486,08:58 PM,04-25-2026,04-25-2026 20:58:59,0,0,eGFP4,WHEEL
2487,08:59 PM,04-25-2026,04-25-2026 20:59:00,0,0,eGFP4,WHEEL
2488,08:59 PM,04-25-2026,04-25-2026 20:59:01,0,0,eGFP4,WHEEL
2489,08:59 PM,04-25-2026,04-25-2026 20:59:02,0,0,eGFP4,WHEEL
2490,08:59 PM,04-25-2026,04-25-2026 20:59:02,0,0,eGFP4,WHEEL
2491,08:59 PM,04-25-2026,04-25-2026 20:59:03,0,0,eGFP4,WHEEL
2492,08:59 PM,04-25-2026,04-25-2026 20:59:04,0,0,eGFP4,WHEEL
2493,08:59 PM,04-25-2026,04-25-2026 20:59:05,0,0,eGFP4,WHEEL
2494,08:59 PM,04-25-2026,04-25-2026 20:59:08,0,0,eGFP4,WHEEL
2495,08:59 PM,04-25-2026,04-25-2026 20:59:09,0,0,eGFP4,WHEEL
2496,08:59 PM,04-25-2026,04-25-2026 20:59:12,0,0,eGFP4,WHEEL
2497,08:59 PM,04-25-2026,04-25-2026 20:59:13,0,0,eGFP4,WHEEL
2498,08:59 PM,04-25-2026,04-25-2026 20:59:14,0,0,eGFP4,WHEEL
2499,08:59 PM,04-25-2026,04-25-2026 20:59:14,0,0,eGFP4,WHEEL
2500,08:59 PM,04-25-2026,04-25-2026 20:59:15,0,0,eGFP4,WHEEL
2501,08:59 PM,04-25-2026,04-25-2026 20:59:18,0,0,eGFP4,WHEEL
2502,08:59 PM,04-25-2026,04-25-2026 20:59:19,0,0,eGFP4,WHEEL
2503,08:59 PM,04-25-2026,04-25-2026 20:59:19,0,0,eGFP4,WHEEL
2504,08:59 PM,04-25-2026,04-25-2026 20:59:20,0,0,eGFP4,WHEEL
2505,08:59 PM,04-25-2026,04-25-2026 20:59:21,0,0,eGFP4,WHEEL
2506,08:59 PM,04-25-2026,04-25-2026 20:59:22,0,0,eGFP4,WHEEL
2507,08:59 PM,04-25-2026,04-25-2026 20:59:23,0,0,eGFP4,WHEEL
2508,08:59 PM,04-25-2026,04-25-2026 20:59:24,0,0,eGFP4,WHEEL
2509,08:59 PM,04-25-2026,04-25-2026 20:59:27,0,0,eGFP4,WHEEL
2510,08:59 PM,04-25-2026,04-25-2026 20:59:30,0,0,eGFP4,WHEEL
2511,08:59 PM,04-25-2026,04-25-2026 20:59:30,0,0,eGFP4,WHEEL
2512,08:59 PM,04-25-2026,04-25-2026 20:59:31,0,0,eGFP4,WHEEL
2513,08:59 PM,04-25-2026,04-25-2026 20:59:32,0,0,eGFP4,WHEEL
2514,08:59 PM,04-25-2026,04-25-2026 20:59:33,0,0,eGFP4,WHEEL
2515,08:59 PM,04-25-2026,04-25-2026 20:59:33,0,0,eGFP4,WHEEL
2516,08:59 PM,04-25-2026,04-25-2026 20:59:38,0,0,eGFP4,WHEEL
2517,08:59 PM,04-25-2026,04-25-2026 20:59:38,0,0,eGFP4,WHEEL
2518,08:59 PM,04-25-2026,04-25-2026 20:59:39,0,0,eGFP4,WHEEL
2519,08:59 PM,04-25-2026,04-25-2026 20:59:39,0,0,eGFP4,WHEEL
2520,08:59 PM,04-25-2026,04-25-2026 20:59:40,0,0,eGFP4,WHEEL
2521,08:59 PM,04-25-2026,04-25-2026 20:59:41,0,0,eGFP4,WHEEL
2522,08:59 PM,04-25-2026,04-25-2026 20:59:42,0,0,eGFP4,WHEEL
2523,08:59 PM,04-25-2026,04-25-2026 20:59:42,0,0,eGFP4,WHEEL
2524,08:59 PM,04-25-2026,04-25-2026 20:59:43,0,0,eGFP4,WHEEL
2525,08:59 PM,04-25-2026,04-25-2026 20:59:43,0,0,eGFP4,WHEEL
2526,08:59 PM,04-25-2026,04-25-2026 20:59:44,0,0,eGFP4,WHEEL
2527,08:59 PM,04-25-2026,04-25-2026 20:59:45,0,0,eGFP4,WHEEL
2528,08:59 PM,04-25-2026,04-25-2026 20:59:46,0,0,eGFP4,WHEEL
2529,08:59 PM,04-25-2026,04-25-2026 20:59:49,0,0,eGFP4,WHEEL
2530,08:59 PM,04-25-2026,04-25-2026 20:59:49,0,0,eGFP4,WHEEL
2531,08:59 PM,04-25-2026,04-25-2026 20:59:50,0,0,eGFP4,WHEEL
2532,08:59 PM,04-25-2026,04-25-2026 20:59:50,0,0,eGFP4,WHEEL
2533,08:59 PM,04-25-2026,04-25-2026 20:59:51,0,0,eGFP4,WHEEL
2534,08:59 PM,04-25-2026,04-25-2026 20:59:52,0,0,eGFP4,WHEEL
2535,08:59 PM,04-25-2026,04-25-2026 20:59:52,0,0,eGFP4,WHEEL
2536,08:59 PM,04-25-2026,04-25-2026 20:59:55,0,0,eGFP4,WHEEL
2537,08:59 PM,04-25-2026,04-25-2026 20:59:55,0,0,eGFP4,WHEEL
2538,08:59 PM,04-25-2026,04-25-2026 20:59:56,0,0,eGFP4,WHEEL
2539,08:59 PM,04-25-2026,04-25-2026 20:59:57,0,0,eGFP4,WHEEL
2540,08:59 PM,04-25-2026,04-25-2026 20:59:57,0,0,eGFP4,WHEEL
2541,08:59 PM,04-25-2026,04-25-2026 20:59:58,0,0,eGFP4,WHEEL
2542,09:00 PM,04-25-2026,04-25-2026 21:00:01,0,0,eGFP4,WHEEL
2543,09:00 PM,04-25-2026,04-25-2026 21:00:01,0,0,eGFP4,WHEEL
2544,09:00 PM,04-25-2026,04-25-2026 21:00:02,0,0,eGFP4,WHEEL
2545,09:00 PM,04-25-2026,04-25-2026 21:00:03,0,0,eGFP4,WHEEL
2546,09:00 PM,04-25-2026,04-25-2026 21:00:04,0,0,eGFP4,WHEEL
2547,09:00 PM,04-25-2026,04-25-2026 21:00:06,0,0,eGFP4,WHEEL
2548,09:00 PM,04-25-2026,04-25-2026 21:00:06,0,0,eGFP4,WHEEL
2549,09:00 PM,04-25-2026,04-25-2026 21:00:08,0,0,eGFP4,WHEEL
2550,09:00 PM,04-25-2026,04-25-2026 21:00:09,0,0,eGFP4,WHEEL
2551,09:00 PM,04-25-2026,04-25-2026 21:00:09,0,0,eGFP4,WHEEL
2552,09:00 PM,04-25-2026,04-25-2026 21:00:10,0,0,eGFP4,WHEEL
2553,09:00 PM,04-25-2026,04-25-2026 21:00:11,0,0,eGFP4,WHEEL
2554,09:00 PM,04-25-2026,04-25-2026 21:00:12,0,0,eGFP4,WHEEL
2555,09:00 PM,04-25-2026,04-25-2026 21:00:13,0,0,eGFP4,WHEEL
2556,09:00 PM,04-25-2026,04-25-2026 21:00:14,0,0,eGFP4,WHEEL
2557,09:00 PM,04-25-2026,04-25-2026 21:00:15,0,0,eGFP4,WHEEL
2558,09:00 PM,04-25-2026,04-25-2026 21:00:16,0,0,eGFP4,WHEEL
2559,09:00 PM,04-25-2026,04-25-2026 21:00:17,0,0,eGFP4,WHEEL
2560,09:00 PM,04-25-2026,04-25-2026 21:00:17,0,0,eGFP4,WHEEL
2561,09:00 PM,04-25-2026,04-25-2026 21:00:19,0,0,eGFP4,WHEEL
2562,09:00 PM,04-25-2026,04-25-2026 21:00:20,0,0,eGFP4,WHEEL
2563,09:00 PM,04-25-2026,04-25-2026 21:00:21,0,0,eGFP4,WHEEL
2564,09:00 PM,04-25-2026,04-25-2026 21:00:22,0,0,eGFP4,WHEEL
2565,09:00 PM,04-25-2026,04-25-2026 21:00:22,0,0,eGFP4,WHEEL
2566,09:00 PM,04-25-2026,04-25-2026 21:00:23,0,0,eGFP4,WHEEL
2567,09:00 PM,04-25-2026,04-25-2026 21:00:24,0,0,eGFP4,WHEEL
2568,09:00 PM,04-25-2026,04-25-2026 21:00:25,0,0,eGFP4,WHEEL
2569,09:00 PM,04-25-2026,04-25-2026 21:00:26,0,0,eGFP4,WHEEL
2570,09:00 PM,04-25-2026,04-25-2026 21:00:30,0,0,eGFP4,WHEEL
2571,09:00 PM,04-25-2026,04-25-2026 21:00:32,0,0,eGFP4,WHEEL
2572,09:00 PM,04-25-2026,04-25-2026 21:00:34,0,0,eGFP4,WHEEL
2573,09:00 PM,04-25-2026,04-25-2026 21:00:34,0,0,eGFP4,WHEEL
2574,09:00 PM,04-25-2026,04-25-2026 21:00:36,0,0,eGFP4,WHEEL
2575,09:00 PM,04-25-2026,04-25-2026 21:00:39,0,0,eGFP4,WHEEL
2576,09:00 PM,04-25-2026,04-25-2026 21:00:40,0,0,eGFP4,WHEEL
2577,09:00 PM,04-25-2026,04-25-2026 21:00:45,0,0,eGFP4,WHEEL
2578,09:00 PM,04-25-2026,04-25-2026 21:00:46,0,0,eGFP4,WHEEL
2579,09:00 PM,04-25-2026,04-25-2026 21:00:49,0,0,eGFP4,WHEEL
2580,09:00 PM,04-25-2026,04-25-2026 21:00:50,0,0,eGFP4,WHEEL
2581,09:00 PM,04-25-2026,04-25-2026 21:00:51,0,0,eGFP4,WHEEL
2582,09:00 PM,04-25-2026,04-25-2026 21:00:52,0,0,eGFP4,WHEEL
2583,09:00 PM,04-25-2026,04-25-2026 21:00:53,0,0,eGFP4,WHEEL
2584,09:00 PM,04-25-2026,04-25-2026 21:00:55,0,0,eGFP4,WHEEL
2585,09:00 PM,04-25-2026,04-25-2026 21:00:56,0,0,eGFP4,WHEEL
2586,09:00 PM,04-25-2026,04-25-2026 21:00:57,0,0,eGFP4,WHEEL
2587,09:00 PM,04-25-2026,04-25-2026 21:00:57,0,0,eGFP4,WHEEL
2588,09:00 PM,04-25-2026,04-25-2026 21:00:58,0,0,eGFP4,WHEEL
2589,09:01 PM,04-25-2026,04-25-2026 21:01:01,0,0,eGFP4,WHEEL
2590,09:01 PM,04-25-2026,04-25-2026 21:01:02,0,0,eGFP4,WHEEL
2591,09:01 PM,04-25-2026,04-25-2026 21:01:02,0,0,eGFP4,WHEEL
2592,09:01 PM,04-25-2026,04-25-2026 21:01:04,0,0,eGFP4,WHEEL
2593,09:01 PM,04-25-2026,04-25-2026 21:01:06,0,0,eGFP4,WHEEL
2594,09:01 PM,04-25-2026,04-25-2026 21:01:07,0,0,eGFP4,WHEEL
2595,09:01 PM,04-25-2026,04-25-2026 21:01:08,0,0,eGFP4,WHEEL
2596,09:01 PM,04-25-2026,04-25-2026 21:01:08,0,0,eGFP4,WHEEL
2597,09:01 PM,04-25-2026,04-25-2026 21:01:12,0,0,eGFP4,WHEEL
2598,09:01 PM,04-25-2026,04-25-2026 21:01:13,0,0,eGFP4,WHEEL
2599,09:01 PM,04-25-2026,04-25-2026 21:01:14,0,0,eGFP4,WHEEL
2600,09:01 PM,04-25-2026,04-25-2026 21:01:15,0,0,eGFP4,WHEEL
2601,09:01 PM,04-25-2026,04-25-2026 21:01:16,0,0,eGFP4,WHEEL
2602,09:01 PM,04-25-2026,04-25-2026 21:01:24,0,0,eGFP4,WHEEL
2603,09:01 PM,04-25-2026,04-25-2026 21:01:24,0,0,eGFP4,WHEEL
2604,09:01 PM,04-25-2026,04-25-2026 21:01:26,0,0,eGFP4,WHEEL
2605,09:01 PM,04-25-2026,04-25-2026 21:01:27,0,0,eGFP4,WHEEL
2606,09:01 PM,04-25-2026,04-25-2026 21:01:28,0,0,eGFP4,WHEEL
2607,09:01 PM,04-25-2026,04-25-2026 21:01:28,0,0,eGFP4,WHEEL
2608,09:01 PM,04-25-2026,04-25-2026 21:01:29,0,0,eGFP4,WHEEL
2609,09:01 PM,04-25-2026,04-25-2026 21:01:30,0,0,eGFP4,WHEEL
2610,09:01 PM,04-25-2026,04-25-2026 21:01:31,0,0,eGFP4,WHEEL
2611,09:01 PM,04-25-2026,04-25-2026 21:01:32,0,0,eGFP4,WHEEL
2612,09:01 PM,04-25-2026,04-25-2026 21:01:33,0,0,eGFP4,WHEEL
2613,09:01 PM,04-25-2026,04-25-2026 21:01:41,0,0,eGFP4,WHEEL
2614,09:01 PM,04-25-2026,04-25-2026 21:01:42,0,0,eGFP4,WHEEL
2615,09:01 PM,04-25-2026,04-25-2026 21:01:43,0,0,eGFP4,WHEEL
2616,09:01 PM,04-25-2026,04-25-2026 21:01:43,0,0,eGFP4,WHEEL
2617,09:01 PM,04-25-2026,04-25-2026 21:01:44,0,0,eGFP4,WHEEL
2618,09:01 PM,04-25-2026,04-25-2026 21:01:45,0,0,eGFP4,WHEEL
2619,09:01 PM,04-25-2026,04-25-2026 21:01:47,0,0,eGFP4,WHEEL
2620,09:01 PM,04-25-2026,04-25-2026 21:01:48,0,0,eGFP4,WHEEL
2621,09:01 PM,04-25-2026,04-25-2026 21:01:49,0,0,eGFP4,WHEEL
2622,09:01 PM,04-25-2026,04-25-2026 21:01:50,0,0,eGFP4,WHEEL
2623,09:01 PM,04-25-2026,04-25-2026 21:01:50,0,0,eGFP4,WHEEL
2624,09:01 PM,04-25-2026,04-25-2026 21:01:51,0,0,eGFP4,WHEEL
2625,09:01 PM,04-25-2026,04-25-2026 21:01:53,0,0,eGFP4,WHEEL
2626,09:01 PM,04-25-2026,04-25-2026 21:01:54,0,0,eGFP4,WHEEL
2627,09:01 PM,04-25-2026,04-25-2026 21:01:55,0,0,eGFP4,WHEEL
2628,09:01 PM,04-25-2026,04-25-2026 21:01:57,0,0,eGFP4,WHEEL
2629,09:01 PM,04-25-2026,04-25-2026 21:01:57,0,0,eGFP4,WHEEL
2630,09:01 PM,04-25-2026,04-25-2026 21:01:58,0,0,eGFP4,WHEEL
2631,09:02 PM,04-25-2026,04-25-2026 21:02:02,0,0,eGFP4,WHEEL
2632,09:02 PM,04-25-2026,04-25-2026 21:02:02,0,0,eGFP4,WHEEL
2633,09:02 PM,04-25-2026,04-25-2026 21:02:03,0,0,eGFP4,WHEEL
2634,09:02 PM,04-25-2026,04-25-2026 21:02:04,0,0,eGFP4,WHEEL
2635,09:02 PM,04-25-2026,04-25-2026 21:02:05,0,0,eGFP4,WHEEL
2636,09:02 PM,04-25-2026,04-25-2026 21:02:06,0,0,eGFP4,WHEEL
2637,09:02 PM,04-25-2026,04-25-2026 21:02:10,0,0,eGFP4,WHEEL
2638,09:02 PM,04-25-2026,04-25-2026 21:02:11,0,0,eGFP4,WHEEL
2639,09:02 PM,04-25-2026,04-25-2026 21:02:19,0,0,eGFP4,WHEEL
2640,09:02 PM,04-25-2026,04-25-2026 21:02:21,0,0,eGFP4,WHEEL
2641,09:02 PM,04-25-2026,04-25-2026 21:02:27,0,0,eGFP4,WHEEL
2642,09:02 PM,04-25-2026,04-25-2026 21:02:29,0,0,eGFP4,WHEEL
2643,09:02 PM,04-25-2026,04-25-2026 21:02:30,0,0,eGFP4,WHEEL
2644,09:02 PM,04-25-2026,04-25-2026 21:02:30,0,0,eGFP4,WHEEL
2645,09:02 PM,04-25-2026,04-25-2026 21:02:31,0,0,eGFP4,WHEEL
2646,09:02 PM,04-25-2026,04-25-2026 21:02:32,0,0,eGFP4,WHEEL
2647,09:02 PM,04-25-2026,04-25-2026 21:02:32,0,0,eGFP4,WHEEL
2648,09:02 PM,04-25-2026,04-25-2026 21:02:35,0,0,eGFP4,WHEEL
2649,09:02 PM,04-25-2026,04-25-2026 21:02:35,0,0,eGFP4,WHEEL
2650,09:02 PM,04-25-2026,04-25-2026 21:02:36,0,0,eGFP4,WHEEL
2651,09:02 PM,04-25-2026,04-25-2026 21:02:39,0,0,eGFP4,WHEEL
2652,09:02 PM,04-25-2026,04-25-2026 21:02:40,0,0,eGFP4,WHEEL
2653,09:02 PM,04-25-2026,04-25-2026 21:02:41,0,0,eGFP4,WHEEL
2654,09:02 PM,04-25-2026,04-25-2026 21:02:42,0,0,eGFP4,WHEEL
2655,09:02 PM,04-25-2026,04-25-2026 21:02:42,0,0,eGFP4,WHEEL
2656,09:02 PM,04-25-2026,04-25-2026 21:02:44,0,0,eGFP4,WHEEL
2657,09:02 PM,04-25-2026,04-25-2026 21:02:45,0,0,eGFP4,WHEEL
2658,09:02 PM,04-25-2026,04-25-2026 21:02:46,0,0,eGFP4,WHEEL
2659,09:02 PM,04-25-2026,04-25-2026 21:02:49,0,0,eGFP4,WHEEL
2660,09:02 PM,04-25-2026,04-25-2026 21:02:51,0,0,eGFP4,WHEEL
2661,09:02 PM,04-25-2026,04-25-2026 21:02:51,0,0,eGFP4,WHEEL
2662,09:02 PM,04-25-2026,04-25-2026 21:02:52,0,0,eGFP4,WHEEL
2663,09:02 PM,04-25-2026,04-25-2026 21:02:53,0,0,eGFP4,WHEEL
2664,09:02 PM,04-25-2026,04-25-2026 21:02:55,0,0,eGFP4,WHEEL
2665,09:02 PM,04-25-2026,04-25-2026 21:02:56,0,0,eGFP4,WHEEL
2666,09:02 PM,04-25-2026,04-25-2026 21:02:57,0,0,eGFP4,WHEEL
2667,09:02 PM,04-25-2026,04-25-2026 21:02:57,0,0,eGFP4,WHEEL
2668,09:03 PM,04-25-2026,04-25-2026 21:03:00,0,0,eGFP4,WHEEL
2669,09:03 PM,04-25-2026,04-25-2026 21:03:01,0,0,eGFP4,WHEEL
2670,09:03 PM,04-25-2026,04-25-2026 21:03:01,0,0,eGFP4,WHEEL
2671,09:03 PM,04-25-2026,04-25-2026 21:03:02,0,0,eGFP4,WHEEL
2672,09:03 PM,04-25-2026,04-25-2026 21:03:03,0,0,eGFP4,WHEEL
2673,09:03 PM,04-25-2026,04-25-2026 21:03:03,0,0,eGFP4,WHEEL
2674,09:03 PM,04-25-2026,04-25-2026 21:03:06,0,0,eGFP4,WHEEL
2675,09:03 PM,04-25-2026,04-25-2026 21:03:07,0,0,eGFP4,WHEEL
2676,09:03 PM,04-25-2026,04-25-2026 21:03:08,0,0,eGFP4,WHEEL
2677,09:03 PM,04-25-2026,04-25-2026 21:03:08,0,0,eGFP4,WHEEL
2678,09:03 PM,04-25-2026,04-25-2026 21:03:22,0,0,eGFP4,WHEEL
2679,09:03 PM,04-25-2026,04-25-2026 21:03:22,0,0,eGFP4,WHEEL
2680,09:03 PM,04-25-2026,04-25-2026 21:03:23,0,0,eGFP4,WHEEL
2681,09:03 PM,04-25-2026,04-25-2026 21:03:24,0,0,eGFP4,WHEEL
2682,09:03 PM,04-25-2026,04-25-2026 21:03:24,0,0,eGFP4,WHEEL
2683,09:03 PM,04-25-2026,04-25-2026 21:03:25,0,0,eGFP4,WHEEL
2684,09:03 PM,04-25-2026,04-25-2026 21:03:26,0,0,eGFP4,WHEEL
2685,09:03 PM,04-25-2026,04-25-2026 21:03:27,0,0,eGFP4,WHEEL
2686,09:03 PM,04-25-2026,04-25-2026 21:03:27,0,0,eGFP4,WHEEL
2687,09:03 PM,04-25-2026,04-25-2026 21:03:28,0,0,eGFP4,WHEEL
2688,09:03 PM,04-25-2026,04-25-2026 21:03:46,0,0,eGFP4,WHEEL
2689,09:03 PM,04-25-2026,04-25-2026 21:03:47,0,0,eGFP4,WHEEL
2690,09:03 PM,04-25-2026,04-25-2026 21:03:48,0,0,eGFP4,WHEEL
2691,09:03 PM,04-25-2026,04-25-2026 21:03:49,0,0,eGFP4,WHEEL
2692,09:03 PM,04-25-2026,04-25-2026 21:03:49,0,0,eGFP4,WHEEL
2693,09:03 PM,04-25-2026,04-25-2026 21:03:51,0,0,eGFP4,WHEEL
2694,09:03 PM,04-25-2026,04-25-2026 21:03:52,0,0,eGFP4,WHEEL
2695,09:03 PM,04-25-2026,04-25-2026 21:03:54,0,0,eGFP4,WHEEL
2696,09:03 PM,04-25-2026,04-25-2026 21:03:57,0,0,eGFP4,WHEEL
2697,09:03 PM,04-25-2026,04-25-2026 21:03:59,0,0,eGFP4,WHEEL
2698,09:03 PM,04-25-2026,04-25-2026 21:03:59,0,0,eGFP4,WHEEL
2699,09:04 PM,04-25-2026,04-25-2026 21:04:01,0,0,eGFP4,WHEEL
2700,09:04 PM,04-25-2026,04-25-2026 21:04:02,0,0,eGFP4,WHEEL
2701,09:04 PM,04-25-2026,04-25-2026 21:04:02,0,0,eGFP4,WHEEL
2702,09:04 PM,04-25-2026,04-25-2026 21:04:03,0,0,eGFP4,WHEEL
2703,09:04 PM,04-25-2026,04-25-2026 21:04:04,0,0,eGFP4,WHEEL
2704,09:04 PM,04-25-2026,04-25-2026 21:04:08,0,0,eGFP4,WHEEL
2705,09:04 PM,04-25-2026,04-25-2026 21:04:09,0,0,eGFP4,WHEEL
2706,09:04 PM,04-25-2026,04-25-2026 21:04:10,0,0,eGFP4,WHEEL
2707,09:04 PM,04-25-2026,04-25-2026 21:04:10,0,0,eGFP4,WHEEL
2708,09:04 PM,04-25-2026,04-25-2026 21:04:13,0,0,eGFP4,WHEEL
2709,09:04 PM,04-25-2026,04-25-2026 21:04:14,0,0,eGFP4,WHEEL
2710,09:04 PM,04-25-2026,04-25-2026 21:04:16,0,0,eGFP4,WHEEL
2711,09:04 PM,04-25-2026,04-25-2026 21:04:16,0,0,eGFP4,WHEEL
2712,09:04 PM,04-25-2026,04-25-2026 21:04:17,0,0,eGFP4,WHEEL
2713,09:04 PM,04-25-2026,04-25-2026 21:04:18,0,0,eGFP4,WHEEL
2714,09:04 PM,04-25-2026,04-25-2026 21:04:19,0,0,eGFP4,WHEEL
2715,09:04 PM,04-25-2026,04-25-2026 21:04:19,0,0,eGFP4,WHEEL
2716,09:04 PM,04-25-2026,04-25-2026 21:04:20,0,0,eGFP4,WHEEL
2717,09:04 PM,04-25-2026,04-25-2026 21:04:21,0,0,eGFP4,WHEEL
2718,09:04 PM,04-25-2026,04-25-2026 21:04:24,0,0,eGFP4,WHEEL
2719,09:04 PM,04-25-2026,04-25-2026 21:04:24,0,0,eGFP4,WHEEL
2720,09:04 PM,04-25-2026,04-25-2026 21:04:28,0,0,eGFP4,WHEEL
2721,09:04 PM,04-25-2026,04-25-2026 21:04:28,0,0,eGFP4,WHEEL
2722,09:04 PM,04-25-2026,04-25-2026 21:04:29,0,0,eGFP4,WHEEL
2723,09:04 PM,04-25-2026,04-25-2026 21:04:30,0,0,eGFP4,WHEEL
2724,09:04 PM,04-25-2026,04-25-2026 21:04:30,0,0,eGFP4,WHEEL
2725,09:04 PM,04-25-2026,04-25-2026 21:04:31,0,0,eGFP4,WHEEL
2726,09:04 PM,04-25-2026,04-25-2026 21:04:32,0,0,eGFP4,WHEEL
2727,09:04 PM,04-25-2026,04-25-2026 21:04:32,0,0,eGFP4,WHEEL
2728,09:04 PM,04-25-2026,04-25-2026 21:04:35,0,0,eGFP4,WHEEL
2729,09:04 PM,04-25-2026,04-25-2026 21:04:39,0,0,eGFP4,WHEEL
2730,09:04 PM,04-25-2026,04-25-2026 21:04:41,0,0,eGFP4,WHEEL
2731,09:04 PM,04-25-2026,04-25-2026 21:04:41,0,0,eGFP4,WHEEL
2732,09:04 PM,04-25-2026,04-25-2026 21:04:42,0,0,eGFP4,WHEEL
2733,09:04 PM,04-25-2026,04-25-2026 21:04:45,0,0,eGFP4,WHEEL
2734,09:04 PM,04-25-2026,04-25-2026 21:04:45,0,0,eGFP4,WHEEL
2735,09:04 PM,04-25-2026,04-25-2026 21:04:46,0,0,eGFP4,WHEEL
2736,09:04 PM,04-25-2026,04-25-2026 21:04:47,0,0,eGFP4,WHEEL
2737,09:04 PM,04-25-2026,04-25-2026 21:04:50,0,0,eGFP4,WHEEL
2738,09:04 PM,04-25-2026,04-25-2026 21:04:51,0,0,eGFP4,WHEEL
2739,09:04 PM,04-25-2026,04-25-2026 21:04:52,0,0,eGFP4,WHEEL
2740,09:04 PM,04-25-2026,04-25-2026 21:04:54,0,0,eGFP4,WHEEL
2741,09:04 PM,04-25-2026,04-25-2026 21:04:56,0,0,eGFP4,WHEEL
2742,09:04 PM,04-25-2026,04-25-2026 21:04:56,0,0,eGFP4,WHEEL
2743,09:04 PM,04-25-2026,04-25-2026 21:04:57,0,0,eGFP4,WHEEL
2744,09:04 PM,04-25-2026,04-25-2026 21:04:58,0,0,eGFP4,WHEEL
2745,09:05 PM,04-25-2026,04-25-2026 21:05:00,0,0,eGFP4,WHEEL
2746,09:05 PM,04-25-2026,04-25-2026 21:05:05,0,0,eGFP4,WHEEL
2747,09:05 PM,04-25-2026,04-25-2026 21:05:05,0,0,eGFP4,WHEEL
2748,09:05 PM,04-25-2026,04-25-2026 21:05:06,0,0,eGFP4,WHEEL
2749,09:05 PM,04-25-2026,04-25-2026 21:05:06,0,0,eGFP4,WHEEL
2750,09:05 PM,04-25-2026,04-25-2026 21:05:08,0,0,eGFP4,WHEEL
2751,09:05 PM,04-25-2026,04-25-2026 21:05:09,0,0,eGFP4,WHEEL
2752,09:05 PM,04-25-2026,04-25-2026 21:05:09,0,0,eGFP4,WHEEL
2753,09:05 PM,04-25-2026,04-25-2026 21:05:10,0,0,eGFP4,WHEEL
2754,09:05 PM,04-25-2026,04-25-2026 21:05:11,0,0,eGFP4,WHEEL
2755,09:05 PM,04-25-2026,04-25-2026 21:05:11,0,0,eGFP4,WHEEL
2756,09:05 PM,04-25-2026,04-25-2026 21:05:12,0,0,eGFP4,WHEEL
2757,09:05 PM,04-25-2026,04-25-2026 21:05:13,0,0,eGFP4,WHEEL
2758,09:05 PM,04-25-2026,04-25-2026 21:05:13,0,0,eGFP4,WHEEL
2759,09:05 PM,04-25-2026,04-25-2026 21:05:15,0,0,eGFP4,WHEEL
2760,09:05 PM,04-25-2026,04-25-2026 21:05:15,0,0,eGFP4,WHEEL
2761,09:05 PM,04-25-2026,04-25-2026 21:05:16,0,0,eGFP4,WHEEL
2762,09:05 PM,04-25-2026,04-25-2026 21:05:17,0,0,eGFP4,WHEEL
2763,09:05 PM,04-25-2026,04-25-2026 21:05:18,0,0,eGFP4,WHEEL
2764,09:05 PM,04-25-2026,04-25-2026 21:05:18,0,0,eGFP4,WHEEL
2765,09:05 PM,04-25-2026,04-25-2026 21:05:19,0,0,eGFP4,WHEEL
2766,09:05 PM,04-25-2026,04-25-2026 21:05:22,0,0,eGFP4,WHEEL
2767,09:05 PM,04-25-2026,04-25-2026 21:05:23,0,0,eGFP4,WHEEL
2768,09:05 PM,04-25-2026,04-25-2026 21:05:24,0,0,eGFP4,WHEEL
2769,09:05 PM,04-25-2026,04-25-2026 21:05:24,0,0,eGFP4,WHEEL
2770,09:05 PM,04-25-2026,04-25-2026 21:05:25,0,0,eGFP4,WHEEL
2771,09:05 PM,04-25-2026,04-25-2026 21:05:26,0,0,eGFP4,WHEEL
2772,09:05 PM,04-25-2026,04-25-2026 21:05:27,0,0,eGFP4,WHEEL
2773,09:05 PM,04-25-2026,04-25-2026 21:05:28,0,0,eGFP4,WHEEL
2774,09:05 PM,04-25-2026,04-25-2026 21:05:29,0,0,eGFP4,WHEEL
2775,09:05 PM,04-25-2026,04-25-2026 21:05:30,0,0,eGFP4,WHEEL
2776,09:05 PM,04-25-2026,04-25-2026 21:05:31,0,0,eGFP4,WHEEL
2777,09:05 PM,04-25-2026,04-25-2026 21:05:32,0,0,eGFP4,WHEEL
2778,09:05 PM,04-25-2026,04-25-2026 21:05:33,0,0,eGFP4,WHEEL
2779,09:05 PM,04-25-2026,04-25-2026 21:05:33,0,0,eGFP4,WHEEL
2780,09:05 PM,04-25-2026,04-25-2026 21:05:35,0,0,eGFP4,WHEEL
2781,09:05 PM,04-25-2026,04-25-2026 21:05:36,0,0,eGFP4,WHEEL
2782,09:05 PM,04-25-2026,04-25-2026 21:05:38,0,0,eGFP4,WHEEL
2783,09:05 PM,04-25-2026,04-25-2026 21:05:41,0,0,eGFP4,WHEEL
2784,09:05 PM,04-25-2026,04-25-2026 21:05:43,0,0,eGFP4,WHEEL
2785,09:05 PM,04-25-2026,04-25-2026 21:05:44,0,0,eGFP4,WHEEL
2786,09:05 PM,04-25-2026,04-25-2026 21:05:45,0,0,eGFP4,WHEEL
2787,09:05 PM,04-25-2026,04-25-2026 21:05:45,0,0,eGFP4,WHEEL
2788,09:06 PM,04-25-2026,04-25-2026 21:06:36,0,0,eGFP4,WHEEL
2789,09:06 PM,04-25-2026,04-25-2026 21:06:37,0,0,eGFP4,WHEEL
2790,09:06 PM,04-25-2026,04-25-2026 21:06:40,0,0,eGFP4,WHEEL
2791,09:06 PM,04-25-2026,04-25-2026 21:06:42,0,0,eGFP4,WHEEL
2792,09:06 PM,04-25-2026,04-25-2026 21:06:42,0,0,eGFP4,WHEEL
2793,09:06 PM,04-25-2026,04-25-2026 21:06:43,0,0,eGFP4,WHEEL
2794,09:06 PM,04-25-2026,04-25-2026 21:06:46,0,0,eGFP4,WHEEL
2795,09:06 PM,04-25-2026,04-25-2026 21:06:47,0,0,eGFP4,WHEEL
2796,09:06 PM,04-25-2026,04-25-2026 21:06:47,0,0,eGFP4,WHEEL
2797,09:06 PM,04-25-2026,04-25-2026 21:06:48,0,0,eGFP4,WHEEL
2798,09:06 PM,04-25-2026,04-25-2026 21:06:50,0,0,eGFP4,WHEEL
2799,09:06 PM,04-25-2026,04-25-2026 21:06:50,0,0,eGFP4,WHEEL
2800,09:06 PM,04-25-2026,04-25-2026 21:06:51,0,0,eGFP4,WHEEL
2801,09:06 PM,04-25-2026,04-25-2026 21:06:54,0,0,eGFP4,WHEEL
2802,09:06 PM,04-25-2026,04-25-2026 21:06:55,0,0,eGFP4,WHEEL
2803,09:06 PM,04-25-2026,04-25-2026 21:06:55,0,0,eGFP4,WHEEL
2804,09:06 PM,04-25-2026,04-25-2026 21:06:56,0,0,eGFP4,WHEEL
2805,09:06 PM,04-25-2026,04-25-2026 21:06:57,0,0,eGFP4,WHEEL
2806,09:07 PM,04-25-2026,04-25-2026 21:07:01,0,0,eGFP4,WHEEL
2807,09:07 PM,04-25-2026,04-25-2026 21:07:01,0,0,eGFP4,WHEEL
2808,09:07 PM,04-25-2026,04-25-2026 21:07:02,0,0,eGFP4,WHEEL
2809,09:07 PM,04-25-2026,04-25-2026 21:07:03,0,0,eGFP4,WHEEL
2810,09:07 PM,04-25-2026,04-25-2026 21:07:05,0,0,eGFP4,WHEEL
2811,09:07 PM,04-25-2026,04-25-2026 21:07:06,0,0,eGFP4,WHEEL
2812,09:07 PM,04-25-2026,04-25-2026 21:07:07,0,0,eGFP4,WHEEL
2813,09:07 PM,04-25-2026,04-25-2026 21:07:07,0,0,eGFP4,WHEEL
2814,09:07 PM,04-25-2026,04-25-2026 21:07:08,0,0,eGFP4,WHEEL
2815,09:07 PM,04-25-2026,04-25-2026 21:07:09,0,0,eGFP4,WHEEL
2816,09:07 PM,04-25-2026,04-25-2026 21:07:10,0,0,eGFP4,WHEEL
2817,09:07 PM,04-25-2026,04-25-2026 21:07:12,0,0,eGFP4,WHEEL
2818,09:07 PM,04-25-2026,04-25-2026 21:07:13,0,0,eGFP4,WHEEL
2819,09:07 PM,04-25-2026,04-25-2026 21:07:13,0,0,eGFP4,WHEEL
2820,09:07 PM,04-25-2026,04-25-2026 21:07:15,0,0,eGFP4,WHEEL
2821,09:07 PM,04-25-2026,04-25-2026 21:07:16,0,0,eGFP4,WHEEL
2822,09:07 PM,04-25-2026,04-25-2026 21:07:17,0,0,eGFP4,WHEEL
2823,09:07 PM,04-25-2026,04-25-2026 21:07:19,0,0,eGFP4,WHEEL
2824,09:20 PM,04-25-2026,04-25-2026 21:20:01,0,0,eGFP4,WHEEL
2825,09:20 PM,04-25-2026,04-25-2026 21:20:03,0,0,eGFP4,WHEEL
2826,09:20 PM,04-25-2026,04-25-2026 21:20:04,0,0,eGFP4,WHEEL
2827,09:20 PM,04-25-2026,04-25-2026 21:20:05,0,0,eGFP4,WHEEL
2828,09:20 PM,04-25-2026,04-25-2026 21:20:06,0,0,eGFP4,WHEEL
2829,09:20 PM,04-25-2026,04-25-2026 21:20:08,0,0,eGFP4,WHEEL
2830,09:20 PM,04-25-2026,04-25-2026 21:20:09,0,0,eGFP4,WHEEL
2831,09:20 PM,04-25-2026,04-25-2026 21:20:10,0,0,eGFP4,WHEEL
2832,09:20 PM,04-25-2026,04-25-2026 21:20:11,0,0,eGFP4,WHEEL
2833,09:20 PM,04-25-2026,04-25-2026 21:20:16,0,0,eGFP4,WHEEL
2834,09:20 PM,04-25-2026,04-25-2026 21:20:17,0,0,eGFP4,WHEEL
2835,09:20 PM,04-25-2026,04-25-2026 21:20:17,0,0,eGFP4,WHEEL
2836,09:20 PM,04-25-2026,04-25-2026 21:20:29,0,0,eGFP4,WHEEL
2837,09:20 PM,04-25-2026,04-25-2026 21:20:30,0,0,eGFP4,WHEEL
2838,09:20 PM,04-25-2026,04-25-2026 21:20:31,0,0,eGFP4,WHEEL
2839,09:20 PM,04-25-2026,04-25-2026 21:20:31,0,0,eGFP4,WHEEL
2840,09:20 PM,04-25-2026,04-25-2026 21:20:32,0,0,eGFP4,WHEEL
2841,09:20 PM,04-25-2026,04-25-2026 21:20:34,0,0,eGFP4,WHEEL
2842,09:20 PM,04-25-2026,04-25-2026 21:20:35,0,0,eGFP4,WHEEL
2843,09:20 PM,04-25-2026,04-25-2026 21:20:36,0,0,eGFP4,WHEEL
2844,09:20 PM,04-25-2026,04-25-2026 21:20:38,0,0,eGFP4,WHEEL
2845,09:20 PM,04-25-2026,04-25-2026 21:20:39,0,0,eGFP4,WHEEL
2846,09:20 PM,04-25-2026,04-25-2026 21:20:40,0,0,eGFP4,WHEEL
2847,09:20 PM,04-25-2026,04-25-2026 21:20:41,0,0,eGFP4,WHEEL
2848,09:20 PM,04-25-2026,04-25-2026 21:20:41,0,0,eGFP4,WHEEL
2849,09:20 PM,04-25-2026,04-25-2026 21:20:43,0,0,eGFP4,WHEEL
2850,09:20 PM,04-25-2026,04-25-2026 21:20:43,0,0,eGFP4,WHEEL
2851,09:20 PM,04-25-2026,04-25-2026 21:20:44,0,0,eGFP4,WHEEL
2852,09:20 PM,04-25-2026,04-25-2026 21:20:46,0,0,eGFP4,WHEEL
2853,09:20 PM,04-25-2026,04-25-2026 21:20:48,0,0,eGFP4,WHEEL
2854,09:20 PM,04-25-2026,04-25-2026 21:20:49,0,0,eGFP4,WHEEL
2855,09:20 PM,04-25-2026,04-25-2026 21:20:50,0,0,eGFP4,WHEEL
2856,09:20 PM,04-25-2026,04-25-2026 21:20:53,0,0,eGFP4,WHEEL
2857,09:20 PM,04-25-2026,04-25-2026 21:20:54,0,0,eGFP4,WHEEL
2858,09:20 PM,04-25-2026,04-25-2026 21:20:54,0,0,eGFP4,WHEEL
2859,09:20 PM,04-25-2026,04-25-2026 21:20:55,0,0,eGFP4,WHEEL
2860,09:20 PM,04-25-2026,04-25-2026 21:20:57,0,0,eGFP4,WHEEL
2861,09:20 PM,04-25-2026,04-25-2026 21:20:58,0,0,eGFP4,WHEEL
2862,09:20 PM,04-25-2026,04-25-2026 21:20:58,0,0,eGFP4,WHEEL
2863,09:21 PM,04-25-2026,04-25-2026 21:21:00,0,0,eGFP4,WHEEL
2864,09:21 PM,04-25-2026,04-25-2026 21:21:01,0,0,eGFP4,WHEEL
2865,09:21 PM,04-25-2026,04-25-2026 21:21:02,0,0,eGFP4,WHEEL
2866,09:21 PM,04-25-2026,04-25-2026 21:21:03,0,0,eGFP4,WHEEL
2867,09:21 PM,04-25-2026,04-25-2026 21:21:04,0,0,eGFP4,WHEEL
2868,09:21 PM,04-25-2026,04-25-2026 21:21:33,0,0,eGFP4,WHEEL
2869,09:21 PM,04-25-2026,04-25-2026 21:21:33,0,0,eGFP4,WHEEL
2870,09:21 PM,04-25-2026,04-25-2026 21:21:34,0,0,eGFP4,WHEEL
2871,09:21 PM,04-25-2026,04-25-2026 21:21:35,0,0,eGFP4,WHEEL
2872,09:21 PM,04-25-2026,04-25-2026 21:21:36,0,0,eGFP4,WHEEL
2873,09:21 PM,04-25-2026,04-25-2026 21:21:36,0,0,eGFP4,WHEEL
2874,09:21 PM,04-25-2026,04-25-2026 21:21:38,0,0,eGFP4,WHEEL
2875,09:21 PM,04-25-2026,04-25-2026 21:21:39,0,0,eGFP4,WHEEL
2876,09:21 PM,04-25-2026,04-25-2026 21:21:39,0,0,eGFP4,WHEEL
2877,09:21 PM,04-25-2026,04-25-2026 21:21:41,0,0,eGFP4,WHEEL
2878,09:21 PM,04-25-2026,04-25-2026 21:21:42,0,0,eGFP4,WHEEL
2879,09:21 PM,04-25-2026,04-25-2026 21:21:42,0,0,eGFP4,WHEEL
2880,09:21 PM,04-25-2026,04-25-2026 21:21:43,0,0,eGFP4,WHEEL
2881,09:21 PM,04-25-2026,04-25-2026 21:21:46,0,0,eGFP4,WHEEL
2882,09:21 PM,04-25-2026,04-25-2026 21:21:47,0,0,eGFP4,WHEEL
2883,09:21 PM,04-25-2026,04-25-2026 21:21:48,0,0,eGFP4,WHEEL
2884,09:21 PM,04-25-2026,04-25-2026 21:21:49,0,0,eGFP4,WHEEL
2885,09:21 PM,04-25-2026,04-25-2026 21:21:49,0,0,eGFP4,WHEEL
2886,09:21 PM,04-25-2026,04-25-2026 21:21:51,0,0,eGFP4,WHEEL
2887,09:21 PM,04-25-2026,04-25-2026 21:21:53,0,0,eGFP4,WHEEL
2888,09:21 PM,04-25-2026,04-25-2026 21:21:53,0,0,eGFP4,WHEEL
2889,09:21 PM,04-25-2026,04-25-2026 21:21:54,0,0,eGFP4,WHEEL
2890,09:21 PM,04-25-2026,04-25-2026 21:21:55,0,0,eGFP4,WHEEL
2891,09:21 PM,04-25-2026,04-25-2026 21:21:57,0,0,eGFP4,WHEEL
2892,09:21 PM,04-25-2026,04-25-2026 21:21:58,0,0,eGFP4,WHEEL
2893,09:22 PM,04-25-2026,04-25-2026 21:22:00,0,0,eGFP4,WHEEL
2894,09:22 PM,04-25-2026,04-25-2026 21:22:01,0,0,eGFP4,WHEEL
2895,09:22 PM,04-25-2026,04-25-2026 21:22:02,0,0,eGFP4,WHEEL
2896,09:22 PM,04-25-2026,04-25-2026 21:22:03,0,0,eGFP4,WHEEL
2897,09:22 PM,04-25-2026,04-25-2026 21:22:04,0,0,eGFP4,WHEEL
2898,09:22 PM,04-25-2026,04-25-2026 21:22:05,0,0,eGFP4,WHEEL
2899,09:22 PM,04-25-2026,04-25-2026 21:22:08,0,0,eGFP4,WHEEL
2900,09:22 PM,04-25-2026,04-25-2026 21:22:09,0,0,eGFP4,WHEEL
2901,09:22 PM,04-25-2026,04-25-2026 21:22:09,0,0,eGFP4,WHEEL
2902,09:22 PM,04-25-2026,04-25-2026 21:22:12,0,0,eGFP4,WHEEL
2903,09:22 PM,04-25-2026,04-25-2026 21:22:13,0,0,eGFP4,WHEEL
2904,09:22 PM,04-25-2026,04-25-2026 21:22:13,0,0,eGFP4,WHEEL
2905,09:22 PM,04-25-2026,04-25-2026 21:22:16,0,0,eGFP4,WHEEL
2906,09:22 PM,04-25-2026,04-25-2026 21:22:17,0,0,eGFP4,WHEEL
2907,09:22 PM,04-25-2026,04-25-2026 21:22:18,0,0,eGFP4,WHEEL
2908,09:22 PM,04-25-2026,04-25-2026 21:22:19,0,0,eGFP4,WHEEL
2909,09:22 PM,04-25-2026,04-25-2026 21:22:20,0,0,eGFP4,WHEEL
2910,09:22 PM,04-25-2026,04-25-2026 21:22:20,0,0,eGFP4,WHEEL
2911,09:22 PM,04-25-2026,04-25-2026 21:22:21,0,0,eGFP4,WHEEL
2912,09:22 PM,04-25-2026,04-25-2026 21:22:22,0,0,eGFP4,WHEEL
2913,09:22 PM,04-25-2026,04-25-2026 21:22:23,0,0,eGFP4,WHEEL
2914,09:22 PM,04-25-2026,04-25-2026 21:22:26,0,0,eGFP4,WHEEL
2915,09:22 PM,04-25-2026,04-25-2026 21:22:27,0,0,eGFP4,WHEEL
2916,09:22 PM,04-25-2026,04-25-2026 21:22:27,0,0,eGFP4,WHEEL
2917,09:22 PM,04-25-2026,04-25-2026 21:22:29,0,0,eGFP4,WHEEL
2918,09:22 PM,04-25-2026,04-25-2026 21:22:30,0,0,eGFP4,WHEEL
2919,09:22 PM,04-25-2026,04-25-2026 21:22:31,0,0,eGFP4,WHEEL
2920,09:22 PM,04-25-2026,04-25-2026 21:22:33,0,0,eGFP4,WHEEL
2921,09:22 PM,04-25-2026,04-25-2026 21:22:39,0,0,eGFP4,WHEEL
2922,09:22 PM,04-25-2026,04-25-2026 21:22:41,0,0,eGFP4,WHEEL
2923,09:22 PM,04-25-2026,04-25-2026 21:22:42,0,0,eGFP4,WHEEL
2924,09:22 PM,04-25-2026,04-25-2026 21:22:43,0,0,eGFP4,WHEEL
2925,09:22 PM,04-25-2026,04-25-2026 21:22:43,0,0,eGFP4,WHEEL
2926,09:22 PM,04-25-2026,04-25-2026 21:22:49,0,0,eGFP4,WHEEL
2927,09:22 PM,04-25-2026,04-25-2026 21:22:51,0,0,eGFP4,WHEEL
2928,09:22 PM,04-25-2026,04-25-2026 21:22:51,0,0,eGFP4,WHEEL
2929,09:22 PM,04-25-2026,04-25-2026 21:22:52,0,0,eGFP4,WHEEL
2930,09:22 PM,04-25-2026,04-25-2026 21:22:53,0,0,eGFP4,WHEEL
2931,09:22 PM,04-25-2026,04-25-2026 21:22:54,0,0,eGFP4,WHEEL
2932,09:22 PM,04-25-2026,04-25-2026 21:22:54,0,0,eGFP4,WHEEL
2933,09:22 PM,04-25-2026,04-25-2026 21:22:56,0,0,eGFP4,WHEEL
2934,09:22 PM,04-25-2026,04-25-2026 21:22:56,0,0,eGFP4,WHEEL
2935,09:22 PM,04-25-2026,04-25-2026 21:22:59,0,0,eGFP4,WHEEL
2936,09:23 PM,04-25-2026,04-25-2026 21:23:00,0,0,eGFP4,WHEEL
2937,09:23 PM,04-25-2026,04-25-2026 21:23:01,0,0,eGFP4,WHEEL
2938,09:23 PM,04-25-2026,04-25-2026 21:23:02,0,0,eGFP4,WHEEL
2939,09:23 PM,04-25-2026,04-25-2026 21:23:02,0,0,eGFP4,WHEEL
2940,09:23 PM,04-25-2026,04-25-2026 21:23:04,0,0,eGFP4,WHEEL
2941,09:23 PM,04-25-2026,04-25-2026 21:23:04,0,0,eGFP4,WHEEL
2942,09:23 PM,04-25-2026,04-25-2026 21:23:10,0,0,eGFP4,WHEEL
2943,09:23 PM,04-25-2026,04-25-2026 21:23:12,0,0,eGFP4,WHEEL
2944,09:23 PM,04-25-2026,04-25-2026 21:23:17,0,0,eGFP4,WHEEL
2945,09:23 PM,04-25-2026,04-25-2026 21:23:20,0,0,eGFP4,WHEEL
2946,09:23 PM,04-25-2026,04-25-2026 21:23:33,0,0,eGFP4,WHEEL
2947,09:23 PM,04-25-2026,04-25-2026 21:23:33,0,0,eGFP4,WHEEL
2948,09:23 PM,04-25-2026,04-25-2026 21:23:34,0,0,eGFP4,WHEEL
2949,09:23 PM,04-25-2026,04-25-2026 21:23:34,0,0,eGFP4,WHEEL
2950,09:23 PM,04-25-2026,04-25-2026 21:23:36,0,0,eGFP4,WHEEL
2951,09:23 PM,04-25-2026,04-25-2026 21:23:36,0,0,eGFP4,WHEEL
2952,09:23 PM,04-25-2026,04-25-2026 21:23:37,0,0,eGFP4,WHEEL
2953,09:23 PM,04-25-2026,04-25-2026 21:23:38,0,0,eGFP4,WHEEL
2954,09:23 PM,04-25-2026,04-25-2026 21:23:39,0,0,eGFP4,WHEEL
2955,09:23 PM,04-25-2026,04-25-2026 21:23:39,0,0,eGFP4,WHEEL
2956,09:23 PM,04-25-2026,04-25-2026 21:23:42,0,0,eGFP4,WHEEL
2957,09:23 PM,04-25-2026,04-25-2026 21:23:43,0,0,eGFP4,WHEEL
2958,09:23 PM,04-25-2026,04-25-2026 21:23:44,0,0,eGFP4,WHEEL
2959,09:23 PM,04-25-2026,04-25-2026 21:23:45,0,0,eGFP4,WHEEL
2960,09:23 PM,04-25-2026,04-25-2026 21:23:45,0,0,eGFP4,WHEEL
2961,09:23 PM,04-25-2026,04-25-2026 21:23:46,0,0,eGFP4,WHEEL
2962,09:23 PM,04-25-2026,04-25-2026 21:23:47,0,0,eGFP4,WHEEL
2963,09:23 PM,04-25-2026,04-25-2026 21:23:47,0,0,eGFP4,WHEEL
2964,09:23 PM,04-25-2026,04-25-2026 21:23:48,0,0,eGFP4,WHEEL
2965,09:23 PM,04-25-2026,04-25-2026 21:23:49,0,0,eGFP4,WHEEL
2966,09:23 PM,04-25-2026,04-25-2026 21:23:50,0,0,eGFP4,WHEEL
2967,09:23 PM,04-25-2026,04-25-2026 21:23:52,0,0,eGFP4,WHEEL
2968,09:23 PM,04-25-2026,04-25-2026 21:23:54,0,0,eGFP4,WHEEL
2969,09:23 PM,04-25-2026,04-25-2026 21:23:54,0,0,eGFP4,WHEEL
2970,09:23 PM,04-25-2026,04-25-2026 21:23:56,0,0,eGFP4,WHEEL
2971,09:23 PM,04-25-2026,04-25-2026 21:23:58,0,0,eGFP4,WHEEL
2972,09:23 PM,04-25-2026,04-25-2026 21:23:58,0,0,eGFP4,WHEEL
2973,09:23 PM,04-25-2026,04-25-2026 21:23:59,0,0,eGFP4,WHEEL
2974,09:23 PM,04-25-2026,04-25-2026 21:23:59,0,0,eGFP4,WHEEL
2975,09:24 PM,04-25-2026,04-25-2026 21:24:00,0,0,eGFP4,WHEEL
2976,09:24 PM,04-25-2026,04-25-2026 21:24:01,0,0,eGFP4,WHEEL
2977,09:24 PM,04-25-2026,04-25-2026 21:24:02,0,0,eGFP4,WHEEL
2978,09:24 PM,04-25-2026,04-25-2026 21:24:03,0,0,eGFP4,WHEEL
2979,09:24 PM,04-25-2026,04-25-2026 21:24:03,0,0,eGFP4,WHEEL
2980,09:24 PM,04-25-2026,04-25-2026 21:24:04,0,0,eGFP4,WHEEL
2981,09:24 PM,04-25-2026,04-25-2026 21:24:05,0,0,eGFP4,WHEEL
2982,09:24 PM,04-25-2026,04-25-2026 21:24:06,0,0,eGFP4,WHEEL
2983,09:24 PM,04-25-2026,04-25-2026 21:24:07,0,0,eGFP4,WHEEL
2984,09:24 PM,04-25-2026,04-25-2026 21:24:08,0,0,eGFP4,WHEEL
2985,09:24 PM,04-25-2026,04-25-2026 21:24:09,0,0,eGFP4,WHEEL
2986,09:24 PM,04-25-2026,04-25-2026 21:24:10,0,0,eGFP4,WHEEL
2987,09:24 PM,04-25-2026,04-25-2026 21:24:11,0,0,eGFP4,WHEEL
2988,09:24 PM,04-25-2026,04-25-2026 21:24:12,0,0,eGFP4,WHEEL
2989,09:24 PM,04-25-2026,04-25-2026 21:24:13,0,0,eGFP4,WHEEL
2990,09:24 PM,04-25-2026,04-25-2026 21:24:14,0,0,eGFP4,WHEEL
2991,09:24 PM,04-25-2026,04-25-2026 21:24:14,0,0,eGFP4,WHEEL
2992,09:24 PM,04-25-2026,04-25-2026 21:24:18,0,0,eGFP4,WHEEL
2993,09:25 PM,04-25-2026,04-25-2026 21:25:05,0,0,eGFP4,WHEEL
2994,09:25 PM,04-25-2026,04-25-2026 21:25:06,0,0,eGFP4,WHEEL
2995,09:25 PM,04-25-2026,04-25-2026 21:25:07,0,0,eGFP4,WHEEL
2996,09:25 PM,04-25-2026,04-25-2026 21:25:07,0,0,eGFP4,WHEEL
2997,09:25 PM,04-25-2026,04-25-2026 21:25:10,0,0,eGFP4,WHEEL
2998,09:25 PM,04-25-2026,04-25-2026 21:25:11,0,0,eGFP4,WHEEL
2999,09:25 PM,04-25-2026,04-25-2026 21:25:13,0,0,eGFP4,WHEEL
3000,09:25 PM,04-25-2026,04-25-2026 21:25:17,0,0,eGFP4,WHEEL
3001,09:25 PM,04-25-2026,04-25-2026 21:25:18,0,0,eGFP4,WHEEL
3002,09:25 PM,04-25-2026,04-25-2026 21:25:19,0,0,eGFP4,WHEEL
3003,09:25 PM,04-25-2026,04-25-2026 21:25:25,0,0,eGFP4,WHEEL
3004,09:25 PM,04-25-2026,04-25-2026 21:25:26,0,0,eGFP4,WHEEL
3005,09:25 PM,04-25-2026,04-25-2026 21:25:26,0,0,eGFP4,WHEEL
3006,09:25 PM,04-25-2026,04-25-2026 21:25:27,0,0,eGFP4,WHEEL
3007,09:25 PM,04-25-2026,04-25-2026 21:25:29,0,0,eGFP4,WHEEL
3008,09:25 PM,04-25-2026,04-25-2026 21:25:30,0,0,eGFP4,WHEEL
3009,09:25 PM,04-25-2026,04-25-2026 21:25:33,0,0,eGFP4,WHEEL
3010,09:25 PM,04-25-2026,04-25-2026 21:25:51,0,0,eGFP4,WHEEL
3011,09:37 PM,04-25-2026,04-25-2026 21:37:34,0,0,eGFP4,WHEEL
3012,09:38 PM,04-25-2026,04-25-2026 21:38:21,0,0,eGFP4,WHEEL
3013,09:38 PM,04-25-2026,04-25-2026 21:38:22,0,0,eGFP4,WHEEL
3014,09:38 PM,04-25-2026,04-25-2026 21:38:23,0,0,eGFP4,WHEEL
3015,09:38 PM,04-25-2026,04-25-2026 21:38:24,0,0,eGFP4,WHEEL
3016,09:38 PM,04-25-2026,04-25-2026 21:38:25,0,0,eGFP4,WHEEL
3017,09:38 PM,04-25-2026,04-25-2026 21:38:39,0,0,eGFP4,WHEEL
3018,09:38 PM,04-25-2026,04-25-2026 21:38:40,0,0,eGFP4,WHEEL
3019,09:38 PM,04-25-2026,04-25-2026 21:38:42,0,0,eGFP4,WHEEL
3020,09:38 PM,04-25-2026,04-25-2026 21:38:45,0,0,eGFP4,WHEEL
3021,09:38 PM,04-25-2026,04-25-2026 21:38:49,0,0,eGFP4,WHEEL
3022,09:38 PM,04-25-2026,04-25-2026 21:38:49,0,0,eGFP4,WHEEL
3023,09:38 PM,04-25-2026,04-25-2026 21:38:50,0,0,eGFP4,WHEEL
3024,09:38 PM,04-25-2026,04-25-2026 21:38:52,0,0,eGFP4,WHEEL
3025,09:38 PM,04-25-2026,04-25-2026 21:38:53,0,0,eGFP4,WHEEL
3026,09:38 PM,04-25-2026,04-25-2026 21:38:54,0,0,eGFP4,WHEEL
3027,09:38 PM,04-25-2026,04-25-2026 21:38:57,0,0,eGFP4,WHEEL
3028,09:38 PM,04-25-2026,04-25-2026 21:38:57,0,0,eGFP4,WHEEL
3029,09:38 PM,04-25-2026,04-25-2026 21:38:58,0,0,eGFP4,WHEEL
3030,09:38 PM,04-25-2026,04-25-2026 21:38:59,0,0,eGFP4,WHEEL
3031,09:39 PM,04-25-2026,04-25-2026 21:39:01,0,0,eGFP4,WHEEL
3032,09:39 PM,04-25-2026,04-25-2026 21:39:02,0,0,eGFP4,WHEEL
3033,09:39 PM,04-25-2026,04-25-2026 21:39:02,0,0,eGFP4,WHEEL
3034,09:41 PM,04-25-2026,04-25-2026 21:41:06,0,0,eGFP4,WHEEL
3035,09:41 PM,04-25-2026,04-25-2026 21:41:07,0,0,eGFP4,WHEEL
3036,09:41 PM,04-25-2026,04-25-2026 21:41:17,0,0,eGFP4,WHEEL
3037,09:41 PM,04-25-2026,04-25-2026 21:41:18,0,0,eGFP4,WHEEL
3038,09:41 PM,04-25-2026,04-25-2026 21:41:21,0,0,eGFP4,WHEEL
3039,09:46 PM,04-25-2026,04-25-2026 21:46:04,0,0,eGFP4,WHEEL
3040,09:46 PM,04-25-2026,04-25-2026 21:46:05,0,0,eGFP4,WHEEL
3041,09:46 PM,04-25-2026,04-25-2026 21:46:07,0,0,eGFP4,WHEEL
3042,09:46 PM,04-25-2026,04-25-2026 21:46:10,0,0,eGFP4,WHEEL
3043,09:46 PM,04-25-2026,04-25-2026 21:46:10,0,0,eGFP4,WHEEL
3044,09:46 PM,04-25-2026,04-25-2026 21:46:12,0,0,eGFP4,WHEEL
3045,09:46 PM,04-25-2026,04-25-2026 21:46:13,0,0,eGFP4,WHEEL
3046,09:46 PM,04-25-2026,04-25-2026 21:46:14,0,0,eGFP4,WHEEL
3047,09:46 PM,04-25-2026,04-25-2026 21:46:16,0,0,eGFP4,WHEEL
3048,09:46 PM,04-25-2026,04-25-2026 21:46:17,0,0,eGFP4,WHEEL
3049,09:46 PM,04-25-2026,04-25-2026 21:46:21,0,0,eGFP4,WHEEL
3050,09:46 PM,04-25-2026,04-25-2026 21:46:22,0,0,eGFP4,WHEEL
3051,09:46 PM,04-25-2026,04-25-2026 21:46:23,0,0,eGFP4,WHEEL
3052,09:46 PM,04-25-2026,04-25-2026 21:46:24,0,0,eGFP4,WHEEL
3053,09:46 PM,04-25-2026,04-25-2026 21:46:26,0,0,eGFP4,WHEEL
3054,09:46 PM,04-25-2026,04-25-2026 21:46:26,0,0,eGFP4,WHEEL
3055,09:46 PM,04-25-2026,04-25-2026 21:46:27,0,0,eGFP4,WHEEL
3056,09:46 PM,04-25-2026,04-25-2026 21:46:28,0,0,eGFP4,WHEEL
3057,09:46 PM,04-25-2026,04-25-2026 21:46:29,0,0,eGFP4,WHEEL
3058,09:46 PM,04-25-2026,04-25-2026 21:46:30,0,0,eGFP4,WHEEL
3059,09:46 PM,04-25-2026,04-25-2026 21:46:32,0,0,eGFP4,WHEEL
3060,09:46 PM,04-25-2026,04-25-2026 21:46:33,0,0,eGFP4,WHEEL
3061,09:46 PM,04-25-2026,04-25-2026 21:46:34,0,0,eGFP4,WHEEL
3062,09:46 PM,04-25-2026,04-25-2026 21:46:36,0,0,eGFP4,WHEEL
3063,09:46 PM,04-25-2026,04-25-2026 21:46:38,0,0,eGFP4,WHEEL
3064,09:46 PM,04-25-2026,04-25-2026 21:46:39,0,0,eGFP4,WHEEL
3065,09:46 PM,04-25-2026,04-25-2026 21:46:44,0,0,eGFP4,WHEEL
3066,09:46 PM,04-25-2026,04-25-2026 21:46:45,0,0,eGFP4,WHEEL
3067,09:46 PM,04-25-2026,04-25-2026 21:46:45,0,0,eGFP4,WHEEL
3068,09:46 PM,04-25-2026,04-25-2026 21:46:46,0,0,eGFP4,WHEEL
3069,09:46 PM,04-25-2026,04-25-2026 21:46:47,0,0,eGFP4,WHEEL
3070,09:52 PM,04-25-2026,04-25-2026 21:52:18,0,0,eGFP4,WHEEL
3071,09:52 PM,04-25-2026,04-25-2026 21:52:19,0,0,eGFP4,WHEEL
3072,09:52 PM,04-25-2026,04-25-2026 21:52:21,0,0,eGFP4,WHEEL
3073,09:52 PM,04-25-2026,04-25-2026 21:52:22,0,0,eGFP4,WHEEL
3074,09:52 PM,04-25-2026,04-25-2026 21:52:22,0,0,eGFP4,WHEEL
3075,09:52 PM,04-25-2026,04-25-2026 21:52:23,0,0,eGFP4,WHEEL
3076,09:52 PM,04-25-2026,04-25-2026 21:52:25,0,0,eGFP4,WHEEL
3077,09:52 PM,04-25-2026,04-25-2026 21:52:26,0,0,eGFP4,WHEEL
3078,09:52 PM,04-25-2026,04-25-2026 21:52:29,0,0,eGFP4,WHEEL
3079,09:52 PM,04-25-2026,04-25-2026 21:52:31,0,0,eGFP4,WHEEL
3080,09:52 PM,04-25-2026,04-25-2026 21:52:33,0,0,eGFP4,WHEEL
3081,09:52 PM,04-25-2026,04-25-2026 21:52:34,0,0,eGFP4,WHEEL
3082,09:52 PM,04-25-2026,04-25-2026 21:52:35,0,0,eGFP4,WHEEL
3083,09:52 PM,04-25-2026,04-25-2026 21:52:35,0,0,eGFP4,WHEEL
3084,09:52 PM,04-25-2026,04-25-2026 21:52:36,0,0,eGFP4,WHEEL
3085,09:52 PM,04-25-2026,04-25-2026 21:52:37,0,0,eGFP4,WHEEL
3086,09:52 PM,04-25-2026,04-25-2026 21:52:39,0,0,eGFP4,WHEEL
3087,09:52 PM,04-25-2026,04-25-2026 21:52:40,0,0,eGFP4,WHEEL
3088,09:52 PM,04-25-2026,04-25-2026 21:52:41,0,0,eGFP4,WHEEL
3089,09:52 PM,04-25-2026,04-25-2026 21:52:42,0,0,eGFP4,WHEEL
3090,09:52 PM,04-25-2026,04-25-2026 21:52:42,0,0,eGFP4,WHEEL
3091,09:52 PM,04-25-2026,04-25-2026 21:52:43,0,0,eGFP4,WHEEL
3092,09:52 PM,04-25-2026,04-25-2026 21:52:48,0,0,eGFP4,WHEEL
3093,09:52 PM,04-25-2026,04-25-2026 21:52:48,0,0,eGFP4,WHEEL
3094,09:52 PM,04-25-2026,04-25-2026 21:52:49,0,0,eGFP4,WHEEL
3095,09:52 PM,04-25-2026,04-25-2026 21:52:52,0,0,eGFP4,WHEEL
3096,09:52 PM,04-25-2026,04-25-2026 21:52:53,0,0,eGFP4,WHEEL
3097,09:53 PM,04-25-2026,04-25-2026 21:53:18,0,0,eGFP4,WHEEL
3098,09:53 PM,04-25-2026,04-25-2026 21:53:18,0,0,eGFP4,WHEEL
3099,09:53 PM,04-25-2026,04-25-2026 21:53:19,0,0,eGFP4,WHEEL
3100,09:53 PM,04-25-2026,04-25-2026 21:53:23,0,0,eGFP4,WHEEL
3101,09:53 PM,04-25-2026,04-25-2026 21:53:24,0,0,eGFP4,WHEEL
3102,09:53 PM,04-25-2026,04-25-2026 21:53:24,0,0,eGFP4,WHEEL
3103,09:53 PM,04-25-2026,04-25-2026 21:53:26,0,0,eGFP4,WHEEL
3104,09:53 PM,04-25-2026,04-25-2026 21:53:27,0,0,eGFP4,WHEEL
3105,09:53 PM,04-25-2026,04-25-2026 21:53:29,0,0,eGFP4,WHEEL
3106,09:53 PM,04-25-2026,04-25-2026 21:53:29,0,0,eGFP4,WHEEL
3107,09:53 PM,04-25-2026,04-25-2026 21:53:30,0,0,eGFP4,WHEEL
3108,09:53 PM,04-25-2026,04-25-2026 21:53:32,0,0,eGFP4,WHEEL
3109,09:53 PM,04-25-2026,04-25-2026 21:53:32,0,0,eGFP4,WHEEL
3110,09:53 PM,04-25-2026,04-25-2026 21:53:34,0,0,eGFP4,WHEEL
3111,09:53 PM,04-25-2026,04-25-2026 21:53:35,0,0,eGFP4,WHEEL
3112,09:53 PM,04-25-2026,04-25-2026 21:53:36,0,0,eGFP4,WHEEL
3113,09:53 PM,04-25-2026,04-25-2026 21:53:38,0,0,eGFP4,WHEEL
3114,09:53 PM,04-25-2026,04-25-2026 21:53:39,0,0,eGFP4,WHEEL
3115,09:53 PM,04-25-2026,04-25-2026 21:53:40,0,0,eGFP4,WHEEL
3116,09:53 PM,04-25-2026,04-25-2026 21:53:41,0,0,eGFP4,WHEEL
3117,09:53 PM,04-25-2026,04-25-2026 21:53:41,0,0,eGFP4,WHEEL
3118,09:53 PM,04-25-2026,04-25-2026 21:53:42,0,0,eGFP4,WHEEL
3119,09:53 PM,04-25-2026,04-25-2026 21:53:43,0,0,eGFP4,WHEEL
3120,09:53 PM,04-25-2026,04-25-2026 21:53:44,0,0,eGFP4,WHEEL
3121,09:53 PM,04-25-2026,04-25-2026 21:53:46,0,0,eGFP4,WHEEL
3122,09:53 PM,04-25-2026,04-25-2026 21:53:46,0,0,eGFP4,WHEEL
3123,09:53 PM,04-25-2026,04-25-2026 21:53:47,0,0,eGFP4,WHEEL
3124,09:53 PM,04-25-2026,04-25-2026 21:53:52,0,0,eGFP4,WHEEL
3125,09:53 PM,04-25-2026,04-25-2026 21:53:52,0,0,eGFP4,WHEEL
3126,09:53 PM,04-25-2026,04-25-2026 21:53:53,0,0,eGFP4,WHEEL
3127,09:53 PM,04-25-2026,04-25-2026 21:53:56,0,0,eGFP4,WHEEL
3128,09:53 PM,04-25-2026,04-25-2026 21:53:58,0,0,eGFP4,WHEEL
3129,09:53 PM,04-25-2026,04-25-2026 21:53:59,0,0,eGFP4,WHEEL
3130,09:54 PM,04-25-2026,04-25-2026 21:54:00,0,0,eGFP4,WHEEL
3131,09:54 PM,04-25-2026,04-25-2026 21:54:01,0,0,eGFP4,WHEEL
3132,09:54 PM,04-25-2026,04-25-2026 21:54:04,0,0,eGFP4,WHEEL
3133,09:54 PM,04-25-2026,04-25-2026 21:54:09,0,0,eGFP4,WHEEL
3134,09:54 PM,04-25-2026,04-25-2026 21:54:10,0,0,eGFP4,WHEEL
3135,09:54 PM,04-25-2026,04-25-2026 21:54:11,0,0,eGFP4,WHEEL
3136,09:54 PM,04-25-2026,04-25-2026 21:54:11,0,0,eGFP4,WHEEL
3137,09:54 PM,04-25-2026,04-25-2026 21:54:12,0,0,eGFP4,WHEEL
3138,09:54 PM,04-25-2026,04-25-2026 21:54:16,0,0,eGFP4,WHEEL
3139,09:54 PM,04-25-2026,04-25-2026 21:54:22,0,0,eGFP4,WHEEL
3140,09:54 PM,04-25-2026,04-25-2026 21:54:27,0,0,eGFP4,WHEEL
3141,09:54 PM,04-25-2026,04-25-2026 21:54:29,0,0,eGFP4,WHEEL
3142,09:54 PM,04-25-2026,04-25-2026 21:54:29,0,0,eGFP4,WHEEL
3143,09:54 PM,04-25-2026,04-25-2026 21:54:31,0,0,eGFP4,WHEEL
3144,09:54 PM,04-25-2026,04-25-2026 21:54:33,0,0,eGFP4,WHEEL
3145,09:54 PM,04-25-2026,04-25-2026 21:54:34,0,0,eGFP4,WHEEL
3146,09:54 PM,04-25-2026,04-25-2026 21:54:35,0,0,eGFP4,WHEEL
3147,09:54 PM,04-25-2026,04-25-2026 21:54:36,0,0,eGFP4,WHEEL
3148,09:54 PM,04-25-2026,04-25-2026 21:54:37,0,0,eGFP4,WHEEL
3149,09:55 PM,04-25-2026,04-25-2026 21:55:07,0,0,eGFP4,WHEEL
3150,09:55 PM,04-25-2026,04-25-2026 21:55:10,0,0,eGFP4,WHEEL
3151,09:55 PM,04-25-2026,04-25-2026 21:55:11,0,0,eGFP4,WHEEL
3152,09:55 PM,04-25-2026,04-25-2026 21:55:11,0,0,eGFP4,WHEEL
3153,09:55 PM,04-25-2026,04-25-2026 21:55:12,0,0,eGFP4,WHEEL
3154,09:55 PM,04-25-2026,04-25-2026 21:55:13,0,0,eGFP4,WHEEL
3155,09:55 PM,04-25-2026,04-25-2026 21:55:20,0,0,eGFP4,WHEEL
3156,09:55 PM,04-25-2026,04-25-2026 21:55:21,0,0,eGFP4,WHEEL
3157,09:55 PM,04-25-2026,04-25-2026 21:55:22,0,0,eGFP4,WHEEL
3158,09:55 PM,04-25-2026,04-25-2026 21:55:22,0,0,eGFP4,WHEEL
3159,09:55 PM,04-25-2026,04-25-2026 21:55:23,0,0,eGFP4,WHEEL
3160,09:55 PM,04-25-2026,04-25-2026 21:55:36,0,0,eGFP4,WHEEL
3161,09:55 PM,04-25-2026,04-25-2026 21:55:37,0,0,eGFP4,WHEEL
3162,09:55 PM,04-25-2026,04-25-2026 21:55:37,0,0,eGFP4,WHEEL
3163,09:55 PM,04-25-2026,04-25-2026 21:55:38,0,0,eGFP4,WHEEL
3164,09:55 PM,04-25-2026,04-25-2026 21:55:42,0,0,eGFP4,WHEEL
3165,09:55 PM,04-25-2026,04-25-2026 21:55:43,0,0,eGFP4,WHEEL
3166,09:55 PM,04-25-2026,04-25-2026 21:55:44,0,0,eGFP4,WHEEL
3167,09:55 PM,04-25-2026,04-25-2026 21:55:45,0,0,eGFP4,WHEEL
3168,09:55 PM,04-25-2026,04-25-2026 21:55:45,0,0,eGFP4,WHEEL
3169,09:55 PM,04-25-2026,04-25-2026 21:55:46,0,0,eGFP4,WHEEL
3170,09:55 PM,04-25-2026,04-25-2026 21:55:47,0,0,eGFP4,WHEEL
3171,10:01 PM,04-25-2026,04-25-2026 22:01:28,0,0,eGFP4,WHEEL
3172,10:07 PM,04-25-2026,04-25-2026 22:07:44,0,0,eGFP4,WHEEL
3173,10:07 PM,04-25-2026,04-25-2026 22:07:45,0,0,eGFP4,WHEEL
3174,10:07 PM,04-25-2026,04-25-2026 22:07:50,0,0,eGFP4,WHEEL
3175,10:07 PM,04-25-2026,04-25-2026 22:07:51,0,0,eGFP4,WHEEL
3176,10:07 PM,04-25-2026,04-25-2026 22:07:56,0,0,eGFP4,WHEEL
3177,10:07 PM,04-25-2026,04-25-2026 22:07:58,0,0,eGFP4,WHEEL
3178,10:07 PM,04-25-2026,04-25-2026 22:07:58,0,0,eGFP4,WHEEL
3179,10:07 PM,04-25-2026,04-25-2026 22:07:59,0,0,eGFP4,WHEEL
3180,10:08 PM,04-25-2026,04-25-2026 22:08:00,0,0,eGFP4,WHEEL
3181,10:08 PM,04-25-2026,04-25-2026 22:08:03,0,0,eGFP4,WHEEL
3182,10:08 PM,04-25-2026,04-25-2026 22:08:03,0,0,eGFP4,WHEEL
3183,10:08 PM,04-25-2026,04-25-2026 22:08:04,0,0,eGFP4,WHEEL
3184,10:08 PM,04-25-2026,04-25-2026 22:08:05,0,0,eGFP4,WHEEL
3185,10:08 PM,04-25-2026,04-25-2026 22:08:06,0,0,eGFP4,WHEEL
3186,10:08 PM,04-25-2026,04-25-2026 22:08:09,0,0,eGFP4,WHEEL
3187,10:08 PM,04-25-2026,04-25-2026 22:08:11,0,0,eGFP4,WHEEL
3188,10:08 PM,04-25-2026,04-25-2026 22:08:12,0,0,eGFP4,WHEEL
3189,10:08 PM,04-25-2026,04-25-2026 22:08:14,0,0,eGFP4,WHEEL
3190,10:08 PM,04-25-2026,04-25-2026 22:08:16,0,0,eGFP4,WHEEL
3191,10:08 PM,04-25-2026,04-25-2026 22:08:18,0,0,eGFP4,WHEEL
3192,10:10 PM,04-25-2026,04-25-2026 22:10:31,0,0,eGFP4,WHEEL
3193,10:13 PM,04-25-2026,04-25-2026 22:13:43,0,0,eGFP4,WHEEL
3194,10:13 PM,04-25-2026,04-25-2026 22:13:44,0,0,eGFP4,WHEEL
3195,10:13 PM,04-25-2026,04-25-2026 22:13:45,0,0,eGFP4,WHEEL
3196,10:13 PM,04-25-2026,04-25-2026 22:13:47,0,0,eGFP4,WHEEL
3197,10:13 PM,04-25-2026,04-25-2026 22:13:48,0,0,eGFP4,WHEEL
3198,10:13 PM,04-25-2026,04-25-2026 22:13:48,0,0,eGFP4,WHEEL
3199,10:13 PM,04-25-2026,04-25-2026 22:13:49,0,0,eGFP4,WHEEL
3200,10:13 PM,04-25-2026,04-25-2026 22:13:50,0,0,eGFP4,WHEEL
3201,10:13 PM,04-25-2026,04-25-2026 22:13:54,0,0,eGFP4,WHEEL
3202,10:13 PM,04-25-2026,04-25-2026 22:13:55,0,0,eGFP4,WHEEL
3203,10:13 PM,04-25-2026,04-25-2026 22:13:56,0,0,eGFP4,WHEEL
3204,10:13 PM,04-25-2026,04-25-2026 22:13:58,0,0,eGFP4,WHEEL
3205,10:13 PM,04-25-2026,04-25-2026 22:13:58,0,0,eGFP4,WHEEL
3206,10:14 PM,04-25-2026,04-25-2026 22:14:00,0,0,eGFP4,WHEEL
3207,10:14 PM,04-25-2026,04-25-2026 22:14:01,0,0,eGFP4,WHEEL
3208,10:14 PM,04-25-2026,04-25-2026 22:14:01,0,0,eGFP4,WHEEL
3209,10:14 PM,04-25-2026,04-25-2026 22:14:02,0,0,eGFP4,WHEEL
3210,10:14 PM,04-25-2026,04-25-2026 22:14:04,0,0,eGFP4,WHEEL
3211,10:14 PM,04-25-2026,04-25-2026 22:14:06,0,0,eGFP4,WHEEL
3212,10:14 PM,04-25-2026,04-25-2026 22:14:07,0,0,eGFP4,WHEEL
3213,10:14 PM,04-25-2026,04-25-2026 22:14:08,0,0,eGFP4,WHEEL
3214,10:14 PM,04-25-2026,04-25-2026 22:14:09,0,0,eGFP4,WHEEL
3215,10:14 PM,04-25-2026,04-25-2026 22:14:10,0,0,eGFP4,WHEEL
3216,10:14 PM,04-25-2026,04-25-2026 22:14:11,0,0,eGFP4,WHEEL
3217,10:14 PM,04-25-2026,04-25-2026 22:14:17,0,0,eGFP4,WHEEL
3218,10:14 PM,04-25-2026,04-25-2026 22:14:18,0,0,eGFP4,WHEEL
3219,10:14 PM,04-25-2026,04-25-2026 22:14:18,0,0,eGFP4,WHEEL
3220,10:14 PM,04-25-2026,04-25-2026 22:14:22,0,0,eGFP4,WHEEL
3221,10:14 PM,04-25-2026,04-25-2026 22:14:24,0,0,eGFP4,WHEEL
3222,10:14 PM,04-25-2026,04-25-2026 22:14:25,0,0,eGFP4,WHEEL
3223,10:14 PM,04-25-2026,04-25-2026 22:14:25,0,0,eGFP4,WHEEL
3224,10:14 PM,04-25-2026,04-25-2026 22:14:28,0,0,eGFP4,WHEEL
3225,10:14 PM,04-25-2026,04-25-2026 22:14:28,0,0,eGFP4,WHEEL
3226,10:14 PM,04-25-2026,04-25-2026 22:14:30,0,0,eGFP4,WHEEL
3227,10:14 PM,04-25-2026,04-25-2026 22:14:31,0,0,eGFP4,WHEEL
3228,10:14 PM,04-25-2026,04-25-2026 22:14:32,0,0,eGFP4,WHEEL
3229,10:14 PM,04-25-2026,04-25-2026 22:14:32,0,0,eGFP4,WHEEL
3230,10:14 PM,04-25-2026,04-25-2026 22:14:33,0,0,eGFP4,WHEEL
3231,10:14 PM,04-25-2026,04-25-2026 22:14:34,0,0,eGFP4,WHEEL
3232,10:14 PM,04-25-2026,04-25-2026 22:14:35,0,0,eGFP4,WHEEL
3233,10:14 PM,04-25-2026,04-25-2026 22:14:36,0,0,eGFP4,WHEEL
3234,10:14 PM,04-25-2026,04-25-2026 22:14:36,0,0,eGFP4,WHEEL
3235,10:14 PM,04-25-2026,04-25-2026 22:14:38,0,0,eGFP4,WHEEL
3236,10:14 PM,04-25-2026,04-25-2026 22:14:40,0,0,eGFP4,WHEEL
3237,10:14 PM,04-25-2026,04-25-2026 22:14:40,0,0,eGFP4,WHEEL
3238,10:14 PM,04-25-2026,04-25-2026 22:14:41,0,0,eGFP4,WHEEL
3239,10:14 PM,04-25-2026,04-25-2026 22:14:43,0,0,eGFP4,WHEEL
3240,10:14 PM,04-25-2026,04-25-2026 22:14:44,0,0,eGFP4,WHEEL
3241,10:14 PM,04-25-2026,04-25-2026 22:14:45,0,0,eGFP4,WHEEL
3242,10:14 PM,04-25-2026,04-25-2026 22:14:48,0,0,eGFP4,WHEEL
3243,10:14 PM,04-25-2026,04-25-2026 22:14:49,0,0,eGFP4,WHEEL
3244,10:14 PM,04-25-2026,04-25-2026 22:14:49,0,0,eGFP4,WHEEL
3245,10:16 PM,04-25-2026,04-25-2026 22:16:35,0,0,eGFP4,WHEEL
3246,10:17 PM,04-25-2026,04-25-2026 22:17:51,0,0,eGFP4,WHEEL
3247,10:24 PM,04-25-2026,04-25-2026 22:24:59,0,0,eGFP4,WHEEL
3248,10:25 PM,04-25-2026,04-25-2026 22:25:00,0,0,eGFP4,WHEEL
3249,10:25 PM,04-25-2026,04-25-2026 22:25:01,0,0,eGFP4,WHEEL
3250,10:25 PM,04-25-2026,04-25-2026 22:25:02,0,0,eGFP4,WHEEL
3251,10:25 PM,04-25-2026,04-25-2026 22:25:03,0,0,eGFP4,WHEEL
3252,10:25 PM,04-25-2026,04-25-2026 22:25:04,0,0,eGFP4,WHEEL
3253,10:25 PM,04-25-2026,04-25-2026 22:25:06,0,0,eGFP4,WHEEL
3254,10:25 PM,04-25-2026,04-25-2026 22:25:06,0,0,eGFP4,WHEEL
3255,10:25 PM,04-25-2026,04-25-2026 22:25:08,0,0,eGFP4,WHEEL
3256,10:25 PM,04-25-2026,04-25-2026 22:25:09,0,0,eGFP4,WHEEL
3257,10:25 PM,04-25-2026,04-25-2026 22:25:09,0,0,eGFP4,WHEEL
3258,10:25 PM,04-25-2026,04-25-2026 22:25:11,0,0,eGFP4,WHEEL
3259,10:25 PM,04-25-2026,04-25-2026 22:25:12,0,0,eGFP4,WHEEL
3260,10:25 PM,04-25-2026,04-25-2026 22:25:13,0,0,eGFP4,WHEEL
3261,10:25 PM,04-25-2026,04-25-2026 22:25:13,0,0,eGFP4,WHEEL
3262,10:25 PM,04-25-2026,04-25-2026 22:25:16,0,0,eGFP4,WHEEL
3263,10:25 PM,04-25-2026,04-25-2026 22:25:18,0,0,eGFP4,WHEEL
3264,10:25 PM,04-25-2026,04-25-2026 22:25:28,0,0,eGFP4,WHEEL
3265,10:25 PM,04-25-2026,04-25-2026 22:25:28,0,0,eGFP4,WHEEL
3266,10:25 PM,04-25-2026,04-25-2026 22:25:30,0,0,eGFP4,WHEEL
3267,10:25 PM,04-25-2026,04-25-2026 22:25:31,0,0,eGFP4,WHEEL
3268,10:25 PM,04-25-2026,04-25-2026 22:25:32,0,0,eGFP4,WHEEL
3269,10:25 PM,04-25-2026,04-25-2026 22:25:34,0,0,eGFP4,WHEEL
3270,10:25 PM,04-25-2026,04-25-2026 22:25:39,0,0,eGFP4,WHEEL
3271,10:25 PM,04-25-2026,04-25-2026 22:25:40,0,0,eGFP4,WHEEL
3272,10:25 PM,04-25-2026,04-25-2026 22:25:42,0,0,eGFP4,WHEEL
3273,10:25 PM,04-25-2026,04-25-2026 22:25:42,0,0,eGFP4,WHEEL
3274,10:25 PM,04-25-2026,04-25-2026 22:25:43,0,0,eGFP4,WHEEL
3275,10:25 PM,04-25-2026,04-25-2026 22:25:46,0,0,eGFP4,WHEEL
3276,10:25 PM,04-25-2026,04-25-2026 22:25:50,0,0,eGFP4,WHEEL
3277,10:25 PM,04-25-2026,04-25-2026 22:25:51,0,0,eGFP4,WHEEL
3278,10:25 PM,04-25-2026,04-25-2026 22:25:53,0,0,eGFP4,WHEEL
3279,10:25 PM,04-25-2026,04-25-2026 22:25:54,0,0,eGFP4,WHEEL
3280,10:25 PM,04-25-2026,04-25-2026 22:25:54,0,0,eGFP4,WHEEL
3281,10:25 PM,04-25-2026,04-25-2026 22:25:55,0,0,eGFP4,WHEEL
3282,10:25 PM,04-25-2026,04-25-2026 22:25:56,0,0,eGFP4,WHEEL
3283,10:25 PM,04-25-2026,04-25-2026 22:25:57,0,0,eGFP4,WHEEL
3284,10:26 PM,04-25-2026,04-25-2026 22:26:01,0,0,eGFP4,WHEEL
3285,10:26 PM,04-25-2026,04-25-2026 22:26:02,0,0,eGFP4,WHEEL
3286,10:26 PM,04-25-2026,04-25-2026 22:26:06,0,0,eGFP4,WHEEL
3287,10:26 PM,04-25-2026,04-25-2026 22:26:07,0,0,eGFP4,WHEEL
3288,10:26 PM,04-25-2026,04-25-2026 22:26:07,0,0,eGFP4,WHEEL
3289,10:26 PM,04-25-2026,04-25-2026 22:26:11,0,0,eGFP4,WHEEL
3290,10:26 PM,04-25-2026,04-25-2026 22:26:13,0,0,eGFP4,WHEEL
3291,10:27 PM,04-25-2026,04-25-2026 22:27:27,0,0,eGFP4,WHEEL
3292,10:27 PM,04-25-2026,04-25-2026 22:27:27,0,0,eGFP4,WHEEL
3293,10:27 PM,04-25-2026,04-25-2026 22:27:33,0,0,eGFP4,WHEEL
3294,10:27 PM,04-25-2026,04-25-2026 22:27:35,0,0,eGFP4,WHEEL
3295,10:27 PM,04-25-2026,04-25-2026 22:27:35,0,0,eGFP4,WHEEL
3296,10:27 PM,04-25-2026,04-25-2026 22:27:36,0,0,eGFP4,WHEEL
3297,10:27 PM,04-25-2026,04-25-2026 22:27:37,0,0,eGFP4,WHEEL
3298,10:27 PM,04-25-2026,04-25-2026 22:27:38,0,0,eGFP4,WHEEL
3299,10:27 PM,04-25-2026,04-25-2026 22:27:40,0,0,eGFP4,WHEEL
3300,10:27 PM,04-25-2026,04-25-2026 22:27:44,0,0,eGFP4,WHEEL
3301,10:27 PM,04-25-2026,04-25-2026 22:27:44,0,0,eGFP4,WHEEL
3302,10:27 PM,04-25-2026,04-25-2026 22:27:45,0,0,eGFP4,WHEEL
3303,10:27 PM,04-25-2026,04-25-2026 22:27:48,0,0,eGFP4,WHEEL
3304,10:27 PM,04-25-2026,04-25-2026 22:27:50,0,0,eGFP4,WHEEL
3305,10:27 PM,04-25-2026,04-25-2026 22:27:51,0,0,eGFP4,WHEEL
3306,10:27 PM,04-25-2026,04-25-2026 22:27:52,0,0,eGFP4,WHEEL
3307,10:27 PM,04-25-2026,04-25-2026 22:27:52,0,0,eGFP4,WHEEL
3308,10:27 PM,04-25-2026,04-25-2026 22:27:54,0,0,eGFP4,WHEEL
3309,10:27 PM,04-25-2026,04-25-2026 22:27:54,0,0,eGFP4,WHEEL
3310,10:27 PM,04-25-2026,04-25-2026 22:27:57,0,0,eGFP4,WHEEL
3311,10:27 PM,04-25-2026,04-25-2026 22:27:58,0,0,eGFP4,WHEEL
3312,10:28 PM,04-25-2026,04-25-2026 22:28:01,0,0,eGFP4,WHEEL
3313,10:28 PM,04-25-2026,04-25-2026 22:28:02,0,0,eGFP4,WHEEL
3314,10:33 PM,04-25-2026,04-25-2026 22:33:15,0,0,eGFP4,WHEEL
3315,10:33 PM,04-25-2026,04-25-2026 22:33:17,0,0,eGFP4,WHEEL
3316,10:33 PM,04-25-2026,04-25-2026 22:33:18,0,0,eGFP4,WHEEL
3317,10:33 PM,04-25-2026,04-25-2026 22:33:22,0,0,eGFP4,WHEEL
3318,10:33 PM,04-25-2026,04-25-2026 22:33:24,0,0,eGFP4,WHEEL
3319,10:33 PM,04-25-2026,04-25-2026 22:33:25,0,0,eGFP4,WHEEL
3320,10:38 PM,04-25-2026,04-25-2026 22:38:30,0,0,eGFP4,WHEEL
3321,10:38 PM,04-25-2026,04-25-2026 22:38:31,0,0,eGFP4,WHEEL
3322,10:38 PM,04-25-2026,04-25-2026 22:38:38,0,0,eGFP4,WHEEL
3323,10:38 PM,04-25-2026,04-25-2026 22:38:39,0,0,eGFP4,WHEEL
3324,10:38 PM,04-25-2026,04-25-2026 22:38:42,0,0,eGFP4,WHEEL
3325,10:38 PM,04-25-2026,04-25-2026 22:38:46,0,0,eGFP4,WHEEL
3326,10:38 PM,04-25-2026,04-25-2026 22:38:46,0,0,eGFP4,WHEEL
3327,10:38 PM,04-25-2026,04-25-2026 22:38:48,0,0,eGFP4,WHEEL
3328,10:38 PM,04-25-2026,04-25-2026 22:38:48,0,0,eGFP4,WHEEL
3329,10:38 PM,04-25-2026,04-25-2026 22:38:51,0,0,eGFP4,WHEEL
3330,10:38 PM,04-25-2026,04-25-2026 22:38:52,0,0,eGFP4,WHEEL
3331,10:38 PM,04-25-2026,04-25-2026 22:38:54,0,0,eGFP4,WHEEL
3332,10:38 PM,04-25-2026,04-25-2026 22:38:56,0,0,eGFP4,WHEEL
3333,10:38 PM,04-25-2026,04-25-2026 22:38:58,0,0,eGFP4,WHEEL
3334,10:39 PM,04-25-2026,04-25-2026 22:39:00,0,0,eGFP4,WHEEL
3335,10:39 PM,04-25-2026,04-25-2026 22:39:11,0,0,eGFP4,WHEEL
3336,10:39 PM,04-25-2026,04-25-2026 22:39:12,0,0,eGFP4,WHEEL
3337,10:39 PM,04-25-2026,04-25-2026 22:39:14,0,0,eGFP4,WHEEL
3338,10:39 PM,04-25-2026,04-25-2026 22:39:15,0,0,eGFP4,WHEEL
3339,10:39 PM,04-25-2026,04-25-2026 22:39:28,0,0,eGFP4,WHEEL
3340,10:39 PM,04-25-2026,04-25-2026 22:39:35,0,0,eGFP4,WHEEL
3341,10:39 PM,04-25-2026,04-25-2026 22:39:58,0,0,eGFP4,WHEEL
3342,10:40 PM,04-25-2026,04-25-2026 22:40:00,0,0,eGFP4,WHEEL
3343,10:40 PM,04-25-2026,04-25-2026 22:40:02,0,0,eGFP4,WHEEL
3344,10:40 PM,04-25-2026,04-25-2026 22:40:04,0,0,eGFP4,WHEEL
3345,10:40 PM,04-25-2026,04-25-2026 22:40:04,0,0,eGFP4,WHEEL
3346,10:40 PM,04-25-2026,04-25-2026 22:40:05,0,0,eGFP4,WHEEL
3347,10:40 PM,04-25-2026,04-25-2026 22:40:11,0,0,eGFP4,WHEEL
3348,10:40 PM,04-25-2026,04-25-2026 22:40:13,0,0,eGFP4,WHEEL
3349,10:40 PM,04-25-2026,04-25-2026 22:40:13,0,0,eGFP4,WHEEL
3350,10:40 PM,04-25-2026,04-25-2026 22:40:20,0,0,eGFP4,WHEEL
3351,10:40 PM,04-25-2026,04-25-2026 22:40:23,0,0,eGFP4,WHEEL
3352,10:40 PM,04-25-2026,04-25-2026 22:40:26,0,0,eGFP4,WHEEL
3353,10:40 PM,04-25-2026,04-25-2026 22:40:27,0,0,eGFP4,WHEEL
3354,10:40 PM,04-25-2026,04-25-2026 22:40:28,0,0,eGFP4,WHEEL
3355,10:40 PM,04-25-2026,04-25-2026 22:40:29,0,0,eGFP4,WHEEL
3356,10:40 PM,04-25-2026,04-25-2026 22:40:29,0,0,eGFP4,WHEEL
3357,10:40 PM,04-25-2026,04-25-2026 22:40:31,0,0,eGFP4,WHEEL
3358,10:40 PM,04-25-2026,04-25-2026 22:40:32,0,0,eGFP4,WHEEL
3359,10:40 PM,04-25-2026,04-25-2026 22:40:35,0,0,eGFP4,WHEEL
3360,10:40 PM,04-25-2026,04-25-2026 22:40:36,0,0,eGFP4,WHEEL
3361,10:40 PM,04-25-2026,04-25-2026 22:40:37,0,0,eGFP4,WHEEL
3362,10:40 PM,04-25-2026,04-25-2026 22:40:38,0,0,eGFP4,WHEEL
3363,10:40 PM,04-25-2026,04-25-2026 22:40:39,0,0,eGFP4,WHEEL
3364,10:40 PM,04-25-2026,04-25-2026 22:40:40,0,0,eGFP4,WHEEL
3365,10:40 PM,04-25-2026,04-25-2026 22:40:41,0,0,eGFP4,WHEEL
3366,10:40 PM,04-25-2026,04-25-2026 22:40:42,0,0,eGFP4,WHEEL
3367,10:40 PM,04-25-2026,04-25-2026 22:40:44,0,0,eGFP4,WHEEL
3368,10:40 PM,04-25-2026,04-25-2026 22:40:45,0,0,eGFP4,WHEEL
3369,10:41 PM,04-25-2026,04-25-2026 22:41:41,0,0,eGFP4,WHEEL
3370,10:41 PM,04-25-2026,04-25-2026 22:41:43,0,0,eGFP4,WHEEL
3371,10:41 PM,04-25-2026,04-25-2026 22:41:43,0,0,eGFP4,WHEEL
3372,10:41 PM,04-25-2026,04-25-2026 22:41:44,0,0,eGFP4,WHEEL
3373,10:41 PM,04-25-2026,04-25-2026 22:41:44,0,0,eGFP4,WHEEL
3374,10:41 PM,04-25-2026,04-25-2026 22:41:45,0,0,eGFP4,WHEEL
3375,10:41 PM,04-25-2026,04-25-2026 22:41:48,0,0,eGFP4,WHEEL
3376,10:41 PM,04-25-2026,04-25-2026 22:41:48,0,0,eGFP4,WHEEL
3377,10:41 PM,04-25-2026,04-25-2026 22:41:49,0,0,eGFP4,WHEEL
3378,10:41 PM,04-25-2026,04-25-2026 22:41:50,0,0,eGFP4,WHEEL
3379,10:41 PM,04-25-2026,04-25-2026 22:41:51,0,0,eGFP4,WHEEL
3380,10:41 PM,04-25-2026,04-25-2026 22:41:52,0,0,eGFP4,WHEEL
3381,10:41 PM,04-25-2026,04-25-2026 22:41:53,0,0,eGFP4,WHEEL
3382,10:41 PM,04-25-2026,04-25-2026 22:41:54,0,0,eGFP4,WHEEL
3383,10:41 PM,04-25-2026,04-25-2026 22:41:54,0,0,eGFP4,WHEEL
3384,10:41 PM,04-25-2026,04-25-2026 22:41:56,0,0,eGFP4,WHEEL
3385,10:41 PM,04-25-2026,04-25-2026 22:41:57,0,0,eGFP4,WHEEL
3386,10:41 PM,04-25-2026,04-25-2026 22:41:57,0,0,eGFP4,WHEEL
3387,10:42 PM,04-25-2026,04-25-2026 22:42:00,0,0,eGFP4,WHEEL
3388,10:42 PM,04-25-2026,04-25-2026 22:42:00,0,0,eGFP4,WHEEL
3389,10:42 PM,04-25-2026,04-25-2026 22:42:01,0,0,eGFP4,WHEEL
3390,10:42 PM,04-25-2026,04-25-2026 22:42:02,0,0,eGFP4,WHEEL
3391,10:42 PM,04-25-2026,04-25-2026 22:42:03,0,0,eGFP4,WHEEL
3392,10:42 PM,04-25-2026,04-25-2026 22:42:04,0,0,eGFP4,WHEEL
3393,10:42 PM,04-25-2026,04-25-2026 22:42:05,0,0,eGFP4,WHEEL
3394,10:42 PM,04-25-2026,04-25-2026 22:42:07,0,0,eGFP4,WHEEL
3395,10:42 PM,04-25-2026,04-25-2026 22:42:07,0,0,eGFP4,WHEEL
3396,10:42 PM,04-25-2026,04-25-2026 22:42:08,0,0,eGFP4,WHEEL
3397,10:42 PM,04-25-2026,04-25-2026 22:42:09,0,0,eGFP4,WHEEL
3398,10:42 PM,04-25-2026,04-25-2026 22:42:10,0,0,eGFP4,WHEEL
3399,10:42 PM,04-25-2026,04-25-2026 22:42:11,0,0,eGFP4,WHEEL
3400,10:42 PM,04-25-2026,04-25-2026 22:42:12,0,0,eGFP4,WHEEL
3401,10:42 PM,04-25-2026,04-25-2026 22:42:14,0,0,eGFP4,WHEEL
3402,10:42 PM,04-25-2026,04-25-2026 22:42:15,0,0,eGFP4,WHEEL
3403,10:42 PM,04-25-2026,04-25-2026 22:42:16,0,0,eGFP4,WHEEL
3404,10:42 PM,04-25-2026,04-25-2026 22:42:17,0,0,eGFP4,WHEEL
3405,10:42 PM,04-25-2026,04-25-2026 22:42:17,0,0,eGFP4,WHEEL
3406,10:42 PM,04-25-2026,04-25-2026 22:42:18,0,0,eGFP4,WHEEL
3407,10:42 PM,04-25-2026,04-25-2026 22:42:21,0,0,eGFP4,WHEEL
3408,10:42 PM,04-25-2026,04-25-2026 22:42:22,0,0,eGFP4,WHEEL
3409,10:42 PM,04-25-2026,04-25-2026 22:42:27,0,0,eGFP4,WHEEL
3410,10:42 PM,04-25-2026,04-25-2026 22:42:29,0,0,eGFP4,WHEEL
3411,10:42 PM,04-25-2026,04-25-2026 22:42:29,0,0,eGFP4,WHEEL
3412,10:42 PM,04-25-2026,04-25-2026 22:42:33,0,0,eGFP4,WHEEL
3413,10:42 PM,04-25-2026,04-25-2026 22:42:34,0,0,eGFP4,WHEEL
3414,10:42 PM,04-25-2026,04-25-2026 22:42:34,0,0,eGFP4,WHEEL
3415,10:42 PM,04-25-2026,04-25-2026 22:42:42,0,0,eGFP4,WHEEL
3416,10:42 PM,04-25-2026,04-25-2026 22:42:43,0,0,eGFP4,WHEEL
3417,10:42 PM,04-25-2026,04-25-2026 22:42:44,0,0,eGFP4,WHEEL
3418,10:42 PM,04-25-2026,04-25-2026 22:42:48,0,0,eGFP4,WHEEL
3419,10:42 PM,04-25-2026,04-25-2026 22:42:48,0,0,eGFP4,WHEEL
3420,10:42 PM,04-25-2026,04-25-2026 22:42:50,0,0,eGFP4,WHEEL
3421,10:42 PM,04-25-2026,04-25-2026 22:42:51,0,0,eGFP4,WHEEL
3422,10:42 PM,04-25-2026,04-25-2026 22:42:54,0,0,eGFP4,WHEEL
3423,10:42 PM,04-25-2026,04-25-2026 22:42:54,0,0,eGFP4,WHEEL
3424,10:42 PM,04-25-2026,04-25-2026 22:42:55,0,0,eGFP4,WHEEL
3425,10:42 PM,04-25-2026,04-25-2026 22:42:56,0,0,eGFP4,WHEEL
3426,10:42 PM,04-25-2026,04-25-2026 22:42:57,0,0,eGFP4,WHEEL
3427,10:42 PM,04-25-2026,04-25-2026 22:42:59,0,0,eGFP4,WHEEL
3428,10:42 PM,04-25-2026,04-25-2026 22:42:59,0,0,eGFP4,WHEEL
3429,10:43 PM,04-25-2026,04-25-2026 22:43:03,0,0,eGFP4,WHEEL
3430,10:43 PM,04-25-2026,04-25-2026 22:43:04,0,0,eGFP4,WHEEL
3431,10:43 PM,04-25-2026,04-25-2026 22:43:05,0,0,eGFP4,WHEEL
3432,10:43 PM,04-25-2026,04-25-2026 22:43:06,0,0,eGFP4,WHEEL
3433,10:43 PM,04-25-2026,04-25-2026 22:43:07,0,0,eGFP4,WHEEL
3434,10:43 PM,04-25-2026,04-25-2026 22:43:10,0,0,eGFP4,WHEEL
3435,10:43 PM,04-25-2026,04-25-2026 22:43:11,0,0,eGFP4,WHEEL
3436,10:43 PM,04-25-2026,04-25-2026 22:43:16,0,0,eGFP4,WHEEL
3437,10:43 PM,04-25-2026,04-25-2026 22:43:18,0,0,eGFP4,WHEEL
3438,10:43 PM,04-25-2026,04-25-2026 22:43:19,0,0,eGFP4,WHEEL
3439,10:43 PM,04-25-2026,04-25-2026 22:43:23,0,0,eGFP4,WHEEL
3440,10:43 PM,04-25-2026,04-25-2026 22:43:23,0,0,eGFP4,WHEEL
3441,10:43 PM,04-25-2026,04-25-2026 22:43:24,0,0,eGFP4,WHEEL
3442,10:43 PM,04-25-2026,04-25-2026 22:43:27,0,0,eGFP4,WHEEL
3443,10:43 PM,04-25-2026,04-25-2026 22:43:30,0,0,eGFP4,WHEEL
3444,10:43 PM,04-25-2026,04-25-2026 22:43:33,0,0,eGFP4,WHEEL
3445,10:43 PM,04-25-2026,04-25-2026 22:43:34,0,0,eGFP4,WHEEL
3446,10:43 PM,04-25-2026,04-25-2026 22:43:35,0,0,eGFP4,WHEEL
3447,10:43 PM,04-25-2026,04-25-2026 22:43:36,0,0,eGFP4,WHEEL
3448,10:43 PM,04-25-2026,04-25-2026 22:43:37,0,0,eGFP4,WHEEL
3449,10:43 PM,04-25-2026,04-25-2026 22:43:38,0,0,eGFP4,WHEEL
3450,10:43 PM,04-25-2026,04-25-2026 22:43:43,0,0,eGFP4,WHEEL
3451,10:43 PM,04-25-2026,04-25-2026 22:43:45,0,0,eGFP4,WHEEL
3452,10:43 PM,04-25-2026,04-25-2026 22:43:48,0,0,eGFP4,WHEEL
3453,10:43 PM,04-25-2026,04-25-2026 22:43:49,0,0,eGFP4,WHEEL
3454,10:43 PM,04-25-2026,04-25-2026 22:43:50,0,0,eGFP4,WHEEL
3455,10:43 PM,04-25-2026,04-25-2026 22:43:50,0,0,eGFP4,WHEEL
3456,10:43 PM,04-25-2026,04-25-2026 22:43:55,0,0,eGFP4,WHEEL
3457,10:43 PM,04-25-2026,04-25-2026 22:43:56,0,0,eGFP4,WHEEL
3458,10:43 PM,04-25-2026,04-25-2026 22:43:57,0,0,eGFP4,WHEEL
3459,10:43 PM,04-25-2026,04-25-2026 22:43:58,0,0,eGFP4,WHEEL
3460,10:43 PM,04-25-2026,04-25-2026 22:43:59,0,0,eGFP4,WHEEL
3461,10:43 PM,04-25-2026,04-25-2026 22:43:59,0,0,eGFP4,WHEEL
3462,10:44 PM,04-25-2026,04-25-2026 22:44:00,0,0,eGFP4,WHEEL
3463,10:44 PM,04-25-2026,04-25-2026 22:44:01,0,0,eGFP4,WHEEL
3464,10:44 PM,04-25-2026,04-25-2026 22:44:04,0,0,eGFP4,WHEEL
3465,10:44 PM,04-25-2026,04-25-2026 22:44:05,0,0,eGFP4,WHEEL
3466,10:44 PM,04-25-2026,04-25-2026 22:44:07,0,0,eGFP4,WHEEL
3467,10:44 PM,04-25-2026,04-25-2026 22:44:08,0,0,eGFP4,WHEEL
3468,10:44 PM,04-25-2026,04-25-2026 22:44:09,0,0,eGFP4,WHEEL
3469,10:44 PM,04-25-2026,04-25-2026 22:44:11,0,0,eGFP4,WHEEL
3470,10:44 PM,04-25-2026,04-25-2026 22:44:11,0,0,eGFP4,WHEEL
3471,10:44 PM,04-25-2026,04-25-2026 22:44:12,0,0,eGFP4,WHEEL
3472,10:44 PM,04-25-2026,04-25-2026 22:44:13,0,0,eGFP4,WHEEL
3473,10:44 PM,04-25-2026,04-25-2026 22:44:15,0,0,eGFP4,WHEEL
3474,10:44 PM,04-25-2026,04-25-2026 22:44:15,0,0,eGFP4,WHEEL
3475,10:44 PM,04-25-2026,04-25-2026 22:44:17,0,0,eGFP4,WHEEL
3476,10:44 PM,04-25-2026,04-25-2026 22:44:17,0,0,eGFP4,WHEEL
3477,10:44 PM,04-25-2026,04-25-2026 22:44:18,0,0,eGFP4,WHEEL
3478,10:44 PM,04-25-2026,04-25-2026 22:44:19,0,0,eGFP4,WHEEL
3479,10:44 PM,04-25-2026,04-25-2026 22:44:20,0,0,eGFP4,WHEEL
3480,10:44 PM,04-25-2026,04-25-2026 22:44:22,0,0,eGFP4,WHEEL
3481,10:44 PM,04-25-2026,04-25-2026 22:44:23,0,0,eGFP4,WHEEL
3482,10:44 PM,04-25-2026,04-25-2026 22:44:24,0,0,eGFP4,WHEEL
3483,10:44 PM,04-25-2026,04-25-2026 22:44:25,0,0,eGFP4,WHEEL
3484,10:44 PM,04-25-2026,04-25-2026 22:44:26,0,0,eGFP4,WHEEL
3485,10:44 PM,04-25-2026,04-25-2026 22:44:26,0,0,eGFP4,WHEEL
3486,10:44 PM,04-25-2026,04-25-2026 22:44:27,0,0,eGFP4,WHEEL
3487,10:44 PM,04-25-2026,04-25-2026 22:44:56,0,0,eGFP4,WHEEL
3488,10:44 PM,04-25-2026,04-25-2026 22:44:56,0,0,eGFP4,WHEEL
3489,10:44 PM,04-25-2026,04-25-2026 22:44:58,0,0,eGFP4,WHEEL
3490,10:45 PM,04-25-2026,04-25-2026 22:45:00,0,0,eGFP4,WHEEL
3491,10:45 PM,04-25-2026,04-25-2026 22:45:01,0,0,eGFP4,WHEEL
3492,10:45 PM,04-25-2026,04-25-2026 22:45:01,0,0,eGFP4,WHEEL
3493,10:45 PM,04-25-2026,04-25-2026 22:45:03,0,0,eGFP4,WHEEL
3494,10:45 PM,04-25-2026,04-25-2026 22:45:04,0,0,eGFP4,WHEEL
3495,10:45 PM,04-25-2026,04-25-2026 22:45:04,0,0,eGFP4,WHEEL
3496,10:45 PM,04-25-2026,04-25-2026 22:45:09,0,0,eGFP4,WHEEL
3497,10:45 PM,04-25-2026,04-25-2026 22:45:09,0,0,eGFP4,WHEEL
3498,10:45 PM,04-25-2026,04-25-2026 22:45:10,0,0,eGFP4,WHEEL
3499,10:45 PM,04-25-2026,04-25-2026 22:45:11,0,0,eGFP4,WHEEL
3500,10:45 PM,04-25-2026,04-25-2026 22:45:14,0,0,eGFP4,WHEEL
3501,10:45 PM,04-25-2026,04-25-2026 22:45:16,0,0,eGFP4,WHEEL
3502,10:45 PM,04-25-2026,04-25-2026 22:45:17,0,0,eGFP4,WHEEL
3503,10:45 PM,04-25-2026,04-25-2026 22:45:18,0,0,eGFP4,WHEEL
3504,10:45 PM,04-25-2026,04-25-2026 22:45:23,0,0,eGFP4,WHEEL
3505,10:45 PM,04-25-2026,04-25-2026 22:45:25,0,0,eGFP4,WHEEL
3506,10:45 PM,04-25-2026,04-25-2026 22:45:25,0,0,eGFP4,WHEEL
3507,10:45 PM,04-25-2026,04-25-2026 22:45:26,0,0,eGFP4,WHEEL
3508,10:45 PM,04-25-2026,04-25-2026 22:45:27,0,0,eGFP4,WHEEL
3509,10:45 PM,04-25-2026,04-25-2026 22:45:33,0,0,eGFP4,WHEEL
3510,10:45 PM,04-25-2026,04-25-2026 22:45:35,0,0,eGFP4,WHEEL
3511,10:45 PM,04-25-2026,04-25-2026 22:45:51,0,0,eGFP4,WHEEL
3512,10:45 PM,04-25-2026,04-25-2026 22:45:52,0,0,eGFP4,WHEEL
3513,10:45 PM,04-25-2026,04-25-2026 22:45:52,0,0,eGFP4,WHEEL
3514,10:45 PM,04-25-2026,04-25-2026 22:45:53,0,0,eGFP4,WHEEL
3515,10:45 PM,04-25-2026,04-25-2026 22:45:56,0,0,eGFP4,WHEEL
3516,10:45 PM,04-25-2026,04-25-2026 22:45:57,0,0,eGFP4,WHEEL
3517,10:45 PM,04-25-2026,04-25-2026 22:45:57,0,0,eGFP4,WHEEL
3518,10:45 PM,04-25-2026,04-25-2026 22:45:59,0,0,eGFP4,WHEEL
3519,10:45 PM,04-25-2026,04-25-2026 22:45:59,0,0,eGFP4,WHEEL
3520,10:46 PM,04-25-2026,04-25-2026 22:46:00,0,0,eGFP4,WHEEL
3521,10:46 PM,04-25-2026,04-25-2026 22:46:01,0,0,eGFP4,WHEEL
3522,10:46 PM,04-25-2026,04-25-2026 22:46:01,0,0,eGFP4,WHEEL
3523,10:46 PM,04-25-2026,04-25-2026 22:46:03,0,0,eGFP4,WHEEL
3524,10:46 PM,04-25-2026,04-25-2026 22:46:04,0,0,eGFP4,WHEEL
3525,10:46 PM,04-25-2026,04-25-2026 22:46:10,0,0,eGFP4,WHEEL
3526,10:46 PM,04-25-2026,04-25-2026 22:46:19,0,0,eGFP4,WHEEL
3527,10:46 PM,04-25-2026,04-25-2026 22:46:19,0,0,eGFP4,WHEEL
3528,10:46 PM,04-25-2026,04-25-2026 22:46:20,0,0,eGFP4,WHEEL
3529,10:46 PM,04-25-2026,04-25-2026 22:46:21,0,0,eGFP4,WHEEL
3530,10:46 PM,04-25-2026,04-25-2026 22:46:22,0,0,eGFP4,WHEEL
3531,10:46 PM,04-25-2026,04-25-2026 22:46:23,0,0,eGFP4,WHEEL
3532,10:46 PM,04-25-2026,04-25-2026 22:46:24,0,0,eGFP4,WHEEL
3533,10:46 PM,04-25-2026,04-25-2026 22:46:25,0,0,eGFP4,WHEEL
3534,10:46 PM,04-25-2026,04-25-2026 22:46:27,0,0,eGFP4,WHEEL
3535,10:46 PM,04-25-2026,04-25-2026 22:46:29,0,0,eGFP4,WHEEL
3536,10:46 PM,04-25-2026,04-25-2026 22:46:31,0,0,eGFP4,WHEEL
3537,10:46 PM,04-25-2026,04-25-2026 22:46:32,0,0,eGFP4,WHEEL
3538,10:46 PM,04-25-2026,04-25-2026 22:46:36,0,0,eGFP4,WHEEL
3539,10:46 PM,04-25-2026,04-25-2026 22:46:37,0,0,eGFP4,WHEEL
3540,10:46 PM,04-25-2026,04-25-2026 22:46:37,0,0,eGFP4,WHEEL
3541,10:46 PM,04-25-2026,04-25-2026 22:46:38,0,0,eGFP4,WHEEL
3542,10:46 PM,04-25-2026,04-25-2026 22:46:39,0,0,eGFP4,WHEEL
3543,10:46 PM,04-25-2026,04-25-2026 22:46:40,0,0,eGFP4,WHEEL
3544,10:46 PM,04-25-2026,04-25-2026 22:46:41,0,0,eGFP4,WHEEL
3545,10:46 PM,04-25-2026,04-25-2026 22:46:42,0,0,eGFP4,WHEEL
3546,10:46 PM,04-25-2026,04-25-2026 22:46:43,0,0,eGFP4,WHEEL
3547,10:46 PM,04-25-2026,04-25-2026 22:46:44,0,0,eGFP4,WHEEL
3548,10:46 PM,04-25-2026,04-25-2026 22:46:45,0,0,eGFP4,WHEEL
3549,10:46 PM,04-25-2026,04-25-2026 22:46:46,0,0,eGFP4,WHEEL
3550,10:46 PM,04-25-2026,04-25-2026 22:46:47,0,0,eGFP4,WHEEL
3551,10:46 PM,04-25-2026,04-25-2026 22:46:49,0,0,eGFP4,WHEEL
3552,10:46 PM,04-25-2026,04-25-2026 22:46:50,0,0,eGFP4,WHEEL
3553,10:46 PM,04-25-2026,04-25-2026 22:46:51,0,0,eGFP4,WHEEL
3554,10:46 PM,04-25-2026,04-25-2026 22:46:51,0,0,eGFP4,WHEEL
3555,10:46 PM,04-25-2026,04-25-2026 22:46:52,0,0,eGFP4,WHEEL
3556,10:46 PM,04-25-2026,04-25-2026 22:46:53,0,0,eGFP4,WHEEL
3557,10:46 PM,04-25-2026,04-25-2026 22:46:58,0,0,eGFP4,WHEEL
3558,10:46 PM,04-25-2026,04-25-2026 22:46:59,0,0,eGFP4,WHEEL
3559,10:46 PM,04-25-2026,04-25-2026 22:46:59,0,0,eGFP4,WHEEL
3560,10:47 PM,04-25-2026,04-25-2026 22:47:01,0,0,eGFP4,WHEEL
3561,10:47 PM,04-25-2026,04-25-2026 22:47:02,0,0,eGFP4,WHEEL
3562,10:47 PM,04-25-2026,04-25-2026 22:47:03,0,0,eGFP4,WHEEL
3563,10:47 PM,04-25-2026,04-25-2026 22:47:05,0,0,eGFP4,WHEEL
3564,10:47 PM,04-25-2026,04-25-2026 22:47:06,0,0,eGFP4,WHEEL
3565,10:47 PM,04-25-2026,04-25-2026 22:47:06,0,0,eGFP4,WHEEL
3566,10:47 PM,04-25-2026,04-25-2026 22:47:07,0,0,eGFP4,WHEEL
3567,10:47 PM,04-25-2026,04-25-2026 22:47:08,0,0,eGFP4,WHEEL
3568,10:47 PM,04-25-2026,04-25-2026 22:47:09,0,0,eGFP4,WHEEL
3569,10:47 PM,04-25-2026,04-25-2026 22:47:10,0,0,eGFP4,WHEEL
3570,10:47 PM,04-25-2026,04-25-2026 22:47:11,0,0,eGFP4,WHEEL
3571,10:47 PM,04-25-2026,04-25-2026 22:47:11,0,0,eGFP4,WHEEL
3572,10:47 PM,04-25-2026,04-25-2026 22:47:12,0,0,eGFP4,WHEEL
3573,10:47 PM,04-25-2026,04-25-2026 22:47:13,0,0,eGFP4,WHEEL
3574,10:47 PM,04-25-2026,04-25-2026 22:47:14,0,0,eGFP4,WHEEL
3575,10:47 PM,04-25-2026,04-25-2026 22:47:15,0,0,eGFP4,WHEEL
3576,10:47 PM,04-25-2026,04-25-2026 22:47:18,0,0,eGFP4,WHEEL
3577,10:47 PM,04-25-2026,04-25-2026 22:47:19,0,0,eGFP4,WHEEL
3578,10:47 PM,04-25-2026,04-25-2026 22:47:19,0,0,eGFP4,WHEEL
3579,10:47 PM,04-25-2026,04-25-2026 22:47:21,0,0,eGFP4,WHEEL
3580,10:47 PM,04-25-2026,04-25-2026 22:47:22,0,0,eGFP4,WHEEL
3581,10:47 PM,04-25-2026,04-25-2026 22:47:22,0,0,eGFP4,WHEEL
3582,10:47 PM,04-25-2026,04-25-2026 22:47:24,0,0,eGFP4,WHEEL
3583,10:47 PM,04-25-2026,04-25-2026 22:47:25,0,0,eGFP4,WHEEL
3584,10:47 PM,04-25-2026,04-25-2026 22:47:26,0,0,eGFP4,WHEEL
3585,10:47 PM,04-25-2026,04-25-2026 22:47:27,0,0,eGFP4,WHEEL
3586,10:47 PM,04-25-2026,04-25-2026 22:47:27,0,0,eGFP4,WHEEL
3587,10:47 PM,04-25-2026,04-25-2026 22:47:28,0,0,eGFP4,WHEEL
3588,10:47 PM,04-25-2026,04-25-2026 22:47:29,0,0,eGFP4,WHEEL
3589,10:47 PM,04-25-2026,04-25-2026 22:47:29,0,0,eGFP4,WHEEL
3590,10:47 PM,04-25-2026,04-25-2026 22:47:30,0,0,eGFP4,WHEEL
3591,10:47 PM,04-25-2026,04-25-2026 22:47:31,0,0,eGFP4,WHEEL
3592,10:47 PM,04-25-2026,04-25-2026 22:47:31,0,0,eGFP4,WHEEL
3593,10:47 PM,04-25-2026,04-25-2026 22:47:34,0,0,eGFP4,WHEEL
3594,10:47 PM,04-25-2026,04-25-2026 22:47:35,0,0,eGFP4,WHEEL
3595,10:47 PM,04-25-2026,04-25-2026 22:47:35,0,0,eGFP4,WHEEL
3596,10:47 PM,04-25-2026,04-25-2026 22:47:41,0,0,eGFP4,WHEEL
3597,10:47 PM,04-25-2026,04-25-2026 22:47:48,0,0,eGFP4,WHEEL
3598,10:47 PM,04-25-2026,04-25-2026 22:47:49,0,0,eGFP4,WHEEL
3599,10:47 PM,04-25-2026,04-25-2026 22:47:50,0,0,eGFP4,WHEEL
3600,10:47 PM,04-25-2026,04-25-2026 22:47:51,0,0,eGFP4,WHEEL
3601,10:47 PM,04-25-2026,04-25-2026 22:47:51,0,0,eGFP4,WHEEL
3602,10:47 PM,04-25-2026,04-25-2026 22:47:52,0,0,eGFP4,WHEEL
3603,10:47 PM,04-25-2026,04-25-2026 22:47:54,0,0,eGFP4,WHEEL
3604,10:47 PM,04-25-2026,04-25-2026 22:47:55,0,0,eGFP4,WHEEL
3605,10:47 PM,04-25-2026,04-25-2026 22:47:56,0,0,eGFP4,WHEEL
3606,10:47 PM,04-25-2026,04-25-2026 22:47:57,0,0,eGFP4,WHEEL
3607,10:47 PM,04-25-2026,04-25-2026 22:47:58,0,0,eGFP4,WHEEL
3608,10:47 PM,04-25-2026,04-25-2026 22:47:59,0,0,eGFP4,WHEEL
3609,10:48 PM,04-25-2026,04-25-2026 22:48:01,0,0,eGFP4,WHEEL
3610,10:48 PM,04-25-2026,04-25-2026 22:48:01,0,0,eGFP4,WHEEL
3611,10:48 PM,04-25-2026,04-25-2026 22:48:02,0,0,eGFP4,WHEEL
3612,10:48 PM,04-25-2026,04-25-2026 22:48:03,0,0,eGFP4,WHEEL
3613,10:48 PM,04-25-2026,04-25-2026 22:48:36,0,0,eGFP4,WHEEL
3614,10:48 PM,04-25-2026,04-25-2026 22:48:37,0,0,eGFP4,WHEEL
3615,10:48 PM,04-25-2026,04-25-2026 22:48:38,0,0,eGFP4,WHEEL
3616,10:48 PM,04-25-2026,04-25-2026 22:48:39,0,0,eGFP4,WHEEL
3617,10:48 PM,04-25-2026,04-25-2026 22:48:40,0,0,eGFP4,WHEEL
3618,10:48 PM,04-25-2026,04-25-2026 22:48:40,0,0,eGFP4,WHEEL
3619,10:48 PM,04-25-2026,04-25-2026 22:48:42,0,0,eGFP4,WHEEL
3620,10:48 PM,04-25-2026,04-25-2026 22:48:43,0,0,eGFP4,WHEEL
3621,10:48 PM,04-25-2026,04-25-2026 22:48:44,0,0,eGFP4,WHEEL
3622,10:48 PM,04-25-2026,04-25-2026 22:48:44,0,0,eGFP4,WHEEL
3623,10:48 PM,04-25-2026,04-25-2026 22:48:45,0,0,eGFP4,WHEEL
3624,10:48 PM,04-25-2026,04-25-2026 22:48:46,0,0,eGFP4,WHEEL
3625,10:48 PM,04-25-2026,04-25-2026 22:48:48,0,0,eGFP4,WHEEL
3626,10:48 PM,04-25-2026,04-25-2026 22:48:49,0,0,eGFP4,WHEEL
3627,10:48 PM,04-25-2026,04-25-2026 22:48:50,0,0,eGFP4,WHEEL
3628,10:48 PM,04-25-2026,04-25-2026 22:48:50,0,0,eGFP4,WHEEL
3629,10:48 PM,04-25-2026,04-25-2026 22:48:51,0,0,eGFP4,WHEEL
3630,10:48 PM,04-25-2026,04-25-2026 22:48:52,0,0,eGFP4,WHEEL
3631,10:48 PM,04-25-2026,04-25-2026 22:48:53,0,0,eGFP4,WHEEL
3632,10:48 PM,04-25-2026,04-25-2026 22:48:53,0,0,eGFP4,WHEEL
3633,10:48 PM,04-25-2026,04-25-2026 22:48:54,0,0,eGFP4,WHEEL
3634,10:48 PM,04-25-2026,04-25-2026 22:48:56,0,0,eGFP4,WHEEL
3635,10:48 PM,04-25-2026,04-25-2026 22:48:57,0,0,eGFP4,WHEEL
3636,10:48 PM,04-25-2026,04-25-2026 22:48:57,0,0,eGFP4,WHEEL
3637,10:48 PM,04-25-2026,04-25-2026 22:48:58,0,0,eGFP4,WHEEL
3638,10:48 PM,04-25-2026,04-25-2026 22:48:59,0,0,eGFP4,WHEEL
3639,10:49 PM,04-25-2026,04-25-2026 22:49:00,0,0,eGFP4,WHEEL
3640,10:49 PM,04-25-2026,04-25-2026 22:49:01,0,0,eGFP4,WHEEL
3641,10:49 PM,04-25-2026,04-25-2026 22:49:02,0,0,eGFP4,WHEEL
3642,10:49 PM,04-25-2026,04-25-2026 22:49:02,0,0,eGFP4,WHEEL
3643,10:49 PM,04-25-2026,04-25-2026 22:49:03,0,0,eGFP4,WHEEL
3644,10:49 PM,04-25-2026,04-25-2026 22:49:04,0,0,eGFP4,WHEEL
3645,10:49 PM,04-25-2026,04-25-2026 22:49:05,0,0,eGFP4,WHEEL
3646,10:49 PM,04-25-2026,04-25-2026 22:49:06,0,0,eGFP4,WHEEL
3647,10:49 PM,04-25-2026,04-25-2026 22:49:07,0,0,eGFP4,WHEEL
3648,10:49 PM,04-25-2026,04-25-2026 22:49:08,0,0,eGFP4,WHEEL
3649,10:49 PM,04-25-2026,04-25-2026 22:49:11,0,0,eGFP4,WHEEL
3650,10:49 PM,04-25-2026,04-25-2026 22:49:11,0,0,eGFP4,WHEEL
3651,10:49 PM,04-25-2026,04-25-2026 22:49:12,0,0,eGFP4,WHEEL
3652,10:49 PM,04-25-2026,04-25-2026 22:49:13,0,0,eGFP4,WHEEL
3653,10:49 PM,04-25-2026,04-25-2026 22:49:14,0,0,eGFP4,WHEEL
3654,10:49 PM,04-25-2026,04-25-2026 22:49:16,0,0,eGFP4,WHEEL
3655,10:49 PM,04-25-2026,04-25-2026 22:49:17,0,0,eGFP4,WHEEL
3656,10:49 PM,04-25-2026,04-25-2026 22:49:17,0,0,eGFP4,WHEEL
3657,10:49 PM,04-25-2026,04-25-2026 22:49:18,0,0,eGFP4,WHEEL
3658,10:49 PM,04-25-2026,04-25-2026 22:49:18,0,0,eGFP4,WHEEL
3659,10:49 PM,04-25-2026,04-25-2026 22:49:20,0,0,eGFP4,WHEEL
3660,10:49 PM,04-25-2026,04-25-2026 22:49:20,0,0,eGFP4,WHEEL
3661,10:49 PM,04-25-2026,04-25-2026 22:49:21,0,0,eGFP4,WHEEL
3662,10:52 PM,04-25-2026,04-25-2026 22:52:24,0,0,eGFP4,WHEEL
3663,10:52 PM,04-25-2026,04-25-2026 22:52:25,0,0,eGFP4,WHEEL
3664,10:52 PM,04-25-2026,04-25-2026 22:52:26,0,0,eGFP4,WHEEL
3665,10:52 PM,04-25-2026,04-25-2026 22:52:28,0,0,eGFP4,WHEEL
3666,10:52 PM,04-25-2026,04-25-2026 22:52:31,0,0,eGFP4,WHEEL
3667,10:59 PM,04-25-2026,04-25-2026 22:59:02,0,0,eGFP4,WHEEL
3668,10:59 PM,04-25-2026,04-25-2026 22:59:04,0,0,eGFP4,WHEEL
3669,10:59 PM,04-25-2026,04-25-2026 22:59:07,0,0,eGFP4,WHEEL
3670,10:59 PM,04-25-2026,04-25-2026 22:59:08,0,0,eGFP4,WHEEL
3671,10:59 PM,04-25-2026,04-25-2026 22:59:09,0,0,eGFP4,WHEEL
3672,10:59 PM,04-25-2026,04-25-2026 22:59:10,0,0,eGFP4,WHEEL
3673,10:59 PM,04-25-2026,04-25-2026 22:59:11,0,0,eGFP4,WHEEL
3674,10:59 PM,04-25-2026,04-25-2026 22:59:12,0,0,eGFP4,WHEEL
3675,10:59 PM,04-25-2026,04-25-2026 22:59:15,0,0,eGFP4,WHEEL
3676,10:59 PM,04-25-2026,04-25-2026 22:59:30,0,0,eGFP4,WHEEL
3677,10:59 PM,04-25-2026,04-25-2026 22:59:31,0,0,eGFP4,WHEEL
3678,10:59 PM,04-25-2026,04-25-2026 22:59:32,0,0,eGFP4,WHEEL
3679,11:01 PM,04-25-2026,04-25-2026 23:01:04,0,0,eGFP4,WHEEL
3680,11:01 PM,04-25-2026,04-25-2026 23:01:05,0,0,eGFP4,WHEEL
3681,11:01 PM,04-25-2026,04-25-2026 23:01:06,0,0,eGFP4,WHEEL
3682,11:01 PM,04-25-2026,04-25-2026 23:01:11,0,0,eGFP4,WHEEL
3683,11:01 PM,04-25-2026,04-25-2026 23:01:12,0,0,eGFP4,WHEEL
3684,11:01 PM,04-25-2026,04-25-2026 23:01:13,0,0,eGFP4,WHEEL
3685,11:01 PM,04-25-2026,04-25-2026 23:01:14,0,0,eGFP4,WHEEL
3686,11:01 PM,04-25-2026,04-25-2026 23:01:14,0,0,eGFP4,WHEEL
3687,11:01 PM,04-25-2026,04-25-2026 23:01:17,0,0,eGFP4,WHEEL
3688,11:01 PM,04-25-2026,04-25-2026 23:01:54,0,0,eGFP4,WHEEL
3689,11:01 PM,04-25-2026,04-25-2026 23:01:55,0,0,eGFP4,WHEEL
3690,11:01 PM,04-25-2026,04-25-2026 23:01:55,0,0,eGFP4,WHEEL
3691,11:01 PM,04-25-2026,04-25-2026 23:01:59,0,0,eGFP4,WHEEL
3692,11:02 PM,04-25-2026,04-25-2026 23:02:00,0,0,eGFP4,WHEEL
3693,11:02 PM,04-25-2026,04-25-2026 23:02:15,0,0,eGFP4,WHEEL
3694,11:02 PM,04-25-2026,04-25-2026 23:02:15,0,0,eGFP4,WHEEL
3695,11:02 PM,04-25-2026,04-25-2026 23:02:17,0,0,eGFP4,WHEEL
3696,11:02 PM,04-25-2026,04-25-2026 23:02:18,0,0,eGFP4,WHEEL
3697,11:02 PM,04-25-2026,04-25-2026 23:02:20,0,0,eGFP4,WHEEL
3698,11:02 PM,04-25-2026,04-25-2026 23:02:21,0,0,eGFP4,WHEEL
3699,11:02 PM,04-25-2026,04-25-2026 23:02:22,0,0,eGFP4,WHEEL
3700,11:02 PM,04-25-2026,04-25-2026 23:02:23,0,0,eGFP4,WHEEL
3701,11:02 PM,04-25-2026,04-25-2026 23:02:24,0,0,eGFP4,WHEEL
3702,11:02 PM,04-25-2026,04-25-2026 23:02:32,0,0,eGFP4,WHEEL
3703,11:02 PM,04-25-2026,04-25-2026 23:02:33,0,0,eGFP4,WHEEL
3704,11:02 PM,04-25-2026,04-25-2026 23:02:33,0,0,eGFP4,WHEEL
3705,11:02 PM,04-25-2026,04-25-2026 23:02:35,0,0,eGFP4,WHEEL
3706,11:02 PM,04-25-2026,04-25-2026 23:02:36,0,0,eGFP4,WHEEL
3707,11:02 PM,04-25-2026,04-25-2026 23:02:37,0,0,eGFP4,WHEEL
3708,11:02 PM,04-25-2026,04-25-2026 23:02:38,0,0,eGFP4,WHEEL
3709,11:02 PM,04-25-2026,04-25-2026 23:02:43,0,0,eGFP4,WHEEL
3710,11:02 PM,04-25-2026,04-25-2026 23:02:46,0,0,eGFP4,WHEEL
3711,11:02 PM,04-25-2026,04-25-2026 23:02:47,0,0,eGFP4,WHEEL
3712,11:02 PM,04-25-2026,04-25-2026 23:02:47,0,0,eGFP4,WHEEL
3713,11:02 PM,04-25-2026,04-25-2026 23:02:48,0,0,eGFP4,WHEEL
3714,11:02 PM,04-25-2026,04-25-2026 23:02:50,0,0,eGFP4,WHEEL
3715,11:02 PM,04-25-2026,04-25-2026 23:02:50,0,0,eGFP4,WHEEL
3716,11:02 PM,04-25-2026,04-25-2026 23:02:51,0,0,eGFP4,WHEEL
3717,11:02 PM,04-25-2026,04-25-2026 23:02:53,0,0,eGFP4,WHEEL
3718,11:02 PM,04-25-2026,04-25-2026 23:02:54,0,0,eGFP4,WHEEL
3719,11:02 PM,04-25-2026,04-25-2026 23:02:55,0,0,eGFP4,WHEEL
3720,11:02 PM,04-25-2026,04-25-2026 23:02:56,0,0,eGFP4,WHEEL
3721,11:02 PM,04-25-2026,04-25-2026 23:02:56,0,0,eGFP4,WHEEL
3722,11:02 PM,04-25-2026,04-25-2026 23:02:57,0,0,eGFP4,WHEEL
3723,11:02 PM,04-25-2026,04-25-2026 23:02:58,0,0,eGFP4,WHEEL
3724,11:02 PM,04-25-2026,04-25-2026 23:02:59,0,0,eGFP4,WHEEL
3725,11:03 PM,04-25-2026,04-25-2026 23:03:00,0,0,eGFP4,WHEEL
3726,11:03 PM,04-25-2026,04-25-2026 23:03:02,0,0,eGFP4,WHEEL
3727,11:03 PM,04-25-2026,04-25-2026 23:03:03,0,0,eGFP4,WHEEL
3728,11:03 PM,04-25-2026,04-25-2026 23:03:03,0,0,eGFP4,WHEEL
3729,11:03 PM,04-25-2026,04-25-2026 23:03:04,0,0,eGFP4,WHEEL
3730,11:03 PM,04-25-2026,04-25-2026 23:03:05,0,0,eGFP4,WHEEL
3731,11:03 PM,04-25-2026,04-25-2026 23:03:06,0,0,eGFP4,WHEEL
3732,11:03 PM,04-25-2026,04-25-2026 23:03:09,0,0,eGFP4,WHEEL
3733,11:03 PM,04-25-2026,04-25-2026 23:03:10,0,0,eGFP4,WHEEL
3734,11:03 PM,04-25-2026,04-25-2026 23:03:10,0,0,eGFP4,WHEEL
3735,11:03 PM,04-25-2026,04-25-2026 23:03:13,0,0,eGFP4,WHEEL
3736,11:03 PM,04-25-2026,04-25-2026 23:03:14,0,0,eGFP4,WHEEL
3737,11:03 PM,04-25-2026,04-25-2026 23:03:14,0,0,eGFP4,WHEEL
3738,11:03 PM,04-25-2026,04-25-2026 23:03:17,0,0,eGFP4,WHEEL
3739,11:03 PM,04-25-2026,04-25-2026 23:03:19,0,0,eGFP4,WHEEL
3740,11:03 PM,04-25-2026,04-25-2026 23:03:20,0,0,eGFP4,WHEEL
3741,11:03 PM,04-25-2026,04-25-2026 23:03:21,0,0,eGFP4,WHEEL
3742,11:03 PM,04-25-2026,04-25-2026 23:03:21,0,0,eGFP4,WHEEL
3743,11:03 PM,04-25-2026,04-25-2026 23:03:22,0,0,eGFP4,WHEEL
3744,11:03 PM,04-25-2026,04-25-2026 23:03:23,0,0,eGFP4,WHEEL
3745,11:03 PM,04-25-2026,04-25-2026 23:03:24,0,0,eGFP4,WHEEL
3746,11:03 PM,04-25-2026,04-25-2026 23:03:25,0,0,eGFP4,WHEEL
3747,11:03 PM,04-25-2026,04-25-2026 23:03:32,0,0,eGFP4,WHEEL
3748,11:03 PM,04-25-2026,04-25-2026 23:03:33,0,0,eGFP4,WHEEL
3749,11:03 PM,04-25-2026,04-25-2026 23:03:38,0,0,eGFP4,WHEEL
3750,11:03 PM,04-25-2026,04-25-2026 23:03:39,0,0,eGFP4,WHEEL
3751,11:03 PM,04-25-2026,04-25-2026 23:03:49,0,0,eGFP4,WHEEL
3752,11:03 PM,04-25-2026,04-25-2026 23:03:49,0,0,eGFP4,WHEEL
3753,11:03 PM,04-25-2026,04-25-2026 23:03:50,0,0,eGFP4,WHEEL
3754,11:03 PM,04-25-2026,04-25-2026 23:03:50,0,0,eGFP4,WHEEL
3755,11:03 PM,04-25-2026,04-25-2026 23:03:52,0,0,eGFP4,WHEEL
3756,11:03 PM,04-25-2026,04-25-2026 23:03:52,0,0,eGFP4,WHEEL
3757,11:03 PM,04-25-2026,04-25-2026 23:03:53,0,0,eGFP4,WHEEL
3758,11:03 PM,04-25-2026,04-25-2026 23:03:56,0,0,eGFP4,WHEEL
3759,11:03 PM,04-25-2026,04-25-2026 23:03:56,0,0,eGFP4,WHEEL
3760,11:03 PM,04-25-2026,04-25-2026 23:03:58,0,0,eGFP4,WHEEL
3761,11:04 PM,04-25-2026,04-25-2026 23:04:01,0,0,eGFP4,WHEEL
3762,11:04 PM,04-25-2026,04-25-2026 23:04:03,0,0,eGFP4,WHEEL
3763,11:04 PM,04-25-2026,04-25-2026 23:04:03,0,0,eGFP4,WHEEL
3764,11:04 PM,04-25-2026,04-25-2026 23:04:04,0,0,eGFP4,WHEEL
3765,11:04 PM,04-25-2026,04-25-2026 23:04:05,0,0,eGFP4,WHEEL
3766,11:04 PM,04-25-2026,04-25-2026 23:04:06,0,0,eGFP4,WHEEL
3767,11:04 PM,04-25-2026,04-25-2026 23:04:07,0,0,eGFP4,WHEEL
3768,11:04 PM,04-25-2026,04-25-2026 23:04:07,0,0,eGFP4,WHEEL
3769,11:04 PM,04-25-2026,04-25-2026 23:04:09,0,0,eGFP4,WHEEL
3770,11:04 PM,04-25-2026,04-25-2026 23:04:10,0,0,eGFP4,WHEEL
3771,11:04 PM,04-25-2026,04-25-2026 23:04:10,0,0,eGFP4,WHEEL
3772,11:04 PM,04-25-2026,04-25-2026 23:04:11,0,0,eGFP4,WHEEL
3773,11:05 PM,04-25-2026,04-25-2026 23:05:27,0,0,eGFP4,WHEEL
3774,11:13 PM,04-25-2026,04-25-2026 23:13:38,0,0,eGFP4,WHEEL
3775,11:13 PM,04-25-2026,04-25-2026 23:13:40,0,0,eGFP4,WHEEL
3776,11:13 PM,04-25-2026,04-25-2026 23:13:45,0,0,eGFP4,WHEEL
3777,11:13 PM,04-25-2026,04-25-2026 23:13:46,0,0,eGFP4,WHEEL
3778,11:13 PM,04-25-2026,04-25-2026 23:13:48,0,0,eGFP4,WHEEL
3779,11:13 PM,04-25-2026,04-25-2026 23:13:48,0,0,eGFP4,WHEEL
3780,11:13 PM,04-25-2026,04-25-2026 23:13:51,0,0,eGFP4,WHEEL
3781,11:13 PM,04-25-2026,04-25-2026 23:13:52,0,0,eGFP4,WHEEL
3782,11:13 PM,04-25-2026,04-25-2026 23:13:53,0,0,eGFP4,WHEEL
3783,11:14 PM,04-25-2026,04-25-2026 23:14:06,0,0,eGFP4,WHEEL
3784,11:14 PM,04-25-2026,04-25-2026 23:14:07,0,0,eGFP4,WHEEL
3785,11:14 PM,04-25-2026,04-25-2026 23:14:08,0,0,eGFP4,WHEEL
3786,11:14 PM,04-25-2026,04-25-2026 23:14:10,0,0,eGFP4,WHEEL
3787,11:14 PM,04-25-2026,04-25-2026 23:14:12,0,0,eGFP4,WHEEL
3788,11:14 PM,04-25-2026,04-25-2026 23:14:14,0,0,eGFP4,WHEEL
3789,11:14 PM,04-25-2026,04-25-2026 23:14:16,0,0,eGFP4,WHEEL
3790,11:14 PM,04-25-2026,04-25-2026 23:14:17,0,0,eGFP4,WHEEL
3791,11:14 PM,04-25-2026,04-25-2026 23:14:18,0,0,eGFP4,WHEEL
3792,11:14 PM,04-25-2026,04-25-2026 23:14:18,0,0,eGFP4,WHEEL
3793,11:14 PM,04-25-2026,04-25-2026 23:14:19,0,0,eGFP4,WHEEL
3794,11:14 PM,04-25-2026,04-25-2026 23:14:20,0,0,eGFP4,WHEEL
3795,11:14 PM,04-25-2026,04-25-2026 23:14:21,0,0,eGFP4,WHEEL
3796,11:14 PM,04-25-2026,04-25-2026 23:14:23,0,0,eGFP4,WHEEL
3797,11:14 PM,04-25-2026,04-25-2026 23:14:23,0,0,eGFP4,WHEEL
3798,11:14 PM,04-25-2026,04-25-2026 23:14:30,0,0,eGFP4,WHEEL
3799,11:14 PM,04-25-2026,04-25-2026 23:14:30,0,0,eGFP4,WHEEL
3800,11:14 PM,04-25-2026,04-25-2026 23:14:35,0,0,eGFP4,WHEEL
3801,11:14 PM,04-25-2026,04-25-2026 23:14:36,0,0,eGFP4,WHEEL
3802,11:15 PM,04-25-2026,04-25-2026 23:15:20,0,0,eGFP4,WHEEL
3803,11:19 PM,04-25-2026,04-25-2026 23:19:54,0,0,eGFP4,WHEEL
3804,11:19 PM,04-25-2026,04-25-2026 23:19:55,0,0,eGFP4,WHEEL
3805,11:19 PM,04-25-2026,04-25-2026 23:19:55,0,0,eGFP4,WHEEL
3806,11:19 PM,04-25-2026,04-25-2026 23:19:59,0,0,eGFP4,WHEEL
3807,11:20 PM,04-25-2026,04-25-2026 23:20:00,0,0,eGFP4,WHEEL
3808,11:20 PM,04-25-2026,04-25-2026 23:20:03,0,0,eGFP4,WHEEL
3809,11:20 PM,04-25-2026,04-25-2026 23:20:03,0,0,eGFP4,WHEEL
3810,11:20 PM,04-25-2026,04-25-2026 23:20:05,0,0,eGFP4,WHEEL
3811,11:20 PM,04-25-2026,04-25-2026 23:20:06,0,0,eGFP4,WHEEL
3812,11:20 PM,04-25-2026,04-25-2026 23:20:07,0,0,eGFP4,WHEEL
3813,11:20 PM,04-25-2026,04-25-2026 23:20:08,0,0,eGFP4,WHEEL
3814,11:20 PM,04-25-2026,04-25-2026 23:20:10,0,0,eGFP4,WHEEL
3815,11:20 PM,04-25-2026,04-25-2026 23:20:10,0,0,eGFP4,WHEEL
3816,11:24 PM,04-25-2026,04-25-2026 23:24:22,0,0,eGFP4,WHEEL
3817,11:24 PM,04-25-2026,04-25-2026 23:24:22,0,0,eGFP4,WHEEL
3818,11:24 PM,04-25-2026,04-25-2026 23:24:23,0,0,eGFP4,WHEEL
3819,11:24 PM,04-25-2026,04-25-2026 23:24:23,0,0,eGFP4,WHEEL
3820,11:24 PM,04-25-2026,04-25-2026 23:24:24,0,0,eGFP4,WHEEL
3821,11:24 PM,04-25-2026,04-25-2026 23:24:26,0,0,eGFP4,WHEEL
3822,11:24 PM,04-25-2026,04-25-2026 23:24:27,0,0,eGFP4,WHEEL
3823,11:24 PM,04-25-2026,04-25-2026 23:24:28,0,0,eGFP4,WHEEL
3824,11:24 PM,04-25-2026,04-25-2026 23:24:29,0,0,eGFP4,WHEEL
3825,11:24 PM,04-25-2026,04-25-2026 23:24:30,0,0,eGFP4,WHEEL
3826,11:24 PM,04-25-2026,04-25-2026 23:24:30,0,0,eGFP4,WHEEL
3827,11:24 PM,04-25-2026,04-25-2026 23:24:31,0,0,eGFP4,WHEEL
3828,11:24 PM,04-25-2026,04-25-2026 23:24:32,0,0,eGFP4,WHEEL
3829,11:24 PM,04-25-2026,04-25-2026 23:24:33,0,0,eGFP4,WHEEL
3830,11:24 PM,04-25-2026,04-25-2026 23:24:34,0,0,eGFP4,WHEEL
3831,11:24 PM,04-25-2026,04-25-2026 23:24:35,0,0,eGFP4,WHEEL
3832,11:24 PM,04-25-2026,04-25-2026 23:24:36,0,0,eGFP4,WHEEL
3833,11:24 PM,04-25-2026,04-25-2026 23:24:37,0,0,eGFP4,WHEEL
3834,11:24 PM,04-25-2026,04-25-2026 23:24:53,0,0,eGFP4,WHEEL
3835,11:24 PM,04-25-2026,04-25-2026 23:24:53,0,0,eGFP4,WHEEL
3836,11:24 PM,04-25-2026,04-25-2026 23:24:54,0,0,eGFP4,WHEEL
3837,11:24 PM,04-25-2026,04-25-2026 23:24:55,0,0,eGFP4,WHEEL
3838,11:24 PM,04-25-2026,04-25-2026 23:24:56,0,0,eGFP4,WHEEL
3839,11:24 PM,04-25-2026,04-25-2026 23:24:57,0,0,eGFP4,WHEEL
3840,11:24 PM,04-25-2026,04-25-2026 23:24:58,0,0,eGFP4,WHEEL
3841,11:24 PM,04-25-2026,04-25-2026 23:24:59,0,0,eGFP4,WHEEL
3842,11:25 PM,04-25-2026,04-25-2026 23:25:00,0,0,eGFP4,WHEEL
3843,11:25 PM,04-25-2026,04-25-2026 23:25:26,0,0,eGFP4,WHEEL
3844,11:25 PM,04-25-2026,04-25-2026 23:25:41,0,0,eGFP4,WHEEL
3845,11:25 PM,04-25-2026,04-25-2026 23:25:42,0,0,eGFP4,WHEEL
3846,11:25 PM,04-25-2026,04-25-2026 23:25:43,0,0,eGFP4,WHEEL
3847,11:25 PM,04-25-2026,04-25-2026 23:25:44,0,0,eGFP4,WHEEL
3848,11:25 PM,04-25-2026,04-25-2026 23:25:45,0,0,eGFP4,WHEEL
3849,11:25 PM,04-25-2026,04-25-2026 23:25:46,0,0,eGFP4,WHEEL
3850,11:25 PM,04-25-2026,04-25-2026 23:25:47,0,0,eGFP4,WHEEL
3851,11:25 PM,04-25-2026,04-25-2026 23:25:49,0,0,eGFP4,WHEEL
3852,11:25 PM,04-25-2026,04-25-2026 23:25:50,0,0,eGFP4,WHEEL
3853,11:25 PM,04-25-2026,04-25-2026 23:25:51,0,0,eGFP4,WHEEL
3854,11:26 PM,04-25-2026,04-25-2026 23:26:00,0,0,eGFP4,WHEEL
3855,11:26 PM,04-25-2026,04-25-2026 23:26:03,0,0,eGFP4,WHEEL
3856,11:26 PM,04-25-2026,04-25-2026 23:26:04,0,0,eGFP4,WHEEL
3857,11:26 PM,04-25-2026,04-25-2026 23:26:05,0,0,eGFP4,WHEEL
3858,11:26 PM,04-25-2026,04-25-2026 23:26:06,0,0,eGFP4,WHEEL
3859,11:26 PM,04-25-2026,04-25-2026 23:26:07,0,0,eGFP4,WHEEL
3860,11:26 PM,04-25-2026,04-25-2026 23:26:08,0,0,eGFP4,WHEEL
3861,11:26 PM,04-25-2026,04-25-2026 23:26:08,0,0,eGFP4,WHEEL
3862,11:31 PM,04-25-2026,04-25-2026 23:31:23,0,0,eGFP4,WHEEL
3863,11:31 PM,04-25-2026,04-25-2026 23:31:31,0,0,eGFP4,WHEEL
3864,11:31 PM,04-25-2026,04-25-2026 23:31:38,0,0,eGFP4,WHEEL
3865,11:31 PM,04-25-2026,04-25-2026 23:31:39,0,0,eGFP4,WHEEL
3866,11:31 PM,04-25-2026,04-25-2026 23:31:40,0,0,eGFP4,WHEEL
3867,11:32 PM,04-25-2026,04-25-2026 23:32:10,0,0,eGFP4,WHEEL
3868,11:32 PM,04-25-2026,04-25-2026 23:32:16,0,0,eGFP4,WHEEL
3869,11:32 PM,04-25-2026,04-25-2026 23:32:16,0,0,eGFP4,WHEEL
3870,11:32 PM,04-25-2026,04-25-2026 23:32:19,0,0,eGFP4,WHEEL
3871,11:32 PM,04-25-2026,04-25-2026 23:32:20,0,0,eGFP4,WHEEL
3872,11:32 PM,04-25-2026,04-25-2026 23:32:22,0,0,eGFP4,WHEEL
3873,11:32 PM,04-25-2026,04-25-2026 23:32:23,0,0,eGFP4,WHEEL
3874,11:32 PM,04-25-2026,04-25-2026 23:32:25,0,0,eGFP4,WHEEL
3875,11:32 PM,04-25-2026,04-25-2026 23:32:26,0,0,eGFP4,WHEEL
3876,11:32 PM,04-25-2026,04-25-2026 23:32:27,0,0,eGFP4,WHEEL
3877,11:32 PM,04-25-2026,04-25-2026 23:32:28,0,0,eGFP4,WHEEL
3878,11:32 PM,04-25-2026,04-25-2026 23:32:30,0,0,eGFP4,WHEEL
3879,11:32 PM,04-25-2026,04-25-2026 23:32:33,0,0,eGFP4,WHEEL
3880,11:32 PM,04-25-2026,04-25-2026 23:32:35,0,0,eGFP4,WHEEL
3881,11:32 PM,04-25-2026,04-25-2026 23:32:40,0,0,eGFP4,WHEEL
3882,11:32 PM,04-25-2026,04-25-2026 23:32:41,0,0,eGFP4,WHEEL
3883,11:32 PM,04-25-2026,04-25-2026 23:32:42,0,0,eGFP4,WHEEL
3884,11:32 PM,04-25-2026,04-25-2026 23:32:42,0,0,eGFP4,WHEEL
3885,11:32 PM,04-25-2026,04-25-2026 23:32:45,0,0,eGFP4,WHEEL
3886,11:32 PM,04-25-2026,04-25-2026 23:32:46,0,0,eGFP4,WHEEL
3887,11:32 PM,04-25-2026,04-25-2026 23:32:47,0,0,eGFP4,WHEEL
3888,11:32 PM,04-25-2026,04-25-2026 23:32:48,0,0,eGFP4,WHEEL
3889,11:32 PM,04-25-2026,04-25-2026 23:32:49,0,0,eGFP4,WHEEL
3890,11:32 PM,04-25-2026,04-25-2026 23:32:50,0,0,eGFP4,WHEEL
3891,11:32 PM,04-25-2026,04-25-2026 23:32:52,0,0,eGFP4,WHEEL
3892,11:32 PM,04-25-2026,04-25-2026 23:32:53,0,0,eGFP4,WHEEL
3893,11:32 PM,04-25-2026,04-25-2026 23:32:54,0,0,eGFP4,WHEEL
3894,11:32 PM,04-25-2026,04-25-2026 23:32:55,0,0,eGFP4,WHEEL
3895,11:32 PM,04-25-2026,04-25-2026 23:32:55,0,0,eGFP4,WHEEL
3896,11:32 PM,04-25-2026,04-25-2026 23:32:56,0,0,eGFP4,WHEEL
3897,11:32 PM,04-25-2026,04-25-2026 23:32:58,0,0,eGFP4,WHEEL
3898,11:32 PM,04-25-2026,04-25-2026 23:32:58,0,0,eGFP4,WHEEL
3899,11:32 PM,04-25-2026,04-25-2026 23:32:59,0,0,eGFP4,WHEEL
3900,11:33 PM,04-25-2026,04-25-2026 23:33:03,0,0,eGFP4,WHEEL
3901,11:33 PM,04-25-2026,04-25-2026 23:33:04,0,0,eGFP4,WHEEL
3902,11:33 PM,04-25-2026,04-25-2026 23:33:06,0,0,eGFP4,WHEEL
3903,11:33 PM,04-25-2026,04-25-2026 23:33:13,0,0,eGFP4,WHEEL
3904,11:33 PM,04-25-2026,04-25-2026 23:33:13,0,0,eGFP4,WHEEL
3905,11:33 PM,04-25-2026,04-25-2026 23:33:14,0,0,eGFP4,WHEEL
3906,11:33 PM,04-25-2026,04-25-2026 23:33:15,0,0,eGFP4,WHEEL
3907,11:33 PM,04-25-2026,04-25-2026 23:33:18,0,0,eGFP4,WHEEL
3908,11:33 PM,04-25-2026,04-25-2026 23:33:21,0,0,eGFP4,WHEEL
3909,11:33 PM,04-25-2026,04-25-2026 23:33:23,0,0,eGFP4,WHEEL
3910,11:33 PM,04-25-2026,04-25-2026 23:33:26,0,0,eGFP4,WHEEL
3911,11:33 PM,04-25-2026,04-25-2026 23:33:27,0,0,eGFP4,WHEEL
3912,11:33 PM,04-25-2026,04-25-2026 23:33:28,0,0,eGFP4,WHEEL
3913,11:33 PM,04-25-2026,04-25-2026 23:33:29,0,0,eGFP4,WHEEL
3914,11:33 PM,04-25-2026,04-25-2026 23:33:30,0,0,eGFP4,WHEEL
3915,11:33 PM,04-25-2026,04-25-2026 23:33:31,0,0,eGFP4,WHEEL
3916,11:33 PM,04-25-2026,04-25-2026 23:33:32,0,0,eGFP4,WHEEL
3917,11:33 PM,04-25-2026,04-25-2026 23:33:32,0,0,eGFP4,WHEEL
3918,11:33 PM,04-25-2026,04-25-2026 23:33:33,0,0,eGFP4,WHEEL
3919,11:33 PM,04-25-2026,04-25-2026 23:33:34,0,0,eGFP4,WHEEL
3920,11:33 PM,04-25-2026,04-25-2026 23:33:35,0,0,eGFP4,WHEEL
3921,11:33 PM,04-25-2026,04-25-2026 23:33:37,0,0,eGFP4,WHEEL
3922,11:33 PM,04-25-2026,04-25-2026 23:33:39,0,0,eGFP4,WHEEL
3923,11:33 PM,04-25-2026,04-25-2026 23:33:47,0,0,eGFP4,WHEEL
3924,11:33 PM,04-25-2026,04-25-2026 23:33:52,0,0,eGFP4,WHEEL
3925,11:33 PM,04-25-2026,04-25-2026 23:33:53,0,0,eGFP4,WHEEL
3926,11:33 PM,04-25-2026,04-25-2026 23:33:53,0,0,eGFP4,WHEEL
3927,11:33 PM,04-25-2026,04-25-2026 23:33:55,0,0,eGFP4,WHEEL
3928,11:33 PM,04-25-2026,04-25-2026 23:33:55,0,0,eGFP4,WHEEL
3929,11:33 PM,04-25-2026,04-25-2026 23:33:56,0,0,eGFP4,WHEEL
3930,11:33 PM,04-25-2026,04-25-2026 23:33:59,0,0,eGFP4,WHEEL
3931,11:34 PM,04-25-2026,04-25-2026 23:34:00,0,0,eGFP4,WHEEL
3932,11:34 PM,04-25-2026,04-25-2026 23:34:00,0,0,eGFP4,WHEEL
3933,11:34 PM,04-25-2026,04-25-2026 23:34:03,0,0,eGFP4,WHEEL
3934,11:34 PM,04-25-2026,04-25-2026 23:34:03,0,0,eGFP4,WHEEL
3935,11:34 PM,04-25-2026,04-25-2026 23:34:04,0,0,eGFP4,WHEEL
3936,11:34 PM,04-25-2026,04-25-2026 23:34:05,0,0,eGFP4,WHEEL
3937,11:34 PM,04-25-2026,04-25-2026 23:34:10,0,0,eGFP4,WHEEL
3938,11:34 PM,04-25-2026,04-25-2026 23:34:11,0,0,eGFP4,WHEEL
3939,11:34 PM,04-25-2026,04-25-2026 23:34:11,0,0,eGFP4,WHEEL
3940,11:34 PM,04-25-2026,04-25-2026 23:34:11,0,0,eGFP4,WHEEL
3941,11:34 PM,04-25-2026,04-25-2026 23:34:21,0,0,eGFP4,WHEEL
3942,11:34 PM,04-25-2026,04-25-2026 23:34:25,0,0,eGFP4,WHEEL
3943,11:34 PM,04-25-2026,04-25-2026 23:34:33,0,0,eGFP4,WHEEL
3944,11:34 PM,04-25-2026,04-25-2026 23:34:37,0,0,eGFP4,WHEEL
3945,11:34 PM,04-25-2026,04-25-2026 23:34:40,0,0,eGFP4,WHEEL
3946,11:34 PM,04-25-2026,04-25-2026 23:34:45,0,0,eGFP4,WHEEL
3947,11:34 PM,04-25-2026,04-25-2026 23:34:45,0,0,eGFP4,WHEEL
3948,11:34 PM,04-25-2026,04-25-2026 23:34:46,0,0,eGFP4,WHEEL
3949,11:34 PM,04-25-2026,04-25-2026 23:34:48,0,0,eGFP4,WHEEL
3950,11:34 PM,04-25-2026,04-25-2026 23:34:49,0,0,eGFP4,WHEEL
3951,11:34 PM,04-25-2026,04-25-2026 23:34:49,0,0,eGFP4,WHEEL
3952,11:34 PM,04-25-2026,04-25-2026 23:34:50,0,0,eGFP4,WHEEL
3953,11:34 PM,04-25-2026,04-25-2026 23:34:51,0,0,eGFP4,WHEEL
3954,11:34 PM,04-25-2026,04-25-2026 23:34:53,0,0,eGFP4,WHEEL
3955,11:34 PM,04-25-2026,04-25-2026 23:34:53,0,0,eGFP4,WHEEL
3956,11:34 PM,04-25-2026,04-25-2026 23:34:54,0,0,eGFP4,WHEEL
3957,11:34 PM,04-25-2026,04-25-2026 23:34:55,0,0,eGFP4,WHEEL
3958,11:34 PM,04-25-2026,04-25-2026 23:34:56,0,0,eGFP4,WHEEL
3959,11:34 PM,04-25-2026,04-25-2026 23:34:56,0,0,eGFP4,WHEEL
3960,11:35 PM,04-25-2026,04-25-2026 23:35:00,0,0,eGFP4,WHEEL
3961,11:35 PM,04-25-2026,04-25-2026 23:35:00,0,0,eGFP4,WHEEL
3962,11:35 PM,04-25-2026,04-25-2026 23:35:05,0,0,eGFP4,WHEEL
3963,11:35 PM,04-25-2026,04-25-2026 23:35:05,0,0,eGFP4,WHEEL
3964,11:35 PM,04-25-2026,04-25-2026 23:35:06,0,0,eGFP4,WHEEL
3965,11:35 PM,04-25-2026,04-25-2026 23:35:07,0,0,eGFP4,WHEEL
3966,11:35 PM,04-25-2026,04-25-2026 23:35:08,0,0,eGFP4,WHEEL
3967,11:35 PM,04-25-2026,04-25-2026 23:35:08,0,0,eGFP4,WHEEL
3968,11:35 PM,04-25-2026,04-25-2026 23:35:10,0,0,eGFP4,WHEEL
3969,11:35 PM,04-25-2026,04-25-2026 23:35:10,0,0,eGFP4,WHEEL
3970,11:35 PM,04-25-2026,04-25-2026 23:35:14,0,0,eGFP4,WHEEL
3971,11:35 PM,04-25-2026,04-25-2026 23:35:15,0,0,eGFP4,WHEEL
3972,11:35 PM,04-25-2026,04-25-2026 23:35:15,0,0,eGFP4,WHEEL
3973,11:35 PM,04-25-2026,04-25-2026 23:35:16,0,0,eGFP4,WHEEL
3974,11:35 PM,04-25-2026,04-25-2026 23:35:17,0,0,eGFP4,WHEEL
3975,11:35 PM,04-25-2026,04-25-2026 23:35:18,0,0,eGFP4,WHEEL
3976,11:35 PM,04-25-2026,04-25-2026 23:35:19,0,0,eGFP4,WHEEL
3977,11:35 PM,04-25-2026,04-25-2026 23:35:19,0,0,eGFP4,WHEEL
3978,11:36 PM,04-25-2026,04-25-2026 23:36:18,0,0,eGFP4,WHEEL
3979,11:36 PM,04-25-2026,04-25-2026 23:36:18,0,0,eGFP4,WHEEL
3980,11:47 PM,04-25-2026,04-25-2026 23:47:36,0,0,eGFP4,WHEEL
3981,11:47 PM,04-25-2026,04-25-2026 23:47:38,0,0,eGFP4,WHEEL
3982,11:47 PM,04-25-2026,04-25-2026 23:47:39,0,0,eGFP4,WHEEL
3983,11:47 PM,04-25-2026,04-25-2026 23:47:44,0,0,eGFP4,WHEEL
3984,11:47 PM,04-25-2026,04-25-2026 23:47:45,0,0,eGFP4,WHEEL
3985,11:47 PM,04-25-2026,04-25-2026 23:47:47,0,0,eGFP4,WHEEL
3986,11:47 PM,04-25-2026,04-25-2026 23:47:48,0,0,eGFP4,WHEEL
3987,11:47 PM,04-25-2026,04-25-2026 23:47:49,0,0,eGFP4,WHEEL
3988,11:47 PM,04-25-2026,04-25-2026 23:47:54,0,0,eGFP4,WHEEL
3989,11:47 PM,04-25-2026,04-25-2026 23:47:56,0,0,eGFP4,WHEEL
3990,11:47 PM,04-25-2026,04-25-2026 23:47:57,0,0,eGFP4,WHEEL
3991,11:49 PM,04-25-2026,04-25-2026 23:49:59,0,0,eGFP4,WHEEL
3992,11:50 PM,04-25-2026,04-25-2026 23:50:01,0,0,eGFP4,WHEEL
3993,11:50 PM,04-25-2026,04-25-2026 23:50:02,0,0,eGFP4,WHEEL
3994,11:51 PM,04-25-2026,04-25-2026 23:51:59,0,0,eGFP4,WHEEL
3995,11:52 PM,04-25-2026,04-25-2026 23:52:00,0,0,eGFP4,WHEEL
3996,11:52 PM,04-25-2026,04-25-2026 23:52:01,0,0,eGFP4,WHEEL
3997,11:52 PM,04-25-2026,04-25-2026 23:52:24,0,0,eGFP4,WHEEL
3998,11:52 PM,04-25-2026,04-25-2026 23:52:27,0,0,eGFP4,WHEEL
3999,11:52 PM,04-25-2026,04-25-2026 23:52:28,0,0,eGFP4,WHEEL
4000,11:52 PM,04-25-2026,04-25-2026 23:52:29,0,0,eGFP4,WHEEL
4001,11:58 PM,04-25-2026,04-25-2026 23:58:23,0,0,eGFP4,WHEEL
4002,11:58 PM,04-25-2026,04-25-2026 23:58:25,0,0,eGFP4,WHEEL
4003,11:58 PM,04-25-2026,04-25-2026 23:58:28,0,0,eGFP4,WHEEL
4004,11:58 PM,04-25-2026,04-25-2026 23:58:29,0,0,eGFP4,WHEEL
4005,11:58 PM,04-25-2026,04-25-2026 23:58:35,0,0,eGFP4,WHEEL
4006,11:58 PM,04-25-2026,04-25-2026 23:58:36,0,0,eGFP4,WHEEL
4007,11:58 PM,04-25-2026,04-25-2026 23:58:37,0,0,eGFP4,WHEEL
4008,11:58 PM,04-25-2026,04-25-2026 23:58:38,0,0,eGFP4,WHEEL
4009,11:58 PM,04-25-2026,04-25-2026 23:58:40,0,0,eGFP4,WHEEL
4010,11:58 PM,04-25-2026,04-25-2026 23:58:42,0,0,eGFP4,WHEEL
4011,11:58 PM,04-25-2026,04-25-2026 23:58:48,0,0,eGFP4,WHEEL
4012,11:58 PM,04-25-2026,04-25-2026 23:58:50,0,0,eGFP4,WHEEL
4013,11:58 PM,04-25-2026,04-25-2026 23:58:51,0,0,eGFP4,WHEEL
4014,11:58 PM,04-25-2026,04-25-2026 23:58:53,0,0,eGFP4,WHEEL
4015,11:58 PM,04-25-2026,04-25-2026 23:58:54,0,0,eGFP4,WHEEL
4016,11:58 PM,04-25-2026,04-25-2026 23:58:55,0,0,eGFP4,WHEEL
4017,11:58 PM,04-25-2026,04-25-2026 23:58:59,0,0,eGFP4,WHEEL
4018,11:59 PM,04-25-2026,04-25-2026 23:59:00,0,0,eGFP4,WHEEL
4019,11:59 PM,04-25-2026,04-25-2026 23:59:02,0,0,eGFP4,WHEEL
4020,11:59 PM,04-25-2026,04-25-2026 23:59:04,0,0,eGFP4,WHEEL
4021,11:59 PM,04-25-2026,04-25-2026 23:59:05,0,0,eGFP4,WHEEL
4022,11:59 PM,04-25-2026,04-25-2026 23:59:05,0,0,eGFP4,WHEEL
4023,11:59 PM,04-25-2026,04-25-2026 23:59:06,0,0,eGFP4,WHEEL
4024,11:59 PM,04-25-2026,04-25-2026 23:59:07,0,0,eGFP4,WHEEL
4025,11:59 PM,04-25-2026,04-25-2026 23:59:13,0,0,eGFP4,WHEEL
4026,11:59 PM,04-25-2026,04-25-2026 23:59:14,0,0,eGFP4,WHEEL
4027,11:59 PM,04-25-2026,04-25-2026 23:59:14,0,0,eGFP4,WHEEL
4028,11:59 PM,04-25-2026,04-25-2026 23:59:15,0,0,eGFP4,WHEEL
4029,12:01 AM,04-26-2026,04-26-2026 00:01:11,0,0,eGFP4,WHEEL
4030,12:01 AM,04-26-2026,04-26-2026 00:01:13,0,0,eGFP4,WHEEL
4031,12:01 AM,04-26-2026,04-26-2026 00:01:34,0,0,eGFP4,WHEEL
4032,12:01 AM,04-26-2026,04-26-2026 00:01:51,0,0,eGFP4,WHEEL
4033,12:01 AM,04-26-2026,04-26-2026 00:01:52,0,0,eGFP4,WHEEL
4034,12:01 AM,04-26-2026,04-26-2026 00:01:53,0,0,eGFP4,WHEEL
4035,12:01 AM,04-26-2026,04-26-2026 00:01:54,0,0,eGFP4,WHEEL
4036,12:01 AM,04-26-2026,04-26-2026 00:01:56,0,0,eGFP4,WHEEL
4037,12:01 AM,04-26-2026,04-26-2026 00:01:57,0,0,eGFP4,WHEEL
4038,12:01 AM,04-26-2026,04-26-2026 00:01:58,0,0,eGFP4,WHEEL
4039,12:01 AM,04-26-2026,04-26-2026 00:01:58,0,0,eGFP4,WHEEL
4040,12:01 AM,04-26-2026,04-26-2026 00:01:59,0,0,eGFP4,WHEEL
4041,12:02 AM,04-26-2026,04-26-2026 00:02:01,0,0,eGFP4,WHEEL
4042,12:02 AM,04-26-2026,04-26-2026 00:02:09,0,0,eGFP4,WHEEL
4043,12:02 AM,04-26-2026,04-26-2026 00:02:15,0,0,eGFP4,WHEEL
4044,12:02 AM,04-26-2026,04-26-2026 00:02:17,0,0,eGFP4,WHEEL
4045,12:02 AM,04-26-2026,04-26-2026 00:02:27,0,0,eGFP4,WHEEL
4046,12:02 AM,04-26-2026,04-26-2026 00:02:28,0,0,eGFP4,WHEEL
4047,12:02 AM,04-26-2026,04-26-2026 00:02:29,0,0,eGFP4,WHEEL
4048,12:02 AM,04-26-2026,04-26-2026 00:02:31,0,0,eGFP4,WHEEL
4049,12:02 AM,04-26-2026,04-26-2026 00:02:32,0,0,eGFP4,WHEEL
4050,12:02 AM,04-26-2026,04-26-2026 00:02:48,0,0,eGFP4,WHEEL
4051,12:02 AM,04-26-2026,04-26-2026 00:02:50,0,0,eGFP4,WHEEL
4052,12:02 AM,04-26-2026,04-26-2026 00:02:51,0,0,eGFP4,WHEEL
4053,12:02 AM,04-26-2026,04-26-2026 00:02:52,0,0,eGFP4,WHEEL
4054,12:02 AM,04-26-2026,04-26-2026 00:02:53,0,0,eGFP4,WHEEL
4055,12:02 AM,04-26-2026,04-26-2026 00:02:54,0,0,eGFP4,WHEEL
4056,12:02 AM,04-26-2026,04-26-2026 00:02:56,0,0,eGFP4,WHEEL
4057,12:02 AM,04-26-2026,04-26-2026 00:02:57,0,0,eGFP4,WHEEL
4058,12:02 AM,04-26-2026,04-26-2026 00:02:58,0,0,eGFP4,WHEEL
4059,12:02 AM,04-26-2026,04-26-2026 00:02:58,0,0,eGFP4,WHEEL
4060,12:02 AM,04-26-2026,04-26-2026 00:02:59,0,0,eGFP4,WHEEL
4061,12:03 AM,04-26-2026,04-26-2026 00:03:00,0,0,eGFP4,WHEEL
4062,12:03 AM,04-26-2026,04-26-2026 00:03:01,0,0,eGFP4,WHEEL
4063,12:03 AM,04-26-2026,04-26-2026 00:03:05,0,0,eGFP4,WHEEL
4064,12:03 AM,04-26-2026,04-26-2026 00:03:08,0,0,eGFP4,WHEEL
4065,12:03 AM,04-26-2026,04-26-2026 00:03:09,0,0,eGFP4,WHEEL
4066,12:03 AM,04-26-2026,04-26-2026 00:03:13,0,0,eGFP4,WHEEL
4067,12:03 AM,04-26-2026,04-26-2026 00:03:14,0,0,eGFP4,WHEEL
4068,12:03 AM,04-26-2026,04-26-2026 00:03:14,0,0,eGFP4,WHEEL
4069,12:03 AM,04-26-2026,04-26-2026 00:03:15,0,0,eGFP4,WHEEL
4070,12:03 AM,04-26-2026,04-26-2026 00:03:16,0,0,eGFP4,WHEEL
4071,12:03 AM,04-26-2026,04-26-2026 00:03:17,0,0,eGFP4,WHEEL
4072,12:03 AM,04-26-2026,04-26-2026 00:03:18,0,0,eGFP4,WHEEL
4073,12:03 AM,04-26-2026,04-26-2026 00:03:19,0,0,eGFP4,WHEEL
4074,12:03 AM,04-26-2026,04-26-2026 00:03:20,0,0,eGFP4,WHEEL
4075,12:03 AM,04-26-2026,04-26-2026 00:03:20,0,0,eGFP4,WHEEL
4076,12:03 AM,04-26-2026,04-26-2026 00:03:20,0,0,eGFP4,WHEEL
4077,12:03 AM,04-26-2026,04-26-2026 00:03:21,0,0,eGFP4,WHEEL
4078,12:03 AM,04-26-2026,04-26-2026 00:03:22,0,0,eGFP4,WHEEL
4079,12:03 AM,04-26-2026,04-26-2026 00:03:22,0,0,eGFP4,WHEEL
4080,12:03 AM,04-26-2026,04-26-2026 00:03:23,0,0,eGFP4,WHEEL
4081,12:03 AM,04-26-2026,04-26-2026 00:03:25,0,0,eGFP4,WHEEL
4082,12:03 AM,04-26-2026,04-26-2026 00:03:26,0,0,eGFP4,WHEEL
4083,12:03 AM,04-26-2026,04-26-2026 00:03:27,0,0,eGFP4,WHEEL
4084,12:03 AM,04-26-2026,04-26-2026 00:03:27,0,0,eGFP4,WHEEL
4085,12:03 AM,04-26-2026,04-26-2026 00:03:29,0,0,eGFP4,WHEEL
4086,12:03 AM,04-26-2026,04-26-2026 00:03:29,0,0,eGFP4,WHEEL
4087,12:03 AM,04-26-2026,04-26-2026 00:03:30,0,0,eGFP4,WHEEL
4088,12:03 AM,04-26-2026,04-26-2026 00:03:30,0,0,eGFP4,WHEEL
4089,12:03 AM,04-26-2026,04-26-2026 00:03:31,0,0,eGFP4,WHEEL
4090,12:03 AM,04-26-2026,04-26-2026 00:03:31,0,0,eGFP4,WHEEL
4091,12:03 AM,04-26-2026,04-26-2026 00:03:32,0,0,eGFP4,WHEEL
4092,12:03 AM,04-26-2026,04-26-2026 00:03:32,0,0,eGFP4,WHEEL
4093,12:03 AM,04-26-2026,04-26-2026 00:03:33,0,0,eGFP4,WHEEL
4094,12:03 AM,04-26-2026,04-26-2026 00:03:33,0,0,eGFP4,WHEEL
4095,12:03 AM,04-26-2026,04-26-2026 00:03:34,0,0,eGFP4,WHEEL
4096,12:03 AM,04-26-2026,04-26-2026 00:03:35,0,0,eGFP4,WHEEL
4097,12:03 AM,04-26-2026,04-26-2026 00:03:36,0,0,eGFP4,WHEEL
4098,12:03 AM,04-26-2026,04-26-2026 00:03:36,0,0,eGFP4,WHEEL
4099,12:03 AM,04-26-2026,04-26-2026 00:03:37,0,0,eGFP4,WHEEL
4100,12:03 AM,04-26-2026,04-26-2026 00:03:37,0,0,eGFP4,WHEEL
4101,12:03 AM,04-26-2026,04-26-2026 00:03:38,0,0,eGFP4,WHEEL
4102,12:03 AM,04-26-2026,04-26-2026 00:03:39,0,0,eGFP4,WHEEL
4103,12:03 AM,04-26-2026,04-26-2026 00:03:41,0,0,eGFP4,WHEEL
4104,12:03 AM,04-26-2026,04-26-2026 00:03:42,0,0,eGFP4,WHEEL
4105,12:03 AM,04-26-2026,04-26-2026 00:03:43,0,0,eGFP4,WHEEL
4106,12:03 AM,04-26-2026,04-26-2026 00:03:45,0,0,eGFP4,WHEEL
4107,12:04 AM,04-26-2026,04-26-2026 00:04:29,0,0,eGFP4,WHEEL
4108,12:04 AM,04-26-2026,04-26-2026 00:04:46,0,0,eGFP4,WHEEL
4109,12:05 AM,04-26-2026,04-26-2026 00:05:35,0,0,eGFP4,WHEEL
4110,12:05 AM,04-26-2026,04-26-2026 00:05:36,0,0,eGFP4,WHEEL
4111,12:05 AM,04-26-2026,04-26-2026 00:05:44,0,0,eGFP4,WHEEL
4112,12:05 AM,04-26-2026,04-26-2026 00:05:45,0,0,eGFP4,WHEEL
4113,12:05 AM,04-26-2026,04-26-2026 00:05:46,0,0,eGFP4,WHEEL
4114,12:05 AM,04-26-2026,04-26-2026 00:05:51,0,0,eGFP4,WHEEL
4115,12:05 AM,04-26-2026,04-26-2026 00:05:53,0,0,eGFP4,WHEEL
4116,12:05 AM,04-26-2026,04-26-2026 00:05:53,0,0,eGFP4,WHEEL
4117,12:05 AM,04-26-2026,04-26-2026 00:05:56,0,0,eGFP4,WHEEL
4118,12:05 AM,04-26-2026,04-26-2026 00:05:57,0,0,eGFP4,WHEEL
4119,12:05 AM,04-26-2026,04-26-2026 00:05:59,0,0,eGFP4,WHEEL
4120,12:06 AM,04-26-2026,04-26-2026 00:06:01,0,0,eGFP4,WHEEL
4121,12:06 AM,04-26-2026,04-26-2026 00:06:02,0,0,eGFP4,WHEEL
4122,12:06 AM,04-26-2026,04-26-2026 00:06:03,0,0,eGFP4,WHEEL
4123,12:06 AM,04-26-2026,04-26-2026 00:06:03,0,0,eGFP4,WHEEL
4124,12:06 AM,04-26-2026,04-26-2026 00:06:04,0,0,eGFP4,WHEEL
4125,12:06 AM,04-26-2026,04-26-2026 00:06:05,0,0,eGFP4,WHEEL
4126,12:06 AM,04-26-2026,04-26-2026 00:06:05,0,0,eGFP4,WHEEL
4127,12:06 AM,04-26-2026,04-26-2026 00:06:06,0,0,eGFP4,WHEEL
4128,12:06 AM,04-26-2026,04-26-2026 00:06:07,0,0,eGFP4,WHEEL
4129,12:06 AM,04-26-2026,04-26-2026 00:06:09,0,0,eGFP4,WHEEL
4130,12:06 AM,04-26-2026,04-26-2026 00:06:11,0,0,eGFP4,WHEEL
4131,12:06 AM,04-26-2026,04-26-2026 00:06:12,0,0,eGFP4,WHEEL
4132,12:06 AM,04-26-2026,04-26-2026 00:06:13,0,0,eGFP4,WHEEL
4133,12:06 AM,04-26-2026,04-26-2026 00:06:13,0,0,eGFP4,WHEEL
4134,12:06 AM,04-26-2026,04-26-2026 00:06:15,0,0,eGFP4,WHEEL
4135,12:06 AM,04-26-2026,04-26-2026 00:06:15,0,0,eGFP4,WHEEL
4136,12:06 AM,04-26-2026,04-26-2026 00:06:16,0,0,eGFP4,WHEEL
4137,12:06 AM,04-26-2026,04-26-2026 00:06:17,0,0,eGFP4,WHEEL
4138,12:06 AM,04-26-2026,04-26-2026 00:06:18,0,0,eGFP4,WHEEL
4139,12:06 AM,04-26-2026,04-26-2026 00:06:19,0,0,eGFP4,WHEEL
4140,12:06 AM,04-26-2026,04-26-2026 00:06:20,0,0,eGFP4,WHEEL
4141,12:06 AM,04-26-2026,04-26-2026 00:06:20,0,0,eGFP4,WHEEL
4142,12:06 AM,04-26-2026,04-26-2026 00:06:21,0,0,eGFP4,WHEEL
4143,12:06 AM,04-26-2026,04-26-2026 00:06:21,0,0,eGFP4,WHEEL
4144,12:06 AM,04-26-2026,04-26-2026 00:06:22,0,0,eGFP4,WHEEL
4145,12:06 AM,04-26-2026,04-26-2026 00:06:22,0,0,eGFP4,WHEEL
4146,12:06 AM,04-26-2026,04-26-2026 00:06:23,0,0,eGFP4,WHEEL
4147,12:06 AM,04-26-2026,04-26-2026 00:06:23,0,0,eGFP4,WHEEL
4148,12:06 AM,04-26-2026,04-26-2026 00:06:25,0,0,eGFP4,WHEEL
4149,12:06 AM,04-26-2026,04-26-2026 00:06:25,0,0,eGFP4,WHEEL
4150,12:06 AM,04-26-2026,04-26-2026 00:06:26,0,0,eGFP4,WHEEL
4151,12:06 AM,04-26-2026,04-26-2026 00:06:26,0,0,eGFP4,WHEEL
4152,12:06 AM,04-26-2026,04-26-2026 00:06:27,0,0,eGFP4,WHEEL
4153,12:06 AM,04-26-2026,04-26-2026 00:06:27,0,0,eGFP4,WHEEL
4154,12:06 AM,04-26-2026,04-26-2026 00:06:28,0,0,eGFP4,WHEEL
4155,12:06 AM,04-26-2026,04-26-2026 00:06:29,0,0,eGFP4,WHEEL
4156,12:06 AM,04-26-2026,04-26-2026 00:06:29,0,0,eGFP4,WHEEL
4157,12:06 AM,04-26-2026,04-26-2026 00:06:30,0,0,eGFP4,WHEEL
4158,12:06 AM,04-26-2026,04-26-2026 00:06:30,0,0,eGFP4,WHEEL
4159,12:06 AM,04-26-2026,04-26-2026 00:06:31,0,0,eGFP4,WHEEL
4160,12:06 AM,04-26-2026,04-26-2026 00:06:31,0,0,eGFP4,WHEEL
4161,12:06 AM,04-26-2026,04-26-2026 00:06:32,0,0,eGFP4,WHEEL
4162,12:06 AM,04-26-2026,04-26-2026 00:06:33,0,0,eGFP4,WHEEL
4163,12:06 AM,04-26-2026,04-26-2026 00:06:33,0,0,eGFP4,WHEEL
4164,12:06 AM,04-26-2026,04-26-2026 00:06:34,0,0,eGFP4,WHEEL
4165,12:06 AM,04-26-2026,04-26-2026 00:06:35,0,0,eGFP4,WHEEL
4166,12:06 AM,04-26-2026,04-26-2026 00:06:36,0,0,eGFP4,WHEEL
4167,12:06 AM,04-26-2026,04-26-2026 00:06:36,0,0,eGFP4,WHEEL
4168,12:06 AM,04-26-2026,04-26-2026 00:06:37,0,0,eGFP4,WHEEL
4169,12:06 AM,04-26-2026,04-26-2026 00:06:42,0,0,eGFP4,WHEEL
4170,12:06 AM,04-26-2026,04-26-2026 00:06:43,0,0,eGFP4,WHEEL
4171,12:07 AM,04-26-2026,04-26-2026 00:07:04,0,0,eGFP4,WHEEL
4172,12:07 AM,04-26-2026,04-26-2026 00:07:05,0,0,eGFP4,WHEEL
4173,12:07 AM,04-26-2026,04-26-2026 00:07:06,0,0,eGFP4,WHEEL
4174,12:07 AM,04-26-2026,04-26-2026 00:07:07,0,0,eGFP4,WHEEL
4175,12:07 AM,04-26-2026,04-26-2026 00:07:07,0,0,eGFP4,WHEEL
4176,12:07 AM,04-26-2026,04-26-2026 00:07:08,0,0,eGFP4,WHEEL
4177,12:07 AM,04-26-2026,04-26-2026 00:07:08,0,0,eGFP4,WHEEL
4178,12:07 AM,04-26-2026,04-26-2026 00:07:09,0,0,eGFP4,WHEEL
4179,12:07 AM,04-26-2026,04-26-2026 00:07:09,0,0,eGFP4,WHEEL
4180,12:07 AM,04-26-2026,04-26-2026 00:07:10,0,0,eGFP4,WHEEL
4181,12:07 AM,04-26-2026,04-26-2026 00:07:10,0,0,eGFP4,WHEEL
4182,12:07 AM,04-26-2026,04-26-2026 00:07:11,0,0,eGFP4,WHEEL
4183,12:07 AM,04-26-2026,04-26-2026 00:07:11,0,0,eGFP4,WHEEL
4184,12:07 AM,04-26-2026,04-26-2026 00:07:12,0,0,eGFP4,WHEEL
4185,12:09 AM,04-26-2026,04-26-2026 00:09:19,0,0,eGFP4,WHEEL
4186,12:09 AM,04-26-2026,04-26-2026 00:09:28,0,0,eGFP4,WHEEL
4187,12:09 AM,04-26-2026,04-26-2026 00:09:30,0,0,eGFP4,WHEEL
4188,12:09 AM,04-26-2026,04-26-2026 00:09:51,0,0,eGFP4,WHEEL
4189,12:09 AM,04-26-2026,04-26-2026 00:09:52,0,0,eGFP4,WHEEL
4190,12:09 AM,04-26-2026,04-26-2026 00:09:53,0,0,eGFP4,WHEEL
4191,12:09 AM,04-26-2026,04-26-2026 00:09:53,0,0,eGFP4,WHEEL
4192,12:09 AM,04-26-2026,04-26-2026 00:09:53,0,0,eGFP4,WHEEL
4193,12:09 AM,04-26-2026,04-26-2026 00:09:54,0,0,eGFP4,WHEEL
4194,12:09 AM,04-26-2026,04-26-2026 00:09:54,0,0,eGFP4,WHEEL
4195,12:09 AM,04-26-2026,04-26-2026 00:09:55,0,0,eGFP4,WHEEL
4196,12:09 AM,04-26-2026,04-26-2026 00:09:55,0,0,eGFP4,WHEEL
4197,12:09 AM,04-26-2026,04-26-2026 00:09:57,0,0,eGFP4,WHEEL
4198,12:09 AM,04-26-2026,04-26-2026 00:09:57,0,0,eGFP4,WHEEL
4199,12:09 AM,04-26-2026,04-26-2026 00:09:58,0,0,eGFP4,WHEEL
4200,12:09 AM,04-26-2026,04-26-2026 00:09:58,0,0,eGFP4,WHEEL
4201,12:09 AM,04-26-2026,04-26-2026 00:09:59,0,0,eGFP4,WHEEL
4202,12:09 AM,04-26-2026,04-26-2026 00:09:59,0,0,eGFP4,WHEEL
4203,12:10 AM,04-26-2026,04-26-2026 00:10:00,0,0,eGFP4,WHEEL
4204,12:10 AM,04-26-2026,04-26-2026 00:10:02,0,0,eGFP4,WHEEL
4205,12:10 AM,04-26-2026,04-26-2026 00:10:03,0,0,eGFP4,WHEEL
4206,12:10 AM,04-26-2026,04-26-2026 00:10:03,0,0,eGFP4,WHEEL
4207,12:10 AM,04-26-2026,04-26-2026 00:10:03,0,0,eGFP4,WHEEL
4208,12:10 AM,04-26-2026,04-26-2026 00:10:04,0,0,eGFP4,WHEEL
4209,12:10 AM,04-26-2026,04-26-2026 00:10:05,0,0,eGFP4,WHEEL
4210,12:18 AM,04-26-2026,04-26-2026 00:18:52,0,0,eGFP4,WHEEL
4211,12:18 AM,04-26-2026,04-26-2026 00:18:53,0,0,eGFP4,WHEEL
4212,12:18 AM,04-26-2026,04-26-2026 00:18:59,0,0,eGFP4,WHEEL
4213,12:19 AM,04-26-2026,04-26-2026 00:19:01,0,0,eGFP4,WHEEL
4214,12:21 AM,04-26-2026,04-26-2026 00:21:18,0,0,eGFP4,WHEEL
4215,12:22 AM,04-26-2026,04-26-2026 00:22:19,0,0,eGFP4,WHEEL
4216,12:24 AM,04-26-2026,04-26-2026 00:24:20,0,0,eGFP4,WHEEL
4217,12:24 AM,04-26-2026,04-26-2026 00:24:23,0,0,eGFP4,WHEEL
4218,12:24 AM,04-26-2026,04-26-2026 00:24:27,0,0,eGFP4,WHEEL
4219,12:24 AM,04-26-2026,04-26-2026 00:24:29,0,0,eGFP4,WHEEL
4220,12:24 AM,04-26-2026,04-26-2026 00:24:30,0,0,eGFP4,WHEEL
4221,12:24 AM,04-26-2026,04-26-2026 00:24:31,0,0,eGFP4,WHEEL
4222,12:24 AM,04-26-2026,04-26-2026 00:24:34,0,0,eGFP4,WHEEL
4223,12:24 AM,04-26-2026,04-26-2026 00:24:35,0,0,eGFP4,WHEEL
4224,12:25 AM,04-26-2026,04-26-2026 00:25:28,0,0,eGFP4,WHEEL
4225,12:25 AM,04-26-2026,04-26-2026 00:25:31,0,0,eGFP4,WHEEL
4226,12:25 AM,04-26-2026,04-26-2026 00:25:33,0,0,eGFP4,WHEEL
4227,12:26 AM,04-26-2026,04-26-2026 00:26:50,0,0,eGFP4,WHEEL
4228,12:27 AM,04-26-2026,04-26-2026 00:27:31,0,0,eGFP4,WHEEL
4229,12:27 AM,04-26-2026,04-26-2026 00:27:45,0,0,eGFP4,WHEEL
4230,12:31 AM,04-26-2026,04-26-2026 00:31:48,0,0,eGFP4,WHEEL
4231,12:31 AM,04-26-2026,04-26-2026 00:31:55,0,0,eGFP4,WHEEL
4232,12:31 AM,04-26-2026,04-26-2026 00:31:56,0,0,eGFP4,WHEEL
4233,12:35 AM,04-26-2026,04-26-2026 00:35:29,0,0,eGFP4,WHEEL
4234,12:38 AM,04-26-2026,04-26-2026 00:38:45,0,0,eGFP4,WHEEL
4235,12:38 AM,04-26-2026,04-26-2026 00:38:48,0,0,eGFP4,WHEEL
4236,12:38 AM,04-26-2026,04-26-2026 00:38:49,0,0,eGFP4,WHEEL
4237,12:38 AM,04-26-2026,04-26-2026 00:38:50,0,0,eGFP4,WHEEL
4238,12:39 AM,04-26-2026,04-26-2026 00:39:19,0,0,eGFP4,WHEEL
4239,12:39 AM,04-26-2026,04-26-2026 00:39:21,0,0,eGFP4,WHEEL
4240,12:39 AM,04-26-2026,04-26-2026 00:39:23,0,0,eGFP4,WHEEL
4241,12:39 AM,04-26-2026,04-26-2026 00:39:29,0,0,eGFP4,WHEEL
4242,12:39 AM,04-26-2026,04-26-2026 00:39:31,0,0,eGFP4,WHEEL
4243,12:39 AM,04-26-2026,04-26-2026 00:39:32,0,0,eGFP4,WHEEL
4244,12:39 AM,04-26-2026,04-26-2026 00:39:34,0,0,eGFP4,WHEEL
4245,12:39 AM,04-26-2026,04-26-2026 00:39:40,0,0,eGFP4,WHEEL
4246,12:39 AM,04-26-2026,04-26-2026 00:39:46,0,0,eGFP4,WHEEL
4247,12:43 AM,04-26-2026,04-26-2026 00:43:37,0,0,eGFP4,WHEEL
4248,05:47 AM,04-26-2026,04-26-2026 05:47:10,0,0,eGFP4,WHEEL
4249,05:47 AM,04-26-2026,04-26-2026 05:47:12,0,0,eGFP4,WHEEL
4250,05:47 AM,04-26-2026,04-26-2026 05:47:13,0,0,eGFP4,WHEEL
4251,05:47 AM,04-26-2026,04-26-2026 05:47:16,0,0,eGFP4,WHEEL
4252,05:47 AM,04-26-2026,04-26-2026 05:47:17,0,0,eGFP4,WHEEL
4253,05:47 AM,04-26-2026,04-26-2026 05:47:18,0,0,eGFP4,WHEEL
4254,05:47 AM,04-26-2026,04-26-2026 05:47:19,0,0,eGFP4,WHEEL
4255,05:47 AM,04-26-2026,04-26-2026 05:47:20,0,0,eGFP4,WHEEL
4256,05:47 AM,04-26-2026,04-26-2026 05:47:22,0,0,eGFP4,WHEEL
4257,05:47 AM,04-26-2026,04-26-2026 05:47:23,0,0,eGFP4,WHEEL
4258,05:47 AM,04-26-2026,04-26-2026 05:47:24,0,0,eGFP4,WHEEL
4259,05:47 AM,04-26-2026,04-26-2026 05:47:25,0,0,eGFP4,WHEEL
4260,05:47 AM,04-26-2026,04-26-2026 05:47:27,0,0,eGFP4,WHEEL
4261,05:47 AM,04-26-2026,04-26-2026 05:47:29,0,0,eGFP4,WHEEL
4262,05:47 AM,04-26-2026,04-26-2026 05:47:30,0,0,eGFP4,WHEEL
4263,05:47 AM,04-26-2026,04-26-2026 05:47:31,0,0,eGFP4,WHEEL
4264,05:52 AM,04-26-2026,04-26-2026 05:52:33,0,0,eGFP4,WHEEL
4265,05:52 AM,04-26-2026,04-26-2026 05:52:34,0,0,eGFP4,WHEEL
4266,05:52 AM,04-26-2026,04-26-2026 05:52:36,0,0,eGFP4,WHEEL
4267,05:52 AM,04-26-2026,04-26-2026 05:52:38,0,0,eGFP4,WHEEL
4268,05:52 AM,04-26-2026,04-26-2026 05:52:40,0,0,eGFP4,WHEEL
4269,05:52 AM,04-26-2026,04-26-2026 05:52:41,0,0,eGFP4,WHEEL
4270,11:01 AM,04-26-2026,04-26-2026 11:01:43,0,0,eGFP4,WHEEL
4271,12:03 PM,04-26-2026,04-26-2026 12:03:32,0,0,eGFP4,WHEEL
4272,12:03 PM,04-26-2026,04-26-2026 12:03:34,0,0,eGFP4,WHEEL
4273,12:03 PM,04-26-2026,04-26-2026 12:03:35,0,0,eGFP4,WHEEL
4274,12:03 PM,04-26-2026,04-26-2026 12:03:36,0,0,eGFP4,WHEEL
4275,12:03 PM,04-26-2026,04-26-2026 12:03:37,0,0,eGFP4,WHEEL
4276,12:03 PM,04-26-2026,04-26-2026 12:03:38,0,0,eGFP4,WHEEL
4277,12:03 PM,04-26-2026,04-26-2026 12:03:38,0,0,eGFP4,WHEEL
4278,12:03 PM,04-26-2026,04-26-2026 12:03:39,0,0,eGFP4,WHEEL
4279,12:03 PM,04-26-2026,04-26-2026 12:03:40,0,0,eGFP4,WHEEL
4280,12:03 PM,04-26-2026,04-26-2026 12:03:40,0,0,eGFP4,WHEEL
4281,12:03 PM,04-26-2026,04-26-2026 12:03:41,0,0,eGFP4,WHEEL
4282,12:03 PM,04-26-2026,04-26-2026 12:03:42,0,0,eGFP4,WHEEL
4283,12:03 PM,04-26-2026,04-26-2026 12:03:42,0,0,eGFP4,WHEEL
4284,12:03 PM,04-26-2026,04-26-2026 12:03:43,0,0,eGFP4,WHEEL
4285,12:03 PM,04-26-2026,04-26-2026 12:03:45,0,0,eGFP4,WHEEL
4286,12:04 PM,04-26-2026,04-26-2026 12:04:14,0,0,eGFP4,WHEEL
4287,12:04 PM,04-26-2026,04-26-2026 12:04:15,0,0,eGFP4,WHEEL
4288,12:04 PM,04-26-2026,04-26-2026 12:04:15,0,0,eGFP4,WHEEL
4289,12:04 PM,04-26-2026,04-26-2026 12:04:16,0,0,eGFP4,WHEEL
4290,12:04 PM,04-26-2026,04-26-2026 12:04:16,0,0,eGFP4,WHEEL
4291,12:04 PM,04-26-2026,04-26-2026 12:04:17,0,0,eGFP4,WHEEL
4292,12:04 PM,04-26-2026,04-26-2026 12:04:19,0,0,eGFP4,WHEEL
4293,12:04 PM,04-26-2026,04-26-2026 12:04:36,0,0,eGFP4,WHEEL
4294,12:04 PM,04-26-2026,04-26-2026 12:04:37,0,0,eGFP4,WHEEL
4295,12:04 PM,04-26-2026,04-26-2026 12:04:39,0,0,eGFP4,WHEEL
4296,12:06 PM,04-26-2026,04-26-2026 12:06:43,0,0,eGFP4,WHEEL
4297,12:06 PM,04-26-2026,04-26-2026 12:06:44,0,0,eGFP4,WHEEL
4298,12:06 PM,04-26-2026,04-26-2026 12:06:45,0,0,eGFP4,WHEEL
4299,12:06 PM,04-26-2026,04-26-2026 12:06:48,0,0,eGFP4,WHEEL
4300,12:07 PM,04-26-2026,04-26-2026 12:07:30,0,0,eGFP4,WHEEL
4301,12:07 PM,04-26-2026,04-26-2026 12:07:31,0,0,eGFP4,WHEEL
4302,12:07 PM,04-26-2026,04-26-2026 12:07:33,0,0,eGFP4,WHEEL
4303,12:07 PM,04-26-2026,04-26-2026 12:07:33,0,0,eGFP4,WHEEL
4304,12:08 PM,04-26-2026,04-26-2026 12:08:02,0,0,eGFP4,WHEEL
4305,12:08 PM,04-26-2026,04-26-2026 12:08:03,0,0,eGFP4,WHEEL
4306,12:08 PM,04-26-2026,04-26-2026 12:08:04,0,0,eGFP4,WHEEL
4307,12:08 PM,04-26-2026,04-26-2026 12:08:05,0,0,eGFP4,WHEEL
4308,12:08 PM,04-26-2026,04-26-2026 12:08:05,0,0,eGFP4,WHEEL
4309,12:08 PM,04-26-2026,04-26-2026 12:08:06,0,0,eGFP4,WHEEL
4310,12:08 PM,04-26-2026,04-26-2026 12:08:07,0,0,eGFP4,WHEEL
4311,12:08 PM,04-26-2026,04-26-2026 12:08:08,0,0,eGFP4,WHEEL
4312,12:08 PM,04-26-2026,04-26-2026 12:08:09,0,0,eGFP4,WHEEL
4313,12:08 PM,04-26-2026,04-26-2026 12:08:10,0,0,eGFP4,WHEEL
4314,12:08 PM,04-26-2026,04-26-2026 12:08:12,0,0,eGFP4,WHEEL
4315,12:08 PM,04-26-2026,04-26-2026 12:08:13,0,0,eGFP4,WHEEL
4316,12:08 PM,04-26-2026,04-26-2026 12:08:14,0,0,eGFP4,WHEEL
4317,12:08 PM,04-26-2026,04-26-2026 12:08:14,0,0,eGFP4,WHEEL
4318,12:08 PM,04-26-2026,04-26-2026 12:08:15,0,0,eGFP4,WHEEL
4319,12:08 PM,04-26-2026,04-26-2026 12:08:16,0,0,eGFP4,WHEEL
4320,12:08 PM,04-26-2026,04-26-2026 12:08:18,0,0,eGFP4,WHEEL
4321,12:08 PM,04-26-2026,04-26-2026 12:08:18,0,0,eGFP4,WHEEL
4322,12:08 PM,04-26-2026,04-26-2026 12:08:19,0,0,eGFP4,WHEEL
4323,12:08 PM,04-26-2026,04-26-2026 12:08:20,0,0,eGFP4,WHEEL
4324,12:08 PM,04-26-2026,04-26-2026 12:08:21,0,0,eGFP4,WHEEL
4325,12:08 PM,04-26-2026,04-26-2026 12:08:22,0,0,eGFP4,WHEEL
4326,12:08 PM,04-26-2026,04-26-2026 12:08:22,0,0,eGFP4,WHEEL
4327,12:08 PM,04-26-2026,04-26-2026 12:08:23,0,0,eGFP4,WHEEL
4328,12:08 PM,04-26-2026,04-26-2026 12:08:24,0,0,eGFP4,WHEEL
4329,12:08 PM,04-26-2026,04-26-2026 12:08:24,0,0,eGFP4,WHEEL
4330,12:08 PM,04-26-2026,04-26-2026 12:08:25,0,0,eGFP4,WHEEL
4331,12:08 PM,04-26-2026,04-26-2026 12:08:26,0,0,eGFP4,WHEEL
4332,12:08 PM,04-26-2026,04-26-2026 12:08:26,0,0,eGFP4,WHEEL
4333,12:08 PM,04-26-2026,04-26-2026 12:08:27,0,0,eGFP4,WHEEL
4334,12:08 PM,04-26-2026,04-26-2026 12:08:28,0,0,eGFP4,WHEEL
4335,12:08 PM,04-26-2026,04-26-2026 12:08:28,0,0,eGFP4,WHEEL
4336,12:08 PM,04-26-2026,04-26-2026 12:08:29,0,0,eGFP4,WHEEL
4337,12:08 PM,04-26-2026,04-26-2026 12:08:29,0,0,eGFP4,WHEEL
4338,12:08 PM,04-26-2026,04-26-2026 12:08:46,0,0,eGFP4,WHEEL
4339,12:08 PM,04-26-2026,04-26-2026 12:08:47,0,0,eGFP4,WHEEL
4340,12:08 PM,04-26-2026,04-26-2026 12:08:48,0,0,eGFP4,WHEEL
4341,12:08 PM,04-26-2026,04-26-2026 12:08:48,0,0,eGFP4,WHEEL
4342,12:08 PM,04-26-2026,04-26-2026 12:08:49,0,0,eGFP4,WHEEL
4343,12:08 PM,04-26-2026,04-26-2026 12:08:49,0,0,eGFP4,WHEEL
4344,12:08 PM,04-26-2026,04-26-2026 12:08:50,0,0,eGFP4,WHEEL
4345,12:08 PM,04-26-2026,04-26-2026 12:08:51,0,0,eGFP4,WHEEL
4346,12:08 PM,04-26-2026,04-26-2026 12:08:51,0,0,eGFP4,WHEEL
4347,12:08 PM,04-26-2026,04-26-2026 12:08:52,0,0,eGFP4,WHEEL
4348,12:08 PM,04-26-2026,04-26-2026 12:08:54,0,0,eGFP4,WHEEL
4349,12:08 PM,04-26-2026,04-26-2026 12:08:55,0,0,eGFP4,WHEEL
4350,12:08 PM,04-26-2026,04-26-2026 12:08:55,0,0,eGFP4,WHEEL
4351,12:08 PM,04-26-2026,04-26-2026 12:08:56,0,0,eGFP4,WHEEL
4352,12:08 PM,04-26-2026,04-26-2026 12:08:57,0,0,eGFP4,WHEEL
4353,12:10 PM,04-26-2026,04-26-2026 12:10:12,0,0,eGFP4,WHEEL
4354,12:10 PM,04-26-2026,04-26-2026 12:10:12,0,0,eGFP4,WHEEL
4355,12:10 PM,04-26-2026,04-26-2026 12:10:13,0,0,eGFP4,WHEEL
4356,12:10 PM,04-26-2026,04-26-2026 12:10:14,0,0,eGFP4,WHEEL
4357,12:10 PM,04-26-2026,04-26-2026 12:10:15,0,0,eGFP4,WHEEL
4358,12:10 PM,04-26-2026,04-26-2026 12:10:16,0,0,eGFP4,WHEEL
4359,12:10 PM,04-26-2026,04-26-2026 12:10:43,0,0,eGFP4,WHEEL
4360,12:10 PM,04-26-2026,04-26-2026 12:10:44,0,0,eGFP4,WHEEL
4361,12:10 PM,04-26-2026,04-26-2026 12:10:45,0,0,eGFP4,WHEEL
4362,12:10 PM,04-26-2026,04-26-2026 12:10:46,0,0,eGFP4,WHEEL
4363,12:10 PM,04-26-2026,04-26-2026 12:10:47,0,0,eGFP4,WHEEL
4364,12:10 PM,04-26-2026,04-26-2026 12:10:47,0,0,eGFP4,WHEEL
4365,12:10 PM,04-26-2026,04-26-2026 12:10:48,0,0,eGFP4,WHEEL
4366,12:10 PM,04-26-2026,04-26-2026 12:10:49,0,0,eGFP4,WHEEL
4367,12:12 PM,04-26-2026,04-26-2026 12:12:47,0,0,eGFP4,WHEEL
4368,12:12 PM,04-26-2026,04-26-2026 12:12:48,0,0,eGFP4,WHEEL
4369,12:12 PM,04-26-2026,04-26-2026 12:12:49,0,0,eGFP4,WHEEL
4370,12:13 PM,04-26-2026,04-26-2026 12:13:05,0,0,eGFP4,WHEEL
4371,12:13 PM,04-26-2026,04-26-2026 12:13:06,0,0,eGFP4,WHEEL
4372,12:13 PM,04-26-2026,04-26-2026 12:13:07,0,0,eGFP4,WHEEL
4373,12:13 PM,04-26-2026,04-26-2026 12:13:08,0,0,eGFP4,WHEEL
4374,12:13 PM,04-26-2026,04-26-2026 12:13:09,0,0,eGFP4,WHEEL
4375,12:13 PM,04-26-2026,04-26-2026 12:13:09,0,0,eGFP4,WHEEL
4376,12:13 PM,04-26-2026,04-26-2026 12:13:12,0,0,eGFP4,WHEEL
4377,12:13 PM,04-26-2026,04-26-2026 12:13:33,0,0,eGFP4,WHEEL
4378,12:13 PM,04-26-2026,04-26-2026 12:13:34,0,0,eGFP4,WHEEL
4379,12:13 PM,04-26-2026,04-26-2026 12:13:59,0,0,eGFP4,WHEEL
4380,12:14 PM,04-26-2026,04-26-2026 12:14:00,0,0,eGFP4,WHEEL
4381,12:14 PM,04-26-2026,04-26-2026 12:14:01,0,0,eGFP4,WHEEL
4382,12:14 PM,04-26-2026,04-26-2026 12:14:30,0,0,eGFP4,WHEEL
4383,12:14 PM,04-26-2026,04-26-2026 12:14:46,0,0,eGFP4,WHEEL
4384,12:16 PM,04-26-2026,04-26-2026 12:16:15,0,0,eGFP4,WHEEL
4385,12:16 PM,04-26-2026,04-26-2026 12:16:16,0,0,eGFP4,WHEEL
4386,12:16 PM,04-26-2026,04-26-2026 12:16:43,0,0,eGFP4,WHEEL
4387,12:16 PM,04-26-2026,04-26-2026 12:16:45,0,0,eGFP4,WHEEL
4388,12:16 PM,04-26-2026,04-26-2026 12:16:46,0,0,eGFP4,WHEEL
4389,12:16 PM,04-26-2026,04-26-2026 12:16:47,0,0,eGFP4,WHEEL
4390,12:16 PM,04-26-2026,04-26-2026 12:16:48,0,0,eGFP4,WHEEL
4391,12:17 PM,04-26-2026,04-26-2026 12:17:20,0,0,eGFP4,WHEEL
4392,12:17 PM,04-26-2026,04-26-2026 12:17:20,0,0,eGFP4,WHEEL
4393,12:17 PM,04-26-2026,04-26-2026 12:17:21,0,0,eGFP4,WHEEL
4394,12:17 PM,04-26-2026,04-26-2026 12:17:21,0,0,eGFP4,WHEEL
4395,12:19 PM,04-26-2026,04-26-2026 12:19:35,0,0,eGFP4,WHEEL
4396,12:21 PM,04-26-2026,04-26-2026 12:21:10,0,0,eGFP4,WHEEL
4397,12:21 PM,04-26-2026,04-26-2026 12:21:11,0,0,eGFP4,WHEEL
4398,12:21 PM,04-26-2026,04-26-2026 12:21:12,0,0,eGFP4,WHEEL
4399,12:21 PM,04-26-2026,04-26-2026 12:21:16,0,0,eGFP4,WHEEL
4400,12:21 PM,04-26-2026,04-26-2026 12:21:16,0,0,eGFP4,WHEEL
4401,12:21 PM,04-26-2026,04-26-2026 12:21:27,0,0,eGFP4,WHEEL
4402,12:21 PM,04-26-2026,04-26-2026 12:21:29,0,0,eGFP4,WHEEL
4403,12:21 PM,04-26-2026,04-26-2026 12:21:29,0,0,eGFP4,WHEEL
4404,12:21 PM,04-26-2026,04-26-2026 12:21:30,0,0,eGFP4,WHEEL
4405,12:21 PM,04-26-2026,04-26-2026 12:21:31,0,0,eGFP4,WHEEL
4406,12:21 PM,04-26-2026,04-26-2026 12:21:31,0,0,eGFP4,WHEEL
4407,12:21 PM,04-26-2026,04-26-2026 12:21:32,0,0,eGFP4,WHEEL
4408,12:21 PM,04-26-2026,04-26-2026 12:21:34,0,0,eGFP4,WHEEL
4409,12:21 PM,04-26-2026,04-26-2026 12:21:52,0,0,eGFP4,WHEEL
4410,12:21 PM,04-26-2026,04-26-2026 12:21:53,0,0,eGFP4,WHEEL
4411,12:21 PM,04-26-2026,04-26-2026 12:21:54,0,0,eGFP4,WHEEL
4412,12:21 PM,04-26-2026,04-26-2026 12:21:54,0,0,eGFP4,WHEEL
4413,12:21 PM,04-26-2026,04-26-2026 12:21:55,0,0,eGFP4,WHEEL
4414,12:21 PM,04-26-2026,04-26-2026 12:21:56,0,0,eGFP4,WHEEL
4415,12:21 PM,04-26-2026,04-26-2026 12:21:58,0,0,eGFP4,WHEEL
4416,12:21 PM,04-26-2026,04-26-2026 12:21:59,0,0,eGFP4,WHEEL
4417,12:22 PM,04-26-2026,04-26-2026 12:22:00,0,0,eGFP4,WHEEL
4418,12:22 PM,04-26-2026,04-26-2026 12:22:01,0,0,eGFP4,WHEEL
4419,12:22 PM,04-26-2026,04-26-2026 12:22:01,0,0,eGFP4,WHEEL
4420,12:22 PM,04-26-2026,04-26-2026 12:22:02,0,0,eGFP4,WHEEL
4421,12:22 PM,04-26-2026,04-26-2026 12:22:03,0,0,eGFP4,WHEEL
4422,12:22 PM,04-26-2026,04-26-2026 12:22:05,0,0,eGFP4,WHEEL
4423,12:22 PM,04-26-2026,04-26-2026 12:22:06,0,0,eGFP4,WHEEL
4424,12:22 PM,04-26-2026,04-26-2026 12:22:06,0,0,eGFP4,WHEEL
4425,12:22 PM,04-26-2026,04-26-2026 12:22:07,0,0,eGFP4,WHEEL
4426,12:22 PM,04-26-2026,04-26-2026 12:22:08,0,0,eGFP4,WHEEL
4427,12:22 PM,04-26-2026,04-26-2026 12:22:08,0,0,eGFP4,WHEEL
4428,12:22 PM,04-26-2026,04-26-2026 12:22:31,0,0,eGFP4,WHEEL
4429,12:22 PM,04-26-2026,04-26-2026 12:22:32,0,0,eGFP4,WHEEL
4430,12:22 PM,04-26-2026,04-26-2026 12:22:32,0,0,eGFP4,WHEEL
4431,12:22 PM,04-26-2026,04-26-2026 12:22:33,0,0,eGFP4,WHEEL
4432,12:22 PM,04-26-2026,04-26-2026 12:22:33,0,0,eGFP4,WHEEL
4433,12:22 PM,04-26-2026,04-26-2026 12:22:34,0,0,eGFP4,WHEEL
4434,12:22 PM,04-26-2026,04-26-2026 12:22:49,0,0,eGFP4,WHEEL
4435,12:22 PM,04-26-2026,04-26-2026 12:22:50,0,0,eGFP4,WHEEL
4436,12:22 PM,04-26-2026,04-26-2026 12:22:51,0,0,eGFP4,WHEEL
4437,12:22 PM,04-26-2026,04-26-2026 12:22:51,0,0,eGFP4,WHEEL
4438,12:22 PM,04-26-2026,04-26-2026 12:22:52,0,0,eGFP4,WHEEL
4439,12:22 PM,04-26-2026,04-26-2026 12:22:56,0,0,eGFP4,WHEEL
4440,12:22 PM,04-26-2026,04-26-2026 12:22:58,0,0,eGFP4,WHEEL
4441,12:22 PM,04-26-2026,04-26-2026 12:22:59,0,0,eGFP4,WHEEL
4442,12:22 PM,04-26-2026,04-26-2026 12:22:59,0,0,eGFP4,WHEEL
4443,12:23 PM,04-26-2026,04-26-2026 12:23:00,0,0,eGFP4,WHEEL
4444,12:23 PM,04-26-2026,04-26-2026 12:23:36,0,0,eGFP4,WHEEL
4445,12:23 PM,04-26-2026,04-26-2026 12:23:37,0,0,eGFP4,WHEEL
4446,12:23 PM,04-26-2026,04-26-2026 12:23:41,0,0,eGFP4,WHEEL
4447,12:23 PM,04-26-2026,04-26-2026 12:23:43,0,0,eGFP4,WHEEL
4448,12:23 PM,04-26-2026,04-26-2026 12:23:47,0,0,eGFP4,WHEEL
4449,12:23 PM,04-26-2026,04-26-2026 12:23:48,0,0,eGFP4,WHEEL
4450,12:23 PM,04-26-2026,04-26-2026 12:23:48,0,0,eGFP4,WHEEL
4451,12:23 PM,04-26-2026,04-26-2026 12:23:49,0,0,eGFP4,WHEEL
4452,12:23 PM,04-26-2026,04-26-2026 12:23:50,0,0,eGFP4,WHEEL
4453,12:23 PM,04-26-2026,04-26-2026 12:23:50,0,0,eGFP4,WHEEL
4454,12:23 PM,04-26-2026,04-26-2026 12:23:51,0,0,eGFP4,WHEEL
4455,12:24 PM,04-26-2026,04-26-2026 12:24:03,0,0,eGFP4,WHEEL
4456,12:24 PM,04-26-2026,04-26-2026 12:24:07,0,0,eGFP4,WHEEL
4457,12:24 PM,04-26-2026,04-26-2026 12:24:08,0,0,eGFP4,WHEEL
4458,12:24 PM,04-26-2026,04-26-2026 12:24:08,0,0,eGFP4,WHEEL
4459,12:24 PM,04-26-2026,04-26-2026 12:24:09,0,0,eGFP4,WHEEL
4460,12:24 PM,04-26-2026,04-26-2026 12:24:09,0,0,eGFP4,WHEEL
4461,12:24 PM,04-26-2026,04-26-2026 12:24:10,0,0,eGFP4,WHEEL
4462,12:24 PM,04-26-2026,04-26-2026 12:24:10,0,0,eGFP4,WHEEL
4463,12:24 PM,04-26-2026,04-26-2026 12:24:13,0,0,eGFP4,WHEEL
4464,12:27 PM,04-26-2026,04-26-2026 12:27:13,0,0,eGFP4,WHEEL
4465,12:27 PM,04-26-2026,04-26-2026 12:27:18,0,0,eGFP4,WHEEL
4466,12:27 PM,04-26-2026,04-26-2026 12:27:19,0,0,eGFP4,WHEEL
4467,12:27 PM,04-26-2026,04-26-2026 12:27:20,0,0,eGFP4,WHEEL
4468,12:27 PM,04-26-2026,04-26-2026 12:27:45,0,0,eGFP4,WHEEL
4469,12:27 PM,04-26-2026,04-26-2026 12:27:46,0,0,eGFP4,WHEEL
4470,12:27 PM,04-26-2026,04-26-2026 12:27:56,0,0,eGFP4,WHEEL
4471,12:27 PM,04-26-2026,04-26-2026 12:27:57,0,0,eGFP4,WHEEL
4472,12:28 PM,04-26-2026,04-26-2026 12:28:07,0,0,eGFP4,WHEEL
4473,12:28 PM,04-26-2026,04-26-2026 12:28:25,0,0,eGFP4,WHEEL
4474,12:28 PM,04-26-2026,04-26-2026 12:28:26,0,0,eGFP4,WHEEL
4475,12:28 PM,04-26-2026,04-26-2026 12:28:26,0,0,eGFP4,WHEEL
4476,12:28 PM,04-26-2026,04-26-2026 12:28:29,0,0,eGFP4,WHEEL
4477,12:28 PM,04-26-2026,04-26-2026 12:28:34,0,0,eGFP4,WHEEL
4478,12:28 PM,04-26-2026,04-26-2026 12:28:35,0,0,eGFP4,WHEEL
4479,12:28 PM,04-26-2026,04-26-2026 12:28:36,0,0,eGFP4,WHEEL
4480,12:28 PM,04-26-2026,04-26-2026 12:28:36,0,0,eGFP4,WHEEL
4481,12:28 PM,04-26-2026,04-26-2026 12:28:46,0,0,eGFP4,WHEEL
4482,12:28 PM,04-26-2026,04-26-2026 12:28:47,0,0,eGFP4,WHEEL
4483,12:28 PM,04-26-2026,04-26-2026 12:28:47,0,0,eGFP4,WHEEL
4484,12:28 PM,04-26-2026,04-26-2026 12:28:48,0,0,eGFP4,WHEEL
4485,12:28 PM,04-26-2026,04-26-2026 12:28:48,0,0,eGFP4,WHEEL
4486,12:28 PM,04-26-2026,04-26-2026 12:28:53,0,0,eGFP4,WHEEL
4487,12:28 PM,04-26-2026,04-26-2026 12:28:55,0,0,eGFP4,WHEEL
4488,12:28 PM,04-26-2026,04-26-2026 12:28:55,0,0,eGFP4,WHEEL
4489,12:28 PM,04-26-2026,04-26-2026 12:28:56,0,0,eGFP4,WHEEL
4490,12:29 PM,04-26-2026,04-26-2026 12:29:04,0,0,eGFP4,WHEEL
4491,12:29 PM,04-26-2026,04-26-2026 12:29:05,0,0,eGFP4,WHEEL
4492,12:29 PM,04-26-2026,04-26-2026 12:29:06,0,0,eGFP4,WHEEL
4493,12:29 PM,04-26-2026,04-26-2026 12:29:07,0,0,eGFP4,WHEEL
4494,12:29 PM,04-26-2026,04-26-2026 12:29:07,0,0,eGFP4,WHEEL
4495,12:29 PM,04-26-2026,04-26-2026 12:29:08,0,0,eGFP4,WHEEL
4496,12:29 PM,04-26-2026,04-26-2026 12:29:09,0,0,eGFP4,WHEEL
4497,12:29 PM,04-26-2026,04-26-2026 12:29:09,0,0,eGFP4,WHEEL
4498,12:29 PM,04-26-2026,04-26-2026 12:29:10,0,0,eGFP4,WHEEL
4499,12:29 PM,04-26-2026,04-26-2026 12:29:11,0,0,eGFP4,WHEEL
4500,12:30 PM,04-26-2026,04-26-2026 12:30:19,0,0,eGFP4,WHEEL
4501,12:30 PM,04-26-2026,04-26-2026 12:30:20,0,0,eGFP4,WHEEL
4502,12:30 PM,04-26-2026,04-26-2026 12:30:22,0,0,eGFP4,WHEEL
4503,12:30 PM,04-26-2026,04-26-2026 12:30:26,0,0,eGFP4,WHEEL
4504,12:30 PM,04-26-2026,04-26-2026 12:30:27,0,0,eGFP4,WHEEL
4505,12:30 PM,04-26-2026,04-26-2026 12:30:28,0,0,eGFP4,WHEEL
4506,12:30 PM,04-26-2026,04-26-2026 12:30:38,0,0,eGFP4,WHEEL
4507,12:30 PM,04-26-2026,04-26-2026 12:30:39,0,0,eGFP4,WHEEL
4508,12:30 PM,04-26-2026,04-26-2026 12:30:40,0,0,eGFP4,WHEEL
4509,12:30 PM,04-26-2026,04-26-2026 12:30:44,0,0,eGFP4,WHEEL
4510,12:30 PM,04-26-2026,04-26-2026 12:30:45,0,0,eGFP4,WHEEL
4511,12:30 PM,04-26-2026,04-26-2026 12:30:46,0,0,eGFP4,WHEEL
4512,12:30 PM,04-26-2026,04-26-2026 12:30:51,0,0,eGFP4,WHEEL
4513,12:30 PM,04-26-2026,04-26-2026 12:30:52,0,0,eGFP4,WHEEL
4514,12:30 PM,04-26-2026,04-26-2026 12:30:52,0,0,eGFP4,WHEEL
4515,12:30 PM,04-26-2026,04-26-2026 12:30:59,0,0,eGFP4,WHEEL
4516,12:31 PM,04-26-2026,04-26-2026 12:31:00,0,0,eGFP4,WHEEL
4517,12:31 PM,04-26-2026,04-26-2026 12:31:00,0,0,eGFP4,WHEEL
4518,12:31 PM,04-26-2026,04-26-2026 12:31:07,0,0,eGFP4,WHEEL
4519,12:31 PM,04-26-2026,04-26-2026 12:31:08,0,0,eGFP4,WHEEL
4520,12:31 PM,04-26-2026,04-26-2026 12:31:09,0,0,eGFP4,WHEEL
4521,12:31 PM,04-26-2026,04-26-2026 12:31:10,0,0,eGFP4,WHEEL
4522,12:31 PM,04-26-2026,04-26-2026 12:31:17,0,0,eGFP4,WHEEL
4523,12:31 PM,04-26-2026,04-26-2026 12:31:18,0,0,eGFP4,WHEEL
4524,12:31 PM,04-26-2026,04-26-2026 12:31:18,0,0,eGFP4,WHEEL
4525,12:31 PM,04-26-2026,04-26-2026 12:31:19,0,0,eGFP4,WHEEL
4526,12:31 PM,04-26-2026,04-26-2026 12:31:25,0,0,eGFP4,WHEEL
4527,12:31 PM,04-26-2026,04-26-2026 12:31:25,0,0,eGFP4,WHEEL
4528,12:31 PM,04-26-2026,04-26-2026 12:31:26,0,0,eGFP4,WHEEL
4529,12:31 PM,04-26-2026,04-26-2026 12:31:33,0,0,eGFP4,WHEEL
4530,12:31 PM,04-26-2026,04-26-2026 12:31:34,0,0,eGFP4,WHEEL
4531,12:31 PM,04-26-2026,04-26-2026 12:31:36,0,0,eGFP4,WHEEL
4532,12:31 PM,04-26-2026,04-26-2026 12:31:37,0,0,eGFP4,WHEEL
4533,12:31 PM,04-26-2026,04-26-2026 12:31:38,0,0,eGFP4,WHEEL
4534,12:31 PM,04-26-2026,04-26-2026 12:31:39,0,0,eGFP4,WHEEL
4535,12:31 PM,04-26-2026,04-26-2026 12:31:40,0,0,eGFP4,WHEEL
4536,12:31 PM,04-26-2026,04-26-2026 12:31:41,0,0,eGFP4,WHEEL
4537,12:31 PM,04-26-2026,04-26-2026 12:31:43,0,0,eGFP4,WHEEL
4538,12:31 PM,04-26-2026,04-26-2026 12:31:44,0,0,eGFP4,WHEEL
4539,12:31 PM,04-26-2026,04-26-2026 12:31:44,0,0,eGFP4,WHEEL
4540,12:34 PM,04-26-2026,04-26-2026 12:34:32,0,0,eGFP4,WHEEL
4541,12:34 PM,04-26-2026,04-26-2026 12:34:33,0,0,eGFP4,WHEEL
4542,12:34 PM,04-26-2026,04-26-2026 12:34:35,0,0,eGFP4,WHEEL
4543,12:34 PM,04-26-2026,04-26-2026 12:34:35,0,0,eGFP4,WHEEL
4544,12:34 PM,04-26-2026,04-26-2026 12:34:52,0,0,eGFP4,WHEEL
4545,12:36 PM,04-26-2026,04-26-2026 12:36:05,0,0,eGFP4,WHEEL
4546,12:36 PM,04-26-2026,04-26-2026 12:36:06,0,0,eGFP4,WHEEL
4547,12:36 PM,04-26-2026,04-26-2026 12:36:42,0,0,eGFP4,WHEEL
4548,12:36 PM,04-26-2026,04-26-2026 12:36:42,0,0,eGFP4,WHEEL
4549,12:36 PM,04-26-2026,04-26-2026 12:36:45,0,0,eGFP4,WHEEL
4550,12:37 PM,04-26-2026,04-26-2026 12:37:00,0,0,eGFP4,WHEEL
4551,12:37 PM,04-26-2026,04-26-2026 12:37:20,0,0,eGFP4,WHEEL
4552,12:37 PM,04-26-2026,04-26-2026 12:37:28,0,0,eGFP4,WHEEL
4553,12:37 PM,04-26-2026,04-26-2026 12:37:39,0,0,eGFP4,WHEEL
4554,12:37 PM,04-26-2026,04-26-2026 12:37:40,0,0,eGFP4,WHEEL
4555,12:37 PM,04-26-2026,04-26-2026 12:37:42,0,0,eGFP4,WHEEL
4556,12:37 PM,04-26-2026,04-26-2026 12:37:43,0,0,eGFP4,WHEEL
4557,12:37 PM,04-26-2026,04-26-2026 12:37:44,0,0,eGFP4,WHEEL
4558,12:38 PM,04-26-2026,04-26-2026 12:38:33,0,0,eGFP4,WHEEL
4559,12:38 PM,04-26-2026,04-26-2026 12:38:38,0,0,eGFP4,WHEEL
4560,12:38 PM,04-26-2026,04-26-2026 12:38:39,0,0,eGFP4,WHEEL
4561,12:38 PM,04-26-2026,04-26-2026 12:38:40,0,0,eGFP4,WHEEL
4562,12:38 PM,04-26-2026,04-26-2026 12:38:41,0,0,eGFP4,WHEEL
4563,12:38 PM,04-26-2026,04-26-2026 12:38:41,0,0,eGFP4,WHEEL
4564,12:38 PM,04-26-2026,04-26-2026 12:38:42,0,0,eGFP4,WHEEL
4565,12:38 PM,04-26-2026,04-26-2026 12:38:43,0,0,eGFP4,WHEEL
4566,12:38 PM,04-26-2026,04-26-2026 12:38:44,0,0,eGFP4,WHEEL
4567,12:38 PM,04-26-2026,04-26-2026 12:38:45,0,0,eGFP4,WHEEL
4568,12:38 PM,04-26-2026,04-26-2026 12:38:46,0,0,eGFP4,WHEEL
4569,12:47 PM,04-26-2026,04-26-2026 12:47:13,0,0,eGFP4,WHEEL
4570,12:47 PM,04-26-2026,04-26-2026 12:47:14,0,0,eGFP4,WHEEL
4571,12:47 PM,04-26-2026,04-26-2026 12:47:16,0,0,eGFP4,WHEEL
4572,12:47 PM,04-26-2026,04-26-2026 12:47:17,0,0,eGFP4,WHEEL
4573,12:47 PM,04-26-2026,04-26-2026 12:47:19,0,0,eGFP4,WHEEL
4574,12:47 PM,04-26-2026,04-26-2026 12:47:25,0,0,eGFP4,WHEEL
4575,12:47 PM,04-26-2026,04-26-2026 12:47:26,0,0,eGFP4,WHEEL
4576,12:47 PM,04-26-2026,04-26-2026 12:47:30,0,0,eGFP4,WHEEL
4577,12:47 PM,04-26-2026,04-26-2026 12:47:44,0,0,eGFP4,WHEEL
4578,12:47 PM,04-26-2026,04-26-2026 12:47:44,0,0,eGFP4,WHEEL
4579,12:47 PM,04-26-2026,04-26-2026 12:47:46,0,0,eGFP4,WHEEL
4580,12:47 PM,04-26-2026,04-26-2026 12:47:47,0,0,eGFP4,WHEEL
4581,12:47 PM,04-26-2026,04-26-2026 12:47:59,0,0,eGFP4,WHEEL
4582,12:48 PM,04-26-2026,04-26-2026 12:48:00,0,0,eGFP4,WHEEL
4583,12:48 PM,04-26-2026,04-26-2026 12:48:11,0,0,eGFP4,WHEEL
4584,12:48 PM,04-26-2026,04-26-2026 12:48:12,0,0,eGFP4,WHEEL
4585,12:48 PM,04-26-2026,04-26-2026 12:48:12,0,0,eGFP4,WHEEL
4586,12:48 PM,04-26-2026,04-26-2026 12:48:13,0,0,eGFP4,WHEEL
4587,12:48 PM,04-26-2026,04-26-2026 12:48:15,0,0,eGFP4,WHEEL
4588,12:48 PM,04-26-2026,04-26-2026 12:48:34,0,0,eGFP4,WHEEL
4589,12:48 PM,04-26-2026,04-26-2026 12:48:35,0,0,eGFP4,WHEEL
4590,12:48 PM,04-26-2026,04-26-2026 12:48:37,0,0,eGFP4,WHEEL
4591,12:48 PM,04-26-2026,04-26-2026 12:48:38,0,0,eGFP4,WHEEL
4592,12:49 PM,04-26-2026,04-26-2026 12:49:16,0,0,eGFP4,WHEEL
4593,12:49 PM,04-26-2026,04-26-2026 12:49:17,0,0,eGFP4,WHEEL
4594,12:49 PM,04-26-2026,04-26-2026 12:49:17,0,0,eGFP4,WHEEL
4595,12:49 PM,04-26-2026,04-26-2026 12:49:18,0,0,eGFP4,WHEEL
4596,12:49 PM,04-26-2026,04-26-2026 12:49:25,0,0,eGFP4,WHEEL
4597,12:53 PM,04-26-2026,04-26-2026 12:53:56,0,0,eGFP4,WHEEL
4598,12:53 PM,04-26-2026,04-26-2026 12:53:58,0,0,eGFP4,WHEEL
4599,12:54 PM,04-26-2026,04-26-2026 12:54:39,0,0,eGFP4,WHEEL
4600,12:54 PM,04-26-2026,04-26-2026 12:54:40,0,0,eGFP4,WHEEL
4601,12:55 PM,04-26-2026,04-26-2026 12:55:06,0,0,eGFP4,WHEEL
4602,12:55 PM,04-26-2026,04-26-2026 12:55:06,0,0,eGFP4,WHEEL
4603,12:55 PM,04-26-2026,04-26-2026 12:55:08,0,0,eGFP4,WHEEL
4604,12:55 PM,04-26-2026,04-26-2026 12:55:08,0,0,eGFP4,WHEEL
4605,12:55 PM,04-26-2026,04-26-2026 12:55:09,0,0,eGFP4,WHEEL
4606,12:55 PM,04-26-2026,04-26-2026 12:55:11,0,0,eGFP4,WHEEL
4607,12:55 PM,04-26-2026,04-26-2026 12:55:12,0,0,eGFP4,WHEEL
4608,12:55 PM,04-26-2026,04-26-2026 12:55:13,0,0,eGFP4,WHEEL
4609,12:55 PM,04-26-2026,04-26-2026 12:55:19,0,0,eGFP4,WHEEL
4610,12:55 PM,04-26-2026,04-26-2026 12:55:20,0,0,eGFP4,WHEEL
4611,12:55 PM,04-26-2026,04-26-2026 12:55:22,0,0,eGFP4,WHEEL
4612,12:55 PM,04-26-2026,04-26-2026 12:55:24,0,0,eGFP4,WHEEL
4613,12:55 PM,04-26-2026,04-26-2026 12:55:25,0,0,eGFP4,WHEEL
4614,12:55 PM,04-26-2026,04-26-2026 12:55:27,0,0,eGFP4,WHEEL
4615,12:55 PM,04-26-2026,04-26-2026 12:55:27,0,0,eGFP4,WHEEL
4616,12:55 PM,04-26-2026,04-26-2026 12:55:30,0,0,eGFP4,WHEEL
4617,12:55 PM,04-26-2026,04-26-2026 12:55:31,0,0,eGFP4,WHEEL
4618,12:55 PM,04-26-2026,04-26-2026 12:55:32,0,0,eGFP4,WHEEL
4619,12:55 PM,04-26-2026,04-26-2026 12:55:33,0,0,eGFP4,WHEEL
4620,12:55 PM,04-26-2026,04-26-2026 12:55:37,0,0,eGFP4,WHEEL
4621,12:55 PM,04-26-2026,04-26-2026 12:55:38,0,0,eGFP4,WHEEL
4622,12:55 PM,04-26-2026,04-26-2026 12:55:38,0,0,eGFP4,WHEEL
4623,12:57 PM,04-26-2026,04-26-2026 12:57:00,0,0,eGFP4,WHEEL
4624,12:57 PM,04-26-2026,04-26-2026 12:57:06,0,0,eGFP4,WHEEL
4625,12:57 PM,04-26-2026,04-26-2026 12:57:07,0,0,eGFP4,WHEEL
4626,12:57 PM,04-26-2026,04-26-2026 12:57:09,0,0,eGFP4,WHEEL
4627,12:57 PM,04-26-2026,04-26-2026 12:57:09,0,0,eGFP4,WHEEL
4628,12:57 PM,04-26-2026,04-26-2026 12:57:11,0,0,eGFP4,WHEEL
4629,12:57 PM,04-26-2026,04-26-2026 12:57:11,0,0,eGFP4,WHEEL
4630,12:57 PM,04-26-2026,04-26-2026 12:57:31,0,0,eGFP4,WHEEL
4631,12:57 PM,04-26-2026,04-26-2026 12:57:36,0,0,eGFP4,WHEEL
4632,12:57 PM,04-26-2026,04-26-2026 12:57:37,0,0,eGFP4,WHEEL
4633,12:57 PM,04-26-2026,04-26-2026 12:57:38,0,0,eGFP4,WHEEL
4634,12:57 PM,04-26-2026,04-26-2026 12:57:45,0,0,eGFP4,WHEEL
4635,12:57 PM,04-26-2026,04-26-2026 12:57:46,0,0,eGFP4,WHEEL
4636,12:57 PM,04-26-2026,04-26-2026 12:57:52,0,0,eGFP4,WHEEL
4637,12:57 PM,04-26-2026,04-26-2026 12:57:52,0,0,eGFP4,WHEEL
4638,12:57 PM,04-26-2026,04-26-2026 12:57:53,0,0,eGFP4,WHEEL
4639,12:57 PM,04-26-2026,04-26-2026 12:57:56,0,0,eGFP4,WHEEL
4640,12:58 PM,04-26-2026,04-26-2026 12:58:13,0,0,eGFP4,WHEEL
4641,12:58 PM,04-26-2026,04-26-2026 12:58:18,0,0,eGFP4,WHEEL
4642,12:58 PM,04-26-2026,04-26-2026 12:58:31,0,0,eGFP4,WHEEL
4643,12:58 PM,04-26-2026,04-26-2026 12:58:32,0,0,eGFP4,WHEEL
4644,12:58 PM,04-26-2026,04-26-2026 12:58:33,0,0,eGFP4,WHEEL
4645,12:58 PM,04-26-2026,04-26-2026 12:58:34,0,0,eGFP4,WHEEL
4646,12:58 PM,04-26-2026,04-26-2026 12:58:34,0,0,eGFP4,WHEEL
4647,12:58 PM,04-26-2026,04-26-2026 12:58:40,0,0,eGFP4,WHEEL
4648,01:06 PM,04-26-2026,04-26-2026 13:06:29,0,0,eGFP4,WHEEL
4649,01:06 PM,04-26-2026,04-26-2026 13:06:29,0,0,eGFP4,WHEEL
4650,01:06 PM,04-26-2026,04-26-2026 13:06:31,0,0,eGFP4,WHEEL
4651,01:06 PM,04-26-2026,04-26-2026 13:06:40,0,0,eGFP4,WHEEL
4652,01:06 PM,04-26-2026,04-26-2026 13:06:40,0,0,eGFP4,WHEEL
4653,01:07 PM,04-26-2026,04-26-2026 13:07:03,0,0,eGFP4,WHEEL
4654,01:07 PM,04-26-2026,04-26-2026 13:07:18,0,0,eGFP4,WHEEL
4655,01:07 PM,04-26-2026,04-26-2026 13:07:19,0,0,eGFP4,WHEEL
4656,01:07 PM,04-26-2026,04-26-2026 13:07:21,0,0,eGFP4,WHEEL
4657,01:07 PM,04-26-2026,04-26-2026 13:07:25,0,0,eGFP4,WHEEL
4658,01:07 PM,04-26-2026,04-26-2026 13:07:28,0,0,eGFP4,WHEEL
4659,01:07 PM,04-26-2026,04-26-2026 13:07:29,0,0,eGFP4,WHEEL
4660,01:07 PM,04-26-2026,04-26-2026 13:07:30,0,0,eGFP4,WHEEL
4661,01:07 PM,04-26-2026,04-26-2026 13:07:33,0,0,eGFP4,WHEEL
4662,01:07 PM,04-26-2026,04-26-2026 13:07:52,0,0,eGFP4,WHEEL
4663,01:07 PM,04-26-2026,04-26-2026 13:07:53,0,0,eGFP4,WHEEL
4664,01:07 PM,04-26-2026,04-26-2026 13:07:53,0,0,eGFP4,WHEEL
4665,01:07 PM,04-26-2026,04-26-2026 13:07:54,0,0,eGFP4,WHEEL
4666,01:07 PM,04-26-2026,04-26-2026 13:07:57,0,0,eGFP4,WHEEL
4667,01:07 PM,04-26-2026,04-26-2026 13:07:58,0,0,eGFP4,WHEEL
4668,01:07 PM,04-26-2026,04-26-2026 13:07:58,0,0,eGFP4,WHEEL
4669,01:08 PM,04-26-2026,04-26-2026 13:08:05,0,0,eGFP4,WHEEL
4670,01:08 PM,04-26-2026,04-26-2026 13:08:05,0,0,eGFP4,WHEEL
4671,01:09 PM,04-26-2026,04-26-2026 13:09:40,0,0,eGFP4,WHEEL
4672,01:09 PM,04-26-2026,04-26-2026 13:09:41,0,0,eGFP4,WHEEL
4673,01:11 PM,04-26-2026,04-26-2026 13:11:25,0,0,eGFP4,WHEEL
4674,01:11 PM,04-26-2026,04-26-2026 13:11:28,0,0,eGFP4,WHEEL
4675,01:11 PM,04-26-2026,04-26-2026 13:11:29,0,0,eGFP4,WHEEL
4676,01:11 PM,04-26-2026,04-26-2026 13:11:30,0,0,eGFP4,WHEEL
4677,01:11 PM,04-26-2026,04-26-2026 13:11:34,0,0,eGFP4,WHEEL
4678,01:11 PM,04-26-2026,04-26-2026 13:11:35,0,0,eGFP4,WHEEL
4679,01:11 PM,04-26-2026,04-26-2026 13:11:36,0,0,eGFP4,WHEEL
4680,01:12 PM,04-26-2026,04-26-2026 13:12:44,0,0,eGFP4,WHEEL
4681,01:12 PM,04-26-2026,04-26-2026 13:12:45,0,0,eGFP4,WHEEL
4682,01:12 PM,04-26-2026,04-26-2026 13:12:46,0,0,eGFP4,WHEEL
4683,01:12 PM,04-26-2026,04-26-2026 13:12:50,0,0,eGFP4,WHEEL
4684,01:12 PM,04-26-2026,04-26-2026 13:12:50,0,0,eGFP4,WHEEL
4685,01:12 PM,04-26-2026,04-26-2026 13:12:51,0,0,eGFP4,WHEEL
4686,01:12 PM,04-26-2026,04-26-2026 13:12:54,0,0,eGFP4,WHEEL
4687,01:12 PM,04-26-2026,04-26-2026 13:12:54,0,0,eGFP4,WHEEL
4688,01:13 PM,04-26-2026,04-26-2026 13:13:07,0,0,eGFP4,WHEEL
4689,01:13 PM,04-26-2026,04-26-2026 13:13:08,0,0,eGFP4,WHEEL
4690,01:13 PM,04-26-2026,04-26-2026 13:13:08,0,0,eGFP4,WHEEL
4691,01:13 PM,04-26-2026,04-26-2026 13:13:09,0,0,eGFP4,WHEEL
4692,01:13 PM,04-26-2026,04-26-2026 13:13:10,0,0,eGFP4,WHEEL
4693,01:13 PM,04-26-2026,04-26-2026 13:13:11,0,0,eGFP4,WHEEL
4694,01:13 PM,04-26-2026,04-26-2026 13:13:27,0,0,eGFP4,WHEEL
4695,01:13 PM,04-26-2026,04-26-2026 13:13:28,0,0,eGFP4,WHEEL
4696,01:13 PM,04-26-2026,04-26-2026 13:13:29,0,0,eGFP4,WHEEL
4697,01:13 PM,04-26-2026,04-26-2026 13:13:30,0,0,eGFP4,WHEEL
4698,01:15 PM,04-26-2026,04-26-2026 13:15:12,0,0,eGFP4,WHEEL
4699,01:15 PM,04-26-2026,04-26-2026 13:15:13,0,0,eGFP4,WHEEL
4700,01:15 PM,04-26-2026,04-26-2026 13:15:14,0,0,eGFP4,WHEEL
4701,01:15 PM,04-26-2026,04-26-2026 13:15:18,0,0,eGFP4,WHEEL
4702,01:15 PM,04-26-2026,04-26-2026 13:15:19,0,0,eGFP4,WHEEL
4703,01:15 PM,04-26-2026,04-26-2026 13:15:20,0,0,eGFP4,WHEEL
4704,01:15 PM,04-26-2026,04-26-2026 13:15:26,0,0,eGFP4,WHEEL
4705,01:15 PM,04-26-2026,04-26-2026 13:15:27,0,0,eGFP4,WHEEL
4706,01:15 PM,04-26-2026,04-26-2026 13:15:28,0,0,eGFP4,WHEEL
4707,01:15 PM,04-26-2026,04-26-2026 13:15:29,0,0,eGFP4,WHEEL
4708,01:15 PM,04-26-2026,04-26-2026 13:15:30,0,0,eGFP4,WHEEL
4709,01:15 PM,04-26-2026,04-26-2026 13:15:30,0,0,eGFP4,WHEEL
4710,01:15 PM,04-26-2026,04-26-2026 13:15:32,0,0,eGFP4,WHEEL
4711,01:15 PM,04-26-2026,04-26-2026 13:15:33,0,0,eGFP4,WHEEL
4712,01:15 PM,04-26-2026,04-26-2026 13:15:52,0,0,eGFP4,WHEEL
4713,01:15 PM,04-26-2026,04-26-2026 13:15:53,0,0,eGFP4,WHEEL
4714,01:15 PM,04-26-2026,04-26-2026 13:15:53,0,0,eGFP4,WHEEL
4715,01:15 PM,04-26-2026,04-26-2026 13:15:54,0,0,eGFP4,WHEEL
4716,01:16 PM,04-26-2026,04-26-2026 13:16:07,0,0,eGFP4,WHEEL
4717,01:16 PM,04-26-2026,04-26-2026 13:16:08,0,0,eGFP4,WHEEL
4718,01:16 PM,04-26-2026,04-26-2026 13:16:08,0,0,eGFP4,WHEEL
4719,01:16 PM,04-26-2026,04-26-2026 13:16:11,0,0,eGFP4,WHEEL
4720,01:16 PM,04-26-2026,04-26-2026 13:16:11,0,0,eGFP4,WHEEL
4721,01:16 PM,04-26-2026,04-26-2026 13:16:12,0,0,eGFP4,WHEEL
4722,01:16 PM,04-26-2026,04-26-2026 13:16:12,0,0,eGFP4,WHEEL
4723,01:16 PM,04-26-2026,04-26-2026 13:16:13,0,0,eGFP4,WHEEL
4724,01:16 PM,04-26-2026,04-26-2026 13:16:14,0,0,eGFP4,WHEEL
4725,01:16 PM,04-26-2026,04-26-2026 13:16:46,0,0,eGFP4,WHEEL
4726,01:16 PM,04-26-2026,04-26-2026 13:16:50,0,0,eGFP4,WHEEL
4727,01:17 PM,04-26-2026,04-26-2026 13:17:00,0,0,eGFP4,WHEEL
4728,01:17 PM,04-26-2026,04-26-2026 13:17:01,0,0,eGFP4,WHEEL
4729,01:17 PM,04-26-2026,04-26-2026 13:17:06,0,0,eGFP4,WHEEL
4730,01:17 PM,04-26-2026,04-26-2026 13:17:07,0,0,eGFP4,WHEEL
4731,01:17 PM,04-26-2026,04-26-2026 13:17:08,0,0,eGFP4,WHEEL
4732,01:17 PM,04-26-2026,04-26-2026 13:17:15,0,0,eGFP4,WHEEL
4733,01:25 PM,04-26-2026,04-26-2026 13:25:21,0,0,eGFP4,WHEEL
4734,01:25 PM,04-26-2026,04-26-2026 13:25:25,0,0,eGFP4,WHEEL
4735,01:25 PM,04-26-2026,04-26-2026 13:25:27,0,0,eGFP4,WHEEL
4736,01:25 PM,04-26-2026,04-26-2026 13:25:29,0,0,eGFP4,WHEEL
4737,01:25 PM,04-26-2026,04-26-2026 13:25:37,0,0,eGFP4,WHEEL
4738,01:25 PM,04-26-2026,04-26-2026 13:25:38,0,0,eGFP4,WHEEL
4739,01:26 PM,04-26-2026,04-26-2026 13:26:22,0,0,eGFP4,WHEEL
4740,01:26 PM,04-26-2026,04-26-2026 13:26:23,0,0,eGFP4,WHEEL
4741,01:27 PM,04-26-2026,04-26-2026 13:27:05,0,0,eGFP4,WHEEL
4742,01:27 PM,04-26-2026,04-26-2026 13:27:06,0,0,eGFP4,WHEEL
4743,01:27 PM,04-26-2026,04-26-2026 13:27:07,0,0,eGFP4,WHEEL
4744,01:27 PM,04-26-2026,04-26-2026 13:27:12,0,0,eGFP4,WHEEL
4745,01:27 PM,04-26-2026,04-26-2026 13:27:13,0,0,eGFP4,WHEEL
4746,01:27 PM,04-26-2026,04-26-2026 13:27:14,0,0,eGFP4,WHEEL
4747,01:27 PM,04-26-2026,04-26-2026 13:27:17,0,0,eGFP4,WHEEL
4748,01:28 PM,04-26-2026,04-26-2026 13:28:40,0,0,eGFP4,WHEEL
4749,01:29 PM,04-26-2026,04-26-2026 13:29:30,0,0,eGFP4,WHEEL
4750,01:29 PM,04-26-2026,04-26-2026 13:29:44,0,0,eGFP4,WHEEL
4751,01:29 PM,04-26-2026,04-26-2026 13:29:45,0,0,eGFP4,WHEEL
4752,01:29 PM,04-26-2026,04-26-2026 13:29:45,0,0,eGFP4,WHEEL
4753,01:29 PM,04-26-2026,04-26-2026 13:29:49,0,0,eGFP4,WHEEL
4754,01:29 PM,04-26-2026,04-26-2026 13:29:50,0,0,eGFP4,WHEEL
4755,01:29 PM,04-26-2026,04-26-2026 13:29:50,0,0,eGFP4,WHEEL
4756,01:29 PM,04-26-2026,04-26-2026 13:29:54,0,0,eGFP4,WHEEL
4757,01:30 PM,04-26-2026,04-26-2026 13:30:09,0,0,eGFP4,WHEEL
4758,01:30 PM,04-26-2026,04-26-2026 13:30:09,0,0,eGFP4,WHEEL
4759,01:30 PM,04-26-2026,04-26-2026 13:30:10,0,0,eGFP4,WHEEL
4760,01:30 PM,04-26-2026,04-26-2026 13:30:14,0,0,eGFP4,WHEEL
4761,01:30 PM,04-26-2026,04-26-2026 13:30:20,0,0,eGFP4,WHEEL
4762,01:30 PM,04-26-2026,04-26-2026 13:30:21,0,0,eGFP4,WHEEL
4763,01:30 PM,04-26-2026,04-26-2026 13:30:44,0,0,eGFP4,WHEEL
4764,01:30 PM,04-26-2026,04-26-2026 13:30:49,0,0,eGFP4,WHEEL
4765,01:30 PM,04-26-2026,04-26-2026 13:30:50,0,0,eGFP4,WHEEL
4766,01:30 PM,04-26-2026,04-26-2026 13:30:50,0,0,eGFP4,WHEEL
4767,01:30 PM,04-26-2026,04-26-2026 13:30:53,0,0,eGFP4,WHEEL
4768,01:30 PM,04-26-2026,04-26-2026 13:30:53,0,0,eGFP4,WHEEL
4769,01:30 PM,04-26-2026,04-26-2026 13:30:54,0,0,eGFP4,WHEEL
4770,01:30 PM,04-26-2026,04-26-2026 13:30:55,0,0,eGFP4,WHEEL
4771,01:31 PM,04-26-2026,04-26-2026 13:31:06,0,0,eGFP4,WHEEL
4772,01:31 PM,04-26-2026,04-26-2026 13:31:07,0,0,eGFP4,WHEEL
4773,01:31 PM,04-26-2026,04-26-2026 13:31:07,0,0,eGFP4,WHEEL
4774,01:31 PM,04-26-2026,04-26-2026 13:31:08,0,0,eGFP4,WHEEL
4775,01:31 PM,04-26-2026,04-26-2026 13:31:12,0,0,eGFP4,WHEEL
4776,01:33 PM,04-26-2026,04-26-2026 13:33:36,0,0,eGFP4,WHEEL
4777,01:33 PM,04-26-2026,04-26-2026 13:33:37,0,0,eGFP4,WHEEL
4778,01:33 PM,04-26-2026,04-26-2026 13:33:43,0,0,eGFP4,WHEEL
4779,01:33 PM,04-26-2026,04-26-2026 13:33:44,0,0,eGFP4,WHEEL
4780,01:33 PM,04-26-2026,04-26-2026 13:33:45,0,0,eGFP4,WHEEL
4781,01:33 PM,04-26-2026,04-26-2026 13:33:45,0,0,eGFP4,WHEEL
4782,01:34 PM,04-26-2026,04-26-2026 13:34:07,0,0,eGFP4,WHEEL
4783,01:34 PM,04-26-2026,04-26-2026 13:34:08,0,0,eGFP4,WHEEL
4784,01:34 PM,04-26-2026,04-26-2026 13:34:09,0,0,eGFP4,WHEEL
4785,01:34 PM,04-26-2026,04-26-2026 13:34:10,0,0,eGFP4,WHEEL
4786,01:34 PM,04-26-2026,04-26-2026 13:34:23,0,0,eGFP4,WHEEL
4787,01:34 PM,04-26-2026,04-26-2026 13:34:24,0,0,eGFP4,WHEEL
4788,01:34 PM,04-26-2026,04-26-2026 13:34:24,0,0,eGFP4,WHEEL
4789,01:34 PM,04-26-2026,04-26-2026 13:34:25,0,0,eGFP4,WHEEL
4790,01:34 PM,04-26-2026,04-26-2026 13:34:26,0,0,eGFP4,WHEEL
4791,01:34 PM,04-26-2026,04-26-2026 13:34:28,0,0,eGFP4,WHEEL
4792,01:34 PM,04-26-2026,04-26-2026 13:34:29,0,0,eGFP4,WHEEL
4793,01:40 PM,04-26-2026,04-26-2026 13:40:59,0,0,eGFP4,WHEEL
4794,01:41 PM,04-26-2026,04-26-2026 13:41:01,0,0,eGFP4,WHEEL
4795,01:41 PM,04-26-2026,04-26-2026 13:41:03,0,0,eGFP4,WHEEL
4796,01:41 PM,04-26-2026,04-26-2026 13:41:04,0,0,eGFP4,WHEEL
4797,01:41 PM,04-26-2026,04-26-2026 13:41:06,0,0,eGFP4,WHEEL
4798,01:41 PM,04-26-2026,04-26-2026 13:41:07,0,0,eGFP4,WHEEL
4799,01:41 PM,04-26-2026,04-26-2026 13:41:08,0,0,eGFP4,WHEEL
4800,01:42 PM,04-26-2026,04-26-2026 13:42:00,0,0,eGFP4,WHEEL
4801,01:42 PM,04-26-2026,04-26-2026 13:42:01,0,0,eGFP4,WHEEL
4802,01:42 PM,04-26-2026,04-26-2026 13:42:59,0,0,eGFP4,WHEEL
4803,01:43 PM,04-26-2026,04-26-2026 13:43:00,0,0,eGFP4,WHEEL
4804,01:43 PM,04-26-2026,04-26-2026 13:43:04,0,0,eGFP4,WHEEL
4805,01:43 PM,04-26-2026,04-26-2026 13:43:04,0,0,eGFP4,WHEEL
4806,01:43 PM,04-26-2026,04-26-2026 13:43:05,0,0,eGFP4,WHEEL
4807,01:43 PM,04-26-2026,04-26-2026 13:43:06,0,0,eGFP4,WHEEL
4808,01:43 PM,04-26-2026,04-26-2026 13:43:08,0,0,eGFP4,WHEEL
4809,01:43 PM,04-26-2026,04-26-2026 13:43:10,0,0,eGFP4,WHEEL
4810,01:43 PM,04-26-2026,04-26-2026 13:43:22,0,0,eGFP4,WHEEL
4811,01:43 PM,04-26-2026,04-26-2026 13:43:23,0,0,eGFP4,WHEEL
4812,01:43 PM,04-26-2026,04-26-2026 13:43:24,0,0,eGFP4,WHEEL
4813,01:43 PM,04-26-2026,04-26-2026 13:43:56,0,0,eGFP4,WHEEL
4814,01:45 PM,04-26-2026,04-26-2026 13:45:19,0,0,eGFP4,WHEEL
4815,01:45 PM,04-26-2026,04-26-2026 13:45:26,0,0,eGFP4,WHEEL
4816,01:47 PM,04-26-2026,04-26-2026 13:47:59,0,0,eGFP4,WHEEL
4817,01:47 PM,04-26-2026,04-26-2026 13:47:59,0,0,eGFP4,WHEEL
4818,01:48 PM,04-26-2026,04-26-2026 13:48:02,0,0,eGFP4,WHEEL
4819,01:48 PM,04-26-2026,04-26-2026 13:48:06,0,0,eGFP4,WHEEL
4820,01:48 PM,04-26-2026,04-26-2026 13:48:13,0,0,eGFP4,WHEEL
4821,01:48 PM,04-26-2026,04-26-2026 13:48:15,0,0,eGFP4,WHEEL
4822,01:48 PM,04-26-2026,04-26-2026 13:48:16,0,0,eGFP4,WHEEL
4823,01:48 PM,04-26-2026,04-26-2026 13:48:17,0,0,eGFP4,WHEEL
4824,01:48 PM,04-26-2026,04-26-2026 13:48:17,0,0,eGFP4,WHEEL
4825,01:48 PM,04-26-2026,04-26-2026 13:48:22,0,0,eGFP4,WHEEL
4826,01:48 PM,04-26-2026,04-26-2026 13:48:23,0,0,eGFP4,WHEEL
4827,01:48 PM,04-26-2026,04-26-2026 13:48:31,0,0,eGFP4,WHEEL
4828,01:48 PM,04-26-2026,04-26-2026 13:48:32,0,0,eGFP4,WHEEL
4829,01:48 PM,04-26-2026,04-26-2026 13:48:32,0,0,eGFP4,WHEEL
4830,01:48 PM,04-26-2026,04-26-2026 13:48:40,0,0,eGFP4,WHEEL
4831,01:48 PM,04-26-2026,04-26-2026 13:48:41,0,0,eGFP4,WHEEL
4832,01:48 PM,04-26-2026,04-26-2026 13:48:43,0,0,eGFP4,WHEEL
4833,01:48 PM,04-26-2026,04-26-2026 13:48:50,0,0,eGFP4,WHEEL
4834,01:48 PM,04-26-2026,04-26-2026 13:48:51,0,0,eGFP4,WHEEL
4835,01:48 PM,04-26-2026,04-26-2026 13:48:51,0,0,eGFP4,WHEEL
4836,01:48 PM,04-26-2026,04-26-2026 13:48:54,0,0,eGFP4,WHEEL
4837,01:48 PM,04-26-2026,04-26-2026 13:48:55,0,0,eGFP4,WHEEL
4838,01:49 PM,04-26-2026,04-26-2026 13:49:32,0,0,eGFP4,WHEEL
4839,01:49 PM,04-26-2026,04-26-2026 13:49:33,0,0,eGFP4,WHEEL
4840,01:49 PM,04-26-2026,04-26-2026 13:49:33,0,0,eGFP4,WHEEL
4841,01:49 PM,04-26-2026,04-26-2026 13:49:34,0,0,eGFP4,WHEEL
4842,01:49 PM,04-26-2026,04-26-2026 13:49:38,0,0,eGFP4,WHEEL
4843,01:49 PM,04-26-2026,04-26-2026 13:49:44,0,0,eGFP4,WHEEL
4844,01:49 PM,04-26-2026,04-26-2026 13:49:45,0,0,eGFP4,WHEEL
4845,01:49 PM,04-26-2026,04-26-2026 13:49:48,0,0,eGFP4,WHEEL
4846,01:49 PM,04-26-2026,04-26-2026 13:49:58,0,0,eGFP4,WHEEL
4847,01:49 PM,04-26-2026,04-26-2026 13:49:59,0,0,eGFP4,WHEEL
4848,01:50 PM,04-26-2026,04-26-2026 13:50:00,0,0,eGFP4,WHEEL
4849,01:50 PM,04-26-2026,04-26-2026 13:50:01,0,0,eGFP4,WHEEL
4850,01:50 PM,04-26-2026,04-26-2026 13:50:05,0,0,eGFP4,WHEEL
4851,01:50 PM,04-26-2026,04-26-2026 13:50:06,0,0,eGFP4,WHEEL
4852,01:50 PM,04-26-2026,04-26-2026 13:50:13,0,0,eGFP4,WHEEL
4853,01:50 PM,04-26-2026,04-26-2026 13:50:13,0,0,eGFP4,WHEEL
4854,01:50 PM,04-26-2026,04-26-2026 13:50:14,0,0,eGFP4,WHEEL
4855,01:50 PM,04-26-2026,04-26-2026 13:50:15,0,0,eGFP4,WHEEL
4856,01:50 PM,04-26-2026,04-26-2026 13:50:16,0,0,eGFP4,WHEEL
4857,01:50 PM,04-26-2026,04-26-2026 13:50:19,0,0,eGFP4,WHEEL
4858,01:50 PM,04-26-2026,04-26-2026 13:50:20,0,0,eGFP4,WHEEL
4859,01:50 PM,04-26-2026,04-26-2026 13:50:24,0,0,eGFP4,WHEEL
4860,01:50 PM,04-26-2026,04-26-2026 13:50:24,0,0,eGFP4,WHEEL
4861,01:51 PM,04-26-2026,04-26-2026 13:51:16,0,0,eGFP4,WHEEL
4862,01:51 PM,04-26-2026,04-26-2026 13:51:25,0,0,eGFP4,WHEEL
4863,01:51 PM,04-26-2026,04-26-2026 13:51:29,0,0,eGFP4,WHEEL
4864,01:51 PM,04-26-2026,04-26-2026 13:51:30,0,0,eGFP4,WHEEL
4865,01:51 PM,04-26-2026,04-26-2026 13:51:30,0,0,eGFP4,WHEEL
4866,01:51 PM,04-26-2026,04-26-2026 13:51:33,0,0,eGFP4,WHEEL
4867,01:51 PM,04-26-2026,04-26-2026 13:51:34,0,0,eGFP4,WHEEL
4868,01:51 PM,04-26-2026,04-26-2026 13:51:36,0,0,eGFP4,WHEEL
4869,01:51 PM,04-26-2026,04-26-2026 13:51:37,0,0,eGFP4,WHEEL
4870,01:51 PM,04-26-2026,04-26-2026 13:51:37,0,0,eGFP4,WHEEL
4871,01:51 PM,04-26-2026,04-26-2026 13:51:40,0,0,eGFP4,WHEEL
4872,01:51 PM,04-26-2026,04-26-2026 13:51:41,0,0,eGFP4,WHEEL
4873,01:51 PM,04-26-2026,04-26-2026 13:51:44,0,0,eGFP4,WHEEL
4874,01:51 PM,04-26-2026,04-26-2026 13:51:45,0,0,eGFP4,WHEEL
4875,01:51 PM,04-26-2026,04-26-2026 13:51:45,0,0,eGFP4,WHEEL
4876,01:51 PM,04-26-2026,04-26-2026 13:51:50,0,0,eGFP4,WHEEL
4877,01:51 PM,04-26-2026,04-26-2026 13:51:58,0,0,eGFP4,WHEEL
4878,01:51 PM,04-26-2026,04-26-2026 13:51:58,0,0,eGFP4,WHEEL
4879,01:51 PM,04-26-2026,04-26-2026 13:51:59,0,0,eGFP4,WHEEL
4880,01:52 PM,04-26-2026,04-26-2026 13:52:00,0,0,eGFP4,WHEEL
4881,01:52 PM,04-26-2026,04-26-2026 13:52:01,0,0,eGFP4,WHEEL
4882,01:52 PM,04-26-2026,04-26-2026 13:52:04,0,0,eGFP4,WHEEL
4883,01:52 PM,04-26-2026,04-26-2026 13:52:05,0,0,eGFP4,WHEEL
4884,01:52 PM,04-26-2026,04-26-2026 13:52:06,0,0,eGFP4,WHEEL
4885,01:52 PM,04-26-2026,04-26-2026 13:52:07,0,0,eGFP4,WHEEL
4886,01:52 PM,04-26-2026,04-26-2026 13:52:09,0,0,eGFP4,WHEEL
4887,01:52 PM,04-26-2026,04-26-2026 13:52:10,0,0,eGFP4,WHEEL
4888,01:52 PM,04-26-2026,04-26-2026 13:52:16,0,0,eGFP4,WHEEL
4889,01:52 PM,04-26-2026,04-26-2026 13:52:24,0,0,eGFP4,WHEEL
4890,01:52 PM,04-26-2026,04-26-2026 13:52:25,0,0,eGFP4,WHEEL
4891,01:52 PM,04-26-2026,04-26-2026 13:52:25,0,0,eGFP4,WHEEL
4892,01:52 PM,04-26-2026,04-26-2026 13:52:35,0,0,eGFP4,WHEEL
4893,01:52 PM,04-26-2026,04-26-2026 13:52:36,0,0,eGFP4,WHEEL
4894,01:52 PM,04-26-2026,04-26-2026 13:52:37,0,0,eGFP4,WHEEL
4895,01:52 PM,04-26-2026,04-26-2026 13:52:41,0,0,eGFP4,WHEEL
4896,01:52 PM,04-26-2026,04-26-2026 13:52:42,0,0,eGFP4,WHEEL
4897,01:52 PM,04-26-2026,04-26-2026 13:52:42,0,0,eGFP4,WHEEL
4898,01:52 PM,04-26-2026,04-26-2026 13:52:46,0,0,eGFP4,WHEEL
4899,01:55 PM,04-26-2026,04-26-2026 13:55:24,0,0,eGFP4,WHEEL
4900,01:55 PM,04-26-2026,04-26-2026 13:55:27,0,0,eGFP4,WHEEL
4901,01:56 PM,04-26-2026,04-26-2026 13:56:06,0,0,eGFP4,WHEEL
4902,01:56 PM,04-26-2026,04-26-2026 13:56:07,0,0,eGFP4,WHEEL
4903,01:56 PM,04-26-2026,04-26-2026 13:56:07,0,0,eGFP4,WHEEL
4904,01:56 PM,04-26-2026,04-26-2026 13:56:13,0,0,eGFP4,WHEEL
4905,01:56 PM,04-26-2026,04-26-2026 13:56:14,0,0,eGFP4,WHEEL
4906,01:56 PM,04-26-2026,04-26-2026 13:56:14,0,0,eGFP4,WHEEL
4907,01:56 PM,04-26-2026,04-26-2026 13:56:19,0,0,eGFP4,WHEEL
4908,01:56 PM,04-26-2026,04-26-2026 13:56:20,0,0,eGFP4,WHEEL
4909,01:56 PM,04-26-2026,04-26-2026 13:56:21,0,0,eGFP4,WHEEL
4910,01:56 PM,04-26-2026,04-26-2026 13:56:26,0,0,eGFP4,WHEEL
4911,01:59 PM,04-26-2026,04-26-2026 13:59:58,0,0,eGFP4,WHEEL
4912,02:00 PM,04-26-2026,04-26-2026 14:00:10,0,0,eGFP4,WHEEL
4913,02:00 PM,04-26-2026,04-26-2026 14:00:11,0,0,eGFP4,WHEEL
4914,02:00 PM,04-26-2026,04-26-2026 14:00:12,0,0,eGFP4,WHEEL
4915,02:00 PM,04-26-2026,04-26-2026 14:00:13,0,0,eGFP4,WHEEL
4916,02:00 PM,04-26-2026,04-26-2026 14:00:13,0,0,eGFP4,WHEEL
4917,02:00 PM,04-26-2026,04-26-2026 14:00:14,0,0,eGFP4,WHEEL
4918,02:00 PM,04-26-2026,04-26-2026 14:00:15,0,0,eGFP4,WHEEL
4919,02:00 PM,04-26-2026,04-26-2026 14:00:15,0,0,eGFP4,WHEEL
4920,02:00 PM,04-26-2026,04-26-2026 14:00:16,0,0,eGFP4,WHEEL
4921,02:00 PM,04-26-2026,04-26-2026 14:00:17,0,0,eGFP4,WHEEL
4922,02:00 PM,04-26-2026,04-26-2026 14:00:17,0,0,eGFP4,WHEEL
4923,02:00 PM,04-26-2026,04-26-2026 14:00:18,0,0,eGFP4,WHEEL
4924,02:00 PM,04-26-2026,04-26-2026 14:00:18,0,0,eGFP4,WHEEL
4925,02:00 PM,04-26-2026,04-26-2026 14:00:20,0,0,eGFP4,WHEEL
4926,02:00 PM,04-26-2026,04-26-2026 14:00:22,0,0,eGFP4,WHEEL
4927,02:00 PM,04-26-2026,04-26-2026 14:00:23,0,0,eGFP4,WHEEL
4928,02:00 PM,04-26-2026,04-26-2026 14:00:23,0,0,eGFP4,WHEEL
4929,02:00 PM,04-26-2026,04-26-2026 14:00:24,0,0,eGFP4,WHEEL
4930,02:00 PM,04-26-2026,04-26-2026 14:00:24,0,0,eGFP4,WHEEL
4931,02:00 PM,04-26-2026,04-26-2026 14:00:25,0,0,eGFP4,WHEEL
4932,02:00 PM,04-26-2026,04-26-2026 14:00:25,0,0,eGFP4,WHEEL
4933,02:00 PM,04-26-2026,04-26-2026 14:00:26,0,0,eGFP4,WHEEL
4934,02:00 PM,04-26-2026,04-26-2026 14:00:27,0,0,eGFP4,WHEEL
4935,02:00 PM,04-26-2026,04-26-2026 14:00:28,0,0,eGFP4,WHEEL
4936,02:00 PM,04-26-2026,04-26-2026 14:00:29,0,0,eGFP4,WHEEL
4937,02:00 PM,04-26-2026,04-26-2026 14:00:30,0,0,eGFP4,WHEEL
4938,02:00 PM,04-26-2026,04-26-2026 14:00:33,0,0,eGFP4,WHEEL
4939,02:00 PM,04-26-2026,04-26-2026 14:00:34,0,0,eGFP4,WHEEL
4940,02:00 PM,04-26-2026,04-26-2026 14:00:37,0,0,eGFP4,WHEEL
4941,02:00 PM,04-26-2026,04-26-2026 14:00:38,0,0,eGFP4,WHEEL
4942,02:00 PM,04-26-2026,04-26-2026 14:00:39,0,0,eGFP4,WHEEL
4943,02:00 PM,04-26-2026,04-26-2026 14:00:40,0,0,eGFP4,WHEEL
4944,02:00 PM,04-26-2026,04-26-2026 14:00:40,0,0,eGFP4,WHEEL
4945,02:00 PM,04-26-2026,04-26-2026 14:00:41,0,0,eGFP4,WHEEL
4946,02:00 PM,04-26-2026,04-26-2026 14:00:41,0,0,eGFP4,WHEEL
4947,02:00 PM,04-26-2026,04-26-2026 14:00:42,0,0,eGFP4,WHEEL
4948,02:00 PM,04-26-2026,04-26-2026 14:00:42,0,0,eGFP4,WHEEL
4949,02:00 PM,04-26-2026,04-26-2026 14:00:43,0,0,eGFP4,WHEEL
4950,02:00 PM,04-26-2026,04-26-2026 14:00:43,0,0,eGFP4,WHEEL
4951,02:00 PM,04-26-2026,04-26-2026 14:00:44,0,0,eGFP4,WHEEL
4952,02:00 PM,04-26-2026,04-26-2026 14:00:44,0,0,eGFP4,WHEEL
4953,02:00 PM,04-26-2026,04-26-2026 14:00:45,0,0,eGFP4,WHEEL
4954,02:00 PM,04-26-2026,04-26-2026 14:00:45,0,0,eGFP4,WHEEL
4955,02:00 PM,04-26-2026,04-26-2026 14:00:46,0,0,eGFP4,WHEEL
4956,02:00 PM,04-26-2026,04-26-2026 14:00:46,0,0,eGFP4,WHEEL
4957,02:00 PM,04-26-2026,04-26-2026 14:00:47,0,0,eGFP4,WHEEL
4958,02:00 PM,04-26-2026,04-26-2026 14:00:47,0,0,eGFP4,WHEEL
4959,02:00 PM,04-26-2026,04-26-2026 14:00:47,0,0,eGFP4,WHEEL
4960,02:00 PM,04-26-2026,04-26-2026 14:00:48,0,0,eGFP4,WHEEL
4961,02:00 PM,04-26-2026,04-26-2026 14:00:48,0,0,eGFP4,WHEEL
4962,02:00 PM,04-26-2026,04-26-2026 14:00:49,0,0,eGFP4,WHEEL
4963,02:00 PM,04-26-2026,04-26-2026 14:00:49,0,0,eGFP4,WHEEL
4964,02:01 PM,04-26-2026,04-26-2026 14:01:14,0,0,eGFP4,WHEEL
4965,02:01 PM,04-26-2026,04-26-2026 14:01:20,0,0,eGFP4,WHEEL
4966,02:01 PM,04-26-2026,04-26-2026 14:01:21,0,0,eGFP4,WHEEL
4967,02:01 PM,04-26-2026,04-26-2026 14:01:22,0,0,eGFP4,WHEEL
4968,02:01 PM,04-26-2026,04-26-2026 14:01:22,0,0,eGFP4,WHEEL
4969,02:01 PM,04-26-2026,04-26-2026 14:01:22,0,0,eGFP4,WHEEL
4970,02:01 PM,04-26-2026,04-26-2026 14:01:23,0,0,eGFP4,WHEEL
4971,02:01 PM,04-26-2026,04-26-2026 14:01:23,0,0,eGFP4,WHEEL
4972,02:01 PM,04-26-2026,04-26-2026 14:01:24,0,0,eGFP4,WHEEL
4973,02:01 PM,04-26-2026,04-26-2026 14:01:24,0,0,eGFP4,WHEEL
4974,02:01 PM,04-26-2026,04-26-2026 14:01:25,0,0,eGFP4,WHEEL
4975,02:01 PM,04-26-2026,04-26-2026 14:01:25,0,0,eGFP4,WHEEL
4976,02:01 PM,04-26-2026,04-26-2026 14:01:26,0,0,eGFP4,WHEEL
4977,02:01 PM,04-26-2026,04-26-2026 14:01:26,0,0,eGFP4,WHEEL
4978,02:01 PM,04-26-2026,04-26-2026 14:01:27,0,0,eGFP4,WHEEL
4979,02:01 PM,04-26-2026,04-26-2026 14:01:28,0,0,eGFP4,WHEEL
4980,02:01 PM,04-26-2026,04-26-2026 14:01:28,0,0,eGFP4,WHEEL
4981,02:01 PM,04-26-2026,04-26-2026 14:01:30,0,0,eGFP4,WHEEL
4982,02:01 PM,04-26-2026,04-26-2026 14:01:30,0,0,eGFP4,WHEEL
4983,02:01 PM,04-26-2026,04-26-2026 14:01:32,0,0,eGFP4,WHEEL
4984,02:01 PM,04-26-2026,04-26-2026 14:01:48,0,0,eGFP4,WHEEL
4985,02:01 PM,04-26-2026,04-26-2026 14:01:49,0,0,eGFP4,WHEEL
4986,02:01 PM,04-26-2026,04-26-2026 14:01:50,0,0,eGFP4,WHEEL
4987,02:01 PM,04-26-2026,04-26-2026 14:01:50,0,0,eGFP4,WHEEL
4988,02:01 PM,04-26-2026,04-26-2026 14:01:57,0,0,eGFP4,WHEEL
4989,02:01 PM,04-26-2026,04-26-2026 14:01:58,0,0,eGFP4,WHEEL
4990,02:01 PM,04-26-2026,04-26-2026 14:01:59,0,0,eGFP4,WHEEL
4991,02:01 PM,04-26-2026,04-26-2026 14:01:59,0,0,eGFP4,WHEEL
4992,02:02 PM,04-26-2026,04-26-2026 14:02:00,0,0,eGFP4,WHEEL
4993,02:02 PM,04-26-2026,04-26-2026 14:02:00,0,0,eGFP4,WHEEL
4994,02:02 PM,04-26-2026,04-26-2026 14:02:01,0,0,eGFP4,WHEEL
4995,02:02 PM,04-26-2026,04-26-2026 14:02:01,0,0,eGFP4,WHEEL
4996,02:02 PM,04-26-2026,04-26-2026 14:02:01,0,0,eGFP4,WHEEL
4997,02:02 PM,04-26-2026,04-26-2026 14:02:03,0,0,eGFP4,WHEEL
4998,02:02 PM,04-26-2026,04-26-2026 14:02:04,0,0,eGFP4,WHEEL
4999,02:02 PM,04-26-2026,04-26-2026 14:02:04,0,0,eGFP4,WHEEL
5000,02:02 PM,04-26-2026,04-26-2026 14:02:05,0,0,eGFP4,WHEEL
5001,02:02 PM,04-26-2026,04-26-2026 14:02:05,0,0,eGFP4,WHEEL
5002,02:02 PM,04-26-2026,04-26-2026 14:02:06,0,0,eGFP4,WHEEL
5003,02:02 PM,04-26-2026,04-26-2026 14:02:06,0,0,eGFP4,WHEEL
5004,02:02 PM,04-26-2026,04-26-2026 14:02:06,0,0,eGFP4,WHEEL
5005,02:02 PM,04-26-2026,04-26-2026 14:02:07,0,0,eGFP4,WHEEL
5006,02:02 PM,04-26-2026,04-26-2026 14:02:07,0,0,eGFP4,WHEEL
5007,02:02 PM,04-26-2026,04-26-2026 14:02:08,0,0,eGFP4,WHEEL
5008,02:02 PM,04-26-2026,04-26-2026 14:02:08,0,0,eGFP4,WHEEL
5009,02:02 PM,04-26-2026,04-26-2026 14:02:09,0,0,eGFP4,WHEEL
5010,02:02 PM,04-26-2026,04-26-2026 14:02:09,0,0,eGFP4,WHEEL
5011,02:02 PM,04-26-2026,04-26-2026 14:02:09,0,0,eGFP4,WHEEL
5012,02:02 PM,04-26-2026,04-26-2026 14:02:10,0,0,eGFP4,WHEEL
5013,02:02 PM,04-26-2026,04-26-2026 14:02:10,0,0,eGFP4,WHEEL
5014,02:02 PM,04-26-2026,04-26-2026 14:02:11,0,0,eGFP4,WHEEL
5015,02:02 PM,04-26-2026,04-26-2026 14:02:11,0,0,eGFP4,WHEEL
5016,02:02 PM,04-26-2026,04-26-2026 14:02:12,0,0,eGFP4,WHEEL
5017,02:02 PM,04-26-2026,04-26-2026 14:02:12,0,0,eGFP4,WHEEL
5018,02:02 PM,04-26-2026,04-26-2026 14:02:13,0,0,eGFP4,WHEEL
5019,02:02 PM,04-26-2026,04-26-2026 14:02:13,0,0,eGFP4,WHEEL
5020,02:02 PM,04-26-2026,04-26-2026 14:02:13,0,0,eGFP4,WHEEL
5021,02:02 PM,04-26-2026,04-26-2026 14:02:17,0,0,eGFP4,WHEEL
5022,02:02 PM,04-26-2026,04-26-2026 14:02:18,0,0,eGFP4,WHEEL
5023,02:02 PM,04-26-2026,04-26-2026 14:02:18,0,0,eGFP4,WHEEL
5024,02:02 PM,04-26-2026,04-26-2026 14:02:19,0,0,eGFP4,WHEEL
5025,02:02 PM,04-26-2026,04-26-2026 14:02:19,0,0,eGFP4,WHEEL
5026,02:02 PM,04-26-2026,04-26-2026 14:02:20,0,0,eGFP4,WHEEL
5027,02:02 PM,04-26-2026,04-26-2026 14:02:20,0,0,eGFP4,WHEEL
5028,02:02 PM,04-26-2026,04-26-2026 14:02:21,0,0,eGFP4,WHEEL
5029,02:02 PM,04-26-2026,04-26-2026 14:02:23,0,0,eGFP4,WHEEL
5030,02:02 PM,04-26-2026,04-26-2026 14:02:23,0,0,eGFP4,WHEEL
5031,02:02 PM,04-26-2026,04-26-2026 14:02:24,0,0,eGFP4,WHEEL
5032,02:02 PM,04-26-2026,04-26-2026 14:02:25,0,0,eGFP4,WHEEL
5033,02:02 PM,04-26-2026,04-26-2026 14:02:26,0,0,eGFP4,WHEEL
5034,02:02 PM,04-26-2026,04-26-2026 14:02:26,0,0,eGFP4,WHEEL
5035,02:02 PM,04-26-2026,04-26-2026 14:02:27,0,0,eGFP4,WHEEL
5036,02:02 PM,04-26-2026,04-26-2026 14:02:27,0,0,eGFP4,WHEEL
5037,02:02 PM,04-26-2026,04-26-2026 14:02:29,0,0,eGFP4,WHEEL
5038,02:02 PM,04-26-2026,04-26-2026 14:02:32,0,0,eGFP4,WHEEL
5039,02:02 PM,04-26-2026,04-26-2026 14:02:33,0,0,eGFP4,WHEEL
5040,02:02 PM,04-26-2026,04-26-2026 14:02:34,0,0,eGFP4,WHEEL
5041,02:02 PM,04-26-2026,04-26-2026 14:02:35,0,0,eGFP4,WHEEL
5042,02:02 PM,04-26-2026,04-26-2026 14:02:36,0,0,eGFP4,WHEEL
5043,02:02 PM,04-26-2026,04-26-2026 14:02:36,0,0,eGFP4,WHEEL
5044,02:02 PM,04-26-2026,04-26-2026 14:02:37,0,0,eGFP4,WHEEL
5045,02:02 PM,04-26-2026,04-26-2026 14:02:37,0,0,eGFP4,WHEEL
5046,02:02 PM,04-26-2026,04-26-2026 14:02:38,0,0,eGFP4,WHEEL
5047,02:02 PM,04-26-2026,04-26-2026 14:02:38,0,0,eGFP4,WHEEL
5048,02:02 PM,04-26-2026,04-26-2026 14:02:39,0,0,eGFP4,WHEEL
5049,02:02 PM,04-26-2026,04-26-2026 14:02:39,0,0,eGFP4,WHEEL
5050,02:02 PM,04-26-2026,04-26-2026 14:02:40,0,0,eGFP4,WHEEL
5051,02:02 PM,04-26-2026,04-26-2026 14:02:40,0,0,eGFP4,WHEEL
5052,02:02 PM,04-26-2026,04-26-2026 14:02:41,0,0,eGFP4,WHEEL
5053,02:02 PM,04-26-2026,04-26-2026 14:02:41,0,0,eGFP4,WHEEL
5054,02:02 PM,04-26-2026,04-26-2026 14:02:42,0,0,eGFP4,WHEEL
5055,02:02 PM,04-26-2026,04-26-2026 14:02:42,0,0,eGFP4,WHEEL
5056,02:02 PM,04-26-2026,04-26-2026 14:02:43,0,0,eGFP4,WHEEL
5057,02:02 PM,04-26-2026,04-26-2026 14:02:44,0,0,eGFP4,WHEEL
5058,02:02 PM,04-26-2026,04-26-2026 14:02:44,0,0,eGFP4,WHEEL
5059,02:02 PM,04-26-2026,04-26-2026 14:02:45,0,0,eGFP4,WHEEL
5060,02:02 PM,04-26-2026,04-26-2026 14:02:45,0,0,eGFP4,WHEEL
5061,02:02 PM,04-26-2026,04-26-2026 14:02:46,0,0,eGFP4,WHEEL
5062,02:02 PM,04-26-2026,04-26-2026 14:02:46,0,0,eGFP4,WHEEL
5063,02:02 PM,04-26-2026,04-26-2026 14:02:47,0,0,eGFP4,WHEEL
5064,02:02 PM,04-26-2026,04-26-2026 14:02:47,0,0,eGFP4,WHEEL
5065,02:02 PM,04-26-2026,04-26-2026 14:02:48,0,0,eGFP4,WHEEL
5066,02:02 PM,04-26-2026,04-26-2026 14:02:48,0,0,eGFP4,WHEEL
5067,02:02 PM,04-26-2026,04-26-2026 14:02:49,0,0,eGFP4,WHEEL
5068,02:02 PM,04-26-2026,04-26-2026 14:02:50,0,0,eGFP4,WHEEL
5069,02:02 PM,04-26-2026,04-26-2026 14:02:50,0,0,eGFP4,WHEEL
5070,02:02 PM,04-26-2026,04-26-2026 14:02:51,0,0,eGFP4,WHEEL
5071,02:02 PM,04-26-2026,04-26-2026 14:02:51,0,0,eGFP4,WHEEL
5072,02:02 PM,04-26-2026,04-26-2026 14:02:52,0,0,eGFP4,WHEEL
5073,02:02 PM,04-26-2026,04-26-2026 14:02:52,0,0,eGFP4,WHEEL
5074,02:02 PM,04-26-2026,04-26-2026 14:02:53,0,0,eGFP4,WHEEL
5075,02:02 PM,04-26-2026,04-26-2026 14:02:53,0,0,eGFP4,WHEEL
5076,02:02 PM,04-26-2026,04-26-2026 14:02:54,0,0,eGFP4,WHEEL
5077,02:02 PM,04-26-2026,04-26-2026 14:02:54,0,0,eGFP4,WHEEL
5078,02:02 PM,04-26-2026,04-26-2026 14:02:55,0,0,eGFP4,WHEEL
5079,02:02 PM,04-26-2026,04-26-2026 14:02:56,0,0,eGFP4,WHEEL
5080,02:02 PM,04-26-2026,04-26-2026 14:02:56,0,0,eGFP4,WHEEL
5081,02:02 PM,04-26-2026,04-26-2026 14:02:57,0,0,eGFP4,WHEEL
5082,02:02 PM,04-26-2026,04-26-2026 14:02:57,0,0,eGFP4,WHEEL
5083,02:02 PM,04-26-2026,04-26-2026 14:02:58,0,0,eGFP4,WHEEL
5084,02:02 PM,04-26-2026,04-26-2026 14:02:59,0,0,eGFP4,WHEEL
5085,02:03 PM,04-26-2026,04-26-2026 14:03:00,0,0,eGFP4,WHEEL
5086,02:03 PM,04-26-2026,04-26-2026 14:03:00,0,0,eGFP4,WHEEL
5087,02:03 PM,04-26-2026,04-26-2026 14:03:01,0,0,eGFP4,WHEEL
5088,02:03 PM,04-26-2026,04-26-2026 14:03:01,0,0,eGFP4,WHEEL
5089,02:03 PM,04-26-2026,04-26-2026 14:03:02,0,0,eGFP4,WHEEL
5090,02:03 PM,04-26-2026,04-26-2026 14:03:02,0,0,eGFP4,WHEEL
5091,02:03 PM,04-26-2026,04-26-2026 14:03:03,0,0,eGFP4,WHEEL
5092,02:03 PM,04-26-2026,04-26-2026 14:03:04,0,0,eGFP4,WHEEL
5093,02:03 PM,04-26-2026,04-26-2026 14:03:05,0,0,eGFP4,WHEEL
5094,02:03 PM,04-26-2026,04-26-2026 14:03:05,0,0,eGFP4,WHEEL
5095,02:03 PM,04-26-2026,04-26-2026 14:03:06,0,0,eGFP4,WHEEL
5096,02:03 PM,04-26-2026,04-26-2026 14:03:06,0,0,eGFP4,WHEEL
5097,02:03 PM,04-26-2026,04-26-2026 14:03:07,0,0,eGFP4,WHEEL
5098,02:03 PM,04-26-2026,04-26-2026 14:03:07,0,0,eGFP4,WHEEL
5099,02:03 PM,04-26-2026,04-26-2026 14:03:08,0,0,eGFP4,WHEEL
5100,02:03 PM,04-26-2026,04-26-2026 14:03:09,0,0,eGFP4,WHEEL
5101,02:03 PM,04-26-2026,04-26-2026 14:03:09,0,0,eGFP4,WHEEL
5102,02:03 PM,04-26-2026,04-26-2026 14:03:09,0,0,eGFP4,WHEEL
5103,02:03 PM,04-26-2026,04-26-2026 14:03:10,0,0,eGFP4,WHEEL
5104,02:03 PM,04-26-2026,04-26-2026 14:03:11,0,0,eGFP4,WHEEL
5105,02:03 PM,04-26-2026,04-26-2026 14:03:11,0,0,eGFP4,WHEEL
5106,02:03 PM,04-26-2026,04-26-2026 14:03:12,0,0,eGFP4,WHEEL
5107,02:03 PM,04-26-2026,04-26-2026 14:03:13,0,0,eGFP4,WHEEL
5108,02:03 PM,04-26-2026,04-26-2026 14:03:14,0,0,eGFP4,WHEEL
5109,02:03 PM,04-26-2026,04-26-2026 14:03:14,0,0,eGFP4,WHEEL
5110,02:03 PM,04-26-2026,04-26-2026 14:03:15,0,0,eGFP4,WHEEL
5111,02:03 PM,04-26-2026,04-26-2026 14:03:15,0,0,eGFP4,WHEEL
5112,02:03 PM,04-26-2026,04-26-2026 14:03:16,0,0,eGFP4,WHEEL
5113,02:03 PM,04-26-2026,04-26-2026 14:03:17,0,0,eGFP4,WHEEL
5114,02:03 PM,04-26-2026,04-26-2026 14:03:18,0,0,eGFP4,WHEEL
5115,02:03 PM,04-26-2026,04-26-2026 14:03:19,0,0,eGFP4,WHEEL
5116,02:03 PM,04-26-2026,04-26-2026 14:03:19,0,0,eGFP4,WHEEL
5117,02:03 PM,04-26-2026,04-26-2026 14:03:20,0,0,eGFP4,WHEEL
5118,02:03 PM,04-26-2026,04-26-2026 14:03:21,0,0,eGFP4,WHEEL
5119,02:03 PM,04-26-2026,04-26-2026 14:03:23,0,0,eGFP4,WHEEL
5120,02:03 PM,04-26-2026,04-26-2026 14:03:24,0,0,eGFP4,WHEEL
5121,02:03 PM,04-26-2026,04-26-2026 14:03:24,0,0,eGFP4,WHEEL
5122,02:03 PM,04-26-2026,04-26-2026 14:03:25,0,0,eGFP4,WHEEL
5123,02:03 PM,04-26-2026,04-26-2026 14:03:26,0,0,eGFP4,WHEEL
5124,02:03 PM,04-26-2026,04-26-2026 14:03:27,0,0,eGFP4,WHEEL
5125,02:03 PM,04-26-2026,04-26-2026 14:03:28,0,0,eGFP4,WHEEL
5126,02:03 PM,04-26-2026,04-26-2026 14:03:28,0,0,eGFP4,WHEEL
5127,02:03 PM,04-26-2026,04-26-2026 14:03:29,0,0,eGFP4,WHEEL
5128,02:03 PM,04-26-2026,04-26-2026 14:03:30,0,0,eGFP4,WHEEL
5129,02:03 PM,04-26-2026,04-26-2026 14:03:31,0,0,eGFP4,WHEEL
5130,02:03 PM,04-26-2026,04-26-2026 14:03:31,0,0,eGFP4,WHEEL
5131,02:03 PM,04-26-2026,04-26-2026 14:03:32,0,0,eGFP4,WHEEL
5132,02:03 PM,04-26-2026,04-26-2026 14:03:32,0,0,eGFP4,WHEEL
5133,02:03 PM,04-26-2026,04-26-2026 14:03:33,0,0,eGFP4,WHEEL
5134,02:03 PM,04-26-2026,04-26-2026 14:03:34,0,0,eGFP4,WHEEL
5135,02:03 PM,04-26-2026,04-26-2026 14:03:34,0,0,eGFP4,WHEEL
5136,02:03 PM,04-26-2026,04-26-2026 14:03:35,0,0,eGFP4,WHEEL
5137,02:03 PM,04-26-2026,04-26-2026 14:03:35,0,0,eGFP4,WHEEL
5138,02:03 PM,04-26-2026,04-26-2026 14:03:36,0,0,eGFP4,WHEEL
5139,02:03 PM,04-26-2026,04-26-2026 14:03:37,0,0,eGFP4,WHEEL
5140,02:03 PM,04-26-2026,04-26-2026 14:03:38,0,0,eGFP4,WHEEL
5141,02:03 PM,04-26-2026,04-26-2026 14:03:39,0,0,eGFP4,WHEEL
5142,02:03 PM,04-26-2026,04-26-2026 14:03:40,0,0,eGFP4,WHEEL
5143,02:03 PM,04-26-2026,04-26-2026 14:03:41,0,0,eGFP4,WHEEL
5144,02:03 PM,04-26-2026,04-26-2026 14:03:41,0,0,eGFP4,WHEEL
5145,02:03 PM,04-26-2026,04-26-2026 14:03:42,0,0,eGFP4,WHEEL
5146,02:03 PM,04-26-2026,04-26-2026 14:03:42,0,0,eGFP4,WHEEL
5147,02:03 PM,04-26-2026,04-26-2026 14:03:43,0,0,eGFP4,WHEEL
5148,02:03 PM,04-26-2026,04-26-2026 14:03:44,0,0,eGFP4,WHEEL
5149,02:03 PM,04-26-2026,04-26-2026 14:03:44,0,0,eGFP4,WHEEL
5150,02:03 PM,04-26-2026,04-26-2026 14:03:45,0,0,eGFP4,WHEEL
5151,02:03 PM,04-26-2026,04-26-2026 14:03:45,0,0,eGFP4,WHEEL
5152,02:03 PM,04-26-2026,04-26-2026 14:03:46,0,0,eGFP4,WHEEL
5153,02:03 PM,04-26-2026,04-26-2026 14:03:47,0,0,eGFP4,WHEEL
5154,02:03 PM,04-26-2026,04-26-2026 14:03:47,0,0,eGFP4,WHEEL
5155,02:03 PM,04-26-2026,04-26-2026 14:03:48,0,0,eGFP4,WHEEL
5156,02:03 PM,04-26-2026,04-26-2026 14:03:49,0,0,eGFP4,WHEEL
5157,02:03 PM,04-26-2026,04-26-2026 14:03:49,0,0,eGFP4,WHEEL
5158,02:03 PM,04-26-2026,04-26-2026 14:03:50,0,0,eGFP4,WHEEL
5159,02:03 PM,04-26-2026,04-26-2026 14:03:50,0,0,eGFP4,WHEEL
5160,02:03 PM,04-26-2026,04-26-2026 14:03:51,0,0,eGFP4,WHEEL
5161,02:03 PM,04-26-2026,04-26-2026 14:03:51,0,0,eGFP4,WHEEL
5162,02:03 PM,04-26-2026,04-26-2026 14:03:52,0,0,eGFP4,WHEEL
5163,02:03 PM,04-26-2026,04-26-2026 14:03:53,0,0,eGFP4,WHEEL
5164,02:03 PM,04-26-2026,04-26-2026 14:03:53,0,0,eGFP4,WHEEL
5165,02:03 PM,04-26-2026,04-26-2026 14:03:54,0,0,eGFP4,WHEEL
5166,02:03 PM,04-26-2026,04-26-2026 14:03:54,0,0,eGFP4,WHEEL
5167,02:03 PM,04-26-2026,04-26-2026 14:03:55,0,0,eGFP4,WHEEL
5168,02:03 PM,04-26-2026,04-26-2026 14:03:55,0,0,eGFP4,WHEEL
5169,02:03 PM,04-26-2026,04-26-2026 14:03:56,0,0,eGFP4,WHEEL
5170,02:03 PM,04-26-2026,04-26-2026 14:03:56,0,0,eGFP4,WHEEL
5171,02:03 PM,04-26-2026,04-26-2026 14:03:57,0,0,eGFP4,WHEEL
5172,02:03 PM,04-26-2026,04-26-2026 14:03:58,0,0,eGFP4,WHEEL
5173,02:03 PM,04-26-2026,04-26-2026 14:03:58,0,0,eGFP4,WHEEL
5174,02:03 PM,04-26-2026,04-26-2026 14:03:59,0,0,eGFP4,WHEEL
5175,02:03 PM,04-26-2026,04-26-2026 14:03:59,0,0,eGFP4,WHEEL
5176,02:04 PM,04-26-2026,04-26-2026 14:04:00,0,0,eGFP4,WHEEL
5177,02:04 PM,04-26-2026,04-26-2026 14:04:01,0,0,eGFP4,WHEEL
5178,02:04 PM,04-26-2026,04-26-2026 14:04:01,0,0,eGFP4,WHEEL
5179,02:04 PM,04-26-2026,04-26-2026 14:04:02,0,0,eGFP4,WHEEL
5180,02:04 PM,04-26-2026,04-26-2026 14:04:03,0,0,eGFP4,WHEEL
5181,02:04 PM,04-26-2026,04-26-2026 14:04:05,0,0,eGFP4,WHEEL
5182,02:04 PM,04-26-2026,04-26-2026 14:04:16,0,0,eGFP4,WHEEL
5183,02:04 PM,04-26-2026,04-26-2026 14:04:17,0,0,eGFP4,WHEEL
5184,02:04 PM,04-26-2026,04-26-2026 14:04:18,0,0,eGFP4,WHEEL
5185,02:04 PM,04-26-2026,04-26-2026 14:04:19,0,0,eGFP4,WHEEL
5186,02:04 PM,04-26-2026,04-26-2026 14:04:20,0,0,eGFP4,WHEEL
5187,02:04 PM,04-26-2026,04-26-2026 14:04:20,0,0,eGFP4,WHEEL
5188,02:04 PM,04-26-2026,04-26-2026 14:04:21,0,0,eGFP4,WHEEL
5189,02:04 PM,04-26-2026,04-26-2026 14:04:21,0,0,eGFP4,WHEEL
5190,02:04 PM,04-26-2026,04-26-2026 14:04:22,0,0,eGFP4,WHEEL
5191,02:04 PM,04-26-2026,04-26-2026 14:04:22,0,0,eGFP4,WHEEL
5192,02:04 PM,04-26-2026,04-26-2026 14:04:23,0,0,eGFP4,WHEEL
5193,02:04 PM,04-26-2026,04-26-2026 14:04:23,0,0,eGFP4,WHEEL
5194,02:04 PM,04-26-2026,04-26-2026 14:04:24,0,0,eGFP4,WHEEL
5195,02:04 PM,04-26-2026,04-26-2026 14:04:24,0,0,eGFP4,WHEEL
5196,02:04 PM,04-26-2026,04-26-2026 14:04:25,0,0,eGFP4,WHEEL
5197,02:04 PM,04-26-2026,04-26-2026 14:04:37,0,0,eGFP4,WHEEL
5198,02:04 PM,04-26-2026,04-26-2026 14:04:38,0,0,eGFP4,WHEEL
5199,02:04 PM,04-26-2026,04-26-2026 14:04:42,0,0,eGFP4,WHEEL
5200,02:05 PM,04-26-2026,04-26-2026 14:05:07,0,0,eGFP4,WHEEL
5201,02:05 PM,04-26-2026,04-26-2026 14:05:08,0,0,eGFP4,WHEEL
5202,02:05 PM,04-26-2026,04-26-2026 14:05:08,0,0,eGFP4,WHEEL
5203,02:05 PM,04-26-2026,04-26-2026 14:05:09,0,0,eGFP4,WHEEL
5204,02:05 PM,04-26-2026,04-26-2026 14:05:09,0,0,eGFP4,WHEEL
5205,02:05 PM,04-26-2026,04-26-2026 14:05:10,0,0,eGFP4,WHEEL
5206,02:05 PM,04-26-2026,04-26-2026 14:05:10,0,0,eGFP4,WHEEL
5207,02:05 PM,04-26-2026,04-26-2026 14:05:11,0,0,eGFP4,WHEEL
5208,02:05 PM,04-26-2026,04-26-2026 14:05:11,0,0,eGFP4,WHEEL
5209,02:05 PM,04-26-2026,04-26-2026 14:05:12,0,0,eGFP4,WHEEL
5210,02:05 PM,04-26-2026,04-26-2026 14:05:12,0,0,eGFP4,WHEEL
5211,02:05 PM,04-26-2026,04-26-2026 14:05:13,0,0,eGFP4,WHEEL
5212,02:05 PM,04-26-2026,04-26-2026 14:05:13,0,0,eGFP4,WHEEL
5213,02:05 PM,04-26-2026,04-26-2026 14:05:14,0,0,eGFP4,WHEEL
5214,02:05 PM,04-26-2026,04-26-2026 14:05:15,0,0,eGFP4,WHEEL
5215,02:05 PM,04-26-2026,04-26-2026 14:05:15,0,0,eGFP4,WHEEL
5216,02:05 PM,04-26-2026,04-26-2026 14:05:16,0,0,eGFP4,WHEEL
5217,02:05 PM,04-26-2026,04-26-2026 14:05:16,0,0,eGFP4,WHEEL
5218,02:05 PM,04-26-2026,04-26-2026 14:05:17,0,0,eGFP4,WHEEL
5219,02:05 PM,04-26-2026,04-26-2026 14:05:17,0,0,eGFP4,WHEEL
5220,02:05 PM,04-26-2026,04-26-2026 14:05:18,0,0,eGFP4,WHEEL
5221,02:05 PM,04-26-2026,04-26-2026 14:05:18,0,0,eGFP4,WHEEL
5222,02:05 PM,04-26-2026,04-26-2026 14:05:19,0,0,eGFP4,WHEEL
5223,02:05 PM,04-26-2026,04-26-2026 14:05:19,0,0,eGFP4,WHEEL
5224,02:05 PM,04-26-2026,04-26-2026 14:05:20,0,0,eGFP4,WHEEL
5225,02:05 PM,04-26-2026,04-26-2026 14:05:20,0,0,eGFP4,WHEEL
5226,02:05 PM,04-26-2026,04-26-2026 14:05:21,0,0,eGFP4,WHEEL
5227,02:05 PM,04-26-2026,04-26-2026 14:05:21,0,0,eGFP4,WHEEL
5228,02:05 PM,04-26-2026,04-26-2026 14:05:21,0,0,eGFP4,WHEEL
5229,02:05 PM,04-26-2026,04-26-2026 14:05:22,0,0,eGFP4,WHEEL
5230,02:05 PM,04-26-2026,04-26-2026 14:05:23,0,0,eGFP4,WHEEL
5231,02:05 PM,04-26-2026,04-26-2026 14:05:23,0,0,eGFP4,WHEEL
5232,02:05 PM,04-26-2026,04-26-2026 14:05:24,0,0,eGFP4,WHEEL
5233,02:05 PM,04-26-2026,04-26-2026 14:05:24,0,0,eGFP4,WHEEL
5234,02:05 PM,04-26-2026,04-26-2026 14:05:25,0,0,eGFP4,WHEEL
5235,02:05 PM,04-26-2026,04-26-2026 14:05:26,0,0,eGFP4,WHEEL
5236,02:05 PM,04-26-2026,04-26-2026 14:05:26,0,0,eGFP4,WHEEL
5237,02:05 PM,04-26-2026,04-26-2026 14:05:27,0,0,eGFP4,WHEEL
5238,02:05 PM,04-26-2026,04-26-2026 14:05:27,0,0,eGFP4,WHEEL
5239,02:05 PM,04-26-2026,04-26-2026 14:05:28,0,0,eGFP4,WHEEL
5240,02:05 PM,04-26-2026,04-26-2026 14:05:28,0,0,eGFP4,WHEEL
5241,02:05 PM,04-26-2026,04-26-2026 14:05:29,0,0,eGFP4,WHEEL
5242,02:05 PM,04-26-2026,04-26-2026 14:05:29,0,0,eGFP4,WHEEL
5243,02:05 PM,04-26-2026,04-26-2026 14:05:30,0,0,eGFP4,WHEEL
5244,02:05 PM,04-26-2026,04-26-2026 14:05:31,0,0,eGFP4,WHEEL
5245,02:05 PM,04-26-2026,04-26-2026 14:05:31,0,0,eGFP4,WHEEL
5246,02:05 PM,04-26-2026,04-26-2026 14:05:34,0,0,eGFP4,WHEEL
5247,02:05 PM,04-26-2026,04-26-2026 14:05:35,0,0,eGFP4,WHEEL
5248,02:05 PM,04-26-2026,04-26-2026 14:05:35,0,0,eGFP4,WHEEL
5249,02:05 PM,04-26-2026,04-26-2026 14:05:36,0,0,eGFP4,WHEEL
5250,02:05 PM,04-26-2026,04-26-2026 14:05:36,0,0,eGFP4,WHEEL
5251,02:05 PM,04-26-2026,04-26-2026 14:05:36,0,0,eGFP4,WHEEL
5252,02:05 PM,04-26-2026,04-26-2026 14:05:37,0,0,eGFP4,WHEEL
5253,02:05 PM,04-26-2026,04-26-2026 14:05:38,0,0,eGFP4,WHEEL
5254,02:05 PM,04-26-2026,04-26-2026 14:05:38,0,0,eGFP4,WHEEL
5255,02:05 PM,04-26-2026,04-26-2026 14:05:39,0,0,eGFP4,WHEEL
5256,02:05 PM,04-26-2026,04-26-2026 14:05:39,0,0,eGFP4,WHEEL
5257,02:05 PM,04-26-2026,04-26-2026 14:05:40,0,0,eGFP4,WHEEL
5258,02:05 PM,04-26-2026,04-26-2026 14:05:41,0,0,eGFP4,WHEEL
5259,02:05 PM,04-26-2026,04-26-2026 14:05:41,0,0,eGFP4,WHEEL
5260,02:05 PM,04-26-2026,04-26-2026 14:05:41,0,0,eGFP4,WHEEL
5261,02:05 PM,04-26-2026,04-26-2026 14:05:42,0,0,eGFP4,WHEEL
5262,02:05 PM,04-26-2026,04-26-2026 14:05:43,0,0,eGFP4,WHEEL
5263,02:05 PM,04-26-2026,04-26-2026 14:05:44,0,0,eGFP4,WHEEL
5264,02:05 PM,04-26-2026,04-26-2026 14:05:44,0,0,eGFP4,WHEEL
5265,02:05 PM,04-26-2026,04-26-2026 14:05:45,0,0,eGFP4,WHEEL
5266,02:05 PM,04-26-2026,04-26-2026 14:05:46,0,0,eGFP4,WHEEL
5267,02:05 PM,04-26-2026,04-26-2026 14:05:46,0,0,eGFP4,WHEEL
5268,02:05 PM,04-26-2026,04-26-2026 14:05:47,0,0,eGFP4,WHEEL
5269,02:05 PM,04-26-2026,04-26-2026 14:05:47,0,0,eGFP4,WHEEL
5270,02:05 PM,04-26-2026,04-26-2026 14:05:49,0,0,eGFP4,WHEEL
5271,02:05 PM,04-26-2026,04-26-2026 14:05:50,0,0,eGFP4,WHEEL
5272,02:05 PM,04-26-2026,04-26-2026 14:05:50,0,0,eGFP4,WHEEL
5273,02:05 PM,04-26-2026,04-26-2026 14:05:51,0,0,eGFP4,WHEEL
5274,02:05 PM,04-26-2026,04-26-2026 14:05:51,0,0,eGFP4,WHEEL
5275,02:05 PM,04-26-2026,04-26-2026 14:05:52,0,0,eGFP4,WHEEL
5276,02:05 PM,04-26-2026,04-26-2026 14:05:53,0,0,eGFP4,WHEEL
5277,02:05 PM,04-26-2026,04-26-2026 14:05:54,0,0,eGFP4,WHEEL
5278,02:05 PM,04-26-2026,04-26-2026 14:05:54,0,0,eGFP4,WHEEL
5279,02:05 PM,04-26-2026,04-26-2026 14:05:55,0,0,eGFP4,WHEEL
5280,02:05 PM,04-26-2026,04-26-2026 14:05:55,0,0,eGFP4,WHEEL
5281,02:05 PM,04-26-2026,04-26-2026 14:05:56,0,0,eGFP4,WHEEL
5282,02:05 PM,04-26-2026,04-26-2026 14:05:56,0,0,eGFP4,WHEEL
5283,02:05 PM,04-26-2026,04-26-2026 14:05:57,0,0,eGFP4,WHEEL
5284,02:05 PM,04-26-2026,04-26-2026 14:05:57,0,0,eGFP4,WHEEL
5285,02:05 PM,04-26-2026,04-26-2026 14:05:58,0,0,eGFP4,WHEEL
5286,02:05 PM,04-26-2026,04-26-2026 14:05:58,0,0,eGFP4,WHEEL
5287,02:05 PM,04-26-2026,04-26-2026 14:05:59,0,0,eGFP4,WHEEL
5288,02:05 PM,04-26-2026,04-26-2026 14:05:59,0,0,eGFP4,WHEEL
5289,02:06 PM,04-26-2026,04-26-2026 14:06:00,0,0,eGFP4,WHEEL
5290,02:06 PM,04-26-2026,04-26-2026 14:06:00,0,0,eGFP4,WHEEL
5291,02:06 PM,04-26-2026,04-26-2026 14:06:01,0,0,eGFP4,WHEEL
5292,02:06 PM,04-26-2026,04-26-2026 14:06:02,0,0,eGFP4,WHEEL
5293,02:06 PM,04-26-2026,04-26-2026 14:06:02,0,0,eGFP4,WHEEL
5294,02:06 PM,04-26-2026,04-26-2026 14:06:03,0,0,eGFP4,WHEEL
5295,02:06 PM,04-26-2026,04-26-2026 14:06:03,0,0,eGFP4,WHEEL
5296,02:06 PM,04-26-2026,04-26-2026 14:06:04,0,0,eGFP4,WHEEL
5297,02:06 PM,04-26-2026,04-26-2026 14:06:05,0,0,eGFP4,WHEEL
5298,02:06 PM,04-26-2026,04-26-2026 14:06:05,0,0,eGFP4,WHEEL
5299,02:06 PM,04-26-2026,04-26-2026 14:06:06,0,0,eGFP4,WHEEL
5300,02:06 PM,04-26-2026,04-26-2026 14:06:07,0,0,eGFP4,WHEEL
5301,02:06 PM,04-26-2026,04-26-2026 14:06:07,0,0,eGFP4,WHEEL
5302,02:06 PM,04-26-2026,04-26-2026 14:06:08,0,0,eGFP4,WHEEL
5303,02:06 PM,04-26-2026,04-26-2026 14:06:08,0,0,eGFP4,WHEEL
5304,02:06 PM,04-26-2026,04-26-2026 14:06:09,0,0,eGFP4,WHEEL
5305,02:06 PM,04-26-2026,04-26-2026 14:06:10,0,0,eGFP4,WHEEL
5306,02:06 PM,04-26-2026,04-26-2026 14:06:10,0,0,eGFP4,WHEEL
5307,02:06 PM,04-26-2026,04-26-2026 14:06:11,0,0,eGFP4,WHEEL
5308,02:06 PM,04-26-2026,04-26-2026 14:06:12,0,0,eGFP4,WHEEL
5309,02:06 PM,04-26-2026,04-26-2026 14:06:13,0,0,eGFP4,WHEEL
5310,02:06 PM,04-26-2026,04-26-2026 14:06:13,0,0,eGFP4,WHEEL
5311,02:06 PM,04-26-2026,04-26-2026 14:06:14,0,0,eGFP4,WHEEL
5312,02:06 PM,04-26-2026,04-26-2026 14:06:14,0,0,eGFP4,WHEEL
5313,02:06 PM,04-26-2026,04-26-2026 14:06:15,0,0,eGFP4,WHEEL
5314,02:06 PM,04-26-2026,04-26-2026 14:06:16,0,0,eGFP4,WHEEL
5315,02:06 PM,04-26-2026,04-26-2026 14:06:17,0,0,eGFP4,WHEEL
5316,02:06 PM,04-26-2026,04-26-2026 14:06:18,0,0,eGFP4,WHEEL
5317,02:06 PM,04-26-2026,04-26-2026 14:06:19,0,0,eGFP4,WHEEL
5318,02:06 PM,04-26-2026,04-26-2026 14:06:20,0,0,eGFP4,WHEEL
5319,02:06 PM,04-26-2026,04-26-2026 14:06:21,0,0,eGFP4,WHEEL
5320,02:06 PM,04-26-2026,04-26-2026 14:06:21,0,0,eGFP4,WHEEL
5321,02:06 PM,04-26-2026,04-26-2026 14:06:22,0,0,eGFP4,WHEEL
5322,02:06 PM,04-26-2026,04-26-2026 14:06:43,0,0,eGFP4,WHEEL
5323,02:06 PM,04-26-2026,04-26-2026 14:06:44,0,0,eGFP4,WHEEL
5324,02:06 PM,04-26-2026,04-26-2026 14:06:44,0,0,eGFP4,WHEEL
5325,02:06 PM,04-26-2026,04-26-2026 14:06:45,0,0,eGFP4,WHEEL
5326,02:06 PM,04-26-2026,04-26-2026 14:06:46,0,0,eGFP4,WHEEL
5327,02:06 PM,04-26-2026,04-26-2026 14:06:46,0,0,eGFP4,WHEEL
5328,02:06 PM,04-26-2026,04-26-2026 14:06:48,0,0,eGFP4,WHEEL
5329,02:06 PM,04-26-2026,04-26-2026 14:06:49,0,0,eGFP4,WHEEL
5330,02:06 PM,04-26-2026,04-26-2026 14:06:49,0,0,eGFP4,WHEEL
5331,02:06 PM,04-26-2026,04-26-2026 14:06:50,0,0,eGFP4,WHEEL
5332,02:06 PM,04-26-2026,04-26-2026 14:06:51,0,0,eGFP4,WHEEL
5333,02:06 PM,04-26-2026,04-26-2026 14:06:51,0,0,eGFP4,WHEEL
5334,02:06 PM,04-26-2026,04-26-2026 14:06:52,0,0,eGFP4,WHEEL
5335,02:06 PM,04-26-2026,04-26-2026 14:06:52,0,0,eGFP4,WHEEL
5336,02:06 PM,04-26-2026,04-26-2026 14:06:53,0,0,eGFP4,WHEEL
5337,02:06 PM,04-26-2026,04-26-2026 14:06:53,0,0,eGFP4,WHEEL
5338,02:06 PM,04-26-2026,04-26-2026 14:06:54,0,0,eGFP4,WHEEL
5339,02:06 PM,04-26-2026,04-26-2026 14:06:55,0,0,eGFP4,WHEEL
5340,02:06 PM,04-26-2026,04-26-2026 14:06:55,0,0,eGFP4,WHEEL
5341,02:06 PM,04-26-2026,04-26-2026 14:06:56,0,0,eGFP4,WHEEL
5342,02:06 PM,04-26-2026,04-26-2026 14:06:56,0,0,eGFP4,WHEEL
5343,02:06 PM,04-26-2026,04-26-2026 14:06:57,0,0,eGFP4,WHEEL
5344,02:06 PM,04-26-2026,04-26-2026 14:06:57,0,0,eGFP4,WHEEL
5345,02:06 PM,04-26-2026,04-26-2026 14:06:58,0,0,eGFP4,WHEEL
5346,02:06 PM,04-26-2026,04-26-2026 14:06:58,0,0,eGFP4,WHEEL
5347,02:06 PM,04-26-2026,04-26-2026 14:06:59,0,0,eGFP4,WHEEL
5348,02:06 PM,04-26-2026,04-26-2026 14:06:59,0,0,eGFP4,WHEEL
5349,02:07 PM,04-26-2026,04-26-2026 14:07:00,0,0,eGFP4,WHEEL
5350,02:07 PM,04-26-2026,04-26-2026 14:07:01,0,0,eGFP4,WHEEL
5351,02:07 PM,04-26-2026,04-26-2026 14:07:02,0,0,eGFP4,WHEEL
5352,02:07 PM,04-26-2026,04-26-2026 14:07:03,0,0,eGFP4,WHEEL
5353,02:07 PM,04-26-2026,04-26-2026 14:07:04,0,0,eGFP4,WHEEL
5354,02:07 PM,04-26-2026,04-26-2026 14:07:04,0,0,eGFP4,WHEEL
5355,02:07 PM,04-26-2026,04-26-2026 14:07:05,0,0,eGFP4,WHEEL
5356,02:07 PM,04-26-2026,04-26-2026 14:07:06,0,0,eGFP4,WHEEL
5357,02:07 PM,04-26-2026,04-26-2026 14:07:06,0,0,eGFP4,WHEEL
5358,02:07 PM,04-26-2026,04-26-2026 14:07:07,0,0,eGFP4,WHEEL
5359,02:07 PM,04-26-2026,04-26-2026 14:07:07,0,0,eGFP4,WHEEL
5360,02:07 PM,04-26-2026,04-26-2026 14:07:08,0,0,eGFP4,WHEEL
5361,02:07 PM,04-26-2026,04-26-2026 14:07:08,0,0,eGFP4,WHEEL
5362,02:07 PM,04-26-2026,04-26-2026 14:07:09,0,0,eGFP4,WHEEL
5363,02:07 PM,04-26-2026,04-26-2026 14:07:10,0,0,eGFP4,WHEEL
5364,02:07 PM,04-26-2026,04-26-2026 14:07:10,0,0,eGFP4,WHEEL
5365,02:07 PM,04-26-2026,04-26-2026 14:07:11,0,0,eGFP4,WHEEL
5366,02:07 PM,04-26-2026,04-26-2026 14:07:12,0,0,eGFP4,WHEEL
5367,02:07 PM,04-26-2026,04-26-2026 14:07:12,0,0,eGFP4,WHEEL
5368,02:07 PM,04-26-2026,04-26-2026 14:07:13,0,0,eGFP4,WHEEL
5369,02:07 PM,04-26-2026,04-26-2026 14:07:13,0,0,eGFP4,WHEEL
5370,02:07 PM,04-26-2026,04-26-2026 14:07:14,0,0,eGFP4,WHEEL
5371,02:07 PM,04-26-2026,04-26-2026 14:07:15,0,0,eGFP4,WHEEL
5372,02:07 PM,04-26-2026,04-26-2026 14:07:16,0,0,eGFP4,WHEEL
5373,02:07 PM,04-26-2026,04-26-2026 14:07:17,0,0,eGFP4,WHEEL
5374,02:07 PM,04-26-2026,04-26-2026 14:07:18,0,0,eGFP4,WHEEL
5375,02:07 PM,04-26-2026,04-26-2026 14:07:18,0,0,eGFP4,WHEEL
5376,02:07 PM,04-26-2026,04-26-2026 14:07:19,0,0,eGFP4,WHEEL
5377,02:07 PM,04-26-2026,04-26-2026 14:07:19,0,0,eGFP4,WHEEL
5378,02:07 PM,04-26-2026,04-26-2026 14:07:20,0,0,eGFP4,WHEEL
5379,02:07 PM,04-26-2026,04-26-2026 14:07:21,0,0,eGFP4,WHEEL
5380,02:07 PM,04-26-2026,04-26-2026 14:07:22,0,0,eGFP4,WHEEL
5381,02:07 PM,04-26-2026,04-26-2026 14:07:24,0,0,eGFP4,WHEEL
5382,02:07 PM,04-26-2026,04-26-2026 14:07:25,0,0,eGFP4,WHEEL
5383,02:07 PM,04-26-2026,04-26-2026 14:07:26,0,0,eGFP4,WHEEL
5384,02:07 PM,04-26-2026,04-26-2026 14:07:27,0,0,eGFP4,WHEEL
5385,02:07 PM,04-26-2026,04-26-2026 14:07:27,0,0,eGFP4,WHEEL
5386,02:07 PM,04-26-2026,04-26-2026 14:07:28,0,0,eGFP4,WHEEL
5387,02:07 PM,04-26-2026,04-26-2026 14:07:29,0,0,eGFP4,WHEEL
5388,02:07 PM,04-26-2026,04-26-2026 14:07:30,0,0,eGFP4,WHEEL
5389,02:07 PM,04-26-2026,04-26-2026 14:07:30,0,0,eGFP4,WHEEL
5390,02:07 PM,04-26-2026,04-26-2026 14:07:34,0,0,eGFP4,WHEEL
5391,02:07 PM,04-26-2026,04-26-2026 14:07:56,0,0,eGFP4,WHEEL
5392,02:07 PM,04-26-2026,04-26-2026 14:07:57,0,0,eGFP4,WHEEL
5393,02:08 PM,04-26-2026,04-26-2026 14:08:21,0,0,eGFP4,WHEEL
5394,02:08 PM,04-26-2026,04-26-2026 14:08:22,0,0,eGFP4,WHEEL
5395,02:08 PM,04-26-2026,04-26-2026 14:08:22,0,0,eGFP4,WHEEL
5396,02:08 PM,04-26-2026,04-26-2026 14:08:23,0,0,eGFP4,WHEEL
5397,02:08 PM,04-26-2026,04-26-2026 14:08:24,0,0,eGFP4,WHEEL
5398,02:08 PM,04-26-2026,04-26-2026 14:08:30,0,0,eGFP4,WHEEL
5399,02:08 PM,04-26-2026,04-26-2026 14:08:30,0,0,eGFP4,WHEEL
