wheel_event,time,Tx,Ti_observed,reset,rtc_reset,device_id
1,12:30:21,823.735,71850.418,0,0,eGFP1
2,12:30:52,7.894,31.389,0,0,eGFP1
3,12:30:54,0.580,1.842,0,0,eGFP1
4,12:31:52,0.318,58.557,0,0,eGFP1
5,12:31:53,0.262,0.711,0,0,eGFP1
6,12:32:15,21.375,22.198,0,0,eGFP1
7,12:32:23,2.435,7.713,0,0,eGFP1
8,12:32:26,0.415,2.709,0,0,eGFP1
9,12:32:29,0.404,3.301,0,0,eGFP1
10,12:32:31,0.306,2.116,0,0,eGFP1
11,12:32:34,0.317,2.468,0,0,eGFP1
12,12:32:39,0.250,5.002,0,0,eGFP1
13,12:32:43,0.230,4.312,0,0,eGFP1
14,12:33:00,0.318,17.383,0,0,eGFP1
15,12:34:06,1.150,65.359,0,0,eGFP1
16,12:34:26,2.369,20.783,0,0,eGFP1
17,12:34:29,1.019,3.104,0,0,eGFP1
18,12:34:46,0.305,16.305,0,0,eGFP1
19,12:34:50,0.295,4.564,0,0,eGFP1
20,12:34:51,0.316,1.062,0,0,eGFP1
21,12:34:54,0.252,2.085,0,0,eGFP1
22,12:34:55,0.185,1.381,0,0,eGFP1
23,12:34:56,0.174,1.425,0,0,eGFP1
24,12:34:58,0.174,1.414,0,0,eGFP1
25,12:34:59,0.195,1.084,0,0,eGFP1
26,12:35:00,0.152,0.997,0,0,eGFP1
27,12:35:01,0.152,1.140,0,0,eGFP1
28,12:35:02,0.162,1.062,0,0,eGFP1
29,12:35:03,0.165,0.988,0,0,eGFP1
30,12:35:04,0.142,0.998,0,0,eGFP1
31,12:35:05,0.152,0.920,0,0,eGFP1
32,12:35:06,0.159,0.883,0,0,eGFP1
33,12:35:07,0.152,0.920,0,0,eGFP1
34,12:35:08,0.141,0.865,0,0,eGFP1
35,12:35:08,0.163,0.865,0,0,eGFP1
36,12:35:09,0.141,0.920,0,0,eGFP1
37,12:35:10,0.141,0.887,0,0,eGFP1
38,12:35:11,0.142,0.877,0,0,eGFP1
39,12:35:12,0.163,0.953,0,0,eGFP1
40,12:35:13,0.141,0.810,0,0,eGFP1
41,12:35:14,0.130,0.799,0,0,eGFP1
42,12:35:15,0.141,0.843,0,0,eGFP1
43,12:35:15,0.141,0.854,0,0,eGFP1
44,12:35:16,0.154,0.900,0,0,eGFP1
45,12:35:17,0.130,0.799,0,0,eGFP1
46,12:35:18,0.152,0.942,0,0,eGFP1
47,12:35:19,0.131,0.932,0,0,eGFP1
48,12:35:20,0.163,0.997,0,0,eGFP1
49,12:35:21,0.152,0.964,0,0,eGFP1
50,12:35:22,0.151,0.974,0,0,eGFP1
51,12:35:23,0.152,0.854,0,0,eGFP1
52,12:35:24,0.196,1.568,0,0,eGFP1
53,12:35:25,0.185,1.139,0,0,eGFP1
54,12:35:26,0.163,0.887,0,0,eGFP1
55,12:35:27,0.153,0.987,0,0,eGFP1
56,12:35:28,0.119,0.876,0,0,eGFP1
57,12:35:29,0.218,1.019,0,0,eGFP1
58,12:35:30,0.109,0.680,0,0,eGFP1
59,12:35:31,0.119,0.832,0,0,eGFP1
60,12:35:32,0.141,0.942,0,0,eGFP1
61,12:35:32,0.119,0.701,0,0,eGFP1
62,12:35:33,0.140,0.909,0,0,eGFP1
63,12:35:34,0.118,0.678,0,0,eGFP1
64,12:35:35,0.120,0.768,0,0,eGFP1
65,12:35:35,0.141,0.744,0,0,eGFP1
66,12:35:36,0.108,0.690,0,0,eGFP1
67,12:35:37,0.140,0.733,0,0,eGFP1
68,12:35:38,0.108,0.690,0,0,eGFP1
69,12:35:38,0.118,0.810,0,0,eGFP1
70,12:35:40,0.141,1.118,0,0,eGFP1
71,12:35:40,0.206,0.974,0,0,eGFP1
72,12:35:41,0.110,0.604,0,0,eGFP1
73,12:35:42,0.109,0.679,0,0,eGFP1
74,12:35:43,0.141,0.789,0,0,eGFP1
75,12:35:43,0.141,0.700,0,0,eGFP1
76,12:35:44,0.097,0.569,0,0,eGFP1
77,12:35:45,0.119,0.756,0,0,eGFP1
78,12:35:45,0.108,0.645,0,0,eGFP1
79,12:35:46,0.119,0.646,0,0,eGFP1
80,12:35:46,0.097,0.602,0,0,eGFP1
81,12:35:47,0.109,0.658,0,0,eGFP1
82,12:35:48,0.119,0.711,0,0,eGFP1
83,12:35:48,0.097,0.580,0,0,eGFP1
84,12:35:49,0.130,0.920,0,0,eGFP1
85,12:35:50,0.119,0.602,0,0,eGFP1
86,12:35:51,0.097,0.722,0,0,eGFP1
87,12:35:52,0.132,0.966,0,0,eGFP1
88,12:35:52,0.196,0.854,0,0,eGFP1
89,12:35:53,0.119,0.865,0,0,eGFP1
90,12:35:54,0.129,0.766,0,0,eGFP1
91,12:35:55,0.129,0.832,0,0,eGFP1
92,12:35:56,0.130,0.788,0,0,eGFP1
93,12:35:57,0.163,0.898,0,0,eGFP1
94,12:35:59,0.130,2.599,0,0,eGFP1
95,12:36:02,0.218,3.214,0,0,eGFP1
96,12:36:03,0.152,0.887,0,0,eGFP1
97,12:36:04,0.119,0.624,0,0,eGFP1
98,12:36:05,0.088,0.592,0,0,eGFP1
99,12:36:05,0.119,0.734,0,0,eGFP1
100,12:36:06,0.108,0.602,0,0,eGFP1
101,12:36:07,0.086,0.755,0,0,eGFP1
102,12:36:07,0.176,0.845,0,0,eGFP1
103,12:36:08,0.130,0.723,0,0,eGFP1
104,12:36:09,0.140,0.821,0,0,eGFP1
105,12:36:10,0.141,1.063,0,0,eGFP1
106,12:36:11,0.153,1.064,0,0,eGFP1
107,12:36:12,0.207,0.964,0,0,eGFP1
108,12:36:13,0.152,0.755,0,0,eGFP1
109,12:36:14,0.108,0.778,0,0,eGFP1
110,12:36:14,0.108,0.668,0,0,eGFP1
111,12:36:15,0.130,0.755,0,0,eGFP1
112,12:36:16,0.120,0.767,0,0,eGFP1
113,12:36:17,0.119,0.777,0,0,eGFP1
114,12:36:18,0.120,1.107,0,0,eGFP1
115,12:36:23,0.263,5.695,0,0,eGFP1
116,12:36:25,0.779,2.008,0,0,eGFP1
117,12:36:26,0.152,0.942,0,0,eGFP1
118,12:36:27,0.131,0.745,0,0,eGFP1
119,12:36:28,0.130,0.756,0,0,eGFP1
120,12:36:29,0.108,0.624,0,0,eGFP1
121,12:36:29,0.108,0.634,0,0,eGFP1
122,12:36:30,0.109,0.668,0,0,eGFP1
123,12:36:30,0.110,0.615,0,0,eGFP1
124,12:36:31,0.119,0.755,0,0,eGFP1
125,12:36:32,0.119,0.778,0,0,eGFP1
126,12:36:33,0.141,1.019,0,0,eGFP1
127,12:36:34,0.141,0.898,0,0,eGFP1
128,12:36:35,0.141,0.909,0,0,eGFP1
129,12:36:38,0.141,3.170,0,0,eGFP1
130,12:36:39,0.186,0.823,0,0,eGFP1
131,12:36:40,0.119,1.030,0,0,eGFP1
132,12:36:41,0.219,0.845,0,0,eGFP1
133,12:36:41,0.108,0.580,0,0,eGFP1
134,12:36:42,0.097,0.635,0,0,eGFP1
135,12:36:43,0.141,0.667,0,0,eGFP1
136,12:36:43,0.087,0.482,0,0,eGFP1
137,12:36:44,0.086,0.766,0,0,eGFP1
138,12:36:45,0.163,0.844,0,0,eGFP1
139,12:36:45,0.130,0.690,0,0,eGFP1
140,12:36:46,0.142,0.790,0,0,eGFP1
141,12:36:47,0.119,0.909,0,0,eGFP1
142,12:36:48,0.152,0.734,0,0,eGFP1
143,12:36:49,0.108,0.832,0,0,eGFP1
144,12:36:49,0.130,0.657,0,0,eGFP1
145,12:36:50,0.099,0.735,0,0,eGFP1
146,12:36:51,0.119,0.646,0,0,eGFP1
147,12:36:51,0.119,0.712,0,0,eGFP1
148,12:36:52,0.109,0.658,0,0,eGFP1
149,12:36:53,0.130,0.745,0,0,eGFP1
150,12:36:53,0.119,0.624,0,0,eGFP1
151,12:36:54,0.086,0.558,0,0,eGFP1
152,12:36:55,0.098,0.712,0,0,eGFP1
153,12:36:55,0.141,0.756,0,0,eGFP1
154,12:36:56,0.108,0.810,0,0,eGFP1
155,12:36:57,0.109,0.602,0,0,eGFP1
156,12:36:57,0.109,0.690,0,0,eGFP1
157,12:36:58,0.110,0.725,0,0,eGFP1
158,12:36:59,0.108,0.744,0,0,eGFP1
159,12:37:00,0.132,0.790,0,0,eGFP1
160,12:37:00,0.120,0.734,0,0,eGFP1
161,12:37:01,0.097,0.635,0,0,eGFP1
162,12:37:02,0.163,1.052,0,0,eGFP1
163,12:37:03,0.119,0.646,0,0,eGFP1
164,12:37:03,0.119,0.646,0,0,eGFP1
165,12:37:04,0.099,0.538,0,0,eGFP1
166,12:37:05,0.130,0.547,0,0,eGFP1
167,12:37:06,0.229,1.129,0,0,eGFP1
168,12:37:07,0.350,1.798,0,0,eGFP1
169,12:37:08,0.153,0.668,0,0,eGFP1
170,12:37:09,0.087,0.581,0,0,eGFP1
171,12:37:10,0.152,0.887,0,0,eGFP1
172,12:37:10,0.141,0.877,0,0,eGFP1
173,12:37:11,0.120,0.713,0,0,eGFP1
174,12:37:12,0.131,0.658,0,0,eGFP1
175,12:37:12,0.087,0.558,0,0,eGFP1
176,12:37:13,0.131,0.811,0,0,eGFP1
177,12:37:14,0.108,0.580,0,0,eGFP1
178,12:37:15,0.120,0.734,0,0,eGFP1
179,12:37:15,0.098,0.558,0,0,eGFP1
180,12:37:16,0.109,0.712,0,0,eGFP1
181,12:37:16,0.109,0.548,0,0,eGFP1
182,12:37:17,0.077,0.461,0,0,eGFP1
183,12:37:18,0.097,0.964,0,0,eGFP1
184,12:37:19,0.119,0.767,0,0,eGFP1
185,12:37:19,0.240,0.448,0,0,eGFP1
186,12:37:21,0.998,1.799,0,0,eGFP1
187,12:37:21,0.099,0.570,0,0,eGFP1
188,12:37:22,0.087,0.570,0,0,eGFP1
189,12:37:23,0.119,0.657,0,0,eGFP1
190,12:37:23,0.088,0.559,0,0,eGFP1
191,12:37:24,0.219,1.020,0,0,eGFP1
192,12:37:25,0.086,0.602,0,0,eGFP1
193,12:37:26,0.119,0.778,0,0,eGFP1
194,12:37:26,0.097,0.602,0,0,eGFP1
195,12:37:28,0.536,1.491,0,0,eGFP1
196,12:37:30,0.240,1.908,0,0,eGFP1
197,12:37:30,0.142,0.789,0,0,eGFP1
198,12:37:31,0.152,0.822,0,0,eGFP1
199,12:37:32,0.110,0.604,0,0,eGFP1
200,12:37:32,0.086,0.558,0,0,eGFP1
201,12:37:33,0.130,0.844,0,0,eGFP1
202,12:37:34,0.109,0.592,0,0,eGFP1
203,12:37:36,0.131,2.391,0,0,eGFP1
204,12:37:37,0.208,1.020,0,0,eGFP1
205,12:37:50,0.185,12.333,0,0,eGFP1
206,12:37:50,0.262,0.954,0,0,eGFP1
207,12:37:51,0.263,1.009,0,0,eGFP1
208,12:37:53,0.120,1.810,0,0,eGFP1
209,12:37:54,0.174,0.767,0,0,eGFP1
210,12:37:55,0.097,0.613,0,0,eGFP1
211,12:37:55,0.141,0.756,0,0,eGFP1
212,12:37:56,0.097,0.668,0,0,eGFP1
213,12:37:57,0.120,0.690,0,0,eGFP1
214,12:37:57,0.120,0.723,0,0,eGFP1
215,12:37:58,0.109,0.603,0,0,eGFP1
216,12:37:59,0.097,0.734,0,0,eGFP1
217,12:38:00,0.174,1.217,0,0,eGFP1
218,12:38:01,0.163,0.745,0,0,eGFP1
219,12:38:02,0.119,0.854,0,0,eGFP1
220,12:38:02,0.109,0.778,0,0,eGFP1
221,12:38:03,0.175,0.734,0,0,eGFP1
222,12:38:04,0.076,0.658,0,0,eGFP1
223,12:38:06,0.350,1.809,0,0,eGFP1
224,12:38:06,0.187,0.538,0,0,eGFP1
225,12:38:08,0.284,1.425,0,0,eGFP1
226,12:38:08,0.109,0.581,0,0,eGFP1
227,12:38:13,0.097,4.849,0,0,eGFP1
228,12:38:14,0.120,0.614,0,0,eGFP1
229,12:38:14,0.108,0.734,0,0,eGFP1
230,12:38:15,0.120,0.614,0,0,eGFP1
231,12:38:16,0.087,0.690,0,0,eGFP1
232,12:38:16,0.143,0.791,0,0,eGFP1
233,12:38:17,0.142,0.712,0,0,eGFP1
234,12:38:18,0.109,0.899,0,0,eGFP1
235,12:38:19,0.120,0.899,0,0,eGFP1
236,12:38:20,0.196,1.129,0,0,eGFP1
237,12:38:23,0.185,2.940,0,0,eGFP1
238,12:38:27,0.185,3.697,0,0,eGFP1
239,12:38:29,0.295,1.908,0,0,eGFP1
240,12:38:31,0.745,2.128,0,0,eGFP1
241,12:38:32,0.319,1.613,0,0,eGFP1
242,12:38:36,0.965,4.027,0,0,eGFP1
243,12:38:37,0.108,0.910,0,0,eGFP1
244,12:38:38,0.153,1.053,0,0,eGFP1
245,12:38:39,0.208,1.064,0,0,eGFP1
246,12:38:40,0.141,0.657,0,0,eGFP1
247,12:38:41,0.087,0.690,0,0,eGFP1
248,12:38:42,0.142,0.833,0,0,eGFP1
249,12:38:42,0.132,0.714,0,0,eGFP1
250,12:38:43,0.108,0.635,0,0,eGFP1
251,12:38:44,0.098,0.690,0,0,eGFP1
252,12:38:44,0.120,0.581,0,0,eGFP1
253,12:38:45,0.087,0.866,0,0,eGFP1
254,12:38:46,0.174,0.833,0,0,eGFP1
255,12:38:48,0.690,1.612,0,0,eGFP1
256,12:38:48,0.108,0.745,0,0,eGFP1
257,12:38:49,0.121,0.768,0,0,eGFP1
258,12:38:50,0.165,0.977,0,0,eGFP1
259,12:38:51,0.164,0.822,0,0,eGFP1
260,12:38:52,0.131,0.943,0,0,eGFP1
261,12:38:52,0.098,0.646,0,0,eGFP1
262,12:38:53,0.109,0.581,0,0,eGFP1
263,12:38:54,0.087,0.559,0,0,eGFP1
264,12:38:54,0.119,0.833,0,0,eGFP1
265,12:38:55,0.130,0.679,0,0,eGFP1
266,12:38:56,0.099,0.801,0,0,eGFP1
267,12:38:57,0.131,0.691,0,0,eGFP1
268,12:38:57,0.108,0.668,0,0,eGFP1
269,12:38:58,0.131,0.679,0,0,eGFP1
270,12:38:59,0.098,0.592,0,0,eGFP1
271,12:38:59,0.120,0.888,0,0,eGFP1
272,12:39:00,0.130,0.745,0,0,eGFP1
273,12:39:01,0.154,1.109,0,0,eGFP1
274,12:39:02,0.111,0.572,0,0,eGFP1
275,12:39:03,0.098,0.844,0,0,eGFP1
276,12:39:03,0.119,0.580,0,0,eGFP1
277,12:39:05,0.109,1.624,0,0,eGFP1
278,12:39:06,0.141,0.898,0,0,eGFP1
279,12:39:07,0.142,0.943,0,0,eGFP1
280,12:39:08,0.186,0.987,0,0,eGFP1
281,12:39:09,0.109,1.052,0,0,eGFP1
282,12:39:10,0.307,1.185,0,0,eGFP1
283,12:39:16,1.119,5.827,0,0,eGFP1
284,12:39:24,0.482,8.592,0,0,eGFP1
285,12:39:25,0.120,0.800,0,0,eGFP1
286,12:39:26,0.131,0.723,0,0,eGFP1
287,12:39:27,0.110,0.648,0,0,eGFP1
288,12:39:27,0.120,0.724,0,0,eGFP1
289,12:39:28,0.097,0.602,0,0,eGFP1
290,12:39:29,0.120,0.702,0,0,eGFP1
291,12:39:29,0.099,0.549,0,0,eGFP1
292,12:39:30,0.130,0.910,0,0,eGFP1
293,12:39:31,0.097,0.580,0,0,eGFP1
294,12:39:31,0.109,0.822,0,0,eGFP1
295,12:39:33,0.098,1.810,0,0,eGFP1
296,12:39:34,0.142,0.756,0,0,eGFP1
297,12:39:36,0.285,1.788,0,0,eGFP1
298,12:39:36,0.120,0.702,0,0,eGFP1
299,12:39:37,0.143,0.758,0,0,eGFP1
300,12:39:38,0.108,0.734,0,0,eGFP1
301,12:39:39,0.176,1.449,0,0,eGFP1
302,12:39:40,0.142,0.647,0,0,eGFP1
303,12:39:41,0.087,0.690,0,0,eGFP1
304,12:39:42,0.186,1.141,0,0,eGFP1
305,12:39:45,0.361,3.126,0,0,eGFP1
306,12:39:46,0.197,0.823,0,0,eGFP1
307,12:39:46,0.087,0.559,0,0,eGFP1
308,12:39:47,0.099,0.648,0,0,eGFP1
309,12:39:48,0.108,0.712,0,0,eGFP1
310,12:39:49,0.098,0.778,0,0,eGFP1
311,12:39:49,0.252,0.889,0,0,eGFP1
312,12:39:50,0.097,0.778,0,0,eGFP1
313,12:39:51,0.230,0.888,0,0,eGFP1
314,12:39:52,0.087,0.581,0,0,eGFP1
315,12:39:53,0.143,0.868,0,0,eGFP1
316,12:39:53,0.099,0.692,0,0,eGFP1
317,12:39:54,0.218,1.074,0,0,eGFP1
318,12:39:55,0.109,0.735,0,0,eGFP1
319,12:39:56,0.098,0.635,0,0,eGFP1
320,12:39:57,0.131,1.196,0,0,eGFP1
321,12:39:58,0.657,1.272,0,0,eGFP1
322,12:39:59,0.098,0.658,0,0,eGFP1
323,12:39:59,0.120,0.602,0,0,eGFP1
324,12:40:00,0.088,0.625,0,0,eGFP1
325,12:40:01,0.144,0.736,0,0,eGFP1
326,12:40:01,0.087,0.537,0,0,eGFP1
327,12:40:02,0.120,0.899,0,0,eGFP1
328,12:40:03,0.109,0.625,0,0,eGFP1
329,12:40:04,0.153,1.119,0,0,eGFP1
330,12:40:04,0.099,0.527,0,0,eGFP1
331,12:40:05,0.098,0.713,0,0,eGFP1
332,12:40:06,0.120,0.635,0,0,eGFP1
333,12:40:07,0.122,1.000,0,0,eGFP1
334,12:40:07,0.120,0.624,0,0,eGFP1
335,12:40:09,0.142,1.756,0,0,eGFP1
336,12:40:10,0.098,0.559,0,0,eGFP1
337,12:40:12,0.142,2.150,0,0,eGFP1
338,12:40:13,0.142,0.855,0,0,eGFP1
339,12:40:13,0.098,0.548,0,0,eGFP1
340,12:40:14,0.087,0.702,0,0,eGFP1
341,12:40:15,0.165,1.306,0,0,eGFP1
342,12:40:16,0.120,0.625,0,0,eGFP1
343,12:40:17,0.098,0.713,0,0,eGFP1
344,12:40:17,0.110,0.626,0,0,eGFP1
345,12:40:18,0.087,0.548,0,0,eGFP1
346,12:40:19,0.109,0.910,0,0,eGFP1
347,12:40:19,0.120,0.592,0,0,eGFP1
348,12:40:20,0.087,0.658,0,0,eGFP1
349,12:40:24,0.197,4.060,0,0,eGFP1
350,12:40:41,0.670,17.230,0,0,eGFP1
351,12:40:42,0.142,0.943,0,0,eGFP1
352,12:40:43,0.142,0.691,0,0,eGFP1
353,12:40:44,0.109,0.844,0,0,eGFP1
354,12:40:44,0.142,0.603,0,0,eGFP1
355,12:40:45,0.077,0.527,0,0,eGFP1
356,12:40:46,0.120,0.800,0,0,eGFP1
357,12:40:46,0.098,0.614,0,0,eGFP1
358,12:40:48,1.187,1.835,0,0,eGFP1
359,12:40:49,0.120,0.767,0,0,eGFP1
360,12:40:51,0.099,1.942,0,0,eGFP1
361,12:40:51,0.109,0.581,0,0,eGFP1
362,12:40:52,0.088,0.724,0,0,eGFP1
363,12:40:53,0.142,0.746,0,0,eGFP1
364,12:40:54,0.197,1.206,0,0,eGFP1
365,12:40:55,0.131,0.933,0,0,eGFP1
366,12:40:56,0.109,0.592,0,0,eGFP1
367,12:40:56,0.099,0.692,0,0,eGFP1
368,12:40:57,0.120,0.724,0,0,eGFP1
369,12:40:58,0.153,0.921,0,0,eGFP1
370,12:40:59,0.098,0.603,0,0,eGFP1
371,12:40:59,0.120,0.691,0,0,eGFP1
372,12:41:00,0.099,0.571,0,0,eGFP1
373,12:41:01,0.109,0.779,0,0,eGFP1
374,12:41:01,0.098,0.504,0,0,eGFP1
375,12:41:02,0.078,0.714,0,0,eGFP1
376,12:41:03,0.186,0.867,0,0,eGFP1
377,12:41:04,0.098,0.811,0,0,eGFP1
378,12:41:04,0.131,0.757,0,0,eGFP1
379,12:41:05,0.109,0.735,0,0,eGFP1
380,12:41:06,0.120,0.822,0,0,eGFP1
381,12:41:07,0.153,0.900,0,0,eGFP1
382,12:41:07,0.109,0.515,0,0,eGFP1
383,12:41:09,0.078,1.285,0,0,eGFP1
384,12:41:09,0.263,0.427,0,0,eGFP1
385,12:41:10,0.340,0.987,0,0,eGFP1
386,12:41:11,0.210,1.329,0,0,eGFP1
387,12:41:12,0.098,0.515,0,0,eGFP1
388,12:41:13,0.110,1.317,0,0,eGFP1
389,12:41:14,0.131,0.636,0,0,eGFP1
390,12:41:15,0.131,1.053,0,0,eGFP1
391,12:41:15,0.098,0.493,0,0,eGFP1
392,12:41:16,0.078,0.693,0,0,eGFP1
393,12:41:18,0.208,1.569,0,0,eGFP1
394,12:41:21,2.479,3.181,0,0,eGFP1
395,12:41:22,0.110,0.966,0,0,eGFP1
396,12:41:22,0.121,0.625,0,0,eGFP1
397,12:41:23,0.099,0.790,0,0,eGFP1
398,12:41:24,0.098,0.515,0,0,eGFP1
399,12:41:24,0.077,0.637,0,0,eGFP1
400,12:41:25,0.132,0.758,0,0,eGFP1
401,12:41:26,0.088,0.484,0,0,eGFP1
402,12:41:28,0.076,2.095,0,0,eGFP1
403,12:41:28,0.099,0.527,0,0,eGFP1
404,12:41:29,0.087,1.162,0,0,eGFP1
405,12:41:31,0.329,1.613,0,0,eGFP1
406,12:41:33,0.110,1.613,0,0,eGFP1
407,12:41:38,0.164,5.201,0,0,eGFP1
408,12:41:39,0.132,1.064,0,0,eGFP1
409,12:41:40,0.166,0.748,0,0,eGFP1
410,12:41:46,0.131,6.364,0,0,eGFP1
411,12:42:20,1.525,34.085,0,0,eGFP1
412,12:42:21,0.143,1.053,0,0,eGFP1
413,12:42:22,0.252,0.856,0,0,eGFP1
414,12:42:23,0.087,0.867,0,0,eGFP1
415,12:42:23,0.143,0.659,0,0,eGFP1
416,12:42:24,0.088,0.768,0,0,eGFP1
417,12:42:25,0.155,0.692,0,0,eGFP1
418,12:42:25,0.088,0.527,0,0,eGFP1
419,12:42:26,0.109,0.921,0,0,eGFP1
420,12:42:27,0.186,0.801,0,0,eGFP1
421,12:42:28,0.098,0.691,0,0,eGFP1
422,12:42:29,0.340,0.987,0,0,eGFP1
423,12:42:30,0.230,0.823,0,0,eGFP1
424,12:42:30,0.099,0.768,0,0,eGFP1
425,12:42:31,0.122,0.616,0,0,eGFP1
426,12:42:32,0.098,0.855,0,0,eGFP1
427,12:42:33,0.165,0.988,0,0,eGFP1
428,12:42:34,0.153,0.647,0,0,eGFP1
429,12:42:34,0.078,0.714,0,0,eGFP1
430,12:42:35,0.153,0.669,0,0,eGFP1
431,12:42:35,0.088,0.593,0,0,eGFP1
432,12:42:37,0.241,1.305,0,0,eGFP1
433,12:42:37,0.099,0.680,0,0,eGFP1
434,12:42:40,0.166,2.372,0,0,eGFP1
435,12:42:40,0.109,0.647,0,0,eGFP1
436,12:42:41,0.142,0.812,0,0,eGFP1
437,12:42:42,0.088,0.483,0,0,eGFP1
438,12:42:43,0.076,0.768,0,0,eGFP1
439,12:42:43,0.153,0.636,0,0,eGFP1
440,12:42:44,0.088,1.152,0,0,eGFP1
441,12:42:45,0.143,0.636,0,0,eGFP1
442,12:42:46,0.100,0.956,0,0,eGFP1
443,12:43:10,8.221,23.584,0,0,eGFP1
444,12:43:11,0.132,1.065,0,0,eGFP1
445,12:43:11,0.120,0.614,0,0,eGFP1
446,12:43:12,0.098,0.746,0,0,eGFP1
447,12:43:12,0.120,0.559,0,0,eGFP1
448,12:43:13,0.077,0.681,0,0,eGFP1
449,12:43:14,0.263,1.130,0,0,eGFP1
450,12:43:15,0.109,0.932,0,0,eGFP1
451,12:43:16,0.133,0.704,0,0,eGFP1
452,12:43:17,0.131,0.823,0,0,eGFP1
453,12:43:17,0.208,0.581,0,0,eGFP1
454,12:43:19,1.317,1.931,0,0,eGFP1
455,12:43:20,0.077,0.494,0,0,eGFP1
456,12:43:20,0.142,0.669,0,0,eGFP1
457,12:43:22,0.747,1.329,0,0,eGFP1
458,12:43:22,0.088,0.625,0,0,eGFP1
459,12:43:23,0.122,0.803,0,0,eGFP1
460,12:43:24,0.120,1.020,0,0,eGFP1
461,12:43:25,0.121,0.516,0,0,eGFP1
462,12:43:25,0.076,0.581,0,0,eGFP1
463,12:43:27,0.922,1.613,0,0,eGFP1
464,12:43:27,0.088,0.538,0,0,eGFP1
465,12:43:28,0.098,0.768,0,0,eGFP1
466,12:43:29,0.109,0.592,0,0,eGFP1
467,12:43:29,0.089,0.616,0,0,eGFP1
468,12:43:30,0.121,0.724,0,0,eGFP1
469,12:43:32,0.132,2.041,0,0,eGFP1
470,12:43:33,0.143,0.593,0,0,eGFP1
471,12:43:33,0.076,0.515,0,0,eGFP1
472,12:43:34,0.111,0.693,0,0,eGFP1
473,12:43:35,0.088,0.636,0,0,eGFP1
474,12:43:35,0.154,0.845,0,0,eGFP1
475,12:43:36,0.110,0.637,0,0,eGFP1
476,12:43:37,0.100,0.604,0,0,eGFP1
477,12:43:37,0.100,0.649,0,0,eGFP1
478,12:43:39,0.197,1.207,0,0,eGFP1
479,12:43:39,0.087,0.493,0,0,eGFP1
480,12:43:40,0.088,0.922,0,0,eGFP1
481,12:43:42,0.154,2.195,0,0,eGFP1
482,12:43:43,0.109,0.526,0,0,eGFP1
483,12:43:43,0.077,0.670,0,0,eGFP1
484,12:43:44,0.144,0.769,0,0,eGFP1
485,12:43:45,0.099,0.604,0,0,eGFP1
486,12:43:45,0.089,0.725,0,0,eGFP1
487,12:43:47,0.253,1.021,0,0,eGFP1
488,12:43:47,0.088,0.669,0,0,eGFP1
489,12:43:48,0.165,0.691,0,0,eGFP1
490,12:43:48,0.077,0.483,0,0,eGFP1
491,12:43:49,0.099,0.714,0,0,eGFP1
492,12:43:55,0.155,5.499,0,0,eGFP1
493,12:44:02,0.121,7.188,0,0,eGFP1
494,12:44:03,0.110,0.757,0,0,eGFP1
495,12:44:03,0.110,0.615,0,0,eGFP1
496,12:44:04,0.098,0.691,0,0,eGFP1
497,12:44:06,0.175,2.634,0,0,eGFP1
498,12:44:07,0.109,0.636,0,0,eGFP1
499,12:44:08,0.110,0.615,0,0,eGFP1
500,12:44:08,0.100,0.670,0,0,eGFP1
501,12:44:09,0.100,0.583,0,0,eGFP1
502,12:44:09,0.187,0.494,0,0,eGFP1
503,12:44:11,0.285,1.207,0,0,eGFP1
504,12:44:12,0.187,1.152,0,0,eGFP1
505,12:44:14,0.198,2.448,0,0,eGFP1
506,12:44:17,0.362,3.204,0,0,eGFP1
507,12:44:22,0.252,4.203,0,0,eGFP1
508,12:44:23,0.318,1.185,0,0,eGFP1
509,12:44:25,0.188,1.933,0,0,eGFP1
510,12:44:26,0.231,1.065,0,0,eGFP1
511,12:44:27,0.164,0.911,0,0,eGFP1
512,12:44:28,0.131,1.075,0,0,eGFP1
513,12:44:30,0.176,2.491,0,0,eGFP1
514,12:44:31,0.254,0.901,0,0,eGFP1
515,12:44:36,0.110,4.972,0,0,eGFP1
516,12:44:37,0.263,0.900,0,0,eGFP1
517,12:44:40,0.131,3.270,0,0,eGFP1
518,12:44:41,0.123,0.661,0,0,eGFP1
519,12:44:42,0.132,1.032,0,0,eGFP1
520,12:44:43,0.131,0.658,0,0,eGFP1
521,12:44:48,0.121,5.476,0,0,eGFP1
522,12:44:49,0.165,0.779,0,0,eGFP1
523,12:44:50,0.176,1.164,0,0,eGFP1
524,12:44:51,0.131,0.768,0,0,eGFP1
525,12:44:52,0.110,0.768,0,0,eGFP1
526,12:44:52,0.163,0.756,0,0,eGFP1
527,12:44:53,0.108,0.689,0,0,eGFP1
528,12:44:54,0.240,1.030,0,0,eGFP1
529,12:44:55,0.120,0.877,0,0,eGFP1
530,12:44:56,0.119,0.657,0,0,eGFP1
531,12:45:00,0.152,4.728,0,0,eGFP1
532,12:45:32,0.228,31.120,0,0,eGFP1
533,12:45:33,0.163,1.052,0,0,eGFP1
534,12:45:33,0.145,0.737,0,0,eGFP1
535,12:45:34,0.108,0.997,0,0,eGFP1
536,12:45:35,0.119,0.832,0,0,eGFP1
537,12:45:37,0.218,2.083,0,0,eGFP1
538,12:45:38,0.108,0.624,0,0,eGFP1
539,12:45:39,0.141,1.008,0,0,eGFP1
540,12:45:40,0.118,0.744,0,0,eGFP1
541,12:45:42,0.163,2.226,0,0,eGFP1
542,12:45:42,0.129,0.590,0,0,eGFP1
543,12:45:43,0.078,0.791,0,0,eGFP1
544,12:45:44,0.130,0.602,0,0,eGFP1
545,12:45:44,0.086,0.668,0,0,eGFP1
546,12:45:45,0.162,0.689,0,0,eGFP1
547,12:45:47,0.086,2.182,0,0,eGFP1
548,12:45:48,0.163,0.887,0,0,eGFP1
549,12:45:49,0.459,1.260,0,0,eGFP1
550,12:45:51,0.152,1.008,0,0,eGFP1
551,12:45:51,0.142,0.724,0,0,eGFP1
552,12:45:52,0.119,0.832,0,0,eGFP1
553,12:45:53,0.119,0.755,0,0,eGFP1
554,12:45:54,0.141,0.832,0,0,eGFP1
555,12:45:54,0.108,0.569,0,0,eGFP1
556,12:45:55,0.086,0.558,0,0,eGFP1
557,12:45:56,0.142,1.108,0,0,eGFP1
558,12:45:57,0.119,0.843,0,0,eGFP1
559,12:45:57,0.141,0.668,0,0,eGFP1
560,12:45:58,0.076,0.482,0,0,eGFP1
561,12:45:59,0.097,1.162,0,0,eGFP1
562,12:46:00,0.107,0.557,0,0,eGFP1
563,12:46:04,0.097,4.476,0,0,eGFP1
564,12:46:05,0.174,0.942,0,0,eGFP1
565,12:46:10,0.108,4.750,0,0,eGFP1
566,12:46:11,0.130,0.854,0,0,eGFP1
567,12:46:11,0.152,0.744,0,0,eGFP1
568,12:46:12,0.121,0.834,0,0,eGFP1
569,12:46:14,0.152,2.281,0,0,eGFP1
570,12:46:15,0.119,0.602,0,0,eGFP1
571,12:46:16,0.120,1.404,0,0,eGFP1
572,12:46:17,0.097,0.602,0,0,eGFP1
573,12:46:18,0.162,0.854,0,0,eGFP1
574,12:46:19,0.097,0.755,0,0,eGFP1
575,12:46:19,0.163,0.778,0,0,eGFP1
576,12:46:20,0.098,0.691,0,0,eGFP1
577,12:46:21,0.173,0.854,0,0,eGFP1
578,12:46:23,0.097,1.973,0,0,eGFP1
579,12:46:24,0.163,0.986,0,0,eGFP1
580,12:46:25,0.086,0.580,0,0,eGFP1
581,12:46:26,0.207,1.052,0,0,eGFP1
582,12:46:29,0.141,3.609,0,0,eGFP1
583,12:46:30,0.382,0.788,0,0,eGFP1
584,12:46:31,0.295,1.172,0,0,eGFP1
585,12:46:32,0.188,0.857,0,0,eGFP1
586,12:46:33,0.152,0.822,0,0,eGFP1
587,12:46:34,0.130,0.689,0,0,eGFP1
588,12:46:34,0.119,0.866,0,0,eGFP1
589,12:46:35,0.130,0.711,0,0,eGFP1
590,12:46:36,0.108,0.723,0,0,eGFP1
591,12:46:37,0.119,0.733,0,0,eGFP1
592,12:46:37,0.141,0.877,0,0,eGFP1
593,12:46:38,0.120,0.658,0,0,eGFP1
594,12:46:39,0.119,0.898,0,0,eGFP1
595,12:46:40,0.119,0.624,0,0,eGFP1
596,12:46:41,0.097,0.920,0,0,eGFP1
597,12:46:41,0.130,0.876,0,0,eGFP1
598,12:46:42,0.317,1.008,0,0,eGFP1
599,12:46:45,0.097,2.490,0,0,eGFP1
600,12:46:47,0.186,1.964,0,0,eGFP1
601,12:46:51,0.108,4.377,0,0,eGFP1
602,12:46:52,0.175,1.141,0,0,eGFP1
603,12:47:16,0.240,23.406,0,0,eGFP1
604,12:47:21,0.327,5.375,0,0,eGFP1
605,12:47:24,1.162,2.534,0,0,eGFP1
606,12:47:25,0.141,0.865,0,0,eGFP1
607,12:47:25,0.185,0.887,0,0,eGFP1
608,12:47:26,0.130,0.931,0,0,eGFP1
609,12:47:27,0.130,0.734,0,0,eGFP1
610,12:47:28,0.153,1.075,0,0,eGFP1
611,12:47:29,0.152,0.822,0,0,eGFP1
612,12:47:30,0.152,1.381,0,0,eGFP1
613,12:47:31,0.163,0.931,0,0,eGFP1
614,12:47:32,0.120,0.702,0,0,eGFP1
615,12:47:33,0.207,1.195,0,0,eGFP1
616,12:47:34,0.119,0.689,0,0,eGFP1
617,12:47:35,0.141,1.019,0,0,eGFP1
618,12:47:36,0.154,0.768,0,0,eGFP1
619,12:47:36,0.108,0.734,0,0,eGFP1
620,12:47:38,0.185,1.469,0,0,eGFP1
621,12:47:39,0.130,0.602,0,0,eGFP1
622,12:47:39,0.086,0.854,0,0,eGFP1
623,12:47:43,2.567,3.181,0,0,eGFP1
624,12:47:44,0.119,1.195,0,0,eGFP1
625,12:47:45,0.163,0.788,0,0,eGFP1
626,12:47:45,0.098,0.635,0,0,eGFP1
627,12:47:46,0.143,0.900,0,0,eGFP1
628,12:47:47,0.153,0.801,0,0,eGFP1
629,12:47:48,0.108,1.052,0,0,eGFP1
630,12:47:49,0.174,0.832,0,0,eGFP1
631,12:47:50,0.097,0.745,0,0,eGFP1
632,12:47:51,0.262,1.172,0,0,eGFP1
633,12:47:51,0.153,0.734,0,0,eGFP1
634,12:47:52,0.097,0.624,0,0,eGFP1
635,12:47:55,0.121,2.930,0,0,eGFP1
636,12:47:56,0.163,0.701,0,0,eGFP1
637,12:47:57,0.108,1.008,0,0,eGFP1
638,12:47:57,0.130,0.635,0,0,eGFP1
639,12:47:58,0.097,0.832,0,0,eGFP1
640,12:47:59,0.131,0.603,0,0,eGFP1
641,12:47:59,0.075,0.514,0,0,eGFP1
642,12:48:00,0.131,0.987,0,0,eGFP1
643,12:48:01,0.130,0.712,0,0,eGFP1
644,12:48:02,0.088,0.560,0,0,eGFP1
645,12:48:02,0.130,0.854,0,0,eGFP1
646,12:48:03,0.130,0.690,0,0,eGFP1
647,12:48:10,0.119,6.704,0,0,eGFP1
648,12:48:10,0.108,0.558,0,0,eGFP1
649,12:48:11,0.086,0.646,0,0,eGFP1
650,12:48:12,0.163,0.821,0,0,eGFP1
651,12:48:12,0.087,0.504,0,0,eGFP1
652,12:48:13,0.076,0.801,0,0,eGFP1
653,12:48:14,0.152,0.668,0,0,eGFP1
654,12:48:14,0.075,0.569,0,0,eGFP1
655,12:48:15,0.152,0.789,0,0,eGFP1
656,12:48:16,0.097,0.503,0,0,eGFP1
657,12:48:17,0.077,0.987,0,0,eGFP1
658,12:48:20,2.106,2.951,0,0,eGFP1
659,12:48:20,0.108,0.657,0,0,eGFP1
660,12:48:21,0.132,0.790,0,0,eGFP1
661,12:48:22,0.119,0.668,0,0,eGFP1
662,12:48:22,0.119,0.734,0,0,eGFP1
663,12:48:23,0.108,0.580,0,0,eGFP1
664,12:48:24,0.097,0.723,0,0,eGFP1
665,12:48:25,0.152,0.789,0,0,eGFP1
666,12:48:25,0.086,0.514,0,0,eGFP1
667,12:48:30,0.097,5.266,0,0,eGFP1
668,12:48:31,0.185,0.701,0,0,eGFP1
669,12:48:32,0.110,0.823,0,0,eGFP1
670,12:48:32,0.119,0.547,0,0,eGFP1
671,12:48:33,0.088,0.637,0,0,eGFP1
672,12:48:34,0.185,0.843,0,0,eGFP1
673,12:48:34,0.098,0.526,0,0,eGFP1
674,12:48:35,0.086,0.745,0,0,eGFP1
675,12:48:36,0.141,0.767,0,0,eGFP1
676,12:48:36,0.097,0.525,0,0,eGFP1
677,12:48:37,0.110,0.713,0,0,eGFP1
678,12:48:38,0.109,0.558,0,0,eGFP1
679,12:48:40,0.098,2.117,0,0,eGFP1
680,12:48:40,0.109,0.657,0,0,eGFP1
681,12:48:41,0.142,0.745,0,0,eGFP1
682,12:48:42,0.109,0.646,0,0,eGFP1
683,12:48:43,0.098,0.712,0,0,eGFP1
684,12:48:43,0.120,0.602,0,0,eGFP1
685,12:48:44,0.088,0.703,0,0,eGFP1
686,12:48:46,0.296,2.129,0,0,eGFP1
687,12:48:50,2.226,3.993,0,0,eGFP1
688,12:49:00,9.754,10.051,0,0,eGFP1
689,12:49:01,0.415,1.129,0,0,eGFP1
690,12:49:02,0.130,0.997,0,0,eGFP1
691,12:49:03,0.108,0.723,0,0,eGFP1
692,12:49:04,0.229,1.217,0,0,eGFP1
693,12:49:06,0.580,2.094,0,0,eGFP1
694,12:49:08,0.132,2.009,0,0,eGFP1
695,12:49:09,0.361,1.173,0,0,eGFP1
696,12:49:11,0.569,1.403,0,0,eGFP1
697,12:49:12,0.163,0.745,0,0,eGFP1
698,12:49:16,0.163,4.816,0,0,eGFP1
699,12:49:17,0.187,0.813,0,0,eGFP1
700,12:49:18,0.152,0.898,0,0,eGFP1
701,12:49:19,0.098,0.559,0,0,eGFP1
702,12:49:19,0.109,0.900,0,0,eGFP1
703,12:49:20,0.130,0.646,0,0,eGFP1
704,12:49:21,0.141,0.701,0,0,eGFP1
705,12:49:24,0.240,3.499,0,0,eGFP1
706,12:49:26,0.679,1.634,0,0,eGFP1
707,12:49:29,0.120,2.874,0,0,eGFP1
708,12:49:30,0.175,0.712,0,0,eGFP1
709,12:49:31,0.142,1.206,0,0,eGFP1
710,12:49:33,0.098,1.908,0,0,eGFP1
711,12:49:35,0.253,2.042,0,0,eGFP1
712,12:49:36,0.119,0.909,0,0,eGFP1
713,12:49:37,0.297,1.548,0,0,eGFP1
714,12:49:40,0.218,2.973,0,0,eGFP1
715,12:49:41,0.152,0.942,0,0,eGFP1
716,12:49:42,0.175,1.250,0,0,eGFP1
717,12:49:43,0.185,0.976,0,0,eGFP1
718,12:49:44,0.130,0.898,0,0,eGFP1
719,12:49:45,0.132,0.856,0,0,eGFP1
720,12:49:46,0.120,0.789,0,0,eGFP1
721,12:49:47,0.131,0.724,0,0,eGFP1
722,12:49:47,0.108,0.679,0,0,eGFP1
723,12:49:48,0.109,0.767,0,0,eGFP1
724,12:49:49,0.174,1.228,0,0,eGFP1
725,12:49:50,0.108,0.569,0,0,eGFP1
726,12:49:50,0.109,0.669,0,0,eGFP1
727,12:49:51,0.108,0.569,0,0,eGFP1
728,12:49:52,0.131,0.855,0,0,eGFP1
729,12:49:52,0.098,0.504,0,0,eGFP1
730,12:49:53,0.075,0.778,0,0,eGFP1
731,12:49:54,0.152,0.624,0,0,eGFP1
732,12:49:54,0.076,0.592,0,0,eGFP1
733,12:49:55,0.163,0.876,0,0,eGFP1
734,12:49:56,0.098,0.636,0,0,eGFP1
735,12:49:58,1.326,2.040,0,0,eGFP1
736,12:50:01,0.439,2.853,0,0,eGFP1
737,12:50:02,0.438,0.833,0,0,eGFP1
738,12:50:04,0.306,2.380,0,0,eGFP1
739,12:50:05,0.263,1.206,0,0,eGFP1
740,12:50:06,0.186,0.779,0,0,eGFP1
741,12:50:07,0.097,0.843,0,0,eGFP1
742,12:50:08,0.264,0.933,0,0,eGFP1
743,12:50:08,0.087,0.625,0,0,eGFP1
744,12:50:09,0.165,0.867,0,0,eGFP1
745,12:50:10,0.087,0.515,0,0,eGFP1
746,12:50:11,0.097,0.888,0,0,eGFP1
747,12:50:11,0.130,0.602,0,0,eGFP1
748,12:50:12,0.087,0.657,0,0,eGFP1
749,12:50:13,0.175,0.921,0,0,eGFP1
750,12:50:14,0.131,0.778,0,0,eGFP1
751,12:50:14,0.153,0.811,0,0,eGFP1
752,12:50:15,0.109,0.866,0,0,eGFP1
753,12:50:26,4.401,10.195,0,0,eGFP1
754,12:50:26,0.131,0.603,0,0,eGFP1
755,12:50:27,0.098,0.877,0,0,eGFP1
756,12:50:28,0.143,0.724,0,0,eGFP1
757,12:50:28,0.087,0.592,0,0,eGFP1
758,12:50:29,0.152,0.822,0,0,eGFP1
759,12:50:30,0.087,0.526,0,0,eGFP1
760,12:50:31,0.097,0.887,0,0,eGFP1
761,12:50:31,0.110,0.560,0,0,eGFP1
762,12:50:32,0.099,1.086,0,0,eGFP1
763,12:50:33,0.164,0.702,0,0,eGFP1
764,12:50:34,0.086,0.613,0,0,eGFP1
765,12:50:34,0.131,0.657,0,0,eGFP1
766,12:50:35,0.098,0.768,0,0,eGFP1
767,12:50:36,0.262,1.008,0,0,eGFP1
768,12:50:36,0.087,0.548,0,0,eGFP1
769,12:50:38,0.143,1.405,0,0,eGFP1
770,12:50:39,0.121,0.648,0,0,eGFP1
771,12:50:39,0.109,0.613,0,0,eGFP1
772,12:50:40,0.098,0.559,0,0,eGFP1
773,12:50:41,0.120,0.998,0,0,eGFP1
774,12:50:41,0.152,0.679,0,0,eGFP1
775,12:50:42,0.087,0.548,0,0,eGFP1
776,12:50:43,0.153,0.921,0,0,eGFP1
777,12:50:43,0.108,0.580,0,0,eGFP1
778,12:50:44,0.099,0.769,0,0,eGFP1
779,12:50:45,0.153,0.723,0,0,eGFP1
780,12:50:46,0.109,1.009,0,0,eGFP1
781,12:50:47,0.416,1.096,0,0,eGFP1
782,12:50:48,0.098,0.504,0,0,eGFP1
783,12:50:48,0.087,0.888,0,0,eGFP1
784,12:50:49,0.154,0.681,0,0,eGFP1
785,12:50:50,0.098,0.581,0,0,eGFP1
786,12:50:51,0.154,0.889,0,0,eGFP1
787,12:50:51,0.120,0.701,0,0,eGFP1
788,12:50:52,0.142,0.844,0,0,eGFP1
789,12:50:53,0.131,0.877,0,0,eGFP1
790,12:50:54,0.493,1.481,0,0,eGFP1
791,12:50:55,0.109,0.548,0,0,eGFP1
792,12:50:56,0.087,0.690,0,0,eGFP1
793,12:50:56,0.175,0.746,0,0,eGFP1
794,12:50:57,0.087,0.504,0,0,eGFP1
795,12:50:58,0.099,0.747,0,0,eGFP1
796,12:50:58,0.141,0.690,0,0,eGFP1
797,12:50:59,0.098,0.658,0,0,eGFP1
798,12:51:02,0.196,3.302,0,0,eGFP1
799,12:51:03,0.099,0.571,0,0,eGFP1
800,12:51:04,0.098,0.680,0,0,eGFP1
801,12:51:04,0.131,0.778,0,0,eGFP1
802,12:51:05,0.109,0.713,0,0,eGFP1
803,12:51:06,0.110,0.571,0,0,eGFP1
804,12:51:08,0.098,2.271,0,0,eGFP1
805,12:51:09,0.120,0.559,0,0,eGFP1
806,12:51:09,0.087,0.658,0,0,eGFP1
807,12:51:10,0.196,0.844,0,0,eGFP1
808,12:51:11,0.087,0.493,0,0,eGFP1
809,12:51:12,0.087,0.998,0,0,eGFP1
810,12:51:12,0.120,0.537,0,0,eGFP1
811,12:51:13,0.077,0.659,0,0,eGFP1
812,12:51:14,0.219,0.943,0,0,eGFP1
813,12:51:14,0.121,0.692,0,0,eGFP1
814,12:51:15,0.098,0.570,0,0,eGFP1
815,12:51:16,0.109,0.800,0,0,eGFP1
816,12:51:16,0.120,0.724,0,0,eGFP1
817,12:51:17,0.131,0.976,0,0,eGFP1
818,12:51:18,0.196,0.910,0,0,eGFP1
819,12:51:19,0.109,0.778,0,0,eGFP1
820,12:51:20,0.198,0.967,0,0,eGFP1
821,12:51:21,0.087,0.482,0,0,eGFP1
822,12:51:22,0.087,0.965,0,0,eGFP1
823,12:51:22,0.185,0.723,0,0,eGFP1
824,12:51:23,0.087,0.471,0,0,eGFP1
825,12:51:23,0.098,0.790,0,0,eGFP1
826,12:51:24,0.153,0.690,0,0,eGFP1
827,12:51:25,0.089,0.528,0,0,eGFP1
828,12:51:26,0.110,0.999,0,0,eGFP1
829,12:51:26,0.120,0.570,0,0,eGFP1
830,12:51:27,0.098,0.888,0,0,eGFP1
831,12:51:28,0.197,0.801,0,0,eGFP1
832,12:51:28,0.087,0.471,0,0,eGFP1
833,12:51:29,0.087,0.735,0,0,eGFP1
834,12:51:30,0.196,0.987,0,0,eGFP1
835,12:51:31,0.109,0.668,0,0,eGFP1
836,12:51:32,0.120,0.965,0,0,eGFP1
837,12:51:33,0.155,0.714,0,0,eGFP1
838,12:51:39,0.099,6.880,0,0,eGFP1
839,12:51:40,0.175,0.867,0,0,eGFP1
840,12:51:41,0.142,0.712,0,0,eGFP1
841,12:51:42,0.100,0.583,0,0,eGFP1
842,12:51:42,0.109,0.658,0,0,eGFP1
843,12:51:43,0.109,0.581,0,0,eGFP1
844,12:51:43,0.098,0.603,0,0,eGFP1
845,12:51:44,0.110,0.560,0,0,eGFP1
846,12:51:45,0.087,0.592,0,0,eGFP1
847,12:51:45,0.164,0.910,0,0,eGFP1
848,12:51:46,0.098,0.504,0,0,eGFP1
849,12:51:47,0.088,0.603,0,0,eGFP1
850,12:51:47,0.142,0.790,0,0,eGFP1
851,12:51:48,0.098,0.537,0,0,eGFP1
852,12:51:49,0.120,1.229,0,0,eGFP1
853,12:51:51,0.176,1.613,0,0,eGFP1
854,12:51:51,0.099,0.505,0,0,eGFP1
855,12:51:52,0.087,0.614,0,0,eGFP1
856,12:51:53,0.143,0.769,0,0,eGFP1
857,12:51:53,0.109,0.537,0,0,eGFP1
858,12:51:54,0.087,0.636,0,0,eGFP1
859,12:51:54,0.131,0.691,0,0,eGFP1
860,12:51:55,0.098,0.592,0,0,eGFP1
861,12:51:56,0.109,0.800,0,0,eGFP1
862,12:51:57,0.133,0.626,0,0,eGFP1
863,12:52:03,0.088,6.123,0,0,eGFP1
864,12:52:03,0.165,0.669,0,0,eGFP1
865,12:52:04,0.110,0.823,0,0,eGFP1
866,12:52:05,0.109,0.537,0,0,eGFP1
867,12:52:05,0.076,0.724,0,0,eGFP1
868,12:52:06,0.131,0.592,0,0,eGFP1
869,12:52:07,0.076,0.647,0,0,eGFP1
870,12:52:07,0.178,0.726,0,0,eGFP1
871,12:52:08,0.088,0.593,0,0,eGFP1
872,12:52:09,0.186,0.855,0,0,eGFP1
873,12:52:09,0.087,0.460,0,0,eGFP1
874,12:52:10,0.077,0.604,0,0,eGFP1
875,12:52:11,0.186,0.778,0,0,eGFP1
876,12:52:11,0.088,0.450,0,0,eGFP1
877,12:52:12,0.076,0.691,0,0,eGFP1
878,12:52:13,0.186,0.756,0,0,eGFP1
879,12:52:13,0.078,0.528,0,0,eGFP1
880,12:52:14,0.164,1.042,0,0,eGFP1
881,12:52:15,0.109,0.702,0,0,eGFP1
882,12:52:16,0.153,0.768,0,0,eGFP1
883,12:52:16,0.098,0.592,0,0,eGFP1
884,12:52:17,0.123,0.825,0,0,eGFP1
885,12:52:18,0.208,0.570,0,0,eGFP1
886,12:52:20,1.811,2.392,0,0,eGFP1
887,12:52:20,0.078,0.550,0,0,eGFP1
888,12:52:21,0.109,0.724,0,0,eGFP1
889,12:52:22,0.131,0.702,0,0,eGFP1
890,12:52:22,0.087,0.515,0,0,eGFP1
891,12:52:23,0.087,0.658,0,0,eGFP1
892,12:52:24,0.131,0.680,0,0,eGFP1
893,12:52:24,0.109,0.669,0,0,eGFP1
894,12:52:25,0.109,0.669,0,0,eGFP1
895,12:52:26,0.089,0.506,0,0,eGFP1
896,12:52:27,0.098,0.976,0,0,eGFP1
897,12:52:27,0.142,0.647,0,0,eGFP1
898,12:52:28,0.089,0.616,0,0,eGFP1
899,12:52:29,0.131,0.899,0,0,eGFP1
900,12:52:29,0.121,0.549,0,0,eGFP1
901,12:52:30,0.087,0.537,0,0,eGFP1
902,12:52:31,0.142,0.932,0,0,eGFP1
903,12:52:31,0.099,0.527,0,0,eGFP1
904,12:52:32,0.088,0.890,0,0,eGFP1
905,12:52:33,0.131,0.603,0,0,eGFP1
906,12:52:33,0.076,0.515,0,0,eGFP1
907,12:52:34,0.121,0.911,0,0,eGFP1
908,12:52:35,0.131,0.713,0,0,eGFP1
909,12:52:38,0.164,3.050,0,0,eGFP1
910,12:52:39,0.153,0.636,0,0,eGFP1
911,12:52:39,0.077,0.483,0,0,eGFP1
912,12:52:40,0.083,0.719,0,0,eGFP1
913,12:52:41,0.121,0.680,0,0,eGFP1
914,12:52:41,0.121,0.702,0,0,eGFP1
915,12:52:42,0.088,0.516,0,0,eGFP1
916,12:52:42,0.087,0.713,0,0,eGFP1
917,12:52:43,0.164,0.812,0,0,eGFP1
918,12:52:45,0.987,1.711,0,0,eGFP1
919,12:52:46,0.088,0.549,0,0,eGFP1
920,12:52:46,0.120,0.713,0,0,eGFP1
921,12:52:50,0.110,4.237,0,0,eGFP1
922,12:52:51,0.208,0.724,0,0,eGFP1
923,12:52:52,0.087,0.603,0,0,eGFP1
924,12:52:53,0.153,0.724,0,0,eGFP1
925,12:52:53,0.080,0.464,0,0,eGFP1
926,12:52:54,0.088,0.790,0,0,eGFP1
927,12:52:54,0.122,0.550,0,0,eGFP1
928,12:52:55,0.087,0.548,0,0,eGFP1
929,12:52:56,0.122,0.682,0,0,eGFP1
930,12:52:56,0.087,0.526,0,0,eGFP1
931,12:52:57,0.088,0.669,0,0,eGFP1
932,12:52:57,0.132,0.724,0,0,eGFP1
933,12:52:58,0.088,0.494,0,0,eGFP1
934,12:52:59,0.098,0.932,0,0,eGFP1
935,12:53:00,0.176,0.768,0,0,eGFP1
936,12:53:00,0.088,0.472,0,0,eGFP1
937,12:53:01,0.100,0.605,0,0,eGFP1
938,12:55:11,0.834,130.579,0,0,eGFP1
939,12:55:48,18.436,36.236,0,0,eGFP1
940,12:55:49,0.208,1.920,0,0,eGFP1
941,12:55:51,0.155,1.505,0,0,eGFP1
942,12:55:52,0.142,1.042,0,0,eGFP1
943,12:55:53,0.230,1.054,0,0,eGFP1
944,12:55:54,0.142,1.053,0,0,eGFP1
945,12:55:55,0.153,1.284,0,0,eGFP1
946,12:55:57,0.111,1.241,0,0,eGFP1
947,12:55:57,0.131,0.790,0,0,eGFP1
948,12:55:58,0.142,0.900,0,0,eGFP1
949,12:55:59,0.153,0.921,0,0,eGFP1
950,12:56:00,0.099,0.713,0,0,eGFP1
951,12:56:01,0.110,0.889,0,0,eGFP1
952,12:56:02,0.154,0.801,0,0,eGFP1
953,12:56:02,0.132,0.845,0,0,eGFP1
954,12:56:03,0.111,0.627,0,0,eGFP1
955,12:56:08,0.122,4.643,0,0,eGFP1
956,12:56:09,0.669,0.954,0,0,eGFP1
957,12:56:10,0.384,1.175,0,0,eGFP1
958,12:56:11,0.197,0.910,0,0,eGFP1
959,12:56:11,0.088,0.604,0,0,eGFP1
960,12:56:12,0.131,0.888,0,0,eGFP1
961,12:56:13,0.088,0.538,0,0,eGFP1
962,12:56:14,0.099,0.768,0,0,eGFP1
963,12:56:14,0.144,0.759,0,0,eGFP1
964,12:56:15,0.109,0.801,0,0,eGFP1
965,12:56:16,0.131,0.855,0,0,eGFP1
966,12:56:17,0.143,0.889,0,0,eGFP1
967,12:56:18,0.121,0.724,0,0,eGFP1
968,12:56:19,0.154,0.900,0,0,eGFP1
969,12:56:19,0.100,0.528,0,0,eGFP1
970,12:56:20,0.088,0.779,0,0,eGFP1
971,12:56:21,0.144,0.814,0,0,eGFP1
972,12:56:21,0.120,0.581,0,0,eGFP1
973,12:56:23,0.099,1.503,0,0,eGFP1
974,12:56:23,0.143,0.681,0,0,eGFP1
975,12:56:24,0.109,0.922,0,0,eGFP1
976,12:56:25,0.109,0.735,0,0,eGFP1
977,12:56:26,0.120,0.647,0,0,eGFP1
978,12:56:26,0.099,0.757,0,0,eGFP1
979,12:56:27,0.144,0.660,0,0,eGFP1
980,12:56:29,0.088,1.844,0,0,eGFP1
981,12:56:30,0.142,0.790,0,0,eGFP1
982,12:56:31,0.098,0.834,0,0,eGFP1
983,12:56:32,0.846,1.504,0,0,eGFP1
984,12:56:33,0.143,1.010,0,0,eGFP1
985,12:56:34,0.099,0.527,0,0,eGFP1
986,12:56:34,0.087,0.625,0,0,eGFP1
987,12:56:35,0.110,0.626,0,0,eGFP1
988,12:56:36,0.089,0.846,0,0,eGFP1
989,12:56:37,0.143,0.900,0,0,eGFP1
990,12:56:37,0.142,0.713,0,0,eGFP1
991,12:56:38,0.088,0.648,0,0,eGFP1
992,12:56:39,0.109,0.713,0,0,eGFP1
993,12:56:39,0.099,0.559,0,0,eGFP1
994,12:56:40,0.077,0.615,0,0,eGFP1
995,12:56:43,0.187,2.930,0,0,eGFP1
996,12:56:44,0.111,0.792,0,0,eGFP1
997,12:56:45,0.252,0.932,0,0,eGFP1
998,12:56:45,0.079,0.594,0,0,eGFP1
999,12:56:46,0.154,1.043,0,0,eGFP1
1000,12:56:47,0.164,0.834,0,0,eGFP1
1001,12:56:48,0.121,0.878,0,0,eGFP1
1002,12:56:49,0.121,0.735,0,0,eGFP1
1003,12:56:49,0.143,0.790,0,0,eGFP1
1004,12:56:50,0.100,0.616,0,0,eGFP1
1005,12:56:51,0.143,0.856,0,0,eGFP1
1006,12:56:52,0.125,0.772,0,0,eGFP1
1007,12:56:52,0.099,0.615,0,0,eGFP1
1008,12:56:53,0.142,1.141,0,0,eGFP1
1009,12:56:54,0.176,0.571,0,0,eGFP1
1010,12:56:55,0.263,0.658,0,0,eGFP1
1011,12:56:56,0.264,0.867,0,0,eGFP1
1012,12:56:56,0.111,0.616,0,0,eGFP1
1013,12:56:57,0.100,0.759,0,0,eGFP1
1014,12:56:58,0.143,0.779,0,0,eGFP1
1015,12:56:58,0.110,0.604,0,0,eGFP1
1016,12:56:59,0.088,0.911,0,0,eGFP1
1017,12:57:00,0.151,0.667,0,0,eGFP1
1018,12:57:01,0.097,0.843,0,0,eGFP1
1019,12:57:01,0.119,0.624,0,0,eGFP1
1020,12:57:02,0.097,0.733,0,0,eGFP1
1021,12:57:03,0.109,0.592,0,0,eGFP1
1022,12:57:03,0.086,0.679,0,0,eGFP1
1023,12:57:05,0.250,1.260,0,0,eGFP1
1024,12:57:05,0.119,0.799,0,0,eGFP1
1025,12:57:07,0.164,1.569,0,0,eGFP1
1026,12:57:08,0.097,0.590,0,0,eGFP1
1027,12:57:08,0.108,0.767,0,0,eGFP1
1028,12:57:09,0.118,0.678,0,0,eGFP1
1029,12:57:10,0.120,0.713,0,0,eGFP1
1030,12:57:10,0.141,0.766,0,0,eGFP1
1031,12:57:11,0.086,0.679,0,0,eGFP1
1032,12:57:12,0.162,0.766,0,0,eGFP1
1033,12:57:13,0.097,0.700,0,0,eGFP1
1034,12:57:14,0.339,1.425,0,0,eGFP1
1035,12:57:15,0.108,0.745,0,0,eGFP1
1036,12:57:16,0.140,0.755,0,0,eGFP1
1037,12:57:16,0.087,0.680,0,0,eGFP1
1038,12:57:17,0.195,0.920,0,0,eGFP1
1039,12:57:18,0.087,0.482,0,0,eGFP1
1040,12:57:19,0.075,0.964,0,0,eGFP1
1041,12:57:19,0.141,0.646,0,0,eGFP1
1042,12:57:20,0.086,0.766,0,0,eGFP1
1043,12:57:21,0.130,0.832,0,0,eGFP1
1044,12:57:22,0.119,0.755,0,0,eGFP1
1045,12:57:24,0.152,2.523,0,0,eGFP1
1046,12:57:25,0.087,0.680,0,0,eGFP1
1047,12:57:26,0.185,0.788,0,0,eGFP1
1048,12:57:26,0.086,0.525,0,0,eGFP1
1049,12:57:27,0.108,0.800,0,0,eGFP1
1050,12:57:28,0.097,0.964,0,0,eGFP1
1051,12:57:29,0.173,0.656,0,0,eGFP1
1052,12:57:29,0.075,0.514,0,0,eGFP1
1053,12:57:30,0.120,0.954,0,0,eGFP1
1054,12:57:31,0.099,0.658,0,0,eGFP1
1055,12:57:31,0.141,0.712,0,0,eGFP1
1056,12:57:32,0.086,0.646,0,0,eGFP1
1057,12:57:33,0.162,0.832,0,0,eGFP1
1058,12:57:34,0.141,0.777,0,0,eGFP1
1059,12:57:35,0.668,1.381,0,0,eGFP1
1060,12:57:35,0.086,0.492,0,0,eGFP1
1061,12:57:36,0.086,0.788,0,0,eGFP1
1062,12:57:37,0.110,0.593,0,0,eGFP1
1063,12:57:37,0.075,0.601,0,0,eGFP1
1064,12:57:38,0.174,0.833,0,0,eGFP1
1065,12:57:39,0.097,0.601,0,0,eGFP1
1066,12:57:40,0.108,0.811,0,0,eGFP1
1067,12:57:41,0.142,0.910,0,0,eGFP1
1068,12:57:41,0.141,0.876,0,0,eGFP1
1069,12:57:42,0.097,0.756,0,0,eGFP1
1070,12:57:43,0.189,0.924,0,0,eGFP1
1071,12:57:44,0.108,0.690,0,0,eGFP1
1072,12:57:44,0.119,0.634,0,0,eGFP1
1073,12:57:45,0.086,0.536,0,0,eGFP1
1074,12:57:46,0.108,0.822,0,0,eGFP1
1075,12:57:46,0.108,0.591,0,0,eGFP1
1076,12:57:47,0.097,0.678,0,0,eGFP1
1077,12:57:48,0.119,0.712,0,0,eGFP1
1078,12:57:49,0.097,0.668,0,0,eGFP1
1079,12:57:50,0.131,1.536,0,0,eGFP1
1080,12:57:51,0.097,0.590,0,0,eGFP1
1081,12:57:52,0.132,0.999,0,0,eGFP1
1082,12:57:52,0.108,0.580,0,0,eGFP1
1083,12:57:53,0.086,0.920,0,0,eGFP1
1084,12:57:54,0.174,0.755,0,0,eGFP1
1085,12:57:54,0.086,0.569,0,0,eGFP1
1086,12:57:55,0.141,0.887,0,0,eGFP1
1087,12:57:56,0.110,0.593,0,0,eGFP1
1088,12:57:57,0.075,0.624,0,0,eGFP1
1089,12:58:00,0.250,3.213,0,0,eGFP1
1090,12:58:00,0.130,0.690,0,0,eGFP1
1091,12:58:01,0.108,0.635,0,0,eGFP1
1092,12:58:02,0.097,0.690,0,0,eGFP1
1093,12:58:03,0.184,0.854,0,0,eGFP1
1094,12:58:03,0.097,0.580,0,0,eGFP1
1095,12:58:04,0.100,0.736,0,0,eGFP1
1096,12:58:04,0.108,0.536,0,0,eGFP1
1097,12:58:05,0.075,0.591,0,0,eGFP1
1098,12:58:06,0.174,0.844,0,0,eGFP1
1099,12:58:06,0.086,0.481,0,0,eGFP1
1100,12:58:07,0.075,0.733,0,0,eGFP1
1101,12:58:08,0.163,0.822,0,0,eGFP1
1102,12:58:08,0.097,0.525,0,0,eGFP1
1103,12:58:09,0.088,0.812,0,0,eGFP1
1104,12:58:10,0.174,0.701,0,0,eGFP1
1105,12:58:11,0.086,0.788,0,0,eGFP1
1106,12:58:12,0.130,0.723,0,0,eGFP1
1107,12:58:12,0.130,0.821,0,0,eGFP1
1108,12:58:13,0.110,0.812,0,0,eGFP1
1109,12:58:14,0.108,0.657,0,0,eGFP1
1110,12:58:15,0.141,1.162,0,0,eGFP1
1111,12:58:16,0.130,0.689,0,0,eGFP1
1112,12:58:16,0.110,0.724,0,0,eGFP1
1113,12:58:17,0.109,0.734,0,0,eGFP1
1114,12:58:18,0.141,0.822,0,0,eGFP1
1115,12:58:19,0.097,0.678,0,0,eGFP1
1116,12:58:19,0.131,0.690,0,0,eGFP1
1117,12:58:20,0.097,0.866,0,0,eGFP1
1118,12:58:21,0.163,0.843,0,0,eGFP1
1119,12:58:22,0.119,0.822,0,0,eGFP1
1120,12:58:22,0.131,0.658,0,0,eGFP1
1121,12:58:23,0.075,0.503,0,0,eGFP1
1122,12:59:01,0.099,38.310,0,0,eGFP1
1123,12:59:04,0.174,2.281,0,0,eGFP1
1124,12:59:04,0.229,0.866,0,0,eGFP1
1125,12:59:05,0.097,0.931,0,0,eGFP1
1126,12:59:06,0.130,0.646,0,0,eGFP1
1127,12:59:07,0.097,0.821,0,0,eGFP1
1128,12:59:08,0.165,1.153,0,0,eGFP1
1129,12:59:14,0.163,5.595,0,0,eGFP1
1130,12:59:14,0.185,0.855,0,0,eGFP1
1131,12:59:15,0.097,0.788,0,0,eGFP1
1132,12:59:16,0.130,0.602,0,0,eGFP1
1133,12:59:17,0.097,0.844,0,0,eGFP1
1134,12:59:17,0.119,0.657,0,0,eGFP1
1135,12:59:18,0.141,1.008,0,0,eGFP1
1136,12:59:19,0.144,0.692,0,0,eGFP1
1137,12:59:20,0.119,0.778,0,0,eGFP1
1138,12:59:21,0.130,0.756,0,0,eGFP1
1139,12:59:21,0.130,0.788,0,0,eGFP1
1140,12:59:23,1.140,1.842,0,0,eGFP1
1141,12:59:24,0.109,0.800,0,0,eGFP1
1142,12:59:25,0.119,0.668,0,0,eGFP1
1143,12:59:25,0.108,0.602,0,0,eGFP1
1144,12:59:26,0.130,0.866,0,0,eGFP1
1145,12:59:29,0.724,3.270,0,0,eGFP1
1146,12:59:30,0.141,0.657,0,0,eGFP1
1147,12:59:31,0.086,0.503,0,0,eGFP1
1148,12:59:31,0.097,0.833,0,0,eGFP1
1149,12:59:32,0.108,0.580,0,0,eGFP1
1150,12:59:33,0.088,0.581,0,0,eGFP1
1151,12:59:34,0.109,1.470,0,0,eGFP1
1152,12:59:35,0.196,0.766,0,0,eGFP1
1153,12:59:35,0.077,0.472,0,0,eGFP1
1154,12:59:36,0.097,0.723,0,0,eGFP1
1155,12:59:37,0.119,0.591,0,0,eGFP1
1156,12:59:37,0.087,0.635,0,0,eGFP1
1157,12:59:38,0.120,0.635,0,0,eGFP1
1158,12:59:38,0.076,0.526,0,0,eGFP1
1159,12:59:39,0.108,0.821,0,0,eGFP1
1160,12:59:40,0.120,0.636,0,0,eGFP1
1161,12:59:40,0.109,0.636,0,0,eGFP1
1162,12:59:41,0.097,0.635,0,0,eGFP1
1163,12:59:42,0.098,0.668,0,0,eGFP1
1164,12:59:43,0.099,0.757,0,0,eGFP1
1165,12:59:43,0.131,0.625,0,0,eGFP1
1166,12:59:44,0.086,0.624,0,0,eGFP1
1167,12:59:46,0.130,2.413,0,0,eGFP1
1168,12:59:47,0.141,0.646,0,0,eGFP1
1169,12:59:47,0.087,0.493,0,0,eGFP1
1170,12:59:48,0.085,0.820,0,0,eGFP1
1171,12:59:49,0.119,0.624,0,0,eGFP1
1172,12:59:49,0.109,0.701,0,0,eGFP1
1173,12:59:50,0.087,0.592,0,0,eGFP1
1174,12:59:51,0.108,0.657,0,0,eGFP1
1175,12:59:51,0.108,0.657,0,0,eGFP1
1176,12:59:52,0.119,0.690,0,0,eGFP1
1177,12:59:53,0.163,0.833,0,0,eGFP1
1178,12:59:53,0.100,0.539,0,0,eGFP1
1179,12:59:56,0.108,2.149,0,0,eGFP1
1180,12:59:56,0.087,0.679,0,0,eGFP1
1181,12:59:57,0.131,0.581,0,0,eGFP1
1182,12:59:57,0.075,0.481,0,0,eGFP1
1183,12:59:58,0.098,0.690,0,0,eGFP1
1184,12:59:59,0.120,0.657,0,0,eGFP1
1185,12:59:59,0.120,0.581,0,0,eGFP1
1186,13:00:00,0.077,0.658,0,0,eGFP1
1187,13:00:01,0.142,0.646,0,0,eGFP1
1188,13:00:01,0.087,0.636,0,0,eGFP1
1189,13:00:02,0.130,0.745,0,0,eGFP1
1190,13:00:03,0.108,0.558,0,0,eGFP1
1191,13:00:04,0.077,1.690,0,0,eGFP1
1192,13:00:05,0.196,0.712,0,0,eGFP1
1193,13:00:05,0.087,0.493,0,0,eGFP1
1194,13:00:06,0.077,0.527,0,0,eGFP1
1195,13:00:07,0.097,0.690,0,0,eGFP1
1196,13:00:07,0.163,0.756,0,0,eGFP1
1197,13:00:08,0.086,0.492,0,0,eGFP1
1198,13:00:09,0.109,0.965,0,0,eGFP1
1199,13:00:09,0.141,0.646,0,0,eGFP1
1200,13:00:10,0.087,0.602,0,0,eGFP1
1201,13:00:11,0.120,0.712,0,0,eGFP1
1202,13:00:12,0.131,0.844,0,0,eGFP1
1203,13:00:12,0.132,0.780,0,0,eGFP1
1204,13:00:17,0.777,5.024,0,0,eGFP1
1205,13:00:20,1.405,2.448,0,0,eGFP1
1206,13:00:20,0.130,0.602,0,0,eGFP1
1207,13:00:21,0.076,0.537,0,0,eGFP1
1208,13:00:22,0.097,0.547,0,0,eGFP1
1209,13:00:22,0.076,0.581,0,0,eGFP1
1210,13:00:23,0.108,0.624,0,0,eGFP1
1211,13:00:23,0.088,0.659,0,0,eGFP1
1212,13:00:24,0.119,0.569,0,0,eGFP1
1213,13:00:25,0.076,0.537,0,0,eGFP1
1214,13:00:25,0.108,0.887,0,0,eGFP1
1215,13:00:26,0.175,0.822,0,0,eGFP1
1216,13:00:27,0.087,0.581,0,0,eGFP1
1217,13:00:28,0.108,0.723,0,0,eGFP1
1218,13:00:28,0.098,0.591,0,0,eGFP1
1219,13:00:29,0.112,0.649,0,0,eGFP1
1220,13:00:29,0.087,0.559,0,0,eGFP1
1221,13:00:30,0.119,0.975,0,0,eGFP1
1222,13:00:31,0.164,0.691,0,0,eGFP1
1223,13:00:32,0.086,0.613,0,0,eGFP1
1224,13:00:32,0.131,0.844,0,0,eGFP1
1225,13:00:33,0.120,0.712,0,0,eGFP1
1226,13:00:34,0.120,0.679,0,0,eGFP1
1227,13:00:35,0.187,1.087,0,0,eGFP1
1228,13:00:36,0.109,0.559,0,0,eGFP1
1229,13:00:40,0.086,4.739,0,0,eGFP1
1230,13:00:41,0.153,0.702,0,0,eGFP1
1231,13:00:42,0.108,0.657,0,0,eGFP1
1232,13:00:42,0.120,0.646,0,0,eGFP1
1233,13:00:43,0.088,0.472,0,0,eGFP1
1234,13:00:43,0.065,0.504,0,0,eGFP1
1235,13:00:44,0.109,0.712,0,0,eGFP1
1236,13:00:44,0.088,0.494,0,0,eGFP1
1237,13:00:45,0.087,0.636,0,0,eGFP1
1238,13:00:46,0.185,0.932,0,0,eGFP1
1239,13:00:47,0.097,0.514,0,0,eGFP1
1240,13:00:50,0.087,3.412,0,0,eGFP1
1241,13:00:51,0.142,0.658,0,0,eGFP1
1242,13:00:51,0.097,0.536,0,0,eGFP1
1243,13:00:52,0.109,0.734,0,0,eGFP1
1244,13:00:52,0.121,0.582,0,0,eGFP1
1245,13:00:53,0.076,0.482,0,0,eGFP1
1246,13:00:54,0.120,0.789,0,0,eGFP1
1247,13:00:54,0.099,0.505,0,0,eGFP1
1248,13:00:55,0.076,0.581,0,0,eGFP1
1249,13:00:56,0.131,0.811,0,0,eGFP1
1250,13:00:56,0.142,0.767,0,0,eGFP1
1251,13:00:57,0.098,0.734,0,0,eGFP1
1252,13:00:58,0.132,0.681,0,0,eGFP1
1253,13:00:58,0.087,0.592,0,0,eGFP1
1254,13:00:59,0.108,0.844,0,0,eGFP1
1255,13:01:00,0.108,0.756,0,0,eGFP1
1256,13:01:01,0.120,0.602,0,0,eGFP1
1257,13:01:01,0.087,0.559,0,0,eGFP1
1258,13:01:02,0.153,0.998,0,0,eGFP1
1259,13:01:05,0.361,2.435,0,0,eGFP1
1260,13:01:05,0.253,0.867,0,0,eGFP1
1261,13:01:06,0.110,0.769,0,0,eGFP1
1262,13:01:07,0.284,0.526,0,0,eGFP1
1263,13:01:13,5.606,6.396,0,0,eGFP1
1264,13:01:14,0.076,0.515,0,0,eGFP1
1265,13:01:14,0.109,0.723,0,0,eGFP1
1266,13:01:15,0.120,0.658,0,0,eGFP1
1267,13:01:16,0.087,0.526,0,0,eGFP1
1268,13:01:17,0.109,1.733,0,0,eGFP1
1269,13:01:18,0.110,0.560,0,0,eGFP1
1270,13:01:19,0.098,0.712,0,0,eGFP1
1271,13:01:19,0.131,0.822,0,0,eGFP1
1272,13:01:20,0.109,0.658,0,0,eGFP1
1273,13:01:21,0.109,0.932,0,0,eGFP1
1274,13:01:22,0.262,1.228,0,0,eGFP1
1275,13:01:23,0.129,0.931,0,0,eGFP1
1276,13:01:25,0.350,1.601,0,0,eGFP1
1277,13:01:29,0.681,4.072,0,0,eGFP1
1278,13:01:30,0.152,1.052,0,0,eGFP1
1279,13:01:32,0.318,1.964,0,0,eGFP1
1280,13:01:37,0.866,5.003,0,0,eGFP1
1281,13:01:38,0.723,1.283,0,0,eGFP1
1282,13:01:43,2.710,4.531,0,0,eGFP1
1283,13:01:44,0.274,1.251,0,0,eGFP1
1284,13:01:45,0.196,1.283,0,0,eGFP1
1285,13:01:46,0.165,1.021,0,0,eGFP1
1286,13:01:47,0.186,1.118,0,0,eGFP1
1287,13:01:50,0.164,2.721,0,0,eGFP1
1288,13:01:51,0.121,0.922,0,0,eGFP1
1289,13:01:52,0.142,1.119,0,0,eGFP1
1290,13:01:53,0.131,0.866,0,0,eGFP1
1291,13:01:54,0.131,0.877,0,0,eGFP1
1292,13:01:55,0.164,1.163,0,0,eGFP1
1293,13:01:57,1.679,2.404,0,0,eGFP1
1294,13:01:58,0.142,0.811,0,0,eGFP1
1295,13:01:59,0.109,0.899,0,0,eGFP1
1296,13:02:00,0.197,1.239,0,0,eGFP1
1297,13:02:01,0.285,1.108,0,0,eGFP1
1298,13:02:02,0.131,0.987,0,0,eGFP1
1299,13:02:03,0.120,0.921,0,0,eGFP1
1300,13:02:04,0.153,0.877,0,0,eGFP1
1301,13:02:05,0.197,1.009,0,0,eGFP1
1302,13:02:07,0.188,1.264,0,0,eGFP1
1303,13:02:07,0.142,0.965,0,0,eGFP1
1304,13:02:08,0.208,0.965,0,0,eGFP1
1305,13:02:09,0.131,1.031,0,0,eGFP1
1306,13:02:11,0.185,1.568,0,0,eGFP1
1307,13:02:12,0.120,0.724,0,0,eGFP1
1308,13:02:13,0.131,1.140,0,0,eGFP1
1309,13:02:14,0.142,0.724,0,0,eGFP1
1310,13:02:15,0.121,0.889,0,0,eGFP1
1311,13:02:15,0.120,0.823,0,0,eGFP1
1312,13:02:16,0.164,0.811,0,0,eGFP1
1313,13:02:17,0.120,1.020,0,0,eGFP1
1314,13:02:18,0.131,0.899,0,0,eGFP1
1315,13:02:19,0.153,0.987,0,0,eGFP1
1316,13:02:20,0.122,0.714,0,0,eGFP1
1317,13:02:20,0.109,0.724,0,0,eGFP1
1318,13:02:21,0.143,0.802,0,0,eGFP1
1319,13:02:22,0.120,0.734,0,0,eGFP1
1320,13:02:23,0.098,0.855,0,0,eGFP1
1321,13:02:24,0.131,0.790,0,0,eGFP1
1322,13:02:25,0.120,0.910,0,0,eGFP1
1323,13:02:29,0.153,4.400,0,0,eGFP1
1324,13:02:30,0.142,0.888,0,0,eGFP1
1325,13:02:31,0.219,1.437,0,0,eGFP1
1326,13:02:32,0.132,0.912,0,0,eGFP1
1327,13:02:33,0.131,0.668,0,0,eGFP1
1328,13:02:34,0.131,0.625,0,0,eGFP1
1329,13:02:34,0.241,0.691,0,0,eGFP1
1330,13:02:35,0.253,1.043,0,0,eGFP1
1331,13:02:36,0.351,1.185,0,0,eGFP1
1332,13:02:37,0.109,0.691,0,0,eGFP1
1333,13:02:38,0.109,0.647,0,0,eGFP1
1334,13:02:39,0.142,0.910,0,0,eGFP1
1335,13:02:39,0.133,0.780,0,0,eGFP1
1336,13:02:40,0.120,0.702,0,0,eGFP1
1337,13:02:41,0.098,0.592,0,0,eGFP1
1338,13:02:41,0.109,0.625,0,0,eGFP1
1339,13:02:42,0.098,0.614,0,0,eGFP1
1340,13:02:43,0.109,0.723,0,0,eGFP1
1341,13:02:43,0.109,0.779,0,0,eGFP1
1342,13:02:44,0.131,0.800,0,0,eGFP1
1343,13:02:45,0.144,0.791,0,0,eGFP1
1344,13:02:46,0.100,0.670,0,0,eGFP1
1345,13:02:47,0.143,0.878,0,0,eGFP1
1346,13:02:47,0.142,0.767,0,0,eGFP1
1347,13:02:48,0.088,0.571,0,0,eGFP1
1348,13:02:50,0.120,1.788,0,0,eGFP1
1349,13:02:51,0.164,0.756,0,0,eGFP1
1350,13:02:51,0.099,0.549,0,0,eGFP1
1351,13:02:52,0.088,0.626,0,0,eGFP1
1352,13:02:53,0.120,0.866,0,0,eGFP1
1353,13:02:54,0.175,0.966,0,0,eGFP1
1354,13:02:54,0.098,0.778,0,0,eGFP1
1355,13:02:55,0.142,0.713,0,0,eGFP1
1356,13:02:56,0.087,0.702,0,0,eGFP1
1357,13:02:57,0.131,1.426,0,0,eGFP1
1358,13:02:58,0.122,0.670,0,0,eGFP1
1359,13:02:59,0.111,0.824,0,0,eGFP1
1360,13:02:59,0.142,0.702,0,0,eGFP1
1361,13:03:00,0.098,0.581,0,0,eGFP1
1362,13:03:01,0.098,0.768,0,0,eGFP1
1363,13:03:01,0.142,0.724,0,0,eGFP1
1364,13:03:02,0.098,0.603,0,0,eGFP1
1365,13:03:03,0.098,0.778,0,0,eGFP1
1366,13:03:04,0.132,0.801,0,0,eGFP1
1367,13:03:04,0.120,0.702,0,0,eGFP1
1368,13:03:05,0.144,0.879,0,0,eGFP1
1369,13:03:06,0.109,0.757,0,0,eGFP1
1370,13:03:07,0.142,0.943,0,0,eGFP1
1371,13:03:08,0.132,0.802,0,0,eGFP1
1372,13:03:09,0.109,0.855,0,0,eGFP1
1373,13:03:09,0.154,0.747,0,0,eGFP1
1374,13:03:10,0.098,0.603,0,0,eGFP1
1375,13:03:11,0.109,0.790,0,0,eGFP1
1376,13:03:12,0.154,0.857,0,0,eGFP1
1377,13:03:17,0.164,5.936,0,0,eGFP1
1378,13:03:18,0.142,0.878,0,0,eGFP1
1379,13:03:19,0.153,0.669,0,0,eGFP1
1380,13:03:20,0.197,1.492,0,0,eGFP1
1381,13:03:21,0.142,0.954,0,0,eGFP1
1382,13:03:24,0.241,2.315,0,0,eGFP1
1383,13:03:24,0.241,0.505,0,0,eGFP1
1384,13:03:27,0.977,3.018,0,0,eGFP1
1385,13:03:28,0.155,1.088,0,0,eGFP1
1386,13:03:29,0.153,0.713,0,0,eGFP1
1387,13:03:30,0.098,0.592,0,0,eGFP1
1388,13:03:31,0.109,1.053,0,0,eGFP1
1389,13:03:32,0.142,0.812,0,0,eGFP1
1390,13:03:32,0.098,0.636,0,0,eGFP1
1391,13:03:33,0.164,0.965,0,0,eGFP1
1392,13:03:34,0.089,0.671,0,0,eGFP1
1393,13:03:35,0.142,0.724,0,0,eGFP1
1394,13:03:36,0.120,1.053,0,0,eGFP1
1395,13:03:39,1.382,3.182,0,0,eGFP1
1396,13:03:40,0.120,1.262,0,0,eGFP1
1397,13:03:41,0.383,1.184,0,0,eGFP1
1398,13:03:42,0.099,0.692,0,0,eGFP1
1399,13:03:43,0.121,0.780,0,0,eGFP1
1400,13:03:43,0.120,0.790,0,0,eGFP1
1401,13:03:44,0.110,0.670,0,0,eGFP1
1402,13:03:45,0.120,0.757,0,0,eGFP1
1403,13:03:46,0.098,0.855,0,0,eGFP1
1404,13:03:46,0.154,0.670,0,0,eGFP1
1405,13:03:47,0.087,0.724,0,0,eGFP1
1406,13:03:48,0.142,0.713,0,0,eGFP1
1407,13:03:48,0.109,0.614,0,0,eGFP1
1408,13:03:50,0.120,1.876,0,0,eGFP1
1409,13:04:26,32.385,35.929,0,0,eGFP1
1410,13:04:29,0.658,2.315,0,0,eGFP1
1411,13:04:30,0.274,1.108,0,0,eGFP1
1412,13:04:31,0.253,1.098,0,0,eGFP1
1413,13:04:32,0.165,1.263,0,0,eGFP1
1414,13:04:33,0.219,1.108,0,0,eGFP1
1415,13:04:34,0.197,1.130,0,0,eGFP1
1416,13:04:35,0.241,0.987,0,0,eGFP1
1417,13:04:36,0.177,1.022,0,0,eGFP1
1418,13:04:37,0.132,0.878,0,0,eGFP1
1419,13:04:38,0.153,0.954,0,0,eGFP1
1420,13:04:39,0.165,1.185,0,0,eGFP1
1421,13:04:40,0.208,0.966,0,0,eGFP1
1422,13:04:41,0.153,1.130,0,0,eGFP1
1423,13:05:25,0.219,43.797,0,0,eGFP1
1424,13:05:26,0.329,0.724,0,0,eGFP1
1425,13:05:27,0.395,1.437,0,0,eGFP1
1426,13:05:29,0.164,1.118,0,0,eGFP1
1427,13:05:29,0.144,0.671,0,0,eGFP1
1428,13:05:30,0.109,0.801,0,0,eGFP1
1429,13:05:31,0.098,0.691,0,0,eGFP1
1430,13:05:31,0.164,0.757,0,0,eGFP1
1431,13:05:32,0.088,0.823,0,0,eGFP1
1432,13:05:33,0.120,0.647,0,0,eGFP1
1433,13:05:34,0.164,1.064,0,0,eGFP1
1434,13:05:35,0.100,0.638,0,0,eGFP1
1435,13:05:35,0.132,0.680,0,0,eGFP1
1436,13:05:36,0.088,0.494,0,0,eGFP1
1437,13:05:37,0.087,0.801,0,0,eGFP1
1438,13:05:37,0.153,0.779,0,0,eGFP1
1439,13:05:38,0.131,0.680,0,0,eGFP1
1440,13:05:39,0.089,0.824,0,0,eGFP1
1441,13:05:39,0.121,0.560,0,0,eGFP1
1442,13:05:40,0.078,0.539,0,0,eGFP1
1443,13:05:41,0.120,0.801,0,0,eGFP1
1444,13:05:46,0.120,5.673,0,0,eGFP1
1445,13:05:47,0.329,0.911,0,0,eGFP1
1446,13:05:48,0.087,0.867,0,0,eGFP1
1447,13:05:49,0.131,0.581,0,0,eGFP1
1448,13:05:49,0.066,0.472,0,0,eGFP1
1449,13:05:50,0.099,0.790,0,0,eGFP1
1450,13:05:51,0.122,0.649,0,0,eGFP1
1451,13:05:51,0.120,0.757,0,0,eGFP1
1452,13:05:52,0.087,0.526,0,0,eGFP1
1453,13:05:53,0.110,0.878,0,0,eGFP1
1454,13:05:53,0.101,0.551,0,0,eGFP1
1455,13:05:54,0.087,0.834,0,0,eGFP1
1456,13:05:55,0.109,0.735,0,0,eGFP1
1457,13:05:59,2.611,4.181,0,0,eGFP1
1458,13:06:01,0.241,1.569,0,0,eGFP1
1459,13:06:02,0.122,0.769,0,0,eGFP1
1460,13:06:02,0.121,0.812,0,0,eGFP1
1461,13:06:03,0.121,0.604,0,0,eGFP1
1462,13:06:04,0.087,0.790,0,0,eGFP1
1463,13:06:04,0.131,0.581,0,0,eGFP1
1464,13:06:05,0.088,1.087,0,0,eGFP1
1465,13:06:07,0.504,1.294,0,0,eGFP1
1466,13:06:07,0.099,0.714,0,0,eGFP1
1467,13:06:08,0.122,0.692,0,0,eGFP1
1468,13:06:10,0.111,1.900,0,0,eGFP1
1469,13:06:11,0.110,0.702,0,0,eGFP1
1470,13:06:11,0.132,0.801,0,0,eGFP1
1471,13:06:12,0.110,0.791,0,0,eGFP1
1472,13:06:13,0.153,0.866,0,0,eGFP1
1473,13:06:14,0.099,0.571,0,0,eGFP1
1474,13:06:14,0.110,0.768,0,0,eGFP1
1475,13:06:15,0.100,0.605,0,0,eGFP1
1476,13:06:16,0.121,0.669,0,0,eGFP1
1477,13:06:17,0.088,0.758,0,0,eGFP1
1478,13:06:17,0.153,0.768,0,0,eGFP1
1479,13:06:18,0.099,0.538,0,0,eGFP1
1480,13:06:19,0.109,0.965,0,0,eGFP1
1481,13:06:19,0.132,0.703,0,0,eGFP1
1482,13:06:20,0.111,0.835,0,0,eGFP1
1483,13:06:21,0.111,0.550,0,0,eGFP1
1484,13:06:22,0.099,1.043,0,0,eGFP1
1485,13:06:23,0.109,0.614,0,0,eGFP1
1486,13:06:23,0.099,0.933,0,0,eGFP1
1487,13:06:24,0.121,0.735,0,0,eGFP1
1488,13:06:25,0.143,0.856,0,0,eGFP1
1489,13:06:26,0.132,0.922,0,0,eGFP1
1490,13:06:27,0.110,0.713,0,0,eGFP1
1491,13:06:28,0.143,0.823,0,0,eGFP1
1492,13:06:28,0.101,0.682,0,0,eGFP1
1493,13:06:29,0.143,1.021,0,0,eGFP1
1494,13:06:30,0.154,0.801,0,0,eGFP1
1495,13:06:31,0.101,0.594,0,0,eGFP1
1496,13:06:32,0.112,0.935,0,0,eGFP1
1497,13:06:32,0.131,0.889,0,0,eGFP1
1498,13:06:33,0.109,0.680,0,0,eGFP1
1499,13:06:34,0.132,0.845,0,0,eGFP1
1500,13:06:36,0.122,1.768,0,0,eGFP1
1501,13:06:47,0.220,11.161,0,0,eGFP1
1502,13:06:48,0.154,0.911,0,0,eGFP1
1503,13:06:49,0.274,0.944,0,0,eGFP1
1504,13:06:49,0.099,0.614,0,0,eGFP1
1505,13:06:53,0.121,3.578,0,0,eGFP1
1506,13:06:54,0.121,0.801,0,0,eGFP1
1507,13:06:54,0.143,0.714,0,0,eGFP1
1508,13:06:55,0.078,0.736,0,0,eGFP1
1509,13:06:56,0.165,0.758,0,0,eGFP1
1510,13:06:57,0.087,0.602,0,0,eGFP1
1511,13:06:57,0.174,0.734,0,0,eGFP1
1512,13:06:58,0.086,0.612,0,0,eGFP1
1513,13:06:59,0.119,0.657,0,0,eGFP1
1514,13:06:59,0.086,0.678,0,0,eGFP1
1515,13:07:00,0.141,0.668,0,0,eGFP1
1516,13:07:01,0.098,0.724,0,0,eGFP1
1517,13:07:01,0.184,0.777,0,0,eGFP1
1518,13:07:02,0.097,0.591,0,0,eGFP1
1519,13:07:03,0.107,0.755,0,0,eGFP1
1520,13:07:04,0.141,0.777,0,0,eGFP1
1521,13:07:04,0.108,0.635,0,0,eGFP1
1522,13:07:05,0.118,0.645,0,0,eGFP1
1523,13:07:06,0.109,0.878,0,0,eGFP1
1524,13:07:09,0.096,3.509,0,0,eGFP1
1525,13:08:00,47.494,50.874,0,0,eGFP1
1526,13:08:01,0.218,1.074,0,0,eGFP1
1527,13:08:02,0.151,0.689,0,0,eGFP1
1528,13:08:03,0.086,0.701,0,0,eGFP1
1529,13:08:03,0.118,0.689,0,0,eGFP1
1530,13:08:04,0.086,0.492,0,0,eGFP1
1531,13:08:04,0.075,0.525,0,0,eGFP1
1532,13:08:05,0.141,0.733,0,0,eGFP1
1533,13:08:06,0.088,0.603,0,0,eGFP1
1534,13:08:06,0.174,0.920,0,0,eGFP1
1535,13:08:07,0.119,0.690,0,0,eGFP1
1536,13:08:08,0.130,0.777,0,0,eGFP1
1537,13:08:08,0.087,0.504,0,0,eGFP1
1538,13:08:09,0.086,0.855,0,0,eGFP1
1539,13:08:10,0.118,0.590,0,0,eGFP1
1540,13:08:10,0.075,0.591,0,0,eGFP1
1541,13:08:11,0.153,0.823,0,0,eGFP1
1542,13:08:12,0.086,0.678,0,0,eGFP1
1543,13:08:13,0.119,0.591,0,0,eGFP1
1544,13:08:13,0.086,0.799,0,0,eGFP1
1545,13:08:14,0.152,0.701,0,0,eGFP1
1546,13:08:15,0.097,0.635,0,0,eGFP1
1547,13:08:15,0.119,0.678,0,0,eGFP1
1548,13:08:16,0.097,0.635,0,0,eGFP1
1549,13:08:17,0.120,0.801,0,0,eGFP1
1550,13:08:17,0.119,0.645,0,0,eGFP1
1551,13:08:18,0.132,0.768,0,0,eGFP1
1552,13:08:19,0.086,0.514,0,0,eGFP1
1553,13:08:20,0.097,0.942,0,0,eGFP1
1554,13:08:20,0.141,0.701,0,0,eGFP1
1555,13:08:21,0.097,0.700,0,0,eGFP1
1556,13:08:22,0.108,0.624,0,0,eGFP1
1557,13:08:24,0.163,2.489,0,0,eGFP1
1558,13:08:25,0.110,0.911,0,0,eGFP1
1559,13:08:29,0.426,3.422,0,0,eGFP1
1560,13:08:29,0.141,0.953,0,0,eGFP1
1561,13:08:30,0.108,0.569,0,0,eGFP1
1562,13:08:31,0.097,0.821,0,0,eGFP1
1563,13:08:31,0.097,0.503,0,0,eGFP1
1564,13:08:32,0.075,0.810,0,0,eGFP1
1565,13:08:33,0.121,0.604,0,0,eGFP1
1566,13:08:33,0.098,0.592,0,0,eGFP1
1567,13:08:34,0.097,0.580,0,0,eGFP1
1568,13:08:34,0.097,0.514,0,0,eGFP1
1569,13:08:35,0.075,0.634,0,0,eGFP1
1570,13:08:36,0.109,0.613,0,0,eGFP1
1571,13:08:36,0.086,0.558,0,0,eGFP1
1572,13:08:37,0.097,0.756,0,0,eGFP1
1573,13:08:38,0.119,0.646,0,0,eGFP1
1574,13:08:38,0.098,0.592,0,0,eGFP1
1575,13:08:39,0.108,0.689,0,0,eGFP1
1576,13:08:40,0.131,0.745,0,0,eGFP1
1577,13:08:40,0.086,0.481,0,0,eGFP1
1578,13:08:41,0.097,1.041,0,0,eGFP1
1579,13:08:42,0.110,0.538,0,0,eGFP1
1580,13:08:43,0.075,0.766,0,0,eGFP1
1581,13:08:43,0.196,0.734,0,0,eGFP1
1582,13:08:44,0.087,0.757,0,0,eGFP1
1583,13:08:45,0.119,0.580,0,0,eGFP1
1584,13:08:45,0.086,0.810,0,0,eGFP1
1585,13:08:46,0.141,0.657,0,0,eGFP1
1586,13:08:47,0.097,0.613,0,0,eGFP1
1587,13:08:47,0.119,0.788,0,0,eGFP1
1588,13:08:48,0.130,0.778,0,0,eGFP1
1589,13:08:49,0.086,0.525,0,0,eGFP1
1590,13:08:50,0.097,0.832,0,0,eGFP1
1591,13:08:50,0.154,0.779,0,0,eGFP1
1592,13:08:51,0.119,0.701,0,0,eGFP1
1593,13:08:52,0.098,0.592,0,0,eGFP1
1594,13:08:52,0.130,0.778,0,0,eGFP1
1595,13:08:53,0.086,0.591,0,0,eGFP1
1596,13:08:54,0.130,0.788,0,0,eGFP1
1597,13:08:55,0.108,0.723,0,0,eGFP1
1598,13:08:55,0.152,0.777,0,0,eGFP1
1599,13:08:56,0.102,0.738,0,0,eGFP1
1600,13:08:57,0.185,0.931,0,0,eGFP1
1601,13:08:58,0.109,0.701,0,0,eGFP1
1602,13:09:01,0.218,2.896,0,0,eGFP1
1603,13:09:01,0.174,0.723,0,0,eGFP1
1604,13:09:02,0.086,0.580,0,0,eGFP1
1605,13:09:03,0.108,0.711,0,0,eGFP1
1606,13:09:03,0.110,0.757,0,0,eGFP1
1607,13:09:04,0.110,0.560,0,0,eGFP1
1608,13:09:05,0.075,0.744,0,0,eGFP1
1609,13:09:05,0.131,0.592,0,0,eGFP1
1610,13:09:06,0.086,0.755,0,0,eGFP1
1611,13:09:07,0.152,0.789,0,0,eGFP1
1612,13:09:07,0.097,0.503,0,0,eGFP1
1613,13:09:08,0.086,0.876,0,0,eGFP1
1614,13:09:09,0.142,0.602,0,0,eGFP1
1615,13:09:09,0.077,0.472,0,0,eGFP1
1616,13:09:10,0.108,0.975,0,0,eGFP1
1617,13:09:11,0.109,0.559,0,0,eGFP1
1618,13:09:11,0.087,0.602,0,0,eGFP1
1619,13:09:12,0.131,0.778,0,0,eGFP1
1620,13:09:13,0.099,0.549,0,0,eGFP1
1621,13:09:13,0.086,0.613,0,0,eGFP1
1622,13:09:14,0.141,0.887,0,0,eGFP1
1623,13:09:15,0.130,0.756,0,0,eGFP1
1624,13:09:16,0.109,0.647,0,0,eGFP1
1625,13:09:16,0.108,0.800,0,0,eGFP1
1626,13:09:17,0.141,0.668,0,0,eGFP1
1627,13:09:18,0.075,0.514,0,0,eGFP1
1628,13:09:19,0.119,1.063,0,0,eGFP1
1629,13:09:19,0.119,0.635,0,0,eGFP1
1630,13:09:20,0.097,0.558,0,0,eGFP1
1631,13:09:21,0.086,0.909,0,0,eGFP1
1632,13:09:22,0.143,0.823,0,0,eGFP1
1633,13:09:23,0.131,1.031,0,0,eGFP1
1634,13:09:23,0.197,0.844,0,0,eGFP1
1635,13:09:24,0.109,0.614,0,0,eGFP1
1636,13:09:25,0.108,0.624,0,0,eGFP1
1637,13:09:25,0.108,0.766,0,0,eGFP1
1638,13:09:27,0.295,1.173,0,0,eGFP1
1639,13:09:27,0.086,0.580,0,0,eGFP1
1640,13:09:28,0.143,1.120,0,0,eGFP1
1641,13:09:29,0.250,0.788,0,0,eGFP1
1642,13:09:31,0.295,1.524,0,0,eGFP1
1643,13:09:31,0.141,0.767,0,0,eGFP1
1644,13:09:32,0.119,0.854,0,0,eGFP1
1645,13:09:33,0.153,0.789,0,0,eGFP1
1646,13:09:34,0.098,0.580,0,0,eGFP1
1647,13:09:35,0.109,0.855,0,0,eGFP1
1648,13:09:35,0.155,0.813,0,0,eGFP1
1649,13:09:36,0.098,0.548,0,0,eGFP1
1650,13:09:36,0.086,0.547,0,0,eGFP1
1651,13:09:37,0.141,0.822,0,0,eGFP1
1652,13:09:38,0.108,0.799,0,0,eGFP1
1653,13:09:39,0.186,1.053,0,0,eGFP1
1654,13:09:40,0.229,0.986,0,0,eGFP1
1655,13:09:41,0.097,0.591,0,0,eGFP1
1656,13:09:41,0.086,0.602,0,0,eGFP1
1657,13:09:42,0.099,0.626,0,0,eGFP1
1658,13:09:43,0.119,0.887,0,0,eGFP1
1659,13:09:44,0.131,0.778,0,0,eGFP1
1660,13:09:45,0.174,0.931,0,0,eGFP1
1661,13:09:45,0.109,0.691,0,0,eGFP1
1662,13:09:46,0.164,1.185,0,0,eGFP1
1663,13:09:47,0.185,0.876,0,0,eGFP1
1664,13:09:48,0.120,0.855,0,0,eGFP1
1665,13:09:54,0.176,5.860,0,0,eGFP1
1666,13:09:55,0.207,0.800,0,0,eGFP1
1667,13:09:56,0.141,0.931,0,0,eGFP1
1668,13:09:56,0.087,0.504,0,0,eGFP1
1669,13:09:57,0.086,0.624,0,0,eGFP1
1670,13:09:57,0.119,0.591,0,0,eGFP1
1671,13:09:58,0.076,0.471,0,0,eGFP1
1672,13:09:59,0.108,0.712,0,0,eGFP1
1673,13:09:59,0.088,0.538,0,0,eGFP1
1674,13:10:00,0.086,0.569,0,0,eGFP1
1675,13:10:00,0.087,0.558,0,0,eGFP1
1676,13:10:01,0.088,0.472,0,0,eGFP1
1677,13:10:02,0.087,0.778,0,0,eGFP1
1678,13:10:02,0.131,0.614,0,0,eGFP1
1679,13:10:03,0.075,0.536,0,0,eGFP1
1680,13:10:03,0.119,0.811,0,0,eGFP1
1681,13:10:04,0.097,0.591,0,0,eGFP1
1682,13:10:05,0.129,0.909,0,0,eGFP1
1683,13:10:06,0.097,0.624,0,0,eGFP1
1684,13:10:06,0.119,0.701,0,0,eGFP1
1685,13:10:07,0.097,0.800,0,0,eGFP1
1686,13:10:08,0.130,0.712,0,0,eGFP1
1687,13:10:09,0.108,0.745,0,0,eGFP1
1688,13:10:09,0.141,0.712,0,0,eGFP1
1689,13:10:10,0.088,0.505,0,0,eGFP1
1690,13:10:11,0.088,1.119,0,0,eGFP1
1691,13:10:15,0.317,4.235,0,0,eGFP1
1692,13:10:16,0.152,0.800,0,0,eGFP1
1693,13:10:17,0.130,0.800,0,0,eGFP1
1694,13:10:17,0.097,0.569,0,0,eGFP1
1695,13:10:18,0.098,0.690,0,0,eGFP1
1696,13:10:19,0.109,0.559,0,0,eGFP1
1697,13:10:19,0.086,0.909,0,0,eGFP1
1698,13:10:20,0.132,0.977,0,0,eGFP1
1699,13:10:21,0.153,0.668,0,0,eGFP1
1700,13:10:22,0.098,0.713,0,0,eGFP1
1701,13:10:23,0.130,0.690,0,0,eGFP1
1702,13:10:23,0.097,0.690,0,0,eGFP1
1703,13:10:24,0.132,0.724,0,0,eGFP1
1704,13:10:25,0.109,0.691,0,0,eGFP1
1705,13:10:25,0.130,0.756,0,0,eGFP1
1706,13:10:26,0.110,0.757,0,0,eGFP1
1707,13:10:27,0.109,0.734,0,0,eGFP1
1708,13:10:28,0.109,0.668,0,0,eGFP1
1709,13:10:28,0.142,0.833,0,0,eGFP1
1710,13:10:29,0.120,0.592,0,0,eGFP1
1711,13:10:30,0.097,0.745,0,0,eGFP1
1712,13:10:30,0.119,0.690,0,0,eGFP1
1713,13:10:31,0.109,0.712,0,0,eGFP1
1714,13:10:32,0.142,0.844,0,0,eGFP1
1715,13:10:33,0.121,0.725,0,0,eGFP1
1716,13:10:34,0.119,1.315,0,0,eGFP1
1717,13:10:35,0.253,0.857,0,0,eGFP1
1718,13:10:36,0.097,0.690,0,0,eGFP1
1719,13:10:36,0.130,0.723,0,0,eGFP1
1720,13:10:37,0.098,0.602,0,0,eGFP1
1721,13:10:38,0.109,0.778,0,0,eGFP1
1722,13:10:38,0.131,0.746,0,0,eGFP1
1723,13:10:39,0.121,0.779,0,0,eGFP1
1724,13:10:40,0.131,0.943,0,0,eGFP1
1725,13:10:41,0.251,0.898,0,0,eGFP1
1726,13:10:42,0.109,0.757,0,0,eGFP1
1727,13:10:42,0.130,0.668,0,0,eGFP1
1728,13:10:43,0.174,0.646,0,0,eGFP1
1729,13:11:08,0.262,25.064,0,0,eGFP1
1730,13:11:09,0.262,1.283,0,0,eGFP1
1731,13:11:10,0.100,0.704,0,0,eGFP1
1732,13:11:11,0.097,0.536,0,0,eGFP1
1733,13:11:11,0.076,0.515,0,0,eGFP1
1734,13:11:12,0.120,0.800,0,0,eGFP1
1735,13:11:13,0.109,0.548,0,0,eGFP1
1736,13:11:13,0.086,0.635,0,0,eGFP1
1737,13:11:14,0.098,0.537,0,0,eGFP1
1738,13:11:14,0.087,0.668,0,0,eGFP1
1739,13:11:15,0.111,1.055,0,0,eGFP1
1740,13:11:16,0.186,0.734,0,0,eGFP1
1741,13:11:17,0.098,0.592,0,0,eGFP1
1742,13:11:17,0.087,0.580,0,0,eGFP1
1743,13:11:18,0.087,0.548,0,0,eGFP1
1744,13:11:19,0.098,0.658,0,0,eGFP1
1745,13:11:19,0.099,0.549,0,0,eGFP1
1746,13:11:20,0.086,0.569,0,0,eGFP1
1747,13:11:20,0.109,0.767,0,0,eGFP1
1748,13:11:21,0.089,0.495,0,0,eGFP1
1749,13:11:22,0.086,0.668,0,0,eGFP1
1750,13:11:22,0.131,0.657,0,0,eGFP1
1751,13:11:23,0.087,0.493,0,0,eGFP1
1752,13:11:23,0.087,0.548,0,0,eGFP1
1753,13:11:24,0.109,0.734,0,0,eGFP1
1754,13:11:25,0.109,0.592,0,0,eGFP1
1755,13:11:25,0.087,0.646,0,0,eGFP1
1756,13:11:26,0.132,0.681,0,0,eGFP1
1757,13:11:26,0.087,0.559,0,0,eGFP1
1758,13:11:27,0.098,0.603,0,0,eGFP1
1759,13:11:28,0.110,0.702,0,0,eGFP1
1760,13:11:28,0.109,0.603,0,0,eGFP1
1761,13:11:29,0.109,0.800,0,0,eGFP1
1762,13:11:30,0.131,0.734,0,0,eGFP1
1763,13:11:31,0.120,0.800,0,0,eGFP1
1764,13:11:31,0.122,0.659,0,0,eGFP1
1765,13:11:32,0.098,0.592,0,0,eGFP1
1766,13:11:33,0.098,0.778,0,0,eGFP1
1767,13:11:34,0.142,0.943,0,0,eGFP1
1768,13:11:34,0.131,0.679,0,0,eGFP1
1769,13:11:35,0.109,0.757,0,0,eGFP1
1770,13:11:36,0.109,0.613,0,0,eGFP1
1771,13:11:36,0.098,0.724,0,0,eGFP1
1772,13:11:37,0.144,0.770,0,0,eGFP1
1773,13:11:38,0.120,0.800,0,0,eGFP1
1774,13:11:39,0.109,0.614,0,0,eGFP1
1775,13:11:39,0.098,0.690,0,0,eGFP1
1776,13:11:41,0.153,1.207,0,0,eGFP1
1777,13:11:41,0.152,0.756,0,0,eGFP1
1778,13:11:42,0.109,0.734,0,0,eGFP1
1779,13:11:44,0.120,2.436,0,0,eGFP1
1780,13:11:46,0.452,1.110,0,0,eGFP1
1781,13:11:46,0.089,0.736,0,0,eGFP1
1782,13:11:47,0.175,0.757,0,0,eGFP1
1783,13:11:48,0.087,0.547,0,0,eGFP1
1784,13:11:49,0.109,0.900,0,0,eGFP1
1785,13:11:49,0.108,0.591,0,0,eGFP1
1786,13:11:50,0.089,0.604,0,0,eGFP1
1787,13:11:50,0.098,0.614,0,0,eGFP1
1788,13:11:51,0.098,0.537,0,0,eGFP1
1789,13:11:51,0.089,0.593,0,0,eGFP1
1790,13:11:52,0.098,0.592,0,0,eGFP1
1791,13:11:53,0.098,0.680,0,0,eGFP1
1792,13:11:53,0.109,0.581,0,0,eGFP1
1793,13:11:54,0.098,0.800,0,0,eGFP1
1794,13:11:55,0.142,0.658,0,0,eGFP1
1795,13:11:55,0.087,0.515,0,0,eGFP1
1796,13:11:56,0.087,0.822,0,0,eGFP1
1797,13:11:57,0.132,0.648,0,0,eGFP1
1798,13:11:57,0.087,0.636,0,0,eGFP1
1799,13:11:58,0.109,0.734,0,0,eGFP1
1800,13:11:59,0.103,0.608,0,0,eGFP1
1801,13:12:00,0.120,1.097,0,0,eGFP1
1802,13:12:01,0.196,0.976,0,0,eGFP1
1803,13:12:01,0.087,0.548,0,0,eGFP1
1804,13:12:02,0.087,0.657,0,0,eGFP1
1805,13:12:03,0.100,0.594,0,0,eGFP1
1806,13:12:03,0.076,0.504,0,0,eGFP1
1807,13:12:04,0.109,0.822,0,0,eGFP1
1808,13:12:10,0.175,5.585,0,0,eGFP1
1809,13:12:13,0.340,3.028,0,0,eGFP1
1810,13:12:13,0.120,0.581,0,0,eGFP1
1811,13:12:14,0.087,0.757,0,0,eGFP1
1812,13:12:15,0.153,0.658,0,0,eGFP1
1813,13:12:15,0.087,0.635,0,0,eGFP1
1814,13:12:16,0.189,0.760,0,0,eGFP1
1815,13:12:16,0.087,0.526,0,0,eGFP1
1816,13:12:17,0.098,0.713,0,0,eGFP1
1817,13:12:18,0.098,0.515,0,0,eGFP1
1818,13:12:18,0.076,0.460,0,0,eGFP1
1819,13:12:19,0.098,0.833,0,0,eGFP1
1820,13:12:20,0.098,0.559,0,0,eGFP1
1821,13:12:20,0.109,0.581,0,0,eGFP1
1822,13:12:21,0.078,0.484,0,0,eGFP1
1823,13:12:21,0.098,0.680,0,0,eGFP1
1824,13:12:22,0.109,0.679,0,0,eGFP1
1825,13:12:23,0.121,0.658,0,0,eGFP1
1826,13:12:23,0.120,0.702,0,0,eGFP1
1827,13:12:24,0.109,0.636,0,0,eGFP1
1828,13:12:25,0.099,0.714,0,0,eGFP1
1829,13:12:25,0.098,0.592,0,0,eGFP1
1830,13:12:26,0.089,0.725,0,0,eGFP1
1831,13:12:27,0.120,0.625,0,0,eGFP1
1832,13:12:27,0.098,0.746,0,0,eGFP1
1833,13:12:28,0.131,0.679,0,0,eGFP1
1834,13:12:29,0.099,0.647,0,0,eGFP1
1835,13:12:29,0.120,0.636,0,0,eGFP1
1836,13:12:30,0.087,0.581,0,0,eGFP1
1837,13:12:31,0.099,0.867,0,0,eGFP1
1838,13:12:31,0.143,0.681,0,0,eGFP1
1839,13:12:32,0.087,0.515,0,0,eGFP1
1840,13:12:33,0.109,1.009,0,0,eGFP1
1841,13:12:34,0.131,0.603,0,0,eGFP1
1842,13:12:34,0.078,0.605,0,0,eGFP1
1843,13:12:35,0.175,0.899,0,0,eGFP1
1844,13:12:36,0.120,0.800,0,0,eGFP1
1845,13:12:37,0.121,0.647,0,0,eGFP1
1846,13:12:37,0.099,0.779,0,0,eGFP1
1847,13:12:38,0.122,0.626,0,0,eGFP1
1848,13:12:39,0.088,0.790,0,0,eGFP1
1849,13:12:39,0.164,0.713,0,0,eGFP1
1850,13:12:40,0.087,0.822,0,0,eGFP1
1851,13:12:41,0.175,0.724,0,0,eGFP1
1852,13:12:42,0.087,0.526,0,0,eGFP1
1853,13:12:42,0.099,0.823,0,0,eGFP1
1854,13:12:43,0.109,0.625,0,0,eGFP1
1855,13:12:44,0.100,0.791,0,0,eGFP1
1856,13:12:44,0.119,0.613,0,0,eGFP1
1857,13:12:45,0.087,0.537,0,0,eGFP1
1858,13:12:46,0.109,0.790,0,0,eGFP1
1859,13:12:46,0.142,0.768,0,0,eGFP1
1860,13:12:47,0.087,0.669,0,0,eGFP1
1861,13:12:48,0.186,0.965,0,0,eGFP1
1862,13:12:49,0.132,0.845,0,0,eGFP1
1863,13:12:50,0.154,0.791,0,0,eGFP1
1864,13:12:50,0.120,0.691,0,0,eGFP1
1865,13:12:51,0.109,0.801,0,0,eGFP1
1866,13:12:53,0.460,1.941,0,0,eGFP1
1867,13:12:54,0.132,0.680,0,0,eGFP1
1868,13:12:54,0.110,0.637,0,0,eGFP1
1869,13:12:56,0.121,1.120,0,0,eGFP1
1870,13:12:57,0.757,1.437,0,0,eGFP1
1871,13:12:58,0.100,0.561,0,0,eGFP1
1872,13:12:58,0.087,0.504,0,0,eGFP1
1873,13:12:59,0.087,0.812,0,0,eGFP1
1874,13:13:00,0.131,0.658,0,0,eGFP1
1875,13:13:00,0.098,0.559,0,0,eGFP1
1876,13:13:01,0.098,0.746,0,0,eGFP1
1877,13:13:02,0.131,0.636,0,0,eGFP1
1878,13:13:02,0.077,0.526,0,0,eGFP1
1879,13:13:03,0.099,0.867,0,0,eGFP1
1880,13:13:03,0.111,0.583,0,0,eGFP1
1881,13:13:04,0.076,0.559,0,0,eGFP1
1882,13:13:05,0.120,0.812,0,0,eGFP1
1883,13:13:06,0.110,0.648,0,0,eGFP1
1884,13:13:06,0.099,0.538,0,0,eGFP1
1885,13:13:07,0.087,0.625,0,0,eGFP1
1886,13:13:08,0.153,0.888,0,0,eGFP1
1887,13:13:08,0.121,0.658,0,0,eGFP1
1888,13:13:09,0.111,0.759,0,0,eGFP1
1889,13:13:10,0.142,0.778,0,0,eGFP1
1890,13:14:35,0.121,85.356,0,0,eGFP1
1891,13:14:38,0.208,3.270,0,0,eGFP1
1892,13:14:40,0.340,1.295,0,0,eGFP1
1893,13:14:41,0.186,0.877,0,0,eGFP1
1894,13:14:42,0.263,0.988,0,0,eGFP1
1895,13:14:42,0.098,0.713,0,0,eGFP1
1896,13:14:43,0.132,0.615,0,0,eGFP1
1897,13:14:43,0.078,0.495,0,0,eGFP1
1898,13:14:44,0.087,0.746,0,0,eGFP1
1899,13:14:45,0.120,0.592,0,0,eGFP1
1900,13:14:45,0.088,0.538,0,0,eGFP1
1901,13:14:46,0.098,0.570,0,0,eGFP1
1902,13:14:46,0.088,0.560,0,0,eGFP1
1903,13:14:47,0.099,0.548,0,0,eGFP1
1904,13:14:48,0.089,0.594,0,0,eGFP1
1905,13:14:48,0.099,0.560,0,0,eGFP1
1906,13:14:49,0.098,0.548,0,0,eGFP1
1907,13:14:49,0.076,0.647,0,0,eGFP1
1908,13:14:50,0.110,0.669,0,0,eGFP1
1909,13:14:50,0.088,0.461,0,0,eGFP1
1910,13:14:51,0.087,0.625,0,0,eGFP1
1911,13:14:52,0.133,0.638,0,0,eGFP1
1912,13:14:52,0.076,0.471,0,0,eGFP1
1913,13:14:53,0.089,0.759,0,0,eGFP1
1914,13:14:54,0.131,0.746,0,0,eGFP1
1915,13:14:54,0.131,0.735,0,0,eGFP1
1916,13:14:55,0.087,0.526,0,0,eGFP1
1917,13:14:55,0.088,0.593,0,0,eGFP1
1918,13:14:56,0.098,0.680,0,0,eGFP1
1919,13:14:57,0.109,0.570,0,0,eGFP1
1920,13:14:57,0.088,0.702,0,0,eGFP1
1921,13:14:58,0.155,0.693,0,0,eGFP1
1922,13:14:59,0.099,0.691,0,0,eGFP1
1923,13:14:59,0.110,0.669,0,0,eGFP1
1924,13:15:00,0.121,0.702,0,0,eGFP1
1925,13:15:01,0.111,0.605,0,0,eGFP1
1926,13:15:02,0.121,0.911,0,0,eGFP1
1927,13:15:02,0.098,0.570,0,0,eGFP1
1928,13:15:03,0.099,0.538,0,0,eGFP1
1929,13:15:03,0.089,0.583,0,0,eGFP1
1930,13:15:04,0.131,0.757,0,0,eGFP1
1931,13:15:05,0.098,0.570,0,0,eGFP1
1932,13:15:05,0.088,0.648,0,0,eGFP1
1933,13:15:06,0.131,0.669,0,0,eGFP1
1934,13:15:07,0.109,0.658,0,0,eGFP1
1935,13:15:07,0.110,0.680,0,0,eGFP1
1936,13:15:08,0.154,0.867,0,0,eGFP1
1937,13:15:09,0.121,0.549,0,0,eGFP1
1938,13:15:10,0.075,0.876,0,0,eGFP1
1939,13:15:10,0.142,0.658,0,0,eGFP1
1940,13:15:11,0.098,0.636,0,0,eGFP1
1941,13:15:12,0.110,0.724,0,0,eGFP1
1942,13:15:12,0.110,0.582,0,0,eGFP1
1943,13:15:13,0.113,0.804,0,0,eGFP1
1944,13:15:14,0.132,0.625,0,0,eGFP1
1945,13:15:14,0.077,0.483,0,0,eGFP1
1946,13:15:15,0.078,0.649,0,0,eGFP1
1947,13:15:16,0.131,0.801,0,0,eGFP1
1948,13:15:16,0.131,0.735,0,0,eGFP1
1949,13:15:17,0.099,0.538,0,0,eGFP1
1950,13:15:18,0.098,0.866,0,0,eGFP1
1951,13:15:19,0.143,0.736,0,0,eGFP1
1952,13:15:19,0.111,0.780,0,0,eGFP1
1953,13:15:22,0.154,2.425,0,0,eGFP1
1954,13:15:22,0.188,0.759,0,0,eGFP1
1955,13:15:23,0.109,0.768,0,0,eGFP1
1956,13:15:24,0.120,0.592,0,0,eGFP1
1957,13:15:24,0.077,0.593,0,0,eGFP1
1958,13:15:25,0.121,0.823,0,0,eGFP1
1959,13:15:26,0.121,0.757,0,0,eGFP1
1960,13:15:27,0.121,0.582,0,0,eGFP1
1961,13:15:27,0.087,0.603,0,0,eGFP1
1962,13:15:28,0.122,0.660,0,0,eGFP1
1963,13:15:28,0.099,0.603,0,0,eGFP1
1964,13:15:29,0.099,0.648,0,0,eGFP1
1965,13:15:30,0.120,0.768,0,0,eGFP1
1966,13:15:31,0.100,0.693,0,0,eGFP1
1967,13:15:31,0.153,0.746,0,0,eGFP1
1968,13:15:32,0.099,0.636,0,0,eGFP1
1969,13:15:33,0.110,0.900,0,0,eGFP1
1970,13:15:33,0.121,0.637,0,0,eGFP1
1971,13:15:34,0.111,0.747,0,0,eGFP1
1972,13:15:35,0.110,0.670,0,0,eGFP1
1973,13:15:35,0.098,0.592,0,0,eGFP1
1974,13:15:36,0.088,0.648,0,0,eGFP1
1975,13:15:37,0.186,0.845,0,0,eGFP1
1976,13:15:38,0.098,0.636,0,0,eGFP1
1977,13:15:38,0.121,0.779,0,0,eGFP1
1978,13:15:39,0.143,0.714,0,0,eGFP1
1979,13:15:40,0.089,0.615,0,0,eGFP1
1980,13:15:41,0.144,0.803,0,0,eGFP1
1981,13:15:42,0.143,1.097,0,0,eGFP1
1982,13:15:44,1.449,2.140,0,0,eGFP1
1983,13:15:45,0.110,0.911,0,0,eGFP1
1984,13:15:45,0.110,0.637,0,0,eGFP1
1985,13:15:46,0.087,0.570,0,0,eGFP1
1986,13:15:46,0.099,0.604,0,0,eGFP1
1987,13:15:47,0.111,0.813,0,0,eGFP1
1988,13:15:49,0.143,1.405,0,0,eGFP1
1989,13:15:50,0.209,0.955,0,0,eGFP1
1990,13:15:51,0.143,0.845,0,0,eGFP1
1991,13:15:51,0.132,0.768,0,0,eGFP1
1992,13:15:52,0.121,0.648,0,0,eGFP1
1993,13:15:53,0.098,0.636,0,0,eGFP1
1994,13:15:53,0.111,0.693,0,0,eGFP1
1995,13:15:54,0.133,0.726,0,0,eGFP1
1996,13:15:55,0.099,0.680,0,0,eGFP1
1997,13:15:55,0.132,0.757,0,0,eGFP1
1998,13:15:56,0.121,0.659,0,0,eGFP1
1999,13:15:57,0.099,0.735,0,0,eGFP1
2000,13:15:58,0.143,0.834,0,0,eGFP1
2001,13:16:00,0.220,2.623,0,0,eGFP1
2002,13:19:23,0.361,203.007,0,0,eGFP1
2003,13:19:25,0.152,1.973,0,0,eGFP1
2004,13:19:27,0.175,1.383,0,0,eGFP1
2005,13:19:30,0.184,2.972,0,0,eGFP1
2006,13:19:30,0.129,0.876,0,0,eGFP1
2007,13:19:31,0.140,0.974,0,0,eGFP1
2008,13:19:33,0.131,1.064,0,0,eGFP1
2009,13:19:33,0.207,0.832,0,0,eGFP1
2010,13:19:34,0.108,0.789,0,0,eGFP1
2011,13:19:35,0.118,0.755,0,0,eGFP1
2012,13:19:36,0.175,0.757,0,0,eGFP1
2013,13:19:37,0.097,0.909,0,0,eGFP1
2014,13:19:38,0.206,0.974,0,0,eGFP1
2015,13:19:38,0.163,0.811,0,0,eGFP1
2016,13:19:39,0.096,0.546,0,0,eGFP1
2017,13:19:40,0.097,0.843,0,0,eGFP1
2018,13:19:41,0.141,0.822,0,0,eGFP1
2019,13:19:41,0.140,0.920,0,0,eGFP1
2020,13:19:42,0.109,0.592,0,0,eGFP1
2021,13:19:43,0.087,0.658,0,0,eGFP1
2022,13:19:44,0.140,0.788,0,0,eGFP1
2023,13:19:44,0.097,0.645,0,0,eGFP1
2024,13:19:46,0.154,1.702,0,0,eGFP1
2025,13:19:47,0.119,0.678,0,0,eGFP1
2026,13:19:47,0.097,0.624,0,0,eGFP1
2027,13:19:48,0.097,0.788,0,0,eGFP1
2028,13:19:49,0.110,0.570,0,0,eGFP1
2029,13:19:49,0.097,0.833,0,0,eGFP1
2030,13:19:50,0.162,0.799,0,0,eGFP1
2031,13:19:51,0.086,0.492,0,0,eGFP1
2032,13:19:57,0.086,6.517,0,0,eGFP1
2033,13:19:58,0.119,0.711,0,0,eGFP1
2034,13:19:59,0.141,0.690,0,0,eGFP1
2035,13:19:59,0.087,0.548,0,0,eGFP1
2036,13:20:00,0.119,0.799,0,0,eGFP1
2037,13:20:00,0.088,0.516,0,0,eGFP1
2038,13:20:01,0.129,0.876,0,0,eGFP1
2039,13:20:02,0.097,0.525,0,0,eGFP1
2040,13:20:03,0.086,0.678,0,0,eGFP1
2041,13:20:03,0.086,0.558,0,0,eGFP1
2042,13:20:04,0.130,0.931,0,0,eGFP1
2043,13:20:05,0.097,0.558,0,0,eGFP1
2044,13:20:05,0.097,0.657,0,0,eGFP1
2045,13:20:10,0.109,4.641,0,0,eGFP1
2046,13:20:11,0.141,0.723,0,0,eGFP1
2047,13:20:11,0.086,0.492,0,0,eGFP1
2048,13:20:12,0.075,0.657,0,0,eGFP1
2049,13:20:12,0.120,0.581,0,0,eGFP1
2050,13:20:13,0.086,0.514,0,0,eGFP1
2051,13:20:14,0.086,0.722,0,0,eGFP1
2052,13:20:14,0.108,0.503,0,0,eGFP1
2053,13:20:15,0.077,0.494,0,0,eGFP1
2054,13:20:15,0.130,0.810,0,0,eGFP1
2055,13:20:16,0.097,0.481,0,0,eGFP1
2056,13:20:16,0.075,0.492,0,0,eGFP1
2057,13:20:17,0.119,0.778,0,0,eGFP1
2058,13:20:18,0.119,0.678,0,0,eGFP1
2059,13:20:18,0.098,0.526,0,0,eGFP1
2060,13:20:19,0.086,0.854,0,0,eGFP1
2061,13:20:20,0.142,0.658,0,0,eGFP1
2062,13:20:20,0.086,0.668,0,0,eGFP1
2063,13:20:21,0.131,0.680,0,0,eGFP1
2064,13:20:22,0.119,0.678,0,0,eGFP1
2065,13:20:23,0.087,0.790,0,0,eGFP1
2066,13:20:23,0.129,0.590,0,0,eGFP1
2067,13:20:24,0.087,0.646,0,0,eGFP1
2068,13:20:25,0.163,0.734,0,0,eGFP1
2069,13:20:25,0.097,0.722,0,0,eGFP1
2070,13:20:26,0.110,0.604,0,0,eGFP1
2071,13:20:26,0.086,0.558,0,0,eGFP1
2072,13:20:27,0.086,0.580,0,0,eGFP1
2073,13:20:28,0.108,0.744,0,0,eGFP1
2074,13:20:28,0.130,0.668,0,0,eGFP1
2075,13:20:29,0.119,0.766,0,0,eGFP1
2076,13:20:30,0.098,0.679,0,0,eGFP1
2077,13:20:30,0.099,0.527,0,0,eGFP1
2078,13:20:31,0.065,0.757,0,0,eGFP1
2079,13:20:32,0.196,0.832,0,0,eGFP1
2080,13:20:33,0.119,0.591,0,0,eGFP1
2081,13:20:33,0.108,0.679,0,0,eGFP1
2082,13:20:34,0.130,0.733,0,0,eGFP1
2083,13:20:35,0.087,0.525,0,0,eGFP1
2084,13:20:35,0.098,0.822,0,0,eGFP1
2085,13:20:36,0.108,0.580,0,0,eGFP1
2086,13:20:37,0.087,0.746,0,0,eGFP1
2087,13:20:37,0.152,0.712,0,0,eGFP1
2088,13:20:38,0.119,0.854,0,0,eGFP1
2089,13:20:39,0.119,0.788,0,0,eGFP1
2090,13:20:40,0.131,0.745,0,0,eGFP1
2091,13:20:40,0.110,0.647,0,0,eGFP1
2092,13:20:41,0.109,0.778,0,0,eGFP1
2093,13:20:42,0.097,0.766,0,0,eGFP1
2094,13:20:43,0.198,0.922,0,0,eGFP1
2095,13:20:44,0.130,0.712,0,0,eGFP1
2096,13:20:44,0.130,0.843,0,0,eGFP1
2097,13:20:45,0.119,0.690,0,0,eGFP1
2098,13:20:46,0.119,0.723,0,0,eGFP1
2099,13:20:47,0.130,0.711,0,0,eGFP1
2100,13:20:47,0.109,0.888,0,0,eGFP1
2101,13:20:48,0.141,0.810,0,0,eGFP1
2102,13:20:49,0.141,0.855,0,0,eGFP1
2103,13:20:50,0.120,0.691,0,0,eGFP1
2104,13:20:51,0.130,0.832,0,0,eGFP1
2105,13:20:51,0.129,0.821,0,0,eGFP1
2106,13:20:52,0.119,0.668,0,0,eGFP1
2107,13:20:53,0.108,0.777,0,0,eGFP1
2108,13:20:54,0.108,0.690,0,0,eGFP1
2109,13:20:55,0.119,0.920,0,0,eGFP1
2110,13:20:55,0.142,0.822,0,0,eGFP1
2111,13:20:56,0.110,0.691,0,0,eGFP1
2112,13:21:00,0.207,3.543,0,0,eGFP1
2113,13:21:00,0.152,0.668,0,0,eGFP1
2114,13:21:01,0.097,0.866,0,0,eGFP1
2115,13:21:02,0.130,0.656,0,0,eGFP1
2116,13:21:02,0.109,0.668,0,0,eGFP1
2117,13:21:03,0.142,0.800,0,0,eGFP1
2118,13:21:04,0.110,0.592,0,0,eGFP1
2119,13:21:05,0.099,0.889,0,0,eGFP1
2120,13:21:05,0.119,0.734,0,0,eGFP1
2121,13:21:06,0.119,0.646,0,0,eGFP1
2122,13:21:07,0.130,0.843,0,0,eGFP1
2123,13:21:08,0.109,0.570,0,0,eGFP1
2124,13:21:08,0.097,0.799,0,0,eGFP1
2125,13:21:09,0.141,0.767,0,0,eGFP1
2126,13:21:10,0.119,0.668,0,0,eGFP1
2127,13:21:11,0.134,0.771,0,0,eGFP1
2128,13:21:11,0.097,0.832,0,0,eGFP1
2129,13:21:12,0.131,0.701,0,0,eGFP1
2130,13:21:13,0.109,0.624,0,0,eGFP1
2131,13:21:14,0.109,0.855,0,0,eGFP1
2132,13:21:14,0.131,0.658,0,0,eGFP1
2133,13:21:15,0.098,0.613,0,0,eGFP1
2134,13:21:16,0.120,0.921,0,0,eGFP1
2135,13:21:17,0.130,0.821,0,0,eGFP1
2136,13:21:17,0.121,0.681,0,0,eGFP1
2137,13:21:18,0.119,0.898,0,0,eGFP1
2138,13:21:19,0.152,0.844,0,0,eGFP1
2139,13:21:20,0.141,0.800,0,0,eGFP1
2140,13:21:21,0.141,0.744,0,0,eGFP1
2141,13:21:21,0.153,0.811,0,0,eGFP1
2142,13:21:22,0.108,0.778,0,0,eGFP1
2143,13:21:23,0.130,0.822,0,0,eGFP1
2144,13:21:24,0.142,0.779,0,0,eGFP1
2145,13:21:25,0.130,0.777,0,0,eGFP1
2146,13:21:25,0.122,0.770,0,0,eGFP1
2147,13:21:26,0.119,0.690,0,0,eGFP1
2148,13:21:27,0.130,0.810,0,0,eGFP1
2149,13:21:27,0.131,0.712,0,0,eGFP1
2150,13:21:28,0.109,0.712,0,0,eGFP1
2151,13:21:29,0.152,0.965,0,0,eGFP1
2152,13:21:30,0.153,0.735,0,0,eGFP1
2153,13:21:31,0.108,0.712,0,0,eGFP1
2154,13:21:32,0.141,0.920,0,0,eGFP1
2155,13:21:33,0.142,0.987,0,0,eGFP1
2156,13:21:33,0.185,0.876,0,0,eGFP1
2157,13:21:34,0.120,0.712,0,0,eGFP1
2158,13:21:35,0.120,0.734,0,0,eGFP1
2159,13:21:36,0.163,0.921,0,0,eGFP1
2160,13:21:37,0.166,0.923,0,0,eGFP1
2161,13:21:37,0.119,0.734,0,0,eGFP1
2162,13:21:38,0.141,0.854,0,0,eGFP1
2163,13:21:39,0.131,0.976,0,0,eGFP1
2164,13:21:41,0.163,1.315,0,0,eGFP1
2165,13:21:41,0.197,0.855,0,0,eGFP1
2166,13:21:42,0.109,0.690,0,0,eGFP1
2167,13:21:43,0.131,0.833,0,0,eGFP1
2168,13:21:44,0.141,0.745,0,0,eGFP1
2169,13:21:45,0.121,0.900,0,0,eGFP1
2170,13:21:46,0.141,0.964,0,0,eGFP1
2171,13:21:46,0.175,0.855,0,0,eGFP1
2172,13:21:47,0.119,0.734,0,0,eGFP1
2173,13:21:48,0.130,0.899,0,0,eGFP1
2174,13:21:49,0.131,0.790,0,0,eGFP1
2175,13:21:50,0.152,0.997,0,0,eGFP1
2176,13:21:51,0.153,0.855,0,0,eGFP1
2177,13:21:52,0.143,0.922,0,0,eGFP1
2178,13:21:52,0.141,0.778,0,0,eGFP1
2179,13:21:53,0.130,0.953,0,0,eGFP1
2180,13:21:54,0.175,0.899,0,0,eGFP1
2181,13:21:55,0.130,0.756,0,0,eGFP1
2182,13:21:56,0.130,0.975,0,0,eGFP1
2183,13:21:57,0.164,0.899,0,0,eGFP1
2184,13:21:58,0.141,0.997,0,0,eGFP1
2185,13:21:59,0.165,0.835,0,0,eGFP1
2186,13:22:00,0.130,0.876,0,0,eGFP1
2187,13:24:12,131.936,132.924,0,0,eGFP1
2188,13:24:17,1.503,4.521,0,0,eGFP1
2189,13:24:18,0.657,1.404,0,0,eGFP1
2190,13:24:19,0.229,0.920,0,0,eGFP1
2191,13:24:20,0.087,0.669,0,0,eGFP1
2192,13:24:21,0.130,0.657,0,0,eGFP1
2193,13:24:21,0.075,0.547,0,0,eGFP1
2194,13:24:22,0.119,0.854,0,0,eGFP1
2195,13:24:23,0.098,0.548,0,0,eGFP1
2196,13:24:23,0.097,0.701,0,0,eGFP1
2197,13:24:24,0.141,0.657,0,0,eGFP1
2198,13:24:24,0.076,0.460,0,0,eGFP1
2199,13:24:25,0.097,0.877,0,0,eGFP1
2200,13:24:26,0.119,0.602,0,0,eGFP1
2201,13:24:27,0.088,0.604,0,0,eGFP1
2202,13:24:27,0.154,0.702,0,0,eGFP1
2203,13:24:28,0.087,0.734,0,0,eGFP1
2204,13:24:29,0.131,0.702,0,0,eGFP1
2205,13:24:29,0.119,0.800,0,0,eGFP1
2206,13:24:30,0.119,0.591,0,0,eGFP1
2207,13:24:31,0.076,0.537,0,0,eGFP1
2208,13:24:31,0.108,0.833,0,0,eGFP1
2209,13:24:33,0.251,1.381,0,0,eGFP1
2210,13:24:33,0.110,0.538,0,0,eGFP1
2211,13:24:34,0.076,0.603,0,0,eGFP1
2212,13:24:37,0.284,3.038,0,0,eGFP1
2213,13:24:38,0.328,1.031,0,0,eGFP1
2214,13:24:39,0.087,0.569,0,0,eGFP1
2215,13:24:39,0.110,0.758,0,0,eGFP1
2216,13:24:40,0.108,0.547,0,0,eGFP1
2217,13:24:41,0.087,0.669,0,0,eGFP1
2218,13:24:41,0.121,0.658,0,0,eGFP1
2219,13:24:42,0.087,0.702,0,0,eGFP1
2220,13:24:43,0.141,0.745,0,0,eGFP1
2221,13:24:43,0.098,0.548,0,0,eGFP1
2222,13:24:44,0.108,0.712,0,0,eGFP1
2223,13:24:45,0.119,0.701,0,0,eGFP1
2224,13:24:45,0.087,0.493,0,0,eGFP1
2225,13:24:46,0.076,0.745,0,0,eGFP1
2226,13:24:46,0.164,0.657,0,0,eGFP1
2227,13:24:47,0.077,0.604,0,0,eGFP1
2228,13:24:48,0.164,0.889,0,0,eGFP1
2229,13:24:49,0.143,0.691,0,0,eGFP1
2230,13:24:49,0.098,0.548,0,0,eGFP1
2231,13:24:50,0.087,0.504,0,0,eGFP1
2232,13:24:50,0.086,0.635,0,0,eGFP1
2233,13:24:51,0.131,0.822,0,0,eGFP1
2234,13:24:52,0.120,0.723,0,0,eGFP1
2235,13:24:52,0.088,0.495,0,0,eGFP1
2236,13:24:53,0.086,0.822,0,0,eGFP1
2237,13:24:54,0.141,0.756,0,0,eGFP1
2238,13:24:55,0.108,0.723,0,0,eGFP1
2239,13:24:55,0.142,0.646,0,0,eGFP1
2240,13:24:56,0.087,0.581,0,0,eGFP1
2241,13:24:57,0.131,0.745,0,0,eGFP1
2242,13:24:57,0.120,0.625,0,0,eGFP1
2243,13:24:58,0.100,0.660,0,0,eGFP1
2244,13:24:59,0.131,0.756,0,0,eGFP1
2245,13:24:59,0.087,0.526,0,0,eGFP1
2246,13:25:00,0.109,1.053,0,0,eGFP1
2247,13:25:02,0.383,1.206,0,0,eGFP1
2248,13:25:02,0.109,0.591,0,0,eGFP1
2249,13:25:03,0.098,0.713,0,0,eGFP1
2250,13:25:04,0.109,0.712,0,0,eGFP1
2251,13:25:04,0.110,0.648,0,0,eGFP1
2252,13:25:05,0.109,0.701,0,0,eGFP1
2253,13:25:06,0.131,0.691,0,0,eGFP1
2254,13:25:06,0.098,0.734,0,0,eGFP1
2255,13:25:07,0.131,0.690,0,0,eGFP1
2256,13:25:08,0.098,0.603,0,0,eGFP1
2257,13:25:08,0.088,0.549,0,0,eGFP1
2258,13:25:09,0.098,0.746,0,0,eGFP1
2259,13:25:10,0.130,0.701,0,0,eGFP1
2260,13:25:10,0.121,0.856,0,0,eGFP1
2261,13:25:11,0.131,0.658,0,0,eGFP1
2262,13:25:12,0.098,0.614,0,0,eGFP1
2263,13:25:13,0.130,0.811,0,0,eGFP1
2264,13:25:13,0.131,0.723,0,0,eGFP1
2265,13:25:14,0.109,0.691,0,0,eGFP1
2266,13:25:15,0.141,0.800,0,0,eGFP1
2267,13:25:16,0.142,1.228,0,0,eGFP1
2268,13:25:17,0.199,1.099,0,0,eGFP1
2269,13:25:18,0.108,0.646,0,0,eGFP1
2270,13:25:18,0.121,0.736,0,0,eGFP1
2271,13:25:19,0.109,0.614,0,0,eGFP1
2272,13:25:20,0.087,0.624,0,0,eGFP1
2273,13:25:20,0.142,0.801,0,0,eGFP1
2274,13:25:21,0.109,0.592,0,0,eGFP1
2275,13:25:22,0.076,0.613,0,0,eGFP1
2276,13:25:23,0.155,0.868,0,0,eGFP1
2277,13:25:23,0.131,0.756,0,0,eGFP1
2278,13:25:24,0.098,0.504,0,0,eGFP1
2279,13:25:25,0.076,0.845,0,0,eGFP1
2280,13:25:25,0.152,0.734,0,0,eGFP1
2281,13:25:26,0.120,0.822,0,0,eGFP1
2282,13:25:27,0.109,0.647,0,0,eGFP1
2283,13:25:28,0.131,0.724,0,0,eGFP1
2284,13:25:28,0.122,0.770,0,0,eGFP1
2285,13:25:29,0.131,0.767,0,0,eGFP1
2286,13:25:30,0.131,0.790,0,0,eGFP1
2287,13:25:31,0.119,0.756,0,0,eGFP1
2288,13:25:31,0.131,0.822,0,0,eGFP1
2289,13:25:32,0.109,0.559,0,0,eGFP1
2290,13:25:33,0.087,0.658,0,0,eGFP1
2291,13:25:34,0.175,1.064,0,0,eGFP1
2292,13:25:34,0.142,0.679,0,0,eGFP1
2293,13:25:35,0.089,0.572,0,0,eGFP1
2294,13:25:36,0.120,0.943,0,0,eGFP1
2295,13:25:37,0.120,0.646,0,0,eGFP1
2296,13:25:37,0.088,0.559,0,0,eGFP1
2297,13:25:38,0.153,1.152,0,0,eGFP1
2298,13:25:39,0.121,0.582,0,0,eGFP1
2299,13:25:39,0.087,0.570,0,0,eGFP1
2300,13:25:40,0.120,0.888,0,0,eGFP1
2301,13:25:41,0.122,0.769,0,0,eGFP1
2302,13:25:42,0.109,0.636,0,0,eGFP1
2303,13:25:43,0.120,0.921,0,0,eGFP1
2304,13:25:44,0.153,0.834,0,0,eGFP1
2305,13:25:44,0.120,0.778,0,0,eGFP1
2306,13:25:45,0.131,0.757,0,0,eGFP1
2307,13:25:46,0.098,0.581,0,0,eGFP1
2308,13:25:46,0.087,0.526,0,0,eGFP1
2309,13:25:47,0.102,0.871,0,0,eGFP1
2310,13:25:48,0.152,0.800,0,0,eGFP1
2311,13:25:48,0.109,0.647,0,0,eGFP1
2312,13:25:49,0.143,0.922,0,0,eGFP1
2313,13:25:50,0.131,0.768,0,0,eGFP1
2314,13:25:51,0.120,0.767,0,0,eGFP1
2315,13:25:52,0.131,0.757,0,0,eGFP1
2316,13:25:52,0.120,0.779,0,0,eGFP1
2317,13:25:53,0.143,0.779,0,0,eGFP1
2318,13:25:54,0.121,0.735,0,0,eGFP1
2319,13:25:55,0.142,0.823,0,0,eGFP1
2320,13:25:56,0.131,0.712,0,0,eGFP1
2321,13:25:56,0.142,0.867,0,0,eGFP1
2322,13:25:57,0.120,0.712,0,0,eGFP1
2323,13:25:58,0.120,0.845,0,0,eGFP1
2324,13:25:59,0.142,0.734,0,0,eGFP1
2325,13:25:59,0.110,0.757,0,0,eGFP1
2326,13:26:00,0.134,0.924,0,0,eGFP1
2327,13:26:01,0.164,0.746,0,0,eGFP1
2328,13:26:02,0.098,0.789,0,0,eGFP1
2329,13:26:03,0.153,0.856,0,0,eGFP1
2330,13:26:04,0.120,0.877,0,0,eGFP1
2331,13:26:05,0.186,0.932,0,0,eGFP1
2332,13:26:05,0.142,0.757,0,0,eGFP1
2333,13:26:06,0.109,0.735,0,0,eGFP1
2334,13:26:07,0.110,0.856,0,0,eGFP1
2335,13:26:08,0.154,0.790,0,0,eGFP1
2336,13:26:09,0.109,0.823,0,0,eGFP1
2337,13:26:09,0.142,0.822,0,0,eGFP1
2338,13:26:10,0.109,0.669,0,0,eGFP1
2339,13:26:11,0.120,0.921,0,0,eGFP1
2340,13:26:12,0.177,1.033,0,0,eGFP1
2341,13:26:13,0.120,0.702,0,0,eGFP1
2342,13:26:13,0.099,0.780,0,0,eGFP1
2343,13:26:14,0.109,0.888,0,0,eGFP1
2344,13:26:15,0.164,0.899,0,0,eGFP1
2345,13:26:16,0.143,0.823,0,0,eGFP1
2346,13:26:17,0.131,0.823,0,0,eGFP1
2347,13:26:18,0.098,0.723,0,0,eGFP1
2348,13:26:18,0.132,0.647,0,0,eGFP1
2349,13:26:19,0.110,0.636,0,0,eGFP1
2350,13:26:20,0.112,0.946,0,0,eGFP1
2351,13:26:21,0.120,0.669,0,0,eGFP1
2352,13:26:21,0.120,0.778,0,0,eGFP1
2353,13:26:22,0.144,0.956,0,0,eGFP1
2354,13:26:23,0.142,0.724,0,0,eGFP1
2355,13:26:24,0.098,0.724,0,0,eGFP1
2356,13:26:24,0.131,0.778,0,0,eGFP1
2357,13:26:25,0.143,0.900,0,0,eGFP1
2358,13:26:26,0.175,0.800,0,0,eGFP1
2359,13:26:27,0.100,0.605,0,0,eGFP1
2360,13:26:28,0.098,0.823,0,0,eGFP1
2361,13:26:28,0.153,0.756,0,0,eGFP1
2362,13:26:29,0.099,0.746,0,0,eGFP1
2363,13:26:30,0.142,0.823,0,0,eGFP1
2364,13:26:31,0.153,1.272,0,0,eGFP1
2365,13:26:33,0.231,1.789,0,0,eGFP1
2366,13:26:34,0.395,1.097,0,0,eGFP1
2367,13:26:35,0.156,0.924,0,0,eGFP1
2368,13:26:36,0.109,0.680,0,0,eGFP1
2369,13:26:36,0.120,0.713,0,0,eGFP1
2370,13:26:37,0.109,0.845,0,0,eGFP1
2371,13:26:38,0.131,0.636,0,0,eGFP1
2372,13:26:39,0.098,1.020,0,0,eGFP1
2373,13:26:40,0.153,0.713,0,0,eGFP1
2374,13:26:41,0.131,0.899,0,0,eGFP1
2375,13:26:41,0.111,0.594,0,0,eGFP1
2376,13:26:42,0.099,0.900,0,0,eGFP1
2377,13:26:43,0.120,0.570,0,0,eGFP1
2378,13:26:43,0.076,0.581,0,0,eGFP1
2379,13:26:44,0.143,0.922,0,0,eGFP1
2380,13:26:45,0.109,0.713,0,0,eGFP1
2381,13:26:46,0.132,0.780,0,0,eGFP1
2382,13:26:46,0.109,0.812,0,0,eGFP1
2383,13:26:47,0.132,0.791,0,0,eGFP1
2384,13:26:48,0.186,0.998,0,0,eGFP1
2385,13:26:49,0.109,0.669,0,0,eGFP1
2386,13:26:50,0.132,0.944,0,0,eGFP1
2387,13:26:50,0.109,0.592,0,0,eGFP1
2388,13:26:51,0.098,0.878,0,0,eGFP1
2389,13:26:52,0.186,0.789,0,0,eGFP1
2390,13:26:53,0.099,0.780,0,0,eGFP1
2391,13:26:54,0.131,0.713,0,0,eGFP1
2392,13:26:54,0.133,0.824,0,0,eGFP1
2393,13:26:55,0.142,0.834,0,0,eGFP1
2394,13:26:56,0.131,1.207,0,0,eGFP1
2395,13:26:57,0.242,0.933,0,0,eGFP1
2396,13:26:59,0.253,1.558,0,0,eGFP1
2397,13:27:00,0.132,0.999,0,0,eGFP1
2398,13:28:22,79.954,82.544,0,0,eGFP1
2399,13:28:24,0.274,1.920,0,0,eGFP1
2400,13:28:25,0.330,1.066,0,0,eGFP1
2401,13:28:26,0.153,0.822,0,0,eGFP1
2402,13:28:27,0.110,0.615,0,0,eGFP1
2403,13:28:28,0.109,0.888,0,0,eGFP1
2404,13:28:28,0.099,0.549,0,0,eGFP1
2405,13:28:29,0.087,0.702,0,0,eGFP1
2406,13:28:30,0.131,0.691,0,0,eGFP1
2407,13:28:30,0.110,0.691,0,0,eGFP1
2408,13:28:31,0.133,0.638,0,0,eGFP1
2409,13:28:32,0.078,0.561,0,0,eGFP1
2410,13:28:32,0.142,0.823,0,0,eGFP1
2411,13:28:33,0.175,0.537,0,0,eGFP1
2412,13:28:34,0.801,1.470,0,0,eGFP1
2413,13:28:35,0.121,0.757,0,0,eGFP1
2414,13:28:36,0.121,0.790,0,0,eGFP1
2415,13:28:37,0.110,0.560,0,0,eGFP1
2416,13:28:37,0.100,0.879,0,0,eGFP1
2417,13:28:38,0.142,0.669,0,0,eGFP1
2418,13:28:39,0.077,0.494,0,0,eGFP1
2419,13:28:39,0.109,0.888,0,0,eGFP1
2420,13:28:40,0.121,0.615,0,0,eGFP1
2421,13:28:43,0.098,2.535,0,0,eGFP1
2422,13:28:43,0.197,0.855,0,0,eGFP1
2423,13:28:44,0.155,0.748,0,0,eGFP1
2424,13:28:45,0.088,0.658,0,0,eGFP1
2425,13:28:46,0.133,0.737,0,0,eGFP1
2426,13:28:46,0.087,0.614,0,0,eGFP1
2427,13:28:47,0.154,0.812,0,0,eGFP1
2428,13:28:47,0.088,0.483,0,0,eGFP1
2429,13:28:48,0.076,0.888,0,0,eGFP1
2430,13:28:49,0.132,0.670,0,0,eGFP1
2431,13:28:50,0.124,0.947,0,0,eGFP1
2432,13:28:52,0.856,1.547,0,0,eGFP1
2433,13:28:52,0.089,0.517,0,0,eGFP1
2434,13:28:53,0.077,0.614,0,0,eGFP1
2435,13:28:53,0.121,0.769,0,0,eGFP1
2436,13:28:54,0.089,0.517,0,0,eGFP1
2437,13:28:55,0.076,0.537,0,0,eGFP1
2438,13:28:55,0.132,0.889,0,0,eGFP1
2439,13:28:56,0.110,0.603,0,0,eGFP1
2440,13:28:57,0.088,0.637,0,0,eGFP1
2441,13:28:57,0.111,0.703,0,0,eGFP1
2442,13:28:58,0.110,0.571,0,0,eGFP1
2443,13:28:59,0.099,0.911,0,0,eGFP1
2444,13:28:59,0.120,0.647,0,0,eGFP1
2445,13:29:00,0.088,0.538,0,0,eGFP1
2446,13:29:01,0.098,0.636,0,0,eGFP1
2447,13:29:03,0.110,2.261,0,0,eGFP1
2448,13:29:04,0.109,0.757,0,0,eGFP1
2449,13:29:04,0.153,0.746,0,0,eGFP1
2450,13:29:05,0.110,0.713,0,0,eGFP1
2451,13:29:06,0.099,0.538,0,0,eGFP1
2452,13:29:06,0.077,0.560,0,0,eGFP1
2453,13:29:07,0.120,0.779,0,0,eGFP1
2454,13:29:08,0.098,0.515,0,0,eGFP1
2455,13:29:08,0.077,0.505,0,0,eGFP1
2456,13:29:09,0.165,0.944,0,0,eGFP1
2457,13:29:10,0.099,0.603,0,0,eGFP1
2458,13:29:10,0.122,0.627,0,0,eGFP1
2459,13:29:11,0.077,0.681,0,0,eGFP1
2460,13:29:12,0.142,0.647,0,0,eGFP1
2461,13:29:12,0.088,0.516,0,0,eGFP1
2462,13:29:13,0.088,0.691,0,0,eGFP1
2463,13:29:13,0.110,0.549,0,0,eGFP1
2464,13:29:14,0.078,0.506,0,0,eGFP1
2465,13:29:15,0.143,0.889,0,0,eGFP1
2466,13:29:15,0.089,0.517,0,0,eGFP1
2467,13:29:16,0.110,0.845,0,0,eGFP1
2468,13:29:17,0.110,0.614,0,0,eGFP1
2469,13:29:18,0.121,0.867,0,0,eGFP1
2470,13:29:18,0.121,0.604,0,0,eGFP1
2471,13:29:19,0.088,0.637,0,0,eGFP1
2472,13:29:19,0.113,0.738,0,0,eGFP1
2473,13:29:20,0.099,0.714,0,0,eGFP1
2474,13:29:21,0.133,0.660,0,0,eGFP1
2475,13:29:22,0.120,0.856,0,0,eGFP1
2476,13:29:22,0.109,0.625,0,0,eGFP1
2477,13:29:23,0.099,0.670,0,0,eGFP1
2478,13:29:24,0.133,0.769,0,0,eGFP1
2479,13:29:24,0.121,0.703,0,0,eGFP1
2480,13:29:25,0.098,0.559,0,0,eGFP1
2481,13:29:26,0.088,0.615,0,0,eGFP1
2482,13:29:26,0.121,0.790,0,0,eGFP1
2483,13:29:27,0.122,0.781,0,0,eGFP1
2484,13:29:28,0.120,0.625,0,0,eGFP1
2485,13:29:29,0.099,0.900,0,0,eGFP1
2486,13:29:29,0.165,0.735,0,0,eGFP1
2487,13:29:30,0.099,0.802,0,0,eGFP1
2488,13:29:31,0.142,0.779,0,0,eGFP1
2489,13:29:32,0.110,0.647,0,0,eGFP1
2490,13:29:33,0.121,0.922,0,0,eGFP1
2491,13:29:33,0.112,0.704,0,0,eGFP1
2492,13:29:35,0.199,1.483,0,0,eGFP1
2493,13:29:35,0.121,0.615,0,0,eGFP1
2494,13:29:36,0.097,0.711,0,0,eGFP1
2495,13:29:37,0.174,0.723,0,0,eGFP1
2496,13:29:37,0.075,0.536,0,0,eGFP1
2497,13:29:38,0.195,1.062,0,0,eGFP1
2498,13:29:39,0.108,0.602,0,0,eGFP1
2499,13:29:40,0.098,0.691,0,0,eGFP1
2500,13:29:40,0.118,0.645,0,0,eGFP1
2501,13:29:41,0.108,0.646,0,0,eGFP1
2502,13:29:42,0.129,0.821,0,0,eGFP1
2503,13:29:42,0.130,0.591,0,0,eGFP1
2504,13:29:43,0.085,0.524,0,0,eGFP1
2505,13:29:44,0.152,1.206,0,0,eGFP1
2506,13:29:46,0.306,1.327,0,0,eGFP1
2507,13:29:46,0.098,0.844,0,0,eGFP1
2508,13:29:47,0.229,0.811,0,0,eGFP1
2509,13:29:48,0.086,0.536,0,0,eGFP1
2510,13:29:49,0.096,0.941,0,0,eGFP1
2511,13:29:49,0.130,0.613,0,0,eGFP1
2512,13:29:50,0.108,0.920,0,0,eGFP1
2513,13:29:51,0.108,0.722,0,0,eGFP1
2514,13:29:52,0.174,0.887,0,0,eGFP1
2515,13:29:53,0.108,0.745,0,0,eGFP1
2516,13:29:53,0.142,0.735,0,0,eGFP1
2517,13:29:54,0.097,0.854,0,0,eGFP1
2518,13:29:55,0.141,0.678,0,0,eGFP1
2519,13:29:56,0.110,0.790,0,0,eGFP1
2520,13:29:56,0.130,0.613,0,0,eGFP1
2521,13:29:57,0.086,0.481,0,0,eGFP1
2522,13:29:58,0.097,1.018,0,0,eGFP1
2523,13:29:58,0.119,0.569,0,0,eGFP1
2524,13:29:59,0.077,0.812,0,0,eGFP1
2525,13:30:00,0.217,0.832,0,0,eGFP1
2526,13:30:01,0.097,0.657,0,0,eGFP1
2527,13:30:02,0.162,0.931,0,0,eGFP1
2528,13:30:02,0.140,0.755,0,0,eGFP1
2529,13:30:03,0.130,0.777,0,0,eGFP1
2530,13:30:04,0.119,0.811,0,0,eGFP1
2531,13:30:05,0.163,0.832,0,0,eGFP1
2532,13:30:06,0.131,0.823,0,0,eGFP1
2533,13:30:06,0.131,0.734,0,0,eGFP1
2534,13:30:07,0.119,0.789,0,0,eGFP1
2535,13:30:08,0.130,0.744,0,0,eGFP1
2536,13:30:09,0.130,0.767,0,0,eGFP1
2537,13:30:09,0.152,0.843,0,0,eGFP1
2538,13:30:10,0.119,0.679,0,0,eGFP1
2539,13:30:11,0.118,0.766,0,0,eGFP1
2540,13:30:12,0.142,0.855,0,0,eGFP1
2541,13:30:13,0.108,0.888,0,0,eGFP1
2542,13:30:13,0.130,0.700,0,0,eGFP1
2543,13:30:14,0.119,0.865,0,0,eGFP1
2544,13:30:15,0.130,0.657,0,0,eGFP1
2545,13:30:15,0.097,0.602,0,0,eGFP1
2546,13:30:16,0.119,0.964,0,0,eGFP1
2547,13:30:17,0.153,0.724,0,0,eGFP1
2548,13:30:18,0.097,0.536,0,0,eGFP1
2549,13:30:19,0.087,0.899,0,0,eGFP1
2550,13:30:20,0.525,1.711,0,0,eGFP1
2551,13:30:21,0.108,0.612,0,0,eGFP1
2552,13:30:22,0.119,0.877,0,0,eGFP1
2553,13:30:22,0.121,0.735,0,0,eGFP1
2554,13:30:23,0.141,0.778,0,0,eGFP1
2555,13:30:24,0.097,0.657,0,0,eGFP1
2556,13:30:25,0.163,0.865,0,0,eGFP1
2557,13:30:25,0.109,0.625,0,0,eGFP1
2558,13:30:26,0.130,0.854,0,0,eGFP1
2559,13:30:27,0.108,0.602,0,0,eGFP1
2560,13:30:28,0.097,0.690,0,0,eGFP1
2561,13:30:29,0.340,1.382,0,0,eGFP1
2562,13:30:29,0.097,0.536,0,0,eGFP1
2563,13:30:30,0.097,0.997,0,0,eGFP1
2564,13:30:31,0.152,0.712,0,0,eGFP1
2565,13:30:32,0.087,0.537,0,0,eGFP1
2566,13:30:32,0.086,0.756,0,0,eGFP1
2567,13:30:33,0.141,0.766,0,0,eGFP1
2568,13:30:34,0.141,0.910,0,0,eGFP1
2569,13:30:35,0.152,0.810,0,0,eGFP1
2570,13:30:36,0.119,0.799,0,0,eGFP1
2571,13:30:37,0.131,0.921,0,0,eGFP1
2572,13:30:37,0.108,0.569,0,0,eGFP1
2573,13:30:38,0.087,0.822,0,0,eGFP1
2574,13:30:39,0.185,0.822,0,0,eGFP1
2575,13:30:40,0.120,0.658,0,0,eGFP1
2576,13:30:40,0.097,0.635,0,0,eGFP1
2577,13:30:41,0.163,0.876,0,0,eGFP1
2578,13:30:42,0.086,0.492,0,0,eGFP1
2579,13:30:42,0.076,0.635,0,0,eGFP1
2580,13:30:43,0.284,1.228,0,0,eGFP1
2581,13:30:44,0.108,0.569,0,0,eGFP1
2582,13:30:45,0.088,0.834,0,0,eGFP1
2583,13:30:45,0.152,0.679,0,0,eGFP1
2584,13:30:46,0.097,0.591,0,0,eGFP1
2585,13:30:47,0.119,0.711,0,0,eGFP1
2586,13:30:48,0.108,0.745,0,0,eGFP1
2587,13:30:48,0.130,0.624,0,0,eGFP1
2588,13:30:49,0.086,0.701,0,0,eGFP1
2589,13:30:50,0.241,1.009,0,0,eGFP1
2590,13:30:50,0.110,0.559,0,0,eGFP1
2591,13:30:51,0.087,0.778,0,0,eGFP1
2592,13:30:52,0.196,0.876,0,0,eGFP1
2593,13:30:53,0.098,0.756,0,0,eGFP1
2594,13:30:56,2.666,3.280,0,0,eGFP1
2595,13:31:32,0.109,35.555,0,0,eGFP1
2596,13:31:33,0.097,1.052,0,0,eGFP1
2597,13:31:33,0.218,0.755,0,0,eGFP1
2598,13:31:34,0.088,0.626,0,0,eGFP1
2599,13:31:35,0.185,0.766,0,0,eGFP1
2600,13:31:35,0.087,0.482,0,0,eGFP1
2601,13:31:36,0.086,0.799,0,0,eGFP1
2602,13:31:37,0.121,0.637,0,0,eGFP1
2603,13:31:38,0.119,0.898,0,0,eGFP1
2604,13:31:38,0.119,0.624,0,0,eGFP1
2605,13:31:39,0.097,0.723,0,0,eGFP1
2606,13:31:40,0.131,0.680,0,0,eGFP1
2607,13:31:40,0.108,0.602,0,0,eGFP1
2608,13:31:41,0.086,0.547,0,0,eGFP1
2609,13:31:42,0.120,0.822,0,0,eGFP1
2610,13:31:42,0.097,0.558,0,0,eGFP1
2611,13:31:43,0.097,0.690,0,0,eGFP1
2612,13:31:44,0.119,0.690,0,0,eGFP1
2613,13:31:44,0.108,0.690,0,0,eGFP1
2614,13:31:45,0.119,0.613,0,0,eGFP1
2615,13:31:46,0.109,0.691,0,0,eGFP1
2616,13:31:46,0.099,0.636,0,0,eGFP1
2617,13:31:47,0.120,0.921,0,0,eGFP1
2618,13:31:48,0.152,0.734,0,0,eGFP1
2619,13:31:48,0.086,0.514,0,0,eGFP1
2620,13:31:49,0.075,0.701,0,0,eGFP1
2621,13:31:50,0.141,0.679,0,0,eGFP1
2622,13:31:50,0.097,0.591,0,0,eGFP1
2623,13:31:51,0.099,0.614,0,0,eGFP1
2624,13:31:52,0.120,0.998,0,0,eGFP1
2625,13:31:53,0.119,0.602,0,0,eGFP1
2626,13:31:53,0.108,0.832,0,0,eGFP1
2627,13:31:54,0.142,0.679,0,0,eGFP1
2628,13:31:55,0.098,0.559,0,0,eGFP1
2629,13:31:56,0.108,0.876,0,0,eGFP1
2630,13:31:56,0.110,0.593,0,0,eGFP1
2631,13:31:57,0.087,0.581,0,0,eGFP1
2632,13:31:57,0.098,0.646,0,0,eGFP1
2633,13:31:58,0.131,0.800,0,0,eGFP1
2634,13:31:59,0.097,0.580,0,0,eGFP1
2635,13:31:59,0.087,0.504,0,0,eGFP1
2636,13:32:00,0.086,0.624,0,0,eGFP1
2637,13:32:01,0.141,0.898,0,0,eGFP1
2638,13:32:01,0.131,0.657,0,0,eGFP1
2639,13:32:02,0.099,0.659,0,0,eGFP1
2640,13:32:03,0.152,0.843,0,0,eGFP1
2641,13:32:04,0.109,0.756,0,0,eGFP1
2642,13:32:04,0.120,0.789,0,0,eGFP1
2643,13:32:05,0.141,0.910,0,0,eGFP1
2644,13:32:06,0.120,0.680,0,0,eGFP1
2645,13:32:07,0.108,0.745,0,0,eGFP1
2646,13:32:08,0.130,0.756,0,0,eGFP1
2647,13:32:08,0.141,0.898,0,0,eGFP1
2648,13:32:09,0.154,0.714,0,0,eGFP1
2649,13:32:10,0.108,0.679,0,0,eGFP1
2650,13:32:11,0.108,0.745,0,0,eGFP1
2651,13:32:11,0.119,0.690,0,0,eGFP1
2652,13:32:12,0.119,0.876,0,0,eGFP1
2653,13:32:13,0.120,0.602,0,0,eGFP1
2654,13:32:13,0.087,0.669,0,0,eGFP1
2655,13:32:14,0.174,0.843,0,0,eGFP1
2656,13:32:15,0.113,0.837,0,0,eGFP1
2657,13:32:16,0.152,0.833,0,0,eGFP1
2658,13:32:17,0.110,0.658,0,0,eGFP1
2659,13:32:17,0.109,0.789,0,0,eGFP1
2660,13:32:18,0.131,0.778,0,0,eGFP1
2661,13:32:19,0.152,0.844,0,0,eGFP1
2662,13:32:20,0.108,0.657,0,0,eGFP1
2663,13:32:20,0.097,0.701,0,0,eGFP1
2664,13:32:21,0.143,0.889,0,0,eGFP1
2665,13:32:25,0.152,3.521,0,0,eGFP1
2666,13:32:25,0.142,0.658,0,0,eGFP1
2667,13:32:26,0.097,0.876,0,0,eGFP1
2668,13:32:27,0.197,0.778,0,0,eGFP1
2669,13:32:28,0.087,0.515,0,0,eGFP1
2670,13:32:29,0.108,0.909,0,0,eGFP1
2671,13:32:29,0.131,0.614,0,0,eGFP1
2672,13:32:30,0.078,0.638,0,0,eGFP1
2673,13:32:31,0.108,0.778,0,0,eGFP1
2674,13:32:31,0.152,0.745,0,0,eGFP1
2675,13:32:32,0.098,0.613,0,0,eGFP1
2676,13:32:33,0.109,0.822,0,0,eGFP1
2677,13:32:33,0.131,0.668,0,0,eGFP1
2678,13:32:34,0.131,0.899,0,0,eGFP1
2679,13:32:35,0.152,0.866,0,0,eGFP1
2680,13:32:36,0.141,0.734,0,0,eGFP1
2681,13:32:37,0.099,0.801,0,0,eGFP1
2682,13:32:38,0.153,0.844,0,0,eGFP1
2683,13:32:38,0.119,0.734,0,0,eGFP1
2684,13:32:39,0.141,0.767,0,0,eGFP1
2685,13:32:40,0.098,0.701,0,0,eGFP1
2686,13:32:41,0.155,0.780,0,0,eGFP1
2687,13:32:41,0.098,0.614,0,0,eGFP1
2688,13:32:42,0.086,0.514,0,0,eGFP1
2689,13:32:42,0.077,0.538,0,0,eGFP1
2690,13:32:43,0.098,0.888,0,0,eGFP1
2691,13:32:44,0.141,0.701,0,0,eGFP1
2692,13:32:44,0.098,0.613,0,0,eGFP1
2693,13:32:45,0.120,0.768,0,0,eGFP1
2694,13:32:46,0.119,0.767,0,0,eGFP1
2695,13:32:47,0.130,0.690,0,0,eGFP1
2696,13:32:47,0.075,0.514,0,0,eGFP1
2697,13:32:48,0.099,0.999,0,0,eGFP1
2698,13:32:49,0.142,0.756,0,0,eGFP1
2699,13:32:50,0.099,0.747,0,0,eGFP1
2700,13:32:50,0.174,0.811,0,0,eGFP1
2701,13:32:51,0.119,0.877,0,0,eGFP1
2702,13:32:52,0.174,0.811,0,0,eGFP1
2703,13:32:53,0.119,0.778,0,0,eGFP1
2704,13:32:54,0.119,0.745,0,0,eGFP1
2705,13:32:55,0.120,0.855,0,0,eGFP1
2706,13:32:55,0.129,0.623,0,0,eGFP1
2707,13:32:56,0.076,0.526,0,0,eGFP1
2708,13:32:57,0.141,0.855,0,0,eGFP1
2709,13:32:57,0.119,0.855,0,0,eGFP1
2710,13:32:58,0.141,0.778,0,0,eGFP1
2711,13:32:59,0.119,0.668,0,0,eGFP1
2712,13:33:00,0.142,0.943,0,0,eGFP1
2713,13:33:00,0.110,0.658,0,0,eGFP1
2714,13:33:01,0.088,0.604,0,0,eGFP1
2715,13:33:02,0.142,0.888,0,0,eGFP1
2716,13:33:03,0.131,0.767,0,0,eGFP1
2717,13:33:03,0.109,0.614,0,0,eGFP1
2718,13:33:04,0.109,0.701,0,0,eGFP1
2719,13:33:05,0.142,0.712,0,0,eGFP1
2720,13:33:05,0.098,0.713,0,0,eGFP1
2721,13:33:06,0.119,0.657,0,0,eGFP1
2722,13:33:07,0.110,0.878,0,0,eGFP1
2723,13:33:08,0.153,0.822,0,0,eGFP1
2724,13:33:09,0.142,0.877,0,0,eGFP1
2725,13:33:09,0.131,0.724,0,0,eGFP1
2726,13:33:10,0.119,0.833,0,0,eGFP1
2727,13:33:11,0.121,0.615,0,0,eGFP1
2728,13:33:12,0.097,0.789,0,0,eGFP1
2729,13:33:12,0.130,0.734,0,0,eGFP1
2730,13:33:13,0.121,0.801,0,0,eGFP1
2731,13:33:14,0.131,0.844,0,0,eGFP1
2732,13:33:15,0.098,0.592,0,0,eGFP1
2733,13:33:15,0.098,0.789,0,0,eGFP1
2734,13:33:16,0.131,0.811,0,0,eGFP1
2735,13:33:17,0.109,0.614,0,0,eGFP1
2736,13:33:18,0.109,0.811,0,0,eGFP1
2737,13:33:18,0.153,0.866,0,0,eGFP1
2738,13:33:19,0.131,0.822,0,0,eGFP1
2739,13:33:20,0.143,0.933,0,0,eGFP1
2740,13:33:21,0.296,0.493,0,0,eGFP1
2741,13:33:22,0.999,1.745,0,0,eGFP1
2742,13:33:23,0.098,0.658,0,0,eGFP1
2743,13:33:24,0.131,0.954,0,0,eGFP1
2744,13:33:25,0.119,0.789,0,0,eGFP1
2745,13:33:26,0.120,0.745,0,0,eGFP1
2746,13:33:26,0.120,0.625,0,0,eGFP1
2747,13:33:27,0.099,0.746,0,0,eGFP1
2748,13:33:28,0.142,0.702,0,0,eGFP1
2749,13:33:28,0.098,0.624,0,0,eGFP1
2750,13:33:29,0.109,0.812,0,0,eGFP1
2751,13:33:30,0.141,0.767,0,0,eGFP1
2752,13:33:31,0.109,0.745,0,0,eGFP1
2753,13:33:31,0.131,0.855,0,0,eGFP1
2754,13:33:32,0.142,0.779,0,0,eGFP1
2755,13:33:33,0.100,0.539,0,0,eGFP1
2756,13:33:33,0.076,0.493,0,0,eGFP1
2757,13:33:34,0.098,0.746,0,0,eGFP1
2758,13:33:35,0.109,0.800,0,0,eGFP1
2759,13:33:36,0.186,0.954,0,0,eGFP1
2760,13:33:37,0.131,0.800,0,0,eGFP1
2761,13:33:37,0.120,0.713,0,0,eGFP1
2762,13:33:38,0.142,0.932,0,0,eGFP1
2763,13:33:39,0.132,0.703,0,0,eGFP1
2764,13:33:40,0.120,0.866,0,0,eGFP1
2765,13:33:41,0.142,0.701,0,0,eGFP1
2766,13:33:41,0.098,0.636,0,0,eGFP1
2767,13:33:42,0.120,0.910,0,0,eGFP1
2768,13:33:43,0.120,0.647,0,0,eGFP1
2769,13:33:43,0.077,0.593,0,0,eGFP1
2770,13:33:44,0.153,1.042,0,0,eGFP1
2771,13:33:45,0.131,0.723,0,0,eGFP1
2772,13:33:46,0.111,0.846,0,0,eGFP1
2773,13:33:47,0.142,0.756,0,0,eGFP1
2774,13:33:47,0.120,0.779,0,0,eGFP1
2775,13:33:48,0.109,0.636,0,0,eGFP1
2776,13:33:49,0.109,0.712,0,0,eGFP1
2777,13:33:50,0.142,0.844,0,0,eGFP1
2778,13:33:50,0.109,0.625,0,0,eGFP1
2779,13:33:51,0.098,0.592,0,0,eGFP1
2780,13:34:10,0.099,18.854,0,0,eGFP1
2781,13:34:17,1.667,6.979,0,0,eGFP1
2782,13:34:21,1.460,4.126,0,0,eGFP1
2783,13:34:23,0.241,2.107,0,0,eGFP1
2784,13:34:24,0.317,1.535,0,0,eGFP1
2785,13:34:31,1.108,6.123,0,0,eGFP1
2786,13:34:31,0.120,0.625,0,0,eGFP1
2787,13:34:32,0.120,0.789,0,0,eGFP1
2788,13:34:33,0.122,0.572,0,0,eGFP1
2789,13:34:33,0.076,0.537,0,0,eGFP1
2790,13:34:34,0.120,0.778,0,0,eGFP1
2791,13:34:34,0.109,0.504,0,0,eGFP1
2792,13:34:35,0.065,0.417,0,0,eGFP1
2793,13:34:36,0.087,0.800,0,0,eGFP1
2794,13:34:36,0.109,0.581,0,0,eGFP1
2795,13:34:37,0.087,0.789,0,0,eGFP1
2796,13:34:38,0.123,0.661,0,0,eGFP1
2797,13:34:38,0.087,0.460,0,0,eGFP1
2798,13:34:39,0.088,0.681,0,0,eGFP1
2799,13:34:39,0.131,0.668,0,0,eGFP1
2800,13:34:40,0.088,0.516,0,0,eGFP1
2801,13:34:40,0.076,0.515,0,0,eGFP1
2802,13:34:41,0.120,0.701,0,0,eGFP1
2803,13:34:42,0.088,0.505,0,0,eGFP1
2804,13:34:42,0.087,0.592,0,0,eGFP1
2805,13:34:43,0.154,0.845,0,0,eGFP1
2806,13:34:44,0.098,0.493,0,0,eGFP1
2807,13:34:44,0.077,0.538,0,0,eGFP1
2808,13:34:45,0.164,0.822,0,0,eGFP1
2809,13:34:46,0.087,0.658,0,0,eGFP1
2810,13:34:46,0.132,0.769,0,0,eGFP1
2811,13:34:47,0.109,0.581,0,0,eGFP1
2812,13:34:47,0.087,0.482,0,0,eGFP1
2813,13:34:48,0.089,0.648,0,0,eGFP1
2814,13:34:49,0.131,0.790,0,0,eGFP1
2815,13:34:49,0.098,0.570,0,0,eGFP1
2816,13:34:50,0.076,0.581,0,0,eGFP1
2817,13:34:51,0.131,0.888,0,0,eGFP1
2818,13:34:51,0.110,0.549,0,0,eGFP1
2819,13:34:52,0.087,0.800,0,0,eGFP1
2820,13:34:53,0.131,0.625,0,0,eGFP1
2821,13:34:54,0.100,0.824,0,0,eGFP1
2822,13:34:54,0.131,0.647,0,0,eGFP1
2823,13:34:55,0.098,0.778,0,0,eGFP1
2824,13:34:56,0.122,0.594,0,0,eGFP1
2825,13:34:56,0.087,0.548,0,0,eGFP1
2826,13:34:57,0.109,0.834,0,0,eGFP1
2827,13:34:58,0.109,0.570,0,0,eGFP1
2828,13:34:58,0.087,0.537,0,0,eGFP1
2829,13:34:59,0.099,0.703,0,0,eGFP1
2830,13:35:00,0.120,0.702,0,0,eGFP1
2831,13:35:00,0.098,0.614,0,0,eGFP1
2832,13:35:04,0.142,3.884,0,0,eGFP1
2833,13:35:05,0.120,1.075,0,0,eGFP1
2834,13:35:06,0.120,0.691,0,0,eGFP1
2835,13:35:07,0.131,0.724,0,0,eGFP1
2836,13:35:07,0.098,0.570,0,0,eGFP1
2837,13:35:08,0.087,0.581,0,0,eGFP1
2838,13:35:08,0.102,0.563,0,0,eGFP1
2839,13:35:09,0.087,0.680,0,0,eGFP1
2840,13:35:10,0.142,0.691,0,0,eGFP1
2841,13:35:10,0.087,0.526,0,0,eGFP1
2842,13:35:11,0.087,0.625,0,0,eGFP1
2843,13:35:12,0.120,0.669,0,0,eGFP1
2844,13:35:12,0.087,0.581,0,0,eGFP1
2845,13:35:13,0.099,0.603,0,0,eGFP1
2846,13:35:13,0.100,0.528,0,0,eGFP1
2847,13:35:14,0.087,0.548,0,0,eGFP1
2848,13:35:15,0.099,0.713,0,0,eGFP1
2849,13:35:16,0.329,1.701,0,0,eGFP1
2850,13:35:17,0.219,0.855,0,0,eGFP1
2851,13:35:18,0.099,0.746,0,0,eGFP1
2852,13:35:18,0.122,0.660,0,0,eGFP1
2853,13:35:19,0.087,0.548,0,0,eGFP1
2854,13:35:20,0.100,0.791,0,0,eGFP1
2855,13:35:20,0.131,0.614,0,0,eGFP1
2856,13:35:21,0.087,0.746,0,0,eGFP1
2857,13:35:22,0.142,0.680,0,0,eGFP1
2858,13:35:23,0.098,0.702,0,0,eGFP1
2859,13:35:23,0.109,0.570,0,0,eGFP1
2860,13:35:24,0.099,0.527,0,0,eGFP1
2861,13:35:24,0.087,0.822,0,0,eGFP1
2862,13:35:25,0.122,0.682,0,0,eGFP1
2863,13:35:26,0.109,0.855,0,0,eGFP1
2864,13:35:53,0.186,26.908,0,0,eGFP1
2865,13:35:54,0.155,0.747,0,0,eGFP1
2866,13:35:54,0.143,0.757,0,0,eGFP1
2867,13:35:55,0.077,0.472,0,0,eGFP1
2868,13:35:56,0.098,0.965,0,0,eGFP1
2869,13:35:56,0.110,0.549,0,0,eGFP1
2870,13:35:57,0.076,0.625,0,0,eGFP1
2871,13:35:58,0.154,0.736,0,0,eGFP1
2872,13:35:58,0.087,0.625,0,0,eGFP1
2873,13:35:59,0.088,0.603,0,0,eGFP1
2874,13:36:00,0.088,0.648,0,0,eGFP1
2875,13:36:00,0.120,0.767,0,0,eGFP1
2876,13:36:01,0.121,0.692,0,0,eGFP1
2877,13:36:02,0.098,0.680,0,0,eGFP1
2878,13:36:02,0.120,0.647,0,0,eGFP1
2879,13:36:03,0.102,0.661,0,0,eGFP1
2880,13:36:04,0.110,0.735,0,0,eGFP1
2881,13:36:04,0.099,0.505,0,0,eGFP1
2882,13:36:05,0.098,0.812,0,0,eGFP1
2883,13:36:06,0.120,0.614,0,0,eGFP1
2884,13:36:06,0.076,0.559,0,0,eGFP1
2885,13:36:07,0.110,0.636,0,0,eGFP1
2886,13:36:08,0.099,0.593,0,0,eGFP1
2887,13:36:10,1.285,2.020,0,0,eGFP1
2888,13:36:10,0.088,0.603,0,0,eGFP1
2889,13:36:11,0.132,0.834,0,0,eGFP1
2890,13:36:12,0.099,0.538,0,0,eGFP1
2891,13:36:12,0.076,0.647,0,0,eGFP1
2892,13:36:13,0.175,0.757,0,0,eGFP1
2893,13:36:13,0.078,0.550,0,0,eGFP1
2894,13:36:14,0.109,0.713,0,0,eGFP1
2895,13:36:15,0.100,0.484,0,0,eGFP1
2896,13:36:15,0.076,0.768,0,0,eGFP1
2897,13:36:18,0.318,2.446,0,0,eGFP1
2898,13:36:19,0.110,0.812,0,0,eGFP1
2899,13:36:19,0.121,0.593,0,0,eGFP1
2900,13:36:20,0.087,0.845,0,0,eGFP1
2901,13:36:21,0.131,0.625,0,0,eGFP1
2902,13:36:21,0.076,0.515,0,0,eGFP1
2903,13:36:22,0.099,0.768,0,0,eGFP1
2904,13:36:23,0.111,0.528,0,0,eGFP1
2905,13:36:23,0.077,0.900,0,0,eGFP1
2906,13:36:24,0.142,0.647,0,0,eGFP1
2907,13:36:25,0.100,0.901,0,0,eGFP1
2908,13:36:26,0.099,0.593,0,0,eGFP1
2909,13:36:29,0.164,3.456,0,0,eGFP1
2910,13:36:30,0.176,1.065,0,0,eGFP1
2911,13:36:31,0.087,0.504,0,0,eGFP1
2912,13:36:31,0.089,0.802,0,0,eGFP1
2913,13:36:32,0.121,0.549,0,0,eGFP1
2914,13:36:33,0.077,0.581,0,0,eGFP1
2915,13:36:33,0.143,0.768,0,0,eGFP1
2916,13:36:34,0.088,0.516,0,0,eGFP1
2917,13:36:35,0.088,0.658,0,0,eGFP1
2918,13:36:35,0.121,0.571,0,0,eGFP1
2919,13:36:36,0.077,0.658,0,0,eGFP1
2920,13:36:36,0.134,0.650,0,0,eGFP1
2921,13:36:37,0.089,0.549,0,0,eGFP1
2922,13:36:38,0.099,0.801,0,0,eGFP1
2923,13:36:38,0.099,0.571,0,0,eGFP1
2924,13:36:39,0.110,0.614,0,0,eGFP1
2925,13:36:40,0.099,0.714,0,0,eGFP1
2926,13:36:40,0.109,0.625,0,0,eGFP1
2927,13:36:41,0.088,0.494,0,0,eGFP1
2928,13:36:42,0.089,0.736,0,0,eGFP1
2929,13:36:42,0.143,0.648,0,0,eGFP1
2930,13:36:43,0.087,0.493,0,0,eGFP1
2931,13:36:43,0.077,0.461,0,0,eGFP1
2932,13:36:44,0.088,0.637,0,0,eGFP1
2933,13:36:44,0.109,0.625,0,0,eGFP1
2934,13:36:45,0.088,0.516,0,0,eGFP1
2935,13:36:46,0.089,0.616,0,0,eGFP1
2936,13:36:47,0.153,1.097,0,0,eGFP1
2937,13:36:48,0.308,1.000,0,0,eGFP1
2938,13:36:48,0.098,0.625,0,0,eGFP1
2939,13:36:49,0.088,0.626,0,0,eGFP1
2940,13:36:50,0.131,0.768,0,0,eGFP1
2941,13:36:50,0.109,0.625,0,0,eGFP1
2942,13:36:51,0.099,0.571,0,0,eGFP1
2943,13:36:51,0.088,0.516,0,0,eGFP1
2944,13:36:52,0.098,0.746,0,0,eGFP1
2945,13:36:53,0.111,0.605,0,0,eGFP1
2946,13:36:53,0.076,0.471,0,0,eGFP1
2947,13:36:54,0.088,0.845,0,0,eGFP1
2948,13:36:55,0.430,1.110,0,0,eGFP1
2949,13:36:56,0.077,0.505,0,0,eGFP1
2950,13:36:56,0.077,0.636,0,0,eGFP1
2951,13:36:57,0.154,0.769,0,0,eGFP1
2952,13:36:58,0.109,0.592,0,0,eGFP1
2953,13:36:58,0.089,0.616,0,0,eGFP1
2954,13:36:59,0.143,0.878,0,0,eGFP1
2955,13:37:00,0.121,0.746,0,0,eGFP1
2956,13:37:00,0.110,0.626,0,0,eGFP1
2957,13:37:01,0.098,0.559,0,0,eGFP1
2958,13:37:02,0.077,0.527,0,0,eGFP1
2959,13:37:02,0.088,0.593,0,0,eGFP1
2960,13:37:03,0.099,0.725,0,0,eGFP1
2961,13:37:04,0.142,0.834,0,0,eGFP1
2962,13:37:04,0.121,0.702,0,0,eGFP1
2963,13:37:05,0.099,0.703,0,0,eGFP1
2964,13:37:06,0.142,0.889,0,0,eGFP1
2965,13:37:07,0.164,0.845,0,0,eGFP1
2966,13:37:07,0.110,0.647,0,0,eGFP1
2967,13:37:08,0.099,0.747,0,0,eGFP1
2968,13:37:09,0.142,0.735,0,0,eGFP1
2969,13:37:10,0.132,0.845,0,0,eGFP1
2970,13:37:11,0.133,0.780,0,0,eGFP1
2971,13:37:11,0.121,0.824,0,0,eGFP1
2972,13:37:12,0.142,0.801,0,0,eGFP1
2973,13:37:13,0.109,0.680,0,0,eGFP1
2974,13:37:14,0.099,0.812,0,0,eGFP1
2975,13:37:15,0.143,1.043,0,0,eGFP1
2976,13:37:22,2.053,7.211,0,0,eGFP1
2977,13:37:25,0.955,3.336,0,0,eGFP1
2978,13:37:26,0.133,0.781,0,0,eGFP1
2979,13:37:27,0.143,1.032,0,0,eGFP1
2980,13:37:28,0.164,0.768,0,0,eGFP1
2981,13:37:29,0.121,0.779,0,0,eGFP1
2982,13:37:29,0.110,0.593,0,0,eGFP1
2983,13:37:30,0.110,0.680,0,0,eGFP1
2984,13:37:31,0.110,0.626,0,0,eGFP1
2985,13:37:31,0.099,0.549,0,0,eGFP1
2986,13:37:32,0.087,0.603,0,0,eGFP1
2987,13:37:32,0.108,0.733,0,0,eGFP1
2988,13:37:33,0.097,0.602,0,0,eGFP1
2989,13:37:34,0.119,0.766,0,0,eGFP1
2990,13:37:34,0.087,0.559,0,0,eGFP1
2991,13:37:35,0.119,0.843,0,0,eGFP1
2992,13:37:36,0.108,0.602,0,0,eGFP1
2993,13:37:36,0.086,0.514,0,0,eGFP1
2994,13:37:37,0.097,0.733,0,0,eGFP1
2995,13:37:38,0.109,0.559,0,0,eGFP1
2996,13:37:41,0.086,3.422,0,0,eGFP1
2997,13:37:42,0.130,0.657,0,0,eGFP1
2998,13:37:43,0.108,1.128,0,0,eGFP1
2999,13:37:44,0.152,0.723,0,0,eGFP1
3000,13:37:44,0.097,0.569,0,0,eGFP1
3001,13:37:45,0.088,0.527,0,0,eGFP1
3002,13:37:45,0.097,0.590,0,0,eGFP1
3003,13:37:46,0.099,0.658,0,0,eGFP1
3004,13:37:47,0.208,1.207,0,0,eGFP1
3005,13:37:48,0.097,0.657,0,0,eGFP1
3006,13:37:49,0.129,0.755,0,0,eGFP1
3007,13:37:49,0.097,0.525,0,0,eGFP1
3008,13:37:50,0.086,0.634,0,0,eGFP1
3009,13:37:51,0.152,0.822,0,0,eGFP1
3010,13:37:51,0.097,0.656,0,0,eGFP1
3011,13:37:52,0.088,0.702,0,0,eGFP1
3012,13:37:53,0.141,0.756,0,0,eGFP1
3013,13:37:53,0.086,0.492,0,0,eGFP1
3014,13:37:54,0.086,0.843,0,0,eGFP1
3015,13:37:55,0.141,0.656,0,0,eGFP1
3016,13:37:55,0.086,0.470,0,0,eGFP1
3017,13:37:56,0.086,0.745,0,0,eGFP1
3018,13:37:56,0.142,0.669,0,0,eGFP1
3019,13:37:57,0.087,0.658,0,0,eGFP1
3020,13:37:58,0.097,0.623,0,0,eGFP1
3021,13:37:58,0.097,0.569,0,0,eGFP1
3022,13:37:59,0.086,0.624,0,0,eGFP1
3023,13:38:00,0.108,0.799,0,0,eGFP1
3024,13:38:00,0.108,0.558,0,0,eGFP1
3025,13:38:01,0.086,0.613,0,0,eGFP1
3026,13:38:02,0.141,0.777,0,0,eGFP1
3027,13:38:02,0.108,0.723,0,0,eGFP1
3028,13:38:04,0.307,1.218,0,0,eGFP1
3029,13:38:04,0.184,0.700,0,0,eGFP1
3030,13:38:05,0.086,0.778,0,0,eGFP1
3031,13:38:06,0.317,0.987,0,0,eGFP1
3032,13:38:07,0.119,0.733,0,0,eGFP1
3033,13:38:07,0.119,0.635,0,0,eGFP1
3034,13:38:08,0.097,0.646,0,0,eGFP1
3035,13:38:09,0.108,0.679,0,0,eGFP1
3036,13:38:10,0.109,0.756,0,0,eGFP1
3037,13:38:10,0.119,0.734,0,0,eGFP1
3038,13:38:11,0.108,0.788,0,0,eGFP1
3039,13:38:12,0.141,0.646,0,0,eGFP1
3040,13:38:12,0.086,0.547,0,0,eGFP1
3041,13:38:13,0.108,0.799,0,0,eGFP1
3042,13:38:14,0.131,0.701,0,0,eGFP1
3043,13:38:14,0.097,0.580,0,0,eGFP1
3044,13:38:15,0.088,0.516,0,0,eGFP1
3045,13:38:16,0.098,0.866,0,0,eGFP1
3046,13:38:16,0.130,0.668,0,0,eGFP1
3047,13:38:17,0.119,0.854,0,0,eGFP1
3048,13:38:18,0.108,0.547,0,0,eGFP1
3049,13:38:19,0.075,0.690,0,0,eGFP1
3050,13:38:20,0.196,1.019,0,0,eGFP1
3051,13:38:20,0.141,0.788,0,0,eGFP1
3052,13:38:21,0.099,0.571,0,0,eGFP1
3053,13:38:22,0.086,0.700,0,0,eGFP1
3054,13:38:22,0.163,0.854,0,0,eGFP1
3055,13:38:23,0.098,0.734,0,0,eGFP1
3056,13:38:24,0.152,0.756,0,0,eGFP1
3057,13:38:25,0.108,0.799,0,0,eGFP1
3058,13:38:26,0.174,0.800,0,0,eGFP1
3059,13:38:26,0.109,0.636,0,0,eGFP1
3060,13:38:27,0.097,0.657,0,0,eGFP1
3061,13:38:28,0.131,0.757,0,0,eGFP1
3062,13:38:28,0.130,0.766,0,0,eGFP1
3063,13:38:29,0.108,0.624,0,0,eGFP1
3064,13:38:30,0.119,0.887,0,0,eGFP1
3065,13:38:30,0.119,0.591,0,0,eGFP1
3066,13:38:31,0.097,0.822,0,0,eGFP1
3067,13:38:32,0.360,1.183,0,0,eGFP1
3068,13:38:33,0.108,0.942,0,0,eGFP1
3069,13:38:34,0.121,0.648,0,0,eGFP1
3070,13:38:35,0.119,0.766,0,0,eGFP1
3071,13:38:35,0.119,0.646,0,0,eGFP1
3072,13:38:36,0.108,0.679,0,0,eGFP1
3073,13:38:37,0.109,0.834,0,0,eGFP1
3074,13:38:38,0.141,0.821,0,0,eGFP1
3075,13:38:39,0.152,1.052,0,0,eGFP1
3076,13:38:42,0.163,2.907,0,0,eGFP1
3077,13:38:42,0.131,0.713,0,0,eGFP1
3078,13:38:43,0.108,0.799,0,0,eGFP1
3079,13:38:44,0.130,0.679,0,0,eGFP1
3080,13:38:45,0.119,0.800,0,0,eGFP1
3081,13:38:46,0.152,0.766,0,0,eGFP1
3082,13:38:46,0.098,0.723,0,0,eGFP1
3083,13:38:47,0.163,0.789,0,0,eGFP1
3084,13:38:48,0.086,0.536,0,0,eGFP1
3085,13:38:48,0.099,0.713,0,0,eGFP1
3086,13:38:49,0.141,0.690,0,0,eGFP1
3087,13:38:49,0.088,0.527,0,0,eGFP1
3088,13:38:50,0.086,0.645,0,0,eGFP1
3089,13:38:51,0.131,0.877,0,0,eGFP1
3090,13:38:52,0.119,0.635,0,0,eGFP1
3091,13:38:53,0.108,0.887,0,0,eGFP1
3092,13:38:53,0.130,0.811,0,0,eGFP1
3093,13:38:54,0.130,0.657,0,0,eGFP1
3094,13:38:55,0.087,0.537,0,0,eGFP1
3095,13:38:55,0.098,0.679,0,0,eGFP1
3096,13:38:56,0.152,0.789,0,0,eGFP1
3097,13:38:57,0.097,0.536,0,0,eGFP1
3098,13:38:57,0.086,0.646,0,0,eGFP1
3099,13:38:58,0.185,0.953,0,0,eGFP1
3100,13:38:59,0.119,0.800,0,0,eGFP1
3101,13:39:00,0.131,0.702,0,0,eGFP1
3102,13:39:01,0.121,0.867,0,0,eGFP1
3103,13:39:01,0.163,0.931,0,0,eGFP1
3104,13:39:02,0.141,0.844,0,0,eGFP1
3105,13:39:05,0.152,2.643,0,0,eGFP1
3106,13:39:06,0.185,1.008,0,0,eGFP1
3107,13:39:07,0.141,0.734,0,0,eGFP1
3108,13:39:07,0.097,0.723,0,0,eGFP1
3109,13:39:08,0.119,0.668,0,0,eGFP1
3110,13:39:09,0.109,0.768,0,0,eGFP1
3111,13:39:10,0.119,0.756,0,0,eGFP1
3112,13:39:10,0.152,0.810,0,0,eGFP1
3113,13:39:11,0.108,0.602,0,0,eGFP1
3114,13:39:12,0.099,0.757,0,0,eGFP1
3115,13:39:12,0.131,0.668,0,0,eGFP1
3116,13:39:13,0.087,0.581,0,0,eGFP1
3117,13:39:14,0.119,0.865,0,0,eGFP1
3118,13:39:15,0.110,0.823,0,0,eGFP1
3119,13:39:15,0.141,0.778,0,0,eGFP1
3120,13:39:16,0.141,0.811,0,0,eGFP1
3121,13:39:17,0.119,0.646,0,0,eGFP1
3122,13:39:18,0.108,0.898,0,0,eGFP1
3123,13:39:18,0.133,0.682,0,0,eGFP1
3124,13:39:19,0.108,0.898,0,0,eGFP1
3125,13:39:20,0.141,0.657,0,0,eGFP1
3126,13:39:21,0.087,0.536,0,0,eGFP1
3127,13:39:22,0.110,1.175,0,0,eGFP1
3128,13:39:23,0.175,0.867,0,0,eGFP1
3129,13:39:23,0.141,0.744,0,0,eGFP1
3130,13:39:24,0.098,0.548,0,0,eGFP1
3131,13:43:35,0.086,251.062,0,0,eGFP1
3132,13:43:55,17.162,19.927,0,0,eGFP1
3133,13:44:01,1.085,6.013,0,0,eGFP1
3134,13:44:03,0.262,2.050,0,0,eGFP1
3135,13:44:04,0.176,0.988,0,0,eGFP1
3136,13:44:05,0.196,1.030,0,0,eGFP1
3137,13:44:06,0.109,0.701,0,0,eGFP1
3138,13:44:07,0.142,0.855,0,0,eGFP1
3139,13:44:07,0.108,0.646,0,0,eGFP1
3140,13:44:09,0.131,2.303,0,0,eGFP1
3141,13:44:10,0.208,0.789,0,0,eGFP1
3142,13:44:12,0.143,1.229,0,0,eGFP1
3143,13:44:12,0.099,0.560,0,0,eGFP1
3144,13:44:13,0.108,0.723,0,0,eGFP1
3145,13:44:13,0.108,0.558,0,0,eGFP1
3146,13:44:14,0.087,0.679,0,0,eGFP1
3147,13:44:15,0.175,0.855,0,0,eGFP1
3148,13:44:16,0.087,0.646,0,0,eGFP1
3149,13:44:23,1.042,7.461,0,0,eGFP1
3150,13:44:24,0.592,1.338,0,0,eGFP1
3151,13:44:25,0.099,0.735,0,0,eGFP1
3152,13:44:26,0.153,0.734,0,0,eGFP1
3153,13:44:26,0.109,0.701,0,0,eGFP1
3154,13:44:27,0.109,0.559,0,0,eGFP1
3155,13:44:28,0.075,0.525,0,0,eGFP1
3156,13:44:28,0.088,0.582,0,0,eGFP1
3157,13:44:29,0.097,0.591,0,0,eGFP1
3158,13:44:30,0.109,0.789,0,0,eGFP1
3159,13:44:31,0.405,1.162,0,0,eGFP1
3160,13:44:31,0.088,0.494,0,0,eGFP1
3161,13:44:32,0.087,0.745,0,0,eGFP1
3162,13:44:33,0.120,0.581,0,0,eGFP1
3163,13:44:33,0.064,0.415,0,0,eGFP1
3164,13:44:34,0.076,0.735,0,0,eGFP1
3165,13:44:34,0.141,0.668,0,0,eGFP1
3166,13:44:35,0.098,0.635,0,0,eGFP1
3167,13:44:35,0.087,0.493,0,0,eGFP1
3168,13:44:36,0.077,0.648,0,0,eGFP1
3169,13:44:37,0.119,0.646,0,0,eGFP1
3170,13:44:37,0.088,0.538,0,0,eGFP1
3171,13:44:38,0.086,0.613,0,0,eGFP1
3172,13:44:39,0.120,0.657,0,0,eGFP1
3173,13:44:39,0.109,0.789,0,0,eGFP1
3174,13:44:40,0.164,0.679,0,0,eGFP1
3175,13:44:42,0.767,1.536,0,0,eGFP1
3176,13:44:42,0.098,0.570,0,0,eGFP1
3177,13:44:43,0.109,0.910,0,0,eGFP1
3178,13:44:44,0.098,0.526,0,0,eGFP1
3179,13:44:44,0.075,0.536,0,0,eGFP1
3180,13:44:45,0.109,0.734,0,0,eGFP1
3181,13:44:45,0.098,0.515,0,0,eGFP1
3182,13:44:46,0.076,0.624,0,0,eGFP1
3183,13:44:47,0.120,0.647,0,0,eGFP1
3184,13:44:47,0.078,0.473,0,0,eGFP1
3185,13:44:48,0.087,0.669,0,0,eGFP1
3186,13:44:48,0.119,0.701,0,0,eGFP1
3187,13:44:49,0.097,0.547,0,0,eGFP1
3188,13:44:50,0.087,0.559,0,0,eGFP1
3189,13:44:50,0.098,0.602,0,0,eGFP1
3190,13:44:51,0.120,0.811,0,0,eGFP1
3191,13:44:54,0.164,3.204,0,0,eGFP1
3192,13:44:55,0.284,1.272,0,0,eGFP1
3193,13:44:56,0.153,0.702,0,0,eGFP1
3194,13:44:57,0.087,0.548,0,0,eGFP1
3195,13:44:57,0.086,0.514,0,0,eGFP1
3196,13:44:58,0.087,0.537,0,0,eGFP1
3197,13:44:58,0.077,0.527,0,0,eGFP1
3198,13:44:59,0.076,0.657,0,0,eGFP1
3199,13:45:00,0.109,0.581,0,0,eGFP1
3200,13:45:00,0.076,0.515,0,0,eGFP1
3201,13:45:01,0.110,0.680,0,0,eGFP1
3202,13:45:01,0.098,0.614,0,0,eGFP1
3203,13:45:02,0.109,0.657,0,0,eGFP1
3204,13:45:03,0.208,1.031,0,0,eGFP1
3205,13:45:04,0.097,0.514,0,0,eGFP1
3206,13:45:04,0.065,0.427,0,0,eGFP1
3207,13:45:05,0.087,0.570,0,0,eGFP1
3208,13:45:06,0.120,1.448,0,0,eGFP1
3209,13:45:07,0.132,0.691,0,0,eGFP1
3210,13:45:07,0.098,0.537,0,0,eGFP1
3211,13:45:08,0.077,0.527,0,0,eGFP1
3212,13:45:08,0.087,0.548,0,0,eGFP1
3213,13:45:09,0.086,0.503,0,0,eGFP1
3214,13:45:09,0.087,0.592,0,0,eGFP1
3215,13:45:10,0.087,0.559,0,0,eGFP1
3216,13:45:11,0.097,0.569,0,0,eGFP1
3217,13:45:11,0.098,0.778,0,0,eGFP1
3218,13:45:12,0.262,1.118,0,0,eGFP1
3219,13:45:13,0.097,0.525,0,0,eGFP1
3220,13:45:14,0.087,0.581,0,0,eGFP1
3221,13:45:14,0.087,0.515,0,0,eGFP1
3222,13:45:15,0.076,0.460,0,0,eGFP1
3223,13:45:15,0.086,0.569,0,0,eGFP1
3224,13:45:16,0.109,0.702,0,0,eGFP1
3225,13:45:17,0.867,1.547,0,0,eGFP1
3226,13:45:18,0.089,0.725,0,0,eGFP1
3227,13:45:25,0.153,6.649,0,0,eGFP1
3228,13:45:26,0.570,1.492,0,0,eGFP1
3229,13:45:28,0.141,1.382,0,0,eGFP1
3230,13:45:29,0.130,1.601,0,0,eGFP1
3231,13:45:31,0.174,1.579,0,0,eGFP1
3232,13:45:33,0.175,1.920,0,0,eGFP1
3233,13:45:35,0.273,2.018,0,0,eGFP1
3234,13:45:36,0.143,0.977,0,0,eGFP1
3235,13:45:37,0.153,0.987,0,0,eGFP1
3236,13:45:38,0.163,0.932,0,0,eGFP1
3237,13:45:39,0.152,0.997,0,0,eGFP1
3238,13:45:39,0.109,0.680,0,0,eGFP1
3239,13:45:40,0.143,0.812,0,0,eGFP1
3240,13:45:41,0.131,0.735,0,0,eGFP1
3241,13:45:41,0.108,0.690,0,0,eGFP1
3242,13:45:42,0.121,0.714,0,0,eGFP1
3243,13:45:43,0.109,0.701,0,0,eGFP1
3244,13:45:44,0.131,0.866,0,0,eGFP1
3245,13:45:44,0.120,0.658,0,0,eGFP1
3246,13:45:45,0.109,0.811,0,0,eGFP1
3247,13:45:46,0.153,0.691,0,0,eGFP1
3248,13:45:47,0.087,0.613,0,0,eGFP1
3249,13:45:47,0.131,0.746,0,0,eGFP1
3250,13:45:48,0.087,0.613,0,0,eGFP1
3251,13:45:49,0.133,0.703,0,0,eGFP1
3252,13:45:50,0.098,1.316,0,0,eGFP1
3253,13:45:51,0.122,0.890,0,0,eGFP1
3254,13:45:52,0.164,0.723,0,0,eGFP1
3255,13:45:52,0.087,0.724,0,0,eGFP1
3256,13:45:53,0.163,0.734,0,0,eGFP1
3257,13:45:54,0.087,0.691,0,0,eGFP1
3258,13:45:54,0.153,0.745,0,0,eGFP1
3259,13:45:55,0.100,0.670,0,0,eGFP1
3260,13:45:56,0.131,0.713,0,0,eGFP1
3261,13:45:57,0.120,0.943,0,0,eGFP1
3262,13:46:00,0.175,3.467,0,0,eGFP1
3263,13:46:01,0.153,0.745,0,0,eGFP1
3264,13:46:02,0.175,0.877,0,0,eGFP1
3265,13:46:03,0.109,0.724,0,0,eGFP1
3266,13:46:03,0.120,0.767,0,0,eGFP1
3267,13:46:04,0.123,0.771,0,0,eGFP1
3268,13:46:05,0.109,0.965,0,0,eGFP1
3269,13:46:06,0.240,1.074,0,0,eGFP1
3270,13:46:07,0.120,0.647,0,0,eGFP1
3271,13:46:08,0.109,1.470,0,0,eGFP1
3272,13:46:09,0.120,0.679,0,0,eGFP1
3273,13:46:10,0.164,1.404,0,0,eGFP1
3274,13:46:11,0.109,0.735,0,0,eGFP1
3275,13:46:12,0.121,0.681,0,0,eGFP1
3276,13:46:12,0.098,0.614,0,0,eGFP1
3277,13:46:13,0.131,0.954,0,0,eGFP1
3278,13:46:14,0.131,0.647,0,0,eGFP1
3279,13:46:15,0.131,1.107,0,0,eGFP1
3280,13:46:16,0.100,0.550,0,0,eGFP1
3281,13:46:17,0.098,0.877,0,0,eGFP1
3282,13:46:17,0.131,0.690,0,0,eGFP1
3283,13:46:18,0.110,0.768,0,0,eGFP1
3284,13:46:19,0.088,0.571,0,0,eGFP1
3285,13:46:19,0.098,0.768,0,0,eGFP1
3286,13:46:20,0.120,0.669,0,0,eGFP1
3287,13:46:21,0.098,0.691,0,0,eGFP1
3288,13:46:21,0.142,0.712,0,0,eGFP1
3289,13:46:22,0.088,0.625,0,0,eGFP1
3290,13:46:23,0.175,0.812,0,0,eGFP1
3291,13:46:23,0.087,0.559,0,0,eGFP1
3292,13:46:24,0.099,0.714,0,0,eGFP1
3293,13:46:25,0.120,0.712,0,0,eGFP1
3294,13:46:25,0.111,0.682,0,0,eGFP1
3295,13:46:26,0.120,0.800,0,0,eGFP1
3296,13:46:27,0.098,0.669,0,0,eGFP1
3297,13:46:28,0.120,0.899,0,0,eGFP1
3298,13:46:29,0.120,0.702,0,0,eGFP1
3299,13:46:30,0.120,1.195,0,0,eGFP1
3300,13:46:31,0.199,1.120,0,0,eGFP1
3301,13:46:32,0.164,0.965,0,0,eGFP1
3302,13:46:33,0.175,0.911,0,0,eGFP1
3303,13:46:34,0.109,0.800,0,0,eGFP1
3304,13:46:34,0.120,0.845,0,0,eGFP1
3305,13:46:35,0.142,0.745,0,0,eGFP1
3306,13:46:36,0.109,0.724,0,0,eGFP1
3307,13:46:37,0.131,0.844,0,0,eGFP1
3308,13:46:39,0.167,1.879,0,0,eGFP1
3309,13:46:39,0.120,0.691,0,0,eGFP1
3310,13:46:40,0.109,0.702,0,0,eGFP1
3311,13:46:41,0.142,0.712,0,0,eGFP1
3312,13:46:42,0.099,0.845,0,0,eGFP1
3313,13:46:42,0.120,0.658,0,0,eGFP1
3314,13:46:43,0.098,0.625,0,0,eGFP1
3315,13:46:44,0.109,0.701,0,0,eGFP1
3316,13:46:44,0.110,0.614,0,0,eGFP1
3317,13:46:45,0.100,0.945,0,0,eGFP1
3318,13:46:46,0.252,0.987,0,0,eGFP1
3319,13:46:47,0.109,0.867,0,0,eGFP1
3320,13:46:48,0.131,0.625,0,0,eGFP1
3321,13:46:49,0.098,1.173,0,0,eGFP1
3322,13:46:49,0.133,0.736,0,0,eGFP1
3323,13:46:50,0.121,0.856,0,0,eGFP1
3324,13:46:51,0.109,0.779,0,0,eGFP1
3325,13:46:52,0.154,0.791,0,0,eGFP1
3326,13:46:53,0.120,0.712,0,0,eGFP1
3327,13:46:54,0.121,1.021,0,0,eGFP1
3328,13:46:54,0.120,0.658,0,0,eGFP1
3329,13:46:55,0.109,0.801,0,0,eGFP1
3330,13:46:56,0.109,0.866,0,0,eGFP1
3331,13:46:57,0.131,0.614,0,0,eGFP1
3332,13:46:58,0.087,1.327,0,0,eGFP1
3333,13:46:59,0.155,0.693,0,0,eGFP1
3334,13:47:00,0.098,1.623,0,0,eGFP1
3335,13:47:01,0.110,0.648,0,0,eGFP1
3336,13:47:02,0.121,0.725,0,0,eGFP1
3337,13:47:02,0.120,0.921,0,0,eGFP1
3338,13:47:03,0.120,0.625,0,0,eGFP1
3339,13:47:04,0.099,0.801,0,0,eGFP1
3340,13:47:05,0.131,0.614,0,0,eGFP1
3341,13:47:06,0.089,1.120,0,0,eGFP1
3342,13:47:06,0.131,0.592,0,0,eGFP1
3343,13:47:07,0.088,0.900,0,0,eGFP1
3344,13:47:08,0.142,0.680,0,0,eGFP1
3345,13:47:09,0.131,1.294,0,0,eGFP1
3346,13:47:10,0.110,0.746,0,0,eGFP1
3347,13:47:11,0.164,0.779,0,0,eGFP1
3348,13:47:11,0.098,0.823,0,0,eGFP1
3349,13:47:12,0.120,0.614,0,0,eGFP1
3350,13:47:13,0.090,0.682,0,0,eGFP1
3351,13:47:13,0.110,0.670,0,0,eGFP1
3352,13:47:14,0.098,0.756,0,0,eGFP1
3353,13:47:15,0.154,0.790,0,0,eGFP1
3354,13:47:16,0.088,0.614,0,0,eGFP1
3355,13:47:17,0.121,0.922,0,0,eGFP1
3356,13:47:17,0.131,0.844,0,0,eGFP1
3357,13:47:18,0.132,0.724,0,0,eGFP1
3358,13:47:19,0.111,0.682,0,0,eGFP1
3359,13:47:20,0.131,0.735,0,0,eGFP1
3360,13:47:20,0.109,0.789,0,0,eGFP1
3361,13:47:21,0.165,0.856,0,0,eGFP1
3362,13:47:22,0.110,0.658,0,0,eGFP1
3363,13:47:23,0.111,0.747,0,0,eGFP1
3364,13:47:27,0.154,4.280,0,0,eGFP1
3365,13:47:28,0.175,0.834,0,0,eGFP1
3366,13:47:29,0.121,0.868,0,0,eGFP1
3367,13:47:29,0.121,0.615,0,0,eGFP1
3368,13:47:30,0.109,0.658,0,0,eGFP1
3369,13:47:30,0.098,0.581,0,0,eGFP1
3370,13:47:31,0.098,0.779,0,0,eGFP1
3371,13:47:32,0.120,0.658,0,0,eGFP1
3372,13:47:33,0.088,0.867,0,0,eGFP1
3373,13:47:33,0.131,0.669,0,0,eGFP1
3374,13:47:34,0.100,0.857,0,0,eGFP1
3375,13:47:35,0.142,0.735,0,0,eGFP1
3376,13:47:36,0.109,0.658,0,0,eGFP1
3377,13:47:36,0.111,0.660,0,0,eGFP1
3378,13:47:37,0.098,0.636,0,0,eGFP1
3379,13:47:38,0.109,0.833,0,0,eGFP1
3380,13:47:39,0.154,1.142,0,0,eGFP1
3381,13:47:39,0.109,0.592,0,0,eGFP1
3382,13:47:40,0.098,0.823,0,0,eGFP1
3383,13:47:41,0.143,0.692,0,0,eGFP1
3384,13:47:42,0.099,0.691,0,0,eGFP1
3385,13:47:42,0.132,0.801,0,0,eGFP1
3386,13:47:43,0.099,0.614,0,0,eGFP1
3387,13:47:44,0.110,0.659,0,0,eGFP1
3388,13:47:44,0.109,0.669,0,0,eGFP1
3389,13:47:45,0.120,0.812,0,0,eGFP1
3390,13:47:46,0.109,0.647,0,0,eGFP1
3391,13:47:47,0.101,0.694,0,0,eGFP1
3392,13:47:47,0.131,0.724,0,0,eGFP1
3393,13:47:48,0.109,0.669,0,0,eGFP1
3394,13:47:49,0.121,0.966,0,0,eGFP1
3395,13:47:50,0.153,0.680,0,0,eGFP1
3396,13:47:52,0.087,2.359,0,0,eGFP1
3397,13:47:53,0.110,0.636,0,0,eGFP1
3398,13:47:53,0.099,0.615,0,0,eGFP1
3399,13:47:54,0.100,0.681,0,0,eGFP1
3400,13:47:55,0.110,0.626,0,0,eGFP1
3401,13:47:55,0.142,0.888,0,0,eGFP1
3402,13:47:56,0.088,0.549,0,0,eGFP1
3403,13:47:57,0.088,0.746,0,0,eGFP1
3404,13:47:57,0.142,0.636,0,0,eGFP1
3405,13:47:58,0.078,0.572,0,0,eGFP1
3406,13:47:59,0.132,0.735,0,0,eGFP1
3407,13:47:59,0.111,0.561,0,0,eGFP1
3408,13:48:00,0.099,0.890,0,0,eGFP1
3409,13:48:01,0.131,0.614,0,0,eGFP1
3410,13:48:02,0.077,0.779,0,0,eGFP1
3411,13:48:02,0.164,0.724,0,0,eGFP1
3412,13:48:03,0.077,0.746,0,0,eGFP1
3413,13:48:04,0.176,0.746,0,0,eGFP1
3414,13:48:04,0.088,0.604,0,0,eGFP1
3415,13:48:05,0.153,0.834,0,0,eGFP1
3416,13:48:06,0.100,0.561,0,0,eGFP1
3417,13:48:07,0.142,0.976,0,0,eGFP1
3418,13:48:07,0.110,0.615,0,0,eGFP1
3419,13:48:08,0.122,0.868,0,0,eGFP1
3420,13:48:09,0.099,0.548,0,0,eGFP1
3421,13:48:11,0.088,1.965,0,0,eGFP1
3422,13:48:11,0.109,0.581,0,0,eGFP1
3423,13:48:13,0.088,1.317,0,0,eGFP1
3424,13:48:13,0.122,0.660,0,0,eGFP1
3425,13:48:14,0.164,1.020,0,0,eGFP1
3426,13:48:15,0.088,0.659,0,0,eGFP1
3427,13:48:16,0.186,0.866,0,0,eGFP1
3428,13:48:16,0.099,0.549,0,0,eGFP1
3429,13:48:17,0.132,0.955,0,0,eGFP1
3430,13:48:18,0.109,0.559,0,0,eGFP1
3431,13:48:19,0.088,1.207,0,0,eGFP1
3432,13:48:20,0.199,1.165,0,0,eGFP1
3433,13:48:21,0.100,0.605,0,0,eGFP1
3434,13:48:22,0.121,0.757,0,0,eGFP1
3435,13:48:22,0.121,0.713,0,0,eGFP1
3436,13:48:23,0.099,0.560,0,0,eGFP1
3437,13:48:24,0.099,0.944,0,0,eGFP1
3438,13:48:24,0.142,0.614,0,0,eGFP1
3439,13:48:25,0.077,0.834,0,0,eGFP1
3440,13:48:26,0.188,0.704,0,0,eGFP1
3441,13:48:28,0.088,2.326,0,0,eGFP1
3442,13:48:29,0.132,0.714,0,0,eGFP1
3443,13:48:30,0.098,0.691,0,0,eGFP1
3444,13:48:31,0.132,0.933,0,0,eGFP1
3445,13:48:31,0.131,0.614,0,0,eGFP1
3446,13:48:32,0.078,0.748,0,0,eGFP1
3447,13:48:33,0.252,0.834,0,0,eGFP1
3448,13:48:33,0.088,0.538,0,0,eGFP1
3449,13:48:34,0.199,0.429,0,0,eGFP1
3450,13:48:35,0.275,1.032,0,0,eGFP1
3451,13:48:36,0.176,0.867,0,0,eGFP1
3452,13:48:37,0.154,0.834,0,0,eGFP1
3453,13:48:37,0.099,0.582,0,0,eGFP1
3454,13:48:38,0.098,0.801,0,0,eGFP1
3455,13:48:39,0.131,0.603,0,0,eGFP1
3456,13:48:39,0.077,0.615,0,0,eGFP1
3457,13:48:40,0.122,0.759,0,0,eGFP1
3458,13:48:40,0.098,0.581,0,0,eGFP1
3459,13:48:41,0.088,0.604,0,0,eGFP1
3460,13:48:42,0.133,0.890,0,0,eGFP1
3461,13:48:42,0.099,0.505,0,0,eGFP1
3462,13:48:44,0.088,1.152,0,0,eGFP1
3463,13:48:44,0.220,0.626,0,0,eGFP1
3464,13:50:03,78.122,79.109,0,0,eGFP1
3465,13:50:05,0.441,1.406,0,0,eGFP1
3466,13:50:06,0.121,0.933,0,0,eGFP1
3467,13:50:06,0.143,0.637,0,0,eGFP1
3468,13:50:07,0.099,0.911,0,0,eGFP1
3469,13:50:08,0.121,0.581,0,0,eGFP1
3470,13:50:09,0.088,0.900,0,0,eGFP1
3471,13:50:09,0.110,0.582,0,0,eGFP1
3472,13:50:10,0.088,0.768,0,0,eGFP1
3473,13:50:11,0.154,0.670,0,0,eGFP1
3474,13:50:12,0.088,0.823,0,0,eGFP1
3475,13:50:12,0.121,0.637,0,0,eGFP1
3476,13:50:13,0.099,0.680,0,0,eGFP1
3477,13:50:14,0.132,0.780,0,0,eGFP1
3478,13:50:14,0.088,0.494,0,0,eGFP1
3479,13:50:15,0.074,0.854,0,0,eGFP1
3480,13:50:16,0.140,0.634,0,0,eGFP1
3481,13:50:16,0.075,0.481,0,0,eGFP1
3482,13:50:17,0.109,0.932,0,0,eGFP1
3483,13:50:18,0.097,0.536,0,0,eGFP1
3484,13:50:18,0.086,0.876,0,0,eGFP1
3485,13:50:19,0.141,0.635,0,0,eGFP1
3486,13:50:20,0.075,0.678,0,0,eGFP1
3487,13:50:21,0.196,0.789,0,0,eGFP1
3488,13:50:21,0.076,0.504,0,0,eGFP1
3489,13:50:22,0.108,0.887,0,0,eGFP1
3490,13:50:22,0.098,0.504,0,0,eGFP1
3491,13:50:24,0.075,1.063,0,0,eGFP1
3492,13:50:24,0.152,0.657,0,0,eGFP1
3493,13:50:25,0.085,0.634,0,0,eGFP1
3494,13:50:26,0.141,0.799,0,0,eGFP1
3495,13:50:26,0.097,0.558,0,0,eGFP1
3496,13:50:27,0.075,0.547,0,0,eGFP1
3497,13:50:28,0.119,0.821,0,0,eGFP1
3498,13:50:28,0.110,0.680,0,0,eGFP1
3499,13:50:29,0.108,0.536,0,0,eGFP1
3500,13:50:29,0.075,0.459,0,0,eGFP1
3501,13:50:30,0.075,1.074,0,0,eGFP1
3502,13:50:31,0.120,0.559,0,0,eGFP1
3503,13:50:32,0.097,0.843,0,0,eGFP1
3504,13:50:32,0.141,0.613,0,0,eGFP1
3505,13:50:33,0.075,0.591,0,0,eGFP1
3506,13:50:34,0.173,0.843,0,0,eGFP1
3507,13:50:34,0.087,0.504,0,0,eGFP1
3508,13:50:35,0.086,0.723,0,0,eGFP1
3509,13:50:36,0.118,0.590,0,0,eGFP1
3510,13:50:36,0.075,0.437,0,0,eGFP1
3511,13:50:37,0.075,0.888,0,0,eGFP1
3512,13:50:38,0.184,0.788,0,0,eGFP1
3513,13:50:38,0.086,0.514,0,0,eGFP1
3514,13:50:39,0.086,0.591,0,0,eGFP1
3515,13:50:40,0.109,0.833,0,0,eGFP1
3516,13:50:40,0.099,0.516,0,0,eGFP1
3517,13:50:41,0.064,0.437,0,0,eGFP1
3518,13:50:41,0.097,0.843,0,0,eGFP1
3519,13:50:42,0.130,0.591,0,0,eGFP1
3520,13:50:42,0.075,0.503,0,0,eGFP1
3521,13:50:43,0.141,0.997,0,0,eGFP1
3522,13:50:44,0.108,0.700,0,0,eGFP1
3523,13:50:45,0.099,0.691,0,0,eGFP1
3524,13:50:46,0.130,0.679,0,0,eGFP1
3525,13:50:51,0.086,5.178,0,0,eGFP1
3526,13:50:52,0.141,0.876,0,0,eGFP1
3527,13:50:53,0.295,0.942,0,0,eGFP1
3528,13:50:53,0.097,0.723,0,0,eGFP1
3529,13:50:54,0.098,0.526,0,0,eGFP1
3530,13:50:54,0.078,0.473,0,0,eGFP1
3531,13:50:55,0.098,0.910,0,0,eGFP1
3532,13:50:56,0.108,0.525,0,0,eGFP1
3533,13:50:56,0.075,0.536,0,0,eGFP1
3534,13:50:57,0.152,0.909,0,0,eGFP1
3535,13:50:58,0.086,0.745,0,0,eGFP1
3536,13:50:59,0.141,0.755,0,0,eGFP1
3537,13:50:59,0.108,0.712,0,0,eGFP1
3538,13:51:00,0.108,0.569,0,0,eGFP1
3539,13:51:01,0.075,0.580,0,0,eGFP1
3540,13:51:01,0.109,0.757,0,0,eGFP1
3541,13:51:02,0.108,0.624,0,0,eGFP1
3542,13:51:03,0.119,0.854,0,0,eGFP1
3543,13:51:03,0.120,0.691,0,0,eGFP1
3544,13:51:04,0.086,0.503,0,0,eGFP1
3545,13:51:05,0.086,0.767,0,0,eGFP1
3546,13:51:05,0.130,0.733,0,0,eGFP1
3547,13:51:06,0.086,0.536,0,0,eGFP1
3548,13:51:07,0.121,0.845,0,0,eGFP1
3549,13:51:07,0.097,0.514,0,0,eGFP1
3550,13:51:08,0.064,0.481,0,0,eGFP1
3551,13:51:09,0.119,0.920,0,0,eGFP1
3552,13:51:09,0.098,0.548,0,0,eGFP1
3553,13:51:11,0.086,1.885,0,0,eGFP1
3554,13:51:12,0.109,0.569,0,0,eGFP1
3555,13:51:13,0.109,0.965,0,0,eGFP1
3556,13:51:13,0.109,0.713,0,0,eGFP1
3557,13:51:14,0.109,0.713,0,0,eGFP1
3558,13:51:15,0.119,0.624,0,0,eGFP1
3559,13:51:15,0.086,0.459,0,0,eGFP1
3560,13:51:16,0.086,0.547,0,0,eGFP1
3561,13:51:17,0.130,0.865,0,0,eGFP1
3562,13:51:17,0.119,0.822,0,0,eGFP1
3563,13:51:18,0.108,0.558,0,0,eGFP1
3564,13:51:19,0.087,0.943,0,0,eGFP1
3565,13:51:20,0.108,0.602,0,0,eGFP1
3566,13:51:20,0.097,0.899,0,0,eGFP1
3567,13:51:21,0.108,0.536,0,0,eGFP1
3568,13:51:22,0.075,0.558,0,0,eGFP1
3569,13:51:22,0.174,0.887,0,0,eGFP1
3570,13:51:23,0.086,0.887,0,0,eGFP1
3571,13:51:24,0.124,0.585,0,0,eGFP1
3572,13:51:25,0.086,0.734,0,0,eGFP1
3573,13:51:25,0.175,0.757,0,0,eGFP1
3574,13:51:26,0.097,0.920,0,0,eGFP1
3575,13:51:27,0.229,0.876,0,0,eGFP1
3576,13:51:28,0.098,0.537,0,0,eGFP1
3577,13:51:29,0.108,1.085,0,0,eGFP1
3578,13:51:30,0.130,0.766,0,0,eGFP1
3579,13:51:30,0.130,0.745,0,0,eGFP1
3580,13:51:31,0.295,0.766,0,0,eGFP1
3581,13:51:32,0.275,0.955,0,0,eGFP1
3582,13:51:33,0.119,0.767,0,0,eGFP1
3583,13:51:33,0.097,0.525,0,0,eGFP1
3584,13:51:34,0.075,0.745,0,0,eGFP1
3585,13:51:35,0.197,0.757,0,0,eGFP1
3586,13:51:35,0.075,0.547,0,0,eGFP1
3587,13:51:36,0.119,0.931,0,0,eGFP1
3588,13:51:37,0.109,0.602,0,0,eGFP1
3589,13:51:38,0.143,1.021,0,0,eGFP1
3590,13:51:38,0.097,0.525,0,0,eGFP1
3591,13:51:39,0.097,0.767,0,0,eGFP1
3592,13:51:40,0.119,0.679,0,0,eGFP1
3593,13:51:41,0.108,0.635,0,0,eGFP1
3594,13:51:41,0.108,0.569,0,0,eGFP1
3595,13:51:42,0.075,0.558,0,0,eGFP1
3596,13:51:42,0.097,0.734,0,0,eGFP1
3597,13:51:43,0.110,0.560,0,0,eGFP1
3598,13:51:44,0.075,0.799,0,0,eGFP1
3599,13:51:45,0.143,0.735,0,0,eGFP1
3600,13:51:45,0.109,0.811,0,0,eGFP1
3601,13:51:46,0.108,0.613,0,0,eGFP1
3602,13:51:47,0.185,0.997,0,0,eGFP1
3603,13:51:47,0.098,0.547,0,0,eGFP1
3604,13:51:48,0.098,0.888,0,0,eGFP1
3605,13:51:49,0.130,0.690,0,0,eGFP1
3606,13:51:50,0.088,0.680,0,0,eGFP1
3607,13:51:51,0.624,1.392,0,0,eGFP1
3608,13:51:52,0.087,0.537,0,0,eGFP1
3609,13:51:52,0.097,0.602,0,0,eGFP1
3610,13:51:53,0.119,0.745,0,0,eGFP1
3611,13:51:54,0.087,0.668,0,0,eGFP1
3612,13:51:54,0.154,0.757,0,0,eGFP1
3613,13:51:55,0.087,0.471,0,0,eGFP1
3614,13:51:56,0.088,0.944,0,0,eGFP1
3615,13:51:57,0.163,0.744,0,0,eGFP1
3616,13:51:57,0.098,0.581,0,0,eGFP1
3617,13:51:58,0.108,0.712,0,0,eGFP1
3618,13:51:58,0.108,0.569,0,0,eGFP1
3619,13:51:59,0.086,0.745,0,0,eGFP1
3620,13:52:00,0.152,0.756,0,0,eGFP1
3621,13:52:00,0.097,0.503,0,0,eGFP1
3622,13:52:01,0.077,0.900,0,0,eGFP1
3623,13:52:02,0.141,0.635,0,0,eGFP1
3624,13:52:02,0.075,0.503,0,0,eGFP1
3625,13:52:03,0.098,0.723,0,0,eGFP1
3626,13:52:04,0.110,0.571,0,0,eGFP1
3627,13:52:04,0.075,0.525,0,0,eGFP1
3628,13:52:05,0.120,0.932,0,0,eGFP1
3629,13:52:06,0.097,0.547,0,0,eGFP1
3630,13:52:07,0.088,0.955,0,0,eGFP1
3631,13:52:08,0.163,0.767,0,0,eGFP1
3632,13:52:08,0.108,0.756,0,0,eGFP1
3633,13:52:09,0.097,0.547,0,0,eGFP1
3634,13:52:09,0.098,0.668,0,0,eGFP1
3635,13:52:10,0.175,0.767,0,0,eGFP1
3636,13:52:11,0.087,0.569,0,0,eGFP1
3637,13:52:12,0.131,0.954,0,0,eGFP1
3638,13:52:12,0.097,0.547,0,0,eGFP1
3639,13:52:13,0.077,0.549,0,0,eGFP1
3640,13:52:14,0.121,0.845,0,0,eGFP1
3641,13:52:14,0.109,0.734,0,0,eGFP1
3642,13:52:15,0.142,0.756,0,0,eGFP1
3643,13:52:16,0.098,0.536,0,0,eGFP1
3644,13:52:17,0.087,0.811,0,0,eGFP1
3645,13:52:17,0.153,0.778,0,0,eGFP1
3646,13:52:18,0.098,0.591,0,0,eGFP1
3647,13:52:19,0.099,0.824,0,0,eGFP1
3648,13:52:19,0.119,0.756,0,0,eGFP1
3649,13:52:20,0.108,0.668,0,0,eGFP1
3650,13:52:21,0.108,0.701,0,0,eGFP1
3651,13:52:22,0.119,0.668,0,0,eGFP1
3652,13:52:22,0.100,0.748,0,0,eGFP1
3653,13:52:23,0.119,0.997,0,0,eGFP1
3654,13:52:24,0.198,1.131,0,0,eGFP1
3655,13:52:26,0.197,1.657,0,0,eGFP1
3656,13:52:27,0.130,0.690,0,0,eGFP1
3657,13:52:28,0.109,0.932,0,0,eGFP1
3658,13:52:28,0.141,0.712,0,0,eGFP1
3659,13:52:29,0.130,0.756,0,0,eGFP1
3660,13:52:30,0.086,0.525,0,0,eGFP1
3661,13:52:30,0.087,0.592,0,0,eGFP1
3662,13:52:31,0.141,0.723,0,0,eGFP1
3663,13:52:32,0.099,0.614,0,0,eGFP1
3664,13:52:32,0.120,0.691,0,0,eGFP1
3665,13:52:33,0.119,0.712,0,0,eGFP1
3666,13:52:34,0.130,0.745,0,0,eGFP1
3667,13:52:35,0.086,0.745,0,0,eGFP1
3668,13:52:35,0.121,0.615,0,0,eGFP1
3669,13:52:36,0.097,0.822,0,0,eGFP1
3670,13:52:37,0.108,0.569,0,0,eGFP1
3671,13:52:37,0.087,0.679,0,0,eGFP1
3672,13:52:38,0.154,0.769,0,0,eGFP1
3673,13:52:39,0.108,0.887,0,0,eGFP1
3674,13:52:41,0.778,2.062,0,0,eGFP1
3675,13:52:42,0.098,0.614,0,0,eGFP1
3676,13:52:42,0.119,0.822,0,0,eGFP1
3677,13:52:43,0.119,0.558,0,0,eGFP1
3678,13:52:43,0.076,0.570,0,0,eGFP1
3679,13:52:44,0.163,0.876,0,0,eGFP1
3680,13:52:45,0.088,0.484,0,0,eGFP1
3681,13:52:45,0.075,0.591,0,0,eGFP1
3682,13:52:46,0.143,0.790,0,0,eGFP1
3683,13:52:47,0.087,0.515,0,0,eGFP1
3684,13:52:47,0.087,0.690,0,0,eGFP1
3685,13:52:48,0.131,0.723,0,0,eGFP1
3686,13:52:49,0.098,0.581,0,0,eGFP1
3687,13:52:50,0.131,0.800,0,0,eGFP1
3688,13:52:50,0.088,0.527,0,0,eGFP1
3689,13:52:51,0.087,0.570,0,0,eGFP1
3690,13:52:51,0.163,0.833,0,0,eGFP1
3691,13:52:52,0.086,0.481,0,0,eGFP1
3692,13:52:53,0.076,0.778,0,0,eGFP1
3693,13:52:53,0.175,0.680,0,0,eGFP1
3694,13:52:54,0.076,0.438,0,0,eGFP1
3695,13:52:55,0.088,0.944,0,0,eGFP1
3696,13:52:55,0.121,0.593,0,0,eGFP1
3697,13:52:56,0.087,0.635,0,0,eGFP1
3698,13:52:57,0.131,0.790,0,0,eGFP1
3699,13:52:57,0.119,0.668,0,0,eGFP1
3700,13:52:58,0.109,0.789,0,0,eGFP1
3701,13:52:59,0.098,0.581,0,0,eGFP1
3702,13:53:00,0.097,0.942,0,0,eGFP1
3703,13:53:00,0.131,0.625,0,0,eGFP1
3704,13:53:01,0.087,0.602,0,0,eGFP1
3705,13:53:02,0.143,0.879,0,0,eGFP1
3706,13:53:02,0.097,0.503,0,0,eGFP1
3707,13:53:03,0.076,1.031,0,0,eGFP1
3708,13:53:04,0.131,0.657,0,0,eGFP1
3709,13:53:05,0.121,0.900,0,0,eGFP1
3710,13:53:06,0.109,0.603,0,0,eGFP1
3711,13:53:06,0.109,0.833,0,0,eGFP1
3712,13:53:07,0.120,0.592,0,0,eGFP1
3713,13:53:08,0.091,0.815,0,0,eGFP1
3714,13:53:08,0.153,0.668,0,0,eGFP1
3715,13:53:09,0.087,0.888,0,0,eGFP1
3716,13:53:10,0.131,0.669,0,0,eGFP1
3717,13:53:11,0.086,0.536,0,0,eGFP1
3718,13:53:12,0.087,0.943,0,0,eGFP1
3719,13:53:12,0.131,0.614,0,0,eGFP1
3720,13:53:13,0.098,0.734,0,0,eGFP1
3721,13:53:14,0.165,0.835,0,0,eGFP1
3722,13:53:14,0.086,0.525,0,0,eGFP1
3723,13:53:15,0.089,0.813,0,0,eGFP1
3724,13:53:16,0.174,0.767,0,0,eGFP1
3725,13:53:16,0.098,0.592,0,0,eGFP1
3726,13:53:17,0.119,0.943,0,0,eGFP1
3727,13:53:18,0.119,0.613,0,0,eGFP1
3728,13:53:19,0.087,0.570,0,0,eGFP1
3729,13:53:19,0.109,0.756,0,0,eGFP1
3730,13:53:20,0.141,0.777,0,0,eGFP1
3731,13:53:21,0.098,0.603,0,0,eGFP1
3732,13:53:21,0.109,0.800,0,0,eGFP1
3733,13:53:22,0.120,0.669,0,0,eGFP1
3734,13:53:25,0.130,2.896,0,0,eGFP1
3735,13:53:26,0.142,0.734,0,0,eGFP1
3736,13:53:26,0.153,0.735,0,0,eGFP1
3737,13:53:27,0.099,0.560,0,0,eGFP1
3738,13:53:28,0.099,0.637,0,0,eGFP1
3739,13:53:28,0.108,0.624,0,0,eGFP1
3740,13:53:29,0.087,0.559,0,0,eGFP1
3741,13:53:30,0.131,0.800,0,0,eGFP1
3742,13:53:30,0.109,0.735,0,0,eGFP1
3743,13:53:31,0.120,0.591,0,0,eGFP1
3744,13:53:32,0.098,0.845,0,0,eGFP1
3745,13:53:33,0.152,0.723,0,0,eGFP1
3746,13:53:33,0.099,0.506,0,0,eGFP1
3747,13:53:34,0.076,0.547,0,0,eGFP1
3748,13:53:35,0.131,0.899,0,0,eGFP1
3749,13:53:35,0.142,0.933,0,0,eGFP1
3750,13:53:36,0.174,0.943,0,0,eGFP1
3751,13:53:37,0.099,0.626,0,0,eGFP1
3752,13:53:38,0.131,0.866,0,0,eGFP1
3753,13:53:39,0.109,0.646,0,0,eGFP1
3754,13:53:39,0.122,0.857,0,0,eGFP1
3755,13:53:40,0.109,0.581,0,0,eGFP1
3756,13:53:41,0.076,0.614,0,0,eGFP1
3757,13:53:41,0.142,0.844,0,0,eGFP1
3758,13:53:42,0.120,0.592,0,0,eGFP1
3759,13:53:43,0.076,0.570,0,0,eGFP1
3760,13:53:45,0.175,2.819,0,0,eGFP1
3761,13:53:46,0.131,0.702,0,0,eGFP1
3762,13:53:47,0.153,0.976,0,0,eGFP1
3763,13:53:48,0.143,0.725,0,0,eGFP1
3764,13:53:48,0.109,0.647,0,0,eGFP1
3765,13:53:49,0.110,0.626,0,0,eGFP1
3766,13:53:50,0.087,0.613,0,0,eGFP1
3767,13:53:51,0.153,0.856,0,0,eGFP1
3768,13:53:51,0.109,0.679,0,0,eGFP1
3769,13:53:52,0.098,0.625,0,0,eGFP1
3770,13:53:53,0.120,0.746,0,0,eGFP1
3771,13:53:53,0.121,0.648,0,0,eGFP1
3772,13:53:54,0.098,0.778,0,0,eGFP1
3773,13:53:55,0.241,0.878,0,0,eGFP1
3774,13:53:55,0.079,0.518,0,0,eGFP1
3775,13:53:56,0.109,1.020,0,0,eGFP1
3776,13:53:57,0.120,0.602,0,0,eGFP1
3777,13:53:58,0.077,0.537,0,0,eGFP1
3778,13:53:59,0.155,1.077,0,0,eGFP1
3779,13:53:59,0.099,0.560,0,0,eGFP1
3780,13:54:00,0.109,0.987,0,0,eGFP1
3781,13:54:01,0.131,0.614,0,0,eGFP1
3782,13:54:01,0.087,0.537,0,0,eGFP1
3783,13:54:02,0.131,0.932,0,0,eGFP1
3784,13:54:03,0.098,0.526,0,0,eGFP1
3785,13:54:03,0.087,0.592,0,0,eGFP1
3786,13:54:04,0.164,0.878,0,0,eGFP1
3787,13:54:05,0.088,0.494,0,0,eGFP1
3788,13:54:05,0.065,0.603,0,0,eGFP1
3789,13:54:06,0.197,0.976,0,0,eGFP1
3790,13:54:07,0.087,0.504,0,0,eGFP1
3791,13:54:07,0.087,0.614,0,0,eGFP1
3792,13:54:08,0.166,0.813,0,0,eGFP1
3793,13:54:09,0.087,0.537,0,0,eGFP1
3794,13:54:10,0.109,0.724,0,0,eGFP1
3795,13:54:10,0.120,0.713,0,0,eGFP1
3796,13:54:11,0.121,0.681,0,0,eGFP1
3797,13:54:12,0.109,0.603,0,0,eGFP1
3798,13:54:12,0.098,0.647,0,0,eGFP1
3799,13:54:13,0.131,0.833,0,0,eGFP1
3800,13:54:14,0.109,0.581,0,0,eGFP1
3801,13:54:14,0.076,0.493,0,0,eGFP1
3802,13:54:15,0.099,0.933,0,0,eGFP1
3803,13:54:16,0.142,0.625,0,0,eGFP1
3804,13:54:16,0.066,0.593,0,0,eGFP1
3805,13:54:17,0.208,0.932,0,0,eGFP1
3806,13:54:18,0.100,0.528,0,0,eGFP1
3807,13:54:19,0.087,0.855,0,0,eGFP1
3808,13:54:19,0.132,0.603,0,0,eGFP1
3809,13:54:20,0.088,1.020,0,0,eGFP1
3810,13:54:21,0.143,0.636,0,0,eGFP1
3811,13:54:22,0.088,0.735,0,0,eGFP1
3812,13:54:22,0.166,0.769,0,0,eGFP1
3813,13:54:23,0.088,0.735,0,0,eGFP1
3814,13:54:24,0.175,0.790,0,0,eGFP1
3815,13:54:24,0.099,0.603,0,0,eGFP1
3816,13:54:25,0.110,1.031,0,0,eGFP1
3817,13:54:26,0.132,0.593,0,0,eGFP1
3818,13:54:27,0.076,0.504,0,0,eGFP1
3819,13:54:27,0.109,0.866,0,0,eGFP1
3820,13:54:28,0.112,0.573,0,0,eGFP1
3821,13:54:29,0.077,0.592,0,0,eGFP1
3822,13:54:29,0.121,0.812,0,0,eGFP1
3823,13:54:30,0.131,0.768,0,0,eGFP1
3824,13:54:31,0.087,0.570,0,0,eGFP1
3825,13:54:31,0.109,0.658,0,0,eGFP1
3826,13:54:32,0.109,0.647,0,0,eGFP1
3827,13:54:33,0.109,0.603,0,0,eGFP1
3828,13:54:34,0.087,0.834,0,0,eGFP1
3829,13:54:35,0.198,1.350,0,0,eGFP1
3830,13:54:36,0.143,0.669,0,0,eGFP1
3831,13:54:36,0.121,0.779,0,0,eGFP1
3832,13:54:37,0.142,0.757,0,0,eGFP1
3833,13:54:38,0.109,0.625,0,0,eGFP1
3834,13:54:38,0.089,0.572,0,0,eGFP1
3835,13:54:40,0.153,1.349,0,0,eGFP1
3836,13:54:40,0.164,0.680,0,0,eGFP1
3837,13:54:41,0.078,0.747,0,0,eGFP1
3838,13:54:42,0.186,0.790,0,0,eGFP1
3839,13:54:42,0.087,0.526,0,0,eGFP1
3840,13:54:43,0.099,0.922,0,0,eGFP1
3841,13:54:44,0.109,0.548,0,0,eGFP1
3842,13:54:44,0.076,0.537,0,0,eGFP1
3843,13:54:45,0.132,0.955,0,0,eGFP1
3844,13:54:46,0.087,0.515,0,0,eGFP1
3845,13:54:47,0.100,0.978,0,0,eGFP1
3846,13:54:47,0.142,0.636,0,0,eGFP1
3847,13:54:48,0.087,0.515,0,0,eGFP1
3848,13:54:49,0.100,0.879,0,0,eGFP1
3849,13:54:49,0.121,0.560,0,0,eGFP1
3850,13:54:50,0.076,0.592,0,0,eGFP1
3851,13:54:51,0.175,0.899,0,0,eGFP1
3852,13:54:51,0.088,0.560,0,0,eGFP1
3853,13:54:52,0.100,1.021,0,0,eGFP1
3854,13:54:53,0.143,0.713,0,0,eGFP1
3855,13:54:54,0.110,0.845,0,0,eGFP1
3856,13:54:55,0.142,0.724,0,0,eGFP1
3857,13:54:55,0.110,0.680,0,0,eGFP1
3858,13:54:56,0.121,0.790,0,0,eGFP1
3859,13:54:57,0.109,0.570,0,0,eGFP1
3860,13:54:58,0.088,0.812,0,0,eGFP1
3861,13:54:58,0.208,0.867,0,0,eGFP1
3862,13:54:59,0.088,0.790,0,0,eGFP1
3863,13:55:00,0.142,0.625,0,0,eGFP1
3864,13:55:00,0.077,0.516,0,0,eGFP1
3865,13:55:01,0.098,0.943,0,0,eGFP1
3866,13:55:02,0.131,0.636,0,0,eGFP1
3867,13:55:03,0.077,0.549,0,0,eGFP1
3868,13:55:04,0.131,1.031,0,0,eGFP1
3869,13:55:04,0.120,0.735,0,0,eGFP1
3870,13:55:05,0.133,0.846,0,0,eGFP1
3871,13:55:06,0.109,0.592,0,0,eGFP1
3872,13:55:06,0.088,0.483,0,0,eGFP1
3873,13:55:07,0.088,0.878,0,0,eGFP1
3874,13:55:08,0.120,0.779,0,0,eGFP1
3875,13:55:09,0.121,0.835,0,0,eGFP1
3876,13:55:09,0.131,0.669,0,0,eGFP1
3877,13:55:10,0.098,0.669,0,0,eGFP1
3878,13:55:11,0.155,0.824,0,0,eGFP1
3879,13:55:11,0.099,0.538,0,0,eGFP1
3880,13:55:12,0.098,0.691,0,0,eGFP1
3881,13:55:13,0.142,0.801,0,0,eGFP1
3882,13:55:14,0.109,0.614,0,0,eGFP1
3883,13:55:14,0.088,0.593,0,0,eGFP1
3884,13:55:15,0.109,0.767,0,0,eGFP1
3885,13:55:16,0.143,0.757,0,0,eGFP1
3886,13:55:16,0.100,0.627,0,0,eGFP1
3887,13:55:17,0.121,0.757,0,0,eGFP1
3888,13:55:18,0.132,0.801,0,0,eGFP1
3889,13:55:19,0.177,0.824,0,0,eGFP1
3890,13:55:31,0.922,12.148,0,0,eGFP1
3891,13:55:34,0.757,3.084,0,0,eGFP1
3892,13:55:35,0.164,0.801,0,0,eGFP1
3893,13:55:36,0.153,1.305,0,0,eGFP1
3894,13:55:37,0.110,0.582,0,0,eGFP1
3895,13:55:37,0.111,0.879,0,0,eGFP1
3896,13:55:39,0.592,1.295,0,0,eGFP1
3897,13:55:40,0.120,0.823,0,0,eGFP1
3898,13:55:40,0.153,0.680,0,0,eGFP1
3899,13:55:41,0.077,0.592,0,0,eGFP1
3900,13:55:42,0.165,1.021,0,0,eGFP1
3901,13:55:43,0.131,0.702,0,0,eGFP1
3902,13:55:43,0.099,0.647,0,0,eGFP1
3903,13:55:44,0.113,0.782,0,0,eGFP1
3904,13:55:45,0.110,0.549,0,0,eGFP1
3905,13:55:45,0.087,0.570,0,0,eGFP1
3906,13:55:46,0.121,0.768,0,0,eGFP1
3907,13:55:46,0.110,0.560,0,0,eGFP1
3908,13:55:47,0.076,0.625,0,0,eGFP1
3909,13:55:48,0.154,0.856,0,0,eGFP1
3910,13:55:49,0.099,0.746,0,0,eGFP1
3911,13:55:49,0.199,0.846,0,0,eGFP1
3912,13:55:50,0.099,0.790,0,0,eGFP1
3913,13:55:51,0.165,0.801,0,0,eGFP1
3914,13:55:52,0.110,0.648,0,0,eGFP1
3915,13:55:52,0.098,0.603,0,0,eGFP1
3916,13:55:53,0.121,1.119,0,0,eGFP1
3917,13:55:56,1.900,2.624,0,0,eGFP1
3918,13:55:57,0.099,0.736,0,0,eGFP1
3919,13:55:58,0.122,0.736,0,0,eGFP1
3920,13:55:58,0.099,0.549,0,0,eGFP1
3921,13:55:59,0.088,0.592,0,0,eGFP1
3922,13:55:59,0.099,0.736,0,0,eGFP1
3923,13:56:00,0.109,0.559,0,0,eGFP1
3924,13:56:00,0.077,0.450,0,0,eGFP1
3925,13:56:01,0.088,0.648,0,0,eGFP1
3926,13:56:02,0.131,0.801,0,0,eGFP1
3927,13:56:02,0.098,0.548,0,0,eGFP1
3928,13:56:03,0.100,0.627,0,0,eGFP1
3929,13:56:04,0.132,0.867,0,0,eGFP1
3930,13:56:04,0.099,0.560,0,0,eGFP1
3931,13:56:05,0.089,0.703,0,0,eGFP1
3932,13:56:06,0.143,0.681,0,0,eGFP1
3933,13:56:07,0.088,0.680,0,0,eGFP1
3934,13:56:07,0.154,0.757,0,0,eGFP1
3935,13:56:08,0.099,0.593,0,0,eGFP1
3936,13:56:09,0.100,0.638,0,0,eGFP1
3937,13:56:09,0.099,0.714,0,0,eGFP1
3938,13:56:11,0.219,1.393,0,0,eGFP1
3939,13:56:11,0.121,0.670,0,0,eGFP1
3940,13:56:12,0.088,0.658,0,0,eGFP1
3941,13:56:13,0.154,0.758,0,0,eGFP1
3942,13:56:13,0.087,0.548,0,0,eGFP1
3943,13:56:14,0.099,0.823,0,0,eGFP1
3944,13:56:15,0.122,0.594,0,0,eGFP1
3945,13:56:15,0.065,0.438,0,0,eGFP1
3946,13:56:16,0.077,0.856,0,0,eGFP1
3947,13:56:17,0.121,0.626,0,0,eGFP1
3948,13:56:17,0.077,0.472,0,0,eGFP1
3949,13:56:18,0.077,0.570,0,0,eGFP1
3950,13:56:19,0.132,0.845,0,0,eGFP1
3951,13:56:19,0.121,0.769,0,0,eGFP1
3952,13:56:20,0.100,0.506,0,0,eGFP1
3953,13:56:20,0.077,0.505,0,0,eGFP1
3954,13:56:21,0.109,1.042,0,0,eGFP1
3955,13:56:22,0.143,0.747,0,0,eGFP1
3956,13:56:23,0.098,0.526,0,0,eGFP1
3957,13:56:23,0.077,0.483,0,0,eGFP1
3958,13:56:24,0.101,0.759,0,0,eGFP1
3959,13:56:25,0.132,0.757,0,0,eGFP1
3960,13:56:25,0.132,0.703,0,0,eGFP1
3961,13:56:26,0.111,0.813,0,0,eGFP1
3962,13:56:27,0.132,0.637,0,0,eGFP1
3963,13:56:27,0.077,0.483,0,0,eGFP1
3964,13:56:28,0.077,0.900,0,0,eGFP1
3965,13:56:29,0.142,0.658,0,0,eGFP1
3966,13:56:30,0.088,0.790,0,0,eGFP1
3967,13:56:30,0.132,0.670,0,0,eGFP1
3968,13:56:31,0.110,0.702,0,0,eGFP1
3969,13:56:32,0.112,0.704,0,0,eGFP1
3970,13:56:32,0.099,0.758,0,0,eGFP1
3971,13:56:33,0.140,0.656,0,0,eGFP1
3972,13:56:34,0.098,0.833,0,0,eGFP1
3973,13:56:35,0.152,0.668,0,0,eGFP1
3974,13:56:35,0.086,0.470,0,0,eGFP1
3975,13:56:36,0.075,0.722,0,0,eGFP1
3976,13:56:37,0.152,0.767,0,0,eGFP1
3977,13:56:37,0.120,0.800,0,0,eGFP1
3978,13:56:38,0.110,0.659,0,0,eGFP1
3979,13:56:39,0.152,0.953,0,0,eGFP1
3980,13:56:40,0.108,0.612,0,0,eGFP1
3981,13:56:40,0.097,0.789,0,0,eGFP1
3982,13:56:41,0.108,0.601,0,0,eGFP1
3983,13:56:42,0.130,0.855,0,0,eGFP1
3984,13:56:42,0.096,0.535,0,0,eGFP1
3985,13:56:43,0.075,0.701,0,0,eGFP1
3986,13:56:44,0.185,0.909,0,0,eGFP1
3987,13:56:45,0.130,0.744,0,0,eGFP1
3988,13:56:45,0.097,0.624,0,0,eGFP1
3989,13:56:46,0.119,0.832,0,0,eGFP1
3990,13:56:47,0.108,0.591,0,0,eGFP1
3991,13:56:47,0.086,0.755,0,0,eGFP1
3992,13:56:48,0.130,0.712,0,0,eGFP1
3993,13:56:49,0.119,0.733,0,0,eGFP1
3994,13:56:50,0.110,0.647,0,0,eGFP1
3995,13:56:50,0.119,0.898,0,0,eGFP1
3996,13:56:51,0.130,0.591,0,0,eGFP1
3997,13:56:52,0.097,0.624,0,0,eGFP1
3998,13:56:53,0.163,0.876,0,0,eGFP1
3999,13:56:53,0.119,0.744,0,0,eGFP1
4000,13:56:54,0.099,0.636,0,0,eGFP1
4001,13:56:55,0.097,0.646,0,0,eGFP1
4002,13:56:55,0.098,0.581,0,0,eGFP1
4003,13:56:56,0.086,0.492,0,0,eGFP1
4004,13:56:57,0.086,0.844,0,0,eGFP1
4005,13:56:57,0.162,0.799,0,0,eGFP1
4006,13:56:58,0.086,0.591,0,0,eGFP1
4007,13:56:59,0.097,0.777,0,0,eGFP1
4008,13:56:59,0.108,0.690,0,0,eGFP1
4009,13:57:00,0.097,0.612,0,0,eGFP1
4010,13:57:01,0.110,0.735,0,0,eGFP1
4011,13:57:02,0.119,0.942,0,0,eGFP1
4012,13:57:04,0.163,2.051,0,0,eGFP1
4013,13:57:04,0.173,0.711,0,0,eGFP1
4014,13:57:05,0.120,0.944,0,0,eGFP1
4015,13:57:06,0.108,0.557,0,0,eGFP1
4016,13:57:06,0.076,0.504,0,0,eGFP1
4017,13:57:07,0.108,0.876,0,0,eGFP1
4018,13:57:08,0.119,0.591,0,0,eGFP1
4019,13:57:09,0.087,0.669,0,0,eGFP1
4020,13:57:09,0.119,0.679,0,0,eGFP1
4021,13:57:10,0.086,0.514,0,0,eGFP1
4022,13:57:11,0.097,0.766,0,0,eGFP1
4023,13:57:11,0.097,0.514,0,0,eGFP1
4024,13:57:12,0.075,0.580,0,0,eGFP1
4025,13:57:12,0.141,0.876,0,0,eGFP1
4026,13:57:13,0.108,0.558,0,0,eGFP1
4027,13:57:14,0.088,0.658,0,0,eGFP1
4028,13:57:14,0.110,0.582,0,0,eGFP1
4029,13:57:15,0.075,0.448,0,0,eGFP1
4030,13:57:16,0.097,0.942,0,0,eGFP1
4031,13:57:16,0.130,0.613,0,0,eGFP1
4032,13:57:17,0.075,0.547,0,0,eGFP1
4033,13:57:18,0.108,0.898,0,0,eGFP1
4034,13:57:18,0.130,0.646,0,0,eGFP1
4035,13:57:19,0.087,0.504,0,0,eGFP1
4036,13:57:20,0.086,0.679,0,0,eGFP1
4037,13:57:20,0.185,0.865,0,0,eGFP1
4038,13:57:21,0.108,0.635,0,0,eGFP1
4039,13:57:22,0.097,0.624,0,0,eGFP1
4040,13:57:22,0.119,0.701,0,0,eGFP1
4041,13:57:23,0.109,0.603,0,0,eGFP1
4042,13:57:24,0.108,0.800,0,0,eGFP1
4043,13:57:24,0.131,0.614,0,0,eGFP1
4044,13:57:25,0.086,0.514,0,0,eGFP1
4045,13:57:26,0.097,0.843,0,0,eGFP1
4046,13:57:27,0.163,0.778,0,0,eGFP1
4047,13:57:27,0.086,0.547,0,0,eGFP1
4048,13:57:28,0.130,0.997,0,0,eGFP1
4049,13:57:29,0.119,0.624,0,0,eGFP1
4050,13:57:30,0.097,0.799,0,0,eGFP1
4051,13:57:30,0.108,0.547,0,0,eGFP1
4052,13:57:31,0.088,0.560,0,0,eGFP1
4053,13:57:32,0.119,0.931,0,0,eGFP1
4054,13:57:32,0.119,0.657,0,0,eGFP1
4055,13:57:33,0.098,0.834,0,0,eGFP1
4056,13:57:34,0.152,0.689,0,0,eGFP1
4057,13:57:35,0.098,0.800,0,0,eGFP1
4058,13:57:35,0.119,0.613,0,0,eGFP1
4059,13:57:36,0.075,0.514,0,0,eGFP1
4060,13:57:37,0.111,0.945,0,0,eGFP1
4061,13:57:37,0.108,0.591,0,0,eGFP1
4062,13:57:38,0.075,0.580,0,0,eGFP1
4063,13:57:39,0.163,0.909,0,0,eGFP1
4064,13:57:39,0.097,0.701,0,0,eGFP1
4065,13:57:40,0.141,0.700,0,0,eGFP1
4066,13:57:41,0.109,0.756,0,0,eGFP1
4067,13:57:41,0.108,0.558,0,0,eGFP1
4068,13:57:42,0.088,0.670,0,0,eGFP1
4069,13:57:43,0.164,0.855,0,0,eGFP1
4070,13:57:44,0.119,0.646,0,0,eGFP1
4071,13:57:44,0.108,0.745,0,0,eGFP1
4072,13:57:45,0.130,0.745,0,0,eGFP1
4073,13:57:46,0.097,0.591,0,0,eGFP1
4074,13:57:46,0.086,0.503,0,0,eGFP1
4075,13:58:09,0.097,22.803,0,0,eGFP1
4076,13:58:10,0.142,0.713,0,0,eGFP1
4077,13:58:11,0.108,0.843,0,0,eGFP1
4078,13:58:11,0.108,0.558,0,0,eGFP1
4079,13:58:12,0.087,0.844,0,0,eGFP1
4080,13:58:13,0.141,0.668,0,0,eGFP1
4081,13:58:13,0.086,0.766,0,0,eGFP1
4082,13:58:14,0.142,0.657,0,0,eGFP1
4083,13:58:15,0.088,0.604,0,0,eGFP1
4084,13:58:15,0.119,0.789,0,0,eGFP1
4085,13:58:16,0.109,0.581,0,0,eGFP1
4086,13:58:17,0.075,0.558,0,0,eGFP1
4087,13:58:17,0.108,0.789,0,0,eGFP1
4088,13:58:18,0.130,0.657,0,0,eGFP1
4089,13:58:19,0.097,0.745,0,0,eGFP1
4090,13:58:19,0.119,0.613,0,0,eGFP1
4091,13:58:20,0.086,0.514,0,0,eGFP1
4092,13:58:20,0.086,0.569,0,0,eGFP1
4093,13:58:21,0.099,0.801,0,0,eGFP1
4094,13:58:22,0.109,0.526,0,0,eGFP1
4095,13:58:22,0.075,0.492,0,0,eGFP1
4096,13:58:23,0.086,0.646,0,0,eGFP1
4097,13:58:24,0.121,0.625,0,0,eGFP1
4098,13:58:24,0.087,0.504,0,0,eGFP1
4099,13:58:25,0.086,0.613,0,0,eGFP1
4100,13:58:25,0.141,0.712,0,0,eGFP1
4101,13:58:26,0.088,0.505,0,0,eGFP1
4102,13:58:26,0.086,0.569,0,0,eGFP1
4103,13:58:27,0.141,0.800,0,0,eGFP1
4104,13:58:28,0.119,0.744,0,0,eGFP1
4105,13:58:29,0.109,0.613,0,0,eGFP1
4106,13:58:29,0.087,0.460,0,0,eGFP1
4107,13:58:30,0.075,0.580,0,0,eGFP1
4108,13:58:30,0.131,0.800,0,0,eGFP1
4109,13:58:31,0.088,0.494,0,0,eGFP1
4110,13:58:31,0.075,0.503,0,0,eGFP1
4111,13:58:32,0.110,0.867,0,0,eGFP1
4112,13:58:33,0.108,0.624,0,0,eGFP1
4113,13:58:33,0.098,0.548,0,0,eGFP1
4114,13:58:34,0.086,0.602,0,0,eGFP1
4115,13:58:35,0.130,0.821,0,0,eGFP1
4116,13:58:35,0.098,0.537,0,0,eGFP1
4117,13:58:36,0.097,0.657,0,0,eGFP1
4118,13:58:37,0.121,0.680,0,0,eGFP1
4119,13:58:37,0.098,0.581,0,0,eGFP1
4120,13:58:38,0.097,0.865,0,0,eGFP1
4121,13:58:39,0.120,0.592,0,0,eGFP1
4122,13:58:39,0.086,0.514,0,0,eGFP1
4123,13:58:40,0.086,0.778,0,0,eGFP1
4124,13:58:41,0.110,0.560,0,0,eGFP1
4125,13:58:41,0.086,0.558,0,0,eGFP1
4126,13:58:42,0.132,0.911,0,0,eGFP1
4127,13:58:43,0.108,0.580,0,0,eGFP1
4128,13:58:43,0.076,0.493,0,0,eGFP1
4129,13:58:44,0.086,0.679,0,0,eGFP1
4130,13:58:45,0.119,0.745,0,0,eGFP1
4131,13:58:45,0.097,0.569,0,0,eGFP1
4132,13:58:46,0.087,0.537,0,0,eGFP1
4133,13:58:47,0.108,0.865,0,0,eGFP1
4134,13:58:47,0.143,0.703,0,0,eGFP1
4135,13:58:48,0.086,0.558,0,0,eGFP1
4136,13:58:49,0.108,0.910,0,0,eGFP1
4137,13:58:49,0.119,0.580,0,0,eGFP1
4138,13:58:50,0.088,0.538,0,0,eGFP1
4139,13:58:51,0.119,0.778,0,0,eGFP1
4140,13:58:51,0.130,0.778,0,0,eGFP1
4141,13:58:52,0.108,0.635,0,0,eGFP1
4142,13:58:53,0.132,0.922,0,0,eGFP1
4143,13:58:54,0.120,0.603,0,0,eGFP1
4144,13:58:54,0.086,0.514,0,0,eGFP1
4145,13:58:55,0.098,0.844,0,0,eGFP1
4146,13:58:56,0.119,0.569,0,0,eGFP1
4147,13:58:56,0.087,0.767,0,0,eGFP1
4148,13:58:57,0.197,0.921,0,0,eGFP1
4149,13:58:58,0.108,0.723,0,0,eGFP1
4150,13:58:59,0.141,0.767,0,0,eGFP1
4151,13:58:59,0.099,0.604,0,0,eGFP1
4152,13:59:00,0.131,0.834,0,0,eGFP1
4153,13:59:01,0.119,0.701,0,0,eGFP1
4154,13:59:01,0.097,0.591,0,0,eGFP1
4155,13:59:02,0.120,0.866,0,0,eGFP1
4156,13:59:06,0.153,4.158,0,0,eGFP1
4157,13:59:07,0.120,0.690,0,0,eGFP1
4158,13:59:08,0.153,0.866,0,0,eGFP1
4159,13:59:09,0.110,0.681,0,0,eGFP1
4160,13:59:09,0.086,0.569,0,0,eGFP1
4161,13:59:10,0.120,0.734,0,0,eGFP1
4162,13:59:11,0.120,0.668,0,0,eGFP1
4163,13:59:11,0.109,0.603,0,0,eGFP1
4164,13:59:12,0.075,0.514,0,0,eGFP1
4165,13:59:12,0.087,0.559,0,0,eGFP1
4166,13:59:13,0.099,0.670,0,0,eGFP1
4167,13:59:14,0.098,0.537,0,0,eGFP1
4168,13:59:14,0.076,0.493,0,0,eGFP1
4169,13:59:15,0.087,0.614,0,0,eGFP1
4170,13:59:15,0.108,0.734,0,0,eGFP1
4171,13:59:16,0.119,0.624,0,0,eGFP1
4172,13:59:17,0.109,0.800,0,0,eGFP1
4173,13:59:17,0.120,0.592,0,0,eGFP1
4174,13:59:18,0.075,0.492,0,0,eGFP1
4175,13:59:18,0.077,0.560,0,0,eGFP1
4176,13:59:19,0.098,0.745,0,0,eGFP1
4177,13:59:20,0.120,0.811,0,0,eGFP1
4178,13:59:21,0.120,0.647,0,0,eGFP1
4179,13:59:21,0.086,0.569,0,0,eGFP1
4180,13:59:22,0.132,0.856,0,0,eGFP1
4181,13:59:23,0.087,0.548,0,0,eGFP1
4182,13:59:24,0.098,0.932,0,0,eGFP1
4183,13:59:24,0.130,0.712,0,0,eGFP1
4184,13:59:25,0.121,0.725,0,0,eGFP1
4185,13:59:26,0.108,0.635,0,0,eGFP1
4186,13:59:26,0.109,0.767,0,0,eGFP1
4187,13:59:27,0.109,0.669,0,0,eGFP1
4188,13:59:28,0.141,0.876,0,0,eGFP1
4189,13:59:29,0.109,0.636,0,0,eGFP1
4190,13:59:29,0.120,0.712,0,0,eGFP1
4191,13:59:30,0.131,0.679,0,0,eGFP1
4192,13:59:31,0.100,0.714,0,0,eGFP1
4193,13:59:31,0.109,0.636,0,0,eGFP1
4194,13:59:32,0.110,0.647,0,0,eGFP1
4195,13:59:33,0.098,0.548,0,0,eGFP1
4196,13:59:33,0.098,0.767,0,0,eGFP1
4197,13:59:34,0.186,0.866,0,0,eGFP1
4198,13:59:35,0.098,0.668,0,0,eGFP1
4199,13:59:35,0.131,0.647,0,0,eGFP1
4200,13:59:36,0.088,0.527,0,0,eGFP1
4201,13:59:37,0.098,0.954,0,0,eGFP1
4202,13:59:38,0.119,0.624,0,0,eGFP1
4203,13:59:38,0.098,0.789,0,0,eGFP1
4204,13:59:39,0.164,0.768,0,0,eGFP1
4205,13:59:40,0.097,0.690,0,0,eGFP1
4206,13:59:41,0.109,0.767,0,0,eGFP1
4207,13:59:41,0.143,0.889,0,0,eGFP1
4208,13:59:42,0.143,0.791,0,0,eGFP1
4209,13:59:43,0.131,0.723,0,0,eGFP1
4210,13:59:44,0.120,0.932,0,0,eGFP1
4211,13:59:45,0.109,0.625,0,0,eGFP1
4212,13:59:45,0.097,0.745,0,0,eGFP1
4213,13:59:46,0.153,0.943,0,0,eGFP1
4214,13:59:47,0.141,0.767,0,0,eGFP1
4215,13:59:48,0.131,0.756,0,0,eGFP1
4216,13:59:49,0.131,0.822,0,0,eGFP1
4217,13:59:49,0.154,0.824,0,0,eGFP1
4218,13:59:50,0.098,0.547,0,0,eGFP1
4219,13:59:51,0.098,0.746,0,0,eGFP1
4220,13:59:52,0.163,0.921,0,0,eGFP1
4221,13:59:52,0.110,0.746,0,0,eGFP1
4222,13:59:53,0.142,0.669,0,0,eGFP1
4223,13:59:54,0.109,0.669,0,0,eGFP1
4224,13:59:54,0.119,0.679,0,0,eGFP1
4225,13:59:55,0.088,0.626,0,0,eGFP1
4226,13:59:56,0.120,0.789,0,0,eGFP1
4227,13:59:57,0.142,0.877,0,0,eGFP1
4228,13:59:57,0.142,0.778,0,0,eGFP1
4229,13:59:58,0.120,0.779,0,0,eGFP1
4230,13:59:59,0.152,0.833,0,0,eGFP1
4231,14:00:00,0.120,0.932,0,0,eGFP1
4232,14:00:01,0.163,0.888,0,0,eGFP1
4233,14:00:02,0.132,0.779,0,0,eGFP1
4234,14:00:02,0.120,0.713,0,0,eGFP1
4235,14:00:03,0.110,0.714,0,0,eGFP1
4236,14:00:04,0.131,0.855,0,0,eGFP1
4237,14:00:05,0.120,0.592,0,0,eGFP1
4238,14:00:05,0.087,0.569,0,0,eGFP1
4239,14:00:06,0.142,0.965,0,0,eGFP1
4240,14:00:07,0.142,0.724,0,0,eGFP1
4241,14:00:08,0.109,0.734,0,0,eGFP1
4242,14:00:08,0.111,0.846,0,0,eGFP1
4243,14:00:09,0.131,0.779,0,0,eGFP1
4244,14:00:10,0.142,0.844,0,0,eGFP1
4245,14:00:11,0.142,0.756,0,0,eGFP1
4246,14:00:11,0.109,0.691,0,0,eGFP1
4247,14:00:12,0.109,0.636,0,0,eGFP1
4248,14:00:13,0.098,0.668,0,0,eGFP1
4249,14:00:14,0.133,0.802,0,0,eGFP1
4250,14:00:14,0.110,0.692,0,0,eGFP1
4251,14:00:15,0.131,0.932,0,0,eGFP1
4252,14:00:16,0.142,0.844,0,0,eGFP1
4253,14:00:17,0.153,0.823,0,0,eGFP1
4254,14:00:18,0.098,0.778,0,0,eGFP1
4255,14:00:18,0.120,0.702,0,0,eGFP1
4256,14:00:19,0.120,0.789,0,0,eGFP1
4257,14:00:20,0.131,0.812,0,0,eGFP1
4258,14:00:21,0.121,0.878,0,0,eGFP1
4259,14:00:22,0.142,0.735,0,0,eGFP1
4260,14:00:22,0.098,0.668,0,0,eGFP1
4261,14:00:23,0.120,0.757,0,0,eGFP1
4262,14:00:24,0.120,0.713,0,0,eGFP1
4263,14:00:24,0.113,0.739,0,0,eGFP1
4264,14:00:25,0.120,0.734,0,0,eGFP1
4265,14:00:26,0.120,0.735,0,0,eGFP1
4266,14:00:27,0.132,0.834,0,0,eGFP1
4267,14:00:27,0.110,0.625,0,0,eGFP1
4268,14:00:28,0.098,0.867,0,0,eGFP1
4269,14:00:29,0.174,0.899,0,0,eGFP1
4270,14:00:30,0.120,0.811,0,0,eGFP1
4271,14:00:31,0.120,0.625,0,0,eGFP1
4272,14:00:31,0.087,0.844,0,0,eGFP1
4273,14:00:32,0.153,0.724,0,0,eGFP1
4274,14:00:33,0.098,0.581,0,0,eGFP1
4275,14:00:33,0.089,0.725,0,0,eGFP1
4276,14:00:34,0.120,0.724,0,0,eGFP1
4277,14:00:35,0.099,0.692,0,0,eGFP1
4278,14:00:36,0.120,0.778,0,0,eGFP1
4279,14:00:37,0.131,1.042,0,0,eGFP1
4280,14:00:37,0.175,0.856,0,0,eGFP1
4281,14:00:38,0.087,0.559,0,0,eGFP1
4282,14:00:39,0.098,0.603,0,0,eGFP1
4283,14:00:39,0.099,0.714,0,0,eGFP1
4284,14:00:40,0.120,0.625,0,0,eGFP1
4285,14:00:41,0.098,0.811,0,0,eGFP1
4286,14:00:42,0.131,0.855,0,0,eGFP1
4287,14:00:42,0.143,0.801,0,0,eGFP1
4288,14:00:43,0.109,0.647,0,0,eGFP1
4289,14:00:44,0.120,0.855,0,0,eGFP1
4290,14:00:45,0.133,0.791,0,0,eGFP1
4291,14:00:46,0.155,0.901,0,0,eGFP1
4292,14:00:46,0.120,0.614,0,0,eGFP1
4293,14:00:47,0.087,0.680,0,0,eGFP1
4294,14:00:48,0.131,0.767,0,0,eGFP1
4295,14:00:49,0.131,0.845,0,0,eGFP1
4296,14:00:49,0.175,0.712,0,0,eGFP1
4297,14:00:54,1.042,4.378,0,0,eGFP1
4298,14:00:55,0.285,1.031,0,0,eGFP1
4299,14:00:56,0.144,0.901,0,0,eGFP1
4300,14:00:56,0.120,0.658,0,0,eGFP1
4301,14:00:57,0.098,0.702,0,0,eGFP1
4302,14:00:58,0.120,0.658,0,0,eGFP1
4303,14:00:58,0.098,0.702,0,0,eGFP1
4304,14:00:59,0.122,0.671,0,0,eGFP1
4305,14:01:00,0.087,0.625,0,0,eGFP1
4306,14:01:00,0.098,0.668,0,0,eGFP1
4307,14:01:01,0.154,0.801,0,0,eGFP1
4308,14:01:02,0.078,0.484,0,0,eGFP1
4309,14:01:02,0.076,0.647,0,0,eGFP1
4310,14:01:03,0.197,0.822,0,0,eGFP1
4311,14:01:04,0.088,0.505,0,0,eGFP1
4312,14:01:04,0.087,0.636,0,0,eGFP1
4313,14:01:05,0.120,0.735,0,0,eGFP1
4314,14:01:06,0.120,0.833,0,0,eGFP1
4315,14:01:06,0.109,0.603,0,0,eGFP1
4316,14:01:07,0.078,0.484,0,0,eGFP1
4317,14:01:08,0.087,0.866,0,0,eGFP1
4318,14:01:08,0.133,0.737,0,0,eGFP1
4319,14:01:09,0.109,0.669,0,0,eGFP1
4320,14:01:10,0.109,0.734,0,0,eGFP1
4321,14:01:10,0.121,0.680,0,0,eGFP1
4322,14:01:11,0.088,0.626,0,0,eGFP1
4323,14:01:12,0.109,0.789,0,0,eGFP1
4324,14:01:13,0.122,0.682,0,0,eGFP1
4325,14:01:13,0.098,0.833,0,0,eGFP1
4326,14:01:14,0.208,0.900,0,0,eGFP1
4327,14:03:55,0.175,161.131,0,0,eGFP1
4328,14:03:57,0.197,1.953,0,0,eGFP1
4329,14:03:58,0.164,0.910,0,0,eGFP1
4330,14:03:59,0.165,0.900,0,0,eGFP1
4331,14:04:00,0.186,1.108,0,0,eGFP1
4332,14:04:01,0.134,0.694,0,0,eGFP1
4333,14:04:02,0.120,0.844,0,0,eGFP1
4334,14:04:03,0.142,0.669,0,0,eGFP1
4335,14:04:03,0.088,0.647,0,0,eGFP1
4336,14:04:04,0.143,0.757,0,0,eGFP1
4337,14:04:05,0.099,0.592,0,0,eGFP1
4338,14:04:05,0.099,0.593,0,0,eGFP1
4339,14:04:06,0.098,0.636,0,0,eGFP1
4340,14:04:06,0.109,0.636,0,0,eGFP1
4341,14:04:07,0.111,0.714,0,0,eGFP1
4342,14:04:08,0.110,0.603,0,0,eGFP1
4343,14:04:08,0.099,0.648,0,0,eGFP1
4344,14:04:09,0.099,0.625,0,0,eGFP1
4345,14:04:10,0.099,0.593,0,0,eGFP1
4346,14:04:10,0.088,0.527,0,0,eGFP1
4347,14:04:11,0.088,0.604,0,0,eGFP1
4348,14:04:12,0.120,0.811,0,0,eGFP1
4349,14:04:12,0.100,0.660,0,0,eGFP1
4350,14:04:13,0.098,0.559,0,0,eGFP1
4351,14:04:13,0.077,0.625,0,0,eGFP1
4352,14:04:16,0.143,2.217,0,0,eGFP1
4353,14:04:16,0.087,0.592,0,0,eGFP1
4354,14:04:17,0.154,0.933,0,0,eGFP1
4355,14:04:18,0.098,0.570,0,0,eGFP1
4356,14:04:18,0.099,0.801,0,0,eGFP1
4357,14:04:19,0.122,0.572,0,0,eGFP1
4358,14:04:20,0.076,0.526,0,0,eGFP1
4359,14:04:20,0.110,0.669,0,0,eGFP1
4360,14:04:21,0.111,0.704,0,0,eGFP1
4361,14:04:22,0.109,0.669,0,0,eGFP1
4362,14:04:22,0.098,0.625,0,0,eGFP1
4363,14:04:23,0.099,0.570,0,0,eGFP1
4364,14:04:23,0.088,0.626,0,0,eGFP1
4365,14:04:24,0.111,0.648,0,0,eGFP1
4366,14:04:25,0.099,0.571,0,0,eGFP1
4367,14:04:25,0.087,0.669,0,0,eGFP1
4368,14:04:26,0.098,0.625,0,0,eGFP1
4369,14:04:27,0.110,0.746,0,0,eGFP1
4370,14:04:27,0.132,0.713,0,0,eGFP1
4371,14:04:28,0.088,0.505,0,0,eGFP1
4372,14:04:29,0.087,0.636,0,0,eGFP1
4373,14:04:29,0.122,0.704,0,0,eGFP1
4374,14:04:30,0.143,0.659,0,0,eGFP1
4375,14:04:32,0.801,1.734,0,0,eGFP1
4376,14:04:32,0.098,0.603,0,0,eGFP1
4377,14:04:33,0.154,0.845,0,0,eGFP1
4378,14:04:34,0.077,0.450,0,0,eGFP1
4379,14:04:34,0.076,0.592,0,0,eGFP1
4380,14:04:35,0.241,0.878,0,0,eGFP1
4381,14:04:36,0.077,0.548,0,0,eGFP1
4382,14:04:36,0.155,0.880,0,0,eGFP1
4383,14:04:37,0.109,0.614,0,0,eGFP1
4384,14:04:38,0.109,0.713,0,0,eGFP1
4385,14:04:38,0.124,0.629,0,0,eGFP1
4386,14:04:39,0.109,0.647,0,0,eGFP1
4387,14:04:40,0.111,0.605,0,0,eGFP1
4388,14:04:40,0.110,0.691,0,0,eGFP1
4389,14:04:41,0.110,0.615,0,0,eGFP1
4390,14:04:42,0.089,0.593,0,0,eGFP1
4391,14:04:42,0.099,0.725,0,0,eGFP1
4392,14:04:43,0.120,0.592,0,0,eGFP1
4393,14:04:43,0.077,0.571,0,0,eGFP1
4394,14:04:44,0.120,0.724,0,0,eGFP1
4395,14:04:45,0.109,0.746,0,0,eGFP1
4396,14:04:45,0.109,0.548,0,0,eGFP1
4397,14:04:46,0.077,0.472,0,0,eGFP1
4398,14:04:47,0.089,0.627,0,0,eGFP1
4399,14:04:49,0.153,2.447,0,0,eGFP1
4400,14:04:50,0.121,0.647,0,0,eGFP1
4401,14:04:50,0.100,0.594,0,0,eGFP1
4402,14:04:51,0.099,0.527,0,0,eGFP1
4403,14:04:51,0.088,0.548,0,0,eGFP1
4404,14:04:52,0.099,0.615,0,0,eGFP1
4405,14:04:52,0.088,0.516,0,0,eGFP1
4406,14:04:53,0.087,0.504,0,0,eGFP1
4407,14:04:53,0.078,0.441,0,0,eGFP1
4408,14:04:54,0.076,0.471,0,0,eGFP1
4409,14:04:54,0.077,0.549,0,0,eGFP1
4410,14:04:55,0.110,0.669,0,0,eGFP1
4411,14:04:56,0.110,0.626,0,0,eGFP1
4412,14:04:56,0.087,0.526,0,0,eGFP1
4413,14:04:57,0.088,0.604,0,0,eGFP1
4414,14:04:57,0.110,0.636,0,0,eGFP1
4415,14:04:58,0.091,0.596,0,0,eGFP1
4416,14:04:59,0.109,0.581,0,0,eGFP1
4417,14:04:59,0.088,0.516,0,0,eGFP1
4418,14:05:00,0.077,0.538,0,0,eGFP1
4419,14:05:00,0.098,0.735,0,0,eGFP1
4420,14:05:01,0.110,0.636,0,0,eGFP1
4421,14:05:02,0.099,0.527,0,0,eGFP1
4422,14:05:02,0.077,0.571,0,0,eGFP1
4423,14:05:03,0.122,0.769,0,0,eGFP1
4424,14:05:03,0.099,0.527,0,0,eGFP1
4425,14:05:04,0.077,0.549,0,0,eGFP1
4426,14:05:05,0.110,0.856,0,0,eGFP1
4427,14:05:05,0.110,0.615,0,0,eGFP1
4428,14:05:06,0.099,0.625,0,0,eGFP1
4429,14:05:07,0.100,0.704,0,0,eGFP1
4430,14:05:08,0.132,0.757,0,0,eGFP1
4431,14:05:08,0.111,0.638,0,0,eGFP1
4432,14:05:09,0.099,0.549,0,0,eGFP1
4433,14:05:10,0.088,0.823,0,0,eGFP1
4434,14:05:10,0.175,0.867,0,0,eGFP1
4435,14:05:11,0.132,0.889,0,0,eGFP1
4436,14:05:14,1.898,2.491,0,0,eGFP1
4437,14:05:14,0.088,0.538,0,0,eGFP1
4438,14:05:15,0.087,0.526,0,0,eGFP1
4439,14:05:16,0.088,0.615,0,0,eGFP1
4440,14:05:16,0.100,0.627,0,0,eGFP1
4441,14:05:17,0.110,0.735,0,0,eGFP1
4442,14:05:17,0.110,0.604,0,0,eGFP1
4443,14:05:18,0.100,0.583,0,0,eGFP1
4444,14:05:19,0.088,0.570,0,0,eGFP1
4445,14:05:19,0.110,0.769,0,0,eGFP1
4446,14:05:20,0.109,0.636,0,0,eGFP1
4447,14:05:21,0.121,0.681,0,0,eGFP1
4448,14:05:21,0.100,0.703,0,0,eGFP1
4449,14:05:22,0.099,0.549,0,0,eGFP1
4450,14:05:23,0.088,0.703,0,0,eGFP1
4451,14:05:23,0.131,0.625,0,0,eGFP1
4452,14:05:24,0.077,0.527,0,0,eGFP1
4453,14:05:24,0.099,0.670,0,0,eGFP1
4454,14:05:25,0.098,0.548,0,0,eGFP1
4455,14:05:26,0.088,0.604,0,0,eGFP1
4456,14:05:26,0.105,0.698,0,0,eGFP1
4457,14:05:27,0.088,0.615,0,0,eGFP1
4458,14:05:28,0.142,0.812,0,0,eGFP1
4459,14:05:28,0.099,0.560,0,0,eGFP1
4460,14:05:29,0.077,0.472,0,0,eGFP1
4461,14:05:30,0.077,0.702,0,0,eGFP1
4462,14:05:30,0.121,0.659,0,0,eGFP1
4463,14:05:31,0.118,0.919,0,0,eGFP1
4464,14:05:32,0.109,0.548,0,0,eGFP1
4465,14:05:32,0.097,0.744,0,0,eGFP1
4466,14:05:33,0.119,0.646,0,0,eGFP1
4467,14:05:34,0.097,0.624,0,0,eGFP1
4468,14:05:34,0.097,0.656,0,0,eGFP1
4469,14:05:35,0.086,0.525,0,0,eGFP1
4470,14:05:35,0.077,0.581,0,0,eGFP1
4471,14:05:36,0.108,0.701,0,0,eGFP1
4472,14:05:37,0.108,0.634,0,0,eGFP1
4473,14:05:37,0.121,0.669,0,0,eGFP1
4474,14:05:38,0.097,0.690,0,0,eGFP1
4475,14:05:39,0.130,0.700,0,0,eGFP1
4476,14:05:40,0.119,0.931,0,0,eGFP1
4477,14:05:40,0.130,0.690,0,0,eGFP1
4478,14:05:41,0.108,0.843,0,0,eGFP1
4479,14:05:42,0.119,0.602,0,0,eGFP1
4480,14:05:42,0.086,0.579,0,0,eGFP1
4481,14:05:43,0.121,0.823,0,0,eGFP1
4482,14:05:44,0.119,0.733,0,0,eGFP1
4483,14:05:45,0.141,0.866,0,0,eGFP1
4484,14:05:46,0.153,1.064,0,0,eGFP1
4485,14:05:47,0.206,1.051,0,0,eGFP1
4486,14:05:48,0.152,0.931,0,0,eGFP1
4487,14:05:49,0.119,0.613,0,0,eGFP1
4488,14:05:49,0.086,0.668,0,0,eGFP1
4489,14:05:50,0.120,0.647,0,0,eGFP1
4490,14:05:50,0.097,0.645,0,0,eGFP1
4491,14:05:51,0.097,0.668,0,0,eGFP1
4492,14:05:52,0.119,0.810,0,0,eGFP1
4493,14:05:53,0.141,0.767,0,0,eGFP1
4494,14:05:54,0.108,0.777,0,0,eGFP1
4495,14:05:54,0.130,0.711,0,0,eGFP1
4496,14:05:55,0.108,0.602,0,0,eGFP1
4497,14:06:07,0.086,12.443,0,0,eGFP1
4498,14:06:08,0.130,0.832,0,0,eGFP1
4499,14:06:09,0.196,0.822,0,0,eGFP1
4500,14:06:10,0.108,0.645,0,0,eGFP1
4501,14:06:10,0.119,0.734,0,0,eGFP1
4502,14:06:11,0.119,0.624,0,0,eGFP1
4503,14:06:12,0.086,0.656,0,0,eGFP1
4504,14:06:12,0.141,0.701,0,0,eGFP1
4505,14:06:13,0.086,0.558,0,0,eGFP1
4506,14:06:14,0.109,0.713,0,0,eGFP1
4507,14:06:14,0.120,0.591,0,0,eGFP1
4508,14:06:15,0.087,0.460,0,0,eGFP1
4509,14:06:15,0.075,0.766,0,0,eGFP1
4510,14:06:16,0.152,0.756,0,0,eGFP1
4511,14:06:18,0.119,1.962,0,0,eGFP1
4512,14:06:19,0.230,0.801,0,0,eGFP1
4513,14:06:19,0.075,0.503,0,0,eGFP1
4514,14:06:20,0.109,0.768,0,0,eGFP1
4515,14:06:21,0.108,0.569,0,0,eGFP1
4516,14:06:21,0.086,0.711,0,0,eGFP1
4517,14:06:22,0.130,0.624,0,0,eGFP1
4518,14:06:23,0.086,0.558,0,0,eGFP1
4519,14:06:23,0.097,0.580,0,0,eGFP1
4520,14:06:24,0.086,0.470,0,0,eGFP1
4521,14:06:24,0.076,0.624,0,0,eGFP1
4522,14:06:25,0.121,0.636,0,0,eGFP1
4523,14:06:25,0.087,0.525,0,0,eGFP1
4524,14:06:26,0.087,0.580,0,0,eGFP1
4525,14:06:27,0.109,0.646,0,0,eGFP1
4526,14:06:27,0.088,0.560,0,0,eGFP1
4527,14:06:28,0.108,0.580,0,0,eGFP1
4528,14:06:28,0.075,0.437,0,0,eGFP1
4529,14:06:29,0.075,0.646,0,0,eGFP1
4530,14:06:30,0.174,0.777,0,0,eGFP1
4531,14:06:30,0.077,0.571,0,0,eGFP1
4532,14:06:31,0.119,0.788,0,0,eGFP1
4533,14:06:32,0.108,0.558,0,0,eGFP1
4534,14:06:32,0.064,0.415,0,0,eGFP1
4535,14:06:33,0.087,0.679,0,0,eGFP1
4536,14:06:33,0.108,0.591,0,0,eGFP1
4537,14:06:34,0.086,0.547,0,0,eGFP1
4538,14:06:34,0.097,0.547,0,0,eGFP1
4539,14:06:35,0.078,0.451,0,0,eGFP1
4540,14:06:35,0.087,0.668,0,0,eGFP1
4541,14:06:36,0.130,0.646,0,0,eGFP1
4542,14:06:37,0.086,0.679,0,0,eGFP1
4543,14:06:38,0.130,0.701,0,0,eGFP1
4544,14:06:38,0.108,0.635,0,0,eGFP1
4545,14:06:39,0.097,0.634,0,0,eGFP1
4546,14:06:40,0.120,0.734,0,0,eGFP1
4547,14:06:40,0.110,0.647,0,0,eGFP1
4548,14:06:41,0.111,0.649,0,0,eGFP1
4549,14:06:42,0.108,0.733,0,0,eGFP1
4550,14:06:42,0.108,0.635,0,0,eGFP1
4551,14:06:43,0.097,0.756,0,0,eGFP1
4552,14:06:44,0.152,0.788,0,0,eGFP1
4553,14:06:44,0.110,0.615,0,0,eGFP1
4554,14:06:45,0.097,0.646,0,0,eGFP1
4555,14:06:46,0.120,0.779,0,0,eGFP1
4556,14:06:47,0.141,0.887,0,0,eGFP1
4557,14:06:47,0.097,0.624,0,0,eGFP1
4558,14:06:48,0.119,0.756,0,0,eGFP1
4559,14:06:49,0.097,0.547,0,0,eGFP1
4560,14:06:49,0.086,0.492,0,0,eGFP1
4561,14:06:50,0.086,0.591,0,0,eGFP1
4562,14:06:50,0.097,0.602,0,0,eGFP1
4563,14:06:51,0.097,0.547,0,0,eGFP1
4564,14:06:51,0.077,0.527,0,0,eGFP1
4565,14:06:52,0.097,0.756,0,0,eGFP1
4566,14:06:53,0.119,0.668,0,0,eGFP1
4567,14:06:53,0.109,0.724,0,0,eGFP1
4568,14:06:54,0.119,0.711,0,0,eGFP1
4569,14:06:55,0.120,0.723,0,0,eGFP1
4570,14:06:56,0.119,0.756,0,0,eGFP1
4571,14:06:56,0.130,0.745,0,0,eGFP1
4572,14:06:57,0.142,0.790,0,0,eGFP1
4573,14:06:58,0.119,0.679,0,0,eGFP1
4574,14:06:59,0.119,0.733,0,0,eGFP1
4575,14:06:59,0.131,0.789,0,0,eGFP1
4576,14:07:00,0.141,0.800,0,0,eGFP1
4577,14:07:01,0.119,0.788,0,0,eGFP1
4578,14:07:02,0.131,0.756,0,0,eGFP1
4579,14:07:02,0.119,0.690,0,0,eGFP1
4580,14:07:03,0.110,0.625,0,0,eGFP1
4581,14:07:04,0.088,0.582,0,0,eGFP1
4582,14:07:04,0.108,0.778,0,0,eGFP1
4583,14:07:05,0.174,0.777,0,0,eGFP1
4584,14:07:19,3.862,14.133,0,0,eGFP1
4585,14:07:20,0.164,1.041,0,0,eGFP1
4586,14:07:21,0.109,0.745,0,0,eGFP1
4587,14:07:22,0.196,0.899,0,0,eGFP1
4588,14:07:24,0.098,1.481,0,0,eGFP1
4589,14:07:24,0.119,0.921,0,0,eGFP1
4590,14:07:25,0.130,0.646,0,0,eGFP1
4591,14:07:26,0.086,0.854,0,0,eGFP1
4592,14:07:27,0.130,0.624,0,0,eGFP1
4593,14:07:27,0.098,0.877,0,0,eGFP1
4594,14:07:28,0.108,0.558,0,0,eGFP1
4595,14:07:29,0.099,1.021,0,0,eGFP1
4596,14:07:30,0.108,0.777,0,0,eGFP1
4597,14:07:31,0.099,1.142,0,0,eGFP1
4598,14:07:32,0.141,0.767,0,0,eGFP1
4599,14:07:32,0.119,0.690,0,0,eGFP1
4600,14:07:33,0.097,0.591,0,0,eGFP1
4601,14:07:34,0.130,0.865,0,0,eGFP1
4602,14:07:34,0.098,0.559,0,0,eGFP1
4603,14:07:35,0.108,0.887,0,0,eGFP1
4604,14:07:36,0.098,0.559,0,0,eGFP1
4605,14:07:37,0.087,0.823,0,0,eGFP1
4606,14:07:38,0.130,0.887,0,0,eGFP1
4607,14:07:39,0.229,0.964,0,0,eGFP1
4608,14:07:39,0.087,0.767,0,0,eGFP1
4609,14:07:40,0.154,0.659,0,0,eGFP1
4610,14:07:41,0.086,0.789,0,0,eGFP1
4611,14:07:41,0.141,0.624,0,0,eGFP1
4612,14:07:47,0.075,6.067,0,0,eGFP1
4613,14:07:48,0.132,0.670,0,0,eGFP1
4614,14:07:49,0.097,0.843,0,0,eGFP1
4615,14:07:50,0.120,0.570,0,0,eGFP1
4616,14:07:57,0.086,7.351,0,0,eGFP1
4617,14:07:58,0.811,1.579,0,0,eGFP1
4618,14:07:59,0.119,0.679,0,0,eGFP1
4619,14:08:00,0.108,0.844,0,0,eGFP1
4620,14:08:01,0.130,0.788,0,0,eGFP1
4621,14:08:01,0.099,0.604,0,0,eGFP1
4622,14:08:02,0.143,0.911,0,0,eGFP1
4623,14:08:03,0.098,0.536,0,0,eGFP1
4624,14:08:04,0.131,0.877,0,0,eGFP1
4625,14:08:05,0.087,1.272,0,0,eGFP1
4626,14:08:06,0.174,0.855,0,0,eGFP1
4627,14:08:07,0.185,0.843,0,0,eGFP1
4628,14:08:08,0.098,0.855,0,0,eGFP1
4629,14:08:08,0.122,0.594,0,0,eGFP1
4630,14:08:09,0.077,0.911,0,0,eGFP1
4631,14:08:10,0.130,0.668,0,0,eGFP1
4632,14:08:11,0.153,1.052,0,0,eGFP1
4633,14:08:12,0.098,0.855,0,0,eGFP1
4634,14:08:12,0.131,0.668,0,0,eGFP1
4635,14:08:13,0.153,0.888,0,0,eGFP1
4636,14:08:14,0.088,0.746,0,0,eGFP1
4637,14:08:15,0.142,0.789,0,0,eGFP1
4638,14:08:15,0.088,0.549,0,0,eGFP1
4639,14:08:16,0.109,0.888,0,0,eGFP1
4640,14:08:17,0.086,0.569,0,0,eGFP1
4641,14:08:18,0.142,1.020,0,0,eGFP1
4642,14:08:19,0.097,0.832,0,0,eGFP1
4643,14:08:19,0.263,0.899,0,0,eGFP1
4644,14:08:20,0.087,0.570,0,0,eGFP1
4645,14:08:21,0.163,0.909,0,0,eGFP1
4646,14:08:22,0.088,0.637,0,0,eGFP1
4647,14:08:22,0.174,0.943,0,0,eGFP1
4648,14:08:23,0.086,0.843,0,0,eGFP1
4649,14:08:24,0.427,1.031,0,0,eGFP1
4650,14:08:25,0.110,0.933,0,0,eGFP1
4651,14:08:26,0.108,0.646,0,0,eGFP1
4652,14:08:27,0.196,0.954,0,0,eGFP1
4653,14:08:28,0.108,0.822,0,0,eGFP1
4654,14:08:28,0.120,0.746,0,0,eGFP1
4655,14:08:29,0.163,0.844,0,0,eGFP1
4656,14:08:30,0.097,1.129,0,0,eGFP1
4657,14:08:31,0.164,0.668,0,0,eGFP1
4658,14:08:32,0.087,0.680,0,0,eGFP1
4659,14:08:32,0.141,0.690,0,0,eGFP1
4660,14:08:33,0.097,0.811,0,0,eGFP1
4661,14:08:34,0.108,0.547,0,0,eGFP1
4662,14:08:35,0.098,0.844,0,0,eGFP1
4663,14:08:35,0.110,0.582,0,0,eGFP1
4664,14:08:36,0.099,0.889,0,0,eGFP1
4665,14:08:37,0.120,0.614,0,0,eGFP1
4666,14:08:38,0.086,0.822,0,0,eGFP1
4667,14:08:38,0.119,0.569,0,0,eGFP1
4668,14:09:07,0.098,28.927,0,0,eGFP1
4669,14:09:08,0.163,0.833,0,0,eGFP1
4670,14:09:09,0.196,0.986,0,0,eGFP1
4671,14:09:10,0.099,0.780,0,0,eGFP1
4672,14:09:11,0.262,0.920,0,0,eGFP1
4673,14:09:11,0.120,0.756,0,0,eGFP1
4674,14:09:12,0.098,0.713,0,0,eGFP1
4675,14:09:13,0.119,0.800,0,0,eGFP1
4676,14:09:14,0.130,0.778,0,0,eGFP1
4677,14:09:14,0.108,0.723,0,0,eGFP1
4678,14:09:15,0.143,0.801,0,0,eGFP1
4679,14:09:16,0.121,0.725,0,0,eGFP1
4680,14:09:16,0.098,0.526,0,0,eGFP1
4681,14:09:17,0.086,0.646,0,0,eGFP1
4682,14:09:18,0.131,0.734,0,0,eGFP1
4683,14:09:18,0.109,0.526,0,0,eGFP1
4684,14:09:19,0.076,0.559,0,0,eGFP1
4685,14:09:20,0.152,0.855,0,0,eGFP1
4686,14:09:20,0.086,0.602,0,0,eGFP1
4687,14:09:21,0.132,0.747,0,0,eGFP1
4688,14:09:22,0.108,0.745,0,0,eGFP1
4689,14:09:22,0.120,0.581,0,0,eGFP1
4690,14:09:23,0.086,0.679,0,0,eGFP1
4691,14:09:24,0.120,0.548,0,0,eGFP1
4692,14:09:24,0.066,0.757,0,0,eGFP1
4693,14:09:25,0.317,0.910,0,0,eGFP1
4694,14:09:26,0.087,0.646,0,0,eGFP1
4695,14:09:27,0.120,0.713,0,0,eGFP1
4696,14:09:27,0.077,0.483,0,0,eGFP1
4697,14:09:28,0.076,0.559,0,0,eGFP1
4698,14:09:29,0.207,0.844,0,0,eGFP1
4699,14:09:29,0.086,0.580,0,0,eGFP1
4700,14:09:30,0.120,0.702,0,0,eGFP1
4701,14:09:30,0.097,0.624,0,0,eGFP1
4702,14:09:31,0.120,0.724,0,0,eGFP1
4703,14:09:32,0.097,0.569,0,0,eGFP1
4704,14:09:32,0.099,0.659,0,0,eGFP1
4705,14:09:33,0.088,0.648,0,0,eGFP1
4706,14:09:34,0.120,0.800,0,0,eGFP1
4707,14:09:35,0.120,0.647,0,0,eGFP1
4708,14:09:35,0.086,0.690,0,0,eGFP1
4709,14:09:36,0.109,0.570,0,0,eGFP1
4710,14:09:36,0.076,0.657,0,0,eGFP1
4711,14:09:37,0.109,0.691,0,0,eGFP1
4712,14:09:38,0.088,0.538,0,0,eGFP1
4713,14:09:38,0.098,0.844,0,0,eGFP1
4714,14:09:39,0.175,0.745,0,0,eGFP1
4715,14:09:40,0.087,0.493,0,0,eGFP1
4716,14:09:41,0.109,0.910,0,0,eGFP1
4717,14:09:41,0.109,0.570,0,0,eGFP1
4718,14:09:42,0.109,0.701,0,0,eGFP1
4719,14:09:43,0.110,0.593,0,0,eGFP1
4720,14:09:43,0.078,0.517,0,0,eGFP1
4721,14:09:44,0.097,0.613,0,0,eGFP1
4722,14:09:44,0.098,0.570,0,0,eGFP1
4723,14:09:45,0.087,0.460,0,0,eGFP1
4724,14:09:45,0.076,0.548,0,0,eGFP1
4725,14:09:46,0.131,0.910,0,0,eGFP1
4726,14:09:47,0.131,0.756,0,0,eGFP1
4727,14:09:47,0.098,0.482,0,0,eGFP1
4728,14:09:48,0.065,0.493,0,0,eGFP1
4729,14:09:49,0.133,0.967,0,0,eGFP1
4730,14:09:49,0.108,0.591,0,0,eGFP1
4731,14:09:50,0.087,0.570,0,0,eGFP1
4732,14:09:51,0.131,0.844,0,0,eGFP1
4733,14:09:51,0.100,0.539,0,0,eGFP1
4734,14:09:52,0.076,0.548,0,0,eGFP1
4735,14:09:53,0.098,0.679,0,0,eGFP1
4736,14:09:53,0.131,0.834,0,0,eGFP1
4737,14:09:54,0.099,0.560,0,0,eGFP1
4738,14:09:55,0.098,0.976,0,0,eGFP1
4739,14:09:56,0.131,0.646,0,0,eGFP1
4740,14:09:56,0.109,0.823,0,0,eGFP1
4741,14:09:57,0.131,0.625,0,0,eGFP1
4742,14:09:58,0.087,0.756,0,0,eGFP1
4743,14:09:59,0.131,0.713,0,0,eGFP1
4744,14:09:59,0.087,0.745,0,0,eGFP1
4745,14:10:00,0.121,0.648,0,0,eGFP1
4746,14:10:01,0.109,0.987,0,0,eGFP1
4747,14:10:02,0.121,0.648,0,0,eGFP1
4748,14:10:02,0.098,0.680,0,0,eGFP1
4749,14:10:03,0.120,0.647,0,0,eGFP1
4750,14:10:04,0.109,0.679,0,0,eGFP1
4751,14:10:04,0.099,0.593,0,0,eGFP1
4752,14:10:05,0.098,0.701,0,0,eGFP1
4753,14:10:05,0.109,0.614,0,0,eGFP1
4754,14:10:06,0.119,0.832,0,0,eGFP1
4755,14:10:07,0.109,0.625,0,0,eGFP1
4756,14:10:08,0.087,0.779,0,0,eGFP1
4757,14:10:08,0.131,0.756,0,0,eGFP1
4758,14:10:11,0.142,2.392,0,0,eGFP1
4759,14:10:11,0.109,0.537,0,0,eGFP1
4760,14:10:12,0.087,0.756,0,0,eGFP1
4761,14:10:13,0.133,0.660,0,0,eGFP1
4762,14:10:13,0.099,0.593,0,0,eGFP1
4763,14:10:14,0.109,0.756,0,0,eGFP1
4764,14:10:15,0.120,0.647,0,0,eGFP1
4765,14:10:15,0.098,0.581,0,0,eGFP1
4766,14:10:16,0.087,0.669,0,0,eGFP1
4767,14:10:17,0.164,0.811,0,0,eGFP1
4768,14:10:17,0.088,0.527,0,0,eGFP1
4769,14:10:18,0.098,0.789,0,0,eGFP1
4770,14:10:19,0.135,0.618,0,0,eGFP1
4771,14:10:19,0.076,0.647,0,0,eGFP1
4772,14:10:20,0.131,0.746,0,0,eGFP1
4773,14:10:21,0.109,0.603,0,0,eGFP1
4774,14:10:22,0.120,0.789,0,0,eGFP1
4775,14:10:22,0.111,0.550,0,0,eGFP1
4776,14:10:23,0.087,0.559,0,0,eGFP1
4777,14:10:24,0.120,0.855,0,0,eGFP1
4778,14:10:24,0.133,0.637,0,0,eGFP1
4779,14:10:25,0.088,0.636,0,0,eGFP1
4780,14:10:26,0.142,0.746,0,0,eGFP1
4781,14:10:26,0.109,0.647,0,0,eGFP1
4782,14:10:27,0.098,0.800,0,0,eGFP1
4783,14:10:28,0.120,0.724,0,0,eGFP1
4784,14:10:28,0.098,0.592,0,0,eGFP1
4785,14:10:29,0.142,0.888,0,0,eGFP1
4786,14:10:30,0.132,0.702,0,0,eGFP1
4787,14:10:31,0.144,0.857,0,0,eGFP1
4788,14:10:31,0.122,0.670,0,0,eGFP1
4789,14:10:32,0.109,0.801,0,0,eGFP1
4790,14:10:33,0.109,0.724,0,0,eGFP1
4791,14:10:34,0.098,0.658,0,0,eGFP1
4792,14:10:34,0.123,0.814,0,0,eGFP1
4793,14:10:35,0.131,0.768,0,0,eGFP1
4794,14:10:36,0.098,0.702,0,0,eGFP1
4795,14:10:37,0.110,0.780,0,0,eGFP1
4796,14:10:38,0.142,0.954,0,0,eGFP1
4797,14:10:38,0.142,0.735,0,0,eGFP1
4798,14:10:39,0.120,0.735,0,0,eGFP1
4799,14:10:40,0.131,0.789,0,0,eGFP1
4800,14:10:41,0.109,0.702,0,0,eGFP1
4801,14:10:41,0.153,0.779,0,0,eGFP1
4802,14:10:42,0.110,0.725,0,0,eGFP1
4803,14:10:43,0.111,0.747,0,0,eGFP1
4804,14:10:44,0.131,0.757,0,0,eGFP1
4805,14:10:44,0.098,0.592,0,0,eGFP1
4806,14:10:45,0.098,0.614,0,0,eGFP1
4807,14:10:46,0.109,0.812,0,0,eGFP1
4808,14:10:46,0.109,0.658,0,0,eGFP1
4809,14:10:47,0.142,0.932,0,0,eGFP1
4810,14:10:48,0.142,0.921,0,0,eGFP1
4811,14:10:49,0.177,1.241,0,0,eGFP1
4812,14:10:51,0.329,1.438,0,0,eGFP1
4813,14:10:52,0.295,1.239,0,0,eGFP1
4814,14:10:53,0.153,0.944,0,0,eGFP1
4815,14:10:54,0.164,0.877,0,0,eGFP1
4816,14:10:55,0.133,0.802,0,0,eGFP1
4817,14:10:56,0.120,0.823,0,0,eGFP1
4818,14:10:56,0.131,0.691,0,0,eGFP1
4819,14:10:57,0.120,0.910,0,0,eGFP1
4820,14:10:58,0.111,0.638,0,0,eGFP1
4821,14:10:58,0.098,0.647,0,0,eGFP1
4822,14:11:00,0.131,1.305,0,0,eGFP1
4823,14:11:01,0.790,1.525,0,0,eGFP1
4824,14:11:02,0.121,0.779,0,0,eGFP1
4825,14:11:03,0.120,0.724,0,0,eGFP1
4826,14:11:03,0.109,0.603,0,0,eGFP1
4827,14:11:04,0.099,0.570,0,0,eGFP1
4828,14:11:05,0.100,0.605,0,0,eGFP1
4829,14:11:05,0.098,0.790,0,0,eGFP1
4830,14:11:06,0.122,0.571,0,0,eGFP1
4831,14:11:06,0.077,0.505,0,0,eGFP1
4832,14:11:07,0.109,0.932,0,0,eGFP1
4833,14:11:08,0.133,0.737,0,0,eGFP1
4834,14:11:09,0.109,0.801,0,0,eGFP1
4835,14:11:10,0.153,0.778,0,0,eGFP1
4836,14:11:10,0.111,0.693,0,0,eGFP1
4837,14:11:11,0.120,0.702,0,0,eGFP1
4838,14:11:12,0.131,0.713,0,0,eGFP1
4839,14:11:12,0.098,0.570,0,0,eGFP1
4840,14:11:13,0.109,0.779,0,0,eGFP1
4841,14:11:14,0.120,0.768,0,0,eGFP1
4842,14:11:15,0.131,0.680,0,0,eGFP1
4843,14:11:15,0.087,0.647,0,0,eGFP1
4844,14:11:16,0.134,0.880,0,0,eGFP1
4845,14:11:17,0.121,0.779,0,0,eGFP1
4846,14:11:17,0.121,0.626,0,0,eGFP1
4847,14:11:18,0.098,0.570,0,0,eGFP1
4848,14:11:19,0.120,1.009,0,0,eGFP1
4849,14:11:20,0.132,0.801,0,0,eGFP1
4850,14:11:20,0.121,0.647,0,0,eGFP1
4851,14:11:21,0.088,0.516,0,0,eGFP1
4852,14:11:22,0.098,0.965,0,0,eGFP1
4853,14:11:23,0.188,1.285,0,0,eGFP1
4854,14:11:24,0.176,0.823,0,0,eGFP1
4855,14:11:25,0.121,0.658,0,0,eGFP1
4856,14:11:25,0.088,0.549,0,0,eGFP1
4857,14:11:26,0.098,0.724,0,0,eGFP1
4858,14:11:27,0.144,0.824,0,0,eGFP1
4859,14:11:28,0.132,0.812,0,0,eGFP1
4860,14:11:28,0.120,0.713,0,0,eGFP1
4861,14:11:29,0.111,0.627,0,0,eGFP1
4862,14:11:30,0.109,0.844,0,0,eGFP1
4863,14:11:31,0.143,0.845,0,0,eGFP1
4864,14:11:31,0.132,0.757,0,0,eGFP1
4865,14:11:32,0.121,0.823,0,0,eGFP1
4866,14:11:33,0.153,0.801,0,0,eGFP1
4867,14:11:34,0.109,0.724,0,0,eGFP1
4868,14:11:35,0.164,0.834,0,0,eGFP1
4869,14:11:35,0.111,0.769,0,0,eGFP1
4870,14:11:36,0.132,0.790,0,0,eGFP1
4871,14:11:37,0.100,0.748,0,0,eGFP1
4872,14:11:38,0.131,0.680,0,0,eGFP1
4873,14:11:38,0.098,0.636,0,0,eGFP1
4874,14:11:39,0.110,0.768,0,0,eGFP1
4875,14:11:40,0.110,0.636,0,0,eGFP1
4876,14:11:40,0.121,0.779,0,0,eGFP1
4877,14:11:41,0.144,0.759,0,0,eGFP1
4878,14:11:42,0.098,0.658,0,0,eGFP1
4879,14:11:43,0.132,0.889,0,0,eGFP1
4880,14:11:43,0.131,0.779,0,0,eGFP1
4881,14:11:44,0.120,0.834,0,0,eGFP1
4882,14:11:45,0.153,0.779,0,0,eGFP1
4883,14:16:03,0.109,258.273,0,0,eGFP1
4884,14:16:07,0.395,3.940,0,0,eGFP1
4885,14:16:08,0.155,0.901,0,0,eGFP1
4886,14:16:11,0.155,2.448,0,0,eGFP1
4887,14:16:11,0.143,0.703,0,0,eGFP1
4888,14:16:12,0.109,0.822,0,0,eGFP1
4889,14:16:13,0.165,0.758,0,0,eGFP1
4890,14:16:14,0.098,0.779,0,0,eGFP1
4891,14:16:14,0.131,0.603,0,0,eGFP1
4892,14:16:15,0.088,0.922,0,0,eGFP1
4893,14:16:16,0.241,0.856,0,0,eGFP1
4894,14:16:17,0.089,0.550,0,0,eGFP1
4895,14:16:18,0.153,1.371,0,0,eGFP1
4896,14:16:19,0.099,0.549,0,0,eGFP1
4897,14:16:19,0.110,0.812,0,0,eGFP1
4898,14:16:20,0.208,0.779,0,0,eGFP1
4899,14:16:21,0.078,0.495,0,0,eGFP1
4900,14:16:22,0.121,0.944,0,0,eGFP1
4901,14:16:22,0.098,0.548,0,0,eGFP1
4902,14:16:23,0.100,0.814,0,0,eGFP1
4903,14:16:24,0.164,0.768,0,0,eGFP1
4904,14:16:24,0.088,0.527,0,0,eGFP1
4905,14:16:25,0.109,0.680,0,0,eGFP1
4906,14:16:26,0.121,0.746,0,0,eGFP1
4907,14:16:26,0.099,0.626,0,0,eGFP1
4908,14:16:27,0.098,0.504,0,0,eGFP1
4909,14:16:27,0.077,0.483,0,0,eGFP1
4910,14:16:28,0.144,1.121,0,0,eGFP1
4911,14:16:29,0.099,0.516,0,0,eGFP1
4912,14:16:30,0.087,0.845,0,0,eGFP1
4913,14:16:30,0.122,0.615,0,0,eGFP1
4914,14:16:31,0.100,0.714,0,0,eGFP1
4915,14:16:32,0.121,0.648,0,0,eGFP1
4916,14:16:32,0.099,0.647,0,0,eGFP1
4917,14:16:33,0.132,0.725,0,0,eGFP1
4918,14:16:34,0.087,0.493,0,0,eGFP1
4919,14:16:34,0.079,0.485,0,0,eGFP1
4920,14:16:35,0.088,0.636,0,0,eGFP1
4921,14:16:36,0.110,0.757,0,0,eGFP1
4922,14:16:36,0.110,0.736,0,0,eGFP1
4923,14:16:37,0.109,0.581,0,0,eGFP1
4924,14:16:37,0.077,0.483,0,0,eGFP1
4925,14:16:38,0.099,0.714,0,0,eGFP1
4926,14:16:39,0.131,0.746,0,0,eGFP1
4927,14:16:39,0.112,0.650,0,0,eGFP1
4928,14:16:40,0.099,0.669,0,0,eGFP1
4929,14:16:41,0.132,0.626,0,0,eGFP1
4930,14:16:41,0.088,0.538,0,0,eGFP1
4931,14:16:42,0.088,0.581,0,0,eGFP1
4932,14:16:42,0.088,0.593,0,0,eGFP1
4933,14:16:43,0.121,0.626,0,0,eGFP1
4934,14:16:44,0.077,0.548,0,0,eGFP1
4935,14:16:44,0.123,0.748,0,0,eGFP1
4936,14:16:45,0.121,0.713,0,0,eGFP1
4937,14:16:47,0.143,2.382,0,0,eGFP1
4938,14:16:48,0.099,0.571,0,0,eGFP1
4939,14:16:49,0.109,0.823,0,0,eGFP1
4940,14:16:50,0.143,0.724,0,0,eGFP1
4941,14:16:50,0.089,0.528,0,0,eGFP1
4942,14:16:51,0.099,0.626,0,0,eGFP1
4943,14:16:51,0.111,0.605,0,0,eGFP1
4944,14:16:52,0.099,0.724,0,0,eGFP1
4945,14:16:53,0.099,0.538,0,0,eGFP1
4946,14:16:53,0.077,0.494,0,0,eGFP1
4947,14:16:54,0.077,0.571,0,0,eGFP1
4948,14:16:54,0.121,0.735,0,0,eGFP1
4949,14:16:55,0.110,0.582,0,0,eGFP1
4950,14:16:55,0.077,0.538,0,0,eGFP1
4951,14:16:56,0.121,0.823,0,0,eGFP1
4952,14:16:57,0.100,0.583,0,0,eGFP1
4953,14:16:57,0.088,0.549,0,0,eGFP1
4954,14:16:58,0.100,0.671,0,0,eGFP1
4955,14:16:59,0.118,0.733,0,0,eGFP1
4956,14:17:00,0.118,0.667,0,0,eGFP1
4957,14:17:00,0.119,0.755,0,0,eGFP1
4958,14:17:01,0.108,0.580,0,0,eGFP1
4959,14:17:02,0.097,0.679,0,0,eGFP1
4960,14:17:02,0.131,0.778,0,0,eGFP1
4961,14:17:03,0.119,0.668,0,0,eGFP1
4962,14:17:04,0.119,0.755,0,0,eGFP1
4963,14:17:04,0.108,0.591,0,0,eGFP1
4964,14:17:05,0.097,0.700,0,0,eGFP1
4965,14:17:06,0.141,0.854,0,0,eGFP1
4966,14:17:07,0.119,0.679,0,0,eGFP1
4967,14:17:07,0.097,0.646,0,0,eGFP1
4968,14:17:08,0.121,0.747,0,0,eGFP1
4969,14:17:09,0.119,0.777,0,0,eGFP1
4970,14:17:09,0.097,0.657,0,0,eGFP1
4971,14:17:10,0.129,0.788,0,0,eGFP1
4972,14:17:11,0.130,0.777,0,0,eGFP1
4973,14:17:12,0.119,0.701,0,0,eGFP1
4974,14:17:12,0.130,0.744,0,0,eGFP1
4975,14:17:13,0.108,0.701,0,0,eGFP1
4976,14:17:14,0.131,0.723,0,0,eGFP1
4977,14:17:15,0.130,0.789,0,0,eGFP1
4978,14:17:15,0.130,0.843,0,0,eGFP1
4979,14:17:16,0.152,0.766,0,0,eGFP1
4980,14:17:17,0.108,0.723,0,0,eGFP1
4981,14:17:18,0.130,0.865,0,0,eGFP1
4982,14:17:19,0.142,0.779,0,0,eGFP1
4983,14:17:22,0.119,3.279,0,0,eGFP1
4984,14:17:23,0.788,1.458,0,0,eGFP1
4985,14:17:24,0.098,1.020,0,0,eGFP1
4986,14:17:27,0.152,3.137,0,0,eGFP1
4987,14:17:28,0.108,0.590,0,0,eGFP1
4988,14:17:29,0.108,0.953,0,0,eGFP1
4989,14:17:30,0.119,0.613,0,0,eGFP1
4990,14:17:30,0.097,0.679,0,0,eGFP1
4991,14:17:31,0.119,0.733,0,0,eGFP1
4992,14:17:32,0.086,0.536,0,0,eGFP1
4993,14:17:32,0.099,0.735,0,0,eGFP1
4994,14:17:33,0.108,0.657,0,0,eGFP1
4995,14:17:34,0.119,0.821,0,0,eGFP1
4996,14:17:34,0.109,0.603,0,0,eGFP1
4997,14:17:35,0.086,0.624,0,0,eGFP1
4998,14:17:36,0.141,0.646,0,0,eGFP1
4999,14:17:36,0.097,0.645,0,0,eGFP1
5000,14:17:37,0.119,0.767,0,0,eGFP1
5001,14:17:38,0.120,0.735,0,0,eGFP1
5002,14:17:38,0.119,0.657,0,0,eGFP1
5003,14:17:39,0.118,0.744,0,0,eGFP1
5004,14:17:40,0.119,0.679,0,0,eGFP1
5005,14:17:41,0.086,0.678,0,0,eGFP1
5006,14:17:41,0.119,0.745,0,0,eGFP1
5007,14:17:42,0.119,0.668,0,0,eGFP1
5008,14:17:43,0.097,0.525,0,0,eGFP1
5009,14:17:43,0.075,0.558,0,0,eGFP1
5010,14:17:44,0.141,0.766,0,0,eGFP1
5011,14:17:44,0.097,0.635,0,0,eGFP1
5012,14:17:45,0.108,0.668,0,0,eGFP1
5013,14:17:46,0.119,0.755,0,0,eGFP1
5014,14:17:46,0.108,0.569,0,0,eGFP1
5015,14:17:47,0.086,0.602,0,0,eGFP1
5016,14:17:48,0.119,0.657,0,0,eGFP1
5017,14:17:48,0.097,0.712,0,0,eGFP1
5018,14:17:49,0.131,0.691,0,0,eGFP1
5019,14:17:50,0.086,0.536,0,0,eGFP1
5020,14:17:50,0.086,0.635,0,0,eGFP1
5021,14:17:51,0.130,0.667,0,0,eGFP1
5022,14:17:52,0.086,0.602,0,0,eGFP1
5023,14:17:52,0.130,0.668,0,0,eGFP1
5024,14:17:53,0.087,0.548,0,0,eGFP1
5025,14:17:53,0.098,0.712,0,0,eGFP1
5026,14:17:54,0.142,0.801,0,0,eGFP1
5027,14:17:55,0.119,0.887,0,0,eGFP1
5028,14:17:56,0.152,0.789,0,0,eGFP1
5029,14:17:57,0.108,0.744,0,0,eGFP1
5030,14:17:57,0.097,0.591,0,0,eGFP1
5031,14:17:58,0.130,0.756,0,0,eGFP1
5032,14:17:59,0.108,0.679,0,0,eGFP1
5033,14:17:59,0.119,0.602,0,0,eGFP1
5034,14:18:00,0.087,0.658,0,0,eGFP1
5035,14:18:02,0.141,1.787,0,0,eGFP1
5036,14:18:03,0.185,0.767,0,0,eGFP1
5037,14:18:03,0.120,0.790,0,0,eGFP1
5038,14:18:04,0.130,0.690,0,0,eGFP1
5039,14:18:05,0.097,0.711,0,0,eGFP1
5040,14:18:05,0.119,0.690,0,0,eGFP1
5041,14:18:06,0.086,0.580,0,0,eGFP1
5042,14:18:07,0.141,0.876,0,0,eGFP1
5043,14:18:08,0.121,0.637,0,0,eGFP1
5044,14:18:08,0.097,0.722,0,0,eGFP1
5045,14:18:09,0.131,0.657,0,0,eGFP1
5046,14:18:09,0.076,0.471,0,0,eGFP1
5047,14:18:10,0.108,0.854,0,0,eGFP1
5048,14:18:11,0.130,0.657,0,0,eGFP1
5049,14:18:12,0.108,0.723,0,0,eGFP1
5050,14:18:12,0.108,0.591,0,0,eGFP1
5051,14:18:13,0.089,0.594,0,0,eGFP1
5052,14:18:13,0.086,0.569,0,0,eGFP1
5053,14:18:14,0.108,0.766,0,0,eGFP1
5054,14:18:15,0.098,0.569,0,0,eGFP1
5055,14:18:15,0.109,0.767,0,0,eGFP1
5056,14:18:16,0.108,0.734,0,0,eGFP1
5057,14:18:17,0.108,0.602,0,0,eGFP1
5058,14:18:17,0.097,0.569,0,0,eGFP1
5059,14:18:18,0.099,0.680,0,0,eGFP1
5060,14:18:19,0.098,0.548,0,0,eGFP1
5061,14:18:19,0.075,0.613,0,0,eGFP1
5062,14:18:20,0.108,0.602,0,0,eGFP1
5063,14:18:20,0.086,0.569,0,0,eGFP1
5064,14:18:21,0.108,0.745,0,0,eGFP1
5065,14:18:22,0.120,0.680,0,0,eGFP1
5066,14:18:23,0.108,0.832,0,0,eGFP1
5067,14:18:23,0.121,0.779,0,0,eGFP1
5068,14:18:24,0.142,0.800,0,0,eGFP1
5069,14:18:25,0.119,0.690,0,0,eGFP1
5070,14:18:26,0.108,0.800,0,0,eGFP1
5071,14:18:27,0.130,0.854,0,0,eGFP1
5072,14:18:27,0.119,0.657,0,0,eGFP1
5073,14:18:28,0.086,0.503,0,0,eGFP1
5074,14:18:29,0.098,0.866,0,0,eGFP1
5075,14:18:29,0.163,0.723,0,0,eGFP1
5076,14:18:30,0.098,0.680,0,0,eGFP1
5077,14:18:31,0.119,0.778,0,0,eGFP1
5078,14:18:32,0.119,0.756,0,0,eGFP1
5079,14:18:32,0.142,0.801,0,0,eGFP1
5080,14:18:33,0.108,0.777,0,0,eGFP1
5081,14:18:34,0.153,0.844,0,0,eGFP1
5082,14:18:35,0.119,0.668,0,0,eGFP1
5083,14:18:35,0.141,0.844,0,0,eGFP1
5084,14:18:36,0.120,0.790,0,0,eGFP1
5085,14:18:37,0.097,0.646,0,0,eGFP1
5086,14:18:38,0.141,0.755,0,0,eGFP1
5087,14:18:38,0.120,0.778,0,0,eGFP1
5088,14:18:39,0.131,0.822,0,0,eGFP1
5089,14:18:40,0.119,0.668,0,0,eGFP1
5090,14:18:41,0.108,0.756,0,0,eGFP1
5091,14:18:42,0.119,0.876,0,0,eGFP1
5092,14:18:42,0.132,0.757,0,0,eGFP1
5093,14:18:43,0.132,0.889,0,0,eGFP1
5094,14:18:44,0.131,0.866,0,0,eGFP1
5095,14:18:45,0.130,0.679,0,0,eGFP1
5096,14:18:46,0.108,0.877,0,0,eGFP1
5097,14:18:46,0.163,0.854,0,0,eGFP1
5098,14:18:47,0.120,0.701,0,0,eGFP1
5099,14:18:48,0.119,0.789,0,0,eGFP1
5100,14:18:49,0.143,0.856,0,0,eGFP1
5101,14:18:50,0.130,0.767,0,0,eGFP1
5102,14:18:50,0.152,0.789,0,0,eGFP1
5103,14:18:51,0.097,0.536,0,0,eGFP1
5104,14:18:52,0.119,0.877,0,0,eGFP1
5105,14:18:53,0.130,0.810,0,0,eGFP1
5106,14:18:53,0.131,0.646,0,0,eGFP1
5107,14:18:54,0.088,0.494,0,0,eGFP1
5108,14:18:54,0.076,0.548,0,0,eGFP1
5109,14:21:36,0.142,161.998,0,0,eGFP1
5110,14:21:37,0.131,1.096,0,0,eGFP1
5111,14:21:40,0.263,2.622,0,0,eGFP1
5112,14:21:41,0.163,0.789,0,0,eGFP1
5113,14:21:42,0.185,0.811,0,0,eGFP1
5114,14:21:42,0.086,0.547,0,0,eGFP1
5115,14:21:43,0.108,0.690,0,0,eGFP1
5116,14:21:43,0.098,0.624,0,0,eGFP1
5117,14:21:44,0.110,0.692,0,0,eGFP1
5118,14:21:45,0.097,0.525,0,0,eGFP1
5119,14:21:45,0.087,0.537,0,0,eGFP1
5120,14:21:46,0.110,0.658,0,0,eGFP1
5121,14:21:46,0.076,0.504,0,0,eGFP1
5122,14:21:47,0.097,0.800,0,0,eGFP1
5123,14:21:48,0.097,0.613,0,0,eGFP1
5124,14:21:49,0.119,0.745,0,0,eGFP1
5125,14:21:49,0.099,0.560,0,0,eGFP1
5126,14:21:50,0.075,0.558,0,0,eGFP1
5127,14:21:50,0.109,0.701,0,0,eGFP1
5128,14:21:51,0.087,0.636,0,0,eGFP1
5129,14:21:52,0.119,0.723,0,0,eGFP1
5130,14:21:52,0.097,0.547,0,0,eGFP1
5131,14:21:53,0.076,0.504,0,0,eGFP1
5132,14:21:53,0.075,0.580,0,0,eGFP1
5133,14:21:54,0.099,0.779,0,0,eGFP1
5134,14:21:55,0.121,0.681,0,0,eGFP1
5135,14:21:55,0.087,0.460,0,0,eGFP1
5136,14:21:56,0.075,0.492,0,0,eGFP1
5137,14:21:58,0.131,2.062,0,0,eGFP1
5138,14:21:58,0.098,0.559,0,0,eGFP1
5139,14:21:59,0.086,0.668,0,0,eGFP1
5140,14:22:00,0.120,0.613,0,0,eGFP1
5141,14:22:00,0.098,0.691,0,0,eGFP1
5142,14:22:01,0.110,0.592,0,0,eGFP1
5143,14:22:02,0.109,0.603,0,0,eGFP1
5144,14:22:02,0.086,0.514,0,0,eGFP1
5145,14:22:03,0.098,0.548,0,0,eGFP1
5146,14:22:03,0.098,0.866,0,0,eGFP1
5147,14:22:04,0.119,0.569,0,0,eGFP1
5148,14:22:05,0.088,0.538,0,0,eGFP1
5149,14:22:05,0.087,0.668,0,0,eGFP1
5150,14:22:06,0.121,0.615,0,0,eGFP1
5151,14:22:06,0.087,0.548,0,0,eGFP1
5152,14:22:07,0.097,0.635,0,0,eGFP1
5153,14:22:08,0.109,0.668,0,0,eGFP1
5154,14:22:08,0.087,0.537,0,0,eGFP1
5155,14:22:09,0.087,0.668,0,0,eGFP1
5156,14:22:10,0.142,0.691,0,0,eGFP1
5157,14:22:10,0.097,0.624,0,0,eGFP1
5158,14:22:11,0.099,0.637,0,0,eGFP1
5159,14:22:11,0.120,0.592,0,0,eGFP1
5160,14:22:12,0.075,0.459,0,0,eGFP1
5161,14:22:13,0.076,0.636,0,0,eGFP1
5162,14:22:13,0.154,0.768,0,0,eGFP1
5163,14:22:14,0.098,0.680,0,0,eGFP1
5164,14:22:15,0.097,0.547,0,0,eGFP1
5165,14:22:15,0.087,0.603,0,0,eGFP1
5166,14:22:16,0.143,0.801,0,0,eGFP1
5167,14:22:17,0.098,0.581,0,0,eGFP1
5168,14:22:17,0.119,0.811,0,0,eGFP1
5169,14:22:18,0.108,0.668,0,0,eGFP1
5170,14:22:19,0.098,0.537,0,0,eGFP1
5171,14:22:19,0.075,0.481,0,0,eGFP1
5172,14:22:20,0.087,0.757,0,0,eGFP1
5173,14:22:20,0.141,0.635,0,0,eGFP1
5174,14:22:21,0.087,0.570,0,0,eGFP1
5175,14:22:22,0.099,0.724,0,0,eGFP1
5176,14:22:22,0.110,0.637,0,0,eGFP1
5177,14:22:23,0.142,0.789,0,0,eGFP1
5178,14:22:24,0.109,0.745,0,0,eGFP1
5179,14:22:24,0.120,0.592,0,0,eGFP1
5180,14:22:25,0.076,0.559,0,0,eGFP1
5181,14:22:26,0.108,0.756,0,0,eGFP1
5182,14:22:27,0.141,0.822,0,0,eGFP1
5183,14:22:27,0.110,0.571,0,0,eGFP1
5184,14:22:28,0.076,0.504,0,0,eGFP1
5185,14:22:29,0.097,0.811,0,0,eGFP1
5186,14:22:29,0.141,0.701,0,0,eGFP1
5187,14:22:30,0.109,0.603,0,0,eGFP1
5188,14:22:31,0.097,0.745,0,0,eGFP1
5189,14:22:32,0.185,1.074,0,0,eGFP1
5190,14:22:33,0.132,0.879,0,0,eGFP1
5191,14:22:33,0.121,0.691,0,0,eGFP1
5192,14:22:34,0.120,0.680,0,0,eGFP1
5193,14:22:35,0.120,0.646,0,0,eGFP1
5194,14:22:35,0.098,0.559,0,0,eGFP1
5195,14:22:36,0.087,0.570,0,0,eGFP1
5196,14:22:36,0.087,0.690,0,0,eGFP1
5197,14:22:37,0.120,0.669,0,0,eGFP1
5198,14:23:07,0.152,30.353,0,0,eGFP1
5199,14:23:08,0.243,0.649,0,0,eGFP1
5200,14:23:12,2.721,3.697,0,0,eGFP1
5201,14:23:12,0.142,0.625,0,0,eGFP1
5202,14:23:13,0.098,0.778,0,0,eGFP1
5203,14:23:14,0.121,0.670,0,0,eGFP1
5204,14:23:14,0.109,0.679,0,0,eGFP1
5205,14:23:15,0.098,0.548,0,0,eGFP1
5206,14:23:16,0.076,0.504,0,0,eGFP1
5207,14:23:16,0.087,0.636,0,0,eGFP1
5208,14:23:17,0.099,0.560,0,0,eGFP1
5209,14:23:18,0.098,0.833,0,0,eGFP1
5210,14:23:18,0.120,0.570,0,0,eGFP1
5211,14:23:19,0.075,0.569,0,0,eGFP1
5212,14:23:19,0.131,0.735,0,0,eGFP1
5213,14:23:20,0.087,0.482,0,0,eGFP1
5214,14:23:21,0.087,0.635,0,0,eGFP1
5215,14:23:21,0.109,0.537,0,0,eGFP1
5216,14:23:22,0.066,0.440,0,0,eGFP1
5217,14:23:22,0.088,0.571,0,0,eGFP1
5218,14:23:23,0.098,0.668,0,0,eGFP1
5219,14:23:23,0.120,0.592,0,0,eGFP1
5220,14:23:24,0.076,0.493,0,0,eGFP1
5221,14:23:24,0.087,0.559,0,0,eGFP1
5222,14:23:25,0.087,0.647,0,0,eGFP1
5223,14:23:26,0.130,0.712,0,0,eGFP1
5224,14:23:26,0.088,0.462,0,0,eGFP1
5225,14:23:27,0.076,0.515,0,0,eGFP1
5226,14:23:27,0.108,0.723,0,0,eGFP1
5227,14:23:28,0.120,0.702,0,0,eGFP1
5228,14:23:29,0.098,0.515,0,0,eGFP1
5229,14:23:30,0.076,0.888,0,0,eGFP1
5230,14:23:30,0.185,0.734,0,0,eGFP1
5231,14:23:31,0.089,0.703,0,0,eGFP1
5232,14:23:32,0.132,0.670,0,0,eGFP1
5233,14:23:32,0.098,0.691,0,0,eGFP1
5234,14:23:33,0.109,0.559,0,0,eGFP1
5235,14:23:33,0.076,0.504,0,0,eGFP1
5236,14:23:34,0.109,0.800,0,0,eGFP1
5237,14:23:35,0.120,0.570,0,0,eGFP1
5238,14:23:35,0.076,0.471,0,0,eGFP1
5239,14:23:37,0.120,1.415,0,0,eGFP1
5240,14:23:37,0.121,0.625,0,0,eGFP1
5241,14:23:38,0.078,0.517,0,0,eGFP1
5242,14:23:38,0.098,0.647,0,0,eGFP1
5243,14:23:39,0.120,0.603,0,0,eGFP1
5244,14:23:40,0.087,0.624,0,0,eGFP1
5245,14:23:40,0.100,0.539,0,0,eGFP1
5246,14:23:41,0.076,0.526,0,0,eGFP1
5247,14:23:41,0.109,0.723,0,0,eGFP1
5248,14:23:42,0.120,0.636,0,0,eGFP1
5249,14:23:43,0.089,0.583,0,0,eGFP1
5250,14:23:43,0.109,0.646,0,0,eGFP1
5251,14:23:44,0.098,0.592,0,0,eGFP1
5252,14:23:44,0.087,0.482,0,0,eGFP1
5253,14:23:45,0.077,0.439,0,0,eGFP1
5254,14:23:46,0.087,0.712,0,0,eGFP1
5255,14:23:46,0.153,0.713,0,0,eGFP1
5256,14:23:47,0.087,0.570,0,0,eGFP1
5257,14:23:48,0.111,0.692,0,0,eGFP1
5258,14:23:48,0.109,0.614,0,0,eGFP1
5259,14:23:49,0.078,0.539,0,0,eGFP1
5260,14:23:49,0.109,0.635,0,0,eGFP1
5261,14:23:50,0.110,0.647,0,0,eGFP1
5262,14:23:51,0.109,0.614,0,0,eGFP1
5263,14:23:51,0.098,0.515,0,0,eGFP1
5264,14:23:52,0.077,0.472,0,0,eGFP1
5265,14:23:52,0.087,0.734,0,0,eGFP1
5266,14:23:53,0.119,0.635,0,0,eGFP1
5267,14:23:54,0.087,0.603,0,0,eGFP1
5268,14:23:54,0.109,0.614,0,0,eGFP1
5269,14:23:55,0.087,0.581,0,0,eGFP1
5270,14:23:55,0.109,0.724,0,0,eGFP1
5271,14:23:56,0.120,0.636,0,0,eGFP1
5272,14:23:57,0.109,0.822,0,0,eGFP1
5273,14:23:58,0.122,0.648,0,0,eGFP1
5274,14:23:58,0.100,0.692,0,0,eGFP1
5275,14:23:59,0.132,0.702,0,0,eGFP1
5276,14:24:00,0.098,0.691,0,0,eGFP1
5277,14:24:00,0.109,0.680,0,0,eGFP1
5278,14:24:01,0.131,0.746,0,0,eGFP1
5279,14:24:02,0.109,0.625,0,0,eGFP1
5280,14:24:02,0.098,0.789,0,0,eGFP1
5281,14:24:03,0.131,0.746,0,0,eGFP1
5282,14:24:04,0.121,0.769,0,0,eGFP1
5283,14:24:07,0.131,2.490,0,0,eGFP1
5284,14:24:07,0.230,0.801,0,0,eGFP1
5285,14:24:08,0.087,0.713,0,0,eGFP1
5286,14:24:09,0.165,0.780,0,0,eGFP1
5287,14:24:09,0.098,0.548,0,0,eGFP1
5288,14:24:10,0.109,0.757,0,0,eGFP1
5289,14:24:11,0.109,0.559,0,0,eGFP1
5290,14:24:11,0.078,0.571,0,0,eGFP1
5291,14:24:12,0.132,0.746,0,0,eGFP1
5292,14:24:12,0.087,0.515,0,0,eGFP1
5293,14:24:13,0.099,0.779,0,0,eGFP1
5294,14:24:14,0.109,0.625,0,0,eGFP1
5295,14:24:15,0.120,0.713,0,0,eGFP1
5296,14:24:15,0.109,0.581,0,0,eGFP1
5297,14:24:16,0.087,0.483,0,0,eGFP1
5298,14:24:16,0.087,0.592,0,0,eGFP1
5299,14:24:17,0.102,0.629,0,0,eGFP1
5300,14:24:17,0.100,0.604,0,0,eGFP1
5301,14:24:18,0.088,0.560,0,0,eGFP1
5302,14:24:19,0.120,0.723,0,0,eGFP1
5303,14:24:19,0.121,0.713,0,0,eGFP1
5304,14:24:20,0.099,0.516,0,0,eGFP1
5305,14:24:21,0.087,0.625,0,0,eGFP1
5306,14:24:21,0.131,0.713,0,0,eGFP1
5307,14:24:22,0.121,0.791,0,0,eGFP1
5308,14:24:23,0.109,0.581,0,0,eGFP1
5309,14:24:23,0.098,0.691,0,0,eGFP1
5310,14:24:24,0.131,0.669,0,0,eGFP1
5311,14:24:25,0.087,0.603,0,0,eGFP1
5312,14:24:25,0.110,0.680,0,0,eGFP1
5313,14:24:26,0.088,0.636,0,0,eGFP1
5314,14:24:27,0.111,0.572,0,0,eGFP1
5315,14:24:27,0.078,0.484,0,0,eGFP1
5316,14:24:28,0.098,0.724,0,0,eGFP1
5317,14:24:28,0.131,0.647,0,0,eGFP1
5318,14:24:29,0.098,0.548,0,0,eGFP1
5319,14:24:30,0.077,0.658,0,0,eGFP1
5320,14:24:30,0.132,0.669,0,0,eGFP1
5321,14:24:31,0.089,0.638,0,0,eGFP1
5322,14:24:32,0.109,0.603,0,0,eGFP1
5323,14:24:32,0.111,0.824,0,0,eGFP1
5324,14:24:33,0.120,0.680,0,0,eGFP1
5325,14:24:34,0.109,0.702,0,0,eGFP1
5326,14:24:35,0.109,0.812,0,0,eGFP1
5327,14:24:35,0.131,0.647,0,0,eGFP1
5328,14:24:36,0.100,0.736,0,0,eGFP1
5329,14:24:37,0.121,0.691,0,0,eGFP1
5330,14:24:37,0.110,0.790,0,0,eGFP1
5331,14:24:38,0.142,0.713,0,0,eGFP1
5332,14:24:39,0.100,0.638,0,0,eGFP1
5333,14:24:40,0.131,0.822,0,0,eGFP1
5334,14:24:40,0.110,0.593,0,0,eGFP1
5335,14:24:41,0.098,0.702,0,0,eGFP1
5336,14:24:42,0.131,0.669,0,0,eGFP1
5337,14:24:42,0.076,0.493,0,0,eGFP1
5338,14:24:43,0.088,0.615,0,0,eGFP1
5339,14:24:44,0.142,0.833,0,0,eGFP1
5340,14:24:44,0.111,0.704,0,0,eGFP1
5341,14:24:45,0.109,0.702,0,0,eGFP1
5342,14:24:46,0.136,0.751,0,0,eGFP1
5343,14:24:46,0.087,0.559,0,0,eGFP1
5344,14:24:47,0.110,0.812,0,0,eGFP1
5345,14:24:48,0.142,0.812,0,0,eGFP1
5346,14:24:48,0.120,0.614,0,0,eGFP1
5347,14:24:49,0.099,0.746,0,0,eGFP1
5348,14:24:50,0.111,0.715,0,0,eGFP1
5349,14:24:51,0.120,0.768,0,0,eGFP1
5350,14:24:51,0.131,0.778,0,0,eGFP1
5351,14:24:52,0.110,0.746,0,0,eGFP1
5352,14:24:53,0.143,0.703,0,0,eGFP1
5353,14:24:54,0.109,0.669,0,0,eGFP1
5354,14:24:54,0.098,0.658,0,0,eGFP1
5355,14:24:55,0.120,0.801,0,0,eGFP1
5356,14:24:56,0.101,0.529,0,0,eGFP1
5357,14:24:56,0.088,0.571,0,0,eGFP1
5358,14:24:57,0.098,0.680,0,0,eGFP1
5359,14:24:58,0.098,0.801,0,0,eGFP1
5360,14:24:58,0.142,0.757,0,0,eGFP1
5361,14:24:59,0.120,0.669,0,0,eGFP1
5362,14:25:00,0.102,0.903,0,0,eGFP1
5363,14:25:01,0.142,0.713,0,0,eGFP1
5364,14:25:01,0.099,0.691,0,0,eGFP1
5365,14:25:02,0.100,0.660,0,0,eGFP1
5366,14:25:03,0.131,0.823,0,0,eGFP1
5367,14:25:04,0.164,0.757,0,0,eGFP1
5368,14:25:04,0.098,0.570,0,0,eGFP1
5369,14:25:05,0.099,0.746,0,0,eGFP1
5370,14:25:06,0.120,0.800,0,0,eGFP1
5371,14:25:06,0.132,0.757,0,0,eGFP1
5372,14:25:07,0.121,0.724,0,0,eGFP1
5373,14:25:08,0.122,0.737,0,0,eGFP1
5374,14:25:09,0.120,0.812,0,0,eGFP1
5375,14:25:10,0.142,0.812,0,0,eGFP1
5376,14:25:10,0.120,0.658,0,0,eGFP1
5377,14:25:11,0.099,0.647,0,0,eGFP1
5378,14:25:12,0.110,0.834,0,0,eGFP1
5379,14:25:12,0.132,0.659,0,0,eGFP1
5380,14:25:13,0.120,0.801,0,0,eGFP1
5381,14:25:14,0.122,0.670,0,0,eGFP1
5382,14:25:15,0.121,0.725,0,0,eGFP1
5383,14:25:15,0.100,0.659,0,0,eGFP1
5384,14:25:16,0.132,0.889,0,0,eGFP1
5385,14:25:17,0.132,0.702,0,0,eGFP1
5386,14:25:17,0.110,0.692,0,0,eGFP1
5387,14:25:18,0.142,0.768,0,0,eGFP1
5388,14:25:19,0.109,0.746,0,0,eGFP1
5389,14:25:20,0.122,0.802,0,0,eGFP1
5390,14:25:20,0.143,0.670,0,0,eGFP1
5391,14:25:21,0.098,0.559,0,0,eGFP1
5392,14:25:22,0.088,0.648,0,0,eGFP1
5393,14:25:23,0.120,0.833,0,0,eGFP1
5394,14:25:23,0.121,0.725,0,0,eGFP1
5395,14:25:24,0.131,0.801,0,0,eGFP1
5396,14:25:25,0.131,0.823,0,0,eGFP1
5397,14:25:26,0.144,0.846,0,0,eGFP1
5398,14:25:26,0.155,0.770,0,0,eGFP1
5399,14:25:27,0.109,0.702,0,0,eGFP1
5400,14:25:28,0.142,0.779,0,0,eGFP1
5401,14:25:29,0.099,0.560,0,0,eGFP1
5402,14:25:29,0.087,0.636,0,0,eGFP1
5403,14:25:30,0.143,0.824,0,0,eGFP1
5404,14:25:31,0.131,0.823,0,0,eGFP1
5405,14:25:31,0.109,0.625,0,0,eGFP1
5406,14:25:32,0.111,0.759,0,0,eGFP1
5407,14:25:33,0.131,0.724,0,0,eGFP1
5408,14:25:34,0.132,0.790,0,0,eGFP1
5409,14:25:34,0.110,0.615,0,0,eGFP1
5410,14:25:35,0.109,0.625,0,0,eGFP1
5411,14:25:36,0.111,0.858,0,0,eGFP1
5412,14:25:37,0.142,0.779,0,0,eGFP1
5413,14:25:37,0.120,0.746,0,0,eGFP1
5414,14:25:38,0.111,0.682,0,0,eGFP1
5415,14:25:39,0.120,0.735,0,0,eGFP1
5416,14:25:40,0.154,0.878,0,0,eGFP1
5417,14:25:41,0.132,0.911,0,0,eGFP1
5418,14:25:41,0.143,0.823,0,0,eGFP1
5419,14:25:42,0.121,0.845,0,0,eGFP1
5420,14:25:43,0.132,0.735,0,0,eGFP1
5421,14:25:44,0.110,0.757,0,0,eGFP1
5422,14:25:44,0.145,0.792,0,0,eGFP1
5423,14:25:45,0.121,0.801,0,0,eGFP1
5424,14:26:35,0.187,49.537,0,0,eGFP1
5425,14:26:36,0.111,0.912,0,0,eGFP1
5426,14:26:37,0.220,1.043,0,0,eGFP1
5427,14:26:37,0.088,0.549,0,0,eGFP1
5428,14:26:39,0.131,1.262,0,0,eGFP1
5429,14:26:41,0.120,2.776,0,0,eGFP1
5430,14:26:42,0.110,0.659,0,0,eGFP1
5431,14:26:43,0.155,0.857,0,0,eGFP1
5432,14:26:43,0.088,0.505,0,0,eGFP1
5433,14:26:44,0.110,0.801,0,0,eGFP1
5434,14:26:45,0.110,0.549,0,0,eGFP1
5435,14:26:45,0.088,0.636,0,0,eGFP1
5436,14:26:46,0.110,0.648,0,0,eGFP1
5437,14:26:47,0.088,0.505,0,0,eGFP1
5438,14:26:47,0.088,0.582,0,0,eGFP1
5439,14:26:48,0.112,0.617,0,0,eGFP1
5440,14:26:48,0.110,0.604,0,0,eGFP1
5441,14:26:49,0.099,0.625,0,0,eGFP1
5442,14:26:50,0.088,0.670,0,0,eGFP1
5443,14:26:50,0.110,0.593,0,0,eGFP1
5444,14:26:51,0.088,0.538,0,0,eGFP1
5445,14:26:51,0.088,0.714,0,0,eGFP1
5446,14:26:52,0.109,0.570,0,0,eGFP1
5447,14:26:53,0.077,0.494,0,0,eGFP1
5448,14:26:53,0.096,0.667,0,0,eGFP1
5449,14:26:54,0.097,0.558,0,0,eGFP1
5450,14:26:54,0.086,0.492,0,0,eGFP1
5451,14:26:55,0.075,0.624,0,0,eGFP1
5452,14:26:56,0.107,0.678,0,0,eGFP1
5453,14:26:56,0.118,0.601,0,0,eGFP1
5454,14:26:57,0.075,0.524,0,0,eGFP1
5455,14:26:57,0.088,0.779,0,0,eGFP1
5456,14:26:58,0.130,0.733,0,0,eGFP1
5457,14:26:59,0.097,0.547,0,0,eGFP1
5458,14:26:59,0.097,0.547,0,0,eGFP1
5459,14:27:00,0.097,0.679,0,0,eGFP1
5460,14:27:01,0.097,0.580,0,0,eGFP1
5461,14:27:01,0.074,0.459,0,0,eGFP1
5462,14:27:02,0.075,0.612,0,0,eGFP1
5463,14:27:02,0.174,0.843,0,0,eGFP1
5464,14:27:03,0.088,0.658,0,0,eGFP1
5465,14:27:04,0.130,0.679,0,0,eGFP1
5466,14:27:04,0.087,0.570,0,0,eGFP1
5467,14:27:05,0.097,0.679,0,0,eGFP1
5468,14:27:06,0.108,0.645,0,0,eGFP1
5469,14:27:06,0.108,0.580,0,0,eGFP1
5470,14:27:07,0.086,0.558,0,0,eGFP1
5471,14:27:08,0.097,0.766,0,0,eGFP1
5472,14:27:08,0.132,0.647,0,0,eGFP1
5473,14:27:09,0.097,0.712,0,0,eGFP1
5474,14:27:10,0.141,0.679,0,0,eGFP1
5475,14:27:10,0.086,0.843,0,0,eGFP1
5476,14:27:11,0.174,0.799,0,0,eGFP1
5477,14:27:12,0.108,0.602,0,0,eGFP1
5478,14:27:13,0.108,0.700,0,0,eGFP1
5479,14:27:13,0.119,0.668,0,0,eGFP1
5480,14:27:14,0.078,0.583,0,0,eGFP1
5481,14:27:15,0.140,0.810,0,0,eGFP1
5482,14:27:15,0.119,0.591,0,0,eGFP1
5483,14:27:16,0.086,0.678,0,0,eGFP1
5484,14:27:16,0.098,0.526,0,0,eGFP1
5485,14:27:17,0.075,0.634,0,0,eGFP1
5486,14:27:18,0.218,0.920,0,0,eGFP1
5487,14:27:19,0.097,0.646,0,0,eGFP1
5488,14:27:19,0.098,0.757,0,0,eGFP1
5489,14:27:20,0.119,0.602,0,0,eGFP1
5490,14:27:21,0.086,0.634,0,0,eGFP1
5491,14:27:21,0.141,0.877,0,0,eGFP1
5492,14:27:22,0.119,0.601,0,0,eGFP1
5493,14:27:23,0.087,0.515,0,0,eGFP1
5494,14:27:23,0.076,0.559,0,0,eGFP1
5495,14:27:24,0.152,0.799,0,0,eGFP1
5496,14:27:25,0.130,0.800,0,0,eGFP1
5497,14:27:25,0.109,0.603,0,0,eGFP1
5498,14:27:26,0.097,0.755,0,0,eGFP1
5499,14:27:27,0.108,0.602,0,0,eGFP1
5500,14:27:27,0.097,0.613,0,0,eGFP1
5501,14:27:28,0.119,0.788,0,0,eGFP1
5502,14:27:29,0.097,0.536,0,0,eGFP1
5503,14:27:29,0.087,0.569,0,0,eGFP1
5504,14:27:30,0.098,0.591,0,0,eGFP1
5505,14:27:31,0.132,0.812,0,0,eGFP1
5506,14:27:31,0.097,0.712,0,0,eGFP1
5507,14:27:32,0.119,0.733,0,0,eGFP1
5508,14:27:33,0.099,0.604,0,0,eGFP1
5509,14:27:33,0.086,0.613,0,0,eGFP1
5510,14:27:34,0.108,0.755,0,0,eGFP1
5511,14:27:35,0.119,0.843,0,0,eGFP1
5512,14:27:37,0.119,2.292,0,0,eGFP1
5513,14:27:38,0.132,0.691,0,0,eGFP1
5514,14:27:39,0.120,0.767,0,0,eGFP1
5515,14:27:39,0.163,0.778,0,0,eGFP1
5516,14:27:40,0.097,0.536,0,0,eGFP1
5517,14:27:41,0.097,0.744,0,0,eGFP1
5518,14:27:41,0.174,0.756,0,0,eGFP1
5519,14:27:42,0.086,0.558,0,0,eGFP1
5520,14:27:43,0.108,0.766,0,0,eGFP1
5521,14:27:43,0.109,0.591,0,0,eGFP1
5522,14:27:44,0.098,0.647,0,0,eGFP1
5523,14:27:45,0.108,0.667,0,0,eGFP1
5524,14:27:45,0.120,0.789,0,0,eGFP1
5525,14:27:46,0.099,0.549,0,0,eGFP1
5526,14:27:47,0.076,0.526,0,0,eGFP1
5527,14:27:47,0.108,0.843,0,0,eGFP1
5528,14:27:48,0.119,0.799,0,0,eGFP1
5529,14:27:49,0.120,0.624,0,0,eGFP1
5530,14:27:49,0.077,0.472,0,0,eGFP1
5531,14:27:50,0.086,0.964,0,0,eGFP1
5532,14:28:02,0.141,11.390,0,0,eGFP1
5533,14:28:06,3.246,4.179,0,0,eGFP1
5534,14:28:12,3.280,6.276,0,0,eGFP1
5535,14:28:13,0.185,0.975,0,0,eGFP1
5536,14:28:14,0.118,0.721,0,0,eGFP1
5537,14:28:15,0.141,0.899,0,0,eGFP1
5538,14:28:15,0.098,0.757,0,0,eGFP1
5539,14:28:16,0.152,0.711,0,0,eGFP1
5540,14:28:17,0.087,0.613,0,0,eGFP1
5541,14:28:18,0.218,0.965,0,0,eGFP1
5542,14:28:19,0.086,0.975,0,0,eGFP1
5543,14:28:20,0.295,0.898,0,0,eGFP1
5544,14:28:20,0.097,0.800,0,0,eGFP1
5545,14:28:21,0.130,0.657,0,0,eGFP1
5546,14:28:22,0.098,0.746,0,0,eGFP1
5547,14:28:23,0.152,0.733,0,0,eGFP1
5548,14:28:23,0.087,0.789,0,0,eGFP1
5549,14:28:24,0.186,0.746,0,0,eGFP1
5550,14:28:25,0.086,0.745,0,0,eGFP1
5551,14:28:26,0.174,0.777,0,0,eGFP1
5552,14:28:26,0.109,0.888,0,0,eGFP1
5553,14:28:27,0.108,0.591,0,0,eGFP1
5554,14:28:28,0.108,0.887,0,0,eGFP1
5555,14:28:29,0.132,0.977,0,0,eGFP1
5556,14:28:30,0.108,0.635,0,0,eGFP1
5557,14:28:30,0.163,0.909,0,0,eGFP1
5558,14:28:31,0.086,0.525,0,0,eGFP1
5559,14:28:32,0.120,1.184,0,0,eGFP1
5560,14:28:33,0.108,0.679,0,0,eGFP1
5561,14:28:34,0.811,1.458,0,0,eGFP1
5562,14:28:35,0.086,0.855,0,0,eGFP1
5563,14:28:36,0.111,0.604,0,0,eGFP1
5564,14:28:37,0.098,0.888,0,0,eGFP1
5565,14:28:37,0.108,0.591,0,0,eGFP1
5566,14:28:38,0.098,0.855,0,0,eGFP1
5567,14:28:39,0.119,0.712,0,0,eGFP1
5568,14:28:40,0.108,0.701,0,0,eGFP1
5569,14:28:40,0.119,0.777,0,0,eGFP1
5570,14:28:41,0.142,0.756,0,0,eGFP1
5571,14:28:42,0.110,0.681,0,0,eGFP1
5572,14:28:43,0.130,0.898,0,0,eGFP1
5573,14:28:43,0.108,0.569,0,0,eGFP1
5574,14:28:44,0.109,1.085,0,0,eGFP1
5575,14:28:45,0.120,0.613,0,0,eGFP1
5576,14:28:46,0.076,0.745,0,0,eGFP1
5577,14:28:46,0.176,0.746,0,0,eGFP1
5578,14:28:47,0.076,0.592,0,0,eGFP1
5579,14:28:48,0.131,0.823,0,0,eGFP1
5580,14:28:48,0.097,0.602,0,0,eGFP1
5581,14:28:49,0.163,0.876,0,0,eGFP1
5582,14:28:50,0.087,0.690,0,0,eGFP1
5583,14:28:51,0.175,0.767,0,0,eGFP1
5584,14:28:51,0.087,0.690,0,0,eGFP1
5585,14:28:52,0.153,0.734,0,0,eGFP1
5586,14:28:53,0.098,0.569,0,0,eGFP1
5587,14:28:54,0.109,0.899,0,0,eGFP1
5588,14:28:54,0.121,0.669,0,0,eGFP1
5589,14:28:55,0.142,0.888,0,0,eGFP1
5590,14:28:56,0.097,0.547,0,0,eGFP1
5591,14:28:57,0.099,1.109,0,0,eGFP1
5592,14:28:58,0.141,0.821,0,0,eGFP1
5593,14:28:59,0.131,1.514,0,0,eGFP1
5594,14:29:01,0.558,1.326,0,0,eGFP1
5595,14:29:01,0.109,0.877,0,0,eGFP1
5596,14:29:02,0.131,0.724,0,0,eGFP1
5597,14:29:03,0.130,0.833,0,0,eGFP1
5598,14:29:04,0.097,0.624,0,0,eGFP1
5599,14:29:04,0.163,0.877,0,0,eGFP1
5600,14:29:05,0.097,0.920,0,0,eGFP1
5601,14:29:06,0.163,0.855,0,0,eGFP1
5602,14:29:07,0.119,0.854,0,0,eGFP1
5603,14:29:08,0.131,0.833,0,0,eGFP1
5604,14:29:09,0.143,0.768,0,0,eGFP1
5605,14:29:09,0.110,0.648,0,0,eGFP1
5606,14:29:10,0.119,0.668,0,0,eGFP1
5607,14:29:11,0.110,0.812,0,0,eGFP1
5608,14:29:12,0.119,0.767,0,0,eGFP1
5609,14:29:12,0.152,0.723,0,0,eGFP1
5610,14:29:13,0.108,0.701,0,0,eGFP1
5611,14:29:14,0.119,0.800,0,0,eGFP1
5612,14:29:14,0.099,0.669,0,0,eGFP1
5613,14:29:16,0.164,1.195,0,0,eGFP1
5614,14:29:17,0.504,1.239,0,0,eGFP1
5615,14:29:18,0.120,0.888,0,0,eGFP1
5616,14:29:19,0.130,0.778,0,0,eGFP1
5617,14:29:20,0.382,1.140,0,0,eGFP1
5618,14:29:20,0.097,0.701,0,0,eGFP1
5619,14:29:21,0.131,0.680,0,0,eGFP1
5620,14:29:22,0.087,0.701,0,0,eGFP1
5621,14:29:22,0.154,0.670,0,0,eGFP1
5622,14:29:24,0.086,1.129,0,0,eGFP1
5623,14:29:24,0.130,0.646,0,0,eGFP1
5624,14:29:26,0.131,1.491,0,0,eGFP1
5625,14:29:26,0.098,0.713,0,0,eGFP1
5626,14:29:27,0.108,0.580,0,0,eGFP1
5627,14:29:28,0.087,0.580,0,0,eGFP1
5628,14:29:28,0.098,0.581,0,0,eGFP1
5629,14:29:29,0.088,0.637,0,0,eGFP1
5630,14:29:29,0.119,0.657,0,0,eGFP1
5631,14:29:30,0.097,0.734,0,0,eGFP1
5632,14:29:31,0.143,0.648,0,0,eGFP1
5633,14:29:32,0.086,0.701,0,0,eGFP1
5634,14:29:32,0.163,0.723,0,0,eGFP1
5635,14:29:33,0.098,0.789,0,0,eGFP1
5636,14:29:34,0.141,0.800,0,0,eGFP1
5637,14:29:35,0.099,0.648,0,0,eGFP1
5638,14:29:35,0.119,0.690,0,0,eGFP1
5639,14:29:36,0.108,0.800,0,0,eGFP1
5640,14:29:37,0.141,0.800,0,0,eGFP1
5641,14:29:37,0.108,0.646,0,0,eGFP1
5642,14:29:38,0.109,0.734,0,0,eGFP1
5643,14:29:39,0.164,0.855,0,0,eGFP1
5644,14:29:40,0.120,0.844,0,0,eGFP1
5645,14:29:41,0.099,0.735,0,0,eGFP1
5646,14:29:41,0.143,0.824,0,0,eGFP1
5647,14:29:42,0.109,0.669,0,0,eGFP1
5648,14:29:43,0.120,0.833,0,0,eGFP1
5649,14:29:44,0.119,0.800,0,0,eGFP1
5650,14:29:45,0.141,0.767,0,0,eGFP1
5651,14:29:45,0.109,0.976,0,0,eGFP1
5652,14:29:46,0.130,0.657,0,0,eGFP1
5653,14:29:47,0.109,0.932,0,0,eGFP1
5654,14:29:48,0.110,0.691,0,0,eGFP1
5655,14:29:49,0.153,0.756,0,0,eGFP1
5656,14:29:49,0.098,0.702,0,0,eGFP1
5657,14:29:50,0.130,0.712,0,0,eGFP1
5658,14:29:51,0.098,0.800,0,0,eGFP1
5659,14:29:52,0.141,0.888,0,0,eGFP1
5660,14:29:52,0.132,0.702,0,0,eGFP1
5661,14:29:53,0.120,0.680,0,0,eGFP1
5662,14:29:54,0.088,0.757,0,0,eGFP1
5663,14:29:54,0.142,0.712,0,0,eGFP1
5664,14:29:55,0.109,0.899,0,0,eGFP1
5665,14:29:56,0.131,0.669,0,0,eGFP1
5666,14:29:57,0.097,0.789,0,0,eGFP1
5667,14:29:58,0.130,0.734,0,0,eGFP1
5668,14:29:58,0.131,0.756,0,0,eGFP1
5669,14:29:59,0.109,0.603,0,0,eGFP1
5670,14:30:00,0.099,0.658,0,0,eGFP1
5671,14:30:00,0.120,0.779,0,0,eGFP1
5672,14:30:01,0.097,0.591,0,0,eGFP1
5673,14:30:02,0.098,0.822,0,0,eGFP1
5674,14:30:03,0.143,0.714,0,0,eGFP1
5675,14:30:03,0.098,0.613,0,0,eGFP1
5676,14:30:04,0.131,0.888,0,0,eGFP1
5677,14:30:05,0.109,0.625,0,0,eGFP1
5678,14:30:06,0.110,1.076,0,0,eGFP1
5679,14:30:06,0.119,0.646,0,0,eGFP1
5680,14:30:07,0.109,0.767,0,0,eGFP1
5681,14:30:08,0.109,0.724,0,0,eGFP1
5682,14:30:09,0.119,0.811,0,0,eGFP1
5683,14:30:09,0.130,0.756,0,0,eGFP1
5684,14:30:10,0.098,0.635,0,0,eGFP1
5685,14:30:11,0.153,0.899,0,0,eGFP1
5686,14:30:12,0.098,0.592,0,0,eGFP1
5687,14:30:12,0.121,0.889,0,0,eGFP1
5688,14:30:13,0.122,0.693,0,0,eGFP1
5689,14:30:14,0.108,0.855,0,0,eGFP1
5690,14:30:15,0.163,0.997,0,0,eGFP1
5691,14:30:16,0.131,0.647,0,0,eGFP1
5692,14:30:17,0.109,1.041,0,0,eGFP1
5693,14:30:19,0.186,2.227,0,0,eGFP1
5694,14:30:20,0.120,0.625,0,0,eGFP1
5695,14:30:20,0.099,0.637,0,0,eGFP1
5696,14:30:21,0.109,0.624,0,0,eGFP1
5697,14:30:21,0.087,0.570,0,0,eGFP1
5698,14:30:22,0.098,0.636,0,0,eGFP1
5699,14:30:23,0.098,0.756,0,0,eGFP1
5700,14:30:24,0.131,0.811,0,0,eGFP1
5701,14:30:24,0.098,0.647,0,0,eGFP1
5702,14:30:25,0.132,0.944,0,0,eGFP1
5703,14:30:26,0.110,0.769,0,0,eGFP1
5704,14:30:27,0.130,0.756,0,0,eGFP1
5705,14:30:27,0.087,0.559,0,0,eGFP1
5706,14:30:29,0.120,1.744,0,0,eGFP1
5707,14:30:30,0.131,0.789,0,0,eGFP1
5708,14:30:30,0.109,0.680,0,0,eGFP1
5709,14:30:31,0.108,0.800,0,0,eGFP1
5710,14:30:32,0.120,0.745,0,0,eGFP1
5711,14:30:33,0.110,0.637,0,0,eGFP1
5712,14:30:33,0.098,0.811,0,0,eGFP1
5713,14:30:34,0.120,0.614,0,0,eGFP1
5714,14:30:35,0.120,0.833,0,0,eGFP1
5715,14:30:35,0.089,0.550,0,0,eGFP1
5716,14:30:36,0.087,0.756,0,0,eGFP1
5717,14:30:37,0.131,0.757,0,0,eGFP1
5718,14:30:38,0.098,0.811,0,0,eGFP1
5719,14:30:38,0.120,0.581,0,0,eGFP1
5720,14:30:39,0.088,0.681,0,0,eGFP1
5721,14:30:40,0.186,0.866,0,0,eGFP1
5722,14:30:42,0.087,1.722,0,0,eGFP1
5723,14:30:42,0.098,0.647,0,0,eGFP1
5724,14:30:43,0.109,0.679,0,0,eGFP1
5725,14:30:44,0.109,0.647,0,0,eGFP1
5726,14:30:44,0.142,0.746,0,0,eGFP1
5727,14:30:45,0.098,0.603,0,0,eGFP1
5728,14:30:46,0.121,0.834,0,0,eGFP1
5729,14:30:46,0.123,0.628,0,0,eGFP1
5730,14:30:47,0.076,0.559,0,0,eGFP1
5731,14:30:48,0.152,0.921,0,0,eGFP1
5732,14:30:48,0.098,0.537,0,0,eGFP1
5733,14:30:50,0.109,1.107,0,0,eGFP1
5734,14:30:50,0.109,0.878,0,0,eGFP1
5735,14:30:51,0.196,0.789,0,0,eGFP1
5736,14:30:52,0.099,0.846,0,0,eGFP1
5737,14:30:53,0.109,0.603,0,0,eGFP1
5738,14:30:53,0.109,0.833,0,0,eGFP1
5739,14:30:54,0.109,0.680,0,0,eGFP1
5740,14:30:55,0.163,0.778,0,0,eGFP1
5741,14:30:56,0.098,0.735,0,0,eGFP1
5742,14:30:56,0.142,0.778,0,0,eGFP1
5743,14:30:57,0.100,0.517,0,0,eGFP1
5744,14:31:00,0.099,2.996,0,0,eGFP1
5745,14:31:01,0.098,0.768,0,0,eGFP1
5746,14:31:01,0.131,0.679,0,0,eGFP1
5747,14:31:02,0.088,0.625,0,0,eGFP1
5748,14:31:03,0.109,0.636,0,0,eGFP1
5749,14:31:03,0.087,0.625,0,0,eGFP1
5750,14:31:04,0.131,0.779,0,0,eGFP1
5751,14:31:05,0.098,0.613,0,0,eGFP1
5752,14:31:05,0.121,0.724,0,0,eGFP1
5753,14:31:06,0.089,0.571,0,0,eGFP1
5754,14:31:07,0.132,1.141,0,0,eGFP1
5755,14:31:08,0.087,0.636,0,0,eGFP1
5756,14:31:08,0.164,0.768,0,0,eGFP1
5757,14:31:09,0.088,0.703,0,0,eGFP1
5758,14:31:10,0.142,0.691,0,0,eGFP1
5759,14:31:11,0.087,0.668,0,0,eGFP1
5760,14:31:11,0.120,0.625,0,0,eGFP1
5761,14:31:12,0.089,0.627,0,0,eGFP1
5762,14:31:13,0.131,0.712,0,0,eGFP1
5763,14:31:13,0.087,0.636,0,0,eGFP1
5764,14:31:14,0.208,1.020,0,0,eGFP1
5765,14:31:15,0.098,0.614,0,0,eGFP1
5766,14:31:16,0.131,0.812,0,0,eGFP1
5767,14:31:16,0.087,0.581,0,0,eGFP1
5768,14:31:17,0.098,0.954,0,0,eGFP1
5769,14:31:18,0.112,0.627,0,0,eGFP1
5770,14:31:19,0.131,0.955,0,0,eGFP1
5771,14:31:19,0.099,0.549,0,0,eGFP1
5772,14:31:20,0.120,0.998,0,0,eGFP1
5773,14:31:21,0.098,0.592,0,0,eGFP1
5774,14:31:22,0.131,0.878,0,0,eGFP1
5775,14:31:22,0.098,0.548,0,0,eGFP1
5776,14:31:23,0.164,0.680,0,0,eGFP1
5777,14:31:28,0.317,4.872,0,0,eGFP1
5778,14:31:29,0.141,0.766,0,0,eGFP1
5779,14:31:29,0.164,0.889,0,0,eGFP1
5780,14:31:30,0.098,0.603,0,0,eGFP1
5781,14:31:31,0.175,1.075,0,0,eGFP1
5782,14:31:32,0.098,0.658,0,0,eGFP1
5783,14:31:33,0.219,1.009,0,0,eGFP1
5784,14:31:34,0.120,0.855,0,0,eGFP1
5785,14:31:34,0.111,0.561,0,0,eGFP1
5786,14:31:35,0.077,0.780,0,0,eGFP1
5787,14:31:36,0.153,0.735,0,0,eGFP1
5788,14:31:36,0.098,0.658,0,0,eGFP1
5789,14:31:37,0.098,0.669,0,0,eGFP1
5790,14:31:38,0.098,0.603,0,0,eGFP1
5791,14:31:38,0.109,0.767,0,0,eGFP1
5792,14:31:39,0.143,0.735,0,0,eGFP1
5793,14:31:40,0.088,0.483,0,0,eGFP1
5794,14:31:40,0.088,0.659,0,0,eGFP1
5795,14:31:41,0.153,0.713,0,0,eGFP1
5796,14:31:42,0.109,0.757,0,0,eGFP1
5797,14:31:42,0.109,0.625,0,0,eGFP1
5798,14:31:43,0.100,0.659,0,0,eGFP1
5799,14:31:44,0.153,0.779,0,0,eGFP1
5800,14:31:44,0.087,0.515,0,0,eGFP1
5801,14:31:45,0.088,0.636,0,0,eGFP1
5802,14:31:46,0.133,0.726,0,0,eGFP1
5803,14:31:46,0.087,0.493,0,0,eGFP1
5804,14:31:47,0.077,0.790,0,0,eGFP1
5805,14:31:48,0.164,0.724,0,0,eGFP1
5806,14:31:48,0.098,0.614,0,0,eGFP1
5807,14:31:49,0.109,0.768,0,0,eGFP1
5808,14:31:50,0.109,0.570,0,0,eGFP1
5809,14:31:50,0.087,0.625,0,0,eGFP1
5810,14:31:51,0.124,0.651,0,0,eGFP1
5811,14:31:52,0.110,0.747,0,0,eGFP1
5812,14:31:53,0.111,0.769,0,0,eGFP1
5813,14:31:56,0.219,3.314,0,0,eGFP1
5814,14:31:57,0.197,0.790,0,0,eGFP1
5815,14:31:57,0.098,0.745,0,0,eGFP1
5816,14:31:58,0.132,0.681,0,0,eGFP1
5817,14:31:59,0.087,0.559,0,0,eGFP1
5818,14:32:00,0.131,0.932,0,0,eGFP1
5819,14:32:00,0.133,0.813,0,0,eGFP1
5820,14:32:01,0.121,0.615,0,0,eGFP1
5821,14:32:01,0.076,0.460,0,0,eGFP1
5822,14:32:02,0.088,0.582,0,0,eGFP1
5823,14:32:03,0.120,0.691,0,0,eGFP1
5824,14:32:03,0.109,0.658,0,0,eGFP1
5825,14:32:04,0.109,0.713,0,0,eGFP1
5826,14:32:05,0.121,0.615,0,0,eGFP1
5827,14:32:05,0.081,0.509,0,0,eGFP1
5828,14:32:06,0.088,0.702,0,0,eGFP1
5829,14:32:07,0.121,0.702,0,0,eGFP1
5830,14:32:07,0.121,0.779,0,0,eGFP1
5831,14:32:08,0.099,0.702,0,0,eGFP1
5832,14:32:09,0.110,0.691,0,0,eGFP1
5833,14:32:09,0.121,0.735,0,0,eGFP1
5834,14:32:10,0.099,0.680,0,0,eGFP1
5835,14:32:11,0.133,0.737,0,0,eGFP1
5836,14:32:12,0.109,0.801,0,0,eGFP1
5837,14:32:12,0.153,0.756,0,0,eGFP1
5838,14:32:13,0.099,0.571,0,0,eGFP1
5839,14:32:14,0.087,0.669,0,0,eGFP1
5840,14:32:15,0.133,0.879,0,0,eGFP1
5841,14:32:15,0.143,0.658,0,0,eGFP1
5842,14:32:16,0.088,0.560,0,0,eGFP1
5843,14:32:16,0.098,0.680,0,0,eGFP1
5844,14:32:17,0.122,0.714,0,0,eGFP1
5845,14:32:18,0.088,0.538,0,0,eGFP1
5846,14:32:18,0.077,0.483,0,0,eGFP1
5847,14:32:19,0.098,0.757,0,0,eGFP1
5848,14:32:20,0.142,0.833,0,0,eGFP1
5849,14:32:20,0.110,0.593,0,0,eGFP1
5850,14:32:21,0.087,0.801,0,0,eGFP1
5851,14:32:22,0.154,0.714,0,0,eGFP1
5852,14:32:23,0.100,0.780,0,0,eGFP1
5853,14:32:23,0.131,0.658,0,0,eGFP1
5854,14:32:24,0.089,0.572,0,0,eGFP1
5855,14:32:25,0.121,0.867,0,0,eGFP1
5856,14:32:25,0.120,0.636,0,0,eGFP1
5857,14:32:26,0.121,0.658,0,0,eGFP1
5858,14:32:27,0.110,0.604,0,0,eGFP1
5859,14:32:27,0.098,0.636,0,0,eGFP1
5860,14:32:28,0.111,0.791,0,0,eGFP1
5861,14:32:29,0.110,0.582,0,0,eGFP1
5862,14:32:29,0.077,0.516,0,0,eGFP1
5863,14:32:30,0.076,0.746,0,0,eGFP1
5864,14:32:31,0.219,1.020,0,0,eGFP1
5865,14:32:32,0.121,0.658,0,0,eGFP1
5866,14:32:32,0.121,0.768,0,0,eGFP1
5867,14:32:33,0.132,0.670,0,0,eGFP1
5868,14:32:34,0.101,0.672,0,0,eGFP1
5869,14:32:35,0.153,0.812,0,0,eGFP1
5870,14:32:35,0.109,0.713,0,0,eGFP1
5871,14:32:36,0.099,0.669,0,0,eGFP1
5872,14:32:37,0.110,0.713,0,0,eGFP1
5873,14:32:37,0.132,0.801,0,0,eGFP1
5874,14:32:38,0.099,0.714,0,0,eGFP1
5875,14:32:39,0.109,0.713,0,0,eGFP1
5876,14:32:39,0.098,0.537,0,0,eGFP1
5877,14:32:40,0.079,0.660,0,0,eGFP1
5878,14:32:41,0.132,0.856,0,0,eGFP1
5879,14:32:42,0.143,0.823,0,0,eGFP1
5880,14:32:42,0.132,0.680,0,0,eGFP1
5881,14:32:43,0.100,0.572,0,0,eGFP1
5882,14:32:44,0.099,0.845,0,0,eGFP1
5883,14:32:45,0.154,0.713,0,0,eGFP1
5884,14:32:45,0.088,0.681,0,0,eGFP1
5885,14:32:46,0.122,0.681,0,0,eGFP1
5886,14:32:47,0.099,0.746,0,0,eGFP1
5887,14:32:47,0.143,0.659,0,0,eGFP1
5888,14:32:48,0.088,0.603,0,0,eGFP1
5889,14:32:49,0.121,0.955,0,0,eGFP1
5890,14:32:50,0.165,0.823,0,0,eGFP1
5891,14:32:50,0.110,0.714,0,0,eGFP1
5892,14:32:51,0.143,0.889,0,0,eGFP1
5893,14:32:52,0.122,0.583,0,0,eGFP1
5894,14:32:53,0.098,0.746,0,0,eGFP1
5895,14:32:53,0.133,0.758,0,0,eGFP1
5896,14:32:54,0.121,0.670,0,0,eGFP1
5897,14:32:55,0.088,0.516,0,0,eGFP1
5898,14:32:55,0.076,0.581,0,0,eGFP1
5899,14:32:56,0.165,0.944,0,0,eGFP1
5900,14:32:57,0.132,0.834,0,0,eGFP1
5901,14:32:58,0.122,0.813,0,0,eGFP1
5902,14:32:59,0.143,0.791,0,0,eGFP1
5903,14:32:59,0.153,0.900,0,0,eGFP1
5904,14:33:00,0.098,0.735,0,0,eGFP1
5905,14:33:01,0.121,0.713,0,0,eGFP1
5906,14:33:02,0.088,0.768,0,0,eGFP1
5907,14:33:02,0.143,0.801,0,0,eGFP1
5908,14:33:03,0.132,0.846,0,0,eGFP1
5909,14:33:04,0.144,0.835,0,0,eGFP1
5910,14:33:05,0.111,0.759,0,0,eGFP1
5911,14:36:11,0.921,185.954,0,0,eGFP1
5912,14:36:12,0.330,1.581,0,0,eGFP1
5913,14:36:13,0.110,0.867,0,0,eGFP1
5914,14:36:14,0.219,0.834,0,0,eGFP1
5915,14:36:16,0.088,1.690,0,0,eGFP1
5916,14:36:17,0.121,0.768,0,0,eGFP1
5917,14:36:17,0.132,0.692,0,0,eGFP1
5918,14:36:18,0.089,0.780,0,0,eGFP1
5919,14:36:19,0.165,0.714,0,0,eGFP1
5920,14:36:20,0.076,0.921,0,0,eGFP1
5921,14:36:20,0.187,0.747,0,0,eGFP1
5922,14:36:21,0.121,0.812,0,0,eGFP1
5923,14:36:22,0.254,1.011,0,0,eGFP1
5924,14:36:23,0.110,0.955,0,0,eGFP1
5925,14:36:24,0.099,0.571,0,0,eGFP1
5926,14:36:24,0.155,0.583,0,0,eGFP1
5927,14:36:26,0.439,1.141,0,0,eGFP1
5928,14:36:26,0.099,0.856,0,0,eGFP1
5929,14:36:27,0.132,0.867,0,0,eGFP1
5930,14:36:28,0.143,0.736,0,0,eGFP1
5931,14:36:29,0.142,0.845,0,0,eGFP1
5932,14:36:29,0.102,0.552,0,0,eGFP1
5933,14:36:30,0.132,1.076,0,0,eGFP1
5934,14:36:32,0.100,1.175,0,0,eGFP1
5935,14:36:32,0.242,0.802,0,0,eGFP1
5936,14:36:33,0.088,0.658,0,0,eGFP1
5937,14:36:34,0.155,0.913,0,0,eGFP1
5938,14:36:35,0.098,0.516,0,0,eGFP1
5939,14:36:36,0.086,1.128,0,0,eGFP1
5940,14:36:36,0.163,0.657,0,0,eGFP1
5941,14:36:37,0.086,0.744,0,0,eGFP1
5942,14:36:38,0.185,0.964,0,0,eGFP1
5943,14:36:39,0.153,1.075,0,0,eGFP1
5944,14:36:40,0.174,0.964,0,0,eGFP1
5945,14:36:41,0.140,0.876,0,0,eGFP1
5946,14:36:42,0.108,0.744,0,0,eGFP1
5947,14:36:43,0.163,0.843,0,0,eGFP1
5948,14:36:43,0.086,0.668,0,0,eGFP1
5949,14:36:44,0.459,0.569,0,0,eGFP1
5950,14:36:45,0.338,0.898,0,0,eGFP1
5951,14:36:45,0.088,0.692,0,0,eGFP1
5952,14:36:46,0.163,0.931,0,0,eGFP1
5953,14:36:47,0.141,0.799,0,0,eGFP1
5954,14:36:48,0.097,0.668,0,0,eGFP1
5955,14:36:49,0.162,0.843,0,0,eGFP1
5956,14:36:49,0.151,0.909,0,0,eGFP1
5957,14:36:50,0.097,0.569,0,0,eGFP1
5958,14:36:51,0.107,0.876,0,0,eGFP1
5959,14:36:52,0.109,0.570,0,0,eGFP1
5960,14:36:52,0.097,0.887,0,0,eGFP1
5961,14:36:55,0.207,2.346,0,0,eGFP1
5962,14:36:55,0.119,0.668,0,0,eGFP1
5963,14:36:56,0.141,1.074,0,0,eGFP1
5964,14:36:57,0.120,0.888,0,0,eGFP1
5965,14:36:58,0.152,0.865,0,0,eGFP1
5966,14:36:59,0.130,0.668,0,0,eGFP1
5967,14:37:00,0.120,0.625,0,0,eGFP1
5968,14:37:00,0.108,0.821,0,0,eGFP1
5969,14:37:01,0.119,0.657,0,0,eGFP1
5970,14:37:02,0.086,0.602,0,0,eGFP1
5971,14:37:02,0.130,0.810,0,0,eGFP1
5972,14:37:03,0.108,0.701,0,0,eGFP1
5973,14:37:04,0.119,0.766,0,0,eGFP1
5974,14:37:04,0.108,0.569,0,0,eGFP1
5975,14:37:05,0.086,0.602,0,0,eGFP1
5976,14:37:06,0.153,0.823,0,0,eGFP1
5977,14:37:06,0.097,0.525,0,0,eGFP1
5978,14:37:07,0.076,1.053,0,0,eGFP1
5979,14:37:08,0.108,0.558,0,0,eGFP1
5980,14:37:09,0.086,0.580,0,0,eGFP1
5981,14:37:09,0.097,0.558,0,0,eGFP1
5982,14:37:10,0.097,0.601,0,0,eGFP1
5983,14:37:10,0.097,0.635,0,0,eGFP1
5984,14:37:11,0.088,0.713,0,0,eGFP1
5985,14:37:12,0.119,0.701,0,0,eGFP1
5986,14:37:12,0.108,0.602,0,0,eGFP1
5987,14:37:13,0.086,0.481,0,0,eGFP1
5988,14:37:14,0.075,0.799,0,0,eGFP1
5989,14:37:14,0.130,0.602,0,0,eGFP1
5990,14:37:15,0.075,0.525,0,0,eGFP1
5991,14:37:16,0.108,0.898,0,0,eGFP1
5992,14:37:16,0.100,0.528,0,0,eGFP1
5993,14:37:17,0.097,0.722,0,0,eGFP1
5994,14:37:18,0.130,0.712,0,0,eGFP1
5995,14:37:18,0.097,0.613,0,0,eGFP1
5996,14:37:19,0.097,0.624,0,0,eGFP1
5997,14:37:20,0.108,0.843,0,0,eGFP1
5998,14:37:20,0.108,0.536,0,0,eGFP1
5999,14:37:21,0.075,0.536,0,0,eGFP1
6000,14:37:22,0.121,0.834,0,0,eGFP1
6001,14:37:22,0.108,0.558,0,0,eGFP1
6002,14:37:23,0.075,0.580,0,0,eGFP1
6003,14:37:23,0.119,0.646,0,0,eGFP1
6004,14:37:24,0.097,0.558,0,0,eGFP1
6005,14:37:25,0.097,0.514,0,0,eGFP1
6006,14:37:25,0.087,0.768,0,0,eGFP1
6007,14:37:26,0.130,0.602,0,0,eGFP1
6008,14:37:26,0.075,0.470,0,0,eGFP1
6009,14:37:27,0.088,0.812,0,0,eGFP1
6010,14:37:28,0.119,0.569,0,0,eGFP1
6011,14:37:28,0.075,0.448,0,0,eGFP1
6012,14:37:29,0.086,0.767,0,0,eGFP1
6013,14:37:30,0.152,0.778,0,0,eGFP1
6014,14:37:30,0.108,0.722,0,0,eGFP1
6015,14:37:31,0.097,0.745,0,0,eGFP1
6016,14:37:32,0.130,0.668,0,0,eGFP1
6017,14:37:33,0.087,0.691,0,0,eGFP1
6018,14:37:33,0.108,0.657,0,0,eGFP1
6019,14:37:34,0.097,0.744,0,0,eGFP1
6020,14:37:35,0.099,0.768,0,0,eGFP1
6021,14:37:35,0.141,0.646,0,0,eGFP1
6022,14:37:36,0.097,0.701,0,0,eGFP1
6023,14:37:37,0.108,0.558,0,0,eGFP1
6024,14:37:37,0.097,0.778,0,0,eGFP1
6025,14:37:38,0.131,0.614,0,0,eGFP1
6026,14:37:39,0.086,0.657,0,0,eGFP1
6027,14:37:39,0.130,0.712,0,0,eGFP1
6028,14:37:40,0.097,0.711,0,0,eGFP1
6029,14:37:41,0.130,0.745,0,0,eGFP1
6030,14:37:42,0.097,0.723,0,0,eGFP1
6031,14:37:42,0.130,0.733,0,0,eGFP1
6032,14:37:43,0.098,0.668,0,0,eGFP1
6033,14:37:44,0.120,0.844,0,0,eGFP1
6034,14:37:45,0.130,0.822,0,0,eGFP1
6035,14:37:45,0.130,0.777,0,0,eGFP1
6036,14:37:46,0.119,0.646,0,0,eGFP1
6037,14:37:48,0.097,2.226,0,0,eGFP1
6038,14:37:49,0.098,0.624,0,0,eGFP1
6039,14:37:50,0.142,0.899,0,0,eGFP1
6040,14:37:50,0.097,0.514,0,0,eGFP1
6041,14:37:51,0.086,0.800,0,0,eGFP1
6042,14:37:52,0.164,0.713,0,0,eGFP1
6043,14:37:53,0.108,0.734,0,0,eGFP1
6044,14:37:53,0.119,0.602,0,0,eGFP1
6045,14:37:54,0.075,0.514,0,0,eGFP1
6046,14:37:55,0.130,0.876,0,0,eGFP1
6047,14:37:55,0.088,0.571,0,0,eGFP1
6048,14:37:56,0.108,0.778,0,0,eGFP1
6049,14:37:57,0.119,0.624,0,0,eGFP1
6050,14:37:57,0.098,0.691,0,0,eGFP1
6051,14:37:58,0.130,0.800,0,0,eGFP1
6052,14:37:59,0.108,0.733,0,0,eGFP1
6053,14:37:59,0.131,0.734,0,0,eGFP1
6054,14:38:00,0.109,0.647,0,0,eGFP1
6055,14:38:01,0.152,0.866,0,0,eGFP1
6056,14:38:02,0.108,0.569,0,0,eGFP1
6057,14:38:02,0.086,0.547,0,0,eGFP1
6058,14:38:03,0.099,0.757,0,0,eGFP1
6059,14:38:03,0.119,0.602,0,0,eGFP1
6060,14:38:04,0.076,0.537,0,0,eGFP1
6061,14:38:05,0.087,0.625,0,0,eGFP1
6062,14:38:05,0.119,0.778,0,0,eGFP1
6063,14:38:06,0.097,0.679,0,0,eGFP1
6064,14:38:07,0.130,0.767,0,0,eGFP1
6065,14:38:08,0.097,0.646,0,0,eGFP1
6066,14:38:08,0.119,0.712,0,0,eGFP1
6067,14:38:09,0.142,0.932,0,0,eGFP1
6068,14:38:10,0.109,0.548,0,0,eGFP1
6069,14:38:10,0.075,0.591,0,0,eGFP1
6070,14:38:11,0.141,0.832,0,0,eGFP1
6071,14:38:12,0.087,0.526,0,0,eGFP1
6072,14:38:12,0.108,0.843,0,0,eGFP1
6073,14:38:13,0.120,0.614,0,0,eGFP1
6074,14:38:14,0.108,0.810,0,0,eGFP1
6075,14:38:14,0.089,0.528,0,0,eGFP1
6076,14:38:15,0.087,0.734,0,0,eGFP1
6077,14:38:16,0.142,0.701,0,0,eGFP1
6078,14:38:17,0.109,0.701,0,0,eGFP1
6079,14:38:17,0.098,0.646,0,0,eGFP1
6080,14:38:18,0.120,0.833,0,0,eGFP1
6081,14:38:19,0.097,0.547,0,0,eGFP1
6082,14:38:19,0.087,0.800,0,0,eGFP1
6083,14:38:20,0.143,0.692,0,0,eGFP1
6084,14:38:21,0.097,0.854,0,0,eGFP1
6085,14:38:22,0.120,0.635,0,0,eGFP1
6086,14:38:22,0.098,0.767,0,0,eGFP1
6087,14:38:23,0.120,0.723,0,0,eGFP1
6088,14:38:24,0.109,0.789,0,0,eGFP1
6089,14:38:25,0.132,0.658,0,0,eGFP1
6090,14:38:25,0.142,0.855,0,0,eGFP1
6091,14:38:26,0.110,0.659,0,0,eGFP1
6092,14:38:27,0.141,0.887,0,0,eGFP1
6093,14:38:28,0.098,0.603,0,0,eGFP1
6094,14:38:28,0.119,0.854,0,0,eGFP1
6095,14:38:29,0.122,0.605,0,0,eGFP1
6096,14:38:30,0.098,0.789,0,0,eGFP1
6097,14:38:30,0.141,0.646,0,0,eGFP1
6098,14:38:31,0.098,0.954,0,0,eGFP1
6099,14:38:32,0.207,0.876,0,0,eGFP1
6100,14:38:33,0.099,0.615,0,0,eGFP1
6101,14:38:34,0.119,0.679,0,0,eGFP1
6102,14:38:34,0.109,0.624,0,0,eGFP1
6103,14:38:35,0.121,0.648,0,0,eGFP1
6104,14:38:36,0.119,0.701,0,0,eGFP1
6105,14:38:36,0.130,0.833,0,0,eGFP1
6106,14:38:37,0.108,0.602,0,0,eGFP1
6107,14:38:38,0.109,0.910,0,0,eGFP1
6108,14:38:39,0.153,0.823,0,0,eGFP1
6109,14:41:53,0.152,194.327,0,0,eGFP1
6110,14:41:54,0.119,0.975,0,0,eGFP1
6111,14:41:55,0.109,0.866,0,0,eGFP1
6112,14:41:56,0.152,1.019,0,0,eGFP1
6113,14:41:57,0.164,0.789,0,0,eGFP1
6114,14:41:58,0.098,0.899,0,0,eGFP1
6115,14:41:58,0.141,0.668,0,0,eGFP1
6116,14:42:00,0.154,1.471,0,0,eGFP1
6117,14:42:00,0.088,0.746,0,0,eGFP1
6118,14:42:01,0.164,0.668,0,0,eGFP1
6119,14:42:02,0.076,0.965,0,0,eGFP1
6120,14:42:03,0.152,0.646,0,0,eGFP1
6121,14:42:04,0.087,0.877,0,0,eGFP1
6122,14:42:04,0.119,0.591,0,0,eGFP1
6123,14:42:06,0.153,1.481,0,0,eGFP1
6124,14:42:06,0.099,0.746,0,0,eGFP1
6125,14:42:07,0.153,0.811,0,0,eGFP1
6126,14:42:09,0.098,1.634,0,0,eGFP1
6127,14:42:10,0.109,1.382,0,0,eGFP1
6128,14:42:11,0.119,0.646,0,0,eGFP1
6129,14:42:12,0.119,0.910,0,0,eGFP1
6130,14:42:12,0.099,0.592,0,0,eGFP1
6131,14:42:14,0.734,1.404,0,0,eGFP1
6132,14:42:14,0.097,0.569,0,0,eGFP1
6133,14:42:15,0.099,0.846,0,0,eGFP1
6134,14:42:16,0.097,0.536,0,0,eGFP1
6135,14:42:16,0.131,0.614,0,0,eGFP1
6136,14:42:22,0.295,5.606,0,0,eGFP1
6137,14:42:24,0.263,2.457,0,0,eGFP1
6138,14:42:25,0.252,0.888,0,0,eGFP1
6139,14:42:27,0.131,1.338,0,0,eGFP1
6140,14:42:27,0.130,0.635,0,0,eGFP1
6141,14:42:28,0.088,1.010,0,0,eGFP1
6142,14:42:29,0.251,0.910,0,0,eGFP1
6143,14:42:30,0.218,0.954,0,0,eGFP1
6144,14:42:31,0.110,0.801,0,0,eGFP1
6145,14:42:32,0.142,0.866,0,0,eGFP1
6146,14:42:33,0.152,0.866,0,0,eGFP1
6147,14:42:33,0.097,0.547,0,0,eGFP1
6148,14:42:34,0.098,0.899,0,0,eGFP1
6149,14:42:35,0.110,0.593,0,0,eGFP1
6150,14:42:36,0.098,0.965,0,0,eGFP1
6151,14:42:36,0.108,0.525,0,0,eGFP1
6152,14:42:38,0.076,1.656,0,0,eGFP1
6153,14:42:39,0.109,0.844,0,0,eGFP1
6154,14:42:39,0.098,0.592,0,0,eGFP1
6155,14:42:40,0.086,0.734,0,0,eGFP1
6156,14:42:41,0.109,0.570,0,0,eGFP1
6157,14:42:41,0.088,0.834,0,0,eGFP1
6158,14:42:42,0.121,0.604,0,0,eGFP1
6159,14:42:43,0.174,1.129,0,0,eGFP1
6160,14:42:44,0.087,0.537,0,0,eGFP1
6161,14:42:44,0.087,0.679,0,0,eGFP1
6162,14:42:45,0.120,0.559,0,0,eGFP1
6163,14:42:46,0.076,0.580,0,0,eGFP1
6164,14:42:46,0.131,0.822,0,0,eGFP1
6165,14:42:47,0.109,0.603,0,0,eGFP1
6166,14:42:48,0.099,0.725,0,0,eGFP1
6167,14:42:49,0.119,0.811,0,0,eGFP1
6168,14:42:49,0.087,0.504,0,0,eGFP1
6169,14:42:50,0.086,0.690,0,0,eGFP1
6170,14:42:50,0.142,0.756,0,0,eGFP1
6171,14:42:51,0.087,0.614,0,0,eGFP1
6172,14:42:52,0.154,0.889,0,0,eGFP1
6173,14:42:53,0.109,0.712,0,0,eGFP1
6174,14:42:54,0.220,0.911,0,0,eGFP1
6175,14:42:55,0.087,0.932,0,0,eGFP1
6176,14:42:55,0.167,0.661,0,0,eGFP1
6177,14:42:56,0.075,0.525,0,0,eGFP1
6178,14:42:57,0.131,0.888,0,0,eGFP1
6179,14:42:57,0.098,0.526,0,0,eGFP1
6180,14:42:59,0.087,2.062,0,0,eGFP1
6181,14:43:00,0.098,0.702,0,0,eGFP1
6182,14:43:01,0.165,0.746,0,0,eGFP1
6183,14:43:02,0.087,1.305,0,0,eGFP1
6184,14:43:03,0.142,0.647,0,0,eGFP1
6185,14:43:03,0.120,0.888,0,0,eGFP1
6186,14:43:04,0.088,0.527,0,0,eGFP1
6187,14:43:05,0.120,0.899,0,0,eGFP1
6188,14:43:06,0.098,1.349,0,0,eGFP1
6189,14:43:07,0.164,0.690,0,0,eGFP1
6190,14:43:08,0.111,0.901,0,0,eGFP1
6191,14:43:08,0.109,0.635,0,0,eGFP1
6192,14:43:09,0.175,0.768,0,0,eGFP1
6193,14:43:10,0.087,0.734,0,0,eGFP1
6194,14:43:11,0.153,0.767,0,0,eGFP1
6195,14:43:11,0.098,0.603,0,0,eGFP1
6196,14:43:12,0.131,0.899,0,0,eGFP1
6197,14:43:13,0.098,0.537,0,0,eGFP1
6198,14:43:14,0.109,1.096,0,0,eGFP1
6199,14:43:14,0.100,0.539,0,0,eGFP1
6200,14:43:15,0.088,0.977,0,0,eGFP1
6201,14:43:16,0.141,0.624,0,0,eGFP1
6202,14:43:17,0.076,0.603,0,0,eGFP1
6203,14:43:17,0.109,0.603,0,0,eGFP1
6204,14:43:18,0.098,0.877,0,0,eGFP1
6205,14:43:19,0.131,0.592,0,0,eGFP1
6206,14:43:20,0.076,0.899,0,0,eGFP1
6207,14:43:20,0.209,0.736,0,0,eGFP1
6208,14:43:22,0.076,1.239,0,0,eGFP1
6209,14:43:22,0.142,0.636,0,0,eGFP1
6210,14:43:23,0.098,0.701,0,0,eGFP1
6211,14:43:24,0.120,0.625,0,0,eGFP1
6212,14:43:24,0.109,0.811,0,0,eGFP1
6213,14:43:25,0.100,0.593,0,0,eGFP1
6214,14:43:26,0.153,0.856,0,0,eGFP1
6215,14:43:26,0.077,0.571,0,0,eGFP1
6216,14:43:27,0.230,1.108,0,0,eGFP1
6217,14:43:28,0.098,0.636,0,0,eGFP1
6218,14:43:29,0.152,0.844,0,0,eGFP1
6219,14:43:30,0.109,0.701,0,0,eGFP1
6220,14:43:30,0.120,0.658,0,0,eGFP1
6221,14:43:31,0.087,0.778,0,0,eGFP1
6222,14:43:32,0.186,0.757,0,0,eGFP1
6223,14:43:33,0.088,0.857,0,0,eGFP1
6224,14:43:33,0.120,0.591,0,0,eGFP1
6225,14:43:34,0.077,0.647,0,0,eGFP1
6226,14:43:35,0.153,0.757,0,0,eGFP1
6227,14:43:35,0.081,0.673,0,0,eGFP1
6228,14:43:36,0.285,0.757,0,0,eGFP1
6229,14:43:37,0.230,0.789,0,0,eGFP1
6230,14:43:38,0.076,0.834,0,0,eGFP1
6231,14:43:38,0.142,0.613,0,0,eGFP1
6232,14:43:39,0.078,0.616,0,0,eGFP1
6233,14:43:40,0.164,0.778,0,0,eGFP1
6234,14:43:40,0.087,0.603,0,0,eGFP1
6235,14:43:41,0.153,0.921,0,0,eGFP1
6236,14:43:42,0.087,0.515,0,0,eGFP1
6237,14:43:43,0.110,1.042,0,0,eGFP1
6238,14:43:43,0.109,0.548,0,0,eGFP1
6239,14:43:44,0.088,0.856,0,0,eGFP1
6240,14:43:45,0.132,0.604,0,0,eGFP1
6241,14:43:50,0.089,4.972,0,0,eGFP1
6242,14:43:51,0.175,0.768,0,0,eGFP1
6243,14:43:51,0.142,0.899,0,0,eGFP1
6244,14:43:52,0.109,0.636,0,0,eGFP1
6245,14:43:53,0.098,0.712,0,0,eGFP1
6246,14:43:54,0.153,0.757,0,0,eGFP1
6247,14:43:54,0.087,0.504,0,0,eGFP1
6248,14:43:56,0.111,1.526,0,0,eGFP1
6249,14:43:56,0.099,0.757,0,0,eGFP1
6250,14:43:57,0.186,0.724,0,0,eGFP1
6251,14:43:58,0.087,0.745,0,0,eGFP1
6252,14:43:58,0.131,0.581,0,0,eGFP1
6253,14:43:59,0.077,0.647,0,0,eGFP1
6254,14:44:00,0.186,0.823,0,0,eGFP1
6255,14:44:00,0.088,0.582,0,0,eGFP1
6256,14:44:01,0.122,0.857,0,0,eGFP1
6257,14:44:02,0.109,0.801,0,0,eGFP1
6258,14:44:03,0.131,0.635,0,0,eGFP1
6259,14:44:04,0.099,0.911,0,0,eGFP1
6260,14:44:04,0.120,0.592,0,0,eGFP1
6261,14:44:05,0.076,0.614,0,0,eGFP1
6262,14:44:06,0.131,0.680,0,0,eGFP1
6263,14:44:08,0.087,2.117,0,0,eGFP1
6264,14:44:08,0.109,0.735,0,0,eGFP1
6265,14:44:09,0.187,0.736,0,0,eGFP1
6266,14:44:10,0.098,1.141,0,0,eGFP1
6267,14:44:11,0.131,0.614,0,0,eGFP1
6268,14:44:12,0.109,0.910,0,0,eGFP1
6269,14:44:12,0.111,0.605,0,0,eGFP1
6270,14:44:13,0.142,0.833,0,0,eGFP1
6271,14:44:14,0.098,0.537,0,0,eGFP1
6272,14:44:15,0.099,0.724,0,0,eGFP1
6273,14:44:15,0.122,0.824,0,0,eGFP1
6274,14:44:16,0.131,0.581,0,0,eGFP1
6275,14:44:17,0.087,0.658,0,0,eGFP1
6276,14:44:17,0.142,0.812,0,0,eGFP1
6277,14:44:18,0.098,0.702,0,0,eGFP1
6278,14:44:28,0.153,9.601,0,0,eGFP1
6279,14:44:28,0.132,0.746,0,0,eGFP1
6280,14:44:29,0.230,0.910,0,0,eGFP1
6281,14:44:30,0.089,0.879,0,0,eGFP1
6282,14:44:31,0.175,0.790,0,0,eGFP1
6283,14:44:32,0.089,0.539,0,0,eGFP1
6284,14:44:32,0.109,0.844,0,0,eGFP1
6285,14:44:33,0.120,0.581,0,0,eGFP1
6286,14:44:33,0.077,0.461,0,0,eGFP1
6287,14:44:34,0.087,0.702,0,0,eGFP1
6288,14:44:35,0.120,0.658,0,0,eGFP1
6289,14:44:35,0.120,0.625,0,0,eGFP1
6290,14:44:36,0.086,0.723,0,0,eGFP1
6291,14:44:37,0.153,0.866,0,0,eGFP1
6292,14:44:38,0.121,0.636,0,0,eGFP1
6293,14:44:38,0.143,0.790,0,0,eGFP1
6294,14:44:39,0.087,0.504,0,0,eGFP1
6295,14:44:40,0.088,0.702,0,0,eGFP1
6296,14:44:40,0.144,0.715,0,0,eGFP1
6297,14:44:41,0.087,0.460,0,0,eGFP1
6298,14:44:42,0.067,0.737,0,0,eGFP1
6299,14:44:42,0.175,0.691,0,0,eGFP1
6300,14:44:43,0.076,0.526,0,0,eGFP1
6301,14:44:44,0.098,0.790,0,0,eGFP1
6302,14:44:44,0.142,0.746,0,0,eGFP1
6303,14:44:45,0.087,0.471,0,0,eGFP1
6304,14:44:46,0.110,0.998,0,0,eGFP1
6305,14:44:46,0.110,0.538,0,0,eGFP1
6306,14:44:47,0.078,0.528,0,0,eGFP1
6307,14:44:48,0.120,0.866,0,0,eGFP1
6308,14:44:48,0.099,0.516,0,0,eGFP1
6309,14:44:49,0.076,0.592,0,0,eGFP1
6310,14:44:50,0.188,0.868,0,0,eGFP1
6311,14:44:50,0.087,0.515,0,0,eGFP1
6312,14:44:51,0.077,0.483,0,0,eGFP1
6313,14:44:51,0.098,0.823,0,0,eGFP1
6314,14:44:52,0.110,0.560,0,0,eGFP1
6315,14:44:53,0.088,0.790,0,0,eGFP1
6316,14:44:53,0.121,0.603,0,0,eGFP1
6317,14:44:54,0.088,0.724,0,0,eGFP1
6318,14:44:55,0.187,0.768,0,0,eGFP1
6319,14:44:55,0.077,0.483,0,0,eGFP1
6320,14:44:56,0.087,0.812,0,0,eGFP1
6321,14:44:57,0.109,0.559,0,0,eGFP1
6322,14:44:57,0.077,0.527,0,0,eGFP1
6323,14:44:58,0.121,0.911,0,0,eGFP1
6324,14:44:59,0.100,0.528,0,0,eGFP1
6325,14:44:59,0.077,0.637,0,0,eGFP1
6326,14:45:00,0.142,0.691,0,0,eGFP1
6327,14:45:01,0.087,0.526,0,0,eGFP1
6328,14:45:01,0.088,0.867,0,0,eGFP1
6329,14:45:02,0.109,0.581,0,0,eGFP1
6330,14:45:03,0.077,0.538,0,0,eGFP1
6331,14:45:03,0.133,0.890,0,0,eGFP1
6332,14:45:04,0.109,0.559,0,0,eGFP1
6333,14:45:05,0.077,0.450,0,0,eGFP1
6334,14:45:05,0.087,0.834,0,0,eGFP1
6335,14:45:06,0.120,0.581,0,0,eGFP1
6336,14:45:06,0.077,0.461,0,0,eGFP1
6337,14:45:07,0.087,0.757,0,0,eGFP1
6338,14:45:08,0.122,0.571,0,0,eGFP1
6339,14:45:08,0.079,0.474,0,0,eGFP1
6340,14:45:09,0.110,0.977,0,0,eGFP1
6341,14:45:10,0.131,0.658,0,0,eGFP1
6342,14:45:10,0.098,0.559,0,0,eGFP1
6343,14:45:11,0.088,0.593,0,0,eGFP1
6344,14:45:12,0.098,0.724,0,0,eGFP1
6345,14:45:12,0.120,0.647,0,0,eGFP1
6346,14:45:13,0.088,0.494,0,0,eGFP1
6347,14:45:14,0.078,0.835,0,0,eGFP1
6348,14:45:14,0.153,0.669,0,0,eGFP1
6349,14:45:15,0.088,0.472,0,0,eGFP1
6350,14:45:15,0.077,0.570,0,0,eGFP1
6351,14:45:16,0.154,0.834,0,0,eGFP1
6352,14:45:17,0.089,0.528,0,0,eGFP1
6353,14:45:17,0.077,0.483,0,0,eGFP1
6354,14:45:18,0.109,0.867,0,0,eGFP1
6355,14:45:19,0.120,0.735,0,0,eGFP1
6356,14:45:19,0.092,0.585,0,0,eGFP1
6357,14:45:20,0.110,0.900,0,0,eGFP1
6358,14:45:21,0.143,0.735,0,0,eGFP1
6359,14:45:22,0.099,0.527,0,0,eGFP1
6360,14:45:22,0.088,0.636,0,0,eGFP1
6361,14:45:23,0.165,0.757,0,0,eGFP1
6362,14:45:24,0.088,0.626,0,0,eGFP1
6363,14:45:24,0.121,0.746,0,0,eGFP1
6364,14:45:25,0.111,0.561,0,0,eGFP1
6365,14:45:25,0.077,0.582,0,0,eGFP1
6366,14:45:26,0.165,0.923,0,0,eGFP1
6367,14:45:27,0.098,0.614,0,0,eGFP1
6368,14:45:28,0.110,0.768,0,0,eGFP1
6369,14:45:29,0.110,0.746,0,0,eGFP1
6370,14:45:29,0.110,0.725,0,0,eGFP1
6371,14:45:30,0.098,0.548,0,0,eGFP1
6372,14:45:30,0.089,0.583,0,0,eGFP1
6373,14:45:31,0.110,0.845,0,0,eGFP1
6374,14:45:32,0.121,0.604,0,0,eGFP1
6375,14:45:32,0.087,0.603,0,0,eGFP1
6376,14:45:33,0.143,0.801,0,0,eGFP1
6377,14:45:34,0.110,0.604,0,0,eGFP1
6378,14:45:35,0.098,0.691,0,0,eGFP1
6379,14:45:35,0.153,0.922,0,0,eGFP1
6380,14:45:36,0.113,0.629,0,0,eGFP1
6381,14:45:37,0.088,0.603,0,0,eGFP1
6382,14:45:37,0.099,0.615,0,0,eGFP1
6383,14:45:38,0.110,0.823,0,0,eGFP1
6384,14:45:39,0.110,0.549,0,0,eGFP1
6385,14:45:39,0.076,0.592,0,0,eGFP1
6386,14:45:40,0.143,0.933,0,0,eGFP1
6387,14:45:41,0.110,0.582,0,0,eGFP1
6388,14:45:41,0.087,0.570,0,0,eGFP1
6389,14:45:42,0.111,0.803,0,0,eGFP1
6390,14:45:43,0.109,0.559,0,0,eGFP1
6391,14:45:43,0.099,0.648,0,0,eGFP1
6392,14:45:44,0.120,0.790,0,0,eGFP1
6393,14:45:45,0.111,0.725,0,0,eGFP1
6394,14:45:46,0.209,0.933,0,0,eGFP1
6395,14:45:46,0.099,0.538,0,0,eGFP1
6396,14:45:47,0.088,0.735,0,0,eGFP1
6397,14:45:48,0.177,0.825,0,0,eGFP1
6398,14:45:48,0.099,0.548,0,0,eGFP1
6399,14:45:49,0.110,0.955,0,0,eGFP1
6400,14:45:50,0.143,0.648,0,0,eGFP1
6401,14:45:51,0.088,0.548,0,0,eGFP1
6402,14:45:52,0.121,0.900,0,0,eGFP1
6403,14:45:52,0.110,0.593,0,0,eGFP1
6404,14:45:53,0.110,0.812,0,0,eGFP1
6405,14:45:53,0.100,0.517,0,0,eGFP1
6406,14:45:54,0.088,0.615,0,0,eGFP1
6407,14:45:55,0.177,0.835,0,0,eGFP1
6408,14:45:55,0.088,0.472,0,0,eGFP1
6409,14:45:56,0.066,0.571,0,0,eGFP1
6410,14:45:57,0.176,0.878,0,0,eGFP1
6411,14:45:57,0.099,0.593,0,0,eGFP1
6412,14:45:58,0.120,0.834,0,0,eGFP1
6413,14:45:59,0.100,0.517,0,0,eGFP1
6414,14:45:59,0.077,0.560,0,0,eGFP1
6415,14:46:00,0.164,0.943,0,0,eGFP1
6416,14:46:01,0.110,0.549,0,0,eGFP1
6417,14:46:02,0.077,0.758,0,0,eGFP1
6418,14:46:02,0.131,0.658,0,0,eGFP1
6419,14:46:03,0.088,0.516,0,0,eGFP1
6420,14:46:04,0.099,0.812,0,0,eGFP1
6421,14:46:04,0.123,0.639,0,0,eGFP1
6422,14:46:05,0.078,0.682,0,0,eGFP1
6423,14:46:06,0.121,0.691,0,0,eGFP1
6424,14:46:06,0.110,0.670,0,0,eGFP1
6425,14:46:07,0.121,0.889,0,0,eGFP1
6426,14:46:08,0.132,0.856,0,0,eGFP1
6427,14:46:09,0.154,0.823,0,0,eGFP1
6428,14:46:09,0.099,0.560,0,0,eGFP1
6429,14:46:10,0.088,0.659,0,0,eGFP1
6430,14:46:11,0.166,0.923,0,0,eGFP1
6431,14:46:11,0.097,0.514,0,0,eGFP1
6432,14:46:12,0.086,0.711,0,0,eGFP1
6433,14:46:13,0.152,0.865,0,0,eGFP1
6434,14:46:14,0.108,0.591,0,0,eGFP1
6435,14:46:14,0.087,0.713,0,0,eGFP1
6436,14:46:15,0.130,0.711,0,0,eGFP1
6437,14:46:16,0.119,0.887,0,0,eGFP1
6438,14:46:16,0.110,0.560,0,0,eGFP1
6439,14:46:17,0.075,0.557,0,0,eGFP1
6440,14:46:18,0.130,0.877,0,0,eGFP1
6441,14:46:18,0.107,0.557,0,0,eGFP1
6442,14:46:19,0.086,0.635,0,0,eGFP1
6443,14:46:22,0.470,2.665,0,0,eGFP1
6444,14:46:22,0.108,0.656,0,0,eGFP1
6445,14:46:23,0.119,0.723,0,0,eGFP1
6446,14:46:24,0.142,0.735,0,0,eGFP1
6447,14:46:25,0.086,0.700,0,0,eGFP1
6448,14:46:25,0.141,0.788,0,0,eGFP1
6449,14:46:26,0.099,0.527,0,0,eGFP1
6450,14:46:27,0.075,0.700,0,0,eGFP1
6451,14:46:27,0.163,0.745,0,0,eGFP1
6452,14:46:28,0.097,0.722,0,0,eGFP1
6453,14:46:29,0.108,0.558,0,0,eGFP1
6454,14:46:29,0.075,0.514,0,0,eGFP1
6455,14:46:30,0.098,0.625,0,0,eGFP1
6456,14:46:30,0.108,0.646,0,0,eGFP1
6457,14:46:31,0.097,0.591,0,0,eGFP1
6458,14:46:32,0.118,0.722,0,0,eGFP1
6459,14:46:32,0.097,0.558,0,0,eGFP1
6460,14:46:33,0.097,0.657,0,0,eGFP1
6461,14:46:34,0.108,0.612,0,0,eGFP1
6462,14:46:34,0.097,0.580,0,0,eGFP1
6463,14:46:35,0.111,0.671,0,0,eGFP1
6464,14:46:35,0.119,0.678,0,0,eGFP1
6465,14:46:36,0.141,0.843,0,0,eGFP1
6466,14:46:37,0.108,0.558,0,0,eGFP1
6467,14:46:37,0.075,0.492,0,0,eGFP1
6468,14:46:38,0.108,0.964,0,0,eGFP1
6469,14:46:39,0.119,0.690,0,0,eGFP1
6470,14:46:40,0.108,0.635,0,0,eGFP1
6471,14:46:40,0.087,0.570,0,0,eGFP1
6472,14:46:41,0.086,0.767,0,0,eGFP1
6473,14:46:42,0.129,0.656,0,0,eGFP1
6474,14:46:42,0.097,0.580,0,0,eGFP1
6475,14:46:43,0.097,0.832,0,0,eGFP1
6476,14:46:46,2.326,3.160,0,0,eGFP1
6477,14:46:47,0.119,0.624,0,0,eGFP1
6478,14:46:47,0.108,0.580,0,0,eGFP1
6479,14:46:48,0.088,0.636,0,0,eGFP1
6480,14:46:49,0.108,0.591,0,0,eGFP1
6481,14:46:49,0.086,0.635,0,0,eGFP1
6482,14:46:50,0.108,0.646,0,0,eGFP1
6483,14:46:51,0.097,0.689,0,0,eGFP1
6484,14:46:51,0.108,0.701,0,0,eGFP1
6485,14:46:52,0.086,0.481,0,0,eGFP1
6486,14:46:52,0.064,0.427,0,0,eGFP1
6487,14:46:53,0.086,1.117,0,0,eGFP1
6488,14:46:54,0.121,0.571,0,0,eGFP1
6489,14:46:55,0.075,0.744,0,0,eGFP1
6490,14:46:55,0.153,0.658,0,0,eGFP1
6491,14:46:56,0.086,0.569,0,0,eGFP1
6492,14:46:57,0.141,0.756,0,0,eGFP1
6493,14:46:57,0.108,0.744,0,0,eGFP1
6494,14:46:58,0.119,0.613,0,0,eGFP1
6495,14:46:59,0.086,0.613,0,0,eGFP1
6496,14:46:59,0.110,0.647,0,0,eGFP1
6497,14:47:00,0.086,0.580,0,0,eGFP1
6498,14:47:01,0.108,0.679,0,0,eGFP1
6499,14:47:01,0.130,0.734,0,0,eGFP1
6500,14:47:02,0.097,0.733,0,0,eGFP1
6501,14:47:03,0.141,0.811,0,0,eGFP1
6502,14:47:03,0.097,0.525,0,0,eGFP1
6503,14:47:04,0.075,0.471,0,0,eGFP1
6504,14:47:05,0.088,0.802,0,0,eGFP1
6505,14:47:05,0.141,0.700,0,0,eGFP1
6506,14:47:06,0.120,0.690,0,0,eGFP1
6507,14:47:07,0.130,0.745,0,0,eGFP1
6508,14:47:07,0.097,0.569,0,0,eGFP1
6509,14:47:08,0.097,0.756,0,0,eGFP1
6510,14:47:09,0.130,0.613,0,0,eGFP1
6511,14:47:09,0.086,0.536,0,0,eGFP1
6512,14:47:10,0.120,0.822,0,0,eGFP1
6513,14:47:11,0.109,0.701,0,0,eGFP1
6514,14:47:12,0.141,0.888,0,0,eGFP1
6515,14:47:12,0.119,0.645,0,0,eGFP1
6516,14:47:13,0.087,0.701,0,0,eGFP1
6517,14:47:14,0.130,0.657,0,0,eGFP1
6518,14:47:14,0.088,0.582,0,0,eGFP1
6519,14:47:15,0.108,0.788,0,0,eGFP1
6520,14:47:16,0.108,0.756,0,0,eGFP1
6521,14:47:17,0.142,0.823,0,0,eGFP1
6522,14:47:17,0.108,0.755,0,0,eGFP1
6523,14:47:18,0.152,0.734,0,0,eGFP1
6524,14:47:19,0.097,0.580,0,0,eGFP1
6525,14:47:20,0.108,0.942,0,0,eGFP1
6526,14:47:20,0.109,0.548,0,0,eGFP1
6527,14:47:21,0.086,0.788,0,0,eGFP1
6528,14:47:22,0.196,0.822,0,0,eGFP1
6529,14:47:22,0.109,0.724,0,0,eGFP1
6530,14:47:23,0.119,0.777,0,0,eGFP1
6531,14:47:24,0.131,0.635,0,0,eGFP1
6532,14:47:25,0.110,0.801,0,0,eGFP1
6533,14:47:25,0.142,0.712,0,0,eGFP1
6534,14:47:26,0.087,0.745,0,0,eGFP1
6535,14:47:27,0.152,0.822,0,0,eGFP1
6536,14:47:28,0.108,0.656,0,0,eGFP1
6537,14:47:28,0.110,0.714,0,0,eGFP1
6538,14:47:29,0.108,0.657,0,0,eGFP1
6539,14:47:30,0.086,0.514,0,0,eGFP1
6540,14:47:31,0.086,1.041,0,0,eGFP1
6541,14:47:32,0.251,0.975,0,0,eGFP1
6542,14:47:32,0.119,0.833,0,0,eGFP1
6543,14:47:33,0.108,0.624,0,0,eGFP1
6544,14:47:34,0.152,1.140,0,0,eGFP1
6545,14:47:35,0.119,0.679,0,0,eGFP1
6546,14:47:36,0.119,0.767,0,0,eGFP1
6547,14:47:36,0.119,0.767,0,0,eGFP1
6548,14:47:37,0.108,0.624,0,0,eGFP1
6549,14:47:38,0.119,0.843,0,0,eGFP1
6550,14:47:38,0.119,0.580,0,0,eGFP1
6551,14:47:39,0.076,0.449,0,0,eGFP1
6552,14:47:40,0.086,1.008,0,0,eGFP1
6553,14:47:40,0.130,0.591,0,0,eGFP1
6554,14:47:41,0.077,0.505,0,0,eGFP1
6555,14:47:42,0.097,0.865,0,0,eGFP1
6556,14:47:42,0.120,0.657,0,0,eGFP1
6557,14:47:43,0.120,0.668,0,0,eGFP1
6558,14:47:44,0.120,0.669,0,0,eGFP1
6559,14:47:44,0.098,0.515,0,0,eGFP1
6560,14:47:45,0.065,0.504,0,0,eGFP1
6561,14:47:46,0.141,0.821,0,0,eGFP1
6562,14:47:46,0.110,0.571,0,0,eGFP1
6563,14:47:47,0.108,0.712,0,0,eGFP1
6564,14:47:48,0.119,0.745,0,0,eGFP1
6565,14:47:48,0.097,0.558,0,0,eGFP1
6566,14:47:49,0.086,0.635,0,0,eGFP1
6567,14:47:50,0.130,0.800,0,0,eGFP1
6568,14:47:50,0.119,0.701,0,0,eGFP1
6569,14:47:51,0.108,0.778,0,0,eGFP1
6570,14:47:52,0.131,0.691,0,0,eGFP1
6571,14:47:52,0.119,0.668,0,0,eGFP1
6572,14:47:53,0.119,0.833,0,0,eGFP1
6573,14:47:54,0.099,0.549,0,0,eGFP1
6574,14:47:55,0.086,0.777,0,0,eGFP1
6575,14:47:56,0.251,1.096,0,0,eGFP1
6576,14:47:57,0.131,0.800,0,0,eGFP1
6577,14:47:57,0.131,0.646,0,0,eGFP1
6578,14:47:58,0.098,0.712,0,0,eGFP1
6579,14:47:59,0.198,0.977,0,0,eGFP1
6580,14:48:00,0.120,0.646,0,0,eGFP1
6581,14:48:00,0.109,0.723,0,0,eGFP1
6582,14:48:01,0.109,0.603,0,0,eGFP1
6583,14:48:01,0.086,0.492,0,0,eGFP1
6584,14:48:02,0.076,0.811,0,0,eGFP1
6585,14:48:03,0.153,0.800,0,0,eGFP1
6586,14:48:04,0.109,0.625,0,0,eGFP1
6587,14:48:05,0.111,0.945,0,0,eGFP1
6588,14:48:05,0.108,0.580,0,0,eGFP1
6589,14:48:06,0.087,0.515,0,0,eGFP1
6590,14:48:06,0.097,0.821,0,0,eGFP1
6591,14:48:07,0.120,0.592,0,0,eGFP1
6592,14:48:08,0.086,0.492,0,0,eGFP1
6593,14:48:08,0.087,0.745,0,0,eGFP1
6594,14:48:09,0.197,0.932,0,0,eGFP1
6595,14:48:10,0.132,0.823,0,0,eGFP1
6596,14:48:11,0.108,0.613,0,0,eGFP1
6597,14:48:11,0.098,0.833,0,0,eGFP1
6598,14:48:12,0.152,0.690,0,0,eGFP1
6599,14:48:13,0.098,0.613,0,0,eGFP1
6600,14:48:13,0.120,0.724,0,0,eGFP1
6601,14:48:14,0.109,0.636,0,0,eGFP1
6602,14:48:15,0.098,0.932,0,0,eGFP1
6603,14:48:16,0.132,0.691,0,0,eGFP1
6604,14:48:16,0.098,0.658,0,0,eGFP1
6605,14:48:17,0.152,0.799,0,0,eGFP1
6606,14:48:18,0.098,0.537,0,0,eGFP1
6607,14:48:18,0.076,0.712,0,0,eGFP1
6608,14:48:19,0.131,0.712,0,0,eGFP1
6609,14:48:20,0.109,0.690,0,0,eGFP1
6610,14:48:21,0.120,0.866,0,0,eGFP1
6611,14:48:21,0.142,0.668,0,0,eGFP1
6612,14:48:22,0.110,0.846,0,0,eGFP1
6613,14:48:23,0.141,0.777,0,0,eGFP1
6614,14:48:24,0.120,0.735,0,0,eGFP1
6615,14:48:25,0.109,0.790,0,0,eGFP1
6616,14:48:25,0.141,0.811,0,0,eGFP1
6617,14:48:26,0.108,0.756,0,0,eGFP1
6618,14:48:27,0.152,0.877,0,0,eGFP1
6619,14:48:28,0.152,0.843,0,0,eGFP1
6620,14:48:29,0.132,0.769,0,0,eGFP1
6621,14:48:29,0.130,0.745,0,0,eGFP1
6622,14:48:30,0.098,0.668,0,0,eGFP1
6623,14:48:31,0.131,0.756,0,0,eGFP1
6624,14:48:31,0.098,0.548,0,0,eGFP1
6625,14:48:32,0.076,0.800,0,0,eGFP1
6626,14:48:33,0.174,0.822,0,0,eGFP1
6627,14:48:34,0.130,0.855,0,0,eGFP1
6628,14:48:34,0.110,0.625,0,0,eGFP1
6629,14:48:35,0.099,0.780,0,0,eGFP1
6630,14:48:36,0.119,0.701,0,0,eGFP1
6631,14:48:37,0.120,0.690,0,0,eGFP1
6632,14:48:37,0.109,0.724,0,0,eGFP1
6633,14:48:38,0.119,0.778,0,0,eGFP1
6634,14:48:39,0.119,0.800,0,0,eGFP1
6635,14:48:40,0.108,0.668,0,0,eGFP1
6636,14:48:40,0.121,0.681,0,0,eGFP1
6637,14:48:41,0.119,0.800,0,0,eGFP1
6638,14:48:42,0.130,0.778,0,0,eGFP1
6639,14:48:43,0.130,0.701,0,0,eGFP1
6640,14:48:43,0.098,0.613,0,0,eGFP1
6641,14:48:44,0.109,0.812,0,0,eGFP1
6642,14:48:45,0.132,0.658,0,0,eGFP1
6643,14:48:45,0.087,0.767,0,0,eGFP1
6644,14:48:46,0.142,0.735,0,0,eGFP1
6645,14:48:47,0.099,0.856,0,0,eGFP1
6646,14:48:48,0.131,0.657,0,0,eGFP1
6647,14:48:49,0.098,0.888,0,0,eGFP1
6648,14:48:49,0.142,0.789,0,0,eGFP1
6649,14:48:50,0.120,0.778,0,0,eGFP1
6650,14:48:51,0.142,0.822,0,0,eGFP1
6651,14:48:52,0.131,0.713,0,0,eGFP1
6652,14:48:52,0.119,0.745,0,0,eGFP1
6653,14:48:53,0.099,0.615,0,0,eGFP1
6654,14:48:54,0.119,0.778,0,0,eGFP1
6655,14:48:54,0.098,0.591,0,0,eGFP1
6656,14:48:55,0.100,0.659,0,0,eGFP1
6657,14:48:56,0.131,0.910,0,0,eGFP1
6658,14:48:57,0.131,0.680,0,0,eGFP1
6659,14:48:57,0.075,0.503,0,0,eGFP1
6660,14:49:25,0.120,27.467,0,0,eGFP1
6661,14:49:28,0.253,3.622,0,0,eGFP1
6662,14:49:29,0.328,1.140,0,0,eGFP1
6663,14:49:31,0.899,1.624,0,0,eGFP1
6664,14:49:32,0.119,0.844,0,0,eGFP1
6665,14:49:33,0.372,1.623,0,0,eGFP1
6666,14:49:34,0.131,0.647,0,0,eGFP1
6667,14:49:35,0.152,1.096,0,0,eGFP1
6668,14:49:36,0.098,0.702,0,0,eGFP1
6669,14:49:36,0.263,0.603,0,0,eGFP1
6670,14:49:37,0.275,0.967,0,0,eGFP1
6671,14:49:38,0.207,0.964,0,0,eGFP1
6672,14:49:39,0.087,0.570,0,0,eGFP1
6673,14:49:40,0.109,0.932,0,0,eGFP1
6674,14:49:40,0.098,0.603,0,0,eGFP1
6675,14:49:42,0.152,1.041,0,0,eGFP1
6676,14:49:42,0.087,0.548,0,0,eGFP1
6677,14:49:43,0.131,0.965,0,0,eGFP1
6678,14:49:44,0.088,0.560,0,0,eGFP1
6679,14:49:45,0.152,0.910,0,0,eGFP1
6680,14:49:45,0.087,0.811,0,0,eGFP1
6681,14:49:46,0.153,0.624,0,0,eGFP1
6682,14:49:47,0.076,0.647,0,0,eGFP1
6683,14:49:47,0.197,0.888,0,0,eGFP1
6684,14:49:48,0.088,0.582,0,0,eGFP1
6685,14:49:49,0.142,0.778,0,0,eGFP1
6686,14:49:50,0.100,1.537,0,0,eGFP1
6687,14:49:51,0.131,0.910,0,0,eGFP1
6688,14:49:52,0.153,0.669,0,0,eGFP1
6689,14:49:53,0.087,0.822,0,0,eGFP1
6690,14:49:53,0.131,0.614,0,0,eGFP1
6691,14:49:55,0.097,1.283,0,0,eGFP1
6692,14:49:55,0.098,0.624,0,0,eGFP1
6693,14:49:56,0.131,0.746,0,0,eGFP1
6694,14:49:57,0.088,0.538,0,0,eGFP1
6695,14:49:58,0.131,0.987,0,0,eGFP1
6696,14:49:58,0.098,0.559,0,0,eGFP1
6697,14:49:59,0.120,0.899,0,0,eGFP1
6698,14:50:00,0.099,0.549,0,0,eGFP1
6699,14:50:01,0.087,0.943,0,0,eGFP1
6700,14:50:01,0.120,0.559,0,0,eGFP1
6701,14:50:02,0.087,1.250,0,0,eGFP1
6702,14:50:03,0.122,0.692,0,0,eGFP1
6703,14:50:04,0.120,0.790,0,0,eGFP1
6704,14:50:05,0.141,0.899,0,0,eGFP1
6705,14:50:06,0.142,0.877,0,0,eGFP1
6706,14:50:06,0.109,0.735,0,0,eGFP1
6707,14:50:07,0.175,0.888,0,0,eGFP1
6708,14:50:09,0.098,1.492,0,0,eGFP1
6709,14:50:09,0.109,0.680,0,0,eGFP1
6710,14:50:10,0.196,0.943,0,0,eGFP1
6711,14:50:11,0.088,0.681,0,0,eGFP1
6712,14:50:15,0.231,4.017,0,0,eGFP1
6713,14:50:17,0.383,1.491,0,0,eGFP1
6714,14:50:17,0.153,0.757,0,0,eGFP1
6715,14:50:18,0.109,0.680,0,0,eGFP1
6716,14:50:19,0.109,0.592,0,0,eGFP1
6717,14:50:20,0.120,1.360,0,0,eGFP1
6718,14:50:21,0.098,0.668,0,0,eGFP1
6719,14:50:21,0.122,0.616,0,0,eGFP1
6720,14:50:22,0.076,1.272,0,0,eGFP1
6721,14:50:23,0.164,0.680,0,0,eGFP1
6722,14:50:24,0.087,0.800,0,0,eGFP1
6723,14:50:24,0.098,0.559,0,0,eGFP1
6724,14:50:25,0.109,0.998,0,0,eGFP1
6725,14:50:26,0.110,0.604,0,0,eGFP1
6726,14:50:27,0.142,0.987,0,0,eGFP1
6727,14:50:28,0.100,0.517,0,0,eGFP1
6728,14:50:28,0.087,0.822,0,0,eGFP1
6729,14:50:29,0.131,0.614,0,0,eGFP1
6730,14:50:30,0.087,1.448,0,0,eGFP1
6731,14:50:31,0.098,0.636,0,0,eGFP1
6732,14:50:32,0.175,0.910,0,0,eGFP1
6733,14:50:33,0.087,0.526,0,0,eGFP1
6734,14:50:34,0.120,1.075,0,0,eGFP1
6735,14:50:34,0.100,0.538,0,0,eGFP1
6736,14:50:35,0.077,0.856,0,0,eGFP1
6737,14:50:36,0.142,0.767,0,0,eGFP1
6738,14:50:37,0.175,0.735,0,0,eGFP1
6739,14:50:37,0.089,0.692,0,0,eGFP1
6740,14:50:38,0.186,0.834,0,0,eGFP1
6741,14:50:39,0.098,0.789,0,0,eGFP1
6742,14:50:40,0.142,0.669,0,0,eGFP1
6743,14:50:40,0.087,0.735,0,0,eGFP1
6744,14:50:41,0.209,1.076,0,0,eGFP1
6745,14:50:42,0.131,0.811,0,0,eGFP1
6746,14:50:43,0.132,0.790,0,0,eGFP1
6747,14:50:44,0.109,0.801,0,0,eGFP1
6748,14:50:44,0.109,0.701,0,0,eGFP1
6749,14:50:45,0.164,0.856,0,0,eGFP1
6750,14:50:46,0.109,0.734,0,0,eGFP1
6751,14:50:47,0.153,0.790,0,0,eGFP1
6752,14:50:47,0.089,0.549,0,0,eGFP1
6753,14:50:48,0.122,0.945,0,0,eGFP1
6754,14:50:49,0.109,0.537,0,0,eGFP1
6755,14:50:50,0.087,1.086,0,0,eGFP1
6756,14:50:51,0.197,1.262,0,0,eGFP1
6757,14:50:52,0.142,0.756,0,0,eGFP1
6758,14:50:53,0.110,0.812,0,0,eGFP1
6759,14:50:53,0.131,0.658,0,0,eGFP1
6760,14:50:55,0.088,1.427,0,0,eGFP1
6761,14:50:56,0.121,0.680,0,0,eGFP1
6762,14:50:56,0.153,0.878,0,0,eGFP1
6763,14:50:57,0.109,0.603,0,0,eGFP1
6764,14:50:58,0.142,1.075,0,0,eGFP1
6765,14:50:59,0.087,0.537,0,0,eGFP1
6766,14:50:59,0.098,0.822,0,0,eGFP1
6767,14:51:00,0.122,0.583,0,0,eGFP1
6768,14:51:01,0.122,0.923,0,0,eGFP1
6769,14:51:01,0.098,0.515,0,0,eGFP1
6770,14:51:03,0.098,1.393,0,0,eGFP1
6771,14:51:04,0.099,0.658,0,0,eGFP1
6772,14:51:04,0.153,0.834,0,0,eGFP1
6773,14:51:05,0.087,0.504,0,0,eGFP1
6774,14:51:06,0.098,1.152,0,0,eGFP1
6775,14:51:07,0.120,0.559,0,0,eGFP1
6776,14:51:08,0.088,1.503,0,0,eGFP1
6777,14:51:09,0.111,1.406,0,0,eGFP1
6778,14:51:10,0.153,0.746,0,0,eGFP1
6779,14:51:11,0.153,0.910,0,0,eGFP1
6780,14:51:12,0.098,0.636,0,0,eGFP1
6781,14:51:13,0.363,1.142,0,0,eGFP1
6782,14:51:14,0.099,0.647,0,0,eGFP1
6783,14:51:14,0.121,0.724,0,0,eGFP1
6784,14:51:15,0.099,0.636,0,0,eGFP1
6785,14:51:16,0.100,0.846,0,0,eGFP1
6786,14:51:17,0.132,0.834,0,0,eGFP1
6787,14:51:17,0.121,0.604,0,0,eGFP1
6788,14:51:18,0.076,0.822,0,0,eGFP1
6789,14:51:19,0.132,0.615,0,0,eGFP1
6790,14:51:20,0.087,0.987,0,0,eGFP1
6791,14:51:20,0.120,0.603,0,0,eGFP1
6792,14:51:21,0.099,1.229,0,0,eGFP1
6793,14:51:22,0.100,0.791,0,0,eGFP1
6794,14:51:23,0.153,0.658,0,0,eGFP1
6795,14:51:24,0.100,0.868,0,0,eGFP1
6796,14:51:24,0.109,0.537,0,0,eGFP1
6797,14:51:25,0.088,1.108,0,0,eGFP1
6798,14:51:26,0.132,0.593,0,0,eGFP1
6799,14:51:27,0.087,1.119,0,0,eGFP1
6800,14:51:28,0.109,0.658,0,0,eGFP1
6801,14:51:29,0.373,1.338,0,0,eGFP1
6802,14:51:30,0.098,0.723,0,0,eGFP1
6803,14:51:31,0.132,0.922,0,0,eGFP1
6804,14:51:31,0.120,0.603,0,0,eGFP1
6805,14:51:32,0.088,0.998,0,0,eGFP1
6806,14:51:33,0.143,0.702,0,0,eGFP1
6807,14:51:34,0.099,0.713,0,0,eGFP1
6808,14:51:35,0.133,0.847,0,0,eGFP1
6809,14:51:35,0.098,0.537,0,0,eGFP1
6810,14:51:36,0.078,1.164,0,0,eGFP1
6811,14:51:37,0.132,0.604,0,0,eGFP1
6812,14:51:38,0.087,1.042,0,0,eGFP1
6813,14:51:39,0.109,0.570,0,0,eGFP1
6814,14:51:39,0.099,0.845,0,0,eGFP1
6815,14:51:40,0.120,0.614,0,0,eGFP1
6816,14:51:41,0.099,0.669,0,0,eGFP1
6817,14:51:41,0.110,0.604,0,0,eGFP1
6818,14:51:42,0.089,0.868,0,0,eGFP1
6819,14:51:43,0.142,0.614,0,0,eGFP1
6820,14:51:44,0.088,0.998,0,0,eGFP1
6821,14:51:44,0.176,0.681,0,0,eGFP1
6822,14:51:45,0.077,0.868,0,0,eGFP1
6823,14:51:46,0.153,0.647,0,0,eGFP1
6824,14:51:47,0.087,0.845,0,0,eGFP1
6825,14:51:47,0.164,0.669,0,0,eGFP1
6826,14:51:49,0.089,1.526,0,0,eGFP1
6827,14:51:50,0.110,0.681,0,0,eGFP1
6828,14:51:50,0.132,0.703,0,0,eGFP1
6829,14:51:51,0.098,0.713,0,0,eGFP1
6830,14:51:52,0.164,0.933,0,0,eGFP1
6831,14:51:53,0.109,0.581,0,0,eGFP1
6832,14:51:54,0.109,0.911,0,0,eGFP1
6833,14:51:54,0.109,0.581,0,0,eGFP1
6834,14:51:55,0.153,0.988,0,0,eGFP1
6835,14:51:56,0.099,0.527,0,0,eGFP1
6836,14:51:57,0.089,0.956,0,0,eGFP1
6837,14:51:57,0.154,0.746,0,0,eGFP1
6838,14:52:00,0.143,3.040,0,0,eGFP1
6839,14:52:02,0.132,1.163,0,0,eGFP1
6840,14:52:02,0.154,0.702,0,0,eGFP1
6841,14:52:03,0.099,0.845,0,0,eGFP1
6842,14:52:04,0.110,0.571,0,0,eGFP1
6843,14:52:05,0.078,0.945,0,0,eGFP1
6844,14:52:05,0.175,0.702,0,0,eGFP1
6845,14:52:06,0.098,0.603,0,0,eGFP1
6846,14:52:07,0.099,0.648,0,0,eGFP1
6847,14:52:07,0.109,0.713,0,0,eGFP1
6848,14:52:08,0.131,0.987,0,0,eGFP1
6849,14:52:09,0.132,0.702,0,0,eGFP1
6850,14:52:11,0.155,2.010,0,0,eGFP1
6851,14:52:12,0.133,0.660,0,0,eGFP1
6852,14:52:12,0.098,0.658,0,0,eGFP1
6853,14:52:13,0.121,0.856,0,0,eGFP1
6854,14:52:14,0.109,0.570,0,0,eGFP1
6855,14:52:15,0.110,0.966,0,0,eGFP1
6856,14:52:15,0.110,0.757,0,0,eGFP1
6857,14:52:16,0.165,0.779,0,0,eGFP1
6858,14:52:17,0.088,0.812,0,0,eGFP1
6859,14:52:18,0.166,0.704,0,0,eGFP1
6860,14:52:19,0.087,0.801,0,0,eGFP1
6861,14:52:19,0.186,0.746,0,0,eGFP1
6862,14:52:20,0.077,0.559,0,0,eGFP1
6863,14:52:21,0.132,0.944,0,0,eGFP1
6864,14:52:21,0.100,0.627,0,0,eGFP1
6865,14:52:22,0.153,0.834,0,0,eGFP1
6866,14:52:23,0.088,0.494,0,0,eGFP1
6867,14:52:24,0.076,0.998,0,0,eGFP1
6868,14:52:24,0.111,0.550,0,0,eGFP1
6869,14:52:26,0.088,2.152,0,0,eGFP1
6870,14:52:27,0.164,0.647,0,0,eGFP1
6871,14:52:28,0.077,0.834,0,0,eGFP1
6872,14:52:28,0.132,0.592,0,0,eGFP1
6873,14:52:31,0.088,2.656,0,0,eGFP1
6874,14:52:32,0.099,0.604,0,0,eGFP1
6875,14:52:33,0.120,0.899,0,0,eGFP1
6876,14:52:34,0.134,0.891,0,0,eGFP1
6877,14:52:34,0.131,0.746,0,0,eGFP1
6878,14:52:35,0.111,0.583,0,0,eGFP1
6879,14:52:36,0.099,0.680,0,0,eGFP1
6880,14:52:36,0.110,0.604,0,0,eGFP1
6881,14:52:37,0.088,1.053,0,0,eGFP1
6882,14:52:38,0.143,0.615,0,0,eGFP1
6883,14:52:39,0.077,0.801,0,0,eGFP1
6884,14:52:39,0.147,0.608,0,0,eGFP1
6885,14:52:40,0.076,0.757,0,0,eGFP1
6886,14:52:41,0.186,0.735,0,0,eGFP1
6887,14:52:42,0.088,1.317,0,0,eGFP1
6888,14:52:43,0.121,0.658,0,0,eGFP1
6889,14:52:44,0.176,0.966,0,0,eGFP1
6890,14:52:44,0.121,0.681,0,0,eGFP1
6891,14:52:45,0.144,0.890,0,0,eGFP1
6892,14:52:46,0.100,0.539,0,0,eGFP1
6893,14:52:47,0.110,0.922,0,0,eGFP1
6894,14:52:47,0.099,0.516,0,0,eGFP1
6895,14:52:49,0.088,1.415,0,0,eGFP1
6896,14:52:49,0.110,0.560,0,0,eGFP1
6897,14:52:50,0.088,0.977,0,0,eGFP1
6898,14:52:51,0.132,0.614,0,0,eGFP1
6899,14:52:51,0.088,0.582,0,0,eGFP1
6900,14:52:52,0.110,0.703,0,0,eGFP1
6901,14:52:53,0.100,0.528,0,0,eGFP1
6902,14:52:53,0.077,0.658,0,0,eGFP1
6903,14:52:54,0.154,0.779,0,0,eGFP1
6904,14:52:55,0.088,0.736,0,0,eGFP1
6905,14:52:55,0.144,0.704,0,0,eGFP1
6906,14:52:56,0.087,0.559,0,0,eGFP1
6907,14:52:57,0.187,0.944,0,0,eGFP1
6908,14:52:58,0.088,0.582,0,0,eGFP1
6909,14:52:59,0.189,1.001,0,0,eGFP1
6910,14:52:59,0.088,0.527,0,0,eGFP1
6911,14:53:00,0.087,1.064,0,0,eGFP1
6912,14:53:01,0.121,0.615,0,0,eGFP1
6913,14:53:02,0.099,0.757,0,0,eGFP1
6914,14:53:02,0.121,0.560,0,0,eGFP1
6915,14:53:03,0.077,0.669,0,0,eGFP1
6916,14:53:04,0.286,1.197,0,0,eGFP1
6917,14:53:04,0.100,0.550,0,0,eGFP1
6918,14:53:05,0.088,0.659,0,0,eGFP1
6919,14:53:06,0.155,0.868,0,0,eGFP1
6920,14:53:07,0.088,0.571,0,0,eGFP1
6921,14:53:10,0.549,3.621,0,0,eGFP1
6922,14:53:11,0.165,0.714,0,0,eGFP1
6923,14:53:12,0.121,1.317,0,0,eGFP1
6924,14:53:13,0.107,0.568,0,0,eGFP1
6925,14:53:14,0.087,0.921,0,0,eGFP1
6926,14:53:14,0.108,0.569,0,0,eGFP1
6927,14:53:16,0.086,1.567,0,0,eGFP1
6928,14:53:16,0.108,0.635,0,0,eGFP1
6929,14:53:17,0.130,0.887,0,0,eGFP1
6930,14:53:18,0.086,0.503,0,0,eGFP1
6931,14:53:19,0.075,0.997,0,0,eGFP1
6932,14:53:19,0.130,0.591,0,0,eGFP1
6933,14:53:20,0.098,0.899,0,0,eGFP1
6934,14:53:21,0.120,0.570,0,0,eGFP1
6935,14:53:22,0.086,0.744,0,0,eGFP1
6936,14:53:22,0.174,0.745,0,0,eGFP1
6937,14:53:23,0.086,0.678,0,0,eGFP1
6938,14:53:24,0.174,0.789,0,0,eGFP1
6939,14:53:24,0.086,0.503,0,0,eGFP1
6940,14:53:26,0.108,1.128,0,0,eGFP1
6941,14:53:26,0.108,0.547,0,0,eGFP1
6942,14:53:27,0.087,0.812,0,0,eGFP1
6943,14:53:28,0.141,0.623,0,0,eGFP1
6944,14:53:29,0.086,1.074,0,0,eGFP1
6945,14:53:29,0.130,0.602,0,0,eGFP1
6946,14:53:30,0.097,0.876,0,0,eGFP1
6947,14:53:31,0.142,0.702,0,0,eGFP1
6948,14:53:32,0.152,0.887,0,0,eGFP1
6949,14:53:32,0.097,0.624,0,0,eGFP1
6950,14:53:33,0.208,0.888,0,0,eGFP1
6951,14:53:34,0.086,0.569,0,0,eGFP1
6952,14:53:35,0.207,1.052,0,0,eGFP1
6953,14:53:35,0.086,0.525,0,0,eGFP1
6954,14:53:36,0.097,0.953,0,0,eGFP1
6955,14:53:37,0.119,0.667,0,0,eGFP1
6956,14:53:38,0.130,0.876,0,0,eGFP1
6957,14:53:38,0.108,0.690,0,0,eGFP1
6958,14:53:39,0.109,0.845,0,0,eGFP1
6959,14:53:40,0.162,0.964,0,0,eGFP1
6960,14:53:41,0.140,0.854,0,0,eGFP1
6961,14:53:42,0.175,0.910,0,0,eGFP1
6962,14:53:43,0.108,0.778,0,0,eGFP1
6963,14:53:44,0.152,0.920,0,0,eGFP1
6964,14:53:45,0.130,0.953,0,0,eGFP1
6965,14:53:45,0.108,0.558,0,0,eGFP1
6966,14:53:46,0.086,0.865,0,0,eGFP1
6967,14:53:47,0.164,0.702,0,0,eGFP1
6968,14:53:47,0.097,0.635,0,0,eGFP1
6969,14:53:48,0.173,0.942,0,0,eGFP1
6970,14:53:49,0.108,0.623,0,0,eGFP1
6971,14:53:50,0.098,0.866,0,0,eGFP1
6972,14:53:51,0.163,0.953,0,0,eGFP1
6973,14:53:52,0.119,0.733,0,0,eGFP1
6974,14:53:52,0.108,0.569,0,0,eGFP1
6975,14:53:55,0.087,2.962,0,0,eGFP1
6976,14:53:56,0.141,0.690,0,0,eGFP1
6977,14:53:57,0.173,0.975,0,0,eGFP1
6978,14:53:57,0.097,0.623,0,0,eGFP1
6979,14:53:59,0.350,1.359,0,0,eGFP1
6980,14:53:59,0.163,0.712,0,0,eGFP1
6981,14:54:00,0.086,0.613,0,0,eGFP1
6982,14:54:01,0.141,0.821,0,0,eGFP1
6983,14:54:02,0.110,0.911,0,0,eGFP1
6984,14:54:02,0.130,0.668,0,0,eGFP1
6985,14:54:03,0.108,0.645,0,0,eGFP1
6986,14:54:04,0.098,0.701,0,0,eGFP1
6987,14:54:04,0.108,0.657,0,0,eGFP1
6988,14:54:05,0.098,0.757,0,0,eGFP1
6989,14:54:06,0.141,0.832,0,0,eGFP1
6990,14:54:07,0.141,0.844,0,0,eGFP1
6991,14:54:08,0.109,0.625,0,0,eGFP1
6992,14:54:09,0.229,1.129,0,0,eGFP1
6993,14:54:10,0.097,0.832,0,0,eGFP1
6994,14:54:10,0.108,0.580,0,0,eGFP1
6995,14:54:11,0.075,0.734,0,0,eGFP1
6996,14:54:12,0.284,1.019,0,0,eGFP1
6997,14:54:13,0.097,0.755,0,0,eGFP1
6998,14:54:13,0.142,0.723,0,0,eGFP1
6999,14:54:14,0.108,0.635,0,0,eGFP1
7000,14:54:15,0.132,0.812,0,0,eGFP1
7001,14:54:15,0.086,0.503,0,0,eGFP1
7002,14:54:16,0.099,0.999,0,0,eGFP1
7003,14:54:17,0.119,0.580,0,0,eGFP1
7004,14:54:18,0.086,0.931,0,0,eGFP1
7005,14:54:18,0.152,0.690,0,0,eGFP1
7006,14:54:19,0.097,0.887,0,0,eGFP1
7007,14:54:20,0.152,0.690,0,0,eGFP1
7008,14:54:21,0.087,0.614,0,0,eGFP1
7009,14:54:22,0.119,0.953,0,0,eGFP1
7010,14:54:22,0.130,0.679,0,0,eGFP1
7011,14:54:23,0.097,0.909,0,0,eGFP1
7012,14:54:24,0.141,0.723,0,0,eGFP1
7013,14:54:26,0.108,1.787,0,0,eGFP1
7014,14:54:26,0.119,0.657,0,0,eGFP1
7015,14:54:27,0.130,0.745,0,0,eGFP1
7016,14:54:28,0.100,0.605,0,0,eGFP1
7017,14:54:29,0.141,0.854,0,0,eGFP1
7018,14:54:29,0.108,0.635,0,0,eGFP1
7019,14:54:30,0.119,0.745,0,0,eGFP1
7020,14:54:31,0.119,0.755,0,0,eGFP1
7021,14:54:31,0.131,0.625,0,0,eGFP1
7022,14:54:32,0.097,0.898,0,0,eGFP1
7023,14:54:33,0.141,0.646,0,0,eGFP1
7024,14:54:34,0.087,0.845,0,0,eGFP1
7025,14:54:34,0.174,0.679,0,0,eGFP1
7026,14:54:35,0.086,0.865,0,0,eGFP1
7027,14:54:36,0.119,0.624,0,0,eGFP1
7028,14:54:37,0.086,0.734,0,0,eGFP1
7029,14:54:37,0.119,0.789,0,0,eGFP1
7030,14:54:38,0.131,0.691,0,0,eGFP1
7031,14:54:39,0.097,0.580,0,0,eGFP1
7032,14:54:40,0.108,0.876,0,0,eGFP1
7033,14:54:40,0.143,0.703,0,0,eGFP1
7034,14:54:41,0.086,0.854,0,0,eGFP1
7035,14:54:42,0.196,1.085,0,0,eGFP1
7036,14:54:43,0.130,0.679,0,0,eGFP1
7037,14:54:44,0.119,0.690,0,0,eGFP1
7038,14:54:45,0.119,0.986,0,0,eGFP1
7039,14:54:45,0.119,0.657,0,0,eGFP1
7040,14:54:46,0.098,0.668,0,0,eGFP1
7041,14:54:47,0.176,0.988,0,0,eGFP1
7042,14:54:47,0.097,0.569,0,0,eGFP1
7043,14:54:48,0.097,0.591,0,0,eGFP1
7044,14:54:49,0.110,1.361,0,0,eGFP1
7045,14:54:50,0.163,0.811,0,0,eGFP1
7046,14:54:51,0.130,0.744,0,0,eGFP1
7047,14:54:52,0.098,0.690,0,0,eGFP1
7048,14:54:53,0.131,1.195,0,0,eGFP1
7049,14:54:54,0.121,0.768,0,0,eGFP1
7050,14:54:54,0.141,0.778,0,0,eGFP1
7051,14:54:55,0.097,0.657,0,0,eGFP1
7052,14:54:56,0.141,0.811,0,0,eGFP1
7053,14:54:56,0.097,0.602,0,0,eGFP1
7054,14:54:57,0.119,0.865,0,0,eGFP1
7055,14:54:58,0.109,0.636,0,0,eGFP1
7056,14:54:59,0.097,0.744,0,0,eGFP1
7057,14:55:00,0.153,0.844,0,0,eGFP1
7058,14:55:00,0.109,0.570,0,0,eGFP1
7059,14:55:01,0.086,0.690,0,0,eGFP1
7060,14:55:02,0.174,1.063,0,0,eGFP1
7061,14:55:03,0.130,0.745,0,0,eGFP1
7062,14:55:04,0.119,0.898,0,0,eGFP1
7063,14:55:04,0.141,0.679,0,0,eGFP1
7064,14:55:05,0.120,0.975,0,0,eGFP1
7065,14:55:06,0.131,0.800,0,0,eGFP1
7066,14:55:07,0.132,0.670,0,0,eGFP1
7067,14:55:07,0.086,0.580,0,0,eGFP1
7068,14:55:08,0.119,0.778,0,0,eGFP1
7069,14:55:09,0.108,0.602,0,0,eGFP1
7070,14:55:09,0.098,0.668,0,0,eGFP1
7071,14:55:10,0.165,1.043,0,0,eGFP1
7072,14:55:11,0.130,0.690,0,0,eGFP1
7073,14:55:12,0.109,0.712,0,0,eGFP1
7074,14:55:13,0.165,0.889,0,0,eGFP1
7075,14:55:13,0.119,0.668,0,0,eGFP1
7076,14:55:14,0.087,1.008,0,0,eGFP1
7077,14:55:15,0.208,0.910,0,0,eGFP1
7078,14:55:16,0.119,0.833,0,0,eGFP1
7079,14:55:17,0.119,0.854,0,0,eGFP1
7080,14:55:18,0.142,0.723,0,0,eGFP1
7081,14:55:19,0.142,1.799,0,0,eGFP1
7082,14:55:20,0.099,0.757,0,0,eGFP1
7083,14:55:21,0.153,0.679,0,0,eGFP1
7084,14:55:22,0.087,0.745,0,0,eGFP1
7085,14:55:22,0.165,0.791,0,0,eGFP1
7086,14:55:23,0.097,0.767,0,0,eGFP1
7087,14:55:24,0.130,0.734,0,0,eGFP1
7088,14:55:25,0.130,0.931,0,0,eGFP1
7089,14:55:25,0.109,0.515,0,0,eGFP1
7090,14:55:26,0.075,0.964,0,0,eGFP1
7091,14:55:27,0.143,0.670,0,0,eGFP1
7092,14:55:30,0.086,3.192,0,0,eGFP1
7093,14:55:31,0.108,0.701,0,0,eGFP1
7094,14:55:32,0.306,1.118,0,0,eGFP1
7095,14:55:32,0.087,0.548,0,0,eGFP1
7096,14:55:33,0.108,0.986,0,0,eGFP1
7097,14:55:34,0.087,0.548,0,0,eGFP1
7098,14:55:35,0.163,0.470,0,0,eGFP1
7099,14:55:35,0.331,0.989,0,0,eGFP1
7100,14:55:36,0.263,0.877,0,0,eGFP1
7101,14:55:37,0.098,0.679,0,0,eGFP1
7102,14:55:38,0.175,0.800,0,0,eGFP1
7103,14:55:39,0.098,0.756,0,0,eGFP1
7104,14:55:39,0.142,0.647,0,0,eGFP1
7105,14:55:40,0.086,0.580,0,0,eGFP1
7106,14:55:41,0.120,0.822,0,0,eGFP1
7107,14:55:41,0.110,0.571,0,0,eGFP1
7108,14:55:42,0.075,0.800,0,0,eGFP1
7109,14:55:43,0.207,0.767,0,0,eGFP1
7110,14:55:43,0.086,0.602,0,0,eGFP1
7111,14:55:44,0.185,0.987,0,0,eGFP1
7112,14:55:45,0.086,0.767,0,0,eGFP1
7113,14:55:46,0.136,0.641,0,0,eGFP1
7114,14:55:46,0.075,0.470,0,0,eGFP1
7115,14:55:47,0.077,0.944,0,0,eGFP1
7116,14:55:48,0.142,0.669,0,0,eGFP1
7117,14:55:48,0.086,0.591,0,0,eGFP1
7118,14:55:49,0.208,0.943,0,0,eGFP1
7119,14:55:50,0.087,0.547,0,0,eGFP1
7120,14:55:51,0.186,1.163,0,0,eGFP1
7121,14:55:52,0.097,0.591,0,0,eGFP1
7122,15:02:21,388.028,388.950,0,0,eGFP1
7123,15:02:22,0.164,1.569,0,0,eGFP1
7124,15:02:23,0.186,0.944,0,0,eGFP1
7125,15:02:24,0.119,0.822,0,0,eGFP1
7126,15:02:25,0.119,0.734,0,0,eGFP1
7127,15:02:27,0.132,2.316,0,0,eGFP1
7128,15:02:28,0.108,0.701,0,0,eGFP1
7129,15:02:29,0.163,0.855,0,0,eGFP1
7130,15:02:29,0.108,0.844,0,0,eGFP1
7131,15:02:30,0.152,0.690,0,0,eGFP1
7132,15:02:31,0.088,0.757,0,0,eGFP1
7133,15:02:32,0.142,0.713,0,0,eGFP1
7134,15:02:32,0.086,0.536,0,0,eGFP1
7135,15:02:33,0.098,0.987,0,0,eGFP1
7136,15:02:34,0.120,0.592,0,0,eGFP1
7137,15:02:35,0.097,0.975,0,0,eGFP1
7138,15:02:35,0.120,0.625,0,0,eGFP1
7139,15:02:36,0.097,0.800,0,0,eGFP1
7140,15:02:37,0.122,0.649,0,0,eGFP1
7141,15:02:38,0.131,1.360,0,0,eGFP1
7142,15:02:39,0.097,0.668,0,0,eGFP1
7143,15:02:39,0.131,0.614,0,0,eGFP1
7144,15:02:40,0.086,0.745,0,0,eGFP1
7145,15:02:41,0.130,0.613,0,0,eGFP1
7146,15:02:41,0.076,0.559,0,0,eGFP1
7147,15:02:42,0.131,0.866,0,0,eGFP1
7148,15:02:43,0.088,0.527,0,0,eGFP1
7149,15:02:44,0.120,1.118,0,0,eGFP1
7150,15:02:44,0.098,0.537,0,0,eGFP1
7151,15:02:45,0.098,0.877,0,0,eGFP1
7152,15:02:46,0.120,0.614,0,0,eGFP1
7153,15:02:47,0.108,0.888,0,0,eGFP1
7154,15:02:47,0.231,0.571,0,0,eGFP1
7155,15:02:49,0.361,1.393,0,0,eGFP1
7156,15:02:49,0.087,0.734,0,0,eGFP1
7157,15:02:50,0.220,0.802,0,0,eGFP1
7158,15:02:51,0.087,0.548,0,0,eGFP1
7159,15:02:52,0.163,0.898,0,0,eGFP1
7160,15:02:52,0.087,0.504,0,0,eGFP1
7161,15:02:53,0.098,0.800,0,0,eGFP1
7162,15:02:54,0.120,0.559,0,0,eGFP1
7163,15:02:54,0.087,0.767,0,0,eGFP1
7164,15:02:55,0.131,0.592,0,0,eGFP1
7165,15:02:56,0.077,1.482,0,0,eGFP1
7166,15:02:57,0.098,0.559,0,0,eGFP1
7167,15:02:58,0.098,0.811,0,0,eGFP1
7168,15:02:58,0.110,0.571,0,0,eGFP1
7169,15:03:00,0.120,1.250,0,0,eGFP1
7170,15:03:00,0.098,0.526,0,0,eGFP1
7171,15:03:01,0.120,0.877,0,0,eGFP1
7172,15:03:02,0.098,0.526,0,0,eGFP1
7173,15:03:02,0.077,0.483,0,0,eGFP1
7174,15:03:03,0.142,1.162,0,0,eGFP1
7175,15:03:04,0.109,0.592,0,0,eGFP1
7176,15:03:05,0.153,1.141,0,0,eGFP1
7177,15:03:05,0.098,0.547,0,0,eGFP1
7178,15:03:07,0.131,1.481,0,0,eGFP1
7179,15:03:07,0.098,0.570,0,0,eGFP1
7180,15:03:08,0.098,0.625,0,0,eGFP1
7181,15:03:09,0.110,0.801,0,0,eGFP1
7182,15:03:10,0.132,0.637,0,0,eGFP1
7183,15:03:10,0.076,0.789,0,0,eGFP1
7184,15:03:11,0.142,0.614,0,0,eGFP1
7185,15:03:12,0.087,0.976,0,0,eGFP1
7186,15:03:13,0.142,0.614,0,0,eGFP1
7187,15:03:13,0.087,0.910,0,0,eGFP1
7188,15:03:14,0.131,0.592,0,0,eGFP1
7189,15:03:15,0.065,0.580,0,0,eGFP1
7190,15:03:15,0.220,0.846,0,0,eGFP1
7191,15:03:17,0.087,1.448,0,0,eGFP1
7192,15:03:18,0.153,0.635,0,0,eGFP1
7193,15:03:18,0.098,0.845,0,0,eGFP1
7194,15:03:19,0.131,0.636,0,0,eGFP1
7195,15:03:20,0.109,1.393,0,0,eGFP1
7196,15:03:21,0.110,0.714,0,0,eGFP1
7197,15:03:22,0.142,0.822,0,0,eGFP1
7198,15:03:23,0.121,0.901,0,0,eGFP1
7199,15:03:23,0.131,0.591,0,0,eGFP1
7200,15:03:25,0.088,1.668,0,0,eGFP1
7201,15:03:27,0.153,1.481,0,0,eGFP1
7202,15:03:28,0.109,1.118,0,0,eGFP1
7203,15:03:29,0.307,0.899,0,0,eGFP1
7204,15:03:30,0.109,0.998,0,0,eGFP1
7205,15:03:30,0.109,0.680,0,0,eGFP1
7206,15:03:31,0.121,0.681,0,0,eGFP1
7207,15:03:32,0.087,0.822,0,0,eGFP1
7208,15:03:33,0.142,0.867,0,0,eGFP1
7209,15:03:37,0.295,4.202,0,0,eGFP1
7210,15:03:38,0.110,0.857,0,0,eGFP1
7211,15:03:38,0.109,0.756,0,0,eGFP1
7212,15:03:39,0.142,0.757,0,0,eGFP1
7213,15:03:40,0.109,0.800,0,0,eGFP1
7214,15:03:41,0.143,0.835,0,0,eGFP1
7215,15:03:42,0.164,0.866,0,0,eGFP1
7216,15:03:42,0.109,0.691,0,0,eGFP1
7217,15:03:43,0.131,0.976,0,0,eGFP1
7218,15:03:44,0.109,1.042,0,0,eGFP1
7219,15:03:45,0.339,0.932,0,0,eGFP1
7220,15:03:46,0.087,0.855,0,0,eGFP1
7221,15:03:47,0.131,0.735,0,0,eGFP1
7222,15:03:48,0.109,0.603,0,0,eGFP1
7223,15:03:48,0.090,0.660,0,0,eGFP1
7224,15:03:49,0.142,0.757,0,0,eGFP1
7225,15:03:50,0.109,0.756,0,0,eGFP1
7226,15:03:50,0.099,0.570,0,0,eGFP1
7227,15:03:51,0.088,0.735,0,0,eGFP1
7228,15:03:52,0.109,0.592,0,0,eGFP1
7229,15:03:52,0.076,0.570,0,0,eGFP1
7230,15:03:53,0.131,0.746,0,0,eGFP1
7231,15:03:54,0.110,0.582,0,0,eGFP1
7232,15:03:54,0.087,0.691,0,0,eGFP1
7233,15:03:55,0.186,0.800,0,0,eGFP1
7234,15:03:56,0.099,0.955,0,0,eGFP1
7235,15:04:01,4.181,4.861,0,0,eGFP1
7236,15:04:02,0.121,0.889,0,0,eGFP1
7237,15:04:02,0.099,0.593,0,0,eGFP1
7238,15:04:04,0.142,1.404,0,0,eGFP1
7239,15:04:04,0.100,0.660,0,0,eGFP1
7240,15:04:05,0.164,0.712,0,0,eGFP1
7241,15:04:06,0.077,0.538,0,0,eGFP1
7242,15:04:07,0.196,0.910,0,0,eGFP1
7243,15:04:07,0.087,0.537,0,0,eGFP1
7244,15:04:08,0.109,0.888,0,0,eGFP1
7245,15:04:09,0.099,0.614,0,0,eGFP1
7246,15:04:10,0.285,1.470,0,0,eGFP1
7247,15:04:11,0.100,0.649,0,0,eGFP1
7248,15:04:11,0.098,0.592,0,0,eGFP1
7249,15:04:12,0.098,1.162,0,0,eGFP1
7250,15:04:13,0.121,0.615,0,0,eGFP1
7251,15:04:14,0.121,0.834,0,0,eGFP1
7252,15:04:14,0.088,0.527,0,0,eGFP1
7253,15:04:15,0.087,0.581,0,0,eGFP1
7254,15:04:16,0.087,0.515,0,0,eGFP1
7255,15:04:16,0.076,0.581,0,0,eGFP1
7256,15:04:17,0.100,0.583,0,0,eGFP1
7257,15:04:17,0.087,0.482,0,0,eGFP1
7258,15:04:18,0.087,1.218,0,0,eGFP1
7259,15:04:19,0.131,0.625,0,0,eGFP1
7260,15:04:20,0.120,1.075,0,0,eGFP1
7261,15:04:21,0.109,0.570,0,0,eGFP1
7262,15:04:22,0.109,1.119,0,0,eGFP1
7263,15:04:22,0.120,0.647,0,0,eGFP1
7264,15:04:23,0.100,0.648,0,0,eGFP1
7265,15:04:24,0.144,0.769,0,0,eGFP1
7266,15:04:24,0.099,0.560,0,0,eGFP1
7267,15:04:25,0.109,0.734,0,0,eGFP1
7268,15:04:26,0.132,0.790,0,0,eGFP1
7269,15:04:27,0.099,0.581,0,0,eGFP1
7270,15:04:27,0.088,0.812,0,0,eGFP1
7271,15:04:28,0.120,0.691,0,0,eGFP1
7272,15:04:29,0.100,0.681,0,0,eGFP1
7273,15:04:30,0.121,0.812,0,0,eGFP1
7274,15:04:30,0.109,0.702,0,0,eGFP1
7275,15:04:31,0.153,0.790,0,0,eGFP1
7276,15:04:32,0.088,0.560,0,0,eGFP1
7277,15:04:32,0.110,0.889,0,0,eGFP1
7278,15:04:33,0.109,0.647,0,0,eGFP1
7279,15:04:34,0.100,0.857,0,0,eGFP1
7280,15:04:35,0.122,0.648,0,0,eGFP1
7281,15:04:35,0.099,0.757,0,0,eGFP1
7282,15:04:36,0.186,0.845,0,0,eGFP1
7283,15:04:37,0.109,0.998,0,0,eGFP1
7284,15:04:38,0.120,0.570,0,0,eGFP1
7285,15:04:39,0.099,0.944,0,0,eGFP1
7286,15:04:39,0.120,0.625,0,0,eGFP1
7287,15:04:40,0.098,0.724,0,0,eGFP1
7288,15:04:41,0.131,0.834,0,0,eGFP1
7289,15:04:46,0.143,4.687,0,0,eGFP1
7290,15:04:46,0.131,0.614,0,0,eGFP1
7291,15:04:48,0.098,1.744,0,0,eGFP1
7292,15:04:49,0.099,0.669,0,0,eGFP1
7293,15:04:49,0.177,0.857,0,0,eGFP1
7294,15:04:50,0.121,0.812,0,0,eGFP1
7295,15:04:51,0.099,0.549,0,0,eGFP1
7296,15:04:52,0.109,0.844,0,0,eGFP1
7297,15:04:52,0.111,0.572,0,0,eGFP1
7298,15:04:53,0.099,0.812,0,0,eGFP1
7299,15:04:54,0.120,0.658,0,0,eGFP1
7300,15:04:55,0.109,0.812,0,0,eGFP1
7301,15:04:55,0.109,0.581,0,0,eGFP1
7302,15:04:56,0.088,0.735,0,0,eGFP1
7303,15:04:57,0.153,0.757,0,0,eGFP1
7304,15:04:57,0.110,0.658,0,0,eGFP1
7305,15:04:58,0.122,0.802,0,0,eGFP1
7306,15:04:59,0.099,0.593,0,0,eGFP1
7307,15:04:59,0.108,0.810,0,0,eGFP1
7308,15:05:00,0.121,0.582,0,0,eGFP1
7309,15:05:02,0.087,2.205,0,0,eGFP1
7310,15:05:03,0.209,0.472,0,0,eGFP1
7311,15:05:07,0.318,4.587,0,0,eGFP1
7312,15:05:09,0.296,2.096,0,0,eGFP1
7313,15:05:14,1.031,4.751,0,0,eGFP1
7314,15:05:16,0.997,1.985,0,0,eGFP1
7315,15:05:17,0.219,1.317,0,0,eGFP1
7316,15:05:18,0.120,0.658,0,0,eGFP1
7317,15:05:19,0.099,0.702,0,0,eGFP1
7318,15:05:20,0.143,0.692,0,0,eGFP1
7319,15:05:20,0.120,0.790,0,0,eGFP1
7320,15:05:21,0.121,0.846,0,0,eGFP1
7321,15:05:22,0.120,0.636,0,0,eGFP1
7322,15:05:23,0.133,0.945,0,0,eGFP1
7323,15:05:24,0.099,0.801,0,0,eGFP1
7324,15:05:24,0.296,0.921,0,0,eGFP1
7325,15:05:25,0.077,0.483,0,0,eGFP1
7326,15:05:26,0.099,1.031,0,0,eGFP1
7327,15:05:27,0.099,0.582,0,0,eGFP1
7328,15:05:27,0.120,0.757,0,0,eGFP1
7329,15:05:28,0.120,0.570,0,0,eGFP1
7330,15:05:28,0.067,0.495,0,0,eGFP1
7331,15:05:29,0.110,0.757,0,0,eGFP1
7332,15:05:30,0.110,0.549,0,0,eGFP1
7333,15:05:31,0.088,0.845,0,0,eGFP1
7334,15:05:31,0.133,0.703,0,0,eGFP1
7335,15:05:32,0.088,0.494,0,0,eGFP1
7336,15:05:33,0.099,0.911,0,0,eGFP1
7337,15:05:33,0.120,0.570,0,0,eGFP1
7338,15:05:34,0.078,0.561,0,0,eGFP1
7339,15:05:35,0.143,0.889,0,0,eGFP1
7340,15:05:35,0.088,0.505,0,0,eGFP1
7341,15:05:36,0.076,0.713,0,0,eGFP1
7342,15:05:37,0.142,0.647,0,0,eGFP1
7343,15:05:37,0.099,0.955,0,0,eGFP1
7344,15:05:38,0.109,0.559,0,0,eGFP1
7345,15:05:39,0.088,0.757,0,0,eGFP1
7346,15:05:40,0.176,0.801,0,0,eGFP1
7347,15:05:40,0.089,0.517,0,0,eGFP1
7348,15:05:41,0.078,0.682,0,0,eGFP1
7349,15:05:42,0.241,0.845,0,0,eGFP1
7350,15:05:42,0.077,0.538,0,0,eGFP1
7351,15:05:43,0.109,0.866,0,0,eGFP1
7352,15:05:44,0.121,0.593,0,0,eGFP1
7353,15:05:44,0.077,0.472,0,0,eGFP1
7354,15:05:45,0.077,0.592,0,0,eGFP1
7355,15:05:45,0.133,0.770,0,0,eGFP1
7356,15:05:46,0.099,0.559,0,0,eGFP1
7357,15:05:47,0.088,0.747,0,0,eGFP1
7358,15:05:47,0.109,0.537,0,0,eGFP1
7359,15:05:48,0.077,0.571,0,0,eGFP1
7360,15:05:49,0.153,0.823,0,0,eGFP1
7361,15:05:49,0.088,0.483,0,0,eGFP1
7362,15:05:50,0.078,0.605,0,0,eGFP1
7363,15:05:51,0.144,0.868,0,0,eGFP1
7364,15:05:51,0.132,0.713,0,0,eGFP1
7365,15:05:52,0.099,0.516,0,0,eGFP1
7366,15:05:52,0.066,0.549,0,0,eGFP1
7367,15:05:53,0.131,0.921,0,0,eGFP1
7368,15:05:54,0.099,0.527,0,0,eGFP1
7369,15:05:54,0.066,0.604,0,0,eGFP1
7370,15:05:56,0.208,1.152,0,0,eGFP1
7371,15:05:56,0.133,0.627,0,0,eGFP1
7372,15:05:57,0.077,0.537,0,0,eGFP1
7373,15:05:58,0.110,0.813,0,0,eGFP1
7374,15:05:58,0.109,0.581,0,0,eGFP1
7375,15:06:00,0.088,2.217,0,0,eGFP1
7376,15:06:01,0.100,0.539,0,0,eGFP1
7377,15:06:02,0.099,0.966,0,0,eGFP1
7378,15:06:02,0.109,0.526,0,0,eGFP1
7379,15:06:03,0.088,0.922,0,0,eGFP1
7380,15:06:04,0.122,0.594,0,0,eGFP1
7381,15:06:05,0.077,0.593,0,0,eGFP1
7382,15:06:05,0.132,0.889,0,0,eGFP1
7383,15:06:06,0.099,0.571,0,0,eGFP1
7384,15:06:07,0.098,0.899,0,0,eGFP1
7385,15:06:08,0.132,0.648,0,0,eGFP1
7386,15:06:08,0.088,0.560,0,0,eGFP1
7387,15:06:09,0.099,0.746,0,0,eGFP1
7388,15:06:09,0.111,0.583,0,0,eGFP1
7389,15:06:10,0.077,0.494,0,0,eGFP1
7390,15:06:11,0.100,0.846,0,0,eGFP1
7391,15:06:11,0.121,0.582,0,0,eGFP1
7392,15:06:12,0.077,0.746,0,0,eGFP1
7393,15:06:13,0.143,0.692,0,0,eGFP1
7394,15:06:13,0.088,0.549,0,0,eGFP1
7395,15:06:14,0.109,0.724,0,0,eGFP1
7396,15:06:15,0.144,0.923,0,0,eGFP1
7397,15:06:17,0.351,2.063,0,0,eGFP1
7398,15:06:18,0.089,0.506,0,0,eGFP1
7399,15:06:19,0.099,0.933,0,0,eGFP1
7400,15:06:23,0.252,4.422,0,0,eGFP1
7401,15:06:27,0.187,3.710,0,0,eGFP1
7402,15:06:28,0.450,1.207,0,0,eGFP1
7403,15:06:30,0.133,1.670,0,0,eGFP1
7404,15:06:30,0.155,0.736,0,0,eGFP1
7405,15:06:31,0.110,0.780,0,0,eGFP1
7406,15:06:32,0.307,0.493,0,0,eGFP1
7407,15:06:33,0.604,1.592,0,0,eGFP1
7408,15:06:35,0.230,1.547,0,0,eGFP1
7409,15:06:35,0.121,0.823,0,0,eGFP1
7410,15:06:37,0.209,1.087,0,0,eGFP1
7411,15:06:40,0.231,3.073,0,0,eGFP1
7412,15:06:40,0.154,0.746,0,0,eGFP1
7413,15:06:43,0.872,2.660,0,0,eGFP1
7414,15:06:46,1.833,2.623,0,0,eGFP1
7415,15:06:47,0.132,1.328,0,0,eGFP1
7416,15:06:48,0.130,0.898,0,0,eGFP1
7417,15:06:49,0.164,0.878,0,0,eGFP1
7418,15:06:50,0.129,1.172,0,0,eGFP1
7419,15:06:51,0.196,0.964,0,0,eGFP1
7420,15:06:52,0.163,1.293,0,0,eGFP1
7421,15:06:53,0.153,0.910,0,0,eGFP1
7422,15:06:54,0.207,1.326,0,0,eGFP1
7423,15:06:55,0.163,0.986,0,0,eGFP1
7424,15:06:58,0.327,2.983,0,0,eGFP1
7425,15:06:59,0.108,0.854,0,0,eGFP1
7426,15:07:00,0.174,0.789,0,0,eGFP1
7427,15:07:01,0.119,1.106,0,0,eGFP1
7428,15:07:02,0.163,1.008,0,0,eGFP1
7429,15:07:03,0.142,0.757,0,0,eGFP1
7430,15:07:04,0.141,0.975,0,0,eGFP1
7431,15:07:05,0.109,1.162,0,0,eGFP1
7432,15:07:06,0.152,0.789,0,0,eGFP1
7433,15:07:07,0.130,1.008,0,0,eGFP1
7434,15:07:08,0.129,0.799,0,0,eGFP1
7435,15:07:08,0.119,0.755,0,0,eGFP1
7436,15:07:22,0.152,13.705,0,0,eGFP1
7437,15:07:24,0.186,2.183,0,0,eGFP1
7438,15:07:25,0.108,0.866,0,0,eGFP1
7439,15:07:26,0.174,0.711,0,0,eGFP1
7440,15:07:27,0.086,0.635,0,0,eGFP1
7441,15:07:28,0.163,1.085,0,0,eGFP1
7442,15:07:28,0.151,0.799,0,0,eGFP1
7443,15:07:29,0.097,0.711,0,0,eGFP1
7444,15:07:30,0.130,0.866,0,0,eGFP1
7445,15:07:31,0.120,0.855,0,0,eGFP1
7446,15:07:32,0.109,0.768,0,0,eGFP1
7447,15:07:32,0.119,0.755,0,0,eGFP1
7448,15:07:34,0.152,1.162,0,0,eGFP1
7449,15:07:35,0.218,1.282,0,0,eGFP1
7450,15:07:36,0.415,1.425,0,0,eGFP1
7451,15:07:37,0.185,1.019,0,0,eGFP1
7452,15:07:38,0.152,0.766,0,0,eGFP1
7453,15:07:39,0.119,1.019,0,0,eGFP1
7454,15:07:40,0.197,0.933,0,0,eGFP1
7455,15:07:41,0.130,0.876,0,0,eGFP1
7456,15:07:42,0.152,0.887,0,0,eGFP1
7457,15:07:43,0.163,1.052,0,0,eGFP1
7458,15:07:44,0.196,1.227,0,0,eGFP1
7459,15:07:45,0.186,0.965,0,0,eGFP1
7460,15:07:46,0.163,1.030,0,0,eGFP1
7461,15:07:49,0.262,2.512,0,0,eGFP1
7462,15:07:49,0.109,0.636,0,0,eGFP1
7463,15:07:50,0.119,0.755,0,0,eGFP1
7464,15:07:51,0.130,0.844,0,0,eGFP1
7465,15:07:52,0.141,0.821,0,0,eGFP1
7466,15:07:52,0.130,0.821,0,0,eGFP1
7467,15:07:53,0.119,0.734,0,0,eGFP1
7468,15:07:54,0.119,0.723,0,0,eGFP1
7469,15:07:55,0.151,0.876,0,0,eGFP1
7470,15:07:55,0.142,0.724,0,0,eGFP1
7471,15:07:58,0.141,2.533,0,0,eGFP1
7472,15:07:59,0.119,0.569,0,0,eGFP1
7473,15:07:59,0.077,0.538,0,0,eGFP1
7474,15:08:03,0.130,3.674,0,0,eGFP1
7475,15:08:03,0.119,0.646,0,0,eGFP1
7476,15:08:05,0.141,1.875,0,0,eGFP1
7477,15:08:06,0.097,0.799,0,0,eGFP1
7478,15:08:07,0.152,0.844,0,0,eGFP1
7479,15:08:07,0.098,0.570,0,0,eGFP1
7480,15:08:08,0.108,0.997,0,0,eGFP1
7481,15:08:09,0.130,0.635,0,0,eGFP1
7482,15:08:10,0.108,1.260,0,0,eGFP1
7483,15:08:11,0.141,0.690,0,0,eGFP1
7484,15:08:12,0.097,0.833,0,0,eGFP1
7485,15:08:12,0.108,0.536,0,0,eGFP1
7486,15:08:14,0.076,1.536,0,0,eGFP1
7487,15:08:15,0.131,0.647,0,0,eGFP1
7488,15:08:16,0.097,1.008,0,0,eGFP1
7489,15:08:16,0.119,0.635,0,0,eGFP1
7490,15:08:17,0.097,0.986,0,0,eGFP1
7491,15:08:18,0.130,0.624,0,0,eGFP1
7492,15:08:18,0.086,0.580,0,0,eGFP1
7493,15:08:19,0.141,0.887,0,0,eGFP1
7494,15:08:20,0.098,0.537,0,0,eGFP1
7495,15:08:21,0.087,0.778,0,0,eGFP1
7496,15:08:22,0.229,1.327,0,0,eGFP1
7497,15:08:23,0.130,0.920,0,0,eGFP1
7498,15:08:24,0.207,0.876,0,0,eGFP1
7499,15:08:25,0.109,0.910,0,0,eGFP1
7500,15:08:25,0.120,0.559,0,0,eGFP1
7501,15:08:26,0.075,1.041,0,0,eGFP1
7502,15:08:27,0.185,0.822,0,0,eGFP1
7503,15:08:28,0.120,0.834,0,0,eGFP1
7504,15:08:29,0.108,0.810,0,0,eGFP1
7505,15:08:29,0.130,0.657,0,0,eGFP1
7506,15:08:30,0.108,1.052,0,0,eGFP1
7507,15:08:31,0.141,0.668,0,0,eGFP1
7508,15:08:32,0.086,0.799,0,0,eGFP1
7509,15:08:33,0.153,0.723,0,0,eGFP1
7510,15:08:33,0.097,0.822,0,0,eGFP1
7511,15:08:34,0.174,0.821,0,0,eGFP1
7512,15:08:35,0.110,0.779,0,0,eGFP1
7513,15:08:36,0.109,0.537,0,0,eGFP1
7514,15:08:38,0.076,2.249,0,0,eGFP1
7515,15:08:39,0.295,0.844,0,0,eGFP1
7516,15:08:40,0.086,0.898,0,0,eGFP1
7517,15:08:40,0.141,0.624,0,0,eGFP1
7518,15:08:42,0.097,1.568,0,0,eGFP1
7519,15:08:42,0.141,0.657,0,0,eGFP1
7520,15:08:44,0.131,1.185,0,0,eGFP1
7521,15:08:45,0.119,1.546,0,0,eGFP1
7522,15:08:46,0.295,0.920,0,0,eGFP1
7523,15:08:47,0.097,1.370,0,0,eGFP1
7524,15:08:48,0.164,0.657,0,0,eGFP1
7525,15:08:49,0.087,1.052,0,0,eGFP1
7526,15:08:51,0.197,2.040,0,0,eGFP1
7527,15:08:52,0.097,0.547,0,0,eGFP1
7528,15:08:53,0.133,0.902,0,0,eGFP1
7529,15:08:53,0.097,0.503,0,0,eGFP1
7530,15:08:54,0.075,1.217,0,0,eGFP1
7531,15:08:59,0.218,4.563,0,0,eGFP1
7532,15:09:00,0.142,0.635,0,0,eGFP1
7533,15:09:01,0.087,0.910,0,0,eGFP1
7534,15:09:01,0.141,0.591,0,0,eGFP1
7535,15:09:02,0.075,0.942,0,0,eGFP1
7536,15:09:03,0.198,0.768,0,0,eGFP1
7537,15:09:04,0.087,1.184,0,0,eGFP1
7538,15:09:05,0.569,1.305,0,0,eGFP1
7539,15:09:08,0.097,2.380,0,0,eGFP1
7540,15:09:08,0.130,0.646,0,0,eGFP1
7541,15:09:10,0.119,1.293,0,0,eGFP1
7542,15:09:10,0.165,0.790,0,0,eGFP1
7543,15:09:11,0.109,0.614,0,0,eGFP1
7544,15:09:12,0.152,1.150,0,0,eGFP1
7545,15:09:13,0.110,0.615,0,0,eGFP1
7546,15:09:14,0.152,1.272,0,0,eGFP1
7547,15:09:15,0.108,0.635,0,0,eGFP1
7548,15:09:16,0.207,1.699,0,0,eGFP1
7549,15:09:17,0.109,0.844,0,0,eGFP1
7550,15:09:18,0.273,0.887,0,0,eGFP1
7551,15:09:19,0.087,0.515,0,0,eGFP1
7552,15:09:20,0.119,1.030,0,0,eGFP1
7553,15:09:20,0.110,0.538,0,0,eGFP1
7554,15:09:21,0.075,1.173,0,0,eGFP1
7555,15:09:22,0.163,0.657,0,0,eGFP1
7556,15:09:23,0.088,0.977,0,0,eGFP1
7557,15:09:24,0.130,0.602,0,0,eGFP1
7558,15:09:24,0.075,0.844,0,0,eGFP1
7559,15:09:25,0.152,0.646,0,0,eGFP1
7560,15:09:26,0.086,0.920,0,0,eGFP1
7561,15:09:27,0.156,0.870,0,0,eGFP1
7562,15:09:28,0.119,0.624,0,0,eGFP1
7563,15:09:28,0.097,0.767,0,0,eGFP1
7564,15:09:29,0.119,0.580,0,0,eGFP1
7565,15:09:41,0.076,12.125,0,0,eGFP1
7566,15:09:42,0.141,0.712,0,0,eGFP1
7567,15:09:43,0.131,0.844,0,0,eGFP1
7568,15:09:44,0.108,0.986,0,0,eGFP1
7569,15:09:44,0.187,0.878,0,0,eGFP1
7570,15:09:45,0.140,0.876,0,0,eGFP1
7571,15:09:46,0.108,0.580,0,0,eGFP1
7572,15:09:47,0.109,0.954,0,0,eGFP1
7573,15:09:48,0.152,0.777,0,0,eGFP1
7574,15:09:48,0.142,0.822,0,0,eGFP1
7575,15:09:50,0.098,1.799,0,0,eGFP1
7576,15:09:51,0.141,0.646,0,0,eGFP1
7577,15:09:52,0.076,0.844,0,0,eGFP1
7578,15:09:53,0.208,0.856,0,0,eGFP1
7579,15:09:53,0.086,0.525,0,0,eGFP1
7580,15:09:54,0.087,0.647,0,0,eGFP1
7581,15:09:55,0.119,0.898,0,0,eGFP1
7582,15:09:55,0.120,0.581,0,0,eGFP1
7583,15:09:56,0.077,0.966,0,0,eGFP1
7584,15:09:58,1.194,1.974,0,0,eGFP1
7585,15:09:59,0.097,0.745,0,0,eGFP1
7586,15:10:00,0.110,0.746,0,0,eGFP1
7587,15:10:00,0.130,0.734,0,0,eGFP1
7588,15:10:01,0.120,0.690,0,0,eGFP1
7589,15:10:02,0.087,0.504,0,0,eGFP1
7590,15:10:02,0.097,0.833,0,0,eGFP1
7591,15:10:03,0.185,1.030,0,0,eGFP1
7592,15:10:04,0.130,0.789,0,0,eGFP1
7593,15:10:05,0.098,0.591,0,0,eGFP1
7594,15:10:06,0.099,0.725,0,0,eGFP1
7595,15:10:06,0.097,0.525,0,0,eGFP1
7596,15:10:07,0.065,0.603,0,0,eGFP1
7597,15:10:08,0.230,1.218,0,0,eGFP1
7598,15:10:09,0.131,0.910,0,0,eGFP1
7599,15:10:10,0.141,0.767,0,0,eGFP1
7600,15:10:10,0.097,0.547,0,0,eGFP1
7601,15:10:11,0.120,0.932,0,0,eGFP1
7602,15:10:12,0.154,0.878,0,0,eGFP1
7603,15:10:13,0.132,0.637,0,0,eGFP1
7604,15:10:13,0.097,0.701,0,0,eGFP1
7605,15:10:18,3.620,4.333,0,0,eGFP1
7606,15:10:18,0.087,0.625,0,0,eGFP1
7607,15:10:19,0.141,0.811,0,0,eGFP1
7608,15:10:20,0.097,0.514,0,0,eGFP1
7609,15:10:20,0.076,0.581,0,0,eGFP1
7610,15:10:21,0.152,1.151,0,0,eGFP1
7611,15:10:23,0.144,1.472,0,0,eGFP1
7612,15:10:24,0.427,1.458,0,0,eGFP1
7613,15:10:25,0.186,0.965,0,0,eGFP1
7614,15:10:26,0.164,0.844,0,0,eGFP1
7615,15:10:27,0.109,0.548,0,0,eGFP1
7616,15:10:27,0.075,0.449,0,0,eGFP1
7617,15:10:29,0.086,2.446,0,0,eGFP1
7618,15:10:30,0.152,0.635,0,0,eGFP1
7619,15:10:31,0.077,0.505,0,0,eGFP1
7620,15:10:32,0.109,0.965,0,0,eGFP1
7621,15:10:32,0.174,0.921,0,0,eGFP1
7622,15:10:33,0.119,0.745,0,0,eGFP1
7623,15:10:34,0.108,0.591,0,0,eGFP1
7624,15:10:35,0.120,0.702,0,0,eGFP1
7625,15:10:35,0.143,0.790,0,0,eGFP1
7626,15:10:36,0.131,0.734,0,0,eGFP1
7627,15:10:37,0.099,0.494,0,0,eGFP1
7628,15:10:37,0.065,0.438,0,0,eGFP1
7629,15:10:38,0.098,0.976,0,0,eGFP1
7630,15:10:39,0.273,1.118,0,0,eGFP1
7631,15:10:40,0.109,0.581,0,0,eGFP1
7632,15:10:40,0.076,0.482,0,0,eGFP1
7633,15:10:41,0.086,0.811,0,0,eGFP1
7634,15:10:43,0.383,1.875,0,0,eGFP1
7635,15:10:43,0.098,0.625,0,0,eGFP1
7636,15:10:44,0.099,0.669,0,0,eGFP1
7637,15:10:45,0.120,0.592,0,0,eGFP1
7638,15:10:45,0.076,0.460,0,0,eGFP1
7639,15:10:46,0.088,1.109,0,0,eGFP1
7640,15:10:47,0.251,0.822,0,0,eGFP1
7641,15:10:48,0.087,0.504,0,0,eGFP1
7642,15:10:48,0.098,0.701,0,0,eGFP1
7643,15:10:49,0.175,0.833,0,0,eGFP1
7644,15:10:50,0.089,0.549,0,0,eGFP1
7645,15:10:51,0.120,1.064,0,0,eGFP1
7646,15:10:52,1.151,1.733,0,0,eGFP1
7647,15:10:53,0.087,0.745,0,0,eGFP1
7648,15:10:54,0.186,0.833,0,0,eGFP1
7649,15:10:55,0.087,0.614,0,0,eGFP1
7650,15:10:55,0.097,0.800,0,0,eGFP1
7651,15:10:56,0.141,0.712,0,0,eGFP1
7652,15:10:57,0.079,0.485,0,0,eGFP1
7653,15:10:58,0.109,1.129,0,0,eGFP1
7654,15:10:58,0.142,0.636,0,0,eGFP1
7655,15:10:59,0.076,0.591,0,0,eGFP1
7656,15:11:00,0.142,0.768,0,0,eGFP1
7657,15:11:00,0.086,0.471,0,0,eGFP1
7658,15:11:01,0.064,0.536,0,0,eGFP1
7659,15:11:01,0.241,0.658,0,0,eGFP1
7660,15:11:03,0.439,1.185,0,0,eGFP1
7661,15:11:03,0.087,0.461,0,0,eGFP1
7662,15:11:04,0.064,0.833,0,0,eGFP1
7663,15:11:05,0.152,0.767,0,0,eGFP1
7664,15:11:05,0.098,0.493,0,0,eGFP1
7665,15:11:06,0.076,0.515,0,0,eGFP1
7666,15:11:07,0.187,1.339,0,0,eGFP1
7667,15:11:08,0.120,0.636,0,0,eGFP1
7668,15:11:08,0.119,0.767,0,0,eGFP1
7669,15:11:09,0.121,0.648,0,0,eGFP1
7670,15:11:10,0.098,0.767,0,0,eGFP1
7671,15:11:11,0.131,0.800,0,0,eGFP1
7672,15:11:11,0.098,0.559,0,0,eGFP1
7673,15:11:13,0.109,1.349,0,0,eGFP1
7674,15:11:14,0.493,1.107,0,0,eGFP1
7675,15:11:14,0.076,0.515,0,0,eGFP1
7676,15:11:15,0.109,0.954,0,0,eGFP1
7677,15:11:16,0.143,0.681,0,0,eGFP1
7678,15:11:16,0.076,0.515,0,0,eGFP1
7679,15:11:17,0.109,1.020,0,0,eGFP1
7680,15:11:18,0.176,0.791,0,0,eGFP1
7681,15:11:19,0.098,0.558,0,0,eGFP1
7682,15:11:19,0.098,0.581,0,0,eGFP1
7683,15:11:20,0.099,0.736,0,0,eGFP1
7684,15:11:23,0.153,2.874,0,0,eGFP1
7685,15:11:24,0.133,0.692,0,0,eGFP1
7686,15:11:24,0.087,0.537,0,0,eGFP1
7687,15:11:25,0.087,0.976,0,0,eGFP1
7688,15:11:26,0.318,1.097,0,0,eGFP1
7689,15:11:27,0.098,0.504,0,0,eGFP1
7690,15:11:27,0.076,0.504,0,0,eGFP1
7691,15:11:28,0.109,0.855,0,0,eGFP1
7692,15:11:29,0.142,0.779,0,0,eGFP1
7693,15:11:29,0.099,0.560,0,0,eGFP1
7694,15:11:30,0.100,0.769,0,0,eGFP1
7695,15:11:31,0.131,0.603,0,0,eGFP1
7696,15:11:31,0.065,0.427,0,0,eGFP1
7697,15:11:32,0.087,0.800,0,0,eGFP1
7698,15:11:33,0.241,1.328,0,0,eGFP1
7699,15:11:34,0.153,0.679,0,0,eGFP1
7700,15:11:34,0.076,0.439,0,0,eGFP1
7701,15:11:35,0.087,1.019,0,0,eGFP1
7702,15:11:36,0.188,0.747,0,0,eGFP1
7703,15:11:37,0.087,0.515,0,0,eGFP1
7704,15:11:41,0.131,3.874,0,0,eGFP1
7705,15:11:41,0.142,0.712,0,0,eGFP1
7706,15:11:42,0.142,0.878,0,0,eGFP1
7707,15:11:43,0.120,0.548,0,0,eGFP1
7708,15:11:43,0.088,0.637,0,0,eGFP1
7709,15:11:44,0.120,0.603,0,0,eGFP1
7710,15:11:45,0.099,0.747,0,0,eGFP1
7711,15:11:45,0.109,0.548,0,0,eGFP1
7712,15:11:46,0.076,0.657,0,0,eGFP1
7713,15:11:47,0.197,0.976,0,0,eGFP1
7714,15:11:50,0.483,2.974,0,0,eGFP1
7715,15:11:51,0.175,0.745,0,0,eGFP1
7716,15:11:51,0.132,0.538,0,0,eGFP1
7717,15:11:55,0.932,4.048,0,0,eGFP1
7718,15:11:56,0.100,0.517,0,0,eGFP1
7719,15:11:56,0.076,0.669,0,0,eGFP1
7720,15:11:57,0.208,0.789,0,0,eGFP1
7721,15:11:58,0.109,0.856,0,0,eGFP1
7722,15:11:59,0.264,0.527,0,0,eGFP1
7723,15:12:06,6.408,7.078,0,0,eGFP1
7724,15:12:06,0.087,0.636,0,0,eGFP1
7725,15:12:07,0.142,0.921,0,0,eGFP1
7726,15:12:08,0.099,0.549,0,0,eGFP1
7727,15:12:09,0.088,0.801,0,0,eGFP1
7728,15:12:09,0.175,0.757,0,0,eGFP1
7729,15:12:10,0.076,0.471,0,0,eGFP1
7730,15:12:11,0.087,1.547,0,0,eGFP1
7731,15:12:12,0.142,0.668,0,0,eGFP1
7732,15:12:13,0.121,0.911,0,0,eGFP1
7733,15:12:14,0.120,0.778,0,0,eGFP1
7734,15:12:14,0.099,0.538,0,0,eGFP1
7735,15:12:15,0.079,0.649,0,0,eGFP1
7736,15:12:16,0.120,0.801,0,0,eGFP1
7737,15:12:16,0.142,0.745,0,0,eGFP1
7738,15:12:17,0.088,0.461,0,0,eGFP1
7739,15:12:17,0.065,0.427,0,0,eGFP1
7740,15:12:18,0.077,0.746,0,0,eGFP1
7741,15:12:19,0.153,0.943,0,0,eGFP1
7742,15:12:20,0.110,0.559,0,0,eGFP1
7743,15:12:20,0.089,0.605,0,0,eGFP1
7744,15:12:21,0.164,0.943,0,0,eGFP1
7745,15:12:22,0.098,0.548,0,0,eGFP1
7746,15:12:22,0.077,0.538,0,0,eGFP1
7747,15:12:23,0.120,0.734,0,0,eGFP1
7748,15:12:23,0.110,0.538,0,0,eGFP1
7749,15:12:24,0.066,0.428,0,0,eGFP1
7750,15:12:36,0.077,11.709,0,0,eGFP1
7751,15:12:39,2.207,3.699,0,0,eGFP1
7752,15:12:40,0.165,1.174,0,0,eGFP1
7753,15:12:41,0.120,0.680,0,0,eGFP1
7754,15:12:42,0.153,0.878,0,0,eGFP1
7755,15:12:43,0.098,0.537,0,0,eGFP1
7756,15:12:43,0.120,0.888,0,0,eGFP1
7757,15:12:44,0.099,1.042,0,0,eGFP1
7758,15:12:45,0.165,0.669,0,0,eGFP1
7759,15:12:46,0.089,1.143,0,0,eGFP1
7760,15:12:47,0.109,0.537,0,0,eGFP1
7761,15:12:47,0.076,0.614,0,0,eGFP1
7762,15:12:48,0.186,0.801,0,0,eGFP1
7763,15:12:50,0.088,1.526,0,0,eGFP1
7764,15:12:50,0.165,0.681,0,0,eGFP1
7765,15:12:51,0.142,0.976,0,0,eGFP1
7766,15:12:52,0.087,0.735,0,0,eGFP1
7767,15:12:54,1.393,2.128,0,0,eGFP1
7768,15:12:55,0.122,0.934,0,0,eGFP1
7769,15:12:56,0.142,0.954,0,0,eGFP1
7770,15:12:57,0.132,0.779,0,0,eGFP1
7771,15:12:58,0.142,0.834,0,0,eGFP1
7772,15:12:58,0.098,0.526,0,0,eGFP1
7773,15:12:59,0.099,1.020,0,0,eGFP1
7774,15:13:01,0.198,1.251,0,0,eGFP1
7775,15:13:01,0.131,0.625,0,0,eGFP1
7776,15:13:02,0.078,0.945,0,0,eGFP1
7777,15:13:03,0.133,0.659,0,0,eGFP1
7778,15:13:04,0.110,0.856,0,0,eGFP1
7779,15:13:05,0.098,1.470,0,0,eGFP1
7780,15:13:06,0.186,0.779,0,0,eGFP1
7781,15:13:07,0.142,0.856,0,0,eGFP1
7782,15:13:07,0.087,0.515,0,0,eGFP1
7783,15:13:15,0.121,7.726,0,0,eGFP1
7784,15:13:16,0.165,1.032,0,0,eGFP1
7785,15:13:17,0.143,0.658,0,0,eGFP1
7786,15:13:18,0.099,1.306,0,0,eGFP1
7787,15:13:19,0.109,0.559,0,0,eGFP1
7788,15:13:19,0.088,0.845,0,0,eGFP1
7789,15:13:20,0.142,1.020,0,0,eGFP1
7790,15:13:21,0.154,0.911,0,0,eGFP1
7791,15:13:22,0.122,0.923,0,0,eGFP1
7792,15:13:23,0.132,0.626,0,0,eGFP1
7793,15:13:23,0.088,0.527,0,0,eGFP1
7794,15:13:24,0.098,0.943,0,0,eGFP1
7795,15:13:25,0.099,0.527,0,0,eGFP1
7796,15:13:26,0.076,0.746,0,0,eGFP1
7797,15:13:27,0.153,0.921,0,0,eGFP1
7798,15:13:27,0.132,0.812,0,0,eGFP1
7799,15:13:28,0.121,0.592,0,0,eGFP1
7800,15:13:30,0.099,1.536,0,0,eGFP1
7801,15:13:30,0.100,0.759,0,0,eGFP1
7802,15:13:31,0.164,0.746,0,0,eGFP1
7803,15:13:32,0.087,0.526,0,0,eGFP1
7804,15:13:34,0.110,2.283,0,0,eGFP1
7805,15:13:35,0.144,0.912,0,0,eGFP1
7806,15:13:35,0.154,0.647,0,0,eGFP1
7807,15:13:36,0.077,0.472,0,0,eGFP1
7808,15:13:37,0.110,0.834,0,0,eGFP1
7809,15:13:37,0.133,0.627,0,0,eGFP1
7810,15:13:38,0.087,0.811,0,0,eGFP1
7811,15:13:39,0.121,0.560,0,0,eGFP1
7812,15:13:40,0.076,0.856,0,0,eGFP1
7813,15:13:40,0.142,0.647,0,0,eGFP1
7814,15:13:42,0.109,1.734,0,0,eGFP1
7815,15:13:42,0.098,0.548,0,0,eGFP1
7816,15:13:43,0.110,0.911,0,0,eGFP1
7817,15:13:44,0.100,0.528,0,0,eGFP1
7818,15:13:46,0.078,1.636,0,0,eGFP1
7819,15:13:47,0.164,0.976,0,0,eGFP1
7820,15:13:47,0.165,0.681,0,0,eGFP1
7821,15:13:48,0.076,0.702,0,0,eGFP1
7822,15:13:49,0.142,0.647,0,0,eGFP1
7823,15:13:51,0.088,1.942,0,0,eGFP1
7824,15:13:51,0.143,0.615,0,0,eGFP1
7825,15:13:52,0.087,0.790,0,0,eGFP1
7826,15:13:52,0.108,0.536,0,0,eGFP1
7827,15:13:53,0.077,0.483,0,0,eGFP1
7828,15:13:55,0.131,1.712,0,0,eGFP1
7829,15:13:55,0.098,0.504,0,0,eGFP1
7830,15:13:56,0.077,0.593,0,0,eGFP1
7831,15:13:57,0.120,0.867,0,0,eGFP1
7832,15:13:57,0.133,0.593,0,0,eGFP1
7833,15:13:58,0.077,0.801,0,0,eGFP1
7834,15:13:59,0.155,0.649,0,0,eGFP1
7835,15:14:00,0.088,1.800,0,0,eGFP1
7836,15:14:01,0.142,0.669,0,0,eGFP1
7837,15:14:02,0.110,0.768,0,0,eGFP1
7838,15:14:02,0.099,0.538,0,0,eGFP1
7839,15:14:04,0.087,1.602,0,0,eGFP1
7840,15:14:05,0.110,0.614,0,0,eGFP1
7841,15:14:06,0.143,0.911,0,0,eGFP1
7842,15:14:06,0.089,0.506,0,0,eGFP1
7843,15:14:08,0.099,1.844,0,0,eGFP1
7844,15:14:09,0.109,0.680,0,0,eGFP1
7845,15:14:09,0.110,0.768,0,0,eGFP1
7846,15:14:10,0.101,0.529,0,0,eGFP1
7847,15:14:11,0.077,0.724,0,0,eGFP1
7848,15:14:11,0.132,0.615,0,0,eGFP1
7849,15:14:12,0.076,1.229,0,0,eGFP1
7850,15:14:13,0.133,0.626,0,0,eGFP1
7851,15:14:14,0.099,0.878,0,0,eGFP1
7852,15:14:15,0.121,0.834,0,0,eGFP1
7853,15:14:17,0.165,2.195,0,0,eGFP1
7854,15:14:18,0.099,0.878,0,0,eGFP1
7855,15:14:19,0.132,0.801,0,0,eGFP1
7856,15:14:19,0.121,0.614,0,0,eGFP1
7857,15:14:20,0.110,0.900,0,0,eGFP1
7858,15:14:21,0.220,1.141,0,0,eGFP1
7859,15:14:23,0.144,1.264,0,0,eGFP1
7860,15:14:23,0.133,0.693,0,0,eGFP1
7861,15:14:24,0.098,0.801,0,0,eGFP1
7862,15:14:25,0.131,0.724,0,0,eGFP1
7863,15:14:25,0.088,0.603,0,0,eGFP1
7864,15:14:26,0.154,0.911,0,0,eGFP1
7865,15:14:27,0.143,0.878,0,0,eGFP1
7866,15:14:28,0.099,0.571,0,0,eGFP1
7867,15:14:29,0.100,0.813,0,0,eGFP1
7868,15:14:29,0.121,0.768,0,0,eGFP1
7869,15:14:30,0.121,0.856,0,0,eGFP1
7870,15:14:31,0.143,0.823,0,0,eGFP1
7871,15:14:32,0.143,0.922,0,0,eGFP1
7872,15:14:33,0.143,0.779,0,0,eGFP1
7873,15:14:33,0.088,0.670,0,0,eGFP1
7874,15:14:34,0.177,0.868,0,0,eGFP1
7875,15:14:35,0.078,0.572,0,0,eGFP1
7876,15:14:36,0.165,0.834,0,0,eGFP1
7877,15:14:36,0.099,0.494,0,0,eGFP1
7878,15:14:37,0.088,1.109,0,0,eGFP1
7879,15:14:38,0.175,0.735,0,0,eGFP1
7880,15:14:39,0.099,0.757,0,0,eGFP1
7881,15:14:40,0.154,0.757,0,0,eGFP1
7882,15:14:40,0.099,0.560,0,0,eGFP1
7883,15:14:41,0.089,0.616,0,0,eGFP1
7884,15:14:42,0.099,0.856,0,0,eGFP1
7885,15:14:42,0.143,0.823,0,0,eGFP1
7886,15:14:43,0.143,0.725,0,0,eGFP1
7887,15:14:44,0.098,0.889,0,0,eGFP1
7888,15:14:45,0.177,0.846,0,0,eGFP1
7889,15:14:46,0.110,0.812,0,0,eGFP1
7890,15:14:47,0.132,0.966,0,0,eGFP1
7891,15:14:47,0.121,0.571,0,0,eGFP1
7892,15:14:49,0.100,1.812,0,0,eGFP1
7893,15:14:50,0.132,0.593,0,0,eGFP1
7894,15:14:50,0.076,0.515,0,0,eGFP1
7895,15:14:51,0.088,1.043,0,0,eGFP1
7896,15:14:52,0.143,0.604,0,0,eGFP1
7897,15:14:52,0.066,0.625,0,0,eGFP1
7898,15:14:53,0.253,1.087,0,0,eGFP1
7899,15:14:54,0.088,0.538,0,0,eGFP1
7900,15:14:55,0.078,0.605,0,0,eGFP1
7901,15:14:55,0.144,0.835,0,0,eGFP1
7902,15:14:56,0.099,0.516,0,0,eGFP1
7903,15:14:57,0.110,0.933,0,0,eGFP1
7904,15:14:58,0.121,0.769,0,0,eGFP1
7905,15:14:59,0.131,0.900,0,0,eGFP1
7906,15:14:59,0.131,0.790,0,0,eGFP1
7907,15:15:00,0.154,0.735,0,0,eGFP1
7908,15:15:01,0.110,0.559,0,0,eGFP1
7909,15:15:01,0.075,0.514,0,0,eGFP1
7910,15:15:02,0.163,0.898,0,0,eGFP1
7911,15:15:03,0.086,0.756,0,0,eGFP1
7912,15:15:03,0.141,0.667,0,0,eGFP1
7913,15:15:04,0.075,0.459,0,0,eGFP1
7914,15:15:05,0.086,1.195,0,0,eGFP1
7915,15:15:06,0.175,0.800,0,0,eGFP1
7916,15:15:07,0.153,0.944,0,0,eGFP1
7917,15:15:08,0.162,1.238,0,0,eGFP1
7918,15:15:09,0.119,0.547,0,0,eGFP1
7919,15:15:10,0.075,1.337,0,0,eGFP1
7920,15:15:11,0.162,0.634,0,0,eGFP1
7921,15:15:11,0.075,0.778,0,0,eGFP1
7922,15:15:12,0.130,0.601,0,0,eGFP1
7923,15:15:13,0.086,0.756,0,0,eGFP1
7924,15:15:14,0.152,0.854,0,0,eGFP1
7925,15:15:15,0.131,0.899,0,0,eGFP1
7926,15:15:15,0.130,0.712,0,0,eGFP1
7927,15:15:16,0.097,0.799,0,0,eGFP1
7928,15:15:17,0.141,0.887,0,0,eGFP1
7929,15:15:18,0.120,0.658,0,0,eGFP1
7930,15:15:27,0.130,9.052,0,0,eGFP1
7931,15:15:28,0.207,1.337,0,0,eGFP1
7932,15:15:29,0.229,0.843,0,0,eGFP1
7933,15:15:30,0.098,0.954,0,0,eGFP1
7934,15:15:30,0.108,0.613,0,0,eGFP1
7935,15:15:32,0.130,1.864,0,0,eGFP1
7936,15:15:33,0.218,0.788,0,0,eGFP1
7937,15:15:34,0.097,0.800,0,0,eGFP1
7938,15:15:34,0.119,0.569,0,0,eGFP1
7939,15:15:35,0.097,0.887,0,0,eGFP1
7940,15:15:36,0.119,0.887,0,0,eGFP1
7941,15:15:37,0.123,0.584,0,0,eGFP1
7942,15:15:37,0.064,0.470,0,0,eGFP1
7943,15:15:38,0.109,0.779,0,0,eGFP1
7944,15:15:39,0.130,0.821,0,0,eGFP1
7945,15:15:40,0.119,0.777,0,0,eGFP1
7946,15:15:40,0.141,0.701,0,0,eGFP1
7947,15:15:41,0.075,0.470,0,0,eGFP1
7948,15:15:43,0.075,2.533,0,0,eGFP1
7949,15:15:44,0.187,1.065,0,0,eGFP1
7950,15:15:45,0.141,0.656,0,0,eGFP1
7951,15:15:46,0.086,0.536,0,0,eGFP1
7952,15:15:46,0.097,0.767,0,0,eGFP1
7953,15:15:47,0.174,0.909,0,0,eGFP1
7954,15:15:48,0.086,0.723,0,0,eGFP1
7955,15:15:49,0.162,0.854,0,0,eGFP1
7956,15:15:49,0.097,0.558,0,0,eGFP1
7957,15:15:52,0.164,2.721,0,0,eGFP1
7958,15:15:53,0.120,0.570,0,0,eGFP1
7959,15:15:54,0.119,0.953,0,0,eGFP1
7960,15:15:54,0.108,0.624,0,0,eGFP1
7961,15:15:56,0.174,1.678,0,0,eGFP1
7962,15:15:56,0.086,0.492,0,0,eGFP1
7963,15:15:57,0.119,1.019,0,0,eGFP1
7964,15:15:58,0.097,0.503,0,0,eGFP1
7965,15:15:59,0.075,0.722,0,0,eGFP1
7966,15:15:59,0.165,0.670,0,0,eGFP1
7967,15:16:00,0.075,0.481,0,0,eGFP1
7968,15:16:01,0.088,0.758,0,0,eGFP1
7969,15:16:01,0.119,0.591,0,0,eGFP1
7970,15:16:02,0.097,1.172,0,0,eGFP1
7971,15:16:04,0.252,1.372,0,0,eGFP1
7972,15:16:04,0.097,0.612,0,0,eGFP1
7973,15:16:05,0.109,0.602,0,0,eGFP1
7974,15:16:06,0.099,0.735,0,0,eGFP1
7975,15:16:06,0.109,0.526,0,0,eGFP1
7976,15:16:07,0.075,0.887,0,0,eGFP1
7977,15:16:08,0.174,0.668,0,0,eGFP1
7978,15:16:08,0.086,0.613,0,0,eGFP1
7979,15:16:10,0.338,1.721,0,0,eGFP1
7980,15:16:11,0.097,0.766,0,0,eGFP1
7981,15:16:11,0.131,0.602,0,0,eGFP1
7982,15:16:13,0.077,1.822,0,0,eGFP1
7983,15:16:14,0.163,0.744,0,0,eGFP1
7984,15:16:15,0.187,1.273,0,0,eGFP1
7985,15:16:16,0.097,0.536,0,0,eGFP1
7986,15:16:22,0.098,6.002,0,0,eGFP1
7987,15:16:54,2.478,32.009,0,0,eGFP1
7988,15:16:56,1.623,2.523,0,0,eGFP1
7989,15:17:12,0.448,15.427,0,0,eGFP1
7990,15:17:18,0.175,6.243,0,0,eGFP1
7991,15:17:21,1.229,2.634,0,0,eGFP1
7992,15:17:23,0.207,2.742,0,0,eGFP1
7993,15:17:27,0.130,3.422,0,0,eGFP1
7994,15:17:29,0.372,1.820,0,0,eGFP1
7995,15:17:31,0.174,2.095,0,0,eGFP1
7996,15:17:32,0.141,1.765,0,0,eGFP1
7997,15:17:36,0.273,3.576,0,0,eGFP1
7998,15:17:37,0.167,0.771,0,0,eGFP1
7999,15:17:39,0.680,1.712,0,0,eGFP1
8000,15:17:40,0.284,1.183,0,0,eGFP1
8001,15:17:42,0.240,1.854,0,0,eGFP1
8002,15:17:44,0.492,2.588,0,0,eGFP1
8003,15:17:46,0.130,1.579,0,0,eGFP1
8004,15:17:51,0.141,4.816,0,0,eGFP1
8005,15:17:52,0.152,1.272,0,0,eGFP1
8006,15:17:53,0.141,0.898,0,0,eGFP1
8007,15:17:54,0.307,1.174,0,0,eGFP1
8008,15:17:57,0.196,2.753,0,0,eGFP1
8009,15:17:58,0.152,1.403,0,0,eGFP1
8010,15:17:59,0.131,1.184,0,0,eGFP1
8011,15:18:00,0.196,1.085,0,0,eGFP1
8012,15:18:02,0.176,1.218,0,0,eGFP1
8013,15:18:03,0.175,1.327,0,0,eGFP1
8014,15:18:04,0.163,1.063,0,0,eGFP1
8015,15:18:05,0.132,1.174,0,0,eGFP1
8016,15:18:06,0.185,1.020,0,0,eGFP1
8017,15:18:07,0.240,1.194,0,0,eGFP1
8018,15:18:09,0.120,1.426,0,0,eGFP1
8019,15:18:10,0.207,0.920,0,0,eGFP1
8020,15:18:13,0.141,3.093,0,0,eGFP1
8021,15:18:14,0.142,0.987,0,0,eGFP1
8022,15:18:15,0.185,0.975,0,0,eGFP1
8023,15:18:16,0.164,0.965,0,0,eGFP1
8024,15:18:25,0.121,9.152,0,0,eGFP1
8025,15:18:27,0.174,1.952,0,0,eGFP1
8026,15:18:28,0.165,0.900,0,0,eGFP1
8027,15:18:29,0.229,0.997,0,0,eGFP1
8028,15:18:30,0.120,0.954,0,0,eGFP1
8029,15:18:31,0.152,0.953,0,0,eGFP1
8030,15:18:32,0.164,0.932,0,0,eGFP1
8031,15:18:34,0.152,2.940,0,0,eGFP1
8032,15:18:35,0.143,0.944,0,0,eGFP1
8033,15:18:36,0.185,0.975,0,0,eGFP1
8034,15:18:37,0.163,1.074,0,0,eGFP1
8035,15:18:41,0.197,3.050,0,0,eGFP1
8036,15:18:41,0.119,0.844,0,0,eGFP1
8037,15:18:42,0.152,0.953,0,0,eGFP1
8038,15:18:43,0.153,0.954,0,0,eGFP1
8039,15:18:45,0.459,1.502,0,0,eGFP1
8040,15:18:52,0.287,6.772,0,0,eGFP1
8041,15:18:54,0.131,2.600,0,0,eGFP1
8042,15:18:55,0.142,0.756,0,0,eGFP1
8043,15:18:56,0.153,0.668,0,0,eGFP1
8044,15:18:57,0.866,1.557,0,0,eGFP1
8045,15:18:58,0.175,0.493,0,0,eGFP1
8046,15:19:00,0.240,2.699,0,0,eGFP1
8047,15:19:01,0.207,1.140,0,0,eGFP1
8048,15:19:05,1.196,3.522,0,0,eGFP1
8049,15:19:06,0.145,1.220,0,0,eGFP1
8050,15:19:07,0.218,0.943,0,0,eGFP1
8051,15:19:08,0.163,1.052,0,0,eGFP1
8052,15:19:09,0.185,1.052,0,0,eGFP1
8053,15:19:11,0.164,1.667,0,0,eGFP1
8054,15:19:13,0.308,1.866,0,0,eGFP1
8055,15:19:14,0.273,1.009,0,0,eGFP1
8056,15:19:15,0.152,0.997,0,0,eGFP1
8057,15:19:15,0.110,0.725,0,0,eGFP1
8058,15:19:17,0.251,1.776,0,0,eGFP1
8059,15:19:18,0.098,0.669,0,0,eGFP1
8060,15:19:19,0.152,0.986,0,0,eGFP1
8061,15:19:20,0.120,0.658,0,0,eGFP1
8062,15:19:21,0.108,1.447,0,0,eGFP1
8063,15:19:22,0.208,0.811,0,0,eGFP1
8064,15:19:22,0.098,0.603,0,0,eGFP1
8065,15:19:23,0.132,0.977,0,0,eGFP1
8066,15:19:24,0.119,0.624,0,0,eGFP1
8067,15:19:25,0.099,0.966,0,0,eGFP1
8068,15:19:27,0.603,1.535,0,0,eGFP1
8069,15:19:27,0.131,0.877,0,0,eGFP1
8070,15:19:28,0.197,0.877,0,0,eGFP1
8071,15:19:29,0.109,0.822,0,0,eGFP1
8072,15:19:30,0.142,0.691,0,0,eGFP1
8073,15:19:30,0.099,0.647,0,0,eGFP1
8074,15:19:32,0.131,1.152,0,0,eGFP1
8075,15:19:33,0.207,0.986,0,0,eGFP1
8076,15:19:33,0.131,0.833,0,0,eGFP1
8077,15:19:34,0.153,0.877,0,0,eGFP1
8078,15:19:36,0.098,1.437,0,0,eGFP1
8079,15:19:37,0.350,0.987,0,0,eGFP1
8080,15:19:37,0.098,0.701,0,0,eGFP1
8081,15:19:38,0.132,0.889,0,0,eGFP1
8082,15:19:39,0.119,0.777,0,0,eGFP1
8083,15:19:40,0.120,0.614,0,0,eGFP1
8084,15:19:40,0.076,0.537,0,0,eGFP1
8085,15:19:41,0.142,0.943,0,0,eGFP1
8086,15:19:42,0.141,0.910,0,0,eGFP1
8087,15:19:43,0.130,0.745,0,0,eGFP1
8088,15:19:43,0.098,0.570,0,0,eGFP1
8089,15:19:46,0.756,2.698,0,0,eGFP1
8090,15:19:47,0.231,0.857,0,0,eGFP1
8091,15:19:48,0.087,0.855,0,0,eGFP1
8092,15:19:49,0.175,0.833,0,0,eGFP1
8093,15:19:49,0.109,0.702,0,0,eGFP1
8094,15:19:50,0.185,0.942,0,0,eGFP1
8095,15:19:51,0.111,0.594,0,0,eGFP1
8096,15:19:52,0.108,0.953,0,0,eGFP1
8097,15:19:53,0.142,0.691,0,0,eGFP1
8098,15:19:53,0.121,0.878,0,0,eGFP1
8099,15:19:54,0.120,0.614,0,0,eGFP1
8100,15:19:55,0.120,0.943,0,0,eGFP1
8101,15:19:56,0.175,0.910,0,0,eGFP1
8102,15:19:56,0.098,0.581,0,0,eGFP1
8103,15:19:58,0.098,1.052,0,0,eGFP1
8104,15:19:58,0.164,0.779,0,0,eGFP1
8105,15:19:59,0.120,0.690,0,0,eGFP1
8106,15:20:00,0.110,0.890,0,0,eGFP1
8107,15:20:01,0.152,0.789,0,0,eGFP1
8108,15:20:01,0.109,0.647,0,0,eGFP1
8109,15:20:04,0.121,2.864,0,0,eGFP1
8110,15:20:07,1.700,2.622,0,0,eGFP1
8111,15:20:08,0.142,0.954,0,0,eGFP1
8112,15:20:09,0.163,0.855,0,0,eGFP1
8113,15:20:09,0.108,0.778,0,0,eGFP1
8114,15:20:10,0.131,0.756,0,0,eGFP1
8115,15:20:11,0.088,0.560,0,0,eGFP1
8116,15:20:12,0.197,1.283,0,0,eGFP1
8117,15:20:13,0.120,0.756,0,0,eGFP1
8118,15:20:13,0.131,0.669,0,0,eGFP1
8119,15:20:14,0.098,0.668,0,0,eGFP1
8120,15:20:15,0.131,0.855,0,0,eGFP1
8121,15:20:16,0.120,0.669,0,0,eGFP1
8122,15:20:16,0.120,0.833,0,0,eGFP1
8123,15:20:17,0.134,0.704,0,0,eGFP1
8124,15:20:18,0.120,0.899,0,0,eGFP1
8125,15:20:20,1.130,2.041,0,0,eGFP1
8126,15:20:21,0.109,0.647,0,0,eGFP1
8127,15:20:22,0.120,1.195,0,0,eGFP1
8128,15:20:23,0.153,0.680,0,0,eGFP1
8129,15:20:24,0.087,1.535,0,0,eGFP1
8130,15:20:25,0.164,0.757,0,0,eGFP1
8131,15:20:26,0.144,1.033,0,0,eGFP1
8132,15:20:27,0.142,0.647,0,0,eGFP1
8133,15:20:27,0.098,0.680,0,0,eGFP1
8134,15:20:28,0.131,0.899,0,0,eGFP1
8135,15:20:29,0.120,0.603,0,0,eGFP1
8136,15:20:30,0.098,0.910,0,0,eGFP1
8137,15:20:32,0.352,2.206,0,0,eGFP1
8138,15:20:32,0.131,0.625,0,0,eGFP1
8139,15:20:33,0.089,0.725,0,0,eGFP1
8140,15:20:34,0.208,0.987,0,0,eGFP1
8141,15:20:35,0.120,1.020,0,0,eGFP1
8142,15:20:36,0.296,1.119,0,0,eGFP1
8143,15:20:37,0.109,0.614,0,0,eGFP1
8144,15:20:38,0.098,0.712,0,0,eGFP1
8145,15:20:39,0.153,0.834,0,0,eGFP1
8146,15:20:39,0.109,0.811,0,0,eGFP1
8147,15:20:40,0.164,0.878,0,0,eGFP1
8148,15:20:41,0.110,0.856,0,0,eGFP1
8149,15:20:45,0.186,4.192,0,0,eGFP1
8150,15:20:46,0.198,0.944,0,0,eGFP1
8151,15:20:47,0.241,1.053,0,0,eGFP1
8152,15:20:48,0.131,0.922,0,0,eGFP1
8153,15:20:49,0.120,0.592,0,0,eGFP1
8154,15:20:49,0.087,0.701,0,0,eGFP1
8155,15:20:50,0.143,0.746,0,0,eGFP1
8156,15:20:51,0.089,0.572,0,0,eGFP1
8157,15:20:51,0.120,0.647,0,0,eGFP1
8158,15:20:52,0.098,0.789,0,0,eGFP1
8159,15:20:53,0.153,0.823,0,0,eGFP1
8160,15:20:54,0.098,0.526,0,0,eGFP1
8161,15:21:07,0.087,13.234,0,0,eGFP1
8162,15:21:10,0.987,3.676,0,0,eGFP1
8163,15:21:11,0.164,0.899,0,0,eGFP1
8164,15:21:12,0.145,0.760,0,0,eGFP1
8165,15:21:13,0.153,0.910,0,0,eGFP1
8166,15:21:14,0.098,0.581,0,0,eGFP1
8167,15:21:14,0.098,0.702,0,0,eGFP1
8168,15:21:15,0.142,0.812,0,0,eGFP1
8169,15:21:16,0.087,0.723,0,0,eGFP1
8170,15:21:17,0.176,0.878,0,0,eGFP1
8171,15:21:17,0.089,0.582,0,0,eGFP1
8172,15:21:18,0.144,0.857,0,0,eGFP1
8173,15:21:19,0.121,0.845,0,0,eGFP1
8174,15:21:20,0.153,0.702,0,0,eGFP1
8175,15:21:20,0.087,0.625,0,0,eGFP1
8176,15:21:21,0.120,0.933,0,0,eGFP1
8177,15:21:22,0.131,0.888,0,0,eGFP1
8178,15:21:24,0.166,1.746,0,0,eGFP1
8179,15:21:25,0.197,0.823,0,0,eGFP1
8180,15:21:26,0.109,0.910,0,0,eGFP1
8181,15:21:26,0.144,0.747,0,0,eGFP1
8182,15:21:27,0.121,0.790,0,0,eGFP1
8183,15:21:28,0.176,1.108,0,0,eGFP1
8184,15:21:29,0.154,0.845,0,0,eGFP1
8185,15:21:30,0.120,0.845,0,0,eGFP1
8186,15:21:31,0.197,0.899,0,0,eGFP1
8187,15:21:32,0.110,0.636,0,0,eGFP1
8188,15:21:34,0.132,2.777,0,0,eGFP1
8189,15:21:35,0.121,0.593,0,0,eGFP1
8190,15:21:36,0.110,0.966,0,0,eGFP1
8191,15:21:36,0.109,0.592,0,0,eGFP1
8192,15:21:37,0.100,0.989,0,0,eGFP1
8193,15:21:38,0.120,0.603,0,0,eGFP1
8194,15:21:39,0.087,0.768,0,0,eGFP1
8195,15:21:39,0.131,0.636,0,0,eGFP1
8196,15:21:40,0.077,0.571,0,0,eGFP1
8197,15:21:41,0.154,1.054,0,0,eGFP1
8198,15:21:42,0.143,0.801,0,0,eGFP1
8199,15:21:43,0.120,0.636,0,0,eGFP1
8200,15:21:43,0.099,0.571,0,0,eGFP1
8201,15:21:44,0.098,0.877,0,0,eGFP1
8202,15:21:45,0.121,0.615,0,0,eGFP1
8203,15:21:45,0.098,0.702,0,0,eGFP1
8204,15:21:46,0.153,0.812,0,0,eGFP1
8205,15:21:47,0.111,0.593,0,0,eGFP1
8206,15:21:47,0.078,0.616,0,0,eGFP1
8207,15:21:48,0.165,1.108,0,0,eGFP1
8208,15:21:49,0.132,0.823,0,0,eGFP1
8209,15:21:50,0.121,0.637,0,0,eGFP1
8210,15:21:51,0.098,0.943,0,0,eGFP1
8211,15:21:52,0.154,0.702,0,0,eGFP1
8212,15:22:03,0.132,11.874,0,0,eGFP1
8213,15:22:04,0.176,0.812,0,0,eGFP1
8214,15:22:05,0.166,1.209,0,0,eGFP1
8215,15:22:07,0.987,1.986,0,0,eGFP1
8216,15:22:09,0.186,1.876,0,0,eGFP1
8217,15:22:10,0.165,0.658,0,0,eGFP1
8218,15:22:12,0.878,1.592,0,0,eGFP1
8219,15:22:13,0.109,1.448,0,0,eGFP1
8220,15:22:14,0.209,1.208,0,0,eGFP1
8221,15:22:15,0.175,1.108,0,0,eGFP1
8222,15:22:16,0.111,0.660,0,0,eGFP1
8223,15:22:17,0.142,1.064,0,0,eGFP1
8224,15:22:18,0.153,1.009,0,0,eGFP1
8225,15:22:19,0.120,0.746,0,0,eGFP1
8226,15:22:20,0.153,0.932,0,0,eGFP1
8227,15:22:21,0.120,1.053,0,0,eGFP1
8228,15:22:22,0.329,1.251,0,0,eGFP1
8229,15:22:23,0.098,0.636,0,0,eGFP1
8230,15:22:24,0.199,0.989,0,0,eGFP1
8231,15:22:26,0.087,2.545,0,0,eGFP1
8232,15:22:27,0.198,0.801,0,0,eGFP1
8233,15:22:28,0.100,0.945,0,0,eGFP1
8234,15:22:29,0.197,0.998,0,0,eGFP1
8235,15:22:30,0.176,0.999,0,0,eGFP1
8236,15:22:31,0.121,1.043,0,0,eGFP1
8237,15:22:34,2.370,3.445,0,0,eGFP1
8238,15:22:36,0.320,1.396,0,0,eGFP1
8239,15:22:37,0.153,0.954,0,0,eGFP1
8240,15:22:38,0.132,1.142,0,0,eGFP1
8241,15:22:39,0.153,0.834,0,0,eGFP1
8242,15:22:40,0.197,1.141,0,0,eGFP1
8243,15:22:41,0.154,0.746,0,0,eGFP1
8244,15:22:42,0.110,0.966,0,0,eGFP1
8245,15:22:46,0.373,4.829,0,0,eGFP1
8246,15:22:47,0.153,0.768,0,0,eGFP1
8247,15:22:50,0.211,2.560,0,0,eGFP1
8248,15:22:52,0.164,2.359,0,0,eGFP1
8249,15:22:53,0.110,0.834,0,0,eGFP1
8250,15:22:54,0.341,0.692,0,0,eGFP1
8251,15:22:57,1.152,3.171,0,0,eGFP1
8252,15:22:58,0.110,0.747,0,0,eGFP1
8253,15:22:58,0.198,0.912,0,0,eGFP1
8254,15:22:59,0.110,0.614,0,0,eGFP1
8255,15:23:00,0.134,0.825,0,0,eGFP1
8256,15:23:00,0.110,0.604,0,0,eGFP1
8257,15:23:01,0.087,0.614,0,0,eGFP1
8258,15:23:02,0.165,0.911,0,0,eGFP1
8259,15:23:03,0.099,0.703,0,0,eGFP1
8260,15:23:05,1.262,1.920,0,0,eGFP1
8261,15:23:05,0.101,0.660,0,0,eGFP1
8262,15:23:06,0.154,1.076,0,0,eGFP1
8263,15:23:08,0.385,1.439,0,0,eGFP1
8264,15:23:09,0.187,0.713,0,0,eGFP1
8265,15:23:09,0.099,0.802,0,0,eGFP1
8266,15:23:10,0.121,0.625,0,0,eGFP1
8267,15:23:11,0.088,0.637,0,0,eGFP1
8268,15:23:11,0.209,0.812,0,0,eGFP1
8269,15:23:12,0.088,0.505,0,0,eGFP1
8270,15:23:19,0.099,7.287,0,0,eGFP1
8271,15:23:20,0.188,0.759,0,0,eGFP1
8272,15:23:21,0.099,0.604,0,0,eGFP1
8273,15:23:21,0.099,0.746,0,0,eGFP1
8274,15:23:22,0.121,0.626,0,0,eGFP1
8275,15:23:22,0.089,0.528,0,0,eGFP1
8276,15:23:23,0.088,0.955,0,0,eGFP1
8277,15:23:24,0.121,0.582,0,0,eGFP1
8278,15:23:25,0.088,0.802,0,0,eGFP1
8279,15:23:25,0.121,0.614,0,0,eGFP1
8280,15:23:26,0.101,0.847,0,0,eGFP1
8281,15:23:27,0.121,0.571,0,0,eGFP1
8282,15:23:27,0.077,0.527,0,0,eGFP1
8283,15:23:28,0.110,0.692,0,0,eGFP1
8284,15:23:29,0.110,0.615,0,0,eGFP1
8285,15:23:29,0.099,0.768,0,0,eGFP1
8286,15:23:30,0.143,0.725,0,0,eGFP1
8287,15:23:31,0.110,0.845,0,0,eGFP1
8288,15:23:32,0.122,0.616,0,0,eGFP1
8289,15:23:32,0.079,0.616,0,0,eGFP1
8290,15:23:33,0.154,1.076,0,0,eGFP1
8291,15:23:34,0.176,0.845,0,0,eGFP1
8292,15:23:35,0.132,0.846,0,0,eGFP1
8293,15:23:36,0.100,0.748,0,0,eGFP1
8294,15:23:36,0.143,0.735,0,0,eGFP1
8295,15:23:37,0.110,0.725,0,0,eGFP1
8296,15:23:38,0.166,0.868,0,0,eGFP1
8297,15:23:39,0.122,0.725,0,0,eGFP1
8298,15:23:40,0.143,0.813,0,0,eGFP1
8299,15:23:42,0.164,1.986,0,0,eGFP1
8300,15:23:42,0.143,0.692,0,0,eGFP1
8301,15:23:43,0.088,0.812,0,0,eGFP1
8302,15:23:44,0.165,0.758,0,0,eGFP1
8303,15:23:45,0.100,0.770,0,0,eGFP1
8304,15:23:45,0.144,0.792,0,0,eGFP1
8305,15:23:46,0.132,0.834,0,0,eGFP1
8306,15:23:47,0.121,0.637,0,0,eGFP1
8307,15:23:47,0.088,0.604,0,0,eGFP1
8308,15:23:49,0.231,1.043,0,0,eGFP1
8309,15:23:49,0.121,0.648,0,0,eGFP1
8310,15:23:50,0.099,0.736,0,0,eGFP1
8311,15:23:51,0.143,0.834,0,0,eGFP1
8312,15:23:51,0.110,0.681,0,0,eGFP1
8313,15:23:52,0.133,0.814,0,0,eGFP1
8314,15:23:53,0.154,0.812,0,0,eGFP1
8315,15:23:54,0.089,0.637,0,0,eGFP1
8316,15:23:55,0.178,0.946,0,0,eGFP1
8317,15:23:55,0.132,0.845,0,0,eGFP1
8318,15:23:56,0.155,0.769,0,0,eGFP1
8319,15:23:57,0.088,0.560,0,0,eGFP1
8320,15:23:58,0.100,0.725,0,0,eGFP1
8321,15:23:58,0.145,0.748,0,0,eGFP1
8322,15:23:59,0.121,1.010,0,0,eGFP1
8323,15:24:00,0.275,1.021,0,0,eGFP1
8324,15:24:01,0.111,0.714,0,0,eGFP1
8325,15:24:02,0.209,1.317,0,0,eGFP1
8326,15:24:03,0.133,0.648,0,0,eGFP1
8327,15:24:04,0.111,0.857,0,0,eGFP1
8328,15:24:05,0.187,0.900,0,0,eGFP1
8329,15:24:05,0.123,0.639,0,0,eGFP1
8330,15:24:06,0.100,0.660,0,0,eGFP1
8331,15:24:07,0.120,0.768,0,0,eGFP1
8332,15:24:08,0.110,0.812,0,0,eGFP1
8333,15:24:08,0.220,0.615,0,0,eGFP1
8334,15:24:10,0.824,1.526,0,0,eGFP1
8335,15:24:10,0.088,0.483,0,0,eGFP1
8336,15:24:11,0.088,0.582,0,0,eGFP1
8337,15:24:12,0.121,0.691,0,0,eGFP1
8338,15:24:12,0.109,0.559,0,0,eGFP1
8339,15:24:13,0.099,0.911,0,0,eGFP1
8340,15:24:14,0.154,0.670,0,0,eGFP1
8341,15:24:14,0.088,0.604,0,0,eGFP1
8342,15:24:15,0.143,0.714,0,0,eGFP1
8343,15:24:16,0.088,0.735,0,0,eGFP1
8344,15:24:16,0.123,0.661,0,0,eGFP1
8345,15:24:17,0.110,0.681,0,0,eGFP1
8346,15:24:18,0.122,0.847,0,0,eGFP1
8347,15:24:19,0.121,0.648,0,0,eGFP1
8348,15:24:19,0.099,0.725,0,0,eGFP1
8349,15:24:20,0.110,0.626,0,0,eGFP1
8350,15:24:21,0.088,0.604,0,0,eGFP1
8351,15:24:22,0.154,1.065,0,0,eGFP1
8352,15:24:23,0.176,1.823,0,0,eGFP1
8353,15:24:24,0.220,1.065,0,0,eGFP1
8354,15:24:30,4.995,5.697,0,0,eGFP1
8355,15:24:31,0.100,0.890,0,0,eGFP1
8356,15:24:32,0.242,0.944,0,0,eGFP1
8357,15:24:33,0.100,0.747,0,0,eGFP1
8358,15:24:33,0.112,0.595,0,0,eGFP1
8359,15:24:34,0.088,0.538,0,0,eGFP1
8360,15:24:34,0.089,0.582,0,0,eGFP1
8361,15:24:35,0.100,0.671,0,0,eGFP1
8362,15:24:36,0.122,0.649,0,0,eGFP1
8363,15:24:36,0.100,0.681,0,0,eGFP1
8364,15:24:37,0.111,0.648,0,0,eGFP1
8365,15:24:38,0.122,0.649,0,0,eGFP1
8366,15:24:39,0.110,0.900,0,0,eGFP1
8367,15:24:39,0.188,0.813,0,0,eGFP1
8368,15:24:40,0.122,0.681,0,0,eGFP1
8369,15:24:41,0.122,0.681,0,0,eGFP1
8370,15:24:42,0.100,0.879,0,0,eGFP1
8371,15:24:42,0.123,0.606,0,0,eGFP1
8372,15:24:43,0.079,0.540,0,0,eGFP1
8373,15:24:44,0.110,0.856,0,0,eGFP1
8374,15:24:45,0.144,0.791,0,0,eGFP1
8375,15:24:45,0.144,0.824,0,0,eGFP1
8376,15:24:46,0.133,0.736,0,0,eGFP1
8377,15:24:47,0.111,0.780,0,0,eGFP1
8378,15:24:48,0.166,0.890,0,0,eGFP1
8379,15:24:49,0.123,0.924,0,0,eGFP1
8380,15:24:50,0.681,1.592,0,0,eGFP1
8381,15:24:51,0.089,0.615,0,0,eGFP1
8382,15:24:52,0.144,0.802,0,0,eGFP1
8383,15:24:52,0.100,0.638,0,0,eGFP1
8384,15:24:53,0.110,0.593,0,0,eGFP1
8385,15:24:54,0.089,0.659,0,0,eGFP1
8386,15:24:55,0.167,0.946,0,0,eGFP1
8387,15:24:55,0.101,0.518,0,0,eGFP1
8388,15:24:56,0.078,0.583,0,0,eGFP1
8389,15:24:56,0.143,0.878,0,0,eGFP1
8390,15:24:57,0.111,0.758,0,0,eGFP1
8391,15:24:59,0.210,1.406,0,0,eGFP1
8392,15:24:59,0.133,0.747,0,0,eGFP1
8393,15:25:00,0.089,0.681,0,0,eGFP1
8394,15:25:01,0.144,0.813,0,0,eGFP1
8395,15:25:01,0.101,0.540,0,0,eGFP1
8396,15:25:02,0.078,0.594,0,0,eGFP1
8397,15:25:03,0.143,0.857,0,0,eGFP1
8398,15:25:04,0.110,0.692,0,0,eGFP1
8399,15:25:04,0.122,0.692,0,0,eGFP1
8400,15:25:05,0.108,0.909,0,0,eGFP1
8401,15:25:06,0.163,0.920,0,0,eGFP1
8402,15:25:07,0.152,0.744,0,0,eGFP1
8403,15:25:08,0.119,0.701,0,0,eGFP1
8404,15:25:08,0.120,0.669,0,0,eGFP1
8405,15:25:09,0.097,0.569,0,0,eGFP1
8406,15:25:10,0.129,0.876,0,0,eGFP1
8407,15:25:10,0.108,0.579,0,0,eGFP1
8408,15:25:11,0.086,0.613,0,0,eGFP1
8409,15:25:12,0.141,0.788,0,0,eGFP1
8410,15:25:12,0.130,0.778,0,0,eGFP1
8411,15:25:13,0.108,0.602,0,0,eGFP1
8412,15:25:14,0.098,0.669,0,0,eGFP1
8413,15:25:15,0.120,0.866,0,0,eGFP1
8414,15:25:15,0.141,0.821,0,0,eGFP1
8415,15:25:16,0.174,0.558,0,0,eGFP1
8416,15:25:21,1.469,5.156,0,0,eGFP1
8417,15:25:22,0.097,0.657,0,0,eGFP1
8418,15:25:23,0.185,0.964,0,0,eGFP1
8419,15:25:23,0.108,0.635,0,0,eGFP1
8420,15:25:24,0.098,0.614,0,0,eGFP1
8421,15:25:25,0.108,0.700,0,0,eGFP1
8422,15:25:25,0.108,0.756,0,0,eGFP1
8423,15:25:26,0.097,0.591,0,0,eGFP1
8424,15:25:27,0.140,0.876,0,0,eGFP1
8425,15:25:28,0.108,0.667,0,0,eGFP1
8426,15:25:28,0.130,0.789,0,0,eGFP1
8427,15:25:29,0.087,0.537,0,0,eGFP1
8428,15:25:30,0.098,0.779,0,0,eGFP1
8429,15:25:30,0.152,0.832,0,0,eGFP1
8430,15:25:31,0.119,0.690,0,0,eGFP1
8431,15:25:32,0.119,0.810,0,0,eGFP1
8432,15:25:33,0.119,0.657,0,0,eGFP1
8433,15:25:34,0.119,0.876,0,0,eGFP1
8434,15:25:34,0.163,0.854,0,0,eGFP1
8435,15:25:35,0.108,0.613,0,0,eGFP1
8436,15:25:36,0.097,0.877,0,0,eGFP1
8437,15:25:37,0.603,1.305,0,0,eGFP1
8438,15:25:38,0.097,0.756,0,0,eGFP1
8439,15:25:39,0.130,0.832,0,0,eGFP1
8440,15:25:40,0.130,0.788,0,0,eGFP1
8441,15:25:40,0.121,0.746,0,0,eGFP1
8442,15:25:41,0.119,0.635,0,0,eGFP1
8443,15:25:41,0.097,0.580,0,0,eGFP1
8444,15:25:42,0.086,0.668,0,0,eGFP1
8445,15:25:43,0.120,0.691,0,0,eGFP1
8446,15:25:44,0.130,0.777,0,0,eGFP1
8447,15:25:45,0.152,0.920,0,0,eGFP1
8448,15:25:46,0.152,1.129,0,0,eGFP1
8449,15:25:47,0.185,0.931,0,0,eGFP1
8450,15:25:48,0.196,0.997,0,0,eGFP1
8451,15:25:48,0.130,0.668,0,0,eGFP1
8452,15:25:49,0.097,0.821,0,0,eGFP1
8453,15:25:50,0.143,0.680,0,0,eGFP1
8454,15:25:50,0.098,0.624,0,0,eGFP1
8455,15:25:51,0.132,0.845,0,0,eGFP1
8456,15:25:52,0.121,0.769,0,0,eGFP1
8457,15:25:53,0.119,0.723,0,0,eGFP1
8458,15:25:53,0.119,0.689,0,0,eGFP1
8459,15:25:54,0.120,0.646,0,0,eGFP1
8460,15:25:55,0.098,0.866,0,0,eGFP1
8461,15:25:56,0.131,0.790,0,0,eGFP1
8462,15:25:56,0.097,0.569,0,0,eGFP1
8463,15:26:00,0.108,3.543,0,0,eGFP1
8464,15:26:01,0.152,0.734,0,0,eGFP1
8465,15:26:01,0.141,0.843,0,0,eGFP1
8466,15:26:02,0.108,0.745,0,0,eGFP1
8467,15:26:03,0.119,0.624,0,0,eGFP1
8468,15:26:04,0.097,0.997,0,0,eGFP1
8469,15:26:05,0.581,1.295,0,0,eGFP1
8470,15:26:06,0.090,0.551,0,0,eGFP1
8471,15:26:06,0.130,0.822,0,0,eGFP1
8472,15:26:08,0.591,1.304,0,0,eGFP1
8473,15:26:08,0.119,0.624,0,0,eGFP1
8474,15:26:09,0.097,0.624,0,0,eGFP1
8475,15:26:10,0.130,0.800,0,0,eGFP1
8476,15:26:10,0.108,0.613,0,0,eGFP1
8477,15:26:11,0.108,0.931,0,0,eGFP1
8478,15:26:13,0.286,1.164,0,0,eGFP1
8479,15:26:13,0.119,0.767,0,0,eGFP1
8480,15:26:14,0.130,0.646,0,0,eGFP1
8481,15:26:14,0.097,0.547,0,0,eGFP1
8482,15:26:15,0.098,0.712,0,0,eGFP1
8483,15:26:16,0.121,0.845,0,0,eGFP1
8484,15:26:17,0.142,0.734,0,0,eGFP1
8485,15:26:17,0.109,0.724,0,0,eGFP1
8486,15:26:18,0.109,0.790,0,0,eGFP1
8487,15:26:19,0.119,0.756,0,0,eGFP1
8488,15:26:20,0.108,0.767,0,0,eGFP1
8489,15:26:21,0.152,0.767,0,0,eGFP1
8490,15:26:21,0.108,0.756,0,0,eGFP1
8491,15:26:22,0.141,1.041,0,0,eGFP1
8492,15:30:47,262.555,264.706,0,0,eGFP1
8493,15:30:49,0.240,1.733,0,0,eGFP1
8494,15:30:50,0.176,1.317,0,0,eGFP1
8495,15:30:51,0.163,1.239,0,0,eGFP1
8496,15:30:52,0.176,0.955,0,0,eGFP1
8497,15:30:53,0.108,1.063,0,0,eGFP1
8498,15:30:55,0.328,1.898,0,0,eGFP1
8499,15:30:56,0.152,1.129,0,0,eGFP1
8500,15:30:57,0.119,1.085,0,0,eGFP1
8501,15:30:58,0.142,0.899,0,0,eGFP1
8502,15:30:59,0.174,0.975,0,0,eGFP1
8503,15:31:00,0.110,1.142,0,0,eGFP1
8504,15:31:01,0.262,0.559,0,0,eGFP1
8505,15:31:03,1.085,1.875,0,0,eGFP1
8506,15:31:04,0.120,1.052,0,0,eGFP1
8507,15:31:05,0.120,0.910,0,0,eGFP1
8508,15:31:06,0.186,0.943,0,0,eGFP1
8509,15:31:07,0.109,1.228,0,0,eGFP1
8510,15:31:08,0.242,1.109,0,0,eGFP1
8511,15:31:09,0.110,0.878,0,0,eGFP1
8512,15:31:10,0.152,1.096,0,0,eGFP1
8513,15:31:11,0.131,0.701,0,0,eGFP1
8514,15:31:12,0.175,1.196,0,0,eGFP1
8515,15:31:13,0.119,0.833,0,0,eGFP1
8516,15:31:14,0.152,0.964,0,0,eGFP1
8517,15:31:15,0.142,1.064,0,0,eGFP1
8518,15:31:16,0.163,1.140,0,0,eGFP1
8519,15:31:17,0.121,1.219,0,0,eGFP1
8520,15:31:18,0.130,0.701,0,0,eGFP1
8521,15:31:19,0.164,1.020,0,0,eGFP1
8522,15:31:20,0.108,0.635,0,0,eGFP1
8523,15:31:22,0.098,2.260,0,0,eGFP1
8524,15:31:24,1.756,2.414,0,0,eGFP1
8525,15:31:26,0.098,1.470,0,0,eGFP1
8526,15:31:27,0.109,0.822,0,0,eGFP1
8527,15:31:28,0.220,1.076,0,0,eGFP1
8528,15:31:28,0.120,0.690,0,0,eGFP1
8529,15:31:29,0.120,0.899,0,0,eGFP1
8530,15:31:30,0.109,0.768,0,0,eGFP1
8531,15:31:31,0.185,0.920,0,0,eGFP1
8532,15:31:32,0.109,0.779,0,0,eGFP1
8533,15:31:32,0.109,0.624,0,0,eGFP1
8534,15:31:35,0.109,2.425,0,0,eGFP1
8535,15:31:36,0.185,0.745,0,0,eGFP1
8536,15:31:36,0.099,0.922,0,0,eGFP1
8537,15:31:37,0.109,0.614,0,0,eGFP1
8538,15:31:38,0.132,1.021,0,0,eGFP1
8539,15:31:39,0.108,0.778,0,0,eGFP1
8540,15:31:40,0.141,0.866,0,0,eGFP1
8541,15:31:40,0.097,0.569,0,0,eGFP1
8542,15:31:41,0.142,0.680,0,0,eGFP1
8543,15:31:42,0.800,1.535,0,0,eGFP1
8544,15:31:43,0.099,0.955,0,0,eGFP1
8545,15:31:45,0.131,1.108,0,0,eGFP1
8546,15:31:46,0.317,1.118,0,0,eGFP1
8547,15:31:46,0.099,0.680,0,0,eGFP1
8548,15:31:47,0.186,0.987,0,0,eGFP1
8549,15:31:48,0.109,0.855,0,0,eGFP1
8550,15:31:52,1.931,3.687,0,0,eGFP1
8551,15:31:54,0.427,1.898,0,0,eGFP1
8552,15:31:55,0.298,1.154,0,0,eGFP1
8553,15:31:56,0.141,1.085,0,0,eGFP1
8554,15:31:57,0.186,1.009,0,0,eGFP1
8555,15:31:58,0.141,0.811,0,0,eGFP1
8556,15:32:00,0.142,2.304,0,0,eGFP1
8557,15:32:01,0.284,0.888,0,0,eGFP1
8558,15:32:02,0.097,0.920,0,0,eGFP1
8559,15:32:03,0.208,0.943,0,0,eGFP1
8560,15:32:04,0.154,0.923,0,0,eGFP1
8561,15:32:05,0.130,0.811,0,0,eGFP1
8562,15:32:06,0.153,1.031,0,0,eGFP1
8563,15:32:07,0.174,1.030,0,0,eGFP1
8564,15:32:08,0.208,0.910,0,0,eGFP1
8565,15:32:08,0.121,0.681,0,0,eGFP1
8566,15:32:09,0.131,0.844,0,0,eGFP1
8567,15:32:10,0.154,0.900,0,0,eGFP1
8568,15:32:11,0.120,0.899,0,0,eGFP1
8569,15:32:12,0.176,1.098,0,0,eGFP1
8570,15:32:13,0.175,1.207,0,0,eGFP1
8571,15:32:17,0.383,4.136,0,0,eGFP1
8572,15:32:19,0.373,1.328,0,0,eGFP1
8573,15:32:20,0.164,0.888,0,0,eGFP1
8574,15:32:20,0.098,0.603,0,0,eGFP1
8575,15:32:21,0.131,1.020,0,0,eGFP1
8576,15:32:23,0.175,1.327,0,0,eGFP1
8577,15:32:25,1.790,2.503,0,0,eGFP1
8578,15:32:26,0.110,0.889,0,0,eGFP1
8579,15:32:27,0.209,0.933,0,0,eGFP1
8580,15:32:28,0.143,0.878,0,0,eGFP1
8581,15:32:31,0.175,3.006,0,0,eGFP1
8582,15:32:31,0.120,0.691,0,0,eGFP1
8583,15:32:32,0.120,0.735,0,0,eGFP1
8584,15:32:33,0.153,0.998,0,0,eGFP1
8585,15:32:34,0.155,0.967,0,0,eGFP1
8586,15:32:40,0.142,5.739,0,0,eGFP1
8587,15:32:42,0.131,2.139,0,0,eGFP1
8588,15:32:43,0.142,0.856,0,0,eGFP1
8589,15:32:44,0.164,0.844,0,0,eGFP1
8590,15:32:44,0.131,0.735,0,0,eGFP1
8591,15:32:45,0.120,0.877,0,0,eGFP1
8592,15:32:47,0.230,1.339,0,0,eGFP1
8593,15:32:50,0.330,3.315,0,0,eGFP1
8594,15:32:51,0.086,0.536,0,0,eGFP1
8595,15:32:51,0.109,0.823,0,0,eGFP1
8596,15:32:52,0.142,0.724,0,0,eGFP1
8597,15:32:53,0.131,0.943,0,0,eGFP1
8598,15:32:54,0.142,0.922,0,0,eGFP1
8599,15:32:55,0.120,0.603,0,0,eGFP1
8600,15:32:55,0.076,0.614,0,0,eGFP1
8601,15:32:56,0.109,0.801,0,0,eGFP1
8602,15:32:57,0.132,0.637,0,0,eGFP1
8603,15:32:57,0.098,0.559,0,0,eGFP1
8604,15:32:58,0.120,0.845,0,0,eGFP1
8605,15:32:59,0.131,0.624,0,0,eGFP1
8606,15:32:59,0.077,0.603,0,0,eGFP1
8607,15:33:00,0.133,0.879,0,0,eGFP1
8608,15:33:01,0.197,0.899,0,0,eGFP1
8609,15:33:02,0.109,0.636,0,0,eGFP1
8610,15:33:02,0.122,0.857,0,0,eGFP1
8611,15:33:03,0.088,0.691,0,0,eGFP1
8612,15:33:04,0.121,0.757,0,0,eGFP1
8613,15:33:04,0.099,0.560,0,0,eGFP1
8614,15:33:05,0.098,0.811,0,0,eGFP1
8615,15:33:06,0.132,0.659,0,0,eGFP1
8616,15:33:07,0.120,0.833,0,0,eGFP1
8617,15:33:07,0.121,0.604,0,0,eGFP1
8618,15:33:09,0.111,1.965,0,0,eGFP1
8619,15:33:10,0.123,0.617,0,0,eGFP1
8620,15:33:11,0.077,0.581,0,0,eGFP1
8621,15:33:11,0.111,0.825,0,0,eGFP1
8622,15:33:12,0.120,0.625,0,0,eGFP1
8623,15:33:13,0.131,0.845,0,0,eGFP1
8624,15:33:13,0.109,0.570,0,0,eGFP1
8625,15:33:14,0.077,0.549,0,0,eGFP1
8626,15:33:15,0.120,0.724,0,0,eGFP1
8627,15:33:15,0.111,0.638,0,0,eGFP1
8628,15:33:16,0.131,0.987,0,0,eGFP1
8629,15:33:17,0.110,0.626,0,0,eGFP1
8630,15:33:18,0.098,0.669,0,0,eGFP1
8631,15:33:18,0.120,0.757,0,0,eGFP1
8632,15:33:19,0.131,0.823,0,0,eGFP1
8633,15:33:20,0.120,0.713,0,0,eGFP1
8634,15:33:21,0.143,0.834,0,0,eGFP1
8635,15:33:22,0.134,0.804,0,0,eGFP1
8636,15:33:22,0.120,0.592,0,0,eGFP1
8637,15:33:23,0.077,0.560,0,0,eGFP1
8638,15:33:24,0.109,0.834,0,0,eGFP1
8639,15:33:24,0.109,0.581,0,0,eGFP1
8640,15:33:25,0.099,0.681,0,0,eGFP1
8641,15:33:26,0.142,0.899,0,0,eGFP1
8642,15:33:26,0.143,0.714,0,0,eGFP1
8643,15:33:27,0.111,0.670,0,0,eGFP1
8644,15:33:28,0.121,0.911,0,0,eGFP1
8645,15:33:29,0.132,0.692,0,0,eGFP1
8646,15:33:31,0.142,2.732,0,0,eGFP1
8647,15:33:32,0.121,0.637,0,0,eGFP1
8648,15:33:33,0.133,0.824,0,0,eGFP1
8649,15:33:33,0.099,0.625,0,0,eGFP1
8650,15:33:34,0.121,0.725,0,0,eGFP1
8651,15:33:35,0.111,0.769,0,0,eGFP1
8652,15:33:36,0.121,0.648,0,0,eGFP1
8653,15:33:37,0.121,0.900,0,0,eGFP1
8654,15:33:37,0.142,0.746,0,0,eGFP1
8655,15:33:38,0.099,0.582,0,0,eGFP1
8656,15:33:39,0.098,0.636,0,0,eGFP1
8657,15:33:39,0.121,0.757,0,0,eGFP1
8658,15:33:40,0.121,0.736,0,0,eGFP1
8659,15:33:41,0.110,0.603,0,0,eGFP1
8660,15:33:41,0.090,0.869,0,0,eGFP1
8661,15:33:42,0.143,0.768,0,0,eGFP1
8662,15:33:43,0.166,1.066,0,0,eGFP1
8663,15:33:44,0.175,0.998,0,0,eGFP1
8664,15:33:45,0.143,0.878,0,0,eGFP1
8665,15:33:46,0.131,0.713,0,0,eGFP1
8666,15:33:47,0.110,0.922,0,0,eGFP1
8667,15:33:48,0.164,0.888,0,0,eGFP1
8668,15:33:48,0.111,0.781,0,0,eGFP1
8669,15:33:49,0.131,0.734,0,0,eGFP1
8670,15:33:50,0.110,0.790,0,0,eGFP1
8671,15:33:51,0.142,0.724,0,0,eGFP1
8672,15:33:52,0.109,0.800,0,0,eGFP1
8673,15:33:52,0.131,0.669,0,0,eGFP1
8674,15:33:53,0.098,0.636,0,0,eGFP1
8675,15:33:54,0.109,0.856,0,0,eGFP1
8676,15:33:55,0.211,1.067,0,0,eGFP1
8677,15:33:56,0.154,0.856,0,0,eGFP1
8678,15:33:57,0.165,1.054,0,0,eGFP1
8679,15:33:57,0.132,0.768,0,0,eGFP1
8680,15:33:58,0.132,0.747,0,0,eGFP1
8681,15:33:59,0.121,0.735,0,0,eGFP1
8682,15:34:00,0.122,0.890,0,0,eGFP1
8683,15:34:01,0.143,0.713,0,0,eGFP1
8684,15:34:01,0.112,0.814,0,0,eGFP1
8685,15:34:07,0.143,6.113,0,0,eGFP1
8686,15:34:08,0.132,0.659,0,0,eGFP1
8687,15:34:09,0.099,0.768,0,0,eGFP1
8688,15:34:10,0.165,0.868,0,0,eGFP1
8689,15:34:10,0.132,0.681,0,0,eGFP1
8690,15:34:11,0.111,0.693,0,0,eGFP1
8691,15:34:12,0.132,0.823,0,0,eGFP1
8692,15:34:13,0.154,0.911,0,0,eGFP1
8693,15:34:14,0.134,0.716,0,0,eGFP1
8694,15:34:14,0.121,0.713,0,0,eGFP1
8695,15:34:15,0.121,0.824,0,0,eGFP1
8696,15:34:16,0.110,0.582,0,0,eGFP1
8697,15:34:16,0.088,0.615,0,0,eGFP1
8698,15:34:17,0.132,0.878,0,0,eGFP1
8699,15:34:18,0.110,0.615,0,0,eGFP1
8700,15:34:19,0.089,0.769,0,0,eGFP1
8701,15:34:19,0.123,0.594,0,0,eGFP1
8702,15:34:20,0.078,0.604,0,0,eGFP1
8703,15:34:21,0.155,0.824,0,0,eGFP1
8704,15:34:21,0.101,0.551,0,0,eGFP1
8705,15:34:22,0.088,0.812,0,0,eGFP1
8706,15:34:23,0.154,0.758,0,0,eGFP1
8707,15:34:24,0.099,1.449,0,0,eGFP1
8708,15:34:25,0.154,0.692,0,0,eGFP1
8709,15:34:26,0.101,0.726,0,0,eGFP1
8710,15:34:26,0.165,0.791,0,0,eGFP1
8711,15:34:27,0.110,0.637,0,0,eGFP1
8712,15:34:28,0.154,0.911,0,0,eGFP1
8713,15:34:29,0.111,0.769,0,0,eGFP1
8714,15:34:29,0.121,0.692,0,0,eGFP1
8715,15:34:30,0.121,0.659,0,0,eGFP1
8716,15:34:31,0.089,0.549,0,0,eGFP1
8717,15:34:31,0.101,0.880,0,0,eGFP1
8718,15:34:32,0.134,0.792,0,0,eGFP1
8719,15:34:33,0.122,0.714,0,0,eGFP1
8720,15:34:35,0.122,1.845,0,0,eGFP1
8721,15:34:36,0.176,0.802,0,0,eGFP1
8722,15:34:36,0.099,0.538,0,0,eGFP1
8723,15:34:37,0.088,0.802,0,0,eGFP1
8724,15:34:38,0.143,0.758,0,0,eGFP1
8725,15:34:38,0.121,0.779,0,0,eGFP1
8726,15:34:39,0.123,0.716,0,0,eGFP1
8727,15:34:40,0.132,0.758,0,0,eGFP1
8728,15:34:41,0.143,0.922,0,0,eGFP1
8729,15:34:42,0.133,1.230,0,0,eGFP1
8730,15:34:43,0.209,0.879,0,0,eGFP1
8731,15:34:44,0.110,0.736,0,0,eGFP1
8732,15:34:44,0.153,0.767,0,0,eGFP1
8733,15:34:45,0.100,0.769,0,0,eGFP1
8734,15:34:46,0.134,0.727,0,0,eGFP1
8735,15:34:47,0.132,0.867,0,0,eGFP1
8736,15:34:48,0.132,0.703,0,0,eGFP1
8737,15:34:48,0.099,0.614,0,0,eGFP1
8738,15:34:49,0.121,0.747,0,0,eGFP1
8739,15:34:50,0.132,0.856,0,0,eGFP1
8740,15:34:51,0.143,0.736,0,0,eGFP1
8741,15:34:51,0.099,0.724,0,0,eGFP1
8742,15:34:52,0.145,0.837,0,0,eGFP1
8743,15:34:53,0.121,0.692,0,0,eGFP1
8744,15:34:55,0.121,2.426,0,0,eGFP1
8745,15:34:56,0.123,0.617,0,0,eGFP1
8746,15:34:57,0.110,0.769,0,0,eGFP1
8747,15:34:57,0.121,0.846,0,0,eGFP1
8748,15:34:58,0.121,0.780,0,0,eGFP1
8749,15:34:59,0.132,0.703,0,0,eGFP1
8750,15:35:00,0.101,0.770,0,0,eGFP1
8751,15:35:00,0.122,0.660,0,0,eGFP1
8752,15:35:01,0.121,0.725,0,0,eGFP1
8753,15:35:02,0.122,0.758,0,0,eGFP1
8754,15:35:02,0.133,0.660,0,0,eGFP1
8755,15:35:03,0.088,0.725,0,0,eGFP1
8756,15:35:04,0.154,0.736,0,0,eGFP1
8757,15:35:05,0.100,0.637,0,0,eGFP1
8758,15:35:05,0.089,0.561,0,0,eGFP1
8759,15:35:06,0.103,0.640,0,0,eGFP1
8760,15:35:07,0.111,0.857,0,0,eGFP1
8761,15:35:07,0.155,0.835,0,0,eGFP1
8762,15:35:10,0.155,3.019,0,0,eGFP1
8763,15:35:11,0.166,0.835,0,0,eGFP1
8764,15:35:14,0.155,2.898,0,0,eGFP1
8765,15:35:15,0.155,0.660,0,0,eGFP1
8766,15:35:16,0.111,0.923,0,0,eGFP1
8767,15:35:16,0.112,0.584,0,0,eGFP1
8768,15:35:17,0.078,0.484,0,0,eGFP1
8769,15:35:17,0.077,0.516,0,0,eGFP1
8770,15:35:18,0.089,0.715,0,0,eGFP1
8771,15:35:19,0.122,0.780,0,0,eGFP1
8772,15:35:20,0.100,0.692,0,0,eGFP1
8773,15:35:21,0.156,0.946,0,0,eGFP1
8774,15:35:21,0.132,0.703,0,0,eGFP1
8775,15:35:26,0.101,4.424,0,0,eGFP1
8776,15:35:26,0.155,0.703,0,0,eGFP1
8777,15:35:27,0.100,0.648,0,0,eGFP1
8778,15:35:28,0.111,0.758,0,0,eGFP1
8779,15:35:28,0.099,0.604,0,0,eGFP1
8780,15:35:29,0.121,0.736,0,0,eGFP1
8781,15:35:30,0.121,0.648,0,0,eGFP1
8782,15:35:30,0.089,0.747,0,0,eGFP1
8783,15:35:31,0.112,0.595,0,0,eGFP1
8784,15:35:32,0.088,0.472,0,0,eGFP1
8785,15:35:32,0.077,0.571,0,0,eGFP1
8786,15:35:33,0.176,0.923,0,0,eGFP1
8787,15:35:34,0.122,0.704,0,0,eGFP1
8788,15:35:34,0.089,0.627,0,0,eGFP1
8789,15:35:35,0.122,0.824,0,0,eGFP1
8790,15:35:36,0.144,0.780,0,0,eGFP1
8791,15:35:37,0.100,0.649,0,0,eGFP1
8792,15:35:37,0.123,0.771,0,0,eGFP1
8793,15:35:38,0.144,0.846,0,0,eGFP1
8794,15:35:39,0.089,0.506,0,0,eGFP1
8795,15:35:40,0.078,0.890,0,0,eGFP1
8796,15:35:40,0.133,0.649,0,0,eGFP1
8797,15:35:41,0.089,0.594,0,0,eGFP1
8798,15:35:41,0.100,0.594,0,0,eGFP1
8799,15:35:42,0.100,0.813,0,0,eGFP1
8800,15:35:43,0.145,0.672,0,0,eGFP1
8801,15:35:44,0.079,0.551,0,0,eGFP1
8802,15:35:44,0.143,0.802,0,0,eGFP1
8803,15:35:45,0.099,0.538,0,0,eGFP1
8804,15:35:46,0.099,0.758,0,0,eGFP1
8805,15:35:46,0.121,0.813,0,0,eGFP1
8806,15:35:47,0.132,0.637,0,0,eGFP1
8807,15:35:48,0.088,0.626,0,0,eGFP1
8808,15:35:48,0.146,0.760,0,0,eGFP1
8809,15:35:53,0.111,5.039,0,0,eGFP1
8810,15:35:54,0.122,0.572,0,0,eGFP1
8811,15:35:55,0.078,0.703,0,0,eGFP1
8812,15:35:56,0.188,0.737,0,0,eGFP1
8813,15:35:56,0.089,0.605,0,0,eGFP1
8814,15:35:57,0.199,0.989,0,0,eGFP1
8815,15:35:58,0.124,0.672,0,0,eGFP1
8816,15:35:58,0.091,0.574,0,0,eGFP1
8817,15:35:59,0.078,0.616,0,0,eGFP1
8818,15:36:00,0.122,0.736,0,0,eGFP1
8819,15:36:00,0.112,0.759,0,0,eGFP1
8820,15:36:01,0.122,0.737,0,0,eGFP1
8821,15:36:02,0.111,0.704,0,0,eGFP1
8822,15:36:03,0.089,0.670,0,0,eGFP1
8823,15:36:03,0.101,0.650,0,0,eGFP1
8824,15:36:04,0.089,0.758,0,0,eGFP1
8825,15:36:05,0.113,0.563,0,0,eGFP1
8826,15:36:05,0.078,0.517,0,0,eGFP1
8827,15:36:06,0.089,0.781,0,0,eGFP1
8828,15:36:06,0.112,0.617,0,0,eGFP1
8829,15:36:07,0.079,0.638,0,0,eGFP1
8830,15:36:08,0.133,0.682,0,0,eGFP1
8831,15:36:08,0.089,0.517,0,0,eGFP1
8832,15:36:09,0.090,0.638,0,0,eGFP1
8833,15:36:10,0.190,0.903,0,0,eGFP1
8834,15:36:11,0.122,0.770,0,0,eGFP1
8835,15:36:11,0.100,0.682,0,0,eGFP1
8836,15:36:12,0.133,0.846,0,0,eGFP1
8837,15:36:13,0.167,0.792,0,0,eGFP1
8838,15:36:14,0.089,0.583,0,0,eGFP1
8839,15:36:14,0.101,0.605,0,0,eGFP1
8840,15:36:15,0.101,0.737,0,0,eGFP1
8841,15:36:16,0.135,0.717,0,0,eGFP1
8842,15:36:16,0.112,0.672,0,0,eGFP1
8843,15:36:17,0.111,0.836,0,0,eGFP1
8844,15:36:18,0.166,0.802,0,0,eGFP1
8845,15:36:20,0.145,2.295,0,0,eGFP1
8846,15:36:21,0.200,0.748,0,0,eGFP1
8847,15:36:22,0.090,0.649,0,0,eGFP1
8848,15:36:22,0.123,0.759,0,0,eGFP1
8849,15:36:23,0.123,0.726,0,0,eGFP1
8850,15:36:24,0.110,0.703,0,0,eGFP1
8851,15:36:24,0.100,0.550,0,0,eGFP1
8852,15:36:25,0.090,0.628,0,0,eGFP1
8853,15:36:26,0.100,0.682,0,0,eGFP1
8854,15:36:26,0.089,0.528,0,0,eGFP1
8855,15:36:27,0.090,0.594,0,0,eGFP1
8856,15:36:27,0.102,0.695,0,0,eGFP1
8857,15:36:28,0.100,0.594,0,0,eGFP1
8858,15:36:29,0.091,0.607,0,0,eGFP1
8859,15:36:29,0.100,0.770,0,0,eGFP1
8860,15:36:30,0.122,0.605,0,0,eGFP1
8861,15:36:31,0.089,0.704,0,0,eGFP1
8862,15:36:31,0.144,0.682,0,0,eGFP1
8863,15:36:32,0.090,0.682,0,0,eGFP1
8864,15:36:33,0.123,0.672,0,0,eGFP1
8865,15:36:33,0.090,0.715,0,0,eGFP1
8866,15:36:34,0.135,0.684,0,0,eGFP1
8867,15:36:35,0.111,0.802,0,0,eGFP1
8868,15:36:36,0.111,0.626,0,0,eGFP1
8869,15:36:36,0.100,0.715,0,0,eGFP1
8870,15:36:37,0.178,1.078,0,0,eGFP1
8871,15:36:38,0.165,0.802,0,0,eGFP1
8872,15:36:39,0.111,0.802,0,0,eGFP1
8873,15:36:40,0.133,0.769,0,0,eGFP1
8874,15:36:41,0.135,0.849,0,0,eGFP1
8875,15:36:42,0.166,1.022,0,0,eGFP1
8876,15:36:42,0.145,0.748,0,0,eGFP1
8877,15:36:43,0.112,0.847,0,0,eGFP1
8878,15:36:44,0.123,0.803,0,0,eGFP1
8879,15:36:45,0.145,0.825,0,0,eGFP1
8880,15:36:46,0.112,0.792,0,0,eGFP1
8881,15:36:47,0.177,1.736,0,0,eGFP1
8882,15:36:48,0.166,0.682,0,0,eGFP1
8883,15:36:49,0.124,0.859,0,0,eGFP1
8884,15:36:50,0.128,0.819,0,0,eGFP1
8885,15:36:50,0.122,0.692,0,0,eGFP1
8886,15:36:51,0.111,0.671,0,0,eGFP1
8887,15:36:52,0.122,0.769,0,0,eGFP1
8888,15:36:52,0.111,0.605,0,0,eGFP1
8889,15:36:53,0.122,0.857,0,0,eGFP1
8890,15:36:54,0.100,0.572,0,0,eGFP1
8891,15:36:55,0.080,0.694,0,0,eGFP1
8892,15:36:55,0.153,0.680,0,0,eGFP1
8893,15:36:56,0.086,0.503,0,0,eGFP1
8894,15:36:57,0.086,0.810,0,0,eGFP1
8895,15:36:57,0.141,0.766,0,0,eGFP1
8896,15:36:58,0.097,0.613,0,0,eGFP1
8897,15:36:59,0.097,0.656,0,0,eGFP1
8898,15:37:00,0.132,1.010,0,0,eGFP1
8899,15:37:01,0.197,1.009,0,0,eGFP1
8900,15:37:02,0.130,0.876,0,0,eGFP1
8901,15:37:02,0.152,0.766,0,0,eGFP1
8902,15:37:03,0.108,0.624,0,0,eGFP1
8903,15:37:03,0.086,0.569,0,0,eGFP1
8904,15:37:04,0.097,0.657,0,0,eGFP1
8905,15:37:05,0.119,0.744,0,0,eGFP1
8906,15:37:06,0.141,0.712,0,0,eGFP1
8907,15:37:06,0.098,0.614,0,0,eGFP1
8908,15:37:07,0.130,0.942,0,0,eGFP1
8909,15:37:08,0.130,0.624,0,0,eGFP1
8910,15:37:09,0.097,0.777,0,0,eGFP1
8911,15:37:10,0.241,1.042,0,0,eGFP1
8912,15:37:10,0.119,0.657,0,0,eGFP1
8913,15:37:11,0.097,0.799,0,0,eGFP1
8914,15:37:12,0.130,0.591,0,0,eGFP1
8915,15:37:12,0.086,0.591,0,0,eGFP1
8916,15:37:13,0.153,0.823,0,0,eGFP1
8917,15:37:14,0.097,0.624,0,0,eGFP1
8918,15:37:14,0.119,0.667,0,0,eGFP1
8919,15:37:15,0.097,0.525,0,0,eGFP1
8920,15:37:16,0.108,1.283,0,0,eGFP1
8921,15:38:05,0.130,48.646,0,0,eGFP1
8922,15:38:09,1.491,4.113,0,0,eGFP1
8923,15:38:11,0.328,2.578,0,0,eGFP1
8924,15:38:13,0.603,1.481,0,0,eGFP1
8925,15:38:14,0.131,1.229,0,0,eGFP1
8926,15:39:44,0.174,89.788,0,0,eGFP1
8927,15:39:47,0.119,2.906,0,0,eGFP1
8928,15:39:48,0.130,0.800,0,0,eGFP1
8929,15:39:49,0.185,1.030,0,0,eGFP1
8930,15:39:49,0.130,0.766,0,0,eGFP1
8931,15:39:50,0.097,0.602,0,0,eGFP1
8932,15:39:51,0.121,1.141,0,0,eGFP1
8933,15:39:52,0.130,1.030,0,0,eGFP1
8934,15:39:53,0.174,1.030,0,0,eGFP1
8935,15:39:54,0.163,0.778,0,0,eGFP1
8936,15:39:55,0.119,0.865,0,0,eGFP1
8937,15:39:56,0.163,0.865,0,0,eGFP1
8938,15:39:57,0.163,1.250,0,0,eGFP1
8939,15:39:58,0.131,0.801,0,0,eGFP1
8940,15:39:59,0.120,0.855,0,0,eGFP1
8941,15:39:59,0.164,0.800,0,0,eGFP1
8942,15:40:00,0.130,0.734,0,0,eGFP1
8943,15:40:01,0.130,0.832,0,0,eGFP1
8944,15:40:02,0.131,0.833,0,0,eGFP1
8945,15:40:04,0.229,1.623,0,0,eGFP1
8946,15:40:04,0.152,0.810,0,0,eGFP1
8947,15:40:05,0.131,0.877,0,0,eGFP1
8948,15:40:06,0.163,0.953,0,0,eGFP1
8949,15:40:07,0.121,0.746,0,0,eGFP1
8950,15:40:08,0.130,0.888,0,0,eGFP1
8951,15:40:08,0.130,0.646,0,0,eGFP1
8952,15:40:09,0.108,0.854,0,0,eGFP1
8953,15:40:10,0.154,0.735,0,0,eGFP1
8954,15:40:11,0.098,0.734,0,0,eGFP1
8955,15:40:12,0.153,0.800,0,0,eGFP1
8956,15:40:12,0.119,0.833,0,0,eGFP1
8957,15:40:13,0.131,0.669,0,0,eGFP1
8958,15:40:14,0.086,0.723,0,0,eGFP1
8959,15:40:15,0.152,0.756,0,0,eGFP1
8960,15:40:15,0.108,0.843,0,0,eGFP1
8961,15:40:16,0.142,0.756,0,0,eGFP1
8962,15:40:17,0.142,0.767,0,0,eGFP1
8963,15:40:18,0.119,0.624,0,0,eGFP1
8964,15:40:18,0.098,0.734,0,0,eGFP1
8965,15:40:19,0.187,0.966,0,0,eGFP1
8966,15:40:20,0.119,0.712,0,0,eGFP1
8967,15:40:21,0.143,0.944,0,0,eGFP1
8968,15:40:22,0.108,0.657,0,0,eGFP1
8969,15:40:22,0.108,0.723,0,0,eGFP1
8970,15:40:23,0.152,0.898,0,0,eGFP1
8971,15:40:24,0.120,0.756,0,0,eGFP1
8972,15:40:25,0.153,1.031,0,0,eGFP1
8973,15:40:26,0.208,1.130,0,0,eGFP1
8974,15:40:27,0.141,0.800,0,0,eGFP1
8975,15:40:28,0.141,1.458,0,0,eGFP1
8976,15:40:30,0.997,1.678,0,0,eGFP1
8977,15:40:31,0.097,0.668,0,0,eGFP1
8978,15:40:31,0.141,0.767,0,0,eGFP1
8979,15:40:32,0.108,0.635,0,0,eGFP1
8980,15:40:33,0.109,0.712,0,0,eGFP1
8981,15:40:33,0.099,0.571,0,0,eGFP1
8982,15:40:34,0.088,0.670,0,0,eGFP1
8983,15:40:35,0.097,0.701,0,0,eGFP1
8984,15:40:35,0.119,0.701,0,0,eGFP1
8985,15:40:36,0.119,0.745,0,0,eGFP1
8986,15:40:37,0.120,0.559,0,0,eGFP1
8987,15:40:37,0.086,0.668,0,0,eGFP1
8988,15:40:38,0.130,0.778,0,0,eGFP1
8989,15:40:39,0.108,0.756,0,0,eGFP1
8990,15:40:40,0.099,0.582,0,0,eGFP1
8991,15:40:40,0.086,0.668,0,0,eGFP1
8992,15:40:41,0.130,0.888,0,0,eGFP1
8993,15:40:42,0.130,0.701,0,0,eGFP1
8994,15:40:42,0.099,0.625,0,0,eGFP1
8995,15:40:43,0.153,0.855,0,0,eGFP1
8996,15:40:44,0.109,0.723,0,0,eGFP1
8997,15:40:45,0.152,1.283,0,0,eGFP1
8998,15:40:46,0.123,0.628,0,0,eGFP1
8999,15:40:47,0.098,0.690,0,0,eGFP1
9000,15:40:47,0.109,0.723,0,0,eGFP1
9001,15:40:48,0.097,0.756,0,0,eGFP1
9002,15:40:49,0.108,0.657,0,0,eGFP1
9003,15:40:50,0.130,1.524,0,0,eGFP1
9004,15:40:51,0.185,0.767,0,0,eGFP1
9005,15:40:52,0.108,0.657,0,0,eGFP1
9006,15:40:52,0.110,0.823,0,0,eGFP1
9007,15:40:53,0.131,0.635,0,0,eGFP1
9008,15:40:54,0.088,0.626,0,0,eGFP1
9009,15:40:55,0.164,0.866,0,0,eGFP1
9010,15:40:55,0.109,0.745,0,0,eGFP1
9011,15:40:56,0.109,0.636,0,0,eGFP1
9012,15:40:57,0.130,0.899,0,0,eGFP1
9013,15:40:58,0.152,0.833,0,0,eGFP1
9014,15:40:59,0.130,0.778,0,0,eGFP1
9015,15:40:59,0.110,0.736,0,0,eGFP1
9016,15:41:00,0.119,0.679,0,0,eGFP1
9017,15:41:01,0.109,0.668,0,0,eGFP1
9018,15:41:01,0.120,0.724,0,0,eGFP1
9019,15:41:02,0.131,0.712,0,0,eGFP1
9020,15:41:03,0.098,0.603,0,0,eGFP1
9021,15:41:03,0.098,0.767,0,0,eGFP1
9022,15:41:04,0.132,0.889,0,0,eGFP1
9023,15:41:05,0.122,0.604,0,0,eGFP1
9024,15:41:05,0.076,0.581,0,0,eGFP1
9025,15:41:06,0.109,0.811,0,0,eGFP1
9026,15:41:07,0.131,0.855,0,0,eGFP1
9027,15:41:08,0.142,0.889,0,0,eGFP1
9028,15:41:09,0.119,0.789,0,0,eGFP1
9029,15:41:10,0.175,1.052,0,0,eGFP1
9030,15:41:11,0.142,0.878,0,0,eGFP1
9031,15:41:11,0.121,0.669,0,0,eGFP1
9032,15:41:12,0.109,1.042,0,0,eGFP1
9033,15:41:14,0.438,1.558,0,0,eGFP1
9034,15:41:15,0.153,0.833,0,0,eGFP1
9035,15:41:15,0.109,0.581,0,0,eGFP1
9036,15:41:16,0.110,0.779,0,0,eGFP1
9037,15:41:17,0.109,0.658,0,0,eGFP1
9038,15:41:18,0.109,0.680,0,0,eGFP1
9039,15:41:18,0.121,0.779,0,0,eGFP1
9040,15:41:19,0.098,0.713,0,0,eGFP1
9041,15:41:20,0.120,0.680,0,0,eGFP1
9042,15:41:20,0.098,0.668,0,0,eGFP1
9043,15:41:21,0.131,0.790,0,0,eGFP1
9044,15:41:22,0.098,0.570,0,0,eGFP1
9045,15:41:22,0.087,0.569,0,0,eGFP1
9046,15:41:23,0.098,0.713,0,0,eGFP1
9047,15:41:24,0.131,0.669,0,0,eGFP1
9048,15:41:24,0.099,0.637,0,0,eGFP1
9049,15:41:25,0.142,0.833,0,0,eGFP1
9050,15:41:26,0.165,0.769,0,0,eGFP1
9051,15:41:26,0.098,0.515,0,0,eGFP1
9052,15:41:27,0.087,0.559,0,0,eGFP1
9053,15:41:28,0.120,0.691,0,0,eGFP1
9054,15:41:28,0.098,0.669,0,0,eGFP1
9055,15:41:29,0.131,0.778,0,0,eGFP1
9056,15:41:30,0.154,0.901,0,0,eGFP1
9057,15:41:31,0.109,0.657,0,0,eGFP1
9058,15:41:31,0.131,0.779,0,0,eGFP1
9059,15:41:32,0.131,0.767,0,0,eGFP1
9060,15:41:33,0.110,0.680,0,0,eGFP1
9061,15:41:34,0.109,0.658,0,0,eGFP1
9062,15:41:35,0.120,0.965,0,0,eGFP1
9063,15:41:40,0.384,5.695,0,0,eGFP1
9064,15:41:42,0.628,2.098,0,0,eGFP1
9065,15:41:43,0.208,0.932,0,0,eGFP1
9066,15:41:44,0.142,0.790,0,0,eGFP1
9067,15:41:45,0.110,0.659,0,0,eGFP1
9068,15:41:45,0.119,0.690,0,0,eGFP1
9069,15:41:46,0.131,0.789,0,0,eGFP1
9070,15:41:47,0.131,0.768,0,0,eGFP1
9071,15:41:48,0.098,0.723,0,0,eGFP1
9072,15:41:48,0.111,0.748,0,0,eGFP1
9073,15:41:49,0.164,0.965,0,0,eGFP1
9074,15:41:50,0.164,0.844,0,0,eGFP1
9075,15:41:51,0.142,1.141,0,0,eGFP1
9076,15:41:52,0.351,1.097,0,0,eGFP1
9077,15:41:53,0.089,0.725,0,0,eGFP1
9078,15:41:54,0.142,0.801,0,0,eGFP1
9079,15:41:55,0.120,0.581,0,0,eGFP1
9080,15:41:55,0.087,0.537,0,0,eGFP1
9081,15:41:56,0.111,1.055,0,0,eGFP1
9082,15:41:57,0.252,0.866,0,0,eGFP1
9083,15:41:58,0.109,0.812,0,0,eGFP1
9084,15:41:58,0.120,0.603,0,0,eGFP1
9085,15:41:59,0.087,0.713,0,0,eGFP1
9086,15:42:00,0.131,0.636,0,0,eGFP1
9087,15:42:00,0.087,0.559,0,0,eGFP1
9088,15:42:01,0.120,0.779,0,0,eGFP1
9089,15:42:02,0.111,0.648,0,0,eGFP1
9090,15:42:03,0.110,0.790,0,0,eGFP1
9091,15:42:03,0.122,0.616,0,0,eGFP1
9092,15:42:04,0.109,0.778,0,0,eGFP1
9093,15:42:05,0.143,0.812,0,0,eGFP1
9094,15:42:05,0.099,0.669,0,0,eGFP1
9095,15:42:06,0.132,0.746,0,0,eGFP1
9096,15:42:07,0.142,0.812,0,0,eGFP1
9097,15:42:08,0.100,0.572,0,0,eGFP1
9098,15:42:08,0.131,0.866,0,0,eGFP1
9099,15:42:09,0.110,0.592,0,0,eGFP1
9100,15:42:10,0.077,0.494,0,0,eGFP1
9101,15:42:10,0.087,0.801,0,0,eGFP1
9102,15:42:11,0.109,0.603,0,0,eGFP1
9103,15:42:12,0.098,0.724,0,0,eGFP1
9104,15:42:12,0.131,0.779,0,0,eGFP1
9105,15:42:13,0.121,0.648,0,0,eGFP1
9106,15:42:14,0.108,0.799,0,0,eGFP1
9107,15:42:15,0.131,0.757,0,0,eGFP1
9108,15:42:15,0.120,0.746,0,0,eGFP1
9109,15:42:16,0.109,0.789,0,0,eGFP1
9110,15:42:17,0.153,0.812,0,0,eGFP1
9111,15:42:18,0.087,0.559,0,0,eGFP1
9112,15:42:18,0.098,0.844,0,0,eGFP1
9113,15:42:19,0.121,0.593,0,0,eGFP1
9114,15:42:20,0.077,0.769,0,0,eGFP1
9115,15:42:20,0.164,0.723,0,0,eGFP1
9116,15:42:21,0.099,0.614,0,0,eGFP1
9117,15:42:22,0.153,1.020,0,0,eGFP1
9118,15:42:23,0.110,0.757,0,0,eGFP1
9119,15:42:24,0.122,0.648,0,0,eGFP1
9120,15:42:24,0.099,0.659,0,0,eGFP1
9121,15:42:25,0.153,0.877,0,0,eGFP1
9122,15:42:26,0.100,0.561,0,0,eGFP1
9123,15:42:26,0.077,0.834,0,0,eGFP1
9124,15:42:27,0.143,0.648,0,0,eGFP1
9125,15:42:28,0.087,0.559,0,0,eGFP1
9126,15:42:28,0.099,0.812,0,0,eGFP1
9127,15:42:29,0.121,0.625,0,0,eGFP1
9128,15:42:31,0.099,1.603,0,0,eGFP1
9129,15:42:32,0.405,0.998,0,0,eGFP1
9130,15:42:33,0.802,1.768,0,0,eGFP1
9131,15:42:34,0.131,0.724,0,0,eGFP1
9132,15:42:35,0.131,0.899,0,0,eGFP1
9133,15:42:37,0.770,1.966,0,0,eGFP1
9134,15:42:38,0.296,1.042,0,0,eGFP1
9135,15:42:39,0.164,0.779,0,0,eGFP1
9136,15:42:39,0.098,0.548,0,0,eGFP1
9137,15:42:40,0.098,0.647,0,0,eGFP1
9138,15:42:41,0.131,0.724,0,0,eGFP1
9139,15:42:41,0.100,0.550,0,0,eGFP1
9140,15:42:42,0.088,0.713,0,0,eGFP1
9141,15:42:43,0.121,0.604,0,0,eGFP1
9142,15:42:43,0.088,0.571,0,0,eGFP1
9143,15:42:44,0.131,0.801,0,0,eGFP1
9144,15:42:45,0.120,0.592,0,0,eGFP1
9145,15:42:45,0.088,0.714,0,0,eGFP1
9146,15:42:46,0.110,0.647,0,0,eGFP1
9147,15:42:47,0.102,0.793,0,0,eGFP1
9148,15:42:47,0.121,0.604,0,0,eGFP1
9149,15:42:48,0.078,0.670,0,0,eGFP1
9150,15:42:49,0.198,0.802,0,0,eGFP1
9151,15:42:50,0.109,0.636,0,0,eGFP1
9152,15:42:50,0.132,0.823,0,0,eGFP1
9153,15:42:51,0.132,0.714,0,0,eGFP1
9154,15:42:52,0.110,0.658,0,0,eGFP1
9155,15:42:53,0.166,0.989,0,0,eGFP1
9156,15:42:53,0.132,0.758,0,0,eGFP1
9157,15:42:54,0.121,0.702,0,0,eGFP1
9158,15:42:55,0.099,0.615,0,0,eGFP1
9159,15:42:56,0.121,0.746,0,0,eGFP1
9160,15:43:04,0.134,8.485,0,0,eGFP1
9161,15:43:05,0.176,0.900,0,0,eGFP1
9162,15:43:06,0.165,0.790,0,0,eGFP1
9163,15:43:06,0.101,0.540,0,0,eGFP1
9164,15:43:07,0.088,0.658,0,0,eGFP1
9165,15:43:07,0.099,0.527,0,0,eGFP1
9166,15:43:08,0.077,0.791,0,0,eGFP1
9167,15:43:09,0.132,0.626,0,0,eGFP1
9168,15:43:09,0.088,0.647,0,0,eGFP1
9169,15:43:10,0.121,0.626,0,0,eGFP1
9170,15:43:11,0.077,0.516,0,0,eGFP1
9171,15:43:11,0.099,0.846,0,0,eGFP1
9172,15:43:12,0.111,0.572,0,0,eGFP1
9173,15:43:13,0.088,0.757,0,0,eGFP1
9174,15:43:13,0.134,0.628,0,0,eGFP1
9175,15:43:14,0.088,0.582,0,0,eGFP1
9176,15:43:15,0.132,0.746,0,0,eGFP1
9177,15:43:15,0.110,0.670,0,0,eGFP1
9178,15:43:16,0.121,0.703,0,0,eGFP1
9179,15:43:17,0.121,0.691,0,0,eGFP1
9180,15:43:17,0.090,0.562,0,0,eGFP1
9181,15:43:18,0.132,0.933,0,0,eGFP1
9182,15:43:19,0.121,0.725,0,0,eGFP1
9183,15:43:20,0.110,0.571,0,0,eGFP1
9184,15:43:20,0.077,0.483,0,0,eGFP1
9185,15:43:21,0.077,0.494,0,0,eGFP1
9186,15:43:21,0.099,0.780,0,0,eGFP1
9187,15:43:22,0.121,0.691,0,0,eGFP1
9188,15:43:23,0.124,0.728,0,0,eGFP1
9189,15:43:24,0.121,0.856,0,0,eGFP1
9190,15:43:24,0.122,0.583,0,0,eGFP1
9191,15:43:25,0.088,0.647,0,0,eGFP1
9192,15:43:26,0.187,0.912,0,0,eGFP1
9193,15:43:26,0.099,0.714,0,0,eGFP1
9194,15:43:27,0.121,0.889,0,0,eGFP1
9195,15:43:28,0.165,0.736,0,0,eGFP1
9196,15:43:29,0.100,0.660,0,0,eGFP1
9197,15:43:30,0.143,0.856,0,0,eGFP1
9198,15:43:30,0.121,0.582,0,0,eGFP1
9199,15:43:31,0.088,0.702,0,0,eGFP1
9200,15:43:32,0.198,0.867,0,0,eGFP1
9201,15:43:32,0.099,0.549,0,0,eGFP1
9202,15:43:33,0.100,0.868,0,0,eGFP1
9203,15:43:34,0.143,0.714,0,0,eGFP1
9204,15:43:35,0.088,0.592,0,0,eGFP1
9205,15:43:35,0.123,0.705,0,0,eGFP1
9206,15:43:36,0.110,0.637,0,0,eGFP1
9207,15:43:37,0.110,0.812,0,0,eGFP1
9208,15:43:39,0.133,2.734,0,0,eGFP1
9209,15:43:40,0.198,0.735,0,0,eGFP1
9210,15:43:41,0.111,0.824,0,0,eGFP1
9211,15:43:42,0.132,0.670,0,0,eGFP1
9212,15:43:42,0.089,0.714,0,0,eGFP1
9213,15:43:43,0.145,0.672,0,0,eGFP1
9214,15:43:44,0.099,0.790,0,0,eGFP1
9215,15:43:45,0.188,0.956,0,0,eGFP1
9216,15:43:45,0.122,0.605,0,0,eGFP1
9217,15:43:46,0.077,0.560,0,0,eGFP1
9218,15:43:47,0.121,0.823,0,0,eGFP1
9219,15:43:47,0.110,0.571,0,0,eGFP1
9220,15:43:48,0.099,0.823,0,0,eGFP1
9221,15:43:49,0.122,0.638,0,0,eGFP1
9222,15:43:50,0.088,0.790,0,0,eGFP1
9223,15:43:51,0.220,0.999,0,0,eGFP1
9224,15:43:51,0.110,0.637,0,0,eGFP1
9225,15:43:52,0.121,0.702,0,0,eGFP1
9226,15:43:53,0.099,0.615,0,0,eGFP1
9227,15:43:53,0.088,0.626,0,0,eGFP1
9228,15:43:54,0.110,0.560,0,0,eGFP1
9229,15:43:54,0.078,0.539,0,0,eGFP1
9230,15:43:55,0.112,0.727,0,0,eGFP1
9231,15:43:56,0.121,0.604,0,0,eGFP1
9232,15:43:56,0.089,0.868,0,0,eGFP1
9233,15:43:57,0.187,0.747,0,0,eGFP1
9234,15:43:58,0.089,0.484,0,0,eGFP1
9235,15:43:58,0.088,0.813,0,0,eGFP1
9236,15:43:59,0.121,0.615,0,0,eGFP1
9237,15:44:00,0.089,0.769,0,0,eGFP1
9238,15:44:05,0.145,5.006,0,0,eGFP1
9239,15:44:05,0.111,0.561,0,0,eGFP1
9240,15:44:06,0.100,0.648,0,0,eGFP1
9241,15:44:07,0.100,0.671,0,0,eGFP1
9242,15:44:07,0.088,0.505,0,0,eGFP1
9243,15:44:08,0.079,0.551,0,0,eGFP1
9244,15:44:08,0.122,0.660,0,0,eGFP1
9245,15:44:09,0.077,0.461,0,0,eGFP1
9246,15:44:09,0.068,0.518,0,0,eGFP1
9247,15:44:10,0.100,0.715,0,0,eGFP1
9248,15:44:11,0.099,0.527,0,0,eGFP1
9249,15:44:11,0.078,0.781,0,0,eGFP1
9250,15:44:12,0.132,0.703,0,0,eGFP1
9251,15:44:13,0.111,0.604,0,0,eGFP1
9252,15:44:13,0.089,0.528,0,0,eGFP1
9253,15:44:14,0.100,0.605,0,0,eGFP1
9254,15:44:14,0.112,0.573,0,0,eGFP1
9255,15:44:15,0.088,0.560,0,0,eGFP1
9256,15:44:16,0.111,0.879,0,0,eGFP1
9257,15:44:17,0.123,0.650,0,0,eGFP1
9258,15:44:17,0.089,0.901,0,0,eGFP1
9259,15:44:19,0.220,1.076,0,0,eGFP1
9260,15:44:19,0.144,0.715,0,0,eGFP1
9261,15:44:20,0.089,0.561,0,0,eGFP1
9262,15:44:24,0.101,3.964,0,0,eGFP1
9263,15:44:24,0.165,0.669,0,0,eGFP1
9264,15:44:25,0.089,0.550,0,0,eGFP1
9265,15:44:26,0.099,0.725,0,0,eGFP1
9266,15:44:26,0.099,0.549,0,0,eGFP1
9267,15:44:27,0.077,0.450,0,0,eGFP1
9268,15:44:27,0.078,0.539,0,0,eGFP1
9269,15:44:28,0.099,0.604,0,0,eGFP1
9270,15:44:28,0.088,0.549,0,0,eGFP1
9271,15:44:29,0.093,0.807,0,0,eGFP1
9272,15:44:30,0.110,0.670,0,0,eGFP1
9273,15:44:30,0.089,0.495,0,0,eGFP1
9274,15:44:31,0.089,0.715,0,0,eGFP1
9275,15:44:32,0.110,0.571,0,0,eGFP1
9276,15:44:32,0.078,0.484,0,0,eGFP1
9277,15:44:33,0.089,0.836,0,0,eGFP1
9278,15:44:34,0.122,0.604,0,0,eGFP1
9279,15:44:34,0.091,0.848,0,0,eGFP1
9280,15:44:35,0.177,0.824,0,0,eGFP1
9281,15:44:36,0.100,0.627,0,0,eGFP1
9282,15:44:36,0.089,0.561,0,0,eGFP1
9283,15:44:37,0.089,0.769,0,0,eGFP1
9284,15:44:38,0.122,0.594,0,0,eGFP1
9285,15:44:39,0.090,1.012,0,0,eGFP1
9286,15:44:40,0.166,0.660,0,0,eGFP1
9287,15:44:40,0.090,0.694,0,0,eGFP1
9288,15:44:41,0.188,0.868,0,0,eGFP1
9289,15:44:42,0.078,0.506,0,0,eGFP1
9290,15:44:42,0.111,0.923,0,0,eGFP1
9291,15:44:43,0.122,0.671,0,0,eGFP1
9292,15:44:44,0.111,0.780,0,0,eGFP1
9293,15:44:45,0.122,0.726,0,0,eGFP1
9294,15:44:45,0.111,0.791,0,0,eGFP1
9295,15:44:46,0.113,0.815,0,0,eGFP1
9296,15:44:47,0.111,0.572,0,0,eGFP1
9297,15:44:48,0.089,0.693,0,0,eGFP1
9298,15:44:48,0.166,0.890,0,0,eGFP1
9299,15:44:49,0.102,0.595,0,0,eGFP1
9300,15:44:50,0.133,0.847,0,0,eGFP1
9301,15:44:50,0.111,0.605,0,0,eGFP1
9302,15:44:51,0.100,0.879,0,0,eGFP1
9303,15:44:52,0.144,0.671,0,0,eGFP1
9304,15:44:53,0.090,0.672,0,0,eGFP1
9305,15:44:54,0.177,0.857,0,0,eGFP1
9306,15:44:54,0.111,0.594,0,0,eGFP1
9307,15:44:55,0.089,0.550,0,0,eGFP1
9308,15:44:58,0.100,2.811,0,0,eGFP1
9309,15:44:58,0.133,0.605,0,0,eGFP1
9310,15:44:59,0.100,0.770,0,0,eGFP1
9311,15:45:00,0.122,0.660,0,0,eGFP1
9312,15:45:00,0.079,0.507,0,0,eGFP1
9313,15:45:01,0.091,0.749,0,0,eGFP1
9314,15:45:02,0.122,0.737,0,0,eGFP1
9315,15:45:02,0.111,0.770,0,0,eGFP1
9316,15:45:03,0.111,0.605,0,0,eGFP1
9317,15:45:03,0.089,0.583,0,0,eGFP1
9318,15:45:04,0.111,0.846,0,0,eGFP1
9319,15:45:05,0.155,0.781,0,0,eGFP1
9320,15:45:06,0.113,0.705,0,0,eGFP1
9321,15:45:07,0.166,0.803,0,0,eGFP1
9322,15:45:07,0.100,0.594,0,0,eGFP1
9323,15:45:08,0.100,0.890,0,0,eGFP1
9324,15:45:09,0.166,0.748,0,0,eGFP1
9325,15:45:09,0.078,0.528,0,0,eGFP1
9326,15:45:10,0.090,0.968,0,0,eGFP1
9327,15:45:11,0.177,0.780,0,0,eGFP1
9328,15:45:12,0.090,0.529,0,0,eGFP1
9329,15:45:12,0.088,0.736,0,0,eGFP1
9330,15:45:13,0.132,0.746,0,0,eGFP1
9331,15:45:14,0.110,0.615,0,0,eGFP1
9332,15:45:15,0.110,0.933,0,0,eGFP1
9333,15:45:15,0.121,0.659,0,0,eGFP1
9334,15:45:16,0.088,0.582,0,0,eGFP1
9335,15:45:17,0.110,0.812,0,0,eGFP1
9336,15:45:18,0.165,0.790,0,0,eGFP1
9337,15:45:18,0.101,0.562,0,0,eGFP1
9338,15:45:19,0.089,0.638,0,0,eGFP1
9339,15:45:20,0.132,0.780,0,0,eGFP1
9340,15:45:20,0.112,0.584,0,0,eGFP1
9341,15:45:21,0.078,0.583,0,0,eGFP1
9342,15:45:22,0.177,0.945,0,0,eGFP1
9343,15:45:25,0.847,3.799,0,0,eGFP1
9344,15:45:26,0.100,0.627,0,0,eGFP1
9345,15:45:27,0.113,0.706,0,0,eGFP1
9346,15:45:27,0.122,0.693,0,0,eGFP1
9347,15:45:28,0.089,0.517,0,0,eGFP1
9348,15:45:29,0.079,0.704,0,0,eGFP1
9349,15:45:29,0.123,0.616,0,0,eGFP1
9350,15:45:30,0.079,0.518,0,0,eGFP1
9351,15:45:30,0.089,0.671,0,0,eGFP1
9352,15:45:31,0.102,0.574,0,0,eGFP1
9353,15:45:32,0.091,0.683,0,0,eGFP1
9354,15:45:32,0.102,0.629,0,0,eGFP1
9355,15:45:33,0.089,0.561,0,0,eGFP1
9356,15:45:34,0.090,0.649,0,0,eGFP1
9357,15:45:34,0.112,0.781,0,0,eGFP1
9358,15:45:35,0.134,0.726,0,0,eGFP1
9359,15:45:36,0.101,0.529,0,0,eGFP1
9360,15:45:36,0.090,0.759,0,0,eGFP1
9361,15:45:37,0.134,0.902,0,0,eGFP1
9362,15:45:38,0.220,0.867,0,0,eGFP1
9363,15:45:39,0.408,1.132,0,0,eGFP1
9364,15:45:40,0.090,0.726,0,0,eGFP1
9365,15:45:41,0.123,0.595,0,0,eGFP1
9366,15:45:41,0.089,0.759,0,0,eGFP1
9367,15:45:42,0.122,0.682,0,0,eGFP1
9368,15:45:43,0.113,0.695,0,0,eGFP1
9369,15:45:43,0.111,0.704,0,0,eGFP1
9370,15:45:44,0.102,0.563,0,0,eGFP1
9371,15:45:45,0.089,0.847,0,0,eGFP1
9372,15:45:47,0.781,1.801,0,0,eGFP1
9373,15:45:48,0.134,1.121,0,0,eGFP1
9374,15:45:48,0.145,0.672,0,0,eGFP1
9375,15:45:49,0.100,0.671,0,0,eGFP1
9376,15:45:51,0.112,2.296,0,0,eGFP1
9377,15:45:52,0.419,1.011,0,0,eGFP1
9378,15:45:53,0.113,0.805,0,0,eGFP1
9379,15:45:54,0.122,0.660,0,0,eGFP1
9380,15:45:55,0.101,0.682,0,0,eGFP1
9381,15:45:55,0.101,0.606,0,0,eGFP1
9382,15:45:56,0.113,0.705,0,0,eGFP1
9383,15:45:56,0.090,0.529,0,0,eGFP1
9384,15:45:58,0.101,1.440,0,0,eGFP1
9385,15:45:59,0.260,0.853,0,0,eGFP1
9386,15:45:59,0.087,0.724,0,0,eGFP1
9387,15:46:00,0.141,0.689,0,0,eGFP1
9388,15:46:01,0.086,0.536,0,0,eGFP1
9389,15:46:02,0.108,0.865,0,0,eGFP1
9390,15:46:02,0.119,0.591,0,0,eGFP1
9391,15:46:03,0.086,0.657,0,0,eGFP1
9392,15:46:04,0.250,1.117,0,0,eGFP1
9393,15:46:04,0.109,0.537,0,0,eGFP1
9394,15:46:05,0.086,0.996,0,0,eGFP1
9395,15:46:06,0.132,0.604,0,0,eGFP1
9396,15:46:07,0.076,0.526,0,0,eGFP1
9397,15:46:07,0.097,0.788,0,0,eGFP1
9398,15:46:08,0.130,0.657,0,0,eGFP1
9399,15:46:09,0.097,0.624,0,0,eGFP1
9400,15:46:10,0.119,0.909,0,0,eGFP1
9401,15:46:10,0.119,0.580,0,0,eGFP1
9402,15:46:11,0.086,0.876,0,0,eGFP1
9403,15:46:12,0.131,0.625,0,0,eGFP1
9404,15:46:12,0.097,0.657,0,0,eGFP1
9405,15:46:15,0.108,2.467,0,0,eGFP1
9406,15:46:15,0.108,0.591,0,0,eGFP1
9407,15:46:16,0.097,0.777,0,0,eGFP1
9408,15:46:17,0.119,0.613,0,0,eGFP1
9409,15:46:17,0.097,0.778,0,0,eGFP1
9410,15:46:19,0.129,1.072,0,0,eGFP1
9411,15:46:21,0.472,2.261,0,0,eGFP1
9412,15:46:24,2.500,3.148,0,0,eGFP1
9413,15:46:25,0.086,0.722,0,0,eGFP1
9414,15:46:25,0.119,0.646,0,0,eGFP1
9415,15:46:26,0.075,0.558,0,0,eGFP1
9416,15:46:26,0.097,0.580,0,0,eGFP1
9417,15:46:27,0.075,0.470,0,0,eGFP1
9418,15:46:28,0.086,0.723,0,0,eGFP1
9419,15:46:28,0.131,0.647,0,0,eGFP1
9420,15:46:29,0.075,0.492,0,0,eGFP1
9421,15:46:30,0.087,0.844,0,0,eGFP1
9422,15:46:30,0.119,0.602,0,0,eGFP1
9423,15:46:31,0.087,0.636,0,0,eGFP1
9424,15:46:32,0.130,0.800,0,0,eGFP1
9425,15:46:32,0.108,0.634,0,0,eGFP1
9426,15:46:33,0.098,0.613,0,0,eGFP1
9427,15:46:34,0.109,0.756,0,0,eGFP1
9428,15:46:34,0.099,0.560,0,0,eGFP1
9429,15:46:35,0.086,0.613,0,0,eGFP1
9430,15:46:36,0.108,0.865,0,0,eGFP1
9431,15:46:36,0.141,0.679,0,0,eGFP1
9432,15:46:37,0.097,0.602,0,0,eGFP1
9433,15:46:38,0.108,0.646,0,0,eGFP1
9434,15:46:38,0.163,0.558,0,0,eGFP1
9435,15:46:50,0.295,12.136,0,0,eGFP1
9436,15:46:51,0.252,0.834,0,0,eGFP1
9437,15:46:52,0.098,0.713,0,0,eGFP1
9438,15:46:53,0.152,0.843,0,0,eGFP1
9439,15:46:53,0.108,0.734,0,0,eGFP1
9440,15:46:54,0.185,0.909,0,0,eGFP1
9441,15:46:55,0.087,0.504,0,0,eGFP1
9442,15:46:56,0.086,0.898,0,0,eGFP1
9443,15:46:56,0.108,0.547,0,0,eGFP1
9444,15:46:57,0.077,0.472,0,0,eGFP1
9445,15:46:58,0.108,0.799,0,0,eGFP1
9446,15:46:58,0.120,0.559,0,0,eGFP1
9447,15:46:59,0.075,0.558,0,0,eGFP1
9448,15:47:00,0.152,0.788,0,0,eGFP1
9449,15:47:00,0.087,0.515,0,0,eGFP1
9450,15:47:01,0.097,0.624,0,0,eGFP1
9451,15:47:01,0.098,0.559,0,0,eGFP1
9452,15:47:02,0.088,0.637,0,0,eGFP1
9453,15:47:04,0.119,1.930,0,0,eGFP1
9454,15:47:04,0.108,0.657,0,0,eGFP1
9455,15:47:05,0.174,0.833,0,0,eGFP1
9456,15:47:06,0.097,0.536,0,0,eGFP1
9457,15:47:06,0.076,0.580,0,0,eGFP1
9458,15:47:07,0.120,0.789,0,0,eGFP1
9459,15:47:08,0.098,0.723,0,0,eGFP1
9460,15:47:09,0.109,0.646,0,0,eGFP1
9461,15:47:09,0.110,0.615,0,0,eGFP1
9462,15:47:10,0.108,0.756,0,0,eGFP1
9463,15:47:10,0.097,0.536,0,0,eGFP1
9464,15:47:11,0.108,0.942,0,0,eGFP1
9465,15:47:12,0.132,0.626,0,0,eGFP1
9466,15:47:12,0.086,0.492,0,0,eGFP1
9467,15:47:13,0.098,0.833,0,0,eGFP1
9468,15:47:14,0.163,0.712,0,0,eGFP1
9469,15:47:15,0.088,0.560,0,0,eGFP1
9470,15:47:16,0.141,1.546,0,0,eGFP1
9471,15:47:17,0.119,0.569,0,0,eGFP1
9472,15:47:17,0.087,0.712,0,0,eGFP1
9473,15:47:18,0.219,0.822,0,0,eGFP1
9474,15:47:19,0.087,0.613,0,0,eGFP1
9475,15:47:20,0.197,0.866,0,0,eGFP1
9476,15:47:20,0.087,0.592,0,0,eGFP1
9477,15:47:21,0.110,0.581,0,0,eGFP1
9478,15:47:21,0.076,0.471,0,0,eGFP1
9479,15:47:31,0.088,9.932,0,0,eGFP1
9480,15:47:32,0.174,1.162,0,0,eGFP1
9481,15:47:35,0.372,2.172,0,0,eGFP1
9482,15:47:36,0.108,1.195,0,0,eGFP1
9483,15:47:37,0.207,0.756,0,0,eGFP1
9484,15:47:37,0.086,0.613,0,0,eGFP1
9485,15:47:38,0.143,0.746,0,0,eGFP1
9486,15:47:38,0.087,0.504,0,0,eGFP1
9487,15:47:39,0.076,0.647,0,0,eGFP1
9488,15:47:40,0.141,0.723,0,0,eGFP1
9489,15:47:41,0.108,0.723,0,0,eGFP1
9490,15:47:41,0.109,0.646,0,0,eGFP1
9491,15:47:42,0.109,0.647,0,0,eGFP1
9492,15:47:42,0.097,0.591,0,0,eGFP1
9493,15:47:43,0.097,0.569,0,0,eGFP1
9494,15:47:44,0.099,0.801,0,0,eGFP1
9495,15:47:45,0.142,0.745,0,0,eGFP1
9496,15:47:45,0.087,0.471,0,0,eGFP1
9497,15:47:46,0.076,0.613,0,0,eGFP1
9498,15:47:46,0.120,0.669,0,0,eGFP1
9499,15:47:47,0.087,0.558,0,0,eGFP1
9500,15:47:47,0.098,0.581,0,0,eGFP1
9501,15:47:48,0.087,0.701,0,0,eGFP1
9502,15:47:49,0.099,0.615,0,0,eGFP1
9503,15:47:49,0.087,0.702,0,0,eGFP1
9504,15:47:50,0.130,0.646,0,0,eGFP1
9505,15:47:51,0.087,0.504,0,0,eGFP1
9506,15:47:51,0.099,0.714,0,0,eGFP1
9507,15:47:52,0.097,0.558,0,0,eGFP1
9508,15:47:52,0.076,0.504,0,0,eGFP1
9509,15:47:53,0.098,0.778,0,0,eGFP1
9510,15:47:54,0.176,0.901,0,0,eGFP1
9511,15:47:55,0.108,0.635,0,0,eGFP1
9512,15:47:55,0.098,0.658,0,0,eGFP1
9513,15:47:56,0.141,0.800,0,0,eGFP1
9514,15:47:57,0.131,0.800,0,0,eGFP1
9515,15:47:58,0.109,0.592,0,0,eGFP1
9516,15:47:58,0.087,0.646,0,0,eGFP1
9517,15:47:59,0.153,0.965,0,0,eGFP1
9518,15:48:00,0.121,0.604,0,0,eGFP1
9519,15:48:00,0.087,0.669,0,0,eGFP1
9520,15:48:03,1.668,2.359,0,0,eGFP1
9521,15:48:04,0.098,0.757,0,0,eGFP1
9522,15:48:04,0.109,0.570,0,0,eGFP1
9523,15:48:05,0.076,0.646,0,0,eGFP1
9524,15:48:05,0.153,0.735,0,0,eGFP1
9525,15:48:06,0.076,0.515,0,0,eGFP1
9526,15:48:07,0.097,0.668,0,0,eGFP1
9527,15:48:07,0.113,0.728,0,0,eGFP1
9528,15:48:08,0.108,0.712,0,0,eGFP1
9529,15:48:09,0.087,0.537,0,0,eGFP1
9530,15:48:09,0.076,0.526,0,0,eGFP1
9531,15:48:10,0.097,0.690,0,0,eGFP1
9532,15:48:11,0.131,0.668,0,0,eGFP1
9533,15:48:11,0.087,0.515,0,0,eGFP1
9534,15:48:12,0.099,0.703,0,0,eGFP1
9535,15:48:12,0.110,0.670,0,0,eGFP1
9536,15:48:13,0.087,0.647,0,0,eGFP1
9537,15:48:15,0.383,1.502,0,0,eGFP1
9538,15:48:15,0.274,0.867,0,0,eGFP1
9539,15:48:16,0.087,0.613,0,0,eGFP1
9540,15:48:17,0.131,0.998,0,0,eGFP1
9541,15:48:18,0.164,0.801,0,0,eGFP1
9542,15:48:18,0.087,0.493,0,0,eGFP1
9543,15:48:19,0.088,0.714,0,0,eGFP1
9544,15:48:21,0.712,1.744,0,0,eGFP1
9545,15:48:22,0.339,0.998,0,0,eGFP1
9546,15:48:23,0.164,1.656,0,0,eGFP1
9547,15:48:24,0.109,0.548,0,0,eGFP1
9548,15:48:25,0.078,0.550,0,0,eGFP1
9549,15:48:25,0.097,0.679,0,0,eGFP1
9550,15:48:26,0.098,0.647,0,0,eGFP1
9551,15:48:26,0.110,0.593,0,0,eGFP1
9552,15:48:27,0.098,0.679,0,0,eGFP1
9553,15:48:28,0.098,0.537,0,0,eGFP1
9554,15:48:28,0.076,0.526,0,0,eGFP1
9555,15:48:29,0.109,0.756,0,0,eGFP1
9556,15:48:29,0.088,0.516,0,0,eGFP1
9557,15:48:30,0.076,0.580,0,0,eGFP1
9558,15:48:31,0.131,0.888,0,0,eGFP1
9559,15:48:32,0.120,0.614,0,0,eGFP1
9560,15:48:32,0.077,0.505,0,0,eGFP1
9561,15:48:33,0.087,0.625,0,0,eGFP1
9562,15:48:33,0.099,0.725,0,0,eGFP1
9563,15:48:34,0.120,0.779,0,0,eGFP1
9564,15:48:35,0.098,0.647,0,0,eGFP1
9565,15:49:11,0.383,35.873,0,0,eGFP1
9566,15:49:12,0.274,1.020,0,0,eGFP1
9567,15:49:13,0.142,1.141,0,0,eGFP1
9568,15:49:15,0.198,1.855,0,0,eGFP1
9569,15:49:16,0.241,0.889,0,0,eGFP1
9570,15:49:16,0.098,0.713,0,0,eGFP1
9571,15:49:17,0.208,1.097,0,0,eGFP1
9572,15:49:20,0.197,2.765,0,0,eGFP1
9573,15:49:21,0.098,0.724,0,0,eGFP1
9574,15:49:22,0.186,0.932,0,0,eGFP1
9575,15:49:23,0.131,0.812,0,0,eGFP1
9576,15:49:24,0.142,0.877,0,0,eGFP1
9577,15:49:25,0.186,1.086,0,0,eGFP1
9578,15:49:25,0.131,0.680,0,0,eGFP1
9579,15:49:26,0.099,0.834,0,0,eGFP1
9580,15:49:27,0.175,0.844,0,0,eGFP1
9581,15:49:28,0.099,0.549,0,0,eGFP1
9582,15:49:28,0.087,0.603,0,0,eGFP1
9583,15:49:29,0.142,0.954,0,0,eGFP1
9584,15:49:30,0.155,0.747,0,0,eGFP1
9585,15:49:31,0.099,0.680,0,0,eGFP1
9586,15:49:31,0.099,0.560,0,0,eGFP1
9587,15:49:32,0.109,0.680,0,0,eGFP1
9588,15:49:32,0.098,0.636,0,0,eGFP1
9589,15:49:33,0.144,0.912,0,0,eGFP1
9590,15:49:34,0.131,0.636,0,0,eGFP1
9591,15:49:35,0.087,0.735,0,0,eGFP1
9592,15:49:36,0.153,0.943,0,0,eGFP1
9593,15:49:36,0.122,0.660,0,0,eGFP1
9594,15:49:37,0.109,0.746,0,0,eGFP1
9595,15:49:38,0.131,0.767,0,0,eGFP1
9596,15:49:39,0.131,0.724,0,0,eGFP1
9597,15:49:39,0.112,0.639,0,0,eGFP1
9598,15:49:40,0.109,0.811,0,0,eGFP1
9599,15:49:41,0.131,0.779,0,0,eGFP1
9600,15:49:42,0.164,0.811,0,0,eGFP1
9601,15:49:42,0.089,0.550,0,0,eGFP1
9602,15:49:43,0.120,0.878,0,0,eGFP1
9603,15:49:44,0.111,0.549,0,0,eGFP1
9604,15:49:44,0.077,0.494,0,0,eGFP1
9605,15:49:45,0.099,0.702,0,0,eGFP1
9606,15:49:46,0.154,0.823,0,0,eGFP1
9607,15:49:46,0.110,0.713,0,0,eGFP1
9608,15:49:47,0.110,0.582,0,0,eGFP1
9609,15:49:47,0.078,0.593,0,0,eGFP1
9610,15:49:48,0.121,0.823,0,0,eGFP1
9611,15:49:49,0.110,0.582,0,0,eGFP1
9612,15:49:50,0.109,0.878,0,0,eGFP1
9613,15:49:50,0.120,0.559,0,0,eGFP1
9614,15:49:52,0.077,1.909,0,0,eGFP1
9615,15:49:53,0.176,0.725,0,0,eGFP1
9616,15:49:54,0.098,0.801,0,0,eGFP1
9617,15:49:54,0.132,0.615,0,0,eGFP1
9618,15:49:55,0.087,0.603,0,0,eGFP1
9619,15:49:56,0.120,0.636,0,0,eGFP1
9620,15:49:56,0.088,0.538,0,0,eGFP1
9621,15:49:57,0.109,0.724,0,0,eGFP1
9622,15:49:57,0.098,0.537,0,0,eGFP1
9623,15:49:58,0.088,0.494,0,0,eGFP1
9624,15:49:59,0.088,1.613,0,0,eGFP1
9625,15:50:00,0.143,0.659,0,0,eGFP1
9626,15:50:01,0.100,0.912,0,0,eGFP1
9627,15:50:02,0.131,0.614,0,0,eGFP1
9628,15:50:02,0.088,0.681,0,0,eGFP1
9629,15:50:03,0.131,0.636,0,0,eGFP1
9630,15:50:03,0.077,0.461,0,0,eGFP1
9631,15:50:04,0.078,0.682,0,0,eGFP1
9632,15:50:05,0.131,0.702,0,0,eGFP1
9633,15:50:05,0.110,0.538,0,0,eGFP1
9634,15:50:06,0.078,0.473,0,0,eGFP1
9635,15:50:07,0.088,0.812,0,0,eGFP1
9636,15:50:07,0.121,0.582,0,0,eGFP1
9637,15:50:08,0.088,0.757,0,0,eGFP1
9638,15:50:09,0.154,0.681,0,0,eGFP1
9639,15:50:09,0.077,0.483,0,0,eGFP1
9640,15:50:10,0.087,0.625,0,0,eGFP1
9641,15:50:10,0.110,0.549,0,0,eGFP1
9642,15:50:11,0.078,0.528,0,0,eGFP1
9643,15:50:12,0.099,0.746,0,0,eGFP1
9644,15:50:12,0.110,0.823,0,0,eGFP1
9645,15:50:15,0.188,2.570,0,0,eGFP1
9646,15:50:16,0.164,0.691,0,0,eGFP1
9647,15:50:17,0.099,0.933,0,0,eGFP1
9648,15:50:17,0.165,0.703,0,0,eGFP1
9649,15:50:18,0.088,0.570,0,0,eGFP1
9650,15:50:19,0.121,0.802,0,0,eGFP1
9651,15:50:19,0.144,0.758,0,0,eGFP1
9652,15:50:20,0.088,0.494,0,0,eGFP1
9653,15:50:21,0.088,0.769,0,0,eGFP1
9654,15:50:21,0.132,0.626,0,0,eGFP1
9655,15:50:22,0.077,0.560,0,0,eGFP1
9656,15:50:23,0.153,0.944,0,0,eGFP1
9657,15:50:24,0.142,0.680,0,0,eGFP1
9658,15:50:24,0.088,0.560,0,0,eGFP1
9659,15:50:25,0.134,0.837,0,0,eGFP1
9660,15:50:25,0.098,0.515,0,0,eGFP1
9661,15:50:26,0.087,0.811,0,0,eGFP1
9662,15:50:27,0.186,0.834,0,0,eGFP1
9663,15:50:28,0.098,0.625,0,0,eGFP1
9664,15:50:28,0.131,0.702,0,0,eGFP1
9665,15:50:29,0.109,0.581,0,0,eGFP1
9666,15:50:30,0.076,0.636,0,0,eGFP1
9667,15:50:30,0.122,0.703,0,0,eGFP1
9668,15:50:31,0.088,0.549,0,0,eGFP1
9669,15:50:31,0.088,0.560,0,0,eGFP1
9670,15:50:32,0.098,0.746,0,0,eGFP1
9671,15:50:33,0.131,0.636,0,0,eGFP1
9672,15:50:33,0.089,0.594,0,0,eGFP1
9673,15:50:34,0.154,0.889,0,0,eGFP1
9674,15:50:35,0.110,0.714,0,0,eGFP1
9675,15:50:36,0.090,0.529,0,0,eGFP1
9676,15:50:36,0.088,0.878,0,0,eGFP1
9677,15:50:37,0.132,0.604,0,0,eGFP1
9678,15:50:38,0.077,0.758,0,0,eGFP1
9679,15:50:38,0.155,0.681,0,0,eGFP1
9680,15:50:39,0.089,0.539,0,0,eGFP1
9681,15:50:40,0.121,0.922,0,0,eGFP1
9682,15:50:41,0.132,0.615,0,0,eGFP1
9683,15:50:41,0.088,0.571,0,0,eGFP1
9684,15:50:42,0.112,1.055,0,0,eGFP1
9685,15:50:43,0.165,0.747,0,0,eGFP1
9686,15:50:43,0.090,0.496,0,0,eGFP1
9687,15:50:44,0.077,0.681,0,0,eGFP1
9688,15:50:45,0.176,0.790,0,0,eGFP1
9689,15:50:45,0.089,0.495,0,0,eGFP1
9690,15:55:35,0.088,289.418,0,0,eGFP1
9691,15:55:38,0.253,2.843,0,0,eGFP1
9692,15:55:39,0.408,1.483,0,0,eGFP1
9693,15:55:40,0.144,1.175,0,0,eGFP1
9694,15:55:41,0.154,1.076,0,0,eGFP1
9695,15:55:42,0.132,0.977,0,0,eGFP1
9696,15:55:43,0.133,0.824,0,0,eGFP1
9697,15:55:44,0.176,1.076,0,0,eGFP1
9698,15:55:45,0.121,0.791,0,0,eGFP1
9699,15:55:46,0.198,0.856,0,0,eGFP1
9700,15:55:47,0.091,0.618,0,0,eGFP1
9701,15:55:48,0.143,1.109,0,0,eGFP1
9702,15:55:48,0.111,0.681,0,0,eGFP1
9703,15:55:49,0.111,0.791,0,0,eGFP1
9704,15:55:50,0.099,0.911,0,0,eGFP1
9705,15:55:51,0.133,0.671,0,0,eGFP1
9706,15:55:51,0.099,0.812,0,0,eGFP1
9707,15:55:52,0.111,0.648,0,0,eGFP1
9708,15:55:53,0.134,1.100,0,0,eGFP1
9709,15:55:54,0.132,0.670,0,0,eGFP1
9710,15:55:55,0.121,0.878,0,0,eGFP1
9711,15:55:55,0.122,0.649,0,0,eGFP1
9712,15:55:56,0.110,0.790,0,0,eGFP1
9713,15:55:57,0.122,0.627,0,0,eGFP1
9714,15:55:58,0.111,1.066,0,0,eGFP1
9715,15:55:59,0.122,0.616,0,0,eGFP1
9716,15:55:59,0.088,0.703,0,0,eGFP1
9717,15:56:00,0.133,0.858,0,0,eGFP1
9718,15:56:01,0.121,0.812,0,0,eGFP1
9719,15:56:02,0.155,0.682,0,0,eGFP1
9720,15:56:02,0.089,0.637,0,0,eGFP1
9721,15:56:03,0.144,0.923,0,0,eGFP1
9722,15:56:04,0.122,0.681,0,0,eGFP1
9723,15:56:05,0.177,1.142,0,0,eGFP1
9724,15:56:06,0.133,0.747,0,0,eGFP1
9725,15:56:07,0.255,1.210,0,0,eGFP1
9726,15:56:08,0.121,0.669,0,0,eGFP1
9727,15:56:08,0.110,0.758,0,0,eGFP1
9728,15:56:09,0.111,0.671,0,0,eGFP1
9729,15:56:10,0.110,0.911,0,0,eGFP1
9730,15:56:11,0.121,0.692,0,0,eGFP1
9731,15:56:11,0.121,0.845,0,0,eGFP1
9732,15:56:12,0.143,0.802,0,0,eGFP1
9733,15:56:13,0.112,0.693,0,0,eGFP1
9734,15:56:14,0.144,0.846,0,0,eGFP1
9735,15:56:15,0.122,0.693,0,0,eGFP1
9736,15:56:15,0.110,0.900,0,0,eGFP1
9737,15:56:16,0.111,0.682,0,0,eGFP1
9738,15:56:17,0.132,0.911,0,0,eGFP1
9739,15:56:18,0.111,0.594,0,0,eGFP1
9740,15:56:18,0.100,0.857,0,0,eGFP1
9741,15:56:19,0.134,0.825,0,0,eGFP1
9742,15:56:20,0.132,0.834,0,0,eGFP1
9743,15:56:21,0.133,0.791,0,0,eGFP1
9744,15:56:22,0.111,0.704,0,0,eGFP1
9745,15:56:23,0.154,0.900,0,0,eGFP1
9746,15:56:23,0.111,0.638,0,0,eGFP1
9747,15:56:24,0.155,0.923,0,0,eGFP1
9748,15:56:25,0.100,0.670,0,0,eGFP1
9749,15:56:26,0.155,1.208,0,0,eGFP1
9750,15:56:27,0.145,0.771,0,0,eGFP1
9751,15:56:28,0.122,0.945,0,0,eGFP1
9752,15:56:29,0.165,0.955,0,0,eGFP1
9753,15:56:29,0.100,0.660,0,0,eGFP1
9754,15:56:30,0.166,1.011,0,0,eGFP1
9755,15:56:31,0.123,0.682,0,0,eGFP1
9756,15:56:32,0.122,0.835,0,0,eGFP1
9757,15:56:33,0.133,0.726,0,0,eGFP1
9758,15:56:33,0.101,0.716,0,0,eGFP1
9759,15:56:34,0.132,0.933,0,0,eGFP1
9760,15:56:35,0.114,0.663,0,0,eGFP1
9761,15:56:36,0.100,0.868,0,0,eGFP1
9762,15:56:36,0.144,0.769,0,0,eGFP1
9763,15:56:37,0.100,0.660,0,0,eGFP1
9764,15:56:38,0.176,0.988,0,0,eGFP1
9765,15:56:39,0.111,0.561,0,0,eGFP1
9766,15:56:40,0.080,0.826,0,0,eGFP1
9767,15:56:40,0.144,0.890,0,0,eGFP1
9768,15:56:41,0.111,0.692,0,0,eGFP1
9769,15:56:42,0.116,0.741,0,0,eGFP1
9770,15:56:43,0.122,0.835,0,0,eGFP1
9771,15:56:44,0.132,0.889,0,0,eGFP1
9772,15:56:44,0.187,0.868,0,0,eGFP1
9773,15:56:45,0.099,0.834,0,0,eGFP1
9774,15:56:46,0.123,0.628,0,0,eGFP1
9775,15:56:47,0.099,0.802,0,0,eGFP1
9776,15:56:48,0.154,0.922,0,0,eGFP1
9777,15:56:48,0.110,0.626,0,0,eGFP1
9778,15:56:49,0.582,1.208,0,0,eGFP1
9779,15:56:52,1.438,2.140,0,0,eGFP1
9780,15:56:52,0.100,0.912,0,0,eGFP1
9781,15:56:53,0.165,0.736,0,0,eGFP1
9782,15:56:54,0.121,1.262,0,0,eGFP1
9783,15:56:55,0.146,0.761,0,0,eGFP1
9784,15:56:58,1.582,2.657,0,0,eGFP1
9785,15:56:59,0.111,0.748,0,0,eGFP1
9786,15:57:00,0.187,1.384,0,0,eGFP1
9787,15:57:01,0.209,1.054,0,0,eGFP1
9788,15:57:02,0.111,0.649,0,0,eGFP1
9789,15:57:03,0.100,0.901,0,0,eGFP1
9790,15:57:03,0.111,0.649,0,0,eGFP1
9791,15:57:04,0.113,0.716,0,0,eGFP1
9792,15:57:05,0.177,1.054,0,0,eGFP1
9793,15:57:06,0.122,0.923,0,0,eGFP1
9794,15:57:07,0.133,0.780,0,0,eGFP1
9795,15:57:08,0.143,0.912,0,0,eGFP1
9796,15:57:08,0.110,0.801,0,0,eGFP1
9797,15:57:12,0.123,3.383,0,0,eGFP1
9798,15:57:13,0.143,0.834,0,0,eGFP1
9799,15:57:14,0.146,0.925,0,0,eGFP1
9800,15:57:14,0.100,0.759,0,0,eGFP1
9801,15:57:15,0.133,0.945,0,0,eGFP1
9802,15:57:16,0.133,0.868,0,0,eGFP1
9803,15:57:17,0.156,0.968,0,0,eGFP1
9804,15:57:18,0.133,0.912,0,0,eGFP1
9805,15:57:19,0.155,0.967,0,0,eGFP1
9806,15:57:20,0.144,0.912,0,0,eGFP1
9807,15:57:21,0.113,0.914,0,0,eGFP1
9808,15:57:22,0.210,1.000,0,0,eGFP1
9809,15:57:23,0.111,0.660,0,0,eGFP1
9810,15:57:23,0.144,0.901,0,0,eGFP1
9811,15:57:24,0.135,0.771,0,0,eGFP1
9812,15:57:25,0.134,0.836,0,0,eGFP1
9813,15:57:26,0.100,0.638,0,0,eGFP1
9814,15:57:27,0.155,1.538,0,0,eGFP1
9815,15:57:28,0.342,1.044,0,0,eGFP1
9816,15:57:29,0.091,0.771,0,0,eGFP1
9817,15:57:30,0.144,0.836,0,0,eGFP1
9818,15:57:31,0.155,1.088,0,0,eGFP1
9819,15:57:32,0.210,1.153,0,0,eGFP1
9820,15:57:33,0.123,0.836,0,0,eGFP1
9821,15:57:34,0.155,0.868,0,0,eGFP1
9822,15:57:35,0.123,0.781,0,0,eGFP1
9823,15:57:36,0.144,0.967,0,0,eGFP1
9824,15:57:36,0.146,0.881,0,0,eGFP1
9825,15:57:38,0.146,1.145,0,0,eGFP1
9826,15:57:40,0.133,1.977,0,0,eGFP1
9827,15:57:41,0.122,1.000,0,0,eGFP1
9828,15:57:42,0.144,0.967,0,0,eGFP1
9829,15:57:42,0.166,0.956,0,0,eGFP1
9830,15:57:43,0.156,0.946,0,0,eGFP1
9831,15:57:44,0.155,1.022,0,0,eGFP1
9832,15:57:45,0.146,0.958,0,0,eGFP1
9833,15:57:46,0.122,0.638,0,0,eGFP1
9834,15:57:47,0.133,0.902,0,0,eGFP1
9835,15:57:48,0.100,0.594,0,0,eGFP1
9836,15:57:48,0.100,0.737,0,0,eGFP1
9837,15:57:49,0.133,0.890,0,0,eGFP1
9838,15:57:50,0.124,0.772,0,0,eGFP1
9839,15:57:51,0.166,0.846,0,0,eGFP1
9840,15:57:52,0.102,0.717,0,0,eGFP1
9841,15:57:52,0.100,0.693,0,0,eGFP1
9842,15:57:53,0.133,0.967,0,0,eGFP1
9843,15:57:54,0.156,1.001,0,0,eGFP1
9844,15:57:55,0.144,0.846,0,0,eGFP1
9845,15:57:56,0.112,0.825,0,0,eGFP1
9846,15:57:57,0.134,0.704,0,0,eGFP1
9847,15:57:57,0.134,0.847,0,0,eGFP1
9848,15:57:58,0.101,0.616,0,0,eGFP1
9849,15:57:59,0.124,0.750,0,0,eGFP1
9850,15:58:00,0.122,1.066,0,0,eGFP1
9851,15:58:01,0.221,0.956,0,0,eGFP1
9852,15:58:01,0.102,0.706,0,0,eGFP1
9853,15:58:02,0.111,0.627,0,0,eGFP1
9854,15:58:03,0.101,1.099,0,0,eGFP1
9855,15:58:04,0.167,0.946,0,0,eGFP1
9856,15:58:05,0.144,0.858,0,0,eGFP1
9857,15:58:06,0.113,0.672,0,0,eGFP1
9858,15:58:06,0.100,0.660,0,0,eGFP1
9859,15:58:07,0.122,0.923,0,0,eGFP1
9860,15:58:08,0.155,0.824,0,0,eGFP1
9861,15:58:09,0.122,0.671,0,0,eGFP1
9862,15:58:09,0.100,0.725,0,0,eGFP1
9863,15:58:10,0.122,0.835,0,0,eGFP1
9864,15:58:11,0.155,0.803,0,0,eGFP1
9865,15:58:12,0.102,0.826,0,0,eGFP1
9866,15:58:13,0.124,0.727,0,0,eGFP1
9867,15:58:14,0.145,0.902,0,0,eGFP1
9868,15:58:15,0.145,1.352,0,0,eGFP1
9869,15:58:17,1.538,2.241,0,0,eGFP1
9870,15:58:18,0.100,0.649,0,0,eGFP1
9871,15:58:18,0.112,0.660,0,0,eGFP1
9872,15:58:19,0.090,0.551,0,0,eGFP1
9873,15:58:20,0.112,0.825,0,0,eGFP1
9874,15:58:20,0.110,0.593,0,0,eGFP1
9875,15:58:21,0.090,0.869,0,0,eGFP1
9876,15:58:22,0.123,0.617,0,0,eGFP1
9877,15:58:23,0.109,0.801,0,0,eGFP1
9878,15:58:23,0.118,0.667,0,0,eGFP1
9879,15:58:24,0.097,0.668,0,0,eGFP1
9880,15:58:25,0.120,0.713,0,0,eGFP1
9881,15:58:25,0.107,0.656,0,0,eGFP1
9882,15:58:28,0.133,2.701,0,0,eGFP1
9883,15:58:29,0.107,0.579,0,0,eGFP1
9884,15:58:29,0.097,0.712,0,0,eGFP1
9885,15:58:30,0.119,0.667,0,0,eGFP1
9886,15:58:31,0.097,0.679,0,0,eGFP1
9887,15:58:32,0.108,0.755,0,0,eGFP1
9888,15:58:32,0.130,0.712,0,0,eGFP1
9889,15:58:33,0.086,0.701,0,0,eGFP1
9890,15:58:34,0.109,0.647,0,0,eGFP1
9891,15:58:34,0.108,0.733,0,0,eGFP1
9892,15:58:35,0.097,0.547,0,0,eGFP1
9893,15:58:36,0.097,0.810,0,0,eGFP1
9894,15:58:36,0.121,0.658,0,0,eGFP1
9895,15:58:37,0.086,0.657,0,0,eGFP1
9896,15:58:38,0.108,0.723,0,0,eGFP1
9897,15:58:38,0.119,0.722,0,0,eGFP1
9898,15:58:39,0.110,0.691,0,0,eGFP1
9899,15:58:40,0.108,0.679,0,0,eGFP1
9900,15:58:41,0.119,0.744,0,0,eGFP1
9901,15:58:41,0.109,0.624,0,0,eGFP1
9902,15:58:42,0.097,0.745,0,0,eGFP1
9903,15:58:43,0.185,0.909,0,0,eGFP1
9904,15:58:44,0.130,0.679,0,0,eGFP1
9905,15:58:44,0.097,0.624,0,0,eGFP1
9906,15:58:45,0.108,0.766,0,0,eGFP1
9907,15:58:46,0.121,0.735,0,0,eGFP1
9908,15:58:46,0.099,0.680,0,0,eGFP1
9909,15:58:47,0.130,0.789,0,0,eGFP1
9910,15:58:50,0.119,2.786,0,0,eGFP1
9911,15:58:52,0.152,1.984,0,0,eGFP1
9912,15:58:53,0.097,0.635,0,0,eGFP1
9913,15:58:54,0.141,1.096,0,0,eGFP1
9914,15:58:54,0.119,0.602,0,0,eGFP1
9915,15:58:55,0.088,0.779,0,0,eGFP1
9916,15:58:56,0.130,0.646,0,0,eGFP1
9917,15:58:56,0.097,0.821,0,0,eGFP1
9918,15:58:57,0.141,0.800,0,0,eGFP1
9919,15:58:58,0.174,0.766,0,0,eGFP1
9920,15:59:01,0.569,3.225,0,0,eGFP1
9921,15:59:02,0.099,0.604,0,0,eGFP1
9922,15:59:03,0.141,1.480,0,0,eGFP1
9923,15:59:04,0.155,0.759,0,0,eGFP1
9924,15:59:05,0.097,0.558,0,0,eGFP1
9925,15:59:05,0.086,0.723,0,0,eGFP1
9926,15:59:06,0.108,0.569,0,0,eGFP1
9927,15:59:07,0.086,0.679,0,0,eGFP1
9928,15:59:07,0.108,0.777,0,0,eGFP1
9929,15:59:08,0.163,0.789,0,0,eGFP1
9930,15:59:09,0.097,0.635,0,0,eGFP1
9931,15:59:09,0.120,0.669,0,0,eGFP1
9932,15:59:10,0.086,0.679,0,0,eGFP1
9933,15:59:11,0.141,0.800,0,0,eGFP1
9934,15:59:12,0.108,0.580,0,0,eGFP1
9935,15:59:12,0.076,0.856,0,0,eGFP1
9936,15:59:13,0.163,0.953,0,0,eGFP1
9937,15:59:14,0.130,0.679,0,0,eGFP1
9938,15:59:15,0.097,0.657,0,0,eGFP1
9939,15:59:16,0.152,0.833,0,0,eGFP1
9940,15:59:16,0.120,0.669,0,0,eGFP1
9941,15:59:17,0.108,0.734,0,0,eGFP1
9942,15:59:18,0.141,1.085,0,0,eGFP1
9943,15:59:19,0.130,0.690,0,0,eGFP1
9944,15:59:19,0.108,0.789,0,0,eGFP1
9945,15:59:20,0.119,0.756,0,0,eGFP1
9946,15:59:21,0.130,0.711,0,0,eGFP1
9947,15:59:23,0.087,1.711,0,0,eGFP1
9948,15:59:24,0.187,0.856,0,0,eGFP1
9949,15:59:25,0.099,1.098,0,0,eGFP1
9950,15:59:25,0.141,0.701,0,0,eGFP1
9951,15:59:26,0.108,0.602,0,0,eGFP1
9952,15:59:27,0.097,0.635,0,0,eGFP1
9953,15:59:27,0.108,0.679,0,0,eGFP1
9954,15:59:28,0.109,0.624,0,0,eGFP1
9955,15:59:28,0.098,0.614,0,0,eGFP1
9956,15:59:29,0.120,0.790,0,0,eGFP1
9957,15:59:30,0.108,0.767,0,0,eGFP1
9958,15:59:31,0.108,0.778,0,0,eGFP1
9959,15:59:31,0.097,0.558,0,0,eGFP1
9960,15:59:32,0.087,0.942,0,0,eGFP1
9961,15:59:39,0.241,6.946,0,0,eGFP1
9962,15:59:40,0.130,0.822,0,0,eGFP1
9963,15:59:41,0.131,0.944,0,0,eGFP1
9964,15:59:42,0.186,0.987,0,0,eGFP1
9965,15:59:43,0.164,0.844,0,0,eGFP1
9966,15:59:44,0.142,1.195,0,0,eGFP1
9967,15:59:45,0.142,0.756,0,0,eGFP1
9968,15:59:45,0.109,0.624,0,0,eGFP1
9969,15:59:46,0.087,0.603,0,0,eGFP1
9970,15:59:47,0.097,0.624,0,0,eGFP1
9971,15:59:47,0.087,0.537,0,0,eGFP1
9972,15:59:48,0.141,0.887,0,0,eGFP1
9973,15:59:49,0.099,0.560,0,0,eGFP1
9974,15:59:49,0.109,0.625,0,0,eGFP1
9975,15:59:50,0.108,0.843,0,0,eGFP1
9976,15:59:51,0.109,0.658,0,0,eGFP1
9977,15:59:52,0.121,1.064,0,0,eGFP1
9978,15:59:52,0.131,0.658,0,0,eGFP1
9979,15:59:53,0.086,0.525,0,0,eGFP1
9980,15:59:54,0.076,0.515,0,0,eGFP1
9981,15:59:54,0.088,0.582,0,0,eGFP1
9982,15:59:55,0.098,0.602,0,0,eGFP1
9983,15:59:55,0.098,0.603,0,0,eGFP1
9984,15:59:56,0.109,0.800,0,0,eGFP1
9985,15:59:58,1.327,2.358,0,0,eGFP1
9986,15:59:59,0.098,0.647,0,0,eGFP1
9987,16:00:00,0.130,0.690,0,0,eGFP1
9988,16:00:01,0.109,0.734,0,0,eGFP1
9989,16:00:01,0.110,0.637,0,0,eGFP1
9990,16:00:02,0.109,0.723,0,0,eGFP1
9991,16:00:03,0.099,0.604,0,0,eGFP1
9992,16:00:03,0.119,0.799,0,0,eGFP1
9993,16:00:04,0.098,0.679,0,0,eGFP1
9994,16:00:05,0.120,0.789,0,0,eGFP1
9995,16:00:06,0.131,0.844,0,0,eGFP1
9996,16:00:07,0.185,0.931,0,0,eGFP1
9997,16:00:07,0.099,0.560,0,0,eGFP1
9998,16:00:08,0.087,0.603,0,0,eGFP1
9999,16:00:08,0.097,0.679,0,0,eGFP1
10000,16:00:09,0.109,0.745,0,0,eGFP1
10001,16:00:10,0.131,0.789,0,0,eGFP1
10002,16:00:11,0.120,0.635,0,0,eGFP1
10003,16:00:11,0.087,0.669,0,0,eGFP1
10004,16:00:12,0.112,0.628,0,0,eGFP1
10005,16:00:12,0.088,0.571,0,0,eGFP1
10006,16:00:15,0.142,2.315,0,0,eGFP1
10007,16:00:16,0.306,1.294,0,0,eGFP1
10008,16:00:17,0.141,0.789,0,0,eGFP1
10009,16:00:17,0.098,0.581,0,0,eGFP1
10010,16:00:18,0.131,0.899,0,0,eGFP1
10011,16:00:19,0.098,0.591,0,0,eGFP1
10012,16:00:20,0.131,1.053,0,0,eGFP1
10013,16:00:21,0.098,0.581,0,0,eGFP1
10014,16:00:21,0.099,0.593,0,0,eGFP1
10015,16:00:22,0.131,0.691,0,0,eGFP1
10016,16:00:22,0.086,0.602,0,0,eGFP1
10017,16:00:23,0.131,0.790,0,0,eGFP1
10018,16:00:24,0.143,0.867,0,0,eGFP1
10019,16:00:25,0.098,0.625,0,0,eGFP1
10020,16:00:26,0.142,1.184,0,0,eGFP1
10021,16:00:27,0.120,0.669,0,0,eGFP1
10022,16:00:27,0.110,0.582,0,0,eGFP1
10023,16:00:28,0.098,0.910,0,0,eGFP1
10024,16:00:29,0.131,0.789,0,0,eGFP1
10025,16:00:29,0.120,0.658,0,0,eGFP1
10026,16:00:30,0.087,0.625,0,0,eGFP1
10027,16:00:31,0.131,0.789,0,0,eGFP1
10028,16:00:31,0.098,0.570,0,0,eGFP1
10029,16:00:33,0.109,1.053,0,0,eGFP1
10030,16:00:33,0.121,0.670,0,0,eGFP1
10031,16:00:34,0.099,0.593,0,0,eGFP1
10032,16:00:34,0.098,0.636,0,0,eGFP1
10033,16:00:35,0.087,0.592,0,0,eGFP1
10034,16:00:38,0.175,3.269,0,0,eGFP1
10035,16:00:39,0.142,0.834,0,0,eGFP1
10036,16:00:40,0.361,0.734,0,0,eGFP1
10037,16:00:42,0.439,2.502,0,0,eGFP1
10038,16:00:44,0.132,1.965,0,0,eGFP1
10039,16:00:49,0.153,4.499,0,0,eGFP1
10040,16:00:51,0.778,2.018,0,0,eGFP1
10041,16:00:52,0.186,1.031,0,0,eGFP1
10042,16:00:53,0.153,0.746,0,0,eGFP1
10043,16:00:53,0.109,0.658,0,0,eGFP1
10044,16:00:54,0.098,0.635,0,0,eGFP1
10045,16:00:56,0.156,1.835,0,0,eGFP1
10046,16:00:57,0.133,0.802,0,0,eGFP1
10047,16:00:57,0.109,0.647,0,0,eGFP1
10048,16:00:58,0.120,0.790,0,0,eGFP1
10049,16:00:59,0.142,0.712,0,0,eGFP1
10050,16:01:01,0.110,2.447,0,0,eGFP1
10051,16:01:02,0.197,0.812,0,0,eGFP1
10052,16:01:03,0.175,1.085,0,0,eGFP1
10053,16:01:04,0.099,0.560,0,0,eGFP1
10054,16:01:04,0.102,0.706,0,0,eGFP1
10055,16:01:05,0.141,0.767,0,0,eGFP1
10056,16:01:06,0.087,0.570,0,0,eGFP1
10057,16:01:06,0.098,0.679,0,0,eGFP1
10058,16:01:07,0.122,0.769,0,0,eGFP1
10059,16:01:08,0.098,0.735,0,0,eGFP1
10060,16:01:09,0.142,0.888,0,0,eGFP1
10061,16:01:09,0.120,0.581,0,0,eGFP1
10062,16:01:10,0.089,0.813,0,0,eGFP1
10063,16:01:11,0.197,0.910,0,0,eGFP1
10064,16:01:12,0.088,0.538,0,0,eGFP1
10065,16:01:13,0.087,0.965,0,0,eGFP1
10066,16:01:13,0.175,0.866,0,0,eGFP1
10067,16:01:15,0.121,1.854,0,0,eGFP1
10068,16:01:17,1.251,2.019,0,0,eGFP1
10069,16:01:18,0.099,0.669,0,0,eGFP1
10070,16:01:19,0.133,0.956,0,0,eGFP1
10071,16:01:20,0.131,0.636,0,0,eGFP1
10072,16:01:20,0.111,0.747,0,0,eGFP1
10073,16:01:21,0.121,0.669,0,0,eGFP1
10074,16:01:22,0.121,0.746,0,0,eGFP1
10075,16:01:22,0.088,0.527,0,0,eGFP1
10076,16:01:24,0.087,1.371,0,0,eGFP1
10077,16:01:25,0.318,0.954,0,0,eGFP1
10078,16:01:25,0.088,0.549,0,0,eGFP1
10079,16:01:26,0.111,0.901,0,0,eGFP1
10080,16:01:27,0.164,0.921,0,0,eGFP1
10081,16:01:28,0.142,0.801,0,0,eGFP1
10082,16:01:28,0.087,0.504,0,0,eGFP1
10083,16:01:29,0.077,0.691,0,0,eGFP1
10084,16:01:30,0.154,0.746,0,0,eGFP1
10085,16:01:30,0.100,0.594,0,0,eGFP1
10086,16:01:31,0.099,0.834,0,0,eGFP1
10087,16:01:32,0.143,0.802,0,0,eGFP1
10088,16:01:32,0.087,0.483,0,0,eGFP1
10089,16:01:33,0.076,0.592,0,0,eGFP1
10090,16:01:34,0.142,1.031,0,0,eGFP1
10091,16:01:35,0.132,0.779,0,0,eGFP1
10092,16:01:35,0.110,0.560,0,0,eGFP1
10093,16:01:36,0.098,0.932,0,0,eGFP1
10094,16:01:39,0.230,2.480,0,0,eGFP1
10095,16:01:39,0.111,0.736,0,0,eGFP1
10096,16:01:40,0.121,0.637,0,0,eGFP1
10097,16:01:41,0.109,0.713,0,0,eGFP1
10098,16:01:42,0.153,0.801,0,0,eGFP1
10099,16:01:42,0.088,0.648,0,0,eGFP1
10100,16:01:43,0.164,0.888,0,0,eGFP1
10101,16:01:44,0.099,0.538,0,0,eGFP1
10102,16:01:44,0.087,0.734,0,0,eGFP1
10103,16:01:45,0.144,0.989,0,0,eGFP1
10104,16:01:47,1.261,2.073,0,0,eGFP1
10105,16:01:48,0.132,0.735,0,0,eGFP1
10106,16:01:49,0.098,0.735,0,0,eGFP1
10107,16:01:50,0.120,0.603,0,0,eGFP1
10108,16:01:50,0.087,0.658,0,0,eGFP1
10109,16:01:51,0.153,0.702,0,0,eGFP1
10110,16:01:52,0.087,0.614,0,0,eGFP1
10111,16:01:52,0.165,0.846,0,0,eGFP1
10112,16:01:53,0.088,0.571,0,0,eGFP1
10113,16:01:54,0.132,0.944,0,0,eGFP1
10114,16:01:55,0.110,0.669,0,0,eGFP1
10115,16:01:55,0.121,0.812,0,0,eGFP1
10116,16:01:56,0.121,0.593,0,0,eGFP1
10117,16:01:56,0.077,0.494,0,0,eGFP1
10118,16:01:57,0.098,0.757,0,0,eGFP1
10119,16:02:01,0.177,4.018,0,0,eGFP1
10120,16:02:02,0.186,1.031,0,0,eGFP1
10121,16:02:04,0.559,1.503,0,0,eGFP1
10122,16:02:05,0.230,0.976,0,0,eGFP1
10123,16:02:05,0.099,0.549,0,0,eGFP1
10124,16:02:06,0.098,0.702,0,0,eGFP1
10125,16:02:07,0.142,0.691,0,0,eGFP1
10126,16:02:07,0.078,0.473,0,0,eGFP1
10127,16:02:09,0.089,1.384,0,0,eGFP1
10128,16:02:09,0.296,0.867,0,0,eGFP1
10129,16:02:10,0.088,0.659,0,0,eGFP1
10130,16:02:11,0.120,0.603,0,0,eGFP1
10131,16:02:11,0.077,0.593,0,0,eGFP1
10132,16:02:12,0.121,0.713,0,0,eGFP1
10133,16:02:13,0.088,0.659,0,0,eGFP1
10134,16:02:13,0.121,0.658,0,0,eGFP1
10135,16:02:14,0.099,0.626,0,0,eGFP1
10136,16:02:15,0.109,0.635,0,0,eGFP1
10137,16:02:15,0.099,0.769,0,0,eGFP1
10138,16:02:16,0.120,0.680,0,0,eGFP1
10139,16:02:17,0.122,0.923,0,0,eGFP1
10140,16:02:18,0.176,1.021,0,0,eGFP1
10141,16:02:19,0.132,0.714,0,0,eGFP1
10142,16:02:19,0.077,0.538,0,0,eGFP1
10143,16:02:20,0.110,0.834,0,0,eGFP1
10144,16:02:21,0.111,0.572,0,0,eGFP1
10145,16:02:21,0.088,0.604,0,0,eGFP1
10146,16:02:22,0.132,0.955,0,0,eGFP1
10147,16:02:23,0.154,1.010,0,0,eGFP1
10148,16:02:24,0.329,1.152,0,0,eGFP1
10149,16:02:25,0.110,0.615,0,0,eGFP1
10150,16:02:26,0.088,0.582,0,0,eGFP1
10151,16:02:26,0.121,0.768,0,0,eGFP1
10152,16:02:27,0.101,0.617,0,0,eGFP1
10153,16:02:28,0.155,0.879,0,0,eGFP1
10154,16:02:28,0.099,0.571,0,0,eGFP1
10155,16:02:29,0.077,0.604,0,0,eGFP1
10156,16:02:30,0.143,1.010,0,0,eGFP1
10157,16:02:31,0.143,0.659,0,0,eGFP1
10158,16:02:31,0.099,0.823,0,0,eGFP1
10159,16:02:33,1.109,1.855,0,0,eGFP1
10160,16:02:35,0.111,1.889,0,0,eGFP1
10161,16:02:36,0.143,0.659,0,0,eGFP1
10162,16:02:37,0.110,0.670,0,0,eGFP1
10163,16:02:37,0.099,0.779,0,0,eGFP1
10164,16:02:38,0.110,0.615,0,0,eGFP1
10165,16:02:39,0.088,0.758,0,0,eGFP1
10166,16:02:39,0.100,0.528,0,0,eGFP1
10167,16:02:40,0.080,0.464,0,0,eGFP1
10168,16:02:40,0.079,0.792,0,0,eGFP1
10169,16:02:41,0.132,0.637,0,0,eGFP1
10170,16:02:42,0.077,0.582,0,0,eGFP1
10171,16:02:43,0.110,0.835,0,0,eGFP1
10172,16:02:43,0.121,0.626,0,0,eGFP1
10173,16:02:44,0.088,0.549,0,0,eGFP1
10174,16:02:44,0.099,0.703,0,0,eGFP1
10175,16:02:45,0.099,0.538,0,0,eGFP1
10176,16:02:46,0.089,0.693,0,0,eGFP1
10177,16:02:46,0.132,0.780,0,0,eGFP1
10178,16:02:47,0.110,0.604,0,0,eGFP1
10179,16:02:48,0.089,0.748,0,0,eGFP1
10180,16:02:49,0.132,0.812,0,0,eGFP1
10181,16:02:49,0.100,0.528,0,0,eGFP1
10182,16:02:52,0.077,2.689,0,0,eGFP1
10183,16:02:52,0.154,0.659,0,0,eGFP1
10184,16:02:53,0.089,0.759,0,0,eGFP1
10185,16:02:54,0.186,0.900,0,0,eGFP1
10186,16:02:55,0.121,0.856,0,0,eGFP1
10187,16:02:56,0.110,0.560,0,0,eGFP1
10188,16:02:56,0.088,0.647,0,0,eGFP1
10189,16:02:57,0.121,0.670,0,0,eGFP1
10190,16:02:58,0.121,0.790,0,0,eGFP1
10191,16:02:58,0.121,0.604,0,0,eGFP1
10192,16:02:59,0.101,0.638,0,0,eGFP1
10193,16:02:59,0.101,0.595,0,0,eGFP1
10194,16:03:00,0.088,0.549,0,0,eGFP1
10195,16:03:01,0.111,0.868,0,0,eGFP1
10196,16:03:02,0.132,0.626,0,0,eGFP1
10197,16:03:02,0.088,0.571,0,0,eGFP1
10198,16:03:03,0.100,0.615,0,0,eGFP1
10199,16:03:03,0.100,0.747,0,0,eGFP1
10200,16:03:04,0.111,0.583,0,0,eGFP1
10201,16:03:05,0.090,0.627,0,0,eGFP1
10202,16:03:06,0.133,0.890,0,0,eGFP1
10203,16:03:06,0.110,0.549,0,0,eGFP1
10204,16:03:07,0.089,0.824,0,0,eGFP1
10205,16:03:08,0.143,0.714,0,0,eGFP1
10206,16:03:08,0.089,0.572,0,0,eGFP1
10207,16:03:09,0.099,0.648,0,0,eGFP1
10208,16:03:10,0.111,0.693,0,0,eGFP1
10209,16:03:10,0.089,0.649,0,0,eGFP1
10210,16:03:17,0.296,6.771,0,0,eGFP1
10211,16:03:18,0.187,0.823,0,0,eGFP1
10212,16:03:18,0.110,0.593,0,0,eGFP1
10213,16:03:19,0.099,0.626,0,0,eGFP1
10214,16:03:20,0.099,0.560,0,0,eGFP1
10215,16:03:20,0.088,0.823,0,0,eGFP1
10216,16:03:22,0.329,1.383,0,0,eGFP1
10217,16:03:23,0.232,0.847,0,0,eGFP1
10218,16:03:25,1.481,2.162,0,0,eGFP1
10219,16:03:26,0.099,0.801,0,0,eGFP1
10220,16:03:26,0.134,0.682,0,0,eGFP1
10221,16:03:27,0.089,0.671,0,0,eGFP1
10222,16:03:28,0.132,0.681,0,0,eGFP1
10223,16:03:28,0.110,0.659,0,0,eGFP1
10224,16:03:33,0.144,4.435,0,0,eGFP1
10225,16:03:33,0.133,0.627,0,0,eGFP1
10226,16:03:34,0.089,0.923,0,0,eGFP1
10227,16:03:35,0.155,1.011,0,0,eGFP1
10228,16:03:37,0.187,1.350,0,0,eGFP1
10229,16:03:38,0.144,1.099,0,0,eGFP1
10230,16:03:38,0.176,0.747,0,0,eGFP1
10231,16:03:41,0.637,2.832,0,0,eGFP1
10232,16:03:43,0.275,1.252,0,0,eGFP1
10233,16:03:43,0.179,0.926,0,0,eGFP1
10234,16:03:44,0.099,0.813,0,0,eGFP1
10235,16:03:45,0.165,0.999,0,0,eGFP1
10236,16:03:46,0.144,0.945,0,0,eGFP1
10237,16:03:47,0.133,0.758,0,0,eGFP1
10238,16:03:48,0.111,0.934,0,0,eGFP1
10239,16:03:49,0.166,0.890,0,0,eGFP1
10240,16:03:51,0.122,2.437,0,0,eGFP1
10241,16:03:52,0.145,0.749,0,0,eGFP1
10242,16:03:53,0.111,1.021,0,0,eGFP1
10243,16:03:54,0.188,0.792,0,0,eGFP1
10244,16:03:55,0.110,0.681,0,0,eGFP1
10245,16:03:55,0.111,0.616,0,0,eGFP1
10246,16:03:56,0.100,0.747,0,0,eGFP1
10247,16:03:57,0.156,0.957,0,0,eGFP1
10248,16:04:03,0.111,5.763,0,0,eGFP1
10249,16:04:04,0.200,1.121,0,0,eGFP1
10250,16:04:05,0.220,1.614,0,0,eGFP1
10251,16:04:09,0.275,4.006,0,0,eGFP1
10252,16:04:10,0.122,0.626,0,0,eGFP1
10253,16:04:11,0.111,0.978,0,0,eGFP1
10254,16:04:12,0.154,0.856,0,0,eGFP1
10255,16:04:13,0.132,1.208,0,0,eGFP1
10256,16:04:14,0.165,0.692,0,0,eGFP1
10257,16:04:14,0.079,0.518,0,0,eGFP1
10258,16:04:15,0.089,0.605,0,0,eGFP1
10259,16:04:15,0.100,0.572,0,0,eGFP1
10260,16:04:16,0.090,0.518,0,0,eGFP1
10261,16:04:17,0.089,0.747,0,0,eGFP1
10262,16:04:17,0.133,0.649,0,0,eGFP1
10263,16:04:18,0.089,0.572,0,0,eGFP1
10264,16:04:19,0.133,0.780,0,0,eGFP1
10265,16:04:19,0.089,0.561,0,0,eGFP1
10266,16:04:20,0.124,0.892,0,0,eGFP1
10267,16:04:21,0.122,0.583,0,0,eGFP1
10268,16:04:21,0.089,0.692,0,0,eGFP1
10269,16:04:22,0.155,0.803,0,0,eGFP1
10270,16:04:23,0.089,0.506,0,0,eGFP1
10271,16:04:23,0.089,0.681,0,0,eGFP1
10272,16:04:24,0.144,0.803,0,0,eGFP1
10273,16:04:25,0.100,0.637,0,0,eGFP1
10274,16:04:26,0.235,1.091,0,0,eGFP1
10275,16:04:27,0.100,0.638,0,0,eGFP1
10276,16:04:27,0.122,0.648,0,0,eGFP1
10277,16:04:28,0.089,0.572,0,0,eGFP1
10278,16:04:28,0.100,0.671,0,0,eGFP1
10279,16:04:38,0.177,10.065,0,0,eGFP1
10280,16:04:40,0.198,1.680,0,0,eGFP1
10281,16:04:41,0.177,1.022,0,0,eGFP1
10282,16:04:44,0.222,3.152,0,0,eGFP1
10283,16:04:48,0.309,3.250,0,0,eGFP1
10284,16:04:49,0.210,1.153,0,0,eGFP1
10285,16:04:51,0.287,2.328,0,0,eGFP1
10286,16:04:52,0.144,0.682,0,0,eGFP1
10287,16:04:52,0.091,0.672,0,0,eGFP1
10288,16:04:53,0.111,0.836,0,0,eGFP1
10289,16:04:54,0.111,0.550,0,0,eGFP1
10290,16:04:54,0.079,0.628,0,0,eGFP1
10291,16:04:55,0.111,0.671,0,0,eGFP1
10292,16:04:56,0.100,0.550,0,0,eGFP1
10293,16:04:56,0.078,0.484,0,0,eGFP1
10294,16:04:57,0.079,0.605,0,0,eGFP1
10295,16:04:58,0.112,0.759,0,0,eGFP1
10296,16:04:58,0.100,0.550,0,0,eGFP1
10297,16:04:59,0.089,0.539,0,0,eGFP1
10298,16:04:59,0.113,0.837,0,0,eGFP1
10299,16:05:00,0.100,0.561,0,0,eGFP1
10300,16:05:01,0.090,0.540,0,0,eGFP1
10301,16:05:01,0.101,0.825,0,0,eGFP1
10302,16:05:02,0.123,0.573,0,0,eGFP1
10303,16:05:03,0.078,0.714,0,0,eGFP1
10304,16:05:04,0.188,0.935,0,0,eGFP1
10305,16:05:04,0.111,0.605,0,0,eGFP1
10306,16:05:05,0.090,0.650,0,0,eGFP1
10307,16:05:06,0.155,1.055,0,0,eGFP1
10308,16:05:07,0.177,1.198,0,0,eGFP1
10309,16:05:08,0.210,1.044,0,0,eGFP1
10310,16:05:09,0.133,0.660,0,0,eGFP1
10311,16:05:10,0.089,0.803,0,0,eGFP1
10312,16:05:10,0.122,0.583,0,0,eGFP1
10313,16:05:11,0.089,0.638,0,0,eGFP1
10314,16:05:12,0.146,1.090,0,0,eGFP1
10315,16:05:13,0.176,1.043,0,0,eGFP1
10316,16:05:14,0.186,0.856,0,0,eGFP1
10317,16:05:15,0.099,0.713,0,0,eGFP1
10318,16:05:15,0.121,0.736,0,0,eGFP1
10319,16:05:16,0.132,0.714,0,0,eGFP1
10320,16:05:17,0.121,0.757,0,0,eGFP1
10321,16:05:17,0.099,0.549,0,0,eGFP1
10322,16:05:19,0.112,1.659,0,0,eGFP1
10323,16:05:20,0.133,0.671,0,0,eGFP1
10324,16:05:20,0.121,0.791,0,0,eGFP1
10325,16:05:21,0.133,0.835,0,0,eGFP1
10326,16:05:22,0.133,0.648,0,0,eGFP1
10327,16:05:22,0.078,0.484,0,0,eGFP1
10328,16:05:23,0.079,0.584,0,0,eGFP1
10329,16:05:24,0.133,0.704,0,0,eGFP1
10330,16:05:24,0.090,0.672,0,0,eGFP1
10331,16:05:25,0.167,0.891,0,0,eGFP1
10332,16:05:26,0.112,0.573,0,0,eGFP1
10333,16:05:26,0.089,0.616,0,0,eGFP1
10334,16:05:27,0.112,0.715,0,0,eGFP1
10335,16:05:28,0.123,0.858,0,0,eGFP1
10336,16:05:29,0.122,0.792,0,0,eGFP1
10337,16:05:30,0.111,0.814,0,0,eGFP1
10338,16:05:30,0.122,0.671,0,0,eGFP1
10339,16:05:31,0.102,1.002,0,0,eGFP1
10340,16:05:32,0.155,0.726,0,0,eGFP1
10341,16:05:33,0.102,0.584,0,0,eGFP1
10342,16:05:33,0.090,0.595,0,0,eGFP1
10343,16:05:34,0.133,0.934,0,0,eGFP1
10344,16:05:35,0.112,0.562,0,0,eGFP1
10345,16:05:35,0.079,0.726,0,0,eGFP1
10346,16:05:37,0.298,1.319,0,0,eGFP1
10347,16:05:37,0.124,0.738,0,0,eGFP1
10348,16:05:38,0.134,0.902,0,0,eGFP1
10349,16:05:41,0.144,2.427,0,0,eGFP1
10350,16:05:41,0.145,0.715,0,0,eGFP1
10351,16:05:42,0.123,0.913,0,0,eGFP1
10352,16:05:43,0.133,0.616,0,0,eGFP1
10353,16:05:43,0.079,0.474,0,0,eGFP1
10354,16:05:44,0.079,0.781,0,0,eGFP1
10355,16:05:45,0.125,0.795,0,0,eGFP1
10356,16:05:46,0.111,0.561,0,0,eGFP1
10357,16:05:46,0.090,0.705,0,0,eGFP1
10358,16:05:47,0.133,0.649,0,0,eGFP1
10359,16:05:48,0.079,0.529,0,0,eGFP1
10360,16:05:48,0.100,0.858,0,0,eGFP1
10361,16:05:49,0.133,0.770,0,0,eGFP1
10362,16:05:50,0.100,0.627,0,0,eGFP1
10363,16:05:50,0.091,0.706,0,0,eGFP1
10364,16:05:51,0.111,0.583,0,0,eGFP1
10365,16:05:52,0.090,0.606,0,0,eGFP1
10366,16:05:52,0.133,0.792,0,0,eGFP1
10367,16:05:53,0.101,0.584,0,0,eGFP1
10368,16:05:54,0.124,0.925,0,0,eGFP1
10369,16:05:55,0.152,0.689,0,0,eGFP1
10370,16:05:55,0.086,0.602,0,0,eGFP1
10371,16:05:56,0.131,0.823,0,0,eGFP1
10372,16:05:57,0.119,0.558,0,0,eGFP1
10373,16:05:57,0.075,0.623,0,0,eGFP1
10374,16:05:58,0.152,0.767,0,0,eGFP1
10375,16:05:59,0.119,0.623,0,0,eGFP1
10376,16:05:59,0.108,0.734,0,0,eGFP1
10377,16:06:00,0.097,0.547,0,0,eGFP1
10378,16:06:01,0.086,0.645,0,0,eGFP1
10379,16:06:02,0.154,1.010,0,0,eGFP1
10380,16:06:02,0.097,0.514,0,0,eGFP1
10381,16:06:03,0.086,0.832,0,0,eGFP1
10382,16:06:04,0.186,0.801,0,0,eGFP1
10383,16:06:04,0.086,0.645,0,0,eGFP1
10384,16:06:05,0.130,0.844,0,0,eGFP1
10385,16:06:06,0.195,0.887,0,0,eGFP1
10386,16:06:07,0.097,0.623,0,0,eGFP1
10387,16:06:07,0.110,0.702,0,0,eGFP1
10388,16:06:08,0.119,0.613,0,0,eGFP1
10389,16:06:09,0.086,0.558,0,0,eGFP1
10390,16:06:09,0.097,0.877,0,0,eGFP1
10391,16:06:10,0.206,0.854,0,0,eGFP1
10392,16:06:11,0.108,0.580,0,0,eGFP1
10393,16:06:12,0.086,0.624,0,0,eGFP1
10394,16:06:12,0.119,0.678,0,0,eGFP1
10395,16:06:13,0.088,0.483,0,0,eGFP1
10396,16:06:14,0.087,0.823,0,0,eGFP1
10397,16:06:14,0.141,0.646,0,0,eGFP1
10398,16:06:15,0.086,1.073,0,0,eGFP1
10399,16:06:16,0.229,1.074,0,0,eGFP1
10400,16:06:17,0.141,0.778,0,0,eGFP1
10401,16:06:18,0.097,0.788,0,0,eGFP1
10402,16:06:19,0.152,0.767,0,0,eGFP1
10403,16:06:19,0.097,0.712,0,0,eGFP1
10404,16:06:20,0.153,0.789,0,0,eGFP1
10405,16:06:21,0.087,0.602,0,0,eGFP1
10406,16:06:22,0.120,0.932,0,0,eGFP1
10407,16:06:23,0.141,0.898,0,0,eGFP1
10408,16:06:23,0.119,0.701,0,0,eGFP1
10409,16:06:24,0.096,0.644,0,0,eGFP1
10410,16:06:25,0.153,0.866,0,0,eGFP1
10411,16:06:25,0.119,0.624,0,0,eGFP1
10412,16:06:26,0.099,0.724,0,0,eGFP1
10413,16:06:27,0.130,0.789,0,0,eGFP1
10414,16:06:28,0.152,1.216,0,0,eGFP1
10415,16:06:29,0.273,1.151,0,0,eGFP1
10416,16:06:30,0.119,0.723,0,0,eGFP1
10417,16:06:31,0.130,0.690,0,0,eGFP1
10418,16:06:31,0.086,0.525,0,0,eGFP1
10419,16:06:32,0.097,0.833,0,0,eGFP1
10420,16:06:33,0.109,0.559,0,0,eGFP1
10421,16:06:33,0.086,0.558,0,0,eGFP1
10422,16:06:34,0.110,0.790,0,0,eGFP1
10423,16:06:35,0.141,0.657,0,0,eGFP1
10424,16:06:35,0.097,0.811,0,0,eGFP1
10425,16:06:36,0.119,0.580,0,0,eGFP1
10426,16:06:37,0.086,0.843,0,0,eGFP1
10427,16:06:38,0.141,0.701,0,0,eGFP1
10428,16:06:38,0.077,0.483,0,0,eGFP1
10429,16:06:39,0.075,0.679,0,0,eGFP1
10430,16:06:39,0.152,0.744,0,0,eGFP1
10431,16:06:40,0.109,0.635,0,0,eGFP1
10432,16:06:41,0.098,0.592,0,0,eGFP1
10433,16:06:42,0.097,0.942,0,0,eGFP1
10434,16:06:43,0.372,1.206,0,0,eGFP1
10435,16:06:43,0.087,0.515,0,0,eGFP1
10436,16:06:44,0.088,0.955,0,0,eGFP1
10437,16:06:45,0.152,0.690,0,0,eGFP1
10438,16:06:46,0.097,0.657,0,0,eGFP1
10439,16:06:46,0.130,0.789,0,0,eGFP1
10440,16:06:47,0.097,0.547,0,0,eGFP1
10441,16:06:48,0.098,0.603,0,0,eGFP1
10442,16:06:48,0.097,0.591,0,0,eGFP1
10443,16:06:49,0.086,0.492,0,0,eGFP1
10444,16:06:49,0.077,0.626,0,0,eGFP1
10445,16:06:52,0.196,3.126,0,0,eGFP1
10446,16:06:53,0.130,0.756,0,0,eGFP1
10447,16:06:54,0.229,1.008,0,0,eGFP1
10448,16:06:55,0.087,0.515,0,0,eGFP1
10449,16:06:55,0.087,0.581,0,0,eGFP1
10450,16:06:56,0.109,0.745,0,0,eGFP1
10451,16:06:57,0.108,0.723,0,0,eGFP1
10452,16:06:58,0.133,0.780,0,0,eGFP1
10453,16:06:58,0.087,0.471,0,0,eGFP1
10454,16:06:59,0.075,0.503,0,0,eGFP1
10455,16:06:59,0.120,0.691,0,0,eGFP1
10456,16:07:00,0.097,0.569,0,0,eGFP1
10457,16:07:00,0.098,0.635,0,0,eGFP1
10458,16:07:01,0.109,0.581,0,0,eGFP1
10459,16:07:02,0.097,0.690,0,0,eGFP1
10460,16:07:02,0.120,0.723,0,0,eGFP1
10461,16:07:03,0.121,0.768,0,0,eGFP1
10462,16:07:04,0.132,0.659,0,0,eGFP1
10463,16:07:04,0.098,0.603,0,0,eGFP1
10464,16:07:05,0.152,0.953,0,0,eGFP1
10465,16:07:06,0.131,0.624,0,0,eGFP1
10466,16:07:07,0.098,0.844,0,0,eGFP1
10467,16:07:08,0.164,0.767,0,0,eGFP1
10468,16:07:08,0.098,0.526,0,0,eGFP1
10469,16:07:09,0.099,0.779,0,0,eGFP1
10470,16:07:10,0.142,0.987,0,0,eGFP1
10471,16:07:11,0.153,0.734,0,0,eGFP1
10472,16:07:11,0.087,0.548,0,0,eGFP1
10473,16:07:12,0.097,0.767,0,0,eGFP1
10474,16:07:13,0.130,0.657,0,0,eGFP1
10475,16:07:13,0.087,0.526,0,0,eGFP1
10476,16:07:14,0.099,0.681,0,0,eGFP1
10477,16:07:15,0.142,0.845,0,0,eGFP1
10478,16:07:15,0.098,0.591,0,0,eGFP1
10479,16:07:16,0.131,0.768,0,0,eGFP1
10480,16:07:17,0.119,0.580,0,0,eGFP1
10481,16:07:17,0.087,0.581,0,0,eGFP1
10482,16:07:18,0.119,0.888,0,0,eGFP1
10483,16:07:19,0.130,0.745,0,0,eGFP1
10484,16:07:20,0.109,0.756,0,0,eGFP1
10485,16:07:20,0.143,0.659,0,0,eGFP1
10486,16:07:21,0.284,0.822,0,0,eGFP1
10487,16:07:25,2.501,3.917,0,0,eGFP1
10488,16:07:26,0.372,0.964,0,0,eGFP1
10489,16:07:27,0.088,0.703,0,0,eGFP1
10490,16:07:27,0.142,0.789,0,0,eGFP1
10491,16:07:28,0.087,0.504,0,0,eGFP1
10492,16:07:29,0.076,0.701,0,0,eGFP1
10493,16:07:29,0.144,0.703,0,0,eGFP1
10494,16:07:30,0.109,0.603,0,0,eGFP1
10495,16:07:31,0.087,0.657,0,0,eGFP1
10496,16:07:31,0.109,0.581,0,0,eGFP1
10497,16:07:32,0.087,0.526,0,0,eGFP1
10498,16:07:32,0.087,0.537,0,0,eGFP1
10499,16:07:33,0.098,0.723,0,0,eGFP1
10500,16:07:34,0.120,0.647,0,0,eGFP1
10501,16:07:34,0.088,0.549,0,0,eGFP1
10502,16:07:35,0.109,0.690,0,0,eGFP1
10503,16:07:35,0.100,0.550,0,0,eGFP1
10504,16:07:36,0.075,0.547,0,0,eGFP1
10505,16:07:37,0.109,0.779,0,0,eGFP1
10506,16:07:37,0.087,0.515,0,0,eGFP1
10507,16:07:38,0.108,1.041,0,0,eGFP1
10508,16:07:39,0.120,0.581,0,0,eGFP1
10509,16:07:39,0.088,0.516,0,0,eGFP1
10510,16:07:40,0.087,0.713,0,0,eGFP1
10511,16:07:41,0.108,0.701,0,0,eGFP1
10512,16:07:41,0.098,0.559,0,0,eGFP1
10513,16:07:42,0.097,0.811,0,0,eGFP1
10514,16:07:43,0.196,0.855,0,0,eGFP1
10515,16:07:44,0.087,0.569,0,0,eGFP1
10516,16:07:44,0.111,0.879,0,0,eGFP1
10517,16:07:45,0.110,0.571,0,0,eGFP1
10518,16:07:46,0.087,0.614,0,0,eGFP1
10519,16:07:46,0.131,0.800,0,0,eGFP1
10520,16:07:47,0.087,0.537,0,0,eGFP1
10521,16:07:48,0.098,0.965,0,0,eGFP1
10522,16:07:49,0.131,0.680,0,0,eGFP1
10523,16:07:49,0.087,0.625,0,0,eGFP1
10524,16:07:50,0.142,0.745,0,0,eGFP1
10525,16:07:51,0.087,0.515,0,0,eGFP1
10526,16:07:52,0.100,1.899,0,0,eGFP1
10527,16:07:53,0.121,0.614,0,0,eGFP1
10528,16:07:54,0.098,0.878,0,0,eGFP1
10529,16:07:55,0.142,0.646,0,0,eGFP1
10530,16:07:55,0.089,0.528,0,0,eGFP1
10531,16:07:56,0.108,0.745,0,0,eGFP1
10532,16:07:57,0.109,0.701,0,0,eGFP1
10533,16:07:57,0.109,0.669,0,0,eGFP1
10534,16:07:59,0.659,1.888,0,0,eGFP1
10535,16:08:00,0.263,0.833,0,0,eGFP1
10536,16:08:01,0.098,0.636,0,0,eGFP1
10537,16:08:01,0.131,0.822,0,0,eGFP1
10538,16:08:02,0.142,0.811,0,0,eGFP1
10539,16:08:03,0.109,0.559,0,0,eGFP1
10540,16:08:03,0.087,0.581,0,0,eGFP1
10541,16:08:04,0.109,0.756,0,0,eGFP1
10542,16:08:05,0.089,0.594,0,0,eGFP1
10543,16:08:05,0.099,0.702,0,0,eGFP1
10544,16:08:06,0.132,0.790,0,0,eGFP1
10545,16:08:07,0.087,0.581,0,0,eGFP1
10546,16:08:07,0.087,0.493,0,0,eGFP1
10547,16:08:08,0.088,0.538,0,0,eGFP1
10548,16:08:09,0.098,0.855,0,0,eGFP1
10549,16:08:09,0.186,0.812,0,0,eGFP1
10550,16:08:10,0.088,0.560,0,0,eGFP1
10551,16:08:11,0.109,0.933,0,0,eGFP1
10552,16:08:12,0.131,0.614,0,0,eGFP1
10553,16:08:12,0.098,0.811,0,0,eGFP1
10554,16:08:13,0.120,0.647,0,0,eGFP1
10555,16:08:14,0.087,0.614,0,0,eGFP1
10556,16:08:16,0.121,2.776,0,0,eGFP1
10557,16:08:17,0.133,0.616,0,0,eGFP1
10558,16:08:18,0.088,0.593,0,0,eGFP1
10559,16:08:18,0.142,0.823,0,0,eGFP1
10560,16:08:19,0.087,0.526,0,0,eGFP1
10561,16:08:20,0.099,0.801,0,0,eGFP1
10562,16:08:21,0.943,1.700,0,0,eGFP1
10563,16:08:23,1.163,1.800,0,0,eGFP1
10564,16:08:24,0.098,0.713,0,0,eGFP1
10565,16:08:25,0.131,0.778,0,0,eGFP1
10566,16:08:25,0.111,0.616,0,0,eGFP1
10567,16:08:26,0.098,0.625,0,0,eGFP1
10568,16:08:27,0.088,0.625,0,0,eGFP1
10569,16:08:27,0.099,0.538,0,0,eGFP1
10570,16:08:28,0.077,0.637,0,0,eGFP1
10571,16:08:28,0.142,0.702,0,0,eGFP1
10572,16:08:29,0.088,0.647,0,0,eGFP1
10573,16:08:30,0.110,0.647,0,0,eGFP1
10574,16:08:30,0.092,0.641,0,0,eGFP1
10575,16:08:31,0.120,0.625,0,0,eGFP1
10576,16:08:32,0.098,0.592,0,0,eGFP1
10577,16:08:32,0.098,0.625,0,0,eGFP1
10578,16:08:33,0.098,0.636,0,0,eGFP1
10579,16:08:34,0.120,0.658,0,0,eGFP1
10580,16:08:34,0.109,0.701,0,0,eGFP1
10581,16:08:35,0.121,0.768,0,0,eGFP1
10582,16:08:36,0.100,0.550,0,0,eGFP1
10583,16:08:36,0.076,0.625,0,0,eGFP1
10584,16:08:37,0.221,1.099,0,0,eGFP1
10585,16:08:38,0.109,0.625,0,0,eGFP1
10586,16:08:39,0.088,0.636,0,0,eGFP1
10587,16:08:39,0.121,0.856,0,0,eGFP1
10588,16:08:40,0.110,0.538,0,0,eGFP1
10589,16:08:41,0.076,0.647,0,0,eGFP1
10590,16:08:42,0.197,1.130,0,0,eGFP1
10591,16:08:42,0.111,0.561,0,0,eGFP1
10592,16:08:43,0.098,0.801,0,0,eGFP1
10593,16:08:44,0.164,0.976,0,0,eGFP1
10594,16:08:45,0.253,1.383,0,0,eGFP1
10595,16:08:46,0.109,0.625,0,0,eGFP1
10596,16:08:47,0.110,0.648,0,0,eGFP1
10597,16:08:47,0.111,0.648,0,0,eGFP1
10598,16:08:48,0.110,1.043,0,0,eGFP1
10599,16:08:50,0.407,1.252,0,0,eGFP1
10600,16:08:50,0.110,0.603,0,0,eGFP1
10601,16:08:51,0.099,0.670,0,0,eGFP1
10602,16:08:52,0.109,0.592,0,0,eGFP1
10603,16:08:52,0.099,0.691,0,0,eGFP1
10604,16:08:53,0.099,0.593,0,0,eGFP1
10605,16:08:54,0.110,0.724,0,0,eGFP1
10606,16:09:03,0.143,9.833,0,0,eGFP1
10607,16:09:04,0.177,0.846,0,0,eGFP1
10608,16:09:05,0.088,0.549,0,0,eGFP1
10609,16:09:06,0.120,0.845,0,0,eGFP1
10610,16:09:08,0.274,2.008,0,0,eGFP1
10611,16:09:08,0.100,0.726,0,0,eGFP1
10612,16:09:09,0.120,0.625,0,0,eGFP1
10613,16:09:10,0.099,0.527,0,0,eGFP1
10614,16:09:10,0.077,0.494,0,0,eGFP1
10615,16:09:11,0.089,0.670,0,0,eGFP1
10616,16:09:11,0.110,0.659,0,0,eGFP1
10617,16:09:12,0.110,0.768,0,0,eGFP1
10618,16:09:13,0.110,0.615,0,0,eGFP1
10619,16:09:13,0.098,0.746,0,0,eGFP1
10620,16:09:15,0.197,1.130,0,0,eGFP1
10621,16:09:16,0.176,1.043,0,0,eGFP1
10622,16:09:17,0.186,0.911,0,0,eGFP1
10623,16:09:17,0.111,0.638,0,0,eGFP1
10624,16:09:18,0.100,0.681,0,0,eGFP1
10625,16:09:18,0.099,0.549,0,0,eGFP1
10626,16:09:19,0.077,0.538,0,0,eGFP1
10627,16:09:20,0.099,0.845,0,0,eGFP1
10628,16:09:20,0.143,0.692,0,0,eGFP1
10629,16:09:21,0.098,0.537,0,0,eGFP1
10630,16:09:22,0.110,0.791,0,0,eGFP1
10631,16:09:23,0.243,1.088,0,0,eGFP1
10632,16:09:24,0.142,0.757,0,0,eGFP1
10633,16:09:24,0.110,0.604,0,0,eGFP1
10634,16:09:25,0.088,0.527,0,0,eGFP1
10635,16:09:25,0.077,0.472,0,0,eGFP1
10636,16:09:26,0.099,0.834,0,0,eGFP1
10637,16:09:27,0.121,0.746,0,0,eGFP1
10638,16:09:27,0.115,0.587,0,0,eGFP1
10639,16:09:28,0.100,0.791,0,0,eGFP1
10640,16:09:29,0.263,1.119,0,0,eGFP1
10641,16:09:30,0.131,0.800,0,0,eGFP1
10642,16:09:31,0.132,0.658,0,0,eGFP1
10643,16:09:31,0.088,0.527,0,0,eGFP1
10644,16:09:32,0.098,0.701,0,0,eGFP1
10645,16:09:33,0.132,0.779,0,0,eGFP1
10646,16:09:33,0.109,0.647,0,0,eGFP1
10647,16:09:34,0.098,0.691,0,0,eGFP1
10648,16:09:35,0.097,0.657,0,0,eGFP1
10649,16:09:36,0.121,0.735,0,0,eGFP1
10650,16:09:36,0.088,0.494,0,0,eGFP1
10651,16:09:37,0.089,0.605,0,0,eGFP1
10652,16:09:37,0.121,0.768,0,0,eGFP1
10653,16:09:38,0.088,0.538,0,0,eGFP1
10654,16:09:39,0.089,0.714,0,0,eGFP1
10655,16:09:40,0.176,0.977,0,0,eGFP1
10656,16:09:40,0.112,0.628,0,0,eGFP1
10657,16:09:41,0.099,0.680,0,0,eGFP1
10658,16:09:42,0.110,0.670,0,0,eGFP1
10659,16:09:42,0.154,0.868,0,0,eGFP1
10660,16:09:45,0.154,2.601,0,0,eGFP1
10661,16:09:46,0.110,0.626,0,0,eGFP1
10662,16:09:46,0.110,0.637,0,0,eGFP1
10663,16:09:47,0.088,0.516,0,0,eGFP1
10664,16:09:47,0.079,0.605,0,0,eGFP1
10665,16:09:48,0.142,0.658,0,0,eGFP1
10666,16:09:49,0.088,0.692,0,0,eGFP1
10667,16:09:50,0.165,0.802,0,0,eGFP1
10668,16:09:50,0.088,0.505,0,0,eGFP1
10669,16:09:51,0.077,0.659,0,0,eGFP1
10670,16:09:52,0.143,0.746,0,0,eGFP1
10671,16:09:52,0.089,0.495,0,0,eGFP1
10672,16:09:53,0.090,0.792,0,0,eGFP1
10673,16:09:54,0.154,0.758,0,0,eGFP1
10674,16:09:54,0.099,0.549,0,0,eGFP1
10675,16:09:55,0.099,0.681,0,0,eGFP1
10676,16:09:56,0.132,0.747,0,0,eGFP1
10677,16:09:56,0.110,0.757,0,0,eGFP1
10678,16:09:57,0.200,0.968,0,0,eGFP1
10679,16:09:58,0.099,0.637,0,0,eGFP1
10680,16:09:59,0.101,0.606,0,0,eGFP1
10681,16:09:59,0.088,0.505,0,0,eGFP1
10682,16:10:00,0.077,0.571,0,0,eGFP1
10683,16:10:00,0.100,0.637,0,0,eGFP1
10684,16:10:01,0.089,0.626,0,0,eGFP1
10685,16:10:01,0.100,0.561,0,0,eGFP1
10686,16:10:02,0.088,0.736,0,0,eGFP1
10687,16:10:03,0.176,0.757,0,0,eGFP1
10688,16:10:06,0.090,2.790,0,0,eGFP1
10689,16:10:06,0.154,0.648,0,0,eGFP1
10690,16:10:07,0.088,0.703,0,0,eGFP1
10691,16:10:08,0.134,0.660,0,0,eGFP1
10692,16:10:08,0.078,0.517,0,0,eGFP1
10693,16:10:09,0.088,0.659,0,0,eGFP1
10694,16:10:09,0.100,0.549,0,0,eGFP1
10695,16:10:10,0.089,0.605,0,0,eGFP1
10696,16:10:11,0.134,0.770,0,0,eGFP1
10697,16:10:11,0.089,0.517,0,0,eGFP1
10698,16:10:12,0.099,0.758,0,0,eGFP1
10699,16:10:13,0.132,0.615,0,0,eGFP1
10700,16:10:13,0.088,0.538,0,0,eGFP1
10701,16:10:14,0.100,0.747,0,0,eGFP1
10702,16:10:15,0.122,0.594,0,0,eGFP1
10703,16:10:15,0.077,0.472,0,0,eGFP1
10704,16:10:16,0.090,0.902,0,0,eGFP1
10705,16:10:17,0.123,0.595,0,0,eGFP1
10706,16:10:17,0.077,0.593,0,0,eGFP1
10707,16:10:18,0.154,0.878,0,0,eGFP1
10708,16:10:19,0.099,0.648,0,0,eGFP1
10709,16:10:20,0.110,0.878,0,0,eGFP1
10710,16:10:20,0.121,0.725,0,0,eGFP1
10711,16:10:21,0.110,0.680,0,0,eGFP1
10712,16:10:22,0.110,0.593,0,0,eGFP1
10713,16:10:22,0.090,0.650,0,0,eGFP1
10714,16:10:23,0.154,0.802,0,0,eGFP1
10715,16:10:24,0.100,0.538,0,0,eGFP1
10716,16:10:24,0.078,0.550,0,0,eGFP1
10717,16:10:25,0.166,0.934,0,0,eGFP1
10718,16:10:26,0.101,0.748,0,0,eGFP1
10719,16:10:27,0.144,0.747,0,0,eGFP1
10720,16:10:27,0.122,0.715,0,0,eGFP1
10721,16:10:29,0.156,1.385,0,0,eGFP1
10722,16:10:29,0.165,0.758,0,0,eGFP1
10723,16:10:30,0.100,0.572,0,0,eGFP1
10724,16:10:31,0.110,0.911,0,0,eGFP1
10725,16:10:32,0.133,0.682,0,0,eGFP1
10726,16:10:32,0.099,0.626,0,0,eGFP1
10727,16:10:33,0.111,0.791,0,0,eGFP1
10728,16:10:34,0.144,0.956,0,0,eGFP1
10729,16:10:35,0.134,0.760,0,0,eGFP1
10730,16:10:35,0.110,0.725,0,0,eGFP1
10731,16:10:36,0.122,0.802,0,0,eGFP1
10732,16:10:37,0.123,0.606,0,0,eGFP1
10733,16:10:38,0.089,0.802,0,0,eGFP1
10734,16:10:40,0.166,2.207,0,0,eGFP1
10735,16:10:41,0.221,0.989,0,0,eGFP1
10736,16:10:42,0.132,0.824,0,0,eGFP1
10737,16:10:42,0.114,0.608,0,0,eGFP1
10738,16:10:43,0.100,0.725,0,0,eGFP1
10739,16:10:44,0.122,0.682,0,0,eGFP1
10740,16:10:44,0.088,0.538,0,0,eGFP1
10741,16:10:45,0.089,0.770,0,0,eGFP1
10742,16:10:46,0.121,0.582,0,0,eGFP1
10743,16:10:46,0.078,0.462,0,0,eGFP1
10744,16:10:47,0.089,0.978,0,0,eGFP1
10745,16:10:49,1.408,2.088,0,0,eGFP1
10746,16:10:50,0.089,0.659,0,0,eGFP1
10747,16:10:50,0.111,0.725,0,0,eGFP1
10748,16:10:51,0.110,0.692,0,0,eGFP1
10749,16:10:52,0.110,0.593,0,0,eGFP1
10750,16:10:52,0.100,0.648,0,0,eGFP1
10751,16:10:53,0.111,0.725,0,0,eGFP1
10752,16:10:54,0.110,0.692,0,0,eGFP1
10753,16:10:55,0.112,0.726,0,0,eGFP1
10754,16:10:55,0.111,0.692,0,0,eGFP1
10755,16:10:56,0.100,0.549,0,0,eGFP1
10756,16:10:57,0.100,1.296,0,0,eGFP1
10757,16:10:58,0.527,1.131,0,0,eGFP1
10758,16:10:59,0.088,0.516,0,0,eGFP1
10759,16:11:00,0.112,0.902,0,0,eGFP1
10760,16:11:00,0.122,0.605,0,0,eGFP1
10761,16:11:01,0.079,0.672,0,0,eGFP1
10762,16:11:02,0.133,0.813,0,0,eGFP1
10763,16:11:02,0.111,0.627,0,0,eGFP1
10764,16:11:03,0.089,0.682,0,0,eGFP1
10765,16:11:04,0.144,0.879,0,0,eGFP1
10766,16:11:04,0.111,0.583,0,0,eGFP1
10767,16:11:05,0.078,0.539,0,0,eGFP1
10768,16:11:06,0.111,0.758,0,0,eGFP1
10769,16:12:14,0.135,68.185,0,0,eGFP1
10770,16:12:15,0.132,0.780,0,0,eGFP1
10771,16:12:16,0.143,1.251,0,0,eGFP1
10772,16:12:17,0.332,1.495,0,0,eGFP1
10773,16:12:18,0.165,0.944,0,0,eGFP1
10774,16:12:19,0.111,0.638,0,0,eGFP1
10775,16:12:20,0.110,0.867,0,0,eGFP1
10776,16:12:21,0.133,0.736,0,0,eGFP1
10777,16:12:21,0.144,0.835,0,0,eGFP1
10778,16:12:22,0.103,0.608,0,0,eGFP1
10779,16:12:23,0.078,0.550,0,0,eGFP1
10780,16:12:23,0.089,0.594,0,0,eGFP1
10781,16:12:24,0.144,0.824,0,0,eGFP1
10782,16:12:25,0.089,0.528,0,0,eGFP1
10783,16:12:26,0.101,1.066,0,0,eGFP1
10784,16:12:26,0.155,0.660,0,0,eGFP1
10785,16:12:27,0.089,0.715,0,0,eGFP1
10786,16:12:28,0.136,0.663,0,0,eGFP1
10787,16:12:28,0.078,0.484,0,0,eGFP1
10788,16:12:29,0.100,0.890,0,0,eGFP1
10789,16:12:30,0.122,0.660,0,0,eGFP1
10790,16:12:31,0.089,0.792,0,0,eGFP1
10791,16:12:31,0.133,0.638,0,0,eGFP1
10792,16:12:32,0.078,0.649,0,0,eGFP1
10793,16:12:33,0.144,0.747,0,0,eGFP1
10794,16:12:33,0.091,0.519,0,0,eGFP1
10795,16:12:34,0.100,0.836,0,0,eGFP1
10796,16:12:35,0.155,0.681,0,0,eGFP1
10797,16:12:35,0.079,0.551,0,0,eGFP1
10798,16:12:36,0.122,0.824,0,0,eGFP1
10799,16:12:36,0.113,0.530,0,0,eGFP1
10800,16:12:37,0.078,0.550,0,0,eGFP1
10801,16:12:38,0.144,0.869,0,0,eGFP1
10802,16:12:38,0.090,0.507,0,0,eGFP1
10803,16:12:39,0.079,0.935,0,0,eGFP1
10804,16:12:40,0.144,0.638,0,0,eGFP1
10805,16:12:41,0.089,0.693,0,0,eGFP1
10806,16:12:42,0.166,0.912,0,0,eGFP1
10807,16:12:42,0.133,0.748,0,0,eGFP1
10808,16:12:43,0.100,0.550,0,0,eGFP1
10809,16:12:43,0.090,0.583,0,0,eGFP1
10810,16:12:44,0.124,0.805,0,0,eGFP1
10811,16:12:45,0.100,0.539,0,0,eGFP1
10812,16:12:45,0.078,0.561,0,0,eGFP1
10813,16:12:46,0.135,0.991,0,0,eGFP1
10814,16:12:47,0.144,0.759,0,0,eGFP1
10815,16:12:48,0.078,0.473,0,0,eGFP1
10816,16:12:48,0.079,0.792,0,0,eGFP1
10817,16:12:49,0.177,0.825,0,0,eGFP1
10818,16:12:50,0.102,0.552,0,0,eGFP1
10819,16:12:50,0.078,0.561,0,0,eGFP1
10820,16:12:51,0.111,1.011,0,0,eGFP1
10821,16:12:52,0.222,0.913,0,0,eGFP1
10822,16:12:53,0.089,0.495,0,0,eGFP1
10823,16:12:54,0.090,1.012,0,0,eGFP1
10824,16:12:54,0.133,0.671,0,0,eGFP1
10825,16:12:55,0.089,0.583,0,0,eGFP1
10826,16:12:56,0.114,0.850,0,0,eGFP1
10827,16:12:57,0.111,0.715,0,0,eGFP1
10828,16:12:57,0.100,0.671,0,0,eGFP1
10829,16:12:58,0.089,0.550,0,0,eGFP1
10830,16:12:59,0.090,0.694,0,0,eGFP1
10831,16:12:59,0.133,0.715,0,0,eGFP1
10832,16:13:00,0.089,0.528,0,0,eGFP1
10833,16:13:01,0.090,0.858,0,0,eGFP1
10834,16:13:01,0.135,0.705,0,0,eGFP1
10835,16:13:02,0.100,0.627,0,0,eGFP1
10836,16:13:03,0.100,0.736,0,0,eGFP1
10837,16:13:03,0.111,0.715,0,0,eGFP1
10838,16:13:04,0.122,0.681,0,0,eGFP1
10839,16:13:05,0.100,0.572,0,0,eGFP1
10840,16:13:05,0.101,0.683,0,0,eGFP1
10841,16:13:06,0.111,0.879,0,0,eGFP1
10842,16:13:09,0.155,3.206,0,0,eGFP1
10843,16:13:10,0.102,0.738,0,0,eGFP1
10844,16:13:11,0.145,0.748,0,0,eGFP1
10845,16:13:11,0.090,0.518,0,0,eGFP1
10846,16:13:12,0.112,1.022,0,0,eGFP1
10847,16:13:14,0.134,1.363,0,0,eGFP1
10848,16:13:20,0.167,6.103,0,0,eGFP1
10849,16:13:21,0.101,0.847,0,0,eGFP1
10850,16:13:22,0.353,1.209,0,0,eGFP1
10851,16:13:24,0.124,2.231,0,0,eGFP1
10852,16:13:25,0.112,0.617,0,0,eGFP1
10853,16:13:26,0.101,0.705,0,0,eGFP1
10854,16:13:26,0.133,0.736,0,0,eGFP1
10855,16:13:27,0.100,0.737,0,0,eGFP1
10856,16:13:28,0.122,0.615,0,0,eGFP1
10857,16:13:28,0.089,0.517,0,0,eGFP1
10858,16:13:29,0.078,0.616,0,0,eGFP1
10859,16:13:30,0.125,0.773,0,0,eGFP1
10860,16:13:30,0.109,0.548,0,0,eGFP1
10861,16:13:31,0.074,0.590,0,0,eGFP1
10862,16:13:31,0.119,0.679,0,0,eGFP1
10863,16:13:32,0.108,0.547,0,0,eGFP1
10864,16:13:33,0.086,0.678,0,0,eGFP1
10865,16:13:33,0.130,0.745,0,0,eGFP1
10866,16:13:34,0.108,0.601,0,0,eGFP1
10867,16:13:34,0.089,0.506,0,0,eGFP1
10868,16:13:35,0.097,0.821,0,0,eGFP1
10869,16:13:36,0.141,0.635,0,0,eGFP1
10870,16:13:36,0.086,0.569,0,0,eGFP1
10871,16:13:37,0.119,0.843,0,0,eGFP1
10872,16:13:38,0.108,0.635,0,0,eGFP1
10873,16:13:38,0.086,0.536,0,0,eGFP1
10874,16:13:39,0.130,0.865,0,0,eGFP1
10875,16:13:40,0.121,0.625,0,0,eGFP1
10876,16:13:41,0.097,0.899,0,0,eGFP1
10877,16:13:41,0.129,0.612,0,0,eGFP1
10878,16:13:42,0.086,0.624,0,0,eGFP1
10879,16:13:43,0.130,0.789,0,0,eGFP1
10880,16:13:44,0.131,0.756,0,0,eGFP1
10881,16:13:44,0.087,0.558,0,0,eGFP1
10882,16:13:45,0.098,0.734,0,0,eGFP1
10883,16:13:46,0.153,0.735,0,0,eGFP1
10884,16:13:46,0.086,0.514,0,0,eGFP1
10885,16:13:47,0.097,0.821,0,0,eGFP1
10886,16:13:48,0.120,0.613,0,0,eGFP1
10887,16:13:48,0.086,0.811,0,0,eGFP1
10888,16:13:49,0.141,0.668,0,0,eGFP1
10889,16:13:50,0.086,0.470,0,0,eGFP1
10890,16:13:50,0.097,0.799,0,0,eGFP1
10891,16:13:51,0.143,0.757,0,0,eGFP1
10892,16:13:52,0.097,0.547,0,0,eGFP1
10893,16:13:52,0.075,0.547,0,0,eGFP1
10894,16:13:53,0.121,0.724,0,0,eGFP1
10895,16:13:54,0.120,0.624,0,0,eGFP1
10896,16:13:54,0.087,0.580,0,0,eGFP1
10897,16:13:55,0.130,0.855,0,0,eGFP1
10898,16:13:57,0.141,1.974,0,0,eGFP1
10899,16:13:58,0.087,0.636,0,0,eGFP1
10900,16:13:58,0.120,0.778,0,0,eGFP1
10901,16:13:59,0.130,0.756,0,0,eGFP1
10902,16:14:00,0.108,0.733,0,0,eGFP1
10903,16:14:01,0.109,0.712,0,0,eGFP1
10904,16:14:01,0.097,0.547,0,0,eGFP1
10905,16:14:02,0.086,0.756,0,0,eGFP1
10906,16:14:03,0.141,0.788,0,0,eGFP1
10907,16:14:03,0.099,0.582,0,0,eGFP1
10908,16:14:04,0.098,0.911,0,0,eGFP1
10909,16:14:05,0.141,0.667,0,0,eGFP1
10910,16:14:05,0.087,0.493,0,0,eGFP1
10911,16:14:06,0.075,0.701,0,0,eGFP1
10912,16:14:07,0.196,0.810,0,0,eGFP1
10913,16:14:07,0.087,0.591,0,0,eGFP1
10914,16:14:08,0.098,0.636,0,0,eGFP1
10915,16:14:09,0.097,0.591,0,0,eGFP1
10916,16:14:09,0.087,0.647,0,0,eGFP1
10917,16:14:10,0.119,0.679,0,0,eGFP1
10918,16:14:11,0.108,0.822,0,0,eGFP1
10919,16:14:12,0.229,0.964,0,0,eGFP1
10920,16:14:12,0.099,0.614,0,0,eGFP1
10921,16:14:13,0.098,0.690,0,0,eGFP1
10922,16:14:19,0.756,6.408,0,0,eGFP1
10923,16:14:20,0.240,0.778,0,0,eGFP1
10924,16:14:21,0.087,0.647,0,0,eGFP1
10925,16:14:22,0.130,0.679,0,0,eGFP1
10926,16:14:22,0.076,0.493,0,0,eGFP1
10927,16:14:23,0.086,0.613,0,0,eGFP1
10928,16:14:24,0.130,1.030,0,0,eGFP1
10929,16:14:24,0.185,0.789,0,0,eGFP1
10930,16:14:25,0.086,0.470,0,0,eGFP1
10931,16:14:26,0.087,0.657,0,0,eGFP1
10932,16:14:26,0.132,0.714,0,0,eGFP1
10933,16:14:27,0.086,0.536,0,0,eGFP1
10934,16:14:28,0.110,1.065,0,0,eGFP1
10935,16:14:29,0.163,0.778,0,0,eGFP1
10936,16:14:29,0.086,0.514,0,0,eGFP1
10937,16:14:30,0.109,0.975,0,0,eGFP1
10938,16:14:31,0.120,0.669,0,0,eGFP1
10939,16:14:32,0.108,1.644,0,0,eGFP1
10940,16:14:33,0.275,0.890,0,0,eGFP1
10941,16:14:34,0.075,0.547,0,0,eGFP1
10942,16:14:35,0.120,1.107,0,0,eGFP1
10943,16:14:36,0.186,0.800,0,0,eGFP1
10944,16:14:38,0.098,1.667,0,0,eGFP1
10945,16:14:38,0.196,0.745,0,0,eGFP1
10946,16:14:39,0.097,0.602,0,0,eGFP1
10947,16:14:40,0.099,0.736,0,0,eGFP1
10948,16:14:40,0.088,0.559,0,0,eGFP1
10949,16:14:41,0.076,0.570,0,0,eGFP1
10950,16:14:42,0.108,0.789,0,0,eGFP1
10951,16:14:42,0.097,0.657,0,0,eGFP1
10952,16:14:43,0.098,0.570,0,0,eGFP1
10953,16:14:43,0.086,0.635,0,0,eGFP1
10954,16:14:44,0.119,0.877,0,0,eGFP1
10955,16:14:46,0.185,1.502,0,0,eGFP1
10956,16:14:46,0.154,0.724,0,0,eGFP1
10957,16:14:47,0.087,0.526,0,0,eGFP1
10958,16:14:48,0.109,0.789,0,0,eGFP1
10959,16:14:48,0.098,0.569,0,0,eGFP1
10960,16:14:49,0.087,0.680,0,0,eGFP1
10961,16:14:50,0.110,0.603,0,0,eGFP1
10962,16:14:50,0.087,0.537,0,0,eGFP1
10963,16:14:51,0.097,0.657,0,0,eGFP1
10964,16:14:51,0.099,0.593,0,0,eGFP1
10965,16:14:52,0.086,0.547,0,0,eGFP1
10966,16:14:53,0.097,0.712,0,0,eGFP1
10967,16:14:53,0.119,0.646,0,0,eGFP1
10968,16:14:54,0.108,0.800,0,0,eGFP1
10969,16:14:55,0.141,0.690,0,0,eGFP1
10970,16:14:55,0.075,0.481,0,0,eGFP1
10971,16:14:56,0.087,0.800,0,0,eGFP1
10972,16:14:57,0.119,0.646,0,0,eGFP1
10973,16:14:57,0.088,0.582,0,0,eGFP1
10974,16:14:58,0.110,0.779,0,0,eGFP1
10975,16:14:59,0.109,0.559,0,0,eGFP1
10976,16:14:59,0.087,0.559,0,0,eGFP1
10977,16:15:00,0.108,0.844,0,0,eGFP1
10978,16:15:01,0.119,0.602,0,0,eGFP1
10979,16:15:01,0.076,0.614,0,0,eGFP1
10980,16:15:02,0.152,0.965,0,0,eGFP1
10981,16:15:03,0.100,0.572,0,0,eGFP1
10982,16:15:03,0.087,0.668,0,0,eGFP1
10983,16:15:04,0.164,0.888,0,0,eGFP1
10984,16:15:05,0.120,0.603,0,0,eGFP1
10985,16:15:06,0.109,1.064,0,0,eGFP1
10986,16:15:07,0.174,0.811,0,0,eGFP1
10987,16:15:07,0.087,0.559,0,0,eGFP1
10988,16:15:08,0.099,0.889,0,0,eGFP1
10989,16:15:10,0.977,1.679,0,0,eGFP1
10990,16:15:11,0.098,0.592,0,0,eGFP1
10991,16:15:11,0.120,0.811,0,0,eGFP1
10992,16:15:12,0.142,0.811,0,0,eGFP1
10993,16:15:13,0.098,0.559,0,0,eGFP1
10994,16:15:14,0.109,0.888,0,0,eGFP1
10995,16:15:15,0.153,0.866,0,0,eGFP1
10996,16:15:15,0.098,0.548,0,0,eGFP1
10997,16:15:16,0.089,0.637,0,0,eGFP1
10998,16:15:16,0.120,0.713,0,0,eGFP1
10999,16:15:17,0.087,0.624,0,0,eGFP1
11000,16:15:18,0.131,0.976,0,0,eGFP1
11001,16:15:23,0.155,5.444,0,0,eGFP1
11002,16:15:27,0.164,3.928,0,0,eGFP1
11003,16:15:33,0.131,5.124,0,0,eGFP1
11004,16:15:37,0.142,4.696,0,0,eGFP1
11005,16:15:38,0.099,0.582,0,0,eGFP1
11006,16:15:39,0.120,1.305,0,0,eGFP1
11007,16:15:41,0.351,2.129,0,0,eGFP1
11008,16:15:43,0.207,1.711,0,0,eGFP1
11009,16:15:45,0.482,2.106,0,0,eGFP1
11010,16:15:47,1.086,2.183,0,0,eGFP1
11011,16:15:50,0.329,2.995,0,0,eGFP1
11012,16:15:51,0.131,0.636,0,0,eGFP1
11013,16:15:52,0.100,0.901,0,0,eGFP1
11014,16:15:56,3.664,3.873,0,0,eGFP1
11015,16:15:57,0.385,1.306,0,0,eGFP1
11016,16:15:58,0.625,1.448,0,0,eGFP1
11017,16:15:59,0.120,0.943,0,0,eGFP1
11018,16:16:01,0.208,1.788,0,0,eGFP1
11019,16:16:02,0.120,0.636,0,0,eGFP1
11020,16:16:03,0.098,0.867,0,0,eGFP1
11021,16:16:03,0.121,0.582,0,0,eGFP1
11022,16:16:04,0.087,0.647,0,0,eGFP1
11023,16:16:04,0.098,0.559,0,0,eGFP1
11024,16:16:05,0.087,0.515,0,0,eGFP1
11025,16:16:06,0.098,0.724,0,0,eGFP1
11026,16:16:06,0.131,0.745,0,0,eGFP1
11027,16:16:07,0.109,0.669,0,0,eGFP1
11028,16:16:08,0.111,0.582,0,0,eGFP1
11029,16:16:08,0.089,0.550,0,0,eGFP1
11030,16:16:09,0.087,0.636,0,0,eGFP1
11031,16:16:09,0.098,0.624,0,0,eGFP1
11032,16:16:10,0.109,0.647,0,0,eGFP1
11033,16:16:11,0.109,0.636,0,0,eGFP1
11034,16:16:11,0.087,0.471,0,0,eGFP1
11035,16:16:12,0.087,0.767,0,0,eGFP1
11036,16:16:13,0.153,0.680,0,0,eGFP1
11037,16:16:13,0.076,0.559,0,0,eGFP1
11038,16:16:14,0.143,1.054,0,0,eGFP1
11039,16:16:15,0.131,0.691,0,0,eGFP1
11040,16:16:16,0.087,0.680,0,0,eGFP1
11041,16:16:17,0.142,1.174,0,0,eGFP1
11042,16:16:18,0.231,1.482,0,0,eGFP1
11043,16:16:19,0.285,1.009,0,0,eGFP1
11044,16:16:20,0.098,0.878,0,0,eGFP1
11045,16:16:21,0.142,0.636,0,0,eGFP1
11046,16:16:21,0.077,0.648,0,0,eGFP1
11047,16:16:22,0.153,0.823,0,0,eGFP1
11048,16:16:23,0.087,0.504,0,0,eGFP1
11049,16:16:23,0.087,0.603,0,0,eGFP1
11050,16:16:24,0.098,0.658,0,0,eGFP1
11051,16:16:25,0.098,0.526,0,0,eGFP1
11052,16:16:25,0.077,0.549,0,0,eGFP1
11053,16:16:26,0.120,0.713,0,0,eGFP1
11054,16:16:26,0.088,0.549,0,0,eGFP1
11055,16:16:27,0.089,0.583,0,0,eGFP1
11056,16:16:28,0.098,0.581,0,0,eGFP1
11057,16:16:28,0.088,0.494,0,0,eGFP1
11058,16:16:29,0.087,0.570,0,0,eGFP1
11059,16:16:30,0.131,0.987,0,0,eGFP1
11060,16:16:30,0.132,0.680,0,0,eGFP1
11061,16:16:31,0.110,0.845,0,0,eGFP1
11062,16:16:32,0.210,0.934,0,0,eGFP1
11063,16:16:33,0.109,0.702,0,0,eGFP1
11064,16:16:33,0.109,0.669,0,0,eGFP1
11065,16:16:34,0.087,0.548,0,0,eGFP1
11066,16:16:35,0.099,0.680,0,0,eGFP1
11067,16:16:35,0.099,0.582,0,0,eGFP1
11068,16:16:36,0.087,0.559,0,0,eGFP1
11069,16:16:37,0.100,0.802,0,0,eGFP1
11070,16:16:37,0.132,0.758,0,0,eGFP1
11071,16:16:39,1.075,1.799,0,0,eGFP1
11072,16:16:40,0.098,0.866,0,0,eGFP1
11073,16:16:41,0.197,0.790,0,0,eGFP1
11074,16:16:41,0.087,0.493,0,0,eGFP1
11075,16:16:42,0.076,0.669,0,0,eGFP1
11076,16:16:43,0.142,0.713,0,0,eGFP1
11077,16:16:43,0.087,0.570,0,0,eGFP1
11078,16:16:44,0.099,0.769,0,0,eGFP1
11079,16:16:45,0.109,0.669,0,0,eGFP1
11080,16:16:45,0.109,0.614,0,0,eGFP1
11081,16:16:46,0.098,0.581,0,0,eGFP1
11082,16:16:47,0.099,0.615,0,0,eGFP1
11083,16:16:47,0.099,0.571,0,0,eGFP1
11084,16:16:48,0.087,0.680,0,0,eGFP1
11085,16:16:48,0.098,0.614,0,0,eGFP1
11086,16:16:49,0.100,0.759,0,0,eGFP1
11087,16:16:50,0.164,0.779,0,0,eGFP1
11088,16:16:50,0.087,0.526,0,0,eGFP1
11089,16:16:51,0.088,0.823,0,0,eGFP1
11090,16:16:52,0.165,0.702,0,0,eGFP1
11091,16:16:52,0.088,0.538,0,0,eGFP1
11092,16:16:53,0.099,0.823,0,0,eGFP1
11093,16:16:54,0.143,0.680,0,0,eGFP1
11094,16:16:55,0.092,0.586,0,0,eGFP1
11095,16:16:55,0.109,0.658,0,0,eGFP1
11096,16:16:56,0.100,0.506,0,0,eGFP1
11097,16:16:56,0.065,0.493,0,0,eGFP1
11098,16:16:57,0.120,0.878,0,0,eGFP1
11099,16:16:58,0.109,0.647,0,0,eGFP1
11100,16:16:58,0.098,0.603,0,0,eGFP1
11101,16:16:59,0.109,0.724,0,0,eGFP1
11102,16:17:00,0.120,0.768,0,0,eGFP1
11103,16:17:00,0.178,0.452,0,0,eGFP1
11104,16:17:01,0.395,0.845,0,0,eGFP1
11105,16:17:02,0.330,0.911,0,0,eGFP1
11106,16:17:03,0.088,0.604,0,0,eGFP1
11107,16:17:03,0.121,0.790,0,0,eGFP1
11108,16:17:04,0.099,0.538,0,0,eGFP1
11109,16:17:05,0.089,0.649,0,0,eGFP1
11110,16:17:05,0.109,0.636,0,0,eGFP1
11111,16:17:06,0.089,0.528,0,0,eGFP1
11112,16:17:06,0.088,0.582,0,0,eGFP1
11113,16:17:07,0.099,0.669,0,0,eGFP1
11114,16:17:09,0.099,2.064,0,0,eGFP1
11115,16:17:10,0.142,0.647,0,0,eGFP1
11116,16:17:11,0.099,0.768,0,0,eGFP1
11117,16:17:11,0.110,0.571,0,0,eGFP1
11118,16:17:12,0.077,0.637,0,0,eGFP1
11119,16:17:13,0.177,0.802,0,0,eGFP1
11120,16:17:13,0.088,0.560,0,0,eGFP1
11121,16:17:14,0.110,0.823,0,0,eGFP1
11122,16:17:15,0.143,0.769,0,0,eGFP1
11123,16:17:16,0.122,0.901,0,0,eGFP1
11124,16:17:17,0.198,1.756,0,0,eGFP1
11125,16:17:18,0.088,0.593,0,0,eGFP1
11126,16:17:19,0.110,0.571,0,0,eGFP1
11127,16:17:19,0.078,0.506,0,0,eGFP1
11128,16:17:20,0.077,0.483,0,0,eGFP1
11129,16:17:20,0.088,0.747,0,0,eGFP1
11130,16:17:21,0.132,0.604,0,0,eGFP1
11131,16:17:22,0.077,0.680,0,0,eGFP1
11132,16:17:22,0.187,0.780,0,0,eGFP1
11133,16:17:23,0.088,0.494,0,0,eGFP1
11134,16:17:24,0.088,0.746,0,0,eGFP1
11135,16:17:24,0.145,0.737,0,0,eGFP1
11136,16:17:25,0.090,0.638,0,0,eGFP1
11137,16:17:26,0.132,0.692,0,0,eGFP1
11138,16:17:26,0.088,0.527,0,0,eGFP1
11139,16:17:27,0.099,0.736,0,0,eGFP1
11140,16:17:28,0.121,0.615,0,0,eGFP1
11141,16:17:28,0.088,0.571,0,0,eGFP1
11142,16:17:29,0.110,0.823,0,0,eGFP1
11143,16:17:30,0.111,0.649,0,0,eGFP1
11144,16:17:30,0.100,0.659,0,0,eGFP1
11145,16:17:31,0.099,0.571,0,0,eGFP1
11146,16:17:32,0.099,0.747,0,0,eGFP1
11147,16:17:32,0.110,0.637,0,0,eGFP1
11148,16:17:33,0.099,0.659,0,0,eGFP1
11149,16:17:34,0.132,0.812,0,0,eGFP1
11150,16:17:34,0.123,0.682,0,0,eGFP1
11151,16:17:35,0.090,0.617,0,0,eGFP1
11152,16:17:36,0.110,0.658,0,0,eGFP1
11153,16:17:37,0.133,0.912,0,0,eGFP1
11154,16:17:39,0.933,2.107,0,0,eGFP1
11155,16:17:39,0.099,0.549,0,0,eGFP1
11156,16:17:40,0.100,0.824,0,0,eGFP1
11157,16:17:41,0.165,0.834,0,0,eGFP1
11158,16:17:42,0.122,0.703,0,0,eGFP1
11159,16:17:42,0.088,0.571,0,0,eGFP1
11160,16:17:43,0.120,0.712,0,0,eGFP1
11161,16:17:44,0.110,0.736,0,0,eGFP1
11162,16:17:44,0.110,0.614,0,0,eGFP1
11163,16:17:45,0.112,0.737,0,0,eGFP1
11164,16:17:46,0.132,0.834,0,0,eGFP1
11165,16:17:47,0.121,0.779,0,0,eGFP1
11166,16:17:47,0.121,0.604,0,0,eGFP1
11167,16:17:48,0.088,0.626,0,0,eGFP1
11168,16:17:48,0.122,0.726,0,0,eGFP1
11169,16:17:49,0.099,0.681,0,0,eGFP1
11170,16:17:50,0.110,0.681,0,0,eGFP1
11171,16:17:51,0.110,0.813,0,0,eGFP1
11172,16:17:52,0.176,1.087,0,0,eGFP1
11173,16:17:52,0.121,0.637,0,0,eGFP1
11174,16:17:53,0.088,0.692,0,0,eGFP1
11175,16:17:54,0.110,0.779,0,0,eGFP1
11176,16:17:54,0.124,0.607,0,0,eGFP1
11177,16:17:55,0.088,0.637,0,0,eGFP1
11178,16:17:56,0.142,0.768,0,0,eGFP1
11179,16:17:56,0.099,0.593,0,0,eGFP1
11180,16:17:57,0.098,0.592,0,0,eGFP1
11181,16:17:58,0.099,0.703,0,0,eGFP1
11182,16:17:58,0.099,0.658,0,0,eGFP1
11183,16:17:59,0.121,0.736,0,0,eGFP1
11184,16:18:00,0.100,0.660,0,0,eGFP1
11185,16:18:01,0.143,0.944,0,0,eGFP1
11186,16:18:02,0.132,0.779,0,0,eGFP1
11187,16:18:02,0.088,0.516,0,0,eGFP1
11188,16:18:03,0.088,0.955,0,0,eGFP1
11189,16:18:04,0.187,0.999,0,0,eGFP1
11190,16:18:05,0.144,0.737,0,0,eGFP1
11191,16:18:05,0.088,0.648,0,0,eGFP1
11192,16:18:06,0.101,0.628,0,0,eGFP1
11193,16:18:08,0.110,2.349,0,0,eGFP1
11194,16:18:09,0.242,0.802,0,0,eGFP1
11195,16:18:10,0.088,0.703,0,0,eGFP1
11196,16:18:10,0.132,0.648,0,0,eGFP1
11197,16:18:11,0.089,0.528,0,0,eGFP1
11198,16:18:12,0.088,0.681,0,0,eGFP1
11199,16:18:12,0.111,0.725,0,0,eGFP1
11200,16:18:13,0.101,0.573,0,0,eGFP1
11201,16:18:14,0.100,0.681,0,0,eGFP1
11202,16:18:14,0.133,0.736,0,0,eGFP1
11203,16:18:15,0.090,0.529,0,0,eGFP1
11204,16:18:16,0.089,0.714,0,0,eGFP1
11205,16:18:16,0.133,0.802,0,0,eGFP1
11206,16:18:17,0.100,0.704,0,0,eGFP1
11207,16:18:18,0.154,0.736,0,0,eGFP1
11208,16:18:18,0.090,0.551,0,0,eGFP1
11209,16:18:19,0.088,0.736,0,0,eGFP1
11210,16:18:20,0.111,0.769,0,0,eGFP1
11211,16:18:21,0.100,0.550,0,0,eGFP1
11212,16:18:21,0.110,0.857,0,0,eGFP1
11213,16:18:22,0.132,0.758,0,0,eGFP1
11214,16:18:23,0.099,0.648,0,0,eGFP1
11215,16:18:23,0.100,0.594,0,0,eGFP1
11216,16:18:24,0.090,0.726,0,0,eGFP1
11217,16:18:26,1.330,2.033,0,0,eGFP1
11218,16:18:27,0.088,0.560,0,0,eGFP1
11219,16:18:28,0.111,0.879,0,0,eGFP1
11220,16:18:28,0.122,0.594,0,0,eGFP1
11221,16:18:29,0.078,0.692,0,0,eGFP1
11222,16:18:30,0.133,0.748,0,0,eGFP1
11223,16:18:30,0.088,0.483,0,0,eGFP1
11224,16:18:31,0.078,0.638,0,0,eGFP1
11225,16:18:31,0.102,0.662,0,0,eGFP1
11226,16:18:32,0.121,0.714,0,0,eGFP1
11227,16:18:33,0.088,0.582,0,0,eGFP1
11228,16:18:33,0.110,0.681,0,0,eGFP1
11229,16:18:34,0.154,0.779,0,0,eGFP1
11230,16:22:36,3.613,242.287,0,0,eGFP1
11231,16:22:38,0.176,1.603,0,0,eGFP1
11232,16:22:41,0.362,3.227,0,0,eGFP1
11233,16:22:43,0.145,1.341,0,0,eGFP1
11234,16:22:44,0.122,1.208,0,0,eGFP1
11235,16:22:45,0.210,1.044,0,0,eGFP1
11236,16:22:46,0.133,0.989,0,0,eGFP1
11237,16:22:47,0.176,0.846,0,0,eGFP1
11238,16:22:48,0.122,1.460,0,0,eGFP1
11239,16:22:49,0.342,1.220,0,0,eGFP1
11240,16:22:50,0.154,1.098,0,0,eGFP1
11241,16:22:51,0.145,0.826,0,0,eGFP1
11242,16:22:52,0.155,1.120,0,0,eGFP1
11243,16:22:53,0.133,0.704,0,0,eGFP1
11244,16:23:01,0.156,8.123,0,0,eGFP1
11245,16:23:02,0.342,0.638,0,0,eGFP1
11246,16:23:10,0.561,8.473,0,0,eGFP1
11247,16:23:11,0.122,0.627,0,0,eGFP1
11248,16:23:12,0.133,1.340,0,0,eGFP1
11249,16:23:13,0.112,0.584,0,0,eGFP1
11250,16:23:14,0.089,0.737,0,0,eGFP1
11251,16:23:14,0.144,0.813,0,0,eGFP1
11252,16:23:15,0.133,0.846,0,0,eGFP1
11253,16:23:16,0.122,0.649,0,0,eGFP1
11254,16:23:17,0.133,0.846,0,0,eGFP1
11255,16:23:18,0.100,0.737,0,0,eGFP1
11256,16:23:18,0.232,0.923,0,0,eGFP1
11257,16:23:19,0.092,0.498,0,0,eGFP1
11258,16:23:20,0.078,0.824,0,0,eGFP1
11259,16:23:21,0.199,0.791,0,0,eGFP1
11260,16:23:21,0.090,0.605,0,0,eGFP1
11261,16:23:22,0.111,0.638,0,0,eGFP1
11262,16:23:22,0.089,0.550,0,0,eGFP1
11263,16:23:23,0.089,0.572,0,0,eGFP1
11264,16:23:24,0.111,0.627,0,0,eGFP1
11265,16:23:24,0.091,0.584,0,0,eGFP1
11266,16:23:25,0.081,0.641,0,0,eGFP1
11267,16:23:25,0.133,0.715,0,0,eGFP1
11268,16:23:26,0.089,0.517,0,0,eGFP1
11269,16:23:27,0.100,0.890,0,0,eGFP1
11270,16:23:28,0.144,0.671,0,0,eGFP1
11271,16:23:28,0.090,0.540,0,0,eGFP1
11272,16:23:29,0.101,0.748,0,0,eGFP1
11273,16:23:30,0.123,0.892,0,0,eGFP1
11274,16:23:31,0.188,0.802,0,0,eGFP1
11275,16:23:31,0.100,0.759,0,0,eGFP1
11276,16:23:32,0.144,0.802,0,0,eGFP1
11277,16:23:33,0.090,0.540,0,0,eGFP1
11278,16:23:34,0.122,0.890,0,0,eGFP1
11279,16:23:34,0.133,0.660,0,0,eGFP1
11280,16:23:35,0.122,0.835,0,0,eGFP1
11281,16:23:36,0.124,0.694,0,0,eGFP1
11282,16:23:36,0.101,0.682,0,0,eGFP1
11283,16:23:37,0.122,0.836,0,0,eGFP1
11284,16:23:38,0.134,0.836,0,0,eGFP1
11285,16:23:39,0.132,0.769,0,0,eGFP1
11286,16:23:39,0.100,0.517,0,0,eGFP1
11287,16:23:40,0.077,0.791,0,0,eGFP1
11288,16:23:41,0.121,0.626,0,0,eGFP1
11289,16:23:42,0.110,0.944,0,0,eGFP1
11290,16:23:42,0.134,0.606,0,0,eGFP1
11291,16:23:43,0.088,0.769,0,0,eGFP1
11292,16:23:44,0.252,1.284,0,0,eGFP1
11293,16:23:47,0.154,2.360,0,0,eGFP1
11294,16:23:47,0.175,0.702,0,0,eGFP1
11295,16:23:48,0.088,0.856,0,0,eGFP1
11296,16:23:49,0.165,0.780,0,0,eGFP1
11297,16:23:50,0.121,0.746,0,0,eGFP1
11298,16:23:51,0.136,0.706,0,0,eGFP1
11299,16:23:51,0.101,0.540,0,0,eGFP1
11300,16:23:52,0.089,0.649,0,0,eGFP1
11301,16:23:52,0.111,0.649,0,0,eGFP1
11302,16:23:53,0.122,0.704,0,0,eGFP1
11303,16:23:54,0.133,1.066,0,0,eGFP1
11304,16:23:56,0.177,1.417,0,0,eGFP1
11305,16:23:56,0.188,0.792,0,0,eGFP1
11306,16:23:57,0.091,0.705,0,0,eGFP1
11307,16:23:58,0.145,0.693,0,0,eGFP1
11308,16:23:58,0.079,0.518,0,0,eGFP1
11309,16:23:59,0.100,1.011,0,0,eGFP1
11310,16:24:00,0.123,0.594,0,0,eGFP1
11311,16:24:01,0.080,0.717,0,0,eGFP1
11312,16:24:01,0.177,0.803,0,0,eGFP1
11313,16:24:02,0.078,0.550,0,0,eGFP1
11314,16:24:03,0.135,0.947,0,0,eGFP1
11315,16:24:03,0.111,0.583,0,0,eGFP1
11316,16:24:04,0.112,0.737,0,0,eGFP1
11317,16:24:05,0.123,0.759,0,0,eGFP1
11318,16:24:06,0.112,0.595,0,0,eGFP1
11319,16:24:06,0.100,0.737,0,0,eGFP1
11320,16:24:09,0.133,2.800,0,0,eGFP1
11321,16:24:10,0.111,0.572,0,0,eGFP1
11322,16:24:11,0.102,0.969,0,0,eGFP1
11323,16:24:11,0.112,0.551,0,0,eGFP1
11324,16:24:12,0.067,0.561,0,0,eGFP1
11325,16:24:12,0.135,0.749,0,0,eGFP1
11326,16:24:13,0.090,0.518,0,0,eGFP1
11327,16:24:14,0.101,1.000,0,0,eGFP1
11328,16:24:15,0.123,0.584,0,0,eGFP1
11329,16:24:15,0.078,0.737,0,0,eGFP1
11330,16:24:16,0.135,0.629,0,0,eGFP1
11331,16:24:17,0.089,0.638,0,0,eGFP1
11332,16:24:17,0.155,0.748,0,0,eGFP1
11333,16:24:18,0.090,0.704,0,0,eGFP1
11334,16:24:19,0.134,0.869,0,0,eGFP1
11335,16:24:20,0.123,0.704,0,0,eGFP1
11336,16:24:20,0.090,0.595,0,0,eGFP1
11337,16:24:21,0.100,0.594,0,0,eGFP1
11338,16:24:21,0.093,0.575,0,0,eGFP1
11339,16:24:22,0.112,0.792,0,0,eGFP1
11340,16:24:23,0.156,0.935,0,0,eGFP1
11341,16:24:24,0.145,0.803,0,0,eGFP1
11342,16:24:25,0.145,0.803,0,0,eGFP1
11343,16:24:25,0.090,0.540,0,0,eGFP1
11344,16:24:26,0.101,0.781,0,0,eGFP1
11345,16:24:27,0.123,0.573,0,0,eGFP1
11346,16:24:27,0.091,0.639,0,0,eGFP1
11347,16:24:28,0.159,0.828,0,0,eGFP1
11348,16:24:29,0.101,0.650,0,0,eGFP1
11349,16:25:28,0.133,59.086,0,0,eGFP1
11350,16:25:29,0.167,0.847,0,0,eGFP1
11351,16:25:31,0.188,2.515,0,0,eGFP1
11352,16:25:32,0.087,0.647,0,0,eGFP1
11353,16:25:33,0.152,0.755,0,0,eGFP1
11354,16:25:33,0.108,0.789,0,0,eGFP1
11355,16:25:34,0.142,0.702,0,0,eGFP1
11356,16:25:35,0.086,0.492,0,0,eGFP1
11357,16:25:35,0.097,0.645,0,0,eGFP1
11358,16:25:36,0.119,0.646,0,0,eGFP1
11359,16:25:36,0.086,0.624,0,0,eGFP1
11360,16:25:37,0.108,0.700,0,0,eGFP1
11361,16:25:38,0.174,0.800,0,0,eGFP1
11362,16:25:39,0.097,0.601,0,0,eGFP1
11363,16:25:39,0.121,0.801,0,0,eGFP1
11364,16:25:40,0.119,0.755,0,0,eGFP1
11365,16:25:42,0.176,2.239,0,0,eGFP1
11366,16:25:43,0.097,0.580,0,0,eGFP1
11367,16:25:44,0.086,0.656,0,0,eGFP1
11368,16:25:44,0.141,0.745,0,0,eGFP1
11369,16:25:45,0.097,0.569,0,0,eGFP1
11370,16:25:46,0.108,0.832,0,0,eGFP1
11371,16:25:47,0.154,0.768,0,0,eGFP1
11372,16:25:47,0.086,0.492,0,0,eGFP1
11373,16:25:48,0.086,1.140,0,0,eGFP1
11374,16:25:49,0.108,0.558,0,0,eGFP1
11375,16:25:49,0.086,0.733,0,0,eGFP1
11376,16:25:50,0.119,0.613,0,0,eGFP1
11377,16:25:51,0.086,0.482,0,0,eGFP1
11378,16:25:51,0.086,0.722,0,0,eGFP1
11379,16:25:52,0.141,0.701,0,0,eGFP1
11380,16:25:52,0.086,0.481,0,0,eGFP1
11381,16:25:53,0.075,0.778,0,0,eGFP1
11382,16:25:54,0.141,0.635,0,0,eGFP1
11383,16:25:54,0.075,0.536,0,0,eGFP1
11384,16:25:55,0.130,0.799,0,0,eGFP1
11385,16:25:56,0.108,0.547,0,0,eGFP1
11386,16:25:56,0.087,0.591,0,0,eGFP1
11387,16:25:57,0.110,0.801,0,0,eGFP1
11388,16:25:58,0.109,0.570,0,0,eGFP1
11389,16:25:58,0.086,0.569,0,0,eGFP1
11390,16:25:59,0.108,0.843,0,0,eGFP1
11391,16:26:00,0.119,0.624,0,0,eGFP1
11392,16:26:00,0.088,0.592,0,0,eGFP1
11393,16:26:01,0.109,0.789,0,0,eGFP1
11394,16:26:02,0.141,0.679,0,0,eGFP1
11395,16:26:03,0.087,0.768,0,0,eGFP1
11396,16:26:03,0.141,0.635,0,0,eGFP1
11397,16:26:04,0.086,0.492,0,0,eGFP1
11398,16:26:05,0.097,0.920,0,0,eGFP1
11399,16:26:05,0.141,0.668,0,0,eGFP1
11400,16:26:06,0.086,0.448,0,0,eGFP1
11401,16:26:06,0.065,0.548,0,0,eGFP1
11402,16:26:07,0.141,0.865,0,0,eGFP1
11403,16:26:08,0.110,0.537,0,0,eGFP1
11404,16:26:11,0.076,3.159,0,0,eGFP1
11405,16:26:13,0.176,1.943,0,0,eGFP1
11406,16:26:13,0.119,0.602,0,0,eGFP1
11407,16:26:14,0.075,0.657,0,0,eGFP1
11408,16:26:15,0.097,0.558,0,0,eGFP1
11409,16:26:15,0.086,0.580,0,0,eGFP1
11410,16:26:16,0.120,0.756,0,0,eGFP1
11411,16:26:17,0.132,0.746,0,0,eGFP1
11412,16:26:17,0.098,0.635,0,0,eGFP1
11413,16:26:18,0.098,0.548,0,0,eGFP1
11414,16:26:18,0.097,0.591,0,0,eGFP1
11415,16:26:19,0.119,0.646,0,0,eGFP1
11416,16:26:20,0.097,0.613,0,0,eGFP1
11417,16:26:20,0.119,0.723,0,0,eGFP1
11418,16:26:21,0.108,0.602,0,0,eGFP1
11419,16:26:22,0.088,0.549,0,0,eGFP1
11420,16:26:22,0.088,0.571,0,0,eGFP1
11421,16:26:23,0.108,0.679,0,0,eGFP1
11422,16:26:24,0.119,0.854,0,0,eGFP1
11423,16:26:24,0.119,0.580,0,0,eGFP1
11424,16:26:25,0.076,0.504,0,0,eGFP1
11425,16:26:26,0.130,0.865,0,0,eGFP1
11426,16:26:26,0.120,0.690,0,0,eGFP1
11427,16:26:27,0.087,0.537,0,0,eGFP1
11428,16:26:28,0.109,1.097,0,0,eGFP1
11429,16:26:29,0.131,0.603,0,0,eGFP1
11430,16:26:29,0.087,0.866,0,0,eGFP1
11431,16:26:30,0.141,0.635,0,0,eGFP1
11432,16:26:31,0.088,0.768,0,0,eGFP1
11433,16:26:32,0.175,0.822,0,0,eGFP1
11434,16:26:32,0.098,0.635,0,0,eGFP1
11435,16:26:33,0.131,0.943,0,0,eGFP1
11436,16:26:34,0.209,1.229,0,0,eGFP1
11437,16:26:35,0.120,0.679,0,0,eGFP1
11438,16:26:36,0.087,0.537,0,0,eGFP1
11439,16:26:36,0.087,0.602,0,0,eGFP1
11440,16:26:37,0.120,0.734,0,0,eGFP1
11441,16:26:38,0.120,0.877,0,0,eGFP1
11442,16:26:39,0.131,0.635,0,0,eGFP1
11443,16:26:39,0.087,0.559,0,0,eGFP1
11444,16:26:40,0.110,0.856,0,0,eGFP1
11445,16:26:41,0.153,0.690,0,0,eGFP1
11446,16:26:41,0.088,0.758,0,0,eGFP1
11447,16:26:42,0.163,0.745,0,0,eGFP1
11448,16:26:43,0.097,0.602,0,0,eGFP1
11449,16:26:44,0.120,1.031,0,0,eGFP1
11450,16:26:44,0.130,0.635,0,0,eGFP1
11451,16:26:45,0.109,0.756,0,0,eGFP1
11452,16:26:47,0.209,1.416,0,0,eGFP1
11453,16:26:47,0.131,0.624,0,0,eGFP1
11454,16:26:48,0.098,0.778,0,0,eGFP1
11455,16:26:49,0.164,0.713,0,0,eGFP1
11456,16:26:49,0.086,0.547,0,0,eGFP1
11457,16:26:50,0.109,0.778,0,0,eGFP1
11458,16:26:51,0.120,0.658,0,0,eGFP1
11459,16:26:53,0.121,1.899,0,0,eGFP1
11460,16:26:54,0.186,0.977,0,0,eGFP1
11461,16:26:55,0.152,1.151,0,0,eGFP1
11462,16:26:56,0.229,1.294,0,0,eGFP1
11463,16:26:57,0.218,0.855,0,0,eGFP1
11464,16:27:02,1.063,4.882,0,0,eGFP1
11465,16:27:02,0.175,0.734,0,0,eGFP1
11466,16:27:10,0.120,7.582,0,0,eGFP1
11467,16:27:11,0.142,1.020,0,0,eGFP1
11468,16:27:12,0.307,0.659,0,0,eGFP1
11469,16:27:13,0.328,1.261,0,0,eGFP1
11470,16:27:14,0.174,0.723,0,0,eGFP1
11471,16:27:15,0.131,0.899,0,0,eGFP1
11472,16:27:15,0.098,0.537,0,0,eGFP1
11473,16:27:16,0.099,0.735,0,0,eGFP1
11474,16:27:16,0.120,0.603,0,0,eGFP1
11475,16:27:17,0.087,0.526,0,0,eGFP1
11476,16:27:18,0.099,0.703,0,0,eGFP1
11477,16:27:18,0.097,0.613,0,0,eGFP1
11478,16:27:19,0.109,0.669,0,0,eGFP1
11479,16:27:20,0.108,0.591,0,0,eGFP1
11480,16:27:20,0.087,0.625,0,0,eGFP1
11481,16:27:21,0.131,0.646,0,0,eGFP1
11482,16:27:22,0.087,0.735,0,0,eGFP1
11483,16:27:22,0.153,0.690,0,0,eGFP1
11484,16:27:23,0.087,0.691,0,0,eGFP1
11485,16:27:24,0.132,0.714,0,0,eGFP1
11486,16:27:24,0.099,0.735,0,0,eGFP1
11487,16:27:25,0.120,0.723,0,0,eGFP1
11488,16:27:26,0.098,0.559,0,0,eGFP1
11489,16:27:27,0.120,0.888,0,0,eGFP1
11490,16:27:27,0.109,0.668,0,0,eGFP1
11491,16:27:28,0.120,0.680,0,0,eGFP1
11492,16:27:29,0.086,0.657,0,0,eGFP1
11493,16:27:29,0.110,0.802,0,0,eGFP1
11494,16:27:30,0.142,0.734,0,0,eGFP1
11495,16:27:31,0.087,0.592,0,0,eGFP1
11496,16:27:32,0.142,0.866,0,0,eGFP1
11497,16:27:32,0.109,0.548,0,0,eGFP1
11498,16:27:33,0.087,0.779,0,0,eGFP1
11499,16:27:34,0.174,0.745,0,0,eGFP1
11500,16:27:34,0.080,0.552,0,0,eGFP1
11501,16:27:35,0.110,0.879,0,0,eGFP1
11502,16:27:36,0.141,0.701,0,0,eGFP1
11503,16:27:36,0.098,0.647,0,0,eGFP1
11504,16:27:37,0.130,0.767,0,0,eGFP1
11505,16:27:38,0.163,0.833,0,0,eGFP1
11506,16:27:39,0.098,0.723,0,0,eGFP1
11507,16:27:40,0.109,0.735,0,0,eGFP1
11508,16:27:40,0.141,0.888,0,0,eGFP1
11509,16:27:41,0.132,0.768,0,0,eGFP1
11510,16:27:42,0.197,1.130,0,0,eGFP1
11511,16:27:43,0.109,0.614,0,0,eGFP1
11512,16:27:44,0.098,0.866,0,0,eGFP1
11513,16:27:44,0.121,0.615,0,0,eGFP1
11514,16:27:45,0.098,0.811,0,0,eGFP1
11515,16:27:46,0.131,0.680,0,0,eGFP1
11516,16:27:47,0.109,0.713,0,0,eGFP1
11517,16:27:47,0.121,0.637,0,0,eGFP1
11518,16:27:48,0.098,0.614,0,0,eGFP1
11519,16:27:49,0.109,0.691,0,0,eGFP1
11520,16:27:49,0.131,0.866,0,0,eGFP1
11521,16:27:50,0.109,0.636,0,0,eGFP1
11522,16:27:51,0.120,0.779,0,0,eGFP1
11523,16:27:52,0.142,0.833,0,0,eGFP1
11524,16:27:52,0.120,0.581,0,0,eGFP1
11525,16:27:53,0.089,0.539,0,0,eGFP1
11526,16:27:54,0.098,0.877,0,0,eGFP1
11527,16:27:54,0.154,0.692,0,0,eGFP1
11528,16:27:55,0.098,0.669,0,0,eGFP1
11529,16:27:56,0.153,0.834,0,0,eGFP1
11530,16:27:57,0.109,0.701,0,0,eGFP1
11531,16:27:57,0.132,0.812,0,0,eGFP1
11532,16:28:00,0.208,3.116,0,0,eGFP1
11533,16:28:01,0.111,0.583,0,0,eGFP1
11534,16:28:02,0.087,0.734,0,0,eGFP1
11535,16:28:04,0.999,1.909,0,0,eGFP1
11536,16:28:05,0.143,0.889,0,0,eGFP1
11537,16:28:05,0.142,0.746,0,0,eGFP1
11538,16:28:08,0.164,2.798,0,0,eGFP1
11539,16:28:09,0.120,1.053,0,0,eGFP1
11540,16:28:10,0.143,0.659,0,0,eGFP1
11541,16:28:10,0.089,0.605,0,0,eGFP1
11542,16:28:11,0.142,0.800,0,0,eGFP1
11543,16:28:12,0.131,0.746,0,0,eGFP1
11544,16:28:13,0.087,0.570,0,0,eGFP1
11545,16:28:14,0.132,0.977,0,0,eGFP1
11546,16:28:14,0.164,0.910,0,0,eGFP1
11547,16:28:15,0.142,0.713,0,0,eGFP1
11548,16:28:16,0.087,0.658,0,0,eGFP1
11549,16:28:17,0.142,0.943,0,0,eGFP1
11550,16:28:17,0.111,0.594,0,0,eGFP1
11551,16:28:18,0.099,0.922,0,0,eGFP1
11552,16:28:19,0.142,0.658,0,0,eGFP1
11553,16:28:20,0.087,0.658,0,0,eGFP1
11554,16:28:20,0.165,0.879,0,0,eGFP1
11555,16:28:24,0.142,3.050,0,0,eGFP1
11556,16:28:24,0.131,0.603,0,0,eGFP1
11557,16:28:25,0.087,0.877,0,0,eGFP1
11558,16:28:26,0.133,0.901,0,0,eGFP1
11559,16:28:27,0.175,0.845,0,0,eGFP1
11560,16:28:28,0.120,0.757,0,0,eGFP1
11561,16:28:28,0.109,0.537,0,0,eGFP1
11562,16:28:29,0.088,0.691,0,0,eGFP1
11563,16:28:29,0.132,0.658,0,0,eGFP1
11564,16:28:30,0.110,0.593,0,0,eGFP1
11565,16:28:31,0.131,0.987,0,0,eGFP1
11566,16:28:32,0.188,0.780,0,0,eGFP1
11567,16:28:32,0.089,0.572,0,0,eGFP1
11568,16:28:33,0.099,0.878,0,0,eGFP1
11569,16:28:37,2.930,3.588,0,0,eGFP1
11570,16:28:37,0.110,0.713,0,0,eGFP1
11571,16:28:39,0.198,1.240,0,0,eGFP1
11572,16:28:39,0.121,0.626,0,0,eGFP1
11573,16:28:40,0.109,0.702,0,0,eGFP1
11574,16:28:41,0.111,0.561,0,0,eGFP1
11575,16:28:41,0.087,0.526,0,0,eGFP1
11576,16:28:42,0.121,1.295,0,0,eGFP1
11577,16:28:43,0.131,0.581,0,0,eGFP1
11578,16:28:44,0.088,0.604,0,0,eGFP1
11579,16:28:44,0.164,0.867,0,0,eGFP1
11580,16:28:45,0.098,0.526,0,0,eGFP1
11581,16:28:46,0.089,0.726,0,0,eGFP1
11582,16:28:46,0.133,0.627,0,0,eGFP1
11583,16:28:47,0.087,0.570,0,0,eGFP1
11584,16:28:48,0.132,0.724,0,0,eGFP1
11585,16:28:48,0.099,0.560,0,0,eGFP1
11586,16:28:49,0.098,0.735,0,0,eGFP1
11587,16:28:50,0.132,0.801,0,0,eGFP1
11588,16:28:50,0.088,0.516,0,0,eGFP1
11589,16:28:55,0.087,4.718,0,0,eGFP1
11590,16:28:57,0.419,1.549,0,0,eGFP1
11591,16:28:57,0.110,0.560,0,0,eGFP1
11592,16:28:58,0.077,0.582,0,0,eGFP1
11593,16:28:58,0.087,0.548,0,0,eGFP1
11594,16:28:59,0.100,0.693,0,0,eGFP1
11595,16:29:00,0.132,0.746,0,0,eGFP1
11596,16:29:00,0.110,0.659,0,0,eGFP1
11597,16:29:01,0.087,0.603,0,0,eGFP1
11598,16:29:02,0.133,1.088,0,0,eGFP1
11599,16:29:03,0.121,0.571,0,0,eGFP1
11600,16:29:05,0.076,2.260,0,0,eGFP1
11601,16:29:06,0.154,0.659,0,0,eGFP1
11602,16:29:07,0.088,1.152,0,0,eGFP1
11603,16:29:07,0.176,0.702,0,0,eGFP1
11604,16:29:08,0.077,0.494,0,0,eGFP1
11605,16:29:08,0.088,0.538,0,0,eGFP1
11606,16:29:09,0.100,0.726,0,0,eGFP1
11607,16:29:10,0.121,0.603,0,0,eGFP1
11608,16:29:12,0.089,2.635,0,0,eGFP1
11609,16:29:13,0.165,0.680,0,0,eGFP1
11610,16:29:14,0.077,0.538,0,0,eGFP1
11611,16:29:15,0.142,0.954,0,0,eGFP1
11612,16:29:15,0.110,0.538,0,0,eGFP1
11613,16:29:16,0.065,0.471,0,0,eGFP1
11614,16:29:16,0.088,0.713,0,0,eGFP1
11615,16:29:17,0.114,0.739,0,0,eGFP1
11616,16:29:18,0.099,0.549,0,0,eGFP1
11617,16:29:18,0.087,0.537,0,0,eGFP1
11618,16:29:21,0.153,3.072,0,0,eGFP1
11619,16:29:22,0.098,0.636,0,0,eGFP1
11620,16:29:23,0.120,1.075,0,0,eGFP1
11621,16:29:31,3.633,7.726,0,0,eGFP1
11622,16:29:31,0.132,0.648,0,0,eGFP1
11623,16:29:32,0.111,1.142,0,0,eGFP1
11624,16:29:33,0.133,0.626,0,0,eGFP1
11625,16:29:34,0.099,0.835,0,0,eGFP1
11626,16:29:35,0.187,1.240,0,0,eGFP1
11627,16:29:37,0.922,1.613,0,0,eGFP1
11628,16:29:37,0.089,0.539,0,0,eGFP1
11629,16:29:38,0.099,0.560,0,0,eGFP1
11630,16:29:38,0.077,0.483,0,0,eGFP1
11631,16:29:39,0.089,0.693,0,0,eGFP1
11632,16:29:40,0.132,1.131,0,0,eGFP1
11633,16:29:43,0.285,2.952,0,0,eGFP1
11634,16:29:44,0.121,0.615,0,0,eGFP1
11635,16:29:53,0.098,9.371,0,0,eGFP1
11636,16:29:54,0.176,1.405,0,0,eGFP1
11637,16:29:55,0.132,0.780,0,0,eGFP1
11638,16:29:56,0.176,0.823,0,0,eGFP1
11639,16:29:57,0.101,0.540,0,0,eGFP1
11640,16:29:57,0.099,0.691,0,0,eGFP1
11641,16:29:58,0.100,0.528,0,0,eGFP1
11642,16:29:58,0.088,0.626,0,0,eGFP1
11643,16:29:59,0.143,0.713,0,0,eGFP1
11644,16:30:00,0.089,0.582,0,0,eGFP1
11645,16:30:00,0.100,0.615,0,0,eGFP1
11646,16:30:01,0.111,0.593,0,0,eGFP1
11647,16:30:02,0.090,0.650,0,0,eGFP1
11648,16:30:02,0.144,0.770,0,0,eGFP1
11649,16:30:03,0.110,0.637,0,0,eGFP1
11650,16:30:04,0.088,0.637,0,0,eGFP1
11651,16:30:04,0.099,0.724,0,0,eGFP1
11652,16:30:05,0.111,0.616,0,0,eGFP1
11653,16:30:06,0.088,0.538,0,0,eGFP1
11654,16:30:06,0.088,0.801,0,0,eGFP1
11655,16:30:07,0.123,0.683,0,0,eGFP1
11656,16:30:07,0.088,0.483,0,0,eGFP1
11657,16:30:08,0.088,0.758,0,0,eGFP1
11658,16:30:09,0.143,0.659,0,0,eGFP1
11659,16:30:09,0.077,0.549,0,0,eGFP1
11660,16:30:10,0.132,0.846,0,0,eGFP1
11661,16:30:11,0.111,0.539,0,0,eGFP1
11662,16:30:11,0.078,0.528,0,0,eGFP1
11663,16:30:12,0.111,0.803,0,0,eGFP1
11664,16:30:13,0.099,0.560,0,0,eGFP1
11665,16:30:13,0.077,0.516,0,0,eGFP1
11666,16:30:14,0.111,0.791,0,0,eGFP1
11667,16:30:15,0.132,0.681,0,0,eGFP1
11668,16:30:15,0.100,0.714,0,0,eGFP1
11669,16:30:17,0.176,1.197,0,0,eGFP1
11670,16:30:18,0.220,0.977,0,0,eGFP1
11671,16:30:18,0.122,0.769,0,0,eGFP1
11672,16:30:19,0.142,0.779,0,0,eGFP1
11673,16:30:20,0.113,0.826,0,0,eGFP1
11674,16:30:21,0.111,0.593,0,0,eGFP1
11675,16:30:21,0.079,0.573,0,0,eGFP1
11676,16:30:22,0.100,0.571,0,0,eGFP1
11677,16:30:22,0.100,0.572,0,0,eGFP1
11678,16:30:23,0.088,0.571,0,0,eGFP1
11679,16:30:24,0.100,0.802,0,0,eGFP1
11680,16:30:24,0.145,0.671,0,0,eGFP1
11681,16:30:25,0.110,0.725,0,0,eGFP1
11682,16:30:26,0.154,0.626,0,0,eGFP1
11683,16:30:31,4.576,5.322,0,0,eGFP1
11684,16:30:32,0.100,0.637,0,0,eGFP1
11685,16:30:32,0.088,0.472,0,0,eGFP1
11686,16:30:33,0.067,0.517,0,0,eGFP1
11687,16:30:33,0.099,0.691,0,0,eGFP1
11688,16:30:34,0.091,0.476,0,0,eGFP1
11689,16:30:34,0.066,0.527,0,0,eGFP1
11690,16:30:37,0.155,2.284,0,0,eGFP1
11691,16:30:37,0.143,0.648,0,0,eGFP1
11692,16:30:38,0.089,0.670,0,0,eGFP1
11693,16:30:39,0.122,0.659,0,0,eGFP1
11694,16:30:39,0.100,0.528,0,0,eGFP1
11695,16:30:41,0.089,1.801,0,0,eGFP1
11696,16:30:42,0.254,0.836,0,0,eGFP1
11697,16:30:42,0.089,0.648,0,0,eGFP1
11698,16:30:43,0.111,0.660,0,0,eGFP1
11699,16:30:44,0.088,0.549,0,0,eGFP1
11700,16:30:44,0.089,0.692,0,0,eGFP1
11701,16:30:46,1.187,1.988,0,0,eGFP1
11702,16:30:47,0.101,0.649,0,0,eGFP1
11703,16:30:47,0.089,0.550,0,0,eGFP1
11704,16:30:48,0.079,0.584,0,0,eGFP1
11705,16:30:49,0.144,0.703,0,0,eGFP1
11706,16:30:49,0.089,0.539,0,0,eGFP1
11707,16:30:50,0.111,0.626,0,0,eGFP1
11708,16:30:50,0.100,0.550,0,0,eGFP1
11709,16:30:51,0.089,0.583,0,0,eGFP1
11710,16:30:52,0.122,0.648,0,0,eGFP1
11711,16:30:52,0.089,0.528,0,0,eGFP1
11712,16:30:53,0.101,0.990,0,0,eGFP1
11713,16:30:54,0.144,0.670,0,0,eGFP1
11714,16:30:54,0.089,0.506,0,0,eGFP1
11715,16:30:56,0.090,1.110,0,0,eGFP1
11716,16:30:56,0.286,0.923,0,0,eGFP1
11717,16:31:00,3.161,4.006,0,0,eGFP1
11718,16:31:01,0.088,0.483,0,0,eGFP1
11719,16:31:01,0.077,0.527,0,0,eGFP1
11720,16:31:02,0.112,0.759,0,0,eGFP1
11721,16:31:03,0.100,0.560,0,0,eGFP1
11722,16:31:03,0.078,0.473,0,0,eGFP1
11723,16:31:04,0.088,0.714,0,0,eGFP1
11724,16:31:05,0.121,0.593,0,0,eGFP1
11725,16:31:05,0.077,0.494,0,0,eGFP1
11726,16:31:06,0.077,0.593,0,0,eGFP1
11727,16:31:06,0.110,0.582,0,0,eGFP1
11728,16:31:07,0.068,0.518,0,0,eGFP1
11729,16:31:08,0.123,0.814,0,0,eGFP1
11730,16:31:08,0.111,0.594,0,0,eGFP1
11731,16:31:09,0.089,1.000,0,0,eGFP1
11732,16:31:10,0.220,0.846,0,0,eGFP1
11733,16:31:11,0.100,0.582,0,0,eGFP1
11734,16:31:11,0.089,0.715,0,0,eGFP1
11735,16:31:12,0.188,0.846,0,0,eGFP1
11736,16:31:13,0.089,0.517,0,0,eGFP1
11737,16:31:14,0.112,0.935,0,0,eGFP1
11738,16:31:14,0.133,0.770,0,0,eGFP1
11739,16:31:15,0.111,0.638,0,0,eGFP1
11740,16:31:15,0.078,0.484,0,0,eGFP1
11741,16:31:16,0.078,0.539,0,0,eGFP1
11742,16:31:17,0.112,0.738,0,0,eGFP1
11743,16:31:17,0.111,0.615,0,0,eGFP1
11744,16:31:18,0.089,0.473,0,0,eGFP1
11745,16:31:19,0.091,0.848,0,0,eGFP1
11746,16:31:20,0.198,0.824,0,0,eGFP1
11747,16:31:20,0.099,0.593,0,0,eGFP1
11748,16:31:21,0.122,1.021,0,0,eGFP1
11749,16:31:22,0.133,0.693,0,0,eGFP1
11750,16:31:23,0.132,0.714,0,0,eGFP1
11751,16:31:23,0.099,0.593,0,0,eGFP1
11752,16:31:24,0.110,0.703,0,0,eGFP1
11753,16:31:24,0.123,0.661,0,0,eGFP1
11754,16:31:25,0.092,0.498,0,0,eGFP1
11755,16:31:26,0.078,0.616,0,0,eGFP1
11756,16:31:26,0.167,0.804,0,0,eGFP1
11757,16:31:27,0.100,0.539,0,0,eGFP1
11758,16:31:28,0.089,0.813,0,0,eGFP1
11759,16:31:28,0.144,0.726,0,0,eGFP1
11760,16:31:29,0.111,0.704,0,0,eGFP1
11761,16:31:30,0.112,0.683,0,0,eGFP1
11762,16:31:30,0.078,0.583,0,0,eGFP1
11763,16:31:31,0.133,1.033,0,0,eGFP1
11764,16:31:32,0.155,0.736,0,0,eGFP1
11765,16:31:33,0.101,0.540,0,0,eGFP1
11766,16:31:34,0.089,0.747,0,0,eGFP1
11767,16:31:43,5.851,9.362,0,0,eGFP1
11768,16:31:44,0.155,0.704,0,0,eGFP1
11769,16:31:44,0.092,0.630,0,0,eGFP1
11770,16:31:45,0.111,0.704,0,0,eGFP1
11771,16:31:45,0.078,0.462,0,0,eGFP1
11772,16:31:46,0.067,0.495,0,0,eGFP1
11773,16:31:47,0.123,0.726,0,0,eGFP1
11774,16:31:47,0.100,0.539,0,0,eGFP1
11775,16:31:48,0.068,0.441,0,0,eGFP1
11776,16:31:48,0.078,0.649,0,0,eGFP1
11777,16:31:49,0.123,0.694,0,0,eGFP1
11778,16:31:49,0.100,0.517,0,0,eGFP1
11779,16:31:50,0.079,0.562,0,0,eGFP1
11780,16:31:51,0.133,0.758,0,0,eGFP1
11781,16:31:51,0.101,0.551,0,0,eGFP1
11782,16:31:52,0.100,0.692,0,0,eGFP1
11783,16:31:53,0.102,0.618,0,0,eGFP1
11784,16:31:53,0.078,0.517,0,0,eGFP1
11785,16:31:54,0.102,0.837,0,0,eGFP1
11786,16:31:55,0.123,0.693,0,0,eGFP1
11787,16:31:55,0.111,0.682,0,0,eGFP1
11788,16:31:56,0.101,0.572,0,0,eGFP1
11789,16:31:57,0.101,0.781,0,0,eGFP1
11790,16:31:57,0.133,0.627,0,0,eGFP1
11791,16:31:58,0.079,0.584,0,0,eGFP1
11792,16:31:59,0.177,0.978,0,0,eGFP1
11793,16:31:59,0.113,0.595,0,0,eGFP1
11794,16:32:00,0.101,0.748,0,0,eGFP1
11795,16:32:01,0.112,0.617,0,0,eGFP1
11796,16:32:01,0.091,0.530,0,0,eGFP1
11797,16:32:02,0.122,0.748,0,0,eGFP1
11798,16:32:03,0.111,0.550,0,0,eGFP1
11799,16:32:03,0.079,0.594,0,0,eGFP1
11800,16:32:04,0.134,0.682,0,0,eGFP1
11801,16:32:05,0.101,0.584,0,0,eGFP1
11802,16:32:05,0.091,0.727,0,0,eGFP1
11803,16:32:06,0.111,0.715,0,0,eGFP1
11804,16:32:08,0.122,1.955,0,0,eGFP1
11805,16:32:09,0.155,0.693,0,0,eGFP1
11806,16:32:09,0.079,0.682,0,0,eGFP1
11807,16:32:10,0.211,0.847,0,0,eGFP1
11808,16:32:11,0.090,0.594,0,0,eGFP1
11809,16:32:11,0.112,0.650,0,0,eGFP1
11810,16:32:12,0.114,0.937,0,0,eGFP1
11811,16:32:13,0.144,0.659,0,0,eGFP1
11812,16:32:14,0.089,0.583,0,0,eGFP1
11813,16:32:14,0.111,0.835,0,0,eGFP1
11814,16:32:15,0.177,0.759,0,0,eGFP1
11815,16:32:18,1.032,2.766,0,0,eGFP1
11816,16:32:19,0.100,0.736,0,0,eGFP1
11817,16:32:19,0.111,0.550,0,0,eGFP1
11818,16:32:20,0.069,0.541,0,0,eGFP1
11819,16:32:21,0.123,0.759,0,0,eGFP1
11820,16:32:21,0.112,0.748,0,0,eGFP1
11821,16:32:22,0.112,0.683,0,0,eGFP1
11822,16:32:22,0.089,0.517,0,0,eGFP1
11823,16:32:23,0.079,0.573,0,0,eGFP1
11824,16:32:24,0.111,0.649,0,0,eGFP1
11825,16:32:24,0.100,0.615,0,0,eGFP1
11826,16:32:25,0.113,0.738,0,0,eGFP1
11827,16:32:26,0.100,0.627,0,0,eGFP1
11828,16:32:26,0.089,0.506,0,0,eGFP1
11829,16:32:27,0.089,0.780,0,0,eGFP1
11830,16:32:28,0.144,0.703,0,0,eGFP1
11831,16:32:28,0.089,0.528,0,0,eGFP1
11832,16:32:29,0.111,0.737,0,0,eGFP1
11833,16:32:30,0.111,0.594,0,0,eGFP1
11834,16:32:30,0.090,0.573,0,0,eGFP1
11835,16:32:31,0.122,0.879,0,0,eGFP1
11836,16:32:32,0.111,0.615,0,0,eGFP1
11837,16:32:32,0.091,0.552,0,0,eGFP1
11838,16:32:33,0.089,0.616,0,0,eGFP1
11839,16:32:33,0.090,0.518,0,0,eGFP1
11840,16:32:34,0.079,0.562,0,0,eGFP1
11841,16:32:35,0.133,0.869,0,0,eGFP1
11842,16:32:35,0.124,0.639,0,0,eGFP1
11843,16:32:36,0.099,0.812,0,0,eGFP1
11844,16:32:37,0.130,0.679,0,0,eGFP1
11845,16:32:37,0.108,0.613,0,0,eGFP1
11846,16:32:38,0.097,0.722,0,0,eGFP1
11847,16:32:39,0.119,0.767,0,0,eGFP1
11848,16:32:40,0.107,0.634,0,0,eGFP1
11849,16:32:40,0.119,0.854,0,0,eGFP1
11850,16:32:41,0.155,0.945,0,0,eGFP1
11851,16:32:42,0.185,0.898,0,0,eGFP1
11852,16:32:43,0.141,1.041,0,0,eGFP1
11853,16:32:44,0.196,0.821,0,0,eGFP1
11854,16:32:45,0.097,0.558,0,0,eGFP1
11855,16:32:45,0.097,0.690,0,0,eGFP1
11856,16:32:46,0.130,0.777,0,0,eGFP1
11857,16:32:47,0.141,0.745,0,0,eGFP1
11858,16:32:48,0.120,0.746,0,0,eGFP1
11859,16:32:48,0.119,0.788,0,0,eGFP1
11860,16:33:01,0.119,12.849,0,0,eGFP1
11861,16:33:02,0.141,1.129,0,0,eGFP1
11862,16:33:04,0.206,1.106,0,0,eGFP1
11863,16:33:05,0.163,1.107,0,0,eGFP1
11864,16:33:07,0.142,2.590,0,0,eGFP1
11865,16:33:08,0.152,1.095,0,0,eGFP1
11866,16:33:09,0.152,0.822,0,0,eGFP1
11867,16:33:10,0.120,0.757,0,0,eGFP1
11868,16:33:10,0.097,0.580,0,0,eGFP1
11869,16:33:11,0.108,0.953,0,0,eGFP1
11870,16:33:12,0.163,0.865,0,0,eGFP1
11871,16:33:13,0.119,0.624,0,0,eGFP1
11872,16:33:14,0.097,0.602,0,0,eGFP1
11873,16:33:14,0.130,0.920,0,0,eGFP1
11874,16:33:15,0.174,0.942,0,0,eGFP1
11875,16:33:16,0.142,0.987,0,0,eGFP1
11876,16:33:17,0.142,0.866,0,0,eGFP1
11877,16:33:18,0.142,0.669,0,0,eGFP1
11878,16:33:19,0.097,0.712,0,0,eGFP1
11879,16:33:19,0.119,0.722,0,0,eGFP1
11880,16:33:20,0.109,0.679,0,0,eGFP1
11881,16:33:21,0.119,0.679,0,0,eGFP1
11882,16:33:21,0.119,0.712,0,0,eGFP1
11883,16:33:22,0.131,0.801,0,0,eGFP1
11884,16:33:23,0.130,0.788,0,0,eGFP1
11885,16:33:24,0.141,0.767,0,0,eGFP1
11886,16:33:25,0.108,0.832,0,0,eGFP1
11887,16:33:25,0.153,0.778,0,0,eGFP1
11888,16:33:26,0.119,0.800,0,0,eGFP1
11889,16:33:27,0.119,0.690,0,0,eGFP1
11890,16:33:28,0.120,0.702,0,0,eGFP1
11891,16:33:28,0.120,0.757,0,0,eGFP1
11892,16:33:29,0.097,0.679,0,0,eGFP1
11893,16:33:30,0.119,0.843,0,0,eGFP1
11894,16:33:31,0.152,0.866,0,0,eGFP1
11895,16:33:32,0.130,0.799,0,0,eGFP1
11896,16:33:32,0.131,0.679,0,0,eGFP1
11897,16:33:33,0.098,0.921,0,0,eGFP1
11898,16:33:36,2.435,3.269,0,0,eGFP1
11899,16:33:37,0.120,0.669,0,0,eGFP1
11900,16:33:38,0.097,0.723,0,0,eGFP1
11901,16:33:39,0.108,0.745,0,0,eGFP1
11902,16:33:40,0.119,1.282,0,0,eGFP1
11903,16:33:41,0.152,0.756,0,0,eGFP1
11904,16:33:41,0.132,0.702,0,0,eGFP1
11905,16:33:42,0.087,0.548,0,0,eGFP1
11906,16:33:43,0.108,0.723,0,0,eGFP1
11907,16:33:43,0.120,0.812,0,0,eGFP1
11908,16:33:44,0.152,0.733,0,0,eGFP1
11909,16:33:45,0.098,0.822,0,0,eGFP1
11910,16:33:47,0.855,1.722,0,0,eGFP1
11911,16:33:47,0.097,0.525,0,0,eGFP1
11912,16:33:48,0.087,0.690,0,0,eGFP1
11913,16:33:49,0.131,0.690,0,0,eGFP1
11914,16:33:49,0.087,0.504,0,0,eGFP1
11915,16:33:50,0.077,0.570,0,0,eGFP1
11916,16:33:50,0.142,0.745,0,0,eGFP1
11917,16:33:51,0.099,0.692,0,0,eGFP1
11918,16:33:52,0.097,0.569,0,0,eGFP1
11919,16:33:52,0.087,0.745,0,0,eGFP1
11920,16:33:53,0.175,0.811,0,0,eGFP1
11921,16:33:54,0.098,0.591,0,0,eGFP1
11922,16:33:54,0.098,0.701,0,0,eGFP1
11923,16:33:55,0.110,0.604,0,0,eGFP1
11924,16:33:56,0.087,0.526,0,0,eGFP1
11925,16:33:56,0.097,0.646,0,0,eGFP1
11926,16:33:57,0.097,0.646,0,0,eGFP1
11927,16:33:58,0.120,0.822,0,0,eGFP1
11928,16:33:59,0.152,0.844,0,0,eGFP1
11929,16:33:59,0.119,0.646,0,0,eGFP1
11930,16:34:00,0.097,0.558,0,0,eGFP1
11931,16:34:00,0.088,0.648,0,0,eGFP1
11932,16:34:01,0.110,0.823,0,0,eGFP1
11933,16:34:02,0.119,0.635,0,0,eGFP1
11934,16:34:03,0.098,0.679,0,0,eGFP1
11935,16:34:03,0.153,0.866,0,0,eGFP1
11936,16:34:04,0.119,0.734,0,0,eGFP1
11937,16:34:05,0.130,0.712,0,0,eGFP1
11938,16:34:06,0.119,0.822,0,0,eGFP1
11939,16:34:06,0.130,0.821,0,0,eGFP1
11940,16:34:07,0.154,0.977,0,0,eGFP1
11941,16:34:08,0.152,0.734,0,0,eGFP1
11942,16:34:09,0.097,0.624,0,0,eGFP1
11943,16:34:10,0.119,0.734,0,0,eGFP1
11944,16:34:10,0.110,0.647,0,0,eGFP1
11945,16:34:11,0.142,0.954,0,0,eGFP1
11946,16:34:12,0.130,0.734,0,0,eGFP1
11947,16:34:13,0.120,0.734,0,0,eGFP1
11948,16:34:13,0.121,0.801,0,0,eGFP1
11949,16:34:14,0.274,0.372,0,0,eGFP1
11950,16:34:15,0.405,1.503,0,0,eGFP1
11951,16:34:18,2.281,2.896,0,0,eGFP1
11952,16:34:19,0.098,1.063,0,0,eGFP1
11953,16:34:21,0.241,1.580,0,0,eGFP1
11954,16:34:22,0.196,0.997,0,0,eGFP1
11955,16:34:23,0.120,0.702,0,0,eGFP1
11956,16:34:23,0.099,0.604,0,0,eGFP1
11957,16:34:24,0.086,0.624,0,0,eGFP1
11958,16:34:24,0.099,0.692,0,0,eGFP1
11959,16:34:25,0.109,0.646,0,0,eGFP1
11960,16:34:26,0.131,0.778,0,0,eGFP1
11961,16:34:26,0.098,0.603,0,0,eGFP1
11962,16:34:27,0.109,0.767,0,0,eGFP1
11963,16:34:28,0.109,0.581,0,0,eGFP1
11964,16:34:28,0.077,0.505,0,0,eGFP1
11965,16:34:29,0.087,0.592,0,0,eGFP1
11966,16:34:30,0.098,0.624,0,0,eGFP1
11967,16:34:30,0.109,0.735,0,0,eGFP1
11968,16:34:31,0.119,0.756,0,0,eGFP1
11969,16:34:32,0.142,0.778,0,0,eGFP1
11970,16:34:33,0.164,0.800,0,0,eGFP1
11971,16:34:33,0.121,0.791,0,0,eGFP1
11972,16:34:34,0.143,0.856,0,0,eGFP1
11973,16:34:35,0.120,0.680,0,0,eGFP1
11974,16:34:36,0.131,0.921,0,0,eGFP1
11975,16:34:37,0.109,0.657,0,0,eGFP1
11976,16:34:37,0.109,0.702,0,0,eGFP1
11977,16:34:38,0.131,0.888,0,0,eGFP1
11978,16:34:39,0.142,0.800,0,0,eGFP1
11979,16:34:40,0.142,0.866,0,0,eGFP1
11980,16:34:41,0.155,0.747,0,0,eGFP1
11981,16:34:41,0.131,0.910,0,0,eGFP1
11982,16:34:42,0.109,0.614,0,0,eGFP1
11983,16:34:43,0.087,0.581,0,0,eGFP1
11984,16:34:43,0.120,0.767,0,0,eGFP1
11985,16:34:44,0.121,0.681,0,0,eGFP1
11986,16:34:45,0.109,0.778,0,0,eGFP1
11987,16:34:46,0.131,0.921,0,0,eGFP1
11988,16:34:48,0.363,2.525,0,0,eGFP1
11989,16:34:49,0.175,0.789,0,0,eGFP1
11990,16:34:50,0.098,0.559,0,0,eGFP1
11991,16:34:50,0.098,0.757,0,0,eGFP1
11992,16:34:51,0.109,0.690,0,0,eGFP1
11993,16:34:52,0.109,0.614,0,0,eGFP1
11994,16:34:52,0.098,0.680,0,0,eGFP1
11995,16:34:53,0.098,0.614,0,0,eGFP1
11996,16:34:54,0.131,0.822,0,0,eGFP1
11997,16:34:54,0.121,0.659,0,0,eGFP1
11998,16:34:55,0.111,0.747,0,0,eGFP1
11999,16:34:56,0.131,0.790,0,0,eGFP1
12000,16:34:57,0.120,0.679,0,0,eGFP1
12001,16:34:57,0.098,0.592,0,0,eGFP1
12002,16:34:58,0.098,0.768,0,0,eGFP1
12003,16:34:59,0.109,0.658,0,0,eGFP1
12004,16:34:59,0.109,0.756,0,0,eGFP1
12005,16:35:00,0.122,0.648,0,0,eGFP1
12006,16:35:01,0.109,0.746,0,0,eGFP1
12007,16:35:02,0.142,0.767,0,0,eGFP1
12008,16:35:02,0.109,0.647,0,0,eGFP1
12009,16:35:03,0.098,0.789,0,0,eGFP1
12010,16:35:04,0.142,0.756,0,0,eGFP1
12011,16:35:04,0.109,0.614,0,0,eGFP1
12012,16:35:05,0.088,0.835,0,0,eGFP1
12013,16:35:06,0.165,0.791,0,0,eGFP1
12014,16:35:07,0.109,0.690,0,0,eGFP1
12015,16:35:08,0.132,0.845,0,0,eGFP1
12016,16:35:08,0.142,0.768,0,0,eGFP1
12017,16:35:09,0.098,0.581,0,0,eGFP1
12018,16:35:12,0.131,3.039,0,0,eGFP1
12019,16:35:14,1.086,1.755,0,0,eGFP1
12020,16:35:14,0.098,0.559,0,0,eGFP1
12021,16:35:15,0.089,0.660,0,0,eGFP1
12022,16:35:16,0.131,0.745,0,0,eGFP1
12023,16:35:16,0.110,0.625,0,0,eGFP1
12024,16:35:17,0.110,0.647,0,0,eGFP1
12025,16:35:18,0.122,0.748,0,0,eGFP1
12026,16:35:18,0.087,0.537,0,0,eGFP1
12027,16:35:19,0.087,0.548,0,0,eGFP1
12028,16:35:20,0.098,0.746,0,0,eGFP1
12029,16:35:20,0.110,0.637,0,0,eGFP1
12030,16:35:21,0.088,0.746,0,0,eGFP1
12031,16:35:22,0.307,1.130,0,0,eGFP1
12032,16:35:23,0.109,0.691,0,0,eGFP1
12033,16:35:24,0.142,0.811,0,0,eGFP1
12034,16:35:24,0.132,0.680,0,0,eGFP1
12035,16:35:25,0.088,0.691,0,0,eGFP1
12036,16:35:26,0.143,1.065,0,0,eGFP1
12037,16:35:27,0.143,0.692,0,0,eGFP1
12038,16:35:27,0.087,0.636,0,0,eGFP1
12039,16:35:28,0.124,0.749,0,0,eGFP1
12040,16:35:29,0.099,0.658,0,0,eGFP1
12041,16:35:29,0.098,0.658,0,0,eGFP1
12042,16:35:30,0.131,0.680,0,0,eGFP1
12043,16:35:31,0.098,0.581,0,0,eGFP1
12044,16:35:31,0.109,0.789,0,0,eGFP1
12045,16:35:32,0.133,0.670,0,0,eGFP1
12046,16:35:33,0.088,0.636,0,0,eGFP1
12047,16:35:34,0.131,0.790,0,0,eGFP1
12048,16:35:34,0.120,0.745,0,0,eGFP1
12049,16:35:35,0.099,0.559,0,0,eGFP1
12050,16:35:36,0.088,0.757,0,0,eGFP1
12051,16:35:36,0.175,0.801,0,0,eGFP1
12052,16:35:37,0.088,0.505,0,0,eGFP1
12053,16:35:38,0.089,0.791,0,0,eGFP1
12054,16:35:39,0.209,0.823,0,0,eGFP1
12055,16:35:39,0.088,0.549,0,0,eGFP1
12056,16:35:40,0.087,0.768,0,0,eGFP1
12057,16:35:41,0.164,0.778,0,0,eGFP1
12058,16:35:41,0.121,0.703,0,0,eGFP1
12059,16:35:42,0.131,0.822,0,0,eGFP1
12060,16:35:43,0.143,0.692,0,0,eGFP1
12061,16:35:43,0.087,0.603,0,0,eGFP1
12062,16:35:44,0.111,0.780,0,0,eGFP1
12063,16:35:45,0.121,0.593,0,0,eGFP1
12064,16:35:45,0.076,0.669,0,0,eGFP1
12065,16:35:46,0.208,0.889,0,0,eGFP1
12066,16:35:47,0.100,0.593,0,0,eGFP1
12067,16:35:48,0.121,0.834,0,0,eGFP1
12068,16:35:48,0.110,0.593,0,0,eGFP1
12069,16:35:49,0.087,0.636,0,0,eGFP1
12070,16:35:51,0.133,2.053,0,0,eGFP1
12071,16:35:52,0.143,0.647,0,0,eGFP1
12072,16:35:52,0.088,0.637,0,0,eGFP1
12073,16:35:53,0.120,0.658,0,0,eGFP1
12074,16:35:54,0.098,0.592,0,0,eGFP1
12075,16:35:54,0.098,0.515,0,0,eGFP1
12076,16:35:55,0.087,0.625,0,0,eGFP1
12077,16:35:56,0.153,0.845,0,0,eGFP1
12078,16:35:56,0.100,0.561,0,0,eGFP1
12079,16:35:57,0.089,0.561,0,0,eGFP1
12080,16:35:57,0.087,0.603,0,0,eGFP1
12081,16:35:58,0.132,0.922,0,0,eGFP1
12082,16:35:59,0.121,0.691,0,0,eGFP1
12083,16:36:00,0.110,0.779,0,0,eGFP1
12084,16:36:00,0.154,0.779,0,0,eGFP1
12085,16:36:01,0.099,0.582,0,0,eGFP1
12086,16:36:02,0.111,0.737,0,0,eGFP1
12087,16:36:03,0.142,0.911,0,0,eGFP1
12088,16:36:04,0.153,0.899,0,0,eGFP1
12089,16:36:04,0.132,0.714,0,0,eGFP1
12090,16:36:05,0.142,0.965,0,0,eGFP1
12091,16:36:06,0.165,0.922,0,0,eGFP1
12092,16:36:07,0.154,0.812,0,0,eGFP1
12093,16:36:08,0.112,1.275,0,0,eGFP1
12094,16:39:54,224.292,225.390,0,0,eGFP1
12095,16:39:56,1.328,2.250,0,0,eGFP1
12096,16:39:58,1.031,1.810,0,0,eGFP1
12097,16:40:01,0.121,3.150,0,0,eGFP1
12098,16:40:04,0.143,2.733,0,0,eGFP1
12099,16:40:05,0.153,1.284,0,0,eGFP1
12100,16:40:07,0.219,1.898,0,0,eGFP1
12101,16:40:09,0.187,1.723,0,0,eGFP1
12102,16:40:12,0.210,3.645,0,0,eGFP1
12103,16:40:13,0.176,0.681,0,0,eGFP1
12104,16:40:15,0.241,1.712,0,0,eGFP1
12105,16:40:15,0.121,0.779,0,0,eGFP1
12106,16:40:16,0.199,1.033,0,0,eGFP1
12107,16:40:17,0.143,0.768,0,0,eGFP1
12108,16:40:19,0.154,1.778,0,0,eGFP1
12109,16:40:33,3.995,13.938,0,0,eGFP1
12110,16:40:34,0.210,1.230,0,0,eGFP1
12111,16:40:36,0.505,2.239,0,0,eGFP1
12112,16:40:37,0.121,0.758,0,0,eGFP1
12113,16:40:38,0.186,0.933,0,0,eGFP1
12114,16:40:39,0.099,0.702,0,0,eGFP1
12115,16:40:39,0.165,0.758,0,0,eGFP1
12116,16:40:40,0.099,0.801,0,0,eGFP1
12117,16:40:41,0.165,0.725,0,0,eGFP1
12118,16:40:42,0.100,1.011,0,0,eGFP1
12119,16:40:43,0.122,0.649,0,0,eGFP1
12120,16:40:44,0.146,0.903,0,0,eGFP1
12121,16:40:44,0.099,0.856,0,0,eGFP1
12122,16:40:46,0.275,1.153,0,0,eGFP1
12123,16:40:47,0.132,1.054,0,0,eGFP1
12124,16:40:49,0.197,2.381,0,0,eGFP1
12125,16:40:50,0.099,1.076,0,0,eGFP1
12126,16:40:51,0.176,0.769,0,0,eGFP1
12127,16:40:52,0.100,0.967,0,0,eGFP1
12128,16:40:53,0.132,0.835,0,0,eGFP1
12129,16:40:54,0.154,0.911,0,0,eGFP1
12130,16:40:54,0.132,0.713,0,0,eGFP1
12131,16:40:56,0.111,2.097,0,0,eGFP1
12132,16:40:57,0.121,0.977,0,0,eGFP1
12133,16:40:58,0.144,0.726,0,0,eGFP1
12134,16:41:00,0.143,1.691,0,0,eGFP1
12135,16:41:00,0.103,0.695,0,0,eGFP1
12136,16:41:01,0.099,0.944,0,0,eGFP1
12137,16:41:02,0.165,0.747,0,0,eGFP1
12138,16:41:03,0.109,0.932,0,0,eGFP1
12139,16:41:04,0.110,0.648,0,0,eGFP1
12140,16:41:05,0.143,1.097,0,0,eGFP1
12141,16:41:06,0.121,0.681,0,0,eGFP1
12142,16:41:06,0.132,0.834,0,0,eGFP1
12143,16:41:07,0.101,0.825,0,0,eGFP1
12144,16:41:08,0.242,0.878,0,0,eGFP1
12145,16:41:09,0.089,0.758,0,0,eGFP1
12146,16:41:10,0.133,0.868,0,0,eGFP1
12147,16:41:10,0.165,0.780,0,0,eGFP1
12148,16:41:11,0.098,0.823,0,0,eGFP1
12149,16:41:12,0.142,0.669,0,0,eGFP1
12150,16:41:13,0.088,0.812,0,0,eGFP1
12151,16:41:13,0.123,0.660,0,0,eGFP1
12152,16:41:14,0.099,0.615,0,0,eGFP1
12153,16:41:15,0.099,0.669,0,0,eGFP1
12154,16:41:16,0.121,0.999,0,0,eGFP1
12155,16:41:16,0.132,0.736,0,0,eGFP1
12156,16:41:17,0.142,0.965,0,0,eGFP1
12157,16:41:18,0.099,0.593,0,0,eGFP1
12158,16:41:19,0.143,0.878,0,0,eGFP1
12159,16:41:19,0.100,0.550,0,0,eGFP1
12160,16:41:20,0.112,0.836,0,0,eGFP1
12161,16:41:21,0.111,0.583,0,0,eGFP1
12162,16:41:22,0.078,0.703,0,0,eGFP1
12163,16:41:22,0.166,0.813,0,0,eGFP1
12164,16:41:23,0.088,0.593,0,0,eGFP1
12165,16:41:24,0.198,1.274,0,0,eGFP1
12166,16:41:25,0.110,0.681,0,0,eGFP1
12167,16:41:26,0.145,0.869,0,0,eGFP1
12168,16:41:27,0.100,0.791,0,0,eGFP1
12169,16:41:27,0.132,0.637,0,0,eGFP1
12170,16:41:29,0.100,1.823,0,0,eGFP1
12171,16:41:30,0.143,0.714,0,0,eGFP1
12172,16:41:30,0.099,0.626,0,0,eGFP1
12173,16:41:31,0.090,0.485,0,0,eGFP1
12174,16:41:32,0.088,0.725,0,0,eGFP1
12175,16:41:32,0.156,0.704,0,0,eGFP1
12176,16:41:33,0.100,0.824,0,0,eGFP1
12177,16:41:34,0.144,0.758,0,0,eGFP1
12178,16:41:35,0.100,0.670,0,0,eGFP1
12179,16:41:35,0.111,0.824,0,0,eGFP1
12180,16:41:36,0.133,0.978,0,0,eGFP1
12181,16:41:37,0.154,0.955,0,0,eGFP1
12182,16:41:38,0.111,0.638,0,0,eGFP1
12183,16:41:39,0.099,0.835,0,0,eGFP1
12184,16:41:40,0.142,0.965,0,0,eGFP1
12185,16:41:41,0.132,1.010,0,0,eGFP1
12186,16:41:42,0.177,0.835,0,0,eGFP1
12187,16:41:42,0.090,0.760,0,0,eGFP1
12188,16:41:43,0.143,0.900,0,0,eGFP1
12189,16:41:44,0.155,0.923,0,0,eGFP1
12190,16:41:45,0.133,0.846,0,0,eGFP1
12191,16:41:46,0.122,0.747,0,0,eGFP1
12192,16:41:47,0.156,0.990,0,0,eGFP1
12193,16:41:48,0.122,1.098,0,0,eGFP1
12194,16:41:49,0.133,0.671,0,0,eGFP1
12195,16:41:49,0.110,0.758,0,0,eGFP1
12196,16:41:50,0.133,0.923,0,0,eGFP1
12197,16:41:51,0.110,0.582,0,0,eGFP1
12198,16:41:52,0.100,0.758,0,0,eGFP1
12199,16:41:52,0.144,0.759,0,0,eGFP1
12200,16:41:53,0.102,0.706,0,0,eGFP1
12201,16:41:54,0.154,0.757,0,0,eGFP1
12202,16:41:54,0.111,0.671,0,0,eGFP1
12203,16:41:55,0.088,0.549,0,0,eGFP1
12204,16:41:56,0.099,1.350,0,0,eGFP1
12205,16:41:57,0.154,0.769,0,0,eGFP1
12206,16:41:58,0.099,0.615,0,0,eGFP1
12207,16:41:59,0.121,0.780,0,0,eGFP1
12208,16:41:59,0.101,0.628,0,0,eGFP1
12209,16:42:00,0.099,0.604,0,0,eGFP1
12210,16:42:00,0.089,0.572,0,0,eGFP1
12211,16:42:01,0.089,0.758,0,0,eGFP1
12212,16:42:02,0.111,0.583,0,0,eGFP1
12213,16:42:02,0.089,0.769,0,0,eGFP1
12214,16:42:03,0.101,0.595,0,0,eGFP1
12215,16:42:04,0.089,0.792,0,0,eGFP1
12216,16:42:04,0.134,0.639,0,0,eGFP1
12217,16:42:05,0.088,0.758,0,0,eGFP1
12218,16:42:06,0.144,0.747,0,0,eGFP1
12219,16:42:08,0.243,1.790,0,0,eGFP1
12220,16:42:09,0.100,0.769,0,0,eGFP1
12221,16:42:09,0.144,0.704,0,0,eGFP1
12222,16:42:10,0.089,0.572,0,0,eGFP1
12223,16:42:11,0.122,0.802,0,0,eGFP1
12224,16:42:11,0.101,0.716,0,0,eGFP1
12225,16:42:12,0.177,0.791,0,0,eGFP1
12226,16:42:13,0.100,0.638,0,0,eGFP1
12227,16:42:14,0.112,0.815,0,0,eGFP1
12228,16:42:15,0.198,1.658,0,0,eGFP1
12229,16:42:16,0.122,0.989,0,0,eGFP1
12230,16:42:17,0.133,0.659,0,0,eGFP1
12231,16:42:18,0.100,0.902,0,0,eGFP1
12232,16:42:18,0.134,0.650,0,0,eGFP1
12233,16:42:20,0.089,1.362,0,0,eGFP1
12234,16:42:21,0.154,0.967,0,0,eGFP1
12235,16:42:23,1.109,1.877,0,0,eGFP1
12236,16:42:24,0.111,1.011,0,0,eGFP1
12237,16:42:25,0.155,1.417,0,0,eGFP1
12238,16:42:26,0.232,0.825,0,0,eGFP1
12239,16:42:29,0.111,3.282,0,0,eGFP1
12240,16:42:35,0.672,5.446,0,0,eGFP1
12241,16:42:36,0.200,0.979,0,0,eGFP1
12242,16:42:36,0.101,0.694,0,0,eGFP1
12243,16:42:37,0.122,0.725,0,0,eGFP1
12244,16:42:38,0.111,0.847,0,0,eGFP1
12245,16:42:39,0.154,0.967,0,0,eGFP1
12246,16:42:40,0.144,0.780,0,0,eGFP1
12247,16:42:40,0.100,0.572,0,0,eGFP1
12248,16:42:41,0.122,0.671,0,0,eGFP1
12249,16:42:42,0.101,0.683,0,0,eGFP1
12250,16:42:42,0.122,0.748,0,0,eGFP1
12251,16:42:43,0.100,0.615,0,0,eGFP1
12252,16:42:44,0.145,0.891,0,0,eGFP1
12253,16:42:44,0.111,0.682,0,0,eGFP1
12254,16:42:45,0.100,0.737,0,0,eGFP1
12255,16:42:46,0.121,0.626,0,0,eGFP1
12256,16:42:47,0.100,0.703,0,0,eGFP1
12257,16:42:47,0.123,0.683,0,0,eGFP1
12258,16:42:48,0.088,0.571,0,0,eGFP1
12259,16:42:48,0.089,0.670,0,0,eGFP1
12260,16:42:49,0.100,0.550,0,0,eGFP1
12261,16:42:50,0.099,0.900,0,0,eGFP1
12262,16:42:51,0.166,0.769,0,0,eGFP1
12263,16:42:51,0.089,0.572,0,0,eGFP1
12264,16:42:52,0.143,0.791,0,0,eGFP1
12265,16:42:53,0.090,0.529,0,0,eGFP1
12266,16:42:53,0.099,0.911,0,0,eGFP1
12267,16:42:54,0.198,0.867,0,0,eGFP1
12268,16:42:55,0.100,0.715,0,0,eGFP1
12269,16:42:56,0.121,0.725,0,0,eGFP1
12270,16:42:57,0.122,0.780,0,0,eGFP1
12271,16:42:57,0.100,0.714,0,0,eGFP1
12272,16:43:08,0.210,10.536,0,0,eGFP1
12273,16:43:09,0.124,1.551,0,0,eGFP1
12274,16:43:10,0.210,0.802,0,0,eGFP1
12275,16:43:11,0.101,0.792,0,0,eGFP1
12276,16:43:12,0.111,0.594,0,0,eGFP1
12277,16:43:12,0.078,0.704,0,0,eGFP1
12278,16:43:13,0.111,0.627,0,0,eGFP1
12279,16:43:13,0.100,0.539,0,0,eGFP1
12280,16:43:14,0.079,0.639,0,0,eGFP1
12281,16:43:15,0.103,0.717,0,0,eGFP1
12282,16:43:15,0.101,0.649,0,0,eGFP1
12283,16:43:16,0.101,0.704,0,0,eGFP1
12284,16:43:17,0.134,0.792,0,0,eGFP1
12285,16:43:18,0.112,0.627,0,0,eGFP1
12286,16:43:18,0.101,0.759,0,0,eGFP1
12287,16:43:19,0.123,0.737,0,0,eGFP1
12288,16:43:20,0.112,0.605,0,0,eGFP1
12289,16:43:21,0.124,1.287,0,0,eGFP1
12290,16:43:22,0.156,0.770,0,0,eGFP1
12291,16:43:22,0.112,0.726,0,0,eGFP1
12292,16:43:23,0.134,0.792,0,0,eGFP1
12293,16:43:24,0.090,0.638,0,0,eGFP1
12294,16:43:25,0.123,0.814,0,0,eGFP1
12295,16:43:26,0.146,0.870,0,0,eGFP1
12296,16:43:26,0.133,0.869,0,0,eGFP1
12297,16:43:27,0.145,0.760,0,0,eGFP1
12298,16:43:28,0.111,0.781,0,0,eGFP1
12299,16:43:29,0.144,0.748,0,0,eGFP1
12300,16:43:29,0.100,0.638,0,0,eGFP1
12301,16:43:30,0.112,0.814,0,0,eGFP1
12302,16:43:31,0.133,0.726,0,0,eGFP1
12303,16:43:32,0.123,0.847,0,0,eGFP1
12304,16:43:33,0.155,0.890,0,0,eGFP1
12305,16:43:33,0.124,0.772,0,0,eGFP1
12306,16:43:34,0.133,0.748,0,0,eGFP1
12307,16:43:35,0.133,0.858,0,0,eGFP1
12308,16:43:36,0.112,0.639,0,0,eGFP1
12309,16:43:36,0.101,0.617,0,0,eGFP1
12310,16:43:37,0.100,0.704,0,0,eGFP1
12311,16:43:38,0.133,0.901,0,0,eGFP1
12312,16:43:38,0.123,0.639,0,0,eGFP1
12313,16:43:39,0.089,0.638,0,0,eGFP1
12314,16:43:40,0.135,0.760,0,0,eGFP1
12315,16:43:41,0.101,0.628,0,0,eGFP1
12316,16:43:41,0.101,0.616,0,0,eGFP1
12317,16:43:42,0.123,0.858,0,0,eGFP1
12318,16:43:43,0.112,0.682,0,0,eGFP1
12319,16:43:43,0.123,0.683,0,0,eGFP1
12320,16:43:44,0.100,0.627,0,0,eGFP1
12321,16:43:45,0.102,0.804,0,0,eGFP1
12322,16:43:46,0.146,0.739,0,0,eGFP1
12323,16:43:53,0.123,7.420,0,0,eGFP1
12324,16:43:54,0.168,0.661,0,0,eGFP1
12325,16:43:54,0.079,0.606,0,0,eGFP1
12326,16:43:55,0.123,0.627,0,0,eGFP1
12327,16:43:55,0.090,0.584,0,0,eGFP1
12328,16:43:56,0.101,0.671,0,0,eGFP1
12329,16:43:57,0.112,0.748,0,0,eGFP1
12330,16:43:57,0.103,0.607,0,0,eGFP1
12331,16:43:58,0.078,0.528,0,0,eGFP1
12332,16:43:59,0.089,0.693,0,0,eGFP1
12333,16:43:59,0.122,0.726,0,0,eGFP1
12334,16:44:00,0.100,0.670,0,0,eGFP1
12335,16:44:01,0.110,0.746,0,0,eGFP1
12336,16:44:02,0.130,0.755,0,0,eGFP1
12337,16:44:02,0.097,0.712,0,0,eGFP1
12338,16:44:03,0.109,0.603,0,0,eGFP1
12339,16:44:03,0.086,0.503,0,0,eGFP1
12340,16:44:04,0.097,0.942,0,0,eGFP1
12341,16:44:05,0.130,0.635,0,0,eGFP1
12342,16:44:06,0.097,0.602,0,0,eGFP1
12343,16:44:06,0.119,0.744,0,0,eGFP1
12344,16:44:07,0.108,0.646,0,0,eGFP1
12345,16:44:08,0.108,0.700,0,0,eGFP1
12346,16:44:08,0.132,0.691,0,0,eGFP1
12347,16:44:09,0.097,0.514,0,0,eGFP1
12348,16:44:09,0.077,0.571,0,0,eGFP1
12349,16:44:10,0.141,0.931,0,0,eGFP1
12350,16:44:11,0.097,0.558,0,0,eGFP1
12351,16:44:12,0.097,0.711,0,0,eGFP1
12352,16:44:12,0.152,0.767,0,0,eGFP1
12353,16:44:13,0.097,0.547,0,0,eGFP1
12354,16:44:14,0.087,0.757,0,0,eGFP1
12355,16:44:14,0.130,0.667,0,0,eGFP1
12356,16:44:15,0.097,0.635,0,0,eGFP1
12357,16:44:16,0.130,0.723,0,0,eGFP1
12358,16:44:16,0.097,0.569,0,0,eGFP1
12359,16:44:17,0.108,0.777,0,0,eGFP1
12360,16:44:18,0.130,0.734,0,0,eGFP1
12361,16:44:19,0.119,0.854,0,0,eGFP1
12362,16:44:21,1.211,2.144,0,0,eGFP1
12363,16:44:21,0.108,0.690,0,0,eGFP1
12364,16:44:22,0.086,0.613,0,0,eGFP1
12365,16:44:23,0.130,0.700,0,0,eGFP1
12366,16:44:23,0.086,0.547,0,0,eGFP1
12367,16:44:24,0.098,0.756,0,0,eGFP1
12368,16:44:25,0.119,0.635,0,0,eGFP1
12369,16:44:25,0.097,0.635,0,0,eGFP1
12370,16:44:26,0.120,0.691,0,0,eGFP1
12371,16:44:27,0.097,0.514,0,0,eGFP1
12372,16:44:27,0.086,0.777,0,0,eGFP1
12373,16:44:28,0.142,0.657,0,0,eGFP1
12374,16:44:29,0.087,0.569,0,0,eGFP1
12375,16:44:29,0.110,0.659,0,0,eGFP1
12376,16:44:30,0.097,0.569,0,0,eGFP1
12377,16:44:30,0.097,0.602,0,0,eGFP1
12378,16:44:31,0.108,0.657,0,0,eGFP1
12379,16:44:32,0.109,0.603,0,0,eGFP1
12380,16:44:32,0.097,0.547,0,0,eGFP1
12381,16:44:33,0.098,0.789,0,0,eGFP1
12382,16:44:34,0.163,0.690,0,0,eGFP1
12383,16:44:34,0.086,0.613,0,0,eGFP1
12384,16:44:38,0.141,3.532,0,0,eGFP1
12385,16:44:39,0.130,0.712,0,0,eGFP1
12386,16:44:39,0.097,0.646,0,0,eGFP1
12387,16:44:40,0.099,0.625,0,0,eGFP1
12388,16:44:41,0.109,0.723,0,0,eGFP1
12389,16:44:41,0.121,0.692,0,0,eGFP1
12390,16:44:42,0.097,0.536,0,0,eGFP1
12391,16:44:43,0.097,0.876,0,0,eGFP1
12392,16:44:43,0.142,0.646,0,0,eGFP1
12393,16:44:44,0.076,0.504,0,0,eGFP1
12394,16:44:45,0.108,0.778,0,0,eGFP1
12395,16:44:45,0.098,0.493,0,0,eGFP1
12396,16:44:46,0.076,0.624,0,0,eGFP1
12397,16:44:46,0.153,0.723,0,0,eGFP1
12398,16:44:47,0.076,0.624,0,0,eGFP1
12399,16:44:48,0.175,0.811,0,0,eGFP1
12400,16:44:48,0.097,0.492,0,0,eGFP1
12401,16:44:49,0.087,0.657,0,0,eGFP1
12402,16:44:50,0.132,0.703,0,0,eGFP1
12403,16:44:50,0.109,0.592,0,0,eGFP1
12404,16:44:51,0.087,0.603,0,0,eGFP1
12405,16:44:52,0.130,0.931,0,0,eGFP1
12406,16:44:52,0.098,0.548,0,0,eGFP1
12407,16:44:53,0.075,0.635,0,0,eGFP1
12408,16:44:54,0.141,0.690,0,0,eGFP1
12409,16:44:54,0.097,0.558,0,0,eGFP1
12410,16:44:55,0.087,0.625,0,0,eGFP1
12411,16:44:56,0.109,0.658,0,0,eGFP1
12412,16:44:58,0.109,2.633,0,0,eGFP1
12413,16:44:59,0.163,0.690,0,0,eGFP1
12414,16:44:59,0.086,0.602,0,0,eGFP1
12415,16:45:00,0.120,0.635,0,0,eGFP1
12416,16:45:01,0.088,0.626,0,0,eGFP1
12417,16:45:01,0.098,0.547,0,0,eGFP1
12418,16:45:02,0.087,0.581,0,0,eGFP1
12419,16:45:04,0.110,1.668,0,0,eGFP1
12420,16:45:04,0.218,0.822,0,0,eGFP1
12421,16:45:05,0.098,0.525,0,0,eGFP1
12422,16:45:05,0.076,0.515,0,0,eGFP1
12423,16:45:06,0.098,0.646,0,0,eGFP1
12424,16:45:07,0.087,0.559,0,0,eGFP1
12425,16:45:07,0.087,0.504,0,0,eGFP1
12426,16:45:08,0.086,0.624,0,0,eGFP1
12427,16:45:09,0.198,1.635,0,0,eGFP1
12428,16:45:10,0.120,0.668,0,0,eGFP1
12429,16:45:11,0.088,0.538,0,0,eGFP1
12430,16:45:11,0.087,0.570,0,0,eGFP1
12431,16:45:12,0.120,0.734,0,0,eGFP1
12432,16:45:12,0.120,0.592,0,0,eGFP1
12433,16:45:13,0.075,0.514,0,0,eGFP1
12434,16:45:14,0.131,1.064,0,0,eGFP1
12435,16:45:15,0.132,0.647,0,0,eGFP1
12436,16:45:15,0.087,0.603,0,0,eGFP1
12437,16:45:16,0.130,0.734,0,0,eGFP1
12438,16:45:17,0.109,0.602,0,0,eGFP1
12439,16:45:17,0.098,0.669,0,0,eGFP1
12440,16:45:18,0.098,0.569,0,0,eGFP1
12441,16:45:18,0.098,0.570,0,0,eGFP1
12442,16:45:19,0.098,0.657,0,0,eGFP1
12443,16:45:20,0.099,0.670,0,0,eGFP1
12444,16:45:20,0.110,0.582,0,0,eGFP1
12445,16:45:21,0.087,0.581,0,0,eGFP1
12446,16:45:22,0.108,0.756,0,0,eGFP1
12447,16:45:22,0.098,0.581,0,0,eGFP1
12448,16:45:23,0.097,0.745,0,0,eGFP1
12449,16:45:24,0.174,0.789,0,0,eGFP1
12450,16:45:25,0.120,0.778,0,0,eGFP1
12451,16:45:25,0.109,0.647,0,0,eGFP1
12452,16:45:26,0.110,0.691,0,0,eGFP1
12453,16:45:27,0.120,0.746,0,0,eGFP1
12454,16:45:27,0.119,0.646,0,0,eGFP1
12455,16:45:28,0.109,0.658,0,0,eGFP1
12456,16:45:29,0.121,0.823,0,0,eGFP1
12457,16:45:29,0.131,0.679,0,0,eGFP1
12458,16:45:30,0.098,0.713,0,0,eGFP1
12459,16:45:31,0.109,0.603,0,0,eGFP1
12460,16:45:31,0.088,0.571,0,0,eGFP1
12461,16:45:32,0.141,0.811,0,0,eGFP1
12462,16:45:33,0.108,0.646,0,0,eGFP1
12463,16:45:33,0.109,0.668,0,0,eGFP1
12464,16:45:34,0.131,0.767,0,0,eGFP1
12465,16:45:36,0.142,1.887,0,0,eGFP1
12466,16:45:37,0.175,0.734,0,0,eGFP1
12467,16:45:37,0.109,0.603,0,0,eGFP1
12468,16:45:38,0.110,0.757,0,0,eGFP1
12469,16:45:39,0.120,0.713,0,0,eGFP1
12470,16:45:40,0.121,0.626,0,0,eGFP1
12471,16:45:47,0.098,7.099,0,0,eGFP1
12472,16:45:47,0.164,0.690,0,0,eGFP1
12473,16:45:48,0.098,0.636,0,0,eGFP1
12474,16:45:49,0.119,0.635,0,0,eGFP1
12475,16:45:49,0.098,0.746,0,0,eGFP1
12476,16:45:50,0.110,0.636,0,0,eGFP1
12477,16:45:51,0.087,0.526,0,0,eGFP1
12478,16:45:51,0.098,0.603,0,0,eGFP1
12479,16:45:52,0.098,0.624,0,0,eGFP1
12480,16:45:52,0.098,0.658,0,0,eGFP1
12481,16:45:53,0.109,0.613,0,0,eGFP1
12482,16:45:54,0.098,0.636,0,0,eGFP1
12483,16:45:54,0.165,0.834,0,0,eGFP1
12484,16:45:55,0.111,0.791,0,0,eGFP1
12485,16:45:56,0.109,0.625,0,0,eGFP1
12486,16:46:04,0.121,8.582,0,0,eGFP1
12487,16:46:06,0.175,1.294,0,0,eGFP1
12488,16:46:07,0.142,1.207,0,0,eGFP1
12489,16:46:08,0.175,0.745,0,0,eGFP1
12490,16:46:08,0.087,0.537,0,0,eGFP1
12491,16:46:09,0.098,0.757,0,0,eGFP1
12492,16:46:10,0.099,0.571,0,0,eGFP1
12493,16:46:10,0.087,0.614,0,0,eGFP1
12494,16:46:11,0.131,0.932,0,0,eGFP1
12495,16:46:12,0.164,0.724,0,0,eGFP1
12496,16:46:13,0.098,0.658,0,0,eGFP1
12497,16:46:13,0.110,0.758,0,0,eGFP1
12498,16:46:14,0.120,0.767,0,0,eGFP1
12499,16:46:15,0.329,1.042,0,0,eGFP1
12500,16:46:16,0.100,0.736,0,0,eGFP1
12501,16:46:17,0.142,0.834,0,0,eGFP1
12502,16:46:17,0.131,0.669,0,0,eGFP1
12503,16:46:18,0.087,0.504,0,0,eGFP1
12504,16:46:18,0.087,0.559,0,0,eGFP1
12505,16:46:19,0.142,0.932,0,0,eGFP1
12506,16:46:20,0.109,0.603,0,0,eGFP1
12507,16:48:55,0.120,154.689,0,0,eGFP1
12508,16:48:56,0.395,1.295,0,0,eGFP1
12509,16:48:57,0.187,1.340,0,0,eGFP1
12510,16:48:58,0.143,0.736,0,0,eGFP1
12511,16:48:59,0.098,0.592,0,0,eGFP1
12512,16:48:59,0.098,0.899,0,0,eGFP1
12513,16:49:00,0.142,0.713,0,0,eGFP1
12514,16:49:01,0.120,0.713,0,0,eGFP1
12515,16:49:02,0.120,0.789,0,0,eGFP1
12516,16:49:02,0.154,0.779,0,0,eGFP1
12517,16:49:04,0.100,1.054,0,0,eGFP1
12518,16:49:04,0.132,0.812,0,0,eGFP1
12519,16:49:07,0.208,2.436,0,0,eGFP1
12520,16:49:08,0.109,1.141,0,0,eGFP1
12521,16:49:09,0.131,0.647,0,0,eGFP1
12522,16:49:10,0.131,0.976,0,0,eGFP1
12523,16:49:10,0.142,0.779,0,0,eGFP1
12524,16:49:11,0.132,0.725,0,0,eGFP1
12525,16:49:12,0.100,0.703,0,0,eGFP1
12526,16:49:12,0.109,0.614,0,0,eGFP1
12527,16:49:13,0.088,0.636,0,0,eGFP1
12528,16:49:14,0.120,0.888,0,0,eGFP1
12529,16:49:15,0.186,0.966,0,0,eGFP1
12530,16:49:16,0.109,0.712,0,0,eGFP1
12531,16:49:16,0.142,0.746,0,0,eGFP1
12532,16:49:17,0.109,0.713,0,0,eGFP1
12533,16:49:18,0.165,0.900,0,0,eGFP1
12534,16:49:19,0.121,0.889,0,0,eGFP1
12535,16:49:20,0.186,0.790,0,0,eGFP1
12536,16:49:20,0.087,0.526,0,0,eGFP1
12537,16:49:21,0.100,0.879,0,0,eGFP1
12538,16:49:22,0.186,0.966,0,0,eGFP1
12539,16:49:23,0.131,0.647,0,0,eGFP1
12540,16:49:23,0.109,0.845,0,0,eGFP1
12541,16:49:24,0.132,0.769,0,0,eGFP1
12542,16:49:25,0.120,0.647,0,0,eGFP1
12543,16:49:26,0.131,1.569,0,0,eGFP1
12544,16:49:27,0.131,0.636,0,0,eGFP1
12545,16:49:28,0.099,0.735,0,0,eGFP1
12546,16:49:28,0.132,0.637,0,0,eGFP1
12547,16:49:29,0.087,0.570,0,0,eGFP1
12548,16:49:30,0.120,0.713,0,0,eGFP1
12549,16:49:30,0.111,0.605,0,0,eGFP1
12550,16:49:31,0.089,0.637,0,0,eGFP1
12551,16:49:32,0.143,0.812,0,0,eGFP1
12552,16:49:33,0.121,0.757,0,0,eGFP1
12553,16:49:33,0.110,0.582,0,0,eGFP1
12554,16:49:34,0.098,0.724,0,0,eGFP1
12555,16:49:34,0.131,0.625,0,0,eGFP1
12556,16:49:35,0.077,0.461,0,0,eGFP1
12557,16:49:36,0.100,0.703,0,0,eGFP1
12558,16:49:36,0.099,0.538,0,0,eGFP1
12559,16:49:37,0.088,0.647,0,0,eGFP1
12560,16:49:38,0.143,0.724,0,0,eGFP1
12561,16:49:38,0.088,0.527,0,0,eGFP1
12562,16:49:39,0.088,0.724,0,0,eGFP1
12563,16:49:39,0.143,0.680,0,0,eGFP1
12564,16:49:40,0.089,0.583,0,0,eGFP1
12565,16:49:41,0.111,0.792,0,0,eGFP1
12566,16:49:41,0.109,0.625,0,0,eGFP1
12567,16:49:42,0.088,0.505,0,0,eGFP1
12568,16:49:43,0.099,0.867,0,0,eGFP1
12569,16:49:44,0.164,0.845,0,0,eGFP1
12570,16:49:44,0.087,0.548,0,0,eGFP1
12571,16:49:45,0.099,0.779,0,0,eGFP1
12572,16:49:46,0.143,0.692,0,0,eGFP1
12573,16:49:46,0.098,0.702,0,0,eGFP1
12574,16:49:47,0.111,0.594,0,0,eGFP1
12575,16:49:48,0.099,0.867,0,0,eGFP1
12576,16:49:48,0.120,0.592,0,0,eGFP1
12577,16:49:49,0.089,0.550,0,0,eGFP1
12578,16:49:50,0.109,0.790,0,0,eGFP1
12579,16:49:50,0.120,0.625,0,0,eGFP1
12580,16:49:51,0.098,0.790,0,0,eGFP1
12581,16:49:52,0.120,0.636,0,0,eGFP1
12582,16:49:52,0.078,0.527,0,0,eGFP1
12583,16:49:53,0.110,0.768,0,0,eGFP1
12584,16:49:54,0.099,0.658,0,0,eGFP1
12585,16:49:55,0.154,1.010,0,0,eGFP1
12586,16:49:56,0.131,0.844,0,0,eGFP1
12587,16:49:56,0.121,0.593,0,0,eGFP1
12588,16:49:57,0.076,0.548,0,0,eGFP1
12589,16:49:58,0.142,0.878,0,0,eGFP1
12590,16:49:58,0.121,0.802,0,0,eGFP1
12591,16:49:59,0.121,0.692,0,0,eGFP1
12592,16:50:02,0.131,2.633,0,0,eGFP1
12593,16:50:03,0.209,0.834,0,0,eGFP1
12594,16:50:03,0.121,0.680,0,0,eGFP1
12595,16:50:04,0.088,0.516,0,0,eGFP1
12596,16:50:04,0.087,0.581,0,0,eGFP1
12597,16:50:05,0.110,0.669,0,0,eGFP1
12598,16:50:06,0.112,0.628,0,0,eGFP1
12599,16:50:06,0.088,0.757,0,0,eGFP1
12600,16:50:10,0.209,3.270,0,0,eGFP1
12601,16:50:11,0.132,1.142,0,0,eGFP1
12602,16:50:12,0.143,0.703,0,0,eGFP1
12603,16:50:12,0.132,0.812,0,0,eGFP1
12604,16:50:13,0.089,0.561,0,0,eGFP1
12605,16:50:14,0.121,0.692,0,0,eGFP1
12606,16:50:14,0.089,0.594,0,0,eGFP1
12607,16:50:15,0.121,0.681,0,0,eGFP1
12608,16:50:15,0.089,0.539,0,0,eGFP1
12609,16:50:16,0.099,0.747,0,0,eGFP1
12610,16:50:17,0.121,0.614,0,0,eGFP1
12611,16:50:17,0.078,0.560,0,0,eGFP1
12612,16:50:18,0.100,0.648,0,0,eGFP1
12613,16:50:19,0.110,0.659,0,0,eGFP1
12614,16:50:19,0.133,0.781,0,0,eGFP1
12615,16:50:20,0.121,0.659,0,0,eGFP1
12616,16:50:21,0.088,0.505,0,0,eGFP1
12617,16:50:21,0.077,0.527,0,0,eGFP1
12618,16:50:22,0.122,0.814,0,0,eGFP1
12619,16:50:23,0.132,0.659,0,0,eGFP1
12620,16:50:23,0.099,0.779,0,0,eGFP1
12621,16:50:24,0.132,0.648,0,0,eGFP1
12622,16:50:25,0.090,0.616,0,0,eGFP1
12623,16:50:25,0.099,0.637,0,0,eGFP1
12624,16:50:26,0.110,0.626,0,0,eGFP1
12625,16:50:27,0.121,0.714,0,0,eGFP1
12626,16:50:27,0.110,0.758,0,0,eGFP1
12627,16:50:28,0.121,0.713,0,0,eGFP1
12628,16:50:29,0.110,0.659,0,0,eGFP1
12629,16:50:29,0.110,0.703,0,0,eGFP1
12630,16:50:30,0.101,0.682,0,0,eGFP1
12631,16:50:31,0.101,0.584,0,0,eGFP1
12632,16:50:31,0.088,0.527,0,0,eGFP1
12633,16:50:32,0.088,0.834,0,0,eGFP1
12634,16:50:33,0.133,0.659,0,0,eGFP1
12635,16:50:33,0.100,0.604,0,0,eGFP1
12636,16:50:34,0.100,0.637,0,0,eGFP1
12637,16:50:35,0.111,0.670,0,0,eGFP1
12638,16:50:35,0.122,0.703,0,0,eGFP1
12639,16:50:36,0.123,0.672,0,0,eGFP1
12640,16:50:37,0.110,1.207,0,0,eGFP1
12641,16:50:38,0.319,1.043,0,0,eGFP1
12642,16:50:39,0.144,0.747,0,0,eGFP1
12643,16:50:40,0.100,0.593,0,0,eGFP1
12644,16:50:40,0.111,0.692,0,0,eGFP1
12645,16:50:41,0.101,0.606,0,0,eGFP1
12646,16:50:42,0.099,0.560,0,0,eGFP1
12647,16:50:42,0.101,0.759,0,0,eGFP1
12648,16:50:43,0.144,0.758,0,0,eGFP1
12649,16:50:44,0.122,0.780,0,0,eGFP1
12650,16:50:45,0.187,1.109,0,0,eGFP1
12651,16:50:46,0.187,0.945,0,0,eGFP1
12652,16:50:47,0.132,0.703,0,0,eGFP1
12653,16:50:47,0.110,0.615,0,0,eGFP1
12654,16:50:48,0.088,0.670,0,0,eGFP1
12655,16:50:49,0.147,0.762,0,0,eGFP1
12656,16:50:49,0.099,0.604,0,0,eGFP1
12657,16:50:50,0.121,0.801,0,0,eGFP1
12658,16:50:51,0.155,0.781,0,0,eGFP1
12659,16:50:51,0.110,0.648,0,0,eGFP1
12660,16:50:52,0.099,0.603,0,0,eGFP1
12661,16:50:53,0.099,0.637,0,0,eGFP1
12662,16:50:53,0.110,0.648,0,0,eGFP1
12663,16:50:54,0.090,0.573,0,0,eGFP1
12664,16:50:55,0.099,0.714,0,0,eGFP1
12665,16:50:55,0.099,0.527,0,0,eGFP1
12666,16:50:56,0.089,0.605,0,0,eGFP1
12667,16:50:57,0.165,0.867,0,0,eGFP1
12668,16:50:57,0.100,0.594,0,0,eGFP1
12669,16:50:58,0.088,0.703,0,0,eGFP1
12670,16:50:59,0.198,0.944,0,0,eGFP1
12671,16:50:59,0.101,0.628,0,0,eGFP1
12672,16:51:00,0.112,0.639,0,0,eGFP1
12673,16:51:01,0.099,0.571,0,0,eGFP1
12674,16:51:01,0.100,0.671,0,0,eGFP1
12675,16:51:02,0.088,0.560,0,0,eGFP1
12676,16:51:03,0.100,0.659,0,0,eGFP1
12677,16:51:03,0.122,0.693,0,0,eGFP1
12678,16:51:04,0.099,0.527,0,0,eGFP1
12679,16:51:05,0.090,0.771,0,0,eGFP1
12680,16:51:05,0.154,0.780,0,0,eGFP1
12681,16:51:06,0.121,0.791,0,0,eGFP1
12682,16:51:07,0.133,0.703,0,0,eGFP1
12683,16:51:08,0.111,0.703,0,0,eGFP1
12684,16:51:08,0.111,0.616,0,0,eGFP1
12685,16:51:09,0.111,0.748,0,0,eGFP1
12686,16:51:10,0.110,0.604,0,0,eGFP1
12687,16:51:10,0.100,0.748,0,0,eGFP1
12688,16:51:11,0.143,0.856,0,0,eGFP1
12689,16:51:12,0.121,0.615,0,0,eGFP1
12690,16:51:12,0.078,0.682,0,0,eGFP1
12691,16:51:15,0.198,2.404,0,0,eGFP1
12692,16:51:18,0.198,3.490,0,0,eGFP1
12693,16:51:19,0.143,0.779,0,0,eGFP1
12694,16:51:20,0.122,0.681,0,0,eGFP1
12695,16:51:20,0.100,0.626,0,0,eGFP1
12696,16:51:21,0.098,0.592,0,0,eGFP1
12697,16:51:22,0.110,0.725,0,0,eGFP1
12698,16:51:23,0.143,0.779,0,0,eGFP1
12699,16:51:23,0.112,0.617,0,0,eGFP1
12700,16:51:24,0.111,0.747,0,0,eGFP1
12701,16:51:25,0.122,0.649,0,0,eGFP1
12702,16:51:25,0.089,0.659,0,0,eGFP1
12703,16:51:26,0.133,0.704,0,0,eGFP1
12704,16:51:27,0.101,0.683,0,0,eGFP1
12705,16:51:27,0.143,0.758,0,0,eGFP1
12706,16:51:28,0.100,0.725,0,0,eGFP1
12707,16:51:29,0.166,0.846,0,0,eGFP1
12708,16:51:30,0.122,0.737,0,0,eGFP1
12709,16:51:31,0.122,1.010,0,0,eGFP1
12710,16:51:33,0.517,1.922,0,0,eGFP1
12711,16:51:33,0.166,0.736,0,0,eGFP1
12712,16:51:34,0.103,0.915,0,0,eGFP1
12713,16:51:35,0.111,0.616,0,0,eGFP1
12714,16:51:35,0.089,0.550,0,0,eGFP1
12715,16:51:36,0.111,0.857,0,0,eGFP1
12716,16:51:37,0.122,0.681,0,0,eGFP1
12717,16:51:38,0.111,0.649,0,0,eGFP1
12718,16:51:38,0.111,0.704,0,0,eGFP1
12719,16:51:39,0.111,0.692,0,0,eGFP1
12720,16:51:40,0.113,0.749,0,0,eGFP1
12721,16:51:40,0.143,0.758,0,0,eGFP1
12722,16:51:41,0.110,0.582,0,0,eGFP1
12723,16:51:42,0.100,0.791,0,0,eGFP1
12724,16:51:43,0.132,0.681,0,0,eGFP1
12725,16:51:43,0.089,0.703,0,0,eGFP1
12726,16:51:44,0.134,0.715,0,0,eGFP1
12727,16:51:45,0.111,0.791,0,0,eGFP1
12728,16:51:46,0.135,0.793,0,0,eGFP1
12729,16:51:46,0.111,0.627,0,0,eGFP1
12730,16:51:47,0.100,0.550,0,0,eGFP1
12731,16:51:47,0.100,0.671,0,0,eGFP1
12732,16:51:48,0.144,0.846,0,0,eGFP1
12733,16:51:49,0.111,0.605,0,0,eGFP1
12734,16:51:50,0.111,0.978,0,0,eGFP1
12735,16:51:51,0.704,1.527,0,0,eGFP1
12736,16:51:52,0.112,0.628,0,0,eGFP1
12737,16:51:52,0.089,0.528,0,0,eGFP1
12738,16:51:53,0.089,0.649,0,0,eGFP1
12739,16:51:54,0.123,0.771,0,0,eGFP1
12740,16:51:55,0.100,0.682,0,0,eGFP1
12741,16:51:55,0.122,0.637,0,0,eGFP1
12742,16:51:56,0.112,0.858,0,0,eGFP1
12743,16:51:57,0.133,0.704,0,0,eGFP1
12744,16:51:57,0.101,0.628,0,0,eGFP1
12745,16:51:58,0.122,0.769,0,0,eGFP1
12746,16:51:59,0.156,0.869,0,0,eGFP1
12747,16:52:00,0.111,0.649,0,0,eGFP1
12748,16:52:00,0.111,0.736,0,0,eGFP1
12749,16:52:01,0.145,0.759,0,0,eGFP1
12750,16:52:02,0.100,0.583,0,0,eGFP1
12751,16:52:02,0.100,0.594,0,0,eGFP1
12752,16:52:03,0.124,0.892,0,0,eGFP1
12753,16:52:04,0.124,0.617,0,0,eGFP1
12754,16:52:04,0.090,0.583,0,0,eGFP1
12755,16:52:05,0.090,0.627,0,0,eGFP1
12756,16:52:06,0.090,0.584,0,0,eGFP1
12757,16:52:06,0.078,0.616,0,0,eGFP1
12758,16:52:07,0.166,0.879,0,0,eGFP1
12759,16:52:08,0.100,0.572,0,0,eGFP1
12760,16:52:09,0.112,0.902,0,0,eGFP1
12761,16:52:09,0.145,0.650,0,0,eGFP1
12762,16:52:10,0.089,0.671,0,0,eGFP1
12763,16:52:11,0.155,0.726,0,0,eGFP1
12764,16:52:11,0.089,0.517,0,0,eGFP1
12765,16:52:12,0.101,0.847,0,0,eGFP1
12766,16:52:13,0.123,0.683,0,0,eGFP1
12767,16:52:13,0.111,0.638,0,0,eGFP1
12768,16:52:14,0.111,0.726,0,0,eGFP1
12769,16:52:15,0.113,0.639,0,0,eGFP1
12770,16:52:15,0.112,0.617,0,0,eGFP1
12771,16:52:16,0.114,0.728,0,0,eGFP1
12772,16:52:17,0.112,0.649,0,0,eGFP1
12773,16:52:19,0.123,2.197,0,0,eGFP1
12774,16:52:20,0.440,1.044,0,0,eGFP1
12775,16:52:21,0.089,0.572,0,0,eGFP1
12776,16:52:21,0.112,0.704,0,0,eGFP1
12777,16:52:22,0.124,0.684,0,0,eGFP1
12778,16:52:23,0.100,0.747,0,0,eGFP1
12779,16:52:24,0.650,1.451,0,0,eGFP1
12780,16:52:25,0.101,0.584,0,0,eGFP1
12781,16:52:25,0.090,0.638,0,0,eGFP1
12782,16:52:26,0.112,0.650,0,0,eGFP1
12783,16:52:27,0.111,0.693,0,0,eGFP1
12784,16:52:28,0.144,0.813,0,0,eGFP1
12785,16:52:28,0.113,0.651,0,0,eGFP1
12786,16:52:29,0.100,0.627,0,0,eGFP1
12787,16:52:30,0.143,0.791,0,0,eGFP1
12788,16:52:30,0.100,0.615,0,0,eGFP1
12789,16:52:31,0.100,0.594,0,0,eGFP1
12790,16:52:31,0.100,0.660,0,0,eGFP1
12791,16:52:32,0.110,0.747,0,0,eGFP1
12792,16:52:33,0.111,0.605,0,0,eGFP1
12793,16:52:33,0.091,0.530,0,0,eGFP1
12794,16:52:34,0.089,0.594,0,0,eGFP1
12795,16:52:35,0.132,0.901,0,0,eGFP1
12796,16:52:36,0.121,0.802,0,0,eGFP1
12797,16:52:36,0.176,0.857,0,0,eGFP1
12798,16:52:37,0.111,0.659,0,0,eGFP1
12799,16:52:38,0.089,0.638,0,0,eGFP1
12800,16:52:39,0.122,0.747,0,0,eGFP1
12801,16:52:39,0.090,0.507,0,0,eGFP1
12802,16:52:40,0.078,0.627,0,0,eGFP1
12803,16:52:41,0.187,0.978,0,0,eGFP1
12804,16:52:41,0.132,0.703,0,0,eGFP1
12805,16:52:42,0.111,0.693,0,0,eGFP1
12806,16:52:43,0.134,1.055,0,0,eGFP1
12807,16:52:44,0.386,1.374,0,0,eGFP1
12808,16:52:45,0.156,0.935,0,0,eGFP1
12809,16:52:46,0.124,0.672,0,0,eGFP1
12810,16:52:47,0.112,0.738,0,0,eGFP1
12811,16:52:48,0.155,0.759,0,0,eGFP1
12812,16:52:48,0.101,0.671,0,0,eGFP1
12813,16:52:49,0.123,0.694,0,0,eGFP1
12814,16:52:50,0.100,0.693,0,0,eGFP1
12815,16:52:51,0.155,1.407,0,0,eGFP1
12816,16:52:57,4.720,6.257,0,0,eGFP1
12817,16:52:58,0.102,0.606,0,0,eGFP1
12818,16:52:58,0.090,0.584,0,0,eGFP1
12819,16:52:59,0.101,0.836,0,0,eGFP1
12820,16:53:00,0.179,0.837,0,0,eGFP1
12821,16:53:07,0.134,7.059,0,0,eGFP1
12822,16:53:08,0.265,0.934,0,0,eGFP1
12823,16:53:09,0.101,0.661,0,0,eGFP1
12824,16:53:10,0.144,0.825,0,0,eGFP1
12825,16:53:10,0.134,0.638,0,0,eGFP1
12826,16:53:11,0.078,0.506,0,0,eGFP1
12827,16:53:12,0.119,0.755,0,0,eGFP1
12828,16:53:12,0.119,0.624,0,0,eGFP1
12829,16:53:13,0.075,0.459,0,0,eGFP1
12830,16:53:13,0.075,0.733,0,0,eGFP1
12831,16:54:41,0.383,87.824,0,0,eGFP1
12832,16:54:43,0.360,1.523,0,0,eGFP1
12833,16:54:44,0.318,1.503,0,0,eGFP1
12834,16:54:46,0.219,1.920,0,0,eGFP1
12835,16:54:48,0.130,2.172,0,0,eGFP1
12836,16:54:50,0.338,1.457,0,0,eGFP1
12837,16:54:51,0.328,1.711,0,0,eGFP1
12838,16:54:53,0.349,1.523,0,0,eGFP1
12839,16:54:54,0.196,0.931,0,0,eGFP1
12840,16:54:54,0.108,0.569,0,0,eGFP1
12841,16:54:55,0.097,0.712,0,0,eGFP1
12842,16:54:56,0.142,0.680,0,0,eGFP1
12843,16:54:56,0.097,0.536,0,0,eGFP1
12844,16:54:57,0.097,0.657,0,0,eGFP1
12845,16:54:58,0.119,0.766,0,0,eGFP1
12846,16:54:58,0.097,0.602,0,0,eGFP1
12847,16:54:59,0.098,0.867,0,0,eGFP1
12848,16:55:00,0.152,0.689,0,0,eGFP1
12849,16:55:01,0.086,0.624,0,0,eGFP1
12850,16:55:02,0.175,0.911,0,0,eGFP1
12851,16:55:02,0.097,0.514,0,0,eGFP1
12852,16:55:03,0.086,0.690,0,0,eGFP1
12853,16:55:04,0.185,0.887,0,0,eGFP1
12854,16:55:04,0.097,0.569,0,0,eGFP1
12855,16:55:05,0.097,0.767,0,0,eGFP1
12856,16:55:06,0.141,0.667,0,0,eGFP1
12857,16:55:06,0.076,0.525,0,0,eGFP1
12858,16:55:07,0.110,0.977,0,0,eGFP1
12859,16:55:08,0.119,0.646,0,0,eGFP1
12860,16:55:08,0.087,0.669,0,0,eGFP1
12861,16:55:09,0.119,0.887,0,0,eGFP1
12862,16:55:10,0.120,0.635,0,0,eGFP1
12863,16:55:11,0.098,0.888,0,0,eGFP1
12864,16:55:15,0.316,4.651,0,0,eGFP1
12865,16:55:17,0.273,1.041,0,0,eGFP1
12866,16:55:17,0.165,0.702,0,0,eGFP1
12867,16:55:18,0.087,0.877,0,0,eGFP1
12868,16:55:19,0.240,1.161,0,0,eGFP1
12869,16:55:20,0.196,0.745,0,0,eGFP1
12870,16:55:21,0.086,0.536,0,0,eGFP1
12871,16:55:21,0.109,0.701,0,0,eGFP1
12872,16:55:22,0.098,0.493,0,0,eGFP1
12873,16:55:22,0.064,0.580,0,0,eGFP1
12874,16:55:23,0.122,0.604,0,0,eGFP1
12875,16:55:24,0.087,0.636,0,0,eGFP1
12876,16:55:24,0.108,0.602,0,0,eGFP1
12877,16:55:25,0.086,0.481,0,0,eGFP1
12878,16:55:25,0.075,0.646,0,0,eGFP1
12879,16:55:26,0.130,0.679,0,0,eGFP1
12880,16:55:27,0.086,0.635,0,0,eGFP1
12881,16:55:27,0.130,0.701,0,0,eGFP1
12882,16:55:28,0.088,0.669,0,0,eGFP1
12883,16:55:29,0.120,0.668,0,0,eGFP1
12884,16:55:29,0.120,0.657,0,0,eGFP1
12885,16:55:30,0.098,0.668,0,0,eGFP1
12886,16:55:31,0.175,0.954,0,0,eGFP1
12887,16:55:32,0.153,0.790,0,0,eGFP1
12888,16:55:32,0.108,0.635,0,0,eGFP1
12889,16:55:33,0.108,0.876,0,0,eGFP1
12890,16:55:34,0.131,0.625,0,0,eGFP1
12891,16:55:34,0.098,0.570,0,0,eGFP1
12892,16:55:35,0.087,0.811,0,0,eGFP1
12893,16:55:36,0.220,0.923,0,0,eGFP1
12894,16:55:37,0.119,0.723,0,0,eGFP1
12895,16:55:38,0.108,0.635,0,0,eGFP1
12896,16:55:38,0.130,0.964,0,0,eGFP1
12897,16:55:39,0.559,0.789,0,0,eGFP1
12898,16:55:42,1.897,2.424,0,0,eGFP1
12899,16:55:42,0.450,0.768,0,0,eGFP1
12900,16:55:43,0.339,0.943,0,0,eGFP1
12901,16:55:44,0.098,0.658,0,0,eGFP1
12902,16:55:45,0.097,0.580,0,0,eGFP1
12903,16:55:45,0.098,0.668,0,0,eGFP1
12904,16:55:46,0.087,0.559,0,0,eGFP1
12905,16:55:46,0.086,0.558,0,0,eGFP1
12906,16:55:47,0.097,0.602,0,0,eGFP1
12907,16:55:48,0.088,0.593,0,0,eGFP1
12908,16:55:48,0.108,0.668,0,0,eGFP1
12909,16:55:49,0.086,0.536,0,0,eGFP1
12910,16:55:49,0.087,0.646,0,0,eGFP1
12911,16:55:50,0.120,0.756,0,0,eGFP1
12912,16:55:51,0.120,0.734,0,0,eGFP1
12913,16:55:52,0.163,0.877,0,0,eGFP1
12914,16:55:53,0.153,0.911,0,0,eGFP1
12915,16:55:54,0.142,0.768,0,0,eGFP1
12916,16:55:54,0.086,0.547,0,0,eGFP1
12917,16:55:55,0.098,0.877,0,0,eGFP1
12918,16:55:56,0.130,0.635,0,0,eGFP1
12919,16:55:56,0.087,0.548,0,0,eGFP1
12920,16:55:57,0.108,0.843,0,0,eGFP1
12921,16:55:58,0.120,0.570,0,0,eGFP1
12922,16:55:58,0.086,0.580,0,0,eGFP1
12923,16:55:59,0.165,1.262,0,0,eGFP1
12924,16:56:04,4.071,4.850,0,0,eGFP1
12925,16:56:08,2.062,3.302,0,0,eGFP1
12926,16:56:11,2.062,3.445,0,0,eGFP1
12927,16:56:12,0.141,0.690,0,0,eGFP1
12928,16:56:12,0.099,0.571,0,0,eGFP1
12929,16:56:13,0.086,0.514,0,0,eGFP1
12930,16:56:13,0.098,0.592,0,0,eGFP1
12931,16:56:14,0.088,0.516,0,0,eGFP1
12932,16:56:15,0.076,0.657,0,0,eGFP1
12933,16:56:15,0.120,0.669,0,0,eGFP1
12934,16:56:16,0.098,0.581,0,0,eGFP1
12935,16:56:17,0.097,0.822,0,0,eGFP1
12936,16:56:17,0.174,0.745,0,0,eGFP1
12937,16:56:18,0.087,0.581,0,0,eGFP1
12938,16:56:19,0.141,0.866,0,0,eGFP1
12939,16:56:19,0.099,0.527,0,0,eGFP1
12940,16:56:20,0.086,0.723,0,0,eGFP1
12941,16:56:21,0.121,0.604,0,0,eGFP1
12942,16:56:22,0.098,0.877,0,0,eGFP1
12943,16:56:22,0.153,0.679,0,0,eGFP1
12944,16:56:23,0.087,0.669,0,0,eGFP1
12945,16:56:23,0.119,0.613,0,0,eGFP1
12946,16:56:24,0.087,0.592,0,0,eGFP1
12947,16:56:25,0.110,0.758,0,0,eGFP1
12948,16:56:25,0.108,0.657,0,0,eGFP1
12949,16:56:27,0.120,1.042,0,0,eGFP1
12950,16:56:32,0.306,5.069,0,0,eGFP1
12951,16:56:32,0.185,0.833,0,0,eGFP1
12952,16:56:33,0.142,0.921,0,0,eGFP1
12953,16:56:35,0.120,1.415,0,0,eGFP1
12954,16:56:36,0.240,1.151,0,0,eGFP1
12955,16:56:37,0.110,0.637,0,0,eGFP1
12956,16:56:37,0.099,0.637,0,0,eGFP1
12957,16:56:38,0.109,0.745,0,0,eGFP1
12958,16:56:39,0.120,0.724,0,0,eGFP1
12959,16:56:39,0.120,0.668,0,0,eGFP1
12960,16:56:40,0.098,0.691,0,0,eGFP1
12961,16:56:41,0.131,0.767,0,0,eGFP1
12962,16:56:42,0.098,0.768,0,0,eGFP1
12963,16:56:46,0.163,4.322,0,0,eGFP1
12964,16:56:47,0.155,0.703,0,0,eGFP1
12965,16:56:47,0.109,0.779,0,0,eGFP1
12966,16:56:48,0.273,1.063,0,0,eGFP1
12967,16:56:49,0.109,0.603,0,0,eGFP1
12968,16:56:50,0.100,1.021,0,0,eGFP1
12969,16:56:51,0.120,0.603,0,0,eGFP1
12970,16:56:51,0.098,0.724,0,0,eGFP1
12971,16:56:52,0.109,0.570,0,0,eGFP1
12972,16:56:53,0.099,0.746,0,0,eGFP1
12973,16:56:53,0.109,0.526,0,0,eGFP1
12974,16:56:54,0.077,0.538,0,0,eGFP1
12975,16:56:54,0.098,0.624,0,0,eGFP1
12976,16:56:55,0.087,0.526,0,0,eGFP1
12977,16:56:55,0.088,0.548,0,0,eGFP1
12978,16:56:56,0.109,0.680,0,0,eGFP1
12979,16:56:57,0.087,0.515,0,0,eGFP1
12980,16:56:57,0.100,0.747,0,0,eGFP1
12981,16:56:58,0.142,0.669,0,0,eGFP1
12982,16:56:59,0.088,0.516,0,0,eGFP1
12983,16:56:59,0.087,0.701,0,0,eGFP1
12984,16:57:03,0.186,4.181,0,0,eGFP1
12985,16:57:04,0.141,0.800,0,0,eGFP1
12986,16:57:05,0.361,1.184,0,0,eGFP1
12987,16:57:07,0.383,1.163,0,0,eGFP1
12988,16:57:07,0.110,0.615,0,0,eGFP1
12989,16:57:08,0.087,0.592,0,0,eGFP1
12990,16:57:08,0.109,0.603,0,0,eGFP1
12991,16:57:09,0.087,0.603,0,0,eGFP1
12992,16:57:10,0.120,0.669,0,0,eGFP1
12993,16:57:10,0.098,0.526,0,0,eGFP1
12994,16:57:11,0.087,0.548,0,0,eGFP1
12995,16:57:11,0.121,0.670,0,0,eGFP1
12996,16:57:12,0.078,0.506,0,0,eGFP1
12997,16:57:13,0.098,0.690,0,0,eGFP1
12998,16:57:13,0.121,0.691,0,0,eGFP1
12999,16:57:14,0.120,0.746,0,0,eGFP1
13000,16:57:15,0.120,0.691,0,0,eGFP1
13001,16:57:16,0.109,0.811,0,0,eGFP1
13002,16:57:18,0.175,2.623,0,0,eGFP1
13003,16:57:19,0.109,0.625,0,0,eGFP1
13004,16:57:19,0.099,0.593,0,0,eGFP1
13005,16:57:20,0.098,0.537,0,0,eGFP1
13006,16:57:20,0.088,0.505,0,0,eGFP1
13007,16:57:21,0.076,0.570,0,0,eGFP1
13008,16:57:22,0.098,0.625,0,0,eGFP1
13009,16:57:22,0.110,0.527,0,0,eGFP1
13010,16:57:23,0.065,0.482,0,0,eGFP1
13011,16:57:23,0.109,0.812,0,0,eGFP1
13012,16:57:24,0.110,0.681,0,0,eGFP1
13013,16:57:25,0.120,0.668,0,0,eGFP1
13014,16:57:25,0.099,0.581,0,0,eGFP1
13015,16:57:26,0.112,0.759,0,0,eGFP1
13016,16:57:27,0.142,0.724,0,0,eGFP1
13017,16:57:27,0.109,0.603,0,0,eGFP1
13018,16:57:28,0.087,0.515,0,0,eGFP1
13019,16:57:29,0.087,0.724,0,0,eGFP1
13020,16:57:30,0.175,0.877,0,0,eGFP1
13021,16:57:31,0.132,0.922,0,0,eGFP1
13022,16:57:33,0.429,2.492,0,0,eGFP1
13023,16:57:34,0.274,1.492,0,0,eGFP1
13024,16:57:35,0.143,0.658,0,0,eGFP1
13025,16:57:36,0.088,0.593,0,0,eGFP1
13026,16:57:36,0.098,0.559,0,0,eGFP1
13027,16:57:37,0.088,0.570,0,0,eGFP1
13028,16:57:37,0.099,0.505,0,0,eGFP1
13029,16:57:38,0.078,0.462,0,0,eGFP1
13030,16:57:38,0.076,0.592,0,0,eGFP1
13031,16:57:39,0.110,0.658,0,0,eGFP1
13032,16:57:40,0.110,0.560,0,0,eGFP1
13033,16:57:40,0.076,0.548,0,0,eGFP1
13034,16:57:41,0.143,0.757,0,0,eGFP1
13035,16:57:42,0.110,0.713,0,0,eGFP1
13036,16:57:42,0.119,0.613,0,0,eGFP1
13037,16:57:43,0.089,0.605,0,0,eGFP1
13038,16:57:44,0.099,0.669,0,0,eGFP1
13039,16:57:44,0.110,0.538,0,0,eGFP1
13040,16:57:45,0.087,0.636,0,0,eGFP1
13041,16:57:45,0.120,0.702,0,0,eGFP1
13042,16:57:46,0.121,0.647,0,0,eGFP1
13043,16:57:47,0.099,0.637,0,0,eGFP1
13044,16:57:47,0.098,0.592,0,0,eGFP1
13045,16:57:48,0.078,0.561,0,0,eGFP1
13046,16:57:49,0.120,0.702,0,0,eGFP1
13047,16:57:49,0.098,0.515,0,0,eGFP1
13048,16:57:50,0.076,0.702,0,0,eGFP1
13049,16:57:51,0.176,0.747,0,0,eGFP1
13050,16:57:51,0.087,0.570,0,0,eGFP1
13051,16:57:52,0.109,0.658,0,0,eGFP1
13052,16:57:52,0.087,0.581,0,0,eGFP1
13053,16:57:53,0.089,0.605,0,0,eGFP1
13054,16:57:54,0.099,0.604,0,0,eGFP1
13055,16:57:54,0.109,0.779,0,0,eGFP1
13056,16:57:55,0.123,0.627,0,0,eGFP1
13057,16:57:56,0.099,0.758,0,0,eGFP1
13058,16:57:56,0.131,0.669,0,0,eGFP1
13059,16:57:57,0.088,0.560,0,0,eGFP1
13060,16:57:58,0.098,0.724,0,0,eGFP1
13061,16:57:58,0.122,0.605,0,0,eGFP1
13062,16:57:59,0.089,0.495,0,0,eGFP1
13063,16:58:00,0.109,0.987,0,0,eGFP1
13064,16:58:00,0.132,0.626,0,0,eGFP1
13065,16:58:01,0.077,0.505,0,0,eGFP1
13066,16:58:02,0.098,0.757,0,0,eGFP1
13067,16:58:02,0.121,0.636,0,0,eGFP1
13068,16:58:03,0.099,0.637,0,0,eGFP1
13069,16:58:04,0.144,0.868,0,0,eGFP1
13070,16:58:04,0.110,0.582,0,0,eGFP1
13071,16:58:05,0.088,0.680,0,0,eGFP1
13072,16:58:06,0.132,0.768,0,0,eGFP1
13073,16:58:06,0.110,0.604,0,0,eGFP1
13074,16:58:07,0.099,0.527,0,0,eGFP1
13075,16:58:08,0.077,0.702,0,0,eGFP1
13076,16:58:08,0.133,0.726,0,0,eGFP1
13077,16:58:09,0.122,0.682,0,0,eGFP1
13078,16:58:10,0.131,0.757,0,0,eGFP1
13079,16:58:10,0.121,0.637,0,0,eGFP1
13080,16:58:11,0.098,0.614,0,0,eGFP1
13081,16:58:12,0.099,0.659,0,0,eGFP1
13082,16:58:12,0.121,0.735,0,0,eGFP1
13083,16:58:13,0.110,0.571,0,0,eGFP1
13084,16:58:14,0.088,0.604,0,0,eGFP1
13085,16:58:14,0.120,0.746,0,0,eGFP1
13086,16:58:15,0.122,0.649,0,0,eGFP1
13087,16:58:16,0.099,0.691,0,0,eGFP1
13088,16:58:16,0.143,0.769,0,0,eGFP1
13089,16:58:17,0.122,0.802,0,0,eGFP1
13090,16:58:18,0.143,0.747,0,0,eGFP1
13091,16:58:19,0.099,0.614,0,0,eGFP1
13092,16:58:19,0.099,0.747,0,0,eGFP1
13093,16:58:20,0.264,0.670,0,0,eGFP1
13094,16:58:22,1.252,2.251,0,0,eGFP1
13095,16:58:24,0.165,1.218,0,0,eGFP1
13096,16:58:25,0.231,1.065,0,0,eGFP1
13097,16:58:26,0.143,0.911,0,0,eGFP1
13098,16:58:30,0.187,4.708,0,0,eGFP1
13099,16:58:32,0.231,1.306,0,0,eGFP1
13100,16:58:32,0.165,0.758,0,0,eGFP1
13101,16:58:33,0.110,0.758,0,0,eGFP1
13102,16:58:34,0.144,0.693,0,0,eGFP1
13103,16:58:34,0.089,0.649,0,0,eGFP1
13104,16:58:35,0.099,0.604,0,0,eGFP1
13105,16:58:36,0.099,0.779,0,0,eGFP1
13106,16:58:39,0.187,3.358,0,0,eGFP1
13107,16:58:40,0.111,1.087,0,0,eGFP1
13108,16:58:41,0.209,1.032,0,0,eGFP1
13109,16:58:42,0.121,0.582,0,0,eGFP1
13110,16:58:42,0.090,0.584,0,0,eGFP1
13111,16:58:43,0.120,0.735,0,0,eGFP1
13112,16:58:44,0.109,0.570,0,0,eGFP1
13113,16:58:44,0.077,0.571,0,0,eGFP1
13114,16:58:45,0.088,0.538,0,0,eGFP1
13115,16:58:46,0.077,0.933,0,0,eGFP1
13116,16:58:47,0.275,0.845,0,0,eGFP1
13117,16:58:47,0.088,0.593,0,0,eGFP1
13118,16:58:48,0.100,0.692,0,0,eGFP1
13119,16:58:48,0.110,0.593,0,0,eGFP1
13120,16:58:49,0.077,0.483,0,0,eGFP1
13121,16:58:50,0.099,0.757,0,0,eGFP1
13122,16:58:50,0.099,0.571,0,0,eGFP1
13123,16:58:51,0.098,0.669,0,0,eGFP1
13124,16:58:52,0.132,0.681,0,0,eGFP1
13125,16:58:52,0.109,0.680,0,0,eGFP1
13126,16:58:53,0.133,0.649,0,0,eGFP1
13127,16:58:54,0.099,0.735,0,0,eGFP1
13128,16:58:55,0.121,1.251,0,0,eGFP1
13129,16:58:56,0.253,0.845,0,0,eGFP1
13130,16:58:56,0.101,0.583,0,0,eGFP1
13131,16:58:57,0.111,0.703,0,0,eGFP1
13132,16:58:58,0.100,0.626,0,0,eGFP1
13133,16:58:58,0.111,0.681,0,0,eGFP1
13134,16:58:59,0.123,0.880,0,0,eGFP1
13135,16:59:00,0.165,0.736,0,0,eGFP1
13136,16:59:01,0.089,0.517,0,0,eGFP1
13137,16:59:01,0.080,0.508,0,0,eGFP1
13138,16:59:02,0.088,0.571,0,0,eGFP1
13139,16:59:02,0.099,0.571,0,0,eGFP1
13140,16:59:03,0.089,0.582,0,0,eGFP1
13141,16:59:03,0.100,0.616,0,0,eGFP1
13142,16:59:04,0.100,0.616,0,0,eGFP1
13143,16:59:05,0.112,0.715,0,0,eGFP1
13144,16:59:05,0.122,0.791,0,0,eGFP1
13145,16:59:06,0.111,0.703,0,0,eGFP1
13146,16:59:07,0.111,0.747,0,0,eGFP1
13147,16:59:08,0.111,0.582,0,0,eGFP1
13148,16:59:08,0.078,0.594,0,0,eGFP1
13149,16:59:09,0.209,0.922,0,0,eGFP1
13150,16:59:10,0.100,0.605,0,0,eGFP1
13151,16:59:10,0.078,0.484,0,0,eGFP1
13152,16:59:11,0.089,0.594,0,0,eGFP1
13153,16:59:12,0.132,0.835,0,0,eGFP1
13154,16:59:12,0.110,0.604,0,0,eGFP1
13155,16:59:13,0.088,0.527,0,0,eGFP1
13156,16:59:13,0.100,0.704,0,0,eGFP1
13157,16:59:14,0.122,0.616,0,0,eGFP1
13158,16:59:15,0.078,0.637,0,0,eGFP1
13159,16:59:15,0.167,0.804,0,0,eGFP1
13160,16:59:16,0.088,0.560,0,0,eGFP1
13161,16:59:17,0.144,0.912,0,0,eGFP1
13162,16:59:17,0.110,0.560,0,0,eGFP1
13163,16:59:18,0.078,0.550,0,0,eGFP1
13164,16:59:19,0.121,0.725,0,0,eGFP1
13165,16:59:20,0.122,0.791,0,0,eGFP1
13166,16:59:20,0.122,0.714,0,0,eGFP1
13167,16:59:21,0.112,0.738,0,0,eGFP1
13168,16:59:22,0.110,0.626,0,0,eGFP1
13169,16:59:22,0.089,0.758,0,0,eGFP1
13170,16:59:23,0.123,0.672,0,0,eGFP1
13171,16:59:24,0.110,0.637,0,0,eGFP1
13172,16:59:24,0.078,0.528,0,0,eGFP1
13173,16:59:25,0.110,1.010,0,0,eGFP1
13174,16:59:26,0.199,0.879,0,0,eGFP1
13175,16:59:27,0.104,0.675,0,0,eGFP1
13176,16:59:27,0.099,0.615,0,0,eGFP1
13177,16:59:28,0.110,0.724,0,0,eGFP1
13178,16:59:29,0.133,0.802,0,0,eGFP1
13179,16:59:30,0.220,1.109,0,0,eGFP1
13180,16:59:31,0.110,0.615,0,0,eGFP1
13181,16:59:31,0.099,0.659,0,0,eGFP1
13182,16:59:32,0.121,0.824,0,0,eGFP1
13183,16:59:33,0.123,0.639,0,0,eGFP1
13184,16:59:33,0.090,0.627,0,0,eGFP1
13185,16:59:34,0.122,0.594,0,0,eGFP1
13186,16:59:34,0.078,0.451,0,0,eGFP1
13187,16:59:35,0.078,0.791,0,0,eGFP1
13188,16:59:36,0.166,0.748,0,0,eGFP1
13189,16:59:37,0.077,0.538,0,0,eGFP1
13190,16:59:37,0.089,0.583,0,0,eGFP1
13191,16:59:51,0.090,13.720,0,0,eGFP1
13192,16:59:51,0.122,0.648,0,0,eGFP1
13193,16:59:52,0.122,0.989,0,0,eGFP1
13194,16:59:54,0.155,1.132,0,0,eGFP1
13195,16:59:59,0.275,5.312,0,0,eGFP1
13196,17:00:02,0.484,2.668,0,0,eGFP1
13197,17:00:02,0.189,0.891,0,0,eGFP1
13198,17:00:03,0.133,0.748,0,0,eGFP1
13199,17:00:04,0.112,0.716,0,0,eGFP1
13200,17:00:05,0.132,0.681,0,0,eGFP1
13201,17:00:05,0.100,0.791,0,0,eGFP1
13202,17:00:06,0.155,0.869,0,0,eGFP1
13203,17:00:07,0.110,0.703,0,0,eGFP1
13204,17:00:08,0.100,1.143,0,0,eGFP1
13205,17:00:09,0.220,0.791,0,0,eGFP1
13206,17:00:10,0.089,1.109,0,0,eGFP1
13207,17:00:11,0.166,1.143,0,0,eGFP1
13208,17:00:12,0.132,0.680,0,0,eGFP1
13209,17:00:13,0.122,0.934,0,0,eGFP1
13210,17:00:13,0.122,0.638,0,0,eGFP1
13211,17:00:14,0.112,0.902,0,0,eGFP1
13212,17:00:15,0.111,0.704,0,0,eGFP1
13213,17:00:16,0.166,0.791,0,0,eGFP1
13214,17:00:17,0.133,0.825,0,0,eGFP1
13215,17:00:17,0.089,0.659,0,0,eGFP1
13216,17:00:18,0.157,0.760,0,0,eGFP1
13217,17:00:19,0.089,0.572,0,0,eGFP1
13218,17:00:19,0.122,0.660,0,0,eGFP1
13219,17:00:20,0.089,0.561,0,0,eGFP1
13220,17:00:21,0.100,0.770,0,0,eGFP1
13221,17:00:21,0.100,0.583,0,0,eGFP1
13222,17:00:22,0.100,0.725,0,0,eGFP1
13223,17:00:23,0.111,0.649,0,0,eGFP1
13224,17:00:23,0.139,0.797,0,0,eGFP1
13225,17:00:24,0.111,0.604,0,0,eGFP1
13226,17:00:28,0.144,3.974,0,0,eGFP1
13227,17:00:29,0.176,0.758,0,0,eGFP1
13228,17:00:30,0.132,0.802,0,0,eGFP1
13229,17:00:30,0.099,0.571,0,0,eGFP1
13230,17:00:31,0.099,0.659,0,0,eGFP1
13231,17:00:31,0.100,0.604,0,0,eGFP1
13232,17:00:32,0.112,0.749,0,0,eGFP1
13233,17:00:33,0.099,0.549,0,0,eGFP1
13234,17:00:34,0.111,0.868,0,0,eGFP1
13235,17:00:34,0.099,0.582,0,0,eGFP1
13236,17:00:35,0.100,0.626,0,0,eGFP1
13237,17:00:35,0.089,0.572,0,0,eGFP1
13238,17:00:36,0.112,0.902,0,0,eGFP1
13239,17:00:45,0.539,8.725,0,0,eGFP1
13240,17:00:46,0.420,1.145,0,0,eGFP1
13241,17:00:47,0.099,0.791,0,0,eGFP1
13242,17:00:48,0.132,0.670,0,0,eGFP1
13243,17:00:48,0.099,0.571,0,0,eGFP1
13244,17:00:49,0.078,0.616,0,0,eGFP1
13245,17:00:49,0.099,0.582,0,0,eGFP1
13246,17:00:50,0.089,0.714,0,0,eGFP1
13247,17:00:51,0.133,0.638,0,0,eGFP1
13248,17:00:51,0.080,0.650,0,0,eGFP1
13249,17:00:52,0.199,0.803,0,0,eGFP1
13250,17:00:53,0.078,0.726,0,0,eGFP1
13251,17:00:54,0.156,0.683,0,0,eGFP1
13252,17:00:54,0.089,0.715,0,0,eGFP1
13253,17:00:55,0.100,0.583,0,0,eGFP1
13254,17:00:56,0.122,0.792,0,0,eGFP1
13255,17:00:56,0.100,0.528,0,0,eGFP1
13256,17:00:57,0.091,0.738,0,0,eGFP1
13257,17:00:57,0.144,0.627,0,0,eGFP1
13258,17:00:58,0.079,0.584,0,0,eGFP1
13259,17:00:59,0.244,0.946,0,0,eGFP1
13260,17:01:00,0.111,0.693,0,0,eGFP1
13261,17:01:01,0.166,0.825,0,0,eGFP1
13262,17:01:01,0.100,0.594,0,0,eGFP1
13263,17:01:02,0.111,0.594,0,0,eGFP1
13264,17:01:02,0.102,0.673,0,0,eGFP1
13265,17:01:03,0.167,0.848,0,0,eGFP1
13266,17:01:04,0.100,0.693,0,0,eGFP1
13267,17:01:05,0.199,0.846,0,0,eGFP1
13268,17:01:06,0.101,0.847,0,0,eGFP1
13269,17:01:06,0.144,0.682,0,0,eGFP1
13270,17:01:07,0.089,0.704,0,0,eGFP1
13271,17:01:08,0.100,0.583,0,0,eGFP1
13272,17:01:08,0.101,0.704,0,0,eGFP1
13273,17:01:09,0.102,0.651,0,0,eGFP1
13274,17:01:10,0.111,0.660,0,0,eGFP1
13275,17:01:11,0.122,0.967,0,0,eGFP1
13276,17:01:11,0.112,0.672,0,0,eGFP1
13277,17:01:12,0.166,1.055,0,0,eGFP1
13278,17:01:14,0.102,1.967,0,0,eGFP1
13279,17:01:15,0.123,0.693,0,0,eGFP1
13280,17:01:16,0.123,0.792,0,0,eGFP1
13281,17:01:16,0.102,0.640,0,0,eGFP1
13282,17:01:18,0.243,1.483,0,0,eGFP1
13283,17:01:19,0.101,0.693,0,0,eGFP1
13284,17:01:19,0.145,0.682,0,0,eGFP1
13285,17:01:20,0.112,0.847,0,0,eGFP1
13286,17:01:21,0.112,0.562,0,0,eGFP1
13287,17:01:21,0.078,0.550,0,0,eGFP1
13288,17:01:22,0.112,0.770,0,0,eGFP1
13289,17:01:23,0.091,0.574,0,0,eGFP1
13290,17:01:23,0.111,0.715,0,0,eGFP1
13291,17:01:24,0.124,0.662,0,0,eGFP1
13292,17:01:24,0.078,0.550,0,0,eGFP1
13293,17:01:25,0.112,0.803,0,0,eGFP1
13294,17:01:26,0.145,0.726,0,0,eGFP1
13295,17:01:27,0.090,0.639,0,0,eGFP1
13296,17:01:27,0.155,0.770,0,0,eGFP1
13297,17:01:28,0.091,0.584,0,0,eGFP1
13298,17:01:29,0.134,0.814,0,0,eGFP1
13299,17:01:29,0.101,0.551,0,0,eGFP1
13300,17:01:30,0.101,0.957,0,0,eGFP1
13301,17:01:31,0.112,0.616,0,0,eGFP1
13302,17:01:32,0.090,0.781,0,0,eGFP1
13303,17:01:32,0.123,0.617,0,0,eGFP1
13304,17:01:33,0.079,0.539,0,0,eGFP1
13305,17:01:34,0.148,0.916,0,0,eGFP1
13306,17:01:34,0.089,0.550,0,0,eGFP1
13307,17:01:35,0.078,0.638,0,0,eGFP1
13308,17:01:36,0.165,0.879,0,0,eGFP1
13309,17:01:37,0.100,0.769,0,0,eGFP1
13310,17:01:37,0.122,0.671,0,0,eGFP1
13311,17:01:38,0.089,0.605,0,0,eGFP1
13312,17:01:39,0.122,0.747,0,0,eGFP1
13313,17:01:39,0.102,0.651,0,0,eGFP1
13314,17:01:40,0.134,0.814,0,0,eGFP1
13315,17:01:41,0.101,0.639,0,0,eGFP1
13316,17:01:41,0.089,0.638,0,0,eGFP1
13317,17:01:42,0.132,0.746,0,0,eGFP1
13318,17:01:43,0.088,0.570,0,0,eGFP1
13319,17:01:44,0.108,0.866,0,0,eGFP1
13320,17:01:44,0.129,0.656,0,0,eGFP1
13321,17:01:45,0.099,0.614,0,0,eGFP1
13322,17:01:46,0.119,1.239,0,0,eGFP1
13323,17:01:47,0.195,0.975,0,0,eGFP1
13324,17:01:48,0.097,0.634,0,0,eGFP1
13325,17:01:48,0.097,0.679,0,0,eGFP1
13326,17:01:49,0.119,0.799,0,0,eGFP1
13327,17:01:50,0.119,0.668,0,0,eGFP1
13328,17:01:50,0.097,0.602,0,0,eGFP1
13329,17:01:51,0.131,0.724,0,0,eGFP1
13330,17:01:52,0.097,0.536,0,0,eGFP1
13331,17:01:53,0.086,0.854,0,0,eGFP1
13332,17:01:54,0.197,1.097,0,0,eGFP1
13333,17:01:54,0.141,0.668,0,0,eGFP1
13334,17:01:55,0.086,0.602,0,0,eGFP1
13335,17:01:56,0.108,0.689,0,0,eGFP1
13336,17:01:56,0.108,0.591,0,0,eGFP1
13337,17:01:57,0.108,0.767,0,0,eGFP1
13338,17:01:58,0.109,0.614,0,0,eGFP1
13339,17:01:58,0.097,0.689,0,0,eGFP1
13340,17:01:59,0.141,1.118,0,0,eGFP1
13341,17:02:00,0.153,0.789,0,0,eGFP1
13342,17:02:01,0.097,0.558,0,0,eGFP1
13343,17:02:01,0.097,0.745,0,0,eGFP1
13344,17:02:02,0.141,0.679,0,0,eGFP1
13345,17:02:03,0.109,0.866,0,0,eGFP1
13346,17:02:04,0.121,0.768,0,0,eGFP1
13347,17:02:08,3.006,3.796,0,0,eGFP1
13348,17:02:08,0.097,0.799,0,0,eGFP1
13349,17:02:09,0.163,0.690,0,0,eGFP1
13350,17:02:10,0.086,0.668,0,0,eGFP1
13351,17:02:10,0.108,0.569,0,0,eGFP1
13352,17:02:11,0.075,0.514,0,0,eGFP1
13353,17:02:12,0.152,0.931,0,0,eGFP1
13354,17:02:12,0.099,0.549,0,0,eGFP1
13355,17:02:13,0.097,0.734,0,0,eGFP1
13356,17:02:14,0.097,0.558,0,0,eGFP1
13357,17:02:14,0.097,0.668,0,0,eGFP1
13358,17:02:15,0.097,0.558,0,0,eGFP1
13359,17:02:15,0.076,0.548,0,0,eGFP1
13360,17:02:16,0.098,0.679,0,0,eGFP1
13361,17:02:17,0.119,0.646,0,0,eGFP1
13362,17:02:17,0.088,0.516,0,0,eGFP1
13363,17:02:18,0.119,0.832,0,0,eGFP1
13364,17:02:19,0.098,0.613,0,0,eGFP1
13365,17:02:19,0.098,0.548,0,0,eGFP1
13366,17:02:20,0.075,0.481,0,0,eGFP1
13367,17:02:21,0.097,0.822,0,0,eGFP1
13368,17:02:21,0.119,0.602,0,0,eGFP1
13369,17:02:22,0.086,0.547,0,0,eGFP1
13370,17:02:22,0.110,0.812,0,0,eGFP1
13371,17:02:23,0.141,0.646,0,0,eGFP1
13372,17:02:24,0.088,0.691,0,0,eGFP1
13373,17:02:25,0.163,0.888,0,0,eGFP1
13374,17:02:26,0.119,0.854,0,0,eGFP1
13375,17:02:26,0.108,0.624,0,0,eGFP1
13376,17:02:27,0.097,0.701,0,0,eGFP1
13377,17:02:28,0.141,0.701,0,0,eGFP1
13378,17:02:28,0.099,0.680,0,0,eGFP1
13379,17:02:29,0.131,0.679,0,0,eGFP1
13380,17:02:30,0.109,0.921,0,0,eGFP1
13381,17:02:31,0.197,0.822,0,0,eGFP1
13382,17:02:31,0.087,0.756,0,0,eGFP1
13383,17:02:32,0.131,0.625,0,0,eGFP1
13384,17:02:33,0.097,0.646,0,0,eGFP1
13385,17:02:34,0.141,0.810,0,0,eGFP1
13386,17:02:34,0.101,0.594,0,0,eGFP1
13387,17:02:35,0.109,0.723,0,0,eGFP1
13388,17:02:35,0.120,0.647,0,0,eGFP1
13389,17:02:36,0.108,0.854,0,0,eGFP1
13390,17:02:37,0.120,0.592,0,0,eGFP1
13391,17:02:38,0.086,0.734,0,0,eGFP1
13392,17:02:39,0.163,0.997,0,0,eGFP1
13393,17:02:42,1.700,2.940,0,0,eGFP1
13394,17:02:42,0.099,0.549,0,0,eGFP1
13395,17:02:43,0.108,0.788,0,0,eGFP1
13396,17:02:44,0.109,0.625,0,0,eGFP1
13397,17:02:44,0.097,0.646,0,0,eGFP1
13398,17:02:45,0.130,0.646,0,0,eGFP1
13399,17:02:45,0.077,0.626,0,0,eGFP1
13400,17:02:46,0.163,0.767,0,0,eGFP1
13401,17:02:47,0.086,0.569,0,0,eGFP1
13402,17:02:48,0.087,0.712,0,0,eGFP1
13403,17:02:48,0.132,0.714,0,0,eGFP1
13404,17:02:49,0.119,0.756,0,0,eGFP1
13405,17:02:50,0.109,0.613,0,0,eGFP1
13406,17:02:50,0.087,0.581,0,0,eGFP1
13407,17:02:51,0.097,0.756,0,0,eGFP1
13408,17:02:52,0.141,0.668,0,0,eGFP1
13409,17:02:52,0.087,0.756,0,0,eGFP1
13410,17:02:53,0.142,0.690,0,0,eGFP1
13411,17:02:54,0.099,0.791,0,0,eGFP1
13412,17:02:54,0.108,0.558,0,0,eGFP1
13413,17:02:55,0.077,0.604,0,0,eGFP1
13414,17:02:56,0.175,0.943,0,0,eGFP1
13415,17:02:57,0.108,0.657,0,0,eGFP1
13416,17:02:57,0.131,0.690,0,0,eGFP1
13417,17:02:58,0.087,0.669,0,0,eGFP1
13418,17:03:01,1.853,2.643,0,0,eGFP1
13419,17:03:01,0.099,0.692,0,0,eGFP1
13420,17:03:02,0.130,0.723,0,0,eGFP1
13421,17:03:03,0.098,0.515,0,0,eGFP1
13422,17:03:03,0.087,0.712,0,0,eGFP1
13423,17:03:04,0.164,0.745,0,0,eGFP1
13424,17:03:05,0.087,0.537,0,0,eGFP1
13425,17:03:05,0.120,0.899,0,0,eGFP1
13426,17:03:06,0.099,0.549,0,0,eGFP1
13427,17:03:07,0.099,0.615,0,0,eGFP1
13428,17:03:07,0.131,0.844,0,0,eGFP1
13429,17:03:08,0.131,0.701,0,0,eGFP1
13430,17:03:09,0.120,0.899,0,0,eGFP1
13431,17:03:10,0.131,0.910,0,0,eGFP1
13432,17:03:11,0.142,0.877,0,0,eGFP1
13433,17:03:12,0.142,0.877,0,0,eGFP1
13434,17:03:13,0.141,0.954,0,0,eGFP1
13435,17:03:13,0.132,0.669,0,0,eGFP1
13436,17:03:14,0.087,0.537,0,0,eGFP1
13437,17:03:14,0.076,0.602,0,0,eGFP1
13438,17:03:15,0.131,0.778,0,0,eGFP1
13439,17:03:16,0.098,0.515,0,0,eGFP1
13440,17:03:18,0.099,2.052,0,0,eGFP1
13441,17:03:19,0.131,0.789,0,0,eGFP1
13442,17:03:19,0.142,0.690,0,0,eGFP1
13443,17:03:20,0.077,0.571,0,0,eGFP1
13444,17:03:21,0.175,0.987,0,0,eGFP1
13445,17:03:21,0.098,0.537,0,0,eGFP1
13446,17:03:25,0.108,3.828,0,0,eGFP1
13447,17:03:29,0.570,4.191,0,0,eGFP1
13448,17:03:38,0.296,8.449,0,0,eGFP1
13449,17:03:40,0.658,2.534,0,0,eGFP1
13450,17:03:42,0.252,1.733,0,0,eGFP1
13451,17:03:44,0.110,2.261,0,0,eGFP1
13452,17:03:48,0.274,3.851,0,0,eGFP1
13453,17:03:49,0.154,0.900,0,0,eGFP1
13454,17:03:50,0.131,0.669,0,0,eGFP1
13455,17:03:51,0.098,0.712,0,0,eGFP1
13456,17:03:51,0.208,0.867,0,0,eGFP1
13457,17:03:52,0.098,0.559,0,0,eGFP1
13458,17:03:53,0.098,0.778,0,0,eGFP1
13459,17:03:53,0.121,0.604,0,0,eGFP1
13460,17:03:54,0.087,0.570,0,0,eGFP1
13461,17:03:54,0.087,0.493,0,0,eGFP1
13462,17:03:55,0.076,0.592,0,0,eGFP1
13463,17:03:56,0.121,0.637,0,0,eGFP1
13464,17:03:56,0.098,0.602,0,0,eGFP1
13465,17:03:57,0.120,0.724,0,0,eGFP1
13466,17:03:58,0.109,0.559,0,0,eGFP1
13467,17:03:58,0.088,0.538,0,0,eGFP1
13468,17:03:59,0.111,0.890,0,0,eGFP1
13469,17:04:00,0.120,0.658,0,0,eGFP1
13470,17:04:00,0.120,0.822,0,0,eGFP1
13471,17:04:01,0.120,0.746,0,0,eGFP1
13472,17:04:02,0.120,0.657,0,0,eGFP1
13473,17:04:02,0.098,0.581,0,0,eGFP1
13474,17:04:03,0.087,0.526,0,0,eGFP1
13475,17:04:03,0.088,0.516,0,0,eGFP1
13476,17:04:04,0.099,0.615,0,0,eGFP1
13477,17:04:05,0.109,0.800,0,0,eGFP1
13478,17:04:05,0.120,0.614,0,0,eGFP1
13479,17:04:06,0.087,0.647,0,0,eGFP1
13480,17:04:07,0.111,0.659,0,0,eGFP1
13481,17:04:08,0.120,0.724,0,0,eGFP1
13482,17:04:08,0.120,0.790,0,0,eGFP1
13483,17:04:09,0.109,0.614,0,0,eGFP1
13484,17:04:09,0.099,0.582,0,0,eGFP1
13485,17:04:10,0.098,0.746,0,0,eGFP1
13486,17:04:11,0.120,0.723,0,0,eGFP1
13487,17:04:12,0.099,0.548,0,0,eGFP1
13488,17:04:12,0.099,0.867,0,0,eGFP1
13489,17:04:13,0.131,0.713,0,0,eGFP1
13490,17:04:14,0.087,0.504,0,0,eGFP1
13491,17:04:14,0.087,0.713,0,0,eGFP1
13492,17:04:15,0.143,0.802,0,0,eGFP1
13493,17:04:16,0.120,0.658,0,0,eGFP1
13494,17:04:20,0.143,3.896,0,0,eGFP1
13495,17:04:21,0.329,0.943,0,0,eGFP1
13496,17:04:21,0.110,0.812,0,0,eGFP1
13497,17:04:22,0.109,0.570,0,0,eGFP1
13498,17:04:23,0.099,0.713,0,0,eGFP1
13499,17:04:23,0.120,0.702,0,0,eGFP1
13500,17:04:24,0.100,0.517,0,0,eGFP1
13501,17:04:25,0.087,0.701,0,0,eGFP1
13502,17:04:25,0.153,0.823,0,0,eGFP1
13503,17:04:26,0.110,0.538,0,0,eGFP1
13504,17:04:27,0.076,0.537,0,0,eGFP1
13505,17:04:27,0.153,0.910,0,0,eGFP1
13506,17:04:28,0.109,0.625,0,0,eGFP1
13507,17:04:29,0.111,0.593,0,0,eGFP1
13508,17:04:29,0.089,0.572,0,0,eGFP1
13509,17:04:30,0.109,0.581,0,0,eGFP1
13510,17:04:30,0.088,0.702,0,0,eGFP1
13511,17:04:31,0.143,0.768,0,0,eGFP1
13512,17:04:32,0.088,0.527,0,0,eGFP1
13513,17:04:33,0.109,0.712,0,0,eGFP1
13514,17:04:33,0.121,0.867,0,0,eGFP1
13515,17:04:34,0.175,0.889,0,0,eGFP1
13516,17:04:35,0.132,0.769,0,0,eGFP1
13517,17:04:36,0.087,0.515,0,0,eGFP1
13518,17:04:36,0.088,0.933,0,0,eGFP1
13519,17:04:38,1.196,1.876,0,0,eGFP1
13520,17:04:39,0.099,0.735,0,0,eGFP1
13521,17:04:40,0.111,0.583,0,0,eGFP1
13522,17:04:40,0.087,0.559,0,0,eGFP1
13523,17:04:41,0.110,0.713,0,0,eGFP1
13524,17:04:41,0.100,0.539,0,0,eGFP1
13525,17:04:42,0.110,0.636,0,0,eGFP1
13526,17:04:43,0.088,0.724,0,0,eGFP1
13527,17:04:44,0.132,0.691,0,0,eGFP1
13528,17:04:44,0.088,0.505,0,0,eGFP1
13529,17:04:45,0.088,0.823,0,0,eGFP1
13530,17:04:46,0.175,0.867,0,0,eGFP1
13531,17:04:46,0.109,0.757,0,0,eGFP1
13532,17:04:47,0.131,0.713,0,0,eGFP1
13533,17:04:48,0.122,0.593,0,0,eGFP1
13534,17:04:49,0.089,0.792,0,0,eGFP1
13535,17:04:49,0.142,0.790,0,0,eGFP1
13536,17:04:50,0.120,0.801,0,0,eGFP1
13537,17:04:51,0.120,0.691,0,0,eGFP1
13538,17:04:52,0.109,0.768,0,0,eGFP1
13539,17:04:52,0.109,0.724,0,0,eGFP1
13540,17:04:53,0.131,0.834,0,0,eGFP1
13541,17:04:54,0.111,0.747,0,0,eGFP1
13542,17:04:55,0.099,0.768,0,0,eGFP1
13543,17:04:56,0.121,0.834,0,0,eGFP1
13544,17:04:56,0.132,0.736,0,0,eGFP1
13545,17:04:57,0.098,0.746,0,0,eGFP1
13546,17:04:58,0.120,0.625,0,0,eGFP1
13547,17:04:58,0.089,0.692,0,0,eGFP1
13548,17:04:59,0.143,0.856,0,0,eGFP1
13549,17:05:00,0.122,0.736,0,0,eGFP1
13550,17:05:01,0.153,0.812,0,0,eGFP1
13551,17:05:01,0.120,0.592,0,0,eGFP1
13552,17:05:02,0.087,0.724,0,0,eGFP1
13553,17:05:03,0.142,0.778,0,0,eGFP1
13554,17:05:04,0.121,0.845,0,0,eGFP1
13555,17:05:04,0.164,0.768,0,0,eGFP1
13556,17:05:05,0.109,0.680,0,0,eGFP1
13557,17:05:06,0.111,0.780,0,0,eGFP1
13558,17:05:07,0.142,0.735,0,0,eGFP1
13559,17:05:07,0.109,0.702,0,0,eGFP1
13560,17:05:08,0.153,0.899,0,0,eGFP1
13561,17:05:09,0.144,1.066,0,0,eGFP1
13562,17:05:10,0.164,0.812,0,0,eGFP1
13563,17:05:11,0.121,0.713,0,0,eGFP1
13564,17:05:12,0.110,0.725,0,0,eGFP1
13565,17:05:12,0.133,0.725,0,0,eGFP1
13566,17:05:13,0.110,0.636,0,0,eGFP1
13567,17:06:37,0.121,84.182,0,0,eGFP1
13568,17:06:39,0.932,1.701,0,0,eGFP1
13569,17:06:40,0.109,0.735,0,0,eGFP1
13570,17:06:40,0.175,0.866,0,0,eGFP1
13571,17:06:41,0.154,0.911,0,0,eGFP1
13572,17:06:42,0.120,0.669,0,0,eGFP1
13573,17:06:43,0.089,0.748,0,0,eGFP1
13574,17:06:43,0.111,0.594,0,0,eGFP1
13575,17:06:44,0.088,0.581,0,0,eGFP1
13576,17:06:45,0.099,0.747,0,0,eGFP1
13577,17:06:45,0.110,0.560,0,0,eGFP1
13578,17:06:46,0.077,0.603,0,0,eGFP1
13579,17:06:47,0.176,0.846,0,0,eGFP1
13580,17:06:47,0.099,0.713,0,0,eGFP1
13581,17:06:48,0.133,0.682,0,0,eGFP1
13582,17:06:49,0.110,0.582,0,0,eGFP1
13583,17:06:49,0.088,0.560,0,0,eGFP1
13584,17:06:50,0.099,0.724,0,0,eGFP1
13585,17:06:51,0.122,0.726,0,0,eGFP1
13586,17:06:51,0.099,0.681,0,0,eGFP1
13587,17:06:52,0.099,0.560,0,0,eGFP1
13588,17:06:53,0.089,0.627,0,0,eGFP1
13589,17:06:53,0.133,0.682,0,0,eGFP1
13590,17:06:54,0.088,0.648,0,0,eGFP1
13591,17:06:55,0.143,0.746,0,0,eGFP1
13592,17:06:55,0.121,0.659,0,0,eGFP1
13593,17:06:56,0.088,0.604,0,0,eGFP1
13594,17:06:56,0.110,0.560,0,0,eGFP1
13595,17:06:57,0.088,0.582,0,0,eGFP1
13596,17:06:58,0.110,0.856,0,0,eGFP1
13597,17:06:58,0.121,0.637,0,0,eGFP1
13598,17:06:59,0.122,0.748,0,0,eGFP1
13599,17:07:00,0.132,0.790,0,0,eGFP1
13600,17:07:01,0.209,1.021,0,0,eGFP1
13601,17:07:02,0.090,0.518,0,0,eGFP1
13602,17:07:02,0.077,0.549,0,0,eGFP1
13603,17:07:03,0.110,0.725,0,0,eGFP1
13604,17:07:03,0.088,0.593,0,0,eGFP1
13605,17:07:04,0.110,0.768,0,0,eGFP1
13606,17:07:05,0.123,0.661,0,0,eGFP1
13607,17:07:06,0.110,0.637,0,0,eGFP1
13608,17:07:06,0.099,0.724,0,0,eGFP1
13609,17:07:07,0.143,0.813,0,0,eGFP1
13610,17:07:08,0.099,0.571,0,0,eGFP1
13611,17:07:08,0.088,0.472,0,0,eGFP1
13612,17:07:09,0.089,0.747,0,0,eGFP1
13613,17:07:10,0.154,0.725,0,0,eGFP1
13614,17:07:10,0.100,0.704,0,0,eGFP1
13615,17:07:11,0.112,0.671,0,0,eGFP1
13616,17:07:12,0.110,0.670,0,0,eGFP1
13617,17:07:12,0.110,0.758,0,0,eGFP1
13618,17:07:13,0.099,0.571,0,0,eGFP1
13619,17:07:14,0.099,0.736,0,0,eGFP1
13620,17:07:14,0.121,0.659,0,0,eGFP1
13621,17:07:15,0.099,0.615,0,0,eGFP1
13622,17:07:18,0.112,2.877,0,0,eGFP1
13623,17:07:19,0.198,1.636,0,0,eGFP1
13624,17:07:20,0.176,0.758,0,0,eGFP1
13625,17:07:21,0.110,1.076,0,0,eGFP1
13626,17:07:22,0.187,0.769,0,0,eGFP1
13627,17:07:23,0.099,0.527,0,0,eGFP1
13628,17:07:23,0.079,0.672,0,0,eGFP1
13629,17:07:24,0.121,0.702,0,0,eGFP1
13630,17:07:25,0.112,0.639,0,0,eGFP1
13631,17:07:25,0.088,0.692,0,0,eGFP1
13632,17:07:26,0.142,0.713,0,0,eGFP1
13633,17:07:27,0.099,0.746,0,0,eGFP1
13634,17:07:27,0.099,0.516,0,0,eGFP1
13635,17:07:28,0.077,0.571,0,0,eGFP1
13636,17:07:29,0.132,0.857,0,0,eGFP1
13637,17:07:29,0.109,0.581,0,0,eGFP1
13638,17:07:30,0.079,0.573,0,0,eGFP1
13639,17:07:31,0.121,0.857,0,0,eGFP1
13640,17:07:31,0.121,0.802,0,0,eGFP1
13641,17:07:32,0.110,0.549,0,0,eGFP1
13642,17:07:33,0.079,0.474,0,0,eGFP1
13643,17:07:33,0.089,0.769,0,0,eGFP1
13644,17:07:34,0.154,0.736,0,0,eGFP1
13645,17:07:35,0.132,0.703,0,0,eGFP1
13646,17:07:35,0.331,0.562,0,0,eGFP1
13647,17:07:40,4.171,4.950,0,0,eGFP1
13648,17:07:41,0.088,0.516,0,0,eGFP1
13649,17:07:41,0.078,0.473,0,0,eGFP1
13650,17:07:42,0.089,0.681,0,0,eGFP1
13651,17:07:42,0.100,0.528,0,0,eGFP1
13652,17:07:43,0.088,0.670,0,0,eGFP1
13653,17:07:44,0.133,0.626,0,0,eGFP1
13654,17:07:44,0.079,0.496,0,0,eGFP1
13655,17:07:45,0.079,0.682,0,0,eGFP1
13656,17:07:45,0.100,0.517,0,0,eGFP1
13657,17:07:46,0.077,0.691,0,0,eGFP1
13658,17:07:47,0.132,0.736,0,0,eGFP1
13659,17:07:48,0.099,0.735,0,0,eGFP1
13660,17:07:48,0.121,0.692,0,0,eGFP1
13661,17:07:49,0.143,0.736,0,0,eGFP1
13662,17:07:50,0.099,0.637,0,0,eGFP1
13663,17:07:50,0.100,0.693,0,0,eGFP1
13664,17:07:51,0.088,0.615,0,0,eGFP1
13665,17:07:52,0.121,0.746,0,0,eGFP1
13666,17:07:52,0.111,0.649,0,0,eGFP1
13667,17:07:53,0.099,0.538,0,0,eGFP1
13668,17:07:54,0.088,0.758,0,0,eGFP1
13669,17:07:54,0.122,0.627,0,0,eGFP1
13670,17:07:55,0.089,0.670,0,0,eGFP1
13671,17:07:56,0.123,0.661,0,0,eGFP1
13672,17:07:56,0.089,0.484,0,0,eGFP1
13673,17:07:57,0.100,0.714,0,0,eGFP1
13674,17:07:57,0.111,0.616,0,0,eGFP1
13675,17:07:58,0.089,0.517,0,0,eGFP1
13676,17:07:59,0.088,0.560,0,0,eGFP1
13677,17:07:59,0.122,0.747,0,0,eGFP1
13678,17:08:00,0.089,0.517,0,0,eGFP1
13679,17:08:00,0.091,0.705,0,0,eGFP1
13680,17:08:01,0.177,0.835,0,0,eGFP1
13681,17:08:02,0.111,0.605,0,0,eGFP1
13682,17:08:03,0.090,0.628,0,0,eGFP1
13683,17:08:03,0.100,0.736,0,0,eGFP1
13684,17:08:04,0.122,0.758,0,0,eGFP1
13685,17:08:05,0.166,0.989,0,0,eGFP1
13686,17:08:06,0.144,0.791,0,0,eGFP1
13687,17:08:06,0.102,0.650,0,0,eGFP1
13688,17:08:07,0.089,0.605,0,0,eGFP1
13689,17:08:08,0.100,0.747,0,0,eGFP1
13690,17:08:08,0.133,0.671,0,0,eGFP1
13691,17:08:10,0.100,1.186,0,0,eGFP1
13692,17:08:10,0.177,0.803,0,0,eGFP1
13693,17:08:11,0.110,0.648,0,0,eGFP1
13694,17:08:12,0.111,0.682,0,0,eGFP1
13695,17:08:13,0.137,0.894,0,0,eGFP1
13696,17:08:13,0.112,0.573,0,0,eGFP1
13697,17:08:14,0.088,0.615,0,0,eGFP1
13698,17:08:15,0.154,0.878,0,0,eGFP1
13699,17:08:15,0.100,0.539,0,0,eGFP1
13700,17:08:16,0.088,0.714,0,0,eGFP1
13701,17:08:17,0.143,0.681,0,0,eGFP1
13702,17:08:17,0.088,0.725,0,0,eGFP1
13703,17:08:18,0.255,0.924,0,0,eGFP1
13704,17:08:19,0.089,0.550,0,0,eGFP1
13705,17:08:19,0.089,0.550,0,0,eGFP1
13706,17:08:20,0.100,0.638,0,0,eGFP1
13707,17:08:21,0.090,0.650,0,0,eGFP1
13708,17:08:21,0.100,0.594,0,0,eGFP1
13709,17:08:22,0.112,0.826,0,0,eGFP1
13710,17:08:23,0.111,0.615,0,0,eGFP1
13711,17:08:23,0.102,0.552,0,0,eGFP1
13712,17:08:24,0.078,0.714,0,0,eGFP1
13713,17:08:25,0.144,0.781,0,0,eGFP1
13714,17:08:25,0.100,0.616,0,0,eGFP1
13715,17:08:26,0.111,0.714,0,0,eGFP1
13716,17:08:27,0.144,0.847,0,0,eGFP1
13717,17:08:28,0.122,0.616,0,0,eGFP1
13718,17:08:28,0.089,0.605,0,0,eGFP1
13719,17:08:29,0.122,0.681,0,0,eGFP1
13720,17:08:29,0.088,0.527,0,0,eGFP1
13721,17:08:30,0.089,0.770,0,0,eGFP1
13722,17:08:31,0.133,0.616,0,0,eGFP1
13723,17:08:31,0.101,0.628,0,0,eGFP1
13724,17:08:32,0.111,0.682,0,0,eGFP1
13725,17:08:33,0.111,0.725,0,0,eGFP1
13726,17:08:34,0.144,0.781,0,0,eGFP1
13727,17:08:34,0.100,0.583,0,0,eGFP1
13728,17:08:35,0.102,0.716,0,0,eGFP1
13729,17:08:36,0.177,0.890,0,0,eGFP1
13730,17:08:37,0.123,0.825,0,0,eGFP1
13731,17:08:37,0.155,0.759,0,0,eGFP1
13732,17:08:38,0.100,0.714,0,0,eGFP1
13733,17:08:39,0.123,0.737,0,0,eGFP1
13734,17:08:40,0.144,0.770,0,0,eGFP1
13735,17:08:40,0.100,0.561,0,0,eGFP1
13736,17:08:41,0.081,0.695,0,0,eGFP1
13737,17:08:42,0.178,0.924,0,0,eGFP1
13738,17:08:43,0.144,0.824,0,0,eGFP1
13739,17:08:43,0.101,0.594,0,0,eGFP1
13740,17:08:44,0.101,0.891,0,0,eGFP1
13741,17:08:55,1.702,11.206,0,0,eGFP1
13742,17:08:59,0.704,3.765,0,0,eGFP1
13743,17:09:00,0.112,0.606,0,0,eGFP1
13744,17:09:01,0.101,0.979,0,0,eGFP1
13745,17:09:03,0.166,1.944,0,0,eGFP1
13746,17:09:03,0.133,0.594,0,0,eGFP1
13747,17:09:04,0.090,0.573,0,0,eGFP1
13748,17:09:04,0.111,0.682,0,0,eGFP1
13749,17:09:05,0.100,0.495,0,0,eGFP1
13750,17:09:05,0.069,0.486,0,0,eGFP1
13751,17:09:06,0.089,0.638,0,0,eGFP1
13752,17:09:07,0.124,0.694,0,0,eGFP1
13753,17:09:07,0.112,0.595,0,0,eGFP1
13754,17:09:08,0.089,0.561,0,0,eGFP1
13755,17:09:09,0.100,0.616,0,0,eGFP1
13756,17:09:09,0.089,0.583,0,0,eGFP1
13757,17:09:10,0.090,0.529,0,0,eGFP1
13758,17:09:10,0.089,0.627,0,0,eGFP1
13759,17:09:11,0.122,0.605,0,0,eGFP1
13760,17:09:12,0.091,0.618,0,0,eGFP1
13761,17:09:12,0.121,0.648,0,0,eGFP1
13762,17:09:13,0.089,0.550,0,0,eGFP1
13763,17:09:13,0.100,0.605,0,0,eGFP1
13764,17:09:14,0.088,0.494,0,0,eGFP1
13765,17:09:14,0.077,0.648,0,0,eGFP1
13766,17:09:15,0.132,0.681,0,0,eGFP1
13767,17:09:16,0.099,0.604,0,0,eGFP1
13768,17:09:16,0.123,0.660,0,0,eGFP1
13769,17:09:17,0.078,0.539,0,0,eGFP1
13770,17:09:18,0.100,0.682,0,0,eGFP1
13771,17:09:18,0.110,0.637,0,0,eGFP1
13772,17:09:19,0.089,0.572,0,0,eGFP1
13773,17:09:19,0.078,0.550,0,0,eGFP1
13774,17:09:20,0.132,0.835,0,0,eGFP1
13775,17:09:21,0.088,0.538,0,0,eGFP1
13776,17:09:21,0.081,0.739,0,0,eGFP1
13777,17:09:22,0.134,0.672,0,0,eGFP1
13778,17:09:23,0.089,0.814,0,0,eGFP1
13779,17:09:24,0.155,0.967,0,0,eGFP1
13780,17:09:25,0.177,0.726,0,0,eGFP1
13781,17:09:25,0.090,0.649,0,0,eGFP1
13782,17:09:26,0.123,0.705,0,0,eGFP1
13783,17:09:27,0.078,0.517,0,0,eGFP1
13784,17:09:27,0.101,0.715,0,0,eGFP1
13785,17:09:28,0.102,0.640,0,0,eGFP1
13786,17:09:29,0.101,0.726,0,0,eGFP1
13787,17:09:29,0.101,0.551,0,0,eGFP1
13788,17:09:30,0.092,0.707,0,0,eGFP1
13789,17:09:31,0.123,0.638,0,0,eGFP1
13790,17:09:31,0.091,0.563,0,0,eGFP1
13791,17:09:32,0.101,0.858,0,0,eGFP1
13792,17:09:33,0.112,0.606,0,0,eGFP1
13793,17:09:33,0.102,0.639,0,0,eGFP1
13794,17:09:34,0.101,0.694,0,0,eGFP1
13795,17:09:34,0.089,0.539,0,0,eGFP1
13796,17:09:35,0.101,0.792,0,0,eGFP1
13797,17:09:36,0.167,0.759,0,0,eGFP1
13798,17:09:37,0.101,0.770,0,0,eGFP1
13799,17:09:37,0.134,0.661,0,0,eGFP1
13800,17:09:38,0.101,0.858,0,0,eGFP1
13801,17:09:39,0.223,0.859,0,0,eGFP1
13802,17:09:40,0.101,0.693,0,0,eGFP1
13803,17:09:40,0.124,0.651,0,0,eGFP1
13804,17:09:41,0.112,0.639,0,0,eGFP1
13805,17:09:42,0.101,0.770,0,0,eGFP1
13806,17:09:43,0.123,0.781,0,0,eGFP1
13807,17:09:43,0.112,0.628,0,0,eGFP1
13808,17:09:44,0.089,0.517,0,0,eGFP1
13809,17:09:45,0.099,0.724,0,0,eGFP1
13810,17:09:45,0.163,0.855,0,0,eGFP1
13811,17:09:46,0.140,0.744,0,0,eGFP1
13812,17:09:47,0.108,0.723,0,0,eGFP1
13813,17:09:47,0.108,0.590,0,0,eGFP1
13814,17:09:48,0.086,0.547,0,0,eGFP1
13815,17:09:49,0.119,0.865,0,0,eGFP1
13816,17:09:49,0.130,0.624,0,0,eGFP1
13817,17:09:50,0.089,0.594,0,0,eGFP1
13818,17:09:51,0.130,0.942,0,0,eGFP1
13819,17:09:52,0.130,0.646,0,0,eGFP1
13820,17:09:52,0.097,0.623,0,0,eGFP1
13821,17:09:53,0.108,0.712,0,0,eGFP1
13822,17:09:54,0.130,0.865,0,0,eGFP1
13823,17:09:55,0.119,0.701,0,0,eGFP1
13824,17:09:55,0.097,0.536,0,0,eGFP1
13825,17:09:56,0.109,0.779,0,0,eGFP1
13826,17:09:56,0.097,0.612,0,0,eGFP1
13827,17:09:57,0.130,0.745,0,0,eGFP1
13828,17:09:58,0.097,0.624,0,0,eGFP1
13829,17:09:59,0.141,0.778,0,0,eGFP1
13830,17:09:59,0.120,0.625,0,0,eGFP1
13831,17:10:00,0.086,0.656,0,0,eGFP1
13832,17:10:01,0.109,0.646,0,0,eGFP1
13833,17:10:01,0.121,0.746,0,0,eGFP1
13834,17:10:02,0.119,0.723,0,0,eGFP1
13835,17:10:03,0.097,0.569,0,0,eGFP1
13836,17:10:03,0.086,0.635,0,0,eGFP1
13837,17:10:04,0.130,0.821,0,0,eGFP1
13838,17:10:05,0.207,0.942,0,0,eGFP1
13839,17:10:06,0.120,0.657,0,0,eGFP1
13840,17:10:07,0.119,0.866,0,0,eGFP1
13841,17:10:07,0.109,0.636,0,0,eGFP1
13842,17:10:08,0.119,0.646,0,0,eGFP1
13843,17:10:08,0.108,0.701,0,0,eGFP1
13844,17:10:11,0.120,2.370,0,0,eGFP1
13845,17:10:11,0.130,0.635,0,0,eGFP1
13846,17:10:12,0.086,0.536,0,0,eGFP1
13847,17:10:13,0.119,0.756,0,0,eGFP1
13848,17:10:14,0.130,0.733,0,0,eGFP1
13849,17:10:14,0.109,0.756,0,0,eGFP1
13850,17:10:15,0.132,0.724,0,0,eGFP1
13851,17:10:16,0.097,0.635,0,0,eGFP1
13852,17:10:16,0.097,0.668,0,0,eGFP1
13853,17:10:17,0.108,0.701,0,0,eGFP1
13854,17:10:18,0.097,0.613,0,0,eGFP1
13855,17:10:18,0.119,0.745,0,0,eGFP1
13856,17:10:19,0.108,0.558,0,0,eGFP1
13857,17:10:20,0.099,0.735,0,0,eGFP1
13858,17:10:20,0.121,0.724,0,0,eGFP1
13859,17:10:21,0.119,0.756,0,0,eGFP1
13860,17:10:22,0.141,1.063,0,0,eGFP1
13861,17:10:23,0.152,0.723,0,0,eGFP1
13862,17:10:24,0.097,0.756,0,0,eGFP1
13863,17:10:24,0.141,0.744,0,0,eGFP1
13864,17:10:25,0.098,0.690,0,0,eGFP1
13865,17:10:26,0.120,0.679,0,0,eGFP1
13866,17:10:27,0.121,0.714,0,0,eGFP1
13867,17:10:28,0.141,1.030,0,0,eGFP1
13868,17:14:33,0.229,245.509,0,0,eGFP1
13869,17:14:36,0.186,2.556,0,0,eGFP1
13870,17:14:37,0.229,1.261,0,0,eGFP1
13871,17:14:38,0.208,1.163,0,0,eGFP1
13872,17:14:41,0.108,3.291,0,0,eGFP1
13873,17:14:42,0.185,1.052,0,0,eGFP1
13874,17:14:44,0.318,1.218,0,0,eGFP1
13875,17:14:45,0.229,1.579,0,0,eGFP1
13876,17:14:46,0.196,0.821,0,0,eGFP1
13877,17:14:47,0.120,0.789,0,0,eGFP1
13878,17:14:48,0.141,0.822,0,0,eGFP1
13879,17:14:48,0.097,0.690,0,0,eGFP1
13880,17:14:49,0.152,0.843,0,0,eGFP1
13881,17:14:50,0.109,0.591,0,0,eGFP1
13882,17:14:50,0.088,0.637,0,0,eGFP1
13883,17:14:51,0.141,0.789,0,0,eGFP1
13884,17:14:52,0.087,0.537,0,0,eGFP1
13885,17:14:52,0.098,0.614,0,0,eGFP1
13886,17:14:53,0.130,0.657,0,0,eGFP1
13887,17:14:54,0.097,0.635,0,0,eGFP1
13888,17:14:54,0.141,0.756,0,0,eGFP1
13889,17:14:55,0.087,0.690,0,0,eGFP1
13890,17:14:56,0.121,0.648,0,0,eGFP1
13891,17:14:56,0.097,0.613,0,0,eGFP1
13892,17:14:58,0.152,1.447,0,0,eGFP1
13893,17:15:00,1.788,2.720,0,0,eGFP1
13894,17:15:01,0.153,0.723,0,0,eGFP1
13895,17:15:02,0.120,0.855,0,0,eGFP1
13896,17:15:03,0.109,0.635,0,0,eGFP1
13897,17:15:03,0.087,0.614,0,0,eGFP1
13898,17:15:04,0.089,0.561,0,0,eGFP1
13899,17:15:05,0.097,0.690,0,0,eGFP1
13900,17:15:05,0.098,0.526,0,0,eGFP1
13901,17:15:06,0.097,0.734,0,0,eGFP1
13902,17:15:07,0.141,0.723,0,0,eGFP1
13903,17:15:07,0.098,0.646,0,0,eGFP1
13904,17:15:08,0.109,0.592,0,0,eGFP1
13905,17:15:08,0.075,0.558,0,0,eGFP1
13906,17:15:09,0.121,0.747,0,0,eGFP1
13907,17:15:10,0.087,0.536,0,0,eGFP1
13908,17:15:10,0.087,0.570,0,0,eGFP1
13909,17:15:11,0.131,0.756,0,0,eGFP1
13910,17:15:11,0.111,0.561,0,0,eGFP1
13911,17:15:12,0.099,0.648,0,0,eGFP1
13912,17:15:13,0.130,0.800,0,0,eGFP1
13913,17:15:13,0.108,0.558,0,0,eGFP1
13914,17:15:14,0.098,0.767,0,0,eGFP1
13915,17:15:15,0.154,0.703,0,0,eGFP1
13916,17:15:15,0.076,0.515,0,0,eGFP1
13917,17:15:16,0.109,0.954,0,0,eGFP1
13918,17:15:17,0.130,0.723,0,0,eGFP1
13919,17:15:18,0.131,0.701,0,0,eGFP1
13920,17:15:18,0.098,0.570,0,0,eGFP1
13921,17:15:19,0.108,0.734,0,0,eGFP1
13922,17:15:20,0.120,0.603,0,0,eGFP1
13923,17:15:21,0.099,0.988,0,0,eGFP1
13924,17:15:21,0.119,0.580,0,0,eGFP1
13925,17:15:22,0.088,0.527,0,0,eGFP1
13926,17:15:23,0.109,0.833,0,0,eGFP1
13927,17:15:24,0.120,1.097,0,0,eGFP1
13928,17:15:25,0.218,0.789,0,0,eGFP1
13929,17:15:25,0.087,0.702,0,0,eGFP1
13930,17:15:26,0.130,0.635,0,0,eGFP1
13931,17:15:27,0.088,0.615,0,0,eGFP1
13932,17:15:29,0.142,2.600,0,0,eGFP1
13933,17:15:30,0.120,0.679,0,0,eGFP1
13934,17:15:31,0.131,0.834,0,0,eGFP1
13935,17:15:31,0.130,0.624,0,0,eGFP1
13936,17:15:32,0.087,0.570,0,0,eGFP1
13937,17:15:33,0.142,0.789,0,0,eGFP1
13938,17:15:33,0.088,0.593,0,0,eGFP1
13939,17:15:34,0.100,0.615,0,0,eGFP1
13940,17:15:34,0.120,0.603,0,0,eGFP1
13941,17:15:35,0.087,0.603,0,0,eGFP1
13942,17:15:36,0.142,0.723,0,0,eGFP1
13943,17:15:37,0.120,0.779,0,0,eGFP1
13944,17:15:37,0.108,0.657,0,0,eGFP1
13945,17:15:38,0.120,0.778,0,0,eGFP1
13946,17:15:39,0.142,0.812,0,0,eGFP1
13947,17:15:40,0.121,0.768,0,0,eGFP1
13948,17:15:42,0.131,2.370,0,0,eGFP1
13949,17:15:43,0.131,0.614,0,0,eGFP1
13950,17:15:43,0.098,0.658,0,0,eGFP1
13951,17:15:44,0.142,0.668,0,0,eGFP1
13952,17:15:44,0.089,0.627,0,0,eGFP1
13953,17:15:45,0.152,0.767,0,0,eGFP1
13954,17:15:46,0.087,0.570,0,0,eGFP1
13955,17:15:46,0.099,0.637,0,0,eGFP1
13956,17:15:47,0.087,0.636,0,0,eGFP1
13957,17:15:48,0.097,0.646,0,0,eGFP1
13958,17:15:49,0.109,1.744,0,0,eGFP1
13959,17:15:50,0.186,0.756,0,0,eGFP1
13960,17:15:51,0.109,0.877,0,0,eGFP1
13961,17:15:52,0.153,0.724,0,0,eGFP1
13962,17:15:52,0.087,0.493,0,0,eGFP1
13963,17:15:53,0.066,0.560,0,0,eGFP1
13964,17:15:54,0.098,0.647,0,0,eGFP1
13965,17:15:54,0.077,0.472,0,0,eGFP1
13966,17:15:55,0.088,0.779,0,0,eGFP1
13967,17:15:56,0.131,0.724,0,0,eGFP1
13968,17:15:56,0.098,0.712,0,0,eGFP1
13969,17:15:57,0.120,0.636,0,0,eGFP1
13970,17:15:57,0.076,0.515,0,0,eGFP1
13971,17:15:58,0.111,0.736,0,0,eGFP1
13972,17:15:59,0.109,0.647,0,0,eGFP1
13973,17:15:59,0.087,0.548,0,0,eGFP1
13974,17:16:00,0.109,0.713,0,0,eGFP1
13975,17:16:01,0.120,0.811,0,0,eGFP1
13976,17:16:01,0.110,0.570,0,0,eGFP1
13977,17:16:02,0.077,0.647,0,0,eGFP1
13978,17:16:03,0.186,0.790,0,0,eGFP1
13979,17:16:03,0.088,0.560,0,0,eGFP1
13980,17:16:04,0.110,0.736,0,0,eGFP1
13981,17:16:05,0.109,0.647,0,0,eGFP1
13982,17:16:06,0.131,0.778,0,0,eGFP1
13983,17:16:06,0.087,0.614,0,0,eGFP1
13984,17:16:07,0.120,0.701,0,0,eGFP1
13985,17:16:07,0.109,0.603,0,0,eGFP1
13986,17:16:08,0.076,0.482,0,0,eGFP1
13987,17:16:09,0.098,0.636,0,0,eGFP1
13988,17:16:09,0.110,0.604,0,0,eGFP1
13989,17:16:10,0.098,0.636,0,0,eGFP1
13990,17:16:10,0.109,0.636,0,0,eGFP1
13991,17:16:11,0.109,0.756,0,0,eGFP1
13992,17:16:12,0.133,0.637,0,0,eGFP1
13993,17:16:13,0.110,0.691,0,0,eGFP1
13994,17:16:13,0.110,0.560,0,0,eGFP1
13995,17:16:14,0.087,0.559,0,0,eGFP1
13996,17:16:15,0.121,0.857,0,0,eGFP1
13997,17:16:15,0.120,0.680,0,0,eGFP1
13998,17:16:16,0.109,0.833,0,0,eGFP1
13999,17:16:17,0.165,1.108,0,0,eGFP1
14000,17:16:19,0.746,1.646,0,0,eGFP1
14001,17:16:20,0.175,1.328,0,0,eGFP1
14002,17:16:21,0.219,1.217,0,0,eGFP1
14003,17:16:23,0.241,1.229,0,0,eGFP1
14004,17:16:24,0.232,1.066,0,0,eGFP1
14005,17:16:25,0.154,1.021,0,0,eGFP1
14006,17:16:25,0.131,0.834,0,0,eGFP1
14007,17:16:26,0.153,0.801,0,0,eGFP1
14008,17:16:27,0.120,0.756,0,0,eGFP1
14009,17:16:28,0.121,0.856,0,0,eGFP1
14010,17:16:29,0.132,0.757,0,0,eGFP1
14011,17:16:30,0.120,0.867,0,0,eGFP1
14012,17:16:30,0.154,0.769,0,0,eGFP1
14013,17:16:31,0.098,0.559,0,0,eGFP1
14014,17:16:32,0.110,0.878,0,0,eGFP1
14015,17:16:32,0.109,0.680,0,0,eGFP1
14016,17:16:33,0.088,0.516,0,0,eGFP1
14017,17:16:34,0.076,0.625,0,0,eGFP1
14018,17:16:34,0.098,0.559,0,0,eGFP1
14019,17:16:35,0.100,0.791,0,0,eGFP1
14020,17:16:36,0.133,0.682,0,0,eGFP1
14021,17:16:36,0.109,0.812,0,0,eGFP1
14022,17:16:37,0.109,0.592,0,0,eGFP1
14023,17:16:38,0.087,0.658,0,0,eGFP1
14024,17:16:38,0.120,0.679,0,0,eGFP1
14025,17:16:39,0.099,0.560,0,0,eGFP1
14026,17:16:40,0.109,0.943,0,0,eGFP1
14027,17:16:41,0.120,0.778,0,0,eGFP1
14028,17:16:41,0.133,0.814,0,0,eGFP1
14029,17:16:42,0.109,0.691,0,0,eGFP1
14030,17:16:43,0.164,1.009,0,0,eGFP1
14031,17:16:44,0.110,0.615,0,0,eGFP1
14032,17:16:44,0.091,0.684,0,0,eGFP1
14033,17:16:45,0.099,0.801,0,0,eGFP1
14034,17:16:46,0.153,0.933,0,0,eGFP1
14035,17:16:47,0.164,0.811,0,0,eGFP1
14036,17:16:48,0.101,0.671,0,0,eGFP1
14037,17:16:49,0.132,0.889,0,0,eGFP1
14038,17:16:49,0.132,0.845,0,0,eGFP1
14039,17:16:50,0.131,0.834,0,0,eGFP1
14040,17:16:51,0.142,0.702,0,0,eGFP1
14041,17:16:51,0.099,0.571,0,0,eGFP1
14042,17:16:52,0.109,0.921,0,0,eGFP1
14043,17:16:53,0.165,0.878,0,0,eGFP1
14044,17:16:54,0.132,0.834,0,0,eGFP1
14045,17:16:55,0.111,0.781,0,0,eGFP1
14046,17:16:56,0.133,0.901,0,0,eGFP1
14047,17:16:56,0.143,0.702,0,0,eGFP1
14048,17:16:57,0.099,0.724,0,0,eGFP1
14049,17:16:58,0.143,1.021,0,0,eGFP1
14050,17:17:00,0.198,2.030,0,0,eGFP1
14051,17:17:01,0.132,0.735,0,0,eGFP1
14052,17:17:02,0.143,1.032,0,0,eGFP1
14053,17:17:03,0.166,0.770,0,0,eGFP1
14054,17:17:04,0.120,1.251,0,0,eGFP1
14055,17:17:05,0.219,0.976,0,0,eGFP1
14056,17:17:06,0.121,0.747,0,0,eGFP1
14057,17:17:06,0.131,0.702,0,0,eGFP1
14058,17:17:07,0.121,0.966,0,0,eGFP1
14059,17:17:08,0.221,0.956,0,0,eGFP1
14060,17:17:09,0.121,0.867,0,0,eGFP1
14061,17:17:10,0.155,0.835,0,0,eGFP1
14062,17:17:11,0.121,0.879,0,0,eGFP1
14063,17:17:12,0.142,0.746,0,0,eGFP1
14064,17:17:12,0.110,0.702,0,0,eGFP1
14065,17:17:13,0.143,0.944,0,0,eGFP1
14066,17:17:14,0.187,0.878,0,0,eGFP1
14067,17:17:15,0.143,0.747,0,0,eGFP1
14068,17:17:16,0.098,0.614,0,0,eGFP1
14069,17:17:16,0.111,0.858,0,0,eGFP1
14070,17:17:17,0.153,0.900,0,0,eGFP1
14071,17:17:19,0.132,1.800,0,0,eGFP1
14072,17:17:24,3.599,4.620,0,0,eGFP1
14073,17:17:24,0.144,0.627,0,0,eGFP1
14074,17:17:25,0.154,0.549,0,0,eGFP1
14075,17:17:27,0.253,1.976,0,0,eGFP1
14076,17:17:28,0.132,0.889,0,0,eGFP1
14077,17:17:29,0.177,0.704,0,0,eGFP1
14078,17:17:29,0.088,0.527,0,0,eGFP1
14079,17:17:30,0.099,0.647,0,0,eGFP1
14080,17:17:30,0.088,0.604,0,0,eGFP1
14081,17:17:31,0.099,0.659,0,0,eGFP1
14082,17:17:32,0.099,0.549,0,0,eGFP1
14083,17:17:32,0.110,0.736,0,0,eGFP1
14084,17:17:33,0.088,0.998,0,0,eGFP1
14085,17:17:34,0.320,0.902,0,0,eGFP1
14086,17:17:35,0.082,0.564,0,0,eGFP1
14087,17:17:35,0.121,0.735,0,0,eGFP1
14088,17:17:36,0.109,0.559,0,0,eGFP1
14089,17:17:37,0.088,0.538,0,0,eGFP1
14090,17:17:37,0.098,0.723,0,0,eGFP1
14091,17:17:38,0.143,0.834,0,0,eGFP1
14092,17:17:39,0.120,0.614,0,0,eGFP1
14093,17:17:40,0.111,0.792,0,0,eGFP1
14094,17:17:40,0.131,0.713,0,0,eGFP1
14095,17:17:41,0.121,0.625,0,0,eGFP1
14096,17:17:42,0.099,0.725,0,0,eGFP1
14097,17:17:42,0.164,0.899,0,0,eGFP1
14098,17:17:44,0.176,1.230,0,0,eGFP1
14099,17:17:44,0.131,0.669,0,0,eGFP1
14100,17:17:45,0.089,0.781,0,0,eGFP1
14101,17:17:46,0.155,0.737,0,0,eGFP1
14102,17:17:47,0.110,0.746,0,0,eGFP1
14103,17:17:48,0.176,0.956,0,0,eGFP1
14104,17:17:48,0.110,0.571,0,0,eGFP1
14105,17:17:49,0.088,0.604,0,0,eGFP1
14106,17:17:50,0.165,1.010,0,0,eGFP1
14107,17:17:50,0.121,0.637,0,0,eGFP1
14108,17:17:51,0.088,0.593,0,0,eGFP1
14109,17:17:52,0.110,0.615,0,0,eGFP1
14110,17:17:52,0.101,0.638,0,0,eGFP1
14111,17:17:53,0.111,0.605,0,0,eGFP1
14112,17:17:53,0.088,0.483,0,0,eGFP1
14113,17:17:54,0.079,0.671,0,0,eGFP1
14114,17:17:55,0.144,0.824,0,0,eGFP1
14115,17:17:55,0.121,0.615,0,0,eGFP1
14116,17:17:56,0.089,0.560,0,0,eGFP1
14117,17:17:57,0.089,0.583,0,0,eGFP1
14118,17:17:57,0.089,0.770,0,0,eGFP1
14119,17:17:59,0.615,1.350,0,0,eGFP1
14120,17:17:59,0.100,0.626,0,0,eGFP1
14121,17:18:00,0.122,0.703,0,0,eGFP1
14122,17:18:01,0.089,0.550,0,0,eGFP1
14123,17:18:01,0.121,0.768,0,0,eGFP1
14124,17:18:02,0.100,0.594,0,0,eGFP1
14125,17:18:03,0.088,0.648,0,0,eGFP1
14126,17:18:03,0.145,0.781,0,0,eGFP1
14127,17:18:04,0.090,0.540,0,0,eGFP1
14128,17:18:05,0.088,0.615,0,0,eGFP1
14129,17:18:05,0.110,0.736,0,0,eGFP1
14130,17:18:06,0.099,0.593,0,0,eGFP1
14131,17:18:07,0.111,0.703,0,0,eGFP1
14132,17:18:07,0.111,0.539,0,0,eGFP1
14133,17:18:08,0.088,0.933,0,0,eGFP1
14134,17:18:09,0.145,0.672,0,0,eGFP1
14135,17:18:09,0.077,0.560,0,0,eGFP1
14136,17:18:10,0.133,0.989,0,0,eGFP1
14137,17:18:11,0.165,0.791,0,0,eGFP1
14138,17:18:12,0.099,0.527,0,0,eGFP1
14139,17:18:12,0.089,0.692,0,0,eGFP1
14140,17:18:13,0.134,0.804,0,0,eGFP1
14141,17:18:14,0.088,0.560,0,0,eGFP1
14142,17:18:14,0.101,0.595,0,0,eGFP1
14143,17:18:15,0.099,0.593,0,0,eGFP1
14144,17:18:15,0.100,0.616,0,0,eGFP1
14145,17:18:16,0.110,0.681,0,0,eGFP1
14146,17:18:17,0.110,0.769,0,0,eGFP1
14147,17:18:19,1.010,1.789,0,0,eGFP1
14148,17:18:19,0.100,0.550,0,0,eGFP1
14149,17:18:21,0.089,1.702,0,0,eGFP1
14150,17:18:22,0.123,0.616,0,0,eGFP1
14151,17:18:22,0.100,0.857,0,0,eGFP1
14152,17:18:23,0.264,0.944,0,0,eGFP1
14153,17:18:24,0.099,0.527,0,0,eGFP1
14154,17:18:25,0.082,0.620,0,0,eGFP1
14155,17:18:25,0.110,0.669,0,0,eGFP1
14156,17:18:26,0.111,0.670,0,0,eGFP1
14157,17:18:27,0.100,0.692,0,0,eGFP1
14158,17:18:27,0.112,0.606,0,0,eGFP1
14159,17:18:28,0.100,0.714,0,0,eGFP1
14160,17:18:29,0.111,0.660,0,0,eGFP1
14161,17:18:29,0.099,0.549,0,0,eGFP1
14162,17:18:30,0.078,0.495,0,0,eGFP1
14163,17:18:30,0.100,0.846,0,0,eGFP1
14164,17:18:32,0.561,1.373,0,0,eGFP1
14165,17:18:32,0.089,0.517,0,0,eGFP1
14166,17:18:33,0.079,0.650,0,0,eGFP1
14167,17:18:34,0.145,0.759,0,0,eGFP1
14168,17:18:34,0.166,0.638,0,0,eGFP1
14169,17:18:37,1.910,2.876,0,0,eGFP1
14170,17:18:38,0.122,1.164,0,0,eGFP1
14171,17:18:40,0.155,1.263,0,0,eGFP1
14172,17:18:41,0.144,1.066,0,0,eGFP1
14173,17:18:42,0.155,0.868,0,0,eGFP1
14174,17:18:43,0.111,0.956,0,0,eGFP1
14175,17:18:44,0.178,1.067,0,0,eGFP1
14176,17:18:45,0.111,1.405,0,0,eGFP1
14177,17:18:51,3.919,5.884,0,0,eGFP1
14178,17:18:54,0.538,2.931,0,0,eGFP1
14179,17:18:56,0.144,1.790,0,0,eGFP1
14180,17:18:56,0.154,0.758,0,0,eGFP1
14181,17:18:57,0.200,1.001,0,0,eGFP1
14182,17:18:59,0.144,1.428,0,0,eGFP1
14183,17:19:03,0.101,4.216,0,0,eGFP1
14184,17:19:05,0.122,2.076,0,0,eGFP1
14185,17:19:06,0.176,0.999,0,0,eGFP1
14186,17:19:07,0.133,0.715,0,0,eGFP1
14187,17:19:07,0.100,0.671,0,0,eGFP1
14188,17:19:09,0.110,1.548,0,0,eGFP1
14189,17:19:10,0.287,0.912,0,0,eGFP1
14190,17:19:11,0.100,0.846,0,0,eGFP1
14191,17:19:11,0.124,0.595,0,0,eGFP1
14192,17:19:12,0.089,0.682,0,0,eGFP1
14193,17:19:13,0.122,0.813,0,0,eGFP1
14194,17:19:14,0.123,1.352,0,0,eGFP1
14195,17:19:16,0.715,1.516,0,0,eGFP1
14196,17:19:16,0.099,0.582,0,0,eGFP1
14197,17:19:17,0.111,0.725,0,0,eGFP1
14198,17:19:18,0.089,0.517,0,0,eGFP1
14199,17:19:18,0.078,0.660,0,0,eGFP1
14200,17:19:19,0.143,0.758,0,0,eGFP1
14201,17:19:20,0.110,0.659,0,0,eGFP1
14202,17:19:20,0.176,0.494,0,0,eGFP1
14203,17:19:21,0.319,1.076,0,0,eGFP1
14204,17:19:22,0.232,0.835,0,0,eGFP1
14205,17:19:23,0.100,0.582,0,0,eGFP1
14206,17:19:23,0.111,0.649,0,0,eGFP1
14207,17:19:24,0.111,0.616,0,0,eGFP1
14208,17:19:25,0.090,0.661,0,0,eGFP1
14209,17:19:25,0.133,0.659,0,0,eGFP1
14210,17:19:26,0.090,0.540,0,0,eGFP1
14211,17:19:27,0.089,0.747,0,0,eGFP1
14212,17:19:27,0.133,0.879,0,0,eGFP1
14213,17:19:29,0.463,1.286,0,0,eGFP1
14214,17:19:29,0.100,0.561,0,0,eGFP1
14215,17:19:30,0.104,0.774,0,0,eGFP1
14216,17:19:31,0.132,0.626,0,0,eGFP1
14217,17:19:31,0.089,0.736,0,0,eGFP1
14218,17:19:32,0.133,0.626,0,0,eGFP1
14219,17:19:32,0.078,0.495,0,0,eGFP1
14220,17:19:33,0.089,0.725,0,0,eGFP1
14221,17:19:34,0.145,0.814,0,0,eGFP1
14222,17:19:35,0.111,0.616,0,0,eGFP1
14223,17:19:35,0.134,0.815,0,0,eGFP1
14224,17:19:36,0.100,0.550,0,0,eGFP1
14225,17:19:37,0.100,0.857,0,0,eGFP1
14226,17:19:37,0.101,0.551,0,0,eGFP1
14227,17:19:38,0.078,0.638,0,0,eGFP1
14228,17:19:40,0.155,1.494,0,0,eGFP1
14229,17:19:40,0.122,0.583,0,0,eGFP1
14230,17:19:41,0.078,0.550,0,0,eGFP1
14231,17:19:41,0.111,0.781,0,0,eGFP1
14232,17:19:42,0.110,0.549,0,0,eGFP1
14233,17:19:44,0.089,1.658,0,0,eGFP1
14234,17:19:44,0.133,0.715,0,0,eGFP1
14235,17:19:45,0.113,0.870,0,0,eGFP1
14236,17:19:46,0.122,0.649,0,0,eGFP1
14237,17:19:47,0.111,0.814,0,0,eGFP1
14238,17:19:48,0.111,0.923,0,0,eGFP1
14239,17:19:49,0.364,1.033,0,0,eGFP1
14240,17:19:53,0.102,4.524,0,0,eGFP1
14241,17:19:54,0.112,0.562,0,0,eGFP1
14242,17:19:54,0.078,0.572,0,0,eGFP1
14243,17:19:55,0.144,0.836,0,0,eGFP1
14244,17:19:56,0.111,0.890,0,0,eGFP1
14245,17:19:58,0.111,1.933,0,0,eGFP1
14246,17:19:59,0.123,0.748,0,0,eGFP1
14247,17:19:59,0.100,0.528,0,0,eGFP1
14248,17:20:00,0.082,0.674,0,0,eGFP1
14249,17:20:01,0.188,0.825,0,0,eGFP1
14250,17:20:01,0.089,0.539,0,0,eGFP1
14251,17:20:02,0.090,0.594,0,0,eGFP1
14252,17:20:04,0.200,2.548,0,0,eGFP1
14253,17:20:05,0.101,0.594,0,0,eGFP1
14254,17:20:06,0.134,1.341,0,0,eGFP1
14255,17:20:07,0.122,0.770,0,0,eGFP1
14256,17:20:08,0.189,1.001,0,0,eGFP1
14257,17:20:09,0.145,0.792,0,0,eGFP1
14258,17:20:10,0.101,1.143,0,0,eGFP1
14259,17:20:11,0.145,0.606,0,0,eGFP1
14260,17:20:12,0.254,0.945,0,0,eGFP1
14261,17:20:13,0.135,1.123,0,0,eGFP1
14262,17:20:15,0.166,2.218,0,0,eGFP1
14263,17:20:17,0.112,1.999,0,0,eGFP1
14264,17:20:35,0.892,17.847,0,0,eGFP1
14265,17:20:37,0.112,1.878,0,0,eGFP1
14266,17:20:37,0.112,0.628,0,0,eGFP1
14267,17:20:38,0.122,0.792,0,0,eGFP1
14268,17:20:39,0.111,0.594,0,0,eGFP1
14269,17:20:39,0.090,0.605,0,0,eGFP1
14270,17:20:41,0.211,1.198,0,0,eGFP1
14271,17:20:42,0.145,1.034,0,0,eGFP1
14272,17:20:42,0.102,0.519,0,0,eGFP1
14273,17:20:43,0.078,0.528,0,0,eGFP1
14274,17:20:43,0.145,0.803,0,0,eGFP1
14275,17:20:44,0.113,0.552,0,0,eGFP1
14276,17:20:44,0.082,0.455,0,0,eGFP1
14277,17:20:45,0.078,0.605,0,0,eGFP1
14278,17:20:46,0.112,0.628,0,0,eGFP1
14279,17:20:46,0.100,0.649,0,0,eGFP1
14280,17:20:47,0.124,0.673,0,0,eGFP1
14281,17:20:47,0.089,0.517,0,0,eGFP1
14282,17:20:48,0.121,0.736,0,0,eGFP1
14283,17:20:49,0.100,0.583,0,0,eGFP1
14284,17:20:49,0.111,0.670,0,0,eGFP1
14285,17:20:50,0.122,0.759,0,0,eGFP1
14286,17:20:51,0.111,0.725,0,0,eGFP1
14287,17:20:52,0.111,0.748,0,0,eGFP1
14288,17:20:52,0.103,0.608,0,0,eGFP1
14289,17:20:53,0.090,0.496,0,0,eGFP1
14290,17:20:53,0.079,0.540,0,0,eGFP1
14291,17:20:54,0.144,1.088,0,0,eGFP1
14292,17:20:55,0.156,0.715,0,0,eGFP1
14293,17:20:56,0.101,0.584,0,0,eGFP1
14294,17:20:56,0.090,0.627,0,0,eGFP1
14295,17:20:57,0.101,0.738,0,0,eGFP1
14296,17:20:58,0.111,0.671,0,0,eGFP1
14297,17:20:59,0.102,0.750,0,0,eGFP1
14298,17:20:59,0.122,0.627,0,0,eGFP1
14299,17:21:00,0.090,0.518,0,0,eGFP1
14300,17:21:00,0.097,0.646,0,0,eGFP1
14301,17:21:01,0.108,0.678,0,0,eGFP1
14302,17:21:02,0.098,0.548,0,0,eGFP1
14303,17:21:02,0.097,0.811,0,0,eGFP1
14304,17:21:03,0.130,0.623,0,0,eGFP1
14305,17:21:04,0.099,0.680,0,0,eGFP1
14306,17:21:04,0.108,0.547,0,0,eGFP1
14307,17:21:05,0.086,0.690,0,0,eGFP1
14308,17:21:05,0.130,0.602,0,0,eGFP1
14309,17:21:06,0.075,0.569,0,0,eGFP1
14310,17:21:07,0.130,0.733,0,0,eGFP1
14311,17:21:07,0.086,0.492,0,0,eGFP1
14312,17:21:08,0.086,0.877,0,0,eGFP1
14313,17:21:09,0.142,0.680,0,0,eGFP1
14314,17:21:10,0.097,0.689,0,0,eGFP1
14315,17:21:10,0.153,0.680,0,0,eGFP1
14316,17:21:11,0.075,0.569,0,0,eGFP1
14317,17:21:12,0.153,0.877,0,0,eGFP1
14318,17:21:12,0.097,0.580,0,0,eGFP1
14319,17:21:13,0.108,0.800,0,0,eGFP1
14320,17:21:14,0.119,0.601,0,0,eGFP1
14321,17:21:14,0.088,0.812,0,0,eGFP1
14322,17:21:15,0.141,0.668,0,0,eGFP1
14323,17:21:16,0.097,0.602,0,0,eGFP1
14324,17:21:17,0.130,0.854,0,0,eGFP1
14325,17:21:17,0.097,0.580,0,0,eGFP1
14326,17:21:18,0.108,0.646,0,0,eGFP1
14327,17:21:18,0.097,0.657,0,0,eGFP1
14328,17:21:19,0.108,0.635,0,0,eGFP1
14329,17:21:20,0.089,0.605,0,0,eGFP1
14330,17:21:21,0.163,1.359,0,0,eGFP1
14331,17:21:22,0.130,0.679,0,0,eGFP1
14332,17:21:22,0.097,0.580,0,0,eGFP1
14333,17:21:23,0.086,0.569,0,0,eGFP1
14334,17:21:24,0.130,0.821,0,0,eGFP1
14335,17:21:24,0.097,0.745,0,0,eGFP1
14336,17:21:26,0.470,1.260,0,0,eGFP1
14337,17:21:26,0.143,0.724,0,0,eGFP1
14338,17:21:27,0.120,0.866,0,0,eGFP1
14339,17:21:28,0.130,0.635,0,0,eGFP1
14340,17:21:28,0.086,0.547,0,0,eGFP1
14341,17:21:29,0.108,0.690,0,0,eGFP1
14342,17:21:30,0.120,0.735,0,0,eGFP1
14343,17:21:30,0.108,0.591,0,0,eGFP1
14344,17:21:31,0.097,0.635,0,0,eGFP1
14345,17:21:32,0.110,0.658,0,0,eGFP1
14346,17:21:32,0.109,0.668,0,0,eGFP1
14347,17:21:33,0.119,0.646,0,0,eGFP1
14348,17:21:34,0.086,0.536,0,0,eGFP1
14349,17:21:34,0.098,0.679,0,0,eGFP1
14350,17:21:35,0.119,0.624,0,0,eGFP1
14351,17:21:36,0.097,0.602,0,0,eGFP1
14352,17:21:36,0.120,0.723,0,0,eGFP1
14353,17:21:37,0.099,0.626,0,0,eGFP1
14354,17:21:39,0.141,1.995,0,0,eGFP1
14355,17:21:39,0.120,0.603,0,0,eGFP1
14356,17:21:40,0.087,0.746,0,0,eGFP1
14357,17:21:41,0.152,0.745,0,0,eGFP1
14358,17:21:42,0.097,0.690,0,0,eGFP1
14359,17:21:42,0.119,0.635,0,0,eGFP1
14360,17:21:43,0.108,0.668,0,0,eGFP1
14361,17:21:44,0.086,0.547,0,0,eGFP1
14362,17:21:45,0.099,1.109,0,0,eGFP1
14363,17:21:45,0.207,0.821,0,0,eGFP1
14364,17:21:46,0.098,0.581,0,0,eGFP1
14365,17:21:47,0.097,0.613,0,0,eGFP1
14366,17:21:47,0.097,0.602,0,0,eGFP1
14367,17:21:48,0.108,0.723,0,0,eGFP1
14368,17:21:49,0.119,0.668,0,0,eGFP1
14369,17:21:49,0.110,0.703,0,0,eGFP1
14370,17:21:50,0.120,0.636,0,0,eGFP1
14371,17:21:51,0.119,0.767,0,0,eGFP1
14372,17:21:51,0.097,0.514,0,0,eGFP1
14373,17:21:52,0.098,0.844,0,0,eGFP1
14374,17:21:53,0.142,0.657,0,0,eGFP1
14375,17:21:53,0.087,0.504,0,0,eGFP1
14376,17:21:55,0.097,1.557,0,0,eGFP1
14377,17:21:56,0.207,0.844,0,0,eGFP1
14378,17:21:56,0.099,0.614,0,0,eGFP1
14379,17:21:57,0.109,0.658,0,0,eGFP1
14380,17:21:58,0.108,0.657,0,0,eGFP1
14381,17:21:58,0.119,0.624,0,0,eGFP1
14382,17:21:59,0.087,0.636,0,0,eGFP1
14383,17:22:00,0.153,0.812,0,0,eGFP1
14384,17:22:00,0.097,0.514,0,0,eGFP1
14385,17:22:03,0.087,2.479,0,0,eGFP1
14386,17:22:04,0.198,0.889,0,0,eGFP1
14387,17:22:05,0.175,1.042,0,0,eGFP1
14388,17:22:05,0.097,0.536,0,0,eGFP1
14389,17:22:06,0.098,0.636,0,0,eGFP1
14390,17:22:06,0.108,0.624,0,0,eGFP1
14391,17:22:07,0.098,0.613,0,0,eGFP1
14392,17:22:08,0.109,0.592,0,0,eGFP1
14393,17:22:08,0.076,0.514,0,0,eGFP1
14394,17:22:09,0.088,0.670,0,0,eGFP1
14395,17:22:09,0.109,0.559,0,0,eGFP1
14396,17:22:10,0.099,0.702,0,0,eGFP1
14397,17:22:11,0.109,0.625,0,0,eGFP1
14398,17:22:11,0.097,0.635,0,0,eGFP1
14399,17:22:12,0.131,0.745,0,0,eGFP1
14400,17:22:13,0.120,0.702,0,0,eGFP1
14401,17:22:13,0.097,0.591,0,0,eGFP1
14402,17:22:14,0.099,0.615,0,0,eGFP1
14403,17:22:15,0.098,0.624,0,0,eGFP1
14404,17:22:15,0.098,0.625,0,0,eGFP1
14405,17:22:16,0.108,0.866,0,0,eGFP1
14406,17:22:17,0.174,0.789,0,0,eGFP1
14407,17:22:17,0.087,0.558,0,0,eGFP1
14408,17:22:18,0.109,0.844,0,0,eGFP1
14409,17:22:20,0.197,1.250,0,0,eGFP1
14410,17:22:20,0.167,0.803,0,0,eGFP1
14411,17:22:21,0.767,1.184,0,0,eGFP1
14412,17:22:23,0.438,1.414,0,0,eGFP1
14413,17:22:26,0.142,3.214,0,0,eGFP1
14414,17:22:27,0.131,0.625,0,0,eGFP1
14415,17:22:28,0.108,0.766,0,0,eGFP1
14416,17:22:28,0.098,0.526,0,0,eGFP1
14417,17:22:29,0.075,0.514,0,0,eGFP1
14418,17:22:29,0.121,0.692,0,0,eGFP1
14419,17:22:30,0.098,0.613,0,0,eGFP1
14420,17:22:31,0.131,0.910,0,0,eGFP1
14421,17:22:32,0.164,0.998,0,0,eGFP1
14422,17:22:33,0.141,0.789,0,0,eGFP1
14423,17:22:33,0.088,0.538,0,0,eGFP1
14424,17:22:34,0.087,0.591,0,0,eGFP1
14425,17:22:34,0.109,0.581,0,0,eGFP1
14426,17:22:35,0.076,0.526,0,0,eGFP1
14427,17:22:36,0.143,1.054,0,0,eGFP1
14428,17:25:17,0.756,161.449,0,0,eGFP1
14429,17:25:19,0.186,1.481,0,0,eGFP1
14430,17:25:19,0.163,0.723,0,0,eGFP1
14431,17:25:21,0.087,1.196,0,0,eGFP1
14432,17:25:22,0.602,1.776,0,0,eGFP1
14433,17:25:23,0.395,1.031,0,0,eGFP1
14434,17:25:25,0.098,1.064,0,0,eGFP1
14435,17:25:26,0.187,1.043,0,0,eGFP1
14436,17:25:28,0.164,2.304,0,0,eGFP1
14437,17:25:29,0.121,0.725,0,0,eGFP1
14438,17:25:30,0.119,1.030,0,0,eGFP1
14439,17:25:31,0.175,1.152,0,0,eGFP1
14440,17:25:32,0.164,1.536,0,0,eGFP1
14441,17:25:34,0.196,1.535,0,0,eGFP1
14442,17:25:35,0.109,0.899,0,0,eGFP1
14443,17:25:35,0.122,0.649,0,0,eGFP1
14444,17:25:36,0.109,0.844,0,0,eGFP1
14445,17:25:37,0.142,0.778,0,0,eGFP1
14446,17:25:38,0.098,0.877,0,0,eGFP1
14447,17:25:39,0.131,0.669,0,0,eGFP1
14448,17:25:39,0.087,0.669,0,0,eGFP1
14449,17:25:40,0.241,1.053,0,0,eGFP1
14450,17:25:41,0.099,0.648,0,0,eGFP1
14451,17:25:42,0.143,0.834,0,0,eGFP1
14452,17:25:43,0.120,0.943,0,0,eGFP1
14453,17:25:44,0.208,1.119,0,0,eGFP1
14454,17:25:45,0.109,0.647,0,0,eGFP1
14455,17:25:46,0.142,1.152,0,0,eGFP1
14456,17:25:47,0.175,0.998,0,0,eGFP1
14457,17:25:47,0.120,0.690,0,0,eGFP1
14458,17:25:49,0.164,1.240,0,0,eGFP1
14459,17:25:49,0.110,0.648,0,0,eGFP1
14460,17:25:50,0.142,1.020,0,0,eGFP1
14461,17:25:51,0.109,0.680,0,0,eGFP1
14462,17:25:52,0.098,0.888,0,0,eGFP1
14463,17:25:53,0.164,0.888,0,0,eGFP1
14464,17:25:54,0.141,1.063,0,0,eGFP1
14465,17:25:54,0.109,0.592,0,0,eGFP1
14466,17:25:55,0.087,0.910,0,0,eGFP1
14467,17:25:56,0.144,0.868,0,0,eGFP1
14468,17:25:57,0.120,0.932,0,0,eGFP1
14469,17:25:58,0.120,1.042,0,0,eGFP1
14470,17:25:59,0.153,0.779,0,0,eGFP1
14471,17:26:00,0.131,0.702,0,0,eGFP1
14472,17:26:00,0.098,0.592,0,0,eGFP1
14473,17:26:01,0.109,0.844,0,0,eGFP1
14474,17:26:02,0.131,0.669,0,0,eGFP1
14475,17:26:03,0.100,0.890,0,0,eGFP1
14476,17:26:03,0.120,0.778,0,0,eGFP1
14477,17:26:04,0.122,0.879,0,0,eGFP1
14478,17:26:05,0.109,0.668,0,0,eGFP1
14479,17:26:06,0.175,1.020,0,0,eGFP1
14480,17:26:07,0.099,0.702,0,0,eGFP1
14481,17:26:07,0.109,0.724,0,0,eGFP1
14482,17:26:08,0.120,0.833,0,0,eGFP1
14483,17:26:09,0.144,0.747,0,0,eGFP1
14484,17:26:10,0.088,0.669,0,0,eGFP1
14485,17:26:11,0.680,1.360,0,0,eGFP1
14486,17:26:12,0.088,0.669,0,0,eGFP1
14487,17:26:13,0.198,0.856,0,0,eGFP1
14488,17:26:14,0.098,1.196,0,0,eGFP1
14489,17:26:14,0.131,0.636,0,0,eGFP1
14490,17:26:15,0.089,0.967,0,0,eGFP1
14491,17:26:16,0.142,0.658,0,0,eGFP1
14492,17:26:17,0.099,0.922,0,0,eGFP1
14493,17:26:18,0.132,0.724,0,0,eGFP1
14494,17:26:18,0.099,0.659,0,0,eGFP1
14495,17:26:19,0.098,0.669,0,0,eGFP1
14496,17:26:20,0.153,0.746,0,0,eGFP1
14497,17:26:20,0.087,0.526,0,0,eGFP1
14498,17:26:21,0.109,0.779,0,0,eGFP1
14499,17:26:22,0.109,0.614,0,0,eGFP1
14500,17:26:22,0.100,0.824,0,0,eGFP1
14501,17:26:23,0.121,0.570,0,0,eGFP1
14502,17:26:24,0.088,0.768,0,0,eGFP1
14503,17:26:25,0.252,1.032,0,0,eGFP1
14504,17:26:25,0.088,0.593,0,0,eGFP1
14505,17:26:26,0.121,0.922,0,0,eGFP1
14506,17:26:27,0.098,0.592,0,0,eGFP1
14507,17:26:28,0.099,0.834,0,0,eGFP1
14508,17:26:28,0.111,0.572,0,0,eGFP1
14509,17:26:29,0.087,0.899,0,0,eGFP1
14510,17:26:30,0.121,0.658,0,0,eGFP1
14511,17:26:31,0.132,1.142,0,0,eGFP1
14512,17:26:32,0.098,0.713,0,0,eGFP1
14513,17:26:33,0.274,0.965,0,0,eGFP1
14514,17:26:33,0.088,0.571,0,0,eGFP1
14515,17:26:34,0.120,0.855,0,0,eGFP1
14516,17:26:35,0.100,0.638,0,0,eGFP1
14517,17:26:36,0.165,0.879,0,0,eGFP1
14518,17:26:36,0.087,0.548,0,0,eGFP1
14519,17:26:37,0.120,0.932,0,0,eGFP1
14520,17:26:38,0.120,0.625,0,0,eGFP1
14521,17:26:39,0.142,0.900,0,0,eGFP1
14522,17:26:39,0.098,0.570,0,0,eGFP1
14523,17:26:40,0.098,0.669,0,0,eGFP1
14524,17:26:41,0.110,0.670,0,0,eGFP1
14525,17:26:41,0.087,0.548,0,0,eGFP1
14526,17:26:42,0.131,0.965,0,0,eGFP1
14527,17:26:43,0.099,0.593,0,0,eGFP1
14528,17:26:44,0.164,0.888,0,0,eGFP1
14529,17:26:44,0.098,0.834,0,0,eGFP1
14530,17:26:45,0.120,0.636,0,0,eGFP1
14531,17:26:46,0.110,1.065,0,0,eGFP1
14532,17:26:47,0.111,0.605,0,0,eGFP1
14533,17:26:48,0.088,0.834,0,0,eGFP1
14534,17:26:48,0.120,0.614,0,0,eGFP1
14535,17:26:49,0.110,0.725,0,0,eGFP1
14536,17:26:49,0.109,0.636,0,0,eGFP1
14537,17:26:50,0.099,0.647,0,0,eGFP1
14538,17:26:51,0.099,0.681,0,0,eGFP1
14539,17:26:52,0.131,0.867,0,0,eGFP1
14540,17:26:52,0.133,0.594,0,0,eGFP1
14541,17:26:53,0.087,0.866,0,0,eGFP1
14542,17:26:54,0.132,0.636,0,0,eGFP1
14543,17:26:55,0.121,0.955,0,0,eGFP1
14544,17:26:55,0.100,0.572,0,0,eGFP1
14545,17:26:56,0.087,0.899,0,0,eGFP1
14546,17:26:57,0.142,0.647,0,0,eGFP1
14547,17:26:57,0.088,0.549,0,0,eGFP1
14548,17:26:58,0.111,0.978,0,0,eGFP1
14549,17:26:59,0.099,0.559,0,0,eGFP1
14550,17:27:00,0.099,0.824,0,0,eGFP1
14551,17:27:00,0.109,0.581,0,0,eGFP1
14552,17:27:03,0.121,2.579,0,0,eGFP1
14553,17:27:04,0.110,0.593,0,0,eGFP1
14554,17:27:04,0.121,0.713,0,0,eGFP1
14555,17:27:05,0.110,0.725,0,0,eGFP1
14556,17:27:06,0.143,0.955,0,0,eGFP1
14557,17:27:07,0.133,0.912,0,0,eGFP1
14558,17:27:07,0.111,0.605,0,0,eGFP1
14559,17:27:08,0.099,0.922,0,0,eGFP1
14560,17:27:09,0.121,0.648,0,0,eGFP1
14561,17:27:10,0.099,0.867,0,0,eGFP1
14562,17:27:10,0.110,0.604,0,0,eGFP1
14563,17:27:11,0.110,0.812,0,0,eGFP1
14564,17:27:12,0.121,0.746,0,0,eGFP1
14565,17:27:13,0.123,0.847,0,0,eGFP1
14566,17:27:14,0.121,0.736,0,0,eGFP1
14567,17:27:15,0.175,0.955,0,0,eGFP1
14568,17:27:15,0.142,0.680,0,0,eGFP1
14569,17:27:16,0.099,0.933,0,0,eGFP1
14570,17:27:17,0.121,0.615,0,0,eGFP1
14571,17:27:18,0.101,1.198,0,0,eGFP1
14572,17:27:19,0.165,0.757,0,0,eGFP1
14573,17:27:20,0.112,0.825,0,0,eGFP1
14574,17:27:20,0.110,0.747,0,0,eGFP1
14575,17:27:21,0.110,0.867,0,0,eGFP1
14576,17:27:22,0.121,0.604,0,0,eGFP1
14577,17:27:23,0.099,1.010,0,0,eGFP1
14578,17:27:23,0.143,0.670,0,0,eGFP1
14579,17:27:24,0.088,0.724,0,0,eGFP1
14580,17:27:25,0.176,0.802,0,0,eGFP1
14581,17:27:26,0.100,0.638,0,0,eGFP1
14582,17:27:26,0.121,0.867,0,0,eGFP1
14583,17:27:27,0.100,0.725,0,0,eGFP1
14584,17:27:28,0.165,0.780,0,0,eGFP1
14585,17:27:29,0.089,0.605,0,0,eGFP1
14586,17:27:30,0.121,0.911,0,0,eGFP1
14587,17:27:30,0.121,0.758,0,0,eGFP1
14588,17:27:31,0.132,0.681,0,0,eGFP1
14589,17:27:32,0.089,0.836,0,0,eGFP1
14590,17:27:33,0.165,0.889,0,0,eGFP1
14591,17:27:33,0.099,0.692,0,0,eGFP1
14592,17:27:34,0.187,0.944,0,0,eGFP1
14593,17:27:35,0.110,0.692,0,0,eGFP1
14594,17:27:36,0.187,1.010,0,0,eGFP1
14595,17:27:37,0.099,0.571,0,0,eGFP1
14596,17:27:38,0.110,1.241,0,0,eGFP1
14597,17:27:39,0.155,0.715,0,0,eGFP1
14598,17:27:39,0.122,0.879,0,0,eGFP1
14599,17:27:40,0.100,0.594,0,0,eGFP1
14600,17:27:41,0.132,1.174,0,0,eGFP1
14601,17:27:42,0.133,0.648,0,0,eGFP1
14602,17:27:43,0.100,1.241,0,0,eGFP1
14603,17:27:45,0.187,2.174,0,0,eGFP1
14604,17:27:46,0.121,0.626,0,0,eGFP1
14605,17:27:47,0.111,0.901,0,0,eGFP1
14606,17:27:47,0.099,0.593,0,0,eGFP1
14607,17:27:48,0.099,0.714,0,0,eGFP1
14608,17:27:49,0.121,0.592,0,0,eGFP1
14609,17:27:49,0.088,0.714,0,0,eGFP1
14610,17:27:50,0.132,0.823,0,0,eGFP1
14611,17:27:51,0.132,0.955,0,0,eGFP1
14612,17:27:52,0.155,1.121,0,0,eGFP1
14613,17:27:53,0.112,0.573,0,0,eGFP1
14614,17:27:54,0.088,0.681,0,0,eGFP1
14615,17:27:54,0.121,0.747,0,0,eGFP1
14616,17:27:55,0.121,0.878,0,0,eGFP1
14617,17:27:56,0.133,0.879,0,0,eGFP1
14618,17:27:57,0.154,0.802,0,0,eGFP1
14619,17:27:57,0.088,0.538,0,0,eGFP1
14620,17:27:58,0.110,0.868,0,0,eGFP1
14621,17:27:59,0.121,0.593,0,0,eGFP1
14622,17:28:00,0.090,0.704,0,0,eGFP1
14623,17:28:00,0.144,0.846,0,0,eGFP1
14624,17:28:01,0.143,0.857,0,0,eGFP1
14625,17:28:02,0.111,0.660,0,0,eGFP1
14626,17:28:03,0.110,0.713,0,0,eGFP1
14627,17:28:03,0.110,0.846,0,0,eGFP1
14628,17:28:04,0.153,0.933,0,0,eGFP1
14629,17:28:05,0.110,0.823,0,0,eGFP1
14630,17:28:06,0.122,0.638,0,0,eGFP1
14631,17:28:07,0.088,0.922,0,0,eGFP1
14632,17:28:09,0.231,1.866,0,0,eGFP1
14633,17:28:09,0.099,0.681,0,0,eGFP1
14634,17:28:10,0.132,0.713,0,0,eGFP1
14635,17:28:11,0.088,0.549,0,0,eGFP1
14636,17:28:11,0.110,0.878,0,0,eGFP1
14637,17:28:12,0.100,0.560,0,0,eGFP1
14638,17:28:13,0.123,1.001,0,0,eGFP1
14639,17:28:14,0.133,0.671,0,0,eGFP1
14640,17:28:14,0.099,0.725,0,0,eGFP1
14641,17:28:15,0.133,0.659,0,0,eGFP1
14642,17:28:16,0.089,0.550,0,0,eGFP1
14643,17:28:16,0.089,0.648,0,0,eGFP1
14644,17:28:17,0.166,0.901,0,0,eGFP1
14645,17:28:18,0.122,0.868,0,0,eGFP1
14646,17:28:19,0.134,0.672,0,0,eGFP1
14647,17:28:19,0.088,0.670,0,0,eGFP1
14648,17:28:20,0.187,0.989,0,0,eGFP1
14649,17:28:21,0.099,0.659,0,0,eGFP1
14650,17:28:22,0.144,0.736,0,0,eGFP1
14651,17:28:22,0.111,0.638,0,0,eGFP1
14652,17:28:23,0.123,0.946,0,0,eGFP1
14653,17:28:24,0.099,0.659,0,0,eGFP1
14654,17:28:25,0.112,0.837,0,0,eGFP1
14655,17:28:26,0.132,0.922,0,0,eGFP1
14656,17:28:27,0.133,0.868,0,0,eGFP1
14657,17:28:27,0.122,0.649,0,0,eGFP1
14658,17:28:28,0.111,0.802,0,0,eGFP1
14659,17:28:29,0.144,0.912,0,0,eGFP1
14660,17:28:30,0.143,0.879,0,0,eGFP1
14661,17:28:31,0.122,0.659,0,0,eGFP1
14662,17:28:31,0.101,0.892,0,0,eGFP1
14663,17:28:32,0.143,0.791,0,0,eGFP1
14664,17:28:33,0.133,0.988,0,0,eGFP1
14665,17:28:36,1.692,2.482,0,0,eGFP1
14666,17:28:37,0.101,0.902,0,0,eGFP1
14667,17:28:38,0.155,0.945,0,0,eGFP1
14668,17:28:38,0.122,0.594,0,0,eGFP1
14669,17:28:39,0.078,0.670,0,0,eGFP1
14670,17:28:40,0.134,0.683,0,0,eGFP1
14671,17:28:40,0.088,0.560,0,0,eGFP1
14672,17:28:41,0.165,0.977,0,0,eGFP1
14673,17:28:42,0.111,0.725,0,0,eGFP1
14674,17:28:43,0.122,0.824,0,0,eGFP1
14675,17:28:43,0.143,0.868,0,0,eGFP1
14676,17:28:44,0.121,0.812,0,0,eGFP1
14677,17:28:45,0.122,0.637,0,0,eGFP1
14678,17:28:46,0.102,0.617,0,0,eGFP1
14679,17:28:46,0.168,0.881,0,0,eGFP1
14680,17:28:47,0.100,0.561,0,0,eGFP1
14681,17:28:48,0.100,0.824,0,0,eGFP1
14682,17:28:48,0.122,0.638,0,0,eGFP1
14683,17:28:49,0.090,0.705,0,0,eGFP1
14684,17:28:50,0.143,0.934,0,0,eGFP1
14685,17:28:51,0.144,0.758,0,0,eGFP1
14686,17:28:52,0.122,0.780,0,0,eGFP1
14687,17:28:52,0.113,0.662,0,0,eGFP1
14688,17:28:53,0.111,0.637,0,0,eGFP1
14689,17:28:54,0.122,0.803,0,0,eGFP1
14690,17:28:56,0.155,2.009,0,0,eGFP1
14691,17:28:56,0.100,0.583,0,0,eGFP1
14692,17:28:57,0.111,0.857,0,0,eGFP1
14693,17:28:58,0.113,0.607,0,0,eGFP1
14694,17:28:59,0.089,0.890,0,0,eGFP1
14695,17:28:59,0.123,0.650,0,0,eGFP1
14696,17:29:00,0.089,0.747,0,0,eGFP1
14697,17:29:02,0.243,2.284,0,0,eGFP1
14698,17:29:03,0.122,0.726,0,0,eGFP1
14699,17:29:04,0.122,0.846,0,0,eGFP1
14700,17:29:05,0.111,0.627,0,0,eGFP1
14701,17:29:35,0.111,30.312,0,0,eGFP1
14702,17:29:36,0.210,0.912,0,0,eGFP1
14703,17:29:37,0.200,0.804,0,0,eGFP1
14704,17:29:39,0.122,2.141,0,0,eGFP1
14705,17:29:39,0.111,0.715,0,0,eGFP1
14706,17:29:40,0.178,0.738,0,0,eGFP1
14707,17:29:41,0.089,0.956,0,0,eGFP1
14708,17:29:42,0.133,0.638,0,0,eGFP1
14709,17:29:43,0.100,0.759,0,0,eGFP1
14710,17:29:43,0.155,0.846,0,0,eGFP1
14711,17:29:44,0.091,0.793,0,0,eGFP1
14712,17:29:45,0.166,0.857,0,0,eGFP1
14713,17:29:46,0.111,0.561,0,0,eGFP1
14714,17:29:46,0.079,0.715,0,0,eGFP1
14715,17:29:47,0.166,0.792,0,0,eGFP1
14716,17:29:48,0.100,0.901,0,0,eGFP1
14717,17:29:49,0.210,1.044,0,0,eGFP1
14718,17:29:50,0.144,0.869,0,0,eGFP1
14719,17:29:51,0.168,0.991,0,0,eGFP1
14720,17:29:53,0.177,1.944,0,0,eGFP1
14721,17:29:54,0.210,0.989,0,0,eGFP1
14722,17:29:55,0.178,0.825,0,0,eGFP1
14723,17:29:55,0.122,0.825,0,0,eGFP1
14724,17:29:56,0.125,0.827,0,0,eGFP1
14725,17:29:58,0.254,1.373,0,0,eGFP1
14726,17:29:59,0.232,1.725,0,0,eGFP1
14727,17:30:01,0.178,1.254,0,0,eGFP1
14728,17:30:02,0.298,1.614,0,0,eGFP1
14729,17:30:04,0.265,1.538,0,0,eGFP1
14730,17:30:05,0.309,1.231,0,0,eGFP1
14731,17:30:06,0.210,1.066,0,0,eGFP1
14732,17:30:07,0.166,0.869,0,0,eGFP1
14733,17:30:08,0.133,0.847,0,0,eGFP1
14734,17:30:08,0.110,0.604,0,0,eGFP1
14735,17:30:09,0.137,1.015,0,0,eGFP1
14736,17:30:10,0.110,0.582,0,0,eGFP1
14737,17:30:11,0.077,0.779,0,0,eGFP1
14738,17:30:12,0.220,0.813,0,0,eGFP1
14739,17:30:12,0.077,0.494,0,0,eGFP1
14740,17:30:13,0.088,0.735,0,0,eGFP1
14741,17:30:14,0.143,0.725,0,0,eGFP1
14742,17:30:14,0.110,0.769,0,0,eGFP1
14743,17:30:15,0.132,0.724,0,0,eGFP1
14744,17:30:16,0.088,0.571,0,0,eGFP1
14745,17:30:16,0.132,0.835,0,0,eGFP1
14746,17:30:17,0.101,0.671,0,0,eGFP1
14747,17:30:18,0.156,0.902,0,0,eGFP1
14748,17:30:19,0.133,0.945,0,0,eGFP1
14749,17:30:20,0.156,0.836,0,0,eGFP1
14750,17:30:21,0.166,0.957,0,0,eGFP1
14751,17:30:22,0.122,0.748,0,0,eGFP1
14752,17:30:22,0.167,0.848,0,0,eGFP1
14753,17:30:24,0.133,1.911,0,0,eGFP1
14754,17:30:25,0.155,0.704,0,0,eGFP1
14755,17:30:26,0.112,1.000,0,0,eGFP1
14756,17:30:27,0.145,0.737,0,0,eGFP1
14757,17:30:27,0.112,0.606,0,0,eGFP1
14758,17:30:28,0.089,0.869,0,0,eGFP1
14759,17:30:29,0.177,1.187,0,0,eGFP1
14760,17:30:31,0.235,1.617,0,0,eGFP1
14761,17:30:33,0.518,2.087,0,0,eGFP1
14762,17:30:36,0.375,2.526,0,0,eGFP1
14763,17:30:37,0.243,1.110,0,0,eGFP1
14764,17:30:38,0.156,0.902,0,0,eGFP1
14765,17:30:38,0.156,0.716,0,0,eGFP1
14766,17:30:39,0.101,0.737,0,0,eGFP1
14767,17:30:40,0.145,0.858,0,0,eGFP1
14768,17:30:41,0.157,1.024,0,0,eGFP1
14769,17:30:42,0.133,0.638,0,0,eGFP1
14770,17:30:42,0.090,0.704,0,0,eGFP1
14771,17:30:43,0.189,1.045,0,0,eGFP1
14772,17:30:45,0.155,1.373,0,0,eGFP1
14773,17:30:47,0.278,2.451,0,0,eGFP1
14774,17:30:49,0.342,2.142,0,0,eGFP1
14775,17:30:52,2.119,2.888,0,0,eGFP1
14776,17:30:56,0.168,3.833,0,0,eGFP1
14777,17:30:58,0.967,1.560,0,0,eGFP1
14778,17:30:59,0.101,1.242,0,0,eGFP1
14779,17:31:00,0.408,1.648,0,0,eGFP1
14780,17:31:02,0.375,1.824,0,0,eGFP1
14781,17:31:04,0.397,1.812,0,0,eGFP1
14782,17:31:06,0.343,1.594,0,0,eGFP1
14783,17:31:07,0.243,1.417,0,0,eGFP1
14784,17:31:08,0.256,1.332,0,0,eGFP1
14785,17:31:11,0.276,2.844,0,0,eGFP1
14786,17:31:12,0.342,0.946,0,0,eGFP1
14787,17:31:13,0.102,0.782,0,0,eGFP1
14788,17:31:14,0.145,0.924,0,0,eGFP1
14789,17:31:15,0.145,0.869,0,0,eGFP1
14790,17:31:16,0.155,0.825,0,0,eGFP1
14791,17:31:16,0.123,0.704,0,0,eGFP1
14792,17:31:17,0.120,0.756,0,0,eGFP1
14793,17:31:18,0.097,0.547,0,0,eGFP1
14794,17:31:18,0.108,0.756,0,0,eGFP1
14795,17:31:19,0.097,0.525,0,0,eGFP1
14796,17:31:20,0.097,0.788,0,0,eGFP1
14797,17:31:20,0.119,0.558,0,0,eGFP1
14798,17:31:21,0.075,0.843,0,0,eGFP1
14799,17:31:22,0.306,1.085,0,0,eGFP1
14800,17:31:23,0.122,0.692,0,0,eGFP1
14801,17:31:23,0.097,0.525,0,0,eGFP1
14802,17:31:24,0.086,0.569,0,0,eGFP1
14803,17:31:25,0.108,0.624,0,0,eGFP1
14804,17:31:25,0.119,0.799,0,0,eGFP1
14805,17:31:26,0.098,0.548,0,0,eGFP1
14806,17:31:27,0.097,0.590,0,0,eGFP1
14807,17:31:27,0.108,0.624,0,0,eGFP1
14808,17:31:28,0.097,0.547,0,0,eGFP1
14809,17:31:28,0.088,0.757,0,0,eGFP1
14810,17:31:29,0.119,0.778,0,0,eGFP1
14811,17:31:30,0.152,1.128,0,0,eGFP1
14812,17:31:32,0.218,1.151,0,0,eGFP1
14813,17:31:33,0.174,1.041,0,0,eGFP1
14814,17:31:34,0.164,1.108,0,0,eGFP1
14815,17:31:35,0.196,1.260,0,0,eGFP1
14816,17:31:36,0.207,1.414,0,0,eGFP1
14817,17:31:37,0.099,0.691,0,0,eGFP1
14818,17:31:38,0.152,0.822,0,0,eGFP1
14819,17:31:39,0.130,0.657,0,0,eGFP1
14820,17:31:39,0.097,0.689,0,0,eGFP1
14821,17:31:40,0.120,0.745,0,0,eGFP1
14822,17:31:41,0.108,0.865,0,0,eGFP1
14823,17:31:42,0.207,1.019,0,0,eGFP1
14824,17:31:43,0.185,0.987,0,0,eGFP1
14825,17:31:44,0.142,0.866,0,0,eGFP1
14826,17:31:44,0.109,0.690,0,0,eGFP1
14827,17:31:45,0.099,0.658,0,0,eGFP1
14828,17:31:46,0.120,0.734,0,0,eGFP1
14829,17:31:46,0.097,0.536,0,0,eGFP1
14830,17:31:47,0.087,0.591,0,0,eGFP1
14831,17:31:48,0.130,0.756,0,0,eGFP1
14832,17:31:48,0.108,0.536,0,0,eGFP1
14833,17:31:49,0.066,0.746,0,0,eGFP1
14834,17:31:50,0.174,0.866,0,0,eGFP1
14835,17:31:51,0.119,0.755,0,0,eGFP1
14836,17:31:51,0.131,0.657,0,0,eGFP1
14837,17:31:52,0.087,0.504,0,0,eGFP1
14838,17:31:53,0.108,0.865,0,0,eGFP1
14839,17:31:53,0.130,0.646,0,0,eGFP1
14840,17:31:54,0.097,0.547,0,0,eGFP1
14841,17:31:54,0.089,0.616,0,0,eGFP1
14842,17:31:55,0.119,0.844,0,0,eGFP1
14843,17:31:56,0.130,0.635,0,0,eGFP1
14844,17:31:57,0.075,0.711,0,0,eGFP1
14845,17:31:57,0.120,0.767,0,0,eGFP1
14846,17:31:58,0.108,0.646,0,0,eGFP1
14847,17:31:59,0.130,0.888,0,0,eGFP1
14848,17:32:00,0.141,0.887,0,0,eGFP1
14849,17:32:01,0.121,0.768,0,0,eGFP1
14850,17:32:01,0.086,0.481,0,0,eGFP1
14851,17:32:02,0.076,0.679,0,0,eGFP1
14852,17:32:03,0.153,0.833,0,0,eGFP1
14853,17:32:03,0.086,0.514,0,0,eGFP1
14854,17:32:04,0.088,0.746,0,0,eGFP1
14855,17:32:05,0.131,0.855,0,0,eGFP1
14856,17:32:05,0.119,0.602,0,0,eGFP1
14857,17:32:06,0.088,0.615,0,0,eGFP1
14858,17:32:06,0.097,0.558,0,0,eGFP1
14859,17:32:07,0.087,0.526,0,0,eGFP1
14860,17:32:08,0.086,0.734,0,0,eGFP1
14861,17:32:08,0.130,0.789,0,0,eGFP1
14862,17:32:09,0.108,0.602,0,0,eGFP1
14863,17:32:10,0.097,0.756,0,0,eGFP1
14864,17:32:10,0.130,0.646,0,0,eGFP1
14865,17:32:13,0.088,2.908,0,0,eGFP1
14866,17:32:14,0.174,0.745,0,0,eGFP1
14867,17:32:15,0.108,0.580,0,0,eGFP1
14868,17:32:15,0.088,0.725,0,0,eGFP1
14869,17:32:16,0.130,0.733,0,0,eGFP1
14870,17:32:17,0.098,0.548,0,0,eGFP1
14871,17:32:17,0.086,0.745,0,0,eGFP1
14872,17:32:18,0.119,0.580,0,0,eGFP1
14873,17:32:19,0.086,0.844,0,0,eGFP1
14874,17:32:19,0.121,0.603,0,0,eGFP1
14875,17:32:20,0.098,0.866,0,0,eGFP1
14876,17:32:21,0.131,0.581,0,0,eGFP1
14877,17:32:21,0.075,0.503,0,0,eGFP1
14878,17:32:22,0.087,0.614,0,0,eGFP1
14879,17:32:23,0.130,0.646,0,0,eGFP1
14880,17:32:23,0.098,0.504,0,0,eGFP1
14881,17:32:24,0.088,0.889,0,0,eGFP1
14882,17:32:25,0.164,0.790,0,0,eGFP1
14883,17:32:26,0.109,0.657,0,0,eGFP1
14884,17:32:26,0.087,0.526,0,0,eGFP1
14885,17:32:27,0.087,0.888,0,0,eGFP1
14886,17:32:28,0.185,0.953,0,0,eGFP1
14887,17:32:29,0.220,1.416,0,0,eGFP1
14888,17:32:30,0.152,0.778,0,0,eGFP1
14889,17:32:31,0.108,0.591,0,0,eGFP1
14890,17:32:31,0.121,0.780,0,0,eGFP1
14891,17:32:32,0.108,0.591,0,0,eGFP1
14892,17:32:33,0.087,0.570,0,0,eGFP1
14893,17:32:34,0.152,0.986,0,0,eGFP1
14894,17:32:34,0.131,0.614,0,0,eGFP1
14895,17:32:35,0.077,0.538,0,0,eGFP1
14896,17:32:36,0.185,1.250,0,0,eGFP1
14897,17:32:37,0.109,0.602,0,0,eGFP1
14898,17:32:37,0.099,0.659,0,0,eGFP1
14899,17:32:38,0.131,0.680,0,0,eGFP1
14900,17:32:39,0.097,0.756,0,0,eGFP1
14901,17:32:39,0.141,0.723,0,0,eGFP1
14902,17:32:40,0.098,0.701,0,0,eGFP1
14903,17:32:41,0.098,0.636,0,0,eGFP1
14904,17:32:41,0.120,0.701,0,0,eGFP1
14905,17:32:42,0.087,0.603,0,0,eGFP1
14906,17:32:43,0.121,0.724,0,0,eGFP1
14907,17:32:43,0.087,0.482,0,0,eGFP1
14908,17:32:44,0.067,0.615,0,0,eGFP1
14909,17:32:45,0.120,0.877,0,0,eGFP1
14910,17:32:45,0.131,0.691,0,0,eGFP1
14911,17:32:46,0.108,0.635,0,0,eGFP1
14912,17:32:47,0.098,0.735,0,0,eGFP1
14913,17:32:48,0.185,0.909,0,0,eGFP1
14914,17:32:48,0.111,0.604,0,0,eGFP1
14915,17:32:49,0.087,0.504,0,0,eGFP1
14916,17:32:50,0.098,1.042,0,0,eGFP1
14917,17:32:51,0.219,1.097,0,0,eGFP1
14918,17:32:52,0.163,0.866,0,0,eGFP1
14919,17:32:53,0.108,0.855,0,0,eGFP1
14920,17:32:53,0.152,0.723,0,0,eGFP1
14921,17:32:54,0.098,0.691,0,0,eGFP1
14922,17:32:55,0.122,0.825,0,0,eGFP1
14923,17:32:56,0.130,0.723,0,0,eGFP1
14924,17:32:57,0.252,1.525,0,0,eGFP1
14925,17:32:58,0.108,0.701,0,0,eGFP1
14926,17:32:59,0.098,0.669,0,0,eGFP1
14927,17:32:59,0.098,0.635,0,0,eGFP1
14928,17:33:00,0.098,0.559,0,0,eGFP1
14929,17:33:00,0.098,0.713,0,0,eGFP1
14930,17:33:01,0.121,0.659,0,0,eGFP1
14931,17:33:02,0.098,0.723,0,0,eGFP1
14932,17:33:03,0.164,0.976,0,0,eGFP1
14933,17:33:04,0.888,1.426,0,0,eGFP1
14934,17:33:09,1.085,4.278,0,0,eGFP1
14935,17:33:10,0.297,1.021,0,0,eGFP1
14936,17:33:10,0.285,0.570,0,0,eGFP1
14937,17:33:11,0.296,0.899,0,0,eGFP1
14938,17:33:12,0.109,0.844,0,0,eGFP1
14939,17:33:12,0.308,0.462,0,0,eGFP1
14940,17:33:13,0.295,0.921,0,0,eGFP1
14941,17:33:27,0.142,13.706,0,0,eGFP1
14942,17:33:28,0.339,1.382,0,0,eGFP1
14943,17:33:29,0.120,0.614,0,0,eGFP1
14944,17:33:30,0.098,0.822,0,0,eGFP1
14945,17:33:30,0.131,0.581,0,0,eGFP1
14946,17:33:31,0.076,0.504,0,0,eGFP1
14947,17:33:32,0.132,0.955,0,0,eGFP1
14948,17:33:33,0.153,0.724,0,0,eGFP1
14949,17:33:33,0.100,0.758,0,0,eGFP1
14950,17:33:34,0.186,0.834,0,0,eGFP1
14951,17:33:35,0.120,0.811,0,0,eGFP1
14952,17:33:35,0.098,0.493,0,0,eGFP1
14953,17:33:36,0.065,0.635,0,0,eGFP1
14954,17:33:37,0.120,0.680,0,0,eGFP1
14955,17:33:37,0.088,0.516,0,0,eGFP1
14956,17:33:38,0.087,0.581,0,0,eGFP1
14957,17:33:39,0.109,0.757,0,0,eGFP1
14958,17:33:39,0.108,0.547,0,0,eGFP1
14959,17:33:40,0.076,0.504,0,0,eGFP1
14960,17:33:40,0.098,0.581,0,0,eGFP1
14961,17:33:41,0.098,0.921,0,0,eGFP1
14962,17:33:42,0.165,1.219,0,0,eGFP1
14963,17:33:43,0.110,0.549,0,0,eGFP1
14964,17:33:43,0.088,0.549,0,0,eGFP1
14965,17:33:44,0.087,0.504,0,0,eGFP1
14966,17:33:45,0.109,0.822,0,0,eGFP1
14967,17:33:45,0.110,0.538,0,0,eGFP1
14968,17:33:46,0.076,0.537,0,0,eGFP1
14969,17:33:47,0.120,0.757,0,0,eGFP1
14970,17:33:47,0.087,0.515,0,0,eGFP1
14971,17:33:48,0.089,0.572,0,0,eGFP1
14972,17:33:48,0.109,0.691,0,0,eGFP1
14973,17:33:49,0.098,0.515,0,0,eGFP1
14974,17:33:50,0.087,0.735,0,0,eGFP1
14975,17:33:50,0.121,0.703,0,0,eGFP1
14976,17:33:51,0.087,0.658,0,0,eGFP1
14977,17:33:52,0.131,0.669,0,0,eGFP1
14978,17:33:52,0.077,0.472,0,0,eGFP1
14979,17:33:53,0.077,0.560,0,0,eGFP1
14980,17:33:53,0.120,0.680,0,0,eGFP1
14981,17:33:54,0.099,0.559,0,0,eGFP1
14982,17:33:54,0.077,0.505,0,0,eGFP1
14983,17:33:55,0.087,0.768,0,0,eGFP1
14984,17:33:56,0.120,0.669,0,0,eGFP1
14985,17:33:57,0.120,0.855,0,0,eGFP1
14986,17:33:57,0.121,0.571,0,0,eGFP1
14987,17:33:58,0.077,0.615,0,0,eGFP1
14988,17:33:59,0.132,0.779,0,0,eGFP1
14989,17:33:59,0.100,0.539,0,0,eGFP1
14990,17:34:00,0.076,0.493,0,0,eGFP1
14991,17:34:01,0.099,0.900,0,0,eGFP1
14992,17:34:01,0.120,0.570,0,0,eGFP1
14993,17:34:02,0.088,0.724,0,0,eGFP1
14994,17:34:03,0.165,0.834,0,0,eGFP1
14995,17:34:03,0.100,0.616,0,0,eGFP1
14996,17:34:04,0.131,0.789,0,0,eGFP1
14997,17:34:05,0.098,0.504,0,0,eGFP1
14998,17:34:05,0.077,0.516,0,0,eGFP1
14999,17:34:06,0.098,0.712,0,0,eGFP1
15000,17:34:07,0.132,0.691,0,0,eGFP1
15001,17:34:07,0.109,0.735,0,0,eGFP1
15002,17:34:08,0.111,0.604,0,0,eGFP1
15003,17:34:09,0.110,1.086,0,0,eGFP1
15004,17:34:10,0.144,0.682,0,0,eGFP1
15005,17:34:10,0.087,0.515,0,0,eGFP1
15006,17:34:11,0.099,0.878,0,0,eGFP1
15007,17:34:12,0.154,0.845,0,0,eGFP1
15008,17:34:13,0.131,0.944,0,0,eGFP1
15009,17:34:15,0.208,2.162,0,0,eGFP1
15010,17:34:16,0.252,0.800,0,0,eGFP1
15011,17:34:16,0.088,0.560,0,0,eGFP1
15012,17:34:17,0.144,0.725,0,0,eGFP1
15013,17:34:18,0.099,0.505,0,0,eGFP1
15014,17:34:18,0.077,0.571,0,0,eGFP1
15015,17:34:19,0.120,0.669,0,0,eGFP1
15016,17:34:20,0.100,0.605,0,0,eGFP1
15017,17:34:20,0.098,0.515,0,0,eGFP1
15018,17:34:21,0.088,0.615,0,0,eGFP1
15019,17:34:21,0.120,0.746,0,0,eGFP1
15020,17:34:22,0.122,0.682,0,0,eGFP1
15021,17:34:23,0.087,0.570,0,0,eGFP1
15022,17:34:23,0.099,0.691,0,0,eGFP1
15023,17:34:24,0.143,0.911,0,0,eGFP1
15024,17:34:25,0.165,0.889,0,0,eGFP1
15025,17:34:26,0.121,0.582,0,0,eGFP1
15026,17:34:26,0.076,0.559,0,0,eGFP1
15027,17:34:27,0.110,0.757,0,0,eGFP1
15028,17:34:28,0.101,0.518,0,0,eGFP1
15029,17:34:28,0.078,0.593,0,0,eGFP1
15030,17:34:29,0.154,0.922,0,0,eGFP1
15031,17:34:30,0.132,0.692,0,0,eGFP1
15032,17:34:30,0.087,0.614,0,0,eGFP1
15033,17:34:31,0.132,0.878,0,0,eGFP1
15034,17:34:32,0.121,0.593,0,0,eGFP1
15035,17:34:32,0.088,0.581,0,0,eGFP1
15036,17:34:33,0.122,0.781,0,0,eGFP1
15037,17:34:34,0.110,0.615,0,0,eGFP1
15038,17:34:34,0.098,0.636,0,0,eGFP1
15039,17:34:35,0.165,0.779,0,0,eGFP1
15040,17:34:36,0.088,0.560,0,0,eGFP1
15041,17:34:37,0.121,0.801,0,0,eGFP1
15042,17:34:37,0.099,0.648,0,0,eGFP1
15043,17:34:38,0.100,0.879,0,0,eGFP1
15044,17:34:39,0.199,0.978,0,0,eGFP1
15045,17:34:40,0.121,0.889,0,0,eGFP1
15046,17:34:41,0.132,0.955,0,0,eGFP1
15047,17:34:42,0.132,0.670,0,0,eGFP1
15048,17:34:42,0.076,0.472,0,0,eGFP1
15049,17:34:43,0.076,0.768,0,0,eGFP1
15050,17:34:44,0.165,0.768,0,0,eGFP1
15051,17:34:44,0.088,0.681,0,0,eGFP1
15052,17:34:45,0.122,0.627,0,0,eGFP1
15053,17:34:45,0.088,0.472,0,0,eGFP1
15054,17:34:46,0.077,0.768,0,0,eGFP1
15055,17:34:47,0.143,0.725,0,0,eGFP1
15056,17:34:47,0.100,0.517,0,0,eGFP1
15057,17:34:48,0.087,1.097,0,0,eGFP1
15058,17:34:50,0.647,1.273,0,0,eGFP1
15059,17:34:50,0.087,0.702,0,0,eGFP1
15060,17:34:51,0.122,0.824,0,0,eGFP1
15061,17:34:52,0.109,0.559,0,0,eGFP1
15062,17:34:52,0.077,0.570,0,0,eGFP1
15063,17:34:54,0.153,1.097,0,0,eGFP1
15064,17:34:54,0.153,0.812,0,0,eGFP1
15065,17:34:55,0.131,0.866,0,0,eGFP1
15066,17:34:56,0.132,0.625,0,0,eGFP1
15067,17:34:56,0.077,0.538,0,0,eGFP1
15068,17:34:58,0.109,1.140,0,0,eGFP1
15069,17:34:59,0.254,1.560,0,0,eGFP1
15070,17:35:00,0.210,0.989,0,0,eGFP1
15071,17:35:01,0.110,0.637,0,0,eGFP1
15072,17:35:02,0.132,0.999,0,0,eGFP1
15073,17:35:08,0.264,5.904,0,0,eGFP1
15074,17:35:08,0.143,0.681,0,0,eGFP1
15075,17:35:09,0.143,1.197,0,0,eGFP1
15076,17:35:10,0.154,0.703,0,0,eGFP1
15077,17:35:11,0.100,0.901,0,0,eGFP1
15078,17:35:17,0.209,5.872,0,0,eGFP1
15079,17:35:18,0.176,0.703,0,0,eGFP1
15080,17:35:20,0.121,1.964,0,0,eGFP1
15081,17:35:20,0.111,0.582,0,0,eGFP1
15082,17:35:21,0.100,0.703,0,0,eGFP1
15083,17:35:22,0.123,0.693,0,0,eGFP1
15084,17:35:22,0.133,0.879,0,0,eGFP1
15085,17:35:23,0.122,0.891,0,0,eGFP1
15086,17:35:25,0.220,1.273,0,0,eGFP1
15087,17:35:26,0.220,1.350,0,0,eGFP1
15088,17:35:28,1.427,2.163,0,0,eGFP1
15089,17:35:29,0.088,0.516,0,0,eGFP1
15090,17:35:29,0.101,0.671,0,0,eGFP1
15091,17:35:30,0.122,0.572,0,0,eGFP1
15092,17:35:30,0.066,0.472,0,0,eGFP1
15093,17:35:31,0.112,0.770,0,0,eGFP1
15094,17:35:32,0.121,0.571,0,0,eGFP1
15095,17:35:32,0.078,0.561,0,0,eGFP1
15096,17:35:33,0.165,1.097,0,0,eGFP1
15097,17:35:35,0.244,1.363,0,0,eGFP1
15098,17:35:36,0.198,0.813,0,0,eGFP1
15099,17:35:36,0.088,0.527,0,0,eGFP1
15100,17:35:37,0.089,0.593,0,0,eGFP1
15101,17:35:37,0.112,0.716,0,0,eGFP1
15102,17:35:38,0.110,0.571,0,0,eGFP1
15103,17:35:38,0.077,0.505,0,0,eGFP1
15104,17:35:39,0.078,0.616,0,0,eGFP1
15105,17:35:40,0.121,0.670,0,0,eGFP1
15106,17:35:40,0.088,0.659,0,0,eGFP1
15107,17:35:41,0.132,0.582,0,0,eGFP1
15108,17:35:42,0.078,0.582,0,0,eGFP1
15109,17:35:42,0.134,0.891,0,0,eGFP1
15110,17:35:43,0.101,0.595,0,0,eGFP1
15111,17:35:44,0.078,0.604,0,0,eGFP1
15112,17:35:44,0.122,0.594,0,0,eGFP1
15113,17:35:45,0.077,0.483,0,0,eGFP1
15114,17:35:46,0.089,0.835,0,0,eGFP1
15115,17:35:46,0.132,0.615,0,0,eGFP1
15116,17:35:47,0.078,0.539,0,0,eGFP1
15117,17:35:48,0.111,0.836,0,0,eGFP1
15118,17:35:48,0.143,0.758,0,0,eGFP1
15119,17:35:49,0.088,0.538,0,0,eGFP1
15120,17:35:50,0.089,0.681,0,0,eGFP1
15121,17:35:50,0.177,0.714,0,0,eGFP1
15122,17:35:51,0.078,0.473,0,0,eGFP1
15123,17:35:52,0.100,1.054,0,0,eGFP1
15124,17:35:52,0.112,0.617,0,0,eGFP1
15125,17:35:53,0.090,0.507,0,0,eGFP1
15126,17:35:54,0.088,0.747,0,0,eGFP1
15127,17:35:54,0.143,0.691,0,0,eGFP1
15128,17:35:55,0.089,0.539,0,0,eGFP1
15129,17:35:56,0.099,0.878,0,0,eGFP1
15130,17:35:56,0.110,0.560,0,0,eGFP1
15131,17:35:57,0.069,0.486,0,0,eGFP1
15132,17:35:58,0.088,0.868,0,0,eGFP1
15133,17:35:58,0.165,0.812,0,0,eGFP1
15134,17:35:59,0.101,0.562,0,0,eGFP1
15135,17:36:00,0.100,0.813,0,0,eGFP1
15136,17:36:00,0.111,0.561,0,0,eGFP1
15137,17:36:01,0.079,0.627,0,0,eGFP1
15138,17:36:02,0.177,0.759,0,0,eGFP1
15139,17:36:02,0.088,0.527,0,0,eGFP1
15140,17:36:03,0.100,0.857,0,0,eGFP1
15141,17:36:04,0.133,0.660,0,0,eGFP1
15142,17:36:04,0.079,0.507,0,0,eGFP1
15143,17:36:06,0.089,2.020,0,0,eGFP1
15144,17:36:07,0.122,0.572,0,0,eGFP1
15145,17:36:08,0.099,1.252,0,0,eGFP1
15146,17:36:09,0.121,0.604,0,0,eGFP1
15147,17:36:09,0.089,0.616,0,0,eGFP1
15148,17:36:10,0.132,0.824,0,0,eGFP1
15149,17:36:11,0.144,0.879,0,0,eGFP1
15150,17:36:12,0.178,0.836,0,0,eGFP1
15151,17:36:13,0.101,0.639,0,0,eGFP1
15152,17:36:17,1.142,4.050,0,0,eGFP1
15153,17:36:17,0.100,0.572,0,0,eGFP1
15154,17:36:18,0.111,0.748,0,0,eGFP1
15155,17:36:18,0.099,0.516,0,0,eGFP1
15156,17:36:19,0.100,0.770,0,0,eGFP1
15157,17:36:20,0.132,0.747,0,0,eGFP1
15158,17:36:21,0.090,0.507,0,0,eGFP1
15159,17:36:21,0.078,0.572,0,0,eGFP1
15160,17:36:22,0.155,0.846,0,0,eGFP1
15161,17:36:22,0.100,0.528,0,0,eGFP1
15162,17:36:23,0.089,0.627,0,0,eGFP1
15163,17:36:24,0.132,0.703,0,0,eGFP1
15164,17:36:24,0.090,0.485,0,0,eGFP1
15165,17:36:25,0.077,0.681,0,0,eGFP1
15166,17:36:26,0.122,0.682,0,0,eGFP1
15167,17:36:26,0.088,0.494,0,0,eGFP1
15168,17:36:27,0.089,0.670,0,0,eGFP1
15169,17:36:28,0.122,0.769,0,0,eGFP1
15170,17:36:28,0.099,0.604,0,0,eGFP1
15171,17:36:29,0.111,0.659,0,0,eGFP1
15172,17:36:29,0.100,0.572,0,0,eGFP1
15173,17:36:30,0.121,0.659,0,0,eGFP1
15174,17:36:31,0.111,0.572,0,0,eGFP1
15175,17:36:32,0.111,0.868,0,0,eGFP1
15176,17:36:32,0.110,0.560,0,0,eGFP1
15177,17:36:33,0.099,0.615,0,0,eGFP1
15178,17:36:33,0.112,0.694,0,0,eGFP1
15179,17:36:34,0.100,0.560,0,0,eGFP1
15180,17:36:35,0.122,0.814,0,0,eGFP1
15181,17:36:35,0.100,0.517,0,0,eGFP1
15182,17:36:36,0.090,0.771,0,0,eGFP1
15183,17:36:37,0.122,0.605,0,0,eGFP1
15184,17:36:37,0.089,0.681,0,0,eGFP1
15185,17:36:38,0.122,0.737,0,0,eGFP1
15186,17:36:39,0.089,0.495,0,0,eGFP1
15187,17:36:39,0.078,0.748,0,0,eGFP1
15188,17:36:40,0.165,0.736,0,0,eGFP1
15189,17:36:41,0.089,0.495,0,0,eGFP1
15190,17:36:41,0.091,0.892,0,0,eGFP1
15191,17:36:42,0.134,0.704,0,0,eGFP1
15192,17:36:43,0.111,0.649,0,0,eGFP1
15193,17:36:44,0.132,0.812,0,0,eGFP1
15194,17:36:44,0.111,0.594,0,0,eGFP1
15195,17:36:45,0.088,0.813,0,0,eGFP1
15196,17:36:46,0.143,0.725,0,0,eGFP1
15197,17:36:46,0.088,0.626,0,0,eGFP1
15198,17:36:47,0.111,0.802,0,0,eGFP1
15199,17:36:48,0.124,0.771,0,0,eGFP1
15200,17:36:48,0.111,0.572,0,0,eGFP1
15201,17:36:49,0.078,0.550,0,0,eGFP1
15202,17:36:50,0.155,1.077,0,0,eGFP1
15203,17:36:51,0.133,0.682,0,0,eGFP1
15204,17:36:51,0.078,0.539,0,0,eGFP1
15205,17:36:52,0.110,0.835,0,0,eGFP1
15206,17:36:53,0.210,0.890,0,0,eGFP1
15207,17:36:54,0.102,0.705,0,0,eGFP1
15208,17:36:54,0.122,0.682,0,0,eGFP1
15209,17:36:55,0.100,0.583,0,0,eGFP1
15210,17:36:56,0.100,0.748,0,0,eGFP1
15211,17:36:57,0.133,0.737,0,0,eGFP1
15212,17:36:57,0.112,0.639,0,0,eGFP1
15213,17:36:58,0.111,1.252,0,0,eGFP1
15214,17:37:00,0.353,1.297,0,0,eGFP1
15215,17:37:01,0.156,1.243,0,0,eGFP1
15216,17:37:02,0.243,1.187,0,0,eGFP1
15217,17:37:03,0.199,1.318,0,0,eGFP1
15218,17:37:04,0.135,0.727,0,0,eGFP1
15219,17:37:05,0.133,1.000,0,0,eGFP1
15220,17:37:06,0.156,1.264,0,0,eGFP1
15221,17:37:08,0.298,1.713,0,0,eGFP1
15222,17:37:09,0.364,1.264,0,0,eGFP1
15223,17:37:10,0.179,0.958,0,0,eGFP1
15224,17:37:11,0.133,0.802,0,0,eGFP1
15225,17:37:12,0.112,0.628,0,0,eGFP1
15226,17:37:13,0.111,1.044,0,0,eGFP1
15227,17:37:15,1.208,1.966,0,0,eGFP1
15228,17:37:16,0.100,0.945,0,0,eGFP1
15229,17:37:17,0.210,1.351,0,0,eGFP1
15230,17:37:20,1.824,2.592,0,0,eGFP1
15231,17:37:20,0.092,0.761,0,0,eGFP1
15232,17:37:21,0.112,0.595,0,0,eGFP1
15233,17:37:22,0.100,0.550,0,0,eGFP1
15234,17:37:22,0.090,0.561,0,0,eGFP1
15235,17:37:23,0.101,0.661,0,0,eGFP1
15236,17:37:24,0.089,0.693,0,0,eGFP1
15237,17:37:24,0.100,0.550,0,0,eGFP1
15238,17:37:25,0.089,0.550,0,0,eGFP1
15239,17:37:25,0.091,0.574,0,0,eGFP1
15240,17:37:26,0.090,0.605,0,0,eGFP1
15241,17:37:26,0.101,0.584,0,0,eGFP1
15242,17:37:27,0.078,0.517,0,0,eGFP1
15243,17:37:27,0.090,0.584,0,0,eGFP1
15244,17:37:28,0.100,0.660,0,0,eGFP1
15245,17:37:29,0.091,0.519,0,0,eGFP1
15246,17:37:30,0.089,1.527,0,0,eGFP1
15247,17:37:31,0.211,0.903,0,0,eGFP1
15248,17:37:32,0.111,0.594,0,0,eGFP1
15249,17:37:32,0.090,0.693,0,0,eGFP1
15250,17:37:33,0.112,0.748,0,0,eGFP1
15251,17:37:34,0.112,0.671,0,0,eGFP1
15252,17:37:35,0.090,0.781,0,0,eGFP1
15253,17:37:35,0.145,0.705,0,0,eGFP1
15254,17:37:36,0.089,0.649,0,0,eGFP1
15255,17:37:37,0.101,0.616,0,0,eGFP1
15256,17:37:37,0.102,0.530,0,0,eGFP1
15257,17:37:38,0.100,0.703,0,0,eGFP1
15258,17:37:39,0.146,1.078,0,0,eGFP1
15259,17:37:40,0.166,0.803,0,0,eGFP1
15260,17:37:41,0.111,0.988,0,0,eGFP1
15261,17:37:43,0.331,2.065,0,0,eGFP1
15262,17:37:43,0.100,0.561,0,0,eGFP1
15263,17:37:44,0.089,0.703,0,0,eGFP1
15264,17:37:45,0.124,0.662,0,0,eGFP1
15265,17:37:45,0.089,0.682,0,0,eGFP1
15266,17:37:46,0.112,0.617,0,0,eGFP1
15267,17:37:47,0.078,0.605,0,0,eGFP1
15268,17:37:47,0.134,0.825,0,0,eGFP1
15269,17:37:48,0.101,0.562,0,0,eGFP1
15270,17:37:49,0.089,0.616,0,0,eGFP1
15271,17:37:49,0.112,0.628,0,0,eGFP1
15272,17:37:50,0.091,0.651,0,0,eGFP1
15273,17:37:51,0.122,0.725,0,0,eGFP1
15274,17:37:51,0.122,0.638,0,0,eGFP1
15275,17:37:52,0.089,0.495,0,0,eGFP1
15276,17:37:53,0.089,0.813,0,0,eGFP1
15277,17:37:53,0.122,0.682,0,0,eGFP1
15278,17:37:54,0.111,0.704,0,0,eGFP1
15279,17:37:55,0.100,0.626,0,0,eGFP1
15280,17:37:55,0.102,0.738,0,0,eGFP1
15281,17:37:56,0.122,0.660,0,0,eGFP1
15282,17:37:56,0.089,0.528,0,0,eGFP1
15283,17:37:57,0.086,0.580,0,0,eGFP1
15284,17:37:58,0.119,0.745,0,0,eGFP1
15285,17:37:58,0.109,0.614,0,0,eGFP1
15286,17:37:59,0.086,0.514,0,0,eGFP1
15287,17:38:00,0.097,0.876,0,0,eGFP1
15288,17:38:01,0.197,0.845,0,0,eGFP1
15289,17:38:01,0.108,0.678,0,0,eGFP1
15290,17:38:02,0.130,0.800,0,0,eGFP1
15291,17:38:03,0.108,0.591,0,0,eGFP1
15292,17:38:03,0.108,0.788,0,0,eGFP1
15293,17:38:04,0.152,0.777,0,0,eGFP1
15294,17:38:05,0.098,0.526,0,0,eGFP1
15295,17:38:05,0.075,0.492,0,0,eGFP1
15296,17:38:06,0.098,0.932,0,0,eGFP1
15297,17:38:07,0.152,0.679,0,0,eGFP1
15298,17:38:07,0.086,0.580,0,0,eGFP1
15299,17:38:08,0.120,0.910,0,0,eGFP1
15300,17:38:09,0.152,0.888,0,0,eGFP1
15301,17:38:10,0.152,0.898,0,0,eGFP1
15302,17:38:11,0.141,0.701,0,0,eGFP1
15303,17:38:11,0.075,0.580,0,0,eGFP1
15304,17:38:12,0.120,0.789,0,0,eGFP1
15305,17:38:13,0.108,0.723,0,0,eGFP1
15306,17:38:14,0.108,0.668,0,0,eGFP1
15307,17:38:14,0.119,0.744,0,0,eGFP1
15308,17:38:15,0.109,0.657,0,0,eGFP1
15309,17:38:16,0.097,0.580,0,0,eGFP1
15310,17:38:16,0.119,0.778,0,0,eGFP1
15311,17:38:17,0.130,0.712,0,0,eGFP1
15312,17:38:18,0.077,0.505,0,0,eGFP1
15313,17:38:18,0.098,0.723,0,0,eGFP1
15314,17:38:19,0.152,1.041,0,0,eGFP1
15315,17:38:20,0.163,0.953,0,0,eGFP1
15316,17:38:21,0.152,0.734,0,0,eGFP1
15317,17:38:22,0.086,0.514,0,0,eGFP1
15318,17:38:22,0.075,0.547,0,0,eGFP1
15319,17:38:23,0.130,0.822,0,0,eGFP1
15320,17:38:24,0.119,0.591,0,0,eGFP1
15321,17:38:24,0.087,0.570,0,0,eGFP1
15322,17:38:25,0.119,0.899,0,0,eGFP1
15323,17:38:26,0.130,0.635,0,0,eGFP1
15324,17:38:26,0.086,0.481,0,0,eGFP1
15325,17:38:27,0.086,0.712,0,0,eGFP1
15326,17:38:28,0.164,1.064,0,0,eGFP1
15327,17:38:30,0.898,1.798,0,0,eGFP1
15328,17:38:32,0.152,2.215,0,0,eGFP1
15329,17:38:34,1.218,1.965,0,0,eGFP1
15330,17:38:35,0.097,0.646,0,0,eGFP1
15331,17:38:35,0.152,0.997,0,0,eGFP1
15332,17:38:36,0.152,0.810,0,0,eGFP1
15333,17:38:37,0.087,0.515,0,0,eGFP1
15334,17:38:37,0.075,0.514,0,0,eGFP1
15335,17:38:38,0.087,0.657,0,0,eGFP1
15336,17:38:39,0.109,0.537,0,0,eGFP1
15337,17:38:39,0.077,0.483,0,0,eGFP1
15338,17:38:40,0.097,0.690,0,0,eGFP1
15339,17:38:40,0.109,0.647,0,0,eGFP1
15340,17:38:41,0.086,0.536,0,0,eGFP1
15341,17:38:41,0.109,0.603,0,0,eGFP1
15342,17:38:42,0.086,0.470,0,0,eGFP1
15343,17:38:42,0.075,0.536,0,0,eGFP1
15344,17:38:43,0.120,0.932,0,0,eGFP1
15345,17:38:44,0.121,0.779,0,0,eGFP1
15346,17:38:45,0.108,0.602,0,0,eGFP1
15347,17:38:46,0.109,0.800,0,0,eGFP1
15348,17:38:46,0.119,0.646,0,0,eGFP1
15349,17:38:47,0.109,0.591,0,0,eGFP1
15350,17:38:48,0.098,0.866,0,0,eGFP1
15351,17:38:49,0.163,0.800,0,0,eGFP1
15352,17:38:49,0.108,0.580,0,0,eGFP1
15353,17:38:50,0.089,0.803,0,0,eGFP1
15354,17:38:51,0.141,0.734,0,0,eGFP1
15355,17:38:51,0.097,0.778,0,0,eGFP1
15356,17:38:53,0.218,1.140,0,0,eGFP1
15357,17:38:53,0.141,0.843,0,0,eGFP1
15358,17:38:54,0.142,0.658,0,0,eGFP1
15359,17:38:55,0.075,0.525,0,0,eGFP1
15360,17:38:55,0.098,0.657,0,0,eGFP1
15361,17:38:56,0.121,0.659,0,0,eGFP1
15362,17:38:57,0.108,0.613,0,0,eGFP1
15363,17:38:57,0.087,0.570,0,0,eGFP1
15364,17:38:58,0.119,0.865,0,0,eGFP1
15365,17:39:00,0.186,1.722,0,0,eGFP1
15366,17:39:01,0.319,0.988,0,0,eGFP1
15367,17:39:01,0.098,0.635,0,0,eGFP1
15368,17:39:02,0.109,0.756,0,0,eGFP1
15369,17:39:03,0.099,0.604,0,0,eGFP1
15370,17:39:03,0.098,0.613,0,0,eGFP1
15371,17:39:04,0.109,0.614,0,0,eGFP1
15372,17:39:04,0.097,0.569,0,0,eGFP1
15373,17:39:05,0.087,0.745,0,0,eGFP1
15374,17:39:06,0.142,0.669,0,0,eGFP1
15375,17:39:06,0.089,0.527,0,0,eGFP1
15376,17:39:07,0.087,0.559,0,0,eGFP1
15377,17:39:08,0.099,0.867,0,0,eGFP1
15378,17:39:09,0.142,0.734,0,0,eGFP1
15379,17:39:09,0.087,0.537,0,0,eGFP1
15380,17:39:11,0.121,1.921,0,0,eGFP1
15381,17:39:12,0.185,0.788,0,0,eGFP1
15382,17:39:13,0.109,0.888,0,0,eGFP1
15383,17:39:14,0.163,0.866,0,0,eGFP1
15384,17:44:35,0.141,321.559,0,0,eGFP1
15385,17:44:36,0.153,1.305,0,0,eGFP1
15386,17:44:37,0.132,0.944,0,0,eGFP1
15387,17:44:38,0.152,0.997,0,0,eGFP1
15388,17:44:39,0.153,0.899,0,0,eGFP1
15389,17:44:40,0.141,1.019,0,0,eGFP1
15390,17:44:41,0.142,0.932,0,0,eGFP1
15391,17:44:42,0.130,0.799,0,0,eGFP1
15392,17:44:43,0.175,0.998,0,0,eGFP1
15393,17:44:44,0.121,0.823,0,0,eGFP1
15394,17:44:44,0.132,0.692,0,0,eGFP1
15395,17:44:45,0.097,0.942,0,0,eGFP1
15396,17:44:46,0.120,0.647,0,0,eGFP1
15397,17:44:47,0.109,0.921,0,0,eGFP1
15398,17:44:48,0.163,0.844,0,0,eGFP1
15399,17:44:49,0.185,1.063,0,0,eGFP1
15400,17:44:50,0.109,0.658,0,0,eGFP1
15401,17:44:50,0.098,0.833,0,0,eGFP1
15402,17:44:51,0.099,0.670,0,0,eGFP1
15403,17:44:52,0.131,0.932,0,0,eGFP1
15404,17:44:53,0.130,0.712,0,0,eGFP1
15405,17:44:54,0.120,0.789,0,0,eGFP1
15406,17:44:54,0.120,0.822,0,0,eGFP1
15407,17:44:55,0.155,0.857,0,0,eGFP1
15408,17:44:56,0.098,0.767,0,0,eGFP1
15409,17:44:57,0.153,0.921,0,0,eGFP1
15410,17:44:58,0.132,0.868,0,0,eGFP1
15411,17:44:58,0.098,0.734,0,0,eGFP1
15412,17:44:59,0.186,0.866,0,0,eGFP1
15413,17:45:00,0.098,0.866,0,0,eGFP1
15414,17:45:01,0.131,0.680,0,0,eGFP1
15415,17:45:02,0.109,0.943,0,0,eGFP1
15416,17:45:03,0.131,0.899,0,0,eGFP1
15417,17:45:04,0.131,0.943,0,0,eGFP1
15418,17:45:05,0.143,0.845,0,0,eGFP1
15419,17:45:05,0.120,0.724,0,0,eGFP1
15420,17:45:06,0.132,1.230,0,0,eGFP1
15421,17:45:07,0.120,0.679,0,0,eGFP1
15422,17:45:08,0.109,0.833,0,0,eGFP1
15423,17:45:09,0.142,0.845,0,0,eGFP1
15424,17:45:10,0.142,1.162,0,0,eGFP1
15425,17:45:12,0.164,2.304,0,0,eGFP1
15426,17:45:13,0.154,0.835,0,0,eGFP1
15427,17:45:14,0.131,0.800,0,0,eGFP1
15428,17:45:15,0.131,0.855,0,0,eGFP1
15429,17:45:16,0.120,0.899,0,0,eGFP1
15430,17:45:17,0.153,0.878,0,0,eGFP1
15431,17:45:18,0.131,1.041,0,0,eGFP1
15432,17:45:18,0.131,0.768,0,0,eGFP1
15433,17:45:19,0.120,0.888,0,0,eGFP1
15434,17:45:20,0.120,0.845,0,0,eGFP1
15435,17:45:21,0.175,0.877,0,0,eGFP1
15436,17:45:22,0.131,0.756,0,0,eGFP1
15437,17:45:23,0.110,0.944,0,0,eGFP1
15438,17:45:24,0.164,1.030,0,0,eGFP1
15439,17:45:25,0.197,1.163,0,0,eGFP1
15440,17:45:26,0.142,0.866,0,0,eGFP1
15441,17:45:26,0.099,0.658,0,0,eGFP1
15442,17:45:27,0.177,0.967,0,0,eGFP1
15443,17:45:28,0.142,0.877,0,0,eGFP1
15444,17:45:30,0.153,1.360,0,0,eGFP1
15445,17:45:31,0.219,1.744,0,0,eGFP1
15446,17:45:33,0.318,1.481,0,0,eGFP1
15447,17:45:34,0.166,1.384,0,0,eGFP1
15448,17:45:35,0.142,0.921,0,0,eGFP1
15449,17:45:36,0.219,0.943,0,0,eGFP1
15450,17:45:37,0.109,0.713,0,0,eGFP1
15451,17:45:38,0.132,0.966,0,0,eGFP1
15452,17:45:39,0.142,1.558,0,0,eGFP1
15453,17:45:40,0.186,1.020,0,0,eGFP1
15454,17:45:41,0.142,1.053,0,0,eGFP1
15455,17:45:42,0.141,0.789,0,0,eGFP1
15456,17:45:43,0.109,0.767,0,0,eGFP1
15457,17:45:44,0.142,0.867,0,0,eGFP1
15458,17:45:45,0.153,0.943,0,0,eGFP1
15459,17:45:48,0.681,3.249,0,0,eGFP1
15460,17:45:49,0.242,0.835,0,0,eGFP1
15461,17:45:50,0.098,0.767,0,0,eGFP1
15462,17:45:50,0.132,0.691,0,0,eGFP1
15463,17:45:51,0.132,1.185,0,0,eGFP1
15464,17:45:52,0.131,0.943,0,0,eGFP1
15465,17:45:54,0.209,1.207,0,0,eGFP1
15466,17:45:54,0.142,0.757,0,0,eGFP1
15467,17:46:00,0.100,5.598,0,0,eGFP1
15468,17:46:02,0.339,1.568,0,0,eGFP1
15469,17:46:03,0.154,0.999,0,0,eGFP1
15470,17:46:04,0.208,0.965,0,0,eGFP1
15471,17:46:04,0.098,0.680,0,0,eGFP1
15472,17:46:05,0.164,0.998,0,0,eGFP1
15473,17:46:06,0.143,0.955,0,0,eGFP1
15474,17:46:07,0.121,0.637,0,0,eGFP1
15475,17:46:08,0.100,0.890,0,0,eGFP1
15476,17:46:09,0.120,0.856,0,0,eGFP1
15477,17:46:09,0.109,0.680,0,0,eGFP1
15478,17:46:10,0.175,0.954,0,0,eGFP1
15479,17:46:11,0.120,0.636,0,0,eGFP1
15480,17:46:12,0.099,0.834,0,0,eGFP1
15481,17:46:12,0.131,0.867,0,0,eGFP1
15482,17:46:13,0.153,0.921,0,0,eGFP1
15483,17:46:14,0.155,1.033,0,0,eGFP1
15484,17:46:15,0.142,0.976,0,0,eGFP1
15485,17:46:16,0.164,0.878,0,0,eGFP1
15486,17:46:17,0.087,0.592,0,0,eGFP1
15487,17:46:18,0.154,0.934,0,0,eGFP1
15488,17:46:19,0.142,0.965,0,0,eGFP1
15489,17:46:20,0.142,0.712,0,0,eGFP1
15490,17:46:20,0.110,0.834,0,0,eGFP1
15491,17:46:21,0.132,1.010,0,0,eGFP1
15492,17:46:22,0.131,0.636,0,0,eGFP1
15493,17:46:23,0.109,0.976,0,0,eGFP1
15494,17:46:24,0.110,0.702,0,0,eGFP1
15495,17:46:25,0.120,0.856,0,0,eGFP1
15496,17:46:25,0.109,0.822,0,0,eGFP1
15497,17:46:26,0.123,0.628,0,0,eGFP1
15498,17:46:27,0.120,0.954,0,0,eGFP1
15499,17:46:28,0.132,0.736,0,0,eGFP1
15500,17:46:29,0.153,0.943,0,0,eGFP1
15501,17:46:29,0.144,0.846,0,0,eGFP1
15502,17:46:30,0.143,0.746,0,0,eGFP1
15503,17:46:32,0.099,1.328,0,0,eGFP1
15504,17:46:32,0.153,0.691,0,0,eGFP1
15505,17:46:33,0.099,0.691,0,0,eGFP1
15506,17:46:34,0.110,0.856,0,0,eGFP1
15507,17:46:35,0.122,0.923,0,0,eGFP1
15508,17:46:35,0.132,0.801,0,0,eGFP1
15509,17:46:36,0.132,0.911,0,0,eGFP1
15510,17:46:37,0.121,0.603,0,0,eGFP1
15511,17:46:38,0.099,0.834,0,0,eGFP1
15512,17:46:39,0.132,0.681,0,0,eGFP1
15513,17:46:39,0.087,0.680,0,0,eGFP1
15514,17:46:40,0.166,0.868,0,0,eGFP1
15515,17:46:41,0.099,0.582,0,0,eGFP1
15516,17:46:42,0.122,0.879,0,0,eGFP1
15517,17:46:43,0.142,0.976,0,0,eGFP1
15518,17:46:44,0.165,1.042,0,0,eGFP1
15519,17:46:44,0.154,0.845,0,0,eGFP1
15520,17:46:45,0.131,0.911,0,0,eGFP1
15521,17:46:46,0.142,0.965,0,0,eGFP1
15522,17:46:47,0.153,0.889,0,0,eGFP1
15523,17:46:48,0.131,0.855,0,0,eGFP1
15524,17:46:49,0.133,0.660,0,0,eGFP1
15525,17:46:50,0.088,0.944,0,0,eGFP1
15526,17:46:50,0.120,0.625,0,0,eGFP1
15527,17:46:51,0.099,0.856,0,0,eGFP1
15528,17:46:52,0.122,0.649,0,0,eGFP1
15529,17:46:53,0.099,0.812,0,0,eGFP1
15530,17:46:53,0.154,0.911,0,0,eGFP1
15531,17:46:57,0.538,3.205,0,0,eGFP1
15532,17:46:58,0.363,1.109,0,0,eGFP1
15533,17:46:58,0.099,0.692,0,0,eGFP1
15534,17:46:59,0.154,0.878,0,0,eGFP1
15535,17:47:00,0.132,0.768,0,0,eGFP1
15536,17:47:01,0.110,0.626,0,0,eGFP1
15537,17:47:01,0.099,0.614,0,0,eGFP1
15538,17:47:02,0.111,0.726,0,0,eGFP1
15539,17:47:03,0.110,0.768,0,0,eGFP1
15540,17:47:03,0.123,0.616,0,0,eGFP1
15541,17:47:04,0.101,0.737,0,0,eGFP1
15542,17:47:05,0.121,0.692,0,0,eGFP1
15543,17:47:06,0.099,0.735,0,0,eGFP1
15544,17:47:06,0.132,0.867,0,0,eGFP1
15545,17:47:07,0.121,0.758,0,0,eGFP1
15546,17:47:08,0.120,0.713,0,0,eGFP1
15547,17:47:09,0.121,0.790,0,0,eGFP1
15548,17:47:10,0.134,0.924,0,0,eGFP1
15549,17:47:10,0.154,0.702,0,0,eGFP1
15550,17:47:11,0.088,0.692,0,0,eGFP1
15551,17:47:12,0.176,0.845,0,0,eGFP1
15552,17:47:13,0.099,0.604,0,0,eGFP1
15553,17:47:13,0.143,0.889,0,0,eGFP1
15554,17:47:14,0.099,0.692,0,0,eGFP1
15555,17:47:15,0.166,0.737,0,0,eGFP1
15556,17:47:16,0.089,0.660,0,0,eGFP1
15557,17:47:16,0.154,0.780,0,0,eGFP1
15558,17:47:17,0.099,0.647,0,0,eGFP1
15559,17:47:18,0.111,0.692,0,0,eGFP1
15560,17:47:18,0.088,0.736,0,0,eGFP1
15561,17:47:19,0.154,0.856,0,0,eGFP1
15562,17:47:20,0.132,0.747,0,0,eGFP1
15563,17:47:21,0.099,0.680,0,0,eGFP1
15564,17:47:21,0.123,0.803,0,0,eGFP1
15565,17:47:22,0.099,0.560,0,0,eGFP1
15566,17:47:23,0.100,0.868,0,0,eGFP1
15567,17:47:23,0.110,0.593,0,0,eGFP1
15568,17:47:24,0.078,0.682,0,0,eGFP1
15569,17:47:25,0.154,0.681,0,0,eGFP1
15570,17:47:26,0.088,0.823,0,0,eGFP1
15571,17:47:26,0.121,0.615,0,0,eGFP1
15572,17:47:27,0.090,0.682,0,0,eGFP1
15573,17:47:28,0.154,0.802,0,0,eGFP1
15574,17:47:28,0.099,0.637,0,0,eGFP1
15575,17:47:29,0.121,0.725,0,0,eGFP1
15576,17:47:30,0.099,0.637,0,0,eGFP1
15577,17:47:31,0.132,0.812,0,0,eGFP1
15578,17:47:31,0.099,0.571,0,0,eGFP1
15579,17:47:32,0.110,0.725,0,0,eGFP1
15580,17:47:33,0.110,0.725,0,0,eGFP1
15581,17:47:33,0.100,0.638,0,0,eGFP1
15582,17:47:34,0.122,0.781,0,0,eGFP1
15583,17:47:35,0.110,0.625,0,0,eGFP1
15584,17:47:35,0.099,0.747,0,0,eGFP1
15585,17:47:36,0.121,0.746,0,0,eGFP1
15586,17:47:38,0.231,2.140,0,0,eGFP1
15587,17:47:39,0.099,0.604,0,0,eGFP1
15588,17:47:40,0.088,0.746,0,0,eGFP1
15589,17:47:40,0.101,0.693,0,0,eGFP1
15590,17:47:41,0.133,0.747,0,0,eGFP1
15591,17:47:42,0.100,0.747,0,0,eGFP1
15592,17:47:42,0.121,0.681,0,0,eGFP1
15593,17:47:43,0.111,0.824,0,0,eGFP1
15594,17:47:44,0.099,0.604,0,0,eGFP1
15595,17:47:45,0.100,0.649,0,0,eGFP1
15596,17:47:45,0.099,0.746,0,0,eGFP1
15597,17:47:46,0.134,0.781,0,0,eGFP1
15598,17:47:47,0.121,0.746,0,0,eGFP1
15599,17:47:47,0.099,0.626,0,0,eGFP1
15600,17:47:48,0.121,0.933,0,0,eGFP1
15601,17:47:49,0.099,0.834,0,0,eGFP1
15602,17:47:50,0.121,0.604,0,0,eGFP1
15603,17:47:51,0.110,0.933,0,0,eGFP1
15604,17:47:51,0.099,0.560,0,0,eGFP1
15605,17:47:52,0.089,0.759,0,0,eGFP1
15606,17:47:53,0.143,0.801,0,0,eGFP1
15607,17:47:54,0.110,0.801,0,0,eGFP1
15608,17:47:54,0.121,0.714,0,0,eGFP1
15609,17:47:55,0.100,0.759,0,0,eGFP1
15610,17:47:56,0.176,0.944,0,0,eGFP1
15611,17:47:57,0.155,0.868,0,0,eGFP1
15612,17:47:58,0.099,0.813,0,0,eGFP1
15613,17:47:58,0.134,0.682,0,0,eGFP1
15614,17:47:59,0.100,0.671,0,0,eGFP1
15615,17:48:00,0.121,0.725,0,0,eGFP1
15616,17:48:01,0.099,0.670,0,0,eGFP1
15617,17:48:01,0.154,0.901,0,0,eGFP1
15618,17:48:02,0.121,0.802,0,0,eGFP1
15619,17:48:03,0.110,0.747,0,0,eGFP1
15620,17:48:04,0.110,0.769,0,0,eGFP1
15621,17:48:05,0.145,1.286,0,0,eGFP1
15622,17:48:08,0.408,2.592,0,0,eGFP1
15623,17:48:08,0.122,0.659,0,0,eGFP1
15624,17:48:09,0.111,0.802,0,0,eGFP1
15625,17:48:10,0.122,0.649,0,0,eGFP1
15626,17:48:11,0.121,0.802,0,0,eGFP1
15627,17:48:11,0.121,0.747,0,0,eGFP1
15628,17:48:12,0.111,0.626,0,0,eGFP1
15629,17:48:13,0.101,0.672,0,0,eGFP1
15630,17:48:13,0.122,0.714,0,0,eGFP1
15631,17:48:14,0.100,0.824,0,0,eGFP1
15632,17:48:15,0.122,0.725,0,0,eGFP1
15633,17:48:15,0.111,0.638,0,0,eGFP1
15634,17:48:16,0.100,0.583,0,0,eGFP1
15635,17:48:17,0.121,0.856,0,0,eGFP1
15636,17:48:18,0.102,0.628,0,0,eGFP1
15637,17:48:18,0.112,0.738,0,0,eGFP1
15638,17:48:19,0.111,0.659,0,0,eGFP1
15639,17:48:20,0.111,0.759,0,0,eGFP1
15640,17:48:20,0.110,0.593,0,0,eGFP1
15641,17:48:21,0.100,1.077,0,0,eGFP1
15642,17:48:22,0.143,0.791,0,0,eGFP1
15643,17:48:23,0.111,0.703,0,0,eGFP1
15644,17:48:24,0.111,0.835,0,0,eGFP1
15645,17:48:25,0.243,1.121,0,0,eGFP1
15646,17:48:26,0.112,0.683,0,0,eGFP1
15647,17:48:26,0.132,0.768,0,0,eGFP1
15648,17:48:27,0.100,0.593,0,0,eGFP1
15649,17:48:28,0.123,0.869,0,0,eGFP1
15650,17:48:29,0.133,0.945,0,0,eGFP1
15651,17:48:29,0.143,0.746,0,0,eGFP1
15652,17:48:31,0.133,1.274,0,0,eGFP1
15653,17:48:31,0.132,0.681,0,0,eGFP1
15654,17:48:32,0.101,0.749,0,0,eGFP1
15655,17:48:33,0.133,0.769,0,0,eGFP1
15656,17:48:34,0.100,0.660,0,0,eGFP1
15657,17:48:34,0.122,0.879,0,0,eGFP1
15658,17:48:35,0.111,0.835,0,0,eGFP1
15659,17:48:36,0.122,0.813,0,0,eGFP1
15660,17:48:37,0.144,0.825,0,0,eGFP1
15661,17:48:38,0.111,0.857,0,0,eGFP1
15662,17:48:39,0.134,0.782,0,0,eGFP1
15663,17:48:39,0.101,0.661,0,0,eGFP1
15664,17:48:40,0.155,0.912,0,0,eGFP1
15665,17:48:41,0.122,0.714,0,0,eGFP1
15666,17:48:42,0.122,0.781,0,0,eGFP1
15667,17:48:42,0.111,0.637,0,0,eGFP1
15668,17:48:43,0.100,0.759,0,0,eGFP1
15669,17:48:44,0.122,0.747,0,0,eGFP1
15670,17:48:45,0.157,0.958,0,0,eGFP1
15671,17:48:45,0.122,0.637,0,0,eGFP1
15672,17:48:46,0.112,0.737,0,0,eGFP1
15673,17:48:47,0.133,0.715,0,0,eGFP1
15674,17:48:48,0.122,0.890,0,0,eGFP1
15675,17:48:48,0.144,0.802,0,0,eGFP1
15676,17:48:49,0.135,0.859,0,0,eGFP1
15677,17:48:50,0.111,0.703,0,0,eGFP1
15678,17:48:53,0.168,2.867,0,0,eGFP1
15679,17:48:54,0.111,0.847,0,0,eGFP1
15680,17:48:55,0.155,0.758,0,0,eGFP1
15681,17:48:55,0.100,0.627,0,0,eGFP1
15682,17:48:56,0.100,0.627,0,0,eGFP1
15683,17:48:57,0.100,0.791,0,0,eGFP1
15684,17:48:57,0.133,0.847,0,0,eGFP1
15685,17:48:58,0.133,0.769,0,0,eGFP1
15686,17:48:59,0.091,0.607,0,0,eGFP1
15687,17:49:00,0.177,1.570,0,0,eGFP1
15688,17:49:01,0.111,0.638,0,0,eGFP1
15689,17:49:02,0.177,0.880,0,0,eGFP1
15690,17:49:03,0.099,0.680,0,0,eGFP1
15691,17:49:03,0.111,0.814,0,0,eGFP1
15692,17:49:04,0.144,0.868,0,0,eGFP1
15693,17:49:05,0.133,0.912,0,0,eGFP1
15694,17:49:06,0.135,0.793,0,0,eGFP1
15695,17:49:07,0.100,0.605,0,0,eGFP1
15696,17:49:07,0.122,0.858,0,0,eGFP1
15697,17:49:08,0.133,0.791,0,0,eGFP1
15698,17:49:09,0.100,0.660,0,0,eGFP1
15699,17:49:10,0.155,0.989,0,0,eGFP1
15700,17:49:11,0.133,0.935,0,0,eGFP1
15701,17:49:12,0.188,1.000,0,0,eGFP1
15702,17:49:12,0.102,0.618,0,0,eGFP1
15703,17:49:13,0.111,0.814,0,0,eGFP1
15704,17:49:14,0.132,0.615,0,0,eGFP1
15705,17:49:14,0.078,0.528,0,0,eGFP1
15706,17:49:16,0.143,1.219,0,0,eGFP1
15707,17:49:16,0.110,0.593,0,0,eGFP1
15708,17:49:17,0.100,0.846,0,0,eGFP1
15709,17:49:18,0.133,0.912,0,0,eGFP1
15710,17:49:19,0.165,0.944,0,0,eGFP1
15711,17:49:20,0.101,0.694,0,0,eGFP1
15712,17:49:20,0.110,0.757,0,0,eGFP1
15713,17:49:21,0.121,0.626,0,0,eGFP1
15714,17:49:22,0.088,0.571,0,0,eGFP1
15715,17:49:25,0.110,3.490,0,0,eGFP1
15716,17:49:26,0.123,0.605,0,0,eGFP1
15717,17:49:26,0.122,0.868,0,0,eGFP1
15718,17:49:27,0.100,0.835,0,0,eGFP1
15719,17:49:28,0.146,0.958,0,0,eGFP1
15720,17:49:29,0.155,0.902,0,0,eGFP1
15721,17:49:30,0.111,0.616,0,0,eGFP1
15722,17:49:31,0.100,0.923,0,0,eGFP1
15723,17:49:31,0.156,0.759,0,0,eGFP1
15724,17:49:32,0.101,0.583,0,0,eGFP1
15725,17:49:33,0.090,0.704,0,0,eGFP1
15726,17:49:34,0.134,0.792,0,0,eGFP1
15727,17:49:34,0.091,0.552,0,0,eGFP1
15728,17:49:35,0.089,0.956,0,0,eGFP1
15729,17:49:36,0.156,0.759,0,0,eGFP1
15730,17:49:37,0.102,0.848,0,0,eGFP1
15731,17:49:38,0.145,0.836,0,0,eGFP1
15732,17:49:38,0.101,0.616,0,0,eGFP1
15733,17:49:40,0.145,1.999,0,0,eGFP1
15734,17:49:41,0.145,0.803,0,0,eGFP1
15735,17:49:42,0.135,0.651,0,0,eGFP1
15736,17:49:42,0.089,0.627,0,0,eGFP1
15737,17:49:43,0.123,0.891,0,0,eGFP1
15738,17:49:44,0.144,0.770,0,0,eGFP1
15739,17:49:44,0.111,0.605,0,0,eGFP1
15740,17:49:45,0.123,0.913,0,0,eGFP1
15741,17:49:46,0.122,0.682,0,0,eGFP1
15742,17:49:47,0.100,0.748,0,0,eGFP1
15743,17:49:48,0.114,0.860,0,0,eGFP1
15744,17:49:49,0.145,0.946,0,0,eGFP1
15745,17:49:50,0.155,0.880,0,0,eGFP1
15746,17:49:50,0.111,0.726,0,0,eGFP1
15747,17:49:51,0.133,0.836,0,0,eGFP1
15748,17:49:52,0.122,0.781,0,0,eGFP1
15749,17:49:53,0.100,0.901,0,0,eGFP1
15750,17:49:54,0.178,1.396,0,0,eGFP1
15751,17:49:55,0.212,1.068,0,0,eGFP1
15752,17:49:56,0.111,0.704,0,0,eGFP1
15753,17:49:57,0.100,0.616,0,0,eGFP1
15754,17:49:57,0.156,0.902,0,0,eGFP1
15755,17:49:58,0.112,0.660,0,0,eGFP1
15756,17:49:59,0.112,0.628,0,0,eGFP1
15757,17:49:59,0.124,0.771,0,0,eGFP1
15758,17:50:00,0.101,0.595,0,0,eGFP1
15759,17:50:01,0.091,0.804,0,0,eGFP1
15760,17:50:02,0.199,0.880,0,0,eGFP1
15761,17:50:02,0.100,0.583,0,0,eGFP1
15762,17:50:03,0.101,0.639,0,0,eGFP1
15763,17:50:04,0.100,0.594,0,0,eGFP1
15764,17:50:04,0.090,0.694,0,0,eGFP1
15765,17:50:06,0.133,1.746,0,0,eGFP1
15766,17:50:07,0.266,0.924,0,0,eGFP1
15767,17:50:08,0.090,0.792,0,0,eGFP1
15768,17:50:08,0.133,0.692,0,0,eGFP1
15769,17:50:09,0.090,0.529,0,0,eGFP1
15770,17:50:10,0.080,0.673,0,0,eGFP1
15771,17:50:10,0.134,0.704,0,0,eGFP1
15772,17:50:11,0.090,0.814,0,0,eGFP1
15773,17:50:12,0.167,0.847,0,0,eGFP1
15774,17:50:13,0.123,0.650,0,0,eGFP1
15775,17:50:14,0.112,0.847,0,0,eGFP1
15776,17:50:14,0.100,0.605,0,0,eGFP1
15777,17:50:15,0.097,0.646,0,0,eGFP1
15778,17:50:15,0.108,0.689,0,0,eGFP1
15779,17:50:16,0.097,0.701,0,0,eGFP1
15780,17:50:17,0.163,0.843,0,0,eGFP1
15781,17:50:18,0.097,0.887,0,0,eGFP1
15782,17:50:19,0.218,0.986,0,0,eGFP1
15783,17:50:19,0.097,0.580,0,0,eGFP1
15784,17:50:20,0.100,0.857,0,0,eGFP1
15785,17:50:21,0.119,0.690,0,0,eGFP1
15786,17:50:22,0.108,0.635,0,0,eGFP1
15787,17:50:22,0.097,0.810,0,0,eGFP1
15788,17:50:23,0.141,0.646,0,0,eGFP1
15789,17:50:24,0.097,0.865,0,0,eGFP1
15790,17:50:25,0.130,0.712,0,0,eGFP1
15791,17:50:25,0.097,0.843,0,0,eGFP1
15792,17:50:26,0.153,0.746,0,0,eGFP1
15793,17:50:27,0.130,0.898,0,0,eGFP1
15794,17:50:28,0.108,0.832,0,0,eGFP1
15795,17:50:29,0.141,0.877,0,0,eGFP1
15796,17:50:30,0.119,1.139,0,0,eGFP1
15797,17:50:31,0.187,0.944,0,0,eGFP1
15798,17:50:32,0.119,0.723,0,0,eGFP1
15799,17:50:33,0.162,0.975,0,0,eGFP1
15800,17:50:33,0.120,0.669,0,0,eGFP1
15801,17:50:34,0.130,0.942,0,0,eGFP1
15802,17:50:35,0.130,0.832,0,0,eGFP1
15803,17:50:36,0.108,0.701,0,0,eGFP1
15804,17:50:37,0.152,1.008,0,0,eGFP1
15805,17:50:37,0.108,0.591,0,0,eGFP1
15806,17:50:40,0.097,2.588,0,0,eGFP1
15807,17:50:41,0.119,0.778,0,0,eGFP1
15808,17:50:42,0.153,0.812,0,0,eGFP1
15809,17:50:42,0.097,0.799,0,0,eGFP1
15810,17:50:43,0.185,0.855,0,0,eGFP1
15811,17:50:44,0.090,0.573,0,0,eGFP1
15812,17:50:45,0.130,0.833,0,0,eGFP1
15813,17:50:45,0.086,0.547,0,0,eGFP1
15814,17:50:46,0.130,0.898,0,0,eGFP1
15815,17:50:47,0.130,0.745,0,0,eGFP1
15816,17:50:48,0.098,0.811,0,0,eGFP1
15817,17:50:48,0.153,0.756,0,0,eGFP1
15818,17:50:49,0.086,0.866,0,0,eGFP1
15819,17:50:50,0.174,0.942,0,0,eGFP1
15820,17:50:51,0.130,0.755,0,0,eGFP1
15821,17:50:52,0.131,0.877,0,0,eGFP1
15822,17:50:52,0.108,0.690,0,0,eGFP1
15823,17:50:54,0.174,1.063,0,0,eGFP1
15824,17:50:54,0.122,0.627,0,0,eGFP1
15825,17:50:55,0.086,0.810,0,0,eGFP1
15826,17:50:56,0.141,0.767,0,0,eGFP1
15827,17:50:56,0.097,0.602,0,0,eGFP1
15828,17:50:57,0.141,1.085,0,0,eGFP1
15829,17:50:58,0.130,0.800,0,0,eGFP1
15830,17:50:59,0.119,0.734,0,0,eGFP1
15831,17:51:00,0.097,0.756,0,0,eGFP1
15832,17:51:03,0.283,2.764,0,0,eGFP1
15833,17:51:03,0.098,0.790,0,0,eGFP1
15834,17:51:04,0.196,0.964,0,0,eGFP1
15835,17:51:05,0.119,0.745,0,0,eGFP1
15836,17:51:06,0.097,0.591,0,0,eGFP1
15837,17:51:06,0.120,0.866,0,0,eGFP1
15838,17:51:07,0.110,0.647,0,0,eGFP1
15839,17:51:08,0.142,0.866,0,0,eGFP1
15840,17:51:09,0.097,0.668,0,0,eGFP1
15841,17:51:10,0.198,0.889,0,0,eGFP1
15842,17:51:10,0.086,0.591,0,0,eGFP1
15843,17:51:11,0.141,0.888,0,0,eGFP1
15844,17:51:12,0.108,0.569,0,0,eGFP1
15845,17:51:14,0.108,2.051,0,0,eGFP1
15846,17:51:14,0.152,0.701,0,0,eGFP1
15847,17:51:15,0.108,0.854,0,0,eGFP1
15848,17:51:16,0.131,0.789,0,0,eGFP1
15849,17:51:17,0.143,0.878,0,0,eGFP1
15850,17:51:18,0.130,0.745,0,0,eGFP1
15851,17:51:19,0.154,0.944,0,0,eGFP1
15852,17:51:19,0.130,0.723,0,0,eGFP1
15853,17:51:20,0.098,0.800,0,0,eGFP1
15854,17:51:21,0.141,0.690,0,0,eGFP1
15855,17:51:21,0.087,0.668,0,0,eGFP1
15856,17:51:22,0.142,0.855,0,0,eGFP1
15857,17:51:23,0.110,0.615,0,0,eGFP1
15858,17:51:24,0.108,0.843,0,0,eGFP1
15859,17:51:24,0.120,0.625,0,0,eGFP1
15860,17:51:25,0.108,0.931,0,0,eGFP1
15861,17:51:26,0.131,0.658,0,0,eGFP1
15862,17:51:27,0.086,0.613,0,0,eGFP1
15863,17:51:27,0.142,0.888,0,0,eGFP1
15864,17:51:28,0.153,0.976,0,0,eGFP1
15865,17:51:29,0.111,0.780,0,0,eGFP1
15866,17:51:30,0.142,0.921,0,0,eGFP1
15867,17:51:31,0.120,0.679,0,0,eGFP1
15868,17:51:32,0.109,0.866,0,0,eGFP1
15869,17:51:32,0.131,0.668,0,0,eGFP1
15870,17:51:34,0.098,1.569,0,0,eGFP1
15871,17:51:35,0.130,0.668,0,0,eGFP1
15872,17:51:38,0.120,3.258,0,0,eGFP1
15873,17:51:38,0.110,0.582,0,0,eGFP1
15874,17:51:39,0.098,0.800,0,0,eGFP1
15875,17:51:40,0.120,0.625,0,0,eGFP1
15876,17:51:41,0.086,0.898,0,0,eGFP1
15877,17:51:41,0.153,0.669,0,0,eGFP1
15878,17:51:42,0.077,0.626,0,0,eGFP1
15879,17:51:43,0.339,1.271,0,0,eGFP1
15880,17:51:52,7.418,8.603,0,0,eGFP1
15881,17:51:53,0.209,1.515,0,0,eGFP1
15882,17:54:14,76.288,141.034,0,0,eGFP1
15883,17:54:16,0.427,1.294,0,0,eGFP1
15884,17:54:17,0.285,1.437,0,0,eGFP1
15885,17:54:20,0.273,2.753,0,0,eGFP1
15886,17:54:21,0.098,0.680,0,0,eGFP1
15887,17:54:22,0.174,1.085,0,0,eGFP1
15888,17:54:22,0.131,0.647,0,0,eGFP1
15889,17:54:23,0.099,0.757,0,0,eGFP1
15890,17:54:24,0.153,0.987,0,0,eGFP1
15891,17:54:26,0.833,2.018,0,0,eGFP1
15892,17:54:29,1.416,2.722,0,0,eGFP1
15893,17:54:30,0.186,0.844,0,0,eGFP1
15894,17:54:31,0.109,0.888,0,0,eGFP1
15895,17:54:31,0.175,0.877,0,0,eGFP1
15896,17:54:32,0.109,0.537,0,0,eGFP1
15897,17:54:33,0.087,0.778,0,0,eGFP1
15898,17:54:34,0.144,0.758,0,0,eGFP1
15899,17:54:34,0.109,0.954,0,0,eGFP1
15900,17:54:36,0.186,1.074,0,0,eGFP1
15901,17:54:36,0.120,0.614,0,0,eGFP1
15902,17:54:37,0.087,0.691,0,0,eGFP1
15903,17:54:38,0.130,0.833,0,0,eGFP1
15904,17:54:38,0.120,0.592,0,0,eGFP1
15905,17:54:39,0.088,0.494,0,0,eGFP1
15906,17:54:40,0.088,0.944,0,0,eGFP1
15907,17:54:40,0.120,0.723,0,0,eGFP1
15908,17:54:41,0.120,0.647,0,0,eGFP1
15909,17:54:42,0.087,0.712,0,0,eGFP1
15910,17:54:42,0.131,0.647,0,0,eGFP1
15911,17:54:43,0.087,0.756,0,0,eGFP1
15912,17:54:44,0.120,0.570,0,0,eGFP1
15913,17:54:44,0.075,0.646,0,0,eGFP1
15914,17:54:45,0.165,0.780,0,0,eGFP1
15915,17:54:46,0.087,0.482,0,0,eGFP1
15916,17:54:46,0.076,0.614,0,0,eGFP1
15917,17:54:47,0.240,0.910,0,0,eGFP1
15918,17:54:48,0.088,0.538,0,0,eGFP1
15919,17:54:49,0.109,0.943,0,0,eGFP1
15920,17:54:49,0.109,0.548,0,0,eGFP1
15921,17:54:50,0.075,0.789,0,0,eGFP1
15922,17:54:51,0.154,0.714,0,0,eGFP1
15923,17:54:51,0.086,0.514,0,0,eGFP1
15924,17:54:52,0.098,0.823,0,0,eGFP1
15925,17:54:53,0.119,0.624,0,0,eGFP1
15926,17:54:54,0.109,0.910,0,0,eGFP1
15927,17:54:54,0.131,0.756,0,0,eGFP1
15928,17:54:55,0.131,0.636,0,0,eGFP1
15929,17:54:56,0.087,0.669,0,0,eGFP1
15930,17:54:57,0.154,0.856,0,0,eGFP1
15931,17:54:57,0.109,0.636,0,0,eGFP1
15932,17:54:58,0.121,0.889,0,0,eGFP1
15933,17:54:59,0.186,1.196,0,0,eGFP1
15934,17:55:00,0.120,0.592,0,0,eGFP1
15935,17:55:00,0.076,0.613,0,0,eGFP1
15936,17:55:01,0.197,0.878,0,0,eGFP1
15937,17:55:02,0.098,0.526,0,0,eGFP1
15938,17:55:03,0.100,0.802,0,0,eGFP1
15939,17:55:03,0.142,0.767,0,0,eGFP1
15940,17:55:04,0.099,0.603,0,0,eGFP1
15941,17:55:05,0.099,0.582,0,0,eGFP1
15942,17:55:05,0.098,0.723,0,0,eGFP1
15943,17:55:06,0.131,0.592,0,0,eGFP1
15944,17:55:07,0.088,0.735,0,0,eGFP1
15945,17:55:07,0.166,0.846,0,0,eGFP1
15946,17:55:08,0.100,0.550,0,0,eGFP1
15947,17:55:09,0.098,0.723,0,0,eGFP1
15948,17:55:10,0.143,0.801,0,0,eGFP1
15949,17:55:10,0.098,0.537,0,0,eGFP1
15950,17:55:11,0.077,0.570,0,0,eGFP1
15951,17:55:12,0.121,0.856,0,0,eGFP1
15952,17:55:12,0.120,0.570,0,0,eGFP1
15953,17:55:13,0.087,0.757,0,0,eGFP1
15954,17:55:14,0.242,1.032,0,0,eGFP1
15955,17:55:15,0.175,1.042,0,0,eGFP1
15956,17:55:16,0.175,0.922,0,0,eGFP1
15957,17:55:17,0.241,1.470,0,0,eGFP1
15958,17:55:18,0.197,0.932,0,0,eGFP1
15959,17:55:23,0.155,4.402,0,0,eGFP1
15960,17:55:23,0.153,0.800,0,0,eGFP1
15961,17:55:26,0.121,2.634,0,0,eGFP1
15962,17:55:27,0.120,0.603,0,0,eGFP1
15963,17:55:28,0.111,0.945,0,0,eGFP1
15964,17:55:30,0.636,2.545,0,0,eGFP1
15965,17:55:31,0.110,0.933,0,0,eGFP1
15966,17:55:32,0.131,0.921,0,0,eGFP1
15967,17:55:33,0.197,0.801,0,0,eGFP1
15968,17:55:33,0.087,0.482,0,0,eGFP1
15969,17:55:34,0.088,0.647,0,0,eGFP1
15970,17:55:35,0.121,0.593,0,0,eGFP1
15971,17:55:35,0.089,0.769,0,0,eGFP1
15972,17:55:36,0.110,0.571,0,0,eGFP1
15973,17:55:37,0.110,0.768,0,0,eGFP1
15974,17:55:37,0.120,0.779,0,0,eGFP1
15975,17:55:38,0.120,0.570,0,0,eGFP1
15976,17:55:39,0.087,0.603,0,0,eGFP1
15977,17:55:39,0.098,0.745,0,0,eGFP1
15978,17:55:40,0.098,0.559,0,0,eGFP1
15979,17:55:41,0.122,0.934,0,0,eGFP1
15980,17:55:41,0.110,0.571,0,0,eGFP1
15981,17:55:42,0.098,0.658,0,0,eGFP1
15982,17:55:43,0.142,0.658,0,0,eGFP1
15983,17:55:43,0.088,0.472,0,0,eGFP1
15984,17:55:44,0.076,0.570,0,0,eGFP1
15985,17:55:45,0.121,0.779,0,0,eGFP1
15986,17:55:45,0.102,0.541,0,0,eGFP1
15987,17:55:46,0.078,0.605,0,0,eGFP1
15988,17:55:47,0.186,0.845,0,0,eGFP1
15989,17:55:47,0.109,0.581,0,0,eGFP1
15990,17:55:48,0.099,0.768,0,0,eGFP1
15991,17:55:49,0.165,0.878,0,0,eGFP1
15992,17:55:49,0.099,0.571,0,0,eGFP1
15993,17:55:50,0.109,0.812,0,0,eGFP1
15994,17:55:51,0.142,0.702,0,0,eGFP1
15995,17:55:51,0.089,0.561,0,0,eGFP1
15996,17:55:52,0.120,0.899,0,0,eGFP1
15997,17:55:53,0.132,0.670,0,0,eGFP1
15998,17:55:54,0.098,0.669,0,0,eGFP1
15999,17:55:54,0.111,0.791,0,0,eGFP1
16000,17:55:55,0.132,0.790,0,0,eGFP1
16001,17:55:56,0.121,0.593,0,0,eGFP1
16002,17:55:56,0.099,0.592,0,0,eGFP1
16003,17:55:57,0.111,0.726,0,0,eGFP1
16004,17:55:58,0.110,0.559,0,0,eGFP1
16005,17:55:58,0.088,0.769,0,0,eGFP1
16006,17:55:59,0.175,0.823,0,0,eGFP1
16007,17:56:04,0.098,4.334,0,0,eGFP1
16008,17:56:04,0.176,0.692,0,0,eGFP1
16009,17:56:05,0.087,0.877,0,0,eGFP1
16010,17:56:06,0.143,0.648,0,0,eGFP1
16011,17:56:07,0.089,0.649,0,0,eGFP1
16012,17:56:07,0.131,0.669,0,0,eGFP1
16013,17:56:08,0.078,0.506,0,0,eGFP1
16014,17:56:08,0.099,0.670,0,0,eGFP1
16015,17:56:09,0.120,0.691,0,0,eGFP1
16016,17:56:10,0.110,0.768,0,0,eGFP1
16017,17:56:11,0.143,0.735,0,0,eGFP1
16018,17:56:11,0.099,0.823,0,0,eGFP1
16019,17:56:12,0.134,0.627,0,0,eGFP1
16020,17:56:13,0.077,0.758,0,0,eGFP1
16021,17:56:13,0.142,0.658,0,0,eGFP1
16022,17:56:14,0.088,0.724,0,0,eGFP1
16023,17:56:15,0.154,0.659,0,0,eGFP1
16024,17:56:15,0.088,0.549,0,0,eGFP1
16025,17:56:16,0.121,0.702,0,0,eGFP1
16026,17:56:17,0.122,0.769,0,0,eGFP1
16027,17:56:18,0.110,0.790,0,0,eGFP1
16028,17:56:18,0.111,0.616,0,0,eGFP1
16029,17:56:19,0.109,0.702,0,0,eGFP1
16030,17:56:19,0.098,0.515,0,0,eGFP1
16031,17:56:20,0.077,0.582,0,0,eGFP1
16032,17:56:21,0.120,0.823,0,0,eGFP1
16033,17:56:21,0.120,0.592,0,0,eGFP1
16034,17:56:22,0.076,0.735,0,0,eGFP1
16035,17:56:23,0.164,0.768,0,0,eGFP1
16036,17:56:42,0.100,18.624,0,0,eGFP1
16037,17:56:45,0.252,3.237,0,0,eGFP1
16038,17:56:46,0.251,1.338,0,0,eGFP1
16039,17:56:50,0.263,4.115,0,0,eGFP1
16040,17:56:51,0.187,0.911,0,0,eGFP1
16041,17:56:52,0.110,0.604,0,0,eGFP1
16042,17:56:53,0.087,0.735,0,0,eGFP1
16043,17:56:53,0.110,0.570,0,0,eGFP1
16044,17:56:54,0.101,0.847,0,0,eGFP1
16045,17:56:54,0.110,0.560,0,0,eGFP1
16046,17:56:55,0.088,0.593,0,0,eGFP1
16047,17:56:56,0.099,0.626,0,0,eGFP1
16048,17:56:56,0.088,0.494,0,0,eGFP1
16049,17:56:57,0.088,0.670,0,0,eGFP1
16050,17:56:57,0.121,0.604,0,0,eGFP1
16051,17:56:58,0.088,0.582,0,0,eGFP1
16052,17:56:59,0.133,0.671,0,0,eGFP1
16053,17:56:59,0.089,0.770,0,0,eGFP1
16054,17:57:00,0.132,0.615,0,0,eGFP1
16055,17:57:01,0.088,0.670,0,0,eGFP1
16056,17:57:02,0.252,0.944,0,0,eGFP1
16057,17:57:02,0.088,0.560,0,0,eGFP1
16058,17:57:03,0.110,0.768,0,0,eGFP1
16059,17:57:04,0.100,0.846,0,0,eGFP1
16060,17:57:05,0.342,0.945,0,0,eGFP1
16061,17:57:06,0.089,0.736,0,0,eGFP1
16062,17:57:06,0.176,0.769,0,0,eGFP1
16063,17:57:07,0.088,0.735,0,0,eGFP1
16064,17:57:08,0.154,0.824,0,0,eGFP1
16065,17:57:09,0.121,0.802,0,0,eGFP1
16066,17:57:09,0.121,0.713,0,0,eGFP1
16067,17:57:10,0.103,0.586,0,0,eGFP1
16068,17:57:11,0.101,0.672,0,0,eGFP1
16069,17:57:11,0.110,0.582,0,0,eGFP1
16070,17:57:12,0.077,0.626,0,0,eGFP1
16071,17:57:13,0.165,0.779,0,0,eGFP1
16072,17:57:13,0.111,0.714,0,0,eGFP1
16073,17:57:14,0.121,0.670,0,0,eGFP1
16074,17:57:15,0.099,0.714,0,0,eGFP1
16075,17:57:15,0.110,0.659,0,0,eGFP1
16076,17:57:17,0.287,1.110,0,0,eGFP1
16077,17:57:17,0.100,0.528,0,0,eGFP1
16078,17:57:18,0.077,0.735,0,0,eGFP1
16079,17:57:18,0.111,0.572,0,0,eGFP1
16080,17:57:19,0.078,0.616,0,0,eGFP1
16081,17:57:20,0.143,0.824,0,0,eGFP1
16082,17:57:20,0.099,0.648,0,0,eGFP1
16083,17:57:21,0.121,0.725,0,0,eGFP1
16084,17:57:22,0.089,0.539,0,0,eGFP1
16085,17:57:23,0.111,0.791,0,0,eGFP1
16086,17:57:23,0.111,0.593,0,0,eGFP1
16087,17:57:24,0.089,0.780,0,0,eGFP1
16088,17:57:24,0.111,0.572,0,0,eGFP1
16089,17:57:25,0.077,0.757,0,0,eGFP1
16090,17:57:26,0.122,0.583,0,0,eGFP1
16091,17:57:26,0.088,0.637,0,0,eGFP1
16092,17:57:27,0.143,0.725,0,0,eGFP1
16093,17:57:28,0.090,0.540,0,0,eGFP1
16094,17:57:28,0.089,0.638,0,0,eGFP1
16095,17:57:29,0.100,0.659,0,0,eGFP1
16096,17:57:30,0.122,0.616,0,0,eGFP1
16097,17:57:30,0.088,0.670,0,0,eGFP1
16098,17:57:31,0.132,0.615,0,0,eGFP1
16099,17:57:31,0.089,0.538,0,0,eGFP1
16100,17:57:32,0.089,0.671,0,0,eGFP1
16101,17:57:33,0.166,0.825,0,0,eGFP1
16102,17:57:34,0.099,0.680,0,0,eGFP1
16103,17:57:35,0.275,1.098,0,0,eGFP1
16104,17:57:35,0.121,0.791,0,0,eGFP1
16105,17:57:36,0.154,0.889,0,0,eGFP1
16106,17:57:38,0.626,1.471,0,0,eGFP1
16107,17:57:39,0.100,0.879,0,0,eGFP1
16108,17:57:40,0.188,0.879,0,0,eGFP1
16109,17:57:40,0.112,0.573,0,0,eGFP1
16110,17:57:41,0.088,0.516,0,0,eGFP1
16111,17:57:42,0.100,0.945,0,0,eGFP1
16112,17:57:42,0.122,0.582,0,0,eGFP1
16113,17:57:43,0.089,0.594,0,0,eGFP1
16114,17:57:44,0.111,0.703,0,0,eGFP1
16115,17:57:44,0.111,0.572,0,0,eGFP1
16116,17:57:45,0.077,0.484,0,0,eGFP1
16117,17:57:45,0.079,0.693,0,0,eGFP1
16118,17:57:46,0.133,0.692,0,0,eGFP1
16119,17:57:47,0.100,0.715,0,0,eGFP1
16120,17:57:47,0.099,0.637,0,0,eGFP1
16121,17:57:48,0.156,0.935,0,0,eGFP1
16122,17:57:49,0.133,0.769,0,0,eGFP1
16123,17:57:50,0.144,0.737,0,0,eGFP1
16124,17:57:50,0.099,0.593,0,0,eGFP1
16125,17:57:51,0.123,0.836,0,0,eGFP1
16126,17:57:52,0.100,0.528,0,0,eGFP1
16127,17:57:52,0.089,0.736,0,0,eGFP1
16128,17:57:53,0.133,0.660,0,0,eGFP1
16129,17:57:54,0.100,0.868,0,0,eGFP1
16130,17:57:55,0.165,0.846,0,0,eGFP1
16131,17:57:55,0.100,0.550,0,0,eGFP1
16132,17:57:56,0.088,0.813,0,0,eGFP1
16133,17:57:57,0.167,0.968,0,0,eGFP1
16134,17:57:58,0.155,0.901,0,0,eGFP1
16135,17:57:59,0.155,0.857,0,0,eGFP1
16136,17:58:00,0.319,1.559,0,0,eGFP1
16137,17:58:01,0.110,0.659,0,0,eGFP1
16138,17:58:02,0.121,0.889,0,0,eGFP1
16139,17:58:04,0.275,1.537,0,0,eGFP1
16140,17:58:05,0.231,1.131,0,0,eGFP1
16141,17:58:06,0.177,0.858,0,0,eGFP1
16142,17:58:06,0.110,0.648,0,0,eGFP1
16143,17:58:07,0.132,0.900,0,0,eGFP1
16144,17:58:09,0.154,1.548,0,0,eGFP1
16145,17:58:09,0.154,0.692,0,0,eGFP1
16146,17:58:10,0.088,0.549,0,0,eGFP1
16147,17:58:11,0.165,0.857,0,0,eGFP1
16148,17:58:12,0.131,1.031,0,0,eGFP1
16149,17:58:14,0.300,2.451,0,0,eGFP1
16150,17:58:15,0.089,0.539,0,0,eGFP1
16151,17:58:15,0.100,0.670,0,0,eGFP1
16152,17:58:16,0.133,0.759,0,0,eGFP1
16153,17:58:17,0.100,0.583,0,0,eGFP1
16154,17:58:18,0.111,0.879,0,0,eGFP1
16155,17:58:18,0.111,0.605,0,0,eGFP1
16156,17:58:19,0.121,0.670,0,0,eGFP1
16157,17:58:20,0.122,0.737,0,0,eGFP1
16158,17:58:20,0.101,0.529,0,0,eGFP1
16159,17:58:21,0.089,0.747,0,0,eGFP1
16160,17:58:22,0.122,0.572,0,0,eGFP1
16161,17:58:22,0.080,0.552,0,0,eGFP1
16162,17:58:23,0.122,0.802,0,0,eGFP1
16163,17:58:23,0.100,0.550,0,0,eGFP1
16164,17:58:24,0.078,0.495,0,0,eGFP1
16165,17:58:25,0.100,0.846,0,0,eGFP1
16166,17:58:25,0.146,0.640,0,0,eGFP1
16167,17:58:26,0.099,0.834,0,0,eGFP1
16168,17:58:27,0.122,0.605,0,0,eGFP1
16169,17:58:28,0.110,0.856,0,0,eGFP1
16170,17:58:28,0.122,0.583,0,0,eGFP1
16171,17:58:29,0.099,0.856,0,0,eGFP1
16172,17:58:30,0.155,0.967,0,0,eGFP1
16173,17:58:31,0.154,0.857,0,0,eGFP1
16174,17:58:32,0.146,0.904,0,0,eGFP1
16175,17:58:33,0.187,0.945,0,0,eGFP1
16176,17:58:33,0.100,0.670,0,0,eGFP1
16177,17:58:34,0.166,0.748,0,0,eGFP1
16178,17:58:35,0.089,0.506,0,0,eGFP1
16179,17:58:36,0.100,0.814,0,0,eGFP1
16180,17:58:36,0.133,0.714,0,0,eGFP1
16181,17:58:37,0.090,0.529,0,0,eGFP1
16182,17:58:38,0.101,0.738,0,0,eGFP1
16183,17:58:38,0.133,0.747,0,0,eGFP1
16184,17:58:39,0.079,0.496,0,0,eGFP1
16185,17:58:40,0.078,1.011,0,0,eGFP1
16186,17:58:41,0.396,1.603,0,0,eGFP1
16187,17:58:43,0.199,1.132,0,0,eGFP1
16188,17:58:44,0.211,1.441,0,0,eGFP1
16189,17:58:45,0.134,0.869,0,0,eGFP1
16190,17:58:46,0.168,0.815,0,0,eGFP1
16191,17:58:46,0.089,0.605,0,0,eGFP1
16192,17:58:47,0.089,0.748,0,0,eGFP1
16193,17:58:48,0.122,0.594,0,0,eGFP1
16194,17:58:48,0.078,0.473,0,0,eGFP1
16195,17:58:49,0.101,1.033,0,0,eGFP1
16196,17:58:50,0.134,0.682,0,0,eGFP1
16197,17:58:50,0.079,0.518,0,0,eGFP1
16198,17:58:51,0.079,0.529,0,0,eGFP1
16199,17:58:52,0.079,0.726,0,0,eGFP1
16200,17:58:52,0.112,0.583,0,0,eGFP1
16201,17:58:53,0.102,0.892,0,0,eGFP1
16202,17:59:37,0.210,44.260,0,0,eGFP1
16203,17:59:39,0.309,1.253,0,0,eGFP1
16204,17:59:42,0.177,3.370,0,0,eGFP1
16205,17:59:45,0.375,2.691,0,0,eGFP1
16206,17:59:46,0.321,1.890,0,0,eGFP1
16207,17:59:47,0.177,0.858,0,0,eGFP1
16208,17:59:48,0.188,0.824,0,0,eGFP1
16209,17:59:49,0.123,0.869,0,0,eGFP1
16210,17:59:50,0.100,0.572,0,0,eGFP1
16211,17:59:51,0.122,1.044,0,0,eGFP1
16212,17:59:52,0.101,0.880,0,0,eGFP1
16213,17:59:52,0.155,0.759,0,0,eGFP1
16214,17:59:53,0.123,0.760,0,0,eGFP1
16215,17:59:54,0.102,0.738,0,0,eGFP1
16216,17:59:55,0.122,0.825,0,0,eGFP1
16217,17:59:55,0.122,0.737,0,0,eGFP1
16218,17:59:56,0.111,0.737,0,0,eGFP1
16219,17:59:57,0.100,0.759,0,0,eGFP1
16220,18:00:00,0.155,3.041,0,0,eGFP1
16221,18:00:01,0.144,0.880,0,0,eGFP1
16222,18:00:02,0.144,0.890,0,0,eGFP1
16223,18:00:03,0.179,0.958,0,0,eGFP1
16224,18:00:03,0.134,0.803,0,0,eGFP1
16225,18:00:04,0.122,0.869,0,0,eGFP1
16226,18:00:05,0.144,0.759,0,0,eGFP1
16227,18:00:06,0.100,0.813,0,0,eGFP1
16228,18:00:07,0.124,0.794,0,0,eGFP1
16229,18:00:07,0.111,0.792,0,0,eGFP1
16230,18:00:08,0.111,0.781,0,0,eGFP1
16231,18:00:09,0.157,1.122,0,0,eGFP1
16232,18:00:11,0.155,1.691,0,0,eGFP1
16233,18:00:12,0.276,1.143,0,0,eGFP1
16234,18:00:13,0.089,0.670,0,0,eGFP1
16235,18:00:42,0.188,28.819,0,0,eGFP1
16236,18:00:42,0.122,0.638,0,0,eGFP1
16237,18:00:43,0.122,1.000,0,0,eGFP1
16238,18:00:44,0.122,0.594,0,0,eGFP1
16239,18:00:45,0.090,0.738,0,0,eGFP1
16240,18:00:45,0.112,0.693,0,0,eGFP1
16241,18:00:46,0.145,0.781,0,0,eGFP1
16242,18:00:47,0.090,0.562,0,0,eGFP1
16243,18:00:47,0.111,0.814,0,0,eGFP1
16244,18:00:48,0.099,0.560,0,0,eGFP1
16245,18:00:49,0.089,0.638,0,0,eGFP1
16246,18:00:49,0.089,0.528,0,0,eGFP1
16247,18:00:50,0.079,0.507,0,0,eGFP1
16248,18:00:51,0.122,0.868,0,0,eGFP1
16249,18:00:51,0.133,0.605,0,0,eGFP1
16250,18:00:52,0.089,0.550,0,0,eGFP1
16251,18:00:53,0.133,0.879,0,0,eGFP1
16252,18:00:53,0.133,0.616,0,0,eGFP1
16253,18:00:54,0.078,0.725,0,0,eGFP1
16254,18:00:55,0.232,0.813,0,0,eGFP1
16255,18:00:55,0.092,0.542,0,0,eGFP1
16256,18:00:56,0.123,0.814,0,0,eGFP1
16257,18:00:57,0.101,0.518,0,0,eGFP1
16258,18:00:57,0.079,0.518,0,0,eGFP1
16259,18:00:58,0.122,0.858,0,0,eGFP1
16260,18:00:59,0.111,0.583,0,0,eGFP1
16261,18:00:59,0.090,0.617,0,0,eGFP1
16262,18:01:00,0.101,0.583,0,0,eGFP1
16263,18:01:01,0.092,0.772,0,0,eGFP1
16264,18:01:01,0.101,0.660,0,0,eGFP1
16265,18:01:02,0.123,0.639,0,0,eGFP1
16266,18:01:03,0.090,0.617,0,0,eGFP1
16267,18:01:03,0.096,0.568,0,0,eGFP1
16268,18:01:04,0.075,0.635,0,0,eGFP1
16269,18:01:04,0.131,0.789,0,0,eGFP1
16270,18:01:05,0.097,0.525,0,0,eGFP1
16271,18:01:06,0.099,0.735,0,0,eGFP1
16272,18:01:07,0.163,0.811,0,0,eGFP1
16273,18:01:07,0.119,0.700,0,0,eGFP1
16274,18:01:08,0.097,0.536,0,0,eGFP1
16275,18:01:09,0.097,0.822,0,0,eGFP1
16276,18:01:09,0.097,0.536,0,0,eGFP1
16277,18:01:10,0.086,0.667,0,0,eGFP1
16278,18:01:11,0.109,0.701,0,0,eGFP1
16279,18:01:11,0.097,0.536,0,0,eGFP1
16280,18:01:12,0.085,0.820,0,0,eGFP1
16281,18:01:13,0.152,0.690,0,0,eGFP1
16282,18:01:13,0.088,0.592,0,0,eGFP1
16283,18:01:14,0.108,0.723,0,0,eGFP1
16284,18:01:14,0.108,0.547,0,0,eGFP1
16285,18:01:15,0.086,0.931,0,0,eGFP1
16286,18:01:16,0.218,0.822,0,0,eGFP1
16287,18:01:17,0.108,0.997,0,0,eGFP1
16288,18:01:18,0.208,0.965,0,0,eGFP1
16289,18:01:19,0.119,0.690,0,0,eGFP1
16290,18:01:20,0.097,0.777,0,0,eGFP1
16291,18:01:20,0.152,0.701,0,0,eGFP1
16292,18:01:21,0.086,0.503,0,0,eGFP1
16293,18:01:21,0.086,0.679,0,0,eGFP1
16294,18:01:22,0.130,0.887,0,0,eGFP1
16295,18:01:23,0.119,0.646,0,0,eGFP1
16296,18:01:24,0.092,0.728,0,0,eGFP1
16297,18:01:24,0.163,0.734,0,0,eGFP1
16298,18:01:25,0.086,0.503,0,0,eGFP1
16299,18:01:26,0.108,1.107,0,0,eGFP1
16300,18:01:27,0.229,0.832,0,0,eGFP1
16301,18:01:28,0.098,0.591,0,0,eGFP1
16302,18:01:28,0.109,0.855,0,0,eGFP1
16303,18:01:30,0.163,1.151,0,0,eGFP1
16304,18:01:30,0.219,0.899,0,0,eGFP1
16305,18:01:31,0.108,0.734,0,0,eGFP1
16306,18:01:32,0.152,0.800,0,0,eGFP1
16307,18:01:33,0.108,0.821,0,0,eGFP1
16308,18:01:33,0.152,0.701,0,0,eGFP1
16309,18:01:34,0.088,0.494,0,0,eGFP1
16310,18:01:35,0.086,0.745,0,0,eGFP1
16311,18:01:36,0.163,0.788,0,0,eGFP1
16312,18:01:36,0.121,0.900,0,0,eGFP1
16313,18:01:37,0.163,0.942,0,0,eGFP1
16314,18:01:38,0.186,1.075,0,0,eGFP1
16315,18:01:40,0.207,1.403,0,0,eGFP1
16316,18:01:41,0.130,0.799,0,0,eGFP1
16317,18:01:41,0.120,0.614,0,0,eGFP1
16318,18:01:42,0.086,0.591,0,0,eGFP1
16319,18:01:43,0.141,0.723,0,0,eGFP1
16320,18:01:43,0.087,0.537,0,0,eGFP1
16321,18:01:44,0.087,0.789,0,0,eGFP1
16322,18:01:45,0.196,1.129,0,0,eGFP1
16323,18:01:46,0.143,0.647,0,0,eGFP1
16324,18:01:46,0.087,0.614,0,0,eGFP1
16325,18:01:47,0.163,0.766,0,0,eGFP1
16326,18:01:48,0.098,0.526,0,0,eGFP1
16327,18:01:48,0.097,0.547,0,0,eGFP1
16328,18:01:49,0.110,0.626,0,0,eGFP1
16329,18:01:49,0.097,0.547,0,0,eGFP1
16330,18:01:50,0.087,0.789,0,0,eGFP1
16331,18:01:51,0.130,0.613,0,0,eGFP1
16332,18:01:51,0.087,0.548,0,0,eGFP1
16333,18:01:52,0.108,0.701,0,0,eGFP1
16334,18:01:53,0.108,0.602,0,0,eGFP1
16335,18:01:53,0.086,0.723,0,0,eGFP1
16336,18:01:54,0.133,0.638,0,0,eGFP1
16337,18:01:55,0.086,0.602,0,0,eGFP1
16338,18:01:56,0.547,1.382,0,0,eGFP1
16339,18:01:57,0.152,0.679,0,0,eGFP1
16340,18:01:57,0.097,0.679,0,0,eGFP1
16341,18:01:58,0.196,0.855,0,0,eGFP1
16342,18:01:59,0.086,0.745,0,0,eGFP1
16343,18:01:59,0.119,0.613,0,0,eGFP1
16344,18:02:00,0.086,1.041,0,0,eGFP1
16345,18:02:02,0.264,1.032,0,0,eGFP1
16346,18:02:02,0.152,0.888,0,0,eGFP1
16347,18:02:03,0.108,0.602,0,0,eGFP1
16348,18:02:04,0.152,0.910,0,0,eGFP1
16349,18:02:05,0.108,0.580,0,0,eGFP1
16350,18:02:05,0.088,0.582,0,0,eGFP1
16351,18:02:06,0.108,0.745,0,0,eGFP1
16352,18:02:07,0.110,0.824,0,0,eGFP1
16353,18:02:07,0.131,0.603,0,0,eGFP1
16354,18:02:08,0.076,0.603,0,0,eGFP1
16355,18:02:09,0.119,0.821,0,0,eGFP1
16356,18:02:10,0.153,0.844,0,0,eGFP1
16357,18:02:10,0.142,0.701,0,0,eGFP1
16358,18:02:11,0.109,0.701,0,0,eGFP1
16359,18:02:12,0.109,0.570,0,0,eGFP1
16360,18:02:12,0.086,0.810,0,0,eGFP1
16361,18:02:13,0.176,1.043,0,0,eGFP1
16362,18:02:14,0.185,0.942,0,0,eGFP1
16363,18:02:15,0.110,0.626,0,0,eGFP1
16364,18:02:16,0.109,0.756,0,0,eGFP1
16365,18:02:16,0.120,0.646,0,0,eGFP1
16366,18:02:17,0.120,0.844,0,0,eGFP1
16367,18:02:18,0.164,1.184,0,0,eGFP1
16368,18:02:19,0.142,0.679,0,0,eGFP1
16369,18:02:20,0.099,0.681,0,0,eGFP1
16370,18:02:20,0.098,0.559,0,0,eGFP1
16371,18:02:21,0.097,0.701,0,0,eGFP1
16372,18:02:22,0.196,0.822,0,0,eGFP1
16373,18:02:22,0.087,0.526,0,0,eGFP1
16374,18:02:23,0.098,0.800,0,0,eGFP1
16375,18:02:24,0.109,0.548,0,0,eGFP1
16376,18:02:25,0.097,0.920,0,0,eGFP1
16377,18:02:25,0.142,0.779,0,0,eGFP1
16378,18:02:26,0.109,0.624,0,0,eGFP1
16379,18:02:27,0.098,0.669,0,0,eGFP1
16380,18:02:29,0.131,2.786,0,0,eGFP1
16381,18:02:30,0.131,0.647,0,0,eGFP1
16382,18:02:31,0.109,1.008,0,0,eGFP1
16383,18:02:32,0.153,0.768,0,0,eGFP1
16384,18:02:32,0.098,0.602,0,0,eGFP1
16385,18:02:33,0.100,0.879,0,0,eGFP1
16386,18:02:34,0.130,0.602,0,0,eGFP1
16387,18:02:34,0.087,0.526,0,0,eGFP1
16388,18:02:35,0.087,0.713,0,0,eGFP1
16389,18:02:36,0.141,0.888,0,0,eGFP1
16390,18:02:37,0.143,0.823,0,0,eGFP1
16391,18:02:38,0.142,0.910,0,0,eGFP1
16392,18:02:39,0.142,0.723,0,0,eGFP1
16393,18:02:39,0.091,0.563,0,0,eGFP1
16394,18:02:40,0.098,1.042,0,0,eGFP1
16395,18:02:41,0.141,0.833,0,0,eGFP1
16396,18:02:42,0.120,0.756,0,0,eGFP1
16397,18:02:42,0.098,0.515,0,0,eGFP1
16398,18:02:43,0.087,0.822,0,0,eGFP1
16399,18:02:45,0.241,1.678,0,0,eGFP1
16400,18:02:46,0.252,0.987,0,0,eGFP1
16401,18:02:47,0.165,1.010,0,0,eGFP1
16402,18:02:48,0.197,0.911,0,0,eGFP1
16403,18:02:48,0.132,0.691,0,0,eGFP1
16404,18:02:49,0.098,0.867,0,0,eGFP1
16405,18:02:51,0.273,1.502,0,0,eGFP1
16406,18:02:52,0.197,1.075,0,0,eGFP1
16407,18:02:53,0.164,0.855,0,0,eGFP1
16408,18:02:53,0.142,0.680,0,0,eGFP1
16409,18:02:54,0.087,0.734,0,0,eGFP1
16410,18:02:55,0.133,0.725,0,0,eGFP1
16411,18:02:55,0.087,0.493,0,0,eGFP1
16412,18:02:56,0.077,0.669,0,0,eGFP1
16413,18:02:57,0.153,0.965,0,0,eGFP1
16414,18:02:58,0.142,0.888,0,0,eGFP1
16415,18:02:59,0.164,0.987,0,0,eGFP1
16416,18:03:00,0.515,1.492,0,0,eGFP1
16417,18:03:01,0.100,0.528,0,0,eGFP1
16418,18:03:02,0.088,0.703,0,0,eGFP1
16419,18:03:02,0.120,0.613,0,0,eGFP1
16420,18:03:03,0.088,0.559,0,0,eGFP1
16421,18:03:04,0.132,0.911,0,0,eGFP1
16422,18:03:04,0.120,0.636,0,0,eGFP1
16423,18:03:05,0.076,0.526,0,0,eGFP1
16424,18:03:05,0.087,0.647,0,0,eGFP1
16425,18:03:06,0.120,0.602,0,0,eGFP1
16426,18:03:07,0.089,0.594,0,0,eGFP1
16427,18:03:07,0.153,0.701,0,0,eGFP1
16428,18:03:08,0.087,0.504,0,0,eGFP1
16429,18:03:09,0.087,0.702,0,0,eGFP1
16430,18:03:09,0.132,0.659,0,0,eGFP1
16431,18:03:10,0.087,0.526,0,0,eGFP1
16432,18:03:11,0.109,0.910,0,0,eGFP1
16433,18:03:11,0.131,0.614,0,0,eGFP1
16434,18:03:12,0.077,0.505,0,0,eGFP1
16435,18:03:12,0.077,0.625,0,0,eGFP1
16436,18:03:13,0.120,0.757,0,0,eGFP1
16437,18:03:14,0.087,1.283,0,0,eGFP1
16438,18:03:15,0.186,0.735,0,0,eGFP1
16439,18:03:16,0.098,0.669,0,0,eGFP1
16440,18:03:16,0.120,0.647,0,0,eGFP1
16441,18:03:17,0.087,0.647,0,0,eGFP1
16442,18:03:18,0.100,0.583,0,0,eGFP1
16443,18:03:18,0.087,0.657,0,0,eGFP1
16444,18:03:19,0.111,0.594,0,0,eGFP1
16445,18:03:20,0.109,0.636,0,0,eGFP1
16446,18:03:20,0.098,0.669,0,0,eGFP1
16447,18:03:21,0.120,0.636,0,0,eGFP1
16448,18:03:21,0.076,0.460,0,0,eGFP1
16449,18:03:22,0.077,0.604,0,0,eGFP1
16450,18:03:23,0.198,0.955,0,0,eGFP1
16451,18:03:24,0.110,0.724,0,0,eGFP1
16452,18:03:24,0.131,0.900,0,0,eGFP1
16453,18:03:27,0.197,2.205,0,0,eGFP1
16454,18:03:27,0.109,0.548,0,0,eGFP1
16455,18:03:28,0.099,1.021,0,0,eGFP1
16456,18:03:29,0.142,0.647,0,0,eGFP1
16457,18:03:29,0.088,0.560,0,0,eGFP1
16458,18:03:30,0.100,0.780,0,0,eGFP1
16459,18:03:31,0.109,0.548,0,0,eGFP1
16460,18:03:31,0.087,0.515,0,0,eGFP1
16461,18:03:32,0.087,0.702,0,0,eGFP1
16462,18:03:33,0.098,0.548,0,0,eGFP1
16463,18:03:33,0.120,0.888,0,0,eGFP1
16464,18:03:34,0.087,0.559,0,0,eGFP1
16465,18:03:35,0.098,0.757,0,0,eGFP1
16466,18:03:35,0.110,0.549,0,0,eGFP1
16467,18:03:36,0.098,0.779,0,0,eGFP1
16468,18:03:37,0.142,0.789,0,0,eGFP1
16469,18:03:37,0.099,0.549,0,0,eGFP1
16470,18:03:38,0.109,0.899,0,0,eGFP1
16471,18:03:39,0.143,0.670,0,0,eGFP1
16472,18:03:40,0.088,0.548,0,0,eGFP1
16473,18:03:40,0.110,0.768,0,0,eGFP1
16474,18:03:41,0.112,0.584,0,0,eGFP1
16475,18:03:41,0.078,0.550,0,0,eGFP1
16476,18:03:43,0.186,1.108,0,0,eGFP1
16477,18:03:43,0.099,0.582,0,0,eGFP1
16478,18:03:44,0.087,0.603,0,0,eGFP1
16479,18:03:45,0.142,0.845,0,0,eGFP1
16480,18:03:45,0.164,0.834,0,0,eGFP1
16481,18:03:46,0.098,0.570,0,0,eGFP1
16482,18:03:47,0.121,0.933,0,0,eGFP1
16483,18:03:48,0.133,0.802,0,0,eGFP1
16484,18:03:48,0.122,0.649,0,0,eGFP1
16485,18:03:49,0.087,0.625,0,0,eGFP1
16486,18:03:50,0.120,0.867,0,0,eGFP1
16487,18:03:50,0.098,0.581,0,0,eGFP1
16488,18:03:51,0.088,0.527,0,0,eGFP1
16489,18:03:52,0.098,0.735,0,0,eGFP1
16490,18:03:53,0.143,0.823,0,0,eGFP1
16491,18:03:53,0.111,0.583,0,0,eGFP1
16492,18:03:54,0.087,0.702,0,0,eGFP1
16493,18:03:55,0.164,0.844,0,0,eGFP1
16494,18:03:55,0.088,0.494,0,0,eGFP1
16495,18:03:56,0.076,0.581,0,0,eGFP1
16496,18:03:57,0.175,0.954,0,0,eGFP1
16497,18:03:57,0.143,0.757,0,0,eGFP1
16498,18:03:58,0.100,0.627,0,0,eGFP1
16499,18:03:59,0.100,0.550,0,0,eGFP1
16500,18:04:00,0.109,0.899,0,0,eGFP1
16501,18:04:00,0.154,0.900,0,0,eGFP1
16502,18:04:01,0.132,0.768,0,0,eGFP1
16503,18:04:02,0.132,0.823,0,0,eGFP1
16504,18:04:03,0.110,0.747,0,0,eGFP1
16505,18:04:06,0.516,3.062,0,0,eGFP1
16506,18:04:06,0.098,0.636,0,0,eGFP1
16507,18:04:07,0.155,0.846,0,0,eGFP1
16508,18:04:08,0.121,0.593,0,0,eGFP1
16509,18:04:08,0.088,0.560,0,0,eGFP1
16510,18:04:09,0.164,0.900,0,0,eGFP1
16511,18:04:10,0.111,0.649,0,0,eGFP1
16512,18:04:11,0.098,0.658,0,0,eGFP1
16513,18:04:11,0.099,0.538,0,0,eGFP1
16514,18:04:12,0.077,0.527,0,0,eGFP1
16515,18:04:13,0.111,0.780,0,0,eGFP1
16516,18:04:13,0.132,0.626,0,0,eGFP1
16517,18:04:14,0.077,0.582,0,0,eGFP1
16518,18:04:14,0.142,0.680,0,0,eGFP1
16519,18:04:15,0.099,0.615,0,0,eGFP1
16520,18:04:16,0.132,0.823,0,0,eGFP1
16521,18:04:17,0.099,0.724,0,0,eGFP1
16522,18:04:17,0.121,0.560,0,0,eGFP1
16523,18:04:18,0.079,0.507,0,0,eGFP1
16524,18:04:19,0.109,1.020,0,0,eGFP1
16525,18:04:20,0.199,1.055,0,0,eGFP1
16526,18:04:21,0.165,0.999,0,0,eGFP1
16527,18:04:22,0.231,1.449,0,0,eGFP1
16528,18:04:24,0.318,1.745,0,0,eGFP1
16529,18:04:25,0.165,0.933,0,0,eGFP1
16530,18:04:25,0.143,0.637,0,0,eGFP1
16531,18:04:26,0.078,0.484,0,0,eGFP1
16532,18:04:27,0.088,1.405,0,0,eGFP1
16533,18:04:28,0.132,0.615,0,0,eGFP1
16534,18:04:30,0.088,1.580,0,0,eGFP1
16535,18:04:30,0.187,0.714,0,0,eGFP1
16536,18:04:31,0.088,0.549,0,0,eGFP1
16537,18:04:32,0.099,0.856,0,0,eGFP1
16538,18:04:32,0.123,0.605,0,0,eGFP1
16539,18:04:33,0.078,0.517,0,0,eGFP1
16540,18:04:34,0.111,0.802,0,0,eGFP1
16541,18:04:34,0.110,0.670,0,0,eGFP1
16542,18:04:35,0.088,0.494,0,0,eGFP1
16543,18:04:36,0.088,0.758,0,0,eGFP1
16544,18:04:36,0.099,0.549,0,0,eGFP1
16545,18:04:37,0.088,0.900,0,0,eGFP1
16546,18:04:38,0.154,0.659,0,0,eGFP1
16547,18:04:38,0.088,0.549,0,0,eGFP1
16548,18:04:39,0.101,0.759,0,0,eGFP1
16549,18:04:39,0.099,0.527,0,0,eGFP1
16550,18:04:40,0.066,0.626,0,0,eGFP1
16551,18:04:41,0.143,0.648,0,0,eGFP1
16552,18:04:41,0.090,0.528,0,0,eGFP1
16553,18:04:42,0.111,0.846,0,0,eGFP1
16554,18:04:43,0.121,0.758,0,0,eGFP1
16555,18:04:45,0.900,1.920,0,0,eGFP1
16556,18:04:45,0.112,0.606,0,0,eGFP1
16557,18:04:46,0.077,0.571,0,0,eGFP1
16558,18:04:50,0.153,4.126,0,0,eGFP1
16559,18:04:51,0.110,0.647,0,0,eGFP1
16560,18:04:52,0.209,1.394,0,0,eGFP1
16561,18:04:53,0.165,0.856,0,0,eGFP1
16562,18:04:54,0.483,1.164,0,0,eGFP1
16563,18:04:55,0.109,0.702,0,0,eGFP1
16564,18:04:56,0.123,1.220,0,0,eGFP1
16565,18:04:59,0.660,2.668,0,0,eGFP1
16566,18:05:00,0.220,0.757,0,0,eGFP1
16567,18:05:00,0.088,0.725,0,0,eGFP1
16568,18:05:07,0.153,7.034,0,0,eGFP1
16569,18:05:08,0.121,0.593,0,0,eGFP1
16570,18:05:09,0.099,0.944,0,0,eGFP1
16571,18:05:09,0.099,0.549,0,0,eGFP1
16572,18:05:11,0.133,1.801,0,0,eGFP1
16573,18:05:12,0.099,0.593,0,0,eGFP1
16574,18:05:13,0.098,0.779,0,0,eGFP1
16575,18:05:13,0.121,0.669,0,0,eGFP1
16576,18:05:14,0.099,0.549,0,0,eGFP1
16577,18:05:14,0.088,0.615,0,0,eGFP1
16578,18:05:15,0.121,0.933,0,0,eGFP1
16579,18:05:16,0.111,0.605,0,0,eGFP1
16580,18:05:17,0.134,0.792,0,0,eGFP1
16581,18:05:17,0.089,0.484,0,0,eGFP1
16582,18:05:18,0.077,0.878,0,0,eGFP1
16583,18:05:19,0.133,0.637,0,0,eGFP1
16584,18:05:19,0.078,0.506,0,0,eGFP1
16585,18:05:20,0.088,0.736,0,0,eGFP1
16586,18:05:20,0.099,0.527,0,0,eGFP1
16587,18:05:21,0.089,0.583,0,0,eGFP1
16588,18:05:22,0.090,0.605,0,0,eGFP1
16589,18:05:22,0.089,0.627,0,0,eGFP1
16590,18:05:23,0.143,0.692,0,0,eGFP1
16591,18:05:23,0.077,0.461,0,0,eGFP1
16592,18:05:24,0.090,0.869,0,0,eGFP1
16593,18:05:25,0.111,0.539,0,0,eGFP1
16594,18:05:26,0.100,0.890,0,0,eGFP1
16595,18:05:26,0.132,0.615,0,0,eGFP1
16596,18:05:27,0.090,0.792,0,0,eGFP1
16597,18:05:28,0.111,0.572,0,0,eGFP1
16598,18:05:29,0.089,0.824,0,0,eGFP1
16599,18:05:29,0.110,0.571,0,0,eGFP1
16600,18:05:30,0.078,0.824,0,0,eGFP1
16601,18:05:31,0.133,0.616,0,0,eGFP1
16602,18:05:31,0.088,0.889,0,0,eGFP1
16603,18:05:32,0.100,0.517,0,0,eGFP1
16604,18:05:33,0.078,0.670,0,0,eGFP1
16605,18:05:33,0.145,0.683,0,0,eGFP1
16606,18:05:34,0.079,0.496,0,0,eGFP1
16607,18:05:35,0.089,0.868,0,0,eGFP1
16608,18:05:35,0.121,0.571,0,0,eGFP1
16609,18:05:36,0.078,0.561,0,0,eGFP1
16610,18:05:37,0.209,0.956,0,0,eGFP1
16611,18:05:37,0.088,0.516,0,0,eGFP1
16612,18:05:38,0.100,0.912,0,0,eGFP1
16613,18:05:39,0.101,0.562,0,0,eGFP1
16614,18:05:40,0.078,0.824,0,0,eGFP1
16615,18:05:40,0.133,0.670,0,0,eGFP1
16616,18:05:41,0.100,0.638,0,0,eGFP1
16617,18:05:41,0.110,0.615,0,0,eGFP1
16618,18:05:42,0.100,0.572,0,0,eGFP1
16619,18:05:44,0.112,1.604,0,0,eGFP1
16620,18:05:44,0.111,0.572,0,0,eGFP1
16621,18:05:47,0.090,2.691,0,0,eGFP1
16622,18:05:49,0.176,1.976,0,0,eGFP1
16623,18:05:49,0.121,0.571,0,0,eGFP1
16624,18:05:50,0.088,0.780,0,0,eGFP1
16625,18:05:51,0.121,0.582,0,0,eGFP1
16626,18:05:52,0.088,0.692,0,0,eGFP1
16627,18:05:52,0.154,0.878,0,0,eGFP1
16628,18:05:53,0.176,0.879,0,0,eGFP1
16629,18:05:54,0.156,0.902,0,0,eGFP1
16630,18:05:55,0.133,0.671,0,0,eGFP1
16631,18:05:55,0.089,0.506,0,0,eGFP1
16632,18:05:56,0.077,0.516,0,0,eGFP1
16633,18:05:57,0.099,0.845,0,0,eGFP1
16634,18:05:57,0.122,0.671,0,0,eGFP1
16635,18:05:58,0.144,0.978,0,0,eGFP1
16636,18:05:59,0.198,1.065,0,0,eGFP1
16637,18:06:00,0.181,0.818,0,0,eGFP1
16638,18:06:02,0.615,1.417,0,0,eGFP1
16639,18:06:02,0.089,0.637,0,0,eGFP1
16640,18:06:03,0.144,0.759,0,0,eGFP1
16641,18:06:04,0.089,0.571,0,0,eGFP1
16642,18:06:04,0.111,0.726,0,0,eGFP1
16643,18:06:05,0.089,0.495,0,0,eGFP1
16644,18:06:06,0.078,0.879,0,0,eGFP1
16645,18:06:07,0.167,0.826,0,0,eGFP1
16646,18:06:07,0.101,0.529,0,0,eGFP1
16647,18:06:08,0.089,0.769,0,0,eGFP1
16648,18:06:08,0.111,0.572,0,0,eGFP1
16649,18:06:09,0.078,0.726,0,0,eGFP1
16650,18:06:10,0.122,0.649,0,0,eGFP1
16651,18:06:11,0.122,1.010,0,0,eGFP1
16652,18:06:11,0.122,0.583,0,0,eGFP1
16653,18:06:12,0.080,0.628,0,0,eGFP1
16654,18:06:13,0.188,0.836,0,0,eGFP1
16655,18:06:14,0.089,0.670,0,0,eGFP1
16656,18:06:14,0.133,0.814,0,0,eGFP1
16657,18:06:15,0.122,0.747,0,0,eGFP1
16658,18:06:16,0.111,0.748,0,0,eGFP1
16659,18:06:17,0.112,0.858,0,0,eGFP1
16660,18:06:17,0.133,0.715,0,0,eGFP1
16661,18:06:18,0.091,0.617,0,0,eGFP1
16662,18:07:26,0.452,68.304,0,0,eGFP1
16663,18:07:27,0.243,0.879,0,0,eGFP1
16664,18:07:34,0.177,6.718,0,0,eGFP1
16665,18:07:35,0.100,0.659,0,0,eGFP1
16666,18:07:35,0.101,0.627,0,0,eGFP1
16667,18:07:36,0.100,0.616,0,0,eGFP1
16668,18:07:36,0.089,0.528,0,0,eGFP1
16669,18:07:37,0.079,0.507,0,0,eGFP1
16670,18:07:38,0.101,0.759,0,0,eGFP1
16671,18:07:38,0.123,0.551,0,0,eGFP1
16672,18:07:39,0.078,0.659,0,0,eGFP1
16673,18:07:40,0.149,0.709,0,0,eGFP1
16674,18:07:40,0.099,0.626,0,0,eGFP1
16675,18:07:41,0.132,0.670,0,0,eGFP1
16676,18:07:42,0.100,0.681,0,0,eGFP1
16677,18:07:42,0.133,0.692,0,0,eGFP1
16678,18:07:43,0.092,0.487,0,0,eGFP1
16679,18:07:44,0.099,0.911,0,0,eGFP1
16680,18:07:44,0.111,0.561,0,0,eGFP1
16681,18:07:45,0.088,0.747,0,0,eGFP1
16682,18:07:45,0.121,0.571,0,0,eGFP1
16683,18:07:46,0.078,0.517,0,0,eGFP1
16684,18:07:47,0.143,0.835,0,0,eGFP1
16685,18:07:47,0.099,0.505,0,0,eGFP1
16686,18:07:48,0.114,0.871,0,0,eGFP1
16687,18:07:49,0.121,0.571,0,0,eGFP1
16688,18:07:50,0.089,0.802,0,0,eGFP1
16689,18:07:50,0.133,0.638,0,0,eGFP1
16690,18:07:51,0.089,0.593,0,0,eGFP1
16691,18:07:51,0.133,0.660,0,0,eGFP1
16692,18:07:52,0.078,0.517,0,0,eGFP1
16693,18:07:53,0.121,0.648,0,0,eGFP1
16694,18:07:53,0.091,0.683,0,0,eGFP1
16695,18:07:54,0.199,0.792,0,0,eGFP1
16696,18:07:55,0.089,0.572,0,0,eGFP1
16697,18:07:55,0.134,0.770,0,0,eGFP1
16698,18:07:56,0.079,0.496,0,0,eGFP1
16699,18:07:57,0.089,0.758,0,0,eGFP1
16700,18:07:57,0.124,0.596,0,0,eGFP1
16701,18:07:58,0.089,0.649,0,0,eGFP1
16702,18:07:59,0.113,0.596,0,0,eGFP1
16703,18:07:59,0.089,0.473,0,0,eGFP1
16704,18:08:00,0.090,0.682,0,0,eGFP1
16705,18:08:00,0.123,0.660,0,0,eGFP1
16706,18:08:01,0.079,0.660,0,0,eGFP1
16707,18:08:02,0.222,0.836,0,0,eGFP1
16708,18:08:02,0.079,0.562,0,0,eGFP1
16709,18:08:03,0.144,0.912,0,0,eGFP1
16710,18:08:04,0.102,0.640,0,0,eGFP1
16711,18:08:05,0.122,0.802,0,0,eGFP1
16712,18:08:06,0.156,0.770,0,0,eGFP1
16713,18:08:06,0.091,0.574,0,0,eGFP1
16714,18:08:07,0.101,0.704,0,0,eGFP1
16715,18:08:07,0.112,0.572,0,0,eGFP1
16716,18:08:08,0.090,0.683,0,0,eGFP1
16717,18:08:09,0.122,0.770,0,0,eGFP1
16718,18:08:10,0.134,0.793,0,0,eGFP1
16719,18:08:10,0.100,0.726,0,0,eGFP1
16720,18:08:11,0.199,1.033,0,0,eGFP1
16721,18:08:12,0.134,0.628,0,0,eGFP1
16722,18:08:13,0.089,0.780,0,0,eGFP1
16723,18:08:13,0.145,0.628,0,0,eGFP1
16724,18:08:14,0.089,0.616,0,0,eGFP1
16725,18:08:15,0.145,0.814,0,0,eGFP1
16726,18:08:16,0.157,0.914,0,0,eGFP1
16727,18:08:17,0.124,0.881,0,0,eGFP1
16728,18:08:17,0.123,0.606,0,0,eGFP1
16729,18:08:18,0.100,0.802,0,0,eGFP1
16730,18:08:19,0.167,0.891,0,0,eGFP1
16731,18:08:20,0.123,0.682,0,0,eGFP1
16732,18:08:20,0.090,0.507,0,0,eGFP1
16733,18:08:21,0.101,0.792,0,0,eGFP1
16734,18:08:22,0.134,0.595,0,0,eGFP1
16735,18:08:22,0.091,0.683,0,0,eGFP1
16736,18:08:23,0.112,0.584,0,0,eGFP1
16737,18:08:24,0.089,0.693,0,0,eGFP1
16738,18:08:24,0.134,0.638,0,0,eGFP1
16739,18:08:25,0.090,0.759,0,0,eGFP1
16740,18:08:26,0.124,0.607,0,0,eGFP1
16741,18:08:26,0.090,0.704,0,0,eGFP1
16742,18:08:27,0.123,0.672,0,0,eGFP1
16743,18:08:28,0.102,0.694,0,0,eGFP1
16744,18:08:28,0.123,0.705,0,0,eGFP1
16745,18:08:29,0.089,0.528,0,0,eGFP1
16746,18:08:30,0.090,0.760,0,0,eGFP1
16747,18:08:30,0.133,0.649,0,0,eGFP1
16748,18:08:31,0.101,0.935,0,0,eGFP1
16749,18:08:32,0.112,0.594,0,0,eGFP1
16750,18:08:33,0.079,0.760,0,0,eGFP1
16751,18:08:33,0.157,0.683,0,0,eGFP1
16752,18:08:34,0.078,0.528,0,0,eGFP1
16753,18:08:35,0.144,0.869,0,0,eGFP1
16754,18:08:35,0.090,0.628,0,0,eGFP1
16755,18:08:36,0.177,0.747,0,0,eGFP1
16756,18:08:36,0.079,0.517,0,0,eGFP1
16757,18:08:37,0.101,0.847,0,0,eGFP1
16758,18:08:38,0.098,0.537,0,0,eGFP1
16759,18:08:38,0.087,0.603,0,0,eGFP1
16760,18:08:39,0.130,0.778,0,0,eGFP1
16761,18:08:40,0.097,0.557,0,0,eGFP1
16762,18:08:41,0.108,0.811,0,0,eGFP1
16763,18:08:41,0.108,0.810,0,0,eGFP1
16764,18:08:42,0.141,0.778,0,0,eGFP1
16765,18:08:43,0.086,0.525,0,0,eGFP1
16766,18:08:44,0.108,0.931,0,0,eGFP1
16767,18:08:44,0.132,0.703,0,0,eGFP1
16768,18:08:45,0.119,0.668,0,0,eGFP1
16769,18:08:46,0.130,0.821,0,0,eGFP1
16770,18:08:47,0.119,0.778,0,0,eGFP1
16771,18:08:47,0.097,0.569,0,0,eGFP1
16772,18:08:48,0.097,0.612,0,0,eGFP1
16773,18:08:49,0.108,0.734,0,0,eGFP1
16774,18:08:49,0.141,0.865,0,0,eGFP1
16775,18:08:50,0.165,0.823,0,0,eGFP1
16776,18:08:51,0.097,0.591,0,0,eGFP1
16777,18:08:52,0.097,0.920,0,0,eGFP1
16778,18:08:53,0.174,0.876,0,0,eGFP1
16779,18:08:53,0.109,0.558,0,0,eGFP1
16780,18:08:54,0.087,0.833,0,0,eGFP1
16781,18:08:55,0.175,0.878,0,0,eGFP1
16782,18:08:56,0.130,0.766,0,0,eGFP1
16783,18:08:56,0.142,0.768,0,0,eGFP1
16784,18:08:57,0.108,0.767,0,0,eGFP1
16785,18:08:58,0.130,0.843,0,0,eGFP1
16786,18:08:59,0.163,0.964,0,0,eGFP1
16787,18:09:02,0.185,2.577,0,0,eGFP1
16788,18:09:02,0.119,0.668,0,0,eGFP1
16789,18:09:03,0.108,0.668,0,0,eGFP1
16790,18:09:04,0.141,1.063,0,0,eGFP1
16791,18:09:05,0.119,0.690,0,0,eGFP1
16792,18:09:05,0.085,0.600,0,0,eGFP1
16793,18:09:06,0.120,0.701,0,0,eGFP1
16794,18:09:11,0.110,5.048,0,0,eGFP1
16795,18:09:12,0.097,0.569,0,0,eGFP1
16796,18:09:12,0.108,0.844,0,0,eGFP1
16797,18:09:13,0.097,0.525,0,0,eGFP1
16798,18:09:13,0.075,0.525,0,0,eGFP1
16799,18:09:14,0.108,0.756,0,0,eGFP1
16800,18:09:15,0.090,0.518,0,0,eGFP1
16801,18:09:15,0.075,0.558,0,0,eGFP1
16802,18:09:16,0.119,0.701,0,0,eGFP1
16803,18:09:17,0.119,0.580,0,0,eGFP1
16804,18:09:17,0.075,0.459,0,0,eGFP1
16805,18:09:18,0.087,0.833,0,0,eGFP1
16806,18:09:18,0.130,0.591,0,0,eGFP1
16807,18:09:19,0.087,0.745,0,0,eGFP1
16808,18:09:20,0.144,0.802,0,0,eGFP1
16809,18:09:21,0.120,0.800,0,0,eGFP1
16810,18:09:21,0.119,0.646,0,0,eGFP1
16811,18:09:22,0.076,0.624,0,0,eGFP1
16812,18:09:23,0.142,0.844,0,0,eGFP1
16813,18:09:24,0.119,0.624,0,0,eGFP1
16814,18:09:24,0.086,0.470,0,0,eGFP1
16815,18:09:25,0.087,0.723,0,0,eGFP1
16816,18:09:26,0.146,0.793,0,0,eGFP1
16817,18:09:26,0.120,0.679,0,0,eGFP1
16818,18:09:27,0.131,0.844,0,0,eGFP1
16819,18:09:28,0.163,0.931,0,0,eGFP1
16820,18:09:29,0.141,0.723,0,0,eGFP1
16821,18:09:29,0.099,0.669,0,0,eGFP1
16822,18:09:30,0.109,0.734,0,0,eGFP1
16823,18:09:31,0.120,0.613,0,0,eGFP1
16824,18:09:31,0.077,0.483,0,0,eGFP1
16825,18:09:32,0.098,0.756,0,0,eGFP1
16826,18:09:33,0.120,0.603,0,0,eGFP1
16827,18:09:33,0.086,0.679,0,0,eGFP1
16828,18:09:34,0.108,0.613,0,0,eGFP1
16829,18:09:35,0.087,0.745,0,0,eGFP1
16830,18:09:35,0.130,0.668,0,0,eGFP1
16831,18:09:36,0.087,0.482,0,0,eGFP1
16832,18:09:36,0.077,0.505,0,0,eGFP1
16833,18:09:37,0.130,0.756,0,0,eGFP1
16834,18:09:38,0.108,0.624,0,0,eGFP1
16835,18:09:38,0.088,0.494,0,0,eGFP1
16836,18:09:39,0.076,0.657,0,0,eGFP1
16837,18:09:44,0.164,5.486,0,0,eGFP1
16838,18:09:45,0.153,0.723,0,0,eGFP1
16839,18:09:46,0.087,0.548,0,0,eGFP1
16840,18:09:46,0.088,0.549,0,0,eGFP1
16841,18:09:47,0.097,0.514,0,0,eGFP1
16842,18:09:47,0.087,0.504,0,0,eGFP1
16843,18:09:48,0.087,0.679,0,0,eGFP1
16844,18:09:48,0.120,0.603,0,0,eGFP1
16845,18:09:49,0.075,0.481,0,0,eGFP1
16846,18:09:50,0.076,0.636,0,0,eGFP1
16847,18:09:50,0.119,0.668,0,0,eGFP1
16848,18:09:51,0.089,0.528,0,0,eGFP1
16849,18:09:51,0.098,0.636,0,0,eGFP1
16850,18:09:52,0.097,0.745,0,0,eGFP1
16851,18:09:53,0.097,0.679,0,0,eGFP1
16852,18:09:53,0.098,0.701,0,0,eGFP1
16853,18:09:54,0.131,0.734,0,0,eGFP1
16854,18:09:55,0.098,0.504,0,0,eGFP1
16855,18:09:56,0.087,0.800,0,0,eGFP1
16856,18:09:57,0.164,1.118,0,0,eGFP1
16857,18:09:58,0.154,0.879,0,0,eGFP1
16858,18:09:58,0.108,0.613,0,0,eGFP1
16859,18:09:59,0.076,0.482,0,0,eGFP1
16860,18:09:59,0.087,0.603,0,0,eGFP1
16861,18:10:00,0.152,0.854,0,0,eGFP1
16862,18:10:01,0.111,0.769,0,0,eGFP1
16863,18:10:01,0.120,0.668,0,0,eGFP1
16864,18:10:02,0.098,0.658,0,0,eGFP1
16865,18:10:03,0.110,0.560,0,0,eGFP1
16866,18:10:03,0.087,0.515,0,0,eGFP1
16867,18:10:04,0.097,0.712,0,0,eGFP1
16868,18:10:05,0.153,0.932,0,0,eGFP1
16869,18:10:06,0.152,0.866,0,0,eGFP1
16870,18:10:06,0.130,0.723,0,0,eGFP1
16871,18:10:07,0.109,0.581,0,0,eGFP1
16872,18:10:08,0.097,0.778,0,0,eGFP1
16873,18:10:09,0.154,0.703,0,0,eGFP1
16874,18:10:09,0.097,0.701,0,0,eGFP1
16875,18:10:10,0.110,0.626,0,0,eGFP1
16876,18:10:11,0.098,0.679,0,0,eGFP1
16877,18:10:12,0.175,1.042,0,0,eGFP1
16878,18:10:13,0.164,0.932,0,0,eGFP1
16879,18:10:13,0.164,0.778,0,0,eGFP1
16880,18:10:14,0.098,0.548,0,0,eGFP1
16881,18:10:14,0.088,0.560,0,0,eGFP1
16882,18:10:15,0.109,0.866,0,0,eGFP1
16883,18:10:16,0.120,0.591,0,0,eGFP1
16884,18:10:16,0.087,0.592,0,0,eGFP1
16885,18:10:17,0.120,0.844,0,0,eGFP1
16886,18:10:18,0.120,0.592,0,0,eGFP1
16887,18:10:19,0.086,0.646,0,0,eGFP1
16888,18:10:19,0.165,0.702,0,0,eGFP1
16889,18:10:20,0.089,0.550,0,0,eGFP1
16890,18:10:21,0.108,0.844,0,0,eGFP1
16891,18:10:21,0.119,0.602,0,0,eGFP1
16892,18:10:22,0.076,0.526,0,0,eGFP1
16893,18:10:23,0.109,0.778,0,0,eGFP1
16894,18:10:23,0.142,0.712,0,0,eGFP1
16895,18:10:24,0.087,0.559,0,0,eGFP1
16896,18:10:25,0.109,0.789,0,0,eGFP1
16897,18:10:25,0.099,0.615,0,0,eGFP1
16898,18:10:26,0.109,0.855,0,0,eGFP1
16899,18:10:27,0.120,0.724,0,0,eGFP1
16900,18:10:27,0.086,0.712,0,0,eGFP1
16901,18:10:28,0.142,0.723,0,0,eGFP1
16902,18:10:29,0.088,0.538,0,0,eGFP1
16903,18:10:30,0.087,0.812,0,0,eGFP1
16904,18:10:30,0.131,0.756,0,0,eGFP1
16905,18:10:31,0.111,0.747,0,0,eGFP1
16906,18:10:32,0.175,0.921,0,0,eGFP1
16907,18:10:33,0.131,0.823,0,0,eGFP1
16908,18:10:34,0.109,0.833,0,0,eGFP1
16909,18:10:34,0.120,0.603,0,0,eGFP1
16910,18:10:35,0.076,0.515,0,0,eGFP1
16911,18:10:36,0.109,0.943,0,0,eGFP1
16912,18:10:36,0.153,0.691,0,0,eGFP1
16913,18:10:37,0.077,0.516,0,0,eGFP1
16914,18:10:39,0.110,2.282,0,0,eGFP1
16915,18:10:40,0.177,0.704,0,0,eGFP1
16916,18:10:41,0.087,0.701,0,0,eGFP1
16917,18:10:42,0.197,1.108,0,0,eGFP1
16918,18:17:15,0.351,392.946,0,0,eGFP1
16919,18:17:16,0.175,1.328,0,0,eGFP1
16920,18:17:17,0.186,1.064,0,0,eGFP1
16921,18:17:18,0.175,1.360,0,0,eGFP1
16922,18:17:20,0.165,1.120,0,0,eGFP1
16923,18:17:20,0.153,0.943,0,0,eGFP1
16924,18:17:22,0.186,1.185,0,0,eGFP1
16925,18:17:23,0.230,1.020,0,0,eGFP1
16926,18:17:24,0.109,1.163,0,0,eGFP1
16927,18:17:25,0.164,0.987,0,0,eGFP1
16928,18:17:26,0.175,0.943,0,0,eGFP1
16929,18:17:27,0.111,0.912,0,0,eGFP1
16930,18:17:28,0.154,0.868,0,0,eGFP1
16931,18:17:28,0.131,0.789,0,0,eGFP1
16932,18:17:30,0.110,1.822,0,0,eGFP1
16933,18:17:32,0.186,1.371,0,0,eGFP1
16934,18:17:32,0.197,0.822,0,0,eGFP1
16935,18:17:33,0.110,1.010,0,0,eGFP1
16936,18:17:34,0.142,0.756,0,0,eGFP1
16937,18:17:35,0.110,0.867,0,0,eGFP1
16938,18:17:36,0.111,0.780,0,0,eGFP1
16939,18:17:37,0.164,0.823,0,0,eGFP1
16940,18:18:03,0.109,26.633,0,0,eGFP1
16941,18:18:04,0.164,1.086,0,0,eGFP1
16942,18:18:07,0.188,2.843,0,0,eGFP1
16943,18:18:08,0.143,0.922,0,0,eGFP1
16944,18:18:09,0.186,1.009,0,0,eGFP1
16945,18:18:10,0.153,0.779,0,0,eGFP1
16946,18:18:11,0.132,1.032,0,0,eGFP1
16947,18:18:12,0.142,0.713,0,0,eGFP1
16948,18:19:03,0.109,51.588,0,0,eGFP1
16949,18:19:04,0.131,0.856,0,0,eGFP1
16950,18:19:06,0.186,2.051,0,0,eGFP1
16951,18:19:07,0.208,0.954,0,0,eGFP1
16952,18:19:08,0.175,1.009,0,0,eGFP1
16953,18:19:09,0.164,1.196,0,0,eGFP1
16954,18:19:10,0.209,0.956,0,0,eGFP1
16955,18:19:11,0.164,1.020,0,0,eGFP1
16956,18:19:12,0.155,0.802,0,0,eGFP1
16957,18:19:13,0.121,0.845,0,0,eGFP1
16958,18:19:14,0.120,0.965,0,0,eGFP1
16959,18:19:15,0.154,0.911,0,0,eGFP1
16960,18:19:16,0.142,0.888,0,0,eGFP1
16961,18:19:16,0.154,0.714,0,0,eGFP1
16962,18:19:17,0.088,0.824,0,0,eGFP1
16963,18:19:18,0.120,0.636,0,0,eGFP1
16964,18:19:19,0.088,0.735,0,0,eGFP1
16965,18:19:19,0.176,0.955,0,0,eGFP1
16966,18:19:20,0.120,0.801,0,0,eGFP1
16967,18:19:21,0.109,0.658,0,0,eGFP1
16968,18:19:22,0.131,0.867,0,0,eGFP1
16969,18:19:22,0.110,0.637,0,0,eGFP1
16970,18:19:23,0.100,0.638,0,0,eGFP1
16971,18:19:24,0.142,0.757,0,0,eGFP1
16972,18:19:24,0.098,0.548,0,0,eGFP1
16973,18:19:25,0.121,1.043,0,0,eGFP1
16974,18:19:26,0.120,0.647,0,0,eGFP1
16975,18:19:27,0.110,0.724,0,0,eGFP1
16976,18:19:28,0.110,0.713,0,0,eGFP1
16977,18:19:28,0.132,0.801,0,0,eGFP1
16978,18:19:29,0.122,0.616,0,0,eGFP1
16979,18:19:30,0.099,0.900,0,0,eGFP1
16980,18:19:31,0.131,0.713,0,0,eGFP1
16981,18:19:32,0.143,1.031,0,0,eGFP1
16982,18:19:32,0.132,0.659,0,0,eGFP1
16983,18:19:33,0.111,0.769,0,0,eGFP1
16984,18:19:34,0.132,0.713,0,0,eGFP1
16985,18:19:34,0.110,0.681,0,0,eGFP1
16986,18:19:35,0.109,0.768,0,0,eGFP1
16987,18:19:36,0.111,0.681,0,0,eGFP1
16988,18:19:36,0.110,0.604,0,0,eGFP1
16989,18:19:37,0.110,0.746,0,0,eGFP1
16990,18:19:38,0.099,0.615,0,0,eGFP1
16991,18:19:39,0.098,0.735,0,0,eGFP1
16992,18:19:39,0.153,0.834,0,0,eGFP1
16993,18:19:40,0.099,0.801,0,0,eGFP1
16994,18:19:41,0.132,0.779,0,0,eGFP1
16995,18:19:42,0.133,0.835,0,0,eGFP1
16996,18:19:42,0.111,0.649,0,0,eGFP1
16997,18:19:43,0.109,0.790,0,0,eGFP1
16998,18:19:44,0.142,0.691,0,0,eGFP1
16999,18:19:45,0.098,0.647,0,0,eGFP1
17000,18:19:46,0.142,0.921,0,0,eGFP1
17001,18:19:46,0.110,0.724,0,0,eGFP1
17002,18:19:47,0.153,0.987,0,0,eGFP1
17003,18:19:48,0.144,0.792,0,0,eGFP1
17004,18:19:49,0.120,0.702,0,0,eGFP1
17005,18:19:49,0.120,0.789,0,0,eGFP1
17006,18:19:50,0.121,0.724,0,0,eGFP1
17007,18:19:51,0.110,0.801,0,0,eGFP1
17008,18:19:52,0.132,0.680,0,0,eGFP1
17009,18:19:52,0.099,0.735,0,0,eGFP1
17010,18:19:53,0.144,0.824,0,0,eGFP1
17011,18:19:54,0.122,0.693,0,0,eGFP1
17012,18:19:55,0.110,0.713,0,0,eGFP1
17013,18:19:55,0.110,0.757,0,0,eGFP1
17014,18:19:56,0.121,0.702,0,0,eGFP1
17015,18:19:57,0.121,0.834,0,0,eGFP1
17016,18:19:58,0.132,0.724,0,0,eGFP1
17017,18:19:58,0.110,0.702,0,0,eGFP1
17018,18:19:59,0.110,0.999,0,0,eGFP1
17019,18:20:00,0.144,0.759,0,0,eGFP1
17020,18:20:01,0.120,0.790,0,0,eGFP1
17021,18:20:02,0.121,0.713,0,0,eGFP1
17022,18:20:02,0.099,0.626,0,0,eGFP1
17023,18:20:03,0.112,0.836,0,0,eGFP1
17024,18:20:04,0.110,0.659,0,0,eGFP1
17025,18:20:05,0.132,1.097,0,0,eGFP1
17026,18:20:06,0.121,0.714,0,0,eGFP1
17027,18:20:06,0.111,0.627,0,0,eGFP1
17028,18:20:07,0.099,0.780,0,0,eGFP1
17029,18:20:08,0.121,0.669,0,0,eGFP1
17030,18:20:08,0.110,0.780,0,0,eGFP1
17031,18:20:09,0.132,0.801,0,0,eGFP1
17032,18:20:10,0.110,0.670,0,0,eGFP1
17033,18:20:11,0.132,0.856,0,0,eGFP1
17034,18:20:12,0.132,0.769,0,0,eGFP1
17035,18:20:12,0.100,0.594,0,0,eGFP1
17036,18:20:13,0.143,1.043,0,0,eGFP1
17037,18:20:14,0.112,0.638,0,0,eGFP1
17038,18:20:15,0.133,0.901,0,0,eGFP1
17039,18:20:15,0.110,0.582,0,0,eGFP1
17040,18:20:16,0.077,0.834,0,0,eGFP1
17041,18:20:17,0.132,0.714,0,0,eGFP1
17042,18:20:18,0.121,0.736,0,0,eGFP1
17043,18:20:19,0.155,1.011,0,0,eGFP1
17044,18:20:19,0.133,0.758,0,0,eGFP1
17045,18:20:20,0.143,0.780,0,0,eGFP1
17046,18:20:21,0.110,0.856,0,0,eGFP1
17047,18:20:22,0.132,0.692,0,0,eGFP1
17048,18:20:23,0.121,0.889,0,0,eGFP1
17049,18:20:23,0.187,0.835,0,0,eGFP1
17050,18:20:24,0.111,0.671,0,0,eGFP1
17051,18:20:25,0.121,0.714,0,0,eGFP1
17052,18:20:25,0.101,0.704,0,0,eGFP1
17053,18:20:26,0.132,0.813,0,0,eGFP1
17054,18:20:27,0.121,0.681,0,0,eGFP1
17055,18:20:33,0.132,6.146,0,0,eGFP1
17056,18:20:34,0.132,0.823,0,0,eGFP1
17057,18:20:36,0.176,1.713,0,0,eGFP1
17058,18:20:37,0.198,1.734,0,0,eGFP1
17059,18:20:38,0.209,0.977,0,0,eGFP1
17060,18:20:39,0.156,1.100,0,0,eGFP1
17061,18:20:40,0.121,0.604,0,0,eGFP1
17062,18:20:41,0.110,0.911,0,0,eGFP1
17063,18:20:42,0.122,0.594,0,0,eGFP1
17064,18:20:42,0.111,0.868,0,0,eGFP1
17065,18:20:43,0.111,0.583,0,0,eGFP1
17066,18:20:44,0.110,0.769,0,0,eGFP1
17067,18:20:45,0.176,0.845,0,0,eGFP1
17068,18:20:45,0.112,0.836,0,0,eGFP1
17069,18:20:46,0.100,0.528,0,0,eGFP1
17070,18:20:47,0.077,0.812,0,0,eGFP1
17071,18:20:47,0.144,0.648,0,0,eGFP1
17072,18:20:48,0.089,0.682,0,0,eGFP1
17073,18:20:49,0.154,0.845,0,0,eGFP1
17074,18:20:50,0.144,0.813,0,0,eGFP1
17075,18:20:51,0.121,0.824,0,0,eGFP1
17076,18:20:51,0.133,0.693,0,0,eGFP1
17077,18:20:54,0.133,2.537,0,0,eGFP1
17078,18:20:55,0.165,0.845,0,0,eGFP1
17079,18:20:56,0.165,0.988,0,0,eGFP1
17080,18:20:57,0.187,1.054,0,0,eGFP1
17081,18:20:58,0.165,0.944,0,0,eGFP1
17082,18:20:58,0.132,0.659,0,0,eGFP1
17083,18:20:59,0.110,0.812,0,0,eGFP1
17084,18:21:00,0.200,1.012,0,0,eGFP1
17085,18:21:01,0.168,0.991,0,0,eGFP1
17086,18:21:02,0.121,0.714,0,0,eGFP1
17087,18:21:03,0.132,1.043,0,0,eGFP1
17088,18:21:04,0.177,1.526,0,0,eGFP1
17089,18:21:05,0.166,0.758,0,0,eGFP1
17090,18:21:06,0.123,0.837,0,0,eGFP1
17091,18:21:07,0.319,1.186,0,0,eGFP1
17092,18:21:08,0.123,0.847,0,0,eGFP1
17093,18:21:09,0.154,0.879,0,0,eGFP1
17094,18:21:11,0.165,1.647,0,0,eGFP1
17095,18:21:11,0.242,0.889,0,0,eGFP1
17096,18:21:12,0.089,0.802,0,0,eGFP1
17097,18:21:15,0.155,2.503,0,0,eGFP1
17098,18:21:15,0.111,0.594,0,0,eGFP1
17099,18:21:16,0.089,0.626,0,0,eGFP1
17100,18:21:17,0.112,0.694,0,0,eGFP1
17101,18:21:17,0.111,0.637,0,0,eGFP1
17102,18:21:19,0.824,1.713,0,0,eGFP1
17103,18:21:20,0.232,0.769,0,0,eGFP1
17104,18:21:21,0.090,0.792,0,0,eGFP1
17105,18:21:21,0.121,0.593,0,0,eGFP1
17106,18:21:22,0.088,0.637,0,0,eGFP1
17107,18:21:23,0.132,0.714,0,0,eGFP1
17108,18:21:23,0.090,0.518,0,0,eGFP1
17109,18:21:24,0.088,0.944,0,0,eGFP1
17110,18:21:25,0.132,0.615,0,0,eGFP1
17111,18:21:26,0.088,0.900,0,0,eGFP1
17112,18:21:26,0.132,0.692,0,0,eGFP1
17113,18:21:27,0.165,0.889,0,0,eGFP1
17114,18:21:28,0.099,0.648,0,0,eGFP1
17115,18:21:29,0.176,0.977,0,0,eGFP1
17116,18:21:29,0.121,0.626,0,0,eGFP1
17117,18:21:30,0.113,0.728,0,0,eGFP1
17118,18:21:33,0.100,3.030,0,0,eGFP1
17119,18:21:34,0.231,0.780,0,0,eGFP1
17120,18:21:35,0.089,0.791,0,0,eGFP1
17121,18:21:36,0.166,0.846,0,0,eGFP1
17122,18:21:36,0.122,0.890,0,0,eGFP1
17123,18:21:37,0.144,0.813,0,0,eGFP1
17124,18:21:38,0.100,0.693,0,0,eGFP1
17125,18:21:39,0.353,1.220,0,0,eGFP1
17126,18:21:40,0.111,0.726,0,0,eGFP1
17127,18:21:41,0.144,0.681,0,0,eGFP1
17128,18:21:41,0.089,0.649,0,0,eGFP1
17129,18:21:42,0.122,0.736,0,0,eGFP1
17130,18:21:43,0.122,0.814,0,0,eGFP1
17131,18:21:44,0.145,0.891,0,0,eGFP1
17132,18:21:44,0.122,0.660,0,0,eGFP1
17133,18:21:45,0.101,0.639,0,0,eGFP1
17134,18:21:46,0.133,1.131,0,0,eGFP1
17135,18:21:47,0.210,1.296,0,0,eGFP1
17136,18:21:48,0.177,1.022,0,0,eGFP1
17137,18:21:49,0.166,1.066,0,0,eGFP1
17138,18:21:51,0.221,1.307,0,0,eGFP1
17139,18:21:52,0.221,1.066,0,0,eGFP1
17140,18:21:53,0.199,0.967,0,0,eGFP1
17141,18:21:54,0.803,1.594,0,0,eGFP1
17142,18:21:55,0.088,0.571,0,0,eGFP1
17143,18:21:56,0.132,0.780,0,0,eGFP1
17144,18:21:57,0.144,0.869,0,0,eGFP1
17145,18:21:57,0.099,0.560,0,0,eGFP1
17146,18:21:58,0.122,0.725,0,0,eGFP1
17147,18:21:59,0.100,0.725,0,0,eGFP1
17148,18:22:00,0.198,1.109,0,0,eGFP1
17149,18:22:01,0.156,1.166,0,0,eGFP1
17150,18:22:02,0.232,1.110,0,0,eGFP1
17151,18:22:05,0.210,3.173,0,0,eGFP1
17152,18:22:06,0.100,0.659,0,0,eGFP1
17153,18:22:08,0.188,2.131,0,0,eGFP1
17154,18:22:09,0.177,0.703,0,0,eGFP1
17155,18:22:09,0.079,0.792,0,0,eGFP1
17156,18:22:10,0.111,0.594,0,0,eGFP1
17157,18:22:11,0.090,0.672,0,0,eGFP1
17158,18:22:12,0.178,0.771,0,0,eGFP1
17159,18:22:12,0.089,0.550,0,0,eGFP1
17160,18:22:13,0.111,0.704,0,0,eGFP1
17161,18:22:13,0.100,0.561,0,0,eGFP1
17162,18:22:14,0.078,0.539,0,0,eGFP1
17163,18:22:15,0.122,0.682,0,0,eGFP1
17164,18:22:15,0.089,0.473,0,0,eGFP1
17165,18:22:16,0.080,0.848,0,0,eGFP1
17166,18:22:17,0.136,0.630,0,0,eGFP1
17167,18:22:17,0.089,0.659,0,0,eGFP1
17168,18:22:18,0.167,0.792,0,0,eGFP1
17169,18:22:19,0.089,0.583,0,0,eGFP1
17170,18:22:19,0.122,0.737,0,0,eGFP1
17171,18:22:20,0.091,0.519,0,0,eGFP1
17172,18:22:20,0.078,0.594,0,0,eGFP1
17173,18:22:21,0.145,0.880,0,0,eGFP1
17174,18:22:22,0.101,0.573,0,0,eGFP1
17175,18:22:23,0.100,0.802,0,0,eGFP1
17176,18:22:23,0.122,0.616,0,0,eGFP1
17177,18:22:24,0.100,0.869,0,0,eGFP1
17178,18:22:25,0.122,0.649,0,0,eGFP1
17179,18:22:26,0.122,0.813,0,0,eGFP1
17180,18:22:26,0.123,0.616,0,0,eGFP1
17181,18:22:27,0.101,0.715,0,0,eGFP1
17182,18:22:28,0.102,0.585,0,0,eGFP1
17183,18:22:28,0.100,0.978,0,0,eGFP1
17184,18:22:29,0.122,0.616,0,0,eGFP1
17185,18:22:30,0.080,0.749,0,0,eGFP1
17186,18:22:31,0.145,0.858,0,0,eGFP1
17187,18:22:32,0.133,0.814,0,0,eGFP1
17188,18:22:32,0.155,0.890,0,0,eGFP1
17189,18:22:33,0.122,0.945,0,0,eGFP1
17190,18:22:34,0.157,0.761,0,0,eGFP1
17191,18:22:35,0.122,0.780,0,0,eGFP1
17192,18:22:36,0.167,0.957,0,0,eGFP1
17193,18:22:37,0.166,0.989,0,0,eGFP1
17194,18:22:38,0.166,0.825,0,0,eGFP1
17195,18:22:39,0.144,0.934,0,0,eGFP1
17196,18:22:39,0.133,0.748,0,0,eGFP1
17197,18:22:40,0.166,0.902,0,0,eGFP1
17198,18:22:41,0.158,1.244,0,0,eGFP1
17199,18:22:42,0.243,0.978,0,0,eGFP1
17200,18:22:43,0.145,0.979,0,0,eGFP1
17201,18:22:44,0.177,0.835,0,0,eGFP1
17202,18:22:45,0.101,0.617,0,0,eGFP1
17203,18:22:46,0.100,0.792,0,0,eGFP1
17204,18:22:47,0.155,1.153,0,0,eGFP1
17205,18:22:48,0.408,1.330,0,0,eGFP1
17206,18:22:49,0.091,0.530,0,0,eGFP1
17207,18:22:50,0.111,0.989,0,0,eGFP1
17208,18:22:50,0.111,0.572,0,0,eGFP1
17209,18:22:51,0.111,0.714,0,0,eGFP1
17210,18:22:52,0.111,0.726,0,0,eGFP1
17211,18:22:54,0.100,2.613,0,0,eGFP1
17212,18:22:55,0.133,0.649,0,0,eGFP1
17213,18:22:56,0.110,1.065,0,0,eGFP1
17214,18:22:57,0.222,0.935,0,0,eGFP1
17215,18:22:58,0.144,0.802,0,0,eGFP1
17216,18:22:59,0.144,0.846,0,0,eGFP1
17217,18:23:00,0.122,0.956,0,0,eGFP1
17218,18:23:00,0.188,0.912,0,0,eGFP1
17219,18:23:02,0.144,1.022,0,0,eGFP1
17220,18:23:03,0.187,1.098,0,0,eGFP1
17221,18:23:04,0.210,1.351,0,0,eGFP1
17222,18:23:06,1.736,2.494,0,0,eGFP1
17223,18:23:29,0.132,22.816,0,0,eGFP1
17224,18:23:30,0.187,0.462,0,0,eGFP1
17225,18:23:31,0.244,1.111,0,0,eGFP1
17226,18:23:32,0.320,1.253,0,0,eGFP1
17227,18:23:33,0.210,0.879,0,0,eGFP1
17228,18:23:34,0.112,0.738,0,0,eGFP1
17229,18:23:35,0.122,0.792,0,0,eGFP1
17230,18:23:35,0.134,0.650,0,0,eGFP1
17231,18:23:36,0.101,0.617,0,0,eGFP1
17232,18:23:37,0.133,0.814,0,0,eGFP1
17233,18:23:37,0.111,0.583,0,0,eGFP1
17234,18:23:38,0.134,0.836,0,0,eGFP1
17235,18:23:39,0.112,0.540,0,0,eGFP1
17236,18:23:39,0.090,0.638,0,0,eGFP1
17237,18:23:40,0.123,0.858,0,0,eGFP1
17238,18:23:41,0.135,0.947,0,0,eGFP1
17239,18:23:42,0.168,0.827,0,0,eGFP1
17240,18:23:42,0.090,0.507,0,0,eGFP1
17241,18:23:43,0.078,0.616,0,0,eGFP1
17242,18:23:44,0.134,0.737,0,0,eGFP1
17243,18:23:46,1.440,2.087,0,0,eGFP1
17244,18:23:46,0.079,0.639,0,0,eGFP1
17245,18:23:47,0.189,1.034,0,0,eGFP1
17246,18:23:48,0.144,0.836,0,0,eGFP1
17247,18:23:49,0.124,0.585,0,0,eGFP1
17248,18:23:50,0.089,0.726,0,0,eGFP1
17249,18:23:50,0.145,0.639,0,0,eGFP1
17250,18:23:51,0.085,0.645,0,0,eGFP1
17251,18:23:52,0.173,0.733,0,0,eGFP1
17252,18:23:52,0.087,0.494,0,0,eGFP1
17253,18:23:53,0.108,0.876,0,0,eGFP1
17254,18:23:54,0.130,0.591,0,0,eGFP1
17255,18:23:54,0.087,0.844,0,0,eGFP1
17256,18:23:55,0.119,0.569,0,0,eGFP1
17257,18:23:56,0.108,0.953,0,0,eGFP1
17258,18:23:57,0.174,0.887,0,0,eGFP1
17259,18:23:58,0.130,0.723,0,0,eGFP1
17260,18:23:58,0.108,0.744,0,0,eGFP1
17261,18:23:59,0.119,0.569,0,0,eGFP1
17262,18:23:59,0.087,0.580,0,0,eGFP1
17263,18:24:00,0.154,0.779,0,0,eGFP1
17264,18:24:01,0.086,0.492,0,0,eGFP1
17265,18:24:02,0.086,0.877,0,0,eGFP1
17266,18:24:02,0.142,0.735,0,0,eGFP1
17267,18:24:03,0.097,0.744,0,0,eGFP1
17268,18:24:04,0.119,0.580,0,0,eGFP1
17269,18:24:04,0.075,0.503,0,0,eGFP1
17270,18:24:05,0.119,0.811,0,0,eGFP1
17271,18:24:06,0.120,0.735,0,0,eGFP1
17272,18:24:06,0.097,0.503,0,0,eGFP1
17273,18:24:07,0.075,0.909,0,0,eGFP1
17274,18:24:08,0.185,0.832,0,0,eGFP1
17275,18:24:09,0.109,0.646,0,0,eGFP1
17276,18:24:09,0.119,0.833,0,0,eGFP1
17277,18:24:10,0.130,0.711,0,0,eGFP1
17278,18:24:11,0.098,0.537,0,0,eGFP1
17279,18:24:11,0.088,0.736,0,0,eGFP1
17280,18:24:12,0.130,0.778,0,0,eGFP1
17281,18:24:13,0.119,0.613,0,0,eGFP1
17282,18:24:14,0.097,0.854,0,0,eGFP1
17283,18:24:14,0.119,0.591,0,0,eGFP1
17284,18:24:15,0.075,0.558,0,0,eGFP1
17285,18:24:16,0.130,0.855,0,0,eGFP1
17286,18:24:17,0.185,1.041,0,0,eGFP1
17287,18:24:17,0.131,0.702,0,0,eGFP1
17288,18:24:18,0.119,0.800,0,0,eGFP1
17289,18:24:19,0.119,0.865,0,0,eGFP1
17290,18:24:21,0.328,1.842,0,0,eGFP1
17291,18:24:22,0.163,0.701,0,0,eGFP1
17292,18:24:23,0.108,0.964,0,0,eGFP1
17293,18:24:24,0.757,1.317,0,0,eGFP1
17294,18:24:25,0.262,0.844,0,0,eGFP1
17295,18:24:26,0.109,0.899,0,0,eGFP1
17296,18:24:26,0.131,0.657,0,0,eGFP1
17297,18:24:27,0.087,0.515,0,0,eGFP1
17298,18:24:28,0.097,0.723,0,0,eGFP1
17299,18:24:28,0.108,0.766,0,0,eGFP1
17300,18:24:31,0.164,2.600,0,0,eGFP1
17301,18:24:32,0.097,0.745,0,0,eGFP1
17302,18:24:32,0.229,0.448,0,0,eGFP1
17303,18:24:33,0.394,0.997,0,0,eGFP1
17304,18:24:34,0.206,0.953,0,0,eGFP1
17305,18:24:38,0.218,3.587,0,0,eGFP1
17306,18:24:38,0.120,0.614,0,0,eGFP1
17307,18:24:39,0.109,0.866,0,0,eGFP1
17308,18:24:40,0.130,0.745,0,0,eGFP1
17309,18:24:41,0.141,0.723,0,0,eGFP1
17310,18:24:41,0.086,0.514,0,0,eGFP1
17311,18:24:42,0.087,0.602,0,0,eGFP1
17312,18:24:42,0.121,0.758,0,0,eGFP1
17313,18:24:43,0.086,0.503,0,0,eGFP1
17314,18:24:44,0.076,0.811,0,0,eGFP1
17315,18:24:44,0.108,0.547,0,0,eGFP1
17316,18:24:45,0.087,0.646,0,0,eGFP1
17317,18:24:46,0.109,0.745,0,0,eGFP1
17318,18:24:46,0.131,0.789,0,0,eGFP1
17319,18:24:47,0.098,0.515,0,0,eGFP1
17320,18:24:48,0.075,0.624,0,0,eGFP1
17321,18:24:48,0.130,0.811,0,0,eGFP1
17322,18:24:49,0.108,0.580,0,0,eGFP1
17323,18:24:50,0.086,0.569,0,0,eGFP1
17324,18:24:50,0.098,0.603,0,0,eGFP1
17325,18:24:51,0.086,0.569,0,0,eGFP1
17326,18:24:51,0.097,0.701,0,0,eGFP1
17327,18:24:52,0.141,0.756,0,0,eGFP1
17328,18:24:53,0.120,0.834,0,0,eGFP1
17329,18:24:54,0.108,0.580,0,0,eGFP1
17330,18:24:54,0.098,0.822,0,0,eGFP1
17331,18:24:55,0.130,0.613,0,0,eGFP1
17332,18:24:56,0.098,0.833,0,0,eGFP1
17333,18:24:56,0.121,0.581,0,0,eGFP1
17334,18:24:57,0.087,0.866,0,0,eGFP1
17335,18:24:58,0.142,0.690,0,0,eGFP1
17336,18:24:59,0.091,0.530,0,0,eGFP1
17337,18:24:59,0.109,0.943,0,0,eGFP1
17338,18:25:00,0.163,0.756,0,0,eGFP1
17339,18:25:01,0.097,0.503,0,0,eGFP1
17340,18:25:01,0.076,0.537,0,0,eGFP1
17341,18:25:02,0.108,0.800,0,0,eGFP1
17342,18:25:03,0.119,0.613,0,0,eGFP1
17343,18:25:03,0.097,0.734,0,0,eGFP1
17344,18:25:04,0.110,0.604,0,0,eGFP1
17345,18:25:05,0.119,0.668,0,0,eGFP1
17346,18:25:05,0.099,0.516,0,0,eGFP1
17347,18:25:06,0.076,0.658,0,0,eGFP1
17348,18:25:07,0.152,0.745,0,0,eGFP1
17349,18:25:07,0.087,0.624,0,0,eGFP1
17350,18:25:08,0.175,0.888,0,0,eGFP1
17351,18:25:09,0.109,0.833,0,0,eGFP1
17352,18:25:10,0.110,0.582,0,0,eGFP1
17353,18:25:10,0.087,0.548,0,0,eGFP1
17354,18:25:11,0.097,0.877,0,0,eGFP1
17355,18:25:12,0.130,0.624,0,0,eGFP1
17356,18:25:12,0.087,0.460,0,0,eGFP1
17357,18:25:13,0.076,0.668,0,0,eGFP1
17358,18:25:14,0.175,0.822,0,0,eGFP1
17359,18:25:14,0.087,0.515,0,0,eGFP1
17360,18:25:15,0.101,0.781,0,0,eGFP1
17361,18:25:15,0.120,0.614,0,0,eGFP1
17362,18:25:16,0.087,0.591,0,0,eGFP1
17363,18:25:17,0.131,1.272,0,0,eGFP1
17364,18:25:18,0.208,0.790,0,0,eGFP1
17365,18:25:19,0.108,0.833,0,0,eGFP1
17366,18:25:19,0.097,0.536,0,0,eGFP1
17367,18:25:20,0.076,0.746,0,0,eGFP1
17368,18:25:21,0.163,0.734,0,0,eGFP1
17369,18:25:22,0.099,0.703,0,0,eGFP1
17370,18:25:22,0.120,0.614,0,0,eGFP1
17371,18:25:23,0.087,0.493,0,0,eGFP1
17372,18:25:24,0.087,0.811,0,0,eGFP1
17373,18:25:24,0.110,0.648,0,0,eGFP1
17374,18:25:25,0.120,0.745,0,0,eGFP1
17375,18:25:26,0.109,0.570,0,0,eGFP1
17376,18:25:26,0.087,0.614,0,0,eGFP1
17377,18:25:27,0.088,0.757,0,0,eGFP1
17378,18:25:28,0.120,0.592,0,0,eGFP1
17379,18:25:28,0.087,0.669,0,0,eGFP1
17380,18:25:29,0.153,0.888,0,0,eGFP1
17381,18:25:30,0.131,0.668,0,0,eGFP1
17382,18:25:30,0.087,0.581,0,0,eGFP1
17383,18:25:31,0.164,0.822,0,0,eGFP1
17384,18:25:32,0.098,0.581,0,0,eGFP1
17385,18:25:33,0.100,0.791,0,0,eGFP1
17386,18:25:33,0.197,0.932,0,0,eGFP1
17387,18:25:34,0.154,0.988,0,0,eGFP1
17388,18:25:35,0.142,0.812,0,0,eGFP1
17389,18:25:36,0.131,0.624,0,0,eGFP1
17390,18:25:36,0.098,0.592,0,0,eGFP1
17391,18:25:37,0.142,0.910,0,0,eGFP1
17392,18:25:38,0.120,0.603,0,0,eGFP1
17393,18:25:39,0.100,0.945,0,0,eGFP1
17394,18:25:40,0.131,0.613,0,0,eGFP1
17395,18:25:40,0.077,0.570,0,0,eGFP1
17396,18:25:43,0.131,2.568,0,0,eGFP1
17397,18:25:44,0.262,0.844,0,0,eGFP1
17398,18:25:44,0.109,0.778,0,0,eGFP1
17399,18:25:45,0.120,0.592,0,0,eGFP1
17400,18:25:46,0.089,0.791,0,0,eGFP1
17401,18:25:46,0.143,0.758,0,0,eGFP1
17402,18:25:47,0.087,0.581,0,0,eGFP1
17403,18:25:48,0.120,0.811,0,0,eGFP1
17404,18:25:49,0.164,0.800,0,0,eGFP1
17405,18:25:49,0.098,0.515,0,0,eGFP1
17406,18:25:50,0.098,0.833,0,0,eGFP1
17407,18:25:51,0.131,0.790,0,0,eGFP1
17408,18:25:51,0.098,0.569,0,0,eGFP1
17409,18:25:52,0.100,0.780,0,0,eGFP1
17410,18:25:53,0.109,0.592,0,0,eGFP1
17411,18:25:53,0.088,0.625,0,0,eGFP1
17412,18:25:54,0.121,0.768,0,0,eGFP1
17413,18:25:55,0.087,0.713,0,0,eGFP1
17414,18:25:56,0.143,0.703,0,0,eGFP1
17415,18:25:56,0.087,0.537,0,0,eGFP1
17416,18:25:57,0.087,0.592,0,0,eGFP1
17417,18:25:57,0.100,0.594,0,0,eGFP1
17418,18:25:58,0.087,0.690,0,0,eGFP1
17419,18:25:58,0.110,0.560,0,0,eGFP1
17420,18:25:59,0.087,0.559,0,0,eGFP1
17421,18:26:00,0.109,0.658,0,0,eGFP1
17422,18:26:00,0.087,0.515,0,0,eGFP1
17423,18:26:01,0.087,0.822,0,0,eGFP1
17424,18:26:02,0.143,0.900,0,0,eGFP1
17425,18:26:03,0.143,0.703,0,0,eGFP1
17426,18:26:03,0.076,0.559,0,0,eGFP1
17427,18:26:04,0.198,1.065,0,0,eGFP1
17428,18:26:05,0.109,0.625,0,0,eGFP1
17429,18:26:06,0.087,0.779,0,0,eGFP1
17430,18:26:06,0.120,0.591,0,0,eGFP1
17431,18:26:07,0.077,0.527,0,0,eGFP1
17432,18:26:08,0.131,0.778,0,0,eGFP1
17433,18:26:08,0.120,0.702,0,0,eGFP1
17434,18:26:09,0.088,0.615,0,0,eGFP1
17435,18:26:18,0.142,9.503,0,0,eGFP1
17436,18:26:19,0.131,0.636,0,0,eGFP1
17437,18:26:20,0.120,0.888,0,0,eGFP1
17438,18:26:20,0.109,0.537,0,0,eGFP1
17439,18:26:21,0.087,0.767,0,0,eGFP1
17440,18:26:22,0.109,0.581,0,0,eGFP1
17441,18:26:23,0.111,0.901,0,0,eGFP1
17442,18:26:23,0.100,0.528,0,0,eGFP1
17443,18:26:24,0.087,0.537,0,0,eGFP1
17444,18:26:25,0.099,0.801,0,0,eGFP1
17445,18:26:25,0.120,0.570,0,0,eGFP1
17446,18:26:26,0.088,0.691,0,0,eGFP1
17447,18:26:26,0.099,0.516,0,0,eGFP1
17448,18:26:27,0.076,0.449,0,0,eGFP1
17449,18:26:28,0.099,0.735,0,0,eGFP1
17450,18:26:28,0.144,0.781,0,0,eGFP1
17451,18:26:29,0.098,0.713,0,0,eGFP1
17452,18:26:30,0.120,0.658,0,0,eGFP1
17453,18:26:31,0.142,0.878,0,0,eGFP1
17454,18:26:31,0.111,0.561,0,0,eGFP1
17455,18:26:32,0.087,0.844,0,0,eGFP1
17456,18:26:33,0.165,0.779,0,0,eGFP1
17457,18:26:33,0.099,0.735,0,0,eGFP1
17458,18:26:34,0.100,0.550,0,0,eGFP1
17459,18:26:35,0.088,0.900,0,0,eGFP1
17460,18:26:36,0.164,0.724,0,0,eGFP1
17461,18:26:36,0.098,0.559,0,0,eGFP1
17462,18:26:37,0.088,0.560,0,0,eGFP1
17463,18:26:37,0.098,0.581,0,0,eGFP1
17464,18:26:38,0.110,0.603,0,0,eGFP1
17465,18:26:39,0.099,0.823,0,0,eGFP1
17466,18:26:39,0.133,0.616,0,0,eGFP1
17467,18:26:40,0.087,0.592,0,0,eGFP1
17468,18:26:41,0.133,0.879,0,0,eGFP1
17469,18:26:41,0.109,0.570,0,0,eGFP1
17470,18:26:42,0.088,0.834,0,0,eGFP1
17471,18:26:43,0.142,0.658,0,0,eGFP1
17472,18:26:43,0.087,0.548,0,0,eGFP1
17473,18:26:44,0.120,0.636,0,0,eGFP1
17474,18:26:45,0.078,0.836,0,0,eGFP1
17475,18:26:46,0.131,0.625,0,0,eGFP1
17476,18:26:46,0.088,0.560,0,0,eGFP1
17477,18:26:47,0.131,0.844,0,0,eGFP1
17478,18:26:48,0.110,0.593,0,0,eGFP1
17479,18:26:48,0.099,0.669,0,0,eGFP1
17480,18:26:49,0.110,0.692,0,0,eGFP1
17481,18:26:50,0.111,0.594,0,0,eGFP1
17482,18:26:50,0.089,0.561,0,0,eGFP1
17483,18:26:51,0.098,0.658,0,0,eGFP1
17484,18:26:51,0.088,0.505,0,0,eGFP1
17485,18:26:52,0.088,0.559,0,0,eGFP1
17486,18:26:53,0.132,0.988,0,0,eGFP1
17487,18:26:54,0.121,0.724,0,0,eGFP1
17488,18:26:54,0.143,0.791,0,0,eGFP1
17489,18:26:55,0.087,0.658,0,0,eGFP1
17490,18:26:56,0.133,0.868,0,0,eGFP1
17491,18:26:56,0.110,0.571,0,0,eGFP1
17492,18:26:57,0.110,0.780,0,0,eGFP1
17493,18:26:58,0.120,0.614,0,0,eGFP1
17494,18:26:58,0.077,0.582,0,0,eGFP1
17495,18:26:59,0.144,0.835,0,0,eGFP1
17496,18:27:00,0.099,0.560,0,0,eGFP1
17497,18:27:00,0.088,0.571,0,0,eGFP1
17498,18:27:01,0.099,0.779,0,0,eGFP1
17499,18:27:02,0.122,0.704,0,0,eGFP1
17500,18:27:03,0.121,0.702,0,0,eGFP1
17501,18:30:17,0.132,194.109,0,0,eGFP1
17502,18:30:18,0.176,1.745,0,0,eGFP1
17503,18:30:19,0.198,1.010,0,0,eGFP1
17504,18:30:21,0.109,1.492,0,0,eGFP1
17505,18:30:23,0.176,2.393,0,0,eGFP1
17506,18:30:24,0.121,0.955,0,0,eGFP1
17507,18:30:25,0.177,0.923,0,0,eGFP1
17508,18:30:26,0.122,0.978,0,0,eGFP1
17509,18:30:28,0.209,1.427,0,0,eGFP1
17510,18:30:28,0.121,0.790,0,0,eGFP1
17511,18:30:29,0.220,0.911,0,0,eGFP1
17512,18:30:30,0.110,0.944,0,0,eGFP1
17513,18:30:31,0.143,0.714,0,0,eGFP1
17514,18:30:32,0.154,1.174,0,0,eGFP1
17515,18:30:33,0.123,0.693,0,0,eGFP1
17516,18:30:34,0.121,0.933,0,0,eGFP1
17517,18:30:35,0.154,0.879,0,0,eGFP1
17518,18:30:36,0.175,1.064,0,0,eGFP1
17519,18:30:37,0.143,0.988,0,0,eGFP1
17520,18:30:38,0.154,1.098,0,0,eGFP1
17521,18:30:39,0.154,0.834,0,0,eGFP1
17522,18:30:39,0.123,0.924,0,0,eGFP1
17523,18:30:40,0.111,0.638,0,0,eGFP1
17524,18:30:41,0.132,1.251,0,0,eGFP1
17525,18:30:42,0.176,0.824,0,0,eGFP1
17526,18:30:43,0.121,0.878,0,0,eGFP1
17527,18:30:44,0.187,1.230,0,0,eGFP1
17528,18:30:45,0.186,1.075,0,0,eGFP1
17529,18:30:46,0.165,0.879,0,0,eGFP1
17530,18:30:47,0.154,0.933,0,0,eGFP1
17531,18:30:48,0.122,0.605,0,0,eGFP1
17532,18:30:49,0.099,0.955,0,0,eGFP1
17533,18:30:49,0.121,0.713,0,0,eGFP1
17534,18:30:51,0.154,1.548,0,0,eGFP1
17535,18:30:52,0.191,0.839,0,0,eGFP1
17536,18:30:53,0.142,0.965,0,0,eGFP1
17537,18:30:53,0.131,0.669,0,0,eGFP1
17538,18:30:54,0.109,0.856,0,0,eGFP1
17539,18:30:55,0.133,0.638,0,0,eGFP1
17540,18:30:56,0.098,1.130,0,0,eGFP1
17541,18:30:57,0.143,1.372,0,0,eGFP1
17542,18:30:58,0.109,0.834,0,0,eGFP1
17543,18:30:59,0.186,0.823,0,0,eGFP1
17544,18:31:00,0.099,0.691,0,0,eGFP1
17545,18:31:01,0.154,0.922,0,0,eGFP1
17546,18:31:02,0.132,0.757,0,0,eGFP1
17547,18:31:02,0.177,0.913,0,0,eGFP1
17548,18:31:03,0.110,0.636,0,0,eGFP1
17549,18:31:04,0.098,0.801,0,0,eGFP1
17550,18:31:05,0.154,0.790,0,0,eGFP1
17551,18:31:05,0.111,0.758,0,0,eGFP1
17552,18:31:06,0.144,0.758,0,0,eGFP1
17553,18:31:07,0.132,0.966,0,0,eGFP1
17554,18:31:08,0.111,0.616,0,0,eGFP1
17555,18:31:09,0.111,0.814,0,0,eGFP1
17556,18:31:09,0.121,0.648,0,0,eGFP1
17557,18:31:10,0.099,0.747,0,0,eGFP1
17558,18:31:11,0.176,0.977,0,0,eGFP1
17559,18:31:12,0.121,0.736,0,0,eGFP1
17560,18:31:12,0.143,0.769,0,0,eGFP1
17561,18:31:13,0.099,0.593,0,0,eGFP1
17562,18:31:14,0.134,1.363,0,0,eGFP1
17563,18:31:15,0.154,0.813,0,0,eGFP1
17564,18:31:16,0.133,0.879,0,0,eGFP1
17565,18:31:17,0.122,0.616,0,0,eGFP1
17566,18:31:20,0.110,3.227,0,0,eGFP1
17567,18:31:21,0.154,0.878,0,0,eGFP1
17568,18:31:21,0.111,0.649,0,0,eGFP1
17569,18:31:22,0.099,0.670,0,0,eGFP1
17570,18:31:23,0.132,0.725,0,0,eGFP1
17571,18:31:23,0.099,0.593,0,0,eGFP1
17572,18:31:24,0.123,0.858,0,0,eGFP1
17573,18:31:25,0.100,0.703,0,0,eGFP1
17574,18:31:26,0.155,0.813,0,0,eGFP1
17575,18:31:27,0.112,0.749,0,0,eGFP1
17576,18:31:27,0.121,0.604,0,0,eGFP1
17577,18:31:28,0.089,0.791,0,0,eGFP1
17578,18:31:29,0.132,0.681,0,0,eGFP1
17579,18:31:30,0.089,0.879,0,0,eGFP1
17580,18:31:30,0.123,0.639,0,0,eGFP1
17581,18:31:31,0.110,0.747,0,0,eGFP1
17582,18:31:32,0.110,0.626,0,0,eGFP1
17583,18:31:32,0.100,0.703,0,0,eGFP1
17584,18:31:33,0.177,0.846,0,0,eGFP1
17585,18:31:34,0.100,0.769,0,0,eGFP1
17586,18:31:35,0.176,0.802,0,0,eGFP1
17587,18:31:36,0.111,0.879,0,0,eGFP1
17588,18:31:36,0.123,0.628,0,0,eGFP1
17589,18:31:37,0.111,0.737,0,0,eGFP1
17590,18:31:38,0.111,0.615,0,0,eGFP1
17591,18:31:38,0.100,0.693,0,0,eGFP1
17592,18:31:39,0.154,0.955,0,0,eGFP1
17593,18:31:40,0.111,0.813,0,0,eGFP1
17594,18:31:41,0.232,1.000,0,0,eGFP1
17595,18:31:42,0.100,0.692,0,0,eGFP1
17596,18:31:43,0.167,0.881,0,0,eGFP1
17597,18:31:43,0.110,0.724,0,0,eGFP1
17598,18:31:44,0.121,0.648,0,0,eGFP1
17599,18:31:45,0.099,0.813,0,0,eGFP1
17600,18:31:45,0.143,0.736,0,0,eGFP1
17601,18:31:46,0.121,0.724,0,0,eGFP1
17602,18:31:47,0.112,0.803,0,0,eGFP1
17603,18:31:48,0.121,0.780,0,0,eGFP1
17604,18:31:48,0.123,0.683,0,0,eGFP1
17605,18:31:49,0.110,0.769,0,0,eGFP1
17606,18:31:50,0.122,0.714,0,0,eGFP1
17607,18:31:51,0.111,0.715,0,0,eGFP1
17608,18:31:51,0.110,0.681,0,0,eGFP1
17609,18:31:52,0.144,0.802,0,0,eGFP1
17610,18:31:53,0.111,0.748,0,0,eGFP1
17611,18:31:54,0.132,0.769,0,0,eGFP1
17612,18:31:54,0.101,0.661,0,0,eGFP1
17613,18:31:55,0.133,0.967,0,0,eGFP1
17614,18:31:56,0.113,0.618,0,0,eGFP1
17615,18:31:57,0.133,0.923,0,0,eGFP1
17616,18:31:57,0.101,0.650,0,0,eGFP1
17617,18:31:58,0.133,0.791,0,0,eGFP1
17618,18:31:59,0.100,0.605,0,0,eGFP1
17619,18:32:00,0.122,0.857,0,0,eGFP1
17620,18:32:00,0.134,0.705,0,0,eGFP1
17621,18:32:01,0.100,0.813,0,0,eGFP1
17622,18:32:02,0.144,0.704,0,0,eGFP1
17623,18:32:03,0.110,0.769,0,0,eGFP1
17624,18:32:03,0.100,0.616,0,0,eGFP1
17625,18:32:04,0.111,0.923,0,0,eGFP1
17626,18:32:05,0.122,0.648,0,0,eGFP1
17627,18:32:06,0.100,0.978,0,0,eGFP1
17628,18:32:07,0.111,0.649,0,0,eGFP1
17629,18:32:07,0.103,0.882,0,0,eGFP1
17630,18:32:08,0.111,0.648,0,0,eGFP1
17631,18:32:09,0.122,0.792,0,0,eGFP1
17632,18:32:09,0.100,0.605,0,0,eGFP1
17633,18:32:10,0.089,0.758,0,0,eGFP1
17634,18:32:11,0.111,0.605,0,0,eGFP1
17635,18:32:11,0.089,0.671,0,0,eGFP1
17636,18:32:12,0.132,0.846,0,0,eGFP1
17637,18:32:13,0.112,0.628,0,0,eGFP1
17638,18:32:14,0.111,0.868,0,0,eGFP1
17639,18:32:14,0.111,0.594,0,0,eGFP1
17640,18:32:15,0.100,1.000,0,0,eGFP1
17641,18:32:16,0.166,0.759,0,0,eGFP1
17642,18:32:17,0.100,0.736,0,0,eGFP1
17643,18:32:18,0.134,0.704,0,0,eGFP1
17644,18:32:18,0.111,0.714,0,0,eGFP1
17645,18:32:19,0.112,0.661,0,0,eGFP1
17646,18:32:20,0.099,0.747,0,0,eGFP1
17647,18:32:20,0.132,0.692,0,0,eGFP1
17648,18:32:24,0.099,3.106,0,0,eGFP1
17649,18:32:25,0.155,1.000,0,0,eGFP1
17650,18:32:25,0.110,0.637,0,0,eGFP1
17651,18:32:26,0.165,0.955,0,0,eGFP1
17652,18:32:27,0.100,0.747,0,0,eGFP1
17653,18:32:28,0.156,0.738,0,0,eGFP1
17654,18:32:28,0.088,0.637,0,0,eGFP1
17655,18:32:29,0.100,0.693,0,0,eGFP1
17656,18:32:30,0.112,0.639,0,0,eGFP1
17657,18:32:30,0.122,0.813,0,0,eGFP1
17658,18:32:31,0.111,0.616,0,0,eGFP1
17659,18:32:32,0.100,0.704,0,0,eGFP1
17660,18:32:32,0.122,0.649,0,0,eGFP1
17661,18:32:33,0.112,0.771,0,0,eGFP1
17662,18:32:34,0.122,0.604,0,0,eGFP1
17663,18:32:34,0.089,0.627,0,0,eGFP1
17664,18:32:35,0.132,0.802,0,0,eGFP1
17665,18:32:36,0.132,0.681,0,0,eGFP1
17666,18:32:37,0.100,0.714,0,0,eGFP1
17667,18:32:37,0.144,0.912,0,0,eGFP1
17668,18:32:38,0.111,0.604,0,0,eGFP1
17669,18:32:40,0.146,1.704,0,0,eGFP1
17670,18:32:41,0.135,0.804,0,0,eGFP1
17671,18:32:41,0.134,0.715,0,0,eGFP1
17672,18:32:42,0.101,0.682,0,0,eGFP1
17673,18:32:43,0.122,0.704,0,0,eGFP1
17674,18:32:44,0.122,0.814,0,0,eGFP1
17675,18:32:44,0.122,0.671,0,0,eGFP1
17676,18:32:45,0.122,0.846,0,0,eGFP1
17677,18:32:46,0.102,0.706,0,0,eGFP1
17678,18:32:47,0.166,1.186,0,0,eGFP1
17679,18:32:48,0.112,0.715,0,0,eGFP1
17680,18:32:48,0.123,0.671,0,0,eGFP1
17681,18:32:49,0.101,0.671,0,0,eGFP1
17682,18:32:50,0.145,0.825,0,0,eGFP1
17683,18:32:50,0.113,0.683,0,0,eGFP1
17684,18:32:51,0.123,0.847,0,0,eGFP1
17685,18:32:52,0.102,0.640,0,0,eGFP1
17686,18:32:53,0.155,1.055,0,0,eGFP1
17687,18:32:54,0.111,0.682,0,0,eGFP1
17688,18:32:54,0.133,0.682,0,0,eGFP1
17689,18:32:55,0.100,0.693,0,0,eGFP1
17690,18:32:56,0.155,0.737,0,0,eGFP1
17691,18:32:56,0.089,0.583,0,0,eGFP1
17692,18:32:57,0.112,1.088,0,0,eGFP1
17693,18:32:58,0.145,0.682,0,0,eGFP1
17694,18:32:59,0.113,0.794,0,0,eGFP1
17695,18:33:00,0.144,0.792,0,0,eGFP1
17696,18:33:00,0.100,0.627,0,0,eGFP1
17697,18:33:01,0.124,0.716,0,0,eGFP1
17698,18:33:02,0.101,0.616,0,0,eGFP1
17699,18:33:02,0.112,0.759,0,0,eGFP1
17700,18:33:03,0.101,0.628,0,0,eGFP1
17701,18:33:04,0.100,0.737,0,0,eGFP1
17702,18:33:05,0.124,0.738,0,0,eGFP1
17703,18:33:05,0.101,0.573,0,0,eGFP1
17704,18:33:06,0.100,0.989,0,0,eGFP1
17705,18:33:07,0.133,0.748,0,0,eGFP1
17706,18:33:08,0.144,0.847,0,0,eGFP1
17707,18:33:08,0.100,0.660,0,0,eGFP1
17708,18:33:09,0.134,0.946,0,0,eGFP1
17709,18:33:10,0.122,0.671,0,0,eGFP1
17710,18:33:11,0.136,0.904,0,0,eGFP1
17711,18:33:12,0.101,0.639,0,0,eGFP1
17712,18:33:12,0.111,0.770,0,0,eGFP1
17713,18:33:13,0.122,0.693,0,0,eGFP1
17714,18:33:14,0.111,0.814,0,0,eGFP1
17715,18:33:14,0.122,0.627,0,0,eGFP1
17716,18:33:15,0.090,0.946,0,0,eGFP1
17717,18:33:16,0.166,0.814,0,0,eGFP1
17718,18:33:17,0.113,0.782,0,0,eGFP1
17719,18:33:18,0.112,0.649,0,0,eGFP1
17720,18:33:19,0.123,0.869,0,0,eGFP1
17721,18:33:19,0.112,0.694,0,0,eGFP1
17722,18:33:20,0.122,0.923,0,0,eGFP1
17723,18:33:21,0.134,0.639,0,0,eGFP1
17724,18:33:22,0.091,0.958,0,0,eGFP1
17725,18:33:22,0.133,0.638,0,0,eGFP1
17726,18:33:23,0.102,0.936,0,0,eGFP1
17727,18:33:24,0.133,0.660,0,0,eGFP1
17728,18:33:26,0.133,1.889,0,0,eGFP1
17729,18:33:27,0.155,0.802,0,0,eGFP1
17730,18:33:27,0.122,0.792,0,0,eGFP1
17731,18:33:28,0.100,0.561,0,0,eGFP1
17732,18:33:30,0.078,1.757,0,0,eGFP1
17733,18:33:31,0.155,0.824,0,0,eGFP1
17734,18:33:31,0.113,0.706,0,0,eGFP1
17735,18:33:32,0.133,0.726,0,0,eGFP1
17736,18:33:33,0.093,0.729,0,0,eGFP1
17737,18:33:33,0.146,0.728,0,0,eGFP1
17738,18:33:34,0.090,0.595,0,0,eGFP1
17739,18:33:35,0.111,0.847,0,0,eGFP1
17740,18:33:36,0.111,0.671,0,0,eGFP1
17741,18:33:36,0.120,0.735,0,0,eGFP1
17742,18:33:37,0.098,0.625,0,0,eGFP1
17743,18:33:38,0.108,0.777,0,0,eGFP1
17744,18:33:38,0.130,0.701,0,0,eGFP1
17745,18:33:39,0.108,0.689,0,0,eGFP1
17746,18:33:40,0.130,1.019,0,0,eGFP1
17747,18:33:41,0.119,0.701,0,0,eGFP1
17748,18:33:42,0.152,0.953,0,0,eGFP1
17749,18:33:43,0.119,0.755,0,0,eGFP1
17750,18:33:43,0.153,0.757,0,0,eGFP1
17751,18:33:44,0.098,0.603,0,0,eGFP1
17752,18:33:45,0.130,0.931,0,0,eGFP1
17753,18:33:46,0.130,0.668,0,0,eGFP1
17754,18:33:46,0.097,0.843,0,0,eGFP1
17755,18:33:47,0.141,0.635,0,0,eGFP1
17756,18:33:48,0.097,0.668,0,0,eGFP1
17757,18:33:48,0.152,0.788,0,0,eGFP1
17758,18:33:49,0.097,0.580,0,0,eGFP1
17759,18:33:50,0.110,0.955,0,0,eGFP1
17760,18:33:51,0.119,0.656,0,0,eGFP1
17761,18:33:51,0.109,0.811,0,0,eGFP1
17762,18:33:52,0.108,0.723,0,0,eGFP1
17763,18:33:53,0.119,0.733,0,0,eGFP1
17764,18:33:54,0.143,0.933,0,0,eGFP1
17765,18:33:54,0.119,0.635,0,0,eGFP1
17766,18:34:02,0.141,7.372,0,0,eGFP1
17767,18:34:03,0.176,1.405,0,0,eGFP1
17768,18:34:04,0.141,0.723,0,0,eGFP1
17769,18:34:05,0.119,0.810,0,0,eGFP1
17770,18:34:05,0.130,0.701,0,0,eGFP1
17771,18:34:06,0.108,0.668,0,0,eGFP1
17772,18:34:07,0.108,0.668,0,0,eGFP1
17773,18:34:08,0.108,0.722,0,0,eGFP1
17774,18:34:08,0.109,0.690,0,0,eGFP1
17775,18:34:09,0.099,0.658,0,0,eGFP1
17776,18:34:10,0.109,0.668,0,0,eGFP1
17777,18:34:10,0.087,0.658,0,0,eGFP1
17778,18:34:11,0.120,0.702,0,0,eGFP1
17779,18:34:12,0.108,0.723,0,0,eGFP1
17780,18:34:13,0.119,0.887,0,0,eGFP1
17781,18:34:13,0.152,0.920,0,0,eGFP1
17782,18:34:14,0.152,0.954,0,0,eGFP1
17783,18:34:15,0.131,0.888,0,0,eGFP1
17784,18:34:17,0.207,2.018,0,0,eGFP1
17785,18:34:18,0.317,1.107,0,0,eGFP1
17786,18:34:19,0.130,0.789,0,0,eGFP1
17787,18:34:20,0.119,0.712,0,0,eGFP1
17788,18:34:21,0.119,0.898,0,0,eGFP1
17789,18:34:21,0.108,0.657,0,0,eGFP1
17790,18:34:22,0.108,0.723,0,0,eGFP1
17791,18:34:23,0.100,0.616,0,0,eGFP1
17792,18:34:23,0.108,0.613,0,0,eGFP1
17793,18:34:24,0.097,0.657,0,0,eGFP1
17794,18:34:25,0.097,0.679,0,0,eGFP1
17795,18:34:25,0.108,0.657,0,0,eGFP1
17796,18:34:26,0.130,0.909,0,0,eGFP1
17797,18:34:27,0.119,0.690,0,0,eGFP1
17798,18:34:28,0.207,1.239,0,0,eGFP1
17799,18:34:29,0.109,0.669,0,0,eGFP1
17800,18:34:30,0.119,0.756,0,0,eGFP1
17801,18:34:30,0.097,0.624,0,0,eGFP1
17802,18:34:31,0.097,0.778,0,0,eGFP1
17803,18:34:32,0.108,0.690,0,0,eGFP1
17804,18:34:33,0.119,0.756,0,0,eGFP1
17805,18:34:33,0.129,0.765,0,0,eGFP1
17806,18:34:34,0.109,0.691,0,0,eGFP1
17807,18:34:35,0.109,0.768,0,0,eGFP1
17808,18:34:35,0.108,0.657,0,0,eGFP1
17809,18:34:36,0.119,0.767,0,0,eGFP1
17810,18:34:37,0.108,0.613,0,0,eGFP1
17811,18:34:38,0.098,0.745,0,0,eGFP1
17812,18:34:38,0.142,0.745,0,0,eGFP1
17813,18:34:39,0.109,0.767,0,0,eGFP1
17814,18:34:40,0.163,0.833,0,0,eGFP1
17815,18:34:41,0.086,0.800,0,0,eGFP1
17816,18:34:41,0.162,0.733,0,0,eGFP1
17817,18:34:42,0.086,0.657,0,0,eGFP1
17818,18:34:43,0.121,0.659,0,0,eGFP1
17819,18:34:43,0.097,0.690,0,0,eGFP1
17820,18:34:44,0.141,0.800,0,0,eGFP1
17821,18:34:45,0.119,0.712,0,0,eGFP1
17822,18:34:46,0.108,0.767,0,0,eGFP1
17823,18:34:46,0.141,0.756,0,0,eGFP1
17824,18:34:47,0.110,0.878,0,0,eGFP1
17825,18:34:48,0.119,0.701,0,0,eGFP1
17826,18:34:49,0.109,0.701,0,0,eGFP1
17827,18:34:50,0.131,0.833,0,0,eGFP1
17828,18:34:50,0.120,0.701,0,0,eGFP1
17829,18:34:51,0.142,1.020,0,0,eGFP1
17830,18:34:52,0.130,0.679,0,0,eGFP1
17831,18:34:53,0.110,0.867,0,0,eGFP1
17832,18:34:54,0.165,0.769,0,0,eGFP1
17833,18:34:54,0.108,0.701,0,0,eGFP1
17834,18:34:55,0.163,1.052,0,0,eGFP1
17835,18:34:56,0.109,0.603,0,0,eGFP1
17836,18:34:58,0.108,2.325,0,0,eGFP1
17837,18:34:59,0.361,1.009,0,0,eGFP1
17838,18:35:00,0.130,1.085,0,0,eGFP1
17839,18:35:01,0.142,0.690,0,0,eGFP1
17840,18:35:02,0.121,0.802,0,0,eGFP1
17841,18:35:02,0.097,0.602,0,0,eGFP1
17842,18:35:03,0.109,0.723,0,0,eGFP1
17843,18:35:04,0.131,0.921,0,0,eGFP1
17844,18:35:05,0.142,0.734,0,0,eGFP1
17845,18:35:06,0.099,0.736,0,0,eGFP1
17846,18:35:06,0.120,0.635,0,0,eGFP1
17847,18:35:07,0.109,0.680,0,0,eGFP1
17848,18:35:08,0.121,0.724,0,0,eGFP1
17849,18:35:08,0.109,0.702,0,0,eGFP1
17850,18:35:09,0.119,0.888,0,0,eGFP1
17851,18:35:10,0.119,0.679,0,0,eGFP1
17852,18:35:11,0.109,0.701,0,0,eGFP1
17853,18:35:11,0.131,0.801,0,0,eGFP1
17854,18:35:12,0.108,0.745,0,0,eGFP1
17855,18:35:13,0.131,0.855,0,0,eGFP1
17856,18:35:14,0.102,0.585,0,0,eGFP1
17857,18:35:14,0.097,0.887,0,0,eGFP1
17858,18:35:15,0.133,0.692,0,0,eGFP1
17859,18:35:16,0.098,0.624,0,0,eGFP1
17860,18:35:16,0.098,0.713,0,0,eGFP1
17861,18:35:17,0.119,0.810,0,0,eGFP1
17862,18:35:19,0.142,1.217,0,0,eGFP1
17863,18:35:19,0.153,0.866,0,0,eGFP1
17864,18:35:20,0.110,0.582,0,0,eGFP1
17865,18:35:21,0.087,0.734,0,0,eGFP1
17866,18:35:21,0.142,0.734,0,0,eGFP1
17867,18:35:22,0.109,0.724,0,0,eGFP1
17868,18:35:23,0.097,0.602,0,0,eGFP1
17869,18:35:24,0.109,0.943,0,0,eGFP1
17870,18:35:24,0.142,0.767,0,0,eGFP1
17871,18:35:25,0.109,0.636,0,0,eGFP1
17872,18:35:26,0.111,0.780,0,0,eGFP1
17873,18:35:27,0.131,0.845,0,0,eGFP1
17874,18:35:27,0.120,0.646,0,0,eGFP1
17875,18:35:28,0.098,0.779,0,0,eGFP1
17876,18:35:29,0.153,1.008,0,0,eGFP1
17877,18:35:30,0.109,0.702,0,0,eGFP1
17878,18:35:32,0.142,2.425,0,0,eGFP1
17879,18:35:33,0.218,0.866,0,0,eGFP1
17880,18:35:34,0.098,0.625,0,0,eGFP1
17881,18:35:35,0.110,0.724,0,0,eGFP1
17882,18:35:35,0.098,0.658,0,0,eGFP1
17883,18:35:36,0.120,0.702,0,0,eGFP1
17884,18:35:36,0.098,0.614,0,0,eGFP1
17885,18:35:40,0.110,3.874,0,0,eGFP1
17886,18:35:41,0.120,0.844,0,0,eGFP1
17887,18:35:42,0.120,0.724,0,0,eGFP1
17888,18:35:43,0.109,0.702,0,0,eGFP1
17889,18:35:43,0.121,0.746,0,0,eGFP1
17890,18:35:44,0.110,0.603,0,0,eGFP1
17891,18:35:45,0.109,0.933,0,0,eGFP1
17892,18:35:46,0.120,0.646,0,0,eGFP1
17893,18:35:46,0.098,0.669,0,0,eGFP1
17894,18:35:47,0.109,0.658,0,0,eGFP1
17895,18:35:47,0.098,0.537,0,0,eGFP1
17896,18:35:48,0.098,0.746,0,0,eGFP1
17897,18:35:50,0.176,1.756,0,0,eGFP1
17898,18:35:51,0.120,0.669,0,0,eGFP1
17899,18:35:51,0.111,0.703,0,0,eGFP1
17900,18:35:52,0.120,0.779,0,0,eGFP1
17901,18:35:53,0.109,0.723,0,0,eGFP1
17902,18:35:54,0.121,0.713,0,0,eGFP1
17903,18:35:54,0.120,0.768,0,0,eGFP1
17904,18:35:55,0.109,0.647,0,0,eGFP1
17905,18:35:56,0.121,0.725,0,0,eGFP1
17906,18:35:56,0.131,0.833,0,0,eGFP1
17907,18:35:57,0.109,0.658,0,0,eGFP1
17908,18:35:58,0.120,0.757,0,0,eGFP1
17909,18:35:59,0.109,0.702,0,0,eGFP1
17910,18:36:00,0.131,0.954,0,0,eGFP1
17911,18:36:00,0.109,0.658,0,0,eGFP1
17912,18:36:01,0.110,0.736,0,0,eGFP1
17913,18:36:02,0.110,0.692,0,0,eGFP1
17914,18:36:02,0.109,0.801,0,0,eGFP1
17915,18:36:03,0.120,0.647,0,0,eGFP1
17916,18:36:04,0.109,0.800,0,0,eGFP1
17917,18:36:05,0.208,1.317,0,0,eGFP1
17918,18:36:06,0.131,0.724,0,0,eGFP1
17919,18:36:07,0.109,0.603,0,0,eGFP1
17920,18:36:07,0.109,0.713,0,0,eGFP1
17921,18:36:08,0.099,0.670,0,0,eGFP1
17922,18:36:09,0.120,0.855,0,0,eGFP1
17923,18:36:09,0.131,0.724,0,0,eGFP1
17924,18:36:10,0.109,0.647,0,0,eGFP1
17925,18:36:11,0.120,0.987,0,0,eGFP1
17926,18:36:12,0.198,0.922,0,0,eGFP1
17927,18:36:13,0.109,0.647,0,0,eGFP1
17928,18:36:13,0.109,0.757,0,0,eGFP1
17929,18:36:14,0.176,0.922,0,0,eGFP1
17930,18:36:15,0.099,0.636,0,0,eGFP1
17931,18:36:16,0.110,0.867,0,0,eGFP1
17932,18:36:17,0.131,0.823,0,0,eGFP1
17933,18:36:17,0.120,0.647,0,0,eGFP1
17934,18:36:18,0.098,0.647,0,0,eGFP1
17935,18:36:19,0.120,0.746,0,0,eGFP1
17936,18:36:19,0.109,0.669,0,0,eGFP1
17937,18:36:22,0.111,2.843,0,0,eGFP1
17938,18:36:23,0.110,0.659,0,0,eGFP1
17939,18:36:24,0.110,0.736,0,0,eGFP1
17940,18:36:24,0.120,0.658,0,0,eGFP1
17941,18:36:25,0.088,0.680,0,0,eGFP1
17942,18:36:26,0.110,0.669,0,0,eGFP1
17943,18:36:26,0.110,0.714,0,0,eGFP1
17944,18:36:27,0.109,0.680,0,0,eGFP1
17945,18:36:28,0.120,0.768,0,0,eGFP1
17946,18:36:30,0.955,1.998,0,0,eGFP1
17947,18:36:30,0.110,0.680,0,0,eGFP1
17948,18:36:31,0.132,0.845,0,0,eGFP1
17949,18:36:32,0.109,0.636,0,0,eGFP1
17950,18:36:33,0.110,0.691,0,0,eGFP1
17951,18:36:33,0.110,0.659,0,0,eGFP1
17952,18:36:34,0.109,0.647,0,0,eGFP1
17953,18:36:35,0.111,0.747,0,0,eGFP1
17954,18:36:35,0.111,0.660,0,0,eGFP1
17955,18:36:36,0.098,0.746,0,0,eGFP1
17956,18:36:37,0.131,0.724,0,0,eGFP1
17957,18:36:38,0.110,0.691,0,0,eGFP1
17958,18:36:38,0.132,0.757,0,0,eGFP1
17959,18:36:39,0.099,0.659,0,0,eGFP1
17960,18:36:40,0.098,0.702,0,0,eGFP1
17961,18:36:40,0.120,0.713,0,0,eGFP1
17962,18:36:41,0.111,0.682,0,0,eGFP1
17963,18:36:42,0.120,0.746,0,0,eGFP1
17964,18:36:43,0.120,0.713,0,0,eGFP1
17965,18:36:43,0.142,0.867,0,0,eGFP1
17966,18:36:44,0.099,0.626,0,0,eGFP1
17967,18:36:45,0.142,0.933,0,0,eGFP1
17968,18:36:46,0.109,0.603,0,0,eGFP1
17969,18:36:46,0.109,0.866,0,0,eGFP1
17970,18:36:47,0.144,0.912,0,0,eGFP1
17971,18:36:48,0.131,0.845,0,0,eGFP1
17972,18:36:49,0.131,0.789,0,0,eGFP1
17973,18:36:50,0.132,0.856,0,0,eGFP1
17974,18:36:51,0.164,0.976,0,0,eGFP1
17975,18:36:51,0.110,0.658,0,0,eGFP1
17976,18:36:52,0.110,0.790,0,0,eGFP1
17977,18:36:53,0.120,0.746,0,0,eGFP1
17978,18:36:54,0.133,0.813,0,0,eGFP1
17979,18:36:57,0.109,3.380,0,0,eGFP1
17980,18:36:58,0.154,0.703,0,0,eGFP1
17981,18:36:59,0.099,0.681,0,0,eGFP1
17982,18:36:59,0.120,0.625,0,0,eGFP1
17983,18:37:00,0.099,0.933,0,0,eGFP1
17984,18:37:01,0.132,0.669,0,0,eGFP1
17985,18:37:02,0.121,1.131,0,0,eGFP1
17986,18:37:03,0.122,0.627,0,0,eGFP1
17987,18:37:03,0.109,0.823,0,0,eGFP1
17988,18:37:04,0.120,0.691,0,0,eGFP1
17989,18:37:05,0.098,0.625,0,0,eGFP1
17990,18:37:05,0.109,0.768,0,0,eGFP1
17991,18:37:06,0.109,0.592,0,0,eGFP1
17992,18:37:07,0.099,0.911,0,0,eGFP1
17993,18:37:08,0.122,0.626,0,0,eGFP1
17994,18:37:08,0.101,0.913,0,0,eGFP1
17995,18:37:09,0.132,0.735,0,0,eGFP1
17996,18:37:10,0.110,0.659,0,0,eGFP1
17997,18:37:11,0.121,0.922,0,0,eGFP1
17998,18:37:12,0.175,1.097,0,0,eGFP1
17999,18:37:13,0.121,0.659,0,0,eGFP1
18000,18:37:14,0.121,1.141,0,0,eGFP1
18001,18:37:14,0.121,0.659,0,0,eGFP1
18002,18:37:15,0.111,0.726,0,0,eGFP1
18003,18:37:16,0.099,0.637,0,0,eGFP1
18004,18:37:17,0.131,0.790,0,0,eGFP1
18005,18:37:17,0.110,0.692,0,0,eGFP1
18006,18:37:18,0.110,0.614,0,0,eGFP1
18007,18:37:19,0.101,0.759,0,0,eGFP1
18008,18:37:20,0.198,1.767,0,0,eGFP1
18009,18:37:21,0.143,0.714,0,0,eGFP1
18010,18:37:22,0.110,0.966,0,0,eGFP1
18011,18:37:23,0.122,0.660,0,0,eGFP1
18012,18:37:23,0.099,0.813,0,0,eGFP1
18013,18:37:24,0.110,0.658,0,0,eGFP1
18014,18:37:25,0.099,0.604,0,0,eGFP1
18015,18:37:26,0.110,0.868,0,0,eGFP1
18016,18:37:26,0.121,0.647,0,0,eGFP1
18017,18:37:27,0.111,0.868,0,0,eGFP1
18018,18:37:28,0.121,0.648,0,0,eGFP1
18019,18:37:29,0.100,0.780,0,0,eGFP1
18020,18:37:29,0.112,0.650,0,0,eGFP1
18021,18:37:30,0.099,0.747,0,0,eGFP1
18022,18:37:31,0.132,0.966,0,0,eGFP1
18023,18:37:32,0.121,0.670,0,0,eGFP1
18024,18:37:33,0.110,0.955,0,0,eGFP1
18025,18:37:33,0.121,0.626,0,0,eGFP1
18026,18:37:34,0.099,0.746,0,0,eGFP1
18027,18:37:35,0.123,0.661,0,0,eGFP1
18028,18:37:35,0.110,0.856,0,0,eGFP1
18029,18:37:36,0.132,0.747,0,0,eGFP1
18030,18:37:37,0.110,0.626,0,0,eGFP1
18031,18:37:38,0.110,0.878,0,0,eGFP1
18032,18:37:38,0.132,0.692,0,0,eGFP1
18033,18:37:39,0.099,0.758,0,0,eGFP1
18034,18:37:40,0.166,0.924,0,0,eGFP1
18035,18:37:41,0.122,0.748,0,0,eGFP1
18036,18:37:42,0.132,0.867,0,0,eGFP1
18037,18:37:42,0.121,0.758,0,0,eGFP1
18038,18:37:43,0.121,0.681,0,0,eGFP1
18039,18:37:44,0.154,1.087,0,0,eGFP1
18040,18:37:45,0.121,0.648,0,0,eGFP1
18041,18:37:46,0.110,0.801,0,0,eGFP1
18042,18:37:46,0.133,0.725,0,0,eGFP1
18043,18:37:47,0.101,0.672,0,0,eGFP1
18044,18:37:48,0.143,0.812,0,0,eGFP1
18045,18:37:49,0.111,0.659,0,0,eGFP1
18046,18:37:49,0.111,0.714,0,0,eGFP1
18047,18:37:50,0.134,1.034,0,0,eGFP1
18048,18:37:51,0.121,0.659,0,0,eGFP1
18049,18:37:52,0.121,0.922,0,0,eGFP1
18050,18:37:53,0.111,0.670,0,0,eGFP1
18051,18:37:53,0.123,0.804,0,0,eGFP1
18052,18:37:54,0.120,0.647,0,0,eGFP1
18053,18:37:55,0.088,0.802,0,0,eGFP1
18054,18:37:56,0.142,0.911,0,0,eGFP1
18055,18:37:57,0.197,1.262,0,0,eGFP1
18056,18:37:58,0.132,0.669,0,0,eGFP1
18057,18:37:58,0.110,0.813,0,0,eGFP1
18058,18:37:59,0.110,0.658,0,0,eGFP1
18059,18:38:00,0.167,1.166,0,0,eGFP1
18060,18:38:01,0.121,0.758,0,0,eGFP1
18061,18:38:02,0.153,0.954,0,0,eGFP1
18062,18:38:03,0.133,0.835,0,0,eGFP1
18063,18:38:04,0.155,0.901,0,0,eGFP1
18064,18:38:04,0.110,0.626,0,0,eGFP1
18065,18:38:07,0.198,2.338,0,0,eGFP1
18066,18:38:07,0.111,0.671,0,0,eGFP1
18067,18:38:08,0.111,0.858,0,0,eGFP1
18068,18:38:09,0.110,0.593,0,0,eGFP1
18069,18:38:10,0.100,0.890,0,0,eGFP1
18070,18:38:10,0.121,0.637,0,0,eGFP1
18071,18:38:12,0.089,1.208,0,0,eGFP1
18072,18:38:12,0.143,0.758,0,0,eGFP1
18073,18:38:13,0.122,0.725,0,0,eGFP1
18074,18:38:14,0.101,0.583,0,0,eGFP1
18075,18:38:14,0.110,0.813,0,0,eGFP1
18076,18:38:15,0.111,0.605,0,0,eGFP1
18077,18:38:16,0.099,0.758,0,0,eGFP1
18078,18:38:17,0.132,0.845,0,0,eGFP1
18079,18:38:17,0.099,0.703,0,0,eGFP1
18080,18:38:18,0.110,0.713,0,0,eGFP1
18081,18:40:24,0.132,126.410,0,0,eGFP1
18082,18:40:26,0.187,1.395,0,0,eGFP1
18083,18:40:27,0.329,1.119,0,0,eGFP1
18084,18:40:29,0.232,2.186,0,0,eGFP1
18085,18:40:32,0.154,3.018,0,0,eGFP1
18086,18:40:33,0.198,1.131,0,0,eGFP1
18087,18:40:35,0.441,1.450,0,0,eGFP1
18088,18:40:39,3.513,4.467,0,0,eGFP1
18089,18:40:40,0.155,1.220,0,0,eGFP1
18090,18:40:41,0.154,0.867,0,0,eGFP1
18091,18:40:42,0.166,1.000,0,0,eGFP1
18092,18:40:43,0.112,0.716,0,0,eGFP1
18093,18:40:44,0.132,0.769,0,0,eGFP1
18094,18:40:44,0.111,0.681,0,0,eGFP1
18095,18:40:45,0.100,0.627,0,0,eGFP1
18096,18:40:46,0.089,0.605,0,0,eGFP1
18097,18:40:47,0.110,1.142,0,0,eGFP1
18098,18:40:48,0.155,0.901,0,0,eGFP1
18099,18:40:49,0.144,1.757,0,0,eGFP1
18100,18:40:50,0.167,0.946,0,0,eGFP1
18101,18:40:51,0.134,0.782,0,0,eGFP1
18102,18:40:52,0.121,0.813,0,0,eGFP1
18103,18:40:53,0.111,0.923,0,0,eGFP1
18104,18:40:54,0.165,0.944,0,0,eGFP1
18105,18:40:55,0.133,0.781,0,0,eGFP1
18106,18:40:55,0.122,0.681,0,0,eGFP1
18107,18:40:56,0.111,0.923,0,0,eGFP1
18108,18:40:57,0.200,1.012,0,0,eGFP1
18109,18:40:58,0.122,0.813,0,0,eGFP1
18110,18:41:01,0.144,3.052,0,0,eGFP1
18111,18:41:02,0.133,1.253,0,0,eGFP1
18112,18:41:03,0.143,0.769,0,0,eGFP1
18113,18:41:04,0.122,0.758,0,0,eGFP1
18114,18:41:05,0.124,0.826,0,0,eGFP1
18115,18:41:05,0.122,0.649,0,0,eGFP1
18116,18:41:06,0.101,0.737,0,0,eGFP1
18117,18:41:07,0.111,0.649,0,0,eGFP1
18118,18:41:07,0.088,0.593,0,0,eGFP1
18119,18:41:08,0.099,0.703,0,0,eGFP1
18120,18:41:09,0.110,0.582,0,0,eGFP1
18121,18:41:09,0.111,0.670,0,0,eGFP1
18122,18:41:10,0.100,0.670,0,0,eGFP1
18123,18:41:11,0.111,0.583,0,0,eGFP1
18124,18:41:11,0.090,0.694,0,0,eGFP1
18125,18:41:12,0.143,0.879,0,0,eGFP1
18126,18:41:13,0.111,0.616,0,0,eGFP1
18127,18:41:14,0.111,0.714,0,0,eGFP1
18128,18:41:14,0.123,0.672,0,0,eGFP1
18129,18:41:15,0.089,0.550,0,0,eGFP1
18130,18:41:15,0.089,0.572,0,0,eGFP1
18131,18:41:16,0.111,0.803,0,0,eGFP1
18132,18:41:17,0.123,0.781,0,0,eGFP1
18133,18:41:18,0.122,0.759,0,0,eGFP1
18134,18:41:18,0.122,0.846,0,0,eGFP1
18135,18:41:21,0.144,2.054,0,0,eGFP1
18136,18:41:21,0.122,0.747,0,0,eGFP1
18137,18:41:22,0.122,0.693,0,0,eGFP1
18138,18:41:23,0.111,0.715,0,0,eGFP1
18139,18:41:23,0.111,0.649,0,0,eGFP1
18140,18:41:24,0.100,0.758,0,0,eGFP1
18141,18:41:25,0.147,0.761,0,0,eGFP1
18142,18:41:26,0.112,0.693,0,0,eGFP1
18143,18:41:26,0.102,0.673,0,0,eGFP1
18144,18:41:27,0.111,0.670,0,0,eGFP1
18145,18:41:28,0.101,0.638,0,0,eGFP1
18146,18:41:28,0.112,0.693,0,0,eGFP1
18147,18:41:29,0.122,0.737,0,0,eGFP1
18148,18:41:30,0.100,0.660,0,0,eGFP1
18149,18:41:31,0.112,0.902,0,0,eGFP1
18150,18:41:31,0.177,0.803,0,0,eGFP1
18151,18:41:32,0.111,0.594,0,0,eGFP1
18152,18:41:33,0.078,0.693,0,0,eGFP1
18153,18:41:33,0.133,0.693,0,0,eGFP1
18154,18:41:34,0.100,0.671,0,0,eGFP1
18155,18:41:35,0.123,0.727,0,0,eGFP1
18156,18:41:35,0.111,0.660,0,0,eGFP1
18157,18:41:36,0.101,0.573,0,0,eGFP1
18158,18:41:37,0.089,0.605,0,0,eGFP1
18159,18:41:37,0.122,0.847,0,0,eGFP1
18160,18:41:38,0.122,0.638,0,0,eGFP1
18161,18:41:39,0.100,0.759,0,0,eGFP1
18162,18:41:40,0.177,0.846,0,0,eGFP1
18163,18:41:40,0.100,0.616,0,0,eGFP1
18164,18:41:41,0.111,0.748,0,0,eGFP1
18165,18:41:42,0.113,0.628,0,0,eGFP1
18166,18:41:42,0.090,0.671,0,0,eGFP1
18167,18:41:43,0.134,0.770,0,0,eGFP1
18168,18:41:44,0.113,0.651,0,0,eGFP1
18169,18:41:44,0.111,0.671,0,0,eGFP1
18170,18:41:45,0.111,0.671,0,0,eGFP1
18171,18:41:46,0.100,0.594,0,0,eGFP1
18172,18:41:46,0.100,0.737,0,0,eGFP1
18173,18:41:47,0.134,0.672,0,0,eGFP1
18174,18:41:48,0.089,0.649,0,0,eGFP1
18175,18:41:49,0.144,0.814,0,0,eGFP1
18176,18:41:49,0.100,0.561,0,0,eGFP1
18177,18:41:50,0.090,0.704,0,0,eGFP1
18178,18:41:51,0.232,1.011,0,0,eGFP1
18179,18:41:51,0.112,0.639,0,0,eGFP1
18180,18:41:52,0.100,0.616,0,0,eGFP1
18181,18:41:53,0.101,0.628,0,0,eGFP1
18182,18:41:54,0.123,0.836,0,0,eGFP1
18183,18:41:54,0.110,0.670,0,0,eGFP1
18184,18:41:55,0.114,0.750,0,0,eGFP1
18185,18:41:56,0.099,0.582,0,0,eGFP1
18186,18:41:56,0.110,0.889,0,0,eGFP1
18187,18:41:57,0.121,0.945,0,0,eGFP1
18188,18:41:58,0.132,0.680,0,0,eGFP1
18189,18:41:59,0.090,0.628,0,0,eGFP1
18190,18:41:59,0.111,0.715,0,0,eGFP1
18191,18:42:00,0.121,0.736,0,0,eGFP1
18192,18:42:01,0.111,0.714,0,0,eGFP1
18193,18:42:02,0.122,0.758,0,0,eGFP1
18194,18:42:02,0.111,0.649,0,0,eGFP1
18195,18:42:03,0.090,0.716,0,0,eGFP1
18196,18:42:04,0.166,0.934,0,0,eGFP1
18197,18:42:05,0.102,0.618,0,0,eGFP1
18198,18:42:05,0.101,0.748,0,0,eGFP1
18199,18:42:06,0.134,0.770,0,0,eGFP1
18200,18:42:07,0.112,0.759,0,0,eGFP1
18201,18:42:08,0.134,0.803,0,0,eGFP1
18202,18:42:08,0.112,0.913,0,0,eGFP1
18203,18:42:09,0.133,0.693,0,0,eGFP1
18204,18:42:10,0.101,0.671,0,0,eGFP1
18205,18:42:11,0.101,0.650,0,0,eGFP1
18206,18:42:11,0.112,0.859,0,0,eGFP1
18207,18:42:12,0.133,0.748,0,0,eGFP1
18208,18:42:13,0.111,0.803,0,0,eGFP1
18209,18:42:14,0.168,0.991,0,0,eGFP1
18210,18:42:15,0.111,0.825,0,0,eGFP1
18211,18:42:16,0.166,0.836,0,0,eGFP1
18212,18:42:16,0.133,0.901,0,0,eGFP1
18213,18:42:17,0.112,0.738,0,0,eGFP1
18214,18:42:18,0.113,0.694,0,0,eGFP1
18215,18:42:19,0.112,0.737,0,0,eGFP1
18216,18:42:19,0.112,0.661,0,0,eGFP1
18217,18:42:20,0.133,0.945,0,0,eGFP1
18218,18:42:21,0.112,0.847,0,0,eGFP1
18219,18:42:22,0.145,0.683,0,0,eGFP1
18220,18:42:23,0.100,0.803,0,0,eGFP1
18221,18:42:23,0.133,0.638,0,0,eGFP1
18222,18:42:24,0.093,0.630,0,0,eGFP1
18223,18:42:25,0.112,0.716,0,0,eGFP1
18224,18:42:25,0.111,0.649,0,0,eGFP1
18225,18:42:29,0.123,3.371,0,0,eGFP1
18226,18:42:30,0.145,1.034,0,0,eGFP1
18227,18:42:30,0.123,0.770,0,0,eGFP1
18228,18:42:31,0.178,0.880,0,0,eGFP1
18229,18:42:32,0.112,0.660,0,0,eGFP1
18230,18:42:33,0.103,0.651,0,0,eGFP1
18231,18:42:33,0.134,0.716,0,0,eGFP1
18232,18:42:34,0.101,0.704,0,0,eGFP1
18233,18:42:35,0.131,0.789,0,0,eGFP1
18234,18:42:35,0.108,0.657,0,0,eGFP1
18235,18:42:36,0.108,0.690,0,0,eGFP1
18236,18:42:37,0.120,0.691,0,0,eGFP1
18237,18:42:38,0.108,0.755,0,0,eGFP1
18238,18:42:38,0.110,0.603,0,0,eGFP1
18239,18:42:39,0.097,1.074,0,0,eGFP1
18240,18:42:40,0.119,0.613,0,0,eGFP1
18241,18:42:41,0.097,0.810,0,0,eGFP1
18242,18:42:41,0.130,0.613,0,0,eGFP1
18243,18:42:42,0.097,0.635,0,0,eGFP1
18244,18:42:43,0.108,0.679,0,0,eGFP1
18245,18:42:43,0.108,0.788,0,0,eGFP1
18246,18:42:44,0.120,0.669,0,0,eGFP1
18247,18:42:45,0.108,0.745,0,0,eGFP1
18248,18:42:45,0.097,0.580,0,0,eGFP1
18249,18:42:46,0.087,0.735,0,0,eGFP1
18250,18:42:47,0.108,0.645,0,0,eGFP1
18251,18:42:47,0.108,0.712,0,0,eGFP1
18252,18:42:48,0.097,0.624,0,0,eGFP1
18253,18:42:49,0.119,0.799,0,0,eGFP1
18254,18:42:49,0.099,0.582,0,0,eGFP1
18255,18:42:50,0.108,0.744,0,0,eGFP1
18256,18:42:51,0.119,0.635,0,0,eGFP1
18257,18:42:52,0.108,0.723,0,0,eGFP1
18258,18:42:52,0.108,0.679,0,0,eGFP1
18259,18:42:53,0.097,0.733,0,0,eGFP1
18260,18:42:54,0.131,0.877,0,0,eGFP1
18261,18:42:55,0.207,0.887,0,0,eGFP1
18262,18:42:55,0.099,0.593,0,0,eGFP1
18263,18:42:56,0.142,1.130,0,0,eGFP1
18264,18:42:57,0.119,0.876,0,0,eGFP1
18265,18:42:58,0.154,0.747,0,0,eGFP1
18266,18:42:59,0.097,0.558,0,0,eGFP1
18267,18:42:59,0.108,0.756,0,0,eGFP1
18268,18:43:00,0.119,0.635,0,0,eGFP1
18269,18:43:01,0.097,0.744,0,0,eGFP1
18270,18:43:02,0.120,0.767,0,0,eGFP1
18271,18:43:02,0.143,0.702,0,0,eGFP1
18272,18:43:03,0.098,0.613,0,0,eGFP1
18273,18:43:06,0.185,2.742,0,0,eGFP1
18274,18:43:06,0.098,0.668,0,0,eGFP1
18275,18:43:07,0.152,1.041,0,0,eGFP1
18276,18:43:08,0.099,0.615,0,0,eGFP1
18277,18:43:09,0.108,0.602,0,0,eGFP1
18278,18:43:09,0.086,0.635,0,0,eGFP1
18279,18:43:10,0.164,0.790,0,0,eGFP1
18280,18:43:11,0.086,0.613,0,0,eGFP1
18281,18:43:11,0.108,0.624,0,0,eGFP1
18282,18:43:12,0.087,0.580,0,0,eGFP1
18283,18:43:13,0.109,0.712,0,0,eGFP1
18284,18:43:13,0.109,0.690,0,0,eGFP1
18285,18:43:14,0.109,0.723,0,0,eGFP1
18286,18:43:15,0.108,0.624,0,0,eGFP1
18287,18:43:15,0.077,0.549,0,0,eGFP1
18288,18:43:16,0.097,0.822,0,0,eGFP1
18289,18:43:17,0.130,0.690,0,0,eGFP1
18290,18:43:17,0.118,0.699,0,0,eGFP1
18291,18:43:18,0.109,0.570,0,0,eGFP1
18292,18:43:19,0.086,0.657,0,0,eGFP1
18293,18:43:19,0.108,0.613,0,0,eGFP1
18294,18:43:20,0.097,1.019,0,0,eGFP1
18295,18:43:21,0.142,0.658,0,0,eGFP1
18296,18:43:21,0.087,0.548,0,0,eGFP1
18297,18:43:22,0.108,0.722,0,0,eGFP1
18298,18:43:23,0.120,0.614,0,0,eGFP1
18299,18:43:23,0.086,0.701,0,0,eGFP1
18300,18:43:24,0.196,0.854,0,0,eGFP1
18301,18:43:25,0.097,0.646,0,0,eGFP1
18302,18:43:26,0.119,0.932,0,0,eGFP1
18303,18:43:27,0.144,0.758,0,0,eGFP1
18304,18:43:27,0.109,0.701,0,0,eGFP1
18305,18:43:28,0.131,0.833,0,0,eGFP1
18306,18:43:29,0.131,0.712,0,0,eGFP1
18307,18:43:30,0.109,0.844,0,0,eGFP1
18308,18:43:30,0.131,0.734,0,0,eGFP1
18309,18:43:31,0.098,0.646,0,0,eGFP1
18310,18:43:32,0.131,0.734,0,0,eGFP1
18311,18:43:33,0.099,0.769,0,0,eGFP1
18312,18:43:33,0.163,0.789,0,0,eGFP1
18313,18:43:34,0.097,0.580,0,0,eGFP1
18314,18:43:35,0.097,0.723,0,0,eGFP1
18315,18:43:35,0.108,0.811,0,0,eGFP1
18316,18:43:36,0.121,0.614,0,0,eGFP1
18317,18:43:39,0.109,3.171,0,0,eGFP1
18318,18:43:40,0.097,0.591,0,0,eGFP1
18319,18:43:41,0.099,0.812,0,0,eGFP1
18320,18:43:41,0.131,0.636,0,0,eGFP1
18321,18:43:42,0.108,0.778,0,0,eGFP1
18322,18:43:43,0.108,0.613,0,0,eGFP1
18323,18:43:43,0.087,0.602,0,0,eGFP1
18324,18:43:45,0.142,1.327,0,0,eGFP1
18325,18:43:45,0.120,0.636,0,0,eGFP1
18326,18:43:46,0.108,0.657,0,0,eGFP1
18327,18:43:47,0.109,0.712,0,0,eGFP1
18328,18:43:47,0.141,0.733,0,0,eGFP1
18329,18:43:48,0.109,0.669,0,0,eGFP1
18330,18:43:49,0.143,0.955,0,0,eGFP1
18331,18:43:50,0.119,0.624,0,0,eGFP1
18332,18:43:50,0.109,0.800,0,0,eGFP1
18333,18:43:51,0.120,0.647,0,0,eGFP1
18334,18:43:52,0.086,0.569,0,0,eGFP1
18335,18:43:52,0.120,0.789,0,0,eGFP1
18336,18:43:53,0.110,0.560,0,0,eGFP1
18337,18:43:54,0.087,0.592,0,0,eGFP1
18338,18:43:54,0.142,0.800,0,0,eGFP1
18339,18:43:56,0.120,1.140,0,0,eGFP1
18340,18:43:56,0.131,0.702,0,0,eGFP1
18341,18:43:57,0.119,0.964,0,0,eGFP1
18342,18:43:58,0.153,0.888,0,0,eGFP1
18343,18:43:59,0.099,0.670,0,0,eGFP1
18344,18:44:00,0.132,1.229,0,0,eGFP1
18345,18:44:01,0.120,0.702,0,0,eGFP1
18346,18:44:01,0.109,0.679,0,0,eGFP1
18347,18:44:02,0.109,0.713,0,0,eGFP1
18348,18:44:03,0.131,0.679,0,0,eGFP1
18349,18:44:04,0.109,0.866,0,0,eGFP1
18350,18:44:04,0.142,0.680,0,0,eGFP1
18351,18:44:05,0.098,0.833,0,0,eGFP1
18352,18:44:06,0.242,0.988,0,0,eGFP1
18353,18:44:07,0.098,0.647,0,0,eGFP1
18354,18:44:08,0.109,1.382,0,0,eGFP1
18355,18:44:09,0.196,0.899,0,0,eGFP1
18356,18:44:10,0.108,0.712,0,0,eGFP1
18357,18:44:11,0.132,0.922,0,0,eGFP1
18358,18:44:11,0.109,0.636,0,0,eGFP1
18359,18:49:58,0.120,346.482,0,0,eGFP1
18360,18:49:58,0.264,0.461,0,0,eGFP1
18361,18:50:01,1.185,2.414,0,0,eGFP1
18362,18:50:02,0.186,1.074,0,0,eGFP1
18363,18:50:03,0.175,0.900,0,0,eGFP1
18364,18:50:05,0.119,2.797,0,0,eGFP1
18365,18:50:06,0.153,1.075,0,0,eGFP1
18366,18:50:08,0.240,1.063,0,0,eGFP1
18367,18:50:09,0.153,1.108,0,0,eGFP1
18368,18:50:10,0.121,0.988,0,0,eGFP1
18369,18:50:11,0.384,1.327,0,0,eGFP1
18370,18:50:12,0.155,1.120,0,0,eGFP1
18371,18:50:13,0.164,0.834,0,0,eGFP1
18372,18:50:14,0.141,0.866,0,0,eGFP1
18373,18:50:14,0.098,0.668,0,0,eGFP1
18374,18:50:15,0.120,0.757,0,0,eGFP1
18375,18:50:16,0.153,0.987,0,0,eGFP1
18376,18:50:17,0.135,0.738,0,0,eGFP1
18377,18:50:18,0.120,0.910,0,0,eGFP1
18378,18:50:19,0.142,0.691,0,0,eGFP1
18379,18:50:20,0.131,1.009,0,0,eGFP1
18380,18:50:20,0.119,0.668,0,0,eGFP1
18381,18:50:21,0.120,1.108,0,0,eGFP1
18382,18:50:22,0.152,0.811,0,0,eGFP1
18383,18:50:23,0.131,0.789,0,0,eGFP1
18384,18:50:28,0.123,5.544,0,0,eGFP1
18385,18:50:31,1.207,2.732,0,0,eGFP1
18386,18:50:32,0.120,0.756,0,0,eGFP1
18387,18:50:33,0.263,1.196,0,0,eGFP1
18388,18:50:34,0.109,0.592,0,0,eGFP1
18389,18:50:35,0.131,1.009,0,0,eGFP1
18390,18:50:36,0.120,0.801,0,0,eGFP1
18391,18:50:36,0.175,0.888,0,0,eGFP1
18392,18:50:37,0.098,0.658,0,0,eGFP1
18393,18:50:38,0.132,0.944,0,0,eGFP1
18394,18:50:39,0.120,0.614,0,0,eGFP1
18395,18:50:40,0.120,1.492,0,0,eGFP1
18396,18:50:41,0.120,0.724,0,0,eGFP1
18397,18:50:42,0.212,1.002,0,0,eGFP1
18398,18:50:42,0.099,0.592,0,0,eGFP1
18399,18:50:43,0.121,0.966,0,0,eGFP1
18400,18:50:44,0.142,0.811,0,0,eGFP1
18401,18:50:45,0.100,0.627,0,0,eGFP1
18402,18:50:46,0.131,0.899,0,0,eGFP1
18403,18:50:46,0.197,0.549,0,0,eGFP1
18404,18:50:48,0.866,1.557,0,0,eGFP1
18405,18:50:49,0.121,0.746,0,0,eGFP1
18406,18:50:49,0.121,0.603,0,0,eGFP1
18407,18:50:50,0.088,0.582,0,0,eGFP1
18408,18:50:51,0.131,0.822,0,0,eGFP1
18409,18:50:51,0.133,0.693,0,0,eGFP1
18410,18:50:52,0.087,0.581,0,0,eGFP1
18411,18:50:53,0.100,0.681,0,0,eGFP1
18412,18:50:53,0.132,0.713,0,0,eGFP1
18413,18:50:54,0.099,0.636,0,0,eGFP1
18414,18:50:55,0.121,0.834,0,0,eGFP1
18415,18:50:55,0.121,0.614,0,0,eGFP1
18416,18:50:56,0.088,0.648,0,0,eGFP1
18417,18:50:57,0.132,0.681,0,0,eGFP1
18418,18:50:57,0.088,0.636,0,0,eGFP1
18419,18:50:58,0.154,0.977,0,0,eGFP1
18420,18:50:59,0.120,0.768,0,0,eGFP1
18421,18:51:00,0.131,0.680,0,0,eGFP1
18422,18:51:01,0.131,0.834,0,0,eGFP1
18423,18:51:01,0.120,0.636,0,0,eGFP1
18424,18:51:02,0.122,1.208,0,0,eGFP1
18425,18:51:03,0.100,0.583,0,0,eGFP1
18426,18:51:04,0.121,0.823,0,0,eGFP1
18427,18:51:05,0.099,0.658,0,0,eGFP1
18428,18:51:05,0.134,0.727,0,0,eGFP1
18429,18:51:06,0.109,0.647,0,0,eGFP1
18430,18:51:07,0.132,0.812,0,0,eGFP1
18431,18:51:07,0.110,0.581,0,0,eGFP1
18432,18:51:08,0.110,0.834,0,0,eGFP1
18433,18:51:09,0.111,0.627,0,0,eGFP1
18434,18:51:09,0.110,0.691,0,0,eGFP1
18435,18:51:10,0.099,0.571,0,0,eGFP1
18436,18:51:11,0.099,0.823,0,0,eGFP1
18437,18:51:11,0.142,0.636,0,0,eGFP1
18438,18:51:12,0.078,0.616,0,0,eGFP1
18439,18:51:13,0.154,0.790,0,0,eGFP1
18440,18:51:13,0.099,0.560,0,0,eGFP1
18441,18:51:14,0.078,0.637,0,0,eGFP1
18442,18:51:15,0.132,0.801,0,0,eGFP1
18443,18:51:16,0.142,0.845,0,0,eGFP1
18444,18:51:17,0.153,0.833,0,0,eGFP1
18445,18:51:18,0.132,1.339,0,0,eGFP1
18446,18:51:19,0.241,1.020,0,0,eGFP1
18447,18:51:20,0.318,1.503,0,0,eGFP1
18448,18:51:22,0.154,1.416,0,0,eGFP1
18449,18:51:23,0.275,1.164,0,0,eGFP1
18450,18:51:25,0.340,1.537,0,0,eGFP1
18451,18:51:26,0.144,1.329,0,0,eGFP1
18452,18:51:27,0.241,1.152,0,0,eGFP1
18453,18:51:28,0.286,1.460,0,0,eGFP1
18454,18:51:29,0.164,0.889,0,0,eGFP1
18455,18:51:30,0.110,0.581,0,0,eGFP1
18456,18:51:31,0.099,1.076,0,0,eGFP1
18457,18:51:32,0.176,0.768,0,0,eGFP1
18458,18:51:32,0.100,0.715,0,0,eGFP1
18459,18:51:33,0.143,0.779,0,0,eGFP1
18460,18:51:34,0.099,0.505,0,0,eGFP1
18461,18:51:34,0.066,0.472,0,0,eGFP1
18462,18:51:35,0.099,0.889,0,0,eGFP1
18463,18:51:36,0.110,0.626,0,0,eGFP1
18464,18:51:37,0.099,0.735,0,0,eGFP1
18465,18:51:37,0.144,0.814,0,0,eGFP1
18466,18:51:38,0.122,0.616,0,0,eGFP1
18467,18:51:40,0.099,2.052,0,0,eGFP1
18468,18:51:41,0.198,1.119,0,0,eGFP1
18469,18:51:42,0.352,0.989,0,0,eGFP1
18470,18:51:43,0.164,1.306,0,0,eGFP1
18471,18:51:48,0.110,4.894,0,0,eGFP1
18472,18:51:49,0.209,0.812,0,0,eGFP1
18473,18:51:50,0.121,0.714,0,0,eGFP1
18474,18:51:50,0.100,0.539,0,0,eGFP1
18475,18:51:51,0.077,0.494,0,0,eGFP1
18476,18:51:52,0.110,0.856,0,0,eGFP1
18477,18:51:53,0.110,0.857,0,0,eGFP1
18478,18:51:53,0.144,0.802,0,0,eGFP1
18479,18:51:54,0.088,0.505,0,0,eGFP1
18480,18:51:54,0.077,0.538,0,0,eGFP1
18481,18:51:55,0.110,0.802,0,0,eGFP1
18482,18:51:56,0.100,0.627,0,0,eGFP1
18483,18:51:56,0.121,0.659,0,0,eGFP1
18484,18:51:57,0.110,0.878,0,0,eGFP1
18485,18:51:58,0.154,0.713,0,0,eGFP1
18486,18:51:59,0.089,0.484,0,0,eGFP1
18487,18:51:59,0.088,0.856,0,0,eGFP1
18488,18:52:00,0.132,0.626,0,0,eGFP1
18489,18:52:01,0.099,0.823,0,0,eGFP1
18490,18:52:01,0.123,0.594,0,0,eGFP1
18491,18:52:02,0.089,0.593,0,0,eGFP1
18492,18:52:03,0.123,0.858,0,0,eGFP1
18493,18:52:04,0.132,0.823,0,0,eGFP1
18494,18:52:05,0.122,0.791,0,0,eGFP1
18495,18:52:05,0.121,0.878,0,0,eGFP1
18496,18:52:06,0.264,0.912,0,0,eGFP1
18497,18:52:07,0.088,0.582,0,0,eGFP1
18498,18:52:08,0.155,0.967,0,0,eGFP1
18499,18:52:09,0.121,0.846,0,0,eGFP1
18500,18:52:09,0.121,0.582,0,0,eGFP1
18501,18:52:10,0.088,0.593,0,0,eGFP1
18502,18:52:11,0.143,0.823,0,0,eGFP1
18503,18:52:12,0.133,0.802,0,0,eGFP1
18504,18:52:12,0.121,0.659,0,0,eGFP1
18505,18:52:13,0.122,0.880,0,0,eGFP1
18506,18:52:15,0.627,1.582,0,0,eGFP1
18507,18:52:15,0.110,0.592,0,0,eGFP1
18508,18:52:16,0.110,0.659,0,0,eGFP1
18509,18:52:17,0.132,0.823,0,0,eGFP1
18510,18:52:27,0.121,10.612,0,0,eGFP1
18511,18:52:28,0.198,0.791,0,0,eGFP1
18512,18:52:29,0.131,0.922,0,0,eGFP1
18513,18:52:30,0.109,0.592,0,0,eGFP1
18514,18:52:30,0.101,0.661,0,0,eGFP1
18515,18:52:31,0.132,0.637,0,0,eGFP1
18516,18:52:32,0.088,0.702,0,0,eGFP1
18517,18:52:32,0.122,0.703,0,0,eGFP1
18518,18:52:33,0.101,0.628,0,0,eGFP1
18519,18:52:34,0.110,0.626,0,0,eGFP1
18520,18:52:34,0.121,0.813,0,0,eGFP1
18521,18:52:35,0.143,0.779,0,0,eGFP1
18522,18:52:36,0.089,0.539,0,0,eGFP1
18523,18:52:36,0.101,0.770,0,0,eGFP1
18524,18:52:37,0.089,0.506,0,0,eGFP1
18525,18:52:38,0.077,1.032,0,0,eGFP1
18526,18:52:39,0.176,0.747,0,0,eGFP1
18527,18:52:40,0.099,0.857,0,0,eGFP1
18528,18:52:40,0.143,0.703,0,0,eGFP1
18529,18:52:41,0.099,0.571,0,0,eGFP1
18530,18:52:42,0.100,0.769,0,0,eGFP1
18531,18:52:43,0.189,0.957,0,0,eGFP1
18532,18:52:43,0.123,0.595,0,0,eGFP1
18533,18:52:44,0.077,0.549,0,0,eGFP1
18534,18:52:45,0.122,0.901,0,0,eGFP1
18535,18:52:46,0.154,0.911,0,0,eGFP1
18536,18:52:46,0.188,0.879,0,0,eGFP1
18537,18:52:47,0.111,0.758,0,0,eGFP1
18538,18:52:48,0.177,0.989,0,0,eGFP1
18539,18:52:49,0.144,0.770,0,0,eGFP1
18540,18:52:50,0.133,0.791,0,0,eGFP1
18541,18:52:50,0.111,0.561,0,0,eGFP1
18542,18:52:51,0.088,0.549,0,0,eGFP1
18543,18:52:52,0.100,0.692,0,0,eGFP1
18544,18:52:52,0.122,0.758,0,0,eGFP1
18545,18:52:53,0.101,0.551,0,0,eGFP1
18546,18:52:54,0.089,0.737,0,0,eGFP1
18547,18:52:55,0.199,1.011,0,0,eGFP1
18548,18:52:56,0.166,0.901,0,0,eGFP1
18549,18:52:56,0.122,0.692,0,0,eGFP1
18550,18:52:57,0.147,0.904,0,0,eGFP1
18551,18:52:58,0.122,0.615,0,0,eGFP1
18552,18:52:58,0.100,0.693,0,0,eGFP1
18553,18:52:59,0.165,0.857,0,0,eGFP1
18554,18:53:00,0.099,0.538,0,0,eGFP1
18555,18:53:01,0.090,0.672,0,0,eGFP1
18556,18:53:01,0.144,0.670,0,0,eGFP1
18557,18:53:02,0.089,0.616,0,0,eGFP1
18558,18:53:03,0.166,0.912,0,0,eGFP1
18559,18:53:03,0.112,0.595,0,0,eGFP1
18560,18:53:04,0.089,0.593,0,0,eGFP1
18561,18:53:05,0.122,0.836,0,0,eGFP1
18562,18:53:10,0.165,4.939,0,0,eGFP1
18563,18:53:10,0.156,0.716,0,0,eGFP1
18564,18:53:11,0.121,0.703,0,0,eGFP1
18565,18:53:12,0.100,0.528,0,0,eGFP1
18566,18:53:12,0.078,0.637,0,0,eGFP1
18567,18:53:13,0.122,0.616,0,0,eGFP1
18568,18:53:13,0.089,0.627,0,0,eGFP1
18569,18:53:14,0.144,0.736,0,0,eGFP1
18570,18:53:15,0.100,0.561,0,0,eGFP1
18571,18:53:16,0.112,0.771,0,0,eGFP1
18572,18:53:16,0.111,0.550,0,0,eGFP1
18573,18:53:17,0.089,0.605,0,0,eGFP1
18574,18:53:17,0.121,0.670,0,0,eGFP1
18575,18:53:18,0.088,0.538,0,0,eGFP1
18576,18:53:19,0.100,0.758,0,0,eGFP1
18577,18:53:19,0.132,0.637,0,0,eGFP1
18578,18:53:20,0.111,0.604,0,0,eGFP1
18579,18:53:20,0.113,0.563,0,0,eGFP1
18580,18:53:21,0.089,0.495,0,0,eGFP1
18581,18:53:22,0.100,0.934,0,0,eGFP1
18582,18:53:23,0.144,0.692,0,0,eGFP1
18583,18:53:23,0.089,0.748,0,0,eGFP1
18584,18:53:24,0.133,0.616,0,0,eGFP1
18585,18:53:25,0.078,0.550,0,0,eGFP1
18586,18:53:25,0.101,0.595,0,0,eGFP1
18587,18:53:26,0.089,0.649,0,0,eGFP1
18588,18:53:27,0.123,0.760,0,0,eGFP1
18589,18:53:27,0.122,0.604,0,0,eGFP1
18590,18:53:28,0.111,0.704,0,0,eGFP1
18591,18:53:29,0.122,0.671,0,0,eGFP1
18592,18:53:29,0.100,0.671,0,0,eGFP1
18593,18:53:30,0.122,0.660,0,0,eGFP1
18594,18:53:30,0.100,0.539,0,0,eGFP1
18595,18:53:31,0.100,0.714,0,0,eGFP1
18596,18:53:40,0.146,8.618,0,0,eGFP1
18597,18:53:41,0.253,0.846,0,0,eGFP1
18598,18:53:41,0.100,0.649,0,0,eGFP1
18599,18:53:42,0.101,0.716,0,0,eGFP1
18600,18:53:43,0.122,0.605,0,0,eGFP1
18601,18:53:43,0.089,0.539,0,0,eGFP1
18602,18:53:44,0.122,0.627,0,0,eGFP1
18603,18:53:44,0.089,0.506,0,0,eGFP1
18604,18:53:45,0.113,0.859,0,0,eGFP1
18605,18:53:46,0.100,0.594,0,0,eGFP1
18606,18:53:47,0.122,0.869,0,0,eGFP1
18607,18:53:47,0.122,0.627,0,0,eGFP1
18608,18:53:48,0.078,0.692,0,0,eGFP1
18609,18:53:49,0.144,0.770,0,0,eGFP1
18610,18:53:49,0.100,0.825,0,0,eGFP1
18611,18:53:50,0.144,0.681,0,0,eGFP1
18612,18:53:51,0.102,0.574,0,0,eGFP1
18613,18:53:51,0.101,0.716,0,0,eGFP1
18614,18:53:52,0.111,0.638,0,0,eGFP1
18615,18:53:53,0.111,0.671,0,0,eGFP1
18616,18:53:53,0.133,0.725,0,0,eGFP1
18617,18:53:54,0.111,0.737,0,0,eGFP1
18618,18:53:55,0.122,0.725,0,0,eGFP1
18619,18:53:56,0.123,0.891,0,0,eGFP1
18620,18:53:56,0.123,0.628,0,0,eGFP1
18621,18:53:57,0.100,0.704,0,0,eGFP1
18622,18:53:58,0.155,0.945,0,0,eGFP1
18623,18:53:59,0.144,0.737,0,0,eGFP1
18624,18:54:00,0.133,0.868,0,0,eGFP1
18625,18:54:00,0.133,0.759,0,0,eGFP1
18626,18:54:01,0.123,0.760,0,0,eGFP1
18627,18:54:02,0.111,0.572,0,0,eGFP1
18628,18:54:02,0.080,0.530,0,0,eGFP1
18629,18:54:03,0.122,0.813,0,0,eGFP1
18630,18:54:04,0.112,0.869,0,0,eGFP1
18631,18:54:05,0.177,0.913,0,0,eGFP1
18632,18:54:06,0.111,0.726,0,0,eGFP1
18633,18:54:06,0.100,0.748,0,0,eGFP1
18634,18:54:08,0.144,1.186,0,0,eGFP1
18635,18:54:08,0.134,0.726,0,0,eGFP1
18636,18:54:09,0.124,0.750,0,0,eGFP1
18637,18:54:10,0.143,0.890,0,0,eGFP1
18638,18:54:11,0.122,0.769,0,0,eGFP1
18639,18:54:12,0.177,0.846,0,0,eGFP1
18640,18:54:12,0.101,0.628,0,0,eGFP1
18641,18:54:13,0.111,0.638,0,0,eGFP1
18642,18:54:14,0.133,0.846,0,0,eGFP1
18643,18:54:14,0.133,0.649,0,0,eGFP1
18644,18:54:15,0.091,0.617,0,0,eGFP1
18645,18:54:16,0.112,0.726,0,0,eGFP1
18646,18:54:17,0.156,0.902,0,0,eGFP1
18647,18:54:17,0.112,0.649,0,0,eGFP1
18648,18:54:18,0.101,0.705,0,0,eGFP1
18649,18:54:19,0.111,0.813,0,0,eGFP1
18650,18:54:19,0.112,0.584,0,0,eGFP1
18651,18:54:20,0.090,0.726,0,0,eGFP1
18652,18:54:21,0.145,0.649,0,0,eGFP1
18653,18:54:21,0.093,0.663,0,0,eGFP1
18654,18:54:22,0.134,0.847,0,0,eGFP1
18655,18:54:23,0.123,0.693,0,0,eGFP1
18656,18:54:24,0.112,0.858,0,0,eGFP1
18657,18:54:25,0.200,0.891,0,0,eGFP1
18658,18:54:26,0.123,0.957,0,0,eGFP1
18659,18:54:26,0.122,0.572,0,0,eGFP1
18660,18:54:27,0.090,0.869,0,0,eGFP1
18661,18:54:28,0.157,0.772,0,0,eGFP1
18662,18:54:29,0.144,0.978,0,0,eGFP1
18663,18:54:30,0.134,0.924,0,0,eGFP1
18664,18:54:32,1.187,1.867,0,0,eGFP1
18665,18:54:32,0.123,0.771,0,0,eGFP1
18666,18:54:34,0.276,2.174,0,0,eGFP1
18667,18:54:36,0.135,1.408,0,0,eGFP1
18668,18:54:37,0.156,1.407,0,0,eGFP1
18669,18:54:38,0.135,0.969,0,0,eGFP1
18670,18:54:39,0.156,1.110,0,0,eGFP1
18671,18:54:43,0.716,3.251,0,0,eGFP1
18672,18:54:43,0.114,0.685,0,0,eGFP1
18673,18:54:44,0.112,0.606,0,0,eGFP1
18674,18:54:44,0.078,0.528,0,0,eGFP1
18675,18:54:45,0.090,0.738,0,0,eGFP1
18676,18:54:46,0.111,0.572,0,0,eGFP1
18677,18:54:47,0.081,0.805,0,0,eGFP1
18678,18:54:47,0.112,0.605,0,0,eGFP1
18679,18:54:48,0.123,1.078,0,0,eGFP1
18680,18:54:49,0.157,0.815,0,0,eGFP1
18681,18:54:50,0.167,0.990,0,0,eGFP1
18682,18:54:51,0.134,0.781,0,0,eGFP1
18683,18:54:52,0.266,1.308,0,0,eGFP1
18684,18:54:53,0.178,0.957,0,0,eGFP1
18685,18:54:54,0.124,0.596,0,0,eGFP1
18686,18:54:54,0.090,0.595,0,0,eGFP1
18687,18:54:55,0.123,0.924,0,0,eGFP1
18688,18:54:56,0.178,0.946,0,0,eGFP1
18689,18:54:57,0.156,0.869,0,0,eGFP1
18690,18:54:58,0.167,0.803,0,0,eGFP1
18691,18:54:58,0.112,0.584,0,0,eGFP1
18692,18:54:59,0.090,0.507,0,0,eGFP1
18693,18:55:00,0.080,0.794,0,0,eGFP1
18694,18:55:00,0.146,0.694,0,0,eGFP1
18695,18:55:01,0.112,0.903,0,0,eGFP1
18696,18:55:02,0.188,0.880,0,0,eGFP1
18697,18:55:03,0.101,0.748,0,0,eGFP1
18698,18:55:04,0.134,0.913,0,0,eGFP1
18699,18:55:05,0.123,0.672,0,0,eGFP1
18700,18:55:05,0.156,0.913,0,0,eGFP1
18701,18:55:06,0.146,0.848,0,0,eGFP1
18702,18:55:07,0.123,0.649,0,0,eGFP1
18703,18:55:08,0.101,1.023,0,0,eGFP1
18704,18:55:09,0.199,1.109,0,0,eGFP1
18705,18:55:10,0.222,1.242,0,0,eGFP1
18706,18:55:11,0.188,0.967,0,0,eGFP1
18707,18:55:13,0.234,1.309,0,0,eGFP1
18708,18:55:13,0.134,0.682,0,0,eGFP1
18709,18:55:14,0.125,0.794,0,0,eGFP1
18710,18:55:15,0.145,0.869,0,0,eGFP1
18711,18:55:16,0.123,0.826,0,0,eGFP1
18712,18:55:18,0.123,2.394,0,0,eGFP1
18713,18:55:19,0.157,0.661,0,0,eGFP1
18714,18:55:20,0.102,0.947,0,0,eGFP1
18715,18:55:20,0.134,0.660,0,0,eGFP1
18716,18:55:21,0.101,0.848,0,0,eGFP1
18717,18:55:22,0.123,0.606,0,0,eGFP1
18718,18:55:23,0.080,0.662,0,0,eGFP1
18719,18:55:23,0.145,0.682,0,0,eGFP1
18720,18:55:24,0.091,0.661,0,0,eGFP1
18721,18:55:25,0.201,0.893,0,0,eGFP1
18722,18:56:12,0.123,46.740,0,0,eGFP1
18723,18:56:13,0.123,1.484,0,0,eGFP1
18724,18:56:14,0.121,0.999,0,0,eGFP1
18725,18:56:15,0.130,0.821,0,0,eGFP1
18726,18:56:16,0.175,1.053,0,0,eGFP1
18727,18:56:17,0.141,1.019,0,0,eGFP1
18728,18:56:18,0.119,0.733,0,0,eGFP1
18729,18:56:19,0.163,0.997,0,0,eGFP1
18730,18:56:20,0.108,0.921,0,0,eGFP1
18731,18:56:20,0.173,0.876,0,0,eGFP1
18732,18:56:21,0.108,0.722,0,0,eGFP1
18733,18:56:22,0.163,1.184,0,0,eGFP1
18734,18:56:24,0.242,1.570,0,0,eGFP1
18735,18:56:25,0.152,0.767,0,0,eGFP1
18736,18:56:26,0.152,1.019,0,0,eGFP1
18737,18:56:26,0.141,0.766,0,0,eGFP1
18738,18:58:11,0.185,104.065,0,0,eGFP1
18739,18:59:54,0.328,103.703,0,0,eGFP1
18740,18:59:57,1.765,2.731,0,0,eGFP1
18741,18:59:58,0.196,1.513,0,0,eGFP1
18742,18:59:59,0.131,0.954,0,0,eGFP1
18743,19:00:01,0.174,1.228,0,0,eGFP1
18744,19:00:02,0.119,0.942,0,0,eGFP1
18745,19:00:02,0.174,0.887,0,0,eGFP1
18746,19:00:03,0.119,0.723,0,0,eGFP1
18747,19:00:04,0.109,0.713,0,0,eGFP1
18748,19:00:04,0.097,0.547,0,0,eGFP1
18749,19:00:05,0.097,0.646,0,0,eGFP1
18750,19:00:06,0.153,0.834,0,0,eGFP1
18751,19:00:07,0.097,0.756,0,0,eGFP1
18752,19:00:07,0.108,0.580,0,0,eGFP1
18753,19:00:08,0.075,0.744,0,0,eGFP1
18754,19:00:09,0.131,0.635,0,0,eGFP1
18755,19:00:09,0.087,0.548,0,0,eGFP1
18756,19:00:10,0.130,0.810,0,0,eGFP1
18757,19:00:11,0.108,0.547,0,0,eGFP1
18758,19:00:11,0.088,0.911,0,0,eGFP1
18759,19:00:12,0.196,0.866,0,0,eGFP1
18760,19:00:13,0.119,0.920,0,0,eGFP1
18761,19:00:14,0.120,0.680,0,0,eGFP1
18762,19:00:15,0.119,1.041,0,0,eGFP1
18763,19:00:16,0.163,0.910,0,0,eGFP1
18764,19:00:17,0.207,1.359,0,0,eGFP1
18765,19:00:19,0.909,1.557,0,0,eGFP1
18766,19:00:20,0.098,0.768,0,0,eGFP1
18767,19:00:20,0.163,0.832,0,0,eGFP1
18768,19:00:21,0.120,0.888,0,0,eGFP1
18769,19:00:22,0.130,0.635,0,0,eGFP1
18770,19:00:23,0.086,1.271,0,0,eGFP1
18771,19:00:26,0.152,2.578,0,0,eGFP1
18772,19:00:27,0.130,1.041,0,0,eGFP1
18773,19:00:28,0.174,1.052,0,0,eGFP1
18774,19:00:29,0.155,0.791,0,0,eGFP1
18775,19:00:29,0.164,0.460,0,0,eGFP1
18776,19:00:30,0.229,0.876,0,0,eGFP1
18777,19:00:31,0.142,0.745,0,0,eGFP1
18778,19:00:32,0.207,0.943,0,0,eGFP1
18779,19:00:33,0.130,1.041,0,0,eGFP1
18780,19:00:33,0.185,0.514,0,0,eGFP1
18781,19:00:34,0.219,0.888,0,0,eGFP1
18782,19:00:36,0.185,1.809,0,0,eGFP1
18783,19:00:37,0.110,0.922,0,0,eGFP1
18784,19:00:38,0.208,0.987,0,0,eGFP1
18785,19:00:39,0.196,0.931,0,0,eGFP1
18786,19:00:40,0.207,0.976,0,0,eGFP1
18787,19:00:40,0.152,0.712,0,0,eGFP1
18788,19:00:41,0.088,0.768,0,0,eGFP1
18789,19:00:42,0.130,0.646,0,0,eGFP1
18790,19:00:42,0.098,0.581,0,0,eGFP1
18791,19:00:43,0.098,0.614,0,0,eGFP1
18792,19:00:44,0.142,0.767,0,0,eGFP1
18793,19:00:45,0.098,0.932,0,0,eGFP1
18794,19:00:45,0.154,0.692,0,0,eGFP1
18795,19:00:46,0.087,0.833,0,0,eGFP1
18796,19:00:47,0.131,0.701,0,0,eGFP1
18797,19:00:48,0.109,1.063,0,0,eGFP1
18798,19:00:49,0.175,1.020,0,0,eGFP1
18799,19:00:50,0.198,1.141,0,0,eGFP1
18800,19:00:51,0.186,1.042,0,0,eGFP1
18801,19:00:52,0.154,0.933,0,0,eGFP1
18802,19:00:53,0.185,0.997,0,0,eGFP1
18803,19:00:54,0.186,0.998,0,0,eGFP1
18804,19:00:55,0.174,0.953,0,0,eGFP1
18805,19:00:57,0.778,2.172,0,0,eGFP1
18806,19:00:58,0.098,0.548,0,0,eGFP1
18807,19:00:59,0.088,0.856,0,0,eGFP1
18808,19:00:59,0.130,0.613,0,0,eGFP1
18809,19:01:00,0.098,0.723,0,0,eGFP1
18810,19:01:01,0.109,0.570,0,0,eGFP1
18811,19:01:01,0.076,0.723,0,0,eGFP1
18812,19:01:02,0.175,0.702,0,0,eGFP1
18813,19:01:03,0.097,0.580,0,0,eGFP1
18814,19:01:04,0.164,0.932,0,0,eGFP1
18815,19:01:04,0.100,0.561,0,0,eGFP1
18816,19:01:05,0.098,0.712,0,0,eGFP1
18817,19:01:05,0.120,0.603,0,0,eGFP1
18818,19:01:06,0.076,0.460,0,0,eGFP1
18819,19:01:07,0.087,0.723,0,0,eGFP1
18820,19:01:07,0.164,0.844,0,0,eGFP1
18821,19:01:08,0.098,0.603,0,0,eGFP1
18822,19:01:09,0.141,0.789,0,0,eGFP1
18823,19:01:10,0.110,0.692,0,0,eGFP1
18824,19:01:10,0.119,0.800,0,0,eGFP1
18825,19:01:11,0.119,0.646,0,0,eGFP1
18826,19:01:12,0.109,0.614,0,0,eGFP1
18827,19:01:12,0.120,0.855,0,0,eGFP1
18828,19:01:13,0.121,0.670,0,0,eGFP1
18829,19:01:14,0.119,0.833,0,0,eGFP1
18830,19:01:15,0.163,0.855,0,0,eGFP1
18831,19:01:16,0.186,0.955,0,0,eGFP1
18832,19:01:16,0.119,0.712,0,0,eGFP1
18833,19:01:17,0.130,0.756,0,0,eGFP1
18834,19:01:18,0.142,0.910,0,0,eGFP1
18835,19:01:19,0.164,1.217,0,0,eGFP1
18836,19:01:20,0.164,0.866,0,0,eGFP1
18837,19:01:21,0.098,0.767,0,0,eGFP1
18838,19:01:22,0.185,1.415,0,0,eGFP1
18839,19:01:23,0.141,0.657,0,0,eGFP1
18840,19:01:24,0.097,0.678,0,0,eGFP1
18841,19:01:24,0.120,0.713,0,0,eGFP1
18842,19:01:25,0.088,0.725,0,0,eGFP1
18843,19:01:26,0.119,0.613,0,0,eGFP1
18844,19:01:26,0.087,0.625,0,0,eGFP1
18845,19:01:27,0.109,0.592,0,0,eGFP1
18846,19:01:28,0.098,0.745,0,0,eGFP1
18847,19:01:28,0.120,0.614,0,0,eGFP1
18848,19:01:29,0.088,0.582,0,0,eGFP1
18849,19:01:32,0.120,2.929,0,0,eGFP1
18850,19:01:33,0.219,0.845,0,0,eGFP1
18851,19:01:34,0.142,0.822,0,0,eGFP1
18852,19:01:34,0.131,0.713,0,0,eGFP1
18853,19:01:35,0.131,0.954,0,0,eGFP1
18854,19:01:36,0.185,0.789,0,0,eGFP1
18855,19:01:37,0.099,0.527,0,0,eGFP1
18856,19:01:37,0.089,0.605,0,0,eGFP1
18857,19:01:38,0.131,0.756,0,0,eGFP1
18858,19:01:39,0.153,1.152,0,0,eGFP1
18859,19:01:40,0.218,0.998,0,0,eGFP1
18860,19:01:41,0.153,0.943,0,0,eGFP1
18861,19:01:42,0.153,0.844,0,0,eGFP1
18862,19:01:43,0.142,0.921,0,0,eGFP1
18863,19:01:44,0.186,1.174,0,0,eGFP1
18864,19:01:46,0.352,1.855,0,0,eGFP1
18865,19:01:48,1.338,2.172,0,0,eGFP1
18866,19:01:49,0.098,0.614,0,0,eGFP1
18867,19:01:49,0.098,0.735,0,0,eGFP1
18868,19:01:50,0.120,0.570,0,0,eGFP1
18869,19:01:50,0.077,0.560,0,0,eGFP1
18870,19:01:52,0.197,1.119,0,0,eGFP1
18871,19:01:52,0.164,0.943,0,0,eGFP1
18872,19:01:53,0.155,0.659,0,0,eGFP1
18873,19:01:54,0.077,0.593,0,0,eGFP1
18874,19:01:55,0.175,0.833,0,0,eGFP1
18875,19:01:55,0.120,0.691,0,0,eGFP1
18876,19:01:56,0.109,0.592,0,0,eGFP1
18877,19:01:57,0.120,0.833,0,0,eGFP1
18878,19:01:57,0.121,0.603,0,0,eGFP1
18879,19:01:58,0.110,0.746,0,0,eGFP1
18880,19:01:59,0.100,0.605,0,0,eGFP1
18881,19:01:59,0.109,0.800,0,0,eGFP1
18882,19:02:00,0.122,0.813,0,0,eGFP1
18883,19:02:01,0.098,0.548,0,0,eGFP1
18884,19:02:01,0.088,0.527,0,0,eGFP1
18885,19:02:02,0.098,0.559,0,0,eGFP1
18886,19:02:03,0.098,0.833,0,0,eGFP1
18887,19:02:03,0.110,0.560,0,0,eGFP1
18888,19:02:04,0.077,0.769,0,0,eGFP1
18889,19:02:05,0.153,0.888,0,0,eGFP1
18890,19:02:06,0.175,1.053,0,0,eGFP1
18891,19:02:07,0.175,1.031,0,0,eGFP1
18892,19:02:08,0.164,0.988,0,0,eGFP1
18893,19:02:09,0.175,0.998,0,0,eGFP1
18894,19:02:10,0.197,1.185,0,0,eGFP1
18895,19:02:11,0.219,1.086,0,0,eGFP1
18896,19:02:12,0.169,1.036,0,0,eGFP1
18897,19:02:14,0.165,1.207,0,0,eGFP1
18898,19:02:14,0.197,0.878,0,0,eGFP1
18899,19:02:15,0.109,0.778,0,0,eGFP1
18900,19:02:16,0.099,0.516,0,0,eGFP1
18901,19:02:16,0.076,0.548,0,0,eGFP1
18902,19:02:17,0.153,0.724,0,0,eGFP1
18903,19:02:17,0.076,0.504,0,0,eGFP1
18904,19:02:18,0.110,0.801,0,0,eGFP1
18905,19:02:19,0.100,0.517,0,0,eGFP1
18906,19:02:20,0.077,0.779,0,0,eGFP1
18907,19:02:20,0.120,0.581,0,0,eGFP1
18908,19:02:21,0.110,0.977,0,0,eGFP1
18909,19:02:22,0.144,0.769,0,0,eGFP1
18910,19:02:23,0.132,0.714,0,0,eGFP1
18911,19:02:23,0.098,0.768,0,0,eGFP1
18912,19:02:24,0.120,0.570,0,0,eGFP1
18913,19:02:25,0.089,0.825,0,0,eGFP1
18914,19:02:25,0.131,0.603,0,0,eGFP1
18915,19:02:26,0.077,0.505,0,0,eGFP1
18916,19:02:27,0.112,0.803,0,0,eGFP1
18917,19:02:27,0.110,0.571,0,0,eGFP1
18918,19:02:28,0.087,0.515,0,0,eGFP1
18919,19:02:29,0.099,0.747,0,0,eGFP1
18920,19:02:29,0.120,0.614,0,0,eGFP1
18921,19:02:30,0.078,0.506,0,0,eGFP1
18922,19:02:30,0.099,0.823,0,0,eGFP1
18923,19:02:31,0.111,0.539,0,0,eGFP1
18924,19:02:32,0.077,0.681,0,0,eGFP1
18925,19:02:34,0.241,1.909,0,0,eGFP1
18926,19:02:34,0.143,0.648,0,0,eGFP1
18927,19:02:35,0.099,0.582,0,0,eGFP1
18928,19:02:36,0.109,0.911,0,0,eGFP1
18929,19:02:36,0.122,0.572,0,0,eGFP1
18930,19:02:37,0.076,0.504,0,0,eGFP1
18931,19:02:38,0.121,0.714,0,0,eGFP1
18932,19:02:38,0.099,0.505,0,0,eGFP1
18933,19:02:39,0.077,0.735,0,0,eGFP1
18934,19:02:40,0.220,0.834,0,0,eGFP1
18935,19:02:40,0.121,0.725,0,0,eGFP1
18936,19:02:41,0.122,0.604,0,0,eGFP1
18937,19:02:41,0.089,0.572,0,0,eGFP1
18938,19:02:42,0.099,0.735,0,0,eGFP1
18939,19:02:43,0.110,0.747,0,0,eGFP1
18940,19:02:44,0.142,0.801,0,0,eGFP1
18941,19:02:44,0.087,0.515,0,0,eGFP1
18942,19:02:45,0.110,0.867,0,0,eGFP1
18943,19:02:46,0.121,0.593,0,0,eGFP1
18944,19:02:46,0.087,0.658,0,0,eGFP1
18945,19:02:47,0.111,0.737,0,0,eGFP1
18946,19:02:48,0.120,0.592,0,0,eGFP1
18947,19:02:48,0.088,0.604,0,0,eGFP1
18948,19:02:49,0.109,0.636,0,0,eGFP1
18949,19:02:50,0.088,0.724,0,0,eGFP1
18950,19:02:50,0.142,0.724,0,0,eGFP1
18951,19:02:51,0.099,0.702,0,0,eGFP1
18952,19:02:52,0.143,0.692,0,0,eGFP1
18953,19:02:53,0.089,0.693,0,0,eGFP1
18954,19:02:53,0.132,0.768,0,0,eGFP1
18955,19:02:54,0.089,0.517,0,0,eGFP1
18956,19:02:55,0.088,1.086,0,0,eGFP1
18957,19:02:56,0.166,0.736,0,0,eGFP1
18958,19:02:56,0.099,0.593,0,0,eGFP1
18959,19:02:57,0.088,0.747,0,0,eGFP1
18960,19:02:58,0.110,0.582,0,0,eGFP1
18961,19:02:58,0.078,0.660,0,0,eGFP1
18962,19:02:59,0.121,0.691,0,0,eGFP1
18963,19:03:00,0.111,0.682,0,0,eGFP1
18964,19:03:00,0.132,0.790,0,0,eGFP1
18965,19:03:01,0.099,0.527,0,0,eGFP1
18966,19:03:02,0.077,0.691,0,0,eGFP1
18967,19:03:02,0.187,0.857,0,0,eGFP1
18968,19:03:03,0.131,1.009,0,0,eGFP1
18969,19:03:04,0.132,0.626,0,0,eGFP1
18970,19:03:05,0.100,0.934,0,0,eGFP1
18971,19:03:06,0.154,0.758,0,0,eGFP1
18972,19:03:06,0.110,0.626,0,0,eGFP1
18973,19:03:07,0.099,0.626,0,0,eGFP1
18974,19:03:08,0.121,0.725,0,0,eGFP1
18975,19:03:08,0.110,0.735,0,0,eGFP1
18976,19:03:09,0.123,0.694,0,0,eGFP1
18977,19:03:10,0.110,0.604,0,0,eGFP1
18978,19:03:11,0.100,0.737,0,0,eGFP1
18979,19:03:11,0.121,0.604,0,0,eGFP1
18980,19:03:12,0.077,0.494,0,0,eGFP1
18981,19:03:12,0.089,0.857,0,0,eGFP1
18982,19:03:13,0.143,0.681,0,0,eGFP1
18983,19:03:14,0.099,0.560,0,0,eGFP1
18984,19:03:15,0.110,0.988,0,0,eGFP1
18985,19:03:16,0.176,0.846,0,0,eGFP1
18986,19:03:16,0.122,0.715,0,0,eGFP1
18987,19:03:17,0.088,0.604,0,0,eGFP1
18988,19:03:17,0.089,0.626,0,0,eGFP1
18989,19:03:18,0.122,0.638,0,0,eGFP1
18990,19:03:19,0.100,0.616,0,0,eGFP1
18991,19:03:20,0.122,0.780,0,0,eGFP1
18992,19:03:20,0.121,0.692,0,0,eGFP1
18993,19:03:21,0.100,0.593,0,0,eGFP1
18994,19:03:22,0.145,0.858,0,0,eGFP1
18995,19:03:22,0.100,0.528,0,0,eGFP1
18996,19:03:23,0.088,0.999,0,0,eGFP1
18997,19:03:25,0.363,1.680,0,0,eGFP1
18998,19:03:26,0.144,0.692,0,0,eGFP1
18999,19:03:26,0.089,0.539,0,0,eGFP1
19000,19:03:27,0.099,1.032,0,0,eGFP1
19001,19:03:28,0.187,0.747,0,0,eGFP1
19002,19:03:28,0.090,0.551,0,0,eGFP1
19003,19:03:29,0.112,0.694,0,0,eGFP1
19004,19:03:30,0.088,0.571,0,0,eGFP1
19005,19:03:30,0.100,0.780,0,0,eGFP1
19006,19:03:31,0.143,0.791,0,0,eGFP1
19007,19:03:32,0.100,0.736,0,0,eGFP1
19008,19:03:33,0.122,0.604,0,0,eGFP1
19009,19:03:33,0.089,0.528,0,0,eGFP1
19010,19:03:34,0.112,0.913,0,0,eGFP1
19011,19:03:35,0.133,0.681,0,0,eGFP1
19012,19:03:35,0.100,0.759,0,0,eGFP1
19013,19:03:36,0.110,0.571,0,0,eGFP1
19014,19:03:37,0.111,0.791,0,0,eGFP1
19015,19:03:38,0.111,0.714,0,0,eGFP1
19016,19:03:38,0.100,0.770,0,0,eGFP1
19017,19:03:39,0.123,0.594,0,0,eGFP1
19018,19:03:40,0.090,0.859,0,0,eGFP1
19019,19:03:41,0.165,0.813,0,0,eGFP1
19020,19:03:41,0.132,0.736,0,0,eGFP1
19021,19:03:42,0.133,0.780,0,0,eGFP1
19022,19:03:43,0.166,1.022,0,0,eGFP1
19023,19:03:44,0.154,0.846,0,0,eGFP1
19024,19:03:45,0.132,0.736,0,0,eGFP1
19025,19:03:45,0.111,0.703,0,0,eGFP1
19026,19:03:46,0.101,0.628,0,0,eGFP1
19027,19:03:47,0.089,0.593,0,0,eGFP1
19028,19:03:48,0.111,0.879,0,0,eGFP1
19029,19:03:48,0.143,0.659,0,0,eGFP1
19030,19:03:49,0.079,0.616,0,0,eGFP1
19031,19:03:50,0.188,1.296,0,0,eGFP1
19032,19:03:53,0.396,3.052,0,0,eGFP1
19033,19:03:54,0.187,0.955,0,0,eGFP1
19034,19:03:55,0.154,1.383,0,0,eGFP1
19035,19:03:56,0.222,0.979,0,0,eGFP1
19036,19:03:57,0.133,0.803,0,0,eGFP1
19037,19:04:05,0.144,7.661,0,0,eGFP1
19038,19:04:06,0.386,1.352,0,0,eGFP1
19039,19:04:08,0.122,1.296,0,0,eGFP1
19040,19:04:10,0.133,2.064,0,0,eGFP1
19041,19:04:11,0.100,0.890,0,0,eGFP1
19042,19:04:12,0.353,1.165,0,0,eGFP1
19043,19:04:13,0.584,1.308,0,0,eGFP1
19044,19:04:14,0.320,1.122,0,0,eGFP1
19045,19:04:16,0.143,1.416,0,0,eGFP1
19046,19:04:17,0.692,1.307,0,0,eGFP1
19047,19:04:18,0.110,0.868,0,0,eGFP1
19048,19:04:19,0.154,0.900,0,0,eGFP1
19049,19:04:20,0.122,1.384,0,0,eGFP1
19050,19:04:21,0.132,1.197,0,0,eGFP1
19051,19:04:23,0.134,1.517,0,0,eGFP1
19052,19:04:25,0.549,2.327,0,0,eGFP1
19053,19:04:26,0.110,0.615,0,0,eGFP1
19054,19:04:27,0.100,0.956,0,0,eGFP1
19055,19:04:28,0.154,0.988,0,0,eGFP1
19056,19:04:30,0.166,2.196,0,0,eGFP1
19057,19:04:32,0.551,2.109,0,0,eGFP1
19058,19:04:33,0.123,0.649,0,0,eGFP1
19059,19:04:34,0.157,1.474,0,0,eGFP1
19060,19:04:35,0.122,0.791,0,0,eGFP1
19061,19:04:36,0.188,0.923,0,0,eGFP1
19062,19:04:36,0.100,0.572,0,0,eGFP1
19063,19:04:39,0.111,2.361,0,0,eGFP1
19064,19:04:41,1.198,2.493,0,0,eGFP1
19065,19:04:42,0.122,0.780,0,0,eGFP1
19066,19:04:43,0.144,0.781,0,0,eGFP1
19067,19:04:43,0.091,0.540,0,0,eGFP1
19068,19:04:44,0.090,0.814,0,0,eGFP1
19069,19:04:45,0.122,0.649,0,0,eGFP1
19070,19:04:45,0.133,0.726,0,0,eGFP1
19071,19:04:46,0.090,0.529,0,0,eGFP1
19072,19:04:47,0.112,0.891,0,0,eGFP1
19073,19:04:48,0.133,0.627,0,0,eGFP1
19074,19:04:48,0.089,0.759,0,0,eGFP1
19075,19:04:49,0.156,0.771,0,0,eGFP1
19076,19:04:50,0.122,0.857,0,0,eGFP1
19077,19:04:51,0.188,0.956,0,0,eGFP1
19078,19:04:52,0.189,0.979,0,0,eGFP1
19079,19:04:53,0.144,0.847,0,0,eGFP1
19080,19:04:53,0.111,0.715,0,0,eGFP1
19081,19:04:54,0.111,0.726,0,0,eGFP1
19082,19:04:55,0.089,0.561,0,0,eGFP1
19083,19:04:55,0.080,0.563,0,0,eGFP1
19084,19:04:56,0.112,0.617,0,0,eGFP1
19085,19:04:56,0.089,0.638,0,0,eGFP1
19086,19:04:57,0.101,0.551,0,0,eGFP1
19087,19:04:58,0.089,0.725,0,0,eGFP1
19088,19:04:58,0.145,0.715,0,0,eGFP1
19089,19:04:59,0.090,0.496,0,0,eGFP1
19090,19:05:00,0.078,0.605,0,0,eGFP1
19091,19:05:00,0.168,0.782,0,0,eGFP1
19092,19:05:01,0.133,0.792,0,0,eGFP1
19093,19:05:02,0.111,0.703,0,0,eGFP1
19094,19:05:03,0.166,0.901,0,0,eGFP1
19095,19:05:04,0.133,0.770,0,0,eGFP1
19096,19:05:04,0.155,0.879,0,0,eGFP1
19097,19:05:05,0.111,0.758,0,0,eGFP1
19098,19:05:06,0.135,0.771,0,0,eGFP1
19099,19:05:07,0.122,0.769,0,0,eGFP1
19100,19:05:08,0.157,0.958,0,0,eGFP1
19101,19:05:09,0.200,1.023,0,0,eGFP1
19102,19:05:10,0.166,0.923,0,0,eGFP1
19103,19:05:10,0.134,0.716,0,0,eGFP1
19104,19:05:11,0.122,0.912,0,0,eGFP1
19105,19:05:12,0.178,0.968,0,0,eGFP1
19106,19:05:13,0.144,1.066,0,0,eGFP1
19107,19:05:15,0.210,1.900,0,0,eGFP1
19108,19:05:16,0.256,1.123,0,0,eGFP1
19109,19:05:17,0.243,0.858,0,0,eGFP1
19110,19:05:18,0.090,0.474,0,0,eGFP1
19111,19:05:18,0.080,0.694,0,0,eGFP1
19112,19:05:19,0.123,0.573,0,0,eGFP1
19113,19:05:19,0.067,0.594,0,0,eGFP1
19114,19:05:20,0.167,0.748,0,0,eGFP1
19115,19:05:21,0.112,0.869,0,0,eGFP1
19116,19:05:22,0.146,0.706,0,0,eGFP1
19117,19:05:22,0.090,0.540,0,0,eGFP1
19118,19:05:23,0.100,0.792,0,0,eGFP1
19119,19:05:24,0.122,0.693,0,0,eGFP1
19120,19:05:24,0.101,0.639,0,0,eGFP1
19121,19:05:25,0.122,0.836,0,0,eGFP1
19122,19:05:26,0.122,0.737,0,0,eGFP1
19123,19:05:27,0.101,0.551,0,0,eGFP1
19124,19:05:27,0.091,0.804,0,0,eGFP1
19125,19:05:28,0.146,0.717,0,0,eGFP1
19126,19:05:29,0.122,0.814,0,0,eGFP1
19127,19:05:30,0.144,0.825,0,0,eGFP1
19128,19:05:31,0.123,0.869,0,0,eGFP1
19129,19:05:31,0.134,0.660,0,0,eGFP1
19130,19:05:32,0.090,0.617,0,0,eGFP1
19131,19:05:33,0.134,0.836,0,0,eGFP1
19132,19:05:33,0.091,0.530,0,0,eGFP1
19133,19:05:34,0.090,0.792,0,0,eGFP1
19134,19:05:35,0.145,0.771,0,0,eGFP1
19135,19:05:36,0.122,0.671,0,0,eGFP1
19136,19:05:36,0.112,0.759,0,0,eGFP1
19137,19:05:37,0.101,0.551,0,0,eGFP1
19138,19:05:38,0.113,0.871,0,0,eGFP1
19139,19:05:39,0.144,0.825,0,0,eGFP1
19140,19:05:39,0.113,0.684,0,0,eGFP1
19141,19:05:40,0.123,0.946,0,0,eGFP1
19142,19:05:41,0.166,0.869,0,0,eGFP1
19143,19:05:42,0.134,0.726,0,0,eGFP1
19144,19:05:42,0.112,0.628,0,0,eGFP1
19145,19:05:43,0.090,0.584,0,0,eGFP1
19146,19:05:44,0.101,0.814,0,0,eGFP1
19147,19:05:44,0.123,0.617,0,0,eGFP1
19148,19:05:45,0.091,0.815,0,0,eGFP1
19149,19:05:46,0.156,0.815,0,0,eGFP1
19150,19:05:47,0.123,0.957,0,0,eGFP1
19151,19:05:48,0.243,1.330,0,0,eGFP1
19152,19:05:49,0.211,1.078,0,0,eGFP1
19153,19:05:50,0.199,0.989,0,0,eGFP1
19154,19:05:51,0.167,0.781,0,0,eGFP1
19155,19:05:52,0.101,0.913,0,0,eGFP1
19156,19:05:53,0.157,0.782,0,0,eGFP1
19157,19:05:54,0.133,0.681,0,0,eGFP1
19158,19:05:54,0.089,0.561,0,0,eGFP1
19159,19:05:55,0.100,0.780,0,0,eGFP1
19160,19:05:58,0.146,3.625,0,0,eGFP1
19161,19:06:03,0.243,4.950,0,0,eGFP1
19162,19:06:04,0.287,0.879,0,0,eGFP1
19163,19:06:05,0.089,0.616,0,0,eGFP1
19164,19:06:06,0.133,0.802,0,0,eGFP1
19165,19:06:06,0.104,0.685,0,0,eGFP1
19166,19:06:07,0.123,0.628,0,0,eGFP1
19167,19:06:08,0.090,0.529,0,0,eGFP1
19168,19:06:08,0.101,0.760,0,0,eGFP1
19169,19:06:09,0.123,0.595,0,0,eGFP1
19170,19:06:09,0.090,0.529,0,0,eGFP1
19171,19:06:10,0.101,0.880,0,0,eGFP1
19172,19:06:11,0.178,0.958,0,0,eGFP1
19173,19:06:12,0.146,0.848,0,0,eGFP1
19174,19:06:13,0.157,0.903,0,0,eGFP1
19175,19:06:14,0.156,0.968,0,0,eGFP1
19176,19:06:15,0.178,1.462,0,0,eGFP1
19177,19:06:20,3.942,4.831,0,0,eGFP1
19178,19:06:21,0.156,0.946,0,0,eGFP1
19179,19:06:22,0.125,0.662,0,0,eGFP1
19180,19:06:23,0.113,0.947,0,0,eGFP1
19181,19:06:24,0.234,1.079,0,0,eGFP1
19182,19:06:25,0.134,0.826,0,0,eGFP1
19183,19:06:26,0.123,0.814,0,0,eGFP1
19184,19:06:26,0.124,0.727,0,0,eGFP1
19185,19:06:27,0.189,1.034,0,0,eGFP1
19186,19:06:28,0.167,0.990,0,0,eGFP1
19187,19:06:30,0.222,2.011,0,0,eGFP1
19188,19:06:32,0.113,1.166,0,0,eGFP1
19189,19:06:32,0.125,0.597,0,0,eGFP1
19190,19:06:33,0.090,0.781,0,0,eGFP1
19191,19:06:33,0.124,0.585,0,0,eGFP1
19192,19:06:34,0.080,0.695,0,0,eGFP1
19193,19:06:35,0.134,0.661,0,0,eGFP1
19194,19:06:36,0.079,0.705,0,0,eGFP1
19195,19:06:36,0.101,0.529,0,0,eGFP1
19196,19:06:37,0.080,0.606,0,0,eGFP1
19197,19:06:37,0.125,0.652,0,0,eGFP1
19198,19:06:38,0.101,0.815,0,0,eGFP1
19199,19:06:39,0.123,0.584,0,0,eGFP1
19200,19:06:39,0.079,0.518,0,0,eGFP1
19201,19:06:40,0.102,0.816,0,0,eGFP1
19202,19:06:41,0.101,0.606,0,0,eGFP1
19203,19:06:41,0.090,0.529,0,0,eGFP1
19204,19:06:42,0.091,0.793,0,0,eGFP1
19205,19:06:43,0.147,0.794,0,0,eGFP1
19206,19:06:44,0.112,0.759,0,0,eGFP1
19207,19:06:44,0.113,0.552,0,0,eGFP1
19208,19:06:45,0.101,0.913,0,0,eGFP1
19209,19:06:46,0.157,0.694,0,0,eGFP1
19210,19:06:46,0.102,0.782,0,0,eGFP1
19211,19:06:47,0.190,0.804,0,0,eGFP1
19212,19:06:48,0.091,0.760,0,0,eGFP1
19213,19:06:49,0.136,0.630,0,0,eGFP1
19214,19:06:49,0.090,0.793,0,0,eGFP1
19215,19:06:50,0.156,0.705,0,0,eGFP1
19216,19:06:51,0.088,0.560,0,0,eGFP1
19217,19:06:52,0.152,0.931,0,0,eGFP1
19218,19:06:52,0.119,0.569,0,0,eGFP1
19219,19:06:53,0.077,0.560,0,0,eGFP1
19220,19:06:53,0.118,0.711,0,0,eGFP1
19221,19:06:54,0.109,0.592,0,0,eGFP1
19222,19:06:55,0.086,0.525,0,0,eGFP1
19223,19:06:55,0.086,0.679,0,0,eGFP1
19224,19:06:56,0.119,0.701,0,0,eGFP1
19225,19:06:57,0.097,0.667,0,0,eGFP1
19226,19:06:57,0.109,0.745,0,0,eGFP1
19227,19:06:59,0.306,1.776,0,0,eGFP1
19228,19:07:00,0.130,0.745,0,0,eGFP1
19229,19:07:01,0.119,0.865,0,0,eGFP1
19230,19:07:02,0.142,0.856,0,0,eGFP1
19231,19:07:03,0.141,0.854,0,0,eGFP1
19232,19:07:03,0.142,0.944,0,0,eGFP1
19233,19:07:07,0.206,3.290,0,0,eGFP1
19234,19:07:08,0.196,1.261,0,0,eGFP1
19235,19:07:09,0.492,1.271,0,0,eGFP1
19236,19:07:11,0.185,2.040,0,0,eGFP1
19237,19:07:12,0.130,0.678,0,0,eGFP1
19238,19:07:13,0.121,0.746,0,0,eGFP1
19239,19:07:13,0.109,0.712,0,0,eGFP1
19240,19:07:14,0.141,0.745,0,0,eGFP1
19241,19:07:15,0.108,0.777,0,0,eGFP1
19242,19:07:16,0.120,0.669,0,0,eGFP1
19243,19:07:16,0.097,0.788,0,0,eGFP1
19244,19:07:17,0.142,0.778,0,0,eGFP1
19245,19:07:18,0.119,0.756,0,0,eGFP1
19246,19:07:19,0.122,0.780,0,0,eGFP1
19247,19:07:20,0.119,0.789,0,0,eGFP1
19248,19:07:20,0.152,0.810,0,0,eGFP1
19249,19:07:21,0.120,0.767,0,0,eGFP1
19250,19:07:22,0.152,0.855,0,0,eGFP1
19251,19:07:23,0.141,0.854,0,0,eGFP1
19252,19:07:24,0.141,0.789,0,0,eGFP1
19253,19:07:24,0.119,0.646,0,0,eGFP1
19254,19:07:25,0.077,0.450,0,0,eGFP1
19255,19:07:25,0.064,0.503,0,0,eGFP1
19256,19:07:26,0.108,0.822,0,0,eGFP1
19257,19:07:27,0.108,0.558,0,0,eGFP1
19258,19:07:27,0.086,0.602,0,0,eGFP1
19259,19:07:28,0.113,0.639,0,0,eGFP1
19260,19:07:28,0.076,0.460,0,0,eGFP1
19261,19:07:29,0.086,0.624,0,0,eGFP1
19262,19:07:30,0.120,0.658,0,0,eGFP1
19263,19:07:30,0.109,0.548,0,0,eGFP1
19264,19:07:31,0.075,0.558,0,0,eGFP1
19265,19:07:32,0.141,0.887,0,0,eGFP1
19266,19:07:32,0.120,0.591,0,0,eGFP1
19267,19:07:33,0.098,0.712,0,0,eGFP1
19268,19:07:34,0.164,0.822,0,0,eGFP1
19269,19:07:34,0.097,0.536,0,0,eGFP1
19270,19:07:35,0.088,0.736,0,0,eGFP1
19271,19:07:36,0.130,0.744,0,0,eGFP1
19272,19:07:36,0.098,0.526,0,0,eGFP1
19273,19:07:37,0.088,0.527,0,0,eGFP1
19274,19:07:37,0.108,0.712,0,0,eGFP1
19275,19:07:38,0.152,0.821,0,0,eGFP1
19276,19:07:39,0.098,0.559,0,0,eGFP1
19277,19:07:40,0.097,0.789,0,0,eGFP1
19278,19:07:40,0.110,0.571,0,0,eGFP1
19279,19:07:41,0.086,0.613,0,0,eGFP1
19280,19:07:42,0.163,0.756,0,0,eGFP1
19281,19:07:42,0.086,0.536,0,0,eGFP1
19282,19:07:43,0.120,0.910,0,0,eGFP1
19283,19:07:44,0.120,0.690,0,0,eGFP1
19284,19:07:44,0.109,0.581,0,0,eGFP1
19285,19:07:45,0.097,0.888,0,0,eGFP1
19286,19:07:46,0.166,0.835,0,0,eGFP1
19287,19:07:47,0.120,0.723,0,0,eGFP1
19288,19:07:47,0.131,0.734,0,0,eGFP1
19289,19:07:49,0.131,1.151,0,0,eGFP1
19290,19:07:53,0.240,3.928,0,0,eGFP1
19291,19:07:53,0.130,0.723,0,0,eGFP1
19292,19:07:54,0.130,0.975,0,0,eGFP1
19293,19:07:55,0.153,0.669,0,0,eGFP1
19294,19:07:56,0.097,0.679,0,0,eGFP1
19295,19:07:56,0.121,0.713,0,0,eGFP1
19296,19:07:57,0.131,0.811,0,0,eGFP1
19297,19:07:58,0.120,0.592,0,0,eGFP1
19298,19:07:58,0.087,0.504,0,0,eGFP1
19299,19:07:59,0.086,0.811,0,0,eGFP1
19300,19:08:00,0.165,0.746,0,0,eGFP1
19301,19:08:00,0.087,0.526,0,0,eGFP1
19302,19:08:01,0.087,0.756,0,0,eGFP1
19303,19:08:02,0.143,0.725,0,0,eGFP1
19304,19:08:02,0.087,0.493,0,0,eGFP1
19305,19:08:03,0.075,0.635,0,0,eGFP1
19306,19:08:04,0.131,0.734,0,0,eGFP1
19307,19:08:04,0.087,0.504,0,0,eGFP1
19308,19:08:05,0.076,0.559,0,0,eGFP1
19309,19:08:06,0.120,0.833,0,0,eGFP1
19310,19:08:06,0.131,0.767,0,0,eGFP1
19311,19:08:07,0.110,0.571,0,0,eGFP1
19312,19:08:07,0.076,0.504,0,0,eGFP1
19313,19:08:08,0.077,0.626,0,0,eGFP1
19314,19:08:09,0.131,0.778,0,0,eGFP1
19315,19:08:09,0.098,0.559,0,0,eGFP1
19316,19:08:10,0.120,0.833,0,0,eGFP1
19317,19:08:11,0.153,0.888,0,0,eGFP1
19318,19:08:12,0.153,0.778,0,0,eGFP1
19319,19:08:13,0.100,0.681,0,0,eGFP1
19320,19:08:13,0.186,0.844,0,0,eGFP1
19321,19:08:14,0.109,0.768,0,0,eGFP1
19322,19:08:15,0.109,0.690,0,0,eGFP1
19323,19:08:16,0.144,0.792,0,0,eGFP1
19324,19:08:16,0.109,0.679,0,0,eGFP1
19325,19:08:17,0.131,0.779,0,0,eGFP1
19326,19:08:18,0.108,0.558,0,0,eGFP1
19327,19:08:18,0.079,0.507,0,0,eGFP1
19328,19:08:19,0.098,0.745,0,0,eGFP1
19329,19:08:20,0.186,0.976,0,0,eGFP1
19330,19:08:21,0.120,0.779,0,0,eGFP1
19331,19:08:21,0.098,0.701,0,0,eGFP1
19332,19:08:22,0.098,0.592,0,0,eGFP1
19333,19:08:23,0.098,0.724,0,0,eGFP1
19334,19:08:24,0.174,0.910,0,0,eGFP1
19335,19:08:25,0.165,0.955,0,0,eGFP1
19336,19:08:25,0.164,0.954,0,0,eGFP1
19337,19:08:26,0.131,0.735,0,0,eGFP1
19338,19:08:27,0.109,0.833,0,0,eGFP1
19339,19:08:28,0.164,0.899,0,0,eGFP1
19340,19:08:29,0.132,0.747,0,0,eGFP1
19341,19:08:29,0.109,0.570,0,0,eGFP1
19342,19:08:30,0.098,0.767,0,0,eGFP1
19343,19:08:31,0.133,0.879,0,0,eGFP1
19344,19:08:31,0.120,0.559,0,0,eGFP1
19345,19:08:32,0.087,0.877,0,0,eGFP1
19346,19:08:33,0.153,0.713,0,0,eGFP1
19347,19:08:34,0.098,0.800,0,0,eGFP1
19348,19:08:34,0.110,0.570,0,0,eGFP1
19349,19:08:35,0.088,0.603,0,0,eGFP1
19350,19:08:36,0.110,0.713,0,0,eGFP1
19351,19:08:36,0.120,0.746,0,0,eGFP1
19352,19:08:37,0.151,0.788,0,0,eGFP1
19353,19:08:40,0.153,2.743,0,0,eGFP1
19354,19:08:41,0.110,0.735,0,0,eGFP1
19355,19:08:41,0.109,0.603,0,0,eGFP1
19356,19:08:42,0.087,0.515,0,0,eGFP1
19357,19:08:43,0.076,0.636,0,0,eGFP1
19358,19:15:27,0.416,404.458,0,0,eGFP1
19359,19:15:28,0.142,1.119,0,0,eGFP1
19360,19:15:29,0.121,0.835,0,0,eGFP1
19361,19:15:30,0.186,1.053,0,0,eGFP1
19362,19:15:31,0.142,0.976,0,0,eGFP1
19363,19:15:33,0.230,1.580,0,0,eGFP1
19364,19:15:34,0.133,1.077,0,0,eGFP1
19365,19:15:34,0.120,0.800,0,0,eGFP1
19366,19:15:35,0.175,0.889,0,0,eGFP1
19367,19:15:36,0.099,0.944,0,0,eGFP1
19368,19:15:37,0.154,0.977,0,0,eGFP1
19369,19:15:38,0.121,0.702,0,0,eGFP1
19370,19:16:43,0.197,64.944,0,0,eGFP1
19371,19:16:45,0.274,2.600,0,0,eGFP1
19372,19:16:47,0.175,1.602,0,0,eGFP1
19373,19:16:49,0.328,1.700,0,0,eGFP1
19374,19:16:50,0.153,1.415,0,0,eGFP1
19375,19:16:51,0.142,1.075,0,0,eGFP1
19376,19:16:53,0.308,1.932,0,0,eGFP1
19377,19:16:54,0.153,0.811,0,0,eGFP1
19378,19:16:55,0.153,1.075,0,0,eGFP1
19379,19:16:56,0.131,0.746,0,0,eGFP1
19380,19:16:57,0.175,0.998,0,0,eGFP1
19381,19:16:58,0.111,0.769,0,0,eGFP1
19382,19:16:59,0.186,0.965,0,0,eGFP1
19383,19:16:59,0.143,0.735,0,0,eGFP1
19384,19:17:00,0.133,0.814,0,0,eGFP1
19385,19:17:01,0.142,0.745,0,0,eGFP1
19386,19:17:02,0.154,1.142,0,0,eGFP1
19387,19:17:03,0.131,0.767,0,0,eGFP1
19388,19:17:04,0.165,0.977,0,0,eGFP1
19389,19:17:05,0.142,0.867,0,0,eGFP1
19390,19:17:05,0.131,0.768,0,0,eGFP1
19391,19:17:06,0.142,1.020,0,0,eGFP1
19392,19:17:09,0.155,2.942,0,0,eGFP1
19393,19:17:10,0.121,0.669,0,0,eGFP1
19394,19:17:11,0.133,0.956,0,0,eGFP1
19395,19:17:12,0.143,0.735,0,0,eGFP1
19396,19:17:12,0.099,0.582,0,0,eGFP1
19397,19:17:13,0.098,0.614,0,0,eGFP1
19398,19:17:14,0.088,0.757,0,0,eGFP1
19399,19:17:14,0.110,0.702,0,0,eGFP1
19400,19:17:15,0.133,0.814,0,0,eGFP1
19401,19:17:16,0.120,0.899,0,0,eGFP1
19402,19:17:17,0.187,0.867,0,0,eGFP1
19403,19:17:18,0.099,0.669,0,0,eGFP1
19404,19:17:18,0.132,0.823,0,0,eGFP1
19405,19:17:19,0.121,0.593,0,0,eGFP1
19406,19:17:20,0.087,0.548,0,0,eGFP1
19407,19:17:20,0.110,0.758,0,0,eGFP1
19408,19:17:21,0.112,0.726,0,0,eGFP1
19409,19:17:22,0.110,0.626,0,0,eGFP1
19410,19:17:22,0.099,0.790,0,0,eGFP1
19411,19:17:23,0.121,0.636,0,0,eGFP1
19412,19:17:24,0.088,0.538,0,0,eGFP1
19413,19:17:24,0.121,0.812,0,0,eGFP1
19414,19:17:25,0.110,0.593,0,0,eGFP1
19415,19:17:26,0.076,0.504,0,0,eGFP1
19416,19:17:26,0.099,0.933,0,0,eGFP1
19417,19:17:27,0.103,0.542,0,0,eGFP1
19418,19:17:28,0.077,0.571,0,0,eGFP1
19419,19:17:28,0.131,0.800,0,0,eGFP1
19420,19:17:29,0.099,0.692,0,0,eGFP1
19421,19:17:30,0.121,0.692,0,0,eGFP1
19422,19:17:30,0.099,0.713,0,0,eGFP1
19423,19:17:31,0.186,0.933,0,0,eGFP1
19424,19:17:32,0.120,0.647,0,0,eGFP1
19425,19:17:33,0.089,0.594,0,0,eGFP1
19426,19:17:33,0.088,0.582,0,0,eGFP1
19427,19:17:34,0.099,0.691,0,0,eGFP1
19428,19:17:35,0.143,0.834,0,0,eGFP1
19429,19:17:35,0.110,0.593,0,0,eGFP1
19430,19:17:36,0.099,0.735,0,0,eGFP1
19431,19:17:37,0.121,0.714,0,0,eGFP1
19432,19:17:38,0.121,0.977,0,0,eGFP1
19433,19:17:39,0.199,1.055,0,0,eGFP1
19434,19:17:40,0.155,0.769,0,0,eGFP1
19435,19:17:40,0.110,0.714,0,0,eGFP1
19436,19:17:41,0.197,1.064,0,0,eGFP1
19437,19:17:42,0.121,0.615,0,0,eGFP1
19438,19:17:43,0.099,0.659,0,0,eGFP1
19439,19:17:43,0.165,0.845,0,0,eGFP1
19440,19:17:44,0.110,0.735,0,0,eGFP1
19441,19:17:45,0.145,0.913,0,0,eGFP1
19442,19:17:46,0.143,0.713,0,0,eGFP1
19443,19:17:47,0.110,0.911,0,0,eGFP1
19444,19:17:48,0.187,0.846,0,0,eGFP1
19445,19:17:48,0.123,0.748,0,0,eGFP1
19446,19:17:49,0.143,0.846,0,0,eGFP1
19447,19:17:50,0.110,0.856,0,0,eGFP1
19448,19:17:51,0.155,0.781,0,0,eGFP1
19449,19:17:51,0.177,0.495,0,0,eGFP1
19450,19:17:54,1.943,2.590,0,0,eGFP1
19451,19:17:55,0.099,0.670,0,0,eGFP1
19452,19:17:55,0.132,0.801,0,0,eGFP1
19453,19:17:56,0.110,0.527,0,0,eGFP1
19454,19:17:56,0.078,0.528,0,0,eGFP1
19455,19:17:57,0.132,0.768,0,0,eGFP1
19456,19:17:58,0.099,0.549,0,0,eGFP1
19457,19:17:58,0.090,0.561,0,0,eGFP1
19458,19:17:59,0.143,0.824,0,0,eGFP1
19459,19:18:00,0.099,0.527,0,0,eGFP1
19460,19:18:00,0.077,0.692,0,0,eGFP1
19461,19:18:01,0.166,0.890,0,0,eGFP1
19462,19:18:02,0.110,0.670,0,0,eGFP1
19463,19:18:03,0.099,0.626,0,0,eGFP1
19464,19:18:03,0.088,0.659,0,0,eGFP1
19465,19:18:04,0.111,0.967,0,0,eGFP1
19466,19:18:08,0.242,3.545,0,0,eGFP1
19467,19:18:08,0.133,0.648,0,0,eGFP1
19468,19:18:10,0.111,1.581,0,0,eGFP1
19469,19:18:11,0.143,0.868,0,0,eGFP1
19470,19:18:12,0.132,0.878,0,0,eGFP1
19471,19:18:12,0.110,0.626,0,0,eGFP1
19472,19:18:13,0.132,1.142,0,0,eGFP1
19473,19:18:14,0.100,0.550,0,0,eGFP1
19474,19:18:15,0.089,0.725,0,0,eGFP1
19475,19:18:15,0.133,0.748,0,0,eGFP1
19476,19:18:16,0.088,0.505,0,0,eGFP1
19477,19:18:17,0.077,0.560,0,0,eGFP1
19478,19:18:17,0.120,0.845,0,0,eGFP1
19479,19:18:18,0.132,0.746,0,0,eGFP1
19480,19:18:19,0.121,0.714,0,0,eGFP1
19481,19:18:19,0.099,0.516,0,0,eGFP1
19482,19:18:21,0.078,1.132,0,0,eGFP1
19483,19:18:22,0.252,0.998,0,0,eGFP1
19484,19:18:22,0.143,0.735,0,0,eGFP1
19485,19:18:23,0.099,0.593,0,0,eGFP1
19486,19:18:23,0.100,0.648,0,0,eGFP1
19487,19:18:24,0.110,0.746,0,0,eGFP1
19488,19:18:25,0.112,0.825,0,0,eGFP1
19489,19:18:26,0.121,0.604,0,0,eGFP1
19490,19:18:26,0.090,0.583,0,0,eGFP1
19491,19:18:27,0.122,0.846,0,0,eGFP1
19492,19:18:28,0.111,0.681,0,0,eGFP1
19493,19:18:28,0.100,0.682,0,0,eGFP1
19494,19:18:29,0.121,0.670,0,0,eGFP1
19495,19:18:30,0.099,0.659,0,0,eGFP1
19496,19:18:31,0.121,0.857,0,0,eGFP1
19497,19:18:31,0.121,0.593,0,0,eGFP1
19498,19:18:32,0.090,0.617,0,0,eGFP1
19499,19:18:33,0.143,0.879,0,0,eGFP1
19500,19:18:33,0.121,0.703,0,0,eGFP1
19501,19:18:34,0.110,0.692,0,0,eGFP1
19502,19:18:35,0.134,0.957,0,0,eGFP1
19503,19:18:36,0.166,0.934,0,0,eGFP1
19504,19:18:37,0.165,0.966,0,0,eGFP1
19505,19:18:38,0.133,0.714,0,0,eGFP1
19506,19:18:38,0.102,0.716,0,0,eGFP1
19507,19:18:39,0.100,0.681,0,0,eGFP1
19508,19:18:40,0.100,0.704,0,0,eGFP1
19509,19:18:41,0.121,0.824,0,0,eGFP1
19510,19:18:42,0.143,0.900,0,0,eGFP1
19511,19:18:42,0.144,0.769,0,0,eGFP1
19512,19:18:43,0.122,0.682,0,0,eGFP1
19513,19:18:44,0.089,0.604,0,0,eGFP1
19514,19:18:44,0.123,0.892,0,0,eGFP1
19515,19:18:45,0.156,0.704,0,0,eGFP1
19516,19:18:46,0.100,0.704,0,0,eGFP1
19517,19:18:47,0.110,0.659,0,0,eGFP1
19518,19:18:47,0.111,0.637,0,0,eGFP1
19519,19:18:48,0.100,0.660,0,0,eGFP1
19520,19:18:49,0.122,0.835,0,0,eGFP1
19521,19:18:49,0.111,0.627,0,0,eGFP1
19522,19:18:50,0.123,0.869,0,0,eGFP1
19523,19:18:51,0.122,0.703,0,0,eGFP1
19524,19:18:52,0.111,0.660,0,0,eGFP1
19525,19:18:52,0.111,0.791,0,0,eGFP1
19526,19:18:53,0.133,0.682,0,0,eGFP1
19527,19:18:55,0.121,2.437,0,0,eGFP1
19528,19:18:56,0.111,0.572,0,0,eGFP1
19529,19:18:57,0.090,0.573,0,0,eGFP1
19530,19:18:57,0.101,0.617,0,0,eGFP1
19531,19:18:58,0.100,0.539,0,0,eGFP1
19532,19:18:58,0.089,0.604,0,0,eGFP1
19533,19:18:59,0.111,0.627,0,0,eGFP1
19534,19:19:00,0.100,0.868,0,0,eGFP1
19535,19:19:04,0.177,4.139,0,0,eGFP1
19536,19:19:05,0.122,0.846,0,0,eGFP1
19537,19:19:06,0.166,1.329,0,0,eGFP1
19538,19:19:07,0.156,0.617,0,0,eGFP1
19539,19:19:09,0.276,1.790,0,0,eGFP1
19540,19:19:10,0.122,1.329,0,0,eGFP1
19541,19:19:11,0.144,0.726,0,0,eGFP1
19542,19:19:12,0.211,1.111,0,0,eGFP1
19543,19:19:13,0.144,1.603,0,0,eGFP1
19544,19:19:14,0.122,0.967,0,0,eGFP1
19545,19:19:15,0.133,0.912,0,0,eGFP1
19546,19:19:16,0.133,0.934,0,0,eGFP1
19547,19:19:17,0.178,1.287,0,0,eGFP1
19548,19:19:19,0.231,1.581,0,0,eGFP1
19549,19:19:21,0.286,1.724,0,0,eGFP1
19550,19:19:24,0.396,3.304,0,0,eGFP1
19551,19:19:27,1.394,3.282,0,0,eGFP1
19552,19:19:29,0.374,1.877,0,0,eGFP1
19553,19:19:37,0.308,7.431,0,0,eGFP1
19554,19:20:13,0.154,36.281,0,0,eGFP1
19555,19:20:18,0.321,5.380,0,0,eGFP1
19556,19:20:27,0.299,9.067,0,0,eGFP1
19557,19:20:47,0.364,19.305,0,0,eGFP1
19558,19:21:09,0.265,22.761,0,0,eGFP1
19559,19:21:16,1.944,6.860,0,0,eGFP1
19560,19:21:19,1.736,2.822,0,0,eGFP1
19561,19:26:03,0.265,284.086,0,0,eGFP1
19562,19:26:05,0.858,2.032,0,0,eGFP1
19563,19:26:06,0.146,0.870,0,0,eGFP1
19564,19:26:07,0.111,0.780,0,0,eGFP1
19565,19:26:08,0.178,0.902,0,0,eGFP1
19566,19:26:09,0.100,0.868,0,0,eGFP1
19567,19:26:09,0.199,0.803,0,0,eGFP1
19568,19:26:10,0.089,0.803,0,0,eGFP1
19569,19:26:11,0.200,0.979,0,0,eGFP1
19570,19:26:12,0.101,0.583,0,0,eGFP1
19571,19:26:13,0.124,1.068,0,0,eGFP1
19572,19:26:14,0.122,0.989,0,0,eGFP1
19573,19:26:15,0.243,0.923,0,0,eGFP1
19574,19:26:15,0.101,0.584,0,0,eGFP1
19575,19:26:16,0.155,1.055,0,0,eGFP1
19576,19:26:17,0.100,0.748,0,0,eGFP1
19577,19:26:18,0.144,0.934,0,0,eGFP1
19578,19:26:21,0.133,3.063,0,0,eGFP1
19579,19:26:22,0.102,0.596,0,0,eGFP1
19580,19:26:23,0.100,0.858,0,0,eGFP1
19581,19:26:23,0.111,0.583,0,0,eGFP1
19582,19:26:24,0.089,0.572,0,0,eGFP1
19583,19:26:25,0.112,0.749,0,0,eGFP1
19584,19:26:25,0.144,0.802,0,0,eGFP1
19585,19:26:26,0.089,0.649,0,0,eGFP1
19586,19:26:27,0.165,1.021,0,0,eGFP1
19587,19:26:28,0.102,0.705,0,0,eGFP1
19588,19:26:29,0.221,0.890,0,0,eGFP1
19589,19:26:29,0.089,0.627,0,0,eGFP1
19590,19:26:30,0.166,1.110,0,0,eGFP1
19591,19:26:31,0.121,0.813,0,0,eGFP1
19592,19:26:32,0.111,0.626,0,0,eGFP1
19593,19:26:33,0.133,1.154,0,0,eGFP1
19594,19:26:33,0.111,0.572,0,0,eGFP1
19595,19:26:34,0.079,0.529,0,0,eGFP1
19596,19:26:36,0.134,1.649,0,0,eGFP1
19597,19:26:37,0.166,1.253,0,0,eGFP1
19598,19:26:38,0.440,1.066,0,0,eGFP1
19599,19:26:43,0.594,5.203,0,0,eGFP1
19600,19:26:45,1.264,2.175,0,0,eGFP1
19601,19:26:46,0.189,0.902,0,0,eGFP1
19602,19:26:47,0.122,0.693,0,0,eGFP1
19603,19:26:48,0.124,0.728,0,0,eGFP1
19604,19:26:48,0.089,0.605,0,0,eGFP1
19605,19:26:49,0.112,0.737,0,0,eGFP1
19606,19:26:50,0.112,0.584,0,0,eGFP1
19607,19:26:50,0.089,0.550,0,0,eGFP1
19608,19:26:51,0.101,0.639,0,0,eGFP1
19609,19:26:52,0.101,0.781,0,0,eGFP1
19610,19:26:54,0.155,2.799,0,0,eGFP1
19611,19:26:55,0.112,0.617,0,0,eGFP1
19612,19:26:56,0.113,0.903,0,0,eGFP1
19613,19:26:57,0.122,0.627,0,0,eGFP1
19614,19:26:57,0.089,0.726,0,0,eGFP1
19615,19:26:58,0.133,0.648,0,0,eGFP1
19616,19:26:59,0.090,0.649,0,0,eGFP1
19617,19:26:59,0.100,0.583,0,0,eGFP1
19618,19:27:00,0.090,0.605,0,0,eGFP1
19619,19:27:00,0.112,0.693,0,0,eGFP1
19620,19:27:01,0.091,0.574,0,0,eGFP1
19621,19:27:02,0.167,0.957,0,0,eGFP1
19622,19:27:02,0.090,0.507,0,0,eGFP1
19623,19:27:03,0.091,0.782,0,0,eGFP1
19624,19:27:04,0.112,0.573,0,0,eGFP1
19625,19:27:04,0.090,0.660,0,0,eGFP1
19626,19:27:05,0.145,0.858,0,0,eGFP1
19627,19:27:06,0.123,0.617,0,0,eGFP1
19628,19:27:06,0.080,0.508,0,0,eGFP1
19629,19:27:07,0.101,0.738,0,0,eGFP1
19630,19:27:08,0.112,0.572,0,0,eGFP1
19631,19:27:08,0.090,0.683,0,0,eGFP1
19632,19:27:09,0.123,0.726,0,0,eGFP1
19633,19:27:10,0.101,0.694,0,0,eGFP1
19634,19:27:11,0.112,0.639,0,0,eGFP1
19635,19:27:11,0.133,0.880,0,0,eGFP1
19636,19:27:12,0.114,0.630,0,0,eGFP1
19637,19:27:13,0.101,0.672,0,0,eGFP1
19638,19:27:14,0.166,1.198,0,0,eGFP1
19639,19:27:15,0.233,1.319,0,0,eGFP1
19640,19:27:16,0.200,1.001,0,0,eGFP1
19641,19:27:17,0.156,1.023,0,0,eGFP1
19642,19:27:18,0.166,0.956,0,0,eGFP1
19643,19:27:19,0.123,1.188,0,0,eGFP1
19644,19:27:20,0.256,0.914,0,0,eGFP1
19645,19:27:22,0.112,1.484,0,0,eGFP1
19646,19:27:23,0.134,1.122,0,0,eGFP1
19647,19:27:24,0.364,1.264,0,0,eGFP1
19648,19:27:28,0.145,3.470,0,0,eGFP1
19649,19:27:28,0.145,0.694,0,0,eGFP1
19650,19:27:29,0.113,1.013,0,0,eGFP1
19651,19:27:30,0.145,0.705,0,0,eGFP1
19652,19:27:31,0.102,0.925,0,0,eGFP1
19653,19:27:32,0.156,0.924,0,0,eGFP1
19654,19:27:32,0.123,0.595,0,0,eGFP1
19655,19:27:33,0.101,0.924,0,0,eGFP1
19656,19:27:34,0.134,0.606,0,0,eGFP1
19657,19:27:35,0.080,0.529,0,0,eGFP1
19658,19:27:35,0.113,0.870,0,0,eGFP1
19659,19:27:36,0.112,0.573,0,0,eGFP1
19660,19:27:37,0.080,0.794,0,0,eGFP1
19661,19:27:37,0.134,0.617,0,0,eGFP1
19662,19:27:38,0.079,0.496,0,0,eGFP1
19663,19:27:39,0.102,0.629,0,0,eGFP1
19664,19:27:39,0.101,0.551,0,0,eGFP1
19665,19:27:40,0.079,0.727,0,0,eGFP1
19666,19:27:41,0.189,0.781,0,0,eGFP1
19667,19:27:41,0.091,0.530,0,0,eGFP1
19668,19:27:42,0.102,0.859,0,0,eGFP1
19669,19:27:43,0.167,0.870,0,0,eGFP1
19670,19:27:44,0.090,0.704,0,0,eGFP1
19671,19:27:44,0.189,0.870,0,0,eGFP1
19672,19:27:45,0.112,0.628,0,0,eGFP1
19673,19:27:46,0.101,0.803,0,0,eGFP1
19674,19:27:46,0.124,0.595,0,0,eGFP1
19675,19:27:47,0.080,0.793,0,0,eGFP1
19676,19:27:48,0.123,0.639,0,0,eGFP1
19677,19:27:49,0.093,0.751,0,0,eGFP1
19678,19:27:50,0.167,0.935,0,0,eGFP1
19679,19:27:50,0.123,0.704,0,0,eGFP1
19680,19:27:51,0.145,0.935,0,0,eGFP1
19681,19:27:52,0.166,0.913,0,0,eGFP1
19682,19:27:53,0.100,0.770,0,0,eGFP1
19683,19:27:54,0.144,0.781,0,0,eGFP1
19684,19:27:55,0.133,0.967,0,0,eGFP1
19685,19:28:01,0.114,5.930,0,0,eGFP1
19686,19:28:01,0.168,0.903,0,0,eGFP1
19687,19:28:02,0.178,1.034,0,0,eGFP1
19688,19:28:03,0.123,0.826,0,0,eGFP1
19689,19:28:04,0.112,0.606,0,0,eGFP1
19690,19:28:05,0.102,0.749,0,0,eGFP1
19691,19:28:06,0.156,0.880,0,0,eGFP1
19692,19:28:06,0.101,0.562,0,0,eGFP1
19693,19:28:07,0.102,0.936,0,0,eGFP1
19694,19:28:08,0.166,1.066,0,0,eGFP1
19695,19:28:09,0.178,1.286,0,0,eGFP1
19696,19:28:11,0.243,1.516,0,0,eGFP1
19697,19:28:13,0.211,1.846,0,0,eGFP1
19698,19:28:14,0.167,1.077,0,0,eGFP1
19699,19:28:15,0.189,1.495,0,0,eGFP1
19700,19:28:17,0.397,1.813,0,0,eGFP1
19701,19:28:19,0.167,1.803,0,0,eGFP1
19702,19:28:20,0.177,1.527,0,0,eGFP1
19703,19:28:23,0.496,2.361,0,0,eGFP1
19704,19:28:24,0.113,0.805,0,0,eGFP1
19705,19:28:25,0.178,1.188,0,0,eGFP1
19706,19:28:27,0.211,1.715,0,0,eGFP1
19707,19:28:28,0.244,1.209,0,0,eGFP1
19708,19:28:29,0.207,1.600,0,0,eGFP1
19709,19:28:31,0.241,1.657,0,0,eGFP1
19710,19:28:33,0.602,1.688,0,0,eGFP1
19711,19:28:34,0.229,1.327,0,0,eGFP1
19712,19:28:35,0.228,1.435,0,0,eGFP1
19713,19:28:38,0.273,2.051,0,0,eGFP1
19714,19:28:38,0.119,0.931,0,0,eGFP1
19715,19:28:40,0.240,1.513,0,0,eGFP1
19716,19:28:42,0.294,1.710,0,0,eGFP1
19717,19:28:43,0.352,1.581,0,0,eGFP1
19718,19:28:46,0.394,2.281,0,0,eGFP1
19719,19:28:46,0.097,0.580,0,0,eGFP1
19720,19:28:47,0.108,0.953,0,0,eGFP1
19721,19:28:48,0.152,0.986,0,0,eGFP1
19722,19:28:49,0.174,1.316,0,0,eGFP1
19723,19:28:51,0.250,1.315,0,0,eGFP1
19724,19:28:52,0.185,0.964,0,0,eGFP1
19725,19:28:53,0.186,0.965,0,0,eGFP1
19726,19:28:54,0.152,0.943,0,0,eGFP1
19727,19:28:54,0.141,0.678,0,0,eGFP1
19728,19:28:55,0.087,0.526,0,0,eGFP1
19729,19:28:56,0.086,0.777,0,0,eGFP1
19730,19:28:57,0.174,0.975,0,0,eGFP1
19731,19:28:57,0.165,0.922,0,0,eGFP1
19732,19:28:58,0.086,0.514,0,0,eGFP1
19733,19:28:59,0.077,0.571,0,0,eGFP1
19734,19:28:59,0.108,0.624,0,0,eGFP1
19735,19:29:00,0.108,0.701,0,0,eGFP1
19736,19:29:01,0.108,0.755,0,0,eGFP1
19737,19:29:01,0.108,0.591,0,0,eGFP1
19738,19:29:02,0.087,0.679,0,0,eGFP1
19739,19:29:02,0.108,0.558,0,0,eGFP1
19740,19:29:03,0.087,0.734,0,0,eGFP1
19741,19:29:04,0.130,0.712,0,0,eGFP1
19742,19:29:05,0.110,0.691,0,0,eGFP1
19743,19:29:05,0.141,0.855,0,0,eGFP1
19744,19:29:06,0.109,0.570,0,0,eGFP1
19745,19:29:07,0.087,0.800,0,0,eGFP1
19746,19:29:08,0.141,0.766,0,0,eGFP1
19747,19:29:08,0.120,0.701,0,0,eGFP1
19748,19:29:09,0.131,0.855,0,0,eGFP1
19749,19:29:10,0.163,0.898,0,0,eGFP1
19750,19:29:11,0.154,1.010,0,0,eGFP1
19751,19:29:13,0.218,1.557,0,0,eGFP1
19752,19:29:14,0.163,1.030,0,0,eGFP1
19753,19:29:15,0.163,0.942,0,0,eGFP1
19754,19:29:16,0.153,1.503,0,0,eGFP1
19755,19:29:17,0.097,0.580,0,0,eGFP1
19756,19:29:17,0.086,0.778,0,0,eGFP1
19757,19:29:18,0.119,0.580,0,0,eGFP1
19758,19:29:19,0.089,0.638,0,0,eGFP1
19759,19:29:19,0.097,0.712,0,0,eGFP1
19760,19:29:20,0.119,0.657,0,0,eGFP1
19761,19:29:21,0.108,0.668,0,0,eGFP1
19762,19:29:21,0.109,0.789,0,0,eGFP1
19763,19:29:22,0.141,0.690,0,0,eGFP1
19764,19:29:23,0.076,0.493,0,0,eGFP1
19765,19:29:23,0.097,0.734,0,0,eGFP1
19766,19:29:24,0.109,0.581,0,0,eGFP1
19767,19:29:24,0.087,0.537,0,0,eGFP1
19768,19:29:25,0.119,0.811,0,0,eGFP1
19769,19:29:26,0.152,0.778,0,0,eGFP1
19770,19:29:27,0.097,0.514,0,0,eGFP1
19771,19:29:27,0.067,0.550,0,0,eGFP1
19772,19:29:28,0.119,0.756,0,0,eGFP1
19773,19:29:29,0.086,0.624,0,0,eGFP1
19774,19:29:29,0.110,0.724,0,0,eGFP1
19775,19:29:30,0.087,0.515,0,0,eGFP1
19776,19:29:30,0.087,0.569,0,0,eGFP1
19777,19:29:31,0.109,0.735,0,0,eGFP1
19778,19:29:32,0.119,0.547,0,0,eGFP1
19779,19:29:32,0.087,0.734,0,0,eGFP1
19780,19:29:33,0.153,0.899,0,0,eGFP1
19781,19:29:34,0.120,0.591,0,0,eGFP1
19782,19:29:34,0.078,0.495,0,0,eGFP1
19783,19:29:35,0.086,0.613,0,0,eGFP1
19784,19:29:36,0.109,0.635,0,0,eGFP1
19785,19:29:36,0.088,0.582,0,0,eGFP1
19786,19:29:37,0.142,0.822,0,0,eGFP1
19787,19:29:38,0.087,0.669,0,0,eGFP1
19788,19:29:38,0.130,0.690,0,0,eGFP1
19789,19:30:10,0.098,31.977,0,0,eGFP1
19790,19:30:12,0.198,1.855,0,0,eGFP1
19791,19:30:13,0.142,0.690,0,0,eGFP1
19792,19:30:14,0.109,0.680,0,0,eGFP1
19793,19:30:14,0.108,0.646,0,0,eGFP1
19794,19:30:15,0.109,0.811,0,0,eGFP1
19795,19:30:16,0.120,0.592,0,0,eGFP1
19796,19:30:16,0.097,0.877,0,0,eGFP1
19797,19:30:17,0.163,0.778,0,0,eGFP1
19798,19:30:18,0.111,0.770,0,0,eGFP1
19799,19:30:19,0.163,0.909,0,0,eGFP1
19800,19:30:20,0.164,1.415,0,0,eGFP1
19801,19:30:21,0.119,0.690,0,0,eGFP1
19802,19:30:22,0.131,0.712,0,0,eGFP1
19803,19:30:22,0.109,0.691,0,0,eGFP1
19804,19:30:23,0.097,0.876,0,0,eGFP1
19805,19:30:24,0.175,0.998,0,0,eGFP1
19806,19:30:25,0.186,1.096,0,0,eGFP1
19807,19:30:26,0.176,1.087,0,0,eGFP1
19808,19:30:27,0.153,0.910,0,0,eGFP1
19809,19:30:28,0.130,0.953,0,0,eGFP1
19810,19:30:30,0.186,1.217,0,0,eGFP1
19811,19:30:31,0.175,1.086,0,0,eGFP1
19812,19:30:32,0.164,0.878,0,0,eGFP1
19813,19:30:32,0.130,0.789,0,0,eGFP1
19814,19:30:33,0.131,0.778,0,0,eGFP1
19815,19:30:34,0.110,0.648,0,0,eGFP1
19816,19:30:34,0.098,0.691,0,0,eGFP1
19817,19:30:35,0.108,0.558,0,0,eGFP1
19818,19:30:35,0.087,0.482,0,0,eGFP1
19819,19:30:36,0.087,0.559,0,0,eGFP1
19820,19:30:37,0.098,0.768,0,0,eGFP1
19821,19:30:37,0.131,0.668,0,0,eGFP1
19822,19:30:38,0.087,0.559,0,0,eGFP1
19823,19:30:39,0.089,0.879,0,0,eGFP1
19824,19:30:40,0.186,0.734,0,0,eGFP1
19825,19:30:40,0.089,0.506,0,0,eGFP1
19826,19:30:41,0.098,0.987,0,0,eGFP1
19827,19:30:42,0.120,0.591,0,0,eGFP1
19828,19:30:43,0.098,0.943,0,0,eGFP1
19829,19:30:43,0.142,0.735,0,0,eGFP1
19830,19:30:44,0.087,0.537,0,0,eGFP1
19831,19:30:45,0.088,0.802,0,0,eGFP1
19832,19:30:46,0.131,0.778,0,0,eGFP1
19833,19:30:46,0.109,0.625,0,0,eGFP1
19834,19:30:47,0.098,0.603,0,0,eGFP1
19835,19:30:47,0.098,0.647,0,0,eGFP1
19836,19:30:48,0.120,0.625,0,0,eGFP1
19837,19:30:49,0.087,0.723,0,0,eGFP1
19838,19:30:50,0.164,0.965,0,0,eGFP1
19839,19:30:51,0.178,1.001,0,0,eGFP1
19840,19:30:52,0.164,0.866,0,0,eGFP1
19841,19:30:52,0.142,0.889,0,0,eGFP1
19842,19:30:53,0.142,0.723,0,0,eGFP1
19843,19:30:54,0.099,0.527,0,0,eGFP1
19844,19:30:54,0.098,0.624,0,0,eGFP1
19845,19:30:55,0.110,0.603,0,0,eGFP1
19846,19:30:55,0.088,0.472,0,0,eGFP1
19847,19:30:56,0.077,0.483,0,0,eGFP1
19848,19:30:57,0.099,0.680,0,0,eGFP1
19849,19:30:57,0.099,0.581,0,0,eGFP1
19850,19:30:58,0.077,0.669,0,0,eGFP1
19851,19:30:58,0.121,0.636,0,0,eGFP1
19852,19:30:59,0.089,0.715,0,0,eGFP1
19853,19:31:00,0.098,0.515,0,0,eGFP1
19854,19:31:00,0.076,0.504,0,0,eGFP1
19855,19:31:01,0.111,0.857,0,0,eGFP1
19856,19:31:02,0.098,0.515,0,0,eGFP1
19857,19:31:02,0.077,0.527,0,0,eGFP1
19858,19:31:03,0.120,0.756,0,0,eGFP1
19859,19:31:03,0.088,0.549,0,0,eGFP1
19860,19:31:04,0.087,0.702,0,0,eGFP1
19861,19:31:05,0.175,0.932,0,0,eGFP1
19862,19:31:06,0.109,0.647,0,0,eGFP1
19863,19:31:07,0.120,0.823,0,0,eGFP1
19864,19:31:07,0.119,0.711,0,0,eGFP1
19865,19:31:08,0.089,0.561,0,0,eGFP1
19866,19:31:09,0.098,0.844,0,0,eGFP1
19867,19:31:09,0.143,0.669,0,0,eGFP1
19868,19:31:10,0.077,0.626,0,0,eGFP1
19869,19:31:11,0.164,0.866,0,0,eGFP1
19870,19:31:11,0.110,0.669,0,0,eGFP1
19871,19:31:12,0.110,0.845,0,0,eGFP1
19872,19:31:13,0.122,0.615,0,0,eGFP1
19873,19:31:14,0.110,0.647,0,0,eGFP1
19874,19:31:14,0.132,0.779,0,0,eGFP1
19875,19:31:15,0.087,0.636,0,0,eGFP1
19876,19:31:16,0.197,0.943,0,0,eGFP1
19877,19:31:17,0.110,0.658,0,0,eGFP1
19878,19:31:17,0.098,0.757,0,0,eGFP1
19879,19:31:18,0.132,0.626,0,0,eGFP1
19880,19:31:18,0.089,0.539,0,0,eGFP1
19881,19:31:19,0.099,0.812,0,0,eGFP1
19882,19:31:20,0.153,0.680,0,0,eGFP1
19883,19:31:21,0.077,0.571,0,0,eGFP1
19884,19:31:21,0.142,0.844,0,0,eGFP1
19885,19:31:22,0.110,0.571,0,0,eGFP1
19886,19:31:23,0.087,0.768,0,0,eGFP1
19887,19:31:24,0.142,0.768,0,0,eGFP1
19888,19:31:26,0.166,2.788,0,0,eGFP1
19889,19:31:27,0.165,1.120,0,0,eGFP1
19890,19:31:32,0.164,4.093,0,0,eGFP1
19891,19:31:33,0.208,1.744,0,0,eGFP1
19892,19:31:34,0.100,0.572,0,0,eGFP1
19893,19:31:36,0.100,2.394,0,0,eGFP1
19894,19:31:37,0.208,0.801,0,0,eGFP1
19895,19:31:38,0.120,0.724,0,0,eGFP1
19896,19:31:39,0.144,0.868,0,0,eGFP1
19897,19:31:39,0.110,0.581,0,0,eGFP1
19898,19:31:40,0.077,0.714,0,0,eGFP1
19899,19:31:41,0.164,0.768,0,0,eGFP1
19900,19:31:41,0.088,0.548,0,0,eGFP1
19901,19:31:42,0.099,0.615,0,0,eGFP1
19902,19:31:43,0.121,0.691,0,0,eGFP1
19903,19:31:43,0.132,0.768,0,0,eGFP1
19904,19:31:44,0.111,0.715,0,0,eGFP1
19905,19:31:45,0.132,0.779,0,0,eGFP1
19906,19:31:46,0.188,0.989,0,0,eGFP1
19907,19:31:47,0.142,0.724,0,0,eGFP1
19908,19:31:47,0.098,0.790,0,0,eGFP1
19909,19:31:48,0.120,0.581,0,0,eGFP1
19910,19:31:49,0.088,0.757,0,0,eGFP1
19911,19:31:49,0.131,0.592,0,0,eGFP1
19912,19:31:50,0.078,0.517,0,0,eGFP1
19913,19:31:50,0.099,0.625,0,0,eGFP1
19914,19:31:51,0.099,0.681,0,0,eGFP1
19915,19:31:52,0.120,0.614,0,0,eGFP1
19916,19:31:53,0.120,1.042,0,0,eGFP1
19917,19:31:53,0.142,0.702,0,0,eGFP1
19918,19:31:54,0.110,0.911,0,0,eGFP1
19919,19:31:55,0.275,0.868,0,0,eGFP1
19920,19:31:56,0.089,0.791,0,0,eGFP1
19921,19:31:57,0.154,0.977,0,0,eGFP1
19922,19:31:58,0.176,0.812,0,0,eGFP1
19923,19:31:59,0.099,0.889,0,0,eGFP1
19924,19:32:00,0.176,0.857,0,0,eGFP1
19925,19:32:00,0.110,0.812,0,0,eGFP1
19926,19:32:01,0.143,0.658,0,0,eGFP1
19927,19:32:03,0.099,2.184,0,0,eGFP1
19928,19:32:04,0.132,0.725,0,0,eGFP1
19929,19:32:05,0.177,0.956,0,0,eGFP1
19930,19:32:06,0.132,0.889,0,0,eGFP1
19931,19:32:06,0.154,0.769,0,0,eGFP1
19932,19:32:08,0.110,1.130,0,0,eGFP1
19933,19:32:08,0.210,0.847,0,0,eGFP1
19934,19:32:10,0.166,1.033,0,0,eGFP1
19935,19:32:11,0.296,1.130,0,0,eGFP1
19936,19:32:12,0.132,0.966,0,0,eGFP1
19937,19:32:13,0.213,0.904,0,0,eGFP1
19938,19:32:13,0.154,0.922,0,0,eGFP1
19939,19:32:14,0.154,0.867,0,0,eGFP1
19940,19:32:15,0.099,0.571,0,0,eGFP1
19941,19:32:16,0.087,0.768,0,0,eGFP1
19942,19:32:17,0.252,1.130,0,0,eGFP1
19943,19:32:17,0.099,0.549,0,0,eGFP1
19944,19:32:18,0.099,1.042,0,0,eGFP1
19945,19:32:20,0.232,1.231,0,0,eGFP1
19946,19:32:20,0.155,0.704,0,0,eGFP1
19947,19:32:21,0.099,0.692,0,0,eGFP1
19948,19:32:22,0.088,0.746,0,0,eGFP1
19949,19:32:22,0.132,0.714,0,0,eGFP1
19950,19:32:23,0.110,0.703,0,0,eGFP1
19951,19:32:24,0.187,1.010,0,0,eGFP1
19952,19:32:25,0.143,0.856,0,0,eGFP1
19953,19:32:26,0.112,0.671,0,0,eGFP1
19954,19:32:26,0.110,0.736,0,0,eGFP1
19955,19:32:27,0.132,0.703,0,0,eGFP1
19956,19:32:28,0.110,0.988,0,0,eGFP1
19957,19:32:29,0.220,0.966,0,0,eGFP1
19958,19:32:30,0.132,1.021,0,0,eGFP1
19959,19:32:31,0.286,1.219,0,0,eGFP1
19960,19:32:33,0.375,1.428,0,0,eGFP1
19961,19:32:33,0.156,0.748,0,0,eGFP1
19962,19:32:34,0.099,0.747,0,0,eGFP1
19963,19:32:35,0.110,0.549,0,0,eGFP1
19964,19:32:35,0.088,0.593,0,0,eGFP1
19965,19:32:36,0.176,0.967,0,0,eGFP1
19966,19:32:37,0.110,0.669,0,0,eGFP1
19967,19:32:38,0.122,0.725,0,0,eGFP1
19968,19:32:39,0.133,0.769,0,0,eGFP1
19969,19:32:39,0.090,0.627,0,0,eGFP1
19970,19:32:40,0.177,0.945,0,0,eGFP1
19971,19:32:41,0.143,0.834,0,0,eGFP1
19972,19:32:41,0.111,0.572,0,0,eGFP1
19973,19:32:42,0.079,0.561,0,0,eGFP1
19974,19:32:43,0.122,0.737,0,0,eGFP1
19975,19:32:43,0.099,0.560,0,0,eGFP1
19976,19:32:44,0.110,0.835,0,0,eGFP1
19977,19:32:45,0.122,0.737,0,0,eGFP1
19978,19:32:46,0.099,0.857,0,0,eGFP1
19979,19:32:47,0.176,1.032,0,0,eGFP1
19980,19:32:48,0.198,0.879,0,0,eGFP1
19981,19:32:49,0.132,1.010,0,0,eGFP1
19982,19:32:50,0.198,1.076,0,0,eGFP1
19983,19:32:51,0.187,1.043,0,0,eGFP1
19984,19:32:52,0.199,0.879,0,0,eGFP1
19985,19:32:53,0.123,0.814,0,0,eGFP1
19986,19:32:58,0.122,5.488,0,0,eGFP1
19987,19:32:59,0.211,0.836,0,0,eGFP1
19988,19:33:00,0.133,0.813,0,0,eGFP1
19989,19:33:01,0.122,1.000,0,0,eGFP1
19990,19:33:02,0.286,1.076,0,0,eGFP1
19991,19:33:02,0.143,0.703,0,0,eGFP1
19992,19:33:03,0.089,0.495,0,0,eGFP1
19993,19:33:04,0.088,0.758,0,0,eGFP1
19994,19:33:04,0.123,0.562,0,0,eGFP1
19995,19:33:05,0.088,0.703,0,0,eGFP1
19996,19:33:06,0.143,0.681,0,0,eGFP1
19997,19:33:06,0.089,0.528,0,0,eGFP1
19998,19:33:07,0.110,0.747,0,0,eGFP1
19999,19:33:07,0.089,0.527,0,0,eGFP1
20000,19:33:08,0.091,0.793,0,0,eGFP1
20001,19:33:09,0.111,0.560,0,0,eGFP1
20002,19:33:10,0.080,0.815,0,0,eGFP1
20003,19:33:10,0.121,0.571,0,0,eGFP1
20004,19:33:11,0.088,0.846,0,0,eGFP1
20005,19:33:12,0.110,0.560,0,0,eGFP1
20006,19:33:12,0.077,0.769,0,0,eGFP1
20007,19:33:13,0.143,0.659,0,0,eGFP1
20008,19:33:14,0.088,0.659,0,0,eGFP1
20009,19:33:15,0.143,0.845,0,0,eGFP1
20010,19:33:15,0.112,0.562,0,0,eGFP1
20011,19:33:16,0.078,0.506,0,0,eGFP1
20012,19:33:16,0.111,0.857,0,0,eGFP1
20013,19:33:17,0.111,0.572,0,0,eGFP1
20014,19:33:18,0.090,1.121,0,0,eGFP1
20015,19:33:20,0.792,1.473,0,0,eGFP1
20016,19:33:20,0.099,0.681,0,0,eGFP1
20017,19:33:21,0.165,0.768,0,0,eGFP1
20018,19:33:22,0.101,0.562,0,0,eGFP1
20019,19:33:22,0.088,0.780,0,0,eGFP1
20020,19:33:23,0.154,0.780,0,0,eGFP1
20021,19:33:24,0.132,0.812,0,0,eGFP1
20022,19:33:25,0.144,0.802,0,0,eGFP1
20023,19:33:31,0.143,6.289,0,0,eGFP1
20024,19:33:32,0.132,0.911,0,0,eGFP1
20025,19:33:36,0.166,3.864,0,0,eGFP1
20026,19:33:36,0.112,0.584,0,0,eGFP1
20027,19:33:37,0.100,0.858,0,0,eGFP1
20028,19:33:38,0.100,0.528,0,0,eGFP1
20029,19:33:39,0.078,0.736,0,0,eGFP1
20030,19:33:39,0.133,0.660,0,0,eGFP1
20031,19:33:40,0.089,0.495,0,0,eGFP1
20032,19:33:40,0.078,0.473,0,0,eGFP1
20033,19:33:41,0.100,0.594,0,0,eGFP1
20034,19:33:41,0.101,0.727,0,0,eGFP1
20035,19:33:42,0.111,0.539,0,0,eGFP1
20036,19:33:43,0.078,0.484,0,0,eGFP1
20037,19:33:44,0.133,1.154,0,0,eGFP1
20038,19:33:44,0.166,0.758,0,0,eGFP1
20039,19:33:45,0.122,0.627,0,0,eGFP1
20040,19:33:46,0.089,0.550,0,0,eGFP1
20041,19:33:46,0.112,0.705,0,0,eGFP1
20042,19:33:47,0.112,0.530,0,0,eGFP1
20043,19:33:48,0.078,0.769,0,0,eGFP1
20044,19:33:48,0.122,0.561,0,0,eGFP1
20045,19:33:49,0.078,0.528,0,0,eGFP1
20046,19:33:49,0.111,0.704,0,0,eGFP1
20047,19:33:50,0.100,0.572,0,0,eGFP1
20048,19:33:51,0.122,0.693,0,0,eGFP1
20049,19:33:51,0.100,0.682,0,0,eGFP1
20050,19:33:52,0.145,0.847,0,0,eGFP1
20051,19:33:53,0.123,0.605,0,0,eGFP1
20052,19:33:53,0.079,0.649,0,0,eGFP1
20053,19:33:54,0.145,0.759,0,0,eGFP1
20054,19:33:55,0.113,0.574,0,0,eGFP1
20055,19:33:55,0.089,0.539,0,0,eGFP1
20056,19:33:56,0.123,0.815,0,0,eGFP1
20057,19:33:57,0.100,0.528,0,0,eGFP1
20058,19:33:58,0.078,0.835,0,0,eGFP1
20059,19:33:58,0.168,0.706,0,0,eGFP1
20060,19:33:59,0.089,0.495,0,0,eGFP1
20061,19:34:00,0.078,0.989,0,0,eGFP1
20062,19:34:00,0.155,0.660,0,0,eGFP1
20063,19:34:01,0.090,0.572,0,0,eGFP1
20064,19:34:02,0.123,0.803,0,0,eGFP1
20065,19:34:03,0.133,0.803,0,0,eGFP1
20066,19:34:03,0.111,0.561,0,0,eGFP1
20067,19:34:04,0.080,0.826,0,0,eGFP1
20068,19:34:05,0.134,0.606,0,0,eGFP1
20069,19:34:05,0.089,0.594,0,0,eGFP1
20070,19:34:06,0.122,0.934,0,0,eGFP1
20071,19:34:07,0.111,0.670,0,0,eGFP1
20072,19:34:07,0.133,0.770,0,0,eGFP1
20073,19:34:08,0.132,0.626,0,0,eGFP1
20074,19:34:09,0.089,0.550,0,0,eGFP1
20075,19:34:10,0.102,0.892,0,0,eGFP1
20076,19:34:10,0.155,0.770,0,0,eGFP1
20077,19:34:11,0.111,0.682,0,0,eGFP1
20078,19:34:12,0.144,0.803,0,0,eGFP1
20079,19:34:12,0.122,0.627,0,0,eGFP1
20080,19:34:13,0.079,0.529,0,0,eGFP1
20081,19:34:14,0.112,0.749,0,0,eGFP1
20082,19:34:15,0.155,0.825,0,0,eGFP1
20083,19:34:15,0.113,0.815,0,0,eGFP1
20084,19:34:19,0.243,3.349,0,0,eGFP1
20085,19:34:19,0.122,0.594,0,0,eGFP1
20086,19:34:20,0.090,0.759,0,0,eGFP1
20087,19:34:21,0.167,0.715,0,0,eGFP1
20088,19:34:21,0.079,0.518,0,0,eGFP1
20089,19:34:22,0.090,0.715,0,0,eGFP1
20090,19:34:23,0.101,0.540,0,0,eGFP1
20091,19:34:23,0.080,0.573,0,0,eGFP1
20092,19:34:24,0.123,0.880,0,0,eGFP1
20093,19:34:25,0.134,0.628,0,0,eGFP1
20094,19:34:25,0.100,0.835,0,0,eGFP1
20095,19:34:26,0.135,0.673,0,0,eGFP1
20096,19:34:27,0.079,0.496,0,0,eGFP1
20097,19:34:27,0.090,0.704,0,0,eGFP1
20098,19:34:28,0.134,0.737,0,0,eGFP1
20099,19:34:29,0.113,0.728,0,0,eGFP1
20100,19:34:29,0.123,0.594,0,0,eGFP1
20101,19:34:30,0.090,0.518,0,0,eGFP1
20102,19:34:31,0.156,0.858,0,0,eGFP1
20103,19:34:31,0.123,0.639,0,0,eGFP1
20104,19:34:32,0.089,0.594,0,0,eGFP1
20105,19:34:33,0.101,0.726,0,0,eGFP1
20106,19:34:34,0.123,0.858,0,0,eGFP1
20107,19:34:34,0.113,0.585,0,0,eGFP1
20108,19:34:35,0.091,0.903,0,0,eGFP1
20109,19:34:36,0.156,0.782,0,0,eGFP1
20110,19:34:37,0.144,1.000,0,0,eGFP1
20111,19:34:38,0.189,0.847,0,0,eGFP1
20112,19:34:38,0.101,0.518,0,0,eGFP1
20113,19:34:39,0.101,0.891,0,0,eGFP1
20114,19:34:40,0.134,0.638,0,0,eGFP1
20115,19:34:41,0.092,0.794,0,0,eGFP1
20116,19:34:41,0.134,0.671,0,0,eGFP1
20117,19:34:42,0.112,0.738,0,0,eGFP1
20118,19:34:43,0.144,0.880,0,0,eGFP1
20119,19:34:43,0.112,0.561,0,0,eGFP1
20120,19:34:44,0.079,0.848,0,0,eGFP1
20121,19:34:45,0.171,0.818,0,0,eGFP1
20122,19:34:46,0.090,0.792,0,0,eGFP1
20123,19:34:47,0.166,0.835,0,0,eGFP1
20124,19:34:47,0.124,0.782,0,0,eGFP1
20125,19:34:48,0.123,0.649,0,0,eGFP1
20126,19:34:49,0.134,0.880,0,0,eGFP1
20127,19:34:50,0.122,0.572,0,0,eGFP1
20128,19:34:51,0.078,0.945,0,0,eGFP1
20129,19:34:52,0.177,1.198,0,0,eGFP1
20130,19:34:53,0.462,1.274,0,0,eGFP1
20131,19:34:58,4.293,5.138,0,0,eGFP1
20132,19:35:02,0.200,3.734,0,0,eGFP1
20133,19:35:05,0.154,3.468,0,0,eGFP1
20134,19:35:09,0.276,3.590,0,0,eGFP1
20135,19:35:10,0.178,1.023,0,0,eGFP1
20136,19:35:11,0.166,1.088,0,0,eGFP1
20137,19:35:12,0.135,0.782,0,0,eGFP1
20138,19:35:13,0.178,1.067,0,0,eGFP1
20139,19:35:14,0.133,1.077,0,0,eGFP1
20140,19:35:15,0.146,0.771,0,0,eGFP1
20141,19:35:24,0.123,8.815,0,0,eGFP1
20142,19:35:29,0.123,5.347,0,0,eGFP1
20143,19:35:30,0.145,0.979,0,0,eGFP1
20144,19:35:31,0.232,1.143,0,0,eGFP1
20145,19:35:32,0.200,0.924,0,0,eGFP1
20146,19:35:33,0.255,1.177,0,0,eGFP1
20147,19:35:34,0.156,0.716,0,0,eGFP1
20148,19:35:35,0.103,0.872,0,0,eGFP1
20149,19:35:35,0.112,0.627,0,0,eGFP1
20150,19:35:36,0.124,0.936,0,0,eGFP1
20151,19:35:37,0.134,0.650,0,0,eGFP1
20152,19:35:38,0.145,1.220,0,0,eGFP1
20153,19:35:39,0.156,0.804,0,0,eGFP1
20154,19:35:40,0.156,0.836,0,0,eGFP1
20155,19:35:41,0.090,0.782,0,0,eGFP1
20156,19:35:41,0.146,0.706,0,0,eGFP1
20157,19:35:42,0.145,0.891,0,0,eGFP1
20158,19:35:43,0.112,0.880,0,0,eGFP1
20159,19:35:44,0.102,0.562,0,0,eGFP1
20160,19:35:45,0.113,0.980,0,0,eGFP1
20161,19:35:45,0.123,0.628,0,0,eGFP1
20162,19:35:46,0.102,1.002,0,0,eGFP1
20163,19:35:47,0.178,0.869,0,0,eGFP1
20164,19:35:48,0.169,0.915,0,0,eGFP1
20165,19:35:49,0.101,0.935,0,0,eGFP1
20166,19:35:50,0.179,0.947,0,0,eGFP1
20167,19:35:51,0.101,0.672,0,0,eGFP1
20168,19:35:51,0.156,0.924,0,0,eGFP1
20169,19:35:52,0.167,0.979,0,0,eGFP1
20170,19:35:53,0.113,0.606,0,0,eGFP1
20171,19:35:54,0.124,0.958,0,0,eGFP1
20172,19:35:55,0.113,0.640,0,0,eGFP1
20173,19:35:56,0.156,0.979,0,0,eGFP1
20174,19:35:57,0.124,0.936,0,0,eGFP1
20175,19:35:57,0.157,0.827,0,0,eGFP1
20176,19:35:58,0.101,0.748,0,0,eGFP1
20177,19:35:59,0.146,0.903,0,0,eGFP1
20178,19:36:00,0.124,0.870,0,0,eGFP1
20179,19:36:01,0.112,0.738,0,0,eGFP1
20180,19:36:01,0.103,0.596,0,0,eGFP1
20181,19:36:02,0.080,0.848,0,0,eGFP1
20182,19:36:03,0.156,0.826,0,0,eGFP1
20183,19:36:04,0.101,0.672,0,0,eGFP1
20184,19:36:04,0.167,0.858,0,0,eGFP1
20185,19:36:05,0.091,0.749,0,0,eGFP1
20186,19:36:06,0.146,0.694,0,0,eGFP1
20187,19:36:07,0.080,0.782,0,0,eGFP1
20188,19:36:07,0.146,0.815,0,0,eGFP1
20189,19:36:08,0.115,0.785,0,0,eGFP1
20190,19:36:09,0.145,0.902,0,0,eGFP1
20191,19:36:10,0.124,0.672,0,0,eGFP1
20192,19:36:11,0.146,0.815,0,0,eGFP1
20193,19:36:11,0.102,0.738,0,0,eGFP1
20194,19:36:14,0.266,2.121,0,0,eGFP1
20195,19:36:14,0.101,0.738,0,0,eGFP1
20196,19:36:15,0.123,0.716,0,0,eGFP1
20197,19:36:16,0.103,0.937,0,0,eGFP1
20198,19:36:16,0.112,0.573,0,0,eGFP1
20199,19:36:17,0.096,0.985,0,0,eGFP1
20200,19:36:18,0.119,0.580,0,0,eGFP1
20201,19:36:19,0.086,0.931,0,0,eGFP1
20202,19:36:20,0.109,0.691,0,0,eGFP1
20203,19:36:21,0.174,0.865,0,0,eGFP1
20204,19:36:21,0.097,0.580,0,0,eGFP1
20205,19:36:22,0.110,0.746,0,0,eGFP1
20206,19:36:22,0.086,0.569,0,0,eGFP1
20207,19:36:23,0.174,0.953,0,0,eGFP1
20208,19:36:24,0.108,0.668,0,0,eGFP1
20209,19:36:25,0.152,0.821,0,0,eGFP1
20210,19:36:26,0.097,0.657,0,0,eGFP1
20211,19:36:26,0.174,0.920,0,0,eGFP1
20212,19:36:27,0.098,0.580,0,0,eGFP1
20213,19:36:28,0.165,0.988,0,0,eGFP1
20214,19:36:29,0.097,0.580,0,0,eGFP1
20215,19:36:30,0.086,0.909,0,0,eGFP1
20216,19:36:30,0.153,0.702,0,0,eGFP1
20217,19:36:31,0.119,0.931,0,0,eGFP1
20218,19:36:32,0.131,0.613,0,0,eGFP1
20219,19:36:33,0.098,0.987,0,0,eGFP1
20220,19:36:33,0.163,0.700,0,0,eGFP1
20221,19:36:34,0.110,0.823,0,0,eGFP1
20222,19:36:35,0.141,0.866,0,0,eGFP1
20223,19:36:36,0.108,0.689,0,0,eGFP1
20224,19:36:37,0.109,0.800,0,0,eGFP1
20225,19:36:37,0.119,0.810,0,0,eGFP1
20226,19:36:38,0.109,0.592,0,0,eGFP1
20227,19:36:39,0.108,0.821,0,0,eGFP1
20228,19:36:40,0.185,0.844,0,0,eGFP1
20229,19:36:40,0.100,0.626,0,0,eGFP1
20230,19:36:42,0.152,1.689,0,0,eGFP1
20231,19:36:43,0.196,0.777,0,0,eGFP1
20232,19:36:44,0.098,0.866,0,0,eGFP1
20233,19:36:44,0.119,0.832,0,0,eGFP1
20234,19:36:45,0.164,0.932,0,0,eGFP1
20235,19:36:46,0.152,0.931,0,0,eGFP1
20236,19:36:49,0.141,2.303,0,0,eGFP1
20237,19:36:49,0.121,0.604,0,0,eGFP1
20238,19:36:50,0.097,0.865,0,0,eGFP1
20239,19:36:51,0.119,0.909,0,0,eGFP1
20240,19:36:52,0.142,0.734,0,0,eGFP1
20241,19:36:53,0.152,0.855,0,0,eGFP1
20242,19:36:53,0.097,0.679,0,0,eGFP1
20243,19:36:55,0.592,1.459,0,0,eGFP1
20244,19:36:55,0.097,0.712,0,0,eGFP1
20245,19:36:56,0.154,0.713,0,0,eGFP1
20246,19:36:57,0.109,0.800,0,0,eGFP1
20247,19:36:58,0.108,0.591,0,0,eGFP1
20248,19:36:58,0.087,0.811,0,0,eGFP1
20249,19:36:59,0.119,0.591,0,0,eGFP1
20250,19:37:00,0.098,0.712,0,0,eGFP1
20251,19:37:00,0.109,0.614,0,0,eGFP1
20252,19:37:01,0.108,0.734,0,0,eGFP1
20253,19:37:02,0.097,0.613,0,0,eGFP1
20254,19:37:03,0.143,0.878,0,0,eGFP1
20255,19:37:03,0.108,0.569,0,0,eGFP1
20256,19:37:04,0.088,0.670,0,0,eGFP1
20257,19:37:04,0.141,0.712,0,0,eGFP1
20258,19:37:05,0.086,0.657,0,0,eGFP1
20259,19:37:06,0.163,0.855,0,0,eGFP1
20260,19:37:07,0.086,0.745,0,0,eGFP1
20261,19:37:08,0.218,1.008,0,0,eGFP1
20262,19:37:08,0.099,0.582,0,0,eGFP1
20263,19:37:09,0.130,1.096,0,0,eGFP1
20264,19:37:10,0.131,0.657,0,0,eGFP1
20265,19:38:48,0.109,97.547,0,0,eGFP1
20266,19:38:48,0.317,0.526,0,0,eGFP1
20267,19:39:32,41.468,43.663,0,0,eGFP1
20268,19:39:35,0.119,3.027,0,0,eGFP1
20269,19:39:36,0.142,1.239,0,0,eGFP1
20270,19:39:38,0.474,1.560,0,0,eGFP1
20271,19:39:39,0.240,0.976,0,0,eGFP1
20272,19:39:39,0.174,0.843,0,0,eGFP1
20273,19:39:40,0.109,0.800,0,0,eGFP1
20274,19:39:41,0.131,0.658,0,0,eGFP1
20275,19:39:42,0.108,1.162,0,0,eGFP1
20276,19:39:43,0.175,0.866,0,0,eGFP1
20277,19:39:44,0.141,0.888,0,0,eGFP1
20278,19:39:45,0.154,0.878,0,0,eGFP1
20279,19:39:46,0.120,0.877,0,0,eGFP1
20280,19:39:46,0.152,0.745,0,0,eGFP1
20281,19:40:13,0.109,26.304,0,0,eGFP1
20282,19:42:08,0.185,115.566,0,0,eGFP1
20283,19:42:11,0.187,2.338,0,0,eGFP1
20284,19:47:55,0.240,344.496,0,0,eGFP1
20285,19:47:59,0.207,4.289,0,0,eGFP1
20286,19:49:04,0.187,64.583,0,0,eGFP1
20287,19:49:10,0.196,6.199,0,0,eGFP1
20288,19:49:22,0.175,11.895,0,0,eGFP1
20289,19:50:00,1.557,37.640,0,0,eGFP1
20290,19:50:37,0.197,37.870,0,0,eGFP1
20291,19:50:59,0.197,21.991,0,0,eGFP1
20292,19:51:05,0.175,5.113,0,0,eGFP1
20293,19:51:26,0.197,21.059,0,0,eGFP1
20294,19:52:05,0.187,38.914,0,0,eGFP1
20295,19:52:19,0.197,14.188,0,0,eGFP1
20296,19:52:22,0.176,3.414,0,0,eGFP1
20297,19:52:26,0.185,4.323,0,0,eGFP1
20298,19:52:39,0.174,12.707,0,0,eGFP1
20299,19:53:03,0.163,23.319,0,0,eGFP1
20300,19:53:06,0.174,3.467,0,0,eGFP1
20301,19:53:33,0.229,27.302,0,0,eGFP1
20302,19:53:59,0.220,26.196,0,0,eGFP1
20303,19:54:12,0.163,12.136,0,0,eGFP1
20304,19:54:20,0.219,8.702,0,0,eGFP1
20305,19:54:26,2.281,5.936,0,0,eGFP1
20306,19:54:30,0.339,3.741,0,0,eGFP1
20307,19:54:40,0.339,9.558,0,0,eGFP1
20308,19:54:43,0.174,3.664,0,0,eGFP1
20309,19:54:48,0.219,4.652,0,0,eGFP1
20310,19:54:49,0.167,1.363,0,0,eGFP1
20311,19:54:54,0.295,4.948,0,0,eGFP1
20312,19:54:58,0.208,3.621,0,0,eGFP1
20313,19:55:01,0.186,3.039,0,0,eGFP1
20314,19:55:02,0.186,1.283,0,0,eGFP1
20315,19:55:04,0.219,1.646,0,0,eGFP1
20316,19:55:07,0.251,2.797,0,0,eGFP1
20317,19:55:08,0.175,1.360,0,0,eGFP1
20318,19:55:10,0.318,2.238,0,0,eGFP1
20319,19:55:15,0.220,5.225,0,0,eGFP1
20320,19:55:21,0.207,5.563,0,0,eGFP1
20321,19:55:24,0.164,2.874,0,0,eGFP1
20322,19:55:25,0.186,1.064,0,0,eGFP1
20323,19:55:26,0.187,1.603,0,0,eGFP1
20324,19:55:29,0.274,2.402,0,0,eGFP1
20325,19:55:33,3.336,4.313,0,0,eGFP1
20326,19:55:34,0.229,1.195,0,0,eGFP1
20327,19:55:36,0.176,1.460,0,0,eGFP1
20328,19:55:37,0.230,1.613,0,0,eGFP1
20329,19:55:41,0.811,3.094,0,0,eGFP1
20330,19:55:42,0.317,1.283,0,0,eGFP1
20331,19:55:43,0.175,1.020,0,0,eGFP1
20332,19:55:44,0.141,0.888,0,0,eGFP1
20333,19:55:45,0.153,0.844,0,0,eGFP1
20334,19:55:45,0.120,0.877,0,0,eGFP1
20335,19:55:46,0.133,0.736,0,0,eGFP1
20336,19:55:47,0.120,0.669,0,0,eGFP1
20337,19:55:48,0.119,1.008,0,0,eGFP1
20338,19:55:49,0.142,1.107,0,0,eGFP1
20339,19:55:50,0.175,0.943,0,0,eGFP1
20340,19:55:56,0.164,5.904,0,0,eGFP1
20341,19:55:57,0.218,1.118,0,0,eGFP1
20342,19:55:58,0.153,0.713,0,0,eGFP1
20343,19:55:59,0.143,1.153,0,0,eGFP1
20344,19:56:00,0.175,0.866,0,0,eGFP1
20345,19:56:00,0.098,0.581,0,0,eGFP1
20346,19:56:01,0.109,0.768,0,0,eGFP1
20347,19:56:02,0.098,0.581,0,0,eGFP1
20348,19:56:02,0.098,0.580,0,0,eGFP1
20349,19:56:03,0.077,0.768,0,0,eGFP1
20350,19:56:04,0.154,0.703,0,0,eGFP1
20351,19:56:05,0.100,1.131,0,0,eGFP1
20352,19:56:06,0.164,0.955,0,0,eGFP1
20353,19:56:06,0.142,0.680,0,0,eGFP1
20354,19:56:07,0.120,0.921,0,0,eGFP1
20355,19:56:08,0.120,0.680,0,0,eGFP1
20356,19:56:09,0.131,1.119,0,0,eGFP1
20357,19:56:10,0.197,0.779,0,0,eGFP1
20358,19:56:11,0.109,0.801,0,0,eGFP1
20359,19:56:11,0.110,0.560,0,0,eGFP1
20360,19:56:12,0.088,0.702,0,0,eGFP1
20361,19:56:13,0.121,0.592,0,0,eGFP1
20362,19:56:14,0.088,1.218,0,0,eGFP1
20363,19:56:15,0.166,0.726,0,0,eGFP1
20364,19:56:15,0.109,0.658,0,0,eGFP1
20365,19:56:16,0.120,0.789,0,0,eGFP1
20366,19:56:17,0.099,0.637,0,0,eGFP1
20367,19:56:18,0.154,1.164,0,0,eGFP1
20368,19:56:18,0.153,0.724,0,0,eGFP1
20369,19:56:19,0.153,0.976,0,0,eGFP1
20370,19:56:20,0.110,0.703,0,0,eGFP1
20371,19:56:21,0.186,0.932,0,0,eGFP1
20372,19:56:22,0.121,0.603,0,0,eGFP1
20373,19:56:23,0.110,0.878,0,0,eGFP1
20374,19:56:23,0.132,0.603,0,0,eGFP1
20375,19:56:24,0.077,0.549,0,0,eGFP1
20376,19:56:25,0.152,0.898,0,0,eGFP1
20377,19:56:25,0.122,0.759,0,0,eGFP1
20378,19:56:26,0.131,0.779,0,0,eGFP1
20379,19:56:27,0.109,0.625,0,0,eGFP1
20380,19:56:27,0.088,0.505,0,0,eGFP1
20381,19:56:53,0.088,25.525,0,0,eGFP1
20382,20:00:55,0.176,242.098,0,0,eGFP1
20383,20:01:32,0.307,37.114,0,0,eGFP1
20384,20:04:26,0.177,174.335,0,0,eGFP1
20385,20:12:50,0.285,503.192,0,0,eGFP1
20386,20:15:41,0.274,171.359,0,0,eGFP1
20387,20:15:43,0.176,1.844,0,0,eGFP1
20388,20:15:48,0.153,5.640,0,0,eGFP1
20389,20:15:50,0.176,1.811,0,0,eGFP1
20390,20:15:52,0.166,1.450,0,0,eGFP1
20391,20:15:53,0.153,1.338,0,0,eGFP1
20392,20:15:54,0.123,0.989,0,0,eGFP1
20393,20:15:55,0.198,0.955,0,0,eGFP1
20394,20:15:56,0.120,1.273,0,0,eGFP1
20395,20:15:58,0.383,1.338,0,0,eGFP1
20396,20:15:59,0.121,1.196,0,0,eGFP1
20397,20:16:00,0.526,1.328,0,0,eGFP1
20398,20:16:01,0.153,1.217,0,0,eGFP1
20399,20:16:02,0.154,0.790,0,0,eGFP1
20400,20:16:03,0.111,0.704,0,0,eGFP1
20401,20:16:04,0.132,0.988,0,0,eGFP1
20402,20:16:05,0.131,0.834,0,0,eGFP1
20403,20:16:05,0.121,0.878,0,0,eGFP1
20404,20:16:06,0.133,0.945,0,0,eGFP1
20405,20:16:09,0.659,2.853,0,0,eGFP1
20406,20:16:10,0.099,1.010,0,0,eGFP1
20407,20:16:11,0.198,1.021,0,0,eGFP1
20408,20:16:13,0.210,1.219,0,0,eGFP1
20409,20:16:13,0.143,0.966,0,0,eGFP1
20410,20:16:15,0.165,1.032,0,0,eGFP1
20411,20:16:16,0.186,0.998,0,0,eGFP1
20412,20:16:16,0.143,0.824,0,0,eGFP1
20413,20:16:17,0.142,1.097,0,0,eGFP1
20414,20:16:18,0.220,0.977,0,0,eGFP1
20415,20:16:21,0.264,2.908,0,0,eGFP1
20416,20:16:22,0.111,1.055,0,0,eGFP1
20417,20:16:23,0.199,0.967,0,0,eGFP1
20418,20:16:24,0.187,1.010,0,0,eGFP1
20419,20:16:25,0.154,0.878,0,0,eGFP1
20420,20:16:26,0.176,0.955,0,0,eGFP1
20421,20:16:27,0.132,0.758,0,0,eGFP1
20422,20:16:28,0.177,0.989,0,0,eGFP1
20423,20:16:29,0.110,0.593,0,0,eGFP1
20424,20:16:29,0.089,0.703,0,0,eGFP1
20425,20:16:30,0.165,1.087,0,0,eGFP1
20426,20:16:33,0.209,2.415,0,0,eGFP1
20427,20:16:33,0.110,0.560,0,0,eGFP1
20428,20:16:34,0.110,1.152,0,0,eGFP1
20429,20:16:35,0.165,0.823,0,0,eGFP1
20430,20:16:36,0.132,0.944,0,0,eGFP1
20431,20:16:37,0.123,0.661,0,0,eGFP1
20432,20:16:38,0.111,1.022,0,0,eGFP1
20433,20:16:39,0.187,0.999,0,0,eGFP1
20434,20:16:40,0.143,0.845,0,0,eGFP1
20435,20:16:41,0.165,0.988,0,0,eGFP1
20436,20:16:41,0.121,0.714,0,0,eGFP1
20437,20:16:43,0.143,1.185,0,0,eGFP1
20438,20:16:44,0.538,1.460,0,0,eGFP1
20439,20:16:45,0.165,1.109,0,0,eGFP1
20440,20:16:49,2.897,3.599,0,0,eGFP1
20441,20:16:50,0.112,0.957,0,0,eGFP1
20442,20:16:50,0.121,0.593,0,0,eGFP1
20443,20:16:51,0.099,0.736,0,0,eGFP1
20444,20:16:52,0.144,0.868,0,0,eGFP1
20445,20:16:53,0.110,0.625,0,0,eGFP1
20446,20:16:53,0.132,0.845,0,0,eGFP1
20447,20:16:54,0.088,0.593,0,0,eGFP1
20448,20:16:55,0.099,0.823,0,0,eGFP1
20449,20:16:56,0.122,0.814,0,0,eGFP1
20450,20:16:56,0.121,0.603,0,0,eGFP1
20451,20:16:57,0.077,0.626,0,0,eGFP1
20452,20:16:58,0.187,1.087,0,0,eGFP1
20453,20:16:59,0.153,0.900,0,0,eGFP1
20454,20:17:00,0.153,0.746,0,0,eGFP1
20455,20:17:00,0.088,0.582,0,0,eGFP1
20456,20:17:01,0.186,0.570,0,0,eGFP1
20457,20:17:03,1.618,2.265,0,0,eGFP1
20458,20:17:06,1.591,2.600,0,0,eGFP1
20459,20:17:07,0.703,1.548,0,0,eGFP1
20460,20:17:08,0.110,1.032,0,0,eGFP1
20461,20:17:09,0.153,1.152,0,0,eGFP1
20462,20:17:10,0.143,1.142,0,0,eGFP1
20463,20:17:12,0.143,1.142,0,0,eGFP1
20464,20:17:13,0.132,0.867,0,0,eGFP1
20465,20:17:14,0.178,1.165,0,0,eGFP1
20466,20:17:15,0.177,0.901,0,0,eGFP1
20467,20:17:16,0.121,1.021,0,0,eGFP1
20468,20:17:17,0.154,1.427,0,0,eGFP1
20469,20:17:19,0.945,1.965,0,0,eGFP1
20470,20:17:21,0.177,1.834,0,0,eGFP1
20471,20:17:22,0.309,1.176,0,0,eGFP1
20472,20:17:23,0.166,1.076,0,0,eGFP1
20473,20:17:25,0.255,2.340,0,0,eGFP1
20474,20:17:26,0.352,0.539,0,0,eGFP1
20475,20:17:28,0.494,2.546,0,0,eGFP1
20476,20:17:31,0.264,2.306,0,0,eGFP1
20477,20:17:33,0.242,2.107,0,0,eGFP1
20478,20:17:37,0.297,3.634,0,0,eGFP1
20479,20:17:39,0.330,1.998,0,0,eGFP1
20480,20:17:39,0.110,0.911,0,0,eGFP1
20481,20:17:40,0.123,0.782,0,0,eGFP1
20482,20:17:41,0.121,0.955,0,0,eGFP1
20483,20:17:42,0.177,1.164,0,0,eGFP1
20484,20:17:44,0.222,1.682,0,0,eGFP1
20485,20:17:46,0.220,2.064,0,0,eGFP1
20486,20:17:48,0.231,1.471,0,0,eGFP1
20487,20:17:49,0.231,1.032,0,0,eGFP1
20488,20:17:51,0.155,2.251,0,0,eGFP1
20489,20:17:52,0.178,1.604,0,0,eGFP1
20490,20:17:53,0.199,0.967,0,0,eGFP1
20491,20:17:54,0.133,0.890,0,0,eGFP1
20492,20:17:55,0.198,1.010,0,0,eGFP1
20493,20:17:56,0.155,1.066,0,0,eGFP1
20494,20:17:57,0.154,0.846,0,0,eGFP1
20495,20:17:58,0.154,0.956,0,0,eGFP1
20496,20:17:59,0.110,0.615,0,0,eGFP1
20497,20:18:00,0.123,0.957,0,0,eGFP1
20498,20:18:01,0.134,0.968,0,0,eGFP1
20499,20:18:02,0.155,0.923,0,0,eGFP1
20500,20:18:03,0.133,0.879,0,0,eGFP1
20501,20:18:04,0.166,1.022,0,0,eGFP1
20502,20:18:04,0.176,0.846,0,0,eGFP1
20503,20:18:06,0.758,1.592,0,0,eGFP1
20504,20:18:07,0.122,0.824,0,0,eGFP1
20505,20:18:08,0.188,1.351,0,0,eGFP1
20506,20:18:09,0.211,1.067,0,0,eGFP1
20507,20:18:11,0.122,1.998,0,0,eGFP1
20508,20:18:12,0.177,1.132,0,0,eGFP1
20509,20:18:13,0.165,0.923,0,0,eGFP1
20510,20:18:14,0.165,1.021,0,0,eGFP1
20511,20:18:15,0.167,1.001,0,0,eGFP1
20512,20:18:16,0.122,0.704,0,0,eGFP1
20513,20:18:17,0.122,0.890,0,0,eGFP1
20514,20:18:18,0.134,0.869,0,0,eGFP1
20515,20:18:18,0.133,0.715,0,0,eGFP1
20516,20:18:19,0.100,0.879,0,0,eGFP1
20517,20:18:20,0.177,0.956,0,0,eGFP1
20518,20:18:21,0.122,0.945,0,0,eGFP1
20519,20:18:23,0.177,1.888,0,0,eGFP1
20520,20:18:24,0.144,1.033,0,0,eGFP1
20521,20:18:25,0.155,0.901,0,0,eGFP1
20522,20:18:26,0.157,1.024,0,0,eGFP1
20523,20:18:27,0.132,0.769,0,0,eGFP1
20524,20:18:28,0.165,0.955,0,0,eGFP1
20525,20:18:29,0.123,0.935,0,0,eGFP1
20526,20:18:29,0.132,0.681,0,0,eGFP1
20527,20:18:30,0.133,0.934,0,0,eGFP1
20528,20:18:31,0.132,1.065,0,0,eGFP1
20529,20:18:33,0.374,1.581,0,0,eGFP1
20530,20:18:36,0.266,2.867,0,0,eGFP1
20531,20:18:37,0.155,0.890,0,0,eGFP1
20532,20:18:39,0.287,2.295,0,0,eGFP1
20533,20:18:46,0.166,7.321,0,0,eGFP1
20534,20:18:47,0.133,0.913,0,0,eGFP1
20535,20:18:48,0.242,1.000,0,0,eGFP1
20536,20:18:49,0.111,0.967,0,0,eGFP1
20537,20:18:51,0.188,1.307,0,0,eGFP1
20538,20:18:52,0.224,1.189,0,0,eGFP1
20539,20:18:53,0.287,1.319,0,0,eGFP1
20540,20:18:55,1.208,2.327,0,0,eGFP1
20541,20:18:57,0.232,1.604,0,0,eGFP1
20542,20:18:59,0.375,2.218,0,0,eGFP1
20543,20:19:00,0.122,0.967,0,0,eGFP1
20544,20:19:01,0.234,1.068,0,0,eGFP1
20545,20:19:02,0.231,1.066,0,0,eGFP1
20546,20:19:03,0.167,1.067,0,0,eGFP1
20547,20:19:06,0.276,2.723,0,0,eGFP1
20548,20:19:07,0.111,0.704,0,0,eGFP1
20549,20:19:08,0.583,1.285,0,0,eGFP1
20550,20:19:09,0.111,1.011,0,0,eGFP1
20551,20:19:10,0.156,1.055,0,0,eGFP1
20552,20:19:11,0.134,1.001,0,0,eGFP1
20553,20:19:12,0.166,1.110,0,0,eGFP1
20554,20:19:13,0.134,1.034,0,0,eGFP1
20555,20:19:14,0.143,0.944,0,0,eGFP1
20556,20:19:15,0.133,0.803,0,0,eGFP1
20557,20:19:16,0.132,1.230,0,0,eGFP1
20558,20:19:17,0.154,1.131,0,0,eGFP1
20559,20:19:19,0.199,1.505,0,0,eGFP1
20560,20:19:20,0.154,1.054,0,0,eGFP1
20561,20:19:21,0.210,1.077,0,0,eGFP1
20562,20:19:22,0.134,1.385,0,0,eGFP1
20563,20:19:24,0.198,1.351,0,0,eGFP1
20564,20:19:25,0.209,1.329,0,0,eGFP1
20565,20:19:27,0.211,1.440,0,0,eGFP1
20566,20:19:28,0.177,1.143,0,0,eGFP1
20567,20:19:29,0.144,1.406,0,0,eGFP1
20568,20:19:31,1.110,1.834,0,0,eGFP1
20569,20:19:32,0.101,0.858,0,0,eGFP1
20570,20:19:33,0.156,0.869,0,0,eGFP1
20571,20:19:34,0.749,1.517,0,0,eGFP1
20572,20:19:35,0.287,1.264,0,0,eGFP1
20573,20:19:36,0.123,0.891,0,0,eGFP1
20574,20:19:38,0.188,1.461,0,0,eGFP1
20575,20:19:39,0.167,0.990,0,0,eGFP1
20576,20:19:40,0.155,0.781,0,0,eGFP1
20577,20:19:40,0.111,0.693,0,0,eGFP1
20578,20:19:41,0.144,0.967,0,0,eGFP1
20579,20:19:42,0.158,0.938,0,0,eGFP1
20580,20:19:43,0.155,1.022,0,0,eGFP1
20581,20:19:44,0.199,0.967,0,0,eGFP1
20582,20:19:45,0.090,0.529,0,0,eGFP1
20583,20:19:46,0.079,0.847,0,0,eGFP1
20584,20:19:46,0.144,0.759,0,0,eGFP1
20585,20:19:47,0.092,0.816,0,0,eGFP1
20586,20:19:48,0.145,0.891,0,0,eGFP1
20587,20:19:49,0.135,0.969,0,0,eGFP1
20588,20:19:50,0.155,1.055,0,0,eGFP1
20589,20:19:51,0.133,0.879,0,0,eGFP1
20590,20:19:52,0.144,0.989,0,0,eGFP1
20591,20:19:53,0.144,0.802,0,0,eGFP1
20592,20:19:54,0.135,1.013,0,0,eGFP1
20593,20:19:55,0.188,0.978,0,0,eGFP1
20594,20:19:55,0.100,0.550,0,0,eGFP1
20595,20:19:56,0.102,1.221,0,0,eGFP1
20596,20:19:57,0.222,0.803,0,0,eGFP1
20597,20:19:58,0.079,0.836,0,0,eGFP1
20598,20:19:59,0.145,0.705,0,0,eGFP1
20599,20:20:00,0.133,0.836,0,0,eGFP1
20600,20:20:00,0.090,0.726,0,0,eGFP1
20601,20:20:01,0.145,0.836,0,0,eGFP1
20602,20:20:02,0.145,0.858,0,0,eGFP1
20603,20:20:03,0.146,0.969,0,0,eGFP1
20604,20:20:04,0.134,1.012,0,0,eGFP1
20605,20:20:05,0.145,0.891,0,0,eGFP1
20606,20:20:06,0.113,0.782,0,0,eGFP1
20607,20:20:07,0.178,0.946,0,0,eGFP1
20608,20:20:07,0.101,0.606,0,0,eGFP1
20609,20:20:08,0.090,0.704,0,0,eGFP1
20610,20:20:09,0.145,0.935,0,0,eGFP1
20611,20:20:10,0.168,0.892,0,0,eGFP1
20612,20:20:10,0.123,0.661,0,0,eGFP1
20613,20:20:11,0.090,0.595,0,0,eGFP1
20614,20:20:12,0.145,0.957,0,0,eGFP1
20615,20:20:13,0.133,0.869,0,0,eGFP1
20616,20:20:16,0.166,3.327,0,0,eGFP1
20617,20:20:17,0.145,0.825,0,0,eGFP1
20618,20:20:18,0.178,1.122,0,0,eGFP1
20619,20:20:20,0.202,1.464,0,0,eGFP1
20620,20:20:21,0.167,0.880,0,0,eGFP1
20621,20:20:22,0.167,1.319,0,0,eGFP1
20622,20:20:23,0.178,0.935,0,0,eGFP1
20623,20:20:25,0.145,2.066,0,0,eGFP1
20624,20:20:26,0.156,1.308,0,0,eGFP1
20625,20:20:27,0.112,0.606,0,0,eGFP1
20626,20:20:28,0.090,0.836,0,0,eGFP1
20627,20:20:28,0.135,0.837,0,0,eGFP1
20628,20:20:30,0.156,1.166,0,0,eGFP1
20629,20:20:33,2.164,2.998,0,0,eGFP1
20630,20:20:34,0.441,1.177,0,0,eGFP1
20631,20:20:35,0.101,0.935,0,0,eGFP1
20632,20:20:35,0.145,0.726,0,0,eGFP1
20633,20:20:37,0.136,1.595,0,0,eGFP1
20634,20:20:38,0.189,0.990,0,0,eGFP1
20635,20:20:39,0.123,0.913,0,0,eGFP1
20636,20:20:41,0.179,2.473,0,0,eGFP1
20637,20:20:43,0.200,1.100,0,0,eGFP1
20638,20:20:45,0.222,2.142,0,0,eGFP1
20639,20:20:46,0.222,1.023,0,0,eGFP1
20640,20:20:47,0.178,1.253,0,0,eGFP1
20641,20:20:48,0.178,0.881,0,0,eGFP1
20642,20:20:49,0.156,1.121,0,0,eGFP1
20643,20:20:50,0.113,0.606,0,0,eGFP1
20644,20:20:50,0.092,0.915,0,0,eGFP1
20645,20:20:51,0.211,1.001,0,0,eGFP1
20646,20:20:54,0.157,2.144,0,0,eGFP1
20647,20:20:54,0.112,0.584,0,0,eGFP1
20648,20:20:56,0.101,2.021,0,0,eGFP1
20649,20:20:57,0.101,0.661,0,0,eGFP1
20650,20:20:58,0.178,1.012,0,0,eGFP1
20651,20:20:58,0.101,0.584,0,0,eGFP1
20652,20:20:59,0.147,0.937,0,0,eGFP1
20653,20:21:00,0.100,0.792,0,0,eGFP1
20654,20:21:01,0.155,0.956,0,0,eGFP1
20655,20:21:02,0.145,0.935,0,0,eGFP1
20656,20:21:03,0.145,0.957,0,0,eGFP1
20657,20:21:04,0.111,0.704,0,0,eGFP1
20658,20:21:05,0.144,0.803,0,0,eGFP1
20659,20:21:05,0.089,0.594,0,0,eGFP1
20660,20:21:06,0.104,0.839,0,0,eGFP1
20661,20:21:07,0.144,0.912,0,0,eGFP1
20662,20:21:08,0.156,0.869,0,0,eGFP1
20663,20:21:09,0.156,0.902,0,0,eGFP1
20664,20:21:10,0.133,0.869,0,0,eGFP1
20665,20:21:10,0.133,0.912,0,0,eGFP1
20666,20:21:11,0.148,0.861,0,0,eGFP1
20667,20:21:12,0.145,0.880,0,0,eGFP1
20668,20:21:13,0.135,0.881,0,0,eGFP1
20669,20:21:14,0.134,0.880,0,0,eGFP1
20670,20:21:15,0.123,0.847,0,0,eGFP1
20671,20:21:16,0.144,0.891,0,0,eGFP1
20672,20:21:17,0.144,0.901,0,0,eGFP1
20673,20:21:17,0.135,0.860,0,0,eGFP1
20674,20:21:18,0.134,0.935,0,0,eGFP1
20675,20:21:19,0.134,0.870,0,0,eGFP1
20676,20:21:20,0.168,0.915,0,0,eGFP1
20677,20:21:21,0.134,0.902,0,0,eGFP1
20678,20:21:22,0.156,0.815,0,0,eGFP1
20679,20:21:23,0.090,0.793,0,0,eGFP1
20680,20:21:26,0.200,2.998,0,0,eGFP1
20681,20:21:26,0.102,0.694,0,0,eGFP1
20682,20:21:27,0.157,0.914,0,0,eGFP1
20683,20:21:28,0.102,0.562,0,0,eGFP1
20684,20:21:29,0.092,0.751,0,0,eGFP1
20685,20:21:29,0.145,0.815,0,0,eGFP1
20686,20:21:30,0.134,0.880,0,0,eGFP1
20687,20:21:31,0.147,0.849,0,0,eGFP1
20688,20:21:32,0.102,0.607,0,0,eGFP1
20689,20:21:33,0.112,0.935,0,0,eGFP1
20690,20:21:33,0.113,0.552,0,0,eGFP1
20691,20:21:35,0.085,2.193,0,0,eGFP1
20692,20:21:36,0.175,0.844,0,0,eGFP1
20693,20:21:37,0.152,0.843,0,0,eGFP1
20694,20:21:38,0.108,0.569,0,0,eGFP1
20695,20:21:38,0.076,0.723,0,0,eGFP1
20696,20:21:39,0.152,0.701,0,0,eGFP1
20697,20:21:40,0.086,0.634,0,0,eGFP1
20698,20:21:40,0.130,0.756,0,0,eGFP1
20699,20:21:41,0.108,0.635,0,0,eGFP1
20700,20:21:42,0.098,0.702,0,0,eGFP1
20701,20:21:42,0.120,0.669,0,0,eGFP1
20702,20:21:43,0.108,0.723,0,0,eGFP1
20703,20:21:44,0.152,0.876,0,0,eGFP1
20704,20:21:45,0.130,0.690,0,0,eGFP1
20705,20:21:46,0.108,0.799,0,0,eGFP1
20706,20:21:46,0.130,0.646,0,0,eGFP1
20707,20:21:47,0.087,0.767,0,0,eGFP1
20708,20:21:48,0.163,0.690,0,0,eGFP1
20709,20:21:48,0.088,0.812,0,0,eGFP1
20710,20:21:49,0.141,0.789,0,0,eGFP1
20711,20:21:50,0.141,0.931,0,0,eGFP1
20712,20:21:51,0.119,0.832,0,0,eGFP1
20713,20:21:52,0.152,0.942,0,0,eGFP1
20714,20:21:53,0.129,1.029,0,0,eGFP1
20715,20:21:54,0.152,0.866,0,0,eGFP1
20716,20:21:56,0.207,2.303,0,0,eGFP1
20717,20:21:57,0.120,0.910,0,0,eGFP1
20718,20:21:58,0.152,0.899,0,0,eGFP1
20719,20:21:59,0.207,1.260,0,0,eGFP1
20720,20:22:00,0.119,0.745,0,0,eGFP1
20721,20:22:01,0.141,0.843,0,0,eGFP1
20722,20:22:02,0.142,0.745,0,0,eGFP1
20723,20:22:02,0.086,0.745,0,0,eGFP1
20724,20:22:03,0.152,0.799,0,0,eGFP1
20725,20:22:04,0.143,0.670,0,0,eGFP1
20726,20:22:04,0.086,0.536,0,0,eGFP1
20727,20:22:05,0.121,0.845,0,0,eGFP1
20728,20:22:06,0.097,0.580,0,0,eGFP1
20729,20:22:06,0.087,0.613,0,0,eGFP1
20730,20:22:07,0.120,0.811,0,0,eGFP1
20731,20:22:08,0.108,0.536,0,0,eGFP1
20732,20:22:08,0.076,0.668,0,0,eGFP1
20733,20:22:09,0.154,0.637,0,0,eGFP1
20734,20:22:10,0.075,0.701,0,0,eGFP1
20735,20:22:11,0.141,0.865,0,0,eGFP1
20736,20:22:11,0.142,0.756,0,0,eGFP1
20737,20:22:12,0.098,0.888,0,0,eGFP1
20738,20:22:16,0.240,3.708,0,0,eGFP1
20739,20:22:17,0.108,1.063,0,0,eGFP1
20740,20:22:18,0.142,0.603,0,0,eGFP1
20741,20:22:18,0.066,0.549,0,0,eGFP1
20742,20:22:19,0.130,0.910,0,0,eGFP1
20743,20:22:20,0.141,0.767,0,0,eGFP1
20744,20:22:21,0.097,0.799,0,0,eGFP1
20745,20:22:24,0.175,3.840,0,0,eGFP1
20746,20:22:25,0.108,0.591,0,0,eGFP1
20747,20:22:31,0.142,6.210,0,0,eGFP1
20748,20:22:35,0.350,3.686,0,0,eGFP1
20749,20:22:36,0.099,0.659,0,0,eGFP1
20750,20:22:36,0.109,0.811,0,0,eGFP1
20751,20:22:37,0.097,0.569,0,0,eGFP1
20752,20:22:38,0.087,0.756,0,0,eGFP1
20753,20:22:38,0.131,0.647,0,0,eGFP1
20754,20:22:39,0.087,0.768,0,0,eGFP1
20755,20:22:40,0.141,0.756,0,0,eGFP1
20756,20:22:41,0.097,0.811,0,0,eGFP1
20757,20:22:41,0.121,0.614,0,0,eGFP1
20758,20:22:42,0.109,0.833,0,0,eGFP1
20759,20:22:43,0.142,0.888,0,0,eGFP1
20760,20:22:44,0.153,0.855,0,0,eGFP1
20761,20:22:45,0.108,0.723,0,0,eGFP1
20762,20:22:46,0.142,0.855,0,0,eGFP1
20763,20:22:46,0.119,0.602,0,0,eGFP1
20764,20:22:47,0.087,0.713,0,0,eGFP1
20765,20:22:48,0.152,0.942,0,0,eGFP1
20766,20:22:49,0.154,0.758,0,0,eGFP1
20767,20:22:49,0.099,0.614,0,0,eGFP1
20768,20:22:50,0.087,0.647,0,0,eGFP1
20769,20:22:51,0.141,0.898,0,0,eGFP1
20770,20:22:52,0.142,0.877,0,0,eGFP1
20771,20:22:52,0.131,0.734,0,0,eGFP1
20772,20:22:53,0.098,0.679,0,0,eGFP1
20773,20:22:54,0.142,0.888,0,0,eGFP1
20774,20:22:55,0.143,0.933,0,0,eGFP1
20775,20:22:56,0.142,0.866,0,0,eGFP1
20776,20:22:56,0.141,0.734,0,0,eGFP1
20777,20:22:57,0.087,0.602,0,0,eGFP1
20778,20:22:59,0.460,1.547,0,0,eGFP1
20779,20:23:00,0.405,1.304,0,0,eGFP1
20780,20:23:01,0.175,0.691,0,0,eGFP1
20781,20:23:01,0.077,0.604,0,0,eGFP1
20782,20:23:02,0.132,0.823,0,0,eGFP1
20783,20:23:03,0.109,0.800,0,0,eGFP1
20784,20:23:03,0.120,0.624,0,0,eGFP1
20785,20:23:04,0.098,0.625,0,0,eGFP1
20786,20:23:05,0.120,0.668,0,0,eGFP1
20787,20:23:05,0.098,0.515,0,0,eGFP1
20788,20:23:06,0.088,0.615,0,0,eGFP1
20789,20:23:06,0.097,0.657,0,0,eGFP1
20790,20:23:07,0.121,0.769,0,0,eGFP1
20791,20:23:08,0.109,0.734,0,0,eGFP1
20792,20:23:09,0.142,0.888,0,0,eGFP1
20793,20:23:10,0.142,0.789,0,0,eGFP1
20794,20:23:10,0.100,0.714,0,0,eGFP1
20795,20:23:11,0.131,0.822,0,0,eGFP1
20796,20:23:12,0.142,0.823,0,0,eGFP1
20797,20:23:13,0.119,0.712,0,0,eGFP1
20798,20:23:13,0.099,0.703,0,0,eGFP1
20799,20:23:14,0.131,0.680,0,0,eGFP1
20800,20:23:15,0.097,0.558,0,0,eGFP1
20801,20:23:15,0.109,0.812,0,0,eGFP1
20802,20:23:16,0.120,0.811,0,0,eGFP1
20803,20:23:17,0.142,0.789,0,0,eGFP1
20804,20:23:18,0.131,0.921,0,0,eGFP1
20805,20:23:19,0.120,0.658,0,0,eGFP1
20806,20:23:20,0.110,1.295,0,0,eGFP1
20807,20:23:21,0.186,0.779,0,0,eGFP1
20808,20:23:21,0.099,0.681,0,0,eGFP1
20809,20:23:22,0.098,0.581,0,0,eGFP1
20810,20:23:26,0.098,4.027,0,0,eGFP1
20811,20:23:27,0.174,0.767,0,0,eGFP1
20812,20:23:27,0.109,0.702,0,0,eGFP1
20813,20:23:28,0.163,0.976,0,0,eGFP1
20814,20:23:29,0.110,0.549,0,0,eGFP1
20815,20:23:30,0.087,0.724,0,0,eGFP1
20816,20:23:30,0.131,0.767,0,0,eGFP1
20817,20:23:31,0.131,0.790,0,0,eGFP1
20818,20:23:32,0.120,0.690,0,0,eGFP1
20819,20:23:33,0.098,0.713,0,0,eGFP1
20820,20:23:33,0.109,0.702,0,0,eGFP1
20821,20:23:34,0.132,0.856,0,0,eGFP1
20822,20:23:35,0.133,0.714,0,0,eGFP1
20823,20:23:36,0.109,0.713,0,0,eGFP1
20824,20:23:36,0.098,0.669,0,0,eGFP1
20825,20:23:37,0.153,0.899,0,0,eGFP1
20826,20:23:38,0.109,0.801,0,0,eGFP1
20827,20:23:39,0.131,0.833,0,0,eGFP1
20828,20:23:40,0.131,0.768,0,0,eGFP1
20829,20:23:40,0.098,0.790,0,0,eGFP1
20830,20:23:41,0.131,0.658,0,0,eGFP1
20831,20:23:42,0.099,0.769,0,0,eGFP1
20832,20:23:43,0.142,0.724,0,0,eGFP1
20833,20:23:43,0.109,0.877,0,0,eGFP1
20834,20:23:44,0.175,1.020,0,0,eGFP1
20835,20:23:45,0.122,0.714,0,0,eGFP1
20836,20:23:46,0.131,0.932,0,0,eGFP1
20837,20:23:47,0.143,0.867,0,0,eGFP1
20838,20:23:48,0.131,0.932,0,0,eGFP1
20839,20:23:49,0.155,0.769,0,0,eGFP1
20840,20:23:49,0.088,0.560,0,0,eGFP1
20841,20:23:52,0.120,2.776,0,0,eGFP1
20842,20:23:53,0.098,0.647,0,0,eGFP1
20843,20:23:53,0.142,0.811,0,0,eGFP1
20844,20:23:54,0.110,0.812,0,0,eGFP1
20845,20:23:55,0.142,0.823,0,0,eGFP1
20846,20:23:56,0.120,0.789,0,0,eGFP1
20847,20:23:57,0.144,0.671,0,0,eGFP1
20848,20:23:57,0.088,0.648,0,0,eGFP1
20849,20:23:58,0.142,0.691,0,0,eGFP1
20850,20:23:59,0.087,0.636,0,0,eGFP1
20851,20:23:59,0.131,0.921,0,0,eGFP1
20852,20:24:00,0.153,0.888,0,0,eGFP1
20853,20:24:01,0.153,0.954,0,0,eGFP1
20854,20:24:02,0.132,0.790,0,0,eGFP1
20855,20:24:03,0.122,0.802,0,0,eGFP1
20856,20:24:03,0.099,0.560,0,0,eGFP1
20857,20:24:04,0.131,0.866,0,0,eGFP1
20858,20:24:05,0.088,0.527,0,0,eGFP1
20859,20:24:06,0.098,0.888,0,0,eGFP1
20860,20:24:07,0.143,0.867,0,0,eGFP1
20861,20:24:07,0.131,0.834,0,0,eGFP1
20862,20:24:08,0.143,0.769,0,0,eGFP1
20863,20:24:09,0.089,0.517,0,0,eGFP1
20864,20:24:10,0.087,1.042,0,0,eGFP1
20865,20:24:11,0.154,0.856,0,0,eGFP1
20866,20:24:11,0.131,0.856,0,0,eGFP1
20867,20:24:12,0.131,0.702,0,0,eGFP1
20868,20:24:13,0.098,0.834,0,0,eGFP1
20869,20:24:14,0.131,0.680,0,0,eGFP1
20870,20:24:15,0.099,0.812,0,0,eGFP1
20871,20:24:15,0.133,0.638,0,0,eGFP1
20872,20:24:16,0.087,0.691,0,0,eGFP1
20873,20:24:17,0.120,0.735,0,0,eGFP1
20874,20:24:17,0.120,0.768,0,0,eGFP1
20875,20:24:18,0.100,0.550,0,0,eGFP1
20876,20:24:19,0.087,0.965,0,0,eGFP1
20877,20:24:20,0.142,0.855,0,0,eGFP1
20878,20:24:21,0.165,0.812,0,0,eGFP1
20879,20:24:21,0.089,0.682,0,0,eGFP1
20880,20:24:22,0.197,0.954,0,0,eGFP1
20881,20:24:23,0.109,0.680,0,0,eGFP1
20882,20:24:24,0.120,0.702,0,0,eGFP1
20883,20:24:24,0.098,0.790,0,0,eGFP1
20884,20:24:25,0.120,0.811,0,0,eGFP1
20885,20:24:26,0.143,1.043,0,0,eGFP1
20886,20:24:28,1.064,1.920,0,0,eGFP1
20887,20:24:29,0.098,0.757,0,0,eGFP1
20888,20:24:30,0.141,0.667,0,0,eGFP1
20889,20:24:30,0.089,0.627,0,0,eGFP1
20890,20:24:31,0.154,0.922,0,0,eGFP1
20891,20:24:32,0.132,0.823,0,0,eGFP1
20892,20:24:33,0.110,0.724,0,0,eGFP1
20893,20:24:33,0.132,0.845,0,0,eGFP1
20894,20:24:34,0.143,0.779,0,0,eGFP1
20895,20:24:35,0.099,0.736,0,0,eGFP1
20896,20:24:36,0.144,0.704,0,0,eGFP1
20897,20:24:36,0.087,0.592,0,0,eGFP1
20898,20:24:37,0.099,0.615,0,0,eGFP1
20899,20:24:38,0.121,0.922,0,0,eGFP1
20900,20:24:39,0.153,0.812,0,0,eGFP1
20901,20:24:40,0.121,0.867,0,0,eGFP1
20902,20:24:40,0.155,0.912,0,0,eGFP1
20903,20:24:41,0.110,0.637,0,0,eGFP1
20904,20:24:42,0.111,0.813,0,0,eGFP1
20905,20:24:43,0.110,0.747,0,0,eGFP1
20906,20:24:44,0.143,0.933,0,0,eGFP1
20907,20:24:44,0.153,0.823,0,0,eGFP1
20908,20:24:45,0.165,0.944,0,0,eGFP1
20909,20:24:46,0.110,0.593,0,0,eGFP1
20910,20:24:47,0.088,0.845,0,0,eGFP1
20911,20:24:47,0.143,0.724,0,0,eGFP1
20912,20:24:48,0.123,0.770,0,0,eGFP1
20913,20:24:49,0.110,0.768,0,0,eGFP1
20914,20:24:50,0.143,0.779,0,0,eGFP1
20915,20:24:51,0.121,0.922,0,0,eGFP1
20916,20:24:52,0.144,0.912,0,0,eGFP1
20917,20:24:53,0.165,0.878,0,0,eGFP1
20918,20:24:53,0.099,0.680,0,0,eGFP1
20919,20:24:56,0.329,2.810,0,0,eGFP1
20920,20:24:57,0.089,0.660,0,0,eGFP1
20921,20:24:57,0.175,0.801,0,0,eGFP1
20922,20:24:58,0.088,0.648,0,0,eGFP1
20923,20:24:59,0.121,0.812,0,0,eGFP1
20924,20:25:00,0.121,0.779,0,0,eGFP1
20925,20:25:00,0.143,0.780,0,0,eGFP1
20926,20:25:01,0.132,0.878,0,0,eGFP1
20927,20:25:02,0.110,0.648,0,0,eGFP1
20928,20:25:03,0.100,0.803,0,0,eGFP1
20929,20:25:03,0.111,0.594,0,0,eGFP1
20930,20:25:04,0.088,0.845,0,0,eGFP1
20931,20:25:05,0.144,0.846,0,0,eGFP1
20932,20:25:06,0.165,0.867,0,0,eGFP1
20933,20:25:07,0.121,0.824,0,0,eGFP1
20934,20:25:08,0.143,0.933,0,0,eGFP1
20935,20:25:08,0.132,0.735,0,0,eGFP1
20936,20:25:09,0.112,0.836,0,0,eGFP1
20937,20:25:10,0.154,0.901,0,0,eGFP1
20938,20:25:11,0.132,0.911,0,0,eGFP1
20939,20:25:12,0.165,0.889,0,0,eGFP1
20940,20:25:13,0.110,0.922,0,0,eGFP1
20941,20:25:14,0.122,0.890,0,0,eGFP1
20942,20:25:14,0.110,0.615,0,0,eGFP1
20943,20:25:15,0.100,0.912,0,0,eGFP1
20944,20:25:16,0.211,1.144,0,0,eGFP1
20945,20:25:17,0.121,0.878,0,0,eGFP1
20946,20:25:18,0.165,1.010,0,0,eGFP1
20947,20:25:19,0.132,0.857,0,0,eGFP1
20948,20:25:20,0.110,0.702,0,0,eGFP1
20949,20:25:21,0.122,0.747,0,0,eGFP1
20950,20:25:21,0.111,0.692,0,0,eGFP1
20951,20:25:22,0.102,0.541,0,0,eGFP1
20952,20:25:23,0.088,0.801,0,0,eGFP1
20953,20:25:24,0.200,1.089,0,0,eGFP1
20954,20:25:24,0.088,0.538,0,0,eGFP1
20955,20:25:25,0.088,0.900,0,0,eGFP1
20956,20:25:26,0.145,0.782,0,0,eGFP1
20957,20:25:27,0.099,0.549,0,0,eGFP1
20958,20:25:27,0.088,0.736,0,0,eGFP1
20959,20:25:28,0.132,0.791,0,0,eGFP1
20960,20:25:29,0.132,0.944,0,0,eGFP1
20961,20:25:30,0.123,0.869,0,0,eGFP1
20962,20:25:31,0.133,0.868,0,0,eGFP1
20963,20:25:31,0.132,0.626,0,0,eGFP1
20964,20:25:33,0.089,1.263,0,0,eGFP1
20965,20:25:35,1.965,2.810,0,0,eGFP1
20966,20:25:36,0.088,0.648,0,0,eGFP1
20967,20:25:37,0.166,0.945,0,0,eGFP1
20968,20:25:38,0.099,0.615,0,0,eGFP1
20969,20:25:39,0.123,1.231,0,0,eGFP1
20970,20:25:40,0.132,0.647,0,0,eGFP1
20971,20:25:40,0.111,0.791,0,0,eGFP1
20972,20:25:41,0.111,0.692,0,0,eGFP1
20973,20:25:42,0.133,0.769,0,0,eGFP1
20974,20:25:42,0.089,0.693,0,0,eGFP1
20975,20:25:43,0.154,0.714,0,0,eGFP1
20976,20:25:44,0.088,0.615,0,0,eGFP1
20977,20:25:45,0.159,0.883,0,0,eGFP1
20978,20:25:45,0.099,0.538,0,0,eGFP1
20979,20:25:46,0.089,0.879,0,0,eGFP1
20980,20:25:47,0.110,0.560,0,0,eGFP1
20981,20:25:47,0.077,0.780,0,0,eGFP1
20982,20:25:48,0.165,0.724,0,0,eGFP1
20983,20:25:49,0.082,0.543,0,0,eGFP1
20984,20:25:50,0.099,0.791,0,0,eGFP1
20985,20:25:50,0.122,0.846,0,0,eGFP1
20986,20:25:51,0.100,0.583,0,0,eGFP1
20987,20:25:52,0.143,1.273,0,0,eGFP1
20988,20:25:53,0.143,0.681,0,0,eGFP1
20989,20:25:55,0.110,1.691,0,0,eGFP1
20990,20:25:55,0.307,0.527,0,0,eGFP1
20991,20:25:57,1.647,2.371,0,0,eGFP1
20992,20:25:58,0.113,0.683,0,0,eGFP1
20993,20:25:59,0.112,0.584,0,0,eGFP1
20994,20:26:00,0.088,0.835,0,0,eGFP1
20995,20:26:00,0.165,0.757,0,0,eGFP1
20996,20:26:01,0.101,0.650,0,0,eGFP1
20997,20:26:02,0.100,0.594,0,0,eGFP1
20998,20:26:02,0.110,0.879,0,0,eGFP1
20999,20:26:03,0.132,0.692,0,0,eGFP1
21000,20:26:04,0.089,0.616,0,0,eGFP1
21001,20:26:05,0.123,0.858,0,0,eGFP1
21002,20:26:05,0.122,0.715,0,0,eGFP1
21003,20:26:06,0.089,0.517,0,0,eGFP1
21004,20:26:07,0.089,0.835,0,0,eGFP1
21005,20:26:07,0.144,0.725,0,0,eGFP1
21006,20:26:08,0.133,0.835,0,0,eGFP1
21007,20:26:09,0.100,0.638,0,0,eGFP1
21008,20:26:10,0.166,1.121,0,0,eGFP1
21009,20:26:11,0.123,0.661,0,0,eGFP1
21010,20:26:12,0.123,1.034,0,0,eGFP1
21011,20:26:12,0.111,0.637,0,0,eGFP1
21012,20:26:13,0.122,0.737,0,0,eGFP1
21013,20:26:14,0.133,0.989,0,0,eGFP1
21014,20:26:15,0.144,0.879,0,0,eGFP1
21015,20:26:16,0.122,0.682,0,0,eGFP1
21016,20:26:16,0.100,0.736,0,0,eGFP1
21017,20:26:17,0.133,0.660,0,0,eGFP1
21018,20:26:18,0.101,0.793,0,0,eGFP1
21019,20:26:18,0.133,0.626,0,0,eGFP1
21020,20:26:19,0.089,0.682,0,0,eGFP1
21021,20:27:54,0.210,95.168,0,0,eGFP1
21022,20:27:55,0.177,1.044,0,0,eGFP1
21023,20:27:56,0.156,1.023,0,0,eGFP1
21024,20:27:58,0.210,1.176,0,0,eGFP1
21025,20:27:59,0.210,1.110,0,0,eGFP1
21026,20:28:00,0.441,1.275,0,0,eGFP1
21027,20:28:04,0.265,3.941,0,0,eGFP1
21028,20:28:05,0.221,0.946,0,0,eGFP1
21029,20:28:06,0.155,0.813,0,0,eGFP1
21030,20:28:07,0.111,1.055,0,0,eGFP1
21031,20:28:08,0.133,0.835,0,0,eGFP1
21032,20:28:09,0.199,1.033,0,0,eGFP1
21033,20:28:09,0.156,0.704,0,0,eGFP1
21034,20:28:10,0.102,0.771,0,0,eGFP1
21035,20:28:11,0.155,0.956,0,0,eGFP1
21036,20:28:12,0.112,0.573,0,0,eGFP1
21037,20:28:13,0.101,1.670,0,0,eGFP1
21038,20:28:14,0.112,0.660,0,0,eGFP1
21039,20:31:06,0.145,172.031,0,0,eGFP1
21040,20:31:08,0.846,1.900,0,0,eGFP1
21041,20:31:29,0.210,20.852,0,0,eGFP1
21042,20:31:56,0.211,26.834,0,0,eGFP1
21043,20:31:57,0.232,1.077,0,0,eGFP1
21044,20:31:58,0.155,1.142,0,0,eGFP1
21045,20:31:59,0.155,1.110,0,0,eGFP1
21046,20:32:00,0.176,0.879,0,0,eGFP1
21047,20:32:01,0.110,1.263,0,0,eGFP1
21048,20:32:02,0.451,1.175,0,0,eGFP1
21049,20:32:03,0.111,0.813,0,0,eGFP1
21050,20:32:04,0.180,0.872,0,0,eGFP1
21051,20:32:04,0.100,0.583,0,0,eGFP1
21052,20:32:06,0.144,1.143,0,0,eGFP1
21053,20:32:06,0.122,0.605,0,0,eGFP1
21054,20:32:07,0.122,0.934,0,0,eGFP1
21055,20:32:08,0.112,0.540,0,0,eGFP1
21056,20:32:08,0.078,0.847,0,0,eGFP1
21057,20:32:09,0.144,0.868,0,0,eGFP1
21058,20:32:10,0.146,0.892,0,0,eGFP1
21059,20:32:11,0.112,0.573,0,0,eGFP1
21060,20:32:12,0.089,0.737,0,0,eGFP1
21061,20:32:12,0.133,0.627,0,0,eGFP1
21062,20:32:13,0.078,0.484,0,0,eGFP1
21063,20:32:14,0.090,0.847,0,0,eGFP1
21064,20:32:14,0.124,0.574,0,0,eGFP1
21065,20:32:33,0.078,19.382,0,0,eGFP1
21066,20:32:35,0.179,1.100,0,0,eGFP1
21067,20:32:36,0.145,1.143,0,0,eGFP1
21068,20:32:37,0.145,0.814,0,0,eGFP1
21069,20:32:38,0.178,1.121,0,0,eGFP1
21070,20:32:39,0.189,0.990,0,0,eGFP1
21071,20:32:40,0.122,1.000,0,0,eGFP1
21072,20:32:41,0.134,0.990,0,0,eGFP1
21073,20:32:42,0.125,0.981,0,0,eGFP1
21074,20:32:43,0.156,0.946,0,0,eGFP1
21075,20:32:43,0.112,0.935,0,0,eGFP1
21076,20:32:45,0.167,1.088,0,0,eGFP1
21077,20:32:45,0.135,0.871,0,0,eGFP1
21078,20:32:47,0.210,1.209,0,0,eGFP1
21079,20:32:48,0.210,0.945,0,0,eGFP1
21080,20:32:48,0.134,0.869,0,0,eGFP1
21081,20:32:50,0.167,1.352,0,0,eGFP1
21082,20:32:51,0.210,1.033,0,0,eGFP1
21083,20:32:52,0.124,0.651,0,0,eGFP1
21084,20:32:52,0.112,0.704,0,0,eGFP1
21085,20:32:53,0.167,0.979,0,0,eGFP1
21086,20:32:54,0.112,0.638,0,0,eGFP1
21087,20:32:55,0.101,0.792,0,0,eGFP1
21088,20:32:55,0.145,0.694,0,0,eGFP1
21089,20:32:56,0.079,0.792,0,0,eGFP1
21090,20:32:57,0.123,0.583,0,0,eGFP1
21091,20:33:50,0.081,53.064,0,0,eGFP1
21092,20:33:51,0.473,1.505,0,0,eGFP1
21093,20:33:53,0.276,2.075,0,0,eGFP1
21094,20:33:54,0.188,0.891,0,0,eGFP1
21095,20:44:36,0.166,641.817,0,0,eGFP1
21096,20:44:39,0.210,3.195,0,0,eGFP1
21097,20:44:41,0.177,2.108,0,0,eGFP1
21098,20:44:42,0.188,1.165,0,0,eGFP1
21099,20:44:43,0.178,0.990,0,0,eGFP1
21100,20:44:49,0.133,5.127,0,0,eGFP1
21101,20:44:50,0.879,1.834,0,0,eGFP1
21102,20:44:51,0.144,0.934,0,0,eGFP1
21103,20:44:52,0.188,1.121,0,0,eGFP1
21104,20:44:53,0.134,0.782,0,0,eGFP1
21105,20:44:54,0.144,1.033,0,0,eGFP1
21106,20:44:55,0.145,0.782,0,0,eGFP1
21107,20:44:56,0.135,0.903,0,0,eGFP1
21108,20:44:57,0.144,1.011,0,0,eGFP1
21109,20:44:58,0.177,0.880,0,0,eGFP1
21110,20:44:58,0.100,0.550,0,0,eGFP1
21111,20:44:59,0.078,1.000,0,0,eGFP1
21112,20:45:00,0.166,0.715,0,0,eGFP1
21113,20:45:01,0.100,0.814,0,0,eGFP1
21114,20:45:02,0.189,0.979,0,0,eGFP1
21115,20:45:03,0.124,0.596,0,0,eGFP1
21116,20:45:04,0.112,1.045,0,0,eGFP1
21117,20:45:04,0.179,0.892,0,0,eGFP1
21118,20:45:05,0.145,0.848,0,0,eGFP1
21119,20:45:06,0.101,0.518,0,0,eGFP1
21120,20:45:07,0.101,1.001,0,0,eGFP1
21121,20:45:07,0.123,0.616,0,0,eGFP1
21122,20:45:08,0.102,0.870,0,0,eGFP1
21123,20:45:09,0.212,0.947,0,0,eGFP1
21124,20:45:10,0.134,0.814,0,0,eGFP1
21125,20:45:11,0.156,0.968,0,0,eGFP1
21126,20:45:12,0.123,0.606,0,0,eGFP1
21127,20:45:12,0.090,0.716,0,0,eGFP1
21128,20:45:13,0.167,0.891,0,0,eGFP1
21129,20:45:14,0.101,1.023,0,0,eGFP1
21130,20:45:15,0.178,0.804,0,0,eGFP1
21131,20:45:16,0.092,0.663,0,0,eGFP1
21132,20:45:17,0.178,0.902,0,0,eGFP1
21133,20:45:17,0.101,0.551,0,0,eGFP1
21134,20:45:18,0.090,0.540,0,0,eGFP1
21135,20:45:19,0.102,1.001,0,0,eGFP1
21136,20:45:20,0.178,0.881,0,0,eGFP1
21137,20:45:20,0.090,0.704,0,0,eGFP1
21138,20:45:24,0.167,3.251,0,0,eGFP1
21139,20:45:24,0.168,0.684,0,0,eGFP1
21140,20:45:25,0.091,0.573,0,0,eGFP1
21141,20:45:25,0.091,0.595,0,0,eGFP1
21142,20:45:26,0.113,0.585,0,0,eGFP1
21143,20:45:27,0.090,0.660,0,0,eGFP1
21144,20:45:27,0.169,0.805,0,0,eGFP1
21145,20:45:28,0.113,0.914,0,0,eGFP1
21146,20:45:29,0.123,0.726,0,0,eGFP1
21147,20:47:26,0.200,116.964,0,0,eGFP1
21148,20:47:38,0.234,11.691,0,0,eGFP1
21149,21:27:03,0.222,2365.048,0,0,eGFP1
21150,21:27:04,0.343,0.892,0,0,eGFP1
21151,21:27:11,1.154,7.783,0,0,eGFP1
21152,21:27:13,0.244,1.978,0,0,eGFP1
21153,21:27:15,0.715,1.879,0,0,eGFP1
21154,21:27:19,2.175,3.876,0,0,eGFP1
21155,21:27:24,0.321,4.765,0,0,eGFP1
21156,21:27:26,0.761,1.584,0,0,eGFP1
21157,21:27:26,0.201,0.442,0,0,eGFP1
21158,21:27:30,0.355,3.933,0,0,eGFP1
21159,21:27:31,0.200,1.561,0,0,eGFP1
21160,21:27:33,0.156,1.857,0,0,eGFP1
21161,21:27:35,0.474,1.451,0,0,eGFP1
21162,21:27:38,0.123,3.405,0,0,eGFP1
21163,21:27:40,0.101,2.054,0,0,eGFP1
21164,21:27:41,0.125,0.674,0,0,eGFP1
21165,21:27:42,0.123,1.056,0,0,eGFP1
21166,21:27:43,0.101,0.880,0,0,eGFP1
21167,21:27:44,0.245,0.870,0,0,eGFP1
21168,21:27:44,0.091,0.771,0,0,eGFP1
21169,21:27:45,0.167,0.968,0,0,eGFP1
21170,21:27:46,0.124,1.046,0,0,eGFP1
21171,21:27:48,0.289,1.057,0,0,eGFP1
21172,21:27:49,1.080,1.947,0,0,eGFP1
21173,21:27:50,0.100,0.638,0,0,eGFP1
21174,21:27:51,0.134,0.946,0,0,eGFP1
21175,21:27:52,0.144,0.693,0,0,eGFP1
21176,21:27:52,0.101,0.639,0,0,eGFP1
21177,21:27:53,0.112,0.924,0,0,eGFP1
21178,21:27:54,0.177,0.847,0,0,eGFP1
21179,21:27:55,0.101,1.088,0,0,eGFP1
21180,21:27:56,0.191,0.937,0,0,eGFP1
21181,21:27:57,0.146,0.914,0,0,eGFP1
21182,21:27:58,0.131,0.746,0,0,eGFP1
21183,21:27:58,0.097,0.613,0,0,eGFP1
21184,21:27:59,0.108,0.865,0,0,eGFP1
21185,21:28:01,0.219,1.163,0,0,eGFP1
21186,21:28:03,0.108,2.335,0,0,eGFP1
21187,21:28:04,0.163,0.657,0,0,eGFP1
21188,21:28:04,0.088,0.867,0,0,eGFP1
21189,21:28:05,0.152,0.876,0,0,eGFP1
21190,21:28:06,0.119,0.745,0,0,eGFP1
21191,21:28:07,0.086,0.536,0,0,eGFP1
21192,21:28:08,0.108,1.019,0,0,eGFP1
21193,21:28:08,0.163,0.810,0,0,eGFP1
21194,21:28:09,0.119,0.624,0,0,eGFP1
21195,21:28:10,0.097,0.613,0,0,eGFP1
21196,21:28:11,0.121,1.086,0,0,eGFP1
21197,21:28:12,0.152,0.910,0,0,eGFP1
21198,21:28:12,0.164,0.899,0,0,eGFP1
21199,21:28:13,0.086,0.635,0,0,eGFP1
21200,21:28:14,0.163,1.030,0,0,eGFP1
21201,21:28:15,0.119,0.745,0,0,eGFP1
21202,21:28:16,0.119,0.931,0,0,eGFP1
21203,21:28:17,0.119,0.701,0,0,eGFP1
21204,21:30:09,0.175,112.878,0,0,eGFP1
21205,21:30:11,0.130,1.546,0,0,eGFP1
21206,21:30:42,0.361,30.759,0,0,eGFP1
21207,21:30:42,0.207,0.766,0,0,eGFP1
21208,21:30:44,0.339,1.974,0,0,eGFP1
21209,21:32:25,0.185,100.992,0,0,eGFP1
21210,21:32:27,0.317,1.535,0,0,eGFP1
21211,21:32:30,0.306,2.973,0,0,eGFP1
21212,21:32:31,0.173,1.270,0,0,eGFP1
21213,21:32:32,0.143,1.174,0,0,eGFP1
21214,21:32:33,0.185,1.107,0,0,eGFP1
21215,21:32:35,0.163,1.107,0,0,eGFP1
21216,21:32:36,0.207,1.195,0,0,eGFP1
21217,21:32:37,0.130,0.953,0,0,eGFP1
21218,21:32:38,0.218,1.096,0,0,eGFP1
21219,21:32:39,0.130,0.789,0,0,eGFP1
21220,21:32:40,0.130,0.909,0,0,eGFP1
21221,21:32:41,0.165,1.295,0,0,eGFP1
21222,21:32:42,0.152,0.778,0,0,eGFP1
21223,21:32:43,0.174,1.348,0,0,eGFP1
21224,21:32:44,0.120,1.041,0,0,eGFP1
21225,21:32:45,0.154,0.725,0,0,eGFP1
21226,21:32:46,0.097,0.821,0,0,eGFP1
21227,21:32:46,0.164,0.921,0,0,eGFP1
21228,21:32:47,0.130,0.822,0,0,eGFP1
21229,21:32:48,0.120,0.702,0,0,eGFP1
21230,21:32:49,0.130,0.789,0,0,eGFP1
21231,21:32:50,0.141,0.854,0,0,eGFP1
21232,21:32:50,0.131,0.778,0,0,eGFP1
21233,21:32:51,0.098,0.657,0,0,eGFP1
21234,21:32:52,0.372,1.415,0,0,eGFP1
21235,21:32:53,0.097,0.690,0,0,eGFP1
21236,21:32:54,0.121,0.637,0,0,eGFP1
21237,21:32:54,0.099,0.648,0,0,eGFP1
21238,21:32:55,0.131,0.757,0,0,eGFP1
21239,21:32:56,0.108,0.898,0,0,eGFP1
21240,21:32:57,0.153,0.756,0,0,eGFP1
21241,21:32:57,0.087,0.548,0,0,eGFP1
21242,21:32:59,0.119,1.085,0,0,eGFP1
21243,21:33:00,0.602,1.930,0,0,eGFP1
21244,21:33:02,0.767,1.305,0,0,eGFP1
21245,21:33:03,0.395,1.196,0,0,eGFP1
21246,21:33:08,0.141,5.365,0,0,eGFP1
21247,21:43:20,0.174,611.823,0,0,eGFP1
21248,21:43:25,1.623,4.794,0,0,eGFP1
21249,21:43:26,0.175,1.228,0,0,eGFP1
21250,21:43:33,0.273,6.825,0,0,eGFP1
21251,21:43:34,0.284,1.118,0,0,eGFP1
21252,21:43:35,0.110,1.218,0,0,eGFP1
21253,21:43:36,0.121,0.802,0,0,eGFP1
21254,21:43:37,0.141,0.800,0,0,eGFP1
21255,21:43:37,0.108,0.602,0,0,eGFP1
21256,21:43:38,0.098,0.844,0,0,eGFP1
21257,21:43:39,0.186,1.020,0,0,eGFP1
21258,21:43:40,0.108,0.657,0,0,eGFP1
21259,21:43:41,0.152,0.866,0,0,eGFP1
21260,21:43:41,0.087,0.536,0,0,eGFP1
21261,21:43:43,0.100,1.877,0,0,eGFP1
21262,21:43:44,0.109,1.031,0,0,eGFP1
21263,21:43:45,0.152,0.767,0,0,eGFP1
21264,21:43:46,0.087,0.581,0,0,eGFP1
21265,21:43:47,0.153,1.119,0,0,eGFP1
21266,21:43:47,0.098,0.570,0,0,eGFP1
21267,21:43:48,0.152,0.646,0,0,eGFP1
21268,21:43:52,0.976,4.411,0,0,eGFP1
21269,21:43:54,0.165,1.427,0,0,eGFP1
21270,21:43:55,0.098,0.745,0,0,eGFP1
21271,21:43:55,0.164,0.877,0,0,eGFP1
21272,21:43:56,0.109,0.756,0,0,eGFP1
21273,21:43:57,0.131,0.899,0,0,eGFP1
21274,21:43:58,0.109,0.570,0,0,eGFP1
21275,21:43:58,0.098,0.734,0,0,eGFP1
21276,21:43:59,0.142,0.767,0,0,eGFP1
21277,21:44:00,0.109,0.647,0,0,eGFP1
21278,21:44:01,0.110,0.823,0,0,eGFP1
21279,21:44:01,0.111,0.594,0,0,eGFP1
21280,21:44:02,0.097,0.964,0,0,eGFP1
21281,21:44:03,0.164,0.921,0,0,eGFP1
21282,21:44:04,0.131,0.724,0,0,eGFP1
21283,21:44:05,0.098,0.635,0,0,eGFP1
21284,21:44:05,0.120,0.866,0,0,eGFP1
21285,21:44:07,0.153,1.174,0,0,eGFP1
21286,21:44:07,0.099,0.549,0,0,eGFP1
21287,21:44:08,0.087,0.658,0,0,eGFP1
21288,21:44:10,0.119,1.963,0,0,eGFP1
21289,21:44:11,0.208,1.009,0,0,eGFP1
21290,21:44:12,0.175,1.305,0,0,eGFP1
21291,21:44:13,0.197,1.250,0,0,eGFP1
21292,21:44:14,0.220,1.164,0,0,eGFP1
21293,21:44:16,0.241,1.349,0,0,eGFP1
21294,21:44:20,0.242,4.401,0,0,eGFP1
21295,21:44:21,0.131,1.119,0,0,eGFP1
21296,21:44:22,0.153,0.811,0,0,eGFP1
21297,21:44:23,0.131,0.734,0,0,eGFP1
21298,21:44:24,0.142,0.987,0,0,eGFP1
21299,21:44:25,0.109,0.691,0,0,eGFP1
21300,21:44:25,0.098,0.822,0,0,eGFP1
21301,21:44:26,0.131,0.625,0,0,eGFP1
21302,21:44:27,0.099,0.890,0,0,eGFP1
21303,21:44:28,0.273,1.019,0,0,eGFP1
21304,21:44:29,0.142,0.614,0,0,eGFP1
21305,21:44:30,0.208,1.129,0,0,eGFP1
21306,21:44:31,0.231,1.076,0,0,eGFP1
21307,21:44:35,0.175,4.049,0,0,eGFP1
21308,21:48:03,0.229,208.560,0,0,eGFP1
21309,21:48:07,2.139,3.620,0,0,eGFP1
21310,21:48:10,0.242,3.502,0,0,eGFP1
21311,21:48:12,0.383,1.250,0,0,eGFP1
21312,21:48:13,0.120,1.162,0,0,eGFP1
21313,21:48:14,0.131,0.866,0,0,eGFP1
21314,21:48:15,0.131,1.031,0,0,eGFP1
21315,21:48:15,0.131,0.680,0,0,eGFP1
21316,21:48:16,0.109,0.987,0,0,eGFP1
21317,21:48:17,0.186,0.998,0,0,eGFP1
21318,21:48:18,0.110,0.900,0,0,eGFP1
21319,21:48:19,0.275,0.988,0,0,eGFP1
21320,21:48:20,0.099,0.560,0,0,eGFP1
21321,21:48:21,0.076,0.855,0,0,eGFP1
21322,21:48:21,0.120,0.581,0,0,eGFP1
21323,21:48:22,0.087,0.592,0,0,eGFP1
21324,21:48:23,0.131,0.900,0,0,eGFP1
21325,21:48:23,0.098,0.592,0,0,eGFP1
21326,21:48:24,0.132,1.065,0,0,eGFP1
21327,21:48:25,0.109,0.614,0,0,eGFP1
21328,21:48:26,0.131,0.976,0,0,eGFP1
21329,21:48:27,0.110,0.581,0,0,eGFP1
21330,21:48:27,0.099,0.779,0,0,eGFP1
21331,21:48:29,0.186,1.273,0,0,eGFP1
21332,21:48:30,0.164,1.020,0,0,eGFP1
21333,21:48:31,0.165,1.142,0,0,eGFP1
21334,21:48:32,0.144,0.978,0,0,eGFP1
21335,21:48:33,0.131,0.987,0,0,eGFP1
21336,21:48:34,0.153,1.141,0,0,eGFP1
21337,21:48:35,0.186,1.119,0,0,eGFP1
21338,21:48:40,0.197,4.554,0,0,eGFP1
21339,21:48:41,0.153,1.108,0,0,eGFP1
21340,21:48:41,0.109,0.767,0,0,eGFP1
21341,21:48:43,0.428,1.328,0,0,eGFP1
21342,21:48:44,0.098,0.790,0,0,eGFP1
21343,21:48:44,0.198,0.791,0,0,eGFP1
21344,21:48:45,0.109,0.965,0,0,eGFP1
21345,21:48:47,0.175,1.163,0,0,eGFP1
21346,21:48:47,0.133,0.791,0,0,eGFP1
21347,21:48:48,0.121,0.768,0,0,eGFP1
21348,21:48:49,0.121,0.900,0,0,eGFP1
21349,21:48:50,0.164,0.954,0,0,eGFP1
21350,21:48:51,0.165,1.065,0,0,eGFP1
21351,21:48:52,0.165,0.933,0,0,eGFP1
21352,21:48:53,0.220,1.076,0,0,eGFP1
21353,21:48:54,0.142,0.921,0,0,eGFP1
21354,21:48:55,0.154,1.163,0,0,eGFP1
21355,21:48:56,0.165,0.823,0,0,eGFP1
21356,21:51:38,0.132,162.185,0,0,eGFP1
21357,21:51:42,1.404,3.720,0,0,eGFP1
21358,21:51:46,0.329,4.455,0,0,eGFP1
21359,21:51:47,0.122,0.967,0,0,eGFP1
21360,21:51:48,0.188,1.022,0,0,eGFP1
21361,21:51:50,0.197,1.317,0,0,eGFP1
21362,21:51:51,0.131,0.987,0,0,eGFP1
21363,21:51:51,0.176,0.878,0,0,eGFP1
21364,21:51:52,0.110,0.768,0,0,eGFP1
21365,21:51:53,0.143,0.691,0,0,eGFP1
21366,21:51:54,0.088,0.637,0,0,eGFP1
21367,21:51:54,0.187,0.934,0,0,eGFP1
21368,21:51:55,0.087,0.548,0,0,eGFP1
21369,21:51:56,0.109,0.943,0,0,eGFP1
21370,21:51:57,0.132,0.790,0,0,eGFP1
21371,21:51:57,0.099,0.559,0,0,eGFP1
21372,21:51:58,0.099,0.757,0,0,eGFP1
21373,21:51:59,0.111,0.561,0,0,eGFP1
21374,21:51:59,0.077,0.494,0,0,eGFP1
21375,21:52:00,0.100,0.813,0,0,eGFP1
21376,21:52:01,0.143,0.658,0,0,eGFP1
21377,21:52:01,0.088,0.527,0,0,eGFP1
21378,21:52:02,0.110,0.757,0,0,eGFP1
21379,21:52:03,0.154,0.703,0,0,eGFP1
21380,21:52:03,0.197,0.856,0,0,eGFP1
21381,21:52:05,0.120,1.086,0,0,eGFP1
21382,21:52:05,0.165,0.889,0,0,eGFP1
21383,21:52:06,0.122,0.989,0,0,eGFP1
21384,21:52:07,0.165,1.032,0,0,eGFP1
21385,21:52:08,0.175,0.932,0,0,eGFP1
21386,21:52:29,0.187,20.588,0,0,eGFP1
21387,21:52:31,1.250,2.259,0,0,eGFP1
21388,21:52:33,0.187,1.405,0,0,eGFP1
21389,21:56:03,0.176,210.120,0,0,eGFP1
21390,21:56:05,1.229,1.866,0,0,eGFP1
21391,21:56:08,0.352,3.403,0,0,eGFP1
21392,21:56:09,0.165,1.086,0,0,eGFP1
21393,21:56:11,0.220,1.548,0,0,eGFP1
21394,21:56:13,1.514,2.272,0,0,eGFP1
21395,21:56:14,0.099,0.933,0,0,eGFP1
21396,21:56:15,0.142,0.713,0,0,eGFP1
21397,21:56:15,0.143,0.878,0,0,eGFP1
21398,21:56:16,0.099,0.516,0,0,eGFP1
21399,21:56:17,0.090,1.056,0,0,eGFP1
21400,21:56:18,0.219,0.889,0,0,eGFP1
21401,21:56:19,0.088,0.823,0,0,eGFP1
21402,21:56:19,0.154,0.648,0,0,eGFP1
21403,21:56:20,0.077,0.527,0,0,eGFP1
21404,21:56:21,0.110,0.834,0,0,eGFP1
21405,21:56:21,0.143,0.757,0,0,eGFP1
21406,21:56:22,0.088,0.769,0,0,eGFP1
21407,21:56:23,0.176,0.779,0,0,eGFP1
21408,21:56:24,0.133,0.923,0,0,eGFP1
21409,21:56:25,0.143,0.944,0,0,eGFP1
21410,21:56:26,0.165,0.824,0,0,eGFP1
