wheel_event,time,Tx,Ti_observed,reset,rtc_reset,device_id
0,14:01:49,0.000,0.000,1,0,eGFP1
1,14:01:50,0.072,0.478,0,0,eGFP1
2,14:01:50,0.094,0.687,0,0,eGFP1
3,14:01:53,0.446,2.564,0,0,eGFP1
4,14:02:04,0.028,11.375,0,0,eGFP1
5,14:02:05,0.095,0.896,0,0,eGFP1
6,14:02:06,0.072,0.456,0,0,eGFP1
7,14:02:06,0.084,0.600,0,0,eGFP1
8,14:02:07,0.095,0.458,0,0,eGFP1
9,14:02:09,0.368,2.102,0,0,eGFP1
10,14:02:10,0.128,1.686,0,0,eGFP1
11,14:02:11,0.051,0.347,0,0,eGFP1
12,14:02:12,0.083,1.247,0,0,eGFP1
13,14:02:12,0.061,0.412,0,0,eGFP1
14,14:02:13,0.074,0.590,0,0,eGFP1
15,14:02:18,0.160,4.484,0,0,eGFP1
16,14:02:22,3.990,4.747,0,0,eGFP1
17,14:02:30,7.328,7.470,0,0,eGFP1
18,14:02:39,1.917,9.379,0,0,eGFP1
19,14:02:41,0.489,1.400,0,0,eGFP1
20,14:02:41,0.106,0.852,0,0,eGFP1
21,14:02:42,0.204,0.994,0,0,eGFP1
22,14:02:43,0.106,0.929,0,0,eGFP1
23,14:02:44,0.248,0.928,0,0,eGFP1
24,14:02:45,0.106,1.061,0,0,eGFP1
25,14:02:46,0.139,0.699,0,0,eGFP1
26,14:02:47,0.094,0.599,0,0,eGFP1
27,14:02:48,0.150,1.488,0,0,eGFP1
28,14:02:51,0.129,3.213,0,0,eGFP1
29,14:02:53,0.171,1.400,0,0,eGFP1
30,14:02:54,0.183,0.852,0,0,eGFP1
31,14:02:54,0.106,0.808,0,0,eGFP1
32,14:03:01,0.281,6.240,0,0,eGFP1
33,14:03:01,0.215,0.841,0,0,eGFP1
34,14:03:03,0.150,1.105,0,0,eGFP1
35,14:03:03,0.150,0.830,0,0,eGFP1
36,14:03:04,0.094,0.797,0,0,eGFP1
37,14:03:06,0.676,1.916,0,0,eGFP1
38,14:03:25,17.861,18.618,0,0,eGFP1
39,14:03:25,0.095,0.753,0,0,eGFP1
40,14:03:26,0.161,0.775,0,0,eGFP1
41,14:03:27,0.226,0.918,0,0,eGFP1
42,14:03:28,0.118,0.721,0,0,eGFP1
43,14:03:29,0.129,0.700,0,0,eGFP1
44,14:03:29,0.116,0.906,0,0,eGFP1
45,14:03:30,0.106,0.567,0,0,eGFP1
46,14:03:31,0.083,0.500,0,0,eGFP1
47,14:03:31,0.084,0.600,0,0,eGFP1
48,14:03:32,0.105,0.566,0,0,eGFP1
49,14:03:32,0.084,0.479,0,0,eGFP1
50,14:03:33,0.072,0.456,0,0,eGFP1
51,14:03:33,0.074,0.700,0,0,eGFP1
52,14:03:34,0.116,0.599,0,0,eGFP1
53,14:03:35,0.084,0.578,0,0,eGFP1
54,14:03:35,0.105,0.610,0,0,eGFP1
55,14:03:36,0.106,0.698,0,0,eGFP1
56,14:03:57,0.479,20.880,0,0,eGFP1
57,14:04:10,12.725,13.416,0,0,eGFP1
58,14:04:11,0.104,1.102,0,0,eGFP1
59,14:04:12,0.140,0.678,0,0,eGFP1
60,14:04:13,0.084,0.863,0,0,eGFP1
61,14:04:13,0.127,0.709,0,0,eGFP1
62,14:04:14,0.105,0.654,0,0,eGFP1
63,14:04:15,0.139,1.093,0,0,eGFP1
64,14:04:16,0.117,0.699,0,0,eGFP1
65,14:04:17,0.160,0.983,0,0,eGFP1
66,14:04:18,0.161,0.973,0,0,eGFP1
67,14:04:18,0.116,0.599,0,0,eGFP1
68,14:04:23,0.118,4.398,0,0,eGFP1
69,14:04:24,0.116,0.698,0,0,eGFP1
70,14:04:25,0.215,1.291,0,0,eGFP1
71,14:04:28,2.300,3.332,0,0,eGFP1
72,14:04:29,0.096,0.655,0,0,eGFP1
73,14:04:30,0.183,1.083,0,0,eGFP1
74,14:04:30,0.094,0.555,0,0,eGFP1
75,14:04:31,0.095,0.732,0,0,eGFP1
76,14:04:32,0.128,0.732,0,0,eGFP1
77,14:04:33,0.095,0.764,0,0,eGFP1
78,14:04:34,0.161,0.951,0,0,eGFP1
79,14:04:34,0.138,0.665,0,0,eGFP1
80,14:04:35,0.095,0.830,0,0,eGFP1
81,14:04:37,1.532,2.180,0,0,eGFP1
82,14:04:38,0.127,1.104,0,0,eGFP1
83,14:04:39,0.128,0.731,0,0,eGFP1
84,14:04:40,0.139,1.083,0,0,eGFP1
85,14:04:41,0.129,0.974,0,0,eGFP1
86,14:04:43,0.193,1.301,0,0,eGFP1
87,14:04:49,2.555,6.856,0,0,eGFP1
88,14:05:01,3.640,12.079,0,0,eGFP1
89,14:05:02,0.226,0.917,0,0,eGFP1
90,14:05:05,0.194,2.257,0,0,eGFP1
91,14:05:06,0.112,0.870,0,0,eGFP1
92,14:05:06,0.127,0.687,0,0,eGFP1
93,14:05:07,0.116,0.709,0,0,eGFP1
94,14:05:08,0.104,0.663,0,0,eGFP1
95,14:05:08,0.117,0.709,0,0,eGFP1
96,14:05:09,0.149,0.863,0,0,eGFP1
97,14:05:10,0.105,0.654,0,0,eGFP1
98,14:05:11,0.127,0.906,0,0,eGFP1
99,14:05:11,0.128,0.753,0,0,eGFP1
100,14:05:12,0.127,0.775,0,0,eGFP1
101,14:05:13,0.107,0.644,0,0,eGFP1
102,14:05:15,0.107,2.225,0,0,eGFP1
103,14:05:16,0.116,0.632,0,0,eGFP1
104,14:05:16,0.105,0.720,0,0,eGFP1
105,14:05:17,0.116,0.720,0,0,eGFP1
106,14:05:18,0.105,0.621,0,0,eGFP1
107,14:05:18,0.105,0.632,0,0,eGFP1
108,14:05:19,0.116,0.764,0,0,eGFP1
109,14:05:20,0.105,0.610,0,0,eGFP1
110,14:05:20,0.096,0.590,0,0,eGFP1
111,14:05:21,0.116,1.038,0,0,eGFP1
112,14:05:22,0.127,0.687,0,0,eGFP1
113,14:05:23,0.116,1.115,0,0,eGFP1
114,14:05:29,0.160,5.285,0,0,eGFP1
115,14:05:46,0.380,17.609,0,0,eGFP1
116,14:05:48,1.036,2.056,0,0,eGFP1
117,14:05:51,0.314,2.970,0,0,eGFP1
118,14:05:52,0.105,0.632,0,0,eGFP1
119,14:05:53,0.140,1.018,0,0,eGFP1
120,14:05:53,0.138,0.610,0,0,eGFP1
121,14:05:54,0.084,0.523,0,0,eGFP1
122,14:05:55,0.127,0.785,0,0,eGFP1
123,14:05:55,0.106,0.545,0,0,eGFP1
124,14:05:56,0.083,0.522,0,0,eGFP1
125,14:05:57,0.128,0.918,0,0,eGFP1
126,14:05:57,0.094,0.522,0,0,eGFP1
127,14:05:58,0.074,0.535,0,0,eGFP1
128,14:05:58,0.106,0.632,0,0,eGFP1
129,14:05:59,0.106,0.567,0,0,eGFP1
130,14:05:59,0.085,0.469,0,0,eGFP1
131,14:06:00,0.083,0.577,0,0,eGFP1
132,14:06:01,0.105,0.577,0,0,eGFP1
133,14:06:01,0.095,0.534,0,0,eGFP1
134,14:06:03,0.105,1.773,0,0,eGFP1
135,14:06:04,0.468,1.258,0,0,eGFP1
136,14:06:05,0.096,0.513,0,0,eGFP1
137,14:06:05,0.094,0.775,0,0,eGFP1
138,14:06:06,0.127,0.665,0,0,eGFP1
139,14:06:07,0.095,0.753,0,0,eGFP1
140,14:06:08,0.149,0.665,0,0,eGFP1
141,14:06:08,0.095,0.512,0,0,eGFP1
142,14:06:09,0.105,0.917,0,0,eGFP1
143,14:06:10,0.117,0.611,0,0,eGFP1
144,14:06:10,0.097,0.591,0,0,eGFP1
145,14:06:11,0.127,0.775,0,0,eGFP1
146,14:06:12,0.105,0.610,0,0,eGFP1
147,14:06:13,0.160,1.609,0,0,eGFP1
148,14:06:14,0.193,0.852,0,0,eGFP1
149,14:06:15,0.105,0.687,0,0,eGFP1
150,14:06:15,0.116,0.687,0,0,eGFP1
151,14:06:16,0.106,0.512,0,0,eGFP1
152,14:06:16,0.074,0.469,0,0,eGFP1
153,14:06:17,0.094,0.961,0,0,eGFP1
154,14:07:00,0.270,42.356,0,0,eGFP1
155,14:07:01,0.127,0.917,0,0,eGFP1
156,14:07:02,0.128,1.478,0,0,eGFP1
157,14:07:03,0.127,0.676,0,0,eGFP1
158,14:07:04,0.129,0.996,0,0,eGFP1
159,14:07:04,0.105,0.621,0,0,eGFP1
160,14:07:05,0.139,0.841,0,0,eGFP1
161,14:07:06,0.107,0.546,0,0,eGFP1
162,14:07:06,0.084,0.621,0,0,eGFP1
163,14:07:07,0.139,0.808,0,0,eGFP1
164,14:07:08,0.106,0.720,0,0,eGFP1
165,14:07:09,0.128,0.808,0,0,eGFP1
166,14:07:09,0.128,0.699,0,0,eGFP1
167,14:07:10,0.116,0.906,0,0,eGFP1
168,14:07:11,0.150,0.775,0,0,eGFP1
169,14:07:12,0.118,0.689,0,0,eGFP1
170,14:07:15,0.106,2.772,0,0,eGFP1
171,14:07:15,0.128,0.622,0,0,eGFP1
172,14:07:16,0.096,0.601,0,0,eGFP1
173,14:07:17,0.138,0.939,0,0,eGFP1
174,14:07:18,0.139,0.841,0,0,eGFP1
175,14:07:18,0.106,0.611,0,0,eGFP1
176,14:07:19,0.105,0.577,0,0,eGFP1
177,14:07:19,0.106,0.632,0,0,eGFP1
178,14:07:20,0.096,0.546,0,0,eGFP1
179,14:07:21,0.095,1.412,0,0,eGFP1
180,14:07:22,0.117,0.599,0,0,eGFP1
181,14:07:23,0.095,0.984,0,0,eGFP1
182,14:07:24,0.117,0.687,0,0,eGFP1
183,14:07:24,0.150,0.742,0,0,eGFP1
184,14:07:25,0.106,0.743,0,0,eGFP1
185,14:07:26,0.127,0.676,0,0,eGFP1
186,14:07:26,0.096,0.513,0,0,eGFP1
187,14:07:27,0.085,0.678,0,0,eGFP1
188,14:07:28,0.160,0.863,0,0,eGFP1
189,14:07:29,0.116,0.753,0,0,eGFP1
190,14:07:29,0.105,0.610,0,0,eGFP1
191,14:07:31,0.117,1.478,0,0,eGFP1
192,14:07:32,0.314,1.148,0,0,eGFP1
193,14:07:33,0.095,0.896,0,0,eGFP1
194,14:07:34,0.425,1.029,0,0,eGFP1
195,14:07:34,0.105,0.588,0,0,eGFP1
196,14:07:36,0.095,1.445,0,0,eGFP1
197,14:07:37,0.270,0.852,0,0,eGFP1
198,14:07:38,0.095,1.115,0,0,eGFP1
199,14:07:39,0.248,0.984,0,0,eGFP1
200,14:07:39,0.105,0.698,0,0,eGFP1
201,14:07:40,0.107,0.963,0,0,eGFP1
202,14:07:46,0.095,5.198,0,0,eGFP1
203,14:07:57,0.195,11.739,0,0,eGFP1
204,14:07:59,0.282,2.114,0,0,eGFP1
205,14:08:21,12.419,21.110,0,0,eGFP1
206,14:08:21,0.194,0.764,0,0,eGFP1
207,14:10:05,0.128,103.273,0,0,eGFP1
208,14:10:06,0.161,0.984,0,0,eGFP1
209,14:10:06,0.138,0.863,0,0,eGFP1
210,14:10:07,0.116,0.808,0,0,eGFP1
211,14:10:08,0.140,0.710,0,0,eGFP1
212,14:10:09,0.095,0.655,0,0,eGFP1
213,14:10:10,0.160,0.951,0,0,eGFP1
214,14:10:10,0.105,0.632,0,0,eGFP1
215,14:10:11,0.140,1.029,0,0,eGFP1
216,14:10:12,0.117,0.567,0,0,eGFP1
217,14:10:12,0.084,0.720,0,0,eGFP1
218,14:10:13,0.117,0.644,0,0,eGFP1
219,14:10:14,0.094,0.621,0,0,eGFP1
220,14:10:14,0.105,0.676,0,0,eGFP1
221,14:10:15,0.105,0.599,0,0,eGFP1
222,14:10:16,0.084,0.578,0,0,eGFP1
223,14:10:16,0.128,0.720,0,0,eGFP1
224,14:10:17,0.095,0.633,0,0,eGFP1
225,14:10:18,0.139,0.753,0,0,eGFP1
226,14:10:19,0.095,0.874,0,0,eGFP1
227,14:10:19,0.238,0.929,0,0,eGFP1
228,14:10:20,0.096,0.645,0,0,eGFP1
229,14:10:21,0.118,0.733,0,0,eGFP1
230,14:10:22,0.105,0.665,0,0,eGFP1
231,14:10:22,0.150,0.819,0,0,eGFP1
232,14:10:23,0.095,0.578,0,0,eGFP1
233,14:10:24,0.106,0.885,0,0,eGFP1
234,14:10:41,0.347,16.995,0,0,eGFP1
235,14:10:42,0.117,1.489,0,0,eGFP1
236,14:10:43,0.129,0.623,0,0,eGFP1
237,14:10:44,0.127,0.775,0,0,eGFP1
238,14:10:44,0.095,0.534,0,0,eGFP1
239,14:10:45,0.117,0.830,0,0,eGFP1
240,14:10:46,0.117,0.830,0,0,eGFP1
241,14:10:47,0.161,0.929,0,0,eGFP1
242,14:10:48,0.128,0.721,0,0,eGFP1
243,14:10:48,0.118,0.842,0,0,eGFP1
244,14:10:49,0.150,0.753,0,0,eGFP1
245,14:10:50,0.130,0.788,0,0,eGFP1
246,14:10:51,0.139,0.995,0,0,eGFP1
247,14:10:52,0.150,0.655,0,0,eGFP1
248,14:10:52,0.095,0.665,0,0,eGFP1
249,14:10:53,0.117,0.743,0,0,eGFP1
250,14:10:54,0.138,0.731,0,0,eGFP1
251,14:10:54,0.117,0.775,0,0,eGFP1
252,14:10:55,0.106,0.578,0,0,eGFP1
253,14:10:56,0.086,0.579,0,0,eGFP1
254,14:10:56,0.106,0.644,0,0,eGFP1
255,14:10:57,0.117,0.797,0,0,eGFP1
256,14:10:58,0.117,0.677,0,0,eGFP1
257,14:10:58,0.117,0.622,0,0,eGFP1
258,14:10:59,0.092,0.542,0,0,eGFP1
259,14:11:00,0.095,0.611,0,0,eGFP1
260,14:11:00,0.128,0.644,0,0,eGFP1
261,14:11:01,0.096,0.612,0,0,eGFP1
262,14:11:02,0.183,0.962,0,0,eGFP1
263,14:11:02,0.095,0.556,0,0,eGFP1
264,14:11:03,0.106,0.665,0,0,eGFP1
265,14:11:04,0.128,0.765,0,0,eGFP1
266,14:11:04,0.106,0.622,0,0,eGFP1
267,14:11:05,0.106,0.720,0,0,eGFP1
268,14:11:06,0.106,0.578,0,0,eGFP1
269,14:11:06,0.095,0.655,0,0,eGFP1
270,14:11:07,0.107,0.590,0,0,eGFP1
271,14:11:07,0.084,0.545,0,0,eGFP1
272,14:11:08,0.096,0.601,0,0,eGFP1
273,14:11:09,0.095,0.567,0,0,eGFP1
274,14:11:09,0.106,0.732,0,0,eGFP1
275,14:11:10,0.117,0.731,0,0,eGFP1
276,14:11:11,0.106,0.589,0,0,eGFP1
277,14:11:11,0.095,0.589,0,0,eGFP1
278,14:11:12,0.107,0.645,0,0,eGFP1
279,14:11:13,0.117,0.622,0,0,eGFP1
280,14:11:13,0.095,0.622,0,0,eGFP1
281,14:11:14,0.216,0.611,0,0,eGFP1
282,14:11:17,2.114,2.761,0,0,eGFP1
283,14:11:17,0.084,0.622,0,0,eGFP1
284,14:11:18,0.117,0.633,0,0,eGFP1
285,14:11:18,0.095,0.501,0,0,eGFP1
286,14:11:19,0.086,0.667,0,0,eGFP1
287,14:11:20,0.108,0.591,0,0,eGFP1
288,14:11:21,0.117,1.379,0,0,eGFP1
289,14:11:21,0.106,0.545,0,0,eGFP1
290,14:11:22,0.117,0.786,0,0,eGFP1
291,14:11:23,0.095,0.545,0,0,eGFP1
292,14:11:50,0.128,27.015,0,0,eGFP1
293,14:11:51,0.819,1.445,0,0,eGFP1
294,14:11:53,0.095,1.993,0,0,eGFP1
295,14:11:54,0.141,0.624,0,0,eGFP1
296,14:11:54,0.095,0.578,0,0,eGFP1
297,14:11:55,0.095,0.501,0,0,eGFP1
298,14:11:55,0.073,0.413,0,0,eGFP1
299,14:11:56,0.073,0.457,0,0,eGFP1
300,14:11:56,0.086,0.569,0,0,eGFP1
301,14:11:57,0.095,0.545,0,0,eGFP1
302,14:11:57,0.084,0.457,0,0,eGFP1
303,14:11:58,0.075,0.415,0,0,eGFP1
304,14:11:58,0.063,0.458,0,0,eGFP1
305,14:11:59,0.084,0.468,0,0,eGFP1
306,14:11:59,0.073,0.578,0,0,eGFP1
307,14:12:00,0.128,0.644,0,0,eGFP1
308,14:12:01,0.095,0.578,0,0,eGFP1
309,14:12:01,0.117,0.743,0,0,eGFP1
310,14:12:02,0.106,0.578,0,0,eGFP1
311,14:12:02,0.095,0.644,0,0,eGFP1
312,14:12:03,0.096,0.546,0,0,eGFP1
313,14:12:04,0.084,0.765,0,0,eGFP1
314,14:12:05,0.151,0.766,0,0,eGFP1
315,14:12:05,0.095,0.512,0,0,eGFP1
316,14:12:06,0.073,0.512,0,0,eGFP1
317,14:12:06,0.085,0.556,0,0,eGFP1
318,14:12:07,0.107,0.568,0,0,eGFP1
319,14:12:07,0.095,0.512,0,0,eGFP1
320,14:12:08,0.085,0.557,0,0,eGFP1
321,14:12:08,0.128,0.655,0,0,eGFP1
322,14:12:09,0.084,0.480,0,0,eGFP1
323,14:12:09,0.084,0.545,0,0,eGFP1
324,14:12:10,0.106,0.523,0,0,eGFP1
325,14:12:11,0.084,0.644,0,0,eGFP1
326,14:12:11,0.128,0.633,0,0,eGFP1
327,14:12:13,0.106,1.390,0,0,eGFP1
328,14:12:15,1.270,1.939,0,0,eGFP1
329,14:12:15,0.098,0.625,0,0,eGFP1
330,14:12:16,0.128,0.677,0,0,eGFP1
331,14:12:17,0.095,0.644,0,0,eGFP1
332,14:12:17,0.106,0.512,0,0,eGFP1
333,14:12:17,0.073,0.435,0,0,eGFP1
334,14:12:18,0.085,0.578,0,0,eGFP1
335,14:12:19,0.096,0.513,0,0,eGFP1
336,14:12:19,0.084,0.655,0,0,eGFP1
337,14:12:20,0.096,0.513,0,0,eGFP1
338,14:12:20,0.074,0.491,0,0,eGFP1
339,14:12:21,0.095,0.501,0,0,eGFP1
340,14:12:21,0.073,0.567,0,0,eGFP1
341,14:12:22,0.129,0.688,0,0,eGFP1
342,14:12:23,0.096,0.545,0,0,eGFP1
343,14:12:23,0.097,0.514,0,0,eGFP1
344,14:12:24,0.085,0.523,0,0,eGFP1
345,14:12:24,0.097,0.789,0,0,eGFP1
346,14:12:25,0.172,0.808,0,0,eGFP1
347,14:12:26,0.106,0.523,0,0,eGFP1
348,14:12:26,0.074,0.436,0,0,eGFP1
349,14:12:27,0.084,0.578,0,0,eGFP1
350,14:12:27,0.107,0.600,0,0,eGFP1
351,14:12:28,0.096,0.502,0,0,eGFP1
352,14:12:28,0.095,0.622,0,0,eGFP1
353,14:12:29,0.106,0.644,0,0,eGFP1
354,14:12:30,0.108,0.580,0,0,eGFP1
355,14:12:34,0.106,3.881,0,0,eGFP1
356,14:12:34,0.172,0.688,0,0,eGFP1
357,14:12:35,0.097,0.558,0,0,eGFP1
358,14:12:35,0.084,0.523,0,0,eGFP1
359,14:12:36,0.096,0.480,0,0,eGFP1
360,14:12:36,0.073,0.435,0,0,eGFP1
361,14:12:37,0.096,0.700,0,0,eGFP1
362,14:12:37,0.107,0.535,0,0,eGFP1
363,14:12:38,0.085,0.469,0,0,eGFP1
364,14:12:38,0.073,0.545,0,0,eGFP1
365,14:12:39,0.096,0.568,0,0,eGFP1
366,14:12:40,0.095,0.633,0,0,eGFP1
367,14:12:40,0.095,0.501,0,0,eGFP1
368,14:12:41,0.085,0.557,0,0,eGFP1
369,14:12:41,0.106,0.633,0,0,eGFP1
370,14:12:42,0.118,0.578,0,0,eGFP1
371,14:12:42,0.088,0.516,0,0,eGFP1
372,14:12:43,0.084,0.490,0,0,eGFP1
373,14:12:43,0.085,0.513,0,0,eGFP1
374,14:12:44,0.084,0.622,0,0,eGFP1
375,14:12:45,0.107,0.535,0,0,eGFP1
376,14:12:45,0.084,0.589,0,0,eGFP1
377,14:12:46,0.128,0.776,0,0,eGFP1
378,14:12:47,0.095,0.622,0,0,eGFP1
379,14:12:47,0.108,0.646,0,0,eGFP1
380,14:12:48,0.095,0.501,0,0,eGFP1
381,14:12:48,0.074,0.568,0,0,eGFP1
382,14:12:49,0.106,0.776,0,0,eGFP1
383,14:12:50,0.139,0.666,0,0,eGFP1
384,14:12:50,0.085,0.535,0,0,eGFP1
385,14:12:52,0.118,1.775,0,0,eGFP1
386,14:13:51,0.272,58.774,0,0,eGFP1
387,14:13:58,0.525,7.022,0,0,eGFP1
388,14:13:59,0.106,0.743,0,0,eGFP1
389,14:14:00,0.381,1.149,0,0,eGFP1
390,14:14:00,0.106,0.622,0,0,eGFP1
391,14:14:04,0.118,3.761,0,0,eGFP1
392,14:14:06,0.238,1.391,0,0,eGFP1
393,14:14:06,0.117,0.798,0,0,eGFP1
394,14:14:07,0.117,0.567,0,0,eGFP1
395,14:14:08,0.107,0.831,0,0,eGFP1
396,14:14:08,0.108,0.569,0,0,eGFP1
397,14:14:09,0.106,0.864,0,0,eGFP1
398,14:14:10,0.117,0.798,0,0,eGFP1
399,14:14:11,0.490,1.226,0,0,eGFP1
400,14:14:12,0.118,0.766,0,0,eGFP1
401,14:14:13,0.107,0.567,0,0,eGFP1
402,14:14:13,0.118,0.568,0,0,eGFP1
403,14:14:14,0.085,0.458,0,0,eGFP1
404,14:14:14,0.086,0.678,0,0,eGFP1
405,14:14:15,0.096,0.502,0,0,eGFP1
406,14:14:15,0.074,0.403,0,0,eGFP1
407,14:14:16,0.074,0.414,0,0,eGFP1
408,14:14:16,0.074,0.513,0,0,eGFP1
409,14:14:17,0.084,0.468,0,0,eGFP1
410,14:14:17,0.074,0.436,0,0,eGFP1
411,14:14:17,0.074,0.535,0,0,eGFP1
412,14:14:18,0.107,0.699,0,0,eGFP1
413,14:14:19,0.097,0.657,0,0,eGFP1
414,14:14:19,0.119,0.547,0,0,eGFP1
415,14:14:20,0.085,0.436,0,0,eGFP1
416,14:14:20,0.074,0.524,0,0,eGFP1
417,14:14:21,0.095,0.545,0,0,eGFP1
418,14:14:22,0.107,0.765,0,0,eGFP1
419,14:14:22,0.140,0.754,0,0,eGFP1
420,14:14:23,0.085,0.469,0,0,eGFP1
421,14:14:23,0.075,0.514,0,0,eGFP1
422,14:14:24,0.107,0.645,0,0,eGFP1
423,14:14:25,0.085,0.502,0,0,eGFP1
424,14:14:25,0.084,0.468,0,0,eGFP1
425,14:14:26,0.096,0.711,0,0,eGFP1
426,14:14:26,0.107,0.513,0,0,eGFP1
427,14:14:27,0.085,0.447,0,0,eGFP1
428,14:14:27,0.097,0.646,0,0,eGFP1
429,14:14:28,0.130,0.613,0,0,eGFP1
430,14:14:29,0.085,0.600,0,0,eGFP1
431,14:14:29,0.096,0.502,0,0,eGFP1
432,14:14:30,0.074,0.502,0,0,eGFP1
433,14:14:30,0.096,0.677,0,0,eGFP1
434,14:14:31,0.129,0.601,0,0,eGFP1
435,14:14:31,0.085,0.447,0,0,eGFP1
436,14:14:32,0.085,0.480,0,0,eGFP1
437,14:14:32,0.085,0.578,0,0,eGFP1
438,14:14:33,0.120,0.591,0,0,eGFP1
439,14:14:33,0.085,0.469,0,0,eGFP1
440,14:14:34,0.074,0.590,0,0,eGFP1
441,14:14:35,0.118,0.601,0,0,eGFP1
442,14:14:35,0.097,0.722,0,0,eGFP1
443,14:14:36,0.118,0.546,0,0,eGFP1
444,14:14:36,0.074,0.590,0,0,eGFP1
445,14:14:37,0.117,0.622,0,0,eGFP1
446,14:14:38,0.087,0.460,0,0,eGFP1
447,14:14:38,0.063,0.578,0,0,eGFP1
448,14:14:39,0.129,0.711,0,0,eGFP1
449,14:14:39,0.085,0.513,0,0,eGFP1
450,14:14:40,0.084,0.491,0,0,eGFP1
451,14:14:40,0.084,0.501,0,0,eGFP1
452,14:14:41,0.085,0.513,0,0,eGFP1
453,14:14:41,0.085,0.557,0,0,eGFP1
454,14:14:42,0.107,0.710,0,0,eGFP1
455,14:14:43,0.109,0.602,0,0,eGFP1
456,14:14:43,0.107,0.557,0,0,eGFP1
457,14:14:44,0.098,0.624,0,0,eGFP1
458,14:14:44,0.096,0.546,0,0,eGFP1
459,14:14:45,0.107,0.722,0,0,eGFP1
460,14:14:46,0.117,0.556,0,0,eGFP1
461,14:14:46,0.074,0.458,0,0,eGFP1
462,14:14:48,0.107,1.699,0,0,eGFP1
463,14:14:48,0.119,0.569,0,0,eGFP1
464,14:14:49,0.085,0.447,0,0,eGFP1
465,14:14:49,0.074,0.535,0,0,eGFP1
466,14:14:50,0.128,0.787,0,0,eGFP1
467,14:14:51,0.096,0.623,0,0,eGFP1
468,14:14:51,0.106,0.666,0,0,eGFP1
469,14:14:52,0.096,0.513,0,0,eGFP1
470,14:14:53,0.085,0.634,0,0,eGFP1
471,14:14:53,0.131,0.779,0,0,eGFP1
472,14:15:06,0.162,12.211,0,0,eGFP1
473,14:15:06,0.129,0.678,0,0,eGFP1
474,14:15:07,0.085,0.568,0,0,eGFP1
475,14:15:08,0.128,0.754,0,0,eGFP1
476,14:15:08,0.118,0.732,0,0,eGFP1
477,14:15:09,0.118,0.579,0,0,eGFP1
478,14:15:09,0.085,0.458,0,0,eGFP1
479,14:15:10,0.074,0.448,0,0,eGFP1
480,14:15:10,0.075,0.426,0,0,eGFP1
481,14:15:11,0.063,0.436,0,0,eGFP1
482,14:15:11,0.085,0.645,0,0,eGFP1
483,14:15:12,0.140,0.754,0,0,eGFP1
484,14:15:13,0.086,0.557,0,0,eGFP1
485,14:15:13,0.109,0.537,0,0,eGFP1
486,14:15:14,0.074,0.447,0,0,eGFP1
487,14:15:14,0.096,0.732,0,0,eGFP1
488,14:15:15,0.098,0.515,0,0,eGFP1
489,14:15:15,0.074,0.480,0,0,eGFP1
490,14:15:16,0.107,0.678,0,0,eGFP1
491,14:15:18,0.118,1.511,0,0,eGFP1
492,14:15:18,0.129,0.612,0,0,eGFP1
493,14:15:19,0.096,0.612,0,0,eGFP1
494,14:15:19,0.107,0.524,0,0,eGFP1
495,14:15:20,0.085,0.590,0,0,eGFP1
496,14:15:21,0.119,0.690,0,0,eGFP1
497,14:15:21,0.096,0.491,0,0,eGFP1
498,14:15:22,0.074,0.689,0,0,eGFP1
499,14:15:22,0.119,0.602,0,0,eGFP1
500,14:15:23,0.085,0.513,0,0,eGFP1
501,14:15:23,0.085,0.546,0,0,eGFP1
502,14:15:24,0.107,0.546,0,0,eGFP1
503,14:15:24,0.074,0.491,0,0,eGFP1
504,14:15:25,0.151,0.777,0,0,eGFP1
505,14:15:26,0.108,0.624,0,0,eGFP1
506,14:15:26,0.118,0.579,0,0,eGFP1
507,14:15:27,0.085,0.469,0,0,eGFP1
508,14:15:28,0.096,0.776,0,0,eGFP1
509,14:15:28,0.151,0.711,0,0,eGFP1
510,14:15:29,0.085,0.546,0,0,eGFP1
511,14:15:30,0.096,0.711,0,0,eGFP1
512,14:15:30,0.118,0.656,0,0,eGFP1
513,14:15:31,0.087,0.482,0,0,eGFP1
514,14:15:31,0.075,0.448,0,0,eGFP1
515,14:15:32,0.085,0.820,0,0,eGFP1
516,14:15:33,0.206,1.128,0,0,eGFP1
517,14:15:34,0.107,0.579,0,0,eGFP1
518,14:15:34,0.096,0.711,0,0,eGFP1
519,14:15:35,0.140,0.622,0,0,eGFP1
520,14:15:36,0.086,0.437,0,0,eGFP1
521,14:15:36,0.074,0.568,0,0,eGFP1
522,14:15:37,0.119,0.745,0,0,eGFP1
523,14:15:37,0.118,0.568,0,0,eGFP1
524,14:15:38,0.096,0.853,0,0,eGFP1
525,14:15:43,0.195,4.321,0,0,eGFP1
526,14:15:43,0.107,0.722,0,0,eGFP1
527,14:15:45,0.272,2.071,0,0,eGFP1
528,14:15:46,0.098,0.778,0,0,eGFP1
529,14:15:47,0.217,0.996,0,0,eGFP1
530,14:15:50,0.186,3.226,0,0,eGFP1
531,14:15:51,0.107,0.820,0,0,eGFP1
532,14:15:52,0.206,0.963,0,0,eGFP1
533,14:15:53,0.129,0.952,0,0,eGFP1
534,14:15:54,0.129,0.766,0,0,eGFP1
535,14:15:55,0.151,0.963,0,0,eGFP1
536,14:15:56,0.129,1.523,0,0,eGFP1
537,14:15:57,0.217,0.941,0,0,eGFP1
538,14:15:58,0.155,0.989,0,0,eGFP1
539,14:16:07,0.272,8.920,0,0,eGFP1
540,14:16:09,0.864,1.523,0,0,eGFP1
541,14:16:10,0.140,0.776,0,0,eGFP1
542,14:16:10,0.273,0.888,0,0,eGFP1
543,14:16:11,0.107,0.831,0,0,eGFP1
544,14:16:12,0.119,0.744,0,0,eGFP1
545,14:16:13,0.118,0.689,0,0,eGFP1
546,14:16:13,0.129,0.755,0,0,eGFP1
547,14:16:14,0.131,0.800,0,0,eGFP1
548,14:16:15,0.151,0.931,0,0,eGFP1
549,14:16:16,0.206,0.952,0,0,eGFP1
550,14:16:17,0.151,0.743,0,0,eGFP1
551,14:16:18,0.108,0.755,0,0,eGFP1
552,14:16:18,0.140,0.656,0,0,eGFP1
553,14:16:19,0.107,0.766,0,0,eGFP1
554,14:16:20,0.118,0.535,0,0,eGFP1
555,14:16:20,0.087,0.712,0,0,eGFP1
556,14:16:21,0.219,0.998,0,0,eGFP1
557,14:16:22,0.118,0.579,0,0,eGFP1
558,14:16:22,0.085,0.601,0,0,eGFP1
559,14:16:23,0.140,0.853,0,0,eGFP1
560,14:16:24,0.119,0.645,0,0,eGFP1
561,14:16:25,0.108,0.689,0,0,eGFP1
562,14:16:25,0.130,0.810,0,0,eGFP1
563,14:16:31,0.217,5.923,0,0,eGFP1
564,14:16:32,0.142,0.724,0,0,eGFP1
565,14:16:33,0.140,0.886,0,0,eGFP1
566,14:16:34,0.107,0.601,0,0,eGFP1
567,14:16:34,0.107,0.843,0,0,eGFP1
568,14:16:35,0.107,0.557,0,0,eGFP1
569,14:16:36,0.140,0.623,0,0,eGFP1
570,14:16:37,0.295,0.987,0,0,eGFP1
571,14:16:37,0.129,0.776,0,0,eGFP1
572,14:16:38,0.131,0.811,0,0,eGFP1
573,14:16:39,0.130,0.953,0,0,eGFP1
574,14:16:40,0.239,0.941,0,0,eGFP1
575,14:16:41,0.151,0.711,0,0,eGFP1
576,14:16:45,0.129,3.849,0,0,eGFP1
577,14:16:45,0.163,0.700,0,0,eGFP1
578,14:16:46,0.119,0.766,0,0,eGFP1
579,14:16:47,0.294,0.975,0,0,eGFP1
580,14:16:48,0.119,0.657,0,0,eGFP1
581,14:16:48,0.096,0.590,0,0,eGFP1
582,14:16:49,0.107,0.557,0,0,eGFP1
583,14:16:49,0.086,0.492,0,0,eGFP1
584,14:16:50,0.107,0.612,0,0,eGFP1
585,14:16:51,0.106,0.512,0,0,eGFP1
586,14:16:51,0.072,0.522,0,0,eGFP1
587,14:16:52,0.106,0.588,0,0,eGFP1
588,14:16:52,0.106,0.622,0,0,eGFP1
589,14:16:53,0.084,0.490,0,0,eGFP1
590,14:16:53,0.073,0.446,0,0,eGFP1
591,14:16:54,0.083,0.643,0,0,eGFP1
592,14:16:54,0.105,0.511,0,0,eGFP1
593,14:16:55,0.073,0.457,0,0,eGFP1
594,14:16:55,0.083,0.654,0,0,eGFP1
595,14:16:56,0.105,0.500,0,0,eGFP1
596,14:16:56,0.073,0.457,0,0,eGFP1
597,14:16:57,0.074,0.502,0,0,eGFP1
598,14:16:58,0.094,0.610,0,0,eGFP1
599,14:16:58,0.096,0.491,0,0,eGFP1
600,14:16:58,0.061,0.401,0,0,eGFP1
601,14:16:59,0.084,0.951,0,0,eGFP1
602,14:17:00,0.160,0.687,0,0,eGFP1
603,14:17:01,0.094,0.566,0,0,eGFP1
604,14:17:01,0.106,0.577,0,0,eGFP1
605,14:17:02,0.084,0.457,0,0,eGFP1
606,14:17:02,0.074,0.612,0,0,eGFP1
607,14:17:03,0.138,0.599,0,0,eGFP1
608,14:17:03,0.083,0.435,0,0,eGFP1
609,14:17:04,0.072,0.489,0,0,eGFP1
610,14:17:05,0.106,0.775,0,0,eGFP1
611,14:17:05,0.116,0.610,0,0,eGFP1
612,14:17:06,0.084,0.523,0,0,eGFP1
613,14:17:06,0.096,0.633,0,0,eGFP1
614,14:17:07,0.107,0.502,0,0,eGFP1
615,14:17:07,0.073,0.391,0,0,eGFP1
616,14:17:08,0.072,0.511,0,0,eGFP1
617,14:17:08,0.128,0.753,0,0,eGFP1
618,14:17:09,0.095,0.512,0,0,eGFP1
619,14:17:09,0.072,0.445,0,0,eGFP1
620,14:17:10,0.073,0.512,0,0,eGFP1
621,14:17:10,0.105,0.555,0,0,eGFP1
622,14:17:11,0.074,0.458,0,0,eGFP1
623,14:17:12,0.084,0.589,0,0,eGFP1
624,14:17:12,0.105,0.742,0,0,eGFP1
625,14:17:13,0.116,0.588,0,0,eGFP1
626,14:17:13,0.084,0.490,0,0,eGFP1
627,14:17:14,0.084,0.666,0,0,eGFP1
628,14:17:15,0.127,0.676,0,0,eGFP1
629,14:17:15,0.095,0.578,0,0,eGFP1
630,14:17:16,0.105,0.785,0,0,eGFP1
631,14:17:17,0.129,0.623,0,0,eGFP1
632,14:17:17,0.106,0.775,0,0,eGFP1
633,14:17:18,0.138,0.797,0,0,eGFP1
634,14:17:19,0.105,0.522,0,0,eGFP1
635,14:17:19,0.084,0.468,0,0,eGFP1
636,14:17:20,0.095,0.588,0,0,eGFP1
637,14:17:20,0.084,0.512,0,0,eGFP1
638,14:17:21,0.084,0.490,0,0,eGFP1
639,14:17:21,0.074,0.469,0,0,eGFP1
640,14:17:22,0.094,0.742,0,0,eGFP1
641,14:17:23,0.128,0.622,0,0,eGFP1
642,14:17:23,0.084,0.446,0,0,eGFP1
643,14:17:24,0.073,0.501,0,0,eGFP1
644,14:17:24,0.127,0.829,0,0,eGFP1
645,14:17:25,0.128,0.622,0,0,eGFP1
646,14:17:26,0.083,0.522,0,0,eGFP1
647,14:17:26,0.084,0.512,0,0,eGFP1
648,14:17:27,0.096,0.601,0,0,eGFP1
649,14:17:27,0.105,0.577,0,0,eGFP1
650,14:17:28,0.095,0.578,0,0,eGFP1
651,14:17:29,0.116,0.654,0,0,eGFP1
652,14:17:29,0.094,0.566,0,0,eGFP1
653,14:17:30,0.095,0.490,0,0,eGFP1
654,14:17:30,0.084,0.577,0,0,eGFP1
655,14:17:31,0.117,0.721,0,0,eGFP1
656,14:17:31,0.097,0.492,0,0,eGFP1
657,14:17:32,0.073,0.512,0,0,eGFP1
658,14:17:33,0.105,0.709,0,0,eGFP1
659,14:17:33,0.105,0.588,0,0,eGFP1
660,14:17:34,0.095,0.523,0,0,eGFP1
661,14:17:34,0.083,0.457,0,0,eGFP1
662,14:17:35,0.072,0.511,0,0,eGFP1
663,14:17:35,0.128,0.808,0,0,eGFP1
664,14:17:36,0.107,0.667,0,0,eGFP1
665,14:17:39,0.204,2.629,0,0,eGFP1
666,14:17:39,0.117,0.622,0,0,eGFP1
667,14:17:40,0.116,0.983,0,0,eGFP1
668,14:17:41,0.128,0.688,0,0,eGFP1
669,14:17:42,0.094,0.533,0,0,eGFP1
670,14:17:42,0.085,0.480,0,0,eGFP1
671,14:17:43,0.095,0.611,0,0,eGFP1
672,14:17:44,0.117,0.852,0,0,eGFP1
673,14:17:45,0.118,1.237,0,0,eGFP1
674,14:17:49,0.314,4.023,0,0,eGFP1
675,14:17:53,0.194,4.408,0,0,eGFP1
676,14:17:54,0.139,0.797,0,0,eGFP1
677,14:17:55,0.128,0.610,0,0,eGFP1
678,14:17:55,0.084,0.545,0,0,eGFP1
679,14:17:56,0.084,0.523,0,0,eGFP1
680,14:17:56,0.073,0.468,0,0,eGFP1
681,14:17:57,0.096,0.710,0,0,eGFP1
682,14:17:57,0.117,0.578,0,0,eGFP1
683,14:17:58,0.084,0.490,0,0,eGFP1
684,14:17:59,0.085,0.655,0,0,eGFP1
685,14:17:59,0.106,0.512,0,0,eGFP1
686,14:18:00,0.084,0.556,0,0,eGFP1
687,14:18:00,0.105,0.621,0,0,eGFP1
688,14:18:01,0.106,0.721,0,0,eGFP1
689,14:18:02,0.094,0.544,0,0,eGFP1
690,14:18:02,0.096,0.722,0,0,eGFP1
691,14:18:03,0.117,0.566,0,0,eGFP1
692,14:18:03,0.084,0.457,0,0,eGFP1
693,14:18:04,0.073,0.512,0,0,eGFP1
694,14:18:05,0.117,0.786,0,0,eGFP1
695,14:18:05,0.117,0.600,0,0,eGFP1
696,14:18:06,0.095,0.665,0,0,eGFP1
697,14:18:06,0.095,0.490,0,0,eGFP1
698,14:18:07,0.076,0.504,0,0,eGFP1
699,14:18:08,0.116,0.698,0,0,eGFP1
700,14:18:08,0.095,0.556,0,0,eGFP1
701,14:18:09,0.106,0.742,0,0,eGFP1
702,14:18:09,0.117,0.567,0,0,eGFP1
703,14:18:10,0.073,0.457,0,0,eGFP1
704,14:18:10,0.073,0.621,0,0,eGFP1
705,14:18:11,0.128,0.600,0,0,eGFP1
706,14:18:12,0.085,0.447,0,0,eGFP1
707,14:18:12,0.084,0.753,0,0,eGFP1
708,14:18:13,0.139,0.666,0,0,eGFP1
709,14:18:14,0.095,0.611,0,0,eGFP1
710,14:18:14,0.116,0.687,0,0,eGFP1
711,14:18:15,0.106,0.600,0,0,eGFP1
712,14:18:15,0.094,0.511,0,0,eGFP1
713,14:18:16,0.075,0.569,0,0,eGFP1
714,14:18:16,0.105,0.544,0,0,eGFP1
715,14:18:17,0.086,0.459,0,0,eGFP1
716,14:18:17,0.073,0.468,0,0,eGFP1
717,14:18:18,0.084,0.753,0,0,eGFP1
718,14:18:19,0.150,0.687,0,0,eGFP1
719,14:18:19,0.095,0.512,0,0,eGFP1
720,14:18:20,0.095,0.699,0,0,eGFP1
721,14:18:21,0.106,0.556,0,0,eGFP1
722,14:18:21,0.083,0.500,0,0,eGFP1
723,14:18:22,0.097,0.711,0,0,eGFP1
724,14:18:23,0.139,0.852,0,0,eGFP1
725,14:18:23,0.106,0.534,0,0,eGFP1
726,14:18:24,0.073,0.457,0,0,eGFP1
727,14:18:24,0.086,0.470,0,0,eGFP1
728,14:18:25,0.084,0.501,0,0,eGFP1
729,14:18:25,0.094,0.588,0,0,eGFP1
730,14:18:26,0.106,0.754,0,0,eGFP1
731,14:18:27,0.117,0.709,0,0,eGFP1
732,14:18:27,0.127,0.621,0,0,eGFP1
733,14:18:28,0.095,0.578,0,0,eGFP1
734,14:18:28,0.095,0.578,0,0,eGFP1
735,14:18:29,0.083,0.588,0,0,eGFP1
736,14:18:30,0.106,0.589,0,0,eGFP1
737,14:18:30,0.095,0.490,0,0,eGFP1
738,14:18:31,0.084,0.512,0,0,eGFP1
739,14:18:32,0.117,0.874,0,0,eGFP1
740,14:18:32,0.118,0.546,0,0,eGFP1
741,14:18:32,0.075,0.437,0,0,eGFP1
742,14:18:33,0.084,0.545,0,0,eGFP1
743,14:18:34,0.106,0.611,0,0,eGFP1
744,14:18:34,0.105,0.599,0,0,eGFP1
745,14:18:35,0.117,0.842,0,0,eGFP1
746,14:18:37,1.159,1.883,0,0,eGFP1
747,14:18:38,0.095,0.556,0,0,eGFP1
748,14:18:38,0.107,0.601,0,0,eGFP1
749,14:18:39,0.084,0.457,0,0,eGFP1
750,14:18:39,0.073,0.490,0,0,eGFP1
751,14:18:40,0.106,0.919,0,0,eGFP1
752,14:18:41,0.138,0.610,0,0,eGFP1
753,14:18:41,0.073,0.425,0,0,eGFP1
754,14:18:41,0.073,0.435,0,0,eGFP1
755,14:18:42,0.074,0.491,0,0,eGFP1
756,14:18:42,0.095,0.512,0,0,eGFP1
757,14:18:43,0.097,0.689,0,0,eGFP1
758,14:18:44,0.128,0.644,0,0,eGFP1
759,14:18:44,0.084,0.457,0,0,eGFP1
760,14:18:45,0.084,0.501,0,0,eGFP1
761,14:18:46,0.128,0.765,0,0,eGFP1
762,14:18:46,0.106,0.578,0,0,eGFP1
763,14:18:47,0.084,0.512,0,0,eGFP1
764,14:18:47,0.084,0.523,0,0,eGFP1
765,14:18:48,0.085,0.469,0,0,eGFP1
766,14:18:49,0.095,0.918,0,0,eGFP1
767,14:18:50,0.447,1.237,0,0,eGFP1
768,14:18:50,0.095,0.490,0,0,eGFP1
769,14:18:51,0.063,0.415,0,0,eGFP1
770,14:18:51,0.073,0.523,0,0,eGFP1
771,14:18:52,0.106,0.545,0,0,eGFP1
772,14:18:52,0.073,0.424,0,0,eGFP1
773,14:18:53,0.085,0.601,0,0,eGFP1
774,14:18:54,0.139,0.776,0,0,eGFP1
775,14:18:54,0.095,0.468,0,0,eGFP1
776,14:18:54,0.073,0.479,0,0,eGFP1
777,14:18:55,0.095,0.874,0,0,eGFP1
778,14:18:57,0.622,1.303,0,0,eGFP1
779,14:18:57,0.095,0.578,0,0,eGFP1
780,14:18:58,0.106,0.567,0,0,eGFP1
781,14:18:58,0.084,0.501,0,0,eGFP1
782,14:18:59,0.085,0.513,0,0,eGFP1
783,14:18:59,0.095,0.611,0,0,eGFP1
784,14:19:00,0.108,0.590,0,0,eGFP1
785,14:19:01,0.096,0.545,0,0,eGFP1
786,14:19:01,0.096,0.633,0,0,eGFP1
787,14:19:02,0.106,0.600,0,0,eGFP1
788,14:19:02,0.095,0.556,0,0,eGFP1
789,14:19:03,0.128,0.831,0,0,eGFP1
790,14:22:33,0.974,210.249,0,0,eGFP1
791,14:22:36,0.150,2.213,0,0,eGFP1
792,14:22:36,0.128,0.699,0,0,eGFP1
793,14:22:39,0.183,2.751,0,0,eGFP1
794,14:22:40,0.205,0.819,0,0,eGFP1
795,14:22:41,0.140,0.754,0,0,eGFP1
796,14:22:42,0.106,1.665,0,0,eGFP1
797,14:22:43,0.139,0.874,0,0,eGFP1
798,14:22:44,0.129,0.755,0,0,eGFP1
799,14:22:45,0.107,0.777,0,0,eGFP1
800,14:22:47,0.205,2.103,0,0,eGFP1
801,14:22:48,0.117,0.743,0,0,eGFP1
802,14:22:49,0.271,1.555,0,0,eGFP1
803,14:22:50,0.095,0.589,0,0,eGFP1
804,14:22:53,0.150,3.255,0,0,eGFP1
805,14:22:54,0.173,0.732,0,0,eGFP1
806,14:22:54,0.128,0.798,0,0,eGFP1
807,14:22:55,0.162,0.963,0,0,eGFP1
808,14:22:56,0.161,1.006,0,0,eGFP1
809,14:22:58,0.216,1.050,0,0,eGFP1
810,14:22:58,0.107,0.578,0,0,eGFP1
811,14:22:59,0.118,0.886,0,0,eGFP1
812,14:23:00,0.118,0.799,0,0,eGFP1
813,14:23:01,0.183,0.962,0,0,eGFP1
814,14:23:02,0.172,0.973,0,0,eGFP1
815,14:23:02,0.119,0.656,0,0,eGFP1
816,14:23:03,0.161,0.908,0,0,eGFP1
817,14:23:04,0.117,0.896,0,0,eGFP1
818,14:23:05,0.216,0.940,0,0,eGFP1
819,14:23:06,0.107,0.622,0,0,eGFP1
820,14:23:07,0.140,0.864,0,0,eGFP1
821,14:23:07,0.095,0.556,0,0,eGFP1
822,14:23:08,0.128,0.809,0,0,eGFP1
823,14:23:09,0.106,0.556,0,0,eGFP1
824,14:23:09,0.086,0.525,0,0,eGFP1
825,14:23:10,0.095,0.600,0,0,eGFP1
826,14:23:10,0.096,0.568,0,0,eGFP1
827,14:23:11,0.128,0.655,0,0,eGFP1
828,14:23:11,0.095,0.578,0,0,eGFP1
829,14:23:12,0.096,0.568,0,0,eGFP1
830,14:23:13,0.095,0.622,0,0,eGFP1
831,14:23:13,0.128,0.841,0,0,eGFP1
832,14:23:14,0.152,0.700,0,0,eGFP1
833,14:23:15,0.085,0.568,0,0,eGFP1
834,14:23:15,0.095,0.622,0,0,eGFP1
835,14:23:16,0.117,0.688,0,0,eGFP1
836,14:23:17,0.095,0.534,0,0,eGFP1
837,14:23:17,0.084,0.545,0,0,eGFP1
838,14:23:18,0.096,0.578,0,0,eGFP1
839,14:23:19,0.096,0.787,0,0,eGFP1
840,14:23:19,0.174,0.920,0,0,eGFP1
841,14:23:20,0.140,0.667,0,0,eGFP1
842,14:23:21,0.085,0.524,0,0,eGFP1
843,14:23:21,0.106,0.753,0,0,eGFP1
844,14:23:22,0.096,0.579,0,0,eGFP1
845,14:23:23,0.150,0.885,0,0,eGFP1
846,14:23:24,0.106,0.732,0,0,eGFP1
847,14:23:24,0.095,0.798,0,0,eGFP1
848,14:23:25,0.117,0.622,0,0,eGFP1
849,14:23:26,0.130,0.755,0,0,eGFP1
850,14:23:26,0.096,0.524,0,0,eGFP1
851,14:23:27,0.095,0.578,0,0,eGFP1
852,14:23:28,0.117,0.666,0,0,eGFP1
853,14:23:28,0.096,0.513,0,0,eGFP1
854,14:23:29,0.084,0.743,0,0,eGFP1
855,14:23:29,0.119,0.733,0,0,eGFP1
856,14:23:30,0.129,0.831,0,0,eGFP1
857,14:23:31,0.152,0.788,0,0,eGFP1
858,14:23:32,0.118,0.743,0,0,eGFP1
859,14:23:32,0.096,0.557,0,0,eGFP1
860,14:23:33,0.095,0.600,0,0,eGFP1
861,14:23:34,0.150,0.896,0,0,eGFP1
862,14:23:35,0.129,0.875,0,0,eGFP1
863,14:23:36,0.128,0.787,0,0,eGFP1
864,14:23:36,0.117,0.710,0,0,eGFP1
865,14:23:37,0.117,0.666,0,0,eGFP1
866,14:23:38,0.097,0.558,0,0,eGFP1
867,14:23:38,0.128,0.787,0,0,eGFP1
868,14:23:39,0.095,0.644,0,0,eGFP1
869,14:23:40,0.130,0.711,0,0,eGFP1
870,14:23:40,0.107,0.601,0,0,eGFP1
871,14:23:41,0.106,0.600,0,0,eGFP1
872,14:23:41,0.096,0.644,0,0,eGFP1
873,14:23:42,0.107,0.645,0,0,eGFP1
874,14:23:43,0.107,0.700,0,0,eGFP1
875,14:23:44,0.129,0.820,0,0,eGFP1
876,14:23:44,0.117,0.831,0,0,eGFP1
877,14:23:45,0.117,0.699,0,0,eGFP1
878,14:23:46,0.139,0.853,0,0,eGFP1
879,14:23:47,0.128,0.655,0,0,eGFP1
880,14:23:47,0.106,0.721,0,0,eGFP1
881,14:23:48,0.150,0.820,0,0,eGFP1
882,14:23:49,0.106,0.600,0,0,eGFP1
883,14:23:49,0.110,0.625,0,0,eGFP1
884,14:23:50,0.107,0.623,0,0,eGFP1
885,14:23:52,0.128,1.950,0,0,eGFP1
886,14:23:57,0.161,4.748,0,0,eGFP1
887,14:23:58,0.217,1.479,0,0,eGFP1
888,14:23:59,0.282,1.204,0,0,eGFP1
889,14:24:02,1.357,2.323,0,0,eGFP1
890,14:24:03,0.216,1.094,0,0,eGFP1
891,14:24:03,0.097,0.558,0,0,eGFP1
892,14:24:04,0.096,0.667,0,0,eGFP1
893,14:24:05,0.095,0.512,0,0,eGFP1
894,14:24:05,0.096,0.601,0,0,eGFP1
895,14:24:06,0.106,0.710,0,0,eGFP1
896,14:24:07,0.139,0.962,0,0,eGFP1
897,14:24:08,0.108,0.624,0,0,eGFP1
898,14:24:09,0.195,1.577,0,0,eGFP1
899,14:24:10,0.086,0.525,0,0,eGFP1
900,14:24:10,0.118,0.601,0,0,eGFP1
901,14:24:11,0.085,0.513,0,0,eGFP1
902,14:24:11,0.117,0.644,0,0,eGFP1
903,14:24:12,0.096,0.677,0,0,eGFP1
904,14:24:13,0.151,0.798,0,0,eGFP1
905,14:24:14,0.096,0.656,0,0,eGFP1
906,14:24:14,0.106,0.589,0,0,eGFP1
907,14:24:15,0.085,0.677,0,0,eGFP1
908,14:24:16,0.174,0.789,0,0,eGFP1
909,14:24:16,0.085,0.535,0,0,eGFP1
910,14:24:17,0.128,0.743,0,0,eGFP1
911,14:24:17,0.095,0.556,0,0,eGFP1
912,14:24:18,0.123,0.814,0,0,eGFP1
913,14:24:19,0.107,0.579,0,0,eGFP1
914,14:24:20,0.129,0.787,0,0,eGFP1
915,14:24:20,0.096,0.689,0,0,eGFP1
916,14:24:21,0.119,0.635,0,0,eGFP1
917,14:24:22,0.106,0.688,0,0,eGFP1
918,14:24:22,0.096,0.535,0,0,eGFP1
919,14:24:24,0.096,2.060,0,0,eGFP1
920,14:24:25,0.238,0.787,0,0,eGFP1
921,14:24:26,0.096,0.590,0,0,eGFP1
922,14:24:26,0.106,0.655,0,0,eGFP1
923,14:24:27,0.129,0.656,0,0,eGFP1
924,14:24:28,0.106,0.655,0,0,eGFP1
925,14:24:28,0.141,0.701,0,0,eGFP1
926,14:24:29,0.108,0.678,0,0,eGFP1
927,14:24:30,0.107,0.634,0,0,eGFP1
928,14:24:30,0.107,0.612,0,0,eGFP1
929,14:24:31,0.106,0.809,0,0,eGFP1
930,14:24:32,0.117,0.655,0,0,eGFP1
931,14:24:32,0.107,0.722,0,0,eGFP1
932,14:24:33,0.117,0.600,0,0,eGFP1
933,14:24:34,0.097,0.569,0,0,eGFP1
934,14:24:34,0.107,0.678,0,0,eGFP1
935,14:24:35,0.117,0.622,0,0,eGFP1
936,14:24:35,0.096,0.590,0,0,eGFP1
937,14:24:37,0.096,1.237,0,0,eGFP1
938,14:24:37,0.173,0.700,0,0,eGFP1
939,14:24:38,0.139,0.907,0,0,eGFP1
940,14:24:39,0.109,0.591,0,0,eGFP1
941,14:24:40,0.109,0.712,0,0,eGFP1
942,14:24:40,0.129,0.788,0,0,eGFP1
943,14:24:41,0.095,0.655,0,0,eGFP1
944,14:24:42,0.129,0.776,0,0,eGFP1
945,14:24:43,0.360,1.578,0,0,eGFP1
946,14:24:44,0.150,0.743,0,0,eGFP1
947,14:24:45,0.162,0.787,0,0,eGFP1
948,14:24:45,0.085,0.535,0,0,eGFP1
949,14:24:46,0.118,0.733,0,0,eGFP1
950,14:24:47,0.097,0.525,0,0,eGFP1
951,14:24:47,0.096,0.809,0,0,eGFP1
952,14:24:48,0.118,0.568,0,0,eGFP1
953,14:24:49,0.096,0.963,0,0,eGFP1
954,14:24:50,0.119,0.602,0,0,eGFP1
955,14:24:50,0.129,0.666,0,0,eGFP1
956,14:24:51,0.085,0.502,0,0,eGFP1
957,14:24:51,0.096,0.678,0,0,eGFP1
958,14:24:52,0.119,0.657,0,0,eGFP1
959,14:24:53,0.096,0.502,0,0,eGFP1
960,14:24:53,0.085,0.590,0,0,eGFP1
961,14:24:54,0.129,0.655,0,0,eGFP1
962,14:24:55,0.118,0.810,0,0,eGFP1
963,14:24:55,0.150,0.809,0,0,eGFP1
964,14:24:56,0.096,0.546,0,0,eGFP1
965,14:24:57,0.107,0.688,0,0,eGFP1
966,14:24:57,0.107,0.678,0,0,eGFP1
967,14:24:58,0.108,0.734,0,0,eGFP1
968,14:24:59,0.108,0.547,0,0,eGFP1
969,14:24:59,0.107,0.678,0,0,eGFP1
970,14:25:00,0.096,0.633,0,0,eGFP1
971,14:25:01,0.118,0.733,0,0,eGFP1
972,14:25:02,0.151,0.853,0,0,eGFP1
973,14:25:02,0.107,0.590,0,0,eGFP1
974,14:25:03,0.118,0.623,0,0,eGFP1
975,14:25:03,0.098,0.624,0,0,eGFP1
976,14:25:04,0.129,0.678,0,0,eGFP1
977,14:25:05,0.096,0.579,0,0,eGFP1
978,14:25:05,0.107,0.732,0,0,eGFP1
979,14:25:06,0.107,0.689,0,0,eGFP1
980,14:25:07,0.151,0.842,0,0,eGFP1
981,14:25:08,0.118,0.711,0,0,eGFP1
982,14:25:08,0.118,0.710,0,0,eGFP1
983,14:25:09,0.143,0.659,0,0,eGFP1
984,14:25:10,0.107,0.853,0,0,eGFP1
985,14:25:11,0.151,0.667,0,0,eGFP1
986,14:25:11,0.096,0.831,0,0,eGFP1
987,14:25:12,0.140,0.776,0,0,eGFP1
988,14:25:14,0.162,1.512,0,0,eGFP1
989,14:25:15,0.096,1.666,0,0,eGFP1
990,14:25:16,0.107,0.589,0,0,eGFP1
991,14:25:17,0.107,0.612,0,0,eGFP1
992,14:25:17,0.120,0.624,0,0,eGFP1
993,14:25:18,0.086,0.492,0,0,eGFP1
994,14:25:18,0.096,0.622,0,0,eGFP1
995,14:25:19,0.096,0.524,0,0,eGFP1
996,14:25:19,0.086,0.546,0,0,eGFP1
997,14:25:20,0.098,0.756,0,0,eGFP1
998,14:25:21,0.107,0.579,0,0,eGFP1
999,14:25:21,0.085,0.634,0,0,eGFP1
1000,14:25:22,0.141,0.690,0,0,eGFP1
1001,14:25:23,0.118,0.766,0,0,eGFP1
1002,14:25:23,0.107,0.612,0,0,eGFP1
1003,14:25:24,0.129,0.710,0,0,eGFP1
1004,14:25:25,0.085,0.579,0,0,eGFP1
1005,14:25:25,0.118,0.612,0,0,eGFP1
1006,14:25:26,0.096,0.535,0,0,eGFP1
1007,14:25:27,0.085,0.952,0,0,eGFP1
1008,14:25:27,0.153,0.646,0,0,eGFP1
1009,14:25:28,0.108,0.942,0,0,eGFP1
1010,14:25:29,0.107,0.601,0,0,eGFP1
1011,14:25:30,0.130,0.668,0,0,eGFP1
1012,14:25:30,0.096,0.699,0,0,eGFP1
1013,14:25:31,0.119,0.612,0,0,eGFP1
1014,14:25:31,0.108,0.568,0,0,eGFP1
1015,14:25:32,0.086,0.612,0,0,eGFP1
1016,14:25:33,0.108,0.744,0,0,eGFP1
1017,14:25:33,0.141,0.646,0,0,eGFP1
1018,14:25:34,0.096,0.601,0,0,eGFP1
1019,14:25:35,0.107,0.590,0,0,eGFP1
1020,14:25:35,0.096,0.656,0,0,eGFP1
1021,14:25:36,0.096,0.897,0,0,eGFP1
1022,14:25:38,0.228,1.951,0,0,eGFP1
1023,14:25:39,0.118,0.711,0,0,eGFP1
1024,14:25:40,0.162,0.809,0,0,eGFP1
1025,14:25:40,0.099,0.747,0,0,eGFP1
1026,14:25:41,0.140,0.787,0,0,eGFP1
1027,14:25:42,0.086,0.492,0,0,eGFP1
1028,14:25:44,0.085,2.433,0,0,eGFP1
1029,14:25:45,0.108,0.667,0,0,eGFP1
1030,14:25:46,0.140,0.876,0,0,eGFP1
1031,14:25:46,0.129,0.656,0,0,eGFP1
1032,14:25:47,0.129,0.754,0,0,eGFP1
1033,14:25:48,0.120,0.679,0,0,eGFP1
1034,14:25:49,0.130,0.733,0,0,eGFP1
1035,14:25:49,0.096,0.546,0,0,eGFP1
1036,14:25:50,0.086,0.613,0,0,eGFP1
1037,14:25:50,0.096,0.546,0,0,eGFP1
1038,14:25:51,0.097,0.678,0,0,eGFP1
1039,14:25:51,0.109,0.548,0,0,eGFP1
1040,14:25:52,0.096,0.831,0,0,eGFP1
1041,14:25:53,0.131,0.811,0,0,eGFP1
1042,14:25:54,0.129,0.777,0,0,eGFP1
1043,14:25:55,0.118,0.667,0,0,eGFP1
1044,14:25:55,0.140,0.809,0,0,eGFP1
1045,14:25:56,0.097,0.656,0,0,eGFP1
1046,14:25:57,0.108,0.568,0,0,eGFP1
1047,14:25:57,0.097,0.503,0,0,eGFP1
1048,14:25:58,0.085,0.579,0,0,eGFP1
1049,14:25:59,0.129,0.864,0,0,eGFP1
1050,14:25:59,0.142,0.855,0,0,eGFP1
1051,14:26:00,0.140,0.843,0,0,eGFP1
1052,14:26:01,0.097,0.558,0,0,eGFP1
1053,14:26:01,0.097,0.722,0,0,eGFP1
1054,14:26:02,0.119,0.623,0,0,eGFP1
1055,14:26:03,0.097,0.722,0,0,eGFP1
1056,14:26:03,0.096,0.535,0,0,eGFP1
1057,14:26:04,0.097,0.810,0,0,eGFP1
1058,14:26:05,0.109,0.877,0,0,eGFP1
1059,14:26:06,0.151,0.831,0,0,eGFP1
1060,14:26:07,0.097,0.832,0,0,eGFP1
1061,14:26:07,0.129,0.667,0,0,eGFP1
1062,14:26:08,0.085,0.645,0,0,eGFP1
1063,14:26:09,0.129,0.645,0,0,eGFP1
1064,14:26:09,0.097,0.645,0,0,eGFP1
1065,14:26:10,0.108,0.579,0,0,eGFP1
1066,14:26:10,0.100,0.593,0,0,eGFP1
1067,14:26:11,0.097,0.569,0,0,eGFP1
1068,14:26:12,0.107,0.754,0,0,eGFP1
1069,14:26:12,0.130,0.667,0,0,eGFP1
1070,14:26:13,0.097,0.602,0,0,eGFP1
1071,14:26:14,0.118,0.853,0,0,eGFP1
1072,14:26:15,0.129,0.667,0,0,eGFP1
1073,14:26:15,0.086,0.623,0,0,eGFP1
1074,14:26:16,0.134,0.671,0,0,eGFP1
1075,14:26:17,0.108,0.788,0,0,eGFP1
1076,14:26:17,0.106,0.698,0,0,eGFP1
1077,14:26:18,0.139,0.687,0,0,eGFP1
1078,14:26:19,0.095,0.742,0,0,eGFP1
1079,14:26:20,0.193,0.841,0,0,eGFP1
1080,14:26:20,0.095,0.677,0,0,eGFP1
1081,14:26:21,0.105,0.610,0,0,eGFP1
1082,14:26:22,0.128,0.819,0,0,eGFP1
1083,14:26:22,0.096,0.546,0,0,eGFP1
1084,14:26:23,0.094,0.654,0,0,eGFP1
1085,14:26:24,0.248,0.994,0,0,eGFP1
1086,14:26:25,0.105,0.599,0,0,eGFP1
1087,14:26:25,0.106,0.577,0,0,eGFP1
1088,14:26:26,0.084,0.633,0,0,eGFP1
1089,14:26:27,0.215,0.895,0,0,eGFP1
1090,14:26:27,0.094,0.753,0,0,eGFP1
1091,14:26:28,0.140,0.798,0,0,eGFP1
1092,14:26:29,0.138,0.764,0,0,eGFP1
1093,14:26:30,0.116,0.643,0,0,eGFP1
1094,14:26:30,0.107,0.601,0,0,eGFP1
1095,14:26:31,0.094,0.533,0,0,eGFP1
1096,14:26:31,0.094,0.698,0,0,eGFP1
1097,14:26:32,0.117,0.622,0,0,eGFP1
1098,14:26:33,0.094,0.577,0,0,eGFP1
1099,14:26:33,0.096,0.557,0,0,eGFP1
1100,14:26:34,0.105,0.588,0,0,eGFP1
1101,14:26:35,0.117,0.775,0,0,eGFP1
1102,14:26:35,0.105,0.632,0,0,eGFP1
1103,14:26:36,0.117,0.687,0,0,eGFP1
1104,14:26:37,0.128,0.885,0,0,eGFP1
1105,14:26:38,0.138,0.895,0,0,eGFP1
1106,14:27:05,0.139,26.970,0,0,eGFP1
1107,14:27:06,0.228,1.347,0,0,eGFP1
1108,14:27:08,0.140,1.874,0,0,eGFP1
1109,14:27:09,0.138,0.983,0,0,eGFP1
1110,14:27:09,0.139,0.654,0,0,eGFP1
1111,14:27:10,0.095,0.534,0,0,eGFP1
1112,14:27:11,0.138,0.972,0,0,eGFP1
1113,14:27:12,0.128,0.918,0,0,eGFP1
1114,14:27:13,0.149,0.830,0,0,eGFP1
1115,14:27:13,0.105,0.544,0,0,eGFP1
1116,14:27:14,0.085,0.754,0,0,eGFP1
1117,14:27:15,0.117,0.567,0,0,eGFP1
1118,14:27:15,0.072,0.434,0,0,eGFP1
1119,14:27:16,0.095,0.589,0,0,eGFP1
1120,14:27:16,0.105,0.862,0,0,eGFP1
1121,14:27:17,0.150,0.633,0,0,eGFP1
1122,14:27:18,0.085,0.666,0,0,eGFP1
1123,14:27:18,0.139,0.665,0,0,eGFP1
1124,14:27:19,0.085,0.623,0,0,eGFP1
1125,14:27:20,0.105,0.643,0,0,eGFP1
1126,14:27:21,0.139,0.841,0,0,eGFP1
1127,14:27:21,0.116,0.665,0,0,eGFP1
1128,14:27:22,0.128,0.589,0,0,eGFP1
1129,14:27:22,0.083,0.489,0,0,eGFP1
1130,14:27:23,0.095,0.731,0,0,eGFP1
1131,14:27:24,0.128,0.643,0,0,eGFP1
1132,14:27:24,0.107,0.678,0,0,eGFP1
1133,14:27:25,0.106,0.676,0,0,eGFP1
1134,14:27:26,0.128,0.841,0,0,eGFP1
1135,14:27:27,0.151,0.853,0,0,eGFP1
1136,14:27:27,0.117,0.621,0,0,eGFP1
1137,14:27:28,0.106,0.699,0,0,eGFP1
1138,14:27:29,0.105,0.522,0,0,eGFP1
1139,14:27:29,0.073,0.457,0,0,eGFP1
1140,14:27:30,0.096,0.765,0,0,eGFP1
1141,14:27:30,0.117,0.567,0,0,eGFP1
1142,14:27:31,0.094,0.808,0,0,eGFP1
1143,14:27:32,0.193,0.819,0,0,eGFP1
1144,14:27:33,0.094,0.555,0,0,eGFP1
1145,14:27:33,0.095,0.512,0,0,eGFP1
1146,14:27:34,0.094,1.104,0,0,eGFP1
1147,14:27:35,0.139,0.599,0,0,eGFP1
1148,14:27:35,0.084,0.457,0,0,eGFP1
1149,14:27:36,0.087,0.657,0,0,eGFP1
1150,14:27:36,0.117,0.545,0,0,eGFP1
1151,14:27:37,0.073,0.435,0,0,eGFP1
1152,14:27:37,0.073,0.544,0,0,eGFP1
1153,14:27:38,0.117,0.611,0,0,eGFP1
1154,14:27:39,0.084,0.523,0,0,eGFP1
1155,14:27:39,0.105,0.687,0,0,eGFP1
1156,14:27:40,0.116,0.533,0,0,eGFP1
1157,14:27:40,0.075,0.503,0,0,eGFP1
1158,14:27:41,0.084,0.512,0,0,eGFP1
1159,14:27:41,0.083,0.445,0,0,eGFP1
1160,14:27:42,0.062,0.424,0,0,eGFP1
1161,14:27:42,0.073,0.567,0,0,eGFP1
1162,14:27:43,0.117,0.797,0,0,eGFP1
1163,14:27:44,0.107,0.546,0,0,eGFP1
1164,14:27:44,0.084,0.654,0,0,eGFP1
1165,14:27:45,0.129,0.667,0,0,eGFP1
1166,14:27:45,0.106,0.610,0,0,eGFP1
1167,14:27:46,0.084,0.600,0,0,eGFP1
1168,14:27:47,0.095,0.501,0,0,eGFP1
1169,14:27:47,0.073,0.479,0,0,eGFP1
1170,14:27:48,0.116,0.884,0,0,eGFP1
1171,14:27:49,0.128,0.633,0,0,eGFP1
1172,14:27:49,0.117,0.720,0,0,eGFP1
1173,14:27:50,0.117,0.556,0,0,eGFP1
1174,14:27:50,0.082,0.598,0,0,eGFP1
1175,14:27:51,0.117,0.567,0,0,eGFP1
1176,14:27:52,0.084,0.501,0,0,eGFP1
1177,14:27:52,0.085,0.502,0,0,eGFP1
1178,14:27:53,0.083,0.610,0,0,eGFP1
1179,14:27:53,0.117,0.786,0,0,eGFP1
1180,14:27:54,0.128,0.622,0,0,eGFP1
1181,14:27:55,0.095,0.588,0,0,eGFP1
1182,14:27:55,0.097,0.623,0,0,eGFP1
1183,14:27:56,0.095,0.534,0,0,eGFP1
1184,14:27:56,0.084,0.578,0,0,eGFP1
1185,14:27:57,0.116,0.753,0,0,eGFP1
1186,14:27:58,0.117,0.665,0,0,eGFP1
1187,14:27:59,0.128,0.819,0,0,eGFP1
1188,14:27:59,0.139,0.655,0,0,eGFP1
1189,14:28:00,0.095,0.556,0,0,eGFP1
1190,14:28:01,0.107,0.710,0,0,eGFP1
1191,14:28:01,0.206,0.887,0,0,eGFP1
1192,14:28:02,0.105,0.533,0,0,eGFP1
1193,14:28:02,0.084,0.490,0,0,eGFP1
1194,14:28:03,0.095,0.600,0,0,eGFP1
1195,14:28:04,0.106,0.534,0,0,eGFP1
1196,14:28:04,0.094,0.599,0,0,eGFP1
1197,14:28:05,0.117,0.710,0,0,eGFP1
1198,14:28:05,0.096,0.491,0,0,eGFP1
1199,14:28:06,0.084,0.545,0,0,eGFP1
1200,14:28:07,0.105,0.753,0,0,eGFP1
1201,14:28:07,0.128,0.632,0,0,eGFP1
1202,14:28:08,0.106,0.633,0,0,eGFP1
1203,14:28:09,0.139,0.764,0,0,eGFP1
1204,14:28:09,0.106,0.611,0,0,eGFP1
1205,14:28:10,0.096,0.623,0,0,eGFP1
1206,14:28:11,0.106,0.610,0,0,eGFP1
1207,14:28:11,0.086,0.536,0,0,eGFP1
1208,14:28:12,0.094,0.632,0,0,eGFP1
1209,14:28:13,0.139,0.863,0,0,eGFP1
1210,14:28:13,0.150,0.797,0,0,eGFP1
1211,14:28:14,0.095,0.490,0,0,eGFP1
1212,14:28:14,0.073,0.512,0,0,eGFP1
1213,14:28:15,0.128,0.765,0,0,eGFP1
1214,14:28:16,0.127,0.742,0,0,eGFP1
1215,14:28:16,0.096,0.513,0,0,eGFP1
1216,14:28:17,0.073,0.534,0,0,eGFP1
1217,14:28:18,0.106,0.677,0,0,eGFP1
1218,14:28:18,0.118,0.787,0,0,eGFP1
1219,14:28:19,0.118,0.601,0,0,eGFP1
1220,14:28:20,0.095,0.633,0,0,eGFP1
1221,14:28:20,0.105,0.577,0,0,eGFP1
1222,14:28:21,0.106,0.534,0,0,eGFP1
1223,14:28:21,0.097,0.755,0,0,eGFP1
1224,14:28:22,0.172,0.731,0,0,eGFP1
1225,14:28:23,0.095,0.512,0,0,eGFP1
1226,14:28:23,0.095,0.556,0,0,eGFP1
1227,14:28:24,0.095,0.622,0,0,eGFP1
1228,14:28:25,0.106,0.633,0,0,eGFP1
1229,14:28:25,0.084,0.577,0,0,eGFP1
1230,14:28:26,0.106,0.721,0,0,eGFP1
1231,14:28:27,0.129,0.744,0,0,eGFP1
1232,14:28:27,0.118,0.579,0,0,eGFP1
1233,14:28:28,0.095,0.687,0,0,eGFP1
1234,14:28:29,0.150,0.754,0,0,eGFP1
1235,14:28:29,0.106,0.523,0,0,eGFP1
1236,14:28:30,0.084,0.545,0,0,eGFP1
1237,14:28:30,0.095,0.676,0,0,eGFP1
1238,14:28:31,0.117,0.710,0,0,eGFP1
1239,14:28:32,0.117,0.578,0,0,eGFP1
1240,14:28:32,0.085,0.634,0,0,eGFP1
1241,14:28:33,0.117,0.742,0,0,eGFP1
1242,14:28:34,0.128,0.589,0,0,eGFP1
1243,14:28:34,0.084,0.490,0,0,eGFP1
1244,14:28:35,0.095,0.830,0,0,eGFP1
1245,14:28:36,0.161,0.776,0,0,eGFP1
1246,14:28:36,0.129,0.689,0,0,eGFP1
1247,14:28:37,0.128,0.655,0,0,eGFP1
1248,14:28:38,0.107,0.623,0,0,eGFP1
1249,14:28:38,0.117,0.687,0,0,eGFP1
1250,14:28:39,0.117,0.644,0,0,eGFP1
1251,14:28:40,0.106,0.666,0,0,eGFP1
1252,14:28:40,0.106,0.578,0,0,eGFP1
1253,14:28:41,0.106,0.534,0,0,eGFP1
1254,14:28:41,0.095,0.633,0,0,eGFP1
1255,14:28:42,0.117,0.676,0,0,eGFP1
1256,14:28:43,0.119,0.678,0,0,eGFP1
1257,14:28:43,0.095,0.655,0,0,eGFP1
1258,14:28:44,0.128,0.808,0,0,eGFP1
1259,14:28:45,0.117,0.809,0,0,eGFP1
1260,14:28:46,0.151,0.722,0,0,eGFP1
1261,14:28:46,0.106,0.742,0,0,eGFP1
1262,14:28:47,0.117,0.721,0,0,eGFP1
1263,14:28:48,0.128,0.622,0,0,eGFP1
1264,14:28:49,0.096,0.689,0,0,eGFP1
1265,14:28:49,0.139,0.808,0,0,eGFP1
1266,14:28:50,0.117,0.743,0,0,eGFP1
1267,14:28:51,0.117,0.677,0,0,eGFP1
1268,14:28:51,0.095,0.567,0,0,eGFP1
1269,14:28:52,0.095,0.632,0,0,eGFP1
1270,14:28:53,0.139,0.809,0,0,eGFP1
1271,14:28:53,0.150,0.699,0,0,eGFP1
1272,14:28:54,0.106,0.742,0,0,eGFP1
1273,14:28:55,0.162,0.810,0,0,eGFP1
1274,14:28:56,0.129,0.843,0,0,eGFP1
1275,14:28:57,0.128,0.676,0,0,eGFP1
1276,14:28:57,0.118,0.743,0,0,eGFP1
1277,14:28:58,0.150,0.808,0,0,eGFP1
1278,14:28:59,0.118,0.787,0,0,eGFP1
1279,14:29:00,0.150,0.973,0,0,eGFP1
1280,14:29:01,0.151,0.864,0,0,eGFP1
1281,14:29:02,0.162,0.832,0,0,eGFP1
1282,14:29:02,0.139,0.698,0,0,eGFP1
1283,14:29:03,0.118,0.886,0,0,eGFP1
1284,14:29:04,0.139,0.720,0,0,eGFP1
1285,14:29:04,0.118,0.666,0,0,eGFP1
1286,14:29:05,0.117,0.820,0,0,eGFP1
1287,14:29:06,0.128,0.622,0,0,eGFP1
1288,14:29:07,0.107,0.645,0,0,eGFP1
1289,14:29:07,0.108,0.744,0,0,eGFP1
1290,14:29:08,0.128,0.830,0,0,eGFP1
1291,14:29:09,0.151,0.699,0,0,eGFP1
1292,14:29:09,0.095,0.502,0,0,eGFP1
1293,14:29:10,0.084,0.731,0,0,eGFP1
1294,14:29:11,0.150,0.853,0,0,eGFP1
1295,14:29:12,0.161,0.863,0,0,eGFP1
1296,14:29:13,0.128,0.732,0,0,eGFP1
1297,14:29:13,0.129,0.799,0,0,eGFP1
1298,14:29:14,0.150,0.764,0,0,eGFP1
1299,14:29:15,0.118,0.644,0,0,eGFP1
1300,14:29:15,0.118,0.611,0,0,eGFP1
1301,14:29:16,0.097,0.679,0,0,eGFP1
1302,14:29:17,0.128,0.808,0,0,eGFP1
1303,14:29:18,0.150,0.853,0,0,eGFP1
1304,14:29:18,0.139,0.764,0,0,eGFP1
1305,14:29:19,0.106,0.589,0,0,eGFP1
1306,14:29:20,0.097,0.679,0,0,eGFP1
1307,14:29:21,0.139,0.830,0,0,eGFP1
1308,14:29:21,0.128,0.688,0,0,eGFP1
1309,14:29:22,0.095,0.523,0,0,eGFP1
1310,14:29:22,0.085,0.688,0,0,eGFP1
1311,14:29:23,0.117,0.743,0,0,eGFP1
1312,14:29:24,0.117,0.589,0,0,eGFP1
1313,14:29:25,0.106,0.787,0,0,eGFP1
1314,14:29:25,0.151,0.667,0,0,eGFP1
1315,14:29:26,0.097,0.514,0,0,eGFP1
1316,14:29:26,0.095,0.666,0,0,eGFP1
1317,14:29:27,0.106,0.545,0,0,eGFP1
1318,14:29:28,0.095,0.754,0,0,eGFP1
1319,14:29:28,0.150,0.720,0,0,eGFP1
1320,14:29:29,0.096,0.513,0,0,eGFP1
1321,14:29:30,0.084,0.567,0,0,eGFP1
1322,14:29:30,0.140,0.865,0,0,eGFP1
1323,14:29:31,0.106,0.556,0,0,eGFP1
1324,14:29:31,0.073,0.512,0,0,eGFP1
1325,14:29:32,0.096,0.601,0,0,eGFP1
1326,14:32:30,0.161,178.061,0,0,eGFP1
1327,14:32:32,0.172,1.686,0,0,eGFP1
1328,14:32:33,0.524,1.412,0,0,eGFP1
1329,14:32:35,0.646,1.546,0,0,eGFP1
1330,14:32:36,0.140,1.457,0,0,eGFP1
1331,14:32:39,0.183,2.938,0,0,eGFP1
1332,14:32:40,0.238,0.402,0,0,eGFP1
1333,14:32:41,0.293,1.040,0,0,eGFP1
1334,14:32:41,0.183,0.841,0,0,eGFP1
1335,14:32:42,0.106,0.721,0,0,eGFP1
1336,14:32:43,0.161,0.710,0,0,eGFP1
1337,14:32:44,0.106,0.644,0,0,eGFP1
1338,14:32:44,0.117,0.567,0,0,eGFP1
1339,14:32:45,0.108,0.799,0,0,eGFP1
1340,14:32:47,0.173,2.071,0,0,eGFP1
1341,14:32:48,0.349,1.293,0,0,eGFP1
1342,14:32:49,0.117,0.666,0,0,eGFP1
1343,14:32:50,0.108,0.602,0,0,eGFP1
1344,14:32:50,0.117,0.688,0,0,eGFP1
1345,14:32:51,0.117,0.732,0,0,eGFP1
1346,14:32:52,0.128,0.776,0,0,eGFP1
1347,14:32:52,0.107,0.601,0,0,eGFP1
1348,14:32:53,0.107,0.699,0,0,eGFP1
1349,14:32:54,0.107,0.633,0,0,eGFP1
1350,14:32:55,0.151,1.204,0,0,eGFP1
1351,14:32:56,0.151,0.897,0,0,eGFP1
1352,14:32:57,0.161,1.753,0,0,eGFP1
1353,14:32:59,0.117,1.313,0,0,eGFP1
1354,14:33:00,0.425,0.776,0,0,eGFP1
1355,14:33:01,0.799,1.545,0,0,eGFP1
1356,14:33:02,0.107,0.952,0,0,eGFP1
1357,14:33:04,1.282,2.116,0,0,eGFP1
1358,14:33:05,0.107,0.655,0,0,eGFP1
1359,14:33:06,0.162,0.875,0,0,eGFP1
1360,14:33:07,0.107,0.864,0,0,eGFP1
1361,14:33:08,0.172,1.006,0,0,eGFP1
1362,14:33:09,0.118,1.314,0,0,eGFP1
1363,14:33:10,0.163,0.700,0,0,eGFP1
1364,14:33:10,0.096,0.732,0,0,eGFP1
1365,14:33:11,0.129,0.634,0,0,eGFP1
1366,14:33:12,0.095,0.534,0,0,eGFP1
1367,14:33:12,0.107,0.721,0,0,eGFP1
1368,14:33:13,0.151,0.776,0,0,eGFP1
1369,14:33:14,0.096,0.535,0,0,eGFP1
1370,14:33:15,0.095,1.698,0,0,eGFP1
1371,14:33:16,0.371,1.051,0,0,eGFP1
1372,14:33:17,0.119,0.701,0,0,eGFP1
1373,14:33:18,0.106,0.545,0,0,eGFP1
1374,14:33:18,0.096,0.732,0,0,eGFP1
1375,14:33:19,0.129,0.711,0,0,eGFP1
1376,14:33:20,0.139,0.743,0,0,eGFP1
1377,14:33:20,0.106,0.677,0,0,eGFP1
1378,14:33:22,0.150,1.116,0,0,eGFP1
1379,14:33:22,0.129,0.601,0,0,eGFP1
1380,14:33:23,0.086,0.667,0,0,eGFP1
1381,14:33:24,0.118,0.732,0,0,eGFP1
1382,14:33:24,0.151,0.765,0,0,eGFP1
1383,14:33:25,0.118,1.018,0,0,eGFP1
1384,14:33:26,0.207,0.865,0,0,eGFP1
1385,14:33:27,0.096,0.546,0,0,eGFP1
1386,14:33:27,0.106,0.644,0,0,eGFP1
1387,14:33:28,0.129,0.699,0,0,eGFP1
1388,14:33:29,0.097,0.690,0,0,eGFP1
1389,14:33:29,0.128,0.721,0,0,eGFP1
1390,14:33:30,0.129,0.831,0,0,eGFP1
1391,14:33:31,0.129,1.193,0,0,eGFP1
1392,14:33:32,0.173,0.765,0,0,eGFP1
1393,14:33:33,0.096,0.568,0,0,eGFP1
1394,14:33:33,0.106,0.677,0,0,eGFP1
1395,14:33:34,0.107,0.601,0,0,eGFP1
1396,14:33:35,0.108,0.942,0,0,eGFP1
1397,14:33:36,0.128,0.611,0,0,eGFP1
1398,14:33:36,0.097,0.613,0,0,eGFP1
1399,14:33:37,0.107,0.974,0,0,eGFP1
1400,14:33:38,0.172,0.754,0,0,eGFP1
1401,14:33:39,0.096,0.578,0,0,eGFP1
1402,14:33:39,0.129,0.711,0,0,eGFP1
1403,14:33:40,0.085,0.590,0,0,eGFP1
1404,14:33:41,0.128,0.765,0,0,eGFP1
1405,14:33:41,0.130,0.854,0,0,eGFP1
1406,14:33:44,2.027,2.774,0,0,eGFP1
1407,14:33:45,0.095,0.710,0,0,eGFP1
1408,14:33:47,0.161,2.093,0,0,eGFP1
1409,14:33:48,0.118,0.568,0,0,eGFP1
1410,14:33:48,0.084,0.567,0,0,eGFP1
1411,14:33:49,0.096,0.678,0,0,eGFP1
1412,14:33:50,0.108,0.689,0,0,eGFP1
1413,14:33:50,0.108,0.668,0,0,eGFP1
1414,14:33:51,0.118,1.062,0,0,eGFP1
1415,14:33:52,0.194,0.743,0,0,eGFP1
1416,14:33:53,0.085,0.754,0,0,eGFP1
1417,14:33:53,0.129,0.634,0,0,eGFP1
1418,14:33:54,0.117,1.017,0,0,eGFP1
1419,14:33:55,0.140,0.634,0,0,eGFP1
1420,14:33:56,0.107,0.809,0,0,eGFP1
1421,14:33:58,1.249,2.083,0,0,eGFP1
1422,14:34:01,0.184,3.246,0,0,eGFP1
1423,14:34:02,0.150,0.765,0,0,eGFP1
1424,14:34:02,0.096,0.502,0,0,eGFP1
1425,14:34:03,0.085,0.688,0,0,eGFP1
1426,14:34:04,0.119,0.602,0,0,eGFP1
1427,14:34:04,0.096,0.557,0,0,eGFP1
1428,14:34:05,0.096,0.776,0,0,eGFP1
1429,14:34:06,0.107,0.579,0,0,eGFP1
1430,14:34:06,0.095,0.676,0,0,eGFP1
1431,14:34:07,0.129,0.733,0,0,eGFP1
1432,14:34:08,0.095,0.633,0,0,eGFP1
1433,14:34:08,0.118,0.579,0,0,eGFP1
1434,14:34:09,0.085,0.754,0,0,eGFP1
1435,14:34:10,0.151,0.678,0,0,eGFP1
1436,14:34:11,0.107,1.566,0,0,eGFP1
1437,14:34:12,0.392,0.974,0,0,eGFP1
1438,14:34:13,0.097,0.602,0,0,eGFP1
1439,14:34:13,0.107,0.568,0,0,eGFP1
1440,14:34:14,0.086,0.701,0,0,eGFP1
1441,14:34:15,0.128,0.633,0,0,eGFP1
1442,14:34:15,0.096,0.722,0,0,eGFP1
1443,14:34:16,0.107,0.589,0,0,eGFP1
1444,14:34:17,0.096,0.601,0,0,eGFP1
1445,14:34:17,0.118,0.809,0,0,eGFP1
1446,14:34:18,0.131,0.712,0,0,eGFP1
1447,14:34:19,0.140,0.820,0,0,eGFP1
1448,14:34:20,0.096,0.634,0,0,eGFP1
1449,14:34:20,0.162,0.798,0,0,eGFP1
1450,14:34:21,0.096,0.557,0,0,eGFP1
1451,14:34:22,0.107,0.700,0,0,eGFP1
1452,14:34:23,0.129,0.842,0,0,eGFP1
1453,14:34:23,0.129,0.612,0,0,eGFP1
1454,14:34:25,0.098,1.525,0,0,eGFP1
1455,14:34:25,0.228,0.765,0,0,eGFP1
1456,14:34:26,0.096,0.700,0,0,eGFP1
1457,14:34:27,0.118,0.601,0,0,eGFP1
1458,14:34:27,0.085,0.600,0,0,eGFP1
1459,14:34:28,0.107,0.601,0,0,eGFP1
1460,14:34:29,0.107,0.601,0,0,eGFP1
1461,14:34:29,0.118,0.677,0,0,eGFP1
1462,14:34:30,0.107,0.766,0,0,eGFP1
1463,14:34:31,0.108,0.580,0,0,eGFP1
1464,14:34:31,0.096,0.557,0,0,eGFP1
1465,14:34:33,0.129,1.950,0,0,eGFP1
1466,14:34:34,0.107,0.612,0,0,eGFP1
1467,14:34:35,0.120,1.667,0,0,eGFP1
1468,14:34:36,0.217,0.842,0,0,eGFP1
1469,14:34:37,0.096,0.656,0,0,eGFP1
1470,14:34:38,0.173,0.809,0,0,eGFP1
1471,14:34:38,0.098,0.580,0,0,eGFP1
1472,14:34:40,0.151,2.171,0,0,eGFP1
1473,14:34:41,0.107,0.578,0,0,eGFP1
1474,14:34:42,0.086,0.590,0,0,eGFP1
1475,14:34:42,0.118,0.689,0,0,eGFP1
1476,14:34:43,0.085,0.469,0,0,eGFP1
1477,14:34:43,0.096,0.722,0,0,eGFP1
1478,14:34:44,0.107,0.787,0,0,eGFP1
1479,14:34:45,0.130,0.679,0,0,eGFP1
1480,14:34:46,0.107,1.281,0,0,eGFP1
1481,14:34:47,0.131,0.614,0,0,eGFP1
1482,14:34:47,0.096,0.513,0,0,eGFP1
1483,14:34:48,0.096,0.524,0,0,eGFP1
1484,14:34:48,0.096,0.524,0,0,eGFP1
1485,14:34:49,0.085,0.524,0,0,eGFP1
1486,14:34:50,0.085,0.590,0,0,eGFP1
1487,14:34:50,0.108,0.767,0,0,eGFP1
1488,14:34:51,0.118,0.590,0,0,eGFP1
1489,14:34:51,0.085,0.568,0,0,eGFP1
1490,14:34:52,0.096,0.502,0,0,eGFP1
1491,14:34:53,0.096,1.138,0,0,eGFP1
1492,14:34:54,0.140,0.645,0,0,eGFP1
1493,14:34:54,0.085,0.524,0,0,eGFP1
1494,14:34:55,0.108,0.612,0,0,eGFP1
1495,14:34:55,0.098,0.603,0,0,eGFP1
1496,14:34:56,0.108,0.690,0,0,eGFP1
1497,14:34:57,0.107,0.590,0,0,eGFP1
1498,14:34:59,0.118,2.170,0,0,eGFP1
1499,14:35:00,0.151,0.667,0,0,eGFP1
1500,14:35:00,0.096,0.535,0,0,eGFP1
1501,14:35:01,0.107,0.689,0,0,eGFP1
1502,14:35:02,0.151,0.941,0,0,eGFP1
1503,14:35:02,0.107,0.546,0,0,eGFP1
1504,14:35:03,0.086,0.613,0,0,eGFP1
1505,14:35:04,0.107,0.623,0,0,eGFP1
1506,14:35:04,0.096,0.645,0,0,eGFP1
1507,14:35:05,0.096,0.590,0,0,eGFP1
1508,14:35:05,0.107,0.590,0,0,eGFP1
1509,14:35:06,0.097,0.866,0,0,eGFP1
1510,14:35:07,0.173,0.721,0,0,eGFP1
1511,14:35:08,0.097,0.854,0,0,eGFP1
1512,14:35:08,0.328,0.569,0,0,eGFP1
1513,14:35:09,0.415,0.974,0,0,eGFP1
1514,14:35:10,0.085,0.524,0,0,eGFP1
1515,14:35:10,0.108,0.601,0,0,eGFP1
1516,14:35:11,0.108,0.623,0,0,eGFP1
1517,14:35:12,0.097,0.547,0,0,eGFP1
1518,14:35:12,0.085,0.458,0,0,eGFP1
1519,14:35:14,0.096,1.698,0,0,eGFP1
1520,14:35:14,0.098,0.669,0,0,eGFP1
1521,14:35:15,0.107,0.601,0,0,eGFP1
1522,14:35:16,0.096,0.666,0,0,eGFP1
1523,14:35:16,0.109,0.581,0,0,eGFP1
1524,14:35:17,0.140,0.744,0,0,eGFP1
1525,14:35:18,0.086,0.535,0,0,eGFP1
1526,14:35:18,0.097,0.645,0,0,eGFP1
1527,14:35:19,0.097,0.547,0,0,eGFP1
1528,14:35:19,0.096,0.568,0,0,eGFP1
1529,14:35:20,0.097,0.778,0,0,eGFP1
1530,14:35:21,0.140,0.776,0,0,eGFP1
1531,14:35:21,0.119,0.601,0,0,eGFP1
1532,14:35:22,0.108,0.733,0,0,eGFP1
1533,14:35:23,0.118,0.568,0,0,eGFP1
1534,14:35:23,0.086,0.601,0,0,eGFP1
1535,14:35:24,0.108,0.558,0,0,eGFP1
1536,14:35:25,0.096,0.645,0,0,eGFP1
1537,14:35:25,0.120,0.614,0,0,eGFP1
1538,14:35:26,0.108,0.700,0,0,eGFP1
1539,14:35:26,0.096,0.524,0,0,eGFP1
1540,14:35:27,0.119,0.722,0,0,eGFP1
1541,14:35:28,0.097,0.656,0,0,eGFP1
1542,14:35:29,0.151,0.700,0,0,eGFP1
1543,14:35:29,0.096,0.788,0,0,eGFP1
1544,14:35:31,1.259,1.896,0,0,eGFP1
1545,14:35:32,0.108,0.580,0,0,eGFP1
1546,14:35:34,0.108,2.160,0,0,eGFP1
1547,14:35:35,0.184,0.700,0,0,eGFP1
1548,14:35:35,0.107,0.656,0,0,eGFP1
1549,14:35:36,0.107,0.623,0,0,eGFP1
1550,14:38:11,0.097,155.533,0,0,eGFP1
1551,14:38:14,0.152,2.368,0,0,eGFP1
1552,14:38:15,0.130,0.689,0,0,eGFP1
1553,14:38:16,0.131,1.075,0,0,eGFP1
1554,14:38:16,0.129,0.612,0,0,eGFP1
1555,14:38:19,0.085,3.301,0,0,eGFP1
1556,14:38:20,0.151,0.776,0,0,eGFP1
1557,14:38:21,0.152,0.711,0,0,eGFP1
1558,14:38:22,0.097,0.722,0,0,eGFP1
1559,14:38:24,0.810,1.841,0,0,eGFP1
1560,14:38:24,0.163,0.689,0,0,eGFP1
1561,14:38:25,0.141,0.997,0,0,eGFP1
1562,14:38:26,0.163,0.767,0,0,eGFP1
1563,14:38:28,0.140,1.918,0,0,eGFP1
1564,14:38:29,0.131,0.822,0,0,eGFP1
1565,14:38:30,0.283,1.567,0,0,eGFP1
1566,14:38:31,0.129,0.744,0,0,eGFP1
1567,14:38:32,0.217,0.491,0,0,eGFP1
1568,14:38:34,0.393,2.116,0,0,eGFP1
1569,14:38:37,2.596,3.320,0,0,eGFP1
1570,14:38:38,0.129,1.095,0,0,eGFP1
1571,14:38:39,0.127,0.632,0,0,eGFP1
1572,14:38:39,0.094,0.621,0,0,eGFP1
1573,14:38:40,0.094,0.588,0,0,eGFP1
1574,14:38:40,0.105,0.588,0,0,eGFP1
1575,14:38:41,0.128,0.676,0,0,eGFP1
1576,14:38:42,0.095,0.567,0,0,eGFP1
1577,14:38:42,0.105,0.588,0,0,eGFP1
1578,14:38:43,0.086,0.525,0,0,eGFP1
1579,14:38:43,0.083,0.511,0,0,eGFP1
1580,14:38:44,0.106,0.610,0,0,eGFP1
1581,14:38:45,0.117,0.720,0,0,eGFP1
1582,14:38:45,0.106,0.654,0,0,eGFP1
1583,14:38:46,0.106,0.567,0,0,eGFP1
1584,14:38:48,0.094,1.718,0,0,eGFP1
1585,14:38:48,0.139,0.709,0,0,eGFP1
1586,14:38:49,0.107,0.601,0,0,eGFP1
1587,14:38:50,0.105,0.632,0,0,eGFP1
1588,14:38:50,0.127,0.676,0,0,eGFP1
1589,14:38:51,0.106,0.775,0,0,eGFP1
1590,14:38:53,0.314,1.872,0,0,eGFP1
1591,14:38:54,0.117,0.643,0,0,eGFP1
1592,14:38:54,0.096,0.590,0,0,eGFP1
1593,14:38:55,0.094,0.555,0,0,eGFP1
1594,14:38:55,0.084,0.534,0,0,eGFP1
1595,14:38:56,0.117,0.721,0,0,eGFP1
1596,14:38:57,0.105,0.566,0,0,eGFP1
1597,14:38:57,0.095,0.764,0,0,eGFP1
1598,14:38:58,0.139,0.621,0,0,eGFP1
1599,14:38:59,0.073,0.611,0,0,eGFP1
1600,14:38:59,0.149,0.676,0,0,eGFP1
1601,14:39:00,0.094,0.621,0,0,eGFP1
1602,14:39:01,0.160,0.841,0,0,eGFP1
1603,14:39:01,0.087,0.515,0,0,eGFP1
1604,14:39:03,0.095,1.346,0,0,eGFP1
1605,14:39:03,0.292,0.874,0,0,eGFP1
1606,14:39:04,0.106,0.633,0,0,eGFP1
1607,14:39:05,0.117,0.611,0,0,eGFP1
1608,14:39:05,0.105,0.621,0,0,eGFP1
1609,14:39:06,0.116,0.687,0,0,eGFP1
1610,14:39:07,0.116,0.577,0,0,eGFP1
1611,14:39:07,0.096,0.722,0,0,eGFP1
1612,14:39:08,0.160,0.895,0,0,eGFP1
1613,14:39:09,0.117,0.611,0,0,eGFP1
1614,14:39:09,0.094,0.610,0,0,eGFP1
1615,14:39:10,0.182,0.534,0,0,eGFP1
1616,14:39:12,1.071,1.806,0,0,eGFP1
1617,14:39:12,0.127,0.643,0,0,eGFP1
1618,14:39:13,0.095,0.687,0,0,eGFP1
1619,14:39:15,0.689,1.622,0,0,eGFP1
1620,14:39:15,0.107,0.600,0,0,eGFP1
1621,14:39:16,0.095,0.545,0,0,eGFP1
1622,14:39:16,0.073,0.522,0,0,eGFP1
1623,14:39:18,0.106,1.939,0,0,eGFP1
1624,14:39:19,0.127,0.599,0,0,eGFP1
1625,14:39:19,0.095,0.599,0,0,eGFP1
1626,14:39:20,0.106,0.534,0,0,eGFP1
1627,14:39:20,0.095,0.523,0,0,eGFP1
1628,14:39:21,0.074,0.480,0,0,eGFP1
1629,14:39:22,0.105,1.038,0,0,eGFP1
1630,14:39:23,0.128,0.632,0,0,eGFP1
1631,14:39:24,0.106,1.785,0,0,eGFP1
1632,14:39:25,0.117,0.599,0,0,eGFP1
1633,14:39:26,0.096,0.557,0,0,eGFP1
1634,14:39:26,0.095,0.468,0,0,eGFP1
1635,14:39:27,0.084,0.501,0,0,eGFP1
1636,14:39:27,0.096,0.524,0,0,eGFP1
1637,14:39:28,0.094,0.588,0,0,eGFP1
1638,14:39:29,0.150,0.863,0,0,eGFP1
1639,14:39:29,0.116,0.566,0,0,eGFP1
1640,14:39:30,0.073,0.479,0,0,eGFP1
1641,14:39:30,0.095,0.633,0,0,eGFP1
1642,14:39:31,0.094,0.544,0,0,eGFP1
1643,14:39:31,0.095,0.578,0,0,eGFP1
1644,14:39:32,0.107,0.765,0,0,eGFP1
1645,14:39:34,0.182,1.774,0,0,eGFP1
1646,14:39:34,0.095,0.545,0,0,eGFP1
1647,14:39:37,0.129,2.203,0,0,eGFP1
1648,14:39:37,0.094,0.555,0,0,eGFP1
1649,14:39:38,0.106,0.622,0,0,eGFP1
1650,14:39:38,0.094,0.555,0,0,eGFP1
1651,14:39:39,0.095,0.600,0,0,eGFP1
1652,14:39:39,0.096,0.535,0,0,eGFP1
1653,14:39:40,0.094,0.643,0,0,eGFP1
1654,14:39:41,0.084,0.512,0,0,eGFP1
1655,14:39:41,0.083,0.479,0,0,eGFP1
1656,14:39:42,0.083,0.555,0,0,eGFP1
1657,14:39:42,0.128,0.676,0,0,eGFP1
1658,14:39:43,0.095,0.929,0,0,eGFP1
1659,14:39:44,0.172,0.611,0,0,eGFP1
1660,14:39:45,0.402,0.961,0,0,eGFP1
1661,14:39:45,0.087,0.625,0,0,eGFP1
1662,14:39:46,0.138,0.797,0,0,eGFP1
1663,14:39:47,0.094,0.533,0,0,eGFP1
1664,14:39:48,0.106,0.830,0,0,eGFP1
1665,14:39:48,0.106,0.633,0,0,eGFP1
1666,14:39:49,0.116,0.588,0,0,eGFP1
1667,14:39:49,0.084,0.479,0,0,eGFP1
1668,14:39:50,0.106,0.753,0,0,eGFP1
1669,14:39:53,2.511,3.224,0,0,eGFP1
1670,14:39:55,0.117,1.730,0,0,eGFP1
1671,14:39:56,0.138,0.643,0,0,eGFP1
1672,14:39:56,0.106,0.611,0,0,eGFP1
1673,14:39:57,0.106,0.544,0,0,eGFP1
1674,14:39:57,0.084,0.589,0,0,eGFP1
1675,14:39:59,0.118,1.303,0,0,eGFP1
1676,14:40:00,0.249,0.819,0,0,eGFP1
1677,14:40:00,0.085,0.546,0,0,eGFP1
1678,14:40:01,0.095,0.545,0,0,eGFP1
1679,14:40:01,0.073,0.479,0,0,eGFP1
1680,14:40:02,0.106,0.644,0,0,eGFP1
1681,14:40:02,0.094,0.500,0,0,eGFP1
1682,14:40:03,0.084,0.578,0,0,eGFP1
1683,14:40:03,0.095,0.589,0,0,eGFP1
1684,14:40:04,0.127,0.709,0,0,eGFP1
1685,14:40:05,0.117,0.665,0,0,eGFP1
1686,14:40:05,0.116,0.610,0,0,eGFP1
1687,14:40:06,0.095,0.621,0,0,eGFP1
1688,14:40:07,0.106,0.622,0,0,eGFP1
1689,14:40:07,0.096,0.612,0,0,eGFP1
1690,14:40:09,0.095,1.653,0,0,eGFP1
1691,14:40:10,0.194,0.742,0,0,eGFP1
1692,14:40:10,0.095,0.600,0,0,eGFP1
1693,14:40:11,0.117,0.929,0,0,eGFP1
1694,14:40:13,0.195,1.830,0,0,eGFP1
1695,14:40:14,0.106,0.764,0,0,eGFP1
1696,14:40:16,0.150,1.983,0,0,eGFP1
1697,14:40:16,0.127,0.709,0,0,eGFP1
1698,14:40:17,0.128,0.633,0,0,eGFP1
1699,14:40:18,0.116,0.709,0,0,eGFP1
1700,14:40:18,0.084,0.534,0,0,eGFP1
1701,14:40:19,0.117,0.687,0,0,eGFP1
1702,14:40:20,0.097,0.547,0,0,eGFP1
1703,14:40:20,0.085,0.568,0,0,eGFP1
1704,14:40:21,0.084,0.512,0,0,eGFP1
1705,14:40:21,0.105,0.588,0,0,eGFP1
1706,14:40:22,0.106,0.600,0,0,eGFP1
1707,14:40:22,0.106,0.622,0,0,eGFP1
1708,14:40:23,0.128,0.764,0,0,eGFP1
1709,14:40:24,0.106,0.655,0,0,eGFP1
1710,14:40:25,0.140,1.588,0,0,eGFP1
1711,14:40:26,0.095,0.501,0,0,eGFP1
1712,14:40:27,0.084,0.787,0,0,eGFP1
1713,14:40:28,0.983,1.708,0,0,eGFP1
1714,14:40:30,0.117,1.477,0,0,eGFP1
1715,14:40:31,0.161,0.732,0,0,eGFP1
1716,14:40:34,0.118,3.103,0,0,eGFP1
1717,14:40:35,0.918,1.544,0,0,eGFP1
1718,14:40:36,0.094,0.599,0,0,eGFP1
1719,14:40:36,0.097,0.557,0,0,eGFP1
1720,14:40:37,0.095,0.622,0,0,eGFP1
1721,14:40:38,0.106,0.600,0,0,eGFP1
1722,14:40:38,0.084,0.556,0,0,eGFP1
1723,14:40:39,0.095,0.534,0,0,eGFP1
1724,14:40:39,0.084,0.567,0,0,eGFP1
1725,14:40:40,0.095,0.534,0,0,eGFP1
1726,14:40:40,0.095,0.522,0,0,eGFP1
1727,14:40:41,0.086,0.492,0,0,eGFP1
1728,14:40:42,0.095,0.841,0,0,eGFP1
1729,14:40:43,0.238,0.863,0,0,eGFP1
1730,14:40:43,0.086,0.547,0,0,eGFP1
1731,14:40:44,0.095,0.588,0,0,eGFP1
1732,14:40:44,0.106,0.699,0,0,eGFP1
1733,14:40:45,0.095,0.611,0,0,eGFP1
1734,14:40:46,0.095,0.633,0,0,eGFP1
1735,14:40:46,0.129,0.656,0,0,eGFP1
1736,14:40:47,0.095,0.588,0,0,eGFP1
1737,14:40:48,0.117,0.798,0,0,eGFP1
1738,14:40:48,0.117,0.644,0,0,eGFP1
1739,14:40:49,0.106,0.545,0,0,eGFP1
1740,14:40:50,0.095,0.907,0,0,eGFP1
1741,14:40:51,0.160,0.709,0,0,eGFP1
1742,14:40:51,0.095,0.666,0,0,eGFP1
1743,14:40:53,0.140,1.918,0,0,eGFP1
1744,14:40:54,0.129,0.722,0,0,eGFP1
1745,14:40:54,0.117,0.633,0,0,eGFP1
1746,14:40:55,0.106,0.687,0,0,eGFP1
1747,14:40:56,0.139,0.831,0,0,eGFP1
1748,14:40:57,0.117,0.600,0,0,eGFP1
1749,14:40:57,0.084,0.665,0,0,eGFP1
1750,14:40:58,0.172,1.017,0,0,eGFP1
1751,14:40:59,0.117,0.600,0,0,eGFP1
1752,14:41:00,0.108,0.634,0,0,eGFP1
1753,14:41:00,0.106,0.699,0,0,eGFP1
1754,14:41:02,0.172,1.609,0,0,eGFP1
1755,14:41:02,0.107,0.589,0,0,eGFP1
1756,14:41:03,0.106,0.842,0,0,eGFP1
1757,14:41:04,0.150,0.742,0,0,eGFP1
1758,14:41:05,0.108,0.635,0,0,eGFP1
1759,14:41:05,0.139,0.720,0,0,eGFP1
1760,14:41:06,0.108,0.568,0,0,eGFP1
1761,14:41:07,0.107,0.611,0,0,eGFP1
1762,14:43:00,0.096,113.457,0,0,eGFP1
1763,14:43:01,0.205,0.842,0,0,eGFP1
1764,14:43:02,0.128,1.313,0,0,eGFP1
1765,14:43:04,0.150,2.246,0,0,eGFP1
1766,14:43:05,0.128,0.644,0,0,eGFP1
1767,14:43:06,0.117,0.764,0,0,eGFP1
1768,14:43:06,0.097,0.514,0,0,eGFP1
1769,14:43:07,0.084,0.578,0,0,eGFP1
1770,14:43:08,0.161,0.764,0,0,eGFP1
1771,14:43:08,0.107,0.842,0,0,eGFP1
1772,14:43:09,0.129,0.799,0,0,eGFP1
1773,14:43:10,0.117,0.600,0,0,eGFP1
1774,14:43:10,0.084,0.457,0,0,eGFP1
1775,14:43:11,0.073,0.523,0,0,eGFP1
1776,14:43:12,0.141,0.821,0,0,eGFP1
1777,14:43:12,0.095,0.589,0,0,eGFP1
1778,14:43:13,0.139,0.819,0,0,eGFP1
1779,14:43:14,0.096,0.513,0,0,eGFP1
1780,14:43:14,0.073,0.446,0,0,eGFP1
1781,14:43:14,0.073,0.424,0,0,eGFP1
1782,14:43:15,0.074,0.535,0,0,eGFP1
1783,14:43:16,0.084,0.512,0,0,eGFP1
1784,14:43:16,0.095,0.644,0,0,eGFP1
1785,14:43:18,0.184,1.391,0,0,eGFP1
1786,14:43:18,0.130,0.602,0,0,eGFP1
1787,14:43:19,0.084,0.534,0,0,eGFP1
1788,14:43:19,0.106,0.567,0,0,eGFP1
1789,14:43:20,0.073,0.457,0,0,eGFP1
1790,14:43:20,0.084,0.655,0,0,eGFP1
1791,14:43:21,0.128,0.600,0,0,eGFP1
1792,14:43:21,0.084,0.458,0,0,eGFP1
1793,14:43:22,0.063,0.436,0,0,eGFP1
1794,14:43:23,0.074,0.666,0,0,eGFP1
1795,14:43:23,0.150,0.809,0,0,eGFP1
1796,14:43:24,0.106,0.567,0,0,eGFP1
1797,14:43:24,0.095,0.556,0,0,eGFP1
1798,14:43:25,0.095,0.732,0,0,eGFP1
1799,14:43:26,0.111,0.550,0,0,eGFP1
1800,14:43:26,0.084,0.479,0,0,eGFP1
1801,14:43:27,0.086,0.777,0,0,eGFP1
1802,14:43:28,0.161,0.688,0,0,eGFP1
1803,14:43:28,0.095,0.523,0,0,eGFP1
1804,14:43:29,0.095,0.589,0,0,eGFP1
1805,14:43:30,0.140,0.776,0,0,eGFP1
1806,14:43:30,0.117,0.567,0,0,eGFP1
1807,14:43:31,0.085,0.447,0,0,eGFP1
1808,14:43:31,0.073,0.611,0,0,eGFP1
1809,14:43:32,0.129,0.700,0,0,eGFP1
1810,14:43:32,0.095,0.512,0,0,eGFP1
1811,14:43:33,0.085,0.568,0,0,eGFP1
1812,14:43:34,0.106,0.709,0,0,eGFP1
1813,14:43:34,0.130,0.767,0,0,eGFP1
1814,14:43:35,0.128,0.665,0,0,eGFP1
1815,14:43:36,0.096,0.699,0,0,eGFP1
1816,14:43:36,0.118,0.579,0,0,eGFP1
1817,14:43:37,0.084,0.468,0,0,eGFP1
1818,14:43:38,0.086,0.657,0,0,eGFP1
1819,14:43:38,0.150,0.786,0,0,eGFP1
1820,14:43:39,0.129,0.699,0,0,eGFP1
1821,14:43:40,0.107,0.524,0,0,eGFP1
1822,14:43:40,0.073,0.545,0,0,eGFP1
1823,14:43:41,0.106,0.622,0,0,eGFP1
1824,14:43:41,0.106,0.688,0,0,eGFP1
1825,14:43:42,0.117,0.633,0,0,eGFP1
1826,14:43:43,0.108,0.700,0,0,eGFP1
1827,14:43:44,0.130,0.810,0,0,eGFP1
1828,14:43:46,0.118,2.203,0,0,eGFP1
1829,14:43:47,0.150,0.776,0,0,eGFP1
1830,14:43:48,0.161,1.094,0,0,eGFP1
1831,14:43:49,0.172,1.182,0,0,eGFP1
1832,14:43:50,0.150,0.830,0,0,eGFP1
1833,14:43:51,0.195,1.051,0,0,eGFP1
1834,14:43:52,0.151,0.952,0,0,eGFP1
1835,14:43:52,0.184,0.743,0,0,eGFP1
1836,14:43:53,0.096,0.688,0,0,eGFP1
1837,14:43:54,0.107,0.612,0,0,eGFP1
1838,14:43:54,0.095,0.600,0,0,eGFP1
1839,14:43:55,0.106,0.633,0,0,eGFP1
1840,14:43:55,0.107,0.578,0,0,eGFP1
1841,14:43:56,0.130,0.822,0,0,eGFP1
1842,14:43:57,0.118,0.645,0,0,eGFP1
1843,14:43:58,0.118,0.622,0,0,eGFP1
1844,14:43:58,0.096,0.568,0,0,eGFP1
1845,14:43:59,0.106,0.787,0,0,eGFP1
1846,14:44:00,0.150,0.743,0,0,eGFP1
1847,14:44:00,0.106,0.567,0,0,eGFP1
1848,14:44:01,0.107,0.820,0,0,eGFP1
1849,14:44:02,0.139,0.666,0,0,eGFP1
1850,14:44:02,0.096,0.524,0,0,eGFP1
1851,14:44:03,0.097,0.612,0,0,eGFP1
1852,14:44:04,0.129,0.699,0,0,eGFP1
1853,14:44:04,0.107,0.623,0,0,eGFP1
1854,14:44:05,0.095,0.556,0,0,eGFP1
1855,14:44:05,0.130,0.723,0,0,eGFP1
1856,14:44:06,0.095,0.545,0,0,eGFP1
1857,14:44:06,0.085,0.491,0,0,eGFP1
1858,14:44:07,0.106,0.666,0,0,eGFP1
1859,14:44:08,0.119,0.569,0,0,eGFP1
1860,14:44:08,0.073,0.469,0,0,eGFP1
1861,14:44:09,0.073,0.578,0,0,eGFP1
1862,14:44:10,0.161,0.864,0,0,eGFP1
1863,14:44:10,0.128,0.688,0,0,eGFP1
1864,14:44:11,0.107,0.600,0,0,eGFP1
1865,14:44:11,0.107,0.524,0,0,eGFP1
1866,14:44:12,0.096,0.743,0,0,eGFP1
1867,14:44:13,0.141,0.744,0,0,eGFP1
1868,14:44:14,0.436,1.314,0,0,eGFP1
1869,14:44:15,0.174,0.679,0,0,eGFP1
1870,14:44:15,0.095,0.512,0,0,eGFP1
1871,14:44:16,0.096,0.754,0,0,eGFP1
1872,14:44:17,0.118,0.601,0,0,eGFP1
1873,14:44:17,0.107,0.567,0,0,eGFP1
1874,14:44:18,0.085,0.612,0,0,eGFP1
1875,14:44:19,0.108,0.678,0,0,eGFP1
1876,14:44:19,0.129,0.755,0,0,eGFP1
1877,14:44:20,0.117,0.699,0,0,eGFP1
1878,14:44:21,0.128,0.655,0,0,eGFP1
1879,14:44:21,0.107,0.645,0,0,eGFP1
1880,14:44:22,0.117,0.732,0,0,eGFP1
1881,14:44:23,0.139,0.721,0,0,eGFP1
1882,14:44:24,0.119,0.711,0,0,eGFP1
1883,14:44:24,0.118,0.755,0,0,eGFP1
1884,14:44:25,0.152,0.843,0,0,eGFP1
1885,14:44:26,0.172,0.787,0,0,eGFP1
1886,14:44:27,0.118,0.655,0,0,eGFP1
1887,14:44:27,0.107,0.579,0,0,eGFP1
1888,14:44:28,0.085,0.447,0,0,eGFP1
1889,14:44:28,0.074,0.436,0,0,eGFP1
1890,14:44:29,0.084,1.138,0,0,eGFP1
1891,14:44:33,3.366,4.090,0,0,eGFP1
1892,14:44:34,0.108,0.580,0,0,eGFP1
1893,14:44:35,0.107,0.842,0,0,eGFP1
1894,14:44:35,0.107,0.535,0,0,eGFP1
1895,14:44:36,0.084,0.480,0,0,eGFP1
1896,14:44:36,0.086,0.612,0,0,eGFP1
1897,14:44:37,0.107,0.535,0,0,eGFP1
1898,14:44:37,0.085,0.535,0,0,eGFP1
1899,14:44:38,0.129,0.743,0,0,eGFP1
1900,14:44:39,0.097,0.492,0,0,eGFP1
1901,14:44:39,0.074,0.447,0,0,eGFP1
1902,14:44:40,0.085,0.557,0,0,eGFP1
1903,14:44:40,0.096,0.524,0,0,eGFP1
1904,14:44:41,0.095,0.644,0,0,eGFP1
1905,14:44:41,0.118,0.656,0,0,eGFP1
1906,14:44:42,0.095,0.600,0,0,eGFP1
1907,14:44:43,0.085,0.458,0,0,eGFP1
1908,14:44:43,0.075,0.437,0,0,eGFP1
1909,14:44:44,0.085,0.678,0,0,eGFP1
1910,14:44:44,0.152,0.712,0,0,eGFP1
1911,14:44:45,0.095,0.622,0,0,eGFP1
1912,14:44:46,0.140,0.710,0,0,eGFP1
1913,14:44:46,0.118,0.733,0,0,eGFP1
1914,14:44:47,0.129,0.600,0,0,eGFP1
1915,14:44:48,0.085,0.513,0,0,eGFP1
1916,14:44:48,0.107,0.722,0,0,eGFP1
1917,14:44:50,1.381,2.028,0,0,eGFP1
1918,14:44:51,0.096,0.469,0,0,eGFP1
1919,14:44:51,0.074,0.513,0,0,eGFP1
1920,14:44:52,0.129,0.765,0,0,eGFP1
1921,14:44:53,0.129,0.601,0,0,eGFP1
1922,14:44:53,0.096,0.645,0,0,eGFP1
1923,14:44:54,0.095,0.491,0,0,eGFP1
1924,14:44:54,0.075,0.492,0,0,eGFP1
1925,14:44:55,0.097,0.635,0,0,eGFP1
1926,14:44:55,0.096,0.491,0,0,eGFP1
1927,14:44:56,0.085,0.677,0,0,eGFP1
1928,14:44:57,0.118,0.634,0,0,eGFP1
1929,14:44:57,0.096,0.732,0,0,eGFP1
1930,14:44:58,0.129,0.656,0,0,eGFP1
1931,14:44:59,0.085,0.480,0,0,eGFP1
1932,14:44:59,0.096,0.644,0,0,eGFP1
1933,14:45:00,0.109,0.537,0,0,eGFP1
1934,14:45:00,0.085,0.447,0,0,eGFP1
1935,14:45:01,0.085,0.864,0,0,eGFP1
1936,14:45:02,0.151,0.743,0,0,eGFP1
1937,14:45:03,0.118,0.689,0,0,eGFP1
1938,14:45:03,0.108,0.723,0,0,eGFP1
1939,14:45:04,0.118,0.677,0,0,eGFP1
1940,14:45:07,0.403,3.520,0,0,eGFP1
1941,14:45:08,0.184,0.733,0,0,eGFP1
1942,14:45:09,0.116,0.698,0,0,eGFP1
1943,14:45:10,0.107,0.644,0,0,eGFP1
1944,14:45:10,0.107,0.634,0,0,eGFP1
1945,14:45:11,0.107,0.557,0,0,eGFP1
1946,14:45:11,0.096,0.557,0,0,eGFP1
1947,14:45:12,0.096,0.557,0,0,eGFP1
1948,14:45:13,0.129,0.699,0,0,eGFP1
1949,14:45:14,0.283,1.929,0,0,eGFP1
1950,14:45:15,0.339,0.931,0,0,eGFP1
1951,14:45:16,0.096,0.491,0,0,eGFP1
1952,14:45:16,0.076,0.406,0,0,eGFP1
1953,14:45:17,0.063,0.414,0,0,eGFP1
1954,14:45:17,0.074,0.656,0,0,eGFP1
1955,14:45:18,0.128,0.600,0,0,eGFP1
1956,14:45:18,0.085,0.502,0,0,eGFP1
1957,14:45:19,0.085,0.502,0,0,eGFP1
1958,14:45:20,0.087,0.625,0,0,eGFP1
1959,14:45:20,0.128,0.732,0,0,eGFP1
1960,14:45:21,0.096,0.524,0,0,eGFP1
1961,14:45:21,0.085,0.579,0,0,eGFP1
1962,14:45:22,0.107,0.612,0,0,eGFP1
1963,14:45:23,0.096,0.502,0,0,eGFP1
1964,14:45:23,0.096,0.612,0,0,eGFP1
1965,14:45:24,0.152,0.755,0,0,eGFP1
1966,14:45:24,0.098,0.493,0,0,eGFP1
1967,14:45:25,0.074,0.447,0,0,eGFP1
1968,14:45:25,0.085,0.491,0,0,eGFP1
1969,14:45:26,0.085,0.799,0,0,eGFP1
1970,14:45:27,0.249,0.930,0,0,eGFP1
1971,14:45:28,0.107,0.579,0,0,eGFP1
1972,14:45:28,0.107,0.655,0,0,eGFP1
1973,14:45:29,0.107,0.535,0,0,eGFP1
1974,14:45:29,0.074,0.491,0,0,eGFP1
1975,14:45:30,0.098,0.636,0,0,eGFP1
1976,14:45:30,0.096,0.513,0,0,eGFP1
1977,14:45:31,0.085,0.699,0,0,eGFP1
1978,14:45:32,0.118,0.612,0,0,eGFP1
1979,14:45:32,0.087,0.603,0,0,eGFP1
1980,14:45:33,0.118,0.666,0,0,eGFP1
1981,14:45:34,0.118,0.854,0,0,eGFP1
1982,14:45:34,0.129,0.579,0,0,eGFP1
1983,14:45:35,0.086,0.481,0,0,eGFP1
1984,14:45:36,0.107,0.678,0,0,eGFP1
1985,14:45:36,0.096,0.568,0,0,eGFP1
1986,14:45:37,0.085,0.579,0,0,eGFP1
1987,14:45:37,0.118,0.601,0,0,eGFP1
1988,14:45:38,0.085,0.491,0,0,eGFP1
1989,14:45:38,0.096,0.524,0,0,eGFP1
1990,14:45:39,0.096,0.623,0,0,eGFP1
1991,14:45:40,0.141,0.866,0,0,eGFP1
1992,14:45:40,0.107,0.557,0,0,eGFP1
1993,14:45:41,0.097,0.778,0,0,eGFP1
1994,14:45:42,0.129,0.612,0,0,eGFP1
1995,14:45:42,0.074,0.502,0,0,eGFP1
1996,14:45:43,0.107,0.809,0,0,eGFP1
1997,14:45:44,0.140,0.623,0,0,eGFP1
1998,14:45:44,0.096,0.700,0,0,eGFP1
1999,14:45:45,0.119,0.624,0,0,eGFP1
2000,14:45:46,0.096,0.568,0,0,eGFP1
2001,14:45:46,0.096,0.524,0,0,eGFP1
2002,14:45:47,0.107,0.876,0,0,eGFP1
2003,14:45:48,0.140,0.677,0,0,eGFP1
2004,14:45:48,0.119,0.711,0,0,eGFP1
2005,14:45:49,0.118,0.766,0,0,eGFP1
2006,14:45:50,0.118,0.711,0,0,eGFP1
2007,14:45:51,0.119,0.624,0,0,eGFP1
2008,14:45:51,0.097,0.580,0,0,eGFP1
2009,14:45:52,0.096,0.568,0,0,eGFP1
2010,14:45:52,0.108,0.634,0,0,eGFP1
2011,14:45:53,0.107,0.535,0,0,eGFP1
2012,14:45:53,0.086,0.580,0,0,eGFP1
2013,14:45:54,0.130,0.887,0,0,eGFP1
2014,14:45:55,0.129,0.590,0,0,eGFP1
2015,14:45:55,0.085,0.469,0,0,eGFP1
2016,14:45:56,0.076,0.526,0,0,eGFP1
2017,14:45:57,0.129,0.854,0,0,eGFP1
2018,14:45:57,0.129,0.623,0,0,eGFP1
2019,14:45:58,0.085,0.623,0,0,eGFP1
2020,14:45:59,0.162,0.787,0,0,eGFP1
2021,14:45:59,0.098,0.570,0,0,eGFP1
2022,14:46:00,0.096,0.546,0,0,eGFP1
2023,14:46:01,0.107,0.612,0,0,eGFP1
2024,14:46:01,0.108,0.800,0,0,eGFP1
2025,14:46:02,0.107,0.579,0,0,eGFP1
2026,14:46:03,0.096,0.667,0,0,eGFP1
2027,14:46:03,0.140,0.667,0,0,eGFP1
2028,14:46:04,0.096,0.601,0,0,eGFP1
2029,14:46:05,0.118,0.744,0,0,eGFP1
2030,14:46:27,0.151,22.373,0,0,eGFP1
2031,14:46:28,0.140,0.667,0,0,eGFP1
2032,14:46:29,0.164,0.899,0,0,eGFP1
2033,14:46:29,0.085,0.469,0,0,eGFP1
2034,14:46:29,0.064,0.415,0,0,eGFP1
2035,14:46:30,0.076,0.591,0,0,eGFP1
2036,14:46:31,0.130,0.678,0,0,eGFP1
2037,14:46:31,0.075,0.569,0,0,eGFP1
2038,14:46:32,0.118,0.612,0,0,eGFP1
2039,14:46:32,0.096,0.590,0,0,eGFP1
2040,14:46:33,0.107,0.601,0,0,eGFP1
2041,14:46:34,0.087,0.471,0,0,eGFP1
2042,14:46:34,0.074,0.447,0,0,eGFP1
2043,14:46:35,0.086,0.678,0,0,eGFP1
2044,14:46:35,0.140,0.623,0,0,eGFP1
2045,14:46:36,0.097,0.623,0,0,eGFP1
2046,14:46:36,0.108,0.536,0,0,eGFP1
2047,14:46:37,0.085,0.458,0,0,eGFP1
2048,14:46:38,0.098,0.712,0,0,eGFP1
2049,14:46:38,0.109,0.526,0,0,eGFP1
2050,14:46:39,0.064,0.448,0,0,eGFP1
2051,14:46:39,0.096,0.645,0,0,eGFP1
2052,14:46:40,0.085,0.469,0,0,eGFP1
2053,14:46:40,0.075,0.601,0,0,eGFP1
2054,14:46:41,0.119,0.635,0,0,eGFP1
2055,14:46:42,0.096,0.722,0,0,eGFP1
2056,14:46:42,0.107,0.546,0,0,eGFP1
2057,14:46:43,0.087,0.504,0,0,eGFP1
2058,14:46:43,0.085,0.557,0,0,eGFP1
2059,14:46:44,0.096,0.634,0,0,eGFP1
2060,14:46:45,0.118,0.711,0,0,eGFP1
2061,14:46:45,0.105,0.522,0,0,eGFP1
2062,14:46:46,0.085,0.502,0,0,eGFP1
2063,14:46:46,0.105,0.544,0,0,eGFP1
2064,14:46:47,0.106,0.742,0,0,eGFP1
2065,14:46:48,0.129,0.655,0,0,eGFP1
2066,14:46:48,0.128,0.830,0,0,eGFP1
2067,14:46:49,0.127,0.643,0,0,eGFP1
2068,14:46:50,0.095,1.280,0,0,eGFP1
2069,14:46:51,0.127,0.566,0,0,eGFP1
2070,14:46:51,0.084,0.577,0,0,eGFP1
2071,14:46:52,0.139,0.808,0,0,eGFP1
2072,14:46:53,0.105,0.555,0,0,eGFP1
2073,14:46:53,0.084,0.600,0,0,eGFP1
2074,14:46:54,0.118,0.699,0,0,eGFP1
2075,14:46:55,0.139,0.742,0,0,eGFP1
2076,14:46:55,0.107,0.557,0,0,eGFP1
2077,14:46:56,0.094,0.500,0,0,eGFP1
2078,14:46:56,0.073,0.490,0,0,eGFP1
2079,14:46:57,0.094,0.588,0,0,eGFP1
2080,14:46:58,0.138,0.742,0,0,eGFP1
2081,14:46:58,0.094,0.490,0,0,eGFP1
2082,14:46:59,0.084,0.589,0,0,eGFP1
2083,14:47:00,0.139,0.830,0,0,eGFP1
2084,14:47:00,0.094,0.511,0,0,eGFP1
2085,14:47:01,0.084,0.665,0,0,eGFP1
2086,14:47:01,0.117,0.578,0,0,eGFP1
2087,14:47:02,0.083,0.511,0,0,eGFP1
2088,14:47:03,0.084,0.621,0,0,eGFP1
2089,14:47:03,0.106,0.545,0,0,eGFP1
2090,14:47:03,0.075,0.426,0,0,eGFP1
2091,14:47:04,0.084,0.808,0,0,eGFP1
2092,14:47:05,0.149,0.676,0,0,eGFP1
2093,14:47:06,0.095,0.600,0,0,eGFP1
2094,14:47:06,0.105,0.621,0,0,eGFP1
2095,14:47:07,0.105,0.643,0,0,eGFP1
2096,14:47:07,0.105,0.566,0,0,eGFP1
2097,14:47:08,0.095,0.622,0,0,eGFP1
2098,14:47:09,0.117,0.545,0,0,eGFP1
2099,14:47:09,0.073,0.578,0,0,eGFP1
2100,14:47:10,0.138,0.819,0,0,eGFP1
2101,14:47:11,0.116,0.687,0,0,eGFP1
2102,14:47:11,0.105,0.533,0,0,eGFP1
2103,14:47:12,0.084,0.512,0,0,eGFP1
2104,14:47:12,0.096,0.710,0,0,eGFP1
2105,14:47:13,0.128,0.588,0,0,eGFP1
2106,14:47:13,0.084,0.479,0,0,eGFP1
2107,14:47:14,0.085,0.568,0,0,eGFP1
2108,14:47:15,0.116,0.830,0,0,eGFP1
2109,14:47:16,0.149,0.698,0,0,eGFP1
2110,14:47:16,0.083,0.555,0,0,eGFP1
2111,14:47:17,0.117,0.698,0,0,eGFP1
2112,14:47:17,0.117,0.600,0,0,eGFP1
2113,14:47:18,0.094,0.555,0,0,eGFP1
2114,14:47:19,0.095,0.622,0,0,eGFP1
2115,14:47:19,0.150,0.776,0,0,eGFP1
2116,14:47:20,0.105,0.544,0,0,eGFP1
2117,14:47:20,0.084,0.567,0,0,eGFP1
2118,14:47:21,0.107,0.612,0,0,eGFP1
2119,14:47:22,0.083,0.500,0,0,eGFP1
2120,14:47:22,0.084,0.654,0,0,eGFP1
2121,14:47:23,0.139,0.720,0,0,eGFP1
2122,14:47:24,0.095,0.589,0,0,eGFP1
2123,14:47:24,0.085,0.535,0,0,eGFP1
2124,14:47:25,0.094,0.566,0,0,eGFP1
2125,14:47:25,0.084,0.545,0,0,eGFP1
2126,14:47:26,0.094,0.588,0,0,eGFP1
2127,14:47:26,0.084,0.512,0,0,eGFP1
2128,14:47:27,0.084,0.632,0,0,eGFP1
2129,14:47:28,0.172,0.797,0,0,eGFP1
2130,14:47:28,0.095,0.479,0,0,eGFP1
2131,14:47:29,0.077,0.538,0,0,eGFP1
2132,14:47:30,0.114,0.794,0,0,eGFP1
2133,14:47:30,0.128,0.611,0,0,eGFP1
2134,14:47:31,0.094,0.577,0,0,eGFP1
2135,14:47:34,0.151,2.916,0,0,eGFP1
2136,14:47:34,0.128,0.588,0,0,eGFP1
2137,14:47:35,0.084,0.589,0,0,eGFP1
2138,14:47:35,0.128,0.654,0,0,eGFP1
2139,14:47:36,0.084,0.501,0,0,eGFP1
2140,14:47:37,0.085,0.787,0,0,eGFP1
2141,14:47:37,0.128,0.622,0,0,eGFP1
2142,14:47:38,0.106,0.709,0,0,eGFP1
2143,14:47:39,0.128,0.622,0,0,eGFP1
2144,14:47:39,0.083,0.456,0,0,eGFP1
2145,14:47:40,0.085,0.568,0,0,eGFP1
2146,14:47:40,0.117,0.655,0,0,eGFP1
2147,14:47:41,0.105,0.577,0,0,eGFP1
2148,14:47:42,0.096,0.689,0,0,eGFP1
2149,14:47:42,0.128,0.742,0,0,eGFP1
2150,14:47:43,0.128,0.698,0,0,eGFP1
2151,14:47:44,0.117,0.600,0,0,eGFP1
2152,14:47:44,0.095,0.523,0,0,eGFP1
2153,14:47:45,0.073,0.522,0,0,eGFP1
2154,14:47:45,0.249,0.501,0,0,eGFP1
2155,14:47:46,0.303,1.116,0,0,eGFP1
2156,14:47:47,0.096,0.578,0,0,eGFP1
2157,14:47:48,0.106,0.578,0,0,eGFP1
2158,14:47:48,0.084,0.457,0,0,eGFP1
2159,14:47:48,0.074,0.491,0,0,eGFP1
2160,14:47:49,0.128,0.830,0,0,eGFP1
2161,14:47:50,0.128,0.589,0,0,eGFP1
2162,14:47:50,0.084,0.490,0,0,eGFP1
2163,14:47:51,0.094,0.698,0,0,eGFP1
2164,14:47:52,0.118,0.590,0,0,eGFP1
2165,14:47:52,0.073,0.523,0,0,eGFP1
2166,14:47:53,0.094,0.731,0,0,eGFP1
2167,14:47:53,0.106,0.534,0,0,eGFP1
2168,14:47:54,0.083,0.489,0,0,eGFP1
2169,14:47:55,0.095,0.589,0,0,eGFP1
2170,14:47:55,0.095,0.600,0,0,eGFP1
2171,14:47:56,0.095,0.490,0,0,eGFP1
2172,14:47:56,0.083,0.643,0,0,eGFP1
2173,14:47:57,0.109,0.558,0,0,eGFP1
2174,14:47:57,0.084,0.479,0,0,eGFP1
2175,14:47:58,0.084,0.622,0,0,eGFP1
2176,14:47:59,0.150,0.819,0,0,eGFP1
2177,14:47:59,0.117,0.655,0,0,eGFP1
2178,14:48:00,0.105,0.665,0,0,eGFP1
2179,14:48:01,0.106,0.501,0,0,eGFP1
2180,14:48:01,0.073,0.468,0,0,eGFP1
2181,14:48:02,0.085,0.524,0,0,eGFP1
2182,14:48:02,0.095,0.545,0,0,eGFP1
2183,14:48:03,0.106,0.687,0,0,eGFP1
2184,14:48:04,0.128,0.786,0,0,eGFP1
2185,14:48:04,0.117,0.567,0,0,eGFP1
2186,14:48:05,0.073,0.512,0,0,eGFP1
2187,14:48:06,0.140,0.886,0,0,eGFP1
2188,14:48:06,0.117,0.545,0,0,eGFP1
2189,14:48:07,0.085,0.546,0,0,eGFP1
2190,14:48:07,0.128,0.732,0,0,eGFP1
2191,14:48:08,0.095,0.501,0,0,eGFP1
2192,14:48:09,0.084,0.764,0,0,eGFP1
2193,14:48:09,0.128,0.611,0,0,eGFP1
2194,14:48:10,0.084,0.468,0,0,eGFP1
2195,14:48:10,0.084,0.577,0,0,eGFP1
2196,14:48:11,0.118,0.787,0,0,eGFP1
2197,14:48:12,0.106,0.611,0,0,eGFP1
2198,14:48:12,0.093,0.565,0,0,eGFP1
2199,14:48:13,0.106,0.666,0,0,eGFP1
2200,14:48:14,0.128,0.720,0,0,eGFP1
2201,14:48:14,0.097,0.557,0,0,eGFP1
2202,14:48:15,0.106,0.611,0,0,eGFP1
2203,14:48:16,0.128,0.929,0,0,eGFP1
2204,14:48:16,0.128,0.677,0,0,eGFP1
2205,14:48:17,0.095,0.643,0,0,eGFP1
2206,14:48:18,0.108,0.612,0,0,eGFP1
2207,14:48:18,0.095,0.523,0,0,eGFP1
2208,14:48:19,0.095,0.523,0,0,eGFP1
2209,14:48:19,0.084,0.589,0,0,eGFP1
2210,14:48:20,0.128,0.797,0,0,eGFP1
2211,14:48:21,0.106,0.567,0,0,eGFP1
2212,14:48:21,0.106,0.688,0,0,eGFP1
2213,14:48:22,0.128,0.621,0,0,eGFP1
2214,14:48:23,0.097,0.525,0,0,eGFP1
2215,14:48:23,0.096,0.864,0,0,eGFP1
2216,14:48:24,0.139,0.677,0,0,eGFP1
2217,14:48:25,0.106,0.731,0,0,eGFP1
2218,14:48:25,0.117,0.578,0,0,eGFP1
2219,14:48:26,0.084,0.578,0,0,eGFP1
2220,14:48:27,0.150,0.841,0,0,eGFP1
2221,14:48:27,0.106,0.523,0,0,eGFP1
2222,14:48:28,0.075,0.514,0,0,eGFP1
2223,14:48:29,0.106,0.797,0,0,eGFP1
2224,14:48:29,0.139,0.633,0,0,eGFP1
2225,14:48:30,0.095,0.632,0,0,eGFP1
2226,14:48:31,0.117,0.644,0,0,eGFP1
2227,14:48:31,0.106,0.644,0,0,eGFP1
2228,14:48:32,0.129,0.689,0,0,eGFP1
2229,14:48:32,0.117,0.622,0,0,eGFP1
2230,14:48:33,0.106,0.610,0,0,eGFP1
2231,14:48:34,0.119,0.799,0,0,eGFP1
2232,14:48:35,0.128,0.633,0,0,eGFP1
2233,14:48:35,0.106,0.578,0,0,eGFP1
2234,14:48:36,0.084,0.589,0,0,eGFP1
2235,14:48:37,0.128,0.852,0,0,eGFP1
2236,14:48:37,0.128,0.600,0,0,eGFP1
2237,14:48:38,0.084,0.600,0,0,eGFP1
2238,14:49:53,0.204,75.113,0,0,eGFP1
2239,14:49:54,0.700,0.942,0,0,eGFP1
2240,14:49:55,0.358,1.071,0,0,eGFP1
2241,14:49:55,0.106,0.545,0,0,eGFP1
2242,14:49:57,0.086,1.523,0,0,eGFP1
2243,14:49:57,0.172,0.480,0,0,eGFP1
2244,14:49:58,0.292,1.027,0,0,eGFP1
2245,14:49:59,0.128,0.622,0,0,eGFP1
2246,14:50:00,0.084,0.501,0,0,eGFP1
2247,14:50:00,0.086,0.481,0,0,eGFP1
2248,14:50:01,0.084,0.556,0,0,eGFP1
2249,14:50:01,0.084,0.556,0,0,eGFP1
2250,14:50:02,0.117,0.600,0,0,eGFP1
2251,14:50:02,0.095,0.479,0,0,eGFP1
2252,14:50:03,0.073,0.468,0,0,eGFP1
2253,14:50:03,0.074,0.513,0,0,eGFP1
2254,14:50:04,0.117,0.687,0,0,eGFP1
2255,14:50:04,0.108,0.558,0,0,eGFP1
2256,14:50:05,0.085,0.480,0,0,eGFP1
2257,14:50:05,0.074,0.557,0,0,eGFP1
2258,14:50:06,0.106,0.786,0,0,eGFP1
2259,14:50:07,0.183,1.061,0,0,eGFP1
2260,14:50:08,0.128,0.699,0,0,eGFP1
2261,14:50:09,0.128,0.688,0,0,eGFP1
2262,14:50:09,0.095,0.468,0,0,eGFP1
2263,14:50:10,0.073,0.523,0,0,eGFP1
2264,14:50:10,0.097,0.623,0,0,eGFP1
2265,14:50:11,0.118,0.589,0,0,eGFP1
2266,14:50:11,0.085,0.469,0,0,eGFP1
2267,14:50:12,0.084,0.753,0,0,eGFP1
2268,14:50:13,0.129,0.600,0,0,eGFP1
2269,14:50:13,0.085,0.436,0,0,eGFP1
2270,14:50:14,0.074,0.448,0,0,eGFP1
2271,14:50:14,0.095,0.698,0,0,eGFP1
2272,14:50:15,0.108,0.569,0,0,eGFP1
2273,14:50:15,0.084,0.578,0,0,eGFP1
2274,14:50:16,0.117,0.677,0,0,eGFP1
2275,14:50:17,0.117,0.666,0,0,eGFP1
2276,14:50:17,0.117,0.611,0,0,eGFP1
2277,14:50:18,0.095,0.501,0,0,eGFP1
2278,14:50:18,0.073,0.479,0,0,eGFP1
2279,14:50:19,0.084,0.622,0,0,eGFP1
2280,14:50:20,0.097,0.514,0,0,eGFP1
2281,14:50:20,0.084,0.611,0,0,eGFP1
2282,14:50:21,0.117,0.578,0,0,eGFP1
2283,14:50:24,0.084,3.431,0,0,eGFP1
2284,14:50:25,0.141,0.657,0,0,eGFP1
2285,14:50:26,0.117,0.808,0,0,eGFP1
2286,14:50:26,0.106,0.545,0,0,eGFP1
2287,14:50:27,0.085,0.524,0,0,eGFP1
2288,14:50:27,0.096,0.700,0,0,eGFP1
2289,14:50:28,0.095,0.512,0,0,eGFP1
2290,14:50:28,0.073,0.468,0,0,eGFP1
2291,14:50:29,0.096,0.666,0,0,eGFP1
2292,14:50:30,0.096,0.513,0,0,eGFP1
2293,14:50:30,0.084,0.490,0,0,eGFP1
2294,14:50:31,0.095,0.666,0,0,eGFP1
2295,14:50:31,0.106,0.523,0,0,eGFP1
2296,14:50:32,0.074,0.491,0,0,eGFP1
2297,14:50:32,0.085,0.568,0,0,eGFP1
2298,14:50:33,0.130,0.777,0,0,eGFP1
2299,14:50:34,0.106,0.534,0,0,eGFP1
2300,14:50:34,0.085,0.469,0,0,eGFP1
2301,14:50:35,0.073,0.523,0,0,eGFP1
2302,14:50:35,0.106,0.622,0,0,eGFP1
2303,14:50:36,0.107,0.545,0,0,eGFP1
2304,14:50:36,0.096,0.535,0,0,eGFP1
2305,14:50:37,0.096,0.546,0,0,eGFP1
2306,14:50:37,0.085,0.524,0,0,eGFP1
2307,14:50:38,0.095,0.567,0,0,eGFP1
2308,14:50:39,0.095,0.644,0,0,eGFP1
2309,14:50:39,0.084,0.479,0,0,eGFP1
2310,14:50:40,0.074,0.480,0,0,eGFP1
2311,14:50:40,0.108,0.678,0,0,eGFP1
2312,14:50:41,0.118,0.633,0,0,eGFP1
2313,14:50:41,0.097,0.514,0,0,eGFP1
2314,14:50:42,0.095,0.589,0,0,eGFP1
2315,14:50:43,0.118,0.644,0,0,eGFP1
2316,14:50:43,0.096,0.699,0,0,eGFP1
2317,14:50:44,0.118,0.655,0,0,eGFP1
2318,14:50:45,0.107,0.579,0,0,eGFP1
2319,14:50:45,0.084,0.490,0,0,eGFP1
2320,14:50:46,0.085,0.491,0,0,eGFP1
2321,14:50:46,0.086,0.601,0,0,eGFP1
2322,14:50:47,0.151,0.732,0,0,eGFP1
2323,14:50:47,0.085,0.458,0,0,eGFP1
2324,14:50:48,0.073,0.578,0,0,eGFP1
2325,14:50:49,0.152,0.788,0,0,eGFP1
2326,14:50:49,0.118,0.579,0,0,eGFP1
2327,14:50:50,0.095,0.578,0,0,eGFP1
2328,14:50:50,0.106,0.589,0,0,eGFP1
2329,14:50:51,0.096,0.699,0,0,eGFP1
2330,14:50:52,0.130,0.668,0,0,eGFP1
2331,14:50:52,0.106,0.699,0,0,eGFP1
2332,14:50:53,0.128,0.589,0,0,eGFP1
2333,14:50:54,0.085,0.447,0,0,eGFP1
2334,14:50:54,0.084,0.578,0,0,eGFP1
2335,14:50:55,0.140,0.820,0,0,eGFP1
2336,14:50:56,0.117,0.633,0,0,eGFP1
2337,14:50:56,0.107,0.623,0,0,eGFP1
2338,14:50:57,0.096,0.568,0,0,eGFP1
2339,14:50:57,0.108,0.690,0,0,eGFP1
2340,14:50:58,0.128,0.666,0,0,eGFP1
2341,14:50:59,0.096,0.545,0,0,eGFP1
2342,14:50:59,0.096,0.634,0,0,eGFP1
2343,14:51:00,0.117,0.688,0,0,eGFP1
2344,14:51:01,0.106,0.578,0,0,eGFP1
2345,14:51:01,0.118,0.677,0,0,eGFP1
2346,14:51:02,0.108,0.679,0,0,eGFP1
2347,14:51:03,0.118,0.721,0,0,eGFP1
2348,14:51:03,0.107,0.666,0,0,eGFP1
2349,14:51:04,0.118,0.645,0,0,eGFP1
2350,14:51:05,0.095,0.611,0,0,eGFP1
2351,14:51:05,0.107,0.611,0,0,eGFP1
2352,14:51:06,0.107,0.535,0,0,eGFP1
2353,14:51:06,0.086,0.591,0,0,eGFP1
2354,14:51:07,0.108,0.689,0,0,eGFP1
2355,14:51:08,0.107,0.568,0,0,eGFP1
2356,14:51:08,0.106,0.732,0,0,eGFP1
2357,14:51:09,0.161,1.017,0,0,eGFP1
2358,14:51:10,0.151,0.688,0,0,eGFP1
2359,14:51:11,0.096,0.590,0,0,eGFP1
2360,14:51:11,0.107,0.776,0,0,eGFP1
2361,14:51:12,0.117,0.578,0,0,eGFP1
2362,14:51:12,0.085,0.535,0,0,eGFP1
2363,14:51:13,0.130,0.854,0,0,eGFP1
2364,14:51:14,0.118,0.601,0,0,eGFP1
2365,14:51:14,0.073,0.490,0,0,eGFP1
2366,14:51:15,0.118,0.864,0,0,eGFP1
2367,14:51:16,0.119,0.580,0,0,eGFP1
2368,14:51:16,0.085,0.557,0,0,eGFP1
2369,14:51:17,0.117,0.666,0,0,eGFP1
2370,14:51:18,0.107,0.611,0,0,eGFP1
2371,14:51:18,0.108,0.800,0,0,eGFP1
2372,14:51:19,0.139,0.732,0,0,eGFP1
2373,14:51:20,0.107,0.578,0,0,eGFP1
2374,14:51:20,0.085,0.513,0,0,eGFP1
2375,14:51:21,0.107,0.732,0,0,eGFP1
2376,14:51:22,0.107,0.612,0,0,eGFP1
2377,14:51:22,0.096,0.513,0,0,eGFP1
2378,14:51:23,0.084,0.600,0,0,eGFP1
2379,14:51:24,0.141,0.854,0,0,eGFP1
2380,14:51:24,0.118,0.546,0,0,eGFP1
2381,14:51:25,0.097,0.580,0,0,eGFP1
2382,14:51:25,0.118,0.743,0,0,eGFP1
2383,14:51:26,0.107,0.612,0,0,eGFP1
2384,14:51:27,0.095,0.666,0,0,eGFP1
2385,14:51:27,0.107,0.612,0,0,eGFP1
2386,14:51:28,0.095,0.523,0,0,eGFP1
2387,14:51:29,0.097,0.668,0,0,eGFP1
2388,14:51:29,0.162,0.710,0,0,eGFP1
2389,14:51:30,0.096,0.491,0,0,eGFP1
2390,14:51:30,0.085,0.579,0,0,eGFP1
2391,14:51:31,0.106,0.688,0,0,eGFP1
2392,14:51:32,0.140,0.754,0,0,eGFP1
2393,14:51:32,0.118,0.645,0,0,eGFP1
2394,14:51:33,0.086,0.481,0,0,eGFP1
2395,14:51:33,0.074,0.557,0,0,eGFP1
2396,14:51:34,0.108,0.711,0,0,eGFP1
2397,14:51:35,0.118,0.612,0,0,eGFP1
2398,14:51:35,0.085,0.557,0,0,eGFP1
2399,14:51:36,0.139,0.787,0,0,eGFP1
2400,14:51:37,0.118,0.633,0,0,eGFP1
2401,14:51:37,0.118,0.656,0,0,eGFP1
2402,14:51:38,0.096,0.622,0,0,eGFP1
2403,14:51:39,0.118,0.579,0,0,eGFP1
2404,14:51:39,0.097,0.514,0,0,eGFP1
2405,14:51:40,0.107,0.799,0,0,eGFP1
2406,14:51:41,0.117,0.578,0,0,eGFP1
2407,14:51:41,0.085,0.601,0,0,eGFP1
2408,14:51:42,0.163,0.920,0,0,eGFP1
2409,14:51:43,0.107,0.634,0,0,eGFP1
2410,14:51:43,0.118,0.743,0,0,eGFP1
2411,14:51:44,0.107,0.612,0,0,eGFP1
2412,14:51:45,0.097,0.624,0,0,eGFP1
2413,14:51:45,0.128,0.743,0,0,eGFP1
2414,14:51:46,0.129,0.601,0,0,eGFP1
2415,14:51:47,0.085,0.567,0,0,eGFP1
2416,14:51:47,0.107,0.623,0,0,eGFP1
2417,14:51:48,0.096,0.513,0,0,eGFP1
2418,14:51:48,0.096,0.754,0,0,eGFP1
2419,14:51:49,0.173,0.788,0,0,eGFP1
2420,14:51:50,0.086,0.525,0,0,eGFP1
2421,14:51:50,0.096,0.743,0,0,eGFP1
2422,14:51:51,0.141,0.668,0,0,eGFP1
2423,14:51:52,0.096,0.634,0,0,eGFP1
2424,14:51:52,0.118,0.644,0,0,eGFP1
2425,14:51:53,0.096,0.546,0,0,eGFP1
2426,14:51:54,0.107,0.809,0,0,eGFP1
2427,14:51:54,0.151,0.700,0,0,eGFP1
2428,14:51:55,0.118,0.875,0,0,eGFP1
2429,14:51:56,0.174,0.756,0,0,eGFP1
2430,14:51:57,0.096,0.546,0,0,eGFP1
2431,14:51:57,0.085,0.699,0,0,eGFP1
2432,14:51:58,0.184,0.985,0,0,eGFP1
2433,14:51:59,0.129,0.776,0,0,eGFP1
2434,14:52:00,0.129,0.689,0,0,eGFP1
2435,14:52:00,0.107,0.667,0,0,eGFP1
2436,14:52:01,0.108,0.657,0,0,eGFP1
2437,14:52:02,0.097,0.525,0,0,eGFP1
2438,14:52:02,0.074,0.513,0,0,eGFP1
2439,14:52:03,0.096,0.831,0,0,eGFP1
2440,14:52:04,0.140,0.623,0,0,eGFP1
2441,14:52:04,0.085,0.491,0,0,eGFP1
2442,14:52:05,0.085,0.535,0,0,eGFP1
2443,14:52:05,0.107,0.744,0,0,eGFP1
2444,14:52:06,0.129,0.601,0,0,eGFP1
2445,14:52:07,0.086,0.514,0,0,eGFP1
2446,14:52:07,0.107,0.787,0,0,eGFP1
2447,14:52:08,0.140,0.722,0,0,eGFP1
2448,14:52:09,0.107,0.568,0,0,eGFP1
2449,14:52:09,0.096,0.590,0,0,eGFP1
2450,14:52:10,0.130,0.799,0,0,eGFP1
2451,14:52:11,0.129,0.601,0,0,eGFP1
2452,14:52:11,0.085,0.546,0,0,eGFP1
2453,14:52:12,0.118,0.875,0,0,eGFP1
2454,14:52:13,0.150,0.786,0,0,eGFP1
2455,14:52:13,0.107,0.601,0,0,eGFP1
2456,14:52:14,0.129,0.897,0,0,eGFP1
2457,14:55:10,0.195,175.900,0,0,eGFP1
2458,14:55:11,0.162,1.205,0,0,eGFP1
2459,14:55:13,0.128,1.544,0,0,eGFP1
2460,14:55:14,0.184,1.446,0,0,eGFP1
2461,14:55:15,0.140,0.733,0,0,eGFP1
2462,14:55:16,0.185,0.810,0,0,eGFP1
2463,14:55:17,0.107,0.656,0,0,eGFP1
2464,14:55:17,0.086,0.525,0,0,eGFP1
2465,14:55:18,0.086,0.612,0,0,eGFP1
2466,14:55:18,0.107,0.535,0,0,eGFP1
2467,14:55:19,0.085,0.481,0,0,eGFP1
2468,14:55:19,0.085,0.644,0,0,eGFP1
2469,14:55:20,0.140,0.667,0,0,eGFP1
2470,14:55:21,0.087,0.536,0,0,eGFP1
2471,14:55:22,0.140,1.128,0,0,eGFP1
2472,14:55:22,0.107,0.667,0,0,eGFP1
2473,14:55:23,0.107,0.568,0,0,eGFP1
2474,14:55:24,0.096,0.612,0,0,eGFP1
2475,14:55:24,0.129,0.897,0,0,eGFP1
2476,14:55:25,0.140,0.667,0,0,eGFP1
2477,14:55:26,0.097,0.624,0,0,eGFP1
2478,14:55:26,0.130,0.712,0,0,eGFP1
2479,14:55:27,0.096,0.491,0,0,eGFP1
2480,14:55:28,0.085,0.634,0,0,eGFP1
2481,14:55:28,0.140,0.733,0,0,eGFP1
2482,14:55:29,0.107,0.765,0,0,eGFP1
2483,14:55:30,0.162,0.832,0,0,eGFP1
2484,14:55:31,0.107,0.590,0,0,eGFP1
2485,14:55:31,0.085,0.502,0,0,eGFP1
2486,14:55:32,0.096,0.787,0,0,eGFP1
2487,14:55:33,0.186,0.976,0,0,eGFP1
2488,14:55:33,0.239,0.568,0,0,eGFP1
2489,14:55:35,0.919,1.523,0,0,eGFP1
2490,14:55:35,0.096,0.590,0,0,eGFP1
2491,14:55:36,0.097,0.536,0,0,eGFP1
2492,14:55:37,0.086,0.524,0,0,eGFP1
2493,14:55:37,0.108,0.755,0,0,eGFP1
2494,14:55:38,0.118,0.579,0,0,eGFP1
2495,14:55:38,0.087,0.493,0,0,eGFP1
2496,14:55:39,0.085,0.491,0,0,eGFP1
2497,14:55:39,0.085,0.491,0,0,eGFP1
2498,14:55:40,0.097,0.678,0,0,eGFP1
2499,14:55:41,0.096,0.524,0,0,eGFP1
2500,14:55:41,0.086,0.514,0,0,eGFP1
2501,14:55:42,0.085,0.557,0,0,eGFP1
2502,14:55:42,0.097,0.536,0,0,eGFP1
2503,14:55:43,0.086,0.481,0,0,eGFP1
2504,14:55:43,0.086,0.700,0,0,eGFP1
2505,14:55:44,0.120,0.559,0,0,eGFP1
2506,14:55:44,0.074,0.469,0,0,eGFP1
2507,14:55:45,0.096,0.744,0,0,eGFP1
2508,14:55:46,0.151,0.688,0,0,eGFP1
2509,14:55:46,0.086,0.459,0,0,eGFP1
2510,14:55:47,0.074,0.491,0,0,eGFP1
2511,14:55:48,0.131,0.811,0,0,eGFP1
2512,14:55:48,0.129,0.656,0,0,eGFP1
2513,14:55:49,0.096,0.711,0,0,eGFP1
2514,14:55:50,0.173,0.798,0,0,eGFP1
2515,14:55:50,0.108,0.569,0,0,eGFP1
2516,14:55:51,0.085,0.491,0,0,eGFP1
2517,14:55:51,0.085,0.469,0,0,eGFP1
2518,14:55:52,0.075,0.612,0,0,eGFP1
2519,14:55:53,0.131,0.669,0,0,eGFP1
2520,14:55:53,0.086,0.492,0,0,eGFP1
2521,14:55:54,0.097,0.898,0,0,eGFP1
2522,14:55:55,0.151,0.645,0,0,eGFP1
2523,14:55:55,0.085,0.480,0,0,eGFP1
2524,14:55:55,0.085,0.480,0,0,eGFP1
2525,14:55:56,0.097,0.645,0,0,eGFP1
2526,14:55:57,0.108,0.536,0,0,eGFP1
2527,14:55:57,0.074,0.502,0,0,eGFP1
2528,14:55:58,0.109,0.756,0,0,eGFP1
2529,14:55:58,0.107,0.535,0,0,eGFP1
2530,14:55:59,0.075,0.437,0,0,eGFP1
2531,14:55:59,0.074,0.513,0,0,eGFP1
2532,14:56:00,0.130,0.733,0,0,eGFP1
2533,14:56:01,0.098,0.515,0,0,eGFP1
2534,14:56:01,0.074,0.502,0,0,eGFP1
2535,14:56:02,0.118,0.832,0,0,eGFP1
2536,14:56:03,0.130,0.646,0,0,eGFP1
2537,14:56:03,0.097,0.700,0,0,eGFP1
2538,14:56:04,0.107,0.535,0,0,eGFP1
2539,14:56:04,0.075,0.481,0,0,eGFP1
2540,14:56:05,0.096,0.733,0,0,eGFP1
2541,14:56:06,0.107,0.524,0,0,eGFP1
2542,14:56:06,0.085,0.645,0,0,eGFP1
2543,14:56:07,0.162,0.755,0,0,eGFP1
2544,14:56:08,0.098,0.613,0,0,eGFP1
2545,14:56:08,0.108,0.602,0,0,eGFP1
2546,14:56:09,0.085,0.491,0,0,eGFP1
2547,14:56:09,0.076,0.526,0,0,eGFP1
2548,14:56:10,0.118,0.733,0,0,eGFP1
2549,14:56:11,0.118,0.568,0,0,eGFP1
2550,14:56:11,0.085,0.612,0,0,eGFP1
2551,14:56:12,0.129,0.755,0,0,eGFP1
2552,14:56:13,0.151,1.249,0,0,eGFP1
2553,14:56:14,0.205,0.886,0,0,eGFP1
2554,14:56:15,0.094,0.544,0,0,eGFP1
2555,14:56:15,0.105,0.698,0,0,eGFP1
2556,14:56:20,0.116,5.065,0,0,eGFP1
2557,14:56:21,0.270,0.984,0,0,eGFP1
2558,14:56:22,0.105,0.522,0,0,eGFP1
2559,14:56:22,0.095,0.490,0,0,eGFP1
2560,14:56:23,0.084,0.567,0,0,eGFP1
2561,14:56:24,0.118,0.721,0,0,eGFP1
2562,14:56:24,0.095,0.490,0,0,eGFP1
2563,14:56:25,0.083,0.500,0,0,eGFP1
2564,14:56:25,0.106,0.644,0,0,eGFP1
2565,14:56:26,0.105,0.511,0,0,eGFP1
2566,14:56:26,0.083,0.555,0,0,eGFP1
2567,14:56:28,0.095,1.532,0,0,eGFP1
2568,14:56:37,8.171,8.819,0,0,eGFP1
2569,14:56:37,0.096,0.513,0,0,eGFP1
2570,14:56:40,0.094,2.618,0,0,eGFP1
2571,14:56:41,0.160,1.335,0,0,eGFP1
2572,14:56:42,0.160,0.665,0,0,eGFP1
2573,14:56:42,0.105,0.533,0,0,eGFP1
2574,14:56:43,0.074,0.469,0,0,eGFP1
2575,14:56:44,0.084,0.742,0,0,eGFP1
2576,14:56:44,0.149,0.632,0,0,eGFP1
2577,14:56:45,0.085,0.436,0,0,eGFP1
2578,14:56:45,0.062,0.435,0,0,eGFP1
2579,14:56:46,0.083,0.544,0,0,eGFP1
2580,14:56:46,0.084,0.446,0,0,eGFP1
2581,14:56:47,0.072,0.456,0,0,eGFP1
2582,14:56:47,0.084,0.567,0,0,eGFP1
2583,14:56:48,0.105,0.654,0,0,eGFP1
2584,14:56:48,0.094,0.500,0,0,eGFP1
2585,14:56:49,0.084,0.523,0,0,eGFP1
2586,14:56:49,0.096,0.612,0,0,eGFP1
2587,14:56:50,0.094,0.566,0,0,eGFP1
2588,14:56:50,0.085,0.491,0,0,eGFP1
2589,14:56:51,0.072,0.468,0,0,eGFP1
2590,14:56:51,0.083,0.544,0,0,eGFP1
2591,14:56:52,0.084,0.468,0,0,eGFP1
2592,14:56:52,0.083,0.445,0,0,eGFP1
2593,14:56:53,0.073,0.600,0,0,eGFP1
2594,14:56:54,0.128,0.743,0,0,eGFP1
2595,14:56:54,0.094,0.511,0,0,eGFP1
2596,14:56:55,0.084,0.501,0,0,eGFP1
2597,14:56:55,0.095,0.632,0,0,eGFP1
2598,14:56:56,0.106,0.523,0,0,eGFP1
2599,14:56:56,0.083,0.468,0,0,eGFP1
2600,14:56:57,0.094,0.742,0,0,eGFP1
2601,14:56:58,0.127,0.588,0,0,eGFP1
2602,14:56:58,0.086,0.569,0,0,eGFP1
2603,14:56:59,0.117,0.709,0,0,eGFP1
2604,14:57:00,0.117,0.578,0,0,eGFP1
2605,14:57:00,0.083,0.522,0,0,eGFP1
2606,14:57:01,0.095,0.567,0,0,eGFP1
2607,14:57:01,0.105,0.555,0,0,eGFP1
2608,14:57:02,0.084,0.501,0,0,eGFP1
2609,14:57:02,0.094,0.665,0,0,eGFP1
2610,14:57:03,0.118,0.678,0,0,eGFP1
2611,14:57:04,0.127,0.742,0,0,eGFP1
2612,14:57:04,0.127,0.654,0,0,eGFP1
2613,14:57:05,0.106,0.599,0,0,eGFP1
2614,14:57:05,0.095,0.490,0,0,eGFP1
2615,14:57:06,0.095,0.578,0,0,eGFP1
2616,14:57:07,0.096,0.480,0,0,eGFP1
2617,14:57:07,0.083,0.500,0,0,eGFP1
2618,14:57:08,0.106,0.687,0,0,eGFP1
2619,14:57:08,0.129,0.689,0,0,eGFP1
2620,14:57:09,0.117,0.819,0,0,eGFP1
2621,14:57:10,0.117,0.643,0,0,eGFP1
2622,14:57:11,0.117,0.710,0,0,eGFP1
2623,14:57:11,0.105,0.522,0,0,eGFP1
2624,14:57:12,0.074,0.458,0,0,eGFP1
2625,14:57:12,0.084,0.545,0,0,eGFP1
2626,14:57:13,0.094,0.500,0,0,eGFP1
2627,14:57:13,0.074,0.546,0,0,eGFP1
2628,14:57:14,0.106,0.665,0,0,eGFP1
2629,14:57:15,0.117,0.677,0,0,eGFP1
2630,14:57:15,0.107,0.546,0,0,eGFP1
2631,14:57:16,0.083,0.489,0,0,eGFP1
2632,14:57:16,0.084,0.633,0,0,eGFP1
2633,14:57:17,0.127,0.687,0,0,eGFP1
2634,14:57:17,0.117,0.600,0,0,eGFP1
2635,14:57:18,0.096,0.502,0,0,eGFP1
2636,14:57:19,0.094,0.599,0,0,eGFP1
2637,14:57:19,0.117,0.644,0,0,eGFP1
2638,14:57:20,0.094,0.511,0,0,eGFP1
2639,14:57:20,0.084,0.512,0,0,eGFP1
2640,14:57:21,0.117,0.819,0,0,eGFP1
2641,14:57:22,0.128,0.611,0,0,eGFP1
2642,14:57:22,0.072,0.434,0,0,eGFP1
2643,14:57:23,0.076,0.526,0,0,eGFP1
2644,14:57:23,0.127,0.698,0,0,eGFP1
2645,14:57:24,0.095,0.512,0,0,eGFP1
2646,14:57:24,0.084,0.523,0,0,eGFP1
2647,14:57:25,0.105,0.851,0,0,eGFP1
2648,14:57:26,0.117,0.556,0,0,eGFP1
2649,14:57:26,0.084,0.523,0,0,eGFP1
2650,14:57:27,0.117,0.830,0,0,eGFP1
2651,14:57:28,0.128,0.676,0,0,eGFP1
2652,14:57:28,0.107,0.612,0,0,eGFP1
2653,14:57:29,0.106,0.687,0,0,eGFP1
2654,14:57:30,0.150,0.787,0,0,eGFP1
2655,14:57:30,0.083,0.500,0,0,eGFP1
2656,14:57:31,0.084,0.534,0,0,eGFP1
2657,14:57:32,0.107,0.711,0,0,eGFP1
2658,14:57:32,0.095,0.501,0,0,eGFP1
2659,14:57:33,0.083,0.533,0,0,eGFP1
2660,14:57:33,0.110,0.758,0,0,eGFP1
2661,14:57:34,0.116,0.599,0,0,eGFP1
2662,14:57:35,0.084,0.534,0,0,eGFP1
2663,14:57:35,0.117,0.775,0,0,eGFP1
2664,14:57:36,0.139,0.786,0,0,eGFP1
2665,14:57:37,0.117,0.655,0,0,eGFP1
2666,14:57:37,0.095,0.512,0,0,eGFP1
2667,14:57:38,0.084,0.533,0,0,eGFP1
2668,14:57:38,0.108,0.623,0,0,eGFP1
2669,14:57:39,0.095,0.523,0,0,eGFP1
2670,14:57:40,0.084,0.589,0,0,eGFP1
2671,14:57:40,0.107,0.667,0,0,eGFP1
2672,14:57:41,0.116,0.764,0,0,eGFP1
2673,14:57:42,0.139,0.720,0,0,eGFP1
2674,14:57:42,0.106,0.567,0,0,eGFP1
2675,14:57:43,0.095,0.655,0,0,eGFP1
2676,14:57:44,0.118,0.655,0,0,eGFP1
2677,14:57:44,0.095,0.567,0,0,eGFP1
2678,14:57:45,0.095,0.764,0,0,eGFP1
2679,14:57:46,0.128,0.622,0,0,eGFP1
2680,14:57:46,0.095,0.468,0,0,eGFP1
2681,14:57:47,0.084,0.556,0,0,eGFP1
2682,14:57:47,0.128,0.742,0,0,eGFP1
2683,14:57:48,0.106,0.633,0,0,eGFP1
2684,14:57:49,0.106,0.621,0,0,eGFP1
2685,14:57:49,0.090,0.562,0,0,eGFP1
2686,14:57:50,0.095,0.578,0,0,eGFP1
2687,14:57:50,0.117,0.753,0,0,eGFP1
2688,14:57:51,0.095,0.512,0,0,eGFP1
2689,14:57:52,0.073,0.787,0,0,eGFP1
2690,14:57:53,0.490,1.510,0,0,eGFP1
2691,14:57:54,0.128,0.611,0,0,eGFP1
2692,14:57:55,0.095,0.687,0,0,eGFP1
2693,14:57:55,0.130,0.602,0,0,eGFP1
2694,14:57:56,0.094,0.533,0,0,eGFP1
2695,14:57:56,0.117,0.798,0,0,eGFP1
2696,14:57:57,0.128,0.610,0,0,eGFP1
2697,14:57:58,0.084,0.490,0,0,eGFP1
2698,14:57:58,0.106,0.776,0,0,eGFP1
2699,14:57:59,0.129,0.678,0,0,eGFP1
2700,14:58:00,0.117,0.698,0,0,eGFP1
2701,14:58:01,0.140,0.777,0,0,eGFP1
2702,14:58:01,0.150,0.764,0,0,eGFP1
2703,14:58:02,0.117,0.567,0,0,eGFP1
2704,14:58:02,0.084,0.611,0,0,eGFP1
2705,14:58:03,0.128,0.720,0,0,eGFP1
2706,14:58:04,0.117,0.688,0,0,eGFP1
2707,14:58:04,0.095,0.512,0,0,eGFP1
2708,14:58:05,0.084,0.731,0,0,eGFP1
2709,14:58:06,0.161,0.710,0,0,eGFP1
2710,14:58:06,0.083,0.478,0,0,eGFP1
2711,14:58:07,0.084,0.545,0,0,eGFP1
2712,14:58:08,0.106,0.687,0,0,eGFP1
2713,14:58:08,0.097,0.514,0,0,eGFP1
2714,14:58:09,0.084,0.589,0,0,eGFP1
2715,14:58:09,0.117,0.742,0,0,eGFP1
2716,14:58:10,0.106,0.578,0,0,eGFP1
2717,14:58:10,0.084,0.468,0,0,eGFP1
2718,14:58:11,0.086,0.656,0,0,eGFP1
2719,14:58:12,0.128,0.666,0,0,eGFP1
2720,14:58:12,0.095,0.523,0,0,eGFP1
2721,14:58:13,0.084,0.677,0,0,eGFP1
2722,14:58:14,0.128,0.665,0,0,eGFP1
2723,14:58:14,0.084,0.589,0,0,eGFP1
2724,14:58:15,0.139,0.852,0,0,eGFP1
2725,14:58:16,0.139,0.611,0,0,eGFP1
2726,14:58:16,0.087,0.504,0,0,eGFP1
2727,14:58:17,0.095,0.743,0,0,eGFP1
2728,14:58:18,0.128,0.654,0,0,eGFP1
2729,14:58:18,0.095,0.512,0,0,eGFP1
2730,14:58:19,0.107,0.710,0,0,eGFP1
2731,14:58:19,0.117,0.534,0,0,eGFP1
2732,14:58:20,0.084,0.523,0,0,eGFP1
2733,14:58:21,0.139,0.874,0,0,eGFP1
2734,14:58:21,0.119,0.558,0,0,eGFP1
2735,14:58:22,0.084,0.720,0,0,eGFP1
2736,14:58:23,0.150,0.787,0,0,eGFP1
2737,14:58:23,0.106,0.611,0,0,eGFP1
2738,14:58:24,0.117,0.753,0,0,eGFP1
2739,14:58:25,0.118,0.578,0,0,eGFP1
2740,14:58:25,0.086,0.470,0,0,eGFP1
2741,14:58:26,0.084,0.600,0,0,eGFP1
2742,14:58:27,0.139,0.808,0,0,eGFP1
2743,14:58:27,0.108,0.624,0,0,eGFP1
2744,14:58:28,0.139,0.731,0,0,eGFP1
2745,14:58:29,0.106,0.787,0,0,eGFP1
2746,14:58:29,0.129,0.667,0,0,eGFP1
2747,14:58:30,0.095,0.567,0,0,eGFP1
2748,14:58:30,0.084,0.512,0,0,eGFP1
2749,14:58:31,0.084,0.534,0,0,eGFP1
2750,14:58:32,0.106,1.357,0,0,eGFP1
2751,14:58:33,0.173,0.711,0,0,eGFP1
2752,14:58:34,0.106,0.732,0,0,eGFP1
2753,14:58:34,0.128,0.676,0,0,eGFP1
2754,14:58:35,0.097,0.503,0,0,eGFP1
2755,14:58:36,0.084,0.655,0,0,eGFP1
2756,14:58:36,0.139,0.710,0,0,eGFP1
2757,14:58:37,0.106,0.720,0,0,eGFP1
2758,14:58:38,0.117,0.710,0,0,eGFP1
2759,14:58:38,0.119,0.623,0,0,eGFP1
2760,14:58:39,0.096,0.502,0,0,eGFP1
2761,14:58:40,0.084,0.687,0,0,eGFP1
2762,14:58:40,0.117,0.633,0,0,eGFP1
2763,14:58:41,0.084,0.512,0,0,eGFP1
2764,14:58:42,0.107,0.875,0,0,eGFP1
2765,14:58:42,0.150,0.677,0,0,eGFP1
2766,14:58:43,0.095,0.600,0,0,eGFP1
2767,14:58:44,0.096,0.678,0,0,eGFP1
2768,14:58:44,0.096,0.513,0,0,eGFP1
2769,14:58:45,0.085,0.622,0,0,eGFP1
2770,14:58:45,0.140,0.666,0,0,eGFP1
2771,14:58:46,0.085,0.480,0,0,eGFP1
2772,14:58:46,0.084,0.556,0,0,eGFP1
2773,14:58:47,0.128,0.819,0,0,eGFP1
2774,14:58:48,0.128,0.699,0,0,eGFP1
2775,14:58:49,0.117,0.809,0,0,eGFP1
2776,14:58:49,0.129,0.667,0,0,eGFP1
2777,14:58:50,0.095,0.567,0,0,eGFP1
2778,14:58:51,0.084,0.633,0,0,eGFP1
2779,14:58:52,0.150,1.171,0,0,eGFP1
2780,14:58:52,0.150,0.655,0,0,eGFP1
2781,14:58:53,0.084,0.600,0,0,eGFP1
2782,14:58:54,0.129,0.832,0,0,eGFP1
2783,14:58:55,0.128,0.644,0,0,eGFP1
2784,14:58:55,0.096,0.689,0,0,eGFP1
2785,14:58:56,0.172,0.973,0,0,eGFP1
2786,14:58:57,0.139,0.699,0,0,eGFP1
2787,14:58:58,0.128,0.732,0,0,eGFP1
2788,14:58:58,0.117,0.611,0,0,eGFP1
2789,14:58:59,0.095,0.633,0,0,eGFP1
2790,14:59:00,0.139,0.841,0,0,eGFP1
2791,14:59:00,0.118,0.655,0,0,eGFP1
2792,14:59:01,0.119,0.690,0,0,eGFP1
2793,14:59:02,0.128,0.797,0,0,eGFP1
2794,14:59:03,0.117,0.710,0,0,eGFP1
2795,14:59:03,0.117,0.622,0,0,eGFP1
2796,14:59:04,0.097,0.503,0,0,eGFP1
2797,14:59:04,0.084,0.490,0,0,eGFP1
2798,14:59:05,0.085,0.853,0,0,eGFP1
2799,14:59:06,0.216,1.072,0,0,eGFP1
2800,14:59:07,0.108,0.558,0,0,eGFP1
2801,14:59:07,0.084,0.479,0,0,eGFP1
2802,14:59:08,0.073,0.600,0,0,eGFP1
2803,14:59:09,0.161,0.951,0,0,eGFP1
2804,14:59:09,0.129,0.623,0,0,eGFP1
2805,14:59:10,0.095,0.567,0,0,eGFP1
2806,14:59:11,0.106,0.776,0,0,eGFP1
2807,14:59:12,0.381,1.193,0,0,eGFP1
2808,14:59:12,0.095,0.578,0,0,eGFP1
2809,14:59:14,0.098,1.119,0,0,eGFP1
2810,14:59:14,0.183,0.831,0,0,eGFP1
2811,14:59:15,0.150,0.808,0,0,eGFP1
2812,14:59:16,0.107,0.600,0,0,eGFP1
2813,14:59:16,0.107,0.699,0,0,eGFP1
2814,14:59:17,0.140,0.710,0,0,eGFP1
2815,14:59:18,0.107,0.557,0,0,eGFP1
2816,14:59:18,0.095,0.721,0,0,eGFP1
2817,14:59:19,0.119,0.623,0,0,eGFP1
2818,14:59:20,0.107,0.579,0,0,eGFP1
2819,14:59:20,0.095,0.688,0,0,eGFP1
2820,14:59:21,0.128,0.633,0,0,eGFP1
2821,14:59:22,0.096,0.622,0,0,eGFP1
2822,14:59:22,0.118,0.634,0,0,eGFP1
2823,14:59:23,0.129,0.854,0,0,eGFP1
2824,14:59:24,0.128,0.578,0,0,eGFP1
2825,14:59:24,0.086,0.492,0,0,eGFP1
2826,14:59:25,0.084,0.688,0,0,eGFP1
2827,14:59:25,0.128,0.622,0,0,eGFP1
2828,14:59:26,0.074,0.568,0,0,eGFP1
2829,14:59:27,0.128,0.776,0,0,eGFP1
2830,14:59:27,0.106,0.545,0,0,eGFP1
2831,14:59:28,0.085,0.535,0,0,eGFP1
2832,14:59:29,0.128,0.819,0,0,eGFP1
2833,14:59:29,0.108,0.580,0,0,eGFP1
2834,14:59:30,0.085,0.568,0,0,eGFP1
2835,14:59:30,0.095,0.556,0,0,eGFP1
2836,14:59:31,0.096,0.568,0,0,eGFP1
2837,14:59:32,0.107,0.656,0,0,eGFP1
2838,14:59:32,0.107,0.612,0,0,eGFP1
2839,14:59:33,0.095,0.501,0,0,eGFP1
2840,14:59:33,0.085,0.502,0,0,eGFP1
2841,14:59:34,0.117,0.907,0,0,eGFP1
2842,14:59:35,0.130,0.580,0,0,eGFP1
2843,14:59:35,0.085,0.546,0,0,eGFP1
2844,14:59:36,0.106,0.699,0,0,eGFP1
2845,14:59:37,0.117,0.578,0,0,eGFP1
2846,14:59:37,0.085,0.480,0,0,eGFP1
2847,14:59:38,0.074,0.491,0,0,eGFP1
2848,14:59:38,0.095,0.776,0,0,eGFP1
2849,14:59:39,0.139,0.666,0,0,eGFP1
2850,14:59:40,0.108,0.690,0,0,eGFP1
2851,14:59:40,0.118,0.590,0,0,eGFP1
2852,14:59:41,0.085,0.469,0,0,eGFP1
2853,14:59:41,0.085,0.644,0,0,eGFP1
2854,14:59:42,0.118,0.601,0,0,eGFP1
2855,14:59:42,0.085,0.513,0,0,eGFP1
2856,14:59:43,0.106,0.907,0,0,eGFP1
2857,14:59:44,0.195,0.952,0,0,eGFP1
2858,14:59:45,0.108,0.558,0,0,eGFP1
2859,14:59:46,0.084,0.743,0,0,eGFP1
2860,14:59:46,0.129,0.622,0,0,eGFP1
2861,14:59:47,0.085,0.557,0,0,eGFP1
2862,14:59:48,0.139,0.908,0,0,eGFP1
2863,14:59:48,0.117,0.556,0,0,eGFP1
2864,14:59:49,0.096,0.634,0,0,eGFP1
2865,14:59:50,0.130,0.744,0,0,eGFP1
2866,14:59:50,0.141,0.668,0,0,eGFP1
2867,14:59:51,0.085,0.622,0,0,eGFP1
2868,14:59:52,0.130,0.865,0,0,eGFP1
2869,14:59:52,0.129,0.601,0,0,eGFP1
2870,14:59:53,0.085,0.600,0,0,eGFP1
2871,14:59:54,0.129,0.777,0,0,eGFP1
2872,14:59:54,0.128,0.666,0,0,eGFP1
2873,14:59:55,0.096,0.710,0,0,eGFP1
2874,14:59:56,0.140,0.710,0,0,eGFP1
2875,14:59:56,0.098,0.624,0,0,eGFP1
2876,14:59:57,0.118,0.645,0,0,eGFP1
2877,14:59:58,0.106,0.523,0,0,eGFP1
2878,14:59:58,0.085,0.546,0,0,eGFP1
2879,14:59:59,0.108,0.778,0,0,eGFP1
2880,15:00:00,0.117,0.589,0,0,eGFP1
2881,15:00:00,0.085,0.645,0,0,eGFP1
2882,15:00:01,0.161,0.864,0,0,eGFP1
2883,15:00:02,0.108,0.525,0,0,eGFP1
2884,15:00:02,0.096,0.677,0,0,eGFP1
2885,15:00:03,0.162,0.765,0,0,eGFP1
2886,15:00:04,0.107,0.524,0,0,eGFP1
2887,15:00:04,0.074,0.546,0,0,eGFP1
2888,15:00:05,0.140,0.820,0,0,eGFP1
2889,15:00:05,0.096,0.502,0,0,eGFP1
2890,15:00:06,0.074,0.491,0,0,eGFP1
2891,15:00:07,0.097,0.733,0,0,eGFP1
2892,15:00:07,0.140,0.722,0,0,eGFP1
2893,15:00:08,0.092,0.652,0,0,eGFP1
2894,15:00:09,0.140,0.886,0,0,eGFP1
2895,15:00:10,0.140,0.688,0,0,eGFP1
2896,15:00:10,0.107,0.645,0,0,eGFP1
2897,15:00:11,0.129,0.798,0,0,eGFP1
2898,15:00:12,0.118,0.590,0,0,eGFP1
2899,15:00:12,0.097,0.668,0,0,eGFP1
2900,15:00:13,0.172,0.765,0,0,eGFP1
2901,15:00:14,0.107,0.590,0,0,eGFP1
2902,15:00:15,0.128,0.842,0,0,eGFP1
2903,15:00:15,0.128,0.578,0,0,eGFP1
2904,15:00:16,0.085,0.491,0,0,eGFP1
2905,15:00:16,0.096,0.755,0,0,eGFP1
2906,15:00:17,0.108,0.591,0,0,eGFP1
2907,15:00:18,0.095,0.666,0,0,eGFP1
2908,15:00:18,0.141,0.778,0,0,eGFP1
2909,15:00:19,0.129,0.721,0,0,eGFP1
2910,15:00:20,0.140,0.744,0,0,eGFP1
2911,15:00:21,0.117,0.787,0,0,eGFP1
2912,15:00:21,0.151,0.710,0,0,eGFP1
2913,15:00:22,0.085,0.480,0,0,eGFP1
2914,15:00:22,0.085,0.678,0,0,eGFP1
2915,15:00:23,0.173,0.787,0,0,eGFP1
2916,15:00:24,0.108,0.635,0,0,eGFP1
2917,15:00:25,0.118,0.831,0,0,eGFP1
2918,15:00:26,0.162,1.303,0,0,eGFP1
2919,15:00:29,2.214,2.829,0,0,eGFP1
2920,15:00:30,0.108,0.679,0,0,eGFP1
2921,15:00:31,0.140,1.094,0,0,eGFP1
2922,15:00:31,0.195,0.809,0,0,eGFP1
2923,15:00:32,0.096,0.667,0,0,eGFP1
2924,15:00:33,0.108,0.602,0,0,eGFP1
2925,15:00:33,0.096,0.601,0,0,eGFP1
2926,15:00:34,0.118,0.732,0,0,eGFP1
2927,15:00:35,0.118,0.623,0,0,eGFP1
2928,15:00:35,0.107,0.689,0,0,eGFP1
2929,15:00:36,0.151,0.733,0,0,eGFP1
2930,15:00:37,0.096,0.535,0,0,eGFP1
2931,15:00:37,0.096,0.699,0,0,eGFP1
2932,15:00:38,0.109,0.614,0,0,eGFP1
2933,15:00:38,0.096,0.524,0,0,eGFP1
2934,15:00:39,0.097,0.679,0,0,eGFP1
2935,15:00:40,0.128,0.611,0,0,eGFP1
2936,15:00:40,0.085,0.491,0,0,eGFP1
2937,15:00:41,0.096,0.766,0,0,eGFP1
2938,15:00:42,0.129,0.601,0,0,eGFP1
2939,15:00:42,0.085,0.491,0,0,eGFP1
2940,15:00:43,0.107,0.897,0,0,eGFP1
2941,15:00:44,0.141,0.646,0,0,eGFP1
2942,15:00:44,0.085,0.579,0,0,eGFP1
2943,15:00:45,0.129,0.765,0,0,eGFP1
2944,15:00:46,0.096,0.557,0,0,eGFP1
2945,15:00:46,0.107,0.755,0,0,eGFP1
2946,15:00:47,0.129,0.677,0,0,eGFP1
2947,15:00:48,0.107,0.722,0,0,eGFP1
2948,15:00:48,0.141,0.745,0,0,eGFP1
2949,15:00:49,0.130,0.778,0,0,eGFP1
2950,15:00:50,0.129,0.699,0,0,eGFP1
2951,15:00:51,0.118,0.722,0,0,eGFP1
2952,15:00:52,0.151,0.897,0,0,eGFP1
2953,15:00:52,0.129,0.678,0,0,eGFP1
2954,15:00:53,0.107,0.557,0,0,eGFP1
2955,15:00:53,0.085,0.535,0,0,eGFP1
2956,15:00:54,0.118,0.996,0,0,eGFP1
2957,15:00:55,0.141,0.712,0,0,eGFP1
2958,15:00:56,0.118,0.688,0,0,eGFP1
2959,15:00:56,0.129,0.711,0,0,eGFP1
2960,15:00:57,0.096,0.491,0,0,eGFP1
2961,15:00:58,0.085,0.799,0,0,eGFP1
2962,15:00:58,0.152,0.657,0,0,eGFP1
2963,15:00:59,0.085,0.513,0,0,eGFP1
2964,15:01:00,0.096,0.678,0,0,eGFP1
2965,15:01:00,0.129,0.590,0,0,eGFP1
2966,15:01:01,0.084,0.457,0,0,eGFP1
2967,15:01:01,0.074,0.622,0,0,eGFP1
2968,15:01:02,0.151,0.777,0,0,eGFP1
2969,15:01:03,0.107,0.579,0,0,eGFP1
2970,15:01:03,0.085,0.568,0,0,eGFP1
2971,15:01:04,0.140,0.777,0,0,eGFP1
2972,15:01:05,0.118,0.677,0,0,eGFP1
2973,15:01:05,0.118,0.689,0,0,eGFP1
2974,15:01:06,0.109,0.657,0,0,eGFP1
2975,15:01:06,0.096,0.513,0,0,eGFP1
2976,15:01:07,0.087,0.548,0,0,eGFP1
2977,15:01:08,0.118,0.809,0,0,eGFP1
2978,15:01:08,0.129,0.612,0,0,eGFP1
2979,15:01:09,0.086,0.503,0,0,eGFP1
2980,15:01:10,0.096,0.886,0,0,eGFP1
2981,15:01:11,0.140,0.754,0,0,eGFP1
2982,15:01:11,0.120,0.658,0,0,eGFP1
2983,15:01:12,0.096,0.590,0,0,eGFP1
2984,15:01:13,0.107,0.842,0,0,eGFP1
2985,15:01:13,0.140,0.645,0,0,eGFP1
2986,15:01:14,0.096,0.513,0,0,eGFP1
2987,15:01:15,0.107,0.799,0,0,eGFP1
2988,15:01:15,0.140,0.656,0,0,eGFP1
2989,15:01:16,0.086,0.679,0,0,eGFP1
2990,15:01:17,0.174,0.887,0,0,eGFP1
2991,15:01:17,0.119,0.624,0,0,eGFP1
2992,15:01:18,0.096,0.524,0,0,eGFP1
2993,15:01:19,0.086,0.590,0,0,eGFP1
2994,15:01:19,0.130,0.887,0,0,eGFP1
2995,15:01:20,0.107,0.535,0,0,eGFP1
2996,15:01:21,0.074,0.667,0,0,eGFP1
2997,15:01:21,0.173,0.798,0,0,eGFP1
2998,15:01:22,0.097,0.503,0,0,eGFP1
2999,15:01:22,0.075,0.503,0,0,eGFP1
3000,15:01:24,0.118,1.018,0,0,eGFP1
3001,15:03:29,0.525,125.222,0,0,eGFP1
3002,15:03:29,0.108,0.558,0,0,eGFP1
3003,15:03:31,0.086,1.546,0,0,eGFP1
3004,15:03:34,0.151,3.092,0,0,eGFP1
3005,15:03:35,0.118,0.656,0,0,eGFP1
3006,15:03:35,0.107,0.568,0,0,eGFP1
3007,15:03:36,0.087,0.493,0,0,eGFP1
3008,15:03:36,0.085,0.535,0,0,eGFP1
3009,15:03:37,0.085,0.480,0,0,eGFP1
3010,15:03:39,0.086,2.456,0,0,eGFP1
3011,15:03:41,0.437,2.203,0,0,eGFP1
3012,15:03:42,0.097,0.602,0,0,eGFP1
3013,15:03:42,0.096,0.546,0,0,eGFP1
3014,15:03:43,0.096,0.678,0,0,eGFP1
3015,15:03:44,0.119,0.591,0,0,eGFP1
3016,15:03:44,0.086,0.546,0,0,eGFP1
3017,15:03:45,0.098,0.592,0,0,eGFP1
3018,15:03:46,0.118,0.711,0,0,eGFP1
3019,15:03:46,0.085,0.513,0,0,eGFP1
3020,15:03:47,0.118,0.799,0,0,eGFP1
3021,15:03:50,0.689,3.344,0,0,eGFP1
3022,15:03:51,0.174,0.569,0,0,eGFP1
3023,15:03:52,0.273,0.888,0,0,eGFP1
3024,15:03:52,0.096,0.568,0,0,eGFP1
3025,15:03:53,0.096,0.491,0,0,eGFP1
3026,15:03:54,0.107,0.865,0,0,eGFP1
3027,15:03:54,0.129,0.557,0,0,eGFP1
3028,15:03:55,0.074,0.436,0,0,eGFP1
3029,15:03:55,0.086,0.503,0,0,eGFP1
3030,15:03:56,0.096,0.612,0,0,eGFP1
3031,15:03:56,0.098,0.482,0,0,eGFP1
3032,15:03:57,0.076,0.427,0,0,eGFP1
3033,15:03:57,0.074,0.513,0,0,eGFP1
3034,15:03:58,0.118,0.667,0,0,eGFP1
3035,15:03:58,0.097,0.536,0,0,eGFP1
3036,15:03:59,0.085,0.425,0,0,eGFP1
3037,15:03:59,0.075,0.470,0,0,eGFP1
3038,15:04:00,0.107,0.645,0,0,eGFP1
3039,15:04:00,0.096,0.502,0,0,eGFP1
3040,15:04:01,0.076,0.471,0,0,eGFP1
3041,15:04:01,0.085,0.601,0,0,eGFP1
3042,15:04:02,0.108,0.525,0,0,eGFP1
3043,15:04:02,0.085,0.480,0,0,eGFP1
3044,15:04:03,0.096,0.579,0,0,eGFP1
3045,15:04:04,0.118,0.623,0,0,eGFP1
3046,15:04:04,0.094,0.456,0,0,eGFP1
3047,15:04:05,0.084,0.556,0,0,eGFP1
3048,15:04:05,0.139,0.787,0,0,eGFP1
3049,15:04:06,0.105,0.577,0,0,eGFP1
3050,15:04:07,0.084,0.533,0,0,eGFP1
3051,15:04:07,0.095,0.534,0,0,eGFP1
3052,15:04:08,0.083,0.588,0,0,eGFP1
3053,15:04:09,0.116,0.940,0,0,eGFP1
3054,15:04:09,0.116,0.588,0,0,eGFP1
3055,15:04:10,0.083,0.621,0,0,eGFP1
3056,15:04:10,0.107,0.590,0,0,eGFP1
3057,15:04:11,0.083,0.478,0,0,eGFP1
3058,15:04:12,0.094,0.632,0,0,eGFP1
3059,15:04:12,0.092,0.575,0,0,eGFP1
3060,15:04:13,0.106,0.577,0,0,eGFP1
3061,15:04:13,0.095,0.578,0,0,eGFP1
3062,15:04:14,0.105,0.511,0,0,eGFP1
3063,15:04:14,0.084,0.512,0,0,eGFP1
3064,15:04:15,0.105,0.774,0,0,eGFP1
3065,15:04:16,0.118,0.579,0,0,eGFP1
3066,15:04:16,0.073,0.446,0,0,eGFP1
3067,15:04:17,0.083,0.555,0,0,eGFP1
3068,15:04:17,0.117,0.665,0,0,eGFP1
3069,15:04:18,0.084,0.479,0,0,eGFP1
3070,15:04:18,0.083,0.533,0,0,eGFP1
3071,15:04:19,0.128,0.786,0,0,eGFP1
3072,15:04:20,0.140,0.678,0,0,eGFP1
3073,15:04:20,0.095,0.567,0,0,eGFP1
3074,15:04:21,0.095,0.600,0,0,eGFP1
3075,15:04:22,0.116,0.742,0,0,eGFP1
3076,15:04:22,0.105,0.709,0,0,eGFP1
3077,15:04:23,0.116,0.621,0,0,eGFP1
3078,15:04:24,0.105,0.577,0,0,eGFP1
3079,15:04:24,0.095,0.534,0,0,eGFP1
3080,15:04:25,0.094,0.731,0,0,eGFP1
3081,15:04:26,0.140,0.721,0,0,eGFP1
3082,15:04:26,0.106,0.720,0,0,eGFP1
3083,15:04:27,0.117,0.556,0,0,eGFP1
3084,15:04:27,0.083,0.511,0,0,eGFP1
3085,15:04:28,0.106,0.665,0,0,eGFP1
3086,15:04:44,0.107,15.976,0,0,eGFP1
3087,15:04:45,0.116,0.654,0,0,eGFP1
3088,15:04:45,0.127,0.632,0,0,eGFP1
3089,15:04:46,0.085,0.458,0,0,eGFP1
3090,15:04:46,0.073,0.501,0,0,eGFP1
3091,15:04:47,0.105,0.621,0,0,eGFP1
3092,15:04:47,0.084,0.446,0,0,eGFP1
3093,15:04:48,0.061,0.391,0,0,eGFP1
3094,15:04:48,0.072,0.654,0,0,eGFP1
3095,15:04:49,0.116,0.566,0,0,eGFP1
3096,15:04:50,0.073,0.578,0,0,eGFP1
3097,15:04:50,0.105,0.511,0,0,eGFP1
3098,15:04:51,0.085,0.469,0,0,eGFP1
3099,15:04:51,0.073,0.523,0,0,eGFP1
3100,15:04:52,0.107,0.623,0,0,eGFP1
3101,15:04:52,0.083,0.456,0,0,eGFP1
3102,15:04:53,0.073,0.468,0,0,eGFP1
3103,15:04:53,0.084,0.523,0,0,eGFP1
3104,15:04:54,0.105,0.566,0,0,eGFP1
3105,15:04:54,0.095,0.545,0,0,eGFP1
3106,15:04:55,0.096,0.557,0,0,eGFP1
3107,15:04:55,0.083,0.467,0,0,eGFP1
3108,15:04:56,0.084,0.468,0,0,eGFP1
3109,15:04:56,0.095,0.545,0,0,eGFP1
3110,15:04:57,0.094,0.500,0,0,eGFP1
3111,15:04:57,0.084,0.622,0,0,eGFP1
3112,15:04:58,0.105,0.577,0,0,eGFP1
3113,15:04:58,0.073,0.457,0,0,eGFP1
3114,15:04:59,0.086,0.635,0,0,eGFP1
3115,15:05:00,0.106,0.523,0,0,eGFP1
3116,15:05:00,0.072,0.445,0,0,eGFP1
3117,15:05:01,0.095,0.677,0,0,eGFP1
3118,15:05:01,0.094,0.533,0,0,eGFP1
3119,15:05:02,0.095,0.501,0,0,eGFP1
3120,15:05:02,0.084,0.567,0,0,eGFP1
3121,15:05:03,0.083,0.511,0,0,eGFP1
3122,15:05:03,0.085,0.513,0,0,eGFP1
3123,15:05:04,0.117,0.720,0,0,eGFP1
3124,15:05:05,0.128,0.589,0,0,eGFP1
3125,15:05:05,0.073,0.446,0,0,eGFP1
3126,15:05:06,0.084,0.753,0,0,eGFP1
3127,15:05:06,0.139,0.676,0,0,eGFP1
3128,15:05:07,0.085,0.459,0,0,eGFP1
3129,15:05:07,0.072,0.500,0,0,eGFP1
3130,15:05:08,0.106,0.633,0,0,eGFP1
3131,15:05:09,0.096,0.535,0,0,eGFP1
3132,15:05:09,0.094,0.610,0,0,eGFP1
3133,15:05:10,0.117,0.698,0,0,eGFP1
3134,15:05:10,0.084,0.501,0,0,eGFP1
3135,15:05:11,0.084,0.721,0,0,eGFP1
3136,15:05:12,0.105,0.533,0,0,eGFP1
3137,15:05:12,0.084,0.446,0,0,eGFP1
3138,15:05:13,0.084,0.731,0,0,eGFP1
3139,15:05:14,0.140,0.667,0,0,eGFP1
3140,15:05:14,0.106,0.589,0,0,eGFP1
3141,15:05:15,0.105,0.533,0,0,eGFP1
3142,15:05:15,0.082,0.532,0,0,eGFP1
3143,15:05:16,0.094,0.643,0,0,eGFP1
3144,15:05:16,0.117,0.633,0,0,eGFP1
3145,15:05:17,0.105,0.599,0,0,eGFP1
3146,15:05:18,0.084,0.578,0,0,eGFP1
3147,15:05:18,0.107,0.677,0,0,eGFP1
3148,15:05:19,0.106,0.710,0,0,eGFP1
3149,15:05:20,0.095,0.545,0,0,eGFP1
3150,15:05:20,0.094,0.533,0,0,eGFP1
3151,15:05:21,0.106,0.688,0,0,eGFP1
3152,15:05:21,0.094,0.511,0,0,eGFP1
3153,15:05:22,0.084,0.600,0,0,eGFP1
3154,15:05:23,0.150,0.698,0,0,eGFP1
3155,15:05:23,0.087,0.570,0,0,eGFP1
3156,15:05:24,0.149,0.863,0,0,eGFP1
3157,15:05:25,0.095,0.555,0,0,eGFP1
3158,15:05:25,0.106,0.743,0,0,eGFP1
3159,15:05:26,0.127,0.621,0,0,eGFP1
3160,15:05:27,0.095,0.688,0,0,eGFP1
3161,15:05:27,0.117,0.643,0,0,eGFP1
3162,15:05:28,0.084,0.501,0,0,eGFP1
3163,15:05:29,0.095,0.830,0,0,eGFP1
3164,15:05:29,0.184,0.766,0,0,eGFP1
3165,15:05:30,0.095,0.720,0,0,eGFP1
3166,15:05:31,0.128,0.633,0,0,eGFP1
3167,15:05:31,0.095,0.501,0,0,eGFP1
3168,15:05:32,0.094,0.544,0,0,eGFP1
3169,15:05:32,0.097,0.612,0,0,eGFP1
3170,15:05:33,0.106,0.578,0,0,eGFP1
3171,15:05:33,0.084,0.479,0,0,eGFP1
3172,15:05:34,0.085,0.667,0,0,eGFP1
3173,15:05:35,0.117,0.578,0,0,eGFP1
3174,15:05:35,0.084,0.501,0,0,eGFP1
3175,15:05:36,0.094,0.555,0,0,eGFP1
3176,15:05:36,0.095,0.633,0,0,eGFP1
3177,15:05:37,0.117,0.644,0,0,eGFP1
3178,15:05:38,0.083,0.511,0,0,eGFP1
3179,15:05:38,0.084,0.622,0,0,eGFP1
3180,15:05:39,0.129,0.744,0,0,eGFP1
3181,15:05:40,0.106,0.633,0,0,eGFP1
3182,15:05:40,0.116,0.808,0,0,eGFP1
3183,15:05:41,0.140,0.963,0,0,eGFP1
3184,15:05:43,0.292,1.280,0,0,eGFP1
3185,15:05:43,0.216,0.775,0,0,eGFP1
3186,15:05:44,0.106,0.611,0,0,eGFP1
3187,15:05:45,0.106,0.567,0,0,eGFP1
3188,15:05:45,0.099,0.505,0,0,eGFP1
3189,15:05:46,0.084,0.545,0,0,eGFP1
3190,15:05:46,0.095,0.665,0,0,eGFP1
3191,15:05:47,0.128,0.655,0,0,eGFP1
3192,15:05:47,0.095,0.479,0,0,eGFP1
3193,15:05:48,0.073,0.468,0,0,eGFP1
3194,15:05:49,0.106,0.710,0,0,eGFP1
3195,15:05:49,0.117,0.578,0,0,eGFP1
3196,15:05:50,0.084,0.544,0,0,eGFP1
3197,15:05:51,0.120,0.822,0,0,eGFP1
3198,15:05:56,0.161,5.857,0,0,eGFP1
3199,15:05:57,0.106,0.567,0,0,eGFP1
3200,15:06:00,0.106,3.222,0,0,eGFP1
3201,15:06:01,0.161,0.633,0,0,eGFP1
3202,15:06:01,0.084,0.468,0,0,eGFP1
3203,15:06:02,0.084,0.457,0,0,eGFP1
3204,15:06:02,0.084,0.457,0,0,eGFP1
3205,15:06:03,0.064,0.448,0,0,eGFP1
3206,15:06:03,0.084,0.600,0,0,eGFP1
3207,15:06:04,0.095,0.468,0,0,eGFP1
3208,15:06:04,0.084,0.512,0,0,eGFP1
3209,15:06:05,0.117,0.742,0,0,eGFP1
3210,15:06:05,0.106,0.545,0,0,eGFP1
3211,15:06:06,0.097,0.481,0,0,eGFP1
3212,15:06:06,0.073,0.457,0,0,eGFP1
3213,15:06:07,0.086,0.744,0,0,eGFP1
3214,15:06:08,0.117,0.567,0,0,eGFP1
3215,15:06:08,0.084,0.545,0,0,eGFP1
3216,15:06:09,0.106,0.666,0,0,eGFP1
3217,15:06:10,0.117,0.709,0,0,eGFP1
3218,15:06:11,0.282,1.039,0,0,eGFP1
3219,15:06:11,0.095,0.523,0,0,eGFP1
3220,15:06:12,0.084,0.545,0,0,eGFP1
3221,15:06:12,0.095,0.578,0,0,eGFP1
3222,15:06:13,0.083,0.752,0,0,eGFP1
3223,15:06:14,0.161,0.710,0,0,eGFP1
3224,15:06:14,0.095,0.567,0,0,eGFP1
3225,15:06:15,0.107,0.689,0,0,eGFP1
3226,15:06:16,0.117,0.545,0,0,eGFP1
3227,15:06:16,0.084,0.589,0,0,eGFP1
3228,15:06:17,0.095,0.523,0,0,eGFP1
3229,15:06:17,0.084,0.633,0,0,eGFP1
3230,15:06:18,0.118,0.612,0,0,eGFP1
3231,15:06:19,0.084,0.622,0,0,eGFP1
3232,15:06:20,0.216,1.006,0,0,eGFP1
3233,15:06:20,0.095,0.512,0,0,eGFP1
3234,15:06:21,0.073,0.468,0,0,eGFP1
3235,15:06:21,0.084,0.501,0,0,eGFP1
3236,15:06:22,0.095,0.534,0,0,eGFP1
3237,15:06:22,0.096,0.644,0,0,eGFP1
3238,15:06:23,0.131,0.691,0,0,eGFP1
3239,15:06:24,0.106,0.578,0,0,eGFP1
3240,15:06:24,0.095,0.556,0,0,eGFP1
3241,15:06:25,0.106,0.699,0,0,eGFP1
3242,15:06:25,0.106,0.556,0,0,eGFP1
3243,15:06:26,0.084,0.720,0,0,eGFP1
3244,15:06:27,0.117,0.567,0,0,eGFP1
3245,15:06:27,0.074,0.458,0,0,eGFP1
3246,15:06:28,0.085,0.733,0,0,eGFP1
3247,15:06:28,0.117,0.567,0,0,eGFP1
3248,15:06:29,0.084,0.567,0,0,eGFP1
3249,15:06:30,0.106,0.655,0,0,eGFP1
3250,15:06:30,0.095,0.501,0,0,eGFP1
3251,15:06:31,0.073,0.567,0,0,eGFP1
3252,15:06:31,0.118,0.678,0,0,eGFP1
3253,15:06:32,0.095,0.556,0,0,eGFP1
3254,15:06:32,0.095,0.589,0,0,eGFP1
3255,15:06:33,0.108,0.547,0,0,eGFP1
3256,15:06:34,0.084,0.512,0,0,eGFP1
3257,15:06:34,0.095,0.765,0,0,eGFP1
3258,15:06:35,0.161,0.797,0,0,eGFP1
3259,15:06:36,0.106,0.567,0,0,eGFP1
3260,15:06:36,0.085,0.567,0,0,eGFP1
3261,15:06:37,0.129,0.787,0,0,eGFP1
3262,15:06:38,0.095,0.523,0,0,eGFP1
3263,15:06:38,0.086,0.624,0,0,eGFP1
3264,15:06:39,0.139,0.775,0,0,eGFP1
3265,15:06:40,0.117,0.578,0,0,eGFP1
3266,15:06:40,0.086,0.547,0,0,eGFP1
3267,15:06:42,0.095,1.697,0,0,eGFP1
3268,15:07:25,42.432,43.595,0,0,eGFP1
3269,15:07:26,0.096,0.502,0,0,eGFP1
3270,15:07:27,0.084,0.688,0,0,eGFP1
3271,15:07:27,0.195,0.733,0,0,eGFP1
3272,15:07:29,0.260,1.642,0,0,eGFP1
3273,15:07:30,0.118,0.611,0,0,eGFP1
3274,15:07:30,0.096,0.601,0,0,eGFP1
3275,15:07:31,0.095,0.512,0,0,eGFP1
3276,15:07:31,0.084,0.545,0,0,eGFP1
3277,15:07:32,0.084,0.447,0,0,eGFP1
3278,15:07:32,0.062,0.402,0,0,eGFP1
3279,15:07:33,0.075,0.536,0,0,eGFP1
3280,15:07:33,0.096,0.502,0,0,eGFP1
3281,15:07:33,0.074,0.414,0,0,eGFP1
3282,15:07:34,0.073,0.435,0,0,eGFP1
3283,15:07:34,0.085,0.480,0,0,eGFP1
3284,15:07:35,0.095,0.600,0,0,eGFP1
3285,15:07:36,0.117,0.666,0,0,eGFP1
3286,15:07:36,0.106,0.622,0,0,eGFP1
3287,15:07:37,0.106,0.611,0,0,eGFP1
3288,15:07:37,0.097,0.569,0,0,eGFP1
3289,15:07:38,0.095,0.556,0,0,eGFP1
3290,15:07:39,0.106,0.644,0,0,eGFP1
3291,15:07:39,0.106,0.589,0,0,eGFP1
3292,15:07:40,0.074,0.436,0,0,eGFP1
3293,15:07:40,0.084,0.600,0,0,eGFP1
3294,15:07:41,0.108,0.591,0,0,eGFP1
3295,15:07:42,0.128,0.776,0,0,eGFP1
3296,15:07:46,3.663,4.321,0,0,eGFP1
3297,15:07:47,0.096,0.623,0,0,eGFP1
3298,15:07:47,0.106,0.567,0,0,eGFP1
3299,15:07:48,0.095,0.611,0,0,eGFP1
3300,15:07:48,0.084,0.469,0,0,eGFP1
3301,15:07:49,0.062,0.446,0,0,eGFP1
3302,15:07:49,0.095,0.655,0,0,eGFP1
3303,15:07:50,0.117,0.534,0,0,eGFP1
3304,15:07:50,0.075,0.448,0,0,eGFP1
3305,15:07:51,0.096,0.623,0,0,eGFP1
3306,15:07:52,0.117,0.644,0,0,eGFP1
3307,15:07:52,0.106,0.556,0,0,eGFP1
3308,15:07:53,0.071,0.433,0,0,eGFP1
3309,15:07:53,0.084,0.578,0,0,eGFP1
3310,15:07:54,0.128,0.655,0,0,eGFP1
3311,15:07:54,0.096,0.568,0,0,eGFP1
3312,15:07:55,0.096,0.612,0,0,eGFP1
3313,15:07:56,0.096,0.502,0,0,eGFP1
3314,15:07:56,0.073,0.468,0,0,eGFP1
3315,15:07:57,0.096,0.623,0,0,eGFP1
3316,15:07:57,0.106,0.611,0,0,eGFP1
3317,15:07:58,0.095,0.490,0,0,eGFP1
3318,15:07:58,0.085,0.546,0,0,eGFP1
3319,15:07:59,0.117,0.677,0,0,eGFP1
3320,15:07:59,0.096,0.491,0,0,eGFP1
3321,15:08:00,0.076,0.548,0,0,eGFP1
3322,15:08:01,0.128,0.787,0,0,eGFP1
3323,15:08:01,0.106,0.501,0,0,eGFP1
3324,15:08:02,0.074,0.458,0,0,eGFP1
3325,15:08:03,0.106,0.886,0,0,eGFP1
3326,15:08:03,0.117,0.556,0,0,eGFP1
3327,15:08:04,0.074,0.502,0,0,eGFP1
3328,15:08:04,0.106,0.655,0,0,eGFP1
3329,15:08:05,0.086,0.481,0,0,eGFP1
3330,15:08:05,0.074,0.458,0,0,eGFP1
3331,15:08:06,0.084,0.523,0,0,eGFP1
3332,15:08:06,0.129,0.710,0,0,eGFP1
3333,15:08:07,0.096,0.469,0,0,eGFP1
3334,15:08:07,0.074,0.447,0,0,eGFP1
3335,15:08:08,0.086,0.623,0,0,eGFP1
3336,15:08:09,0.118,0.601,0,0,eGFP1
3337,15:08:09,0.086,0.492,0,0,eGFP1
3338,15:08:10,0.095,0.578,0,0,eGFP1
3339,15:08:10,0.096,0.513,0,0,eGFP1
3340,15:08:11,0.074,0.458,0,0,eGFP1
3341,15:08:11,0.095,0.710,0,0,eGFP1
3342,15:08:12,0.117,0.633,0,0,eGFP1
3343,15:08:12,0.085,0.480,0,0,eGFP1
3344,15:08:13,0.085,0.534,0,0,eGFP1
3345,15:08:14,0.108,0.624,0,0,eGFP1
3346,15:08:14,0.096,0.513,0,0,eGFP1
3347,15:08:15,0.096,0.655,0,0,eGFP1
3348,15:08:15,0.107,0.601,0,0,eGFP1
3349,15:08:16,0.086,0.525,0,0,eGFP1
3350,15:08:17,0.084,0.655,0,0,eGFP1
3351,15:08:17,0.139,0.622,0,0,eGFP1
3352,15:08:18,0.085,0.480,0,0,eGFP1
3353,15:08:18,0.096,0.557,0,0,eGFP1
3354,15:08:19,0.086,0.503,0,0,eGFP1
3355,15:08:19,0.095,0.600,0,0,eGFP1
3356,15:08:20,0.118,0.765,0,0,eGFP1
3357,15:08:21,0.206,1.051,0,0,eGFP1
3358,15:08:23,0.260,1.654,0,0,eGFP1
3359,15:08:24,0.194,0.732,0,0,eGFP1
3360,15:08:24,0.096,0.568,0,0,eGFP1
3361,15:08:25,0.084,0.479,0,0,eGFP1
3362,15:08:25,0.075,0.547,0,0,eGFP1
3363,15:08:26,0.108,0.712,0,0,eGFP1
3364,15:08:26,0.107,0.535,0,0,eGFP1
3365,15:08:27,0.084,0.523,0,0,eGFP1
3366,15:08:28,0.107,0.645,0,0,eGFP1
3367,15:08:28,0.107,0.633,0,0,eGFP1
3368,15:08:29,0.107,0.568,0,0,eGFP1
3369,15:08:30,0.140,1.160,0,0,eGFP1
3370,15:08:30,0.108,0.569,0,0,eGFP1
3371,15:08:31,0.085,0.513,0,0,eGFP1
3372,15:08:32,0.074,0.600,0,0,eGFP1
3373,15:08:32,0.096,0.579,0,0,eGFP1
3374,15:08:33,0.096,0.502,0,0,eGFP1
3375,15:08:33,0.085,0.480,0,0,eGFP1
3376,15:08:34,0.084,0.491,0,0,eGFP1
3377,15:08:34,0.086,0.514,0,0,eGFP1
3378,15:08:35,0.086,0.536,0,0,eGFP1
3379,15:08:37,0.118,2.290,0,0,eGFP1
3380,15:08:43,5.616,6.384,0,0,eGFP1
3381,15:08:44,0.096,0.601,0,0,eGFP1
3382,15:08:45,0.107,1.039,0,0,eGFP1
3383,15:08:46,0.151,0.963,0,0,eGFP1
3384,15:08:47,0.250,0.831,0,0,eGFP1
3385,15:08:47,0.107,0.590,0,0,eGFP1
3386,15:08:48,0.085,0.480,0,0,eGFP1
3387,15:08:48,0.097,0.613,0,0,eGFP1
3388,15:08:49,0.096,0.480,0,0,eGFP1
3389,15:08:49,0.074,0.425,0,0,eGFP1
3390,15:08:50,0.063,0.425,0,0,eGFP1
3391,15:08:50,0.097,0.635,0,0,eGFP1
3392,15:08:51,0.096,0.556,0,0,eGFP1
3393,15:08:52,0.096,0.579,0,0,eGFP1
3394,15:08:52,0.085,0.491,0,0,eGFP1
3395,15:08:53,0.097,0.613,0,0,eGFP1
3396,15:08:53,0.107,0.579,0,0,eGFP1
3397,15:08:54,0.085,0.436,0,0,eGFP1
3398,15:08:54,0.063,0.458,0,0,eGFP1
3399,15:08:55,0.096,0.557,0,0,eGFP1
3400,15:08:55,0.074,0.458,0,0,eGFP1
3401,15:08:56,0.096,0.633,0,0,eGFP1
3402,15:08:56,0.118,0.579,0,0,eGFP1
3403,15:08:57,0.097,0.591,0,0,eGFP1
3404,15:08:58,0.119,0.668,0,0,eGFP1
3405,15:08:58,0.096,0.502,0,0,eGFP1
3406,15:08:59,0.085,0.502,0,0,eGFP1
3407,15:08:59,0.107,0.590,0,0,eGFP1
3408,15:09:00,0.096,0.688,0,0,eGFP1
3409,15:09:01,0.140,0.667,0,0,eGFP1
3410,15:09:02,0.096,1.270,0,0,eGFP1
3411,15:09:04,1.063,1.689,0,0,eGFP1
3412,15:09:04,0.096,0.524,0,0,eGFP1
3413,15:09:05,0.085,0.524,0,0,eGFP1
3414,15:09:05,0.084,0.469,0,0,eGFP1
3415,15:09:06,0.085,0.600,0,0,eGFP1
3416,15:09:06,0.118,0.612,0,0,eGFP1
3417,15:09:07,0.085,0.502,0,0,eGFP1
3418,15:09:07,0.097,0.679,0,0,eGFP1
3419,15:09:08,0.085,0.491,0,0,eGFP1
3420,15:09:09,0.097,0.811,0,0,eGFP1
3421,15:09:09,0.129,0.568,0,0,eGFP1
3422,15:09:10,0.085,0.502,0,0,eGFP1
3423,15:09:11,0.096,0.655,0,0,eGFP1
3424,15:09:11,0.118,0.590,0,0,eGFP1
3425,15:09:12,0.085,0.458,0,0,eGFP1
3426,15:09:12,0.074,0.469,0,0,eGFP1
3427,15:09:13,0.096,0.667,0,0,eGFP1
3428,15:09:13,0.119,0.602,0,0,eGFP1
3429,15:09:14,0.085,0.469,0,0,eGFP1
3430,15:09:14,0.074,0.579,0,0,eGFP1
3431,15:09:15,0.140,0.886,0,0,eGFP1
3432,15:09:16,0.120,0.548,0,0,eGFP1
3433,15:09:16,0.074,0.458,0,0,eGFP1
3434,15:09:17,0.107,0.787,0,0,eGFP1
3435,15:09:18,0.118,0.546,0,0,eGFP1
3436,15:09:18,0.075,0.471,0,0,eGFP1
3437,15:09:19,0.085,0.666,0,0,eGFP1
3438,15:09:19,0.118,0.579,0,0,eGFP1
3439,15:09:20,0.085,0.579,0,0,eGFP1
3440,15:09:21,0.118,0.689,0,0,eGFP1
3441,15:09:21,0.085,0.502,0,0,eGFP1
3442,15:09:22,0.085,0.634,0,0,eGFP1
3443,15:09:22,0.139,0.732,0,0,eGFP1
3444,15:09:23,0.108,0.558,0,0,eGFP1
3445,15:09:23,0.085,0.470,0,0,eGFP1
3446,15:09:24,0.075,0.514,0,0,eGFP1
3447,15:09:25,0.118,0.678,0,0,eGFP1
3448,15:09:25,0.107,0.546,0,0,eGFP1
3449,15:09:26,0.074,0.458,0,0,eGFP1
3450,15:09:26,0.074,0.645,0,0,eGFP1
3451,15:09:27,0.129,0.644,0,0,eGFP1
3452,15:09:27,0.097,0.568,0,0,eGFP1
3453,15:09:28,0.087,0.515,0,0,eGFP1
3454,15:09:29,0.085,0.579,0,0,eGFP1
3455,15:09:29,0.118,0.645,0,0,eGFP1
3456,15:09:30,0.085,0.513,0,0,eGFP1
3457,15:09:30,0.085,0.667,0,0,eGFP1
3458,15:09:31,0.107,0.590,0,0,eGFP1
3459,15:09:31,0.085,0.480,0,0,eGFP1
3460,15:09:32,0.097,0.712,0,0,eGFP1
3461,15:09:33,0.130,0.624,0,0,eGFP1
3462,15:09:33,0.085,0.469,0,0,eGFP1
3463,15:09:35,0.085,1.710,0,0,eGFP1
3464,15:09:38,2.499,3.190,0,0,eGFP1
3465,15:09:41,0.316,2.313,0,0,eGFP1
3466,15:09:43,0.118,2.236,0,0,eGFP1
3467,15:09:44,0.130,0.799,0,0,eGFP1
3468,15:09:44,0.140,0.678,0,0,eGFP1
3469,15:09:45,0.097,0.547,0,0,eGFP1
3470,15:09:45,0.118,0.711,0,0,eGFP1
3471,15:09:46,0.096,0.546,0,0,eGFP1
3472,15:09:47,0.096,0.689,0,0,eGFP1
3473,15:09:48,0.151,0.930,0,0,eGFP1
3474,15:09:50,0.745,2.084,0,0,eGFP1
3475,15:09:50,0.129,0.623,0,0,eGFP1
3476,15:09:51,0.107,0.612,0,0,eGFP1
3477,15:09:52,0.096,0.667,0,0,eGFP1
3478,15:09:52,0.117,0.588,0,0,eGFP1
3479,15:09:53,0.086,0.492,0,0,eGFP1
3480,15:09:53,0.086,0.601,0,0,eGFP1
3481,15:09:54,0.097,0.579,0,0,eGFP1
3482,15:09:54,0.086,0.503,0,0,eGFP1
3483,15:09:55,0.085,0.535,0,0,eGFP1
3484,15:09:56,0.107,0.755,0,0,eGFP1
3485,15:09:56,0.107,0.579,0,0,eGFP1
3486,15:09:57,0.086,0.591,0,0,eGFP1
3487,15:09:57,0.120,0.581,0,0,eGFP1
3488,15:09:58,0.085,0.491,0,0,eGFP1
3489,15:09:58,0.096,0.546,0,0,eGFP1
3490,15:09:59,0.085,0.601,0,0,eGFP1
3491,15:10:00,0.107,0.524,0,0,eGFP1
3492,15:10:00,0.086,0.525,0,0,eGFP1
3493,15:10:01,0.096,0.557,0,0,eGFP1
3494,15:10:01,0.097,0.492,0,0,eGFP1
3495,15:10:02,0.086,0.547,0,0,eGFP1
3496,15:10:02,0.107,0.568,0,0,eGFP1
3497,15:10:03,0.085,0.502,0,0,eGFP1
3498,15:10:03,0.096,0.634,0,0,eGFP1
3499,15:10:04,0.107,0.524,0,0,eGFP1
3500,15:10:04,0.075,0.492,0,0,eGFP1
3501,15:10:05,0.108,0.778,0,0,eGFP1
3502,15:10:06,0.108,0.525,0,0,eGFP1
3503,15:10:06,0.097,0.557,0,0,eGFP1
3504,15:10:07,0.086,0.514,0,0,eGFP1
3505,15:10:07,0.085,0.557,0,0,eGFP1
3506,15:10:08,0.107,0.656,0,0,eGFP1
3507,15:10:09,0.096,0.513,0,0,eGFP1
3508,15:10:09,0.086,0.437,0,0,eGFP1
3509,15:10:09,0.063,0.502,0,0,eGFP1
3510,15:10:10,0.118,0.711,0,0,eGFP1
3511,15:10:11,0.087,0.537,0,0,eGFP1
3512,15:10:11,0.107,0.743,0,0,eGFP1
3513,15:10:12,0.108,0.558,0,0,eGFP1
3514,15:10:13,0.085,0.667,0,0,eGFP1
3515,15:10:13,0.097,0.536,0,0,eGFP1
3516,15:10:14,0.075,0.525,0,0,eGFP1
3517,15:10:14,0.118,0.710,0,0,eGFP1
3518,15:10:15,0.108,0.580,0,0,eGFP1
3519,15:10:16,0.097,0.525,0,0,eGFP1
3520,15:10:16,0.086,0.590,0,0,eGFP1
3521,15:10:17,0.119,0.613,0,0,eGFP1
3522,15:10:17,0.096,0.546,0,0,eGFP1
3523,15:10:18,0.096,0.546,0,0,eGFP1
3524,15:10:19,0.108,0.689,0,0,eGFP1
3525,15:10:19,0.118,0.568,0,0,eGFP1
3526,15:10:20,0.086,0.492,0,0,eGFP1
3527,15:10:20,0.098,0.635,0,0,eGFP1
3528,15:10:21,0.108,0.634,0,0,eGFP1
3529,15:10:21,0.087,0.482,0,0,eGFP1
3530,15:10:22,0.075,0.470,0,0,eGFP1
3531,15:10:22,0.085,0.535,0,0,eGFP1
3532,15:10:23,0.108,0.612,0,0,eGFP1
3533,15:10:23,0.086,0.481,0,0,eGFP1
3534,15:10:24,0.074,0.502,0,0,eGFP1
3535,15:10:25,0.109,0.724,0,0,eGFP1
3536,15:10:25,0.118,0.667,0,0,eGFP1
3537,15:10:26,0.118,0.612,0,0,eGFP1
3538,15:10:26,0.094,0.511,0,0,eGFP1
3539,15:10:27,0.084,0.698,0,0,eGFP1
3540,15:10:28,0.117,0.567,0,0,eGFP1
3541,15:10:28,0.084,0.457,0,0,eGFP1
3542,15:10:29,0.083,0.610,0,0,eGFP1
3543,15:10:29,0.107,0.601,0,0,eGFP1
3544,15:10:30,0.106,0.512,0,0,eGFP1
3545,15:10:30,0.084,0.468,0,0,eGFP1
3546,15:10:31,0.083,0.632,0,0,eGFP1
3547,15:10:32,0.127,0.720,0,0,eGFP1
3548,15:10:32,0.105,0.610,0,0,eGFP1
3549,15:10:33,0.116,0.654,0,0,eGFP1
3550,15:10:34,0.106,0.555,0,0,eGFP1
3551,15:10:34,0.084,0.501,0,0,eGFP1
3552,15:10:35,0.107,0.677,0,0,eGFP1
3553,15:10:35,0.128,0.753,0,0,eGFP1
3554,15:10:36,0.117,0.577,0,0,eGFP1
3555,15:10:37,0.084,0.457,0,0,eGFP1
3556,15:10:37,0.084,0.665,0,0,eGFP1
3557,15:10:38,0.162,0.721,0,0,eGFP1
3558,15:10:38,0.095,0.578,0,0,eGFP1
3559,15:10:39,0.116,0.764,0,0,eGFP1
3560,15:10:40,0.095,0.512,0,0,eGFP1
3561,15:10:40,0.084,0.666,0,0,eGFP1
3562,15:10:41,0.116,0.621,0,0,eGFP1
3563,15:10:42,0.083,0.511,0,0,eGFP1
3564,15:10:42,0.095,0.665,0,0,eGFP1
3565,15:10:43,0.106,0.512,0,0,eGFP1
3566,15:10:43,0.083,0.566,0,0,eGFP1
3567,15:10:44,0.117,0.698,0,0,eGFP1
3568,15:10:45,0.096,0.557,0,0,eGFP1
3569,15:10:45,0.073,0.490,0,0,eGFP1
3570,15:10:46,0.098,0.866,0,0,eGFP1
3571,15:10:46,0.117,0.556,0,0,eGFP1
3572,15:10:47,0.094,0.621,0,0,eGFP1
3573,15:10:48,0.128,0.698,0,0,eGFP1
3574,15:10:48,0.084,0.490,0,0,eGFP1
3575,15:10:49,0.083,0.533,0,0,eGFP1
3576,15:10:50,0.106,0.720,0,0,eGFP1
3577,15:10:50,0.118,0.568,0,0,eGFP1
3578,15:10:51,0.084,0.512,0,0,eGFP1
3579,15:10:51,0.105,0.720,0,0,eGFP1
3580,15:10:52,0.116,0.588,0,0,eGFP1
3581,15:10:53,0.095,0.698,0,0,eGFP1
3582,15:10:53,0.139,0.676,0,0,eGFP1
3583,15:10:54,0.084,0.512,0,0,eGFP1
3584,15:10:54,0.107,0.666,0,0,eGFP1
3585,15:10:55,0.107,0.700,0,0,eGFP1
3586,15:10:56,0.117,0.621,0,0,eGFP1
3587,15:10:56,0.095,0.512,0,0,eGFP1
3588,15:10:57,0.094,0.511,0,0,eGFP1
3589,15:10:57,0.084,0.600,0,0,eGFP1
3590,15:10:58,0.138,0.764,0,0,eGFP1
3591,15:10:59,0.094,0.544,0,0,eGFP1
3592,15:11:00,0.106,1.401,0,0,eGFP1
3593,15:11:01,0.129,0.656,0,0,eGFP1
3594,15:11:02,0.127,0.742,0,0,eGFP1
3595,15:11:02,0.094,0.511,0,0,eGFP1
3596,15:11:03,0.073,0.556,0,0,eGFP1
3597,15:11:03,0.116,0.720,0,0,eGFP1
3598,15:11:04,0.096,0.513,0,0,eGFP1
3599,15:11:04,0.084,0.479,0,0,eGFP1
3600,15:11:05,0.094,0.742,0,0,eGFP1
3601,15:11:06,0.118,0.579,0,0,eGFP1
3602,15:11:06,0.084,0.501,0,0,eGFP1
3603,15:11:07,0.083,0.500,0,0,eGFP1
3604,15:11:07,0.084,0.479,0,0,eGFP1
3605,15:11:08,0.095,0.599,0,0,eGFP1
3606,15:11:08,0.128,0.677,0,0,eGFP1
3607,15:11:09,0.094,0.555,0,0,eGFP1
3608,15:11:10,0.106,0.698,0,0,eGFP1
3609,15:11:10,0.106,0.611,0,0,eGFP1
3610,15:11:11,0.107,0.557,0,0,eGFP1
3611,15:11:11,0.084,0.501,0,0,eGFP1
3612,15:11:12,0.096,0.633,0,0,eGFP1
3613,15:11:12,0.095,0.523,0,0,eGFP1
3614,15:11:13,0.084,0.654,0,0,eGFP1
3615,15:11:14,0.172,0.775,0,0,eGFP1
3616,15:11:14,0.095,0.501,0,0,eGFP1
3617,15:11:15,0.073,0.589,0,0,eGFP1
3618,15:11:16,0.118,0.655,0,0,eGFP1
3619,15:11:16,0.095,0.501,0,0,eGFP1
3620,15:11:17,0.095,0.797,0,0,eGFP1
3621,15:11:18,0.139,0.665,0,0,eGFP1
3622,15:11:18,0.117,0.885,0,0,eGFP1
3623,15:11:19,0.117,0.578,0,0,eGFP1
3624,15:11:20,0.106,0.632,0,0,eGFP1
3625,15:11:20,0.106,0.556,0,0,eGFP1
3626,15:11:21,0.075,0.536,0,0,eGFP1
3627,15:11:22,0.117,0.940,0,0,eGFP1
3628,15:11:22,0.150,0.687,0,0,eGFP1
3629,15:11:23,0.084,0.556,0,0,eGFP1
3630,15:11:24,0.106,0.622,0,0,eGFP1
3631,15:11:24,0.094,0.621,0,0,eGFP1
3632,15:11:25,0.117,0.709,0,0,eGFP1
3633,15:11:26,0.117,0.721,0,0,eGFP1
3634,15:11:26,0.107,0.633,0,0,eGFP1
3635,15:11:27,0.095,0.534,0,0,eGFP1
3636,15:11:27,0.095,0.567,0,0,eGFP1
3637,15:11:28,0.095,0.523,0,0,eGFP1
3638,15:11:28,0.083,0.599,0,0,eGFP1
3639,15:11:29,0.117,0.688,0,0,eGFP1
3640,15:11:30,0.118,0.666,0,0,eGFP1
3641,15:11:30,0.095,0.523,0,0,eGFP1
3642,15:11:31,0.095,0.764,0,0,eGFP1
3643,15:11:32,0.151,0.700,0,0,eGFP1
3644,15:11:32,0.095,0.600,0,0,eGFP1
3645,15:11:33,0.127,0.797,0,0,eGFP1
3646,15:11:34,0.138,0.687,0,0,eGFP1
3647,15:11:34,0.095,0.523,0,0,eGFP1
3648,15:11:35,0.106,0.665,0,0,eGFP1
3649,15:11:36,0.128,0.644,0,0,eGFP1
3650,15:11:36,0.095,0.566,0,0,eGFP1
3651,15:11:37,0.097,0.547,0,0,eGFP1
3652,15:11:38,0.105,0.841,0,0,eGFP1
3653,15:11:39,0.216,1.116,0,0,eGFP1
3654,15:11:40,0.117,0.721,0,0,eGFP1
3655,15:11:40,0.138,0.676,0,0,eGFP1
3656,15:11:41,0.106,0.545,0,0,eGFP1
3657,15:11:42,0.095,0.786,0,0,eGFP1
3658,15:11:42,0.150,0.742,0,0,eGFP1
3659,15:11:43,0.108,0.645,0,0,eGFP1
3660,15:11:44,0.128,0.688,0,0,eGFP1
3661,15:11:44,0.084,0.490,0,0,eGFP1
3662,15:11:45,0.073,0.567,0,0,eGFP1
3663,15:11:45,0.117,0.797,0,0,eGFP1
3664,15:11:46,0.117,0.611,0,0,eGFP1
3665,15:11:47,0.095,0.501,0,0,eGFP1
3666,15:11:47,0.083,0.522,0,0,eGFP1
3667,15:11:48,0.087,0.515,0,0,eGFP1
3668,15:11:48,0.084,0.600,0,0,eGFP1
3669,15:11:49,0.138,1.016,0,0,eGFP1
3670,15:11:50,0.150,0.666,0,0,eGFP1
3671,15:11:50,0.095,0.512,0,0,eGFP1
3672,15:11:51,0.084,0.643,0,0,eGFP1
3673,15:11:52,0.150,0.776,0,0,eGFP1
3674,15:11:52,0.106,0.578,0,0,eGFP1
3675,15:11:53,0.094,0.533,0,0,eGFP1
3676,15:15:16,0.130,203.270,0,0,eGFP1
3677,15:15:19,0.402,3.124,0,0,eGFP1
3678,15:15:20,0.116,0.643,0,0,eGFP1
3679,15:15:21,0.095,0.556,0,0,eGFP1
3680,15:15:21,0.095,0.534,0,0,eGFP1
3681,15:15:22,0.096,0.579,0,0,eGFP1
3682,15:15:22,0.095,0.578,0,0,eGFP1
3683,15:15:23,0.095,0.556,0,0,eGFP1
3684,15:15:23,0.085,0.502,0,0,eGFP1
3685,15:15:24,0.073,0.523,0,0,eGFP1
3686,15:15:24,0.095,0.611,0,0,eGFP1
3687,15:15:25,0.095,0.523,0,0,eGFP1
3688,15:15:26,0.095,0.589,0,0,eGFP1
3689,15:15:28,0.116,2.322,0,0,eGFP1
3690,15:15:28,0.117,0.600,0,0,eGFP1
3691,15:15:29,0.117,0.885,0,0,eGFP1
3692,15:15:30,0.129,0.689,0,0,eGFP1
3693,15:15:31,0.117,0.863,0,0,eGFP1
3694,15:15:31,0.128,0.589,0,0,eGFP1
3695,15:15:32,0.085,0.491,0,0,eGFP1
3696,15:15:33,0.095,0.754,0,0,eGFP1
3697,15:15:33,0.117,0.556,0,0,eGFP1
3698,15:15:34,0.073,0.424,0,0,eGFP1
3699,15:15:34,0.084,0.600,0,0,eGFP1
3700,15:15:35,0.107,0.524,0,0,eGFP1
3701,15:15:35,0.073,0.435,0,0,eGFP1
3702,15:15:36,0.085,0.502,0,0,eGFP1
3703,15:15:36,0.106,0.709,0,0,eGFP1
3704,15:15:37,0.106,0.600,0,0,eGFP1
3705,15:15:38,0.095,0.490,0,0,eGFP1
3706,15:15:38,0.084,0.523,0,0,eGFP1
3707,15:15:39,0.106,0.611,0,0,eGFP1
3708,15:15:39,0.095,0.479,0,0,eGFP1
3709,15:15:40,0.065,0.416,0,0,eGFP1
3710,15:15:40,0.073,0.490,0,0,eGFP1
3711,15:15:41,0.095,0.567,0,0,eGFP1
3712,15:15:41,0.095,0.600,0,0,eGFP1
3713,15:15:42,0.095,0.490,0,0,eGFP1
3714,15:15:42,0.084,0.490,0,0,eGFP1
3715,15:15:43,0.095,0.666,0,0,eGFP1
3716,15:15:43,0.106,0.512,0,0,eGFP1
3717,15:15:44,0.077,0.538,0,0,eGFP1
3718,15:15:45,0.117,0.666,0,0,eGFP1
3719,15:15:45,0.095,0.479,0,0,eGFP1
3720,15:15:46,0.084,0.655,0,0,eGFP1
3721,15:15:46,0.128,0.633,0,0,eGFP1
3722,15:15:47,0.095,0.479,0,0,eGFP1
3723,15:15:47,0.076,0.537,0,0,eGFP1
3724,15:15:48,0.117,0.731,0,0,eGFP1
3725,15:15:49,0.108,0.580,0,0,eGFP1
3726,15:15:49,0.084,0.479,0,0,eGFP1
3727,15:15:50,0.073,0.468,0,0,eGFP1
3728,15:15:50,0.084,0.600,0,0,eGFP1
3729,15:15:51,0.106,0.611,0,0,eGFP1
3730,15:15:51,0.106,0.512,0,0,eGFP1
3731,15:15:52,0.073,0.512,0,0,eGFP1
3732,15:15:53,0.106,0.820,0,0,eGFP1
3733,15:15:53,0.117,0.556,0,0,eGFP1
3734,15:15:54,0.083,0.522,0,0,eGFP1
3735,15:15:54,0.117,0.698,0,0,eGFP1
3736,15:15:55,0.086,0.481,0,0,eGFP1
3737,15:15:55,0.073,0.501,0,0,eGFP1
3738,15:15:56,0.106,0.666,0,0,eGFP1
3739,15:15:57,0.117,0.721,0,0,eGFP1
3740,15:15:58,0.117,0.863,0,0,eGFP1
3741,15:15:58,0.139,0.677,0,0,eGFP1
3742,15:15:59,0.086,0.470,0,0,eGFP1
3743,15:15:59,0.084,0.611,0,0,eGFP1
3744,15:16:00,0.117,0.567,0,0,eGFP1
3745,15:16:01,0.084,0.490,0,0,eGFP1
3746,15:16:01,0.095,0.721,0,0,eGFP1
3747,15:16:02,0.106,0.545,0,0,eGFP1
3748,15:16:02,0.084,0.490,0,0,eGFP1
3749,15:16:03,0.095,0.754,0,0,eGFP1
3750,15:16:04,0.098,0.515,0,0,eGFP1
3751,15:16:04,0.073,0.512,0,0,eGFP1
3752,15:16:05,0.117,0.699,0,0,eGFP1
3753,15:16:05,0.106,0.644,0,0,eGFP1
3754,15:16:06,0.106,0.677,0,0,eGFP1
3755,15:16:07,0.106,0.523,0,0,eGFP1
3756,15:16:07,0.095,0.655,0,0,eGFP1
3757,15:16:08,0.172,0.753,0,0,eGFP1
3758,15:16:09,0.097,0.569,0,0,eGFP1
3759,15:16:09,0.095,0.600,0,0,eGFP1
3760,15:16:10,0.084,0.479,0,0,eGFP1
3761,15:16:10,0.096,0.655,0,0,eGFP1
3762,15:16:11,0.106,0.545,0,0,eGFP1
3763,15:16:12,0.085,0.710,0,0,eGFP1
3764,15:16:12,0.141,0.624,0,0,eGFP1
3765,15:16:13,0.084,0.490,0,0,eGFP1
3766,15:16:13,0.084,0.545,0,0,eGFP1
3767,15:16:14,0.086,0.503,0,0,eGFP1
3768,15:16:14,0.095,0.611,0,0,eGFP1
3769,15:16:15,0.095,0.512,0,0,eGFP1
3770,15:16:15,0.074,0.578,0,0,eGFP1
3771,15:16:16,0.129,0.743,0,0,eGFP1
3772,15:16:17,0.106,0.567,0,0,eGFP1
3773,15:16:17,0.085,0.524,0,0,eGFP1
3774,15:16:18,0.095,0.556,0,0,eGFP1
3775,15:16:18,0.085,0.502,0,0,eGFP1
3776,15:16:19,0.107,0.710,0,0,eGFP1
3777,15:16:20,0.107,0.535,0,0,eGFP1
3778,15:16:20,0.074,0.469,0,0,eGFP1
3779,15:16:21,0.096,0.710,0,0,eGFP1
3780,15:16:21,0.118,0.556,0,0,eGFP1
3781,15:16:22,0.085,0.480,0,0,eGFP1
3782,15:16:22,0.084,0.534,0,0,eGFP1
3783,15:16:23,0.097,0.668,0,0,eGFP1
3784,15:16:24,0.107,0.535,0,0,eGFP1
3785,15:16:24,0.073,0.457,0,0,eGFP1
3786,15:16:25,0.085,0.644,0,0,eGFP1
3787,15:16:25,0.151,0.743,0,0,eGFP1
3788,15:16:26,0.096,0.535,0,0,eGFP1
3789,15:16:27,0.095,0.655,0,0,eGFP1
3790,15:16:27,0.128,0.710,0,0,eGFP1
3791,15:16:28,0.096,0.502,0,0,eGFP1
3792,15:16:28,0.075,0.558,0,0,eGFP1
3793,15:16:29,0.117,0.655,0,0,eGFP1
3794,15:16:29,0.095,0.501,0,0,eGFP1
3795,15:16:30,0.096,0.623,0,0,eGFP1
3796,15:16:31,0.117,0.567,0,0,eGFP1
3797,15:16:31,0.073,0.458,0,0,eGFP1
3798,15:16:32,0.084,0.512,0,0,eGFP1
3799,15:16:32,0.106,0.666,0,0,eGFP1
3800,15:16:33,0.097,0.525,0,0,eGFP1
3801,15:16:33,0.073,0.468,0,0,eGFP1
3802,15:16:34,0.085,0.721,0,0,eGFP1
3803,15:16:35,0.118,0.568,0,0,eGFP1
3804,15:16:35,0.084,0.523,0,0,eGFP1
3805,15:16:36,0.096,0.688,0,0,eGFP1
3806,15:16:36,0.108,0.558,0,0,eGFP1
3807,15:16:37,0.085,0.524,0,0,eGFP1
3808,15:16:38,0.108,0.711,0,0,eGFP1
3809,15:16:38,0.107,0.535,0,0,eGFP1
3810,15:16:39,0.084,0.655,0,0,eGFP1
3811,15:16:40,0.150,0.754,0,0,eGFP1
3812,15:16:40,0.106,0.567,0,0,eGFP1
3813,15:16:41,0.085,0.557,0,0,eGFP1
3814,15:16:41,0.117,0.765,0,0,eGFP1
3815,15:16:42,0.106,0.578,0,0,eGFP1
3816,15:16:43,0.097,0.514,0,0,eGFP1
3817,15:16:43,0.096,0.666,0,0,eGFP1
3818,15:16:44,0.118,0.699,0,0,eGFP1
3819,15:16:44,0.119,0.613,0,0,eGFP1
3820,15:16:45,0.085,0.502,0,0,eGFP1
3821,15:16:46,0.106,0.841,0,0,eGFP1
3822,15:16:46,0.129,0.601,0,0,eGFP1
3823,15:16:47,0.073,0.479,0,0,eGFP1
3824,15:16:48,0.097,0.756,0,0,eGFP1
3825,15:16:48,0.150,0.677,0,0,eGFP1
3826,15:16:49,0.085,0.480,0,0,eGFP1
3827,15:16:49,0.073,0.468,0,0,eGFP1
3828,15:16:50,0.096,0.711,0,0,eGFP1
3829,15:16:51,0.117,0.556,0,0,eGFP1
3830,15:16:51,0.074,0.458,0,0,eGFP1
3831,15:16:52,0.084,0.743,0,0,eGFP1
3832,15:16:52,0.139,0.644,0,0,eGFP1
3833,15:16:53,0.088,0.483,0,0,eGFP1
3834,15:16:54,0.073,0.611,0,0,eGFP1
3835,15:16:54,0.140,0.644,0,0,eGFP1
3836,15:16:55,0.085,0.513,0,0,eGFP1
3837,15:16:55,0.096,0.644,0,0,eGFP1
3838,15:16:56,0.140,0.732,0,0,eGFP1
3839,15:16:57,0.118,0.733,0,0,eGFP1
3840,15:16:58,0.238,1.665,0,0,eGFP1
3841,15:16:59,0.108,0.568,0,0,eGFP1
3842,15:17:00,0.096,0.579,0,0,eGFP1
3843,15:17:00,0.118,0.831,0,0,eGFP1
3844,15:17:20,0.249,19.146,0,0,eGFP1
3845,15:17:22,0.305,2.621,0,0,eGFP1
3846,15:17:23,0.227,0.820,0,0,eGFP1
3847,15:17:24,0.108,0.601,0,0,eGFP1
3848,15:17:24,0.096,0.546,0,0,eGFP1
3849,15:17:25,0.075,0.426,0,0,eGFP1
3850,15:17:25,0.074,0.513,0,0,eGFP1
3851,15:17:26,0.129,0.721,0,0,eGFP1
3852,15:17:26,0.085,0.524,0,0,eGFP1
3853,15:17:27,0.096,0.513,0,0,eGFP1
3854,15:17:27,0.084,0.501,0,0,eGFP1
3855,15:17:28,0.085,0.502,0,0,eGFP1
3856,15:17:28,0.074,0.447,0,0,eGFP1
3857,15:17:29,0.086,0.492,0,0,eGFP1
3858,15:17:29,0.085,0.480,0,0,eGFP1
3859,15:17:30,0.074,0.403,0,0,eGFP1
3860,15:17:30,0.074,0.513,0,0,eGFP1
3861,15:17:31,0.097,0.503,0,0,eGFP1
3862,15:17:31,0.074,0.425,0,0,eGFP1
3863,15:17:32,0.074,0.469,0,0,eGFP1
3864,15:17:32,0.095,0.655,0,0,eGFP1
3865,15:17:33,0.085,0.469,0,0,eGFP1
3866,15:17:33,0.075,0.481,0,0,eGFP1
3867,15:17:34,0.085,0.590,0,0,eGFP1
3868,15:17:34,0.085,0.480,0,0,eGFP1
3869,15:17:35,0.085,0.469,0,0,eGFP1
3870,15:17:35,0.095,0.655,0,0,eGFP1
3871,15:17:36,0.107,0.502,0,0,eGFP1
3872,15:17:36,0.074,0.513,0,0,eGFP1
3873,15:17:37,0.096,0.513,0,0,eGFP1
3874,15:17:37,0.075,0.426,0,0,eGFP1
3875,15:17:38,0.086,0.547,0,0,eGFP1
3876,15:17:38,0.107,0.612,0,0,eGFP1
3877,15:17:39,0.084,0.480,0,0,eGFP1
3878,15:17:39,0.073,0.490,0,0,eGFP1
3879,15:17:40,0.096,0.656,0,0,eGFP1
3880,15:17:41,0.107,0.502,0,0,eGFP1
3881,15:17:41,0.074,0.480,0,0,eGFP1
3882,15:17:42,0.086,0.547,0,0,eGFP1
3883,15:17:42,0.085,0.546,0,0,eGFP1
3884,15:17:43,0.085,0.469,0,0,eGFP1
3885,15:17:43,0.084,0.512,0,0,eGFP1
3886,15:17:44,0.107,0.601,0,0,eGFP1
3887,15:17:44,0.074,0.469,0,0,eGFP1
3888,15:17:45,0.085,0.480,0,0,eGFP1
3889,15:17:45,0.097,0.613,0,0,eGFP1
3890,15:17:46,0.097,0.514,0,0,eGFP1
3891,15:17:46,0.085,0.535,0,0,eGFP1
3892,15:17:47,0.107,0.568,0,0,eGFP1
3893,15:17:47,0.074,0.458,0,0,eGFP1
3894,15:17:48,0.096,0.688,0,0,eGFP1
3895,15:17:49,0.107,0.524,0,0,eGFP1
3896,15:17:49,0.074,0.469,0,0,eGFP1
3897,15:17:50,0.085,0.513,0,0,eGFP1
3898,15:17:50,0.096,0.535,0,0,eGFP1
3899,15:17:51,0.086,0.481,0,0,eGFP1
3900,15:17:51,0.085,0.535,0,0,eGFP1
3901,15:17:52,0.118,0.667,0,0,eGFP1
3902,15:17:52,0.097,0.492,0,0,eGFP1
3903,15:17:53,0.074,0.480,0,0,eGFP1
3904,15:17:54,0.118,0.810,0,0,eGFP1
3905,15:17:54,0.117,0.556,0,0,eGFP1
3906,15:17:55,0.086,0.492,0,0,eGFP1
3907,15:17:55,0.097,0.789,0,0,eGFP1
3908,15:17:56,0.118,0.557,0,0,eGFP1
3909,15:17:57,0.096,0.556,0,0,eGFP1
3910,15:17:57,0.107,0.645,0,0,eGFP1
3911,15:17:58,0.096,0.546,0,0,eGFP1
3912,15:17:58,0.085,0.491,0,0,eGFP1
3913,15:17:59,0.085,0.623,0,0,eGFP1
3914,15:17:59,0.096,0.524,0,0,eGFP1
3915,15:18:00,0.075,0.503,0,0,eGFP1
3916,15:18:01,0.108,0.778,0,0,eGFP1
3917,15:18:01,0.118,0.546,0,0,eGFP1
3918,15:18:02,0.085,0.546,0,0,eGFP1
3919,15:18:02,0.107,0.590,0,0,eGFP1
3920,15:18:03,0.096,0.535,0,0,eGFP1
3921,15:18:03,0.085,0.567,0,0,eGFP1
3922,15:18:04,0.118,0.788,0,0,eGFP1
3923,15:18:05,0.141,0.690,0,0,eGFP1
3924,15:18:05,0.085,0.513,0,0,eGFP1
3925,15:18:06,0.074,0.480,0,0,eGFP1
3926,15:18:07,0.085,0.656,0,0,eGFP1
3927,15:18:07,0.129,0.677,0,0,eGFP1
3928,15:18:08,0.096,0.502,0,0,eGFP1
3929,15:18:08,0.086,0.579,0,0,eGFP1
3930,15:18:09,0.120,0.646,0,0,eGFP1
3931,15:18:10,0.097,0.536,0,0,eGFP1
3932,15:18:10,0.097,0.635,0,0,eGFP1
3933,15:18:11,0.107,0.622,0,0,eGFP1
3934,15:18:11,0.097,0.612,0,0,eGFP1
3935,15:18:12,0.096,0.524,0,0,eGFP1
3936,15:18:13,0.085,0.634,0,0,eGFP1
3937,15:18:13,0.107,0.568,0,0,eGFP1
3938,15:18:14,0.085,0.513,0,0,eGFP1
3939,15:18:14,0.096,0.634,0,0,eGFP1
3940,15:18:15,0.108,0.657,0,0,eGFP1
3941,15:18:15,0.096,0.546,0,0,eGFP1
3942,15:18:16,0.096,0.502,0,0,eGFP1
3943,15:18:17,0.085,0.623,0,0,eGFP1
3944,15:18:17,0.120,0.613,0,0,eGFP1
3945,15:18:18,0.097,0.568,0,0,eGFP1
3946,15:18:19,0.108,0.744,0,0,eGFP1
3947,15:18:19,0.118,0.678,0,0,eGFP1
3948,15:18:20,0.108,0.635,0,0,eGFP1
3949,15:18:21,0.118,0.700,0,0,eGFP1
3950,15:18:21,0.118,0.590,0,0,eGFP1
3951,15:18:22,0.096,0.524,0,0,eGFP1
3952,15:18:22,0.096,0.645,0,0,eGFP1
3953,15:18:23,0.118,0.601,0,0,eGFP1
3954,15:18:23,0.085,0.469,0,0,eGFP1
3955,15:18:24,0.085,0.678,0,0,eGFP1
3956,15:18:25,0.141,0.668,0,0,eGFP1
3957,15:18:25,0.107,0.667,0,0,eGFP1
3958,15:18:26,0.141,0.723,0,0,eGFP1
3959,15:18:27,0.096,0.633,0,0,eGFP1
3960,15:18:27,0.097,0.601,0,0,eGFP1
3961,15:18:28,0.097,0.492,0,0,eGFP1
3962,15:18:28,0.074,0.502,0,0,eGFP1
3963,15:18:29,0.107,0.700,0,0,eGFP1
3964,15:18:30,0.118,0.557,0,0,eGFP1
3965,15:18:30,0.075,0.811,0,0,eGFP1
3966,15:18:31,0.173,0.776,0,0,eGFP1
3967,15:18:32,0.108,0.514,0,0,eGFP1
3968,15:18:32,0.085,0.557,0,0,eGFP1
3969,15:18:33,0.118,0.678,0,0,eGFP1
3970,15:18:33,0.107,0.546,0,0,eGFP1
3971,15:18:34,0.085,0.557,0,0,eGFP1
3972,15:18:35,0.098,0.701,0,0,eGFP1
3973,15:18:35,0.142,0.647,0,0,eGFP1
3974,15:18:36,0.085,0.480,0,0,eGFP1
3975,15:18:37,0.085,0.787,0,0,eGFP1
3976,15:18:37,0.141,0.656,0,0,eGFP1
3977,15:18:38,0.086,0.492,0,0,eGFP1
3978,15:18:38,0.085,0.645,0,0,eGFP1
3979,15:18:39,0.118,0.612,0,0,eGFP1
3980,15:18:40,0.085,0.502,0,0,eGFP1
3981,15:18:40,0.086,0.613,0,0,eGFP1
3982,15:18:41,0.140,0.733,0,0,eGFP1
3983,15:18:41,0.107,0.579,0,0,eGFP1
3984,15:18:42,0.118,0.678,0,0,eGFP1
3985,15:18:43,0.098,0.536,0,0,eGFP1
3986,15:18:43,0.086,0.514,0,0,eGFP1
3987,15:18:44,0.096,0.579,0,0,eGFP1
3988,15:18:44,0.096,0.502,0,0,eGFP1
3989,15:18:45,0.085,0.667,0,0,eGFP1
3990,15:18:46,0.117,0.644,0,0,eGFP1
3991,15:18:53,0.151,7.569,0,0,eGFP1
3992,15:18:54,0.206,0.821,0,0,eGFP1
3993,15:18:54,0.206,0.403,0,0,eGFP1
3994,15:18:57,0.426,2.303,0,0,eGFP1
3995,15:18:57,0.129,0.656,0,0,eGFP1
3996,15:18:58,0.107,0.546,0,0,eGFP1
3997,15:18:58,0.074,0.502,0,0,eGFP1
3998,15:18:59,0.087,0.471,0,0,eGFP1
3999,15:18:59,0.076,0.471,0,0,eGFP1
4000,15:19:00,0.096,0.546,0,0,eGFP1
4001,15:19:00,0.085,0.425,0,0,eGFP1
4002,15:19:01,0.064,0.404,0,0,eGFP1
4003,15:19:01,0.074,0.568,0,0,eGFP1
4004,15:19:02,0.097,0.525,0,0,eGFP1
4005,15:19:02,0.085,0.458,0,0,eGFP1
4006,15:19:03,0.076,0.526,0,0,eGFP1
4007,15:19:03,0.096,0.546,0,0,eGFP1
4008,15:19:04,0.074,0.458,0,0,eGFP1
4009,15:19:04,0.086,0.580,0,0,eGFP1
4010,15:19:05,0.107,0.535,0,0,eGFP1
4011,15:19:05,0.085,0.491,0,0,eGFP1
4012,15:19:06,0.086,0.514,0,0,eGFP1
4013,15:19:07,0.097,0.679,0,0,eGFP1
4014,15:19:07,0.109,0.537,0,0,eGFP1
4015,15:19:08,0.074,0.447,0,0,eGFP1
4016,15:19:08,0.097,0.689,0,0,eGFP1
4017,15:19:09,0.108,0.514,0,0,eGFP1
4018,15:19:09,0.074,0.480,0,0,eGFP1
4019,15:19:10,0.107,0.645,0,0,eGFP1
4020,15:19:10,0.086,0.481,0,0,eGFP1
4021,15:19:11,0.085,0.535,0,0,eGFP1
4022,15:19:12,0.096,0.678,0,0,eGFP1
4023,15:19:12,0.131,0.679,0,0,eGFP1
4024,15:19:13,0.097,0.580,0,0,eGFP1
4025,15:19:13,0.107,0.568,0,0,eGFP1
4026,15:19:14,0.085,0.524,0,0,eGFP1
4027,15:19:15,0.098,0.647,0,0,eGFP1
4028,15:19:15,0.119,0.613,0,0,eGFP1
4029,15:19:16,0.074,0.513,0,0,eGFP1
4030,15:19:16,0.094,0.753,0,0,eGFP1
4031,15:19:17,0.140,0.688,0,0,eGFP1
4032,15:19:18,0.095,0.490,0,0,eGFP1
4033,15:19:18,0.083,0.456,0,0,eGFP1
4034,15:19:19,0.084,0.665,0,0,eGFP1
4035,15:19:19,0.139,0.742,0,0,eGFP1
4036,15:19:20,0.117,0.698,0,0,eGFP1
4037,15:19:21,0.106,0.698,0,0,eGFP1
4038,15:19:22,0.127,0.654,0,0,eGFP1
4039,15:19:22,0.096,0.491,0,0,eGFP1
4040,15:19:23,0.084,0.468,0,0,eGFP1
4041,15:19:23,0.095,0.732,0,0,eGFP1
4042,15:19:24,0.116,0.555,0,0,eGFP1
4043,15:19:24,0.084,0.512,0,0,eGFP1
4044,15:19:25,0.105,0.654,0,0,eGFP1
4045,15:19:25,0.083,0.500,0,0,eGFP1
4046,15:19:26,0.106,0.698,0,0,eGFP1
4047,15:19:27,0.107,0.557,0,0,eGFP1
4048,15:19:27,0.083,0.544,0,0,eGFP1
4049,15:19:28,0.095,0.676,0,0,eGFP1
4050,15:19:29,0.117,0.655,0,0,eGFP1
4051,15:19:29,0.105,0.720,0,0,eGFP1
4052,15:19:30,0.116,0.599,0,0,eGFP1
4053,15:19:30,0.094,0.533,0,0,eGFP1
4054,15:19:31,0.095,0.578,0,0,eGFP1
4055,15:19:32,0.085,0.644,0,0,eGFP1
4056,15:19:32,0.140,0.700,0,0,eGFP1
4057,15:19:33,0.083,0.522,0,0,eGFP1
4058,15:19:33,0.095,0.555,0,0,eGFP1
4059,15:19:34,0.106,0.534,0,0,eGFP1
4060,15:19:34,0.083,0.468,0,0,eGFP1
4061,15:19:35,0.083,0.489,0,0,eGFP1
4062,15:19:36,0.095,0.797,0,0,eGFP1
4063,15:19:36,0.138,0.709,0,0,eGFP1
4064,15:19:37,0.118,0.678,0,0,eGFP1
4065,15:19:38,0.105,0.632,0,0,eGFP1
4066,15:19:38,0.105,0.555,0,0,eGFP1
4067,15:19:39,0.117,0.742,0,0,eGFP1
4068,15:19:40,0.106,0.545,0,0,eGFP1
4069,15:19:40,0.081,0.553,0,0,eGFP1
4070,15:19:41,0.105,0.632,0,0,eGFP1
4071,15:19:41,0.116,0.621,0,0,eGFP1
4072,15:19:42,0.096,0.546,0,0,eGFP1
4073,15:19:43,0.117,0.764,0,0,eGFP1
4074,15:19:43,0.106,0.589,0,0,eGFP1
4075,15:19:44,0.105,0.709,0,0,eGFP1
4076,15:19:45,0.116,0.555,0,0,eGFP1
4077,15:19:45,0.084,0.632,0,0,eGFP1
4078,15:19:46,0.161,0.764,0,0,eGFP1
4079,15:19:47,0.095,0.600,0,0,eGFP1
4080,15:19:47,0.118,0.688,0,0,eGFP1
4081,15:19:48,0.106,0.512,0,0,eGFP1
4082,15:19:48,0.085,0.480,0,0,eGFP1
4083,15:19:49,0.094,0.588,0,0,eGFP1
4084,15:19:49,0.106,0.589,0,0,eGFP1
4085,15:19:50,0.083,0.500,0,0,eGFP1
4086,15:19:51,0.106,0.863,0,0,eGFP1
4087,15:19:51,0.139,0.643,0,0,eGFP1
4088,15:19:52,0.073,0.468,0,0,eGFP1
4089,15:19:53,0.085,0.722,0,0,eGFP1
4090,15:19:53,0.138,0.687,0,0,eGFP1
4091,15:19:54,0.106,0.676,0,0,eGFP1
4092,15:19:55,0.139,0.688,0,0,eGFP1
4093,15:19:55,0.083,0.544,0,0,eGFP1
4094,15:19:56,0.095,0.632,0,0,eGFP1
4095,15:19:56,0.117,0.666,0,0,eGFP1
4096,15:19:57,0.096,0.535,0,0,eGFP1
4097,15:19:58,0.118,0.699,0,0,eGFP1
4098,15:19:58,0.106,0.698,0,0,eGFP1
4099,15:19:59,0.589,0.797,0,0,eGFP1
4100,15:20:06,5.681,6.416,0,0,eGFP1
4101,15:20:07,0.149,0.951,0,0,eGFP1
4102,15:20:07,0.105,0.588,0,0,eGFP1
4103,15:20:08,0.106,0.665,0,0,eGFP1
4104,15:20:08,0.095,0.479,0,0,eGFP1
4105,15:20:09,0.074,0.535,0,0,eGFP1
4106,15:20:10,0.106,0.654,0,0,eGFP1
4107,15:20:10,0.095,0.501,0,0,eGFP1
4108,15:20:10,0.084,0.479,0,0,eGFP1
4109,15:20:11,0.084,0.468,0,0,eGFP1
4110,15:20:12,0.085,0.645,0,0,eGFP1
4111,15:20:12,0.149,0.676,0,0,eGFP1
4112,15:20:13,0.084,0.533,0,0,eGFP1
4113,15:20:14,0.118,0.755,0,0,eGFP1
4114,15:20:14,0.128,0.610,0,0,eGFP1
4115,15:20:15,0.084,0.523,0,0,eGFP1
4116,15:20:15,0.095,0.775,0,0,eGFP1
4117,15:20:16,0.117,0.567,0,0,eGFP1
4118,15:20:17,0.084,0.468,0,0,eGFP1
4119,15:20:17,0.084,0.632,0,0,eGFP1
4120,15:20:18,0.106,0.523,0,0,eGFP1
4121,15:20:18,0.084,0.479,0,0,eGFP1
4122,15:20:19,0.096,0.688,0,0,eGFP1
4123,15:20:19,0.106,0.534,0,0,eGFP1
4124,15:20:20,0.096,0.579,0,0,eGFP1
4125,15:20:20,0.095,0.545,0,0,eGFP1
4126,15:20:21,0.095,0.654,0,0,eGFP1
4127,15:20:22,0.117,0.600,0,0,eGFP1
4128,15:20:22,0.095,0.643,0,0,eGFP1
4129,15:20:24,0.139,1.116,0,0,eGFP1
4130,15:20:26,0.348,2.323,0,0,eGFP1
4131,15:20:26,0.095,0.622,0,0,eGFP1
4132,15:20:27,0.106,0.655,0,0,eGFP1
4133,15:20:28,0.094,0.478,0,0,eGFP1
4134,15:20:28,0.073,0.446,0,0,eGFP1
4135,15:20:29,0.073,0.545,0,0,eGFP1
4136,15:20:29,0.117,0.567,0,0,eGFP1
4137,15:20:30,0.084,0.446,0,0,eGFP1
4138,15:20:30,0.086,0.679,0,0,eGFP1
4139,15:20:31,0.106,0.567,0,0,eGFP1
4140,15:20:31,0.083,0.599,0,0,eGFP1
4141,15:20:32,0.095,0.567,0,0,eGFP1
4142,15:20:33,0.106,0.665,0,0,eGFP1
4143,15:20:33,0.128,0.600,0,0,eGFP1
4144,15:20:34,0.095,0.589,0,0,eGFP1
4145,15:20:34,0.095,0.490,0,0,eGFP1
4146,15:20:35,0.074,0.447,0,0,eGFP1
4147,15:20:35,0.095,0.698,0,0,eGFP1
4148,15:20:36,0.106,0.556,0,0,eGFP1
4149,15:20:37,0.073,0.468,0,0,eGFP1
4150,15:20:37,0.073,0.709,0,0,eGFP1
4151,15:20:38,0.139,0.622,0,0,eGFP1
4152,15:20:38,0.085,0.579,0,0,eGFP1
4153,15:20:39,0.150,0.721,0,0,eGFP1
4154,15:20:40,0.083,0.577,0,0,eGFP1
4155,15:20:40,0.108,0.678,0,0,eGFP1
4156,15:20:41,0.106,0.512,0,0,eGFP1
4157,15:20:41,0.084,0.479,0,0,eGFP1
4158,15:20:42,0.073,0.479,0,0,eGFP1
4159,15:20:42,0.084,0.523,0,0,eGFP1
4160,15:20:43,0.117,0.622,0,0,eGFP1
4161,15:20:44,0.094,0.511,0,0,eGFP1
4162,15:20:44,0.095,0.732,0,0,eGFP1
4163,15:20:45,0.118,0.612,0,0,eGFP1
4164,15:20:46,0.106,0.742,0,0,eGFP1
4165,15:20:46,0.129,0.590,0,0,eGFP1
4166,15:20:47,0.073,0.457,0,0,eGFP1
4167,15:20:47,0.084,0.600,0,0,eGFP1
4168,15:20:48,0.117,0.644,0,0,eGFP1
4169,15:20:48,0.095,0.512,0,0,eGFP1
4170,15:20:49,0.084,0.479,0,0,eGFP1
4171,15:20:50,0.096,0.787,0,0,eGFP1
4172,15:20:50,0.128,0.644,0,0,eGFP1
4173,15:20:51,0.095,0.589,0,0,eGFP1
4174,15:20:52,0.106,0.632,0,0,eGFP1
4175,15:20:52,0.084,0.512,0,0,eGFP1
4176,15:20:53,0.095,0.655,0,0,eGFP1
4177,15:20:53,0.106,0.578,0,0,eGFP1
4178,15:20:54,0.095,0.534,0,0,eGFP1
4179,15:20:54,0.097,0.635,0,0,eGFP1
4180,15:20:55,0.095,0.567,0,0,eGFP1
4181,15:20:56,0.084,0.545,0,0,eGFP1
4182,15:20:56,0.084,0.523,0,0,eGFP1
4183,15:20:57,0.095,0.545,0,0,eGFP1
4184,15:20:57,0.084,0.545,0,0,eGFP1
4185,15:20:58,0.095,0.534,0,0,eGFP1
4186,15:20:58,0.095,0.567,0,0,eGFP1
4187,15:20:59,0.106,0.775,0,0,eGFP1
4188,15:21:00,0.118,0.700,0,0,eGFP1
4189,15:21:01,0.128,0.775,0,0,eGFP1
4190,15:21:01,0.139,0.710,0,0,eGFP1
4191,15:21:02,0.106,0.556,0,0,eGFP1
4192,15:21:02,0.095,0.589,0,0,eGFP1
4193,15:21:03,0.096,0.667,0,0,eGFP1
4194,15:21:04,0.128,0.676,0,0,eGFP1
4195,15:21:04,0.095,0.502,0,0,eGFP1
4196,15:21:05,0.074,0.535,0,0,eGFP1
4197,15:21:06,0.128,0.786,0,0,eGFP1
4198,15:21:06,0.117,0.633,0,0,eGFP1
4199,15:21:07,0.106,0.754,0,0,eGFP1
4200,15:21:08,0.150,0.632,0,0,eGFP1
4201,15:21:08,0.073,0.447,0,0,eGFP1
4202,15:21:09,0.095,0.720,0,0,eGFP1
4203,15:21:09,0.117,0.578,0,0,eGFP1
4204,15:21:10,0.097,0.634,0,0,eGFP1
4205,15:21:11,0.139,0.666,0,0,eGFP1
4206,15:21:11,0.095,0.556,0,0,eGFP1
4207,15:21:12,0.096,0.579,0,0,eGFP1
4208,15:21:12,0.095,0.534,0,0,eGFP1
4209,15:21:13,0.095,0.688,0,0,eGFP1
4210,15:21:14,0.128,0.611,0,0,eGFP1
4211,15:21:14,0.084,0.490,0,0,eGFP1
4212,15:21:15,0.086,0.744,0,0,eGFP1
4213,15:21:16,0.161,0.743,0,0,eGFP1
4214,15:21:16,0.106,0.655,0,0,eGFP1
4215,15:21:17,0.117,0.556,0,0,eGFP1
4216,15:21:17,0.073,0.490,0,0,eGFP1
4217,15:21:18,0.095,0.534,0,0,eGFP1
4218,15:21:18,0.095,0.567,0,0,eGFP1
4219,15:21:19,0.106,0.600,0,0,eGFP1
4220,15:21:20,0.106,0.655,0,0,eGFP1
4221,15:21:20,0.108,0.558,0,0,eGFP1
4222,15:21:21,0.096,0.545,0,0,eGFP1
4223,15:21:21,0.085,0.611,0,0,eGFP1
4224,15:21:22,0.161,0.765,0,0,eGFP1
4225,15:21:23,0.095,0.655,0,0,eGFP1
4226,15:21:24,0.139,0.907,0,0,eGFP1
4227,15:21:24,0.139,0.666,0,0,eGFP1
4228,15:21:25,0.084,0.512,0,0,eGFP1
4229,15:21:25,0.086,0.514,0,0,eGFP1
4230,15:21:26,0.084,0.534,0,0,eGFP1
4231,15:21:27,0.106,0.731,0,0,eGFP1
4232,15:21:27,0.139,0.688,0,0,eGFP1
4233,15:21:28,0.084,0.490,0,0,eGFP1
4234,15:21:28,0.085,0.655,0,0,eGFP1
4235,15:21:29,0.119,0.700,0,0,eGFP1
4236,15:21:30,0.096,0.556,0,0,eGFP1
4237,15:21:30,0.097,0.591,0,0,eGFP1
4238,15:21:31,0.095,0.644,0,0,eGFP1
4239,15:21:32,0.106,0.578,0,0,eGFP1
4240,15:21:32,0.095,0.523,0,0,eGFP1
4241,15:21:33,0.084,0.512,0,0,eGFP1
4242,15:21:33,0.106,0.853,0,0,eGFP1
4243,15:21:34,0.117,0.589,0,0,eGFP1
4244,15:21:35,0.095,0.644,0,0,eGFP1
4245,15:21:35,0.128,0.666,0,0,eGFP1
4246,15:21:36,0.085,0.557,0,0,eGFP1
4247,15:21:37,0.117,0.677,0,0,eGFP1
4248,15:21:37,0.097,0.547,0,0,eGFP1
4249,15:21:38,0.084,0.545,0,0,eGFP1
4250,15:21:38,0.095,0.655,0,0,eGFP1
4251,15:21:39,0.106,0.677,0,0,eGFP1
4252,15:21:40,0.106,0.688,0,0,eGFP1
4253,15:21:40,0.117,0.655,0,0,eGFP1
4254,15:21:41,0.096,0.590,0,0,eGFP1
4255,15:21:41,0.106,0.567,0,0,eGFP1
4256,15:21:42,0.095,0.567,0,0,eGFP1
4257,15:21:43,0.107,0.677,0,0,eGFP1
4258,15:21:43,0.139,0.710,0,0,eGFP1
4259,15:21:44,0.095,0.545,0,0,eGFP1
4260,15:21:44,0.085,0.480,0,0,eGFP1
4261,15:21:45,0.084,0.567,0,0,eGFP1
4262,15:21:46,0.153,0.888,0,0,eGFP1
4263,15:21:46,0.117,0.589,0,0,eGFP1
4264,15:21:47,0.096,0.721,0,0,eGFP1
4265,15:21:48,0.150,0.918,0,0,eGFP1
4266,15:21:49,0.140,0.677,0,0,eGFP1
4267,15:21:50,0.096,0.699,0,0,eGFP1
4268,15:21:50,0.129,0.611,0,0,eGFP1
4269,15:21:51,0.085,0.524,0,0,eGFP1
4270,15:21:51,0.096,0.733,0,0,eGFP1
4271,15:21:52,0.117,0.655,0,0,eGFP1
4272,15:21:53,0.106,0.600,0,0,eGFP1
4273,15:21:53,0.106,0.534,0,0,eGFP1
4274,15:21:54,0.085,0.623,0,0,eGFP1
4275,15:21:55,0.139,0.720,0,0,eGFP1
4276,15:21:55,0.119,0.635,0,0,eGFP1
4277,15:21:56,0.106,0.655,0,0,eGFP1
4278,15:21:56,0.095,0.512,0,0,eGFP1
4279,15:21:57,0.086,0.525,0,0,eGFP1
4280,15:21:58,0.095,0.754,0,0,eGFP1
4281,15:21:58,0.139,0.721,0,0,eGFP1
4282,15:21:59,0.095,0.578,0,0,eGFP1
4283,15:21:59,0.095,0.600,0,0,eGFP1
4284,15:22:00,0.106,0.765,0,0,eGFP1
4285,15:22:01,0.128,0.644,0,0,eGFP1
4286,15:22:01,0.084,0.501,0,0,eGFP1
4287,15:22:02,0.086,0.613,0,0,eGFP1
4288,15:22:03,0.161,0.875,0,0,eGFP1
4289,15:22:03,0.117,0.589,0,0,eGFP1
4290,15:22:04,0.086,0.503,0,0,eGFP1
4291,15:22:05,0.095,0.611,0,0,eGFP1
4292,15:22:05,0.128,0.666,0,0,eGFP1
4293,15:22:06,0.084,0.512,0,0,eGFP1
4294,15:22:06,0.096,0.667,0,0,eGFP1
4295,15:22:07,0.118,0.579,0,0,eGFP1
4296,15:22:08,0.085,0.535,0,0,eGFP1
4297,15:22:08,0.117,0.918,0,0,eGFP1
4298,15:22:09,0.129,0.634,0,0,eGFP1
4299,15:22:10,0.095,0.589,0,0,eGFP1
4300,15:22:10,0.117,0.743,0,0,eGFP1
4301,15:22:11,0.117,0.688,0,0,eGFP1
4302,15:22:12,0.095,0.523,0,0,eGFP1
4303,15:22:12,0.086,0.492,0,0,eGFP1
4304,15:22:13,0.097,0.734,0,0,eGFP1
4305,15:22:13,0.128,0.622,0,0,eGFP1
4306,15:22:14,0.085,0.502,0,0,eGFP1
4307,15:22:15,0.095,0.523,0,0,eGFP1
4308,15:22:15,0.085,0.688,0,0,eGFP1
4309,15:22:16,0.162,0.721,0,0,eGFP1
4310,15:22:16,0.085,0.502,0,0,eGFP1
4311,15:22:17,0.107,0.699,0,0,eGFP1
4312,15:22:18,0.119,0.635,0,0,eGFP1
4313,15:22:18,0.095,0.556,0,0,eGFP1
4314,15:22:19,0.096,0.601,0,0,eGFP1
4315,15:22:20,0.117,0.732,0,0,eGFP1
4316,15:22:20,0.117,0.567,0,0,eGFP1
4317,15:22:21,0.085,0.721,0,0,eGFP1
4318,15:22:22,0.141,0.701,0,0,eGFP1
4319,15:22:22,0.095,0.512,0,0,eGFP1
4320,15:22:23,0.086,0.503,0,0,eGFP1
4321,15:22:23,0.107,0.787,0,0,eGFP1
4322,15:22:24,0.107,0.546,0,0,eGFP1
4323,15:22:25,0.085,0.524,0,0,eGFP1
4324,15:22:25,0.117,0.776,0,0,eGFP1
4325,15:22:26,0.117,0.578,0,0,eGFP1
4326,15:22:26,0.085,0.524,0,0,eGFP1
4327,15:22:27,0.106,0.776,0,0,eGFP1
4328,15:22:28,0.130,0.591,0,0,eGFP1
4329,15:22:28,0.084,0.611,0,0,eGFP1
4330,15:22:29,0.140,0.831,0,0,eGFP1
4331,15:22:30,0.119,0.646,0,0,eGFP1
4332,15:22:31,0.117,0.743,0,0,eGFP1
4333,15:22:31,0.161,0.886,0,0,eGFP1
4334,15:22:32,0.117,0.589,0,0,eGFP1
4335,15:22:33,0.096,0.513,0,0,eGFP1
4336,15:22:33,0.086,0.558,0,0,eGFP1
4337,15:22:34,0.128,0.875,0,0,eGFP1
4338,15:22:35,0.106,0.545,0,0,eGFP1
4339,15:22:35,0.085,0.634,0,0,eGFP1
4340,15:22:36,0.161,0.830,0,0,eGFP1
4341,15:22:37,0.107,0.601,0,0,eGFP1
4342,15:22:37,0.096,0.666,0,0,eGFP1
4343,15:22:38,0.129,0.733,0,0,eGFP1
4344,15:22:39,0.106,0.611,0,0,eGFP1
4345,15:22:39,0.109,0.790,0,0,eGFP1
4346,15:22:40,0.117,0.556,0,0,eGFP1
4347,15:22:40,0.085,0.502,0,0,eGFP1
4348,15:22:44,0.107,3.289,0,0,eGFP1
4349,15:22:44,0.118,0.579,0,0,eGFP1
4350,15:22:45,0.085,0.535,0,0,eGFP1
4351,15:22:46,0.117,0.655,0,0,eGFP1
4352,15:22:46,0.085,0.491,0,0,eGFP1
4353,15:22:47,0.086,0.635,0,0,eGFP1
4354,15:22:47,0.117,0.633,0,0,eGFP1
4355,15:22:48,0.074,0.458,0,0,eGFP1
4356,15:22:48,0.074,0.634,0,0,eGFP1
4357,15:22:49,0.117,0.622,0,0,eGFP1
4358,15:22:49,0.085,0.491,0,0,eGFP1
4359,15:22:50,0.097,0.657,0,0,eGFP1
4360,15:22:51,0.128,0.710,0,0,eGFP1
4361,15:22:52,0.119,0.767,0,0,eGFP1
4362,15:22:52,0.128,0.699,0,0,eGFP1
4363,15:22:53,0.096,0.535,0,0,eGFP1
4364,15:22:53,0.096,0.578,0,0,eGFP1
4365,15:22:54,0.118,0.821,0,0,eGFP1
4366,15:22:55,0.128,0.776,0,0,eGFP1
4367,15:22:56,0.150,0.919,0,0,eGFP1
4368,15:22:57,0.150,0.732,0,0,eGFP1
4369,15:22:57,0.097,0.503,0,0,eGFP1
4370,15:23:00,0.085,2.532,0,0,eGFP1
4371,15:23:00,0.118,0.535,0,0,eGFP1
4372,15:23:01,0.085,0.458,0,0,eGFP1
4373,15:23:01,0.086,0.602,0,0,eGFP1
4374,15:23:02,0.107,0.656,0,0,eGFP1
4375,15:23:03,0.106,0.534,0,0,eGFP1
4376,15:23:03,0.074,0.447,0,0,eGFP1
4377,15:23:04,0.085,0.645,0,0,eGFP1
4378,15:23:04,0.119,0.591,0,0,eGFP1
4379,15:23:05,0.096,0.601,0,0,eGFP1
4380,15:23:05,0.128,0.677,0,0,eGFP1
4381,15:23:06,0.096,0.491,0,0,eGFP1
4382,15:23:07,0.085,0.590,0,0,eGFP1
4383,15:23:07,0.129,0.820,0,0,eGFP1
4384,15:23:08,0.118,0.579,0,0,eGFP1
4385,15:23:08,0.085,0.502,0,0,eGFP1
4386,15:23:09,0.086,0.668,0,0,eGFP1
4387,15:23:10,0.119,0.569,0,0,eGFP1
4388,15:23:10,0.085,0.502,0,0,eGFP1
4389,15:23:11,0.107,0.743,0,0,eGFP1
4390,15:23:11,0.107,0.535,0,0,eGFP1
4391,15:23:12,0.074,0.436,0,0,eGFP1
4392,15:23:13,0.085,0.656,0,0,eGFP1
4393,15:23:13,0.140,0.710,0,0,eGFP1
4394,15:23:14,0.097,0.635,0,0,eGFP1
4395,15:23:15,0.118,0.711,0,0,eGFP1
4396,15:23:15,0.096,0.513,0,0,eGFP1
4397,15:23:16,0.085,0.502,0,0,eGFP1
4398,15:23:16,0.107,0.743,0,0,eGFP1
4399,15:23:17,0.118,0.557,0,0,eGFP1
4400,15:23:17,0.074,0.513,0,0,eGFP1
4401,15:23:18,0.108,0.800,0,0,eGFP1
4402,15:23:19,0.130,0.613,0,0,eGFP1
4403,15:23:19,0.085,0.502,0,0,eGFP1
4404,15:23:20,0.085,0.820,0,0,eGFP1
4405,15:23:21,0.140,0.765,0,0,eGFP1
4406,15:23:22,0.118,0.700,0,0,eGFP1
4407,15:23:22,0.118,0.656,0,0,eGFP1
4408,15:23:23,0.096,0.524,0,0,eGFP1
4409,15:23:23,0.085,0.524,0,0,eGFP1
4410,15:23:24,0.096,0.732,0,0,eGFP1
4411,15:23:25,0.141,0.657,0,0,eGFP1
4412,15:23:25,0.085,0.513,0,0,eGFP1
4413,15:23:26,0.096,0.722,0,0,eGFP1
4414,15:23:27,0.130,0.624,0,0,eGFP1
4415,15:23:27,0.096,0.524,0,0,eGFP1
4416,15:23:28,0.085,0.557,0,0,eGFP1
4417,15:23:28,0.107,0.666,0,0,eGFP1
4418,15:23:29,0.096,0.513,0,0,eGFP1
4419,15:23:29,0.076,0.493,0,0,eGFP1
4420,15:23:30,0.107,1.040,0,0,eGFP1
4421,15:23:31,0.315,1.072,0,0,eGFP1
4422,15:23:32,0.107,0.634,0,0,eGFP1
4423,15:23:33,0.151,1.040,0,0,eGFP1
4424,15:23:34,0.118,0.546,0,0,eGFP1
4425,15:23:34,0.096,0.700,0,0,eGFP1
4426,15:23:35,0.172,0.820,0,0,eGFP1
4427,15:23:36,0.130,0.800,0,0,eGFP1
4428,15:23:37,0.130,0.723,0,0,eGFP1
4429,15:23:37,0.107,0.535,0,0,eGFP1
4430,15:23:38,0.085,0.622,0,0,eGFP1
4431,15:23:39,0.162,0.909,0,0,eGFP1
4432,15:23:39,0.107,0.546,0,0,eGFP1
4433,15:23:40,0.074,0.502,0,0,eGFP1
4434,15:23:40,0.107,0.579,0,0,eGFP1
4435,15:23:41,0.097,0.602,0,0,eGFP1
4436,15:23:42,0.118,0.908,0,0,eGFP1
4437,15:23:43,0.228,1.040,0,0,eGFP1
4438,15:23:44,0.129,0.557,0,0,eGFP1
4439,15:23:44,0.085,0.469,0,0,eGFP1
4440,15:23:45,0.096,0.886,0,0,eGFP1
4441,15:23:46,0.130,0.689,0,0,eGFP1
4442,15:23:46,0.109,0.712,0,0,eGFP1
4443,15:23:47,0.107,0.546,0,0,eGFP1
4444,15:23:47,0.087,0.504,0,0,eGFP1
4445,15:23:48,0.085,0.590,0,0,eGFP1
4446,15:23:49,0.151,1.051,0,0,eGFP1
4447,15:25:58,0.216,128.667,0,0,eGFP1
4448,15:25:58,0.130,0.777,0,0,eGFP1
4449,15:25:59,0.272,0.436,0,0,eGFP1
4450,15:26:01,0.568,2.653,0,0,eGFP1
4451,15:26:02,0.119,0.612,0,0,eGFP1
4452,15:26:03,0.109,0.614,0,0,eGFP1
4453,15:26:03,0.096,0.557,0,0,eGFP1
4454,15:26:04,0.096,1.171,0,0,eGFP1
4455,15:26:05,0.119,0.569,0,0,eGFP1
4456,15:26:06,0.079,0.485,0,0,eGFP1
4457,15:26:06,0.074,0.425,0,0,eGFP1
4458,15:26:07,0.086,0.623,0,0,eGFP1
4459,15:26:07,0.140,0.623,0,0,eGFP1
4460,15:26:08,0.076,0.482,0,0,eGFP1
4461,15:26:08,0.107,0.535,0,0,eGFP1
4462,15:26:09,0.085,0.535,0,0,eGFP1
4463,15:26:09,0.107,0.623,0,0,eGFP1
4464,15:26:10,0.096,0.579,0,0,eGFP1
4465,15:26:11,0.119,0.700,0,0,eGFP1
4466,15:26:11,0.096,0.557,0,0,eGFP1
4467,15:26:12,0.107,0.700,0,0,eGFP1
4468,15:26:12,0.120,0.570,0,0,eGFP1
4469,15:26:13,0.074,0.491,0,0,eGFP1
4470,15:26:14,0.119,0.844,0,0,eGFP1
4471,15:26:15,0.184,1.248,0,0,eGFP1
4472,15:26:16,0.129,0.623,0,0,eGFP1
4473,15:26:16,0.085,0.513,0,0,eGFP1
4474,15:26:17,0.097,0.810,0,0,eGFP1
4475,15:26:18,0.140,0.601,0,0,eGFP1
4476,15:26:18,0.074,0.458,0,0,eGFP1
4477,15:26:19,0.098,0.581,0,0,eGFP1
4478,15:26:19,0.096,0.513,0,0,eGFP1
4479,15:26:20,0.075,0.415,0,0,eGFP1
4480,15:26:20,0.074,0.535,0,0,eGFP1
4481,15:26:21,0.140,0.623,0,0,eGFP1
4482,15:26:21,0.085,0.524,0,0,eGFP1
4483,15:26:22,0.086,0.470,0,0,eGFP1
4484,15:26:22,0.075,0.613,0,0,eGFP1
4485,15:26:23,0.120,0.603,0,0,eGFP1
4486,15:26:23,0.074,0.447,0,0,eGFP1
4487,15:26:24,0.085,0.656,0,0,eGFP1
4488,15:26:25,0.129,0.656,0,0,eGFP1
4489,15:26:25,0.107,0.623,0,0,eGFP1
4490,15:26:26,0.085,0.579,0,0,eGFP1
4491,15:26:26,0.097,0.514,0,0,eGFP1
4492,15:26:27,0.074,0.546,0,0,eGFP1
4493,15:26:28,0.097,0.602,0,0,eGFP1
4494,15:26:28,0.097,0.547,0,0,eGFP1
4495,15:26:29,0.096,0.568,0,0,eGFP1
4496,15:26:29,0.096,0.568,0,0,eGFP1
4497,15:26:30,0.109,0.591,0,0,eGFP1
4498,15:26:30,0.097,0.536,0,0,eGFP1
4499,15:26:31,0.096,0.788,0,0,eGFP1
4500,15:26:32,0.151,0.678,0,0,eGFP1
4501,15:26:32,0.096,0.645,0,0,eGFP1
4502,15:26:33,0.106,0.588,0,0,eGFP1
4503,15:26:34,0.086,0.569,0,0,eGFP1
4504,15:26:34,0.107,0.634,0,0,eGFP1
4505,15:26:35,0.096,0.557,0,0,eGFP1
4506,15:26:38,0.118,2.785,0,0,eGFP1
4507,15:26:38,0.195,0.722,0,0,eGFP1
4508,15:26:39,0.085,0.612,0,0,eGFP1
4509,15:26:40,0.118,0.623,0,0,eGFP1
4510,15:26:40,0.087,0.537,0,0,eGFP1
4511,15:26:41,0.120,0.657,0,0,eGFP1
4512,15:26:41,0.086,0.470,0,0,eGFP1
4513,15:26:42,0.074,0.426,0,0,eGFP1
4514,15:26:42,0.074,0.623,0,0,eGFP1
4515,15:26:43,0.129,0.623,0,0,eGFP1
4516,15:26:43,0.085,0.491,0,0,eGFP1
4517,15:26:44,0.108,0.635,0,0,eGFP1
4518,15:26:45,0.098,0.504,0,0,eGFP1
4519,15:26:45,0.085,0.502,0,0,eGFP1
4520,15:26:46,0.097,0.569,0,0,eGFP1
4521,15:26:46,0.107,0.535,0,0,eGFP1
4522,15:26:47,0.094,0.566,0,0,eGFP1
4523,15:26:47,0.084,0.479,0,0,eGFP1
4524,15:26:48,0.083,0.577,0,0,eGFP1
4525,15:26:48,0.140,0.710,0,0,eGFP1
4526,15:26:49,0.085,0.458,0,0,eGFP1
4527,15:26:50,0.084,0.665,0,0,eGFP1
4528,15:26:50,0.161,0.665,0,0,eGFP1
4529,15:26:51,0.095,0.676,0,0,eGFP1
4530,15:26:51,0.128,0.556,0,0,eGFP1
4531,15:26:52,0.083,0.445,0,0,eGFP1
4532,15:26:53,0.095,0.764,0,0,eGFP1
4533,15:26:53,0.150,0.676,0,0,eGFP1
4534,15:26:54,0.095,0.479,0,0,eGFP1
4535,15:26:54,0.085,0.480,0,0,eGFP1
4536,15:26:55,0.083,0.687,0,0,eGFP1
4537,15:26:56,0.116,0.544,0,0,eGFP1
4538,15:26:56,0.084,0.468,0,0,eGFP1
4539,15:26:57,0.074,0.491,0,0,eGFP1
4540,15:26:57,0.094,0.533,0,0,eGFP1
4541,15:26:58,0.095,0.533,0,0,eGFP1
4542,15:26:58,0.084,0.490,0,0,eGFP1
4543,15:26:59,0.085,0.502,0,0,eGFP1
4544,15:26:59,0.094,0.775,0,0,eGFP1
4545,15:27:00,0.116,0.544,0,0,eGFP1
4546,15:27:00,0.073,0.512,0,0,eGFP1
4547,15:27:01,0.105,0.676,0,0,eGFP1
4548,15:27:02,0.105,0.533,0,0,eGFP1
4549,15:27:02,0.084,0.611,0,0,eGFP1
4550,15:27:03,0.105,0.577,0,0,eGFP1
4551,15:27:03,0.085,0.491,0,0,eGFP1
4552,15:27:04,0.094,0.632,0,0,eGFP1
4553,15:27:05,0.129,0.612,0,0,eGFP1
4554,15:27:05,0.083,0.478,0,0,eGFP1
4555,15:27:06,0.084,0.742,0,0,eGFP1
4556,15:27:06,0.117,0.643,0,0,eGFP1
4557,15:27:07,0.095,0.512,0,0,eGFP1
4558,15:27:07,0.084,0.490,0,0,eGFP1
4559,15:27:08,0.084,0.534,0,0,eGFP1
4560,15:27:09,0.095,0.622,0,0,eGFP1
4561,15:27:09,0.127,0.643,0,0,eGFP1
4562,15:27:10,0.083,0.479,0,0,eGFP1
4563,15:27:10,0.072,0.489,0,0,eGFP1
4564,15:27:11,0.106,0.698,0,0,eGFP1
4565,15:27:11,0.106,0.534,0,0,eGFP1
4566,15:27:12,0.083,0.456,0,0,eGFP1
4567,15:27:12,0.085,0.458,0,0,eGFP1
4568,15:27:13,0.085,0.612,0,0,eGFP1
4569,15:27:14,0.150,0.819,0,0,eGFP1
4570,15:27:14,0.095,0.490,0,0,eGFP1
4571,15:27:15,0.072,0.511,0,0,eGFP1
4572,15:27:15,0.106,0.654,0,0,eGFP1
4573,15:27:16,0.106,0.644,0,0,eGFP1
4574,15:27:17,0.116,0.687,0,0,eGFP1
4575,15:27:17,0.116,0.588,0,0,eGFP1
4576,15:27:18,0.096,0.535,0,0,eGFP1
4577,15:27:23,0.095,5.395,0,0,eGFP1
4578,15:27:24,0.107,0.557,0,0,eGFP1
4579,15:27:24,0.083,0.467,0,0,eGFP1
4580,15:27:25,0.074,0.404,0,0,eGFP1
4581,15:27:25,0.072,0.402,0,0,eGFP1
4582,15:27:26,0.072,0.511,0,0,eGFP1
4583,15:27:26,0.095,0.490,0,0,eGFP1
4584,15:27:27,0.085,0.546,0,0,eGFP1
4585,15:27:27,0.084,0.501,0,0,eGFP1
4586,15:27:28,0.072,0.434,0,0,eGFP1
4587,15:27:28,0.084,0.556,0,0,eGFP1
4588,15:27:29,0.117,0.643,0,0,eGFP1
4589,15:27:29,0.095,0.457,0,0,eGFP1
4590,15:27:30,0.073,0.457,0,0,eGFP1
4591,15:27:30,0.084,0.632,0,0,eGFP1
4592,15:27:31,0.107,0.590,0,0,eGFP1
4593,15:27:31,0.084,0.468,0,0,eGFP1
4594,15:27:32,0.085,0.502,0,0,eGFP1
4595,15:27:33,0.095,0.698,0,0,eGFP1
4596,15:27:33,0.106,0.523,0,0,eGFP1
4597,15:27:34,0.084,0.523,0,0,eGFP1
4598,15:27:34,0.083,0.588,0,0,eGFP1
4599,15:27:35,0.117,0.666,0,0,eGFP1
4600,15:27:35,0.083,0.500,0,0,eGFP1
4601,15:27:36,0.085,0.524,0,0,eGFP1
4602,15:27:37,0.095,0.655,0,0,eGFP1
4603,15:27:37,0.105,0.588,0,0,eGFP1
4604,15:27:38,0.106,0.633,0,0,eGFP1
4605,15:27:38,0.105,0.522,0,0,eGFP1
4606,15:27:39,0.084,0.567,0,0,eGFP1
4607,15:27:40,0.128,0.709,0,0,eGFP1
4608,15:27:40,0.107,0.524,0,0,eGFP1
4609,15:27:41,0.074,0.546,0,0,eGFP1
4610,15:27:41,0.128,0.721,0,0,eGFP1
4611,15:27:42,0.116,0.555,0,0,eGFP1
4612,15:27:42,0.095,0.512,0,0,eGFP1
4613,15:27:43,0.084,0.490,0,0,eGFP1
4614,15:27:43,0.084,0.555,0,0,eGFP1
4615,15:27:44,0.084,0.490,0,0,eGFP1
4616,15:27:45,0.084,0.863,0,0,eGFP1
4617,15:27:45,0.129,0.656,0,0,eGFP1
4618,15:27:46,0.095,0.567,0,0,eGFP1
4619,15:27:47,0.094,0.533,0,0,eGFP1
4620,15:27:47,0.084,0.479,0,0,eGFP1
4621,15:27:48,0.073,0.468,0,0,eGFP1
4622,15:27:48,0.085,0.513,0,0,eGFP1
4623,15:27:48,0.073,0.468,0,0,eGFP1
4624,15:27:49,0.073,0.534,0,0,eGFP1
4625,15:27:50,0.140,0.930,0,0,eGFP1
4626,15:27:51,0.128,0.687,0,0,eGFP1
4627,15:27:51,0.128,0.666,0,0,eGFP1
4628,15:27:52,0.095,0.534,0,0,eGFP1
4629,15:27:52,0.094,0.621,0,0,eGFP1
4630,15:27:53,0.128,0.732,0,0,eGFP1
4631,15:27:54,0.105,0.533,0,0,eGFP1
4632,15:27:54,0.084,0.479,0,0,eGFP1
4633,15:27:55,0.106,0.677,0,0,eGFP1
4634,15:27:56,0.129,0.623,0,0,eGFP1
4635,15:27:56,0.083,0.500,0,0,eGFP1
4636,15:27:57,0.086,0.700,0,0,eGFP1
4637,15:27:57,0.117,0.622,0,0,eGFP1
4638,15:27:58,0.084,0.479,0,0,eGFP1
4639,15:27:58,0.073,0.468,0,0,eGFP1
4640,15:27:59,0.106,0.687,0,0,eGFP1
4641,15:28:00,0.106,0.578,0,0,eGFP1
4642,15:28:00,0.085,0.612,0,0,eGFP1
4643,15:28:01,0.117,0.655,0,0,eGFP1
4644,15:28:02,0.127,0.742,0,0,eGFP1
4645,15:28:02,0.117,0.655,0,0,eGFP1
4646,15:28:03,0.127,0.720,0,0,eGFP1
4647,15:28:03,0.106,0.545,0,0,eGFP1
4648,15:28:04,0.073,0.567,0,0,eGFP1
4649,15:28:05,0.138,0.720,0,0,eGFP1
4650,15:28:05,0.098,0.482,0,0,eGFP1
4651,15:28:06,0.084,0.544,0,0,eGFP1
4652,15:28:06,0.106,0.655,0,0,eGFP1
4653,15:28:07,0.095,0.534,0,0,eGFP1
4654,15:28:08,0.095,0.545,0,0,eGFP1
4655,15:28:08,0.095,0.654,0,0,eGFP1
4656,15:28:09,0.128,0.633,0,0,eGFP1
4657,15:28:09,0.084,0.479,0,0,eGFP1
4658,15:28:10,0.085,0.612,0,0,eGFP1
4659,15:28:11,0.150,0.797,0,0,eGFP1
4660,15:28:11,0.106,0.545,0,0,eGFP1
4661,15:28:12,0.073,0.512,0,0,eGFP1
4662,15:28:12,0.095,0.512,0,0,eGFP1
4663,15:28:13,0.074,0.535,0,0,eGFP1
4664,15:28:14,0.106,0.732,0,0,eGFP1
4665,15:28:14,0.106,0.534,0,0,eGFP1
4666,15:28:15,0.095,0.632,0,0,eGFP1
4667,15:28:15,0.141,0.711,0,0,eGFP1
4668,15:28:16,0.117,0.677,0,0,eGFP1
4669,15:28:17,0.117,0.567,0,0,eGFP1
4670,15:28:17,0.084,0.523,0,0,eGFP1
4671,15:28:18,0.106,0.621,0,0,eGFP1
4672,15:28:18,0.095,0.545,0,0,eGFP1
4673,15:28:19,0.106,0.809,0,0,eGFP1
4674,15:28:20,0.117,0.577,0,0,eGFP1
4675,15:28:20,0.086,0.492,0,0,eGFP1
4676,15:28:21,0.084,0.490,0,0,eGFP1
4677,15:28:21,0.085,0.667,0,0,eGFP1
4678,15:28:22,0.095,0.523,0,0,eGFP1
4679,15:28:23,0.095,0.677,0,0,eGFP1
4680,15:28:23,0.127,0.742,0,0,eGFP1
4681,15:28:24,0.139,0.688,0,0,eGFP1
4682,15:28:25,0.095,0.567,0,0,eGFP1
4683,15:28:25,0.107,0.798,0,0,eGFP1
4684,15:28:26,0.128,0.611,0,0,eGFP1
4685,15:28:27,0.106,0.699,0,0,eGFP1
4686,15:28:27,0.095,0.512,0,0,eGFP1
4687,15:28:28,0.084,0.534,0,0,eGFP1
4688,15:28:29,0.106,0.786,0,0,eGFP1
4689,15:28:29,0.150,0.666,0,0,eGFP1
4690,15:28:30,0.084,0.468,0,0,eGFP1
4691,15:28:30,0.087,0.548,0,0,eGFP1
4692,15:28:31,0.106,0.633,0,0,eGFP1
4693,15:28:31,0.095,0.512,0,0,eGFP1
4694,15:28:32,0.084,0.611,0,0,eGFP1
4695,15:28:33,0.117,0.643,0,0,eGFP1
4696,15:28:33,0.095,0.468,0,0,eGFP1
4697,15:28:34,0.074,0.535,0,0,eGFP1
4698,15:28:34,0.128,0.775,0,0,eGFP1
4699,15:28:35,0.117,0.589,0,0,eGFP1
4700,15:28:35,0.086,0.481,0,0,eGFP1
4701,15:28:36,0.084,0.633,0,0,eGFP1
4702,15:28:37,0.128,0.720,0,0,eGFP1
4703,15:28:37,0.106,0.523,0,0,eGFP1
4704,15:28:38,0.085,0.578,0,0,eGFP1
4705,15:28:39,0.119,0.711,0,0,eGFP1
4706,15:28:39,0.096,0.535,0,0,eGFP1
4707,15:28:40,0.095,0.764,0,0,eGFP1
4708,15:28:41,0.173,0.788,0,0,eGFP1
4709,15:28:41,0.106,0.600,0,0,eGFP1
4710,15:28:42,0.106,0.556,0,0,eGFP1
4711,15:28:42,0.095,0.611,0,0,eGFP1
4712,15:28:43,0.139,0.753,0,0,eGFP1
4713,15:28:44,0.107,0.568,0,0,eGFP1
4714,15:28:45,0.095,0.929,0,0,eGFP1
4715,15:28:46,0.446,1.115,0,0,eGFP1
4716,15:28:46,0.108,0.558,0,0,eGFP1
4717,15:28:47,0.095,0.666,0,0,eGFP1
4718,15:28:48,0.106,0.545,0,0,eGFP1
4719,15:28:48,0.085,0.557,0,0,eGFP1
4720,15:28:49,0.139,0.776,0,0,eGFP1
4721,15:28:50,0.106,0.589,0,0,eGFP1
4722,15:28:50,0.106,0.655,0,0,eGFP1
4723,15:28:51,0.095,0.490,0,0,eGFP1
4724,15:28:51,0.075,0.481,0,0,eGFP1
4725,15:28:52,0.084,0.523,0,0,eGFP1
4726,15:28:52,0.106,0.666,0,0,eGFP1
4727,15:28:53,0.106,0.644,0,0,eGFP1
4728,15:28:54,0.106,0.567,0,0,eGFP1
4729,15:28:54,0.095,0.556,0,0,eGFP1
4730,15:28:55,0.084,0.501,0,0,eGFP1
4731,15:28:55,0.095,0.633,0,0,eGFP1
4732,15:28:56,0.117,0.688,0,0,eGFP1
4733,15:28:57,0.120,0.690,0,0,eGFP1
4734,15:28:57,0.117,0.545,0,0,eGFP1
4735,15:28:58,0.096,0.524,0,0,eGFP1
4736,15:28:58,0.095,0.545,0,0,eGFP1
4737,15:28:59,0.084,0.545,0,0,eGFP1
4738,15:29:00,0.117,0.820,0,0,eGFP1
4739,15:29:00,0.106,0.545,0,0,eGFP1
4740,15:29:01,0.084,0.622,0,0,eGFP1
4741,15:29:01,0.129,0.711,0,0,eGFP1
4742,15:29:02,0.106,0.534,0,0,eGFP1
4743,15:29:03,0.084,0.567,0,0,eGFP1
4744,15:29:03,0.128,0.721,0,0,eGFP1
4745,15:29:04,0.106,0.600,0,0,eGFP1
4746,15:29:05,0.106,0.633,0,0,eGFP1
4747,15:29:05,0.137,0.762,0,0,eGFP1
4748,15:29:06,0.106,0.545,0,0,eGFP1
4749,15:29:06,0.075,0.459,0,0,eGFP1
4750,15:29:07,0.084,0.589,0,0,eGFP1
4751,15:29:08,0.128,0.710,0,0,eGFP1
4752,15:29:08,0.106,0.677,0,0,eGFP1
4753,15:29:09,0.128,0.644,0,0,eGFP1
4754,15:29:09,0.084,0.479,0,0,eGFP1
4755,15:29:10,0.096,0.754,0,0,eGFP1
4756,15:29:11,0.128,0.633,0,0,eGFP1
4757,15:29:11,0.074,0.491,0,0,eGFP1
4758,15:29:12,0.105,1.191,0,0,eGFP1
4759,15:29:13,0.128,0.622,0,0,eGFP1
4760,15:29:14,0.086,0.514,0,0,eGFP1
4761,15:29:14,0.084,0.490,0,0,eGFP1
4762,15:29:15,0.095,0.633,0,0,eGFP1
4763,15:29:15,0.107,0.677,0,0,eGFP1
4764,15:29:16,0.117,0.556,0,0,eGFP1
4765,15:29:16,0.085,0.491,0,0,eGFP1
4766,15:29:17,0.097,0.788,0,0,eGFP1
4767,15:29:18,0.139,0.633,0,0,eGFP1
4768,15:29:18,0.084,0.490,0,0,eGFP1
4769,15:29:19,0.107,0.557,0,0,eGFP1
4770,15:29:19,0.095,0.512,0,0,eGFP1
4771,15:29:20,0.084,0.589,0,0,eGFP1
4772,15:29:21,0.139,0.820,0,0,eGFP1
4773,15:29:21,0.106,0.534,0,0,eGFP1
4774,15:29:22,0.079,0.672,0,0,eGFP1
4775,15:29:23,0.150,0.721,0,0,eGFP1
4776,15:29:23,0.106,0.556,0,0,eGFP1
4777,15:29:24,0.084,0.556,0,0,eGFP1
4778,15:29:25,0.118,0.710,0,0,eGFP1
4779,15:29:25,0.129,0.666,0,0,eGFP1
4780,15:29:26,0.085,0.502,0,0,eGFP1
4781,15:29:26,0.106,0.666,0,0,eGFP1
4782,15:29:27,0.108,0.612,0,0,eGFP1
4783,15:29:28,0.129,0.776,0,0,eGFP1
4784,15:29:28,0.107,0.502,0,0,eGFP1
4785,15:29:29,0.084,0.490,0,0,eGFP1
4786,15:29:29,0.085,0.666,0,0,eGFP1
4787,15:29:30,0.140,0.677,0,0,eGFP1
4788,15:29:31,0.086,0.470,0,0,eGFP1
4789,15:29:31,0.085,0.677,0,0,eGFP1
4790,15:29:32,0.151,0.700,0,0,eGFP1
4791,15:29:33,0.096,0.590,0,0,eGFP1
4792,15:29:33,0.096,0.612,0,0,eGFP1
4793,15:29:34,0.106,0.655,0,0,eGFP1
4794,15:29:35,0.128,0.688,0,0,eGFP1
4795,15:29:35,0.106,0.611,0,0,eGFP1
4796,15:29:36,0.107,0.634,0,0,eGFP1
4797,15:29:36,0.117,0.699,0,0,eGFP1
4798,15:29:37,0.106,0.567,0,0,eGFP1
4799,15:29:38,0.086,0.503,0,0,eGFP1
4800,15:29:38,0.096,0.721,0,0,eGFP1
4801,15:29:39,0.118,0.688,0,0,eGFP1
4802,15:29:39,0.108,0.547,0,0,eGFP1
4803,15:29:40,0.085,0.579,0,0,eGFP1
4804,15:29:41,0.128,0.830,0,0,eGFP1
4805,15:29:41,0.118,0.590,0,0,eGFP1
4806,15:29:42,0.084,0.512,0,0,eGFP1
4807,15:29:43,0.097,0.800,0,0,eGFP1
4808,15:29:44,0.150,0.699,0,0,eGFP1
4809,15:29:44,0.095,0.567,0,0,eGFP1
4810,15:29:45,0.118,0.754,0,0,eGFP1
4811,15:29:45,0.118,0.590,0,0,eGFP1
4812,15:29:46,0.085,0.545,0,0,eGFP1
4813,15:29:47,0.107,0.941,0,0,eGFP1
4814,15:29:47,0.118,0.590,0,0,eGFP1
4815,15:29:48,0.086,0.546,0,0,eGFP1
4816,15:29:49,0.097,0.536,0,0,eGFP1
4817,15:29:49,0.096,0.733,0,0,eGFP1
4818,15:29:50,0.216,1.083,0,0,eGFP1
4819,15:29:51,0.128,0.666,0,0,eGFP1
4820,15:29:52,0.096,0.524,0,0,eGFP1
4821,15:29:52,0.095,0.787,0,0,eGFP1
4822,15:29:53,0.227,0.908,0,0,eGFP1
4823,15:29:54,0.096,0.601,0,0,eGFP1
4824,15:29:54,0.108,0.546,0,0,eGFP1
4825,15:29:55,0.074,0.447,0,0,eGFP1
4826,15:29:55,0.074,0.469,0,0,eGFP1
4827,15:29:56,0.096,0.623,0,0,eGFP1
4828,15:29:57,0.106,0.589,0,0,eGFP1
4829,15:29:57,0.107,0.611,0,0,eGFP1
4830,15:29:58,0.109,0.690,0,0,eGFP1
4831,15:29:59,0.096,0.666,0,0,eGFP1
4832,15:29:59,0.130,0.602,0,0,eGFP1
4833,15:30:00,0.085,0.491,0,0,eGFP1
4834,15:30:00,0.107,0.831,0,0,eGFP1
4835,15:30:01,0.118,0.601,0,0,eGFP1
4836,15:30:02,0.095,0.578,0,0,eGFP1
4837,15:30:02,0.096,0.557,0,0,eGFP1
4838,15:30:03,0.095,0.567,0,0,eGFP1
4839,15:30:03,0.096,0.557,0,0,eGFP1
4840,15:30:04,0.086,0.492,0,0,eGFP1
4841,15:30:04,0.085,0.546,0,0,eGFP1
4842,15:30:05,0.096,0.754,0,0,eGFP1
4843,15:30:06,0.141,0.876,0,0,eGFP1
4844,15:30:07,0.140,0.645,0,0,eGFP1
4845,15:30:07,0.106,0.853,0,0,eGFP1
4846,15:30:08,0.128,0.622,0,0,eGFP1
4847,15:30:09,0.096,0.579,0,0,eGFP1
4848,15:30:09,0.086,0.525,0,0,eGFP1
4849,15:30:10,0.096,0.491,0,0,eGFP1
4850,15:30:10,0.085,0.633,0,0,eGFP1
4851,15:30:11,0.140,0.722,0,0,eGFP1
4852,15:30:12,0.084,0.523,0,0,eGFP1
4853,15:30:12,0.118,0.755,0,0,eGFP1
4854,15:30:13,0.139,0.633,0,0,eGFP1
4855,15:30:13,0.085,0.458,0,0,eGFP1
4856,15:30:14,0.074,0.502,0,0,eGFP1
4857,15:30:15,0.109,0.834,0,0,eGFP1
4858,15:30:15,0.106,0.534,0,0,eGFP1
4859,15:30:16,0.085,0.502,0,0,eGFP1
4860,15:30:16,0.085,0.469,0,0,eGFP1
4861,15:30:17,0.085,0.535,0,0,eGFP1
4862,15:30:17,0.107,0.612,0,0,eGFP1
4863,15:30:18,0.095,0.622,0,0,eGFP1
4864,15:30:19,0.129,1.139,0,0,eGFP1
4865,15:30:20,0.185,0.711,0,0,eGFP1
4866,15:30:21,0.096,0.711,0,0,eGFP1
4867,15:30:21,0.140,0.710,0,0,eGFP1
4868,15:30:22,0.096,0.733,0,0,eGFP1
4869,15:30:23,0.128,0.589,0,0,eGFP1
4870,15:30:23,0.085,0.513,0,0,eGFP1
4871,15:30:24,0.108,0.690,0,0,eGFP1
4872,15:30:24,0.096,0.568,0,0,eGFP1
4873,15:30:25,0.097,0.580,0,0,eGFP1
4874,15:32:27,0.118,122.456,0,0,eGFP1
4875,15:32:28,0.140,0.776,0,0,eGFP1
4876,15:32:30,0.206,1.973,0,0,eGFP1
4877,15:32:31,0.140,0.732,0,0,eGFP1
4878,15:32:32,0.272,1.062,0,0,eGFP1
4879,15:32:33,0.140,0.622,0,0,eGFP1
4880,15:32:33,0.085,0.458,0,0,eGFP1
4881,15:32:34,0.087,0.515,0,0,eGFP1
4882,15:32:34,0.107,0.568,0,0,eGFP1
4883,15:32:35,0.096,0.513,0,0,eGFP1
4884,15:32:35,0.095,0.523,0,0,eGFP1
4885,15:32:36,0.087,0.767,0,0,eGFP1
4886,15:32:36,0.107,0.535,0,0,eGFP1
4887,15:32:37,0.085,0.524,0,0,eGFP1
4888,15:32:38,0.096,0.590,0,0,eGFP1
4889,15:32:38,0.096,0.557,0,0,eGFP1
4890,15:32:39,0.108,0.679,0,0,eGFP1
4891,15:32:39,0.128,0.611,0,0,eGFP1
4892,15:32:40,0.085,0.480,0,0,eGFP1
4893,15:32:41,0.096,0.678,0,0,eGFP1
4894,15:32:44,0.129,3.608,0,0,eGFP1
4895,15:32:45,0.205,0.787,0,0,eGFP1
4896,15:32:47,0.107,1.764,0,0,eGFP1
4897,15:32:47,0.217,0.414,0,0,eGFP1
4898,15:32:48,0.295,0.910,0,0,eGFP1
4899,15:32:49,0.097,0.646,0,0,eGFP1
4900,15:32:49,0.107,0.535,0,0,eGFP1
4901,15:32:50,0.096,0.589,0,0,eGFP1
4902,15:32:50,0.096,0.502,0,0,eGFP1
4903,15:32:51,0.075,0.546,0,0,eGFP1
4904,15:32:51,0.107,0.601,0,0,eGFP1
4905,15:32:52,0.085,0.458,0,0,eGFP1
4906,15:32:53,0.098,0.625,0,0,eGFP1
4907,15:32:53,0.128,0.578,0,0,eGFP1
4908,15:32:54,0.075,0.513,0,0,eGFP1
4909,15:32:54,0.086,0.492,0,0,eGFP1
4910,15:32:55,0.074,0.447,0,0,eGFP1
4911,15:32:55,0.074,0.469,0,0,eGFP1
4912,15:32:56,0.096,0.689,0,0,eGFP1
4913,15:32:56,0.093,0.499,0,0,eGFP1
4914,15:32:57,0.086,0.547,0,0,eGFP1
4915,15:32:57,0.107,0.546,0,0,eGFP1
4916,15:32:58,0.085,0.568,0,0,eGFP1
4917,15:32:58,0.096,0.524,0,0,eGFP1
4918,15:32:59,0.074,0.425,0,0,eGFP1
4919,15:32:59,0.074,0.502,0,0,eGFP1
4920,15:33:00,0.118,0.689,0,0,eGFP1
4921,15:33:01,0.107,0.579,0,0,eGFP1
4922,15:33:01,0.085,0.469,0,0,eGFP1
4923,15:33:02,0.087,0.602,0,0,eGFP1
4924,15:33:02,0.118,0.601,0,0,eGFP1
4925,15:33:03,0.085,0.481,0,0,eGFP1
4926,15:33:03,0.086,0.624,0,0,eGFP1
4927,15:33:04,0.118,0.557,0,0,eGFP1
4928,15:33:04,0.074,0.436,0,0,eGFP1
4929,15:33:05,0.085,0.908,0,0,eGFP1
4930,15:33:06,0.283,0.898,0,0,eGFP1
4931,15:33:07,0.086,0.481,0,0,eGFP1
4932,15:33:07,0.074,0.491,0,0,eGFP1
4933,15:33:08,0.107,0.832,0,0,eGFP1
4934,15:33:09,0.107,0.535,0,0,eGFP1
4935,15:33:09,0.085,0.513,0,0,eGFP1
4936,15:33:10,0.107,0.656,0,0,eGFP1
4937,15:33:10,0.107,0.557,0,0,eGFP1
4938,15:33:11,0.107,0.535,0,0,eGFP1
4939,15:33:11,0.108,0.635,0,0,eGFP1
4940,15:33:12,0.109,0.526,0,0,eGFP1
4941,15:33:12,0.074,0.447,0,0,eGFP1
4942,15:33:13,0.085,0.711,0,0,eGFP1
4943,15:33:14,0.107,0.524,0,0,eGFP1
4944,15:33:14,0.085,0.645,0,0,eGFP1
4945,15:33:15,0.118,0.557,0,0,eGFP1
4946,15:33:15,0.074,0.535,0,0,eGFP1
4947,15:33:16,0.098,0.602,0,0,eGFP1
4948,15:33:16,0.086,0.492,0,0,eGFP1
4949,15:33:17,0.085,0.721,0,0,eGFP1
4950,15:33:18,0.129,0.700,0,0,eGFP1
4951,15:33:19,0.129,0.689,0,0,eGFP1
4952,15:33:19,0.096,0.491,0,0,eGFP1
4953,15:33:20,0.074,0.459,0,0,eGFP1
4954,15:33:20,0.086,0.602,0,0,eGFP1
4955,15:33:21,0.107,0.535,0,0,eGFP1
4956,15:33:22,0.098,0.965,0,0,eGFP1
4957,15:33:23,0.787,1.511,0,0,eGFP1
4958,15:33:24,0.097,0.525,0,0,eGFP1
4959,15:33:24,0.096,0.634,0,0,eGFP1
4960,15:33:25,0.118,0.623,0,0,eGFP1
4961,15:33:25,0.085,0.502,0,0,eGFP1
4962,15:33:26,0.085,0.502,0,0,eGFP1
4963,15:33:26,0.085,0.459,0,0,eGFP1
4964,15:33:27,0.075,0.558,0,0,eGFP1
4965,15:33:28,0.107,0.667,0,0,eGFP1
4966,15:33:28,0.096,0.491,0,0,eGFP1
4967,15:33:29,0.075,0.448,0,0,eGFP1
4968,15:33:29,0.075,0.646,0,0,eGFP1
4969,15:33:30,0.129,0.601,0,0,eGFP1
4970,15:33:30,0.074,0.480,0,0,eGFP1
4971,15:33:31,0.097,0.700,0,0,eGFP1
4972,15:33:32,0.120,0.625,0,0,eGFP1
4973,15:33:32,0.085,0.535,0,0,eGFP1
4974,15:33:33,0.085,0.491,0,0,eGFP1
4975,15:33:33,0.085,0.535,0,0,eGFP1
4976,15:33:34,0.119,0.810,0,0,eGFP1
4977,15:33:35,0.140,0.634,0,0,eGFP1
4978,15:33:35,0.085,0.601,0,0,eGFP1
4979,15:33:36,0.129,0.656,0,0,eGFP1
4980,15:33:36,0.087,0.526,0,0,eGFP1
4981,15:33:37,0.107,0.557,0,0,eGFP1
4982,15:33:37,0.087,0.504,0,0,eGFP1
4983,15:33:38,0.085,0.546,0,0,eGFP1
4984,15:33:39,0.118,0.733,0,0,eGFP1
4985,15:33:39,0.118,0.590,0,0,eGFP1
4986,15:33:40,0.085,0.469,0,0,eGFP1
4987,15:33:40,0.097,0.656,0,0,eGFP1
4988,15:33:41,0.119,0.722,0,0,eGFP1
4989,15:33:42,0.098,0.504,0,0,eGFP1
4990,15:33:42,0.074,0.426,0,0,eGFP1
4991,15:33:43,0.085,0.579,0,0,eGFP1
4992,15:33:43,0.118,0.667,0,0,eGFP1
4993,15:33:44,0.096,0.502,0,0,eGFP1
4994,15:33:44,0.085,0.557,0,0,eGFP1
4995,15:33:45,0.119,0.722,0,0,eGFP1
4996,15:33:46,0.098,0.625,0,0,eGFP1
4997,15:33:46,0.108,0.569,0,0,eGFP1
4998,15:33:47,0.075,0.459,0,0,eGFP1
4999,15:33:47,0.074,0.612,0,0,eGFP1
5000,15:33:48,0.129,0.711,0,0,eGFP1
5001,15:33:49,0.085,0.480,0,0,eGFP1
5002,15:33:49,0.086,0.667,0,0,eGFP1
5003,15:33:50,0.119,0.613,0,0,eGFP1
5004,15:33:50,0.096,0.579,0,0,eGFP1
5005,15:33:51,0.109,0.669,0,0,eGFP1
5006,15:33:52,0.107,0.535,0,0,eGFP1
5007,15:33:52,0.075,0.459,0,0,eGFP1
5008,15:33:53,0.085,0.480,0,0,eGFP1
5009,15:33:53,0.087,0.614,0,0,eGFP1
5010,15:33:54,0.118,0.678,0,0,eGFP1
5011,15:33:54,0.096,0.480,0,0,eGFP1
5012,15:33:55,0.086,0.580,0,0,eGFP1
5013,15:33:56,0.162,0.886,0,0,eGFP1
5014,15:33:57,0.148,0.752,0,0,eGFP1
5015,15:33:57,0.116,0.742,0,0,eGFP1
5016,15:33:58,0.094,0.511,0,0,eGFP1
5017,15:33:58,0.084,0.534,0,0,eGFP1
5018,15:34:00,0.105,1.916,0,0,eGFP1
5019,15:34:01,0.171,0.720,0,0,eGFP1
5020,15:34:02,0.105,0.566,0,0,eGFP1
5021,15:34:02,0.072,0.446,0,0,eGFP1
5022,15:34:02,0.073,0.458,0,0,eGFP1
5023,15:34:03,0.084,0.468,0,0,eGFP1
5024,15:34:04,0.073,0.567,0,0,eGFP1
5025,15:34:04,0.127,0.797,0,0,eGFP1
5026,15:34:05,0.127,0.599,0,0,eGFP1
5027,15:34:05,0.083,0.434,0,0,eGFP1
5028,15:34:06,0.073,0.589,0,0,eGFP1
5029,15:34:07,0.149,0.687,0,0,eGFP1
5030,15:34:07,0.096,0.491,0,0,eGFP1
5031,15:34:08,0.083,0.687,0,0,eGFP1
5032,15:34:09,0.127,0.720,0,0,eGFP1
5033,15:34:09,0.127,0.720,0,0,eGFP1
5034,15:34:19,0.094,9.400,0,0,eGFP1
5035,15:34:19,0.160,0.720,0,0,eGFP1
5036,15:34:21,0.128,1.774,0,0,eGFP1
5037,15:34:22,0.172,0.556,0,0,eGFP1
5038,15:34:23,0.393,1.183,0,0,eGFP1
5039,15:34:24,0.127,0.720,0,0,eGFP1
5040,15:34:24,0.094,0.478,0,0,eGFP1
5041,15:34:25,0.073,0.446,0,0,eGFP1
5042,15:34:25,0.084,0.533,0,0,eGFP1
5043,15:34:26,0.106,0.622,0,0,eGFP1
5044,15:34:26,0.094,0.478,0,0,eGFP1
5045,15:34:27,0.084,0.479,0,0,eGFP1
5046,15:34:27,0.105,0.819,0,0,eGFP1
5047,15:34:28,0.118,0.568,0,0,eGFP1
5048,15:34:29,0.116,0.676,0,0,eGFP1
5049,15:34:29,0.105,0.566,0,0,eGFP1
5050,15:34:30,0.084,0.545,0,0,eGFP1
5051,15:34:30,0.095,0.567,0,0,eGFP1
5052,15:34:31,0.084,0.468,0,0,eGFP1
5053,15:34:31,0.073,0.457,0,0,eGFP1
5054,15:34:32,0.083,0.489,0,0,eGFP1
5055,15:34:32,0.096,0.568,0,0,eGFP1
5056,15:34:33,0.106,0.632,0,0,eGFP1
5057,15:34:33,0.095,0.512,0,0,eGFP1
5058,15:34:34,0.084,0.544,0,0,eGFP1
5059,15:34:35,0.106,0.754,0,0,eGFP1
5060,15:34:35,0.094,0.489,0,0,eGFP1
5061,15:34:36,0.073,0.512,0,0,eGFP1
5062,15:34:36,0.094,0.566,0,0,eGFP1
5063,15:34:37,0.085,0.491,0,0,eGFP1
5064,15:34:37,0.084,0.578,0,0,eGFP1
5065,15:34:38,0.107,0.535,0,0,eGFP1
5066,15:34:38,0.083,0.544,0,0,eGFP1
5067,15:34:39,0.095,0.654,0,0,eGFP1
5068,15:34:40,0.117,0.655,0,0,eGFP1
5069,15:34:40,0.116,0.632,0,0,eGFP1
5070,15:34:41,0.095,0.545,0,0,eGFP1
5071,15:34:42,0.095,0.622,0,0,eGFP1
5072,15:34:42,0.095,0.468,0,0,eGFP1
5073,15:34:43,0.073,0.534,0,0,eGFP1
5074,15:34:43,0.127,0.753,0,0,eGFP1
5075,15:34:44,0.083,0.511,0,0,eGFP1
5076,15:34:44,0.095,0.600,0,0,eGFP1
5077,15:34:45,0.105,0.511,0,0,eGFP1
5078,15:34:47,0.073,2.103,0,0,eGFP1
5079,15:34:49,1.523,2.346,0,0,eGFP1
5080,15:34:50,0.096,0.612,0,0,eGFP1
5081,15:34:51,0.127,0.786,0,0,eGFP1
5082,15:34:51,0.105,0.522,0,0,eGFP1
5083,15:34:52,0.073,0.512,0,0,eGFP1
5084,15:34:53,0.106,0.643,0,0,eGFP1
5085,15:34:53,0.095,0.501,0,0,eGFP1
5086,15:34:54,0.084,0.589,0,0,eGFP1
5087,15:34:54,0.094,0.566,0,0,eGFP1
5088,15:34:55,0.096,0.634,0,0,eGFP1
5089,15:34:55,0.106,0.512,0,0,eGFP1
5090,15:34:56,0.072,0.467,0,0,eGFP1
5091,15:34:56,0.095,0.666,0,0,eGFP1
5092,15:34:57,0.107,0.524,0,0,eGFP1
5093,15:34:58,0.083,0.555,0,0,eGFP1
5094,15:34:58,0.095,0.479,0,0,eGFP1
5095,15:34:58,0.073,0.479,0,0,eGFP1
5096,15:34:59,0.118,0.634,0,0,eGFP1
5097,15:35:00,0.083,0.468,0,0,eGFP1
5098,15:35:00,0.083,0.533,0,0,eGFP1
5099,15:35:01,0.095,0.490,0,0,eGFP1
5100,15:35:01,0.084,0.457,0,0,eGFP1
5101,15:35:02,0.073,0.534,0,0,eGFP1
5102,15:35:02,0.105,0.632,0,0,eGFP1
5103,15:35:03,0.084,0.457,0,0,eGFP1
5104,15:35:03,0.074,0.557,0,0,eGFP1
5105,15:35:04,0.138,0.698,0,0,eGFP1
5106,15:35:04,0.085,0.524,0,0,eGFP1
5107,15:35:05,0.084,0.556,0,0,eGFP1
5108,15:35:06,0.095,0.578,0,0,eGFP1
5109,15:35:06,0.083,0.533,0,0,eGFP1
5110,15:35:07,0.095,0.578,0,0,eGFP1
5111,15:35:07,0.095,0.523,0,0,eGFP1
5112,15:35:08,0.083,0.500,0,0,eGFP1
5113,15:35:08,0.075,0.525,0,0,eGFP1
5114,15:35:09,0.105,0.742,0,0,eGFP1
5115,15:35:10,0.138,0.687,0,0,eGFP1
5116,15:35:10,0.095,0.534,0,0,eGFP1
5117,15:35:11,0.095,0.567,0,0,eGFP1
5118,15:35:11,0.105,0.632,0,0,eGFP1
5119,15:35:12,0.095,0.490,0,0,eGFP1
5120,15:35:12,0.085,0.480,0,0,eGFP1
5121,15:35:13,0.085,0.656,0,0,eGFP1
5122,15:35:14,0.117,0.622,0,0,eGFP1
5123,15:35:14,0.083,0.478,0,0,eGFP1
5124,15:35:15,0.084,0.479,0,0,eGFP1
5125,15:35:15,0.084,0.556,0,0,eGFP1
5126,15:35:16,0.084,0.457,0,0,eGFP1
5127,15:35:16,0.084,0.589,0,0,eGFP1
5128,15:35:17,0.128,0.709,0,0,eGFP1
5129,15:35:17,0.096,0.502,0,0,eGFP1
5130,15:35:18,0.073,0.512,0,0,eGFP1
5131,15:35:19,0.117,0.819,0,0,eGFP1
5132,15:35:20,0.183,0.820,0,0,eGFP1
5133,15:35:20,0.105,0.654,0,0,eGFP1
5134,15:35:21,0.118,0.590,0,0,eGFP1
5135,15:35:21,0.084,0.457,0,0,eGFP1
5136,15:35:22,0.095,0.633,0,0,eGFP1
5137,15:35:23,0.151,0.667,0,0,eGFP1
5138,15:35:23,0.094,0.621,0,0,eGFP1
5139,15:35:24,0.117,0.666,0,0,eGFP1
5140,15:35:24,0.106,0.567,0,0,eGFP1
5141,15:35:25,0.083,0.577,0,0,eGFP1
5142,15:35:26,0.106,0.644,0,0,eGFP1
5143,15:35:26,0.095,0.501,0,0,eGFP1
5144,15:35:27,0.084,0.545,0,0,eGFP1
5145,15:35:27,0.095,0.687,0,0,eGFP1
5146,15:35:28,0.129,0.590,0,0,eGFP1
5147,15:35:28,0.084,0.512,0,0,eGFP1
5148,15:35:29,0.096,0.601,0,0,eGFP1
5149,15:35:30,0.095,0.567,0,0,eGFP1
5150,15:35:30,0.106,0.731,0,0,eGFP1
5151,15:35:31,0.139,0.622,0,0,eGFP1
5152,15:35:32,0.084,0.501,0,0,eGFP1
5153,15:35:32,0.095,0.907,0,0,eGFP1
5154,15:35:33,0.294,0.908,0,0,eGFP1
5155,15:35:34,0.095,0.776,0,0,eGFP1
5156,15:35:35,0.128,0.578,0,0,eGFP1
5157,15:35:35,0.084,0.479,0,0,eGFP1
5158,15:35:36,0.095,0.753,0,0,eGFP1
5159,15:35:37,0.117,0.589,0,0,eGFP1
5160,15:35:37,0.084,0.534,0,0,eGFP1
5161,15:35:38,0.106,0.764,0,0,eGFP1
5162,15:35:38,0.142,0.614,0,0,eGFP1
5163,15:35:39,0.084,0.512,0,0,eGFP1
5164,15:35:39,0.084,0.534,0,0,eGFP1
5165,15:35:40,0.117,0.665,0,0,eGFP1
5166,15:35:41,0.106,0.611,0,0,eGFP1
5167,15:35:41,0.095,0.556,0,0,eGFP1
5168,15:35:42,0.084,0.578,0,0,eGFP1
5169,15:35:43,0.106,0.676,0,0,eGFP1
5170,15:35:43,0.119,0.547,0,0,eGFP1
5171,15:35:44,0.073,0.457,0,0,eGFP1
5172,15:35:44,0.073,0.655,0,0,eGFP1
5173,15:35:45,0.117,0.577,0,0,eGFP1
5174,15:35:45,0.074,0.491,0,0,eGFP1
5175,15:35:46,0.107,0.711,0,0,eGFP1
5176,15:35:47,0.127,0.577,0,0,eGFP1
5177,15:35:47,0.084,0.491,0,0,eGFP1
5178,15:35:48,0.106,0.731,0,0,eGFP1
5179,15:35:48,0.096,0.557,0,0,eGFP1
5180,15:35:49,0.084,0.501,0,0,eGFP1
5181,15:35:50,0.117,0.677,0,0,eGFP1
5182,15:35:50,0.095,0.501,0,0,eGFP1
5183,15:35:51,0.084,0.578,0,0,eGFP1
5184,15:35:51,0.128,0.754,0,0,eGFP1
5185,15:35:52,0.128,0.720,0,0,eGFP1
5186,15:35:53,0.106,0.589,0,0,eGFP1
5187,15:35:53,0.097,0.579,0,0,eGFP1
5188,15:35:54,0.096,0.546,0,0,eGFP1
5189,15:35:54,0.085,0.502,0,0,eGFP1
5190,15:35:55,0.084,0.556,0,0,eGFP1
5191,15:35:56,0.117,0.732,0,0,eGFP1
5192,15:35:56,0.117,0.665,0,0,eGFP1
5193,15:35:57,0.128,0.732,0,0,eGFP1
5194,15:35:58,0.139,0.622,0,0,eGFP1
5195,15:35:58,0.085,0.546,0,0,eGFP1
5196,15:35:59,0.106,0.589,0,0,eGFP1
5197,15:35:59,0.095,0.556,0,0,eGFP1
5198,15:36:00,0.084,0.490,0,0,eGFP1
5199,15:36:00,0.096,0.545,0,0,eGFP1
5200,15:36:01,0.085,0.556,0,0,eGFP1
5201,15:36:02,0.118,0.754,0,0,eGFP1
5202,15:36:02,0.139,0.677,0,0,eGFP1
5203,15:36:03,0.098,0.504,0,0,eGFP1
5204,15:36:03,0.084,0.567,0,0,eGFP1
5205,15:36:04,0.128,0.742,0,0,eGFP1
5206,15:36:05,0.107,0.578,0,0,eGFP1
5207,15:36:05,0.107,0.699,0,0,eGFP1
5208,15:36:06,0.117,0.545,0,0,eGFP1
5209,15:36:07,0.084,0.578,0,0,eGFP1
5210,15:36:07,0.106,0.589,0,0,eGFP1
5211,15:36:08,0.095,0.644,0,0,eGFP1
5212,15:36:09,0.130,0.755,0,0,eGFP1
5213,15:36:09,0.106,0.611,0,0,eGFP1
5214,15:36:10,0.095,0.655,0,0,eGFP1
5215,15:36:10,0.128,0.666,0,0,eGFP1
5216,15:36:11,0.095,0.490,0,0,eGFP1
5217,15:36:12,0.086,0.612,0,0,eGFP1
5218,15:36:12,0.139,0.699,0,0,eGFP1
5219,15:36:13,0.095,0.556,0,0,eGFP1
5220,15:36:13,0.097,0.623,0,0,eGFP1
5221,15:36:14,0.129,0.776,0,0,eGFP1
5222,15:36:15,0.128,0.633,0,0,eGFP1
5223,15:36:16,0.095,0.710,0,0,eGFP1
5224,15:36:16,0.128,0.611,0,0,eGFP1
5225,15:36:17,0.084,0.468,0,0,eGFP1
5226,15:36:17,0.084,0.688,0,0,eGFP1
5227,15:36:18,0.139,0.666,0,0,eGFP1
5228,15:36:19,0.096,0.568,0,0,eGFP1
5229,15:36:19,0.085,0.502,0,0,eGFP1
5230,15:36:20,0.084,0.687,0,0,eGFP1
5231,15:36:20,0.130,0.668,0,0,eGFP1
5232,15:36:21,0.095,0.512,0,0,eGFP1
5233,15:36:21,0.073,0.501,0,0,eGFP1
5234,15:36:22,0.095,0.798,0,0,eGFP1
5235,15:36:23,0.128,0.611,0,0,eGFP1
5236,15:36:24,0.096,0.788,0,0,eGFP1
5237,15:36:24,0.139,0.611,0,0,eGFP1
5238,15:36:25,0.084,0.468,0,0,eGFP1
5239,15:36:25,0.085,0.557,0,0,eGFP1
5240,15:36:26,0.106,0.665,0,0,eGFP1
5241,15:36:27,0.096,0.623,0,0,eGFP1
5242,15:36:27,0.117,0.775,0,0,eGFP1
5243,15:36:28,0.139,0.688,0,0,eGFP1
5244,15:36:29,0.106,0.699,0,0,eGFP1
5245,15:36:29,0.109,0.537,0,0,eGFP1
5246,15:36:30,0.073,0.435,0,0,eGFP1
5247,15:36:30,0.085,0.623,0,0,eGFP1
5248,15:36:31,0.139,0.687,0,0,eGFP1
5249,15:36:31,0.085,0.491,0,0,eGFP1
5250,15:36:32,0.095,0.721,0,0,eGFP1
5251,15:36:33,0.106,0.534,0,0,eGFP1
5252,15:36:33,0.084,0.677,0,0,eGFP1
5253,15:36:34,0.130,0.634,0,0,eGFP1
5254,15:36:35,0.085,0.469,0,0,eGFP1
5255,15:36:35,0.095,0.721,0,0,eGFP1
5256,15:36:36,0.150,0.797,0,0,eGFP1
5257,15:36:37,0.096,0.491,0,0,eGFP1
5258,15:36:37,0.075,0.514,0,0,eGFP1
5259,15:36:38,0.095,0.688,0,0,eGFP1
5260,15:36:38,0.117,0.688,0,0,eGFP1
5261,15:36:39,0.129,0.755,0,0,eGFP1
5262,15:36:40,0.128,0.743,0,0,eGFP1
5263,15:36:41,0.117,0.633,0,0,eGFP1
5264,15:36:41,0.095,0.611,0,0,eGFP1
5265,15:36:42,0.128,0.666,0,0,eGFP1
5266,15:36:42,0.095,0.490,0,0,eGFP1
5267,15:36:43,0.085,0.633,0,0,eGFP1
5268,15:36:44,0.140,0.875,0,0,eGFP1
5269,15:36:44,0.128,0.611,0,0,eGFP1
5270,15:36:45,0.094,0.610,0,0,eGFP1
5271,15:36:46,0.117,0.655,0,0,eGFP1
5272,15:36:46,0.119,0.712,0,0,eGFP1
5273,15:36:47,0.139,0.753,0,0,eGFP1
5274,15:36:48,0.096,0.535,0,0,eGFP1
5275,15:36:48,0.095,0.644,0,0,eGFP1
5276,15:36:49,0.106,0.556,0,0,eGFP1
5277,15:36:49,0.085,0.491,0,0,eGFP1
5278,15:36:50,0.097,0.503,0,0,eGFP1
5279,15:36:50,0.095,0.567,0,0,eGFP1
5280,15:36:51,0.139,0.820,0,0,eGFP1
5281,15:36:52,0.128,0.633,0,0,eGFP1
5282,15:36:52,0.085,0.491,0,0,eGFP1
5283,15:36:53,0.095,0.797,0,0,eGFP1
5284,15:36:54,0.140,0.645,0,0,eGFP1
5285,15:36:54,0.084,0.468,0,0,eGFP1
5286,15:36:55,0.077,0.494,0,0,eGFP1
5287,15:36:56,0.106,0.743,0,0,eGFP1
5288,15:36:56,0.117,0.644,0,0,eGFP1
5289,15:36:57,0.095,0.523,0,0,eGFP1
5290,15:36:57,0.096,0.634,0,0,eGFP1
5291,15:36:58,0.128,0.798,0,0,eGFP1
5292,15:36:59,0.117,0.677,0,0,eGFP1
5293,15:37:00,0.106,0.688,0,0,eGFP1
5294,15:37:00,0.108,0.547,0,0,eGFP1
5295,15:37:01,0.073,0.457,0,0,eGFP1
5296,15:37:01,0.085,0.711,0,0,eGFP1
5297,15:37:02,0.128,0.655,0,0,eGFP1
5298,15:37:02,0.084,0.512,0,0,eGFP1
5299,15:37:05,0.107,2.126,0,0,eGFP1
5300,15:39:15,130.168,130.936,0,0,eGFP1
5301,15:39:17,0.491,1.193,0,0,eGFP1
5302,15:39:18,0.129,0.886,0,0,eGFP1
5303,15:39:19,0.199,1.274,0,0,eGFP1
5304,15:39:19,0.140,0.688,0,0,eGFP1
5305,15:39:20,0.129,0.612,0,0,eGFP1
5306,15:39:21,0.084,0.622,0,0,eGFP1
5307,15:39:21,0.096,0.535,0,0,eGFP1
5308,15:39:22,0.106,0.666,0,0,eGFP1
5309,15:39:22,0.118,0.578,0,0,eGFP1
5310,15:39:23,0.085,0.546,0,0,eGFP1
5311,15:39:24,0.098,0.657,0,0,eGFP1
5312,15:39:24,0.107,0.524,0,0,eGFP1
5313,15:39:25,0.106,0.666,0,0,eGFP1
5314,15:39:26,0.130,0.624,0,0,eGFP1
5315,15:39:26,0.085,0.480,0,0,eGFP1
5316,15:39:26,0.073,0.479,0,0,eGFP1
5317,15:39:27,0.107,0.842,0,0,eGFP1
5318,15:39:30,0.162,2.247,0,0,eGFP1
5319,15:39:30,0.130,0.657,0,0,eGFP1
5320,15:39:31,0.117,0.732,0,0,eGFP1
5321,15:39:32,0.139,0.798,0,0,eGFP1
5322,15:39:32,0.128,0.622,0,0,eGFP1
5323,15:39:33,0.085,0.491,0,0,eGFP1
5324,15:39:34,0.096,0.666,0,0,eGFP1
5325,15:39:34,0.129,0.612,0,0,eGFP1
5326,15:39:35,0.085,0.469,0,0,eGFP1
5327,15:39:35,0.086,0.678,0,0,eGFP1
5328,15:39:36,0.130,0.613,0,0,eGFP1
5329,15:39:36,0.074,0.447,0,0,eGFP1
5330,15:39:37,0.074,0.535,0,0,eGFP1
5331,15:39:38,0.096,0.699,0,0,eGFP1
5332,15:39:38,0.107,0.524,0,0,eGFP1
5333,15:39:39,0.074,0.469,0,0,eGFP1
5334,15:39:39,0.084,0.600,0,0,eGFP1
5335,15:39:40,0.107,0.612,0,0,eGFP1
5336,15:39:40,0.086,0.503,0,0,eGFP1
5337,15:39:41,0.096,0.524,0,0,eGFP1
5338,15:39:41,0.095,0.567,0,0,eGFP1
5339,15:39:42,0.107,0.557,0,0,eGFP1
5340,15:39:42,0.085,0.546,0,0,eGFP1
5341,15:39:43,0.089,0.506,0,0,eGFP1
5342,15:39:44,0.085,0.667,0,0,eGFP1
5343,15:39:44,0.106,0.556,0,0,eGFP1
5344,15:39:45,0.087,0.569,0,0,eGFP1
5345,15:39:45,0.107,0.524,0,0,eGFP1
5346,15:39:46,0.085,0.502,0,0,eGFP1
5347,15:39:46,0.096,0.656,0,0,eGFP1
5348,15:39:47,0.117,0.600,0,0,eGFP1
5349,15:39:48,0.085,0.480,0,0,eGFP1
5350,15:39:48,0.085,0.634,0,0,eGFP1
5351,15:39:49,0.128,0.677,0,0,eGFP1
5352,15:39:49,0.086,0.547,0,0,eGFP1
5353,15:39:50,0.085,0.579,0,0,eGFP1
5354,15:39:51,0.129,0.688,0,0,eGFP1
5355,15:39:51,0.087,0.526,0,0,eGFP1
5356,15:39:52,0.106,0.644,0,0,eGFP1
5357,15:39:52,0.096,0.502,0,0,eGFP1
5358,15:39:53,0.074,0.568,0,0,eGFP1
5359,15:39:54,0.118,0.633,0,0,eGFP1
5360,15:39:54,0.098,0.558,0,0,eGFP1
5361,15:39:55,0.096,0.601,0,0,eGFP1
5362,15:39:55,0.096,0.513,0,0,eGFP1
5363,15:39:56,0.085,0.469,0,0,eGFP1
5364,15:39:56,0.085,0.601,0,0,eGFP1
5365,15:39:57,0.139,0.688,0,0,eGFP1
5366,15:39:57,0.085,0.458,0,0,eGFP1
5367,15:39:58,0.085,0.853,0,0,eGFP1
5368,15:39:59,0.173,0.744,0,0,eGFP1
5369,15:40:00,0.087,0.581,0,0,eGFP1
5370,15:40:00,0.118,0.601,0,0,eGFP1
5371,15:40:01,0.085,0.480,0,0,eGFP1
5372,15:40:02,0.097,0.975,0,0,eGFP1
5373,15:40:02,0.162,0.677,0,0,eGFP1
5374,15:40:03,0.085,0.448,0,0,eGFP1
5375,15:40:03,0.074,0.677,0,0,eGFP1
5376,15:40:04,0.129,0.590,0,0,eGFP1
5377,15:40:05,0.086,0.668,0,0,eGFP1
5378,15:40:05,0.118,0.590,0,0,eGFP1
5379,15:40:06,0.085,0.458,0,0,eGFP1
5380,15:40:06,0.085,0.623,0,0,eGFP1
5381,15:40:07,0.106,0.556,0,0,eGFP1
5382,15:40:07,0.074,0.480,0,0,eGFP1
5383,15:40:08,0.098,0.800,0,0,eGFP1
5384,15:40:09,0.140,0.700,0,0,eGFP1
5385,15:40:10,0.174,0.865,0,0,eGFP1
5386,15:40:10,0.107,0.667,0,0,eGFP1
5387,15:40:11,0.107,0.524,0,0,eGFP1
5388,15:40:11,0.085,0.480,0,0,eGFP1
5389,15:40:12,0.096,0.623,0,0,eGFP1
5390,15:40:13,0.107,0.556,0,0,eGFP1
5391,15:40:13,0.075,0.546,0,0,eGFP1
5392,15:40:14,0.118,0.656,0,0,eGFP1
5393,15:40:14,0.098,0.569,0,0,eGFP1
5394,15:40:15,0.096,0.634,0,0,eGFP1
5395,15:40:16,0.107,0.656,0,0,eGFP1
5396,15:40:16,0.107,0.535,0,0,eGFP1
5397,15:40:17,0.086,0.459,0,0,eGFP1
5398,15:40:17,0.085,0.722,0,0,eGFP1
5399,15:40:18,0.162,0.732,0,0,eGFP1
5400,15:40:19,0.096,0.513,0,0,eGFP1
5401,15:40:19,0.086,0.535,0,0,eGFP1
5402,15:40:20,0.109,0.647,0,0,eGFP1
5403,15:40:20,0.107,0.611,0,0,eGFP1
5404,15:40:21,0.107,0.623,0,0,eGFP1
5405,15:40:22,0.118,0.623,0,0,eGFP1
5406,15:40:22,0.118,0.711,0,0,eGFP1
5407,15:40:23,0.118,0.590,0,0,eGFP1
5408,15:40:23,0.085,0.458,0,0,eGFP1
5409,15:40:24,0.074,0.502,0,0,eGFP1
5410,15:40:25,0.097,0.679,0,0,eGFP1
5411,15:40:25,0.108,0.569,0,0,eGFP1
5412,15:40:26,0.085,0.557,0,0,eGFP1
5413,15:40:26,0.129,0.722,0,0,eGFP1
5414,15:40:27,0.118,0.546,0,0,eGFP1
5415,15:40:27,0.085,0.458,0,0,eGFP1
5416,15:40:28,0.074,0.579,0,0,eGFP1
5417,15:40:29,0.118,0.722,0,0,eGFP1
5418,15:40:29,0.108,0.580,0,0,eGFP1
5419,15:40:30,0.107,0.831,0,0,eGFP1
5420,15:40:31,0.118,0.568,0,0,eGFP1
5421,15:40:31,0.086,0.579,0,0,eGFP1
5422,15:40:32,0.118,0.733,0,0,eGFP1
5423,15:40:33,0.107,0.656,0,0,eGFP1
5424,15:40:33,0.097,0.591,0,0,eGFP1
5425,15:40:34,0.085,0.557,0,0,eGFP1
5426,15:40:35,0.098,0.624,0,0,eGFP1
5427,15:40:35,0.108,0.579,0,0,eGFP1
5428,15:40:36,0.086,0.546,0,0,eGFP1
5429,15:40:36,0.086,0.590,0,0,eGFP1
5430,15:40:37,0.129,0.722,0,0,eGFP1
5431,15:40:38,0.107,0.733,0,0,eGFP1
5432,15:40:38,0.129,0.612,0,0,eGFP1
5433,15:40:39,0.097,0.503,0,0,eGFP1
5434,15:40:40,0.085,0.721,0,0,eGFP1
5435,15:40:40,0.120,0.603,0,0,eGFP1
5436,15:40:41,0.085,0.491,0,0,eGFP1
5437,15:40:41,0.085,0.689,0,0,eGFP1
5438,15:40:42,0.152,0.767,0,0,eGFP1
5439,15:40:43,0.107,0.590,0,0,eGFP1
5440,15:40:43,0.085,0.513,0,0,eGFP1
5441,15:40:44,0.085,0.535,0,0,eGFP1
5442,15:40:45,0.118,0.853,0,0,eGFP1
5443,15:40:45,0.153,0.767,0,0,eGFP1
5444,15:40:46,0.107,0.524,0,0,eGFP1
5445,15:40:46,0.086,0.514,0,0,eGFP1
5446,15:40:47,0.107,0.699,0,0,eGFP1
5447,15:40:48,0.119,0.547,0,0,eGFP1
5448,15:40:48,0.074,0.480,0,0,eGFP1
5449,15:40:49,0.107,0.678,0,0,eGFP1
5450,15:40:49,0.118,0.645,0,0,eGFP1
5451,15:40:50,0.097,0.536,0,0,eGFP1
5452,15:40:51,0.109,0.679,0,0,eGFP1
5453,15:40:51,0.108,0.623,0,0,eGFP1
5454,15:40:52,0.086,0.492,0,0,eGFP1
5455,15:40:52,0.096,0.524,0,0,eGFP1
5456,15:40:53,0.096,0.623,0,0,eGFP1
5457,15:40:54,0.140,0.777,0,0,eGFP1
5458,15:40:54,0.118,0.623,0,0,eGFP1
5459,15:40:55,0.130,0.778,0,0,eGFP1
5460,15:40:56,0.107,0.535,0,0,eGFP1
5461,15:40:56,0.085,0.557,0,0,eGFP1
5462,15:40:57,0.107,0.930,0,0,eGFP1
5463,15:40:58,0.108,0.547,0,0,eGFP1
5464,15:40:58,0.085,0.645,0,0,eGFP1
5465,15:41:05,0.129,6.593,0,0,eGFP1
5466,15:41:06,0.778,1.425,0,0,eGFP1
5467,15:41:07,0.107,0.656,0,0,eGFP1
5468,15:41:07,0.098,0.493,0,0,eGFP1
5469,15:41:08,0.074,0.491,0,0,eGFP1
5470,15:41:08,0.075,0.459,0,0,eGFP1
5471,15:41:09,0.085,0.568,0,0,eGFP1
5472,15:41:09,0.096,0.491,0,0,eGFP1
5473,15:41:10,0.075,0.590,0,0,eGFP1
5474,15:41:11,0.119,0.591,0,0,eGFP1
5475,15:41:11,0.085,0.524,0,0,eGFP1
5476,15:41:12,0.076,0.591,0,0,eGFP1
5477,15:41:12,0.108,0.547,0,0,eGFP1
5478,15:41:13,0.085,0.513,0,0,eGFP1
5479,15:41:13,0.085,0.568,0,0,eGFP1
5480,15:41:14,0.098,0.647,0,0,eGFP1
5481,15:41:15,0.129,0.645,0,0,eGFP1
5482,15:41:15,0.074,0.502,0,0,eGFP1
5483,15:41:16,0.085,0.513,0,0,eGFP1
5484,15:41:16,0.076,0.460,0,0,eGFP1
5485,15:41:17,0.075,0.547,0,0,eGFP1
5486,15:41:17,0.118,0.557,0,0,eGFP1
5487,15:41:18,0.085,0.491,0,0,eGFP1
5488,15:41:18,0.086,0.503,0,0,eGFP1
5489,15:41:19,0.096,0.601,0,0,eGFP1
5490,15:41:19,0.096,0.535,0,0,eGFP1
5491,15:41:20,0.097,0.601,0,0,eGFP1
5492,15:41:20,0.098,0.515,0,0,eGFP1
5493,15:41:21,0.075,0.481,0,0,eGFP1
5494,15:41:22,0.087,0.702,0,0,eGFP1
5495,15:41:22,0.118,0.557,0,0,eGFP1
5496,15:41:23,0.075,0.459,0,0,eGFP1
5497,15:41:23,0.085,0.689,0,0,eGFP1
5498,15:41:24,0.140,0.689,0,0,eGFP1
5499,15:41:25,0.085,0.469,0,0,eGFP1
5500,15:41:25,0.075,0.492,0,0,eGFP1
5501,15:41:26,0.119,0.756,0,0,eGFP1
5502,15:41:26,0.107,0.546,0,0,eGFP1
5503,15:41:27,0.097,0.536,0,0,eGFP1
5504,15:41:27,0.085,0.557,0,0,eGFP1
5505,15:41:28,0.107,0.557,0,0,eGFP1
5506,15:41:28,0.084,0.512,0,0,eGFP1
5507,15:41:29,0.095,0.699,0,0,eGFP1
5508,15:41:30,0.127,0.610,0,0,eGFP1
5509,15:41:30,0.074,0.513,0,0,eGFP1
5510,15:41:31,0.116,0.775,0,0,eGFP1
5511,15:41:32,0.116,0.588,0,0,eGFP1
5512,15:41:32,0.106,0.720,0,0,eGFP1
5513,15:41:33,0.116,0.632,0,0,eGFP1
5514,15:41:34,0.095,0.512,0,0,eGFP1
5515,15:41:34,0.083,0.577,0,0,eGFP1
5516,15:41:35,0.127,1.071,0,0,eGFP1
5517,15:41:41,0.326,5.857,0,0,eGFP1
5518,15:41:42,0.117,0.600,0,0,eGFP1
5519,15:41:43,0.105,1.246,0,0,eGFP1
5520,15:41:44,0.183,0.797,0,0,eGFP1
5521,15:41:44,0.206,0.732,0,0,eGFP1
5522,15:41:45,0.084,0.600,0,0,eGFP1
5523,15:41:46,0.083,0.577,0,0,eGFP1
5524,15:41:46,0.105,0.511,0,0,eGFP1
5525,15:41:47,0.073,0.457,0,0,eGFP1
5526,15:41:47,0.126,0.818,0,0,eGFP1
5527,15:41:48,0.127,0.829,0,0,eGFP1
5528,15:41:49,0.117,0.545,0,0,eGFP1
5529,15:41:49,0.083,0.489,0,0,eGFP1
5530,15:41:50,0.084,0.589,0,0,eGFP1
5531,15:41:50,0.094,0.478,0,0,eGFP1
5532,15:41:51,0.073,0.479,0,0,eGFP1
5533,15:41:51,0.105,0.665,0,0,eGFP1
5534,15:41:52,0.107,0.524,0,0,eGFP1
5535,15:41:52,0.074,0.480,0,0,eGFP1
5536,15:41:53,0.094,0.621,0,0,eGFP1
5537,15:41:54,0.095,0.567,0,0,eGFP1
5538,15:41:54,0.083,0.588,0,0,eGFP1
5539,15:41:55,0.094,0.610,0,0,eGFP1
5540,15:41:55,0.106,0.545,0,0,eGFP1
5541,15:41:56,0.072,0.511,0,0,eGFP1
5542,15:41:57,0.107,0.667,0,0,eGFP1
5543,15:41:57,0.105,0.555,0,0,eGFP1
5544,15:41:58,0.106,0.665,0,0,eGFP1
5545,15:41:58,0.095,0.534,0,0,eGFP1
5546,15:41:59,0.094,0.698,0,0,eGFP1
5547,15:42:00,0.127,0.654,0,0,eGFP1
5548,15:42:00,0.084,0.479,0,0,eGFP1
5549,15:42:01,0.074,0.535,0,0,eGFP1
5550,15:42:01,0.118,0.743,0,0,eGFP1
5551,15:42:02,0.117,0.577,0,0,eGFP1
5552,15:42:03,0.084,0.589,0,0,eGFP1
5553,15:42:03,0.094,0.654,0,0,eGFP1
5554,15:42:04,0.106,0.523,0,0,eGFP1
5555,15:42:04,0.084,0.577,0,0,eGFP1
5556,15:42:05,0.106,0.589,0,0,eGFP1
5557,15:42:05,0.083,0.457,0,0,eGFP1
5558,15:42:06,0.072,0.610,0,0,eGFP1
5559,15:42:07,0.118,0.623,0,0,eGFP1
5560,15:42:07,0.083,0.478,0,0,eGFP1
5561,15:42:08,0.095,0.709,0,0,eGFP1
5562,15:42:09,0.139,0.688,0,0,eGFP1
5563,15:42:09,0.096,0.546,0,0,eGFP1
5564,15:42:10,0.083,0.522,0,0,eGFP1
5565,15:42:10,0.106,0.567,0,0,eGFP1
5566,15:42:11,0.094,0.500,0,0,eGFP1
5567,15:42:11,0.085,0.634,0,0,eGFP1
5568,15:42:12,0.128,0.687,0,0,eGFP1
5569,15:42:13,0.084,0.534,0,0,eGFP1
5570,15:42:13,0.094,0.632,0,0,eGFP1
5571,15:42:14,0.095,0.479,0,0,eGFP1
5572,15:42:14,0.084,0.731,0,0,eGFP1
5573,15:42:15,0.139,0.676,0,0,eGFP1
5574,15:42:16,0.106,0.589,0,0,eGFP1
5575,15:42:16,0.096,0.524,0,0,eGFP1
5576,15:42:17,0.095,0.523,0,0,eGFP1
5577,15:42:17,0.096,0.600,0,0,eGFP1
5578,15:42:18,0.128,0.754,0,0,eGFP1
5579,15:42:19,0.105,0.522,0,0,eGFP1
5580,15:42:19,0.095,0.633,0,0,eGFP1
5581,15:42:20,0.138,0.687,0,0,eGFP1
5582,15:42:21,0.095,0.665,0,0,eGFP1
5583,15:42:21,0.118,0.656,0,0,eGFP1
5584,15:42:22,0.095,0.567,0,0,eGFP1
5585,15:42:22,0.094,0.566,0,0,eGFP1
5586,15:42:23,0.084,0.512,0,0,eGFP1
5587,15:42:24,0.095,0.698,0,0,eGFP1
5588,15:42:24,0.106,0.556,0,0,eGFP1
5589,15:42:25,0.084,0.512,0,0,eGFP1
5590,15:42:25,0.085,0.579,0,0,eGFP1
5591,15:42:26,0.105,0.720,0,0,eGFP1
5592,15:42:27,0.129,0.678,0,0,eGFP1
5593,15:42:27,0.127,0.709,0,0,eGFP1
5594,15:42:28,0.106,0.632,0,0,eGFP1
5595,15:42:29,0.117,0.633,0,0,eGFP1
5596,15:42:29,0.095,0.523,0,0,eGFP1
5597,15:42:30,0.094,0.555,0,0,eGFP1
5598,15:42:30,0.106,0.600,0,0,eGFP1
5599,15:42:31,0.106,0.676,0,0,eGFP1
5600,15:42:32,0.107,0.645,0,0,eGFP1
5601,15:42:32,0.106,0.545,0,0,eGFP1
5602,15:42:33,0.095,0.523,0,0,eGFP1
5603,15:42:33,0.083,0.522,0,0,eGFP1
5604,15:42:34,0.107,0.733,0,0,eGFP1
5605,15:42:34,0.128,0.578,0,0,eGFP1
5606,15:42:35,0.083,0.456,0,0,eGFP1
5607,15:42:36,0.084,0.644,0,0,eGFP1
5608,15:42:36,0.118,0.546,0,0,eGFP1
5609,15:42:37,0.084,0.490,0,0,eGFP1
5610,15:42:37,0.095,0.786,0,0,eGFP1
5611,15:42:38,0.128,0.698,0,0,eGFP1
5612,15:42:39,0.117,0.556,0,0,eGFP1
5613,15:42:39,0.073,0.468,0,0,eGFP1
5614,15:42:40,0.084,0.611,0,0,eGFP1
5615,15:42:40,0.117,0.709,0,0,eGFP1
5616,15:42:41,0.118,0.579,0,0,eGFP1
5617,15:42:42,0.095,0.556,0,0,eGFP1
5618,15:42:42,0.118,0.722,0,0,eGFP1
5619,15:42:43,0.083,0.501,0,0,eGFP1
5620,15:42:43,0.094,0.654,0,0,eGFP1
5621,15:42:44,0.128,0.611,0,0,eGFP1
5622,15:42:45,0.084,0.566,0,0,eGFP1
5623,15:42:45,0.106,0.556,0,0,eGFP1
5624,15:42:46,0.095,0.633,0,0,eGFP1
5625,15:42:47,0.140,0.754,0,0,eGFP1
5626,15:42:47,0.117,0.710,0,0,eGFP1
5627,15:42:48,0.106,0.555,0,0,eGFP1
5628,15:42:48,0.084,0.622,0,0,eGFP1
5629,15:42:49,0.161,0.764,0,0,eGFP1
5630,15:42:50,0.095,0.578,0,0,eGFP1
5631,15:42:50,0.106,0.688,0,0,eGFP1
5632,15:42:51,0.118,0.590,0,0,eGFP1
5633,15:42:52,0.085,0.524,0,0,eGFP1
5634,15:42:52,0.106,0.731,0,0,eGFP1
5635,15:42:53,0.106,0.633,0,0,eGFP1
5636,15:42:53,0.084,0.523,0,0,eGFP1
5637,15:42:54,0.084,0.676,0,0,eGFP1
5638,15:42:55,0.128,0.644,0,0,eGFP1
5639,15:42:55,0.084,0.501,0,0,eGFP1
5640,15:46:04,0.106,188.409,0,0,eGFP1
5641,15:46:05,0.107,0.865,0,0,eGFP1
5642,15:46:05,0.215,0.775,0,0,eGFP1
5643,15:46:06,0.084,0.512,0,0,eGFP1
5644,15:46:07,0.095,0.709,0,0,eGFP1
5645,15:46:07,0.095,0.523,0,0,eGFP1
5646,15:46:08,0.086,0.634,0,0,eGFP1
5647,15:46:10,0.304,2.257,0,0,eGFP1
5648,15:46:10,0.271,0.501,0,0,eGFP1
5649,15:46:12,0.481,1.128,0,0,eGFP1
5650,15:46:12,0.238,0.808,0,0,eGFP1
5651,15:46:13,0.106,0.732,0,0,eGFP1
5652,15:46:14,0.106,0.534,0,0,eGFP1
5653,15:46:14,0.073,0.501,0,0,eGFP1
5654,15:46:15,0.084,0.457,0,0,eGFP1
5655,15:46:15,0.073,0.446,0,0,eGFP1
5656,15:46:16,0.095,0.611,0,0,eGFP1
5657,15:46:16,0.106,0.567,0,0,eGFP1
5658,15:46:17,0.096,0.513,0,0,eGFP1
5659,15:46:17,0.106,0.688,0,0,eGFP1
5660,15:46:18,0.129,0.568,0,0,eGFP1
5661,15:46:19,0.084,0.501,0,0,eGFP1
5662,15:46:19,0.095,0.534,0,0,eGFP1
5663,15:46:19,0.073,0.435,0,0,eGFP1
5664,15:46:20,0.073,0.589,0,0,eGFP1
5665,15:46:21,0.150,0.742,0,0,eGFP1
5666,15:46:21,0.086,0.459,0,0,eGFP1
5667,15:46:22,0.084,0.633,0,0,eGFP1
5668,15:46:23,0.139,0.611,0,0,eGFP1
5669,15:46:23,0.084,0.479,0,0,eGFP1
5670,15:46:24,0.095,0.534,0,0,eGFP1
5671,15:46:24,0.084,0.534,0,0,eGFP1
5672,15:46:25,0.095,0.907,0,0,eGFP1
5673,15:46:26,0.206,0.755,0,0,eGFP1
5674,15:46:26,0.096,0.645,0,0,eGFP1
5675,15:46:27,0.095,0.479,0,0,eGFP1
5676,15:46:27,0.084,0.556,0,0,eGFP1
5677,15:46:28,0.117,0.644,0,0,eGFP1
5678,15:46:29,0.095,0.501,0,0,eGFP1
5679,15:46:29,0.084,0.512,0,0,eGFP1
5680,15:46:30,0.106,0.655,0,0,eGFP1
5681,15:46:30,0.106,0.534,0,0,eGFP1
5682,15:46:31,0.085,0.568,0,0,eGFP1
5683,15:46:31,0.106,0.611,0,0,eGFP1
5684,15:46:32,0.084,0.446,0,0,eGFP1
5685,15:46:32,0.074,0.436,0,0,eGFP1
5686,15:46:33,0.084,0.611,0,0,eGFP1
5687,15:46:34,0.118,0.601,0,0,eGFP1
5688,15:46:34,0.084,0.479,0,0,eGFP1
5689,15:46:35,0.095,0.787,0,0,eGFP1
5690,15:46:36,0.150,0.808,0,0,eGFP1
5691,15:46:37,0.162,1.512,0,0,eGFP1
5692,15:46:38,0.128,0.600,0,0,eGFP1
5693,15:46:38,0.095,0.710,0,0,eGFP1
5694,15:46:39,0.128,0.578,0,0,eGFP1
5695,15:46:40,0.073,0.523,0,0,eGFP1
5696,15:46:40,0.117,0.666,0,0,eGFP1
5697,15:46:41,0.084,0.501,0,0,eGFP1
5698,15:46:41,0.095,0.732,0,0,eGFP1
5699,15:46:42,0.118,0.601,0,0,eGFP1
5700,15:46:43,0.106,0.589,0,0,eGFP1
5701,15:46:43,0.107,0.579,0,0,eGFP1
5702,15:46:44,0.084,0.480,0,0,eGFP1
5703,15:46:44,0.084,0.742,0,0,eGFP1
5704,15:46:45,0.128,0.655,0,0,eGFP1
5705,15:46:46,0.073,0.479,0,0,eGFP1
5706,15:46:46,0.096,0.732,0,0,eGFP1
5707,15:46:47,0.130,0.634,0,0,eGFP1
5708,15:46:48,0.096,0.666,0,0,eGFP1
5709,15:46:48,0.106,0.501,0,0,eGFP1
5710,15:46:49,0.085,0.491,0,0,eGFP1
5711,15:46:49,0.084,0.567,0,0,eGFP1
5712,15:46:50,0.095,0.512,0,0,eGFP1
5713,15:46:50,0.073,0.490,0,0,eGFP1
5714,15:46:51,0.096,0.754,0,0,eGFP1
5715,15:46:51,0.131,0.592,0,0,eGFP1
5716,15:46:52,0.084,0.490,0,0,eGFP1
5717,15:46:53,0.106,0.984,0,0,eGFP1
5718,15:46:54,0.117,0.567,0,0,eGFP1
5719,15:46:54,0.085,0.568,0,0,eGFP1
5720,15:46:55,0.106,0.665,0,0,eGFP1
5721,15:46:55,0.096,0.557,0,0,eGFP1
5722,15:46:56,0.084,0.457,0,0,eGFP1
5723,15:46:56,0.084,0.666,0,0,eGFP1
5724,15:46:57,0.119,0.557,0,0,eGFP1
5725,15:46:58,0.085,0.546,0,0,eGFP1
5726,15:46:58,0.139,0.753,0,0,eGFP1
5727,15:46:59,0.096,0.502,0,0,eGFP1
5728,15:46:59,0.084,0.468,0,0,eGFP1
5729,15:47:00,0.075,0.558,0,0,eGFP1
5730,15:47:00,0.106,0.556,0,0,eGFP1
5731,15:47:01,0.084,0.819,0,0,eGFP1
5732,15:47:02,0.185,0.723,0,0,eGFP1
5733,15:47:02,0.084,0.457,0,0,eGFP1
5734,15:47:03,0.073,0.490,0,0,eGFP1
5735,15:47:03,0.107,0.600,0,0,eGFP1
5736,15:47:04,0.096,0.590,0,0,eGFP1
5737,15:47:05,0.117,0.611,0,0,eGFP1
5738,15:47:05,0.084,0.501,0,0,eGFP1
5739,15:47:06,0.096,0.688,0,0,eGFP1
5740,15:47:06,0.119,0.580,0,0,eGFP1
5741,15:47:07,0.095,0.501,0,0,eGFP1
5742,15:47:07,0.085,0.469,0,0,eGFP1
5743,15:47:08,0.085,0.568,0,0,eGFP1
5744,15:47:09,0.140,0.688,0,0,eGFP1
5745,15:47:09,0.085,0.469,0,0,eGFP1
5746,15:47:10,0.073,0.589,0,0,eGFP1
5747,15:47:10,0.117,0.677,0,0,eGFP1
5748,15:47:11,0.108,0.656,0,0,eGFP1
5749,15:47:12,0.129,0.710,0,0,eGFP1
5750,15:47:12,0.106,0.524,0,0,eGFP1
5751,15:47:13,0.073,0.534,0,0,eGFP1
5752,15:47:14,0.106,0.710,0,0,eGFP1
5753,15:47:14,0.095,0.479,0,0,eGFP1
5754,15:47:15,0.085,0.600,0,0,eGFP1
5755,15:47:15,0.151,0.699,0,0,eGFP1
5756,15:47:16,0.097,0.514,0,0,eGFP1
5757,15:47:16,0.108,0.678,0,0,eGFP1
5758,15:47:17,0.107,0.535,0,0,eGFP1
5759,15:47:18,0.084,0.523,0,0,eGFP1
5760,15:47:18,0.096,0.589,0,0,eGFP1
5761,15:47:19,0.107,0.612,0,0,eGFP1
5762,15:47:19,0.095,0.567,0,0,eGFP1
5763,15:47:20,0.084,0.501,0,0,eGFP1
5764,15:47:20,0.074,0.568,0,0,eGFP1
5765,15:47:21,0.140,0.722,0,0,eGFP1
5766,15:47:22,0.095,0.490,0,0,eGFP1
5767,15:47:22,0.074,0.502,0,0,eGFP1
5768,15:47:23,0.095,0.589,0,0,eGFP1
5769,15:47:23,0.107,0.600,0,0,eGFP1
5770,15:47:24,0.108,0.723,0,0,eGFP1
5771,15:47:25,0.117,0.710,0,0,eGFP1
5772,15:47:25,0.117,0.688,0,0,eGFP1
5773,15:47:26,0.108,0.580,0,0,eGFP1
5774,15:47:27,0.106,0.666,0,0,eGFP1
5775,15:47:27,0.117,0.600,0,0,eGFP1
5776,15:47:28,0.085,0.546,0,0,eGFP1
5777,15:47:28,0.095,0.578,0,0,eGFP1
5778,15:47:29,0.106,0.677,0,0,eGFP1
5779,15:47:30,0.140,0.611,0,0,eGFP1
5780,15:47:30,0.096,0.546,0,0,eGFP1
5781,15:47:31,0.106,0.688,0,0,eGFP1
5782,15:47:31,0.105,0.533,0,0,eGFP1
5783,15:47:32,0.074,0.535,0,0,eGFP1
5784,15:47:33,0.119,0.613,0,0,eGFP1
5785,15:47:33,0.084,0.446,0,0,eGFP1
5786,15:47:34,0.074,0.524,0,0,eGFP1
5787,15:47:34,0.128,0.732,0,0,eGFP1
5788,15:47:35,0.106,0.534,0,0,eGFP1
5789,15:47:35,0.085,0.579,0,0,eGFP1
5790,15:47:36,0.108,0.635,0,0,eGFP1
5791,15:47:37,0.095,0.589,0,0,eGFP1
5792,15:47:37,0.096,0.546,0,0,eGFP1
5793,15:47:38,0.084,0.578,0,0,eGFP1
5794,15:47:38,0.129,0.710,0,0,eGFP1
5795,15:47:39,0.107,0.546,0,0,eGFP1
5796,15:47:40,0.095,0.512,0,0,eGFP1
5797,15:47:40,0.096,0.689,0,0,eGFP1
5798,15:47:41,0.131,0.701,0,0,eGFP1
5799,15:47:41,0.097,0.503,0,0,eGFP1
5800,15:47:42,0.084,0.622,0,0,eGFP1
5801,15:47:43,0.150,0.732,0,0,eGFP1
5802,15:47:43,0.118,0.590,0,0,eGFP1
5803,15:47:44,0.095,0.600,0,0,eGFP1
5804,15:47:45,0.107,0.699,0,0,eGFP1
5805,15:47:45,0.107,0.623,0,0,eGFP1
5806,15:47:46,0.097,0.536,0,0,eGFP1
5807,15:47:46,0.084,0.512,0,0,eGFP1
5808,15:47:48,0.096,1.402,0,0,eGFP1
5809,15:47:50,1.720,2.367,0,0,eGFP1
5810,15:47:51,0.140,0.721,0,0,eGFP1
5811,15:47:53,0.239,1.775,0,0,eGFP1
5812,15:47:53,0.141,0.712,0,0,eGFP1
5813,15:47:54,0.106,0.589,0,0,eGFP1
5814,15:47:55,0.096,0.623,0,0,eGFP1
5815,15:47:55,0.097,0.547,0,0,eGFP1
5816,15:47:56,0.106,0.666,0,0,eGFP1
5817,15:47:56,0.107,0.579,0,0,eGFP1
5818,15:47:57,0.084,0.479,0,0,eGFP1
5819,15:47:57,0.085,0.700,0,0,eGFP1
5820,15:47:58,0.117,0.534,0,0,eGFP1
5821,15:47:58,0.074,0.480,0,0,eGFP1
5822,15:47:59,0.085,0.634,0,0,eGFP1
5823,15:48:00,0.097,0.514,0,0,eGFP1
5824,15:48:00,0.084,0.622,0,0,eGFP1
5825,15:48:01,0.129,0.645,0,0,eGFP1
5826,15:48:01,0.086,0.492,0,0,eGFP1
5827,15:48:02,0.074,0.491,0,0,eGFP1
5828,15:48:02,0.084,0.512,0,0,eGFP1
5829,15:48:03,0.096,0.546,0,0,eGFP1
5830,15:48:03,0.096,0.524,0,0,eGFP1
5831,15:48:04,0.100,1.011,0,0,eGFP1
5832,15:48:05,0.139,0.600,0,0,eGFP1
5833,15:48:06,0.085,0.513,0,0,eGFP1
5834,15:48:06,0.096,0.513,0,0,eGFP1
5835,15:48:07,0.074,0.403,0,0,eGFP1
5836,15:48:07,0.074,0.425,0,0,eGFP1
5837,15:48:08,0.096,0.601,0,0,eGFP1
5838,15:48:08,0.106,0.578,0,0,eGFP1
5839,15:48:09,0.088,0.527,0,0,eGFP1
5840,15:48:09,0.085,0.545,0,0,eGFP1
5841,15:48:10,0.085,0.469,0,0,eGFP1
5842,15:48:10,0.085,0.513,0,0,eGFP1
5843,15:48:11,0.107,0.711,0,0,eGFP1
5844,15:48:12,0.128,0.666,0,0,eGFP1
5845,15:48:12,0.085,0.480,0,0,eGFP1
5846,15:48:13,0.074,0.535,0,0,eGFP1
5847,15:48:13,0.096,0.666,0,0,eGFP1
5848,15:48:14,0.098,0.537,0,0,eGFP1
5849,15:48:14,0.084,0.534,0,0,eGFP1
5850,15:48:15,0.096,0.601,0,0,eGFP1
5851,15:48:15,0.096,0.502,0,0,eGFP1
5852,15:48:16,0.085,0.447,0,0,eGFP1
5853,15:48:17,0.086,0.668,0,0,eGFP1
5854,15:48:17,0.118,0.557,0,0,eGFP1
5855,15:48:18,0.085,0.502,0,0,eGFP1
5856,15:48:18,0.097,0.689,0,0,eGFP1
5857,15:48:19,0.096,0.524,0,0,eGFP1
5858,15:48:19,0.074,0.513,0,0,eGFP1
5859,15:48:20,0.107,0.733,0,0,eGFP1
5860,15:48:21,0.096,0.524,0,0,eGFP1
5861,15:48:21,0.074,0.524,0,0,eGFP1
5862,15:48:22,0.096,0.590,0,0,eGFP1
5863,15:48:22,0.096,0.557,0,0,eGFP1
5864,15:48:23,0.086,0.481,0,0,eGFP1
5865,15:48:23,0.085,0.557,0,0,eGFP1
5866,15:48:24,0.107,0.688,0,0,eGFP1
5867,15:48:25,0.131,0.690,0,0,eGFP1
5868,15:48:25,0.096,0.535,0,0,eGFP1
5869,15:48:26,0.074,0.546,0,0,eGFP1
5870,15:48:27,0.118,0.831,0,0,eGFP1
5871,15:48:27,0.118,0.557,0,0,eGFP1
5872,15:48:28,0.086,0.525,0,0,eGFP1
5873,15:48:28,0.107,0.601,0,0,eGFP1
5874,15:48:29,0.085,0.480,0,0,eGFP1
5875,15:48:29,0.074,0.612,0,0,eGFP1
5876,15:48:30,0.151,0.721,0,0,eGFP1
5877,15:48:31,0.096,0.568,0,0,eGFP1
5878,15:48:31,0.118,0.612,0,0,eGFP1
5879,15:48:32,0.107,0.579,0,0,eGFP1
5880,15:48:32,0.074,0.447,0,0,eGFP1
5881,15:48:33,0.066,0.527,0,0,eGFP1
5882,15:48:34,0.118,0.721,0,0,eGFP1
5883,15:48:34,0.107,0.546,0,0,eGFP1
5884,15:48:35,0.096,0.535,0,0,eGFP1
5885,15:48:35,0.096,0.579,0,0,eGFP1
5886,15:48:36,0.085,0.579,0,0,eGFP1
5887,15:48:37,0.568,1.643,0,0,eGFP1
5888,15:48:38,0.151,0.645,0,0,eGFP1
5889,15:48:39,0.086,0.602,0,0,eGFP1
5890,15:48:39,0.173,0.798,0,0,eGFP1
5891,15:48:40,0.086,0.590,0,0,eGFP1
5892,15:48:41,0.162,1.029,0,0,eGFP1
5893,15:48:42,0.107,0.535,0,0,eGFP1
5894,15:48:42,0.096,0.777,0,0,eGFP1
5895,15:48:43,0.119,0.624,0,0,eGFP1
5896,15:48:44,0.107,1.116,0,0,eGFP1
5897,15:48:46,0.493,2.150,0,0,eGFP1
5898,15:48:47,0.096,0.546,0,0,eGFP1
5899,15:48:47,0.085,0.513,0,0,eGFP1
5900,15:48:48,0.074,0.414,0,0,eGFP1
5901,15:48:48,0.064,0.481,0,0,eGFP1
5902,15:48:49,0.107,0.677,0,0,eGFP1
5903,15:48:49,0.107,0.612,0,0,eGFP1
5904,15:48:50,0.096,0.513,0,0,eGFP1
5905,15:48:50,0.087,0.482,0,0,eGFP1
5906,15:48:51,0.085,0.568,0,0,eGFP1
5907,15:48:52,0.085,0.524,0,0,eGFP1
5908,15:48:52,0.107,0.590,0,0,eGFP1
5909,15:48:53,0.086,0.481,0,0,eGFP1
5910,15:48:53,0.085,0.502,0,0,eGFP1
5911,15:48:54,0.086,0.689,0,0,eGFP1
5912,15:48:54,0.107,0.524,0,0,eGFP1
5913,15:48:55,0.086,0.612,0,0,eGFP1
5914,15:48:56,0.109,0.537,0,0,eGFP1
5915,15:48:56,0.074,0.491,0,0,eGFP1
5916,15:48:57,0.096,0.711,0,0,eGFP1
5917,15:48:57,0.107,0.623,0,0,eGFP1
5918,15:48:58,0.107,0.611,0,0,eGFP1
5919,15:48:58,0.097,0.514,0,0,eGFP1
5920,15:48:59,0.074,0.535,0,0,eGFP1
5921,15:49:00,0.107,0.645,0,0,eGFP1
5922,15:49:00,0.097,0.514,0,0,eGFP1
5923,15:49:01,0.093,0.510,0,0,eGFP1
5924,15:49:01,0.085,0.579,0,0,eGFP1
5925,15:49:02,0.107,0.568,0,0,eGFP1
5926,15:49:02,0.085,0.535,0,0,eGFP1
5927,15:49:03,0.086,0.492,0,0,eGFP1
5928,15:49:03,0.085,0.524,0,0,eGFP1
5929,15:49:04,0.096,0.678,0,0,eGFP1
5930,15:49:05,0.119,0.591,0,0,eGFP1
5931,15:49:05,0.074,0.513,0,0,eGFP1
5932,15:49:06,0.107,0.744,0,0,eGFP1
5933,15:49:07,0.118,0.612,0,0,eGFP1
5934,15:49:07,0.096,0.557,0,0,eGFP1
5935,15:49:08,0.096,0.579,0,0,eGFP1
5936,15:49:08,0.120,0.679,0,0,eGFP1
5937,15:49:09,0.107,0.546,0,0,eGFP1
5938,15:49:09,0.076,0.471,0,0,eGFP1
5939,15:49:10,0.096,0.623,0,0,eGFP1
5940,15:49:11,0.107,0.590,0,0,eGFP1
5941,15:49:11,0.107,0.678,0,0,eGFP1
5942,15:49:12,0.118,0.700,0,0,eGFP1
5943,15:49:12,0.096,0.513,0,0,eGFP1
5944,15:49:13,0.085,0.502,0,0,eGFP1
5945,15:49:14,0.086,0.557,0,0,eGFP1
5946,15:49:14,0.119,0.876,0,0,eGFP1
5947,15:49:15,0.130,0.580,0,0,eGFP1
5948,15:49:15,0.086,0.481,0,0,eGFP1
5949,15:49:16,0.074,0.480,0,0,eGFP1
5950,15:49:17,0.120,0.756,0,0,eGFP1
5951,15:49:17,0.118,0.590,0,0,eGFP1
5952,15:49:18,0.096,0.546,0,0,eGFP1
5953,15:49:18,0.086,0.492,0,0,eGFP1
5954,15:49:19,0.074,0.524,0,0,eGFP1
5955,15:49:20,0.109,0.679,0,0,eGFP1
5956,15:49:20,0.118,0.612,0,0,eGFP1
5957,15:49:21,0.097,0.722,0,0,eGFP1
5958,15:49:21,0.129,0.645,0,0,eGFP1
5959,15:49:22,0.085,0.491,0,0,eGFP1
5960,15:49:23,0.097,0.667,0,0,eGFP1
5961,15:49:23,0.119,0.634,0,0,eGFP1
5962,15:49:24,0.097,0.602,0,0,eGFP1
5963,15:49:24,0.086,0.514,0,0,eGFP1
5964,15:49:25,0.098,0.636,0,0,eGFP1
5965,15:49:26,0.107,0.524,0,0,eGFP1
5966,15:49:26,0.074,0.458,0,0,eGFP1
5967,15:49:27,0.097,0.843,0,0,eGFP1
5968,15:49:28,0.129,0.656,0,0,eGFP1
5969,15:49:28,0.096,0.579,0,0,eGFP1
5970,15:49:29,0.118,0.678,0,0,eGFP1
5971,15:49:29,0.098,0.515,0,0,eGFP1
5972,15:49:30,0.085,0.645,0,0,eGFP1
5973,15:49:31,0.118,0.634,0,0,eGFP1
5974,15:49:31,0.096,0.524,0,0,eGFP1
5975,15:49:32,0.086,0.591,0,0,eGFP1
5976,15:49:32,0.085,0.491,0,0,eGFP1
5977,15:49:33,0.074,0.535,0,0,eGFP1
5978,15:49:34,0.109,0.811,0,0,eGFP1
5979,15:49:34,0.130,0.645,0,0,eGFP1
5980,15:49:35,0.087,0.515,0,0,eGFP1
5981,15:49:35,0.086,0.590,0,0,eGFP1
5982,15:49:36,0.119,0.667,0,0,eGFP1
5983,15:49:36,0.109,0.515,0,0,eGFP1
5984,15:49:37,0.086,0.623,0,0,eGFP1
5985,15:49:38,0.152,0.722,0,0,eGFP1
5986,15:49:38,0.097,0.525,0,0,eGFP1
5987,15:49:39,0.107,0.678,0,0,eGFP1
5988,15:49:40,0.119,0.635,0,0,eGFP1
5989,15:49:40,0.085,0.492,0,0,eGFP1
5990,15:49:41,0.085,0.743,0,0,eGFP1
5991,15:49:42,0.141,0.667,0,0,eGFP1
5992,15:49:42,0.087,0.526,0,0,eGFP1
5993,15:49:43,0.097,0.700,0,0,eGFP1
5994,15:49:43,0.130,0.656,0,0,eGFP1
5995,15:49:44,0.086,0.580,0,0,eGFP1
5996,15:49:45,0.108,0.558,0,0,eGFP1
5997,15:49:45,0.086,0.547,0,0,eGFP1
5998,15:49:46,0.094,0.676,0,0,eGFP1
5999,15:49:46,0.116,0.621,0,0,eGFP1
6000,15:49:47,0.094,0.489,0,0,eGFP1
6001,15:49:47,0.073,0.545,0,0,eGFP1
6002,15:49:48,0.116,0.753,0,0,eGFP1
6003,15:49:49,0.138,0.731,0,0,eGFP1
6004,15:49:50,0.117,0.655,0,0,eGFP1
6005,15:49:50,0.116,0.819,0,0,eGFP1
6006,15:49:51,0.107,0.535,0,0,eGFP1
6007,15:49:52,0.083,0.588,0,0,eGFP1
6008,15:49:52,0.127,0.665,0,0,eGFP1
6009,15:49:53,0.105,0.522,0,0,eGFP1
6010,15:49:53,0.084,0.676,0,0,eGFP1
6011,15:49:54,0.150,0.731,0,0,eGFP1
6012,15:49:55,0.095,0.545,0,0,eGFP1
6013,15:49:55,0.096,0.688,0,0,eGFP1
6014,15:49:56,0.128,0.643,0,0,eGFP1
6015,15:49:57,0.095,0.589,0,0,eGFP1
6016,15:49:57,0.127,0.687,0,0,eGFP1
6017,15:49:58,0.116,0.577,0,0,eGFP1
6018,15:49:58,0.095,0.512,0,0,eGFP1
6019,15:49:59,0.106,0.622,0,0,eGFP1
6020,15:50:00,0.128,0.962,0,0,eGFP1
6021,15:50:01,0.139,0.644,0,0,eGFP1
6022,15:50:01,0.106,0.753,0,0,eGFP1
6023,15:50:02,0.106,0.599,0,0,eGFP1
6024,15:50:02,0.095,0.501,0,0,eGFP1
6025,15:50:03,0.095,0.698,0,0,eGFP1
6026,15:50:04,0.182,0.775,0,0,eGFP1
6027,15:50:04,0.094,0.599,0,0,eGFP1
6028,15:50:05,0.128,0.687,0,0,eGFP1
6029,15:50:06,0.107,0.557,0,0,eGFP1
6030,15:50:06,0.084,0.468,0,0,eGFP1
6031,15:50:07,0.094,0.687,0,0,eGFP1
6032,15:50:08,0.116,0.654,0,0,eGFP1
6033,15:50:08,0.118,0.700,0,0,eGFP1
6034,15:50:09,0.094,0.522,0,0,eGFP1
6035,15:50:09,0.084,0.589,0,0,eGFP1
6036,15:50:10,0.105,0.621,0,0,eGFP1
6037,15:50:11,0.083,0.522,0,0,eGFP1
6038,15:50:11,0.083,0.533,0,0,eGFP1
6039,15:50:12,0.116,0.928,0,0,eGFP1
6040,15:50:13,0.128,0.611,0,0,eGFP1
6041,15:50:13,0.083,0.511,0,0,eGFP1
6042,15:50:14,0.106,0.709,0,0,eGFP1
6043,15:50:15,0.128,0.753,0,0,eGFP1
6044,15:51:15,0.151,60.354,0,0,eGFP1
6045,15:51:16,0.281,0.874,0,0,eGFP1
6046,15:51:17,0.107,1.204,0,0,eGFP1
6047,15:51:18,0.184,0.810,0,0,eGFP1
6048,15:51:19,0.292,0.939,0,0,eGFP1
6049,15:51:19,0.106,0.567,0,0,eGFP1
6050,15:51:20,0.083,0.456,0,0,eGFP1
6051,15:51:20,0.095,0.710,0,0,eGFP1
6052,15:51:21,0.116,0.588,0,0,eGFP1
6053,15:51:22,0.095,0.621,0,0,eGFP1
6054,15:51:22,0.107,0.623,0,0,eGFP1
6055,15:51:23,0.095,0.479,0,0,eGFP1
6056,15:51:23,0.083,0.632,0,0,eGFP1
6057,15:51:24,0.117,0.578,0,0,eGFP1
6058,15:51:24,0.072,0.456,0,0,eGFP1
6059,15:51:25,0.084,0.589,0,0,eGFP1
6060,15:51:26,0.095,0.599,0,0,eGFP1
6061,15:51:26,0.085,0.480,0,0,eGFP1
6062,15:51:27,0.085,0.667,0,0,eGFP1
6063,15:51:27,0.150,0.720,0,0,eGFP1
6064,15:51:28,0.095,0.490,0,0,eGFP1
6065,15:51:29,0.084,0.610,0,0,eGFP1
6066,15:51:31,1.291,2.114,0,0,eGFP1
6067,15:51:32,0.238,0.819,0,0,eGFP1
6068,15:51:32,0.117,0.698,0,0,eGFP1
6069,15:51:33,0.194,0.655,0,0,eGFP1
6070,15:51:44,2.564,11.321,0,0,eGFP1
6071,15:51:45,0.129,0.754,0,0,eGFP1
6072,15:51:46,0.139,0.688,0,0,eGFP1
6073,15:51:46,0.094,0.577,0,0,eGFP1
6074,15:51:47,0.095,0.512,0,0,eGFP1
6075,15:51:47,0.074,0.480,0,0,eGFP1
6076,15:51:48,0.084,0.567,0,0,eGFP1
6077,15:51:48,0.094,0.522,0,0,eGFP1
6078,15:51:49,0.095,0.479,0,0,eGFP1
6079,15:51:49,0.074,0.513,0,0,eGFP1
6080,15:51:50,0.172,0.830,0,0,eGFP1
6081,15:51:51,0.095,0.644,0,0,eGFP1
6082,15:51:51,0.116,0.610,0,0,eGFP1
6083,15:51:52,0.084,0.435,0,0,eGFP1
6084,15:51:52,0.073,0.435,0,0,eGFP1
6085,15:51:53,0.084,0.545,0,0,eGFP1
6086,15:51:53,0.094,0.478,0,0,eGFP1
6087,15:51:54,0.075,0.470,0,0,eGFP1
6088,15:51:54,0.094,0.599,0,0,eGFP1
6089,15:51:55,0.125,0.619,0,0,eGFP1
6090,15:51:55,0.084,0.479,0,0,eGFP1
6091,15:51:56,0.073,0.501,0,0,eGFP1
6092,15:51:57,0.095,0.610,0,0,eGFP1
6093,15:51:57,0.095,0.501,0,0,eGFP1
6094,15:51:58,0.073,0.567,0,0,eGFP1
6095,15:51:58,0.118,0.700,0,0,eGFP1
6096,15:51:59,0.083,0.467,0,0,eGFP1
6097,15:51:59,0.073,0.435,0,0,eGFP1
6098,15:52:00,0.095,0.688,0,0,eGFP1
6099,15:52:00,0.095,0.501,0,0,eGFP1
6100,15:52:01,0.083,0.500,0,0,eGFP1
6101,15:52:02,0.095,0.622,0,0,eGFP1
6102,15:52:02,0.085,0.469,0,0,eGFP1
6103,15:52:03,0.095,0.984,0,0,eGFP1
6104,15:52:04,0.118,0.579,0,0,eGFP1
6105,15:52:04,0.084,0.523,0,0,eGFP1
6106,15:52:05,0.106,0.622,0,0,eGFP1
6107,15:52:05,0.094,0.457,0,0,eGFP1
6108,15:52:06,0.083,0.522,0,0,eGFP1
6109,15:52:06,0.095,0.589,0,0,eGFP1
6110,15:52:07,0.084,0.523,0,0,eGFP1
6111,15:52:08,0.106,0.720,0,0,eGFP1
6112,15:52:08,0.118,0.590,0,0,eGFP1
6113,15:52:09,0.084,0.523,0,0,eGFP1
6114,15:52:09,0.106,0.600,0,0,eGFP1
6115,15:52:10,0.106,0.621,0,0,eGFP1
6116,15:52:10,0.097,0.514,0,0,eGFP1
6117,15:52:11,0.083,0.643,0,0,eGFP1
6118,15:52:12,0.128,0.589,0,0,eGFP1
6119,15:52:12,0.073,0.468,0,0,eGFP1
6120,15:52:13,0.096,0.656,0,0,eGFP1
6121,15:52:13,0.106,0.512,0,0,eGFP1
6122,15:52:14,0.084,0.522,0,0,eGFP1
6123,15:52:14,0.139,0.732,0,0,eGFP1
6124,15:52:15,0.106,0.534,0,0,eGFP1
6125,15:52:16,0.084,0.588,0,0,eGFP1
6126,15:52:16,0.106,0.644,0,0,eGFP1
6127,15:52:17,0.095,0.512,0,0,eGFP1
6128,15:52:17,0.074,0.425,0,0,eGFP1
6129,15:52:18,0.073,0.545,0,0,eGFP1
6130,15:52:18,0.129,0.733,0,0,eGFP1
6131,15:52:19,0.084,0.512,0,0,eGFP1
6132,15:52:20,0.095,0.567,0,0,eGFP1
6133,15:52:20,0.106,0.654,0,0,eGFP1
6134,15:52:21,0.117,0.644,0,0,eGFP1
6135,15:52:21,0.095,0.578,0,0,eGFP1
6136,15:52:22,0.095,0.731,0,0,eGFP1
6137,15:52:23,0.108,0.536,0,0,eGFP1
6138,15:52:23,0.084,0.457,0,0,eGFP1
6139,15:52:24,0.084,0.621,0,0,eGFP1
6140,15:52:24,0.128,0.666,0,0,eGFP1
6141,15:52:25,0.095,0.501,0,0,eGFP1
6142,15:52:25,0.084,0.512,0,0,eGFP1
6143,15:52:27,0.106,1.083,0,0,eGFP1
6144,15:52:27,0.239,0.820,0,0,eGFP1
6145,15:52:28,0.119,0.963,0,0,eGFP1
6146,15:52:29,0.139,0.622,0,0,eGFP1
6147,15:52:30,0.095,0.589,0,0,eGFP1
6148,15:52:30,0.106,0.688,0,0,eGFP1
6149,15:52:31,0.117,0.632,0,0,eGFP1
6150,15:52:31,0.084,0.457,0,0,eGFP1
6151,15:52:32,0.074,0.502,0,0,eGFP1
6152,15:52:32,0.084,0.621,0,0,eGFP1
6153,15:52:33,0.108,0.601,0,0,eGFP1
6154,15:52:34,0.085,0.480,0,0,eGFP1
6155,15:52:34,0.095,0.907,0,0,eGFP1
6156,15:52:35,0.139,0.632,0,0,eGFP1
6157,15:52:36,0.084,0.600,0,0,eGFP1
6158,15:52:36,0.108,0.536,0,0,eGFP1
6159,15:52:37,0.073,0.446,0,0,eGFP1
6160,15:52:37,0.084,0.742,0,0,eGFP1
6161,15:52:38,0.152,0.711,0,0,eGFP1
6162,15:52:39,0.084,0.479,0,0,eGFP1
6163,15:52:39,0.095,0.688,0,0,eGFP1
6164,15:52:40,0.117,0.567,0,0,eGFP1
6165,15:52:40,0.073,0.545,0,0,eGFP1
6166,15:52:41,0.095,0.512,0,0,eGFP1
6167,15:52:42,0.095,0.666,0,0,eGFP1
6168,15:52:42,0.150,0.644,0,0,eGFP1
6169,15:52:43,0.073,0.479,0,0,eGFP1
6170,15:52:43,0.074,0.568,0,0,eGFP1
6171,15:52:44,0.128,0.644,0,0,eGFP1
6172,15:52:44,0.085,0.502,0,0,eGFP1
6173,15:52:45,0.096,0.633,0,0,eGFP1
6174,15:52:46,0.117,0.556,0,0,eGFP1
6175,15:52:46,0.084,0.458,0,0,eGFP1
6176,15:52:47,0.095,0.709,0,0,eGFP1
6177,15:52:47,0.128,0.622,0,0,eGFP1
6178,15:52:48,0.129,0.634,0,0,eGFP1
6179,15:52:51,0.271,3.300,0,0,eGFP1
6180,15:52:53,0.786,1.511,0,0,eGFP1
6181,15:52:53,0.084,0.512,0,0,eGFP1
6182,15:52:54,0.106,0.567,0,0,eGFP1
6183,15:52:54,0.084,0.490,0,0,eGFP1
6184,15:52:55,0.073,0.413,0,0,eGFP1
6185,15:52:55,0.075,0.525,0,0,eGFP1
6186,15:52:56,0.107,0.590,0,0,eGFP1
6187,15:52:56,0.095,0.490,0,0,eGFP1
6188,15:52:57,0.074,0.523,0,0,eGFP1
6189,15:52:57,0.096,0.524,0,0,eGFP1
6190,15:52:58,0.073,0.446,0,0,eGFP1
6191,15:52:58,0.084,0.545,0,0,eGFP1
6192,15:52:59,0.084,0.468,0,0,eGFP1
6193,15:52:59,0.085,0.502,0,0,eGFP1
6194,15:53:00,0.096,0.645,0,0,eGFP1
6195,15:53:01,0.106,0.512,0,0,eGFP1
6196,15:53:01,0.073,0.534,0,0,eGFP1
6197,15:53:02,0.117,0.589,0,0,eGFP1
6198,15:53:02,0.084,0.436,0,0,eGFP1
6199,15:53:03,0.074,0.480,0,0,eGFP1
6200,15:53:03,0.106,0.622,0,0,eGFP1
6201,15:53:04,0.095,0.545,0,0,eGFP1
6202,15:53:04,0.096,0.611,0,0,eGFP1
6203,15:53:05,0.097,0.514,0,0,eGFP1
6204,15:53:05,0.084,0.567,0,0,eGFP1
6205,15:53:06,0.117,0.677,0,0,eGFP1
6206,15:53:07,0.095,0.534,0,0,eGFP1
6207,15:53:07,0.084,0.501,0,0,eGFP1
6208,15:53:08,0.095,0.622,0,0,eGFP1
6209,15:53:08,0.095,0.512,0,0,eGFP1
6210,15:53:09,0.074,0.524,0,0,eGFP1
6211,15:53:10,0.151,0.963,0,0,eGFP1
6212,15:53:10,0.106,0.578,0,0,eGFP1
6213,15:53:11,0.097,0.635,0,0,eGFP1
6214,15:53:12,0.095,0.523,0,0,eGFP1
6215,15:53:12,0.084,0.501,0,0,eGFP1
6216,15:53:13,0.095,0.589,0,0,eGFP1
6217,15:53:13,0.107,0.622,0,0,eGFP1
6218,15:53:14,0.107,0.600,0,0,eGFP1
6219,15:53:15,0.130,0.766,0,0,eGFP1
6220,15:53:15,0.129,0.644,0,0,eGFP1
6221,15:53:16,0.107,0.579,0,0,eGFP1
6222,15:53:16,0.084,0.479,0,0,eGFP1
6223,15:53:17,0.084,0.556,0,0,eGFP1
6224,15:53:17,0.095,0.523,0,0,eGFP1
6225,15:53:18,0.085,0.600,0,0,eGFP1
6226,15:53:19,0.129,0.677,0,0,eGFP1
6227,15:53:19,0.102,0.563,0,0,eGFP1
6228,15:53:20,0.095,0.501,0,0,eGFP1
6229,15:53:20,0.074,0.458,0,0,eGFP1
6230,15:53:21,0.095,0.721,0,0,eGFP1
6231,15:53:21,0.106,0.545,0,0,eGFP1
6232,15:53:22,0.073,0.468,0,0,eGFP1
6233,15:53:23,0.107,0.765,0,0,eGFP1
6234,15:53:23,0.106,0.534,0,0,eGFP1
6235,15:53:24,0.096,0.590,0,0,eGFP1
6236,15:53:24,0.107,0.568,0,0,eGFP1
6237,15:53:25,0.085,0.502,0,0,eGFP1
6238,15:53:25,0.084,0.567,0,0,eGFP1
6239,15:53:26,0.106,0.611,0,0,eGFP1
6240,15:53:27,0.095,0.523,0,0,eGFP1
6241,15:53:27,0.075,0.525,0,0,eGFP1
6242,15:53:28,0.106,0.765,0,0,eGFP1
6243,15:53:28,0.106,0.589,0,0,eGFP1
6244,15:53:29,0.097,0.700,0,0,eGFP1
6245,15:53:30,0.129,0.601,0,0,eGFP1
6246,15:53:30,0.084,0.545,0,0,eGFP1
6247,15:53:31,0.106,0.611,0,0,eGFP1
6248,15:53:31,0.096,0.545,0,0,eGFP1
6249,15:53:32,0.085,0.601,0,0,eGFP1
6250,15:53:33,0.117,0.611,0,0,eGFP1
6251,15:53:33,0.084,0.457,0,0,eGFP1
6252,15:53:34,0.075,0.503,0,0,eGFP1
6253,15:53:34,0.096,0.611,0,0,eGFP1
6254,15:53:35,0.096,0.535,0,0,eGFP1
6255,15:53:35,0.097,0.711,0,0,eGFP1
6256,15:53:36,0.172,0.754,0,0,eGFP1
6257,15:53:37,0.095,0.534,0,0,eGFP1
6258,15:53:37,0.096,0.590,0,0,eGFP1
6259,15:53:38,0.095,0.534,0,0,eGFP1
6260,15:53:38,0.086,0.558,0,0,eGFP1
6261,15:53:39,0.117,0.644,0,0,eGFP1
6262,15:53:40,0.084,0.490,0,0,eGFP1
6263,15:53:40,0.085,0.590,0,0,eGFP1
6264,15:53:41,0.117,0.666,0,0,eGFP1
6265,15:53:42,0.106,0.677,0,0,eGFP1
6266,15:53:42,0.107,0.644,0,0,eGFP1
6267,15:53:43,0.096,0.524,0,0,eGFP1
6268,15:53:43,0.086,0.602,0,0,eGFP1
6269,15:53:44,0.107,0.656,0,0,eGFP1
6270,15:53:44,0.085,0.513,0,0,eGFP1
6271,15:53:46,0.106,1.237,0,0,eGFP1
6272,15:53:46,0.128,0.578,0,0,eGFP1
6273,15:53:47,0.085,0.666,0,0,eGFP1
6274,15:53:48,0.129,0.677,0,0,eGFP1
6275,15:53:48,0.085,0.491,0,0,eGFP1
6276,15:53:49,0.085,0.798,0,0,eGFP1
6277,15:53:50,0.141,0.657,0,0,eGFP1
6278,15:53:50,0.084,0.479,0,0,eGFP1
6279,15:53:51,0.085,0.601,0,0,eGFP1
6280,15:53:51,0.139,0.688,0,0,eGFP1
6281,15:53:52,0.106,0.534,0,0,eGFP1
6282,15:53:52,0.086,0.481,0,0,eGFP1
6283,15:53:53,0.085,0.754,0,0,eGFP1
6284,15:53:54,0.118,0.601,0,0,eGFP1
6285,15:53:54,0.086,0.547,0,0,eGFP1
6286,15:53:55,0.128,0.809,0,0,eGFP1
6287,15:53:56,0.139,0.600,0,0,eGFP1
6288,15:53:56,0.074,0.502,0,0,eGFP1
6289,15:53:57,0.117,0.820,0,0,eGFP1
6290,15:53:58,0.106,0.578,0,0,eGFP1
6291,15:53:58,0.085,0.491,0,0,eGFP1
6292,15:53:59,0.084,0.655,0,0,eGFP1
6293,15:53:59,0.118,0.666,0,0,eGFP1
6294,15:54:00,0.084,0.479,0,0,eGFP1
6295,15:54:00,0.085,0.523,0,0,eGFP1
6296,15:54:01,0.130,0.778,0,0,eGFP1
6297,15:54:02,0.107,0.546,0,0,eGFP1
6298,15:54:02,0.084,0.512,0,0,eGFP1
6299,15:54:03,0.118,0.853,0,0,eGFP1
6300,15:54:04,0.107,0.546,0,0,eGFP1
6301,15:54:04,0.084,0.501,0,0,eGFP1
6302,15:54:05,0.097,0.668,0,0,eGFP1
6303,15:54:05,0.118,0.644,0,0,eGFP1
6304,15:54:06,0.107,0.590,0,0,eGFP1
6305,15:54:06,0.085,0.491,0,0,eGFP1
6306,15:54:07,0.074,0.534,0,0,eGFP1
6307,15:54:08,0.118,0.744,0,0,eGFP1
6308,15:54:08,0.106,0.512,0,0,eGFP1
6309,15:54:09,0.096,0.689,0,0,eGFP1
6310,15:54:10,0.131,0.625,0,0,eGFP1
6311,15:54:10,0.085,0.469,0,0,eGFP1
6312,15:54:11,0.084,0.545,0,0,eGFP1
6313,15:54:11,0.118,0.733,0,0,eGFP1
6314,15:54:12,0.106,0.545,0,0,eGFP1
6315,15:54:13,0.085,0.623,0,0,eGFP1
6316,15:54:13,0.139,0.699,0,0,eGFP1
6317,15:54:14,0.096,0.524,0,0,eGFP1
6318,15:54:14,0.097,0.700,0,0,eGFP1
6319,15:54:15,0.129,0.601,0,0,eGFP1
6320,15:54:16,0.085,0.513,0,0,eGFP1
6321,15:54:16,0.117,0.710,0,0,eGFP1
6322,15:54:17,0.096,0.502,0,0,eGFP1
6323,15:54:17,0.096,0.666,0,0,eGFP1
6324,15:54:18,0.130,0.613,0,0,eGFP1
6325,15:54:19,0.085,0.513,0,0,eGFP1
6326,15:54:19,0.085,0.502,0,0,eGFP1
6327,15:54:20,0.075,0.481,0,0,eGFP1
6328,15:54:20,0.074,0.601,0,0,eGFP1
6329,15:54:21,0.128,0.699,0,0,eGFP1
6330,15:54:21,0.096,0.557,0,0,eGFP1
6331,15:54:22,0.095,0.644,0,0,eGFP1
6332,15:54:23,0.118,0.634,0,0,eGFP1
6333,15:54:23,0.096,0.491,0,0,eGFP1
6334,15:54:24,0.084,0.523,0,0,eGFP1
6335,15:54:24,0.098,0.558,0,0,eGFP1
6336,15:54:25,0.096,0.535,0,0,eGFP1
6337,15:54:25,0.085,0.645,0,0,eGFP1
6338,15:54:26,0.174,0.909,0,0,eGFP1
6339,15:54:27,0.118,0.579,0,0,eGFP1
6340,15:54:28,0.107,0.633,0,0,eGFP1
6341,15:54:28,0.129,0.689,0,0,eGFP1
6342,15:54:29,0.107,0.524,0,0,eGFP1
6343,15:54:30,0.097,0.755,0,0,eGFP1
6344,15:54:30,0.118,0.568,0,0,eGFP1
6345,15:54:31,0.096,0.645,0,0,eGFP1
6346,15:54:31,0.128,0.688,0,0,eGFP1
6347,15:54:32,0.096,0.557,0,0,eGFP1
6348,15:54:33,0.107,0.623,0,0,eGFP1
6349,15:54:33,0.107,0.644,0,0,eGFP1
6350,15:54:34,0.129,0.733,0,0,eGFP1
6351,15:54:35,0.109,0.636,0,0,eGFP1
6352,15:54:35,0.085,0.612,0,0,eGFP1
6353,15:54:36,0.118,0.765,0,0,eGFP1
6354,15:54:37,0.107,0.535,0,0,eGFP1
6355,15:54:37,0.085,0.601,0,0,eGFP1
6356,15:54:38,0.117,0.666,0,0,eGFP1
6357,15:54:38,0.085,0.524,0,0,eGFP1
6358,15:54:39,0.096,0.634,0,0,eGFP1
6359,15:54:40,0.129,0.930,0,0,eGFP1
6360,15:54:41,0.166,0.780,0,0,eGFP1
6361,15:54:41,0.107,0.601,0,0,eGFP1
6362,15:54:42,0.129,0.919,0,0,eGFP1
6363,15:54:43,0.217,0.875,0,0,eGFP1
6364,15:54:44,0.107,0.568,0,0,eGFP1
6365,15:54:44,0.086,0.470,0,0,eGFP1
6366,15:54:45,0.085,0.502,0,0,eGFP1
6367,15:54:47,0.085,2.851,0,0,eGFP1
6368,15:54:48,0.251,0.898,0,0,eGFP1
6369,15:54:49,0.107,0.678,0,0,eGFP1
6370,15:54:50,0.140,0.711,0,0,eGFP1
6371,15:54:50,0.107,0.545,0,0,eGFP1
6372,15:54:51,0.096,0.700,0,0,eGFP1
6373,15:54:52,0.129,0.733,0,0,eGFP1
6374,15:54:52,0.096,0.513,0,0,eGFP1
6375,15:54:53,0.085,0.611,0,0,eGFP1
6376,15:54:53,0.098,0.592,0,0,eGFP1
6377,15:54:54,0.085,0.535,0,0,eGFP1
6378,15:54:54,0.085,0.545,0,0,eGFP1
6379,15:54:55,0.087,0.493,0,0,eGFP1
6380,15:54:56,0.085,0.557,0,0,eGFP1
6381,15:54:56,0.129,0.798,0,0,eGFP1
6382,15:54:57,0.129,0.623,0,0,eGFP1
6383,15:54:57,0.085,0.480,0,0,eGFP1
6384,15:54:58,0.087,0.570,0,0,eGFP1
6385,15:54:59,0.139,0.743,0,0,eGFP1
6386,15:54:59,0.118,0.557,0,0,eGFP1
6387,15:55:00,0.074,0.469,0,0,eGFP1
6388,15:55:00,0.107,0.645,0,0,eGFP1
6389,15:55:01,0.096,0.502,0,0,eGFP1
6390,15:55:01,0.085,0.568,0,0,eGFP1
6391,15:55:02,0.096,0.502,0,0,eGFP1
6392,15:55:03,0.085,0.513,0,0,eGFP1
6393,15:55:03,0.088,0.593,0,0,eGFP1
6394,15:55:04,0.096,0.612,0,0,eGFP1
6395,15:55:04,0.107,0.579,0,0,eGFP1
6396,15:55:05,0.107,0.590,0,0,eGFP1
6397,15:55:05,0.085,0.546,0,0,eGFP1
6398,15:55:06,0.107,0.732,0,0,eGFP1
6399,15:55:07,0.129,0.601,0,0,eGFP1
6400,15:55:07,0.074,0.458,0,0,eGFP1
6401,15:55:08,0.087,0.756,0,0,eGFP1
6402,15:55:09,0.140,0.689,0,0,eGFP1
6403,15:55:09,0.085,0.535,0,0,eGFP1
6404,15:55:10,0.096,0.656,0,0,eGFP1
6405,15:55:11,0.129,0.689,0,0,eGFP1
6406,15:55:11,0.096,0.579,0,0,eGFP1
6407,15:55:12,0.097,0.558,0,0,eGFP1
6408,15:55:12,0.085,0.612,0,0,eGFP1
6409,15:55:13,0.108,0.734,0,0,eGFP1
6410,15:55:14,0.119,0.569,0,0,eGFP1
6411,15:55:14,0.085,0.524,0,0,eGFP1
6412,15:55:15,0.118,0.798,0,0,eGFP1
6413,15:55:16,0.129,0.755,0,0,eGFP1
6414,15:55:16,0.129,0.612,0,0,eGFP1
6415,15:55:17,0.085,0.480,0,0,eGFP1
6416,15:55:17,0.096,0.656,0,0,eGFP1
6417,15:55:18,0.108,0.613,0,0,eGFP1
6418,15:55:19,0.085,0.469,0,0,eGFP1
6419,15:55:19,0.086,0.612,0,0,eGFP1
6420,15:55:20,0.129,0.678,0,0,eGFP1
6421,15:55:20,0.109,0.526,0,0,eGFP1
6422,15:55:21,0.085,0.568,0,0,eGFP1
6423,15:55:22,0.118,0.645,0,0,eGFP1
6424,15:55:22,0.085,0.524,0,0,eGFP1
6425,15:55:23,0.085,0.722,0,0,eGFP1
6426,15:55:23,0.119,0.624,0,0,eGFP1
6427,15:55:24,0.096,0.524,0,0,eGFP1
6428,15:55:25,0.085,0.711,0,0,eGFP1
6429,15:55:25,0.129,0.656,0,0,eGFP1
6430,15:55:26,0.085,0.491,0,0,eGFP1
6431,15:55:27,0.107,1.589,0,0,eGFP1
6432,15:58:45,196.415,197.172,0,0,eGFP1
6433,15:58:45,0.141,0.689,0,0,eGFP1
6434,15:58:48,0.297,2.371,0,0,eGFP1
6435,15:58:49,0.162,0.963,0,0,eGFP1
6436,15:58:49,0.107,0.645,0,0,eGFP1
6437,15:58:50,0.151,0.744,0,0,eGFP1
6438,15:58:51,0.096,0.656,0,0,eGFP1
6439,15:58:52,0.195,0.930,0,0,eGFP1
6440,15:58:52,0.107,0.524,0,0,eGFP1
6441,15:58:52,0.074,0.415,0,0,eGFP1
6442,15:58:53,0.064,0.481,0,0,eGFP1
6443,15:58:54,0.108,0.623,0,0,eGFP1
6444,15:58:54,0.086,0.470,0,0,eGFP1
6445,15:58:55,0.074,0.513,0,0,eGFP1
6446,15:58:55,0.096,0.502,0,0,eGFP1
6447,15:58:56,0.075,0.492,0,0,eGFP1
6448,15:58:56,0.108,0.558,0,0,eGFP1
6449,15:58:57,0.075,0.437,0,0,eGFP1
6450,15:58:57,0.086,0.591,0,0,eGFP1
6451,15:58:59,0.108,1.743,0,0,eGFP1
6452,15:59:01,0.140,1.709,0,0,eGFP1
6453,15:59:02,0.228,0.941,0,0,eGFP1
6454,15:59:03,0.163,1.743,0,0,eGFP1
6455,15:59:04,0.129,0.853,0,0,eGFP1
6456,15:59:05,0.108,0.580,0,0,eGFP1
6457,15:59:06,0.107,1.029,0,0,eGFP1
6458,15:59:06,0.118,0.612,0,0,eGFP1
6459,15:59:07,0.098,0.932,0,0,eGFP1
6460,15:59:08,0.162,1.149,0,0,eGFP1
6461,15:59:11,0.207,2.215,0,0,eGFP1
6462,15:59:11,0.130,0.624,0,0,eGFP1
6463,15:59:12,0.097,0.722,0,0,eGFP1
6464,15:59:13,0.107,0.601,0,0,eGFP1
6465,15:59:14,0.898,1.589,0,0,eGFP1
6466,15:59:15,0.096,0.810,0,0,eGFP1
6467,15:59:16,0.119,0.635,0,0,eGFP1
6468,15:59:16,0.107,0.821,0,0,eGFP1
6469,15:59:17,0.140,0.897,0,0,eGFP1
6470,15:59:18,0.119,0.700,0,0,eGFP1
6471,15:59:19,0.163,0.931,0,0,eGFP1
6472,15:59:20,0.174,0.964,0,0,eGFP1
6473,15:59:21,0.118,0.875,0,0,eGFP1
6474,15:59:21,0.119,0.634,0,0,eGFP1
6475,15:59:22,0.120,0.987,0,0,eGFP1
6476,15:59:23,0.164,0.921,0,0,eGFP1
6477,15:59:24,0.107,0.678,0,0,eGFP1
6478,15:59:25,0.140,0.886,0,0,eGFP1
6479,15:59:26,0.119,0.799,0,0,eGFP1
6480,15:59:26,0.129,0.612,0,0,eGFP1
6481,15:59:27,0.097,0.854,0,0,eGFP1
6482,15:59:28,0.151,0.875,0,0,eGFP1
6483,15:59:29,0.098,0.614,0,0,eGFP1
6484,15:59:30,0.162,1.029,0,0,eGFP1
6485,15:59:31,0.163,0.931,0,0,eGFP1
6486,15:59:31,0.129,0.820,0,0,eGFP1
6487,15:59:32,0.130,0.920,0,0,eGFP1
6488,15:59:33,0.140,1.040,0,0,eGFP1
6489,15:59:34,0.118,0.590,0,0,eGFP1
6490,15:59:35,0.085,0.623,0,0,eGFP1
6491,15:59:36,0.182,0.896,0,0,eGFP1
6492,15:59:36,0.084,0.490,0,0,eGFP1
6493,15:59:37,0.084,0.742,0,0,eGFP1
6494,15:59:37,0.150,0.654,0,0,eGFP1
6495,15:59:39,0.095,1.642,0,0,eGFP1
6496,15:59:40,0.149,0.742,0,0,eGFP1
6497,15:59:41,0.149,0.929,0,0,eGFP1
6498,15:59:42,0.160,1.060,0,0,eGFP1
6499,15:59:43,0.193,1.027,0,0,eGFP1
6500,15:59:45,0.173,1.764,0,0,eGFP1
6501,15:59:46,0.215,1.115,0,0,eGFP1
6502,15:59:47,0.347,1.323,0,0,eGFP1
6503,15:59:48,0.095,0.545,0,0,eGFP1
6504,15:59:48,0.107,0.875,0,0,eGFP1
6505,15:59:49,0.116,0.764,0,0,eGFP1
6506,15:59:50,0.149,0.961,0,0,eGFP1
6507,15:59:51,0.150,0.896,0,0,eGFP1
6508,15:59:52,0.118,0.644,0,0,eGFP1
6509,15:59:52,0.106,0.742,0,0,eGFP1
6510,15:59:53,0.106,0.633,0,0,eGFP1
6511,15:59:54,0.116,0.807,0,0,eGFP1
6512,15:59:54,0.106,0.611,0,0,eGFP1
6513,15:59:55,0.105,0.862,0,0,eGFP1
6514,15:59:56,0.150,0.962,0,0,eGFP1
6515,15:59:57,0.160,0.950,0,0,eGFP1
6516,15:59:58,0.140,0.941,0,0,eGFP1
6517,15:59:59,0.162,0.941,0,0,eGFP1
6518,16:00:00,0.160,1.060,0,0,eGFP1
6519,16:00:01,0.150,0.874,0,0,eGFP1
6520,16:00:02,0.116,0.928,0,0,eGFP1
6521,16:00:03,0.161,1.050,0,0,eGFP1
6522,16:00:04,0.149,1.312,0,0,eGFP1
6523,16:00:05,0.194,0.358,0,0,eGFP1
6524,16:00:06,0.424,1.115,0,0,eGFP1
6525,16:00:07,0.129,0.897,0,0,eGFP1
6526,16:00:08,0.117,0.764,0,0,eGFP1
6527,16:00:08,0.128,0.863,0,0,eGFP1
6528,16:00:09,0.138,0.643,0,0,eGFP1
6529,16:00:10,0.117,0.841,0,0,eGFP1
6530,16:00:11,0.150,0.841,0,0,eGFP1
6531,16:00:12,0.129,0.897,0,0,eGFP1
6532,16:00:12,0.116,0.610,0,0,eGFP1
6533,16:00:13,0.118,0.667,0,0,eGFP1
6534,16:00:14,0.127,0.939,0,0,eGFP1
6535,16:00:15,0.150,1.050,0,0,eGFP1
6536,16:00:16,0.127,0.884,0,0,eGFP1
6537,16:00:16,0.117,0.611,0,0,eGFP1
6538,16:00:17,0.105,1.049,0,0,eGFP1
6539,16:00:18,0.128,0.611,0,0,eGFP1
6540,16:00:19,0.094,0.621,0,0,eGFP1
6541,16:00:20,0.129,0.897,0,0,eGFP1
6542,16:00:20,0.127,0.863,0,0,eGFP1
6543,16:00:21,0.116,0.939,0,0,eGFP1
6544,16:00:23,1.313,2.037,0,0,eGFP1
6545,16:00:24,0.107,0.568,0,0,eGFP1
6546,16:00:25,0.106,0.808,0,0,eGFP1
6547,16:00:25,0.106,0.600,0,0,eGFP1
6548,16:00:26,0.160,0.950,0,0,eGFP1
6549,16:00:27,0.117,0.874,0,0,eGFP1
6550,16:00:29,0.159,1.575,0,0,eGFP1
6551,16:00:29,0.116,0.665,0,0,eGFP1
6552,16:00:30,0.117,0.808,0,0,eGFP1
6553,16:00:31,0.117,0.929,0,0,eGFP1
6554,16:00:32,0.160,0.885,0,0,eGFP1
6555,16:00:33,0.105,0.829,0,0,eGFP1
6556,16:00:34,0.139,0.896,0,0,eGFP1
6557,16:00:35,0.117,0.753,0,0,eGFP1
6558,16:00:35,0.140,0.952,0,0,eGFP1
6559,16:00:36,0.151,0.876,0,0,eGFP1
6560,16:00:37,0.105,0.851,0,0,eGFP1
6561,16:00:39,0.227,1.785,0,0,eGFP1
6562,16:00:40,0.106,1.236,0,0,eGFP1
6563,16:00:41,0.325,0.940,0,0,eGFP1
6564,16:00:42,0.106,0.841,0,0,eGFP1
6565,16:00:43,0.149,0.852,0,0,eGFP1
6566,16:00:44,0.151,0.864,0,0,eGFP1
6567,16:00:44,0.117,0.632,0,0,eGFP1
6568,16:00:45,0.106,0.655,0,0,eGFP1
6569,16:00:46,0.138,0.929,0,0,eGFP1
6570,16:00:47,0.116,0.786,0,0,eGFP1
6571,16:00:48,0.215,0.896,0,0,eGFP1
6572,16:00:48,0.105,0.830,0,0,eGFP1
6573,16:00:50,0.118,1.127,0,0,eGFP1
6574,16:00:51,0.316,1.007,0,0,eGFP1
6575,16:00:51,0.084,0.753,0,0,eGFP1
6576,16:00:53,0.161,1.950,0,0,eGFP1
6577,16:00:54,0.204,0.764,0,0,eGFP1
6578,16:00:55,0.117,0.852,0,0,eGFP1
6579,16:00:56,0.117,0.775,0,0,eGFP1
6580,16:00:56,0.106,0.753,0,0,eGFP1
6581,16:00:57,0.139,0.819,0,0,eGFP1
6582,16:00:58,0.106,0.556,0,0,eGFP1
6583,16:00:59,0.107,0.820,0,0,eGFP1
6584,16:00:59,0.117,0.699,0,0,eGFP1
6585,16:01:00,0.105,0.566,0,0,eGFP1
6586,16:01:01,0.095,0.776,0,0,eGFP1
6587,16:01:01,0.140,0.842,0,0,eGFP1
6588,16:01:02,0.139,0.654,0,0,eGFP1
6589,16:01:03,0.095,0.688,0,0,eGFP1
6590,16:01:04,0.128,0.786,0,0,eGFP1
6591,16:01:04,0.107,0.590,0,0,eGFP1
6592,16:01:05,0.095,0.622,0,0,eGFP1
6593,16:01:06,0.105,0.731,0,0,eGFP1
6594,16:01:06,0.150,0.830,0,0,eGFP1
6595,16:01:07,0.150,0.742,0,0,eGFP1
6596,16:01:08,0.095,0.600,0,0,eGFP1
6597,16:01:08,0.106,0.687,0,0,eGFP1
6598,16:01:09,0.128,0.852,0,0,eGFP1
6599,16:01:10,0.118,0.634,0,0,eGFP1
6600,16:01:12,0.107,1.677,0,0,eGFP1
6601,16:01:12,0.105,0.797,0,0,eGFP1
6602,16:01:13,0.106,0.753,0,0,eGFP1
6603,16:01:14,0.139,0.819,0,0,eGFP1
6604,16:01:15,0.139,1.511,0,0,eGFP1
6605,16:01:16,0.138,0.665,0,0,eGFP1
6606,16:01:17,0.117,0.786,0,0,eGFP1
6607,16:01:18,0.119,0.623,0,0,eGFP1
6608,16:01:18,0.117,0.721,0,0,eGFP1
6609,16:01:19,0.095,0.567,0,0,eGFP1
6610,16:01:20,0.116,0.775,0,0,eGFP1
6611,16:01:20,0.106,0.622,0,0,eGFP1
6612,16:01:21,0.094,0.731,0,0,eGFP1
6613,16:01:22,0.150,0.797,0,0,eGFP1
6614,16:01:22,0.096,0.722,0,0,eGFP1
6615,16:01:24,0.128,1.752,0,0,eGFP1
6616,16:01:25,0.250,0.897,0,0,eGFP1
6617,16:01:26,0.128,0.852,0,0,eGFP1
6618,16:01:27,0.128,0.776,0,0,eGFP1
6619,16:01:28,0.160,0.786,0,0,eGFP1
6620,16:01:28,0.095,0.556,0,0,eGFP1
6621,16:01:29,0.160,0.874,0,0,eGFP1
6622,16:01:30,0.095,0.599,0,0,eGFP1
6623,16:01:30,0.117,0.831,0,0,eGFP1
6624,16:01:31,0.151,0.831,0,0,eGFP1
6625,16:01:32,0.095,0.732,0,0,eGFP1
6626,16:01:33,0.128,0.676,0,0,eGFP1
6627,16:01:33,0.117,0.622,0,0,eGFP1
6628,16:01:34,0.107,0.755,0,0,eGFP1
6629,16:01:35,0.128,0.764,0,0,eGFP1
6630,16:01:35,0.128,0.699,0,0,eGFP1
6631,16:01:36,0.106,0.720,0,0,eGFP1
6632,16:01:37,0.129,0.766,0,0,eGFP1
6633,16:01:38,0.106,0.676,0,0,eGFP1
6634,16:01:38,0.128,0.743,0,0,eGFP1
6635,16:01:39,0.150,0.973,0,0,eGFP1
6636,16:01:40,0.128,0.709,0,0,eGFP1
6637,16:01:41,0.150,0.809,0,0,eGFP1
6638,16:01:42,0.095,0.808,0,0,eGFP1
6639,16:01:42,0.117,0.578,0,0,eGFP1
6640,16:01:43,0.096,0.864,0,0,eGFP1
6641,16:01:44,0.117,0.644,0,0,eGFP1
6642,16:01:45,0.107,0.744,0,0,eGFP1
6643,16:01:45,0.117,0.611,0,0,eGFP1
6644,16:01:46,0.139,0.962,0,0,eGFP1
6645,16:01:47,0.095,0.709,0,0,eGFP1
6646,16:01:48,0.150,0.896,0,0,eGFP1
6647,16:01:49,0.139,0.874,0,0,eGFP1
6648,16:01:49,0.150,0.787,0,0,eGFP1
6649,16:01:50,0.129,0.656,0,0,eGFP1
6650,16:01:51,0.084,0.710,0,0,eGFP1
6651,16:01:51,0.128,0.665,0,0,eGFP1
6652,16:01:52,0.128,0.688,0,0,eGFP1
6653,16:01:53,0.095,0.797,0,0,eGFP1
6654,16:01:54,0.128,0.688,0,0,eGFP1
6655,16:01:55,0.161,1.774,0,0,eGFP1
6656,16:01:57,0.108,1.436,0,0,eGFP1
6657,16:01:58,0.228,0.963,0,0,eGFP1
6658,16:01:59,0.161,1.149,0,0,eGFP1
6659,16:01:59,0.117,0.622,0,0,eGFP1
6660,16:02:00,0.106,0.676,0,0,eGFP1
6661,16:02:01,0.106,0.820,0,0,eGFP1
6662,16:02:02,0.117,0.687,0,0,eGFP1
6663,16:02:02,0.128,0.787,0,0,eGFP1
6664,16:02:03,0.117,0.753,0,0,eGFP1
6665,16:02:04,0.130,0.799,0,0,eGFP1
6666,16:02:05,0.117,0.633,0,0,eGFP1
6667,16:02:05,0.095,0.578,0,0,eGFP1
6668,16:02:06,0.106,0.808,0,0,eGFP1
6669,16:02:07,0.139,0.798,0,0,eGFP1
6670,16:02:08,0.129,0.766,0,0,eGFP1
6671,16:02:08,0.117,0.720,0,0,eGFP1
6672,16:02:09,0.106,0.743,0,0,eGFP1
6673,16:02:10,0.118,0.623,0,0,eGFP1
6674,16:02:10,0.095,0.666,0,0,eGFP1
6675,16:02:11,0.139,0.841,0,0,eGFP1
6676,16:02:12,0.117,0.721,0,0,eGFP1
6677,16:02:13,0.150,0.819,0,0,eGFP1
6678,16:02:13,0.096,0.524,0,0,eGFP1
6679,16:02:14,0.095,0.940,0,0,eGFP1
6680,16:02:15,0.106,0.622,0,0,eGFP1
6681,16:02:16,0.128,0.819,0,0,eGFP1
6682,16:02:16,0.119,0.612,0,0,eGFP1
6683,16:02:17,0.119,0.810,0,0,eGFP1
6684,16:02:18,0.106,0.633,0,0,eGFP1
6685,16:02:18,0.106,0.699,0,0,eGFP1
6686,16:02:19,0.117,0.786,0,0,eGFP1
6687,16:02:20,0.140,0.732,0,0,eGFP1
6688,16:02:21,0.106,0.721,0,0,eGFP1
6689,16:02:21,0.117,0.797,0,0,eGFP1
6690,16:02:22,0.141,0.832,0,0,eGFP1
6691,16:02:23,0.117,0.765,0,0,eGFP1
6692,16:02:24,0.106,0.545,0,0,eGFP1
6693,16:02:24,0.106,0.688,0,0,eGFP1
6694,16:02:25,0.106,0.732,0,0,eGFP1
6695,16:02:26,0.128,0.676,0,0,eGFP1
6696,16:02:26,0.107,0.754,0,0,eGFP1
6697,16:02:27,0.130,0.854,0,0,eGFP1
6698,16:02:28,0.118,0.678,0,0,eGFP1
6699,16:02:29,0.139,0.699,0,0,eGFP1
6700,16:02:29,0.106,0.699,0,0,eGFP1
6701,16:02:30,0.117,0.852,0,0,eGFP1
6702,16:02:31,0.161,0.820,0,0,eGFP1
6703,16:02:32,0.117,0.797,0,0,eGFP1
6704,16:02:32,0.107,0.568,0,0,eGFP1
6705,16:02:33,0.106,0.698,0,0,eGFP1
6706,16:02:34,0.152,0.777,0,0,eGFP1
6707,16:02:35,0.118,0.820,0,0,eGFP1
6708,16:02:35,0.128,0.699,0,0,eGFP1
6709,16:02:36,0.106,0.786,0,0,eGFP1
6710,16:02:37,0.118,0.787,0,0,eGFP1
6711,16:02:38,0.119,0.755,0,0,eGFP1
6712,16:02:38,0.139,0.655,0,0,eGFP1
6713,16:02:39,0.095,0.622,0,0,eGFP1
6714,16:02:40,0.107,0.743,0,0,eGFP1
6715,16:02:41,0.130,0.821,0,0,eGFP1
6716,16:02:42,0.118,1.105,0,0,eGFP1
6717,16:02:43,0.359,1.171,0,0,eGFP1
6718,16:02:44,0.095,0.853,0,0,eGFP1
6719,16:02:45,0.227,0.907,0,0,eGFP1
6720,16:02:45,0.106,0.853,0,0,eGFP1
6721,16:02:46,0.106,0.611,0,0,eGFP1
6722,16:02:48,0.128,2.015,0,0,eGFP1
6723,16:02:49,0.141,0.931,0,0,eGFP1
6724,16:02:50,0.139,0.688,0,0,eGFP1
6725,16:02:51,0.141,1.721,0,0,eGFP1
6726,16:02:52,0.117,0.699,0,0,eGFP1
6727,16:02:53,0.139,0.776,0,0,eGFP1
6728,16:02:54,0.128,0.699,0,0,eGFP1
6729,16:02:54,0.095,0.622,0,0,eGFP1
6730,16:02:55,0.117,0.710,0,0,eGFP1
6731,16:02:56,0.107,0.788,0,0,eGFP1
6732,16:02:56,0.117,0.589,0,0,eGFP1
6733,16:02:57,0.084,0.633,0,0,eGFP1
6734,16:02:57,0.106,0.556,0,0,eGFP1
6735,16:02:58,0.096,0.622,0,0,eGFP1
6736,16:02:59,0.107,0.557,0,0,eGFP1
6737,16:02:59,0.095,0.742,0,0,eGFP1
6738,16:03:00,0.107,0.601,0,0,eGFP1
6739,16:03:01,0.131,0.910,0,0,eGFP1
6740,16:03:02,0.128,0.852,0,0,eGFP1
6741,16:03:02,0.140,0.699,0,0,eGFP1
6742,16:03:03,0.096,0.688,0,0,eGFP1
6743,16:03:04,0.140,0.864,0,0,eGFP1
6744,16:03:05,0.128,0.897,0,0,eGFP1
6745,16:03:07,0.139,2.575,0,0,eGFP1
6746,16:03:08,0.161,0.655,0,0,eGFP1
6747,16:03:09,0.085,0.688,0,0,eGFP1
6748,16:03:09,0.119,0.580,0,0,eGFP1
6749,16:03:10,0.084,0.732,0,0,eGFP1
6750,16:03:11,0.128,0.776,0,0,eGFP1
6751,16:03:12,0.128,0.907,0,0,eGFP1
6752,16:03:14,0.589,1.742,0,0,eGFP1
6753,16:03:14,0.107,0.821,0,0,eGFP1
6754,16:03:15,0.139,0.874,0,0,eGFP1
6755,16:03:16,0.129,0.634,0,0,eGFP1
6756,16:03:17,0.107,0.667,0,0,eGFP1
6757,16:03:17,0.140,0.787,0,0,eGFP1
6758,16:03:18,0.107,0.677,0,0,eGFP1
6759,16:03:19,0.118,0.765,0,0,eGFP1
6760,16:03:20,0.118,0.875,0,0,eGFP1
6761,16:03:20,0.128,0.644,0,0,eGFP1
6762,16:03:21,0.107,0.798,0,0,eGFP1
6763,16:03:22,0.128,0.809,0,0,eGFP1
6764,16:03:22,0.119,0.569,0,0,eGFP1
6765,16:03:23,0.084,0.951,0,0,eGFP1
6766,16:03:25,1.260,1.875,0,0,eGFP1
6767,16:03:26,0.106,0.688,0,0,eGFP1
6768,16:03:27,0.117,0.677,0,0,eGFP1
6769,16:03:27,0.096,0.589,0,0,eGFP1
6770,16:03:28,0.096,0.557,0,0,eGFP1
6771,16:03:30,0.107,1.687,0,0,eGFP1
6772,16:03:31,1.194,1.940,0,0,eGFP1
6773,16:03:32,0.096,0.853,0,0,eGFP1
6774,16:03:34,0.447,2.126,0,0,eGFP1
6775,16:03:35,0.118,0.809,0,0,eGFP1
6776,16:03:36,0.150,1.171,0,0,eGFP1
6777,16:03:37,0.119,0.590,0,0,eGFP1
6778,16:03:38,0.085,0.612,0,0,eGFP1
6779,16:03:38,0.106,0.545,0,0,eGFP1
6780,16:03:39,0.086,0.591,0,0,eGFP1
6781,16:03:39,0.141,0.701,0,0,eGFP1
6782,16:03:40,0.084,0.611,0,0,eGFP1
6783,16:03:41,0.107,0.579,0,0,eGFP1
6784,16:03:41,0.095,0.567,0,0,eGFP1
6785,16:03:42,0.096,0.546,0,0,eGFP1
6786,16:03:42,0.084,0.534,0,0,eGFP1
6787,16:03:43,0.085,0.689,0,0,eGFP1
6788,16:03:44,0.150,0.798,0,0,eGFP1
6789,16:03:44,0.119,0.678,0,0,eGFP1
6790,16:03:45,0.118,0.612,0,0,eGFP1
6791,16:03:46,0.095,0.633,0,0,eGFP1
6792,16:03:46,0.118,0.667,0,0,eGFP1
6793,16:03:47,0.117,0.830,0,0,eGFP1
6794,16:03:48,0.130,0.624,0,0,eGFP1
6795,16:03:50,0.085,1.874,0,0,eGFP1
6796,16:03:50,0.216,0.754,0,0,eGFP1
6797,16:03:51,0.097,0.624,0,0,eGFP1
6798,16:03:52,0.106,0.589,0,0,eGFP1
6799,16:03:52,0.096,0.634,0,0,eGFP1
6800,16:03:53,0.095,0.677,0,0,eGFP1
6801,16:03:54,0.107,0.557,0,0,eGFP1
6802,16:03:54,0.106,0.721,0,0,eGFP1
6803,16:03:55,0.096,0.535,0,0,eGFP1
6804,16:03:56,0.117,0.743,0,0,eGFP1
6805,16:03:56,0.096,0.633,0,0,eGFP1
6806,16:03:57,0.106,0.600,0,0,eGFP1
6807,16:03:57,0.095,0.567,0,0,eGFP1
6808,16:03:58,0.108,0.745,0,0,eGFP1
6809,16:03:59,0.106,0.699,0,0,eGFP1
6810,16:04:00,0.129,0.809,0,0,eGFP1
6811,16:04:00,0.140,0.853,0,0,eGFP1
6812,16:04:01,0.118,0.601,0,0,eGFP1
6813,16:04:02,0.095,0.688,0,0,eGFP1
6814,16:04:02,0.119,0.613,0,0,eGFP1
6815,16:04:03,0.096,0.765,0,0,eGFP1
6816,16:04:04,0.118,0.601,0,0,eGFP1
6817,16:04:04,0.095,0.699,0,0,eGFP1
6818,16:04:05,0.118,0.710,0,0,eGFP1
6819,16:04:06,0.107,0.700,0,0,eGFP1
6820,16:04:07,0.118,0.743,0,0,eGFP1
6821,16:04:07,0.162,0.897,0,0,eGFP1
6822,16:04:08,0.120,0.812,0,0,eGFP1
6823,16:04:09,0.118,0.721,0,0,eGFP1
6824,16:04:10,0.118,0.700,0,0,eGFP1
6825,16:04:10,0.117,0.721,0,0,eGFP1
6826,16:04:11,0.107,0.568,0,0,eGFP1
6827,16:04:12,0.095,0.776,0,0,eGFP1
6828,16:04:12,0.129,0.633,0,0,eGFP1
6829,16:04:13,0.129,0.744,0,0,eGFP1
6830,16:04:14,0.108,0.679,0,0,eGFP1
6831,16:04:15,0.128,0.809,0,0,eGFP1
6832,16:04:15,0.118,0.710,0,0,eGFP1
6833,16:04:16,0.107,0.634,0,0,eGFP1
6834,16:04:17,0.140,0.776,0,0,eGFP1
6835,16:04:17,0.096,0.557,0,0,eGFP1
6836,16:04:18,0.108,1.008,0,0,eGFP1
6837,16:04:19,0.129,0.644,0,0,eGFP1
6838,16:04:20,0.141,0.778,0,0,eGFP1
6839,16:04:20,0.097,0.668,0,0,eGFP1
6840,16:04:21,0.118,0.655,0,0,eGFP1
6841,16:04:22,0.118,0.810,0,0,eGFP1
6842,16:04:22,0.096,0.578,0,0,eGFP1
6843,16:04:23,0.118,0.711,0,0,eGFP1
6844,16:04:24,0.118,0.677,0,0,eGFP1
6845,16:04:24,0.085,0.546,0,0,eGFP1
6846,16:04:25,0.118,0.842,0,0,eGFP1
6847,16:04:26,0.164,1.020,0,0,eGFP1
6848,16:04:27,0.128,0.798,0,0,eGFP1
6849,16:04:28,0.108,0.799,0,0,eGFP1
6850,16:04:29,0.118,0.733,0,0,eGFP1
6851,16:04:29,0.118,0.710,0,0,eGFP1
6852,16:04:30,0.096,0.568,0,0,eGFP1
6853,16:04:31,0.107,0.788,0,0,eGFP1
6854,16:04:31,0.107,0.743,0,0,eGFP1
6855,16:04:32,0.130,0.789,0,0,eGFP1
6856,16:04:33,0.118,0.908,0,0,eGFP1
6857,16:04:34,0.183,0.798,0,0,eGFP1
6858,16:04:35,0.107,0.722,0,0,eGFP1
6859,16:04:35,0.117,0.589,0,0,eGFP1
6860,16:04:36,0.096,0.590,0,0,eGFP1
6861,16:04:36,0.107,0.601,0,0,eGFP1
6862,16:04:37,0.107,0.743,0,0,eGFP1
6863,16:04:38,0.121,0.856,0,0,eGFP1
6864,16:04:39,0.151,0.854,0,0,eGFP1
6865,16:04:40,0.096,0.765,0,0,eGFP1
6866,16:04:40,0.129,0.689,0,0,eGFP1
6867,16:04:41,0.096,0.600,0,0,eGFP1
6868,16:04:42,0.118,0.667,0,0,eGFP1
6869,16:04:42,0.096,0.601,0,0,eGFP1
6870,16:04:43,0.107,0.699,0,0,eGFP1
6871,16:04:44,0.118,0.821,0,0,eGFP1
6872,16:04:44,0.119,0.635,0,0,eGFP1
6873,16:04:46,0.107,1.369,0,0,eGFP1
6874,16:04:47,0.238,0.875,0,0,eGFP1
6875,16:04:47,0.096,0.601,0,0,eGFP1
6876,16:04:48,0.096,0.579,0,0,eGFP1
6877,16:04:48,0.097,0.602,0,0,eGFP1
6878,16:04:49,0.096,0.546,0,0,eGFP1
6879,16:04:50,0.096,0.656,0,0,eGFP1
6880,16:04:50,0.130,0.679,0,0,eGFP1
6881,16:04:51,0.096,0.743,0,0,eGFP1
6882,16:04:52,0.129,0.711,0,0,eGFP1
6883,16:04:52,0.140,0.787,0,0,eGFP1
6884,16:04:53,0.107,0.590,0,0,eGFP1
6885,16:04:54,0.096,0.766,0,0,eGFP1
6886,16:04:55,0.151,0.842,0,0,eGFP1
6887,16:04:55,0.118,0.678,0,0,eGFP1
6888,16:04:56,0.144,0.835,0,0,eGFP1
6889,16:04:57,0.140,0.853,0,0,eGFP1
6890,16:04:58,0.119,0.645,0,0,eGFP1
6891,16:04:58,0.109,0.712,0,0,eGFP1
6892,16:04:59,0.118,0.645,0,0,eGFP1
6893,16:05:00,0.096,0.777,0,0,eGFP1
6894,16:05:00,0.129,0.644,0,0,eGFP1
6895,16:05:01,0.097,0.601,0,0,eGFP1
6896,16:05:02,0.109,0.734,0,0,eGFP1
6897,16:05:03,0.119,0.777,0,0,eGFP1
6898,16:05:03,0.118,0.798,0,0,eGFP1
6899,16:05:04,0.131,0.679,0,0,eGFP1
6900,16:05:05,0.097,0.689,0,0,eGFP1
6901,16:05:05,0.118,0.667,0,0,eGFP1
6902,16:05:06,0.107,0.831,0,0,eGFP1
6903,16:05:07,0.173,0.898,0,0,eGFP1
6904,16:05:08,0.096,0.710,0,0,eGFP1
6905,16:05:09,0.154,0.856,0,0,eGFP1
6906,16:05:15,0.162,6.571,0,0,eGFP1
6907,16:05:42,23.361,26.412,0,0,eGFP1
6908,16:05:43,0.271,0.930,0,0,eGFP1
6909,16:05:44,0.195,0.985,0,0,eGFP1
6910,16:05:44,0.195,0.798,0,0,eGFP1
6911,16:05:45,0.119,1.040,0,0,eGFP1
6912,16:05:46,0.108,0.601,0,0,eGFP1
6913,16:05:47,0.142,0.866,0,0,eGFP1
6914,16:05:47,0.096,0.601,0,0,eGFP1
6915,16:05:48,0.118,0.810,0,0,eGFP1
6916,16:05:49,0.129,0.831,0,0,eGFP1
6917,16:05:50,0.107,0.568,0,0,eGFP1
6918,16:05:51,0.107,0.843,0,0,eGFP1
6919,16:05:51,0.130,0.822,0,0,eGFP1
6920,16:05:52,0.107,0.612,0,0,eGFP1
6921,16:05:53,0.108,0.635,0,0,eGFP1
6922,16:05:53,0.118,0.612,0,0,eGFP1
6923,16:05:54,0.085,0.733,0,0,eGFP1
6924,16:05:55,0.206,1.018,0,0,eGFP1
6925,16:05:56,0.096,0.710,0,0,eGFP1
6926,16:05:56,0.141,0.656,0,0,eGFP1
6927,16:05:57,0.130,0.832,0,0,eGFP1
6928,16:05:58,0.107,0.601,0,0,eGFP1
6929,16:05:58,0.098,0.613,0,0,eGFP1
6930,16:05:59,0.108,0.821,0,0,eGFP1
6931,16:06:00,0.140,0.777,0,0,eGFP1
6932,16:06:01,0.119,0.569,0,0,eGFP1
6933,16:06:01,0.096,0.546,0,0,eGFP1
6934,16:06:02,0.097,0.525,0,0,eGFP1
6935,16:06:02,0.085,0.656,0,0,eGFP1
6936,16:06:03,0.118,0.710,0,0,eGFP1
6937,16:06:04,0.097,0.700,0,0,eGFP1
6938,16:06:04,0.109,0.658,0,0,eGFP1
6939,16:06:05,0.096,0.601,0,0,eGFP1
6940,16:06:06,0.096,0.886,0,0,eGFP1
6941,16:06:07,0.195,0.821,0,0,eGFP1
6942,16:06:08,0.096,1.095,0,0,eGFP1
6943,16:06:09,0.271,1.007,0,0,eGFP1
6944,16:06:09,0.096,0.601,0,0,eGFP1
6945,16:06:10,0.096,0.568,0,0,eGFP1
6946,16:06:12,1.427,2.107,0,0,eGFP1
6947,16:06:13,0.119,0.898,0,0,eGFP1
6948,16:06:14,0.118,0.612,0,0,eGFP1
6949,16:06:14,0.085,0.557,0,0,eGFP1
6950,16:06:15,0.140,0.766,0,0,eGFP1
6951,16:06:16,0.107,0.711,0,0,eGFP1
6952,16:06:16,0.129,0.765,0,0,eGFP1
6953,16:06:17,0.130,0.689,0,0,eGFP1
6954,16:06:18,0.098,0.559,0,0,eGFP1
6955,16:06:18,0.118,0.810,0,0,eGFP1
6956,16:06:19,0.107,0.612,0,0,eGFP1
6957,16:06:20,0.096,0.568,0,0,eGFP1
6958,16:06:20,0.107,0.667,0,0,eGFP1
6959,16:06:21,0.096,0.568,0,0,eGFP1
6960,16:06:21,0.099,0.614,0,0,eGFP1
6961,16:06:22,0.097,0.722,0,0,eGFP1
6962,16:06:23,0.153,0.811,0,0,eGFP1
6963,16:06:24,0.108,0.733,0,0,eGFP1
6964,16:06:24,0.141,0.788,0,0,eGFP1
6965,16:06:25,0.107,0.557,0,0,eGFP1
6966,16:06:26,0.097,0.569,0,0,eGFP1
6967,16:06:26,0.096,0.546,0,0,eGFP1
6968,16:06:27,0.118,0.788,0,0,eGFP1
6969,16:06:28,0.107,0.755,0,0,eGFP1
6970,16:06:28,0.118,0.557,0,0,eGFP1
6971,16:06:29,0.087,0.701,0,0,eGFP1
6972,16:06:30,0.119,0.755,0,0,eGFP1
6973,16:06:31,0.140,0.821,0,0,eGFP1
6974,16:06:31,0.109,0.570,0,0,eGFP1
6975,16:06:32,0.107,0.963,0,0,eGFP1
6976,16:06:33,0.129,0.645,0,0,eGFP1
6977,16:06:33,0.118,0.634,0,0,eGFP1
6978,16:06:34,0.108,0.601,0,0,eGFP1
6979,16:06:35,0.120,0.779,0,0,eGFP1
6980,16:06:35,0.107,0.623,0,0,eGFP1
6981,16:06:36,0.129,0.711,0,0,eGFP1
6982,16:06:37,0.096,0.557,0,0,eGFP1
6983,16:06:37,0.094,0.577,0,0,eGFP1
6984,16:06:38,0.094,0.555,0,0,eGFP1
6985,16:06:38,0.083,0.709,0,0,eGFP1
6986,16:06:39,0.138,0.775,0,0,eGFP1
6987,16:06:40,0.107,0.677,0,0,eGFP1
6988,16:06:41,0.129,0.787,0,0,eGFP1
6989,16:06:41,0.106,0.709,0,0,eGFP1
6990,16:06:42,0.161,0.731,0,0,eGFP1
6991,16:06:43,0.128,0.731,0,0,eGFP1
6992,16:06:43,0.117,0.643,0,0,eGFP1
6993,16:06:44,0.106,0.731,0,0,eGFP1
6994,16:06:45,0.117,0.665,0,0,eGFP1
6995,16:06:46,0.118,0.656,0,0,eGFP1
6996,16:06:46,0.094,0.621,0,0,eGFP1
6997,16:06:47,0.127,0.830,0,0,eGFP1
6998,16:06:48,0.105,0.555,0,0,eGFP1
6999,16:06:48,0.139,0.742,0,0,eGFP1
7000,16:06:49,0.095,0.556,0,0,eGFP1
7001,16:06:49,0.116,0.643,0,0,eGFP1
7002,16:06:50,0.085,0.524,0,0,eGFP1
7003,16:06:51,0.105,0.796,0,0,eGFP1
7004,16:06:51,0.118,0.678,0,0,eGFP1
7005,16:06:52,0.105,0.577,0,0,eGFP1
7006,16:06:53,0.106,0.698,0,0,eGFP1
7007,16:06:53,0.139,0.687,0,0,eGFP1
7008,16:06:54,0.095,0.655,0,0,eGFP1
7009,16:06:55,0.160,0.950,0,0,eGFP1
7010,16:06:56,0.106,0.610,0,0,eGFP1
7011,16:06:56,0.128,0.731,0,0,eGFP1
7012,16:06:57,0.129,0.733,0,0,eGFP1
7013,16:06:58,0.094,0.599,0,0,eGFP1
7014,16:06:58,0.106,0.665,0,0,eGFP1
7015,16:06:59,0.107,0.612,0,0,eGFP1
7016,16:07:00,0.149,0.786,0,0,eGFP1
7017,16:07:28,0.127,28.572,0,0,eGFP1
7018,16:07:29,0.117,0.698,0,0,eGFP1
7019,16:07:31,0.292,1.686,0,0,eGFP1
7020,16:07:32,0.107,1.226,0,0,eGFP1
7021,16:07:33,0.249,0.798,0,0,eGFP1
7022,16:07:33,0.083,0.621,0,0,eGFP1
7023,16:07:34,0.117,0.731,0,0,eGFP1
7024,16:07:35,0.150,0.863,0,0,eGFP1
7025,16:07:36,0.095,0.545,0,0,eGFP1
7026,16:07:36,0.105,0.676,0,0,eGFP1
7027,16:07:38,0.149,1.719,0,0,eGFP1
7028,16:07:38,0.085,0.545,0,0,eGFP1
7029,16:07:39,0.085,0.601,0,0,eGFP1
7030,16:07:40,0.106,0.720,0,0,eGFP1
7031,16:07:40,0.117,0.655,0,0,eGFP1
7032,16:07:41,0.105,0.555,0,0,eGFP1
7033,16:07:42,0.084,0.698,0,0,eGFP1
7034,16:07:42,0.139,0.688,0,0,eGFP1
7035,16:07:43,0.116,0.797,0,0,eGFP1
7036,16:07:44,0.105,0.566,0,0,eGFP1
7037,16:07:44,0.096,0.634,0,0,eGFP1
7038,16:07:45,0.116,0.643,0,0,eGFP1
7039,16:07:46,0.095,0.852,0,0,eGFP1
7040,16:07:47,0.127,0.665,0,0,eGFP1
7041,16:07:48,0.161,1.576,0,0,eGFP1
7042,16:07:49,0.095,0.699,0,0,eGFP1
7043,16:07:50,0.129,0.699,0,0,eGFP1
7044,16:07:50,0.095,0.622,0,0,eGFP1
7045,16:07:51,0.107,0.578,0,0,eGFP1
7046,16:07:51,0.095,0.743,0,0,eGFP1
7047,16:07:52,0.138,0.819,0,0,eGFP1
7048,16:07:53,0.105,0.566,0,0,eGFP1
7049,16:07:54,0.106,0.764,0,0,eGFP1
7050,16:07:54,0.095,0.665,0,0,eGFP1
7051,16:07:55,0.150,0.699,0,0,eGFP1
7052,16:07:56,0.094,0.599,0,0,eGFP1
7053,16:07:56,0.140,0.766,0,0,eGFP1
7054,16:07:57,0.105,0.709,0,0,eGFP1
7055,16:07:58,0.128,0.709,0,0,eGFP1
7056,16:07:58,0.095,0.545,0,0,eGFP1
7057,16:07:59,0.096,0.579,0,0,eGFP1
7058,16:07:59,0.094,0.610,0,0,eGFP1
7059,16:08:00,0.117,0.709,0,0,eGFP1
7060,16:08:01,0.139,0.721,0,0,eGFP1
7061,16:08:02,0.105,0.599,0,0,eGFP1
7062,16:08:02,0.160,0.840,0,0,eGFP1
7063,16:08:03,0.117,0.753,0,0,eGFP1
7064,16:08:04,0.128,0.775,0,0,eGFP1
7065,16:08:04,0.106,0.545,0,0,eGFP1
7066,16:08:05,0.084,0.589,0,0,eGFP1
7067,16:08:06,0.149,0.786,0,0,eGFP1
7068,16:08:07,0.105,0.731,0,0,eGFP1
7069,16:08:09,1.631,2.849,0,0,eGFP1
7070,16:08:10,0.129,0.612,0,0,eGFP1
7071,16:08:11,0.085,0.590,0,0,eGFP1
7072,16:08:11,0.106,0.731,0,0,eGFP1
7073,16:08:12,0.128,0.655,0,0,eGFP1
7074,16:08:13,0.105,0.643,0,0,eGFP1
7075,16:08:13,0.117,0.655,0,0,eGFP1
7076,16:08:14,0.116,0.599,0,0,eGFP1
7077,16:08:14,0.084,0.578,0,0,eGFP1
7078,16:08:15,0.107,0.601,0,0,eGFP1
7079,16:08:16,0.116,0.994,0,0,eGFP1
7080,16:08:17,0.117,0.556,0,0,eGFP1
7081,16:08:17,0.095,0.633,0,0,eGFP1
7082,16:08:18,0.106,0.621,0,0,eGFP1
7083,16:08:19,0.095,0.699,0,0,eGFP1
7084,16:08:19,0.149,0.852,0,0,eGFP1
7085,16:08:20,0.173,0.754,0,0,eGFP1
7086,16:08:21,0.097,0.601,0,0,eGFP1
7087,16:08:21,0.095,0.567,0,0,eGFP1
7088,16:08:22,0.117,0.698,0,0,eGFP1
7089,16:08:23,0.095,0.644,0,0,eGFP1
7090,16:08:23,0.161,0.709,0,0,eGFP1
7091,16:08:24,0.084,0.666,0,0,eGFP1
7092,16:08:25,0.128,0.621,0,0,eGFP1
7093,16:08:25,0.095,0.633,0,0,eGFP1
7094,16:08:26,0.128,0.698,0,0,eGFP1
7095,16:08:27,0.130,0.821,0,0,eGFP1
7096,16:08:28,0.128,0.698,0,0,eGFP1
7097,16:08:28,0.150,0.809,0,0,eGFP1
7098,16:08:29,0.118,0.645,0,0,eGFP1
7099,16:08:30,0.116,0.874,0,0,eGFP1
7100,16:08:31,0.105,0.676,0,0,eGFP1
7101,16:08:31,0.117,0.819,0,0,eGFP1
7102,16:08:32,0.117,0.611,0,0,eGFP1
7103,16:08:33,0.085,0.689,0,0,eGFP1
7104,16:08:33,0.128,0.808,0,0,eGFP1
7105,16:08:34,0.117,0.709,0,0,eGFP1
7106,16:08:35,0.150,0.776,0,0,eGFP1
7107,16:08:36,0.105,0.599,0,0,eGFP1
7108,16:08:36,0.095,0.600,0,0,eGFP1
7109,16:08:37,0.128,0.687,0,0,eGFP1
7110,16:08:37,0.095,0.534,0,0,eGFP1
7111,16:08:38,0.075,0.568,0,0,eGFP1
7112,16:08:39,0.144,0.846,0,0,eGFP1
7113,16:08:39,0.095,0.710,0,0,eGFP1
7114,16:08:40,0.160,0.698,0,0,eGFP1
7115,16:08:41,0.084,0.655,0,0,eGFP1
7116,16:08:42,0.138,0.687,0,0,eGFP1
7117,16:08:42,0.095,0.655,0,0,eGFP1
7118,16:08:43,0.106,0.556,0,0,eGFP1
7119,16:08:43,0.096,0.721,0,0,eGFP1
7120,16:08:44,0.117,0.721,0,0,eGFP1
7121,16:08:45,0.106,0.578,0,0,eGFP1
7122,16:08:45,0.117,0.709,0,0,eGFP1
7123,16:08:46,0.106,0.677,0,0,eGFP1
7124,16:08:47,0.139,0.764,0,0,eGFP1
7125,16:08:47,0.095,0.600,0,0,eGFP1
7126,16:08:48,0.107,0.832,0,0,eGFP1
7127,16:08:49,0.117,0.578,0,0,eGFP1
7128,16:08:50,0.096,0.667,0,0,eGFP1
7129,16:08:50,0.105,0.665,0,0,eGFP1
7130,16:08:51,0.117,0.896,0,0,eGFP1
7131,16:08:52,0.117,0.589,0,0,eGFP1
7132,16:08:52,0.095,0.721,0,0,eGFP1
7133,16:08:53,0.106,0.567,0,0,eGFP1
7134,16:08:54,0.117,0.709,0,0,eGFP1
7135,16:08:55,0.117,0.918,0,0,eGFP1
7136,16:08:56,0.151,1.249,0,0,eGFP1
7137,16:08:57,0.205,0.863,0,0,eGFP1
7138,16:08:57,0.084,0.534,0,0,eGFP1
7139,16:08:58,0.095,0.644,0,0,eGFP1
7140,16:08:59,0.129,0.722,0,0,eGFP1
7141,16:08:59,0.084,0.534,0,0,eGFP1
7142,16:09:00,0.095,0.720,0,0,eGFP1
7143,16:09:01,0.139,0.721,0,0,eGFP1
7144,16:09:01,0.096,0.612,0,0,eGFP1
7145,16:09:02,0.106,0.556,0,0,eGFP1
7146,16:09:02,0.084,0.556,0,0,eGFP1
7147,16:09:03,0.139,0.688,0,0,eGFP1
7148,16:09:04,0.095,0.611,0,0,eGFP1
7149,16:09:04,0.149,0.665,0,0,eGFP1
7150,16:09:05,0.095,0.655,0,0,eGFP1
7151,16:09:06,0.117,0.688,0,0,eGFP1
7152,16:09:06,0.151,0.766,0,0,eGFP1
7153,16:09:07,0.106,0.654,0,0,eGFP1
7154,16:09:08,0.141,0.810,0,0,eGFP1
7155,16:09:09,0.139,0.732,0,0,eGFP1
7156,16:09:09,0.117,0.731,0,0,eGFP1
7157,16:09:10,0.106,0.545,0,0,eGFP1
7158,16:09:11,0.095,0.831,0,0,eGFP1
7159,16:09:12,0.161,0.841,0,0,eGFP1
7160,16:09:12,0.128,0.798,0,0,eGFP1
7161,16:09:13,0.140,0.820,0,0,eGFP1
7162,16:09:14,0.139,0.820,0,0,eGFP1
7163,16:09:15,0.106,0.622,0,0,eGFP1
7164,16:09:15,0.139,0.753,0,0,eGFP1
7165,16:09:16,0.095,0.578,0,0,eGFP1
7166,16:09:17,0.106,0.644,0,0,eGFP1
7167,16:09:17,0.128,0.820,0,0,eGFP1
7168,16:09:18,0.140,0.864,0,0,eGFP1
7169,16:09:19,0.119,0.645,0,0,eGFP1
7170,16:09:20,0.150,0.787,0,0,eGFP1
7171,16:09:20,0.106,0.688,0,0,eGFP1
7172,16:09:21,0.106,0.567,0,0,eGFP1
7173,16:09:22,0.084,0.677,0,0,eGFP1
7174,16:09:22,0.150,0.709,0,0,eGFP1
7175,16:09:23,0.106,0.721,0,0,eGFP1
7176,16:09:24,0.106,0.556,0,0,eGFP1
7177,16:09:24,0.097,0.711,0,0,eGFP1
7178,16:09:25,0.139,0.721,0,0,eGFP1
7179,16:09:26,0.106,0.666,0,0,eGFP1
7180,16:09:26,0.139,0.699,0,0,eGFP1
7181,16:09:27,0.139,0.852,0,0,eGFP1
7182,16:09:28,0.114,0.597,0,0,eGFP1
7183,16:09:29,0.117,0.754,0,0,eGFP1
7184,16:09:29,0.117,0.611,0,0,eGFP1
7185,16:09:30,0.129,0.898,0,0,eGFP1
7186,16:09:31,0.106,0.567,0,0,eGFP1
7187,16:09:31,0.117,0.786,0,0,eGFP1
7188,16:09:32,0.096,0.545,0,0,eGFP1
7189,16:09:33,0.107,0.688,0,0,eGFP1
7190,16:09:33,0.128,0.765,0,0,eGFP1
7191,16:09:34,0.117,0.688,0,0,eGFP1
7192,16:09:35,0.117,0.622,0,0,eGFP1
7193,16:09:35,0.095,0.688,0,0,eGFP1
7194,16:09:36,0.118,0.733,0,0,eGFP1
7195,16:09:37,0.140,0.832,0,0,eGFP1
7196,16:09:38,0.117,0.687,0,0,eGFP1
7197,16:09:38,0.129,0.732,0,0,eGFP1
7198,16:09:39,0.096,0.567,0,0,eGFP1
7199,16:09:40,0.151,1.050,0,0,eGFP1
7200,16:09:41,0.107,0.622,0,0,eGFP1
7201,16:09:41,0.129,0.754,0,0,eGFP1
7202,16:09:42,0.108,0.711,0,0,eGFP1
7203,16:09:43,0.118,0.611,0,0,eGFP1
7204,16:09:44,0.107,1.610,0,0,eGFP1
7205,16:09:46,0.129,1.204,0,0,eGFP1
7206,16:09:46,0.128,0.600,0,0,eGFP1
7207,16:09:47,0.128,1.061,0,0,eGFP1
7208,16:09:48,0.117,0.600,0,0,eGFP1
7209,16:09:49,0.119,0.997,0,0,eGFP1
7210,16:09:49,0.107,0.623,0,0,eGFP1
7211,16:09:50,0.150,0.864,0,0,eGFP1
7212,16:09:51,0.117,0.742,0,0,eGFP1
7213,16:09:52,0.107,0.765,0,0,eGFP1
7214,16:09:53,0.128,0.721,0,0,eGFP1
7215,16:09:53,0.095,0.600,0,0,eGFP1
7216,16:09:54,0.106,0.798,0,0,eGFP1
7217,16:09:55,0.128,0.633,0,0,eGFP1
7218,16:09:55,0.097,0.722,0,0,eGFP1
7219,16:09:56,0.128,0.644,0,0,eGFP1
7220,16:09:57,0.095,0.578,0,0,eGFP1
7221,16:09:57,0.107,0.721,0,0,eGFP1
7222,16:10:00,0.128,3.179,0,0,eGFP1
7223,16:10:01,0.163,0.744,0,0,eGFP1
7224,16:10:02,0.107,0.601,0,0,eGFP1
7225,16:10:02,0.095,0.699,0,0,eGFP1
7226,16:10:03,0.106,0.545,0,0,eGFP1
7227,16:10:04,0.097,0.623,0,0,eGFP1
7228,16:10:04,0.096,0.688,0,0,eGFP1
7229,16:10:05,0.129,0.612,0,0,eGFP1
7230,16:10:06,0.095,0.699,0,0,eGFP1
7231,16:10:07,0.161,0.907,0,0,eGFP1
7232,16:10:07,0.117,0.743,0,0,eGFP1
7233,16:10:08,0.106,0.677,0,0,eGFP1
7234,16:10:25,0.128,17.105,0,0,eGFP1
7235,16:10:26,0.141,0.679,0,0,eGFP1
7236,16:10:27,0.128,0.940,0,0,eGFP1
7237,16:10:27,0.119,0.678,0,0,eGFP1
7238,16:10:29,0.140,1.314,0,0,eGFP1
7239,16:10:29,0.095,0.600,0,0,eGFP1
7240,16:10:30,0.085,0.524,0,0,eGFP1
7241,16:10:30,0.106,0.622,0,0,eGFP1
7242,16:10:31,0.128,0.732,0,0,eGFP1
7243,16:10:34,0.129,2.983,0,0,eGFP1
7244,16:10:35,0.139,0.655,0,0,eGFP1
7245,16:10:36,0.128,0.721,0,0,eGFP1
7246,16:10:36,0.084,0.512,0,0,eGFP1
7247,16:10:37,0.107,0.634,0,0,eGFP1
7248,16:10:37,0.117,0.655,0,0,eGFP1
7249,16:10:38,0.095,0.501,0,0,eGFP1
7250,16:10:38,0.096,0.601,0,0,eGFP1
7251,16:10:39,0.142,0.921,0,0,eGFP1
7252,16:10:40,0.129,0.919,0,0,eGFP1
7253,16:10:41,0.117,0.688,0,0,eGFP1
7254,16:10:42,0.128,0.677,0,0,eGFP1
7255,16:10:43,0.172,1.171,0,0,eGFP1
7256,16:10:43,0.107,0.546,0,0,eGFP1
7257,16:10:44,0.084,0.567,0,0,eGFP1
7258,16:10:45,0.096,0.644,0,0,eGFP1
7259,16:10:45,0.107,0.579,0,0,eGFP1
7260,16:10:46,0.097,0.557,0,0,eGFP1
7261,16:10:46,0.096,0.557,0,0,eGFP1
7262,16:10:47,0.118,0.710,0,0,eGFP1
7263,16:10:48,0.107,0.732,0,0,eGFP1
7264,16:10:48,0.107,0.546,0,0,eGFP1
7265,16:10:49,0.103,0.608,0,0,eGFP1
7266,16:10:49,0.085,0.513,0,0,eGFP1
7267,16:10:50,0.096,0.612,0,0,eGFP1
7268,16:10:51,0.097,0.612,0,0,eGFP1
7269,16:10:51,0.129,0.667,0,0,eGFP1
7270,16:10:52,0.095,0.721,0,0,eGFP1
7271,16:10:53,0.183,0.787,0,0,eGFP1
7272,16:10:53,0.084,0.644,0,0,eGFP1
7273,16:10:54,0.129,0.754,0,0,eGFP1
7274,16:10:55,0.140,0.677,0,0,eGFP1
7275,16:10:56,0.096,0.754,0,0,eGFP1
7276,16:10:56,0.130,0.635,0,0,eGFP1
7277,16:10:57,0.151,0.842,0,0,eGFP1
7278,16:10:58,0.097,0.679,0,0,eGFP1
7279,16:10:58,0.106,0.655,0,0,eGFP1
7280,16:11:00,0.107,1.994,0,0,eGFP1
7281,16:11:01,0.140,0.699,0,0,eGFP1
7282,16:11:02,0.107,0.524,0,0,eGFP1
7283,16:11:02,0.096,0.677,0,0,eGFP1
7284,16:11:03,0.119,0.635,0,0,eGFP1
7285,16:11:04,0.096,0.601,0,0,eGFP1
7286,16:11:04,0.095,0.666,0,0,eGFP1
7287,16:11:05,0.117,0.644,0,0,eGFP1
7288,16:11:05,0.085,0.513,0,0,eGFP1
7289,16:11:06,0.107,0.611,0,0,eGFP1
7290,16:11:07,0.096,0.557,0,0,eGFP1
7291,16:11:07,0.096,0.644,0,0,eGFP1
7292,16:11:08,0.109,0.624,0,0,eGFP1
7293,16:11:08,0.108,0.591,0,0,eGFP1
7294,16:11:09,0.107,0.798,0,0,eGFP1
7295,16:11:10,0.118,0.590,0,0,eGFP1
7296,16:11:11,0.118,0.743,0,0,eGFP1
7297,16:11:11,0.096,0.557,0,0,eGFP1
7298,16:11:12,0.106,0.853,0,0,eGFP1
7299,16:11:13,0.128,0.732,0,0,eGFP1
7300,16:11:13,0.118,0.710,0,0,eGFP1
7301,16:11:14,0.119,0.679,0,0,eGFP1
7302,16:11:15,0.118,0.710,0,0,eGFP1
7303,16:11:16,0.129,0.776,0,0,eGFP1
7304,16:11:16,0.118,0.798,0,0,eGFP1
7305,16:11:17,0.118,0.700,0,0,eGFP1
7306,16:11:18,0.130,0.821,0,0,eGFP1
7307,16:11:19,0.140,0.864,0,0,eGFP1
7308,16:11:19,0.140,0.678,0,0,eGFP1
7309,16:11:20,0.108,0.645,0,0,eGFP1
7310,16:11:21,0.096,0.645,0,0,eGFP1
7311,16:11:23,0.194,2.082,0,0,eGFP1
7312,16:11:24,0.107,0.809,0,0,eGFP1
7313,16:11:24,0.118,0.721,0,0,eGFP1
7314,16:11:25,0.107,0.656,0,0,eGFP1
7315,16:11:26,0.107,0.601,0,0,eGFP1
7316,16:11:26,0.117,0.699,0,0,eGFP1
7317,16:11:27,0.096,0.535,0,0,eGFP1
7318,16:11:28,0.105,0.753,0,0,eGFP1
7319,16:11:28,0.129,0.732,0,0,eGFP1
7320,16:11:29,0.108,0.701,0,0,eGFP1
7321,16:11:30,0.118,0.721,0,0,eGFP1
7322,16:11:30,0.107,0.601,0,0,eGFP1
7323,16:11:31,0.107,0.787,0,0,eGFP1
7324,16:11:32,0.107,0.579,0,0,eGFP1
7325,16:11:32,0.107,0.721,0,0,eGFP1
7326,16:11:33,0.152,0.723,0,0,eGFP1
7327,16:11:34,0.107,0.634,0,0,eGFP1
7328,16:11:35,0.096,1.226,0,0,eGFP1
7329,16:11:36,0.206,0.755,0,0,eGFP1
7330,16:11:36,0.117,0.754,0,0,eGFP1
7331,16:11:37,0.096,0.557,0,0,eGFP1
7332,16:11:38,0.161,0.864,0,0,eGFP1
7333,16:11:38,0.096,0.557,0,0,eGFP1
7334,16:11:39,0.087,0.768,0,0,eGFP1
7335,16:11:40,0.139,0.622,0,0,eGFP1
7336,16:11:41,0.085,0.941,0,0,eGFP1
7337,16:11:41,0.162,0.667,0,0,eGFP1
7338,16:11:42,0.107,0.743,0,0,eGFP1
7339,16:11:43,0.118,0.853,0,0,eGFP1
7340,16:11:44,0.107,0.546,0,0,eGFP1
7341,16:11:44,0.096,0.579,0,0,eGFP1
7342,16:11:45,0.108,0.646,0,0,eGFP1
7343,16:11:45,0.107,0.590,0,0,eGFP1
7344,16:11:46,0.107,0.644,0,0,eGFP1
7345,16:11:47,0.096,0.546,0,0,eGFP1
7346,16:11:47,0.085,0.645,0,0,eGFP1
7347,16:11:48,0.129,0.798,0,0,eGFP1
7348,16:11:49,0.119,0.701,0,0,eGFP1
7349,16:11:50,0.151,0.798,0,0,eGFP1
7350,16:11:50,0.096,0.689,0,0,eGFP1
7351,16:11:51,0.163,0.876,0,0,eGFP1
7352,16:11:52,0.118,0.678,0,0,eGFP1
7353,16:11:52,0.107,0.612,0,0,eGFP1
7354,16:11:53,0.107,0.710,0,0,eGFP1
7355,16:11:54,0.107,0.667,0,0,eGFP1
7356,16:11:55,0.107,0.765,0,0,eGFP1
7357,16:11:55,0.129,0.832,0,0,eGFP1
7358,16:11:56,0.118,0.612,0,0,eGFP1
7359,16:11:57,0.141,0.744,0,0,eGFP1
7360,16:11:57,0.085,0.568,0,0,eGFP1
7361,16:11:58,0.120,0.855,0,0,eGFP1
7362,16:11:59,0.140,0.776,0,0,eGFP1
7363,16:12:00,0.118,0.744,0,0,eGFP1
7364,16:12:00,0.129,0.710,0,0,eGFP1
7365,16:12:01,0.107,0.612,0,0,eGFP1
7366,16:12:02,0.096,0.656,0,0,eGFP1
7367,16:12:02,0.130,0.745,0,0,eGFP1
7368,16:12:03,0.107,0.787,0,0,eGFP1
7369,16:12:04,0.173,0.897,0,0,eGFP1
7370,16:12:05,0.108,0.667,0,0,eGFP1
7371,16:12:05,0.129,0.733,0,0,eGFP1
7372,16:12:06,0.118,0.710,0,0,eGFP1
7373,16:12:07,0.118,0.678,0,0,eGFP1
7374,16:12:08,0.140,0.722,0,0,eGFP1
7375,16:12:08,0.088,0.537,0,0,eGFP1
7376,16:12:09,0.108,0.722,0,0,eGFP1
7377,16:12:10,0.107,0.711,0,0,eGFP1
7378,16:12:10,0.118,0.666,0,0,eGFP1
7379,16:12:11,0.097,0.579,0,0,eGFP1
7380,16:12:11,0.118,0.700,0,0,eGFP1
7381,16:12:12,0.096,0.568,0,0,eGFP1
7382,16:12:16,0.129,3.564,0,0,eGFP1
7383,16:12:16,0.107,0.864,0,0,eGFP1
7384,16:12:17,0.153,0.734,0,0,eGFP1
7385,16:12:18,0.107,0.700,0,0,eGFP1
7386,16:12:19,0.107,0.634,0,0,eGFP1
7387,16:12:19,0.096,0.557,0,0,eGFP1
7388,16:12:20,0.118,0.721,0,0,eGFP1
7389,16:12:21,0.120,0.800,0,0,eGFP1
7390,16:12:21,0.107,0.601,0,0,eGFP1
7391,16:12:22,0.129,0.689,0,0,eGFP1
7392,16:12:22,0.086,0.558,0,0,eGFP1
7393,16:12:23,0.129,0.733,0,0,eGFP1
7394,16:12:24,0.085,0.645,0,0,eGFP1
7395,16:12:25,0.118,0.743,0,0,eGFP1
7396,16:12:25,0.108,0.678,0,0,eGFP1
7397,16:12:26,0.107,0.678,0,0,eGFP1
7398,16:12:27,0.096,0.590,0,0,eGFP1
7399,16:12:27,0.096,0.700,0,0,eGFP1
7400,16:12:28,0.108,0.591,0,0,eGFP1
7401,16:12:29,0.129,0.985,0,0,eGFP1
7402,16:12:29,0.107,0.579,0,0,eGFP1
7403,16:12:30,0.109,0.789,0,0,eGFP1
7404,16:12:31,0.107,0.601,0,0,eGFP1
7405,16:12:32,0.096,0.744,0,0,eGFP1
7406,16:12:32,0.129,0.754,0,0,eGFP1
7407,16:12:33,0.119,0.678,0,0,eGFP1
7408,16:12:34,0.109,0.657,0,0,eGFP1
7409,16:12:34,0.130,0.700,0,0,eGFP1
7410,16:12:35,0.086,0.590,0,0,eGFP1
7411,16:12:36,0.107,0.656,0,0,eGFP1
7412,16:12:36,0.107,0.568,0,0,eGFP1
7413,16:12:37,0.097,0.623,0,0,eGFP1
7414,16:12:37,0.096,0.667,0,0,eGFP1
7415,16:12:38,0.107,0.667,0,0,eGFP1
7416,16:12:39,0.107,0.601,0,0,eGFP1
7417,16:12:39,0.102,0.683,0,0,eGFP1
7418,16:12:40,0.162,0.832,0,0,eGFP1
7419,16:12:41,0.107,0.656,0,0,eGFP1
7420,16:12:41,0.107,0.535,0,0,eGFP1
7421,16:12:43,0.074,1.314,0,0,eGFP1
7422,16:12:44,0.503,1.183,0,0,eGFP1
7423,16:12:45,0.096,0.601,0,0,eGFP1
7424,16:12:45,0.107,0.689,0,0,eGFP1
7425,16:12:46,0.109,0.580,0,0,eGFP1
7426,16:12:47,0.097,1.008,0,0,eGFP1
7427,16:12:47,0.162,0.710,0,0,eGFP1
7428,16:12:48,0.108,0.580,0,0,eGFP1
7429,16:12:49,0.085,0.623,0,0,eGFP1
7430,16:12:49,0.118,0.645,0,0,eGFP1
7431,16:12:50,0.163,0.942,0,0,eGFP1
7432,16:12:51,0.108,0.645,0,0,eGFP1
7433,16:12:52,0.131,0.614,0,0,eGFP1
7434,16:12:52,0.085,0.612,0,0,eGFP1
7435,16:12:53,0.107,0.765,0,0,eGFP1
7436,16:12:54,0.119,0.613,0,0,eGFP1
7437,16:12:54,0.107,0.612,0,0,eGFP1
7438,16:12:55,0.107,0.634,0,0,eGFP1
7439,16:12:55,0.107,0.590,0,0,eGFP1
7440,16:12:56,0.107,0.711,0,0,eGFP1
7441,16:12:57,0.108,0.679,0,0,eGFP1
7442,16:12:58,0.129,0.744,0,0,eGFP1
7443,16:12:58,0.118,0.733,0,0,eGFP1
7444,16:12:59,0.119,0.657,0,0,eGFP1
7445,16:12:59,0.096,0.546,0,0,eGFP1
7446,16:13:02,0.119,2.072,0,0,eGFP1
7447,16:13:02,0.118,0.689,0,0,eGFP1
7448,16:13:03,0.173,0.853,0,0,eGFP1
7449,16:13:04,0.130,0.766,0,0,eGFP1
7450,16:13:04,0.088,0.582,0,0,eGFP1
7451,16:13:05,0.107,0.579,0,0,eGFP1
7452,16:13:06,0.096,0.601,0,0,eGFP1
7453,16:13:06,0.107,0.689,0,0,eGFP1
7454,16:13:07,0.118,0.645,0,0,eGFP1
7455,16:13:07,0.085,0.481,0,0,eGFP1
7456,16:13:09,0.107,1.468,0,0,eGFP1
7457,16:13:09,0.118,0.623,0,0,eGFP1
7458,16:13:10,0.143,0.834,0,0,eGFP1
7459,16:13:11,0.119,0.656,0,0,eGFP1
7460,16:13:12,0.119,0.799,0,0,eGFP1
7461,16:13:12,0.107,0.546,0,0,eGFP1
7462,16:13:13,0.097,1.128,0,0,eGFP1
7463,16:13:14,0.119,0.678,0,0,eGFP1
7464,16:13:15,0.119,0.810,0,0,eGFP1
7465,16:13:16,0.108,0.579,0,0,eGFP1
7466,16:13:16,0.098,0.691,0,0,eGFP1
7467,16:13:17,0.107,0.623,0,0,eGFP1
7468,16:13:18,0.096,0.777,0,0,eGFP1
7469,16:13:18,0.118,0.678,0,0,eGFP1
7470,16:13:19,0.118,0.689,0,0,eGFP1
7471,16:13:20,0.096,0.755,0,0,eGFP1
7472,16:13:21,0.141,1.327,0,0,eGFP1
7473,16:13:22,0.195,0.722,0,0,eGFP1
7474,16:13:22,0.097,0.602,0,0,eGFP1
7475,16:13:23,0.116,0.599,0,0,eGFP1
7476,16:13:24,0.083,0.632,0,0,eGFP1
7477,16:13:24,0.149,0.753,0,0,eGFP1
7478,16:13:25,0.094,0.610,0,0,eGFP1
7479,16:13:26,0.127,0.698,0,0,eGFP1
7480,16:13:26,0.105,0.786,0,0,eGFP1
7481,16:13:27,0.116,0.544,0,0,eGFP1
7482,16:13:28,0.084,1.082,0,0,eGFP1
7483,16:13:29,0.283,0.875,0,0,eGFP1
7484,16:13:30,0.106,0.852,0,0,eGFP1
7485,16:13:30,0.127,0.665,0,0,eGFP1
7486,16:13:32,0.107,1.029,0,0,eGFP1
7487,16:13:32,0.171,0.763,0,0,eGFP1
7488,16:13:33,0.117,0.688,0,0,eGFP1
7489,16:13:34,0.105,0.687,0,0,eGFP1
7490,16:13:34,0.116,0.742,0,0,eGFP1
7491,16:13:35,0.117,0.611,0,0,eGFP1
7492,16:13:36,0.084,0.643,0,0,eGFP1
7493,16:13:36,0.117,0.731,0,0,eGFP1
7494,16:13:37,0.139,0.819,0,0,eGFP1
7495,16:13:38,0.117,0.852,0,0,eGFP1
7496,16:13:39,0.149,0.720,0,0,eGFP1
7497,16:13:39,0.105,0.599,0,0,eGFP1
7498,16:13:40,0.106,0.578,0,0,eGFP1
7499,16:13:41,0.107,0.666,0,0,eGFP1
7500,16:13:41,0.096,0.546,0,0,eGFP1
7501,16:13:42,0.095,0.610,0,0,eGFP1
7502,16:13:42,0.095,0.523,0,0,eGFP1
7503,16:13:43,0.138,0.928,0,0,eGFP1
7504,16:13:44,0.095,0.534,0,0,eGFP1
7505,16:13:45,0.116,0.808,0,0,eGFP1
7506,16:13:45,0.094,0.643,0,0,eGFP1
7507,16:13:46,0.162,0.710,0,0,eGFP1
7508,16:13:47,0.117,0.885,0,0,eGFP1
7509,16:13:48,0.106,0.786,0,0,eGFP1
7510,16:13:48,0.116,0.830,0,0,eGFP1
7511,16:13:49,0.127,0.720,0,0,eGFP1
7512,16:13:52,0.182,2.476,0,0,eGFP1
7513,16:13:52,0.116,0.764,0,0,eGFP1
7514,16:13:53,0.129,1.007,0,0,eGFP1
7515,16:13:54,0.226,0.961,0,0,eGFP1
7516,16:13:55,0.085,0.787,0,0,eGFP1
7517,16:13:56,0.227,0.797,0,0,eGFP1
7518,16:13:57,0.095,0.808,0,0,eGFP1
7519,16:13:57,0.117,0.676,0,0,eGFP1
7520,16:13:58,0.128,0.797,0,0,eGFP1
7521,16:13:59,0.095,0.545,0,0,eGFP1
7522,16:13:59,0.094,0.566,0,0,eGFP1
7523,16:14:00,0.095,0.688,0,0,eGFP1
7524,16:14:01,0.139,0.842,0,0,eGFP1
7525,16:14:02,0.127,0.852,0,0,eGFP1
7526,16:14:02,0.149,0.764,0,0,eGFP1
7527,16:14:03,0.118,0.754,0,0,eGFP1
7528,16:14:04,0.117,0.841,0,0,eGFP1
7529,16:14:05,0.171,0.885,0,0,eGFP1
7530,16:14:06,0.116,0.632,0,0,eGFP1
7531,16:14:06,0.095,0.577,0,0,eGFP1
7532,16:14:07,0.118,0.821,0,0,eGFP1
7533,16:14:08,0.116,0.808,0,0,eGFP1
7534,16:14:09,0.160,1.027,0,0,eGFP1
7535,16:14:09,0.139,0.665,0,0,eGFP1
7536,16:14:11,0.095,1.182,0,0,eGFP1
7537,16:14:11,0.127,0.588,0,0,eGFP1
7538,16:14:12,0.106,0.852,0,0,eGFP1
7539,16:14:13,0.127,0.599,0,0,eGFP1
7540,16:14:13,0.107,0.744,0,0,eGFP1
7541,16:14:14,0.096,0.557,0,0,eGFP1
7542,16:14:15,0.094,0.676,0,0,eGFP1
7543,16:14:15,0.095,0.545,0,0,eGFP1
7544,16:14:16,0.083,0.555,0,0,eGFP1
7545,16:14:17,0.172,0.830,0,0,eGFP1
7546,16:14:17,0.095,0.676,0,0,eGFP1
7547,16:14:18,0.106,0.688,0,0,eGFP1
7548,16:14:19,0.105,0.577,0,0,eGFP1
7549,16:14:19,0.085,0.590,0,0,eGFP1
7550,16:14:20,0.117,0.797,0,0,eGFP1
7551,16:14:21,0.128,0.775,0,0,eGFP1
7552,16:14:21,0.095,0.589,0,0,eGFP1
7553,16:14:22,0.128,0.874,0,0,eGFP1
7554,16:14:23,0.116,0.643,0,0,eGFP1
7555,16:14:24,0.107,0.766,0,0,eGFP1
7556,16:14:24,0.116,0.599,0,0,eGFP1
7557,16:14:25,0.129,0.843,0,0,eGFP1
7558,16:14:26,0.083,0.533,0,0,eGFP1
7559,16:14:26,0.117,0.765,0,0,eGFP1
7560,16:14:27,0.094,0.687,0,0,eGFP1
7561,16:14:28,0.150,0.775,0,0,eGFP1
7562,16:14:28,0.106,0.655,0,0,eGFP1
7563,16:14:29,0.116,0.731,0,0,eGFP1
7564,16:14:30,0.105,0.610,0,0,eGFP1
7565,16:14:31,0.151,0.887,0,0,eGFP1
7566,16:14:32,0.116,0.863,0,0,eGFP1
7567,16:14:32,0.127,0.643,0,0,eGFP1
7568,16:14:33,0.150,0.885,0,0,eGFP1
7569,16:14:34,0.118,0.678,0,0,eGFP1
7570,16:14:35,0.127,0.819,0,0,eGFP1
7571,16:14:35,0.106,0.644,0,0,eGFP1
7572,16:14:38,0.182,2.454,0,0,eGFP1
7573,16:14:38,0.106,0.676,0,0,eGFP1
7574,16:14:39,0.127,0.730,0,0,eGFP1
7575,16:14:40,0.095,0.721,0,0,eGFP1
7576,16:14:40,0.127,0.709,0,0,eGFP1
7577,16:14:41,0.095,0.698,0,0,eGFP1
7578,16:14:42,0.150,0.808,0,0,eGFP1
7579,16:14:43,0.084,0.556,0,0,eGFP1
7580,16:14:43,0.095,0.600,0,0,eGFP1
7581,16:14:44,0.149,0.830,0,0,eGFP1
7582,16:14:45,0.107,0.590,0,0,eGFP1
7583,16:14:45,0.096,0.776,0,0,eGFP1
7584,16:14:46,0.117,0.655,0,0,eGFP1
7585,16:14:47,0.106,0.600,0,0,eGFP1
7586,16:14:47,0.127,0.852,0,0,eGFP1
7587,16:14:48,0.106,0.654,0,0,eGFP1
7588,16:14:49,0.183,0.863,0,0,eGFP1
7589,16:14:50,0.106,0.885,0,0,eGFP1
7590,16:14:51,0.140,0.898,0,0,eGFP1
7591,16:14:51,0.116,0.753,0,0,eGFP1
7592,16:14:52,0.128,0.764,0,0,eGFP1
7593,16:14:53,0.128,0.764,0,0,eGFP1
7594,16:14:54,0.106,0.666,0,0,eGFP1
7595,16:14:55,0.139,0.830,0,0,eGFP1
7596,16:14:55,0.106,0.622,0,0,eGFP1
7597,16:14:57,0.140,2.313,0,0,eGFP1
7598,16:14:58,0.096,0.623,0,0,eGFP1
7599,16:14:59,0.106,0.643,0,0,eGFP1
7600,16:14:59,0.095,0.611,0,0,eGFP1
7601,16:15:00,0.117,0.698,0,0,eGFP1
7602,16:15:01,0.106,0.611,0,0,eGFP1
7603,16:15:01,0.095,0.534,0,0,eGFP1
7604,16:15:02,0.095,0.622,0,0,eGFP1
7605,16:15:02,0.128,0.676,0,0,eGFP1
7606,16:15:03,0.095,0.567,0,0,eGFP1
7607,16:15:04,0.096,0.689,0,0,eGFP1
7608,16:15:04,0.084,0.556,0,0,eGFP1
7609,16:15:05,0.161,0.896,0,0,eGFP1
7610,16:15:06,0.096,0.568,0,0,eGFP1
7611,16:15:06,0.117,0.742,0,0,eGFP1
7612,16:15:07,0.095,0.655,0,0,eGFP1
7613,16:15:08,0.172,0.863,0,0,eGFP1
7614,16:15:11,0.106,2.883,0,0,eGFP1
7615,16:15:11,0.107,0.579,0,0,eGFP1
7616,16:15:12,0.128,0.863,0,0,eGFP1
7617,16:15:13,0.106,0.578,0,0,eGFP1
7618,16:15:14,0.117,0.753,0,0,eGFP1
7619,16:15:14,0.095,0.523,0,0,eGFP1
7620,16:15:15,0.128,1.061,0,0,eGFP1
7621,16:15:16,0.106,0.676,0,0,eGFP1
7622,16:15:17,0.172,0.787,0,0,eGFP1
7623,16:15:17,0.096,0.623,0,0,eGFP1
7624,16:15:18,0.151,0.843,0,0,eGFP1
7625,16:15:19,0.106,0.577,0,0,eGFP1
7626,16:15:19,0.095,0.655,0,0,eGFP1
7627,16:15:20,0.117,0.611,0,0,eGFP1
7628,16:15:21,0.095,0.688,0,0,eGFP1
7629,16:15:21,0.117,0.753,0,0,eGFP1
7630,16:15:22,0.150,0.754,0,0,eGFP1
7631,16:15:23,0.096,0.667,0,0,eGFP1
7632,16:15:24,0.117,0.797,0,0,eGFP1
7633,16:15:24,0.128,0.797,0,0,eGFP1
7634,16:15:25,0.117,0.611,0,0,eGFP1
7635,16:15:26,0.095,0.677,0,0,eGFP1
7636,16:15:26,0.106,0.600,0,0,eGFP1
7637,16:15:27,0.128,0.863,0,0,eGFP1
7638,16:15:28,0.118,0.766,0,0,eGFP1
7639,16:15:29,0.117,0.753,0,0,eGFP1
7640,16:15:29,0.108,0.656,0,0,eGFP1
7641,16:15:30,0.139,0.743,0,0,eGFP1
7642,16:15:31,0.095,0.852,0,0,eGFP1
7643,16:15:33,0.216,1.522,0,0,eGFP1
7644,16:15:33,0.084,0.545,0,0,eGFP1
7645,16:15:34,0.095,0.754,0,0,eGFP1
7646,16:15:35,0.150,0.786,0,0,eGFP1
7647,16:15:35,0.106,0.786,0,0,eGFP1
7648,16:15:38,0.273,2.511,0,0,eGFP1
7649,16:20:26,0.403,288.306,0,0,eGFP1
7650,16:20:32,4.200,6.120,0,0,eGFP1
7651,16:20:33,0.150,0.721,0,0,eGFP1
7652,16:20:34,0.107,0.842,0,0,eGFP1
7653,16:20:35,0.117,0.820,0,0,eGFP1
7654,16:20:35,0.172,0.720,0,0,eGFP1
7655,16:20:36,0.106,0.567,0,0,eGFP1
7656,16:20:37,0.130,0.931,0,0,eGFP1
7657,16:20:39,0.172,1.719,0,0,eGFP1
7658,16:20:40,0.271,1.654,0,0,eGFP1
7659,16:20:41,0.183,0.830,0,0,eGFP1
7660,16:20:42,0.106,0.545,0,0,eGFP1
7661,16:20:42,0.084,0.479,0,0,eGFP1
7662,16:20:43,0.095,0.897,0,0,eGFP1
7663,16:20:44,0.150,0.775,0,0,eGFP1
7664,16:20:45,0.108,0.766,0,0,eGFP1
7665,16:20:45,0.095,0.545,0,0,eGFP1
7666,16:20:46,0.130,0.832,0,0,eGFP1
7667,16:20:47,0.095,0.743,0,0,eGFP1
7668,16:20:47,0.172,0.720,0,0,eGFP1
7669,16:20:48,0.085,0.491,0,0,eGFP1
7670,16:20:49,0.095,0.852,0,0,eGFP1
7671,16:20:49,0.128,0.622,0,0,eGFP1
7672,16:20:50,0.095,0.534,0,0,eGFP1
7673,16:20:51,0.097,0.722,0,0,eGFP1
7674,16:20:51,0.106,0.578,0,0,eGFP1
7675,16:20:52,0.106,0.831,0,0,eGFP1
7676,16:20:53,0.128,0.589,0,0,eGFP1
7677,16:20:53,0.084,0.600,0,0,eGFP1
7678,16:20:54,0.128,0.677,0,0,eGFP1
7679,16:20:54,0.095,0.479,0,0,eGFP1
7680,16:20:55,0.085,0.777,0,0,eGFP1
7681,16:20:56,0.129,0.579,0,0,eGFP1
7682,16:20:56,0.085,0.458,0,0,eGFP1
7683,16:20:57,0.073,0.622,0,0,eGFP1
7684,16:20:57,0.128,0.600,0,0,eGFP1
7685,16:20:58,0.084,0.457,0,0,eGFP1
7686,16:20:59,0.073,0.677,0,0,eGFP1
7687,16:20:59,0.139,0.622,0,0,eGFP1
7688,16:21:00,0.084,0.545,0,0,eGFP1
7689,16:21:00,0.108,0.646,0,0,eGFP1
7690,16:21:01,0.095,0.512,0,0,eGFP1
7691,16:21:01,0.084,0.490,0,0,eGFP1
7692,16:21:02,0.084,0.480,0,0,eGFP1
7693,16:21:02,0.085,0.458,0,0,eGFP1
7694,16:21:03,0.085,0.491,0,0,eGFP1
7695,16:21:04,0.106,0.710,0,0,eGFP1
7696,16:21:04,0.095,0.556,0,0,eGFP1
7697,16:21:05,0.074,0.535,0,0,eGFP1
7698,16:21:05,0.129,0.677,0,0,eGFP1
7699,16:21:06,0.096,0.557,0,0,eGFP1
7700,16:21:06,0.084,0.567,0,0,eGFP1
7701,16:21:07,0.095,0.589,0,0,eGFP1
7702,16:21:08,0.106,0.578,0,0,eGFP1
7703,16:21:08,0.095,0.512,0,0,eGFP1
7704,16:21:09,0.096,0.513,0,0,eGFP1
7705,16:21:09,0.095,0.754,0,0,eGFP1
7706,16:21:10,0.118,0.590,0,0,eGFP1
7707,16:21:11,0.097,0.558,0,0,eGFP1
7708,16:21:11,0.106,0.688,0,0,eGFP1
7709,16:21:12,0.106,0.644,0,0,eGFP1
7710,16:21:12,0.095,0.501,0,0,eGFP1
7711,16:21:13,0.073,0.490,0,0,eGFP1
7712,16:21:13,0.096,0.557,0,0,eGFP1
7713,16:21:14,0.095,0.655,0,0,eGFP1
7714,16:21:15,0.129,0.689,0,0,eGFP1
7715,16:21:15,0.106,0.743,0,0,eGFP1
7716,16:21:17,0.227,1.676,0,0,eGFP1
7717,16:21:18,0.128,0.600,0,0,eGFP1
7718,16:21:18,0.084,0.600,0,0,eGFP1
7719,16:21:19,0.106,0.600,0,0,eGFP1
7720,16:21:20,0.106,0.710,0,0,eGFP1
7721,16:21:20,0.130,0.613,0,0,eGFP1
7722,16:21:21,0.096,0.601,0,0,eGFP1
7723,16:21:21,0.106,0.512,0,0,eGFP1
7724,16:21:22,0.074,0.436,0,0,eGFP1
7725,16:21:22,0.074,0.469,0,0,eGFP1
7726,16:21:23,0.073,0.468,0,0,eGFP1
7727,16:21:23,0.085,0.513,0,0,eGFP1
7728,16:21:24,0.106,0.688,0,0,eGFP1
7729,16:21:25,0.139,0.666,0,0,eGFP1
7730,16:21:25,0.096,0.502,0,0,eGFP1
7731,16:21:26,0.085,0.524,0,0,eGFP1
7732,16:21:26,0.106,0.556,0,0,eGFP1
7733,16:21:27,0.074,0.436,0,0,eGFP1
7734,16:21:27,0.084,0.688,0,0,eGFP1
7735,16:21:28,0.119,0.591,0,0,eGFP1
7736,16:21:28,0.073,0.534,0,0,eGFP1
7737,16:21:29,0.106,0.710,0,0,eGFP1
7738,16:21:30,0.117,0.677,0,0,eGFP1
7739,16:21:30,0.097,0.558,0,0,eGFP1
7740,16:21:32,0.600,1.654,0,0,eGFP1
7741,16:21:33,0.161,0.677,0,0,eGFP1
7742,16:21:33,0.106,0.765,0,0,eGFP1
7743,16:21:34,0.249,0.710,0,0,eGFP1
7744,16:21:36,1.533,2.213,0,0,eGFP1
7745,16:21:37,0.107,0.689,0,0,eGFP1
7746,16:21:38,0.117,0.578,0,0,eGFP1
7747,16:21:38,0.075,0.514,0,0,eGFP1
7748,16:21:39,0.128,0.666,0,0,eGFP1
7749,16:21:39,0.097,0.492,0,0,eGFP1
7750,16:21:40,0.085,0.688,0,0,eGFP1
7751,16:21:41,0.096,0.535,0,0,eGFP1
7752,16:21:41,0.095,0.490,0,0,eGFP1
7753,16:21:42,0.074,0.491,0,0,eGFP1
7754,16:21:42,0.096,0.611,0,0,eGFP1
7755,16:21:43,0.108,0.547,0,0,eGFP1
7756,16:21:43,0.096,0.524,0,0,eGFP1
7757,16:21:44,0.085,0.447,0,0,eGFP1
7758,16:21:44,0.084,0.479,0,0,eGFP1
7759,16:21:45,0.096,0.502,0,0,eGFP1
7760,16:21:45,0.085,0.447,0,0,eGFP1
7761,16:21:46,0.084,0.556,0,0,eGFP1
7762,16:21:46,0.151,0.743,0,0,eGFP1
7763,16:21:47,0.088,0.483,0,0,eGFP1
7764,16:21:48,0.106,0.666,0,0,eGFP1
7765,16:21:48,0.118,0.612,0,0,eGFP1
7766,16:21:49,0.095,0.512,0,0,eGFP1
7767,16:21:49,0.085,0.469,0,0,eGFP1
7768,16:21:53,0.074,3.706,0,0,eGFP1
7769,16:21:53,0.151,0.611,0,0,eGFP1
7770,16:21:54,0.085,0.469,0,0,eGFP1
7771,16:21:54,0.074,0.491,0,0,eGFP1
7772,16:21:55,0.119,0.624,0,0,eGFP1
7773,16:21:56,0.084,0.578,0,0,eGFP1
7774,16:21:56,0.085,0.458,0,0,eGFP1
7775,16:21:57,0.074,0.425,0,0,eGFP1
7776,16:21:57,0.064,0.426,0,0,eGFP1
7777,16:21:57,0.074,0.447,0,0,eGFP1
7778,16:21:58,0.085,0.590,0,0,eGFP1
7779,16:21:59,0.106,0.523,0,0,eGFP1
7780,16:21:59,0.064,0.427,0,0,eGFP1
7781,16:21:59,0.073,0.534,0,0,eGFP1
7782,16:22:00,0.107,0.557,0,0,eGFP1
7783,16:22:00,0.085,0.447,0,0,eGFP1
7784,16:22:01,0.084,0.929,0,0,eGFP1
7785,16:22:02,0.206,0.744,0,0,eGFP1
7786,16:22:03,0.095,0.611,0,0,eGFP1
7787,16:22:03,0.096,0.524,0,0,eGFP1
7788,16:22:04,0.086,0.459,0,0,eGFP1
7789,16:22:04,0.096,0.666,0,0,eGFP1
7790,16:22:05,0.109,0.537,0,0,eGFP1
7791,16:22:05,0.073,0.457,0,0,eGFP1
7792,16:22:06,0.085,0.601,0,0,eGFP1
7793,16:22:07,0.118,0.568,0,0,eGFP1
7794,16:22:07,0.084,0.469,0,0,eGFP1
7795,16:22:08,0.073,0.633,0,0,eGFP1
7796,16:22:08,0.152,0.668,0,0,eGFP1
7797,16:22:09,0.085,0.633,0,0,eGFP1
7798,16:22:10,0.118,0.623,0,0,eGFP1
7799,16:22:10,0.096,0.502,0,0,eGFP1
7800,16:22:11,0.085,0.556,0,0,eGFP1
7801,16:22:11,0.096,0.546,0,0,eGFP1
7802,16:22:12,0.096,0.568,0,0,eGFP1
7803,16:22:12,0.107,0.633,0,0,eGFP1
7804,16:22:13,0.098,0.537,0,0,eGFP1
7805,16:22:14,0.097,0.580,0,0,eGFP1
7806,16:22:14,0.106,0.710,0,0,eGFP1
7807,16:22:15,0.129,0.601,0,0,eGFP1
7808,16:22:15,0.084,0.545,0,0,eGFP1
7809,16:22:16,0.107,0.634,0,0,eGFP1
7810,16:22:16,0.085,0.469,0,0,eGFP1
7811,16:22:17,0.074,0.502,0,0,eGFP1
7812,16:22:18,0.106,0.677,0,0,eGFP1
7813,16:22:18,0.097,0.624,0,0,eGFP1
7814,16:22:19,0.096,0.524,0,0,eGFP1
7815,16:22:19,0.096,0.623,0,0,eGFP1
7816,16:22:20,0.106,0.622,0,0,eGFP1
7817,16:22:21,0.085,0.502,0,0,eGFP1
7818,16:22:21,0.086,0.591,0,0,eGFP1
7819,16:22:22,0.096,0.535,0,0,eGFP1
7820,16:22:22,0.085,0.502,0,0,eGFP1
7821,16:22:26,0.119,3.499,0,0,eGFP1
7822,16:22:26,0.129,0.667,0,0,eGFP1
7823,16:22:27,0.118,0.732,0,0,eGFP1
7824,16:22:28,0.107,0.601,0,0,eGFP1
7825,16:22:28,0.085,0.666,0,0,eGFP1
7826,16:22:29,0.107,0.535,0,0,eGFP1
7827,16:22:29,0.074,0.436,0,0,eGFP1
7828,16:22:30,0.074,0.458,0,0,eGFP1
7829,16:22:30,0.074,0.546,0,0,eGFP1
7830,16:22:31,0.128,0.710,0,0,eGFP1
7831,16:22:32,0.096,0.502,0,0,eGFP1
7832,16:22:32,0.086,0.492,0,0,eGFP1
7833,16:22:33,0.096,0.634,0,0,eGFP1
7834,16:22:33,0.139,0.743,0,0,eGFP1
7835,16:22:34,0.129,0.699,0,0,eGFP1
7836,16:22:35,0.118,0.667,0,0,eGFP1
7837,16:22:35,0.085,0.513,0,0,eGFP1
7838,16:22:36,0.075,0.547,0,0,eGFP1
7839,16:22:37,0.129,0.722,0,0,eGFP1
7840,16:22:37,0.096,0.524,0,0,eGFP1
7841,16:22:38,0.096,0.524,0,0,eGFP1
7842,16:22:38,0.085,0.644,0,0,eGFP1
7843,16:22:39,0.118,0.612,0,0,eGFP1
7844,16:22:39,0.085,0.480,0,0,eGFP1
7845,16:22:40,0.085,0.557,0,0,eGFP1
7846,16:22:41,0.110,0.648,0,0,eGFP1
7847,16:22:41,0.085,0.469,0,0,eGFP1
7848,16:22:42,0.096,0.601,0,0,eGFP1
7849,16:22:42,0.118,0.644,0,0,eGFP1
7850,16:22:43,0.085,0.458,0,0,eGFP1
7851,16:22:43,0.075,0.513,0,0,eGFP1
7852,16:22:44,0.118,0.645,0,0,eGFP1
7853,16:22:44,0.107,0.524,0,0,eGFP1
7854,16:22:45,0.087,0.569,0,0,eGFP1
7855,16:22:46,0.107,0.612,0,0,eGFP1
7856,16:22:46,0.107,0.590,0,0,eGFP1
7857,16:22:47,0.107,0.590,0,0,eGFP1
7858,16:22:47,0.085,0.546,0,0,eGFP1
7859,16:22:48,0.097,0.789,0,0,eGFP1
7860,16:22:49,0.129,0.688,0,0,eGFP1
7861,16:22:49,0.107,0.612,0,0,eGFP1
7862,16:22:50,0.107,0.601,0,0,eGFP1
7863,16:22:50,0.097,0.493,0,0,eGFP1
7864,16:22:51,0.074,0.578,0,0,eGFP1
7865,16:22:52,0.119,0.634,0,0,eGFP1
7866,16:22:52,0.085,0.491,0,0,eGFP1
7867,16:22:53,0.086,0.634,0,0,eGFP1
7868,16:22:53,0.118,0.612,0,0,eGFP1
7869,16:22:54,0.085,0.557,0,0,eGFP1
7870,16:22:55,0.107,0.645,0,0,eGFP1
7871,16:22:55,0.108,0.580,0,0,eGFP1
7872,16:22:56,0.107,0.645,0,0,eGFP1
7873,16:22:57,0.130,0.657,0,0,eGFP1
7874,16:22:57,0.096,0.502,0,0,eGFP1
7875,16:22:57,0.085,0.448,0,0,eGFP1
7876,16:22:58,0.085,0.677,0,0,eGFP1
7877,16:22:59,0.152,0.712,0,0,eGFP1
7878,16:22:59,0.096,0.502,0,0,eGFP1
7879,16:23:00,0.086,0.503,0,0,eGFP1
7880,16:23:00,0.085,0.601,0,0,eGFP1
7881,16:23:01,0.096,0.579,0,0,eGFP1
7882,16:23:02,0.107,0.689,0,0,eGFP1
7883,16:23:02,0.107,0.590,0,0,eGFP1
7884,16:23:03,0.107,0.656,0,0,eGFP1
7885,16:23:03,0.096,0.502,0,0,eGFP1
7886,16:23:04,0.085,0.458,0,0,eGFP1
7887,16:23:04,0.077,0.516,0,0,eGFP1
7888,16:23:05,0.107,0.579,0,0,eGFP1
7889,16:23:06,0.096,0.601,0,0,eGFP1
7890,16:23:06,0.096,0.480,0,0,eGFP1
7891,16:23:07,0.075,0.481,0,0,eGFP1
7892,16:23:07,0.085,0.590,0,0,eGFP1
7893,16:23:08,0.118,0.666,0,0,eGFP1
7894,16:23:08,0.108,0.601,0,0,eGFP1
7895,16:23:09,0.097,0.569,0,0,eGFP1
7896,16:23:10,0.097,0.525,0,0,eGFP1
7897,16:23:10,0.096,0.623,0,0,eGFP1
7898,16:23:11,0.107,0.557,0,0,eGFP1
7899,16:23:11,0.085,0.557,0,0,eGFP1
7900,16:23:12,0.118,0.678,0,0,eGFP1
7901,16:23:12,0.098,0.504,0,0,eGFP1
7902,16:23:13,0.085,0.513,0,0,eGFP1
7903,16:23:14,0.085,0.579,0,0,eGFP1
7904,16:23:14,0.087,0.504,0,0,eGFP1
7905,16:23:15,0.096,0.645,0,0,eGFP1
7906,16:23:15,0.118,0.645,0,0,eGFP1
7907,16:23:16,0.096,0.513,0,0,eGFP1
7908,16:23:16,0.085,0.601,0,0,eGFP1
7909,16:23:17,0.140,0.711,0,0,eGFP1
7910,16:23:18,0.085,0.579,0,0,eGFP1
7911,16:23:19,0.129,0.820,0,0,eGFP1
7912,16:23:19,0.120,0.548,0,0,eGFP1
7913,16:23:20,0.074,0.469,0,0,eGFP1
7914,16:23:20,0.096,0.645,0,0,eGFP1
7915,16:23:21,0.120,0.603,0,0,eGFP1
7916,16:23:21,0.096,0.491,0,0,eGFP1
7917,16:23:22,0.085,0.557,0,0,eGFP1
7918,16:23:23,0.140,0.854,0,0,eGFP1
7919,16:23:24,0.151,0.853,0,0,eGFP1
7920,16:23:24,0.109,0.548,0,0,eGFP1
7921,16:23:25,0.085,0.524,0,0,eGFP1
7922,16:23:25,0.096,0.546,0,0,eGFP1
7923,16:23:26,0.096,0.722,0,0,eGFP1
7924,16:23:26,0.107,0.546,0,0,eGFP1
7925,16:23:27,0.086,0.470,0,0,eGFP1
7926,16:23:28,0.085,0.864,0,0,eGFP1
7927,16:23:28,0.140,0.623,0,0,eGFP1
7928,16:23:29,0.074,0.437,0,0,eGFP1
7929,16:23:29,0.088,0.625,0,0,eGFP1
7930,16:23:30,0.119,0.591,0,0,eGFP1
7931,16:23:31,0.096,0.667,0,0,eGFP1
7932,16:23:31,0.151,0.732,0,0,eGFP1
7933,16:23:32,0.086,0.481,0,0,eGFP1
7934,16:23:32,0.085,0.502,0,0,eGFP1
7935,16:23:33,0.086,0.546,0,0,eGFP1
7936,16:23:33,0.075,0.437,0,0,eGFP1
7937,16:23:34,0.065,0.515,0,0,eGFP1
7938,16:23:35,0.130,0.722,0,0,eGFP1
7939,16:23:35,0.108,0.612,0,0,eGFP1
7940,16:23:36,0.119,0.602,0,0,eGFP1
7941,16:23:36,0.085,0.480,0,0,eGFP1
7942,16:23:37,0.096,0.524,0,0,eGFP1
7943,16:23:37,0.082,0.467,0,0,eGFP1
7944,16:23:38,0.085,0.656,0,0,eGFP1
7945,16:23:39,0.133,0.649,0,0,eGFP1
7946,16:23:39,0.085,0.502,0,0,eGFP1
7947,16:23:40,0.097,0.590,0,0,eGFP1
7948,16:23:40,0.119,0.613,0,0,eGFP1
7949,16:23:41,0.085,0.524,0,0,eGFP1
7950,16:23:42,0.096,0.810,0,0,eGFP1
7951,16:23:42,0.129,0.590,0,0,eGFP1
7952,16:23:43,0.085,0.623,0,0,eGFP1
7953,16:23:44,0.120,0.647,0,0,eGFP1
7954,16:23:44,0.096,0.601,0,0,eGFP1
7955,16:23:45,0.129,0.711,0,0,eGFP1
7956,16:23:45,0.098,0.515,0,0,eGFP1
7957,16:23:46,0.096,0.645,0,0,eGFP1
7958,16:23:47,0.140,0.777,0,0,eGFP1
7959,16:23:47,0.107,0.645,0,0,eGFP1
7960,16:23:51,0.096,3.268,0,0,eGFP1
7961,16:23:52,0.173,0.820,0,0,eGFP1
7962,16:23:52,0.109,0.581,0,0,eGFP1
7963,16:23:53,0.085,0.481,0,0,eGFP1
7964,16:23:53,0.074,0.469,0,0,eGFP1
7965,16:23:54,0.107,0.689,0,0,eGFP1
7966,16:23:54,0.108,0.525,0,0,eGFP1
7967,16:23:55,0.083,0.533,0,0,eGFP1
7968,16:23:55,0.106,0.665,0,0,eGFP1
7969,16:23:56,0.095,0.523,0,0,eGFP1
7970,16:23:57,0.086,0.678,0,0,eGFP1
7971,16:23:57,0.117,0.567,0,0,eGFP1
7972,16:23:58,0.072,0.445,0,0,eGFP1
7973,16:23:58,0.084,0.523,0,0,eGFP1
7974,16:23:59,0.094,0.720,0,0,eGFP1
7975,16:24:00,0.149,0.709,0,0,eGFP1
7976,16:24:00,0.083,0.467,0,0,eGFP1
7977,16:24:01,0.084,0.622,0,0,eGFP1
7978,16:24:01,0.117,0.556,0,0,eGFP1
7979,16:24:02,0.084,0.501,0,0,eGFP1
7980,16:24:02,0.116,0.665,0,0,eGFP1
7981,16:24:03,0.094,0.522,0,0,eGFP1
7982,16:24:04,0.073,0.545,0,0,eGFP1
7983,16:24:04,0.116,0.621,0,0,eGFP1
7984,16:24:05,0.085,0.535,0,0,eGFP1
7985,16:24:05,0.083,0.522,0,0,eGFP1
7986,16:24:06,0.096,0.491,0,0,eGFP1
7987,16:24:06,0.084,0.490,0,0,eGFP1
7988,16:24:07,0.083,0.489,0,0,eGFP1
7989,16:24:07,0.084,0.479,0,0,eGFP1
7990,16:24:08,0.073,0.555,0,0,eGFP1
7991,16:24:08,0.117,0.720,0,0,eGFP1
7992,16:24:09,0.106,0.534,0,0,eGFP1
7993,16:24:10,0.094,0.610,0,0,eGFP1
7994,16:24:10,0.128,0.676,0,0,eGFP1
7995,16:24:11,0.085,0.469,0,0,eGFP1
7996,16:24:11,0.095,0.698,0,0,eGFP1
7997,16:24:12,0.106,0.578,0,0,eGFP1
7998,16:24:13,0.088,0.614,0,0,eGFP1
7999,16:24:13,0.117,0.600,0,0,eGFP1
8000,16:24:14,0.083,0.511,0,0,eGFP1
8001,16:24:15,0.117,0.896,0,0,eGFP1
8002,16:24:15,0.127,0.632,0,0,eGFP1
8003,16:24:16,0.085,0.579,0,0,eGFP1
8004,16:24:16,0.095,0.545,0,0,eGFP1
8005,16:24:17,0.105,0.709,0,0,eGFP1
8006,16:24:18,0.116,0.621,0,0,eGFP1
8007,16:24:18,0.084,0.490,0,0,eGFP1
8008,16:24:19,0.072,0.467,0,0,eGFP1
8009,16:24:19,0.073,0.501,0,0,eGFP1
8010,16:24:20,0.095,0.533,0,0,eGFP1
8011,16:24:20,0.085,0.513,0,0,eGFP1
8012,16:24:21,0.107,0.908,0,0,eGFP1
8013,16:24:22,0.128,0.611,0,0,eGFP1
8014,16:24:22,0.094,0.687,0,0,eGFP1
8015,16:24:23,0.117,0.676,0,0,eGFP1
8016,16:24:24,0.095,0.534,0,0,eGFP1
8017,16:24:24,0.106,0.588,0,0,eGFP1
8018,16:24:25,0.095,0.633,0,0,eGFP1
8019,16:24:25,0.107,0.568,0,0,eGFP1
8020,16:24:26,0.072,0.500,0,0,eGFP1
8021,16:24:27,0.095,0.665,0,0,eGFP1
8022,16:24:27,0.106,0.545,0,0,eGFP1
8023,16:24:28,0.073,0.457,0,0,eGFP1
8024,16:26:59,0.105,151.756,0,0,eGFP1
8025,16:27:00,0.128,0.743,0,0,eGFP1
8026,16:27:01,0.193,0.918,0,0,eGFP1
8027,16:27:02,0.127,0.742,0,0,eGFP1
8028,16:27:03,0.271,1.435,0,0,eGFP1
8029,16:27:04,0.171,0.709,0,0,eGFP1
8030,16:27:05,0.106,0.654,0,0,eGFP1
8031,16:27:05,0.095,0.512,0,0,eGFP1
8032,16:27:06,0.084,0.621,0,0,eGFP1
8033,16:27:06,0.106,0.523,0,0,eGFP1
8034,16:27:07,0.084,0.457,0,0,eGFP1
8035,16:27:07,0.073,0.512,0,0,eGFP1
8036,16:27:08,0.085,0.524,0,0,eGFP1
8037,16:27:08,0.083,0.544,0,0,eGFP1
8038,16:27:09,0.106,0.611,0,0,eGFP1
8039,16:27:09,0.096,0.557,0,0,eGFP1
8040,16:27:10,0.095,0.501,0,0,eGFP1
8041,16:27:10,0.083,0.500,0,0,eGFP1
8042,16:27:11,0.106,0.819,0,0,eGFP1
8043,16:27:12,0.128,0.611,0,0,eGFP1
8044,16:27:12,0.096,0.535,0,0,eGFP1
8045,16:27:13,0.084,0.479,0,0,eGFP1
8046,16:27:13,0.072,0.457,0,0,eGFP1
8047,16:27:14,0.072,0.632,0,0,eGFP1
8048,16:27:14,0.106,0.512,0,0,eGFP1
8049,16:27:15,0.073,0.435,0,0,eGFP1
8050,16:27:15,0.073,0.599,0,0,eGFP1
8051,16:27:16,0.117,0.633,0,0,eGFP1
8052,16:27:17,0.096,0.546,0,0,eGFP1
8053,16:27:17,0.107,0.623,0,0,eGFP1
8054,16:27:18,0.116,0.555,0,0,eGFP1
8055,16:27:18,0.084,0.534,0,0,eGFP1
8056,16:27:19,0.106,0.863,0,0,eGFP1
8057,16:27:20,0.128,0.611,0,0,eGFP1
8058,16:27:20,0.083,0.533,0,0,eGFP1
8059,16:27:21,0.095,0.545,0,0,eGFP1
8060,16:27:21,0.084,0.468,0,0,eGFP1
8061,16:27:22,0.085,0.546,0,0,eGFP1
8062,16:27:23,0.117,0.709,0,0,eGFP1
8063,16:27:23,0.084,0.490,0,0,eGFP1
8064,16:27:24,0.084,0.512,0,0,eGFP1
8065,16:27:24,0.106,0.698,0,0,eGFP1
8066,16:27:25,0.106,0.589,0,0,eGFP1
8067,16:27:25,0.085,0.513,0,0,eGFP1
8068,16:27:26,0.106,0.644,0,0,eGFP1
8069,16:27:27,0.118,0.623,0,0,eGFP1
8070,16:27:27,0.083,0.467,0,0,eGFP1
8071,16:27:28,0.084,0.479,0,0,eGFP1
8072,16:27:28,0.095,0.600,0,0,eGFP1
8073,16:27:29,0.106,0.589,0,0,eGFP1
8074,16:27:29,0.105,0.610,0,0,eGFP1
8075,16:27:30,0.106,0.710,0,0,eGFP1
8076,16:27:31,0.094,0.511,0,0,eGFP1
8077,16:27:31,0.097,0.547,0,0,eGFP1
8078,16:27:32,0.083,0.566,0,0,eGFP1
8079,16:27:32,0.106,0.611,0,0,eGFP1
8080,16:27:33,0.095,0.545,0,0,eGFP1
8081,16:27:34,0.096,0.612,0,0,eGFP1
8082,16:27:34,0.106,0.534,0,0,eGFP1
8083,16:27:35,0.083,0.490,0,0,eGFP1
8084,16:27:35,0.083,0.555,0,0,eGFP1
8085,16:27:36,0.084,0.545,0,0,eGFP1
8086,16:27:36,0.083,0.566,0,0,eGFP1
8087,16:27:37,0.106,0.599,0,0,eGFP1
8088,16:27:37,0.095,0.545,0,0,eGFP1
8089,16:27:38,0.106,0.666,0,0,eGFP1
8090,16:27:39,0.106,0.545,0,0,eGFP1
8091,16:27:39,0.095,0.555,0,0,eGFP1
8092,16:27:40,0.084,0.534,0,0,eGFP1
8093,16:27:40,0.084,0.534,0,0,eGFP1
8094,16:27:41,0.096,0.711,0,0,eGFP1
8095,16:27:42,0.140,0.656,0,0,eGFP1
8096,16:27:42,0.095,0.687,0,0,eGFP1
8097,16:27:43,0.128,0.732,0,0,eGFP1
8098,16:27:44,0.106,0.534,0,0,eGFP1
8099,16:27:44,0.084,0.490,0,0,eGFP1
8100,16:27:45,0.095,0.665,0,0,eGFP1
8101,16:27:45,0.117,0.578,0,0,eGFP1
8102,16:27:46,0.085,0.601,0,0,eGFP1
8103,16:27:49,0.183,3.519,0,0,eGFP1
8104,16:27:50,0.150,0.666,0,0,eGFP1
8105,16:27:51,0.117,1.049,0,0,eGFP1
8106,16:27:52,0.216,0.896,0,0,eGFP1
8107,16:27:53,0.194,0.776,0,0,eGFP1
8108,16:27:53,0.095,0.567,0,0,eGFP1
8109,16:27:54,0.092,0.476,0,0,eGFP1
8110,16:27:54,0.085,0.546,0,0,eGFP1
8111,16:27:55,0.117,0.556,0,0,eGFP1
8112,16:27:55,0.084,0.436,0,0,eGFP1
8113,16:27:56,0.073,0.544,0,0,eGFP1
8114,16:27:57,0.128,0.633,0,0,eGFP1
8115,16:27:57,0.084,0.479,0,0,eGFP1
8116,16:27:57,0.084,0.468,0,0,eGFP1
8117,16:27:58,0.073,0.545,0,0,eGFP1
8118,16:27:59,0.128,0.710,0,0,eGFP1
8119,16:27:59,0.107,0.568,0,0,eGFP1
8120,16:28:00,0.084,0.479,0,0,eGFP1
8121,16:28:00,0.084,0.567,0,0,eGFP1
8122,16:28:01,0.108,0.591,0,0,eGFP1
8123,16:28:02,0.095,0.578,0,0,eGFP1
8124,16:28:02,0.095,0.556,0,0,eGFP1
8125,16:28:03,0.084,0.501,0,0,eGFP1
8126,16:28:03,0.084,0.611,0,0,eGFP1
8127,16:28:04,0.140,0.645,0,0,eGFP1
8128,16:28:04,0.084,0.501,0,0,eGFP1
8129,16:28:05,0.084,0.534,0,0,eGFP1
8130,16:28:05,0.095,0.534,0,0,eGFP1
8131,16:28:06,0.084,0.545,0,0,eGFP1
8132,16:28:07,0.084,0.600,0,0,eGFP1
8133,16:28:07,0.106,0.567,0,0,eGFP1
8134,16:28:08,0.084,0.545,0,0,eGFP1
8135,16:28:08,0.085,0.535,0,0,eGFP1
8136,16:28:09,0.097,0.623,0,0,eGFP1
8137,16:28:09,0.106,0.578,0,0,eGFP1
8138,16:28:10,0.095,0.611,0,0,eGFP1
8139,16:28:11,0.150,0.852,0,0,eGFP1
8140,16:28:11,0.107,0.545,0,0,eGFP1
8141,16:28:12,0.085,0.557,0,0,eGFP1
8142,16:28:13,0.095,0.567,0,0,eGFP1
8143,16:28:13,0.118,0.689,0,0,eGFP1
8144,16:28:14,0.106,0.589,0,0,eGFP1
8145,16:28:14,0.084,0.479,0,0,eGFP1
8146,16:28:15,0.084,0.589,0,0,eGFP1
8147,16:28:16,0.095,0.622,0,0,eGFP1
8148,16:28:16,0.117,0.632,0,0,eGFP1
8149,16:28:17,0.107,0.622,0,0,eGFP1
8150,16:28:17,0.130,0.689,0,0,eGFP1
8151,16:28:18,0.096,0.513,0,0,eGFP1
8152,16:28:19,0.085,0.557,0,0,eGFP1
8153,16:28:19,0.117,0.666,0,0,eGFP1
8154,16:28:20,0.095,0.501,0,0,eGFP1
8155,16:28:20,0.084,0.556,0,0,eGFP1
8156,16:28:21,0.095,0.567,0,0,eGFP1
8157,16:28:21,0.084,0.512,0,0,eGFP1
8158,16:28:22,0.096,0.622,0,0,eGFP1
8159,16:28:23,0.107,0.842,0,0,eGFP1
8160,16:28:24,0.217,1.106,0,0,eGFP1
8161,16:28:25,0.106,0.677,0,0,eGFP1
8162,16:28:26,0.402,1.335,0,0,eGFP1
8163,16:28:27,0.150,0.721,0,0,eGFP1
8164,16:28:28,0.338,1.117,0,0,eGFP1
8165,16:28:28,0.172,0.710,0,0,eGFP1
8166,16:28:29,0.117,0.666,0,0,eGFP1
8167,16:28:30,0.106,0.589,0,0,eGFP1
8168,16:28:30,0.085,0.491,0,0,eGFP1
8169,16:28:31,0.096,0.578,0,0,eGFP1
8170,16:28:31,0.096,0.513,0,0,eGFP1
8171,16:28:32,0.073,0.479,0,0,eGFP1
8172,16:28:32,0.084,0.512,0,0,eGFP1
8173,16:28:33,0.074,0.491,0,0,eGFP1
8174,16:28:33,0.106,0.654,0,0,eGFP1
8175,16:28:34,0.107,0.513,0,0,eGFP1
8176,16:28:34,0.074,0.469,0,0,eGFP1
8177,16:28:35,0.096,0.546,0,0,eGFP1
8178,16:28:35,0.085,0.502,0,0,eGFP1
8179,16:28:36,0.085,0.469,0,0,eGFP1
8180,16:28:37,0.095,0.797,0,0,eGFP1
8181,16:28:37,0.128,0.600,0,0,eGFP1
8182,16:28:38,0.085,0.480,0,0,eGFP1
8183,16:28:38,0.073,0.490,0,0,eGFP1
8184,16:28:39,0.084,0.479,0,0,eGFP1
8185,16:28:39,0.097,0.613,0,0,eGFP1
8186,16:28:40,0.095,0.523,0,0,eGFP1
8187,16:28:40,0.084,0.534,0,0,eGFP1
8188,16:28:41,0.107,0.644,0,0,eGFP1
8189,16:28:42,0.096,0.567,0,0,eGFP1
8190,16:28:42,0.096,0.546,0,0,eGFP1
8191,16:28:43,0.117,0.677,0,0,eGFP1
8192,16:28:43,0.085,0.502,0,0,eGFP1
8193,16:28:44,0.097,0.690,0,0,eGFP1
8194,16:28:45,0.128,0.633,0,0,eGFP1
8195,16:28:45,0.084,0.523,0,0,eGFP1
8196,16:28:46,0.084,0.600,0,0,eGFP1
8197,16:28:46,0.117,0.611,0,0,eGFP1
8198,16:28:47,0.095,0.589,0,0,eGFP1
8199,16:28:48,0.140,1.292,0,0,eGFP1
8200,16:28:49,0.369,1.039,0,0,eGFP1
8201,16:28:50,0.097,0.547,0,0,eGFP1
8202,16:28:50,0.084,0.490,0,0,eGFP1
8203,16:28:51,0.073,0.468,0,0,eGFP1
8204,16:28:51,0.085,0.557,0,0,eGFP1
8205,16:28:52,0.085,0.469,0,0,eGFP1
8206,16:28:52,0.074,0.469,0,0,eGFP1
8207,16:28:53,0.095,0.765,0,0,eGFP1
8208,16:28:54,0.128,0.578,0,0,eGFP1
8209,16:28:54,0.086,0.459,0,0,eGFP1
8210,16:28:55,0.084,0.567,0,0,eGFP1
8211,16:28:55,0.106,0.666,0,0,eGFP1
8212,16:28:56,0.117,0.578,0,0,eGFP1
8213,16:28:57,0.118,0.688,0,0,eGFP1
8214,16:29:03,5.363,6.142,0,0,eGFP1
8215,16:29:04,0.118,0.919,0,0,eGFP1
8216,16:29:04,0.128,0.633,0,0,eGFP1
8217,16:29:05,0.106,0.578,0,0,eGFP1
8218,16:29:06,0.097,0.602,0,0,eGFP1
8219,16:29:06,0.086,0.492,0,0,eGFP1
8220,16:29:07,0.084,0.567,0,0,eGFP1
8221,16:29:07,0.106,0.523,0,0,eGFP1
8222,16:29:08,0.074,0.535,0,0,eGFP1
8223,16:29:08,0.084,0.468,0,0,eGFP1
8224,16:29:09,0.085,0.513,0,0,eGFP1
8225,16:29:09,0.106,0.688,0,0,eGFP1
8226,16:29:10,0.108,0.514,0,0,eGFP1
8227,16:29:10,0.084,0.446,0,0,eGFP1
8228,16:29:11,0.085,0.590,0,0,eGFP1
8229,16:29:11,0.117,0.600,0,0,eGFP1
8230,16:29:12,0.084,0.501,0,0,eGFP1
8231,16:29:12,0.085,0.469,0,0,eGFP1
8232,16:29:13,0.084,0.491,0,0,eGFP1
8233,16:29:14,0.096,0.678,0,0,eGFP1
8234,16:29:14,0.097,0.536,0,0,eGFP1
8235,16:29:15,0.084,0.545,0,0,eGFP1
8236,16:29:15,0.107,0.689,0,0,eGFP1
8237,16:29:16,0.106,0.534,0,0,eGFP1
8238,16:29:16,0.074,0.469,0,0,eGFP1
8239,16:29:17,0.095,0.622,0,0,eGFP1
8240,16:29:18,0.107,0.546,0,0,eGFP1
8241,16:29:18,0.084,0.501,0,0,eGFP1
8242,16:29:19,0.097,0.558,0,0,eGFP1
8243,16:29:19,0.107,0.535,0,0,eGFP1
8244,16:29:20,0.085,0.831,0,0,eGFP1
8245,16:29:21,0.161,0.677,0,0,eGFP1
8246,16:29:21,0.107,0.743,0,0,eGFP1
8247,16:29:22,0.108,0.525,0,0,eGFP1
8248,16:29:22,0.085,0.502,0,0,eGFP1
8249,16:29:23,0.106,0.666,0,0,eGFP1
8250,16:29:24,0.107,0.545,0,0,eGFP1
8251,16:29:24,0.087,0.525,0,0,eGFP1
8252,16:29:25,0.096,0.590,0,0,eGFP1
8253,16:29:25,0.085,0.534,0,0,eGFP1
8254,16:29:26,0.096,0.557,0,0,eGFP1
8255,16:29:27,0.107,1.006,0,0,eGFP1
8256,16:29:28,0.195,0.744,0,0,eGFP1
8257,16:29:28,0.095,0.501,0,0,eGFP1
8258,16:29:29,0.085,0.447,0,0,eGFP1
8259,16:29:29,0.086,0.701,0,0,eGFP1
8260,16:29:30,0.128,0.589,0,0,eGFP1
8261,16:29:30,0.075,0.481,0,0,eGFP1
8262,16:29:31,0.096,0.732,0,0,eGFP1
8263,16:29:32,0.118,0.579,0,0,eGFP1
8264,16:29:32,0.085,0.480,0,0,eGFP1
8265,16:29:33,0.084,0.534,0,0,eGFP1
8266,16:29:33,0.096,0.480,0,0,eGFP1
8267,16:29:34,0.075,0.448,0,0,eGFP1
8268,16:29:34,0.085,0.623,0,0,eGFP1
8269,16:29:35,0.117,0.644,0,0,eGFP1
8270,16:29:35,0.085,0.480,0,0,eGFP1
8271,16:29:36,0.107,0.732,0,0,eGFP1
8272,16:29:37,0.107,0.546,0,0,eGFP1
8273,16:29:37,0.085,0.502,0,0,eGFP1
8274,16:29:38,0.106,0.666,0,0,eGFP1
8275,16:29:38,0.109,0.526,0,0,eGFP1
8276,16:29:39,0.085,0.502,0,0,eGFP1
8277,16:29:39,0.107,0.710,0,0,eGFP1
8278,16:29:40,0.118,0.546,0,0,eGFP1
8279,16:29:41,0.085,0.644,0,0,eGFP1
8280,16:29:41,0.129,0.667,0,0,eGFP1
8281,16:29:42,0.107,0.535,0,0,eGFP1
8282,16:29:42,0.084,0.545,0,0,eGFP1
8283,16:29:43,0.107,0.601,0,0,eGFP1
8284,16:29:44,0.108,0.679,0,0,eGFP1
8285,16:29:44,0.095,0.512,0,0,eGFP1
8286,16:29:45,0.085,0.513,0,0,eGFP1
8287,16:29:45,0.096,0.524,0,0,eGFP1
8288,16:29:46,0.086,0.602,0,0,eGFP1
8289,16:29:46,0.096,0.491,0,0,eGFP1
8290,16:29:47,0.085,0.677,0,0,eGFP1
8291,16:29:48,0.140,0.678,0,0,eGFP1
8292,16:29:48,0.097,0.514,0,0,eGFP1
8293,16:29:49,0.074,0.567,0,0,eGFP1
8294,16:29:49,0.107,0.656,0,0,eGFP1
8295,16:29:50,0.107,0.600,0,0,eGFP1
8296,16:29:51,0.096,0.535,0,0,eGFP1
8297,16:29:51,0.096,0.568,0,0,eGFP1
8298,16:29:52,0.096,0.590,0,0,eGFP1
8299,16:29:52,0.106,0.666,0,0,eGFP1
8300,16:29:53,0.108,0.624,0,0,eGFP1
8301,16:29:54,0.118,0.699,0,0,eGFP1
8302,16:29:54,0.120,0.734,0,0,eGFP1
8303,16:29:55,0.118,0.612,0,0,eGFP1
8304,16:29:56,0.096,0.568,0,0,eGFP1
8305,16:29:56,0.085,0.601,0,0,eGFP1
8306,16:29:57,0.107,0.578,0,0,eGFP1
8307,16:29:57,0.085,0.502,0,0,eGFP1
8308,16:29:58,0.087,0.559,0,0,eGFP1
8309,16:29:59,0.117,0.677,0,0,eGFP1
8310,16:29:59,0.096,0.513,0,0,eGFP1
8311,16:30:00,0.096,0.634,0,0,eGFP1
8312,16:30:00,0.117,0.677,0,0,eGFP1
8313,16:30:01,0.096,0.535,0,0,eGFP1
8314,16:30:02,0.107,0.699,0,0,eGFP1
8315,16:30:02,0.118,0.689,0,0,eGFP1
8316,16:30:03,0.119,0.657,0,0,eGFP1
8317,16:30:04,0.097,0.558,0,0,eGFP1
8318,16:30:04,0.096,0.546,0,0,eGFP1
8319,16:30:05,0.107,0.743,0,0,eGFP1
8320,16:30:05,0.129,0.667,0,0,eGFP1
8321,16:30:06,0.107,0.590,0,0,eGFP1
8322,16:30:07,0.084,0.490,0,0,eGFP1
8323,16:30:07,0.107,0.755,0,0,eGFP1
8324,16:30:08,0.118,0.557,0,0,eGFP1
8325,16:30:09,0.075,1.238,0,0,eGFP1
8326,16:30:11,1.128,1.797,0,0,eGFP1
8327,16:30:12,0.129,1.183,0,0,eGFP1
8328,16:30:13,0.216,0.820,0,0,eGFP1
8329,16:30:13,0.096,0.524,0,0,eGFP1
8330,16:30:14,0.086,0.580,0,0,eGFP1
8331,16:30:15,0.140,0.754,0,0,eGFP1
8332,16:30:15,0.107,0.700,0,0,eGFP1
8333,16:30:16,0.097,0.503,0,0,eGFP1
8334,16:30:17,0.085,0.579,0,0,eGFP1
8335,16:30:17,0.107,0.590,0,0,eGFP1
8336,16:30:18,0.085,0.458,0,0,eGFP1
8337,16:30:18,0.074,0.579,0,0,eGFP1
8338,16:30:19,0.107,0.623,0,0,eGFP1
8339,16:30:19,0.096,0.480,0,0,eGFP1
8340,16:30:20,0.074,0.469,0,0,eGFP1
8341,16:30:20,0.085,0.491,0,0,eGFP1
8342,16:30:21,0.084,0.501,0,0,eGFP1
8343,16:30:21,0.107,0.743,0,0,eGFP1
8344,16:30:22,0.130,0.580,0,0,eGFP1
8345,16:30:23,0.074,0.481,0,0,eGFP1
8346,16:30:23,0.096,0.699,0,0,eGFP1
8347,16:30:24,0.118,0.645,0,0,eGFP1
8348,16:30:24,0.096,0.535,0,0,eGFP1
8349,16:30:25,0.085,0.524,0,0,eGFP1
8350,16:30:26,0.108,0.701,0,0,eGFP1
8351,16:30:26,0.118,0.711,0,0,eGFP1
8352,16:30:27,0.118,0.677,0,0,eGFP1
8353,16:30:28,0.107,0.634,0,0,eGFP1
8354,16:30:28,0.085,0.568,0,0,eGFP1
8355,16:30:29,0.118,0.722,0,0,eGFP1
8356,16:30:29,0.096,0.535,0,0,eGFP1
8357,16:30:30,0.096,0.557,0,0,eGFP1
8358,16:30:31,0.109,0.647,0,0,eGFP1
8359,16:30:31,0.096,0.557,0,0,eGFP1
8360,16:30:32,0.096,0.722,0,0,eGFP1
8361,16:30:33,0.118,0.601,0,0,eGFP1
8362,16:30:33,0.096,0.666,0,0,eGFP1
8363,16:30:34,0.118,0.656,0,0,eGFP1
8364,16:30:34,0.096,0.513,0,0,eGFP1
8365,16:30:35,0.085,0.700,0,0,eGFP1
8366,16:30:36,0.120,0.581,0,0,eGFP1
8367,16:30:36,0.096,0.623,0,0,eGFP1
8368,16:30:37,0.140,0.732,0,0,eGFP1
8369,16:30:38,0.108,0.667,0,0,eGFP1
8370,16:30:38,0.118,0.700,0,0,eGFP1
8371,16:30:39,0.108,0.536,0,0,eGFP1
8372,16:30:40,0.097,0.689,0,0,eGFP1
8373,16:30:40,0.162,0.689,0,0,eGFP1
8374,16:30:41,0.085,0.678,0,0,eGFP1
8375,16:30:42,0.119,0.558,0,0,eGFP1
8376,16:30:42,0.085,0.535,0,0,eGFP1
8377,16:30:43,0.085,0.557,0,0,eGFP1
8378,16:30:43,0.085,0.481,0,0,eGFP1
8379,16:30:44,0.085,0.480,0,0,eGFP1
8380,16:30:44,0.096,0.700,0,0,eGFP1
8381,16:30:45,0.151,0.765,0,0,eGFP1
8382,16:30:46,0.096,0.513,0,0,eGFP1
8383,16:30:46,0.087,0.625,0,0,eGFP1
8384,16:30:47,0.129,0.710,0,0,eGFP1
8385,16:30:47,0.087,0.493,0,0,eGFP1
8386,16:30:48,0.096,0.689,0,0,eGFP1
8387,16:30:49,0.118,0.689,0,0,eGFP1
8388,16:30:49,0.107,0.590,0,0,eGFP1
8389,16:30:50,0.107,0.546,0,0,eGFP1
8390,16:30:51,0.085,0.590,0,0,eGFP1
8391,16:30:51,0.130,0.767,0,0,eGFP1
8392,16:30:52,0.107,0.546,0,0,eGFP1
8393,16:30:52,0.085,0.502,0,0,eGFP1
8394,16:30:53,0.096,0.645,0,0,eGFP1
8395,16:30:54,0.140,0.722,0,0,eGFP1
8396,16:30:54,0.096,0.513,0,0,eGFP1
8397,16:30:55,0.096,0.612,0,0,eGFP1
8398,16:30:56,0.151,0.810,0,0,eGFP1
8399,16:30:56,0.120,0.713,0,0,eGFP1
8400,16:30:57,0.107,0.590,0,0,eGFP1
8401,16:30:57,0.085,0.535,0,0,eGFP1
8402,16:30:58,0.086,0.525,0,0,eGFP1
8403,16:30:59,0.096,0.644,0,0,eGFP1
8404,16:30:59,0.086,0.547,0,0,eGFP1
8405,16:31:00,0.107,0.700,0,0,eGFP1
8406,16:31:01,0.151,0.930,0,0,eGFP1
8407,16:31:02,0.140,0.732,0,0,eGFP1
8408,16:31:02,0.098,0.614,0,0,eGFP1
8409,16:31:03,0.096,0.568,0,0,eGFP1
8410,16:31:04,0.107,0.897,0,0,eGFP1
8411,16:31:04,0.119,0.613,0,0,eGFP1
8412,16:31:05,0.107,0.623,0,0,eGFP1
8413,16:31:05,0.108,0.547,0,0,eGFP1
8414,16:31:06,0.085,0.546,0,0,eGFP1
8415,16:31:07,0.097,0.569,0,0,eGFP1
8416,16:31:07,0.097,0.657,0,0,eGFP1
8417,16:31:08,0.162,1.095,0,0,eGFP1
8418,16:31:19,0.283,10.258,0,0,eGFP1
8419,16:31:20,0.107,1.282,0,0,eGFP1
8420,16:31:22,1.457,2.137,0,0,eGFP1
8421,16:31:23,0.140,0.909,0,0,eGFP1
8422,16:31:24,0.129,0.710,0,0,eGFP1
8423,16:31:24,0.097,0.569,0,0,eGFP1
8424,16:31:25,0.097,0.580,0,0,eGFP1
8425,16:31:25,0.097,0.514,0,0,eGFP1
8426,16:31:26,0.096,0.612,0,0,eGFP1
8427,16:31:26,0.108,0.613,0,0,eGFP1
8428,16:31:27,0.086,0.492,0,0,eGFP1
8429,16:31:28,0.085,0.667,0,0,eGFP1
8430,16:31:28,0.107,0.546,0,0,eGFP1
8431,16:31:29,0.096,0.667,0,0,eGFP1
8432,16:31:29,0.098,0.493,0,0,eGFP1
8433,16:31:30,0.085,0.469,0,0,eGFP1
8434,16:31:30,0.086,0.535,0,0,eGFP1
8435,16:31:31,0.086,0.547,0,0,eGFP1
8436,16:31:31,0.085,0.502,0,0,eGFP1
8437,16:31:33,0.086,1.227,0,0,eGFP1
8438,16:31:33,0.206,0.755,0,0,eGFP1
8439,16:31:34,0.096,0.678,0,0,eGFP1
8440,16:31:35,0.151,0.667,0,0,eGFP1
8441,16:31:35,0.088,0.472,0,0,eGFP1
8442,16:31:36,0.085,0.667,0,0,eGFP1
8443,16:31:36,0.118,0.623,0,0,eGFP1
8444,16:31:37,0.097,0.536,0,0,eGFP1
8445,16:31:38,0.085,0.590,0,0,eGFP1
8446,16:31:38,0.118,0.557,0,0,eGFP1
8447,16:31:39,0.086,0.470,0,0,eGFP1
8448,16:31:39,0.085,0.634,0,0,eGFP1
8449,16:31:40,0.109,0.558,0,0,eGFP1
8450,16:31:40,0.086,0.492,0,0,eGFP1
8451,16:31:41,0.096,0.524,0,0,eGFP1
8452,16:31:41,0.086,0.492,0,0,eGFP1
8453,16:31:42,0.096,0.711,0,0,eGFP1
8454,16:31:43,0.120,0.570,0,0,eGFP1
8455,16:31:43,0.074,0.502,0,0,eGFP1
8456,16:31:44,0.097,0.678,0,0,eGFP1
8457,16:31:44,0.098,0.537,0,0,eGFP1
8458,16:31:45,0.107,0.634,0,0,eGFP1
8459,16:31:46,0.129,0.645,0,0,eGFP1
8460,16:31:46,0.094,0.654,0,0,eGFP1
8461,16:31:47,0.094,0.555,0,0,eGFP1
8462,16:31:47,0.094,0.676,0,0,eGFP1
8463,16:31:48,0.116,0.709,0,0,eGFP1
8464,16:31:49,0.094,0.588,0,0,eGFP1
8465,16:31:49,0.107,0.579,0,0,eGFP1
8466,16:31:50,0.094,0.577,0,0,eGFP1
8467,16:31:51,0.095,0.643,0,0,eGFP1
8468,16:31:51,0.096,0.755,0,0,eGFP1
8469,16:31:52,0.127,0.588,0,0,eGFP1
8470,16:31:52,0.083,0.544,0,0,eGFP1
8471,16:31:53,0.139,0.742,0,0,eGFP1
8472,16:31:54,0.084,0.501,0,0,eGFP1
8473,16:31:54,0.094,0.775,0,0,eGFP1
8474,16:31:55,0.109,0.526,0,0,eGFP1
8475,16:31:56,0.073,0.523,0,0,eGFP1
8476,16:31:56,0.127,0.753,0,0,eGFP1
8477,16:31:57,0.127,1.038,0,0,eGFP1
8478,16:31:59,0.347,1.784,0,0,eGFP1
8479,16:32:00,0.117,0.655,0,0,eGFP1
8480,16:32:00,0.116,0.621,0,0,eGFP1
8481,16:32:01,0.084,0.555,0,0,eGFP1
8482,16:32:02,0.120,0.756,0,0,eGFP1
8483,16:32:03,0.139,1.017,0,0,eGFP1
8484,16:32:03,0.116,0.588,0,0,eGFP1
8485,16:32:04,0.094,0.500,0,0,eGFP1
8486,16:32:04,0.084,0.512,0,0,eGFP1
8487,16:32:05,0.117,1.159,0,0,eGFP1
8488,16:32:06,0.150,0.622,0,0,eGFP1
8489,16:32:07,0.072,0.489,0,0,eGFP1
8490,16:32:07,0.085,0.656,0,0,eGFP1
8491,16:32:08,0.127,0.588,0,0,eGFP1
8492,16:32:08,0.084,0.468,0,0,eGFP1
8493,16:32:09,0.084,0.534,0,0,eGFP1
8494,16:32:09,0.083,0.478,0,0,eGFP1
8495,16:32:10,0.095,0.742,0,0,eGFP1
8496,16:32:11,0.118,0.557,0,0,eGFP1
8497,16:32:11,0.095,0.578,0,0,eGFP1
8498,16:32:12,0.106,0.655,0,0,eGFP1
8499,16:32:12,0.117,0.578,0,0,eGFP1
8500,16:32:13,0.094,0.478,0,0,eGFP1
8501,16:32:14,0.095,0.721,0,0,eGFP1
8502,16:32:14,0.105,0.533,0,0,eGFP1
8503,16:32:15,0.095,0.621,0,0,eGFP1
8504,16:32:15,0.095,0.567,0,0,eGFP1
8505,16:32:16,0.128,0.797,0,0,eGFP1
8506,16:32:17,0.095,0.512,0,0,eGFP1
8507,16:32:17,0.096,0.557,0,0,eGFP1
8508,16:32:18,0.083,0.555,0,0,eGFP1
8509,16:32:18,0.106,0.698,0,0,eGFP1
8510,16:32:19,0.118,0.612,0,0,eGFP1
8511,16:32:20,0.095,0.830,0,0,eGFP1
8512,16:32:21,0.139,0.775,0,0,eGFP1
8513,16:32:21,0.106,0.665,0,0,eGFP1
8514,16:32:22,0.084,0.523,0,0,eGFP1
8515,16:32:22,0.085,0.579,0,0,eGFP1
8516,16:32:23,0.138,0.863,0,0,eGFP1
8517,16:32:24,0.127,0.709,0,0,eGFP1
8518,16:32:25,0.139,0.676,0,0,eGFP1
8519,16:32:25,0.084,0.490,0,0,eGFP1
8520,16:32:26,0.095,0.753,0,0,eGFP1
8521,16:32:27,0.150,0.709,0,0,eGFP1
8522,16:32:27,0.095,0.501,0,0,eGFP1
8523,16:32:28,0.096,0.897,0,0,eGFP1
8524,16:32:29,0.140,0.667,0,0,eGFP1
8525,16:32:29,0.095,0.556,0,0,eGFP1
8526,16:32:30,0.105,0.731,0,0,eGFP1
8527,16:32:31,0.095,0.556,0,0,eGFP1
8528,16:32:31,0.083,0.489,0,0,eGFP1
8529,16:32:32,0.073,0.611,0,0,eGFP1
8530,16:32:32,0.172,0.819,0,0,eGFP1
8531,16:32:33,0.107,0.623,0,0,eGFP1
8532,16:32:34,0.106,0.775,0,0,eGFP1
8533,16:32:35,0.117,0.742,0,0,eGFP1
8534,16:32:35,0.128,0.578,0,0,eGFP1
8535,16:32:36,0.073,0.610,0,0,eGFP1
8536,16:32:36,0.117,0.633,0,0,eGFP1
8537,16:32:37,0.085,0.491,0,0,eGFP1
8538,16:32:38,0.117,0.786,0,0,eGFP1
8539,16:32:39,0.139,1.094,0,0,eGFP1
8540,16:32:39,0.151,0.678,0,0,eGFP1
8541,16:32:40,0.105,0.731,0,0,eGFP1
8542,16:32:41,0.139,0.775,0,0,eGFP1
8543,16:32:42,0.106,0.622,0,0,eGFP1
8544,16:32:42,0.116,0.742,0,0,eGFP1
8545,16:32:43,0.095,0.600,0,0,eGFP1
8546,16:32:44,0.105,0.698,0,0,eGFP1
8547,16:32:44,0.117,0.578,0,0,eGFP1
8548,16:32:45,0.085,0.875,0,0,eGFP1
8549,16:32:46,0.150,0.743,0,0,eGFP1
8550,16:32:46,0.094,0.621,0,0,eGFP1
8551,16:32:47,0.118,0.821,0,0,eGFP1
8552,16:32:48,0.106,0.566,0,0,eGFP1
8553,16:32:49,0.095,0.842,0,0,eGFP1
8554,16:32:49,0.149,0.720,0,0,eGFP1
8555,16:32:50,0.106,0.786,0,0,eGFP1
8556,16:32:51,0.118,0.590,0,0,eGFP1
8557,16:32:51,0.073,0.677,0,0,eGFP1
8558,16:32:52,0.139,0.775,0,0,eGFP1
8559,16:32:53,0.095,0.534,0,0,eGFP1
8560,16:32:54,0.106,0.940,0,0,eGFP1
8561,16:32:54,0.150,0.709,0,0,eGFP1
8562,16:32:55,0.106,0.710,0,0,eGFP1
8563,16:32:56,0.106,0.523,0,0,eGFP1
8564,16:32:56,0.074,0.776,0,0,eGFP1
8565,16:32:57,0.140,0.634,0,0,eGFP1
8566,16:32:58,0.095,0.710,0,0,eGFP1
8567,16:32:58,0.161,0.709,0,0,eGFP1
8568,16:32:59,0.095,0.754,0,0,eGFP1
8569,16:33:00,0.149,0.764,0,0,eGFP1
8570,16:33:01,0.117,0.742,0,0,eGFP1
8571,16:33:02,0.117,0.852,0,0,eGFP1
8572,16:33:02,0.150,0.655,0,0,eGFP1
8573,16:33:03,0.107,0.623,0,0,eGFP1
8574,16:33:03,0.095,0.501,0,0,eGFP1
8575,16:33:04,0.084,0.710,0,0,eGFP1
8576,16:33:05,0.171,0.753,0,0,eGFP1
8577,16:33:05,0.095,0.479,0,0,eGFP1
8578,16:33:06,0.095,0.710,0,0,eGFP1
8579,16:33:07,0.151,0.722,0,0,eGFP1
8580,16:33:07,0.084,0.501,0,0,eGFP1
8581,16:33:08,0.074,0.754,0,0,eGFP1
8582,16:33:09,0.161,0.743,0,0,eGFP1
8583,16:33:09,0.084,0.479,0,0,eGFP1
8584,16:33:10,0.084,0.666,0,0,eGFP1
8585,16:33:11,0.150,0.753,0,0,eGFP1
8586,16:33:12,0.106,1.017,0,0,eGFP1
8587,16:33:12,0.150,0.732,0,0,eGFP1
8588,16:33:13,0.106,0.610,0,0,eGFP1
8589,16:33:14,0.097,0.536,0,0,eGFP1
8590,16:33:14,0.095,0.600,0,0,eGFP1
8591,16:33:15,0.171,0.797,0,0,eGFP1
8592,16:33:16,0.106,0.764,0,0,eGFP1
8593,16:33:16,0.119,0.634,0,0,eGFP1
8594,16:33:17,0.128,0.820,0,0,eGFP1
8595,16:33:18,0.128,0.720,0,0,eGFP1
8596,16:33:18,0.106,0.622,0,0,eGFP1
8597,16:33:19,0.095,0.545,0,0,eGFP1
8598,16:33:20,0.094,0.774,0,0,eGFP1
8599,16:33:20,0.117,0.666,0,0,eGFP1
8600,16:33:21,0.117,0.677,0,0,eGFP1
8601,16:33:22,0.106,0.808,0,0,eGFP1
8602,16:33:23,0.150,0.886,0,0,eGFP1
8603,16:33:23,0.117,0.610,0,0,eGFP1
8604,16:33:24,0.106,0.699,0,0,eGFP1
8605,16:33:25,0.106,0.578,0,0,eGFP1
8606,16:33:25,0.097,0.514,0,0,eGFP1
8607,16:33:26,0.085,0.689,0,0,eGFP1
8608,16:33:27,0.172,0.797,0,0,eGFP1
8609,16:33:27,0.117,0.655,0,0,eGFP1
8610,16:33:28,0.118,0.667,0,0,eGFP1
8611,16:33:29,0.095,0.622,0,0,eGFP1
8612,16:33:29,0.117,0.589,0,0,eGFP1
8613,16:33:30,0.084,0.666,0,0,eGFP1
8614,16:33:31,0.129,0.623,0,0,eGFP1
8615,16:33:31,0.084,0.490,0,0,eGFP1
8616,16:33:32,0.107,0.754,0,0,eGFP1
8617,16:33:33,0.128,0.710,0,0,eGFP1
8618,16:33:33,0.106,0.655,0,0,eGFP1
8619,16:33:34,0.117,0.676,0,0,eGFP1
8620,16:33:35,0.119,0.865,0,0,eGFP1
8621,16:33:36,0.249,0.984,0,0,eGFP1
8622,16:33:36,0.097,0.514,0,0,eGFP1
8623,16:33:37,0.084,0.534,0,0,eGFP1
8624,16:33:37,0.106,0.589,0,0,eGFP1
8625,16:33:38,0.084,0.556,0,0,eGFP1
8626,16:33:39,0.106,0.820,0,0,eGFP1
8627,16:33:39,0.139,0.753,0,0,eGFP1
8628,16:33:41,0.589,1.764,0,0,eGFP1
8629,16:33:42,0.139,0.775,0,0,eGFP1
8630,16:33:43,0.107,0.611,0,0,eGFP1
8631,16:33:43,0.108,0.733,0,0,eGFP1
8632,16:33:44,0.118,0.688,0,0,eGFP1
8633,16:33:45,0.096,0.622,0,0,eGFP1
8634,16:33:45,0.097,0.668,0,0,eGFP1
8635,16:33:46,0.106,0.742,0,0,eGFP1
8636,16:33:47,0.107,0.524,0,0,eGFP1
8637,16:33:47,0.073,0.479,0,0,eGFP1
8638,16:33:48,0.084,0.457,0,0,eGFP1
8639,16:33:48,0.086,0.701,0,0,eGFP1
8640,16:33:49,0.139,0.764,0,0,eGFP1
8641,16:33:50,0.096,0.578,0,0,eGFP1
8642,16:33:50,0.118,0.721,0,0,eGFP1
8643,16:33:51,0.085,0.480,0,0,eGFP1
8644,16:33:51,0.084,0.490,0,0,eGFP1
8645,16:33:52,0.106,0.831,0,0,eGFP1
8646,16:33:53,0.139,0.622,0,0,eGFP1
8647,16:33:53,0.074,0.524,0,0,eGFP1
8648,16:33:54,0.130,0.679,0,0,eGFP1
8649,16:33:54,0.106,0.534,0,0,eGFP1
8650,16:33:55,0.095,0.600,0,0,eGFP1
8651,16:33:56,0.095,0.567,0,0,eGFP1
8652,16:33:56,0.096,0.535,0,0,eGFP1
8653,16:33:57,0.106,0.753,0,0,eGFP1
8654,16:33:58,0.140,0.622,0,0,eGFP1
8655,16:33:58,0.097,0.756,0,0,eGFP1
8656,16:33:59,0.128,0.611,0,0,eGFP1
8657,16:33:59,0.084,0.578,0,0,eGFP1
8658,16:34:00,0.150,0.831,0,0,eGFP1
8659,16:34:01,0.095,0.732,0,0,eGFP1
8660,16:34:02,0.139,0.797,0,0,eGFP1
8661,16:34:02,0.096,0.601,0,0,eGFP1
8662,16:34:03,0.107,0.722,0,0,eGFP1
8663,16:34:04,0.106,0.567,0,0,eGFP1
8664,16:34:05,0.097,0.821,0,0,eGFP1
8665,16:34:05,0.194,0.820,0,0,eGFP1
8666,16:34:06,0.106,0.666,0,0,eGFP1
8667,16:34:07,0.128,0.776,0,0,eGFP1
8668,16:34:08,0.139,0.907,0,0,eGFP1
8669,16:34:08,0.161,0.677,0,0,eGFP1
8670,16:34:09,0.085,0.579,0,0,eGFP1
8671,16:34:10,0.106,0.732,0,0,eGFP1
8672,16:34:10,0.097,0.536,0,0,eGFP1
8673,16:34:11,0.074,0.469,0,0,eGFP1
8674,16:37:43,0.085,212.575,0,0,eGFP1
8675,16:37:46,1.149,2.389,0,0,eGFP1
8676,16:37:48,0.119,2.599,0,0,eGFP1
8677,16:37:50,0.161,1.687,0,0,eGFP1
8678,16:37:51,0.139,0.929,0,0,eGFP1
8679,16:37:52,0.162,1.138,0,0,eGFP1
8680,16:37:53,0.141,0.953,0,0,eGFP1
8681,16:37:54,0.151,0.842,0,0,eGFP1
8682,16:37:55,0.129,0.831,0,0,eGFP1
8683,16:37:56,0.172,1.764,0,0,eGFP1
8684,16:37:57,0.117,0.644,0,0,eGFP1
8685,16:37:58,0.150,0.842,0,0,eGFP1
8686,16:37:59,0.106,0.808,0,0,eGFP1
8687,16:37:59,0.107,0.546,0,0,eGFP1
8688,16:38:01,0.097,1.622,0,0,eGFP1
8689,16:38:01,0.118,0.579,0,0,eGFP1
8690,16:38:03,0.096,1.073,0,0,eGFP1
8691,16:38:03,0.140,0.666,0,0,eGFP1
8692,16:38:04,0.140,0.831,0,0,eGFP1
8693,16:38:05,0.107,0.611,0,0,eGFP1
8694,16:38:05,0.151,0.689,0,0,eGFP1
8695,16:38:06,0.084,0.545,0,0,eGFP1
8696,16:38:07,0.118,0.765,0,0,eGFP1
8697,16:38:07,0.119,0.635,0,0,eGFP1
8698,16:38:08,0.095,0.743,0,0,eGFP1
8699,16:38:09,0.106,0.556,0,0,eGFP1
8700,16:38:09,0.129,0.908,0,0,eGFP1
8701,16:38:10,0.096,0.666,0,0,eGFP1
8702,16:38:11,0.173,1.051,0,0,eGFP1
8703,16:38:12,0.118,0.722,0,0,eGFP1
8704,16:38:12,0.107,0.600,0,0,eGFP1
8705,16:38:13,0.130,0.986,0,0,eGFP1
8706,16:38:14,0.129,0.590,0,0,eGFP1
8707,16:38:15,0.095,0.842,0,0,eGFP1
8708,16:38:15,0.106,0.578,0,0,eGFP1
8709,16:38:16,0.140,0.787,0,0,eGFP1
8710,16:38:17,0.096,0.875,0,0,eGFP1
8711,16:38:18,0.139,0.897,0,0,eGFP1
8712,16:38:19,0.117,0.677,0,0,eGFP1
8713,16:38:21,0.119,2.358,0,0,eGFP1
8714,16:38:22,0.117,0.732,0,0,eGFP1
8715,16:38:23,0.172,0.743,0,0,eGFP1
8716,16:38:23,0.085,0.743,0,0,eGFP1
8717,16:38:24,0.141,0.876,0,0,eGFP1
8718,16:38:25,0.162,0.787,0,0,eGFP1
8719,16:38:26,0.107,0.678,0,0,eGFP1
8720,16:38:26,0.183,0.841,0,0,eGFP1
8721,16:38:27,0.098,0.833,0,0,eGFP1
8722,16:38:28,0.117,0.644,0,0,eGFP1
8723,16:38:29,0.151,0.908,0,0,eGFP1
8724,16:38:29,0.107,0.634,0,0,eGFP1
8725,16:38:30,0.150,0.743,0,0,eGFP1
8726,16:38:31,0.150,0.897,0,0,eGFP1
8727,16:38:32,0.106,0.666,0,0,eGFP1
8728,16:38:33,0.162,0.985,0,0,eGFP1
8729,16:38:34,0.139,0.853,0,0,eGFP1
8730,16:38:34,0.174,0.788,0,0,eGFP1
8731,16:38:35,0.098,0.592,0,0,eGFP1
8732,16:38:36,0.096,0.820,0,0,eGFP1
8733,16:38:37,0.118,0.721,0,0,eGFP1
8734,16:38:38,0.151,0.941,0,0,eGFP1
8735,16:38:38,0.162,0.919,0,0,eGFP1
8736,16:38:39,0.096,1.040,0,0,eGFP1
8737,16:38:40,0.348,0.984,0,0,eGFP1
8738,16:38:41,0.120,0.789,0,0,eGFP1
8739,16:38:42,0.107,0.897,0,0,eGFP1
8740,16:38:43,0.118,0.634,0,0,eGFP1
8741,16:38:44,0.096,0.820,0,0,eGFP1
8742,16:38:44,0.118,0.623,0,0,eGFP1
8743,16:38:45,0.139,0.798,0,0,eGFP1
8744,16:38:46,0.085,0.732,0,0,eGFP1
8745,16:38:47,0.174,0.910,0,0,eGFP1
8746,16:38:48,0.163,0.931,0,0,eGFP1
8747,16:38:49,0.140,0.930,0,0,eGFP1
8748,16:38:50,0.162,0.996,0,0,eGFP1
8749,16:38:50,0.151,0.941,0,0,eGFP1
8750,16:38:51,0.129,0.963,0,0,eGFP1
8751,16:38:52,0.140,0.623,0,0,eGFP1
8752,16:38:53,0.085,0.534,0,0,eGFP1
8753,16:38:53,0.096,0.722,0,0,eGFP1
8754,16:38:56,0.163,2.544,0,0,eGFP1
8755,16:38:57,0.173,0.744,0,0,eGFP1
8756,16:38:57,0.151,0.820,0,0,eGFP1
8757,16:38:58,0.096,0.557,0,0,eGFP1
8758,16:38:59,0.096,0.787,0,0,eGFP1
8759,16:39:00,0.130,0.888,0,0,eGFP1
8760,16:39:00,0.139,0.611,0,0,eGFP1
8761,16:39:01,0.118,0.821,0,0,eGFP1
8762,16:39:02,0.096,0.710,0,0,eGFP1
8763,16:39:02,0.163,0.657,0,0,eGFP1
8764,16:39:03,0.085,0.755,0,0,eGFP1
8765,16:39:04,0.107,0.578,0,0,eGFP1
8766,16:39:04,0.096,0.711,0,0,eGFP1
8767,16:39:05,0.107,0.787,0,0,eGFP1
8768,16:39:06,0.129,0.853,0,0,eGFP1
8769,16:39:07,0.129,0.634,0,0,eGFP1
8770,16:39:07,0.096,0.689,0,0,eGFP1
8771,16:39:08,0.152,0.865,0,0,eGFP1
8772,16:39:09,0.129,0.898,0,0,eGFP1
8773,16:39:10,0.108,0.569,0,0,eGFP1
8774,16:39:11,0.140,0.897,0,0,eGFP1
8775,16:39:11,0.096,0.568,0,0,eGFP1
8776,16:39:12,0.118,0.831,0,0,eGFP1
8777,16:39:13,0.096,0.590,0,0,eGFP1
8778,16:39:14,0.184,0.875,0,0,eGFP1
8779,16:39:14,0.098,0.734,0,0,eGFP1
8780,16:39:15,0.173,0.722,0,0,eGFP1
8781,16:39:16,0.151,0.908,0,0,eGFP1
8782,16:39:17,0.096,0.809,0,0,eGFP1
8783,16:39:17,0.140,0.711,0,0,eGFP1
8784,16:39:18,0.151,0.941,0,0,eGFP1
8785,16:39:19,0.118,0.678,0,0,eGFP1
8786,16:39:20,0.119,0.657,0,0,eGFP1
8787,16:39:21,0.130,0.942,0,0,eGFP1
8788,16:39:21,0.118,0.788,0,0,eGFP1
8789,16:39:23,0.414,1.457,0,0,eGFP1
8790,16:39:24,0.129,0.897,0,0,eGFP1
8791,16:39:24,0.151,0.678,0,0,eGFP1
8792,16:39:25,0.096,0.788,0,0,eGFP1
8793,16:39:26,0.162,0.919,0,0,eGFP1
8794,16:39:28,0.184,1.347,0,0,eGFP1
8795,16:39:29,0.107,1.073,0,0,eGFP1
8796,16:39:29,0.207,0.877,0,0,eGFP1
8797,16:39:30,0.118,0.864,0,0,eGFP1
8798,16:39:31,0.140,0.952,0,0,eGFP1
8799,16:39:32,0.173,0.996,0,0,eGFP1
8800,16:39:33,0.131,1.031,0,0,eGFP1
8801,16:39:34,0.129,0.678,0,0,eGFP1
8802,16:39:35,0.107,0.787,0,0,eGFP1
8803,16:39:36,0.151,0.788,0,0,eGFP1
8804,16:39:36,0.109,0.625,0,0,eGFP1
8805,16:39:37,0.096,0.656,0,0,eGFP1
8806,16:39:39,0.173,1.983,0,0,eGFP1
8807,16:39:40,0.086,0.777,0,0,eGFP1
8808,16:39:40,0.151,0.886,0,0,eGFP1
8809,16:39:41,0.140,0.854,0,0,eGFP1
8810,16:39:42,0.129,0.601,0,0,eGFP1
8811,16:39:43,0.107,0.798,0,0,eGFP1
8812,16:39:43,0.099,0.582,0,0,eGFP1
8813,16:39:44,0.107,0.721,0,0,eGFP1
8814,16:39:45,0.120,0.899,0,0,eGFP1
8815,16:39:46,0.140,0.897,0,0,eGFP1
8816,16:39:47,0.119,0.854,0,0,eGFP1
8817,16:39:47,0.129,0.766,0,0,eGFP1
8818,16:39:48,0.151,0.776,0,0,eGFP1
8819,16:39:49,0.086,0.525,0,0,eGFP1
8820,16:39:49,0.097,0.580,0,0,eGFP1
8821,16:39:50,0.097,0.799,0,0,eGFP1
8822,16:39:51,0.129,0.755,0,0,eGFP1
8823,16:39:52,0.107,0.700,0,0,eGFP1
8824,16:39:52,0.173,0.721,0,0,eGFP1
8825,16:39:53,0.097,0.799,0,0,eGFP1
8826,16:39:54,0.118,0.689,0,0,eGFP1
8827,16:39:55,0.195,0.854,0,0,eGFP1
8828,16:39:55,0.097,0.789,0,0,eGFP1
8829,16:39:56,0.141,0.679,0,0,eGFP1
8830,16:39:57,0.107,0.821,0,0,eGFP1
8831,16:39:58,0.162,0.809,0,0,eGFP1
8832,16:39:59,0.119,0.898,0,0,eGFP1
8833,16:39:59,0.140,0.853,0,0,eGFP1
8834,16:40:00,0.119,0.810,0,0,eGFP1
8835,16:40:01,0.140,0.733,0,0,eGFP1
8836,16:40:02,0.118,0.876,0,0,eGFP1
8837,16:40:03,0.108,0.855,0,0,eGFP1
8838,16:40:03,0.162,0.688,0,0,eGFP1
8839,16:40:04,0.097,0.854,0,0,eGFP1
8840,16:40:05,0.129,0.854,0,0,eGFP1
8841,16:40:06,0.140,0.667,0,0,eGFP1
8842,16:40:07,0.098,0.789,0,0,eGFP1
8843,16:40:07,0.107,0.623,0,0,eGFP1
8844,16:40:08,0.162,0.722,0,0,eGFP1
8845,16:40:09,0.120,1.118,0,0,eGFP1
8846,16:40:10,0.152,0.909,0,0,eGFP1
8847,16:40:11,0.272,1.051,0,0,eGFP1
8848,16:40:12,0.107,0.645,0,0,eGFP1
8849,16:40:13,0.206,0.996,0,0,eGFP1
8850,16:40:13,0.108,0.679,0,0,eGFP1
8851,16:40:14,0.162,0.667,0,0,eGFP1
8852,16:40:15,0.096,0.612,0,0,eGFP1
8853,16:40:16,0.107,1.084,0,0,eGFP1
8854,16:40:16,0.128,0.677,0,0,eGFP1
8855,16:40:17,0.140,0.886,0,0,eGFP1
8856,16:40:18,0.120,0.658,0,0,eGFP1
8857,16:40:19,0.107,0.601,0,0,eGFP1
8858,16:40:19,0.118,0.733,0,0,eGFP1
8859,16:40:20,0.097,0.678,0,0,eGFP1
8860,16:40:21,0.152,0.689,0,0,eGFP1
8861,16:40:22,0.097,1.106,0,0,eGFP1
8862,16:40:23,0.186,0.866,0,0,eGFP1
8863,16:40:23,0.130,0.821,0,0,eGFP1
8864,16:40:24,0.152,0.854,0,0,eGFP1
8865,16:40:25,0.107,0.612,0,0,eGFP1
8866,16:40:26,0.141,0.997,0,0,eGFP1
8867,16:40:26,0.118,0.590,0,0,eGFP1
8868,16:40:27,0.097,0.700,0,0,eGFP1
8869,16:40:28,0.119,0.766,0,0,eGFP1
8870,16:40:29,0.117,0.578,0,0,eGFP1
8871,16:40:29,0.108,0.755,0,0,eGFP1
8872,16:40:30,0.097,0.602,0,0,eGFP1
8873,16:40:31,0.129,0.788,0,0,eGFP1
8874,16:40:31,0.096,0.711,0,0,eGFP1
8875,16:40:32,0.140,0.656,0,0,eGFP1
8876,16:40:33,0.119,0.777,0,0,eGFP1
8877,16:40:33,0.108,0.547,0,0,eGFP1
8878,16:40:34,0.098,0.801,0,0,eGFP1
8879,16:40:35,0.107,0.557,0,0,eGFP1
8880,16:40:35,0.097,0.634,0,0,eGFP1
8881,16:40:36,0.119,0.832,0,0,eGFP1
8882,16:40:37,0.130,0.799,0,0,eGFP1
8883,16:40:38,0.124,0.662,0,0,eGFP1
8884,16:40:38,0.107,0.678,0,0,eGFP1
8885,16:40:39,0.097,0.602,0,0,eGFP1
8886,16:40:40,0.141,0.777,0,0,eGFP1
8887,16:40:42,0.110,2.282,0,0,eGFP1
8888,16:40:43,0.174,0.811,0,0,eGFP1
8889,16:40:44,0.141,1.008,0,0,eGFP1
8890,16:40:45,0.151,0.722,0,0,eGFP1
8891,16:40:45,0.108,0.624,0,0,eGFP1
8892,16:40:46,0.174,0.975,0,0,eGFP1
8893,16:40:47,0.108,0.722,0,0,eGFP1
8894,16:40:48,0.119,0.723,0,0,eGFP1
8895,16:40:48,0.120,0.658,0,0,eGFP1
8896,16:40:49,0.108,0.624,0,0,eGFP1
8897,16:40:49,0.098,0.580,0,0,eGFP1
8898,16:40:50,0.097,0.657,0,0,eGFP1
8899,16:40:51,0.107,0.645,0,0,eGFP1
8900,16:40:51,0.107,0.733,0,0,eGFP1
8901,16:40:52,0.108,0.590,0,0,eGFP1
8902,16:40:53,0.108,0.843,0,0,eGFP1
8903,16:40:54,0.142,0.965,0,0,eGFP1
8904,16:40:54,0.119,0.579,0,0,eGFP1
8905,16:40:55,0.086,0.810,0,0,eGFP1
8906,16:40:56,0.262,0.975,0,0,eGFP1
8907,16:40:57,0.096,0.788,0,0,eGFP1
8908,16:40:58,0.129,0.700,0,0,eGFP1
8909,16:40:58,0.097,0.755,0,0,eGFP1
8910,16:40:59,0.119,0.601,0,0,eGFP1
8911,16:41:00,0.111,0.747,0,0,eGFP1
8912,16:41:01,0.130,0.821,0,0,eGFP1
8913,16:41:01,0.108,0.580,0,0,eGFP1
8914,16:41:02,0.107,0.820,0,0,eGFP1
8915,16:41:03,0.098,0.592,0,0,eGFP1
8916,16:41:03,0.129,0.777,0,0,eGFP1
8917,16:41:04,0.096,0.974,0,0,eGFP1
8918,16:41:05,0.152,0.876,0,0,eGFP1
8919,16:41:06,0.129,0.700,0,0,eGFP1
8920,16:41:07,0.120,0.888,0,0,eGFP1
8921,16:41:08,0.119,0.689,0,0,eGFP1
8922,16:41:08,0.119,0.624,0,0,eGFP1
8923,16:41:09,0.097,0.821,0,0,eGFP1
8924,16:41:10,0.118,0.568,0,0,eGFP1
8925,16:41:10,0.109,0.735,0,0,eGFP1
8926,16:41:11,0.162,0.821,0,0,eGFP1
8927,16:41:12,0.140,0.744,0,0,eGFP1
8928,16:41:13,0.098,0.789,0,0,eGFP1
8929,16:41:14,0.163,0.920,0,0,eGFP1
8930,16:41:14,0.130,0.876,0,0,eGFP1
8931,16:41:15,0.097,0.590,0,0,eGFP1
8932,16:41:16,0.108,0.646,0,0,eGFP1
8933,16:41:17,0.129,0.854,0,0,eGFP1
8934,16:41:17,0.129,0.700,0,0,eGFP1
8935,16:41:18,0.108,0.623,0,0,eGFP1
8936,16:41:19,0.121,0.747,0,0,eGFP1
8937,16:41:19,0.108,0.613,0,0,eGFP1
8938,16:41:20,0.109,0.866,0,0,eGFP1
8939,16:41:21,0.099,0.527,0,0,eGFP1
8940,16:41:21,0.086,0.866,0,0,eGFP1
8941,16:41:22,0.141,0.690,0,0,eGFP1
8942,16:41:25,0.097,2.534,0,0,eGFP1
8943,16:41:25,0.119,0.613,0,0,eGFP1
8944,16:41:26,0.110,0.626,0,0,eGFP1
8945,16:41:27,0.086,0.755,0,0,eGFP1
8946,16:41:27,0.130,0.612,0,0,eGFP1
8947,16:41:28,0.086,0.624,0,0,eGFP1
8948,16:41:29,0.108,0.634,0,0,eGFP1
8949,16:41:29,0.130,0.789,0,0,eGFP1
8950,16:41:30,0.107,0.711,0,0,eGFP1
8951,16:41:31,0.130,0.711,0,0,eGFP1
8952,16:41:32,0.117,0.753,0,0,eGFP1
8953,16:41:32,0.097,0.580,0,0,eGFP1
8954,16:41:33,0.095,0.655,0,0,eGFP1
8955,16:41:33,0.105,0.720,0,0,eGFP1
8956,16:41:35,0.149,1.126,0,0,eGFP1
8957,16:41:35,0.138,0.643,0,0,eGFP1
8958,16:41:36,0.105,0.687,0,0,eGFP1
8959,16:41:37,0.105,0.599,0,0,eGFP1
8960,16:41:37,0.106,0.731,0,0,eGFP1
8961,16:41:38,0.096,0.667,0,0,eGFP1
8962,16:41:39,0.127,0.654,0,0,eGFP1
8963,16:41:39,0.116,0.874,0,0,eGFP1
8964,16:41:40,0.094,0.632,0,0,eGFP1
8965,16:41:41,0.127,0.775,0,0,eGFP1
8966,16:41:41,0.118,0.612,0,0,eGFP1
8967,16:41:42,0.094,0.621,0,0,eGFP1
8968,16:41:43,0.116,0.972,0,0,eGFP1
8969,16:41:44,0.118,0.755,0,0,eGFP1
8970,16:41:44,0.138,0.643,0,0,eGFP1
8971,16:41:45,0.094,0.566,0,0,eGFP1
8972,16:41:46,0.117,0.644,0,0,eGFP1
8973,16:41:46,0.094,0.588,0,0,eGFP1
8974,16:41:47,0.095,0.566,0,0,eGFP1
8975,16:41:48,0.095,0.775,0,0,eGFP1
8976,16:41:48,0.117,0.589,0,0,eGFP1
8977,16:41:49,0.107,0.645,0,0,eGFP1
8978,16:41:50,0.105,0.753,0,0,eGFP1
8979,16:41:50,0.138,0.807,0,0,eGFP1
8980,16:41:51,0.096,0.568,0,0,eGFP1
8981,16:41:52,0.106,0.633,0,0,eGFP1
8982,16:41:52,0.116,0.720,0,0,eGFP1
8983,16:41:53,0.149,1.016,0,0,eGFP1
8984,16:41:54,0.117,0.599,0,0,eGFP1
8985,16:41:55,0.095,0.721,0,0,eGFP1
8986,16:41:55,0.118,0.787,0,0,eGFP1
8987,16:41:56,0.127,0.709,0,0,eGFP1
8988,16:41:59,0.117,2.827,0,0,eGFP1
8989,16:42:00,0.128,0.589,0,0,eGFP1
8990,16:42:00,0.083,0.742,0,0,eGFP1
8991,16:42:01,0.116,0.599,0,0,eGFP1
8992,16:42:02,0.106,0.676,0,0,eGFP1
8993,16:42:02,0.095,0.523,0,0,eGFP1
8994,16:42:03,0.108,0.745,0,0,eGFP1
8995,16:42:03,0.084,0.588,0,0,eGFP1
8996,16:42:04,0.106,0.677,0,0,eGFP1
8997,16:42:05,0.094,0.588,0,0,eGFP1
8998,16:42:06,0.139,0.973,0,0,eGFP1
8999,16:42:06,0.106,0.534,0,0,eGFP1
9000,16:42:07,0.105,0.676,0,0,eGFP1
9001,16:42:08,0.128,0.632,0,0,eGFP1
9002,16:42:08,0.110,0.670,0,0,eGFP1
9003,16:42:09,0.095,0.578,0,0,eGFP1
9004,16:42:10,0.095,0.786,0,0,eGFP1
9005,16:42:10,0.117,0.589,0,0,eGFP1
9006,16:42:11,0.117,0.610,0,0,eGFP1
9007,16:42:12,0.095,0.819,0,0,eGFP1
9008,16:42:12,0.141,0.634,0,0,eGFP1
9009,16:42:13,0.095,0.578,0,0,eGFP1
9010,16:42:14,0.118,0.711,0,0,eGFP1
9011,16:42:14,0.127,0.775,0,0,eGFP1
9012,16:42:15,0.117,0.610,0,0,eGFP1
9013,16:42:16,0.117,0.940,0,0,eGFP1
9014,16:42:17,0.161,0.742,0,0,eGFP1
9015,16:42:17,0.095,0.797,0,0,eGFP1
9016,16:42:18,0.139,0.633,0,0,eGFP1
9017,16:42:19,0.095,0.698,0,0,eGFP1
9018,16:42:19,0.117,0.567,0,0,eGFP1
9019,16:42:20,0.107,0.743,0,0,eGFP1
9020,16:42:21,0.106,0.578,0,0,eGFP1
9021,16:42:22,0.128,1.862,0,0,eGFP1
9022,16:42:23,0.118,0.623,0,0,eGFP1
9023,16:42:24,0.116,0.632,0,0,eGFP1
9024,16:42:24,0.106,0.677,0,0,eGFP1
9025,16:42:25,0.105,0.588,0,0,eGFP1
9026,16:42:26,0.106,0.709,0,0,eGFP1
9027,16:42:26,0.108,0.700,0,0,eGFP1
9028,16:42:27,0.128,0.753,0,0,eGFP1
9029,16:42:28,0.128,0.633,0,0,eGFP1
9030,16:42:28,0.084,0.709,0,0,eGFP1
9031,16:42:29,0.139,0.699,0,0,eGFP1
9032,16:42:30,0.149,0.885,0,0,eGFP1
9033,16:42:31,0.084,0.534,0,0,eGFP1
9034,16:42:31,0.116,0.797,0,0,eGFP1
9035,16:42:32,0.096,0.656,0,0,eGFP1
9036,16:42:33,0.151,0.710,0,0,eGFP1
9037,16:42:34,0.095,0.765,0,0,eGFP1
9038,16:42:34,0.127,0.852,0,0,eGFP1
9039,16:42:35,0.138,0.654,0,0,eGFP1
9040,16:42:36,0.128,0.863,0,0,eGFP1
9041,16:42:37,0.106,0.633,0,0,eGFP1
9042,16:42:37,0.161,0.709,0,0,eGFP1
9043,16:42:38,0.096,0.667,0,0,eGFP1
9044,16:42:39,0.106,0.764,0,0,eGFP1
9045,16:42:39,0.128,0.666,0,0,eGFP1
9046,16:42:40,0.128,0.896,0,0,eGFP1
9047,16:42:41,0.095,0.523,0,0,eGFP1
9048,16:42:41,0.095,0.698,0,0,eGFP1
9049,16:42:42,0.129,0.678,0,0,eGFP1
9050,16:42:43,0.106,0.830,0,0,eGFP1
9051,16:42:44,0.106,0.578,0,0,eGFP1
9052,16:42:44,0.096,0.645,0,0,eGFP1
9053,16:42:45,0.139,0.676,0,0,eGFP1
9054,16:42:46,0.095,0.765,0,0,eGFP1
9055,16:42:46,0.117,0.588,0,0,eGFP1
9056,16:42:47,0.095,0.710,0,0,eGFP1
9057,16:42:48,0.117,0.731,0,0,eGFP1
9058,16:42:48,0.106,0.589,0,0,eGFP1
9059,16:42:49,0.095,0.622,0,0,eGFP1
9060,16:42:50,0.107,0.656,0,0,eGFP1
9061,16:42:50,0.117,0.643,0,0,eGFP1
9062,16:42:51,0.084,0.556,0,0,eGFP1
9063,16:42:52,0.140,0.887,0,0,eGFP1
9064,16:42:52,0.095,0.599,0,0,eGFP1
9065,16:42:53,0.117,0.655,0,0,eGFP1
9066,16:42:53,0.106,0.545,0,0,eGFP1
9067,16:42:54,0.095,0.611,0,0,eGFP1
9068,16:42:55,0.096,0.590,0,0,eGFP1
9069,16:42:55,0.128,0.830,0,0,eGFP1
9070,16:42:56,0.095,0.556,0,0,eGFP1
9071,16:42:57,0.117,0.765,0,0,eGFP1
9072,16:42:57,0.106,0.556,0,0,eGFP1
9073,16:42:58,0.106,0.885,0,0,eGFP1
9074,16:42:59,0.106,0.578,0,0,eGFP1
9075,16:43:00,0.106,0.776,0,0,eGFP1
9076,16:43:00,0.096,0.568,0,0,eGFP1
9077,16:43:01,0.108,0.623,0,0,eGFP1
9078,16:43:01,0.106,0.732,0,0,eGFP1
9079,16:43:02,0.106,0.556,0,0,eGFP1
9080,16:43:03,0.095,0.940,0,0,eGFP1
9081,16:43:04,0.139,0.633,0,0,eGFP1
9082,16:43:04,0.095,0.863,0,0,eGFP1
9083,16:43:05,0.161,0.698,0,0,eGFP1
9084,16:43:06,0.084,0.776,0,0,eGFP1
9085,16:43:07,0.118,0.579,0,0,eGFP1
9086,16:43:08,0.095,0.995,0,0,eGFP1
9087,16:43:08,0.128,0.611,0,0,eGFP1
9088,16:43:10,0.106,1.840,0,0,eGFP1
9089,16:43:15,0.128,4.682,0,0,eGFP1
9090,16:43:18,0.260,3.025,0,0,eGFP1
9091,16:43:18,0.173,0.667,0,0,eGFP1
9092,16:43:19,0.084,0.732,0,0,eGFP1
9093,16:43:20,0.162,0.842,0,0,eGFP1
9094,16:43:21,0.096,0.600,0,0,eGFP1
9095,16:43:21,0.117,0.765,0,0,eGFP1
9096,16:43:22,0.106,0.567,0,0,eGFP1
9097,16:43:23,0.095,0.666,0,0,eGFP1
9098,16:43:24,0.172,1.939,0,0,eGFP1
9099,16:43:25,0.117,0.852,0,0,eGFP1
9100,16:43:26,0.095,0.556,0,0,eGFP1
9101,16:43:27,0.107,1.117,0,0,eGFP1
9102,16:43:28,0.161,0.995,0,0,eGFP1
9103,16:43:29,0.117,0.567,0,0,eGFP1
9104,16:43:29,0.095,0.797,0,0,eGFP1
9105,16:43:30,0.119,0.700,0,0,eGFP1
9106,16:43:31,0.151,0.820,0,0,eGFP1
9107,16:43:31,0.095,0.556,0,0,eGFP1
9108,16:43:32,0.096,0.601,0,0,eGFP1
9109,16:43:33,0.117,0.874,0,0,eGFP1
9110,16:43:34,0.149,0.862,0,0,eGFP1
9111,16:43:34,0.107,0.645,0,0,eGFP1
9112,16:43:38,0.139,3.255,0,0,eGFP1
9113,16:43:38,0.118,0.612,0,0,eGFP1
9114,16:43:39,0.095,0.743,0,0,eGFP1
9115,16:43:40,0.117,0.622,0,0,eGFP1
9116,16:43:40,0.106,0.666,0,0,eGFP1
9117,16:43:41,0.117,0.589,0,0,eGFP1
9118,16:43:42,0.130,0.865,0,0,eGFP1
9119,16:43:42,0.086,0.514,0,0,eGFP1
9120,16:43:43,0.084,0.644,0,0,eGFP1
9121,16:43:44,0.117,0.742,0,0,eGFP1
9122,16:43:44,0.139,0.798,0,0,eGFP1
9123,16:43:45,0.128,0.808,0,0,eGFP1
9124,16:43:46,0.107,0.633,0,0,eGFP1
9125,16:43:47,0.161,0.721,0,0,eGFP1
9126,16:43:47,0.097,0.678,0,0,eGFP1
9127,16:43:48,0.117,0.622,0,0,eGFP1
9128,16:43:49,0.096,0.622,0,0,eGFP1
9129,16:43:49,0.096,0.721,0,0,eGFP1
9130,16:43:50,0.128,0.677,0,0,eGFP1
9131,16:43:51,0.106,0.633,0,0,eGFP1
9132,16:43:51,0.118,0.711,0,0,eGFP1
9133,16:43:52,0.095,0.556,0,0,eGFP1
9134,16:43:53,0.119,0.767,0,0,eGFP1
9135,16:43:53,0.095,0.567,0,0,eGFP1
9136,16:43:54,0.085,0.655,0,0,eGFP1
9137,16:43:55,0.118,0.743,0,0,eGFP1
9138,16:43:55,0.118,0.677,0,0,eGFP1
9139,16:43:56,0.107,0.612,0,0,eGFP1
9140,16:43:57,0.095,0.699,0,0,eGFP1
9141,16:43:57,0.106,0.600,0,0,eGFP1
9142,16:43:58,0.096,0.645,0,0,eGFP1
9143,16:43:58,0.118,0.623,0,0,eGFP1
9144,16:43:59,0.107,0.787,0,0,eGFP1
9145,16:44:00,0.095,0.600,0,0,eGFP1
9146,16:44:01,0.130,0.755,0,0,eGFP1
9147,16:44:01,0.096,0.666,0,0,eGFP1
9148,16:44:02,0.150,0.765,0,0,eGFP1
9149,16:44:03,0.117,0.721,0,0,eGFP1
9150,16:44:03,0.106,0.611,0,0,eGFP1
9151,16:44:04,0.108,0.722,0,0,eGFP1
9152,16:44:05,0.106,0.787,0,0,eGFP1
9153,16:44:06,0.150,0.743,0,0,eGFP1
9154,16:44:06,0.095,0.710,0,0,eGFP1
9155,16:44:07,0.128,0.797,0,0,eGFP1
9156,16:44:08,0.140,0.908,0,0,eGFP1
9157,16:44:09,0.106,0.556,0,0,eGFP1
9158,16:44:09,0.084,0.743,0,0,eGFP1
9159,16:44:10,0.141,0.711,0,0,eGFP1
9160,16:44:11,0.108,0.613,0,0,eGFP1
9161,16:44:11,0.095,0.699,0,0,eGFP1
9162,16:44:12,0.117,0.776,0,0,eGFP1
9163,16:44:13,0.095,0.633,0,0,eGFP1
9164,16:44:13,0.095,0.743,0,0,eGFP1
9165,16:44:14,0.128,0.743,0,0,eGFP1
9166,16:44:15,0.095,0.699,0,0,eGFP1
9167,16:44:16,0.129,0.645,0,0,eGFP1
9168,16:44:16,0.107,0.820,0,0,eGFP1
9169,16:44:17,0.117,0.589,0,0,eGFP1
9170,16:44:18,0.106,0.776,0,0,eGFP1
9171,16:44:18,0.106,0.545,0,0,eGFP1
9172,16:44:19,0.096,0.952,0,0,eGFP1
9173,16:44:20,0.117,0.578,0,0,eGFP1
9174,16:44:22,0.097,2.182,0,0,eGFP1
9175,16:44:23,0.139,0.907,0,0,eGFP1
9176,16:44:25,0.393,2.369,0,0,eGFP1
9177,16:44:26,0.106,0.776,0,0,eGFP1
9178,16:44:27,0.183,1.105,0,0,eGFP1
9179,16:44:28,0.095,0.523,0,0,eGFP1
9180,16:44:28,0.096,0.721,0,0,eGFP1
9181,16:44:29,0.107,0.568,0,0,eGFP1
9182,16:44:30,0.106,0.962,0,0,eGFP1
9183,16:44:31,0.106,0.655,0,0,eGFP1
9184,16:44:31,0.130,0.711,0,0,eGFP1
9185,16:44:32,0.107,0.579,0,0,eGFP1
9186,16:44:32,0.095,0.622,0,0,eGFP1
9187,16:44:33,0.096,0.655,0,0,eGFP1
9188,16:44:34,0.108,0.734,0,0,eGFP1
9189,16:44:35,0.128,0.743,0,0,eGFP1
9190,16:44:35,0.117,0.633,0,0,eGFP1
9191,16:44:36,0.095,0.545,0,0,eGFP1
9192,16:44:36,0.086,0.613,0,0,eGFP1
9193,16:44:37,0.117,0.633,0,0,eGFP1
9194,16:44:38,0.107,0.820,0,0,eGFP1
9195,16:44:38,0.106,0.589,0,0,eGFP1
9196,16:44:39,0.096,0.732,0,0,eGFP1
9197,16:44:40,0.107,0.787,0,0,eGFP1
9198,16:44:41,0.129,0.743,0,0,eGFP1
9199,16:44:41,0.107,0.743,0,0,eGFP1
9200,16:44:42,0.141,0.624,0,0,eGFP1
9201,16:44:43,0.085,0.744,0,0,eGFP1
9202,16:44:43,0.108,0.558,0,0,eGFP1
9203,16:44:44,0.118,0.831,0,0,eGFP1
9204,16:44:45,0.096,0.634,0,0,eGFP1
9205,16:44:47,1.072,1.687,0,0,eGFP1
9206,16:44:47,0.085,0.699,0,0,eGFP1
9207,16:44:48,0.107,0.623,0,0,eGFP1
9208,16:44:48,0.118,0.612,0,0,eGFP1
9209,16:44:49,0.086,0.668,0,0,eGFP1
9210,16:44:50,0.117,0.721,0,0,eGFP1
9211,16:44:51,0.117,0.666,0,0,eGFP1
9212,16:44:51,0.085,0.535,0,0,eGFP1
9213,16:44:52,0.106,0.765,0,0,eGFP1
9214,16:44:52,0.106,0.567,0,0,eGFP1
9215,16:44:53,0.097,0.646,0,0,eGFP1
9216,16:44:54,0.096,0.744,0,0,eGFP1
9217,16:44:54,0.119,0.624,0,0,eGFP1
9218,16:44:55,0.085,0.612,0,0,eGFP1
9219,16:44:56,0.151,0.963,0,0,eGFP1
9220,16:44:57,0.107,0.579,0,0,eGFP1
9221,16:44:57,0.107,0.689,0,0,eGFP1
9222,16:44:58,0.096,0.601,0,0,eGFP1
9223,16:44:59,0.140,0.831,0,0,eGFP1
9224,16:44:59,0.086,0.535,0,0,eGFP1
9225,16:45:00,0.131,0.833,0,0,eGFP1
9226,16:45:01,0.096,0.568,0,0,eGFP1
9227,16:45:01,0.096,0.722,0,0,eGFP1
9228,16:45:02,0.096,0.524,0,0,eGFP1
9229,16:45:02,0.097,0.646,0,0,eGFP1
9230,16:45:03,0.107,0.546,0,0,eGFP1
9231,16:45:04,0.117,1.193,0,0,eGFP1
9232,16:45:05,0.162,0.765,0,0,eGFP1
9233,16:45:06,0.108,0.602,0,0,eGFP1
9234,16:45:06,0.096,0.579,0,0,eGFP1
9235,16:45:07,0.106,0.600,0,0,eGFP1
9236,16:45:08,0.118,0.765,0,0,eGFP1
9237,16:45:08,0.096,0.502,0,0,eGFP1
9238,16:45:11,0.107,2.840,0,0,eGFP1
9239,16:45:11,0.096,0.611,0,0,eGFP1
9240,16:45:12,0.129,0.930,0,0,eGFP1
9241,16:45:13,0.096,0.557,0,0,eGFP1
9242,16:45:14,0.097,0.745,0,0,eGFP1
9243,16:45:15,0.152,0.821,0,0,eGFP1
9244,16:45:15,0.096,0.568,0,0,eGFP1
9245,16:45:16,0.161,0.776,0,0,eGFP1
9246,16:45:16,0.096,0.568,0,0,eGFP1
9247,16:45:17,0.096,0.622,0,0,eGFP1
9248,16:45:18,0.096,0.689,0,0,eGFP1
9249,16:45:18,0.118,0.699,0,0,eGFP1
9250,16:45:19,0.130,0.679,0,0,eGFP1
9251,16:45:20,0.085,0.491,0,0,eGFP1
9252,16:45:20,0.085,0.601,0,0,eGFP1
9253,16:45:21,0.118,0.611,0,0,eGFP1
9254,16:45:22,0.096,0.788,0,0,eGFP1
9255,16:45:22,0.128,0.611,0,0,eGFP1
9256,16:45:23,0.118,0.886,0,0,eGFP1
9257,16:45:24,0.098,0.580,0,0,eGFP1
9258,16:45:24,0.120,0.767,0,0,eGFP1
9259,16:45:25,0.107,0.557,0,0,eGFP1
9260,16:45:26,0.074,0.678,0,0,eGFP1
9261,16:45:27,0.128,0.787,0,0,eGFP1
9262,16:45:27,0.096,0.546,0,0,eGFP1
9263,16:45:28,0.085,0.765,0,0,eGFP1
9264,16:45:28,0.151,0.667,0,0,eGFP1
9265,16:45:29,0.096,0.622,0,0,eGFP1
9266,16:45:30,0.142,0.987,0,0,eGFP1
9267,16:45:31,0.096,0.546,0,0,eGFP1
9268,16:45:31,0.119,0.700,0,0,eGFP1
9269,16:45:32,0.086,0.536,0,0,eGFP1
9270,16:45:33,0.173,0.831,0,0,eGFP1
9271,16:45:34,0.087,0.844,0,0,eGFP1
9272,16:45:34,0.141,0.689,0,0,eGFP1
9273,16:45:35,0.119,0.657,0,0,eGFP1
9274,16:45:36,0.118,0.743,0,0,eGFP1
9275,16:45:36,0.087,0.559,0,0,eGFP1
9276,16:45:37,0.107,0.722,0,0,eGFP1
9277,16:45:38,0.107,0.688,0,0,eGFP1
9278,16:45:38,0.151,0.766,0,0,eGFP1
9279,16:45:39,0.118,0.634,0,0,eGFP1
9280,16:45:40,0.096,0.633,0,0,eGFP1
9281,16:45:40,0.118,0.623,0,0,eGFP1
9282,16:45:41,0.085,0.667,0,0,eGFP1
9283,16:45:42,0.240,0.865,0,0,eGFP1
9284,16:45:43,0.096,1.029,0,0,eGFP1
9285,16:45:44,0.207,0.866,0,0,eGFP1
9286,16:45:44,0.096,0.678,0,0,eGFP1
9287,16:45:45,0.118,0.611,0,0,eGFP1
9288,16:45:46,0.096,0.755,0,0,eGFP1
9289,16:45:46,0.118,0.579,0,0,eGFP1
9290,16:45:47,0.107,0.809,0,0,eGFP1
9291,16:45:48,0.109,0.570,0,0,eGFP1
9292,16:45:48,0.107,0.732,0,0,eGFP1
9293,16:45:49,0.096,0.535,0,0,eGFP1
9294,16:45:50,0.096,1.040,0,0,eGFP1
9295,16:45:51,0.129,0.634,0,0,eGFP1
9296,16:45:51,0.107,0.645,0,0,eGFP1
9297,16:45:52,0.107,0.557,0,0,eGFP1
9298,16:45:52,0.086,0.547,0,0,eGFP1
9299,16:45:53,0.120,0.701,0,0,eGFP1
9300,16:45:54,0.096,0.524,0,0,eGFP1
9301,16:45:55,0.107,1.732,0,0,eGFP1
9302,16:45:56,0.107,0.612,0,0,eGFP1
9303,16:45:57,0.107,0.831,0,0,eGFP1
9304,16:45:57,0.107,0.612,0,0,eGFP1
9305,16:45:58,0.140,0.842,0,0,eGFP1
9306,16:45:59,0.085,0.700,0,0,eGFP1
9307,16:46:00,0.107,0.590,0,0,eGFP1
9308,16:46:00,0.097,0.569,0,0,eGFP1
9309,16:46:01,0.108,0.667,0,0,eGFP1
9310,16:46:01,0.096,0.700,0,0,eGFP1
9311,16:46:02,0.107,0.524,0,0,eGFP1
9312,16:46:03,0.076,0.712,0,0,eGFP1
9313,16:46:03,0.151,0.634,0,0,eGFP1
9314,16:46:04,0.085,0.678,0,0,eGFP1
9315,16:46:05,0.184,0.798,0,0,eGFP1
9316,16:46:05,0.098,0.691,0,0,eGFP1
9317,16:46:06,0.118,0.601,0,0,eGFP1
9318,16:46:07,0.085,0.590,0,0,eGFP1
9319,16:46:10,0.096,3.114,0,0,eGFP1
9320,16:46:10,0.107,0.634,0,0,eGFP1
9321,16:46:12,0.162,1.139,0,0,eGFP1
9322,16:46:12,0.085,0.557,0,0,eGFP1
9323,16:46:13,0.096,0.645,0,0,eGFP1
9324,16:46:13,0.097,0.547,0,0,eGFP1
9325,16:46:14,0.096,0.678,0,0,eGFP1
9326,16:46:15,0.109,0.580,0,0,eGFP1
9327,16:46:15,0.097,0.580,0,0,eGFP1
9328,16:46:16,0.097,0.536,0,0,eGFP1
9329,16:46:16,0.097,0.602,0,0,eGFP1
9330,16:46:17,0.096,0.546,0,0,eGFP1
9331,16:46:18,0.097,0.920,0,0,eGFP1
9332,16:46:18,0.132,0.582,0,0,eGFP1
9333,16:46:22,0.097,3.565,0,0,eGFP1
9334,16:46:23,0.152,0.745,0,0,eGFP1
9335,16:46:23,0.109,0.624,0,0,eGFP1
9336,16:46:24,0.109,0.570,0,0,eGFP1
9337,16:46:25,0.108,0.712,0,0,eGFP1
9338,16:46:25,0.108,0.679,0,0,eGFP1
9339,16:46:26,0.097,0.613,0,0,eGFP1
9340,16:46:27,0.109,0.658,0,0,eGFP1
9341,16:46:27,0.120,0.636,0,0,eGFP1
9342,16:46:28,0.096,0.634,0,0,eGFP1
9343,16:46:28,0.119,0.602,0,0,eGFP1
9344,16:46:29,0.097,0.579,0,0,eGFP1
9345,16:46:29,0.086,0.503,0,0,eGFP1
9346,16:46:30,0.107,0.919,0,0,eGFP1
9347,16:46:31,0.129,0.623,0,0,eGFP1
9348,16:46:32,0.097,0.602,0,0,eGFP1
9349,16:46:32,0.086,0.503,0,0,eGFP1
9350,16:46:33,0.075,0.612,0,0,eGFP1
9351,16:46:33,0.119,0.591,0,0,eGFP1
9352,16:46:34,0.085,0.722,0,0,eGFP1
9353,16:46:35,0.129,0.623,0,0,eGFP1
9354,16:46:35,0.108,0.800,0,0,eGFP1
9355,16:46:36,0.096,0.546,0,0,eGFP1
9356,16:46:37,0.129,1.084,0,0,eGFP1
9357,16:46:38,0.098,0.515,0,0,eGFP1
9358,16:46:38,0.085,0.875,0,0,eGFP1
9359,16:46:39,0.152,0.635,0,0,eGFP1
9360,16:46:40,0.085,0.634,0,0,eGFP1
9361,16:46:40,0.118,0.557,0,0,eGFP1
9362,16:46:42,0.096,1.523,0,0,eGFP1
9363,16:46:42,0.118,0.579,0,0,eGFP1
9364,16:46:43,0.097,0.711,0,0,eGFP1
9365,16:46:44,0.108,0.525,0,0,eGFP1
9366,16:46:44,0.084,0.622,0,0,eGFP1
9367,16:46:45,0.118,0.601,0,0,eGFP1
9368,16:46:46,0.076,0.965,0,0,eGFP1
9369,16:46:46,0.140,0.623,0,0,eGFP1
9370,16:46:47,0.096,0.623,0,0,eGFP1
9371,16:46:48,0.097,0.645,0,0,eGFP1
9372,16:46:49,0.163,0.909,0,0,eGFP1
9373,16:46:49,0.096,0.700,0,0,eGFP1
9374,16:46:50,0.164,0.767,0,0,eGFP1
9375,16:46:51,0.086,0.700,0,0,eGFP1
9376,16:46:52,0.141,0.744,0,0,eGFP1
9377,16:46:52,0.097,0.623,0,0,eGFP1
9378,16:46:53,0.097,0.547,0,0,eGFP1
9379,16:46:53,0.096,0.634,0,0,eGFP1
9380,16:46:54,0.097,0.536,0,0,eGFP1
9381,16:46:54,0.085,0.535,0,0,eGFP1
9382,16:46:55,0.106,0.589,0,0,eGFP1
9383,16:46:56,0.085,0.667,0,0,eGFP1
9384,16:46:57,0.788,1.600,0,0,eGFP1
9385,16:46:58,0.097,0.755,0,0,eGFP1
9386,16:46:59,0.107,0.524,0,0,eGFP1
9387,16:51:40,0.097,281.219,0,0,eGFP1
9388,16:51:59,0.513,19.586,0,0,eGFP1
9389,16:52:01,0.338,2.039,0,0,eGFP1
9390,16:52:03,0.679,2.084,0,0,eGFP1
9391,16:52:04,0.130,0.700,0,0,eGFP1
9392,16:52:05,0.130,0.843,0,0,eGFP1
9393,16:52:06,0.107,0.546,0,0,eGFP1
9394,16:52:06,0.086,0.481,0,0,eGFP1
9395,16:52:07,0.076,0.767,0,0,eGFP1
9396,16:52:08,0.163,0.690,0,0,eGFP1
9397,16:52:08,0.096,0.809,0,0,eGFP1
9398,16:52:09,0.119,0.613,0,0,eGFP1
9399,16:52:10,0.131,0.746,0,0,eGFP1
9400,16:52:11,0.108,0.887,0,0,eGFP1
9401,16:52:11,0.152,0.877,0,0,eGFP1
9402,16:52:12,0.097,0.580,0,0,eGFP1
9403,16:52:13,0.119,0.876,0,0,eGFP1
9404,16:52:14,0.163,0.986,0,0,eGFP1
9405,16:52:15,0.130,0.657,0,0,eGFP1
9406,16:52:15,0.097,0.909,0,0,eGFP1
9407,16:52:16,0.154,0.681,0,0,eGFP1
9408,16:52:17,0.107,0.875,0,0,eGFP1
9409,16:52:18,0.120,0.779,0,0,eGFP1
9410,16:52:19,0.162,0.876,0,0,eGFP1
9411,16:52:19,0.107,0.557,0,0,eGFP1
9412,16:52:20,0.086,0.645,0,0,eGFP1
9413,16:52:21,0.163,0.953,0,0,eGFP1
9414,16:52:22,0.174,0.788,0,0,eGFP1
9415,16:52:22,0.109,0.614,0,0,eGFP1
9416,16:52:23,0.097,0.492,0,0,eGFP1
9417,16:52:23,0.085,0.788,0,0,eGFP1
9418,16:52:24,0.151,0.952,0,0,eGFP1
9419,16:52:25,0.141,0.624,0,0,eGFP1
9420,16:52:26,0.085,0.601,0,0,eGFP1
9421,16:52:26,0.108,0.624,0,0,eGFP1
9422,16:52:27,0.118,0.623,0,0,eGFP1
9423,16:52:28,0.099,0.670,0,0,eGFP1
9424,16:52:28,0.130,0.591,0,0,eGFP1
9425,16:52:29,0.074,0.480,0,0,eGFP1
9426,16:52:29,0.086,0.755,0,0,eGFP1
9427,16:52:30,0.163,0.865,0,0,eGFP1
9428,16:52:31,0.130,0.755,0,0,eGFP1
9429,16:52:32,0.097,0.514,0,0,eGFP1
9430,16:52:32,0.097,0.832,0,0,eGFP1
9431,16:52:33,0.119,0.591,0,0,eGFP1
9432,16:52:33,0.087,0.471,0,0,eGFP1
9433,16:52:34,0.086,0.569,0,0,eGFP1
9434,16:52:35,0.129,0.689,0,0,eGFP1
9435,16:52:35,0.086,0.481,0,0,eGFP1
9436,16:52:36,0.074,0.491,0,0,eGFP1
9437,16:52:36,0.121,0.779,0,0,eGFP1
9438,16:52:37,0.119,0.778,0,0,eGFP1
9439,16:52:38,0.108,0.580,0,0,eGFP1
9440,16:52:39,0.088,0.725,0,0,eGFP1
9441,16:52:41,0.130,2.281,0,0,eGFP1
9442,16:52:41,0.130,0.613,0,0,eGFP1
9443,16:52:42,0.120,0.877,0,0,eGFP1
9444,16:52:43,0.106,0.578,0,0,eGFP1
9445,16:52:44,0.106,0.698,0,0,eGFP1
9446,16:52:44,0.106,0.556,0,0,eGFP1
9447,16:52:45,0.094,0.829,0,0,eGFP1
9448,16:52:46,0.151,0.810,0,0,eGFP1
9449,16:52:46,0.094,0.511,0,0,eGFP1
9450,16:52:47,0.095,0.676,0,0,eGFP1
9451,16:52:48,0.096,0.700,0,0,eGFP1
9452,16:52:51,2.091,2.860,0,0,eGFP1
9453,16:52:51,0.094,0.698,0,0,eGFP1
9454,16:52:52,0.182,0.808,0,0,eGFP1
9455,16:52:53,0.094,0.478,0,0,eGFP1
9456,16:52:53,0.085,0.700,0,0,eGFP1
9457,16:52:54,0.127,0.632,0,0,eGFP1
9458,16:52:55,0.160,0.874,0,0,eGFP1
9459,16:52:56,0.127,0.928,0,0,eGFP1
9460,16:52:56,0.139,0.643,0,0,eGFP1
9461,16:52:57,0.084,0.589,0,0,eGFP1
9462,16:52:58,0.160,0.742,0,0,eGFP1
9463,16:52:58,0.083,0.500,0,0,eGFP1
9464,16:52:59,0.096,0.853,0,0,eGFP1
9465,16:53:00,0.140,0.634,0,0,eGFP1
9466,16:53:00,0.084,0.841,0,0,eGFP1
9467,16:53:01,0.161,0.918,0,0,eGFP1
9468,16:53:02,0.128,0.621,0,0,eGFP1
9469,16:53:03,0.084,0.754,0,0,eGFP1
9470,16:53:03,0.138,0.632,0,0,eGFP1
9471,16:53:04,0.073,0.566,0,0,eGFP1
9472,16:53:05,0.106,0.732,0,0,eGFP1
9473,16:53:05,0.107,0.545,0,0,eGFP1
9474,16:53:06,0.084,0.567,0,0,eGFP1
9475,16:53:07,0.117,0.808,0,0,eGFP1
9476,16:53:07,0.138,0.819,0,0,eGFP1
9477,16:53:08,0.105,0.544,0,0,eGFP1
9478,16:53:08,0.085,0.502,0,0,eGFP1
9479,16:53:09,0.106,0.655,0,0,eGFP1
9480,16:53:10,0.116,0.808,0,0,eGFP1
9481,16:53:11,0.150,0.853,0,0,eGFP1
9482,16:53:11,0.094,0.533,0,0,eGFP1
9483,16:53:12,0.073,0.446,0,0,eGFP1
9484,16:53:12,0.073,0.567,0,0,eGFP1
9485,16:53:13,0.127,0.819,0,0,eGFP1
9486,16:53:14,0.116,0.676,0,0,eGFP1
9487,16:53:14,0.106,0.588,0,0,eGFP1
9488,16:53:15,0.139,0.677,0,0,eGFP1
9489,16:53:18,0.293,3.103,0,0,eGFP1
9490,16:53:19,0.292,0.884,0,0,eGFP1
9491,16:53:20,0.139,0.940,0,0,eGFP1
9492,16:53:21,0.118,0.579,0,0,eGFP1
9493,16:53:21,0.106,0.764,0,0,eGFP1
9494,16:53:22,0.128,0.775,0,0,eGFP1
9495,16:53:23,0.139,0.764,0,0,eGFP1
9496,16:53:23,0.106,0.589,0,0,eGFP1
9497,16:53:24,0.116,0.720,0,0,eGFP1
9498,16:53:25,0.096,0.579,0,0,eGFP1
9499,16:53:25,0.105,0.533,0,0,eGFP1
9500,16:53:26,0.073,0.435,0,0,eGFP1
9501,16:53:26,0.084,0.534,0,0,eGFP1
9502,16:53:27,0.106,0.786,0,0,eGFP1
9503,16:53:28,0.139,0.643,0,0,eGFP1
9504,16:53:28,0.095,0.490,0,0,eGFP1
9505,16:53:31,0.084,3.080,0,0,eGFP1
9506,16:53:32,0.108,0.558,0,0,eGFP1
9507,16:53:32,0.084,0.578,0,0,eGFP1
9508,16:53:33,0.149,0.808,0,0,eGFP1
9509,16:53:34,0.095,0.534,0,0,eGFP1
9510,16:53:34,0.105,0.665,0,0,eGFP1
9511,16:53:35,0.095,0.523,0,0,eGFP1
9512,16:53:35,0.073,0.522,0,0,eGFP1
9513,16:53:36,0.095,0.776,0,0,eGFP1
9514,16:53:37,0.140,0.623,0,0,eGFP1
9515,16:53:37,0.094,0.544,0,0,eGFP1
9516,16:53:38,0.117,0.688,0,0,eGFP1
9517,16:53:39,0.127,0.599,0,0,eGFP1
9518,16:53:39,0.084,0.468,0,0,eGFP1
9519,16:53:40,0.117,0.819,0,0,eGFP1
9520,16:53:41,0.107,0.623,0,0,eGFP1
9521,16:53:41,0.106,0.589,0,0,eGFP1
9522,16:53:42,0.107,0.677,0,0,eGFP1
9523,16:53:43,0.117,0.754,0,0,eGFP1
9524,16:53:43,0.138,0.676,0,0,eGFP1
9525,16:53:44,0.084,0.512,0,0,eGFP1
9526,16:53:44,0.084,0.479,0,0,eGFP1
9527,16:53:45,0.084,0.709,0,0,eGFP1
9528,16:53:46,0.139,0.688,0,0,eGFP1
9529,16:53:46,0.095,0.599,0,0,eGFP1
9530,16:53:47,0.128,0.765,0,0,eGFP1
9531,16:53:48,0.143,0.680,0,0,eGFP1
9532,16:53:48,0.084,0.501,0,0,eGFP1
9533,16:53:49,0.106,0.699,0,0,eGFP1
9534,16:53:49,0.107,0.579,0,0,eGFP1
9535,16:53:50,0.084,0.490,0,0,eGFP1
9536,16:53:51,0.095,0.732,0,0,eGFP1
9537,16:53:51,0.117,0.556,0,0,eGFP1
9538,16:53:52,0.084,0.610,0,0,eGFP1
9539,16:53:53,0.184,0.755,0,0,eGFP1
9540,16:53:53,0.084,0.589,0,0,eGFP1
9541,16:53:54,0.139,0.753,0,0,eGFP1
9542,16:53:54,0.095,0.501,0,0,eGFP1
9543,16:53:55,0.084,0.611,0,0,eGFP1
9544,16:53:56,0.171,0.764,0,0,eGFP1
9545,16:53:56,0.095,0.578,0,0,eGFP1
9546,16:53:57,0.084,0.479,0,0,eGFP1
9547,16:53:57,0.075,0.427,0,0,eGFP1
9548,16:53:58,0.084,0.643,0,0,eGFP1
9549,16:53:59,0.139,0.732,0,0,eGFP1
9550,16:53:59,0.095,0.490,0,0,eGFP1
9551,16:54:00,0.084,0.710,0,0,eGFP1
9552,16:54:01,0.150,0.720,0,0,eGFP1
9553,16:54:01,0.106,0.545,0,0,eGFP1
9554,16:54:02,0.096,0.633,0,0,eGFP1
9555,16:54:03,0.130,0.799,0,0,eGFP1
9556,16:54:03,0.106,0.578,0,0,eGFP1
9557,16:54:04,0.095,0.567,0,0,eGFP1
9558,16:54:04,0.106,0.600,0,0,eGFP1
9559,16:54:05,0.084,0.589,0,0,eGFP1
9560,16:54:06,0.117,0.666,0,0,eGFP1
9561,16:54:06,0.107,0.568,0,0,eGFP1
9562,16:54:07,0.095,0.655,0,0,eGFP1
9563,16:54:08,0.127,0.720,0,0,eGFP1
9564,16:54:08,0.096,0.502,0,0,eGFP1
9565,16:54:09,0.074,0.447,0,0,eGFP1
9566,16:54:09,0.084,0.545,0,0,eGFP1
9567,16:54:10,0.127,0.830,0,0,eGFP1
9568,16:54:10,0.106,0.589,0,0,eGFP1
9569,16:54:11,0.095,0.731,0,0,eGFP1
9570,16:54:12,0.139,0.765,0,0,eGFP1
9571,16:54:14,0.599,1.839,0,0,eGFP1
9572,16:54:15,0.196,0.898,0,0,eGFP1
9573,16:54:15,0.139,0.644,0,0,eGFP1
9574,16:54:16,0.084,0.709,0,0,eGFP1
9575,16:54:17,0.140,0.612,0,0,eGFP1
9576,16:54:17,0.084,0.600,0,0,eGFP1
9577,16:54:18,0.117,0.907,0,0,eGFP1
9578,16:54:19,0.183,0.798,0,0,eGFP1
9579,16:54:20,0.128,0.885,0,0,eGFP1
9580,16:54:20,0.107,0.568,0,0,eGFP1
9581,16:54:21,0.095,0.622,0,0,eGFP1
9582,16:54:22,0.095,0.600,0,0,eGFP1
9583,16:54:22,0.106,0.567,0,0,eGFP1
9584,16:54:23,0.106,0.688,0,0,eGFP1
9585,16:54:23,0.106,0.577,0,0,eGFP1
9586,16:54:24,0.074,0.447,0,0,eGFP1
9587,16:54:24,0.073,0.545,0,0,eGFP1
9588,16:54:25,0.152,0.788,0,0,eGFP1
9589,16:54:26,0.097,0.536,0,0,eGFP1
9590,16:54:27,0.095,0.709,0,0,eGFP1
9591,16:54:27,0.128,0.622,0,0,eGFP1
9592,16:54:28,0.084,0.501,0,0,eGFP1
9593,16:54:28,0.084,0.611,0,0,eGFP1
9594,16:54:29,0.106,0.545,0,0,eGFP1
9595,16:54:33,0.095,4.540,0,0,eGFP1
9596,16:54:34,0.128,0.655,0,0,eGFP1
9597,16:54:35,0.107,0.766,0,0,eGFP1
9598,16:54:35,0.095,0.578,0,0,eGFP1
9599,16:54:36,0.106,0.776,0,0,eGFP1
9600,16:54:37,0.150,0.699,0,0,eGFP1
9601,16:54:37,0.095,0.589,0,0,eGFP1
9602,16:54:38,0.095,0.578,0,0,eGFP1
9603,16:54:38,0.086,0.481,0,0,eGFP1
9604,16:54:39,0.095,0.699,0,0,eGFP1
9605,16:54:40,0.141,0.612,0,0,eGFP1
9606,16:54:40,0.074,0.480,0,0,eGFP1
9607,16:54:41,0.095,0.655,0,0,eGFP1
9608,16:54:41,0.095,0.490,0,0,eGFP1
9609,16:54:42,0.084,0.644,0,0,eGFP1
9610,16:54:43,0.128,0.633,0,0,eGFP1
9611,16:54:43,0.095,0.534,0,0,eGFP1
9612,16:54:44,0.106,0.775,0,0,eGFP1
9613,16:54:45,0.108,0.569,0,0,eGFP1
9614,16:54:45,0.117,0.863,0,0,eGFP1
9615,16:54:46,0.128,0.644,0,0,eGFP1
9616,16:54:47,0.106,0.666,0,0,eGFP1
9617,16:54:47,0.130,0.755,0,0,eGFP1
9618,16:54:48,0.095,0.534,0,0,eGFP1
9619,16:54:49,0.085,0.524,0,0,eGFP1
9620,16:54:49,0.106,0.600,0,0,eGFP1
9621,16:54:50,0.084,0.501,0,0,eGFP1
9622,16:54:50,0.127,0.851,0,0,eGFP1
9623,16:54:51,0.139,0.721,0,0,eGFP1
9624,16:54:52,0.106,0.534,0,0,eGFP1
9625,16:54:52,0.084,0.567,0,0,eGFP1
9626,16:54:53,0.139,0.864,0,0,eGFP1
9627,16:54:54,0.128,0.611,0,0,eGFP1
9628,16:54:54,0.095,0.710,0,0,eGFP1
9629,16:54:55,0.117,0.720,0,0,eGFP1
9630,16:54:56,0.130,0.602,0,0,eGFP1
9631,16:54:56,0.082,0.543,0,0,eGFP1
9632,16:54:57,0.095,0.589,0,0,eGFP1
9633,16:54:57,0.106,0.545,0,0,eGFP1
9634,16:54:58,0.106,0.622,0,0,eGFP1
9635,16:54:59,0.084,0.644,0,0,eGFP1
9636,16:54:59,0.117,0.688,0,0,eGFP1
9637,16:55:00,0.128,0.677,0,0,eGFP1
9638,16:55:01,0.097,0.689,0,0,eGFP1
9639,16:55:01,0.096,0.524,0,0,eGFP1
9640,16:55:02,0.084,0.457,0,0,eGFP1
9641,16:55:59,0.095,56.897,0,0,eGFP1
9642,16:56:00,0.227,0.951,0,0,eGFP1
9643,16:56:00,0.129,0.732,0,0,eGFP1
9644,16:56:01,0.152,0.865,0,0,eGFP1
9645,16:56:02,0.095,0.523,0,0,eGFP1
9646,16:56:02,0.086,0.591,0,0,eGFP1
9647,16:56:03,0.161,0.874,0,0,eGFP1
9648,16:56:04,0.107,0.677,0,0,eGFP1
9649,16:56:05,0.107,0.733,0,0,eGFP1
9650,16:56:05,0.150,0.710,0,0,eGFP1
9651,16:56:06,0.106,0.589,0,0,eGFP1
9652,16:56:07,0.106,0.732,0,0,eGFP1
9653,16:56:07,0.106,0.556,0,0,eGFP1
9654,16:56:08,0.084,0.534,0,0,eGFP1
9655,16:56:08,0.097,0.690,0,0,eGFP1
9656,16:56:09,0.095,0.501,0,0,eGFP1
9657,16:56:10,0.085,0.633,0,0,eGFP1
9658,16:56:10,0.185,0.733,0,0,eGFP1
9659,16:56:11,0.074,0.469,0,0,eGFP1
9660,16:56:11,0.085,0.711,0,0,eGFP1
9661,16:56:12,0.117,0.567,0,0,eGFP1
9662,16:56:13,0.096,0.612,0,0,eGFP1
9663,16:56:13,0.130,0.646,0,0,eGFP1
9664,16:56:14,0.085,0.590,0,0,eGFP1
9665,16:56:16,0.162,2.181,0,0,eGFP1
9666,16:56:17,0.107,1.040,0,0,eGFP1
9667,16:56:20,1.819,2.477,0,0,eGFP1
9668,16:56:20,0.096,0.601,0,0,eGFP1
9669,16:56:21,0.107,0.557,0,0,eGFP1
9670,16:56:21,0.085,0.480,0,0,eGFP1
9671,16:56:22,0.076,0.625,0,0,eGFP1
9672,16:56:22,0.107,0.513,0,0,eGFP1
9673,16:56:23,0.074,0.612,0,0,eGFP1
9674,16:56:24,0.106,0.567,0,0,eGFP1
9675,16:56:24,0.085,0.491,0,0,eGFP1
9676,16:56:25,0.095,0.633,0,0,eGFP1
9677,16:56:25,0.095,0.556,0,0,eGFP1
9678,16:56:26,0.118,0.699,0,0,eGFP1
9679,16:56:26,0.097,0.514,0,0,eGFP1
9680,16:56:27,0.074,0.436,0,0,eGFP1
9681,16:56:27,0.085,0.622,0,0,eGFP1
9682,16:56:28,0.129,0.601,0,0,eGFP1
9683,16:56:29,0.084,0.567,0,0,eGFP1
9684,16:56:29,0.128,0.688,0,0,eGFP1
9685,16:56:30,0.096,0.600,0,0,eGFP1
9686,16:56:31,0.130,0.646,0,0,eGFP1
9687,16:56:31,0.085,0.557,0,0,eGFP1
9688,16:56:32,0.129,0.700,0,0,eGFP1
9689,16:56:32,0.096,0.578,0,0,eGFP1
9690,16:56:33,0.129,0.623,0,0,eGFP1
9691,16:56:34,0.095,0.622,0,0,eGFP1
9692,16:56:34,0.118,0.633,0,0,eGFP1
9693,16:56:35,0.096,0.579,0,0,eGFP1
9694,16:56:35,0.095,0.501,0,0,eGFP1
9695,16:56:36,0.074,0.568,0,0,eGFP1
9696,16:56:37,0.174,0.821,0,0,eGFP1
9697,16:56:37,0.096,0.622,0,0,eGFP1
9698,16:56:38,0.107,0.601,0,0,eGFP1
9699,16:56:39,0.084,0.501,0,0,eGFP1
9700,16:56:39,0.097,0.800,0,0,eGFP1
9701,16:56:40,0.106,0.545,0,0,eGFP1
9702,16:56:40,0.074,0.513,0,0,eGFP1
9703,16:56:41,0.139,0.710,0,0,eGFP1
9704,16:56:42,0.097,0.503,0,0,eGFP1
9705,16:56:43,0.085,1.731,0,0,eGFP1
9706,16:56:44,0.161,0.655,0,0,eGFP1
9707,16:56:45,0.096,0.644,0,0,eGFP1
9708,16:56:45,0.118,0.557,0,0,eGFP1
9709,16:56:46,0.085,0.798,0,0,eGFP1
9710,16:56:47,0.119,0.558,0,0,eGFP1
9711,16:56:47,0.095,0.655,0,0,eGFP1
9712,16:56:48,0.097,0.635,0,0,eGFP1
9713,16:56:48,0.128,0.611,0,0,eGFP1
9714,16:56:49,0.093,0.543,0,0,eGFP1
9715,16:56:50,0.107,0.546,0,0,eGFP1
9716,16:56:50,0.074,0.491,0,0,eGFP1
9717,16:56:51,0.096,0.765,0,0,eGFP1
9718,16:56:51,0.118,0.622,0,0,eGFP1
9719,16:56:52,0.107,0.678,0,0,eGFP1
9720,16:56:53,0.096,0.546,0,0,eGFP1
9721,16:56:53,0.086,0.689,0,0,eGFP1
9722,16:56:54,0.118,0.557,0,0,eGFP1
9723,16:56:54,0.085,0.502,0,0,eGFP1
9724,16:56:55,0.106,0.655,0,0,eGFP1
9725,16:56:56,0.096,0.535,0,0,eGFP1
9726,16:56:56,0.096,0.568,0,0,eGFP1
9727,16:56:57,0.108,0.711,0,0,eGFP1
9728,16:56:57,0.107,0.546,0,0,eGFP1
9729,16:56:58,0.087,0.514,0,0,eGFP1
9730,16:56:58,0.086,0.492,0,0,eGFP1
9731,16:56:59,0.074,0.656,0,0,eGFP1
9732,16:57:00,0.151,0.776,0,0,eGFP1
9733,16:57:00,0.097,0.612,0,0,eGFP1
9734,16:57:01,0.108,0.678,0,0,eGFP1
9735,16:57:02,0.129,0.810,0,0,eGFP1
9736,16:57:03,0.140,0.612,0,0,eGFP1
9737,16:57:03,0.086,0.580,0,0,eGFP1
9738,16:57:04,0.118,0.667,0,0,eGFP1
9739,16:57:04,0.096,0.688,0,0,eGFP1
9740,16:57:05,0.118,0.623,0,0,eGFP1
9741,16:57:06,0.108,0.591,0,0,eGFP1
9742,16:57:06,0.096,0.568,0,0,eGFP1
9743,16:57:07,0.095,0.578,0,0,eGFP1
9744,16:57:08,0.118,1.018,0,0,eGFP1
9745,16:57:09,0.152,0.668,0,0,eGFP1
9746,16:57:09,0.085,0.568,0,0,eGFP1
9747,16:57:10,0.096,0.655,0,0,eGFP1
9748,16:57:10,0.107,0.590,0,0,eGFP1
9749,16:57:11,0.096,0.601,0,0,eGFP1
9750,16:57:11,0.085,0.513,0,0,eGFP1
9751,16:57:12,0.128,0.787,0,0,eGFP1
9752,16:57:13,0.096,0.513,0,0,eGFP1
9753,16:57:13,0.074,0.644,0,0,eGFP1
9754,16:57:14,0.120,0.570,0,0,eGFP1
9755,16:57:14,0.075,0.536,0,0,eGFP1
9756,16:57:15,0.140,0.655,0,0,eGFP1
9757,16:57:16,0.085,0.491,0,0,eGFP1
9758,16:57:16,0.085,0.492,0,0,eGFP1
9759,16:57:17,0.084,0.666,0,0,eGFP1
9760,16:57:17,0.107,0.612,0,0,eGFP1
9761,16:57:18,0.085,0.502,0,0,eGFP1
9762,16:57:19,0.108,0.756,0,0,eGFP1
9763,16:57:19,0.128,0.589,0,0,eGFP1
9764,16:57:20,0.074,0.546,0,0,eGFP1
9765,16:57:21,0.140,0.711,0,0,eGFP1
9766,16:57:21,0.096,0.502,0,0,eGFP1
9767,16:57:22,0.074,0.623,0,0,eGFP1
9768,16:57:22,0.161,0.853,0,0,eGFP1
9769,16:57:23,0.123,0.683,0,0,eGFP1
9770,16:57:24,0.130,0.635,0,0,eGFP1
9771,16:57:24,0.086,0.678,0,0,eGFP1
9772,16:57:25,0.097,0.591,0,0,eGFP1
9773,16:57:26,0.096,0.766,0,0,eGFP1
9774,16:57:26,0.096,0.524,0,0,eGFP1
9775,16:57:27,0.075,0.558,0,0,eGFP1
9776,16:57:28,0.107,0.689,0,0,eGFP1
9777,16:57:28,0.107,0.656,0,0,eGFP1
9778,16:57:29,0.120,0.647,0,0,eGFP1
9779,16:57:30,0.085,0.634,0,0,eGFP1
9780,16:57:30,0.130,0.645,0,0,eGFP1
9781,16:57:31,0.075,0.591,0,0,eGFP1
9782,16:57:31,0.118,0.579,0,0,eGFP1
9783,16:57:32,0.076,0.515,0,0,eGFP1
9784,16:57:33,0.096,0.655,0,0,eGFP1
9785,16:57:33,0.129,0.711,0,0,eGFP1
9786,16:57:34,0.107,0.689,0,0,eGFP1
9787,16:57:35,0.108,0.657,0,0,eGFP1
9788,16:57:35,0.118,0.700,0,0,eGFP1
9789,16:57:36,0.129,0.776,0,0,eGFP1
9790,16:57:37,0.118,0.557,0,0,eGFP1
9791,16:57:37,0.096,0.744,0,0,eGFP1
9792,16:57:38,0.129,0.645,0,0,eGFP1
9793,16:57:39,0.096,0.535,0,0,eGFP1
9794,16:57:39,0.096,0.645,0,0,eGFP1
9795,16:57:40,0.120,0.767,0,0,eGFP1
9796,16:57:40,0.108,0.536,0,0,eGFP1
9797,16:57:41,0.087,0.482,0,0,eGFP1
9798,16:57:42,0.096,0.799,0,0,eGFP1
9799,16:57:42,0.129,0.634,0,0,eGFP1
9800,16:57:43,0.108,0.689,0,0,eGFP1
9801,16:57:44,0.119,0.580,0,0,eGFP1
9802,16:57:44,0.108,0.722,0,0,eGFP1
9803,16:57:45,0.098,0.526,0,0,eGFP1
9804,16:57:45,0.085,0.481,0,0,eGFP1
9805,16:57:46,0.085,0.820,0,0,eGFP1
9806,16:57:47,0.140,0.689,0,0,eGFP1
9807,16:57:47,0.096,0.513,0,0,eGFP1
9808,16:57:48,0.107,0.832,0,0,eGFP1
9809,16:57:49,0.118,0.688,0,0,eGFP1
9810,16:57:49,0.098,0.537,0,0,eGFP1
9811,16:57:50,0.087,0.723,0,0,eGFP1
9812,16:57:51,0.140,0.623,0,0,eGFP1
9813,16:57:51,0.096,0.524,0,0,eGFP1
9814,16:57:52,0.086,0.700,0,0,eGFP1
9815,16:57:53,0.118,0.590,0,0,eGFP1
9816,16:57:53,0.085,0.612,0,0,eGFP1
9817,16:57:54,0.140,0.700,0,0,eGFP1
9818,16:57:54,0.096,0.469,0,0,eGFP1
9819,16:57:55,0.086,0.602,0,0,eGFP1
9820,16:57:56,0.141,0.701,0,0,eGFP1
9821,16:57:56,0.107,0.722,0,0,eGFP1
9822,16:57:57,0.162,0.710,0,0,eGFP1
9823,16:57:58,0.086,0.492,0,0,eGFP1
9824,16:57:58,0.108,0.679,0,0,eGFP1
9825,16:57:59,0.096,0.601,0,0,eGFP1
9826,16:58:00,0.129,0.645,0,0,eGFP1
9827,16:58:00,0.096,0.535,0,0,eGFP1
9828,16:58:01,0.109,0.844,0,0,eGFP1
9829,16:58:02,0.129,0.744,0,0,eGFP1
9830,16:58:02,0.140,0.744,0,0,eGFP1
9831,16:58:03,0.096,0.524,0,0,eGFP1
9832,16:58:04,0.096,0.722,0,0,eGFP1
9833,16:58:04,0.119,0.657,0,0,eGFP1
9834,16:58:05,0.085,0.502,0,0,eGFP1
9835,16:58:06,0.097,0.799,0,0,eGFP1
9836,16:58:06,0.131,0.624,0,0,eGFP1
9837,16:58:07,0.119,0.722,0,0,eGFP1
9838,16:58:08,0.131,0.822,0,0,eGFP1
9839,16:58:40,0.152,32.185,0,0,eGFP1
9840,16:58:41,0.140,0.678,0,0,eGFP1
9841,16:58:41,0.118,0.755,0,0,eGFP1
9842,16:58:42,0.107,0.524,0,0,eGFP1
9843,16:58:43,0.074,0.590,0,0,eGFP1
9844,16:58:43,0.120,0.603,0,0,eGFP1
9845,16:58:44,0.085,0.502,0,0,eGFP1
9846,16:58:44,0.085,0.656,0,0,eGFP1
9847,16:58:45,0.118,0.579,0,0,eGFP1
9848,16:58:45,0.086,0.459,0,0,eGFP1
9849,16:58:46,0.063,0.415,0,0,eGFP1
9850,16:58:46,0.074,0.436,0,0,eGFP1
9851,16:58:47,0.097,0.766,0,0,eGFP1
9852,16:58:48,0.120,0.559,0,0,eGFP1
9853,16:58:48,0.086,0.646,0,0,eGFP1
9854,16:58:49,0.129,0.722,0,0,eGFP1
9855,16:58:50,0.140,0.744,0,0,eGFP1
9856,16:58:50,0.085,0.480,0,0,eGFP1
9857,16:58:51,0.086,0.437,0,0,eGFP1
9858,16:58:51,0.075,0.656,0,0,eGFP1
9859,16:58:52,0.130,0.689,0,0,eGFP1
9860,16:58:52,0.108,0.547,0,0,eGFP1
9861,16:58:53,0.076,0.460,0,0,eGFP1
9862,16:58:54,0.097,0.756,0,0,eGFP1
9863,16:58:54,0.108,0.514,0,0,eGFP1
9864,16:58:55,0.086,0.536,0,0,eGFP1
9865,16:58:55,0.119,0.667,0,0,eGFP1
9866,16:58:56,0.110,0.549,0,0,eGFP1
9867,16:58:57,0.086,0.624,0,0,eGFP1
9868,16:58:57,0.141,0.700,0,0,eGFP1
9869,16:58:58,0.088,0.483,0,0,eGFP1
9870,16:58:58,0.074,0.502,0,0,eGFP1
9871,16:58:59,0.097,0.689,0,0,eGFP1
9872,16:59:00,0.119,0.613,0,0,eGFP1
9873,16:59:00,0.096,0.546,0,0,eGFP1
9874,16:59:01,0.097,0.558,0,0,eGFP1
9875,16:59:01,0.096,0.645,0,0,eGFP1
9876,16:59:02,0.096,0.568,0,0,eGFP1
9877,16:59:03,0.108,0.711,0,0,eGFP1
9878,16:59:03,0.128,0.611,0,0,eGFP1
9879,16:59:04,0.097,0.514,0,0,eGFP1
9880,16:59:04,0.098,0.646,0,0,eGFP1
9881,16:59:05,0.120,0.624,0,0,eGFP1
9882,16:59:05,0.087,0.471,0,0,eGFP1
9883,16:59:06,0.108,0.755,0,0,eGFP1
9884,16:59:07,0.131,0.613,0,0,eGFP1
9885,16:59:07,0.087,0.460,0,0,eGFP1
9886,16:59:08,0.077,0.669,0,0,eGFP1
9887,16:59:09,0.119,0.602,0,0,eGFP1
9888,16:59:09,0.108,0.591,0,0,eGFP1
9889,16:59:10,0.076,0.504,0,0,eGFP1
9890,16:59:10,0.097,0.679,0,0,eGFP1
9891,16:59:11,0.097,0.613,0,0,eGFP1
9892,16:59:12,0.119,0.635,0,0,eGFP1
9893,16:59:12,0.087,0.482,0,0,eGFP1
9894,16:59:13,0.087,0.614,0,0,eGFP1
9895,16:59:13,0.162,0.711,0,0,eGFP1
9896,16:59:14,0.086,0.722,0,0,eGFP1
9897,16:59:15,0.130,0.744,0,0,eGFP1
9898,16:59:15,0.130,0.591,0,0,eGFP1
9899,16:59:16,0.085,0.480,0,0,eGFP1
9900,16:59:17,0.097,0.788,0,0,eGFP1
9901,16:59:17,0.141,0.712,0,0,eGFP1
9902,16:59:18,0.120,0.613,0,0,eGFP1
9903,16:59:18,0.086,0.492,0,0,eGFP1
9904,16:59:20,0.086,1.534,0,0,eGFP1
9905,16:59:21,0.152,0.876,0,0,eGFP1
9906,16:59:22,0.305,1.008,0,0,eGFP1
9907,16:59:22,0.109,0.581,0,0,eGFP1
9908,16:59:23,0.096,0.535,0,0,eGFP1
9909,16:59:24,0.108,0.744,0,0,eGFP1
9910,16:59:24,0.108,0.558,0,0,eGFP1
9911,16:59:25,0.076,0.471,0,0,eGFP1
9912,16:59:25,0.086,0.525,0,0,eGFP1
9913,16:59:26,0.096,0.579,0,0,eGFP1
9914,16:59:27,0.119,0.613,0,0,eGFP1
9915,16:59:27,0.085,0.612,0,0,eGFP1
9916,16:59:28,0.097,0.514,0,0,eGFP1
9917,16:59:28,0.075,0.711,0,0,eGFP1
9918,16:59:29,0.141,0.656,0,0,eGFP1
9919,16:59:30,0.088,0.625,0,0,eGFP1
9920,16:59:30,0.141,0.788,0,0,eGFP1
9921,16:59:31,0.131,0.592,0,0,eGFP1
9922,16:59:31,0.086,0.470,0,0,eGFP1
9923,16:59:32,0.097,0.569,0,0,eGFP1
9924,16:59:33,0.118,0.777,0,0,eGFP1
9925,16:59:33,0.108,0.546,0,0,eGFP1
9926,16:59:34,0.097,0.569,0,0,eGFP1
9927,16:59:35,0.121,0.702,0,0,eGFP1
9928,16:59:35,0.109,0.548,0,0,eGFP1
9929,16:59:36,0.086,0.613,0,0,eGFP1
9930,16:59:37,0.141,0.712,0,0,eGFP1
9931,16:59:37,0.119,0.679,0,0,eGFP1
9932,16:59:38,0.152,0.800,0,0,eGFP1
9933,16:59:39,0.108,0.778,0,0,eGFP1
9934,16:59:39,0.130,0.712,0,0,eGFP1
9935,16:59:40,0.122,0.714,0,0,eGFP1
9936,16:59:41,0.106,0.567,0,0,eGFP1
9937,16:59:41,0.084,0.523,0,0,eGFP1
9938,16:59:42,0.138,0.819,0,0,eGFP1
9939,16:59:43,0.105,0.566,0,0,eGFP1
9940,16:59:44,0.105,0.918,0,0,eGFP1
9941,16:59:46,2.025,2.673,0,0,eGFP1
9942,16:59:47,0.105,0.654,0,0,eGFP1
9943,16:59:48,0.116,0.654,0,0,eGFP1
9944,16:59:48,0.107,0.645,0,0,eGFP1
9945,16:59:49,0.127,0.775,0,0,eGFP1
9946,16:59:50,0.116,0.599,0,0,eGFP1
9947,16:59:50,0.084,0.534,0,0,eGFP1
9948,16:59:51,0.083,0.720,0,0,eGFP1
9949,16:59:52,0.128,0.743,0,0,eGFP1
9950,16:59:52,0.127,0.599,0,0,eGFP1
9951,16:59:53,0.084,0.457,0,0,eGFP1
9952,16:59:53,0.107,0.710,0,0,eGFP1
9953,16:59:54,0.106,0.534,0,0,eGFP1
9954,16:59:54,0.073,0.435,0,0,eGFP1
9955,16:59:55,0.084,0.820,0,0,eGFP1
9956,16:59:56,0.105,0.544,0,0,eGFP1
9957,17:03:04,0.084,188.530,0,0,eGFP1
9958,17:03:08,0.138,3.705,0,0,eGFP1
9959,17:03:10,1.894,2.541,0,0,eGFP1
9960,17:03:11,0.107,0.645,0,0,eGFP1
9961,17:03:12,0.106,0.753,0,0,eGFP1
9962,17:03:13,0.171,1.598,0,0,eGFP1
9963,17:03:15,0.981,1.728,0,0,eGFP1
9964,17:03:16,0.204,1.027,0,0,eGFP1
9965,17:03:17,0.314,1.027,0,0,eGFP1
9966,17:03:18,0.095,1.192,0,0,eGFP1
9967,17:03:19,0.161,0.655,0,0,eGFP1
9968,17:03:20,0.107,0.842,0,0,eGFP1
9969,17:03:21,0.116,0.819,0,0,eGFP1
9970,17:03:22,0.149,0.775,0,0,eGFP1
9971,17:03:22,0.171,0.906,0,0,eGFP1
9972,17:03:23,0.106,0.622,0,0,eGFP1
9973,17:03:24,0.160,0.863,0,0,eGFP1
9974,17:03:25,0.094,0.873,0,0,eGFP1
9975,17:03:26,0.161,0.929,0,0,eGFP1
9976,17:03:26,0.118,0.612,0,0,eGFP1
9977,17:03:27,0.129,0.831,0,0,eGFP1
9978,17:03:28,0.095,0.665,0,0,eGFP1
9979,17:03:29,0.150,0.973,0,0,eGFP1
9980,17:03:30,0.138,0.808,0,0,eGFP1
9981,17:03:30,0.116,0.830,0,0,eGFP1
9982,17:03:31,0.138,0.665,0,0,eGFP1
9983,17:03:32,0.106,0.797,0,0,eGFP1
9984,17:03:33,0.150,1.028,0,0,eGFP1
9985,17:03:34,0.150,0.919,0,0,eGFP1
9986,17:03:35,0.116,0.698,0,0,eGFP1
9987,17:03:35,0.138,0.863,0,0,eGFP1
9988,17:03:36,0.149,0.972,0,0,eGFP1
9989,17:03:37,0.128,0.611,0,0,eGFP1
9990,17:03:38,0.118,0.842,0,0,eGFP1
9991,17:03:39,0.106,0.698,0,0,eGFP1
9992,17:03:39,0.139,0.863,0,0,eGFP1
9993,17:03:40,0.141,0.898,0,0,eGFP1
9994,17:03:41,0.106,0.621,0,0,eGFP1
9995,17:03:42,0.161,0.710,0,0,eGFP1
9996,17:03:42,0.095,0.534,0,0,eGFP1
9997,17:03:43,0.095,0.753,0,0,eGFP1
9998,17:03:44,0.139,0.896,0,0,eGFP1
9999,17:03:44,0.117,0.578,0,0,eGFP1
10000,17:03:45,0.095,0.797,0,0,eGFP1
10001,17:03:46,0.107,0.623,0,0,eGFP1
10002,17:03:47,0.095,0.732,0,0,eGFP1
10003,17:03:47,0.138,0.907,0,0,eGFP1
10004,17:03:48,0.161,0.721,0,0,eGFP1
10005,17:03:49,0.095,0.677,0,0,eGFP1
10006,17:03:50,0.127,0.819,0,0,eGFP1
10007,17:03:50,0.105,0.830,0,0,eGFP1
10008,17:03:51,0.105,0.544,0,0,eGFP1
10009,17:03:52,0.086,0.876,0,0,eGFP1
10010,17:03:53,0.127,0.643,0,0,eGFP1
10011,17:03:53,0.150,0.852,0,0,eGFP1
10012,17:03:54,0.095,0.830,0,0,eGFP1
10013,17:03:55,0.139,0.600,0,0,eGFP1
10014,17:03:55,0.084,0.556,0,0,eGFP1
10015,17:03:56,0.204,1.027,0,0,eGFP1
10016,17:03:57,0.106,0.886,0,0,eGFP1
10017,17:03:58,0.140,0.622,0,0,eGFP1
10018,17:03:59,0.097,0.777,0,0,eGFP1
10019,17:03:59,0.095,0.567,0,0,eGFP1
10020,17:04:00,0.084,0.775,0,0,eGFP1
10021,17:04:01,0.150,0.841,0,0,eGFP1
10022,17:04:02,0.117,0.775,0,0,eGFP1
10023,17:04:02,0.128,0.808,0,0,eGFP1
10024,17:04:03,0.150,0.831,0,0,eGFP1
10025,17:04:04,0.116,0.643,0,0,eGFP1
10026,17:04:05,0.151,0.854,0,0,eGFP1
10027,17:04:05,0.094,0.577,0,0,eGFP1
10028,17:04:06,0.106,0.688,0,0,eGFP1
10029,17:04:07,0.095,0.753,0,0,eGFP1
10030,17:04:08,0.150,0.896,0,0,eGFP1
10031,17:04:08,0.118,0.645,0,0,eGFP1
10032,17:04:09,0.117,0.819,0,0,eGFP1
10033,17:04:10,0.128,0.874,0,0,eGFP1
10034,17:04:11,0.119,0.601,0,0,eGFP1
10035,17:04:11,0.095,0.852,0,0,eGFP1
10036,17:04:12,0.117,0.600,0,0,eGFP1
10037,17:04:13,0.095,0.819,0,0,eGFP1
10038,17:04:14,0.128,0.622,0,0,eGFP1
10039,17:04:14,0.106,0.830,0,0,eGFP1
10040,17:04:15,0.117,0.589,0,0,eGFP1
10041,17:04:16,0.095,0.731,0,0,eGFP1
10042,17:04:16,0.119,0.602,0,0,eGFP1
10043,17:04:17,0.105,0.654,0,0,eGFP1
10044,17:04:18,0.107,0.788,0,0,eGFP1
10045,17:04:19,0.128,0.830,0,0,eGFP1
10046,17:04:19,0.139,0.677,0,0,eGFP1
10047,17:04:20,0.105,0.665,0,0,eGFP1
10048,17:04:21,0.117,0.808,0,0,eGFP1
10049,17:04:21,0.106,0.556,0,0,eGFP1
10050,17:04:23,0.097,1.863,0,0,eGFP1
10051,17:04:25,0.172,1.599,0,0,eGFP1
10052,17:04:25,0.128,0.644,0,0,eGFP1
10053,17:04:26,0.084,1.093,0,0,eGFP1
10054,17:04:27,0.249,0.918,0,0,eGFP1
10055,17:04:28,0.106,0.907,0,0,eGFP1
10056,17:04:30,0.655,1.719,0,0,eGFP1
10057,17:04:31,0.183,0.787,0,0,eGFP1
10058,17:04:31,0.111,0.583,0,0,eGFP1
10059,17:04:32,0.106,0.743,0,0,eGFP1
10060,17:04:33,0.139,0.874,0,0,eGFP1
10061,17:04:34,0.139,0.732,0,0,eGFP1
10062,17:04:35,0.117,0.819,0,0,eGFP1
10063,17:04:35,0.129,0.699,0,0,eGFP1
10064,17:04:36,0.106,0.666,0,0,eGFP1
10065,17:04:40,3.585,4.309,0,0,eGFP1
10066,17:04:41,0.097,0.569,0,0,eGFP1
10067,17:04:41,0.095,0.654,0,0,eGFP1
10068,17:04:42,0.128,0.611,0,0,eGFP1
10069,17:04:43,0.084,0.721,0,0,eGFP1
10070,17:04:44,0.150,0.852,0,0,eGFP1
10071,17:04:44,0.151,0.832,0,0,eGFP1
10072,17:04:45,0.150,0.874,0,0,eGFP1
10073,17:04:46,0.150,0.819,0,0,eGFP1
10074,17:04:47,0.097,0.667,0,0,eGFP1
10075,17:04:48,0.150,0.853,0,0,eGFP1
10076,17:04:48,0.139,0.687,0,0,eGFP1
10077,17:04:49,0.096,0.831,0,0,eGFP1
10078,17:04:50,0.161,0.819,0,0,eGFP1
10079,17:04:51,0.106,0.677,0,0,eGFP1
10080,17:04:51,0.161,0.797,0,0,eGFP1
10081,17:04:52,0.095,0.491,0,0,eGFP1
10082,17:04:53,0.062,0.599,0,0,eGFP1
10083,17:04:53,0.163,0.711,0,0,eGFP1
10084,17:04:54,0.096,0.546,0,0,eGFP1
10085,17:04:55,0.096,0.842,0,0,eGFP1
10086,17:04:55,0.161,0.710,0,0,eGFP1
10087,17:04:56,0.084,0.479,0,0,eGFP1
10088,17:04:56,0.073,0.446,0,0,eGFP1
10089,17:04:57,0.085,0.688,0,0,eGFP1
10090,17:04:58,0.117,0.765,0,0,eGFP1
10091,17:04:58,0.162,0.733,0,0,eGFP1
10092,17:04:59,0.095,0.567,0,0,eGFP1
10093,17:05:00,0.128,0.721,0,0,eGFP1
10094,17:05:00,0.117,0.600,0,0,eGFP1
10095,17:05:01,0.095,0.698,0,0,eGFP1
10096,17:05:02,0.139,0.600,0,0,eGFP1
10097,17:05:02,0.084,0.490,0,0,eGFP1
10098,17:05:03,0.086,0.712,0,0,eGFP1
10099,17:05:04,0.140,0.623,0,0,eGFP1
10100,17:05:04,0.085,0.567,0,0,eGFP1
10101,17:05:05,0.195,0.996,0,0,eGFP1
10102,17:05:06,0.117,0.545,0,0,eGFP1
10103,17:05:06,0.085,0.655,0,0,eGFP1
10104,17:05:07,0.107,0.622,0,0,eGFP1
10105,17:05:08,0.118,0.765,0,0,eGFP1
10106,17:05:08,0.140,0.656,0,0,eGFP1
10107,17:05:09,0.096,0.678,0,0,eGFP1
10108,17:05:10,0.106,0.512,0,0,eGFP1
10109,17:05:10,0.085,0.502,0,0,eGFP1
10110,17:05:11,0.096,0.710,0,0,eGFP1
10111,17:05:13,0.139,2.279,0,0,eGFP1
10112,17:05:14,0.108,0.580,0,0,eGFP1
10113,17:05:17,0.106,3.091,0,0,eGFP1
10114,17:05:17,0.106,0.545,0,0,eGFP1
10115,17:05:18,0.075,0.733,0,0,eGFP1
10116,17:05:19,0.140,0.600,0,0,eGFP1
10117,17:05:19,0.074,0.436,0,0,eGFP1
10118,17:05:19,0.073,0.523,0,0,eGFP1
10119,17:05:20,0.117,0.677,0,0,eGFP1
10120,17:05:21,0.095,0.534,0,0,eGFP1
10121,17:05:22,0.140,0.820,0,0,eGFP1
10122,17:05:22,0.139,0.666,0,0,eGFP1
10123,17:05:23,0.075,0.459,0,0,eGFP1
10124,17:05:23,0.085,0.820,0,0,eGFP1
10125,17:05:24,0.130,0.634,0,0,eGFP1
10126,17:05:25,0.107,0.601,0,0,eGFP1
10127,17:05:25,0.084,0.589,0,0,eGFP1
10128,17:05:26,0.129,0.732,0,0,eGFP1
10129,17:05:27,0.129,0.579,0,0,eGFP1
10130,17:05:27,0.074,0.447,0,0,eGFP1
10131,17:05:28,0.086,0.448,0,0,eGFP1
10132,17:05:28,0.084,0.710,0,0,eGFP1
10133,17:05:29,0.150,0.655,0,0,eGFP1
10134,17:05:30,0.095,0.764,0,0,eGFP1
10135,17:05:30,0.129,0.688,0,0,eGFP1
10136,17:05:31,0.096,0.634,0,0,eGFP1
10137,17:05:32,0.106,0.611,0,0,eGFP1
10138,17:05:35,0.095,3.365,0,0,eGFP1
10139,17:05:35,0.109,0.537,0,0,eGFP1
10140,17:05:36,0.094,0.686,0,0,eGFP1
10141,17:05:37,0.118,0.568,0,0,eGFP1
10142,17:05:37,0.095,0.677,0,0,eGFP1
10143,17:05:38,0.117,0.556,0,0,eGFP1
10144,17:05:38,0.085,0.502,0,0,eGFP1
10145,17:05:39,0.073,0.468,0,0,eGFP1
10146,17:05:40,0.084,0.578,0,0,eGFP1
10147,17:05:40,0.096,0.535,0,0,eGFP1
10148,17:05:41,0.096,0.612,0,0,eGFP1
10149,17:05:42,0.151,0.853,0,0,eGFP1
10150,17:05:42,0.128,0.721,0,0,eGFP1
10151,17:05:43,0.128,0.567,0,0,eGFP1
10152,17:05:43,0.086,0.459,0,0,eGFP1
10153,17:05:44,0.106,0.699,0,0,eGFP1
10154,17:05:45,0.117,0.622,0,0,eGFP1
10155,17:05:45,0.118,0.579,0,0,eGFP1
10156,17:05:46,0.096,0.700,0,0,eGFP1
10157,17:05:47,0.172,0.743,0,0,eGFP1
10158,17:05:47,0.095,0.677,0,0,eGFP1
10159,17:05:48,0.161,0.677,0,0,eGFP1
10160,17:05:49,0.085,0.567,0,0,eGFP1
10161,17:05:49,0.118,0.601,0,0,eGFP1
10162,17:05:50,0.084,0.479,0,0,eGFP1
10163,17:05:50,0.096,0.743,0,0,eGFP1
10164,17:05:51,0.108,0.536,0,0,eGFP1
10165,17:05:51,0.074,0.447,0,0,eGFP1
10166,17:05:52,0.107,0.952,0,0,eGFP1
10167,17:05:53,0.140,0.623,0,0,eGFP1
10168,17:05:53,0.084,0.457,0,0,eGFP1
10169,17:05:54,0.085,0.776,0,0,eGFP1
10170,17:05:55,0.140,0.710,0,0,eGFP1
10171,17:05:55,0.140,0.655,0,0,eGFP1
10172,17:05:56,0.097,0.580,0,0,eGFP1
10173,17:05:57,0.140,0.699,0,0,eGFP1
10174,17:05:57,0.085,0.546,0,0,eGFP1
10175,17:05:58,0.139,0.754,0,0,eGFP1
10176,17:05:59,0.128,0.776,0,0,eGFP1
10177,17:06:00,0.128,0.798,0,0,eGFP1
10178,17:06:00,0.150,0.732,0,0,eGFP1
10179,17:06:01,0.107,0.612,0,0,eGFP1
10180,17:06:01,0.086,0.503,0,0,eGFP1
10181,17:06:02,0.107,0.699,0,0,eGFP1
10182,17:06:04,0.140,1.775,0,0,eGFP1
10183,17:06:05,0.216,0.787,0,0,eGFP1
10184,17:06:05,0.095,0.611,0,0,eGFP1
10185,17:06:06,0.118,0.655,0,0,eGFP1
10186,17:06:07,0.118,0.809,0,0,eGFP1
10187,17:06:08,0.151,0.732,0,0,eGFP1
10188,17:06:08,0.109,0.581,0,0,eGFP1
10189,17:06:09,0.106,0.853,0,0,eGFP1
10190,17:06:10,0.140,0.677,0,0,eGFP1
10191,17:06:10,0.107,0.788,0,0,eGFP1
10192,17:06:11,0.139,0.743,0,0,eGFP1
10193,17:06:12,0.108,0.547,0,0,eGFP1
10194,17:06:12,0.085,0.711,0,0,eGFP1
10195,17:06:13,0.140,0.633,0,0,eGFP1
10196,17:06:14,0.087,0.723,0,0,eGFP1
10197,17:06:15,0.140,0.798,0,0,eGFP1
10198,17:06:15,0.129,0.601,0,0,eGFP1
10199,17:06:16,0.084,0.545,0,0,eGFP1
10200,17:06:17,0.140,0.810,0,0,eGFP1
10201,17:06:17,0.106,0.622,0,0,eGFP1
10202,17:06:18,0.096,0.491,0,0,eGFP1
10203,17:06:18,0.074,0.655,0,0,eGFP1
10204,17:06:19,0.151,0.689,0,0,eGFP1
10205,17:06:20,0.097,0.657,0,0,eGFP1
10206,17:06:20,0.130,0.612,0,0,eGFP1
10207,17:06:21,0.097,0.645,0,0,eGFP1
10208,17:06:22,0.129,1.336,0,0,eGFP1
10209,17:06:23,0.184,0.711,0,0,eGFP1
10210,17:06:24,0.118,0.810,0,0,eGFP1
10211,17:06:24,0.140,0.634,0,0,eGFP1
10212,17:06:25,0.096,0.612,0,0,eGFP1
10213,17:06:26,0.130,0.635,0,0,eGFP1
10214,17:06:26,0.096,0.678,0,0,eGFP1
10215,17:06:27,0.118,0.667,0,0,eGFP1
10216,17:06:28,0.129,0.787,0,0,eGFP1
10217,17:06:28,0.129,0.579,0,0,eGFP1
10218,17:06:29,0.086,0.667,0,0,eGFP1
10219,17:06:30,0.162,0.711,0,0,eGFP1
10220,17:06:30,0.104,0.609,0,0,eGFP1
10221,17:06:31,0.141,0.778,0,0,eGFP1
10222,17:06:32,0.117,0.677,0,0,eGFP1
10223,17:06:32,0.107,0.546,0,0,eGFP1
10224,17:06:33,0.085,0.677,0,0,eGFP1
10225,17:06:34,0.118,0.722,0,0,eGFP1
10226,17:06:34,0.139,0.677,0,0,eGFP1
10227,17:06:35,0.096,0.568,0,0,eGFP1
10228,17:06:36,0.129,0.743,0,0,eGFP1
10229,17:06:36,0.119,0.613,0,0,eGFP1
10230,17:06:37,0.096,0.678,0,0,eGFP1
10231,17:06:38,0.150,0.721,0,0,eGFP1
10232,17:06:38,0.096,0.623,0,0,eGFP1
10233,17:06:39,0.119,0.635,0,0,eGFP1
10234,17:06:40,0.095,0.479,0,0,eGFP1
10235,17:06:40,0.085,0.612,0,0,eGFP1
10236,17:06:41,0.151,0.853,0,0,eGFP1
10237,17:06:43,0.251,1.667,0,0,eGFP1
10238,17:06:43,0.096,0.623,0,0,eGFP1
10239,17:06:44,0.150,0.765,0,0,eGFP1
10240,17:06:45,0.118,0.721,0,0,eGFP1
10241,17:06:46,0.107,0.875,0,0,eGFP1
10242,17:06:46,0.195,0.755,0,0,eGFP1
10243,17:06:47,0.096,0.556,0,0,eGFP1
10244,17:06:48,0.096,0.590,0,0,eGFP1
10245,17:06:48,0.109,0.690,0,0,eGFP1
10246,17:06:49,0.141,0.789,0,0,eGFP1
10247,17:06:50,0.107,0.579,0,0,eGFP1
10248,17:06:50,0.085,0.535,0,0,eGFP1
10249,17:06:51,0.106,0.710,0,0,eGFP1
10250,17:06:51,0.129,0.612,0,0,eGFP1
10251,17:06:52,0.085,0.699,0,0,eGFP1
10252,17:06:53,0.129,0.623,0,0,eGFP1
10253,17:06:53,0.087,0.625,0,0,eGFP1
10254,17:06:55,0.217,1.731,0,0,eGFP1
10255,17:06:56,0.108,0.601,0,0,eGFP1
10256,17:06:56,0.097,0.558,0,0,eGFP1
10257,17:06:57,0.107,0.612,0,0,eGFP1
10258,17:06:57,0.096,0.568,0,0,eGFP1
10259,17:06:58,0.108,0.788,0,0,eGFP1
10260,17:06:59,0.131,0.592,0,0,eGFP1
10261,17:06:59,0.087,0.559,0,0,eGFP1
10262,17:07:00,0.118,0.666,0,0,eGFP1
10263,17:07:01,0.107,0.535,0,0,eGFP1
10264,17:07:01,0.097,0.755,0,0,eGFP1
10265,17:07:02,0.118,0.579,0,0,eGFP1
10266,17:07:02,0.085,0.469,0,0,eGFP1
10267,17:07:03,0.085,0.678,0,0,eGFP1
10268,17:07:04,0.118,0.579,0,0,eGFP1
10269,17:07:04,0.096,0.710,0,0,eGFP1
10270,17:07:05,0.131,0.767,0,0,eGFP1
10271,17:07:06,0.107,0.557,0,0,eGFP1
10272,17:07:06,0.085,0.469,0,0,eGFP1
10273,17:07:07,0.076,0.493,0,0,eGFP1
10274,17:07:07,0.107,0.809,0,0,eGFP1
10275,17:07:08,0.151,0.853,0,0,eGFP1
10276,17:07:09,0.130,0.722,0,0,eGFP1
10277,17:07:10,0.118,0.590,0,0,eGFP1
10278,17:07:10,0.087,0.482,0,0,eGFP1
10279,17:07:11,0.107,0.930,0,0,eGFP1
10280,17:07:12,0.173,0.689,0,0,eGFP1
10281,17:07:12,0.107,0.754,0,0,eGFP1
10282,17:07:13,0.118,0.568,0,0,eGFP1
10283,17:07:14,0.085,0.590,0,0,eGFP1
10284,17:07:14,0.151,0.755,0,0,eGFP1
10285,17:07:15,0.107,0.535,0,0,eGFP1
10286,17:07:15,0.075,0.448,0,0,eGFP1
10287,17:07:16,0.087,0.702,0,0,eGFP1
10288,17:07:17,0.140,0.666,0,0,eGFP1
10289,17:07:17,0.097,0.722,0,0,eGFP1
10290,17:07:18,0.118,0.579,0,0,eGFP1
10291,17:07:19,0.074,0.656,0,0,eGFP1
10292,17:08:38,0.370,78.890,0,0,eGFP1
10293,17:08:39,0.666,1.248,0,0,eGFP1
10294,17:08:39,0.087,0.613,0,0,eGFP1
10295,17:08:40,0.108,0.601,0,0,eGFP1
10296,17:08:41,0.086,0.514,0,0,eGFP1
10297,17:08:41,0.096,0.644,0,0,eGFP1
10298,17:08:42,0.119,0.569,0,0,eGFP1
10299,17:08:42,0.074,0.436,0,0,eGFP1
10300,17:08:43,0.076,0.613,0,0,eGFP1
10301,17:08:43,0.130,0.612,0,0,eGFP1
10302,17:08:44,0.087,0.482,0,0,eGFP1
10303,17:08:45,0.085,0.645,0,0,eGFP1
10304,17:08:45,0.129,0.700,0,0,eGFP1
10305,17:08:46,0.096,0.491,0,0,eGFP1
10306,17:08:46,0.063,0.568,0,0,eGFP1
10307,17:08:47,0.195,0.843,0,0,eGFP1
10308,17:08:48,0.096,0.601,0,0,eGFP1
10309,17:08:48,0.096,0.513,0,0,eGFP1
10310,17:08:49,0.087,0.580,0,0,eGFP1
10311,17:08:50,0.119,0.733,0,0,eGFP1
10312,17:08:50,0.085,0.492,0,0,eGFP1
10313,17:08:51,0.085,0.612,0,0,eGFP1
10314,17:08:51,0.130,0.635,0,0,eGFP1
10315,17:08:52,0.086,0.514,0,0,eGFP1
10316,17:08:53,0.097,0.722,0,0,eGFP1
10317,17:08:53,0.108,0.547,0,0,eGFP1
10318,17:08:54,0.077,0.615,0,0,eGFP1
10319,17:08:54,0.119,0.602,0,0,eGFP1
10320,17:08:55,0.097,0.580,0,0,eGFP1
10321,17:08:56,0.109,0.690,0,0,eGFP1
10322,17:08:57,0.142,0.921,0,0,eGFP1
10323,17:08:57,0.141,0.668,0,0,eGFP1
10324,17:08:58,0.098,0.888,0,0,eGFP1
10325,17:08:59,0.152,0.679,0,0,eGFP1
10326,17:08:59,0.077,0.494,0,0,eGFP1
10327,17:09:00,0.098,0.548,0,0,eGFP1
10328,17:09:00,0.085,0.535,0,0,eGFP1
10329,17:09:01,0.096,0.645,0,0,eGFP1
10330,17:09:02,0.107,0.612,0,0,eGFP1
10331,17:09:02,0.086,0.470,0,0,eGFP1
10332,17:09:03,0.096,0.656,0,0,eGFP1
10333,17:09:03,0.096,0.491,0,0,eGFP1
10334,17:09:04,0.086,0.546,0,0,eGFP1
10335,17:09:04,0.109,0.658,0,0,eGFP1
10336,17:09:05,0.129,0.810,0,0,eGFP1
10337,17:09:06,0.129,0.645,0,0,eGFP1
10338,17:09:06,0.085,0.447,0,0,eGFP1
10339,17:09:07,0.075,0.755,0,0,eGFP1
10340,17:09:08,0.118,0.568,0,0,eGFP1
10341,17:09:08,0.087,0.526,0,0,eGFP1
10342,17:09:09,0.119,0.733,0,0,eGFP1
10343,17:09:10,0.131,0.614,0,0,eGFP1
10344,17:09:10,0.085,0.491,0,0,eGFP1
10345,17:09:11,0.108,0.755,0,0,eGFP1
10346,17:09:11,0.118,0.568,0,0,eGFP1
10347,17:09:12,0.086,0.613,0,0,eGFP1
10348,17:09:13,0.140,0.667,0,0,eGFP1
10349,17:09:13,0.096,0.535,0,0,eGFP1
10350,17:09:16,0.107,2.884,0,0,eGFP1
10351,17:09:17,0.120,0.614,0,0,eGFP1
10352,17:09:17,0.107,0.743,0,0,eGFP1
10353,17:09:18,0.119,0.569,0,0,eGFP1
10354,17:09:19,0.076,0.548,0,0,eGFP1
10355,17:09:19,0.096,0.579,0,0,eGFP1
10356,17:09:20,0.096,0.568,0,0,eGFP1
10357,17:09:20,0.097,0.591,0,0,eGFP1
10358,17:09:21,0.118,0.678,0,0,eGFP1
10359,17:09:21,0.109,0.558,0,0,eGFP1
10360,17:09:22,0.086,0.514,0,0,eGFP1
10361,17:09:23,0.096,0.733,0,0,eGFP1
10362,17:09:23,0.118,0.590,0,0,eGFP1
10363,17:09:24,0.086,0.536,0,0,eGFP1
10364,17:09:24,0.096,0.612,0,0,eGFP1
10365,17:09:25,0.097,0.536,0,0,eGFP1
10366,17:09:26,0.096,0.689,0,0,eGFP1
10367,17:09:26,0.098,0.515,0,0,eGFP1
10368,17:09:27,0.087,0.558,0,0,eGFP1
10369,17:09:27,0.108,0.711,0,0,eGFP1
10370,17:09:28,0.097,0.558,0,0,eGFP1
10371,17:09:29,0.096,0.546,0,0,eGFP1
10372,17:09:29,0.086,0.547,0,0,eGFP1
10373,17:09:30,0.085,0.491,0,0,eGFP1
10374,17:09:30,0.086,0.635,0,0,eGFP1
10375,17:09:31,0.120,0.690,0,0,eGFP1
10376,17:09:31,0.097,0.525,0,0,eGFP1
10377,17:09:32,0.096,0.678,0,0,eGFP1
10378,17:09:33,0.129,0.601,0,0,eGFP1
10379,17:09:33,0.086,0.569,0,0,eGFP1
10380,17:09:34,0.107,0.612,0,0,eGFP1
10381,17:09:35,0.109,0.680,0,0,eGFP1
10382,17:09:35,0.107,0.579,0,0,eGFP1
10383,17:09:36,0.088,0.593,0,0,eGFP1
10384,17:09:36,0.119,0.689,0,0,eGFP1
10385,17:09:37,0.087,0.493,0,0,eGFP1
10386,17:09:38,0.075,0.602,0,0,eGFP1
10387,17:09:38,0.130,0.679,0,0,eGFP1
10388,17:09:39,0.097,0.558,0,0,eGFP1
10389,17:09:39,0.086,0.525,0,0,eGFP1
10390,17:09:40,0.086,0.602,0,0,eGFP1
10391,17:09:41,0.164,0.757,0,0,eGFP1
10392,17:09:41,0.086,0.514,0,0,eGFP1
10393,17:09:42,0.096,1.117,0,0,eGFP1
10394,17:09:44,1.271,2.028,0,0,eGFP1
10395,17:09:45,0.109,0.811,0,0,eGFP1
10396,17:09:46,0.174,0.733,0,0,eGFP1
10397,17:09:46,0.108,0.580,0,0,eGFP1
10398,17:09:47,0.086,0.459,0,0,eGFP1
10399,17:09:50,0.096,2.730,0,0,eGFP1
10400,17:09:51,0.318,0.910,0,0,eGFP1
10401,17:09:51,0.108,0.580,0,0,eGFP1
10402,17:09:52,0.096,0.601,0,0,eGFP1
10403,17:09:52,0.097,0.580,0,0,eGFP1
10404,17:09:53,0.118,0.733,0,0,eGFP1
10405,17:09:54,0.097,0.558,0,0,eGFP1
10406,17:09:54,0.118,0.623,0,0,eGFP1
10407,17:09:55,0.086,0.547,0,0,eGFP1
10408,17:09:56,0.110,0.725,0,0,eGFP1
10409,17:09:56,0.096,0.524,0,0,eGFP1
10410,17:09:57,0.086,0.525,0,0,eGFP1
10411,17:09:57,0.086,0.481,0,0,eGFP1
10412,17:09:57,0.064,0.415,0,0,eGFP1
10413,17:09:58,0.074,0.678,0,0,eGFP1
10414,17:09:59,0.152,0.656,0,0,eGFP1
10415,17:09:59,0.086,0.492,0,0,eGFP1
10416,17:10:00,0.087,0.625,0,0,eGFP1
10417,17:10:01,0.119,0.722,0,0,eGFP1
10418,17:10:01,0.130,0.613,0,0,eGFP1
10419,17:10:02,0.086,0.525,0,0,eGFP1
10420,17:10:02,0.107,0.546,0,0,eGFP1
10421,17:10:03,0.097,0.646,0,0,eGFP1
10422,17:10:04,0.120,0.635,0,0,eGFP1
10423,17:10:04,0.087,0.482,0,0,eGFP1
10424,17:10:05,0.077,0.626,0,0,eGFP1
10425,17:10:05,0.141,0.723,0,0,eGFP1
10426,17:10:06,0.108,0.591,0,0,eGFP1
10427,17:10:06,0.087,0.471,0,0,eGFP1
10428,17:10:07,0.074,0.513,0,0,eGFP1
10429,17:10:08,0.116,0.698,0,0,eGFP1
10430,17:10:08,0.083,0.599,0,0,eGFP1
10431,17:10:09,0.116,0.599,0,0,eGFP1
10432,17:10:09,0.085,0.524,0,0,eGFP1
10433,17:10:10,0.106,0.808,0,0,eGFP1
10434,17:10:11,0.105,0.544,0,0,eGFP1
10435,17:10:12,0.107,0.788,0,0,eGFP1
10436,17:10:12,0.116,0.577,0,0,eGFP1
10437,17:10:13,0.084,0.457,0,0,eGFP1
10438,17:10:13,0.072,0.511,0,0,eGFP1
10439,17:10:14,0.128,0.797,0,0,eGFP1
10440,17:10:14,0.107,0.524,0,0,eGFP1
10441,17:10:15,0.084,0.512,0,0,eGFP1
10442,17:10:15,0.083,0.533,0,0,eGFP1
10443,17:10:16,0.117,0.720,0,0,eGFP1
10444,17:10:17,0.106,0.523,0,0,eGFP1
10445,17:10:17,0.084,0.764,0,0,eGFP1
10446,17:10:18,0.139,0.665,0,0,eGFP1
10447,17:10:19,0.095,0.512,0,0,eGFP1
10448,17:10:19,0.096,0.579,0,0,eGFP1
10449,17:10:20,0.107,0.633,0,0,eGFP1
10450,17:10:20,0.084,0.490,0,0,eGFP1
10451,17:10:21,0.073,0.457,0,0,eGFP1
10452,17:10:21,0.083,0.610,0,0,eGFP1
10453,17:10:22,0.139,0.720,0,0,eGFP1
10454,17:10:23,0.095,0.589,0,0,eGFP1
10455,17:10:23,0.105,0.687,0,0,eGFP1
10456,17:10:24,0.085,0.524,0,0,eGFP1
10457,17:10:25,0.095,0.720,0,0,eGFP1
10458,17:10:25,0.117,0.621,0,0,eGFP1
10459,17:10:26,0.117,0.633,0,0,eGFP1
10460,17:10:27,0.105,0.610,0,0,eGFP1
10461,17:10:27,0.106,0.589,0,0,eGFP1
10462,17:10:28,0.096,0.688,0,0,eGFP1
10463,17:10:28,0.139,0.644,0,0,eGFP1
10464,17:10:29,0.094,0.522,0,0,eGFP1
10465,17:10:30,0.096,0.568,0,0,eGFP1
10466,17:10:30,0.128,0.654,0,0,eGFP1
10467,17:10:31,0.095,0.501,0,0,eGFP1
10468,17:10:31,0.073,0.589,0,0,eGFP1
10469,17:10:32,0.127,0.742,0,0,eGFP1
10470,17:10:33,0.094,0.544,0,0,eGFP1
10471,17:10:33,0.084,0.479,0,0,eGFP1
10472,17:10:34,0.095,0.797,0,0,eGFP1
10473,17:10:34,0.140,0.634,0,0,eGFP1
10474,17:10:35,0.084,0.523,0,0,eGFP1
10475,17:10:36,0.118,0.666,0,0,eGFP1
10476,17:10:36,0.117,0.666,0,0,eGFP1
10477,17:10:37,0.149,0.786,0,0,eGFP1
10478,17:10:38,0.127,0.610,0,0,eGFP1
10479,17:10:38,0.084,0.567,0,0,eGFP1
10480,17:10:39,0.105,0.742,0,0,eGFP1
10481,17:10:41,0.151,1.874,0,0,eGFP1
10482,17:10:42,0.138,0.654,0,0,eGFP1
10483,17:10:42,0.095,0.589,0,0,eGFP1
10484,17:10:43,0.094,0.577,0,0,eGFP1
10485,17:10:43,0.095,0.600,0,0,eGFP1
10486,17:10:44,0.094,0.478,0,0,eGFP1
10487,17:10:44,0.073,0.545,0,0,eGFP1
10488,17:10:45,0.150,0.984,0,0,eGFP1
10489,17:10:46,0.108,0.580,0,0,eGFP1
10490,17:10:47,0.117,0.852,0,0,eGFP1
10491,17:10:47,0.139,0.698,0,0,eGFP1
10492,17:10:48,0.095,0.523,0,0,eGFP1
10493,17:10:49,0.106,0.720,0,0,eGFP1
10494,17:10:49,0.117,0.556,0,0,eGFP1
10495,17:10:50,0.073,0.457,0,0,eGFP1
10496,17:10:50,0.084,0.621,0,0,eGFP1
10497,17:10:51,0.118,0.733,0,0,eGFP1
10498,17:10:52,0.106,0.567,0,0,eGFP1
10499,17:10:52,0.105,0.819,0,0,eGFP1
10500,17:10:53,0.127,0.687,0,0,eGFP1
10501,17:10:54,0.106,0.600,0,0,eGFP1
10502,17:10:54,0.085,0.491,0,0,eGFP1
10503,17:10:55,0.084,0.643,0,0,eGFP1
10504,17:10:56,0.128,0.688,0,0,eGFP1
10505,17:10:56,0.129,0.787,0,0,eGFP1
10506,17:10:57,0.117,0.666,0,0,eGFP1
10507,17:10:58,0.117,0.665,0,0,eGFP1
10508,17:10:58,0.095,0.611,0,0,eGFP1
10509,17:10:59,0.161,0.984,0,0,eGFP1
10510,17:11:00,0.117,0.676,0,0,eGFP1
10511,17:11:01,0.117,0.644,0,0,eGFP1
10512,17:11:01,0.095,0.566,0,0,eGFP1
10513,17:11:02,0.097,0.634,0,0,eGFP1
10514,17:11:03,0.128,0.798,0,0,eGFP1
10515,17:11:03,0.106,0.545,0,0,eGFP1
10516,17:11:04,0.074,0.623,0,0,eGFP1
10517,17:11:04,0.150,0.698,0,0,eGFP1
10518,17:11:05,0.095,0.688,0,0,eGFP1
10519,17:11:06,0.117,0.567,0,0,eGFP1
10520,17:11:06,0.095,0.633,0,0,eGFP1
10521,17:11:07,0.129,0.754,0,0,eGFP1
10522,17:11:08,0.095,0.545,0,0,eGFP1
10523,17:11:08,0.095,0.644,0,0,eGFP1
10524,17:11:09,0.160,0.753,0,0,eGFP1
10525,17:11:10,0.106,0.698,0,0,eGFP1
10526,17:11:10,0.106,0.644,0,0,eGFP1
10527,17:11:11,0.128,0.611,0,0,eGFP1
10528,17:11:11,0.084,0.479,0,0,eGFP1
10529,17:11:12,0.096,0.722,0,0,eGFP1
10530,17:11:13,0.107,0.601,0,0,eGFP1
10531,17:11:13,0.117,0.676,0,0,eGFP1
10532,17:11:14,0.085,0.480,0,0,eGFP1
10533,17:11:15,0.084,0.731,0,0,eGFP1
10534,17:11:15,0.150,0.699,0,0,eGFP1
10535,17:11:16,0.106,0.677,0,0,eGFP1
10536,17:11:17,0.117,0.578,0,0,eGFP1
10537,17:11:17,0.084,0.621,0,0,eGFP1
10538,17:11:18,0.141,0.755,0,0,eGFP1
10539,17:11:19,0.117,0.567,0,0,eGFP1
10540,17:11:19,0.074,0.534,0,0,eGFP1
10541,17:11:20,0.128,0.820,0,0,eGFP1
10542,17:11:20,0.117,0.556,0,0,eGFP1
10543,17:11:21,0.074,0.502,0,0,eGFP1
10544,17:11:22,0.128,0.622,0,0,eGFP1
10545,17:11:22,0.095,0.512,0,0,eGFP1
10546,17:11:23,0.085,0.810,0,0,eGFP1
10547,17:11:23,0.106,0.545,0,0,eGFP1
10548,17:11:24,0.095,0.753,0,0,eGFP1
10549,17:11:25,0.117,0.578,0,0,eGFP1
10550,17:11:25,0.084,0.622,0,0,eGFP1
10551,17:11:26,0.150,0.698,0,0,eGFP1
10552,17:11:27,0.095,0.567,0,0,eGFP1
10553,17:11:28,0.139,0.797,0,0,eGFP1
10554,17:11:28,0.108,0.536,0,0,eGFP1
10555,17:11:29,0.084,0.479,0,0,eGFP1
10556,17:11:29,0.107,0.744,0,0,eGFP1
10557,17:11:30,0.128,0.665,0,0,eGFP1
10558,17:11:31,0.106,0.655,0,0,eGFP1
10559,17:11:31,0.150,0.831,0,0,eGFP1
10560,17:11:32,0.117,0.599,0,0,eGFP1
10561,17:11:33,0.084,0.545,0,0,eGFP1
10562,17:11:33,0.108,0.766,0,0,eGFP1
10563,17:11:34,0.095,0.512,0,0,eGFP1
10564,17:11:34,0.073,0.523,0,0,eGFP1
10565,17:11:35,0.128,0.776,0,0,eGFP1
10566,17:11:36,0.106,0.556,0,0,eGFP1
10567,17:11:37,0.095,0.820,0,0,eGFP1
10568,17:11:37,0.128,0.589,0,0,eGFP1
10569,17:11:38,0.095,0.808,0,0,eGFP1
10570,17:11:39,0.131,0.603,0,0,eGFP1
10571,17:11:39,0.084,0.830,0,0,eGFP1
10572,17:11:40,0.161,0.721,0,0,eGFP1
10573,17:11:41,0.095,0.490,0,0,eGFP1
10574,17:11:41,0.084,0.545,0,0,eGFP1
10575,17:11:42,0.128,0.819,0,0,eGFP1
10576,17:11:42,0.106,0.556,0,0,eGFP1
10577,17:11:43,0.084,0.534,0,0,eGFP1
10578,17:11:44,0.111,0.769,0,0,eGFP1
10579,17:11:44,0.107,0.633,0,0,eGFP1
10580,17:11:45,0.118,0.688,0,0,eGFP1
10581,17:11:46,0.096,0.710,0,0,eGFP1
10582,17:11:46,0.117,0.622,0,0,eGFP1
10583,17:11:47,0.075,0.459,0,0,eGFP1
10584,17:11:48,0.085,0.633,0,0,eGFP1
10585,17:11:48,0.118,0.655,0,0,eGFP1
10586,17:11:49,0.119,0.745,0,0,eGFP1
10587,17:11:49,0.106,0.567,0,0,eGFP1
10588,17:11:50,0.117,0.841,0,0,eGFP1
10589,17:11:51,0.117,0.589,0,0,eGFP1
10590,17:11:52,0.084,0.611,0,0,eGFP1
10591,17:11:52,0.161,0.820,0,0,eGFP1
10592,17:11:53,0.095,0.501,0,0,eGFP1
10593,17:11:54,0.095,0.688,0,0,eGFP1
10594,17:11:54,0.139,0.698,0,0,eGFP1
10595,17:11:55,0.097,0.591,0,0,eGFP1
10596,17:11:55,0.084,0.534,0,0,eGFP1
10597,17:11:56,0.086,0.733,0,0,eGFP1
10598,17:11:57,0.150,0.666,0,0,eGFP1
10599,17:11:57,0.106,0.633,0,0,eGFP1
10600,17:11:58,0.117,0.600,0,0,eGFP1
10601,17:11:59,0.095,0.786,0,0,eGFP1
10602,17:12:00,0.140,0.765,0,0,eGFP1
10603,17:12:00,0.119,0.634,0,0,eGFP1
10604,17:12:01,0.118,0.776,0,0,eGFP1
10605,17:12:02,0.128,0.677,0,0,eGFP1
10606,17:12:02,0.095,0.556,0,0,eGFP1
10607,17:12:03,0.095,0.567,0,0,eGFP1
10608,17:12:03,0.107,0.666,0,0,eGFP1
10609,17:12:04,0.107,0.578,0,0,eGFP1
10610,17:12:05,0.108,1.008,0,0,eGFP1
10611,17:19:12,0.316,426.876,0,0,eGFP1
10612,17:19:14,0.129,2.137,0,0,eGFP1
10613,17:19:15,0.150,0.765,0,0,eGFP1
10614,17:19:16,0.150,1.203,0,0,eGFP1
10615,17:19:18,0.271,1.819,0,0,eGFP1
10616,17:19:21,1.895,2.937,0,0,eGFP1
10617,17:19:21,0.106,0.556,0,0,eGFP1
10618,17:19:22,0.096,0.853,0,0,eGFP1
10619,17:19:23,0.140,0.678,0,0,eGFP1
10620,17:19:24,0.106,0.710,0,0,eGFP1
10621,17:19:24,0.095,0.479,0,0,eGFP1
10622,17:19:25,0.085,0.655,0,0,eGFP1
10623,17:19:26,0.173,0.919,0,0,eGFP1
10624,17:19:26,0.107,0.557,0,0,eGFP1
10625,17:19:27,0.107,0.886,0,0,eGFP1
10626,17:19:28,0.128,0.600,0,0,eGFP1
10627,17:19:28,0.075,0.514,0,0,eGFP1
10628,17:19:29,0.106,0.808,0,0,eGFP1
10629,17:19:29,0.173,0.513,0,0,eGFP1
10630,17:19:31,0.315,1.247,0,0,eGFP1
10631,17:19:31,0.173,0.557,0,0,eGFP1
10632,17:19:33,0.402,1.247,0,0,eGFP1
10633,17:19:33,0.096,0.633,0,0,eGFP1
10634,17:19:34,0.206,0.919,0,0,eGFP1
10635,17:19:35,0.097,0.547,0,0,eGFP1
10636,17:19:35,0.084,0.666,0,0,eGFP1
10637,17:19:38,0.341,2.799,0,0,eGFP1
10638,17:19:39,0.107,0.579,0,0,eGFP1
10639,17:19:39,0.107,0.710,0,0,eGFP1
10640,17:19:40,0.096,0.502,0,0,eGFP1
10641,17:19:40,0.074,0.436,0,0,eGFP1
10642,17:19:41,0.063,0.513,0,0,eGFP1
10643,17:19:41,0.108,0.591,0,0,eGFP1
10644,17:19:42,0.085,0.491,0,0,eGFP1
10645,17:19:42,0.096,0.568,0,0,eGFP1
10646,17:19:43,0.085,0.458,0,0,eGFP1
10647,17:19:43,0.074,0.458,0,0,eGFP1
10648,17:19:44,0.075,0.579,0,0,eGFP1
10649,17:19:45,0.118,0.601,0,0,eGFP1
10650,17:19:45,0.085,0.492,0,0,eGFP1
10651,17:19:46,0.086,0.536,0,0,eGFP1
10652,17:19:46,0.094,0.654,0,0,eGFP1
10653,17:19:47,0.106,0.622,0,0,eGFP1
10654,17:19:47,0.084,0.501,0,0,eGFP1
10655,17:19:48,0.085,0.623,0,0,eGFP1
10656,17:19:49,0.117,1.050,0,0,eGFP1
10657,17:19:50,0.216,0.787,0,0,eGFP1
10658,17:19:50,0.117,0.644,0,0,eGFP1
10659,17:19:51,0.106,0.875,0,0,eGFP1
10660,17:19:52,0.261,0.930,0,0,eGFP1
10661,17:19:53,0.096,0.689,0,0,eGFP1
10662,17:19:54,0.161,0.852,0,0,eGFP1
10663,17:19:55,0.151,0.831,0,0,eGFP1
10664,17:19:55,0.141,0.722,0,0,eGFP1
10665,17:19:56,0.096,0.535,0,0,eGFP1
10666,17:19:56,0.085,0.567,0,0,eGFP1
10667,17:19:57,0.118,0.667,0,0,eGFP1
10668,17:19:58,0.096,0.513,0,0,eGFP1
10669,17:19:58,0.074,0.590,0,0,eGFP1
10670,17:19:59,0.150,0.765,0,0,eGFP1
10671,17:19:59,0.095,0.479,0,0,eGFP1
10672,17:20:00,0.074,0.568,0,0,eGFP1
10673,17:20:01,0.161,0.941,0,0,eGFP1
10674,17:20:06,0.216,5.450,0,0,eGFP1
10675,17:20:10,0.711,3.696,0,0,eGFP1
10676,17:20:11,0.305,0.744,0,0,eGFP1
10677,17:20:12,0.315,1.094,0,0,eGFP1
10678,17:20:13,0.152,0.953,0,0,eGFP1
10679,17:20:14,0.183,0.985,0,0,eGFP1
10680,17:20:15,0.161,0.743,0,0,eGFP1
10681,17:20:16,0.095,0.907,0,0,eGFP1
10682,17:20:16,0.162,0.864,0,0,eGFP1
10683,17:20:18,0.623,1.489,0,0,eGFP1
10684,17:20:18,0.108,0.580,0,0,eGFP1
10685,17:20:19,0.096,0.491,0,0,eGFP1
10686,17:20:19,0.074,0.436,0,0,eGFP1
10687,17:20:20,0.085,0.743,0,0,eGFP1
10688,17:20:21,0.139,0.699,0,0,eGFP1
10689,17:20:21,0.096,0.480,0,0,eGFP1
10690,17:20:22,0.074,0.502,0,0,eGFP1
10691,17:20:22,0.108,0.601,0,0,eGFP1
10692,17:20:23,0.098,0.504,0,0,eGFP1
10693,17:20:24,0.095,0.688,0,0,eGFP1
10694,17:20:24,0.129,0.578,0,0,eGFP1
10695,17:20:25,0.074,0.425,0,0,eGFP1
10696,17:20:25,0.085,0.711,0,0,eGFP1
10697,17:20:26,0.117,0.622,0,0,eGFP1
10698,17:20:26,0.096,0.513,0,0,eGFP1
10699,17:20:27,0.085,0.699,0,0,eGFP1
10700,17:20:28,0.141,0.646,0,0,eGFP1
10701,17:20:28,0.085,0.469,0,0,eGFP1
10702,17:20:29,0.085,0.480,0,0,eGFP1
10703,17:20:29,0.096,0.589,0,0,eGFP1
10704,17:20:30,0.087,0.493,0,0,eGFP1
10705,17:20:30,0.095,0.523,0,0,eGFP1
10706,17:20:31,0.107,0.700,0,0,eGFP1
10707,17:20:32,0.107,0.556,0,0,eGFP1
10708,17:20:32,0.087,0.559,0,0,eGFP1
10709,17:20:33,0.096,0.656,0,0,eGFP1
10710,17:20:33,0.107,0.524,0,0,eGFP1
10711,17:20:34,0.074,0.447,0,0,eGFP1
10712,17:20:35,0.097,0.711,0,0,eGFP1
10713,17:20:35,0.129,0.623,0,0,eGFP1
10714,17:20:36,0.096,0.491,0,0,eGFP1
10715,17:20:36,0.075,0.481,0,0,eGFP1
10716,17:20:37,0.085,0.579,0,0,eGFP1
10717,17:20:37,0.119,0.602,0,0,eGFP1
10718,17:20:38,0.087,0.460,0,0,eGFP1
10719,17:20:38,0.074,0.534,0,0,eGFP1
10720,17:20:39,0.118,0.777,0,0,eGFP1
10721,17:20:40,0.107,0.545,0,0,eGFP1
10722,17:20:40,0.085,0.535,0,0,eGFP1
10723,17:20:41,0.096,0.546,0,0,eGFP1
10724,17:20:41,0.085,0.480,0,0,eGFP1
10725,17:20:42,0.075,0.449,0,0,eGFP1
10726,17:20:42,0.084,0.809,0,0,eGFP1
10727,17:20:43,0.118,0.567,0,0,eGFP1
10728,17:20:43,0.085,0.470,0,0,eGFP1
10729,17:20:44,0.084,0.578,0,0,eGFP1
10730,17:20:45,0.107,0.733,0,0,eGFP1
10731,17:20:45,0.119,0.591,0,0,eGFP1
10732,17:20:46,0.085,0.600,0,0,eGFP1
10733,17:20:47,0.120,0.614,0,0,eGFP1
10734,17:20:47,0.084,0.458,0,0,eGFP1
10735,17:20:47,0.074,0.436,0,0,eGFP1
10736,17:20:48,0.085,0.535,0,0,eGFP1
10737,17:20:49,0.118,0.787,0,0,eGFP1
10738,17:20:49,0.107,0.612,0,0,eGFP1
10739,17:20:50,0.107,0.765,0,0,eGFP1
10740,17:20:51,0.118,0.579,0,0,eGFP1
10741,17:20:51,0.086,0.602,0,0,eGFP1
10742,17:20:52,0.118,0.656,0,0,eGFP1
10743,17:20:53,0.107,0.567,0,0,eGFP1
10744,17:20:53,0.085,0.535,0,0,eGFP1
10745,17:20:54,0.109,0.712,0,0,eGFP1
10746,17:20:54,0.108,0.547,0,0,eGFP1
10747,17:20:55,0.074,0.469,0,0,eGFP1
10748,17:20:56,0.097,0.931,0,0,eGFP1
10749,17:20:58,0.274,1.832,0,0,eGFP1
10750,17:20:58,0.151,0.656,0,0,eGFP1
10751,17:20:59,0.086,0.580,0,0,eGFP1
10752,17:20:59,0.096,0.502,0,0,eGFP1
10753,17:21:00,0.075,0.459,0,0,eGFP1
10754,17:21:00,0.085,0.601,0,0,eGFP1
10755,17:21:01,0.097,0.547,0,0,eGFP1
10756,17:21:01,0.074,0.414,0,0,eGFP1
10757,17:21:02,0.065,0.395,0,0,eGFP1
10758,17:21:02,0.075,0.690,0,0,eGFP1
10759,17:21:03,0.129,0.590,0,0,eGFP1
10760,17:21:04,0.085,0.557,0,0,eGFP1
10761,17:21:04,0.129,0.666,0,0,eGFP1
10762,17:21:05,0.085,0.502,0,0,eGFP1
10763,17:21:05,0.086,0.678,0,0,eGFP1
10764,17:21:06,0.118,0.733,0,0,eGFP1
10765,17:21:11,0.141,4.849,0,0,eGFP1
10766,17:21:12,0.107,0.524,0,0,eGFP1
10767,17:21:12,0.074,0.414,0,0,eGFP1
10768,17:21:12,0.064,0.426,0,0,eGFP1
10769,17:21:13,0.085,0.612,0,0,eGFP1
10770,17:21:14,0.107,0.622,0,0,eGFP1
10771,17:21:14,0.097,0.525,0,0,eGFP1
10772,17:21:15,0.075,0.481,0,0,eGFP1
10773,17:21:15,0.076,0.592,0,0,eGFP1
10774,17:21:16,0.097,0.470,0,0,eGFP1
10775,17:21:16,0.063,0.469,0,0,eGFP1
10776,17:21:17,0.097,0.756,0,0,eGFP1
10777,17:21:17,0.107,0.546,0,0,eGFP1
10778,17:21:18,0.086,0.481,0,0,eGFP1
10779,17:21:19,0.086,0.722,0,0,eGFP1
10780,17:21:19,0.108,0.514,0,0,eGFP1
10781,17:21:20,0.075,0.546,0,0,eGFP1
10782,17:21:20,0.153,0.735,0,0,eGFP1
10783,17:21:21,0.085,0.469,0,0,eGFP1
10784,17:21:25,0.075,3.872,0,0,eGFP1
10785,17:21:26,0.119,0.734,0,0,eGFP1
10786,17:21:26,0.129,0.568,0,0,eGFP1
10787,17:21:27,0.074,0.535,0,0,eGFP1
10788,17:21:27,0.107,0.579,0,0,eGFP1
10789,17:21:28,0.096,0.491,0,0,eGFP1
10790,17:21:28,0.076,0.416,0,0,eGFP1
10791,17:21:29,0.063,0.448,0,0,eGFP1
10792,17:21:30,0.140,1.040,0,0,eGFP1
10793,17:21:30,0.107,0.568,0,0,eGFP1
10794,17:21:31,0.085,0.480,0,0,eGFP1
10795,17:21:31,0.096,0.590,0,0,eGFP1
10796,17:21:32,0.096,0.513,0,0,eGFP1
10797,17:21:32,0.075,0.557,0,0,eGFP1
10798,17:21:33,0.109,0.680,0,0,eGFP1
10799,17:21:34,0.097,0.580,0,0,eGFP1
10800,17:21:34,0.140,0.744,0,0,eGFP1
10801,17:21:35,0.118,0.623,0,0,eGFP1
10802,17:21:36,0.107,0.656,0,0,eGFP1
10803,17:21:36,0.096,0.502,0,0,eGFP1
10804,17:21:37,0.075,0.481,0,0,eGFP1
10805,17:21:37,0.118,0.798,0,0,eGFP1
10806,17:21:38,0.120,0.625,0,0,eGFP1
10807,17:21:39,0.107,0.699,0,0,eGFP1
10808,17:21:39,0.097,0.503,0,0,eGFP1
10809,17:21:40,0.096,0.590,0,0,eGFP1
10810,17:21:40,0.130,0.667,0,0,eGFP1
10811,17:21:41,0.086,0.481,0,0,eGFP1
10812,17:21:42,0.086,0.602,0,0,eGFP1
10813,17:21:42,0.151,0.722,0,0,eGFP1
10814,17:21:43,0.087,0.493,0,0,eGFP1
10815,17:21:43,0.085,0.513,0,0,eGFP1
10816,17:21:44,0.096,0.755,0,0,eGFP1
10817,17:21:45,0.107,0.590,0,0,eGFP1
10818,17:21:45,0.107,0.634,0,0,eGFP1
10819,17:21:46,0.118,0.601,0,0,eGFP1
10820,17:21:46,0.086,0.525,0,0,eGFP1
10821,17:21:47,0.129,0.700,0,0,eGFP1
10822,17:21:48,0.097,0.558,0,0,eGFP1
10823,17:21:48,0.129,0.700,0,0,eGFP1
10824,17:21:49,0.129,0.733,0,0,eGFP1
10825,17:21:50,0.118,0.612,0,0,eGFP1
10826,17:21:50,0.087,0.482,0,0,eGFP1
10827,17:21:51,0.085,0.458,0,0,eGFP1
10828,17:21:51,0.075,0.481,0,0,eGFP1
10829,17:21:52,0.085,0.766,0,0,eGFP1
10830,17:21:53,0.141,0.701,0,0,eGFP1
10831,17:21:53,0.129,0.810,0,0,eGFP1
10832,17:21:54,0.096,0.524,0,0,eGFP1
10833,17:21:54,0.075,0.492,0,0,eGFP1
10834,17:21:55,0.096,0.667,0,0,eGFP1
10835,17:21:56,0.140,0.689,0,0,eGFP1
10836,17:21:56,0.118,0.579,0,0,eGFP1
10837,17:21:57,0.075,0.678,0,0,eGFP1
10838,17:21:58,0.131,0.658,0,0,eGFP1
10839,17:21:58,0.099,0.570,0,0,eGFP1
10840,17:21:59,0.108,0.690,0,0,eGFP1
10841,17:22:00,0.130,0.602,0,0,eGFP1
10842,17:22:00,0.086,0.514,0,0,eGFP1
10843,17:22:01,0.097,0.701,0,0,eGFP1
10844,17:22:01,0.119,0.579,0,0,eGFP1
10845,17:22:02,0.087,0.504,0,0,eGFP1
10846,17:22:02,0.086,0.525,0,0,eGFP1
10847,17:22:03,0.087,0.526,0,0,eGFP1
10848,17:22:04,0.086,0.623,0,0,eGFP1
10849,17:22:04,0.141,0.843,0,0,eGFP1
10850,17:22:05,0.118,0.678,0,0,eGFP1
10851,17:22:06,0.108,0.645,0,0,eGFP1
10852,17:22:06,0.108,0.536,0,0,eGFP1
10853,17:22:07,0.076,0.493,0,0,eGFP1
10854,17:22:07,0.097,0.569,0,0,eGFP1
10855,17:22:08,0.087,0.460,0,0,eGFP1
10856,17:22:08,0.065,0.570,0,0,eGFP1
10857,17:22:09,0.185,0.799,0,0,eGFP1
10858,17:22:10,0.108,0.657,0,0,eGFP1
10859,17:22:10,0.119,0.613,0,0,eGFP1
10860,17:22:11,0.108,0.679,0,0,eGFP1
10861,17:22:12,0.152,0.635,0,0,eGFP1
10862,17:22:12,0.086,0.470,0,0,eGFP1
10863,17:22:13,0.077,0.571,0,0,eGFP1
10864,17:22:14,0.119,0.799,0,0,eGFP1
10865,17:22:14,0.119,0.613,0,0,eGFP1
10866,17:22:15,0.109,0.735,0,0,eGFP1
10867,17:22:16,0.107,0.689,0,0,eGFP1
10868,17:22:16,0.107,0.535,0,0,eGFP1
10869,17:22:17,0.097,0.668,0,0,eGFP1
10870,17:22:17,0.129,0.678,0,0,eGFP1
10871,17:22:18,0.098,0.548,0,0,eGFP1
10872,17:22:19,0.096,0.755,0,0,eGFP1
10873,17:22:19,0.118,0.557,0,0,eGFP1
10874,17:22:20,0.086,0.755,0,0,eGFP1
10875,17:22:21,0.152,0.667,0,0,eGFP1
10876,17:22:21,0.086,0.569,0,0,eGFP1
10877,17:22:22,0.162,0.766,0,0,eGFP1
10878,17:22:23,0.097,0.700,0,0,eGFP1
10879,17:22:23,0.131,0.625,0,0,eGFP1
10880,17:22:24,0.076,0.614,0,0,eGFP1
10881,17:22:25,0.107,0.579,0,0,eGFP1
10882,17:22:25,0.086,0.481,0,0,eGFP1
10883,17:22:26,0.086,0.711,0,0,eGFP1
10884,17:22:26,0.141,0.700,0,0,eGFP1
10885,17:22:27,0.086,0.492,0,0,eGFP1
10886,17:22:28,0.097,0.975,0,0,eGFP1
10887,17:22:29,0.185,0.723,0,0,eGFP1
10888,17:22:29,0.086,0.470,0,0,eGFP1
10889,17:22:30,0.085,0.492,0,0,eGFP1
10890,17:22:30,0.085,0.546,0,0,eGFP1
10891,17:22:31,0.097,0.569,0,0,eGFP1
10892,17:22:31,0.096,0.733,0,0,eGFP1
10893,17:22:32,0.120,0.581,0,0,eGFP1
10894,17:22:33,0.096,0.755,0,0,eGFP1
10895,17:22:33,0.142,0.647,0,0,eGFP1
10896,17:22:34,0.085,0.524,0,0,eGFP1
10897,17:22:35,0.086,0.558,0,0,eGFP1
10898,17:22:35,0.086,0.546,0,0,eGFP1
10899,17:22:36,0.097,0.723,0,0,eGFP1
10900,17:22:36,0.118,0.557,0,0,eGFP1
10901,17:22:37,0.075,0.448,0,0,eGFP1
10902,17:22:38,0.075,0.766,0,0,eGFP1
10903,17:22:38,0.121,0.648,0,0,eGFP1
10904,17:22:39,0.108,0.646,0,0,eGFP1
10905,17:22:40,0.141,0.767,0,0,eGFP1
10906,17:22:40,0.097,0.503,0,0,eGFP1
10907,17:22:41,0.077,0.615,0,0,eGFP1
10908,17:22:41,0.141,0.679,0,0,eGFP1
10909,17:22:42,0.086,0.459,0,0,eGFP1
10910,17:22:42,0.076,0.471,0,0,eGFP1
10911,17:22:43,0.108,0.800,0,0,eGFP1
10912,17:22:44,0.109,0.658,0,0,eGFP1
10913,17:22:44,0.108,0.624,0,0,eGFP1
10914,17:22:45,0.096,0.546,0,0,eGFP1
10915,17:22:46,0.108,0.810,0,0,eGFP1
10916,17:22:47,0.141,0.701,0,0,eGFP1
10917,17:22:47,0.119,0.766,0,0,eGFP1
10918,17:22:48,0.130,0.755,0,0,eGFP1
10919,17:22:49,0.097,0.514,0,0,eGFP1
10920,17:22:49,0.096,0.798,0,0,eGFP1
10921,17:22:50,0.139,0.775,0,0,eGFP1
10922,17:22:51,0.106,0.633,0,0,eGFP1
10923,17:22:52,0.149,0.764,0,0,eGFP1
10924,17:22:52,0.083,0.566,0,0,eGFP1
10925,17:22:53,0.127,0.786,0,0,eGFP1
10926,17:22:53,0.094,0.511,0,0,eGFP1
10927,17:22:54,0.095,0.808,0,0,eGFP1
10928,17:22:55,0.129,0.634,0,0,eGFP1
10929,17:22:55,0.083,0.500,0,0,eGFP1
10930,17:22:56,0.117,0.688,0,0,eGFP1
10931,17:22:57,0.116,0.588,0,0,eGFP1
10932,17:22:57,0.084,0.490,0,0,eGFP1
10933,17:22:58,0.105,0.753,0,0,eGFP1
10934,17:22:59,0.151,0.765,0,0,eGFP1
10935,17:22:59,0.095,0.611,0,0,eGFP1
10936,17:23:00,0.096,0.513,0,0,eGFP1
10937,17:23:00,0.083,0.753,0,0,eGFP1
10938,17:23:01,0.116,0.577,0,0,eGFP1
10939,17:23:02,0.073,0.621,0,0,eGFP1
10940,17:23:02,0.128,0.589,0,0,eGFP1
10941,17:23:03,0.083,0.522,0,0,eGFP1
10942,17:23:04,0.106,0.742,0,0,eGFP1
10943,17:23:04,0.117,0.600,0,0,eGFP1
10944,17:23:05,0.085,0.557,0,0,eGFP1
10945,17:23:06,0.116,0.840,0,0,eGFP1
10946,17:24:01,0.150,55.349,0,0,eGFP1
10947,17:24:02,0.261,1.051,0,0,eGFP1
10948,17:24:03,0.127,0.643,0,0,eGFP1
10949,17:24:03,0.106,0.742,0,0,eGFP1
10950,17:24:04,0.139,0.677,0,0,eGFP1
10951,17:24:04,0.083,0.500,0,0,eGFP1
10952,17:24:05,0.085,0.458,0,0,eGFP1
10953,17:24:06,0.084,0.611,0,0,eGFP1
10954,17:24:06,0.127,0.665,0,0,eGFP1
10955,17:24:07,0.084,0.468,0,0,eGFP1
10956,17:24:12,0.072,5.033,0,0,eGFP1
10957,17:24:12,0.248,0.380,0,0,eGFP1
10958,17:24:13,0.380,1.137,0,0,eGFP1
10959,17:24:14,0.105,0.610,0,0,eGFP1
10960,17:24:15,0.141,0.723,0,0,eGFP1
10961,17:24:15,0.106,0.907,0,0,eGFP1
10962,17:24:20,3.848,4.627,0,0,eGFP1
10963,17:24:21,0.094,0.687,0,0,eGFP1
10964,17:24:21,0.095,0.523,0,0,eGFP1
10965,17:24:22,0.084,0.435,0,0,eGFP1
10966,17:24:22,0.083,0.511,0,0,eGFP1
10967,17:24:23,0.095,0.523,0,0,eGFP1
10968,17:24:24,0.096,0.799,0,0,eGFP1
10969,17:24:24,0.138,0.588,0,0,eGFP1
10970,17:24:25,0.084,0.468,0,0,eGFP1
10971,17:24:26,0.084,0.863,0,0,eGFP1
10972,17:24:28,0.227,2.125,0,0,eGFP1
10973,17:24:28,0.095,0.545,0,0,eGFP1
10974,17:24:29,0.107,0.667,0,0,eGFP1
10975,17:24:29,0.084,0.545,0,0,eGFP1
10976,17:24:30,0.084,0.577,0,0,eGFP1
10977,17:24:31,0.130,0.645,0,0,eGFP1
10978,17:24:31,0.106,0.534,0,0,eGFP1
10979,17:24:32,0.084,0.490,0,0,eGFP1
10980,17:24:32,0.073,0.468,0,0,eGFP1
10981,17:24:33,0.094,0.511,0,0,eGFP1
10982,17:24:33,0.084,0.446,0,0,eGFP1
10983,17:24:34,0.073,0.501,0,0,eGFP1
10984,17:24:34,0.095,0.479,0,0,eGFP1
10985,17:24:35,0.074,0.535,0,0,eGFP1
10986,17:24:35,0.128,0.852,0,0,eGFP1
10987,17:24:36,0.140,0.634,0,0,eGFP1
10988,17:24:37,0.084,0.567,0,0,eGFP1
10989,17:24:37,0.127,0.698,0,0,eGFP1
10990,17:24:38,0.095,0.512,0,0,eGFP1
10991,17:24:38,0.084,0.654,0,0,eGFP1
10992,17:24:39,0.117,0.611,0,0,eGFP1
10993,17:24:40,0.096,0.579,0,0,eGFP1
10994,17:24:40,0.107,0.557,0,0,eGFP1
10995,17:24:41,0.084,0.479,0,0,eGFP1
10996,17:24:41,0.095,0.632,0,0,eGFP1
10997,17:24:42,0.117,0.567,0,0,eGFP1
10998,17:24:42,0.084,0.479,0,0,eGFP1
10999,17:24:43,0.095,0.786,0,0,eGFP1
11000,17:24:44,0.172,0.742,0,0,eGFP1
11001,17:24:45,0.098,0.691,0,0,eGFP1
11002,17:24:45,0.116,0.544,0,0,eGFP1
11003,17:24:46,0.084,0.457,0,0,eGFP1
11004,17:24:46,0.095,0.611,0,0,eGFP1
11005,17:24:47,0.106,0.578,0,0,eGFP1
11006,17:24:47,0.084,0.544,0,0,eGFP1
11007,17:24:48,0.117,0.677,0,0,eGFP1
11008,17:24:49,0.095,0.490,0,0,eGFP1
11009,17:24:49,0.074,0.524,0,0,eGFP1
11010,17:24:50,0.150,0.720,0,0,eGFP1
11011,17:24:50,0.095,0.545,0,0,eGFP1
11012,17:24:51,0.095,0.545,0,0,eGFP1
11013,17:24:51,0.095,0.512,0,0,eGFP1
11014,17:24:52,0.085,0.623,0,0,eGFP1
11015,17:24:53,0.117,0.688,0,0,eGFP1
11016,17:24:53,0.105,0.632,0,0,eGFP1
11017,17:24:54,0.096,0.546,0,0,eGFP1
11018,17:24:55,0.095,0.666,0,0,eGFP1
11019,17:24:55,0.128,0.644,0,0,eGFP1
11020,17:24:56,0.094,0.676,0,0,eGFP1
11021,17:24:56,0.095,0.534,0,0,eGFP1
11022,17:24:57,0.117,0.852,0,0,eGFP1
11023,17:24:58,0.128,0.655,0,0,eGFP1
11024,17:24:59,0.106,0.676,0,0,eGFP1
11025,17:24:59,0.118,0.557,0,0,eGFP1
11026,17:25:00,0.106,0.578,0,0,eGFP1
11027,17:25:00,0.095,0.600,0,0,eGFP1
11028,17:25:01,0.140,0.689,0,0,eGFP1
11029,17:25:02,0.095,0.589,0,0,eGFP1
11030,17:25:02,0.095,0.588,0,0,eGFP1
11031,17:25:03,0.095,0.490,0,0,eGFP1
11032,17:25:03,0.073,0.469,0,0,eGFP1
11033,17:25:05,0.096,1.676,0,0,eGFP1
11034,17:25:06,0.348,0.940,0,0,eGFP1
11035,17:25:06,0.096,0.578,0,0,eGFP1
11036,17:25:07,0.117,0.611,0,0,eGFP1
11037,17:25:07,0.095,0.578,0,0,eGFP1
11038,17:25:08,0.085,0.491,0,0,eGFP1
11039,17:25:09,0.084,0.611,0,0,eGFP1
11040,17:25:09,0.117,0.643,0,0,eGFP1
11041,17:25:10,0.119,0.657,0,0,eGFP1
11042,17:25:11,0.129,0.689,0,0,eGFP1
11043,17:25:11,0.095,0.512,0,0,eGFP1
11044,17:25:12,0.073,0.468,0,0,eGFP1
11045,17:25:12,0.084,0.512,0,0,eGFP1
11046,17:25:13,0.095,0.545,0,0,eGFP1
11047,17:25:13,0.095,0.512,0,0,eGFP1
11048,17:25:14,0.084,0.633,0,0,eGFP1
11049,17:25:14,0.172,0.731,0,0,eGFP1
11050,17:25:15,0.097,0.755,0,0,eGFP1
11051,17:25:16,0.128,0.710,0,0,eGFP1
11052,17:25:17,0.106,0.556,0,0,eGFP1
11053,17:25:17,0.095,0.534,0,0,eGFP1
11054,17:25:18,0.117,0.742,0,0,eGFP1
11055,17:25:18,0.130,0.580,0,0,eGFP1
11056,17:25:19,0.095,0.633,0,0,eGFP1
11057,17:25:20,0.117,0.699,0,0,eGFP1
11058,17:25:20,0.096,0.524,0,0,eGFP1
11059,17:25:21,0.084,0.622,0,0,eGFP1
11060,17:25:22,0.161,0.841,0,0,eGFP1
11061,17:25:22,0.106,0.732,0,0,eGFP1
11062,17:25:23,0.150,1.028,0,0,eGFP1
11063,17:25:25,0.567,1.313,0,0,eGFP1
11064,17:25:25,0.095,0.567,0,0,eGFP1
11065,17:25:26,0.084,0.501,0,0,eGFP1
11066,17:25:27,0.085,0.700,0,0,eGFP1
11067,17:25:27,0.139,0.622,0,0,eGFP1
11068,17:25:28,0.085,0.491,0,0,eGFP1
11069,17:25:28,0.085,0.623,0,0,eGFP1
11070,17:25:29,0.150,0.666,0,0,eGFP1
11071,17:25:30,0.084,0.698,0,0,eGFP1
11072,17:25:30,0.129,0.579,0,0,eGFP1
11073,17:25:31,0.084,0.457,0,0,eGFP1
11074,17:25:31,0.075,0.580,0,0,eGFP1
11075,17:25:32,0.106,0.611,0,0,eGFP1
11076,17:25:32,0.084,0.458,0,0,eGFP1
11077,17:25:33,0.073,0.589,0,0,eGFP1
11078,17:25:34,0.106,0.732,0,0,eGFP1
11079,17:25:34,0.139,0.644,0,0,eGFP1
11080,17:25:35,0.084,0.501,0,0,eGFP1
11081,17:25:36,0.107,0.809,0,0,eGFP1
11082,17:25:36,0.109,0.570,0,0,eGFP1
11083,17:25:37,0.117,0.633,0,0,eGFP1
11084,17:25:38,0.084,0.721,0,0,eGFP1
11085,17:25:38,0.106,0.523,0,0,eGFP1
11086,17:25:39,0.073,0.688,0,0,eGFP1
11087,17:25:39,0.128,0.600,0,0,eGFP1
11088,17:25:40,0.084,0.654,0,0,eGFP1
11089,17:25:41,0.118,0.568,0,0,eGFP1
11090,17:25:41,0.085,0.480,0,0,eGFP1
11091,17:25:42,0.085,0.502,0,0,eGFP1
11092,17:25:42,0.095,0.786,0,0,eGFP1
11093,17:25:44,0.172,1.796,0,0,eGFP1
11094,17:25:45,0.118,0.611,0,0,eGFP1
11095,17:25:45,0.097,0.624,0,0,eGFP1
11096,17:25:46,0.117,0.589,0,0,eGFP1
11097,17:25:46,0.106,0.545,0,0,eGFP1
11098,17:25:47,0.089,0.583,0,0,eGFP1
11099,17:25:48,0.139,0.776,0,0,eGFP1
11100,17:25:48,0.095,0.501,0,0,eGFP1
11101,17:25:49,0.074,0.612,0,0,eGFP1
11102,17:25:50,0.117,0.589,0,0,eGFP1
11103,17:25:50,0.085,0.491,0,0,eGFP1
11104,17:25:51,0.084,0.578,0,0,eGFP1
11105,17:25:51,0.118,0.732,0,0,eGFP1
11106,17:25:52,0.085,0.469,0,0,eGFP1
11107,17:25:52,0.075,0.481,0,0,eGFP1
11108,17:25:53,0.128,0.819,0,0,eGFP1
11109,17:25:54,0.119,0.558,0,0,eGFP1
11110,17:25:54,0.073,0.501,0,0,eGFP1
11111,17:25:55,0.107,0.601,0,0,eGFP1
11112,17:25:55,0.084,0.633,0,0,eGFP1
11113,17:25:56,0.128,0.721,0,0,eGFP1
11114,17:25:57,0.106,0.545,0,0,eGFP1
11115,17:25:57,0.097,0.623,0,0,eGFP1
11116,17:25:58,0.096,0.513,0,0,eGFP1
11117,17:25:58,0.073,0.457,0,0,eGFP1
11118,17:25:59,0.096,0.765,0,0,eGFP1
11119,17:26:00,0.106,0.556,0,0,eGFP1
11120,17:26:00,0.085,0.633,0,0,eGFP1
11121,17:26:01,0.140,0.710,0,0,eGFP1
11122,17:26:01,0.108,0.536,0,0,eGFP1
11123,17:26:02,0.086,0.514,0,0,eGFP1
11124,17:26:03,0.095,0.710,0,0,eGFP1
11125,17:26:03,0.117,0.721,0,0,eGFP1
11126,17:26:04,0.117,0.666,0,0,eGFP1
11127,17:26:05,0.095,0.479,0,0,eGFP1
11128,17:26:05,0.074,0.513,0,0,eGFP1
11129,17:26:06,0.117,0.797,0,0,eGFP1
11130,17:26:07,0.129,0.677,0,0,eGFP1
11131,17:26:07,0.130,0.723,0,0,eGFP1
11132,17:26:08,0.095,0.534,0,0,eGFP1
11133,17:26:08,0.085,0.557,0,0,eGFP1
11134,17:26:09,0.128,0.786,0,0,eGFP1
11135,17:26:10,0.107,0.546,0,0,eGFP1
11136,17:26:10,0.075,0.448,0,0,eGFP1
11137,17:26:11,0.084,0.534,0,0,eGFP1
11138,17:26:12,0.117,0.842,0,0,eGFP1
11139,17:26:12,0.119,0.557,0,0,eGFP1
11140,17:26:13,0.096,0.721,0,0,eGFP1
11141,17:26:13,0.107,0.568,0,0,eGFP1
11142,17:26:14,0.095,0.611,0,0,eGFP1
11143,17:26:15,0.107,0.600,0,0,eGFP1
11144,17:26:15,0.096,0.590,0,0,eGFP1
11145,17:26:16,0.095,0.556,0,0,eGFP1
11146,17:26:16,0.085,0.524,0,0,eGFP1
11147,17:26:17,0.107,0.645,0,0,eGFP1
11148,17:26:18,0.117,0.743,0,0,eGFP1
11149,17:26:18,0.119,0.744,0,0,eGFP1
11150,17:26:19,0.107,0.535,0,0,eGFP1
11151,17:26:20,0.095,0.831,0,0,eGFP1
11152,17:26:20,0.128,0.655,0,0,eGFP1
11153,17:26:21,0.095,0.633,0,0,eGFP1
11154,17:26:22,0.128,0.666,0,0,eGFP1
11155,17:26:22,0.086,0.470,0,0,eGFP1
11156,17:26:23,0.085,0.776,0,0,eGFP1
11157,17:26:24,0.128,0.611,0,0,eGFP1
11158,17:26:24,0.085,0.645,0,0,eGFP1
11159,17:26:25,0.161,0.710,0,0,eGFP1
11160,17:26:25,0.084,0.501,0,0,eGFP1
11161,17:26:26,0.107,0.776,0,0,eGFP1
11162,17:26:27,0.129,0.644,0,0,eGFP1
11163,17:26:27,0.086,0.514,0,0,eGFP1
11164,17:26:28,0.095,0.732,0,0,eGFP1
11165,17:26:29,0.117,0.666,0,0,eGFP1
11166,17:26:29,0.129,0.656,0,0,eGFP1
11167,17:26:30,0.107,0.677,0,0,eGFP1
11168,17:26:31,0.107,0.788,0,0,eGFP1
11169,17:26:32,0.117,0.655,0,0,eGFP1
11170,17:26:32,0.085,0.579,0,0,eGFP1
11171,17:26:33,0.118,0.678,0,0,eGFP1
11172,17:26:33,0.130,0.668,0,0,eGFP1
11173,17:26:34,0.106,0.556,0,0,eGFP1
11174,17:26:35,0.129,0.677,0,0,eGFP1
11175,17:34:38,0.261,483.513,0,0,eGFP1
11176,17:34:40,1.095,2.039,0,0,eGFP1
11177,17:34:41,0.228,0.930,0,0,eGFP1
11178,17:34:42,0.173,0.766,0,0,eGFP1
11179,17:34:43,0.096,0.710,0,0,eGFP1
11180,17:34:43,0.153,0.789,0,0,eGFP1
11181,17:34:44,0.096,0.491,0,0,eGFP1
11182,17:34:44,0.074,0.414,0,0,eGFP1
11183,17:34:45,0.075,0.536,0,0,eGFP1
11184,17:34:46,0.140,0.809,0,0,eGFP1
11185,17:34:47,0.129,0.897,0,0,eGFP1
11186,17:34:47,0.129,0.612,0,0,eGFP1
11187,17:34:48,0.107,0.678,0,0,eGFP1
11188,17:34:49,0.163,0.975,0,0,eGFP1
11189,17:34:51,0.361,2.380,0,0,eGFP1
11190,17:34:52,0.118,0.656,0,0,eGFP1
11191,17:34:53,0.128,0.666,0,0,eGFP1
11192,17:34:53,0.085,0.480,0,0,eGFP1
11193,17:34:53,0.085,0.469,0,0,eGFP1
11194,17:34:54,0.085,0.787,0,0,eGFP1
11195,17:34:55,0.118,0.557,0,0,eGFP1
11196,17:34:56,0.075,0.700,0,0,eGFP1
11197,17:34:56,0.118,0.568,0,0,eGFP1
11198,17:34:57,0.085,0.524,0,0,eGFP1
11199,17:34:57,0.117,0.721,0,0,eGFP1
11200,17:34:58,0.096,0.480,0,0,eGFP1
11201,17:34:58,0.074,0.688,0,0,eGFP1
11202,17:34:59,0.206,0.788,0,0,eGFP1
11203,17:35:00,0.086,0.525,0,0,eGFP1
11204,17:35:00,0.097,0.657,0,0,eGFP1
11205,17:35:01,0.117,0.886,0,0,eGFP1
11206,17:35:02,0.183,0.853,0,0,eGFP1
11207,17:35:03,0.095,0.512,0,0,eGFP1
11208,17:35:03,0.074,0.700,0,0,eGFP1
11209,17:35:04,0.129,0.622,0,0,eGFP1
11210,17:35:04,0.085,0.447,0,0,eGFP1
11211,17:35:05,0.085,0.634,0,0,eGFP1
11212,17:35:06,0.141,0.833,0,0,eGFP1
11213,17:35:07,0.128,0.622,0,0,eGFP1
11214,17:35:07,0.085,0.458,0,0,eGFP1
11215,17:35:08,0.074,0.612,0,0,eGFP1
11216,17:35:08,0.163,0.767,0,0,eGFP1
11217,17:35:09,0.106,0.699,0,0,eGFP1
11218,17:35:10,0.151,0.897,0,0,eGFP1
11219,17:35:11,0.118,0.634,0,0,eGFP1
11220,17:35:12,0.119,0.909,0,0,eGFP1
11221,17:35:13,0.228,1.149,0,0,eGFP1
11222,17:35:13,0.107,0.557,0,0,eGFP1
11223,17:35:14,0.085,0.568,0,0,eGFP1
11224,17:35:15,0.118,0.710,0,0,eGFP1
11225,17:35:16,0.129,1.205,0,0,eGFP1
11226,17:35:16,0.172,0.754,0,0,eGFP1
11227,17:35:17,0.129,0.842,0,0,eGFP1
11228,17:35:18,0.107,0.590,0,0,eGFP1
11229,17:35:19,0.098,0.745,0,0,eGFP1
11230,17:35:19,0.109,0.570,0,0,eGFP1
11231,17:35:20,0.085,0.744,0,0,eGFP1
11232,17:35:21,0.217,1.369,0,0,eGFP1
11233,17:35:22,0.272,0.898,0,0,eGFP1
11234,17:35:23,0.107,0.787,0,0,eGFP1
11235,17:35:24,0.174,0.689,0,0,eGFP1
11236,17:35:24,0.086,0.492,0,0,eGFP1
11237,17:35:25,0.087,0.614,0,0,eGFP1
11238,17:35:25,0.107,0.546,0,0,eGFP1
11239,17:35:26,0.074,0.568,0,0,eGFP1
11240,17:35:26,0.096,0.524,0,0,eGFP1
11241,17:35:27,0.074,0.480,0,0,eGFP1
11242,17:35:28,0.129,0.743,0,0,eGFP1
11243,17:35:28,0.097,0.504,0,0,eGFP1
11244,17:35:29,0.063,0.469,0,0,eGFP1
11245,17:35:30,0.163,0.997,0,0,eGFP1
11246,17:35:30,0.129,0.579,0,0,eGFP1
11247,17:35:31,0.096,0.634,0,0,eGFP1
11248,17:35:32,0.118,0.633,0,0,eGFP1
11249,17:35:32,0.107,0.612,0,0,eGFP1
11250,17:35:33,0.107,0.590,0,0,eGFP1
11251,17:35:33,0.085,0.502,0,0,eGFP1
11252,17:35:34,0.074,0.448,0,0,eGFP1
11253,17:35:34,0.075,0.492,0,0,eGFP1
11254,17:35:35,0.096,0.744,0,0,eGFP1
11255,17:35:36,0.118,0.611,0,0,eGFP1
11256,17:35:36,0.097,0.568,0,0,eGFP1
11257,17:35:37,0.087,0.559,0,0,eGFP1
11258,17:35:37,0.118,0.645,0,0,eGFP1
11259,17:35:38,0.107,0.710,0,0,eGFP1
11260,17:35:39,0.129,0.601,0,0,eGFP1
11261,17:35:39,0.087,0.471,0,0,eGFP1
11262,17:35:40,0.074,0.590,0,0,eGFP1
11263,17:35:40,0.173,0.842,0,0,eGFP1
11264,17:35:41,0.107,0.623,0,0,eGFP1
11265,17:35:42,0.107,0.634,0,0,eGFP1
11266,17:35:42,0.096,0.513,0,0,eGFP1
11267,17:35:43,0.074,0.480,0,0,eGFP1
11268,17:35:43,0.107,0.678,0,0,eGFP1
11269,17:35:44,0.097,0.493,0,0,eGFP1
11270,17:35:45,0.075,0.591,0,0,eGFP1
11271,17:35:45,0.129,0.711,0,0,eGFP1
11272,17:35:46,0.107,0.535,0,0,eGFP1
11273,17:35:46,0.085,0.732,0,0,eGFP1
11274,17:35:47,0.129,0.623,0,0,eGFP1
11275,17:35:48,0.097,0.645,0,0,eGFP1
11276,17:35:48,0.118,0.656,0,0,eGFP1
11277,17:35:49,0.087,0.482,0,0,eGFP1
11278,17:35:49,0.085,0.612,0,0,eGFP1
11279,17:35:50,0.118,0.743,0,0,eGFP1
11280,17:35:51,0.108,0.601,0,0,eGFP1
11281,17:35:51,0.097,0.514,0,0,eGFP1
11282,17:35:52,0.085,0.623,0,0,eGFP1
11283,17:35:53,0.239,0.985,0,0,eGFP1
11284,17:35:54,0.097,0.580,0,0,eGFP1
11285,17:35:54,0.109,0.746,0,0,eGFP1
11286,17:35:55,0.141,0.678,0,0,eGFP1
11287,17:35:56,0.097,0.635,0,0,eGFP1
11288,17:35:56,0.108,0.634,0,0,eGFP1
11289,17:35:57,0.097,0.591,0,0,eGFP1
11290,17:35:58,0.119,0.700,0,0,eGFP1
11291,17:35:58,0.097,0.646,0,0,eGFP1
11292,17:35:59,0.119,0.613,0,0,eGFP1
11293,17:35:59,0.096,0.612,0,0,eGFP1
11294,17:36:00,0.143,0.736,0,0,eGFP1
11295,17:36:01,0.086,0.514,0,0,eGFP1
11296,17:36:01,0.097,0.646,0,0,eGFP1
11297,17:36:02,0.142,0.757,0,0,eGFP1
11298,17:36:03,0.108,0.646,0,0,eGFP1
11299,17:36:03,0.107,0.535,0,0,eGFP1
11300,17:36:04,0.086,0.525,0,0,eGFP1
11301,17:36:05,0.108,0.821,0,0,eGFP1
11302,17:36:05,0.131,0.658,0,0,eGFP1
11303,17:36:06,0.097,0.656,0,0,eGFP1
11304,17:36:07,0.119,0.755,0,0,eGFP1
11305,17:36:07,0.107,0.568,0,0,eGFP1
11306,17:36:08,0.086,0.722,0,0,eGFP1
11307,17:36:09,0.140,0.678,0,0,eGFP1
11308,17:36:09,0.085,0.481,0,0,eGFP1
11309,17:36:10,0.085,0.502,0,0,eGFP1
11310,17:36:10,0.087,0.635,0,0,eGFP1
11311,17:36:11,0.131,0.746,0,0,eGFP1
11312,17:36:11,0.096,0.513,0,0,eGFP1
11313,17:36:12,0.074,0.502,0,0,eGFP1
11314,17:36:13,0.108,0.777,0,0,eGFP1
11315,17:36:13,0.108,0.557,0,0,eGFP1
11316,17:36:14,0.075,0.481,0,0,eGFP1
11317,17:36:15,0.085,0.843,0,0,eGFP1
11318,17:36:15,0.108,0.547,0,0,eGFP1
11319,17:36:16,0.086,0.437,0,0,eGFP1
11320,17:36:16,0.074,0.480,0,0,eGFP1
11321,17:36:17,0.097,0.624,0,0,eGFP1
11322,17:36:17,0.118,0.754,0,0,eGFP1
11323,17:36:18,0.119,0.821,0,0,eGFP1
11324,17:36:19,0.153,0.723,0,0,eGFP1
11325,17:36:20,0.097,0.492,0,0,eGFP1
11326,17:36:20,0.087,0.657,0,0,eGFP1
11327,17:36:21,0.163,0.711,0,0,eGFP1
11328,17:36:21,0.086,0.492,0,0,eGFP1
11329,17:36:22,0.096,0.788,0,0,eGFP1
11330,17:36:23,0.118,0.568,0,0,eGFP1
11331,17:36:23,0.074,0.733,0,0,eGFP1
11332,17:36:24,0.162,0.667,0,0,eGFP1
11333,17:36:25,0.086,0.481,0,0,eGFP1
11334,17:36:25,0.086,0.756,0,0,eGFP1
11335,17:36:26,0.129,0.634,0,0,eGFP1
11336,17:36:27,0.097,0.623,0,0,eGFP1
11337,17:36:27,0.152,0.843,0,0,eGFP1
11338,17:36:29,0.416,1.338,0,0,eGFP1
11339,17:36:30,0.173,0.711,0,0,eGFP1
11340,17:36:30,0.085,0.557,0,0,eGFP1
11341,17:36:31,0.097,0.645,0,0,eGFP1
11342,17:36:31,0.098,0.493,0,0,eGFP1
11343,17:36:32,0.075,0.503,0,0,eGFP1
11344,17:36:32,0.129,0.744,0,0,eGFP1
11345,17:36:33,0.085,0.590,0,0,eGFP1
11346,17:36:34,0.108,0.569,0,0,eGFP1
11347,17:36:34,0.085,0.480,0,0,eGFP1
11348,17:36:35,0.086,0.733,0,0,eGFP1
11349,17:36:35,0.108,0.536,0,0,eGFP1
11350,17:36:36,0.087,0.778,0,0,eGFP1
11351,17:36:37,0.120,0.537,0,0,eGFP1
11352,17:36:37,0.074,0.634,0,0,eGFP1
11353,17:36:38,0.141,0.656,0,0,eGFP1
11354,17:36:38,0.086,0.514,0,0,eGFP1
11355,17:36:39,0.096,0.788,0,0,eGFP1
11356,17:36:40,0.129,0.601,0,0,eGFP1
11357,17:36:40,0.086,0.470,0,0,eGFP1
11358,17:36:41,0.085,0.810,0,0,eGFP1
11359,17:36:42,0.197,0.768,0,0,eGFP1
11360,17:36:42,0.086,0.514,0,0,eGFP1
11361,17:36:43,0.097,0.690,0,0,eGFP1
11362,17:36:44,0.097,0.514,0,0,eGFP1
11363,17:36:44,0.086,0.613,0,0,eGFP1
11364,17:36:45,0.130,0.613,0,0,eGFP1
11365,17:36:45,0.087,0.482,0,0,eGFP1
11366,17:36:46,0.098,0.701,0,0,eGFP1
11367,17:36:47,0.110,0.571,0,0,eGFP1
11368,17:36:47,0.074,0.480,0,0,eGFP1
11369,17:36:48,0.097,0.865,0,0,eGFP1
11370,17:36:49,0.119,0.591,0,0,eGFP1
11371,17:36:49,0.096,0.601,0,0,eGFP1
11372,17:36:50,0.108,0.580,0,0,eGFP1
11373,17:36:50,0.096,0.524,0,0,eGFP1
11374,17:36:51,0.108,0.722,0,0,eGFP1
11375,17:36:52,0.131,0.625,0,0,eGFP1
11376,17:36:52,0.108,0.722,0,0,eGFP1
11377,17:36:53,0.141,0.722,0,0,eGFP1
11378,17:36:54,0.088,0.526,0,0,eGFP1
11379,17:36:54,0.086,0.613,0,0,eGFP1
11380,17:36:55,0.108,0.634,0,0,eGFP1
11381,17:37:02,0.097,7.384,0,0,eGFP1
11382,17:37:04,0.733,1.424,0,0,eGFP1
11383,17:37:07,1.602,3.445,0,0,eGFP1
11384,17:37:08,0.273,0.887,0,0,eGFP1
11385,17:37:09,0.108,0.602,0,0,eGFP1
11386,17:37:09,0.096,0.524,0,0,eGFP1
11387,17:37:10,0.097,0.580,0,0,eGFP1
11388,17:37:10,0.086,0.667,0,0,eGFP1
11389,17:37:12,0.174,1.238,0,0,eGFP1
11390,17:37:12,0.141,0.657,0,0,eGFP1
11391,17:37:13,0.087,0.493,0,0,eGFP1
11392,17:37:13,0.076,0.460,0,0,eGFP1
11393,17:37:14,0.097,0.646,0,0,eGFP1
11394,17:37:14,0.097,0.514,0,0,eGFP1
11395,17:37:15,0.076,0.526,0,0,eGFP1
11396,17:37:15,0.075,0.438,0,0,eGFP1
11397,17:37:16,0.075,0.602,0,0,eGFP1
11398,17:37:17,0.141,0.690,0,0,eGFP1
11399,17:37:17,0.099,0.494,0,0,eGFP1
11400,17:37:18,0.075,0.438,0,0,eGFP1
11401,17:37:18,0.064,0.470,0,0,eGFP1
11402,17:37:19,0.098,0.701,0,0,eGFP1
11403,17:37:19,0.098,0.493,0,0,eGFP1
11404,17:37:20,0.086,0.547,0,0,eGFP1
11405,17:37:20,0.109,0.603,0,0,eGFP1
11406,17:37:21,0.086,0.514,0,0,eGFP1
11407,17:37:21,0.087,0.482,0,0,eGFP1
11408,17:37:22,0.075,0.470,0,0,eGFP1
11409,17:37:22,0.075,0.503,0,0,eGFP1
11410,17:37:23,0.097,0.634,0,0,eGFP1
11411,17:37:24,0.117,0.589,0,0,eGFP1
11412,17:37:24,0.084,0.479,0,0,eGFP1
11413,17:37:25,0.094,0.566,0,0,eGFP1
11414,17:37:25,0.084,0.468,0,0,eGFP1
11415,17:37:26,0.085,0.524,0,0,eGFP1
11416,17:37:26,0.127,0.731,0,0,eGFP1
11417,17:37:27,0.116,0.676,0,0,eGFP1
11418,17:37:28,0.105,0.610,0,0,eGFP1
11419,17:37:28,0.092,0.509,0,0,eGFP1
11420,17:37:29,0.095,0.841,0,0,eGFP1
11421,17:37:30,0.128,0.589,0,0,eGFP1
11422,17:37:30,0.083,0.489,0,0,eGFP1
11423,17:37:31,0.084,0.534,0,0,eGFP1
11424,17:37:31,0.107,0.677,0,0,eGFP1
11425,17:37:32,0.117,0.633,0,0,eGFP1
11426,17:37:32,0.083,0.478,0,0,eGFP1
11427,17:37:33,0.073,0.523,0,0,eGFP1
11428,17:37:34,0.106,0.676,0,0,eGFP1
11429,17:37:34,0.084,0.468,0,0,eGFP1
11430,17:37:34,0.073,0.435,0,0,eGFP1
11431,17:37:35,0.083,0.555,0,0,eGFP1
11432,17:37:36,0.131,0.723,0,0,eGFP1
11433,17:37:36,0.084,0.490,0,0,eGFP1
11434,17:37:37,0.084,0.731,0,0,eGFP1
11435,17:37:38,0.117,0.545,0,0,eGFP1
11436,17:37:38,0.083,0.599,0,0,eGFP1
11437,17:37:39,0.117,0.676,0,0,eGFP1
11438,17:37:39,0.084,0.479,0,0,eGFP1
11439,17:37:40,0.084,1.148,0,0,eGFP1
11440,17:37:43,0.447,2.796,0,0,eGFP1
11441,17:37:44,0.094,0.544,0,0,eGFP1
11442,17:37:44,0.095,0.534,0,0,eGFP1
11443,17:37:45,0.083,0.468,0,0,eGFP1
11444,17:37:45,0.083,0.643,0,0,eGFP1
11445,17:37:46,0.118,0.590,0,0,eGFP1
11446,17:37:46,0.072,0.446,0,0,eGFP1
11447,17:37:47,0.072,0.434,0,0,eGFP1
11448,17:37:47,0.085,0.623,0,0,eGFP1
11449,17:37:48,0.095,0.512,0,0,eGFP1
11450,17:37:49,0.072,0.522,0,0,eGFP1
11451,17:37:49,0.095,0.721,0,0,eGFP1
11452,17:37:50,0.094,0.489,0,0,eGFP1
11453,17:37:50,0.084,0.468,0,0,eGFP1
11454,17:37:51,0.084,0.578,0,0,eGFP1
11455,17:37:51,0.094,0.588,0,0,eGFP1
11456,17:37:52,0.085,0.469,0,0,eGFP1
11457,17:37:52,0.073,0.501,0,0,eGFP1
11458,17:37:53,0.106,0.687,0,0,eGFP1
11459,17:37:54,0.118,0.667,0,0,eGFP1
11460,17:37:54,0.095,0.490,0,0,eGFP1
11461,17:37:55,0.072,0.511,0,0,eGFP1
11462,17:37:55,0.117,0.776,0,0,eGFP1
11463,17:37:56,0.116,0.610,0,0,eGFP1
11464,17:37:57,0.096,0.612,0,0,eGFP1
11465,17:37:57,0.106,0.577,0,0,eGFP1
11466,17:37:58,0.073,0.468,0,0,eGFP1
11467,17:37:58,0.095,0.688,0,0,eGFP1
11468,17:37:59,0.138,0.621,0,0,eGFP1
11469,17:38:00,0.084,0.479,0,0,eGFP1
11470,17:38:00,0.084,0.523,0,0,eGFP1
11471,17:38:01,0.094,0.500,0,0,eGFP1
11472,17:38:01,0.087,0.493,0,0,eGFP1
11473,17:38:02,0.095,0.654,0,0,eGFP1
11474,17:38:02,0.139,0.688,0,0,eGFP1
11475,17:38:03,0.083,0.511,0,0,eGFP1
11476,17:38:04,0.095,0.655,0,0,eGFP1
11477,17:38:04,0.095,0.600,0,0,eGFP1
11478,17:38:05,0.105,0.654,0,0,eGFP1
11479,17:38:05,0.095,0.501,0,0,eGFP1
11480,17:38:06,0.074,0.502,0,0,eGFP1
11481,17:38:06,0.084,0.501,0,0,eGFP1
11482,17:38:07,0.084,0.534,0,0,eGFP1
11483,17:38:08,0.106,0.786,0,0,eGFP1
11484,17:38:08,0.106,0.589,0,0,eGFP1
11485,17:38:09,0.095,0.555,0,0,eGFP1
11486,17:38:09,0.086,0.492,0,0,eGFP1
11487,17:38:10,0.094,0.797,0,0,eGFP1
11488,17:38:11,0.117,0.610,0,0,eGFP1
11489,17:38:11,0.108,0.744,0,0,eGFP1
11490,17:38:12,0.106,0.600,0,0,eGFP1
11491,17:38:13,0.106,0.633,0,0,eGFP1
11492,17:38:13,0.105,0.632,0,0,eGFP1
11493,17:38:14,0.095,0.501,0,0,eGFP1
11494,17:38:14,0.084,0.567,0,0,eGFP1
11495,17:38:15,0.117,0.710,0,0,eGFP1
11496,17:38:16,0.105,0.544,0,0,eGFP1
11497,17:38:16,0.097,0.613,0,0,eGFP1
11498,17:38:17,0.116,0.676,0,0,eGFP1
11499,17:38:17,0.088,0.505,0,0,eGFP1
11500,17:38:18,0.084,0.556,0,0,eGFP1
11501,17:38:19,0.117,0.721,0,0,eGFP1
11502,17:38:19,0.106,0.512,0,0,eGFP1
11503,17:38:20,0.073,0.556,0,0,eGFP1
11504,17:38:20,0.095,0.731,0,0,eGFP1
11505,17:38:21,0.108,0.569,0,0,eGFP1
11506,17:38:22,0.084,0.501,0,0,eGFP1
11507,17:38:22,0.095,0.654,0,0,eGFP1
11508,17:38:23,0.128,0.600,0,0,eGFP1
11509,17:38:23,0.095,0.556,0,0,eGFP1
11510,17:38:24,0.095,0.501,0,0,eGFP1
11511,17:38:25,0.084,0.677,0,0,eGFP1
11512,17:38:25,0.128,0.765,0,0,eGFP1
11513,17:38:26,0.108,0.602,0,0,eGFP1
11514,17:38:26,0.084,0.468,0,0,eGFP1
11515,17:38:27,0.084,0.688,0,0,eGFP1
11516,17:38:28,0.116,0.654,0,0,eGFP1
11517,17:38:28,0.095,0.501,0,0,eGFP1
11518,17:38:29,0.084,0.534,0,0,eGFP1
11519,17:38:30,0.117,1.050,0,0,eGFP1
11520,17:38:34,0.501,3.958,0,0,eGFP1
11521,17:38:34,0.107,0.579,0,0,eGFP1
11522,17:38:35,0.106,0.720,0,0,eGFP1
11523,17:38:36,0.095,0.545,0,0,eGFP1
11524,17:38:36,0.095,0.567,0,0,eGFP1
11525,17:38:37,0.095,0.534,0,0,eGFP1
11526,17:38:37,0.085,0.524,0,0,eGFP1
11527,17:38:38,0.084,0.545,0,0,eGFP1
11528,17:38:38,0.073,0.457,0,0,eGFP1
11529,17:38:39,0.086,0.602,0,0,eGFP1
11530,17:38:39,0.095,0.577,0,0,eGFP1
11531,17:38:40,0.084,0.479,0,0,eGFP1
11532,17:38:40,0.085,0.578,0,0,eGFP1
11533,17:38:41,0.095,0.523,0,0,eGFP1
11534,17:38:41,0.084,0.490,0,0,eGFP1
11535,17:38:42,0.085,0.710,0,0,eGFP1
11536,17:38:43,0.128,0.622,0,0,eGFP1
11537,17:38:43,0.107,0.678,0,0,eGFP1
11538,17:38:44,0.117,0.600,0,0,eGFP1
11539,17:38:45,0.084,0.632,0,0,eGFP1
11540,17:38:45,0.130,0.624,0,0,eGFP1
11541,17:38:46,0.084,0.534,0,0,eGFP1
11542,17:38:46,0.106,0.632,0,0,eGFP1
11543,17:38:47,0.096,0.513,0,0,eGFP1
11544,17:38:48,0.084,0.534,0,0,eGFP1
11545,17:38:48,0.107,0.568,0,0,eGFP1
11546,17:38:49,0.073,0.468,0,0,eGFP1
11547,17:38:50,0.095,1.401,0,0,eGFP1
11548,17:38:54,2.630,4.134,0,0,eGFP1
11549,17:38:55,0.106,0.621,0,0,eGFP1
11550,17:38:55,0.095,0.578,0,0,eGFP1
11551,17:38:56,0.095,0.567,0,0,eGFP1
11552,17:38:56,0.084,0.458,0,0,eGFP1
11553,17:38:57,0.074,0.579,0,0,eGFP1
11554,17:38:58,0.151,0.711,0,0,eGFP1
11555,17:38:58,0.095,0.512,0,0,eGFP1
11556,17:38:59,0.085,0.623,0,0,eGFP1
11557,17:39:00,0.106,1.104,0,0,eGFP1
11558,17:39:01,0.195,0.765,0,0,eGFP1
11559,17:39:01,0.106,0.589,0,0,eGFP1
11560,17:39:02,0.085,0.458,0,0,eGFP1
11561,17:39:02,0.073,0.556,0,0,eGFP1
11562,17:39:03,0.108,0.667,0,0,eGFP1
11563,17:39:03,0.085,0.480,0,0,eGFP1
11564,17:39:04,0.084,0.611,0,0,eGFP1
11565,17:39:05,0.117,0.545,0,0,eGFP1
11566,17:39:05,0.073,0.435,0,0,eGFP1
11567,17:39:05,0.086,0.492,0,0,eGFP1
11568,17:39:06,0.084,0.501,0,0,eGFP1
11569,17:39:07,0.084,0.666,0,0,eGFP1
11570,17:39:07,0.129,0.590,0,0,eGFP1
11571,17:39:08,0.073,0.436,0,0,eGFP1
11572,17:39:08,0.073,0.643,0,0,eGFP1
11573,17:39:09,0.151,0.688,0,0,eGFP1
11574,17:39:10,0.095,0.578,0,0,eGFP1
11575,17:39:10,0.096,0.633,0,0,eGFP1
11576,17:39:11,0.096,0.523,0,0,eGFP1
11577,17:39:11,0.074,0.491,0,0,eGFP1
11578,17:39:12,0.085,0.612,0,0,eGFP1
11579,17:39:12,0.128,0.666,0,0,eGFP1
11580,17:39:13,0.097,0.580,0,0,eGFP1
11581,17:39:14,0.106,0.819,0,0,eGFP1
11582,17:39:14,0.106,0.567,0,0,eGFP1
11583,17:39:15,0.095,0.633,0,0,eGFP1
11584,17:39:16,0.095,0.534,0,0,eGFP1
11585,17:39:16,0.074,0.568,0,0,eGFP1
11586,17:39:17,0.107,0.634,0,0,eGFP1
11587,17:39:17,0.106,0.589,0,0,eGFP1
11588,17:39:18,0.095,0.501,0,0,eGFP1
11589,17:39:18,0.085,0.502,0,0,eGFP1
11590,17:39:19,0.117,0.709,0,0,eGFP1
11591,17:39:20,0.107,0.557,0,0,eGFP1
11592,17:39:20,0.073,0.589,0,0,eGFP1
11593,17:39:21,0.150,0.731,0,0,eGFP1
11594,17:39:22,0.098,0.735,0,0,eGFP1
11595,17:39:23,0.227,0.820,0,0,eGFP1
11596,17:39:23,0.084,0.567,0,0,eGFP1
11597,17:39:24,0.106,0.644,0,0,eGFP1
11598,17:39:24,0.095,0.600,0,0,eGFP1
11599,17:39:25,0.095,0.666,0,0,eGFP1
11600,17:39:26,0.095,0.490,0,0,eGFP1
11601,17:39:26,0.085,0.842,0,0,eGFP1
11602,17:39:27,0.140,0.612,0,0,eGFP1
11603,17:39:27,0.085,0.458,0,0,eGFP1
11604,17:39:28,0.084,0.611,0,0,eGFP1
11605,17:39:29,0.106,0.578,0,0,eGFP1
11606,17:39:29,0.085,0.513,0,0,eGFP1
11607,17:39:30,0.096,0.590,0,0,eGFP1
11608,17:39:30,0.107,0.634,0,0,eGFP1
11609,17:39:31,0.095,0.655,0,0,eGFP1
11610,17:39:32,0.130,0.733,0,0,eGFP1
11611,17:39:32,0.096,0.513,0,0,eGFP1
11612,17:39:33,0.085,0.612,0,0,eGFP1
11613,17:39:34,0.128,0.655,0,0,eGFP1
11614,17:39:34,0.096,0.579,0,0,eGFP1
11615,17:39:35,0.095,0.567,0,0,eGFP1
11616,17:39:35,0.096,0.656,0,0,eGFP1
11617,17:39:36,0.150,0.677,0,0,eGFP1
11618,17:39:36,0.085,0.480,0,0,eGFP1
11619,17:39:37,0.078,0.528,0,0,eGFP1
11620,17:39:38,0.085,0.623,0,0,eGFP1
11621,17:39:38,0.130,0.766,0,0,eGFP1
11622,17:39:39,0.107,0.590,0,0,eGFP1
11623,17:39:40,0.106,0.677,0,0,eGFP1
11624,17:39:40,0.096,0.524,0,0,eGFP1
11625,17:39:41,0.073,0.490,0,0,eGFP1
11626,17:39:42,0.129,0.821,0,0,eGFP1
11627,17:39:42,0.108,0.558,0,0,eGFP1
11628,17:39:43,0.084,0.490,0,0,eGFP1
11629,17:39:43,0.085,0.567,0,0,eGFP1
11630,17:39:44,0.107,0.678,0,0,eGFP1
11631,17:39:45,0.128,0.742,0,0,eGFP1
11632,17:39:45,0.118,0.612,0,0,eGFP1
11633,17:39:46,0.084,0.523,0,0,eGFP1
11634,17:39:46,0.119,0.788,0,0,eGFP1
11635,17:39:47,0.108,0.536,0,0,eGFP1
11636,17:39:48,0.085,0.568,0,0,eGFP1
11637,17:39:48,0.128,0.754,0,0,eGFP1
11638,17:39:49,0.106,0.655,0,0,eGFP1
11639,17:39:50,0.117,0.666,0,0,eGFP1
11640,17:39:50,0.084,0.490,0,0,eGFP1
11641,17:39:51,0.096,0.667,0,0,eGFP1
11642,17:39:52,0.128,0.765,0,0,eGFP1
11643,17:39:52,0.107,0.568,0,0,eGFP1
11644,17:39:53,0.096,0.524,0,0,eGFP1
11645,17:39:53,0.084,0.512,0,0,eGFP1
11646,17:39:54,0.096,0.535,0,0,eGFP1
11647,17:39:54,0.084,0.600,0,0,eGFP1
11648,17:39:55,0.130,0.723,0,0,eGFP1
11649,17:39:56,0.095,0.545,0,0,eGFP1
11650,17:39:56,0.096,0.754,0,0,eGFP1
11651,17:39:57,0.119,0.635,0,0,eGFP1
11652,17:39:58,0.106,0.721,0,0,eGFP1
11653,17:39:58,0.117,0.556,0,0,eGFP1
11654,17:39:59,0.074,0.447,0,0,eGFP1
11655,17:39:59,0.085,0.688,0,0,eGFP1
11656,17:40:00,0.118,0.579,0,0,eGFP1
11657,17:40:00,0.084,0.512,0,0,eGFP1
11658,17:40:01,0.096,0.732,0,0,eGFP1
11659,17:40:02,0.119,0.613,0,0,eGFP1
11660,17:40:02,0.085,0.491,0,0,eGFP1
11661,17:40:03,0.075,0.634,0,0,eGFP1
11662,17:40:04,0.140,0.733,0,0,eGFP1
11663,17:40:04,0.095,0.501,0,0,eGFP1
11664,17:40:05,0.074,0.491,0,0,eGFP1
11665,17:40:05,0.107,0.787,0,0,eGFP1
11666,17:40:06,0.118,0.601,0,0,eGFP1
11667,17:40:07,0.097,0.525,0,0,eGFP1
11668,17:40:07,0.073,0.501,0,0,eGFP1
11669,17:40:08,0.107,0.941,0,0,eGFP1
11670,17:40:09,0.118,0.567,0,0,eGFP1
11671,17:40:09,0.074,0.513,0,0,eGFP1
11672,17:40:12,0.151,2.982,0,0,eGFP1
11673,17:40:13,0.107,0.589,0,0,eGFP1
11674,17:40:13,0.107,0.678,0,0,eGFP1
11675,17:40:14,0.093,0.521,0,0,eGFP1
11676,17:40:14,0.083,0.490,0,0,eGFP1
11677,17:40:15,0.095,0.677,0,0,eGFP1
11678,17:40:16,0.107,0.600,0,0,eGFP1
11679,17:40:16,0.096,0.634,0,0,eGFP1
11680,17:40:17,0.096,0.491,0,0,eGFP1
11681,17:40:17,0.073,0.458,0,0,eGFP1
11682,17:40:18,0.106,0.754,0,0,eGFP1
11683,17:40:19,0.106,0.545,0,0,eGFP1
11684,17:40:19,0.076,0.537,0,0,eGFP1
11685,17:40:20,0.107,0.557,0,0,eGFP1
11686,17:40:20,0.085,0.513,0,0,eGFP1
11687,17:40:21,0.096,0.755,0,0,eGFP1
11688,17:40:21,0.108,0.547,0,0,eGFP1
11689,17:40:22,0.085,0.689,0,0,eGFP1
11690,17:40:23,0.129,0.645,0,0,eGFP1
11691,17:40:23,0.085,0.524,0,0,eGFP1
11692,17:40:24,0.098,0.613,0,0,eGFP1
11693,17:40:25,0.129,0.831,0,0,eGFP1
11694,17:40:25,0.118,0.678,0,0,eGFP1
11695,17:40:26,0.107,0.524,0,0,eGFP1
11696,17:40:26,0.074,0.458,0,0,eGFP1
11697,17:40:27,0.096,0.688,0,0,eGFP1
11698,17:40:28,0.107,0.568,0,0,eGFP1
11699,17:40:28,0.096,0.590,0,0,eGFP1
11700,17:40:29,0.108,0.634,0,0,eGFP1
11701,17:40:29,0.098,0.548,0,0,eGFP1
11702,17:40:30,0.085,0.447,0,0,eGFP1
11703,17:40:30,0.085,0.480,0,0,eGFP1
11704,17:40:31,0.085,0.721,0,0,eGFP1
11705,17:40:32,0.140,0.667,0,0,eGFP1
11706,17:40:32,0.095,0.600,0,0,eGFP1
11707,17:40:33,0.107,0.656,0,0,eGFP1
11708,17:40:34,0.119,0.624,0,0,eGFP1
11709,17:40:34,0.085,0.513,0,0,eGFP1
11710,17:40:35,0.074,0.469,0,0,eGFP1
11711,17:40:35,0.085,0.600,0,0,eGFP1
11712,17:40:36,0.107,0.601,0,0,eGFP1
11713,17:40:36,0.096,0.612,0,0,eGFP1
11714,17:40:37,0.129,0.754,0,0,eGFP1
11715,17:40:38,0.119,0.646,0,0,eGFP1
11716,17:40:38,0.098,0.625,0,0,eGFP1
11717,17:40:39,0.107,0.766,0,0,eGFP1
11718,17:40:40,0.129,0.656,0,0,eGFP1
11719,17:40:40,0.096,0.535,0,0,eGFP1
11720,17:40:41,0.096,0.590,0,0,eGFP1
11721,17:40:42,0.119,0.755,0,0,eGFP1
11722,17:40:42,0.097,0.568,0,0,eGFP1
11723,17:40:43,0.108,0.700,0,0,eGFP1
11724,17:40:44,0.109,0.647,0,0,eGFP1
11725,17:40:45,0.129,0.919,0,0,eGFP1
11726,17:40:45,0.142,0.734,0,0,eGFP1
11727,17:40:46,0.097,0.635,0,0,eGFP1
11728,17:40:46,0.108,0.558,0,0,eGFP1
11729,17:40:47,0.085,0.502,0,0,eGFP1
11730,17:40:48,0.085,0.535,0,0,eGFP1
11731,17:40:48,0.107,0.732,0,0,eGFP1
11732,17:40:49,0.120,0.592,0,0,eGFP1
11733,17:40:49,0.085,0.600,0,0,eGFP1
11734,17:40:51,0.184,1.084,0,0,eGFP1
11735,17:40:51,0.151,0.645,0,0,eGFP1
11736,17:40:52,0.085,0.491,0,0,eGFP1
11737,17:40:52,0.085,0.491,0,0,eGFP1
11738,17:40:53,0.085,0.601,0,0,eGFP1
11739,17:41:39,0.140,46.516,0,0,eGFP1
11740,17:41:41,0.392,1.358,0,0,eGFP1
11741,17:41:44,1.722,3.104,0,0,eGFP1
11742,17:41:45,0.328,1.250,0,0,eGFP1
11743,17:41:46,0.107,0.601,0,0,eGFP1
11744,17:41:46,0.096,0.524,0,0,eGFP1
11745,17:41:47,0.074,0.447,0,0,eGFP1
11746,17:41:47,0.074,0.436,0,0,eGFP1
11747,17:41:47,0.075,0.481,0,0,eGFP1
11748,17:41:48,0.096,0.579,0,0,eGFP1
11749,17:41:49,0.109,0.526,0,0,eGFP1
11750,17:41:49,0.085,0.568,0,0,eGFP1
11751,17:41:50,0.141,0.766,0,0,eGFP1
11752,17:41:50,0.097,0.514,0,0,eGFP1
11753,17:41:51,0.074,0.469,0,0,eGFP1
11754,17:41:51,0.075,0.536,0,0,eGFP1
11755,17:41:52,0.098,0.537,0,0,eGFP1
11756,17:41:53,0.086,0.590,0,0,eGFP1
11757,17:41:53,0.120,0.713,0,0,eGFP1
11758,17:41:54,0.118,0.678,0,0,eGFP1
11759,17:41:54,0.096,0.546,0,0,eGFP1
11760,17:41:55,0.096,0.579,0,0,eGFP1
11761,17:42:04,0.151,9.073,0,0,eGFP1
11762,17:42:05,0.129,0.678,0,0,eGFP1
11763,17:42:06,0.129,0.732,0,0,eGFP1
11764,17:42:06,0.085,0.492,0,0,eGFP1
11765,17:42:06,0.075,0.437,0,0,eGFP1
11766,17:42:07,0.085,0.492,0,0,eGFP1
11767,17:42:07,0.085,0.491,0,0,eGFP1
11768,17:42:08,0.085,0.557,0,0,eGFP1
11769,17:42:09,0.087,0.493,0,0,eGFP1
11770,17:42:09,0.085,0.513,0,0,eGFP1
11771,17:42:10,0.096,0.634,0,0,eGFP1
11772,17:42:10,0.096,0.513,0,0,eGFP1
11773,17:42:11,0.076,0.482,0,0,eGFP1
11774,17:42:11,0.107,0.809,0,0,eGFP1
11775,17:42:12,0.107,0.513,0,0,eGFP1
11776,17:42:12,0.075,0.448,0,0,eGFP1
11777,17:42:13,0.074,0.491,0,0,eGFP1
11778,17:42:14,0.107,0.645,0,0,eGFP1
11779,17:42:14,0.096,0.502,0,0,eGFP1
11780,17:42:15,0.075,0.437,0,0,eGFP1
11781,17:42:15,0.076,0.569,0,0,eGFP1
11782,17:42:16,0.120,0.614,0,0,eGFP1
11783,17:42:16,0.085,0.491,0,0,eGFP1
11784,17:42:17,0.085,0.481,0,0,eGFP1
11785,17:42:17,0.085,0.590,0,0,eGFP1
11786,17:42:18,0.096,0.502,0,0,eGFP1
11787,17:42:18,0.064,0.437,0,0,eGFP1
11788,17:42:19,0.086,0.558,0,0,eGFP1
11789,17:42:19,0.119,0.734,0,0,eGFP1
11790,17:42:20,0.107,0.546,0,0,eGFP1
11791,17:42:21,0.074,0.502,0,0,eGFP1
11792,17:42:21,0.108,0.777,0,0,eGFP1
11793,17:42:22,0.118,0.623,0,0,eGFP1
11794,17:42:22,0.075,0.481,0,0,eGFP1
11795,17:42:23,0.085,0.590,0,0,eGFP1
11796,17:42:24,0.097,0.514,0,0,eGFP1
11797,17:42:24,0.087,0.504,0,0,eGFP1
11798,17:42:25,0.086,0.634,0,0,eGFP1
11799,17:42:25,0.118,0.645,0,0,eGFP1
11800,17:42:26,0.097,0.514,0,0,eGFP1
11801,17:42:26,0.085,0.491,0,0,eGFP1
11802,17:42:27,0.162,1.139,0,0,eGFP1
11803,17:42:28,0.096,0.535,0,0,eGFP1
11804,17:42:29,0.097,0.612,0,0,eGFP1
11805,17:42:29,0.086,0.492,0,0,eGFP1
11806,17:42:30,0.087,0.547,0,0,eGFP1
11807,17:42:30,0.097,0.536,0,0,eGFP1
11808,17:42:31,0.074,0.469,0,0,eGFP1
11809,17:42:31,0.076,0.482,0,0,eGFP1
11810,17:42:32,0.107,0.887,0,0,eGFP1
11811,17:42:33,0.107,0.557,0,0,eGFP1
11812,17:42:33,0.096,0.535,0,0,eGFP1
11813,17:42:34,0.086,0.503,0,0,eGFP1
11814,17:42:34,0.087,0.515,0,0,eGFP1
11815,17:42:35,0.108,0.712,0,0,eGFP1
11816,17:42:35,0.097,0.503,0,0,eGFP1
11817,17:42:36,0.075,0.437,0,0,eGFP1
11818,17:42:36,0.086,0.602,0,0,eGFP1
11819,17:42:37,0.119,0.580,0,0,eGFP1
11820,17:42:37,0.075,0.470,0,0,eGFP1
11821,17:42:38,0.086,0.601,0,0,eGFP1
11822,17:42:39,0.143,0.834,0,0,eGFP1
11823,17:42:39,0.098,0.493,0,0,eGFP1
11824,17:42:40,0.075,0.503,0,0,eGFP1
11825,17:42:41,0.141,0.876,0,0,eGFP1
11826,17:42:41,0.109,0.558,0,0,eGFP1
11827,17:42:42,0.076,0.460,0,0,eGFP1
11828,17:42:42,0.075,0.437,0,0,eGFP1
11829,17:42:43,0.086,0.624,0,0,eGFP1
11830,17:42:43,0.121,0.614,0,0,eGFP1
11831,17:42:44,0.087,0.493,0,0,eGFP1
11832,17:42:44,0.086,0.547,0,0,eGFP1
11833,17:42:45,0.097,0.558,0,0,eGFP1
11834,17:42:46,0.097,0.580,0,0,eGFP1
11835,17:42:46,0.086,0.514,0,0,eGFP1
11836,17:42:47,0.076,0.460,0,0,eGFP1
11837,17:42:47,0.086,0.568,0,0,eGFP1
11838,17:42:48,0.131,0.735,0,0,eGFP1
11839,17:42:48,0.107,0.557,0,0,eGFP1
11840,17:42:49,0.097,0.624,0,0,eGFP1
11841,17:42:50,0.107,0.590,0,0,eGFP1
11842,17:42:50,0.085,0.459,0,0,eGFP1
11843,17:42:51,0.074,0.601,0,0,eGFP1
11844,17:42:51,0.129,0.711,0,0,eGFP1
11845,17:42:52,0.097,0.536,0,0,eGFP1
11846,17:42:52,0.076,0.471,0,0,eGFP1
11847,17:42:53,0.085,0.513,0,0,eGFP1
11848,17:42:54,0.086,0.591,0,0,eGFP1
11849,17:42:54,0.107,0.579,0,0,eGFP1
11850,17:42:55,0.087,0.515,0,0,eGFP1
11851,17:42:55,0.097,0.777,0,0,eGFP1
11852,17:42:56,0.119,0.579,0,0,eGFP1
11853,17:42:57,0.086,0.657,0,0,eGFP1
11854,17:42:57,0.120,0.591,0,0,eGFP1
11855,17:42:58,0.086,0.492,0,0,eGFP1
11856,17:42:58,0.075,0.569,0,0,eGFP1
11857,17:42:59,0.129,0.689,0,0,eGFP1
11858,17:42:59,0.096,0.513,0,0,eGFP1
11859,17:43:00,0.086,0.547,0,0,eGFP1
11860,17:43:01,0.097,0.536,0,0,eGFP1
11861,17:43:01,0.085,0.480,0,0,eGFP1
11862,17:43:02,0.087,0.636,0,0,eGFP1
11863,17:43:02,0.131,0.724,0,0,eGFP1
11864,17:43:03,0.118,0.645,0,0,eGFP1
11865,17:43:04,0.097,0.503,0,0,eGFP1
11866,17:43:04,0.074,0.557,0,0,eGFP1
11867,17:43:05,0.130,0.777,0,0,eGFP1
11868,17:43:05,0.108,0.591,0,0,eGFP1
11869,17:43:06,0.085,0.491,0,0,eGFP1
11870,17:43:07,0.086,0.536,0,0,eGFP1
11871,17:43:07,0.098,0.614,0,0,eGFP1
11872,17:43:08,0.097,0.514,0,0,eGFP1
11873,17:43:08,0.085,0.480,0,0,eGFP1
11874,17:43:09,0.086,0.679,0,0,eGFP1
11875,17:43:09,0.140,0.689,0,0,eGFP1
11876,17:43:10,0.108,0.645,0,0,eGFP1
11877,17:43:11,0.120,0.581,0,0,eGFP1
11878,17:43:11,0.086,0.613,0,0,eGFP1
11879,17:43:12,0.153,0.790,0,0,eGFP1
11880,17:43:13,0.097,0.569,0,0,eGFP1
11881,17:43:14,0.119,0.833,0,0,eGFP1
11882,17:43:14,0.119,0.558,0,0,eGFP1
11883,17:43:15,0.097,0.657,0,0,eGFP1
11884,17:43:15,0.119,0.635,0,0,eGFP1
11885,17:43:16,0.086,0.493,0,0,eGFP1
11886,17:43:17,0.097,0.646,0,0,eGFP1
11887,17:43:17,0.098,0.504,0,0,eGFP1
11888,17:43:18,0.075,0.525,0,0,eGFP1
11889,17:43:18,0.108,0.788,0,0,eGFP1
11890,17:43:19,0.131,0.636,0,0,eGFP1
11891,17:43:19,0.086,0.481,0,0,eGFP1
11892,17:43:20,0.086,0.525,0,0,eGFP1
11893,17:43:21,0.097,0.733,0,0,eGFP1
11894,17:43:21,0.097,0.569,0,0,eGFP1
11895,17:43:22,0.098,0.668,0,0,eGFP1
11896,17:43:22,0.108,0.558,0,0,eGFP1
11897,17:43:23,0.075,0.470,0,0,eGFP1
11898,17:43:24,0.097,0.766,0,0,eGFP1
11899,17:43:24,0.130,0.580,0,0,eGFP1
11900,17:43:25,0.075,0.459,0,0,eGFP1
11901,17:43:25,0.075,0.656,0,0,eGFP1
11902,17:43:26,0.130,0.646,0,0,eGFP1
11903,17:43:27,0.094,0.632,0,0,eGFP1
11904,17:43:27,0.096,0.535,0,0,eGFP1
11905,17:43:28,0.073,0.764,0,0,eGFP1
11906,17:43:29,0.149,0.709,0,0,eGFP1
11907,17:43:29,0.095,0.599,0,0,eGFP1
11908,17:43:30,0.117,0.644,0,0,eGFP1
11909,17:43:30,0.105,0.533,0,0,eGFP1
11910,17:43:31,0.084,0.589,0,0,eGFP1
11911,17:43:32,0.117,0.655,0,0,eGFP1
11912,17:43:32,0.095,0.567,0,0,eGFP1
11913,17:43:33,0.094,0.599,0,0,eGFP1
11914,17:43:33,0.094,0.544,0,0,eGFP1
11915,17:43:34,0.095,0.545,0,0,eGFP1
11916,17:43:35,0.084,0.555,0,0,eGFP1
11917,17:43:35,0.096,0.645,0,0,eGFP1
11918,17:43:36,0.117,0.588,0,0,eGFP1
11919,17:43:36,0.074,0.480,0,0,eGFP1
11920,17:43:37,0.095,0.732,0,0,eGFP1
11921,17:43:38,0.116,0.610,0,0,eGFP1
11922,17:43:38,0.094,0.490,0,0,eGFP1
11923,17:43:39,0.094,0.873,0,0,eGFP1
11924,17:43:40,0.128,0.600,0,0,eGFP1
11925,17:43:40,0.105,0.709,0,0,eGFP1
11926,17:43:41,0.105,0.577,0,0,eGFP1
11927,17:43:41,0.085,0.612,0,0,eGFP1
11928,17:43:42,0.138,0.863,0,0,eGFP1
11929,17:43:43,0.105,0.566,0,0,eGFP1
11930,17:43:43,0.085,0.513,0,0,eGFP1
11931,17:43:44,0.095,0.633,0,0,eGFP1
11932,17:43:45,0.094,0.577,0,0,eGFP1
11933,17:43:45,0.106,0.567,0,0,eGFP1
11934,17:43:46,0.083,0.456,0,0,eGFP1
11935,17:43:46,0.073,0.501,0,0,eGFP1
11936,17:43:47,0.107,0.777,0,0,eGFP1
11937,17:43:47,0.116,0.566,0,0,eGFP1
11938,17:43:48,0.095,0.731,0,0,eGFP1
11939,17:43:49,0.150,0.710,0,0,eGFP1
11940,17:43:50,0.105,0.764,0,0,eGFP1
11941,17:43:50,0.116,0.555,0,0,eGFP1
11942,17:43:51,0.084,0.589,0,0,eGFP1
11943,17:43:52,0.117,0.720,0,0,eGFP1
11944,17:43:52,0.109,0.581,0,0,eGFP1
11945,17:43:53,0.094,0.632,0,0,eGFP1
11946,17:43:53,0.117,0.622,0,0,eGFP1
11947,17:43:54,0.083,0.544,0,0,eGFP1
11948,17:43:55,0.128,0.819,0,0,eGFP1
11949,17:43:55,0.106,0.534,0,0,eGFP1
11950,17:43:56,0.084,0.600,0,0,eGFP1
11951,17:43:57,0.149,0.720,0,0,eGFP1
11952,17:43:57,0.085,0.513,0,0,eGFP1
11953,17:43:59,0.106,1.807,0,0,eGFP1
11954,17:44:00,0.259,0.852,0,0,eGFP1
11955,17:44:00,0.094,0.599,0,0,eGFP1
11956,17:44:01,0.128,0.687,0,0,eGFP1
11957,17:44:02,0.108,0.514,0,0,eGFP1
11958,17:44:02,0.083,0.654,0,0,eGFP1
11959,17:44:03,0.150,0.753,0,0,eGFP1
11960,17:44:28,0.129,24.568,0,0,eGFP1
11961,17:44:28,0.139,0.622,0,0,eGFP1
11962,17:44:30,0.095,1.883,0,0,eGFP1
11963,17:44:32,0.161,1.621,0,0,eGFP1
11964,17:44:32,0.149,0.676,0,0,eGFP1
11965,17:44:33,0.095,0.556,0,0,eGFP1
11966,17:44:33,0.083,0.457,0,0,eGFP1
11967,17:44:34,0.083,0.632,0,0,eGFP1
11968,17:44:39,0.217,4.574,0,0,eGFP1
11969,17:44:39,0.106,0.567,0,0,eGFP1
11970,17:44:40,0.094,0.709,0,0,eGFP1
11971,17:44:40,0.107,0.601,0,0,eGFP1
11972,17:44:41,0.117,0.797,0,0,eGFP1
11973,17:44:42,0.128,0.611,0,0,eGFP1
11974,17:44:42,0.083,0.555,0,0,eGFP1
11975,17:44:43,0.117,0.578,0,0,eGFP1
11976,17:44:43,0.074,0.458,0,0,eGFP1
11977,17:44:44,0.073,0.468,0,0,eGFP1
11978,17:44:45,0.084,0.666,0,0,eGFP1
11979,17:44:46,0.117,0.973,0,0,eGFP1
11980,17:44:56,0.281,10.662,0,0,eGFP1
11981,17:44:57,0.150,0.688,0,0,eGFP1
11982,17:44:57,0.084,0.567,0,0,eGFP1
11983,17:44:58,0.105,0.643,0,0,eGFP1
11984,17:44:59,0.087,0.548,0,0,eGFP1
11985,17:44:59,0.094,0.500,0,0,eGFP1
11986,17:45:00,0.084,0.479,0,0,eGFP1
11987,17:45:00,0.084,0.545,0,0,eGFP1
11988,17:45:01,0.106,0.556,0,0,eGFP1
11989,17:45:01,0.084,0.479,0,0,eGFP1
11990,17:45:02,0.073,0.654,0,0,eGFP1
11991,17:45:02,0.106,0.600,0,0,eGFP1
11992,17:45:03,0.085,0.469,0,0,eGFP1
11993,17:45:03,0.073,0.479,0,0,eGFP1
11994,17:45:04,0.084,0.523,0,0,eGFP1
11995,17:45:05,0.095,0.798,0,0,eGFP1
11996,17:45:05,0.116,0.555,0,0,eGFP1
11997,17:45:06,0.073,0.457,0,0,eGFP1
11998,17:45:06,0.097,0.623,0,0,eGFP1
11999,17:45:07,0.084,0.633,0,0,eGFP1
12000,17:45:09,0.150,2.279,0,0,eGFP1
12001,17:45:10,0.118,0.557,0,0,eGFP1
12002,17:45:10,0.084,0.655,0,0,eGFP1
12003,17:45:11,0.116,0.676,0,0,eGFP1
12004,17:45:12,0.117,0.578,0,0,eGFP1
12005,17:45:12,0.095,0.611,0,0,eGFP1
12006,17:45:13,0.084,0.501,0,0,eGFP1
12007,17:45:14,0.094,0.654,0,0,eGFP1
12008,17:45:14,0.117,0.644,0,0,eGFP1
12009,17:45:15,0.074,0.502,0,0,eGFP1
12010,17:45:15,0.106,0.633,0,0,eGFP1
12011,17:45:16,0.086,0.492,0,0,eGFP1
12012,17:45:16,0.084,0.490,0,0,eGFP1
12013,17:45:17,0.106,0.698,0,0,eGFP1
12014,17:45:18,0.140,0.776,0,0,eGFP1
12015,17:45:18,0.106,0.633,0,0,eGFP1
12016,17:45:19,0.084,0.501,0,0,eGFP1
12017,17:45:19,0.075,0.470,0,0,eGFP1
12018,17:45:20,0.084,0.479,0,0,eGFP1
12019,17:45:20,0.084,0.621,0,0,eGFP1
12020,17:45:21,0.117,0.655,0,0,eGFP1
12021,17:45:22,0.128,0.699,0,0,eGFP1
12022,17:45:23,0.128,0.885,0,0,eGFP1
12023,17:45:23,0.128,0.655,0,0,eGFP1
12024,17:45:24,0.084,0.512,0,0,eGFP1
12025,17:45:25,0.097,0.679,0,0,eGFP1
12026,17:45:25,0.139,0.699,0,0,eGFP1
12027,17:45:26,0.117,0.819,0,0,eGFP1
12028,17:45:27,0.139,0.677,0,0,eGFP1
12029,17:45:27,0.095,0.632,0,0,eGFP1
12030,17:45:28,0.139,0.633,0,0,eGFP1
12031,17:45:28,0.084,0.446,0,0,eGFP1
12032,17:45:29,0.084,0.655,0,0,eGFP1
12033,17:45:30,0.151,0.766,0,0,eGFP1
12034,17:45:31,0.117,0.655,0,0,eGFP1
12035,17:45:31,0.128,0.775,0,0,eGFP1
12036,17:45:32,0.128,0.611,0,0,eGFP1
12037,17:45:33,0.084,0.622,0,0,eGFP1
12038,17:45:33,0.118,0.634,0,0,eGFP1
12039,17:45:34,0.084,0.545,0,0,eGFP1
12040,17:45:34,0.095,0.699,0,0,eGFP1
12041,17:45:35,0.163,0.854,0,0,eGFP1
12042,17:45:36,0.128,0.798,0,0,eGFP1
12043,17:45:37,0.128,0.698,0,0,eGFP1
12044,17:45:37,0.107,0.699,0,0,eGFP1
12045,17:45:38,0.118,0.633,0,0,eGFP1
12046,17:45:39,0.096,0.546,0,0,eGFP1
12047,17:45:39,0.084,0.600,0,0,eGFP1
12048,17:45:40,0.139,0.797,0,0,eGFP1
12049,17:45:41,0.108,0.503,0,0,eGFP1
12050,17:45:41,0.074,0.469,0,0,eGFP1
12051,17:45:42,0.106,0.863,0,0,eGFP1
12052,17:45:42,0.130,0.623,0,0,eGFP1
12053,17:45:43,0.096,0.513,0,0,eGFP1
12054,17:45:43,0.084,0.468,0,0,eGFP1
12055,17:45:44,0.084,0.589,0,0,eGFP1
12056,17:45:45,0.117,0.567,0,0,eGFP1
12057,17:45:45,0.096,0.590,0,0,eGFP1
12058,17:45:46,0.096,0.491,0,0,eGFP1
12059,17:45:46,0.073,0.512,0,0,eGFP1
12060,17:45:47,0.095,0.699,0,0,eGFP1
12061,17:45:48,0.128,0.676,0,0,eGFP1
12062,17:45:48,0.096,0.535,0,0,eGFP1
12063,17:45:49,0.073,0.512,0,0,eGFP1
12064,17:45:49,0.095,0.808,0,0,eGFP1
12065,17:45:50,0.119,0.580,0,0,eGFP1
12066,17:45:51,0.085,0.524,0,0,eGFP1
12067,17:45:54,0.117,3.684,0,0,eGFP1
12068,17:45:55,0.172,0.677,0,0,eGFP1
12069,17:45:55,0.084,0.468,0,0,eGFP1
12070,17:45:56,0.084,0.644,0,0,eGFP1
12071,17:45:57,0.106,0.545,0,0,eGFP1
12072,17:45:57,0.085,0.491,0,0,eGFP1
12073,17:45:58,0.084,0.545,0,0,eGFP1
12074,17:45:58,0.108,0.579,0,0,eGFP1
12075,17:45:59,0.107,0.886,0,0,eGFP1
12076,17:46:00,0.139,0.655,0,0,eGFP1
12077,17:46:00,0.085,0.491,0,0,eGFP1
12078,17:46:01,0.084,0.468,0,0,eGFP1
12079,17:46:01,0.086,0.690,0,0,eGFP1
12080,17:46:02,0.128,0.666,0,0,eGFP1
12081,17:46:03,0.107,0.524,0,0,eGFP1
12082,17:46:03,0.075,0.492,0,0,eGFP1
12083,17:46:04,0.106,0.720,0,0,eGFP1
12084,17:46:05,0.118,0.743,0,0,eGFP1
12085,17:46:05,0.106,0.534,0,0,eGFP1
12086,17:46:06,0.074,0.590,0,0,eGFP1
12087,17:46:06,0.128,0.589,0,0,eGFP1
12088,17:46:07,0.073,0.435,0,0,eGFP1
12089,17:46:07,0.085,0.633,0,0,eGFP1
12090,17:46:08,0.152,0.690,0,0,eGFP1
12091,17:46:09,0.095,0.589,0,0,eGFP1
12092,17:46:09,0.119,0.591,0,0,eGFP1
12093,17:46:10,0.084,0.655,0,0,eGFP1
12094,17:46:10,0.128,0.600,0,0,eGFP1
12095,17:46:11,0.074,0.491,0,0,eGFP1
12096,17:46:12,0.095,0.731,0,0,eGFP1
12097,17:46:12,0.107,0.644,0,0,eGFP1
12098,17:46:13,0.108,0.690,0,0,eGFP1
12099,17:46:13,0.106,0.523,0,0,eGFP1
12100,17:46:14,0.074,0.535,0,0,eGFP1
12101,17:46:15,0.139,0.655,0,0,eGFP1
12102,17:46:15,0.084,0.545,0,0,eGFP1
12103,17:46:16,0.084,0.611,0,0,eGFP1
12104,17:46:17,0.128,0.798,0,0,eGFP1
12105,17:46:17,0.117,0.578,0,0,eGFP1
12106,17:46:18,0.120,0.669,0,0,eGFP1
12107,17:46:18,0.095,0.589,0,0,eGFP1
12108,17:46:19,0.128,0.765,0,0,eGFP1
12109,17:46:20,0.106,0.589,0,0,eGFP1
12110,17:46:20,0.139,0.611,0,0,eGFP1
12111,17:46:21,0.326,0.710,0,0,eGFP1
12112,17:46:22,0.282,0.842,0,0,eGFP1
12113,17:46:23,0.095,0.578,0,0,eGFP1
12114,17:46:23,0.086,0.525,0,0,eGFP1
12115,17:46:24,0.106,0.875,0,0,eGFP1
12116,17:46:25,0.106,0.545,0,0,eGFP1
12117,17:46:25,0.073,0.490,0,0,eGFP1
12118,17:46:26,0.107,0.743,0,0,eGFP1
12119,17:46:26,0.097,0.624,0,0,eGFP1
12120,17:46:27,0.084,0.457,0,0,eGFP1
12121,17:46:27,0.074,0.480,0,0,eGFP1
12122,17:46:28,0.097,0.667,0,0,eGFP1
12123,17:46:29,0.107,0.524,0,0,eGFP1
12124,17:46:29,0.084,0.534,0,0,eGFP1
12125,17:46:30,0.096,0.732,0,0,eGFP1
12126,17:46:30,0.118,0.557,0,0,eGFP1
12127,17:46:31,0.073,0.490,0,0,eGFP1
12128,17:46:32,0.107,0.842,0,0,eGFP1
12129,17:46:32,0.117,0.545,0,0,eGFP1
12130,17:46:33,0.085,0.798,0,0,eGFP1
12131,17:46:34,0.130,0.624,0,0,eGFP1
12132,17:46:34,0.095,0.633,0,0,eGFP1
12133,17:46:35,0.119,0.613,0,0,eGFP1
12134,17:46:35,0.084,0.567,0,0,eGFP1
12135,17:46:36,0.129,0.655,0,0,eGFP1
12136,17:46:37,0.085,0.623,0,0,eGFP1
12137,17:46:38,0.117,1.039,0,0,eGFP1
12138,17:46:38,0.117,0.600,0,0,eGFP1
12139,17:46:39,0.122,0.693,0,0,eGFP1
12140,17:46:40,0.337,0.524,0,0,eGFP1
12141,17:46:43,0.425,3.256,0,0,eGFP1
12142,17:46:43,0.118,0.601,0,0,eGFP1
12143,17:46:44,0.118,0.754,0,0,eGFP1
12144,17:46:45,0.107,0.546,0,0,eGFP1
12145,17:46:45,0.085,0.535,0,0,eGFP1
12146,17:46:46,0.086,0.503,0,0,eGFP1
12147,17:46:46,0.087,0.537,0,0,eGFP1
12148,17:46:47,0.118,0.677,0,0,eGFP1
12149,17:46:48,0.085,0.546,0,0,eGFP1
12150,17:46:48,0.085,0.645,0,0,eGFP1
12151,17:46:49,0.118,0.699,0,0,eGFP1
12152,17:46:49,0.107,0.535,0,0,eGFP1
12153,17:46:50,0.087,0.701,0,0,eGFP1
12154,17:46:51,0.118,0.601,0,0,eGFP1
12155,17:46:51,0.108,0.580,0,0,eGFP1
12156,17:46:52,0.085,0.469,0,0,eGFP1
12157,17:46:52,0.075,0.656,0,0,eGFP1
12158,17:46:53,0.129,0.623,0,0,eGFP1
12159,17:46:54,0.097,0.602,0,0,eGFP1
12160,17:46:54,0.095,0.512,0,0,eGFP1
12161,17:46:55,0.085,0.634,0,0,eGFP1
12162,17:46:55,0.128,0.611,0,0,eGFP1
12163,17:46:56,0.075,0.470,0,0,eGFP1
12164,17:46:57,0.096,0.776,0,0,eGFP1
12165,17:46:57,0.129,0.623,0,0,eGFP1
12166,17:46:58,0.085,0.469,0,0,eGFP1
12167,17:46:58,0.085,0.578,0,0,eGFP1
12168,17:46:59,0.107,0.568,0,0,eGFP1
12169,17:46:59,0.085,0.491,0,0,eGFP1
12170,17:47:00,0.085,0.546,0,0,eGFP1
12171,17:47:01,0.108,0.733,0,0,eGFP1
12172,17:47:01,0.107,0.557,0,0,eGFP1
12173,17:47:02,0.086,0.591,0,0,eGFP1
12174,17:47:02,0.117,0.677,0,0,eGFP1
12175,17:47:03,0.107,0.557,0,0,eGFP1
12176,17:47:04,0.085,0.502,0,0,eGFP1
12177,17:47:04,0.085,0.556,0,0,eGFP1
12178,17:47:05,0.129,0.711,0,0,eGFP1
12179,17:47:05,0.097,0.503,0,0,eGFP1
12180,17:47:06,0.074,0.480,0,0,eGFP1
12181,17:47:07,0.096,0.765,0,0,eGFP1
12182,17:47:07,0.107,0.590,0,0,eGFP1
12183,17:47:08,0.107,0.578,0,0,eGFP1
12184,17:47:08,0.085,0.513,0,0,eGFP1
12185,17:47:09,0.107,0.996,0,0,eGFP1
12186,17:47:10,0.141,0.657,0,0,eGFP1
12187,17:47:10,0.085,0.502,0,0,eGFP1
12188,17:47:11,0.094,0.687,0,0,eGFP1
12189,17:47:12,0.118,0.699,0,0,eGFP1
12190,17:47:12,0.118,0.590,0,0,eGFP1
12191,17:47:13,0.096,0.491,0,0,eGFP1
12192,17:47:14,0.085,0.710,0,0,eGFP1
12193,17:47:14,0.107,0.535,0,0,eGFP1
12194,17:47:15,0.085,0.579,0,0,eGFP1
12195,17:47:15,0.118,0.677,0,0,eGFP1
12196,17:47:16,0.109,0.613,0,0,eGFP1
12197,17:47:17,0.118,0.766,0,0,eGFP1
12198,17:47:18,0.139,0.776,0,0,eGFP1
12199,17:47:18,0.107,0.655,0,0,eGFP1
12200,17:47:19,0.131,0.679,0,0,eGFP1
12201,17:47:19,0.096,0.502,0,0,eGFP1
12202,17:47:20,0.085,0.491,0,0,eGFP1
12203,17:47:21,0.096,0.689,0,0,eGFP1
12204,17:47:21,0.130,0.701,0,0,eGFP1
12205,17:47:22,0.096,0.557,0,0,eGFP1
12206,17:47:22,0.086,0.590,0,0,eGFP1
12207,17:47:23,0.108,0.591,0,0,eGFP1
12208,17:47:24,0.096,0.645,0,0,eGFP1
12209,17:47:24,0.118,0.678,0,0,eGFP1
12210,17:47:25,0.129,0.711,0,0,eGFP1
12211,17:47:26,0.096,0.557,0,0,eGFP1
12212,17:47:26,0.087,0.526,0,0,eGFP1
12213,17:47:27,0.108,0.690,0,0,eGFP1
12214,17:47:27,0.108,0.624,0,0,eGFP1
12215,17:47:28,0.107,0.645,0,0,eGFP1
12216,17:47:29,0.107,0.666,0,0,eGFP1
12217,17:47:30,0.107,1.117,0,0,eGFP1
12218,17:47:31,0.250,0.963,0,0,eGFP1
12219,17:47:32,0.118,0.754,0,0,eGFP1
12220,17:47:32,0.109,0.515,0,0,eGFP1
12221,17:47:33,0.074,0.480,0,0,eGFP1
12222,17:47:33,0.118,0.919,0,0,eGFP1
12223,17:47:34,0.129,0.601,0,0,eGFP1
12224,17:47:35,0.074,0.491,0,0,eGFP1
12225,17:47:35,0.096,0.634,0,0,eGFP1
12226,17:47:36,0.096,0.513,0,0,eGFP1
12227,17:47:36,0.075,0.536,0,0,eGFP1
12228,17:47:37,0.130,0.789,0,0,eGFP1
12229,17:47:38,0.096,0.546,0,0,eGFP1
12230,17:47:38,0.096,0.601,0,0,eGFP1
12231,17:47:39,0.107,0.622,0,0,eGFP1
12232,17:47:40,0.118,0.755,0,0,eGFP1
12233,17:47:40,0.096,0.568,0,0,eGFP1
12234,17:47:41,0.096,0.754,0,0,eGFP1
12235,17:47:41,0.129,0.634,0,0,eGFP1
12236,17:47:42,0.098,0.646,0,0,eGFP1
12237,17:47:43,0.118,1.073,0,0,eGFP1
12238,17:47:44,0.645,1.281,0,0,eGFP1
12239,17:47:45,0.107,0.755,0,0,eGFP1
12240,17:47:46,0.141,0.756,0,0,eGFP1
12241,17:47:47,0.129,0.678,0,0,eGFP1
12242,17:47:47,0.129,0.622,0,0,eGFP1
12243,17:47:48,0.097,0.590,0,0,eGFP1
12244,17:47:49,0.109,0.734,0,0,eGFP1
12245,17:47:49,0.129,0.590,0,0,eGFP1
12246,17:47:50,0.085,0.513,0,0,eGFP1
12247,17:47:50,0.097,0.722,0,0,eGFP1
12248,17:47:51,0.107,0.634,0,0,eGFP1
12249,17:47:52,0.129,0.623,0,0,eGFP1
12250,17:47:52,0.096,0.535,0,0,eGFP1
12251,17:47:53,0.096,0.974,0,0,eGFP1
12252,17:47:54,0.184,0.842,0,0,eGFP1
12253,17:47:55,0.098,0.702,0,0,eGFP1
12254,17:47:56,0.163,0.920,0,0,eGFP1
12255,17:47:56,0.097,0.635,0,0,eGFP1
12256,17:47:57,0.140,0.755,0,0,eGFP1
12257,17:47:58,0.086,0.459,0,0,eGFP1
12258,17:47:58,0.075,0.623,0,0,eGFP1
12259,17:47:59,0.152,0.701,0,0,eGFP1
12260,17:47:59,0.096,0.524,0,0,eGFP1
12261,17:48:00,0.076,0.581,0,0,eGFP1
12262,17:48:01,0.141,0.712,0,0,eGFP1
12263,17:48:01,0.096,0.568,0,0,eGFP1
12264,17:48:02,0.152,0.701,0,0,eGFP1
12265,17:48:03,0.085,0.568,0,0,eGFP1
12266,17:48:03,0.108,0.646,0,0,eGFP1
12267,17:48:04,0.108,0.547,0,0,eGFP1
12268,17:48:04,0.086,0.601,0,0,eGFP1
12269,17:48:05,0.132,0.812,0,0,eGFP1
12270,17:48:07,0.141,1.512,0,0,eGFP1
12271,17:57:20,0.185,553.825,0,0,eGFP1
12272,17:57:22,0.217,1.578,0,0,eGFP1
12273,17:57:23,0.228,1.392,0,0,eGFP1
12274,17:57:24,0.107,0.656,0,0,eGFP1
12275,17:57:25,0.109,0.647,0,0,eGFP1
12276,17:57:26,0.141,0.986,0,0,eGFP1
12277,17:57:29,0.186,3.544,0,0,eGFP1
12278,17:57:30,0.129,0.831,0,0,eGFP1
12279,17:57:31,0.196,1.073,0,0,eGFP1
12280,17:57:32,0.097,0.591,0,0,eGFP1
12281,17:57:33,0.174,0.898,0,0,eGFP1
12282,17:57:33,0.097,0.624,0,0,eGFP1
12283,17:57:34,0.129,0.941,0,0,eGFP1
12284,17:57:35,0.140,0.963,0,0,eGFP1
12285,17:57:36,0.164,0.745,0,0,eGFP1
12286,17:57:37,0.119,0.942,0,0,eGFP1
12287,17:57:38,0.151,0.930,0,0,eGFP1
12288,17:57:38,0.107,0.722,0,0,eGFP1
12289,17:57:39,0.162,0.766,0,0,eGFP1
12290,17:57:40,0.096,0.853,0,0,eGFP1
12291,17:57:41,0.151,0.931,0,0,eGFP1
12292,17:57:42,0.140,0.689,0,0,eGFP1
12293,17:57:42,0.097,0.690,0,0,eGFP1
12294,17:57:43,0.142,0.723,0,0,eGFP1
12295,17:57:44,0.097,0.678,0,0,eGFP1
12296,17:57:45,0.151,0.777,0,0,eGFP1
12297,17:57:45,0.118,0.777,0,0,eGFP1
12298,17:57:46,0.118,0.733,0,0,eGFP1
12299,17:57:47,0.151,0.722,0,0,eGFP1
12300,17:57:48,0.118,0.732,0,0,eGFP1
12301,17:57:48,0.098,0.757,0,0,eGFP1
12302,17:57:49,0.140,0.689,0,0,eGFP1
12303,17:57:50,0.096,0.952,0,0,eGFP1
12304,17:57:51,0.151,0.788,0,0,eGFP1
12305,17:57:52,0.140,0.875,0,0,eGFP1
12306,17:57:52,0.097,0.536,0,0,eGFP1
12307,17:57:53,0.107,0.919,0,0,eGFP1
12308,17:57:56,1.799,2.787,0,0,eGFP1
12309,17:57:57,0.097,0.844,0,0,eGFP1
12310,17:57:58,0.184,1.029,0,0,eGFP1
12311,17:58:00,0.151,2.236,0,0,eGFP1
12312,17:58:01,0.152,0.799,0,0,eGFP1
12313,17:58:02,0.097,0.755,0,0,eGFP1
12314,17:58:02,0.151,0.799,0,0,eGFP1
12315,17:58:03,0.184,0.952,0,0,eGFP1
12316,17:58:04,0.108,0.678,0,0,eGFP1
12317,17:58:05,0.163,0.766,0,0,eGFP1
12318,17:58:05,0.087,0.548,0,0,eGFP1
12319,17:58:06,0.108,0.667,0,0,eGFP1
12320,17:58:07,0.108,0.755,0,0,eGFP1
12321,17:58:07,0.142,0.767,0,0,eGFP1
12322,17:58:08,0.152,0.722,0,0,eGFP1
12323,17:58:09,0.097,0.766,0,0,eGFP1
12324,17:58:10,0.130,0.646,0,0,eGFP1
12325,17:58:10,0.118,0.777,0,0,eGFP1
12326,17:58:11,0.119,0.745,0,0,eGFP1
12327,17:58:12,0.107,0.667,0,0,eGFP1
12328,17:58:13,0.118,0.722,0,0,eGFP1
12329,17:58:13,0.140,0.810,0,0,eGFP1
12330,17:58:14,0.140,0.930,0,0,eGFP1
12331,17:58:15,0.119,0.602,0,0,eGFP1
12332,17:58:18,0.085,2.993,0,0,eGFP1
12333,17:58:18,0.108,0.646,0,0,eGFP1
12334,17:58:19,0.109,0.822,0,0,eGFP1
12335,17:58:20,0.143,0.867,0,0,eGFP1
12336,17:58:21,0.098,0.591,0,0,eGFP1
12337,17:58:21,0.120,0.624,0,0,eGFP1
12338,17:58:22,0.087,0.591,0,0,eGFP1
12339,17:58:23,0.119,0.646,0,0,eGFP1
12340,17:58:23,0.097,0.635,0,0,eGFP1
12341,17:58:24,0.119,0.679,0,0,eGFP1
12342,17:58:25,0.120,0.724,0,0,eGFP1
12343,17:58:26,0.141,0.887,0,0,eGFP1
12344,17:58:26,0.140,0.755,0,0,eGFP1
12345,17:58:27,0.107,0.700,0,0,eGFP1
12346,17:58:28,0.108,0.843,0,0,eGFP1
12347,17:58:29,0.184,0.908,0,0,eGFP1
12348,17:58:30,0.131,0.823,0,0,eGFP1
12349,17:58:30,0.107,0.821,0,0,eGFP1
12350,17:58:31,0.152,0.833,0,0,eGFP1
12351,17:58:32,0.140,0.788,0,0,eGFP1
12352,17:58:33,0.129,1.040,0,0,eGFP1
12353,17:58:34,0.185,0.832,0,0,eGFP1
12354,17:58:35,0.108,0.810,0,0,eGFP1
12355,17:58:35,0.141,0.722,0,0,eGFP1
12356,17:58:36,0.163,0.931,0,0,eGFP1
12357,17:58:37,0.107,0.678,0,0,eGFP1
12358,17:58:38,0.131,0.757,0,0,eGFP1
12359,17:58:39,0.129,0.810,0,0,eGFP1
12360,17:58:40,0.129,0.897,0,0,eGFP1
12361,17:58:40,0.141,0.920,0,0,eGFP1
12362,17:58:41,0.179,1.024,0,0,eGFP1
12363,17:58:44,1.359,2.523,0,0,eGFP1
12364,17:58:45,0.152,0.799,0,0,eGFP1
12365,17:58:46,0.164,0.855,0,0,eGFP1
12366,17:58:47,0.154,0.878,0,0,eGFP1
12367,17:58:47,0.119,0.899,0,0,eGFP1
12368,17:58:48,0.163,0.788,0,0,eGFP1
12369,17:58:49,0.142,0.778,0,0,eGFP1
12370,17:58:50,0.109,0.646,0,0,eGFP1
12371,17:58:50,0.131,0.668,0,0,eGFP1
12372,17:58:51,0.109,0.647,0,0,eGFP1
12373,17:58:52,0.119,0.690,0,0,eGFP1
12374,17:58:52,0.120,0.724,0,0,eGFP1
12375,17:58:53,0.098,0.603,0,0,eGFP1
12376,17:58:54,0.119,0.810,0,0,eGFP1
12377,17:59:25,0.141,31.164,0,0,eGFP1
12378,17:59:26,0.130,0.700,0,0,eGFP1
12379,17:59:26,0.108,0.832,0,0,eGFP1
12380,17:59:27,0.130,0.756,0,0,eGFP1
12381,17:59:28,0.085,0.557,0,0,eGFP1
12382,17:59:29,0.119,0.767,0,0,eGFP1
12383,17:59:29,0.131,0.657,0,0,eGFP1
12384,17:59:30,0.119,0.777,0,0,eGFP1
12385,17:59:31,0.130,0.591,0,0,eGFP1
12386,17:59:31,0.075,0.569,0,0,eGFP1
12387,17:59:33,1.227,1.841,0,0,eGFP1
12388,17:59:34,0.099,0.647,0,0,eGFP1
12389,17:59:35,0.108,0.898,0,0,eGFP1
12390,17:59:35,0.130,0.744,0,0,eGFP1
12391,17:59:36,0.175,0.878,0,0,eGFP1
12392,17:59:37,0.107,0.601,0,0,eGFP1
12393,17:59:37,0.117,0.732,0,0,eGFP1
12394,17:59:38,0.116,0.775,0,0,eGFP1
12395,17:59:39,0.116,0.533,0,0,eGFP1
12396,17:59:39,0.073,0.720,0,0,eGFP1
12397,17:59:40,0.205,0.885,0,0,eGFP1
12398,17:59:41,0.127,0.885,0,0,eGFP1
12399,17:59:42,0.139,0.633,0,0,eGFP1
12400,17:59:42,0.084,0.545,0,0,eGFP1
12401,17:59:44,0.171,1.170,0,0,eGFP1
12402,17:59:44,0.118,0.590,0,0,eGFP1
12403,17:59:46,0.138,1.609,0,0,eGFP1
12404,17:59:49,1.630,2.882,0,0,eGFP1
12405,17:59:50,0.182,1.170,0,0,eGFP1
12406,17:59:51,0.171,0.753,0,0,eGFP1
12407,17:59:51,0.096,0.776,0,0,eGFP1
12408,17:59:52,0.149,0.863,0,0,eGFP1
12409,17:59:53,0.259,0.972,0,0,eGFP1
12410,17:59:54,0.095,0.512,0,0,eGFP1
12411,17:59:54,0.083,0.753,0,0,eGFP1
12412,17:59:55,0.127,0.610,0,0,eGFP1
12413,17:59:56,0.095,0.797,0,0,eGFP1
12414,17:59:57,0.139,0.841,0,0,eGFP1
12415,17:59:57,0.141,0.679,0,0,eGFP1
12416,17:59:58,0.084,0.490,0,0,eGFP1
12417,17:59:59,0.094,0.698,0,0,eGFP1
12418,17:59:59,0.138,0.632,0,0,eGFP1
12419,18:00:00,0.084,0.556,0,0,eGFP1
12420,18:00:01,0.149,0.873,0,0,eGFP1
12421,18:00:02,0.161,0.863,0,0,eGFP1
12422,18:00:02,0.106,0.512,0,0,eGFP1
12423,18:00:03,0.074,0.612,0,0,eGFP1
12424,18:00:14,0.292,10.937,0,0,eGFP1
12425,18:00:15,0.369,1.740,0,0,eGFP1
12426,18:00:16,0.139,0.830,0,0,eGFP1
12427,18:00:17,0.194,1.072,0,0,eGFP1
12428,18:00:18,0.204,1.049,0,0,eGFP1
12429,18:00:19,0.107,0.733,0,0,eGFP1
12430,18:00:20,0.259,1.060,0,0,eGFP1
12431,18:00:22,0.107,1.852,0,0,eGFP1
12432,18:00:23,0.336,1.192,0,0,eGFP1
12433,18:00:24,0.128,0.896,0,0,eGFP1
12434,18:00:25,0.193,0.830,0,0,eGFP1
12435,18:00:26,0.105,0.731,0,0,eGFP1
12436,18:00:26,0.160,0.764,0,0,eGFP1
12437,18:00:27,0.095,0.501,0,0,eGFP1
12438,18:00:28,0.083,0.720,0,0,eGFP1
12439,18:00:28,0.129,0.634,0,0,eGFP1
12440,18:00:29,0.083,0.478,0,0,eGFP1
12441,18:00:29,0.084,0.677,0,0,eGFP1
12442,18:00:30,0.151,0.677,0,0,eGFP1
12443,18:00:31,0.095,0.732,0,0,eGFP1
12444,18:00:31,0.138,0.643,0,0,eGFP1
12445,18:00:32,0.117,0.819,0,0,eGFP1
12446,18:00:33,0.117,0.578,0,0,eGFP1
12447,18:00:34,0.094,0.742,0,0,eGFP1
12448,18:00:34,0.173,0.930,0,0,eGFP1
12449,18:00:35,0.150,0.907,0,0,eGFP1
12450,18:00:36,0.116,0.797,0,0,eGFP1
12451,18:00:37,0.149,0.940,0,0,eGFP1
12452,18:00:38,0.171,0.950,0,0,eGFP1
12453,18:00:39,0.161,0.819,0,0,eGFP1
12454,18:00:40,0.183,1.159,0,0,eGFP1
12455,18:00:41,0.139,0.644,0,0,eGFP1
12456,18:00:41,0.086,0.492,0,0,eGFP1
12457,18:00:42,0.095,0.545,0,0,eGFP1
12458,18:00:42,0.084,0.765,0,0,eGFP1
12459,18:00:43,0.116,0.577,0,0,eGFP1
12460,18:00:44,0.095,0.786,0,0,eGFP1
12461,18:00:45,0.150,0.765,0,0,eGFP1
12462,18:00:45,0.094,0.566,0,0,eGFP1
12463,18:00:46,0.106,0.633,0,0,eGFP1
12464,18:00:46,0.096,0.645,0,0,eGFP1
12465,18:00:47,0.127,0.720,0,0,eGFP1
12466,18:00:48,0.139,0.885,0,0,eGFP1
12467,18:00:49,0.150,0.874,0,0,eGFP1
12468,18:00:50,0.128,0.677,0,0,eGFP1
12469,18:00:50,0.129,0.864,0,0,eGFP1
12470,18:00:51,0.117,0.589,0,0,eGFP1
12471,18:00:52,0.106,0.841,0,0,eGFP1
12472,18:00:53,0.119,0.624,0,0,eGFP1
12473,18:00:53,0.084,0.676,0,0,eGFP1
12474,18:00:54,0.128,0.798,0,0,eGFP1
12475,18:00:55,0.127,0.577,0,0,eGFP1
12476,18:00:55,0.095,0.677,0,0,eGFP1
12477,18:00:56,0.150,0.710,0,0,eGFP1
12478,18:00:56,0.084,0.479,0,0,eGFP1
12479,18:00:57,0.073,0.545,0,0,eGFP1
12480,18:00:58,0.129,0.919,0,0,eGFP1
12481,18:00:59,0.139,0.699,0,0,eGFP1
12482,18:00:59,0.106,0.599,0,0,eGFP1
12483,18:01:00,0.141,0.711,0,0,eGFP1
12484,18:01:01,0.106,0.776,0,0,eGFP1
12485,18:01:01,0.138,0.676,0,0,eGFP1
12486,18:01:02,0.139,0.918,0,0,eGFP1
12487,18:01:03,0.117,0.600,0,0,eGFP1
12488,18:01:04,0.107,0.711,0,0,eGFP1
12489,18:01:04,0.116,0.775,0,0,eGFP1
12490,18:01:05,0.128,0.676,0,0,eGFP1
12491,18:01:06,0.117,0.567,0,0,eGFP1
12492,18:01:06,0.095,0.556,0,0,eGFP1
12493,18:01:07,0.095,0.600,0,0,eGFP1
12494,18:01:08,0.150,0.786,0,0,eGFP1
12495,18:01:08,0.106,0.534,0,0,eGFP1
12496,18:01:09,0.076,0.635,0,0,eGFP1
12497,18:01:10,0.139,0.809,0,0,eGFP1
12498,18:01:10,0.150,0.863,0,0,eGFP1
12499,18:01:11,0.139,0.622,0,0,eGFP1
12500,18:01:12,0.094,0.819,0,0,eGFP1
12501,18:01:13,0.150,0.808,0,0,eGFP1
12502,18:01:13,0.139,0.677,0,0,eGFP1
12503,18:01:14,0.106,0.687,0,0,eGFP1
12504,18:01:15,0.129,0.832,0,0,eGFP1
12505,18:01:16,0.139,0.797,0,0,eGFP1
12506,18:01:16,0.128,0.688,0,0,eGFP1
12507,18:01:17,0.106,0.534,0,0,eGFP1
12508,18:01:17,0.073,0.457,0,0,eGFP1
12509,18:01:18,0.084,0.622,0,0,eGFP1
12510,18:01:19,0.162,0.853,0,0,eGFP1
12511,18:01:20,0.150,0.775,0,0,eGFP1
12512,18:01:20,0.139,0.776,0,0,eGFP1
12513,18:01:21,0.118,0.623,0,0,eGFP1
12514,18:01:21,0.095,0.501,0,0,eGFP1
12515,18:01:22,0.073,0.501,0,0,eGFP1
12516,18:01:23,0.106,0.787,0,0,eGFP1
12517,18:01:23,0.117,0.577,0,0,eGFP1
12518,18:01:24,0.085,0.480,0,0,eGFP1
12519,18:01:25,0.084,0.786,0,0,eGFP1
12520,18:01:25,0.128,0.765,0,0,eGFP1
12521,18:01:26,0.151,0.788,0,0,eGFP1
12522,18:01:27,0.117,0.687,0,0,eGFP1
12523,18:01:28,0.119,0.733,0,0,eGFP1
12524,18:01:28,0.117,0.655,0,0,eGFP1
12525,18:01:29,0.139,0.698,0,0,eGFP1
12526,18:01:29,0.096,0.524,0,0,eGFP1
12527,18:01:30,0.106,0.720,0,0,eGFP1
12528,18:01:32,0.194,2.279,0,0,eGFP1
12529,18:01:33,0.119,0.733,0,0,eGFP1
12530,18:01:34,0.128,0.743,0,0,eGFP1
12531,18:01:35,0.128,0.765,0,0,eGFP1
12532,18:01:35,0.095,0.501,0,0,eGFP1
12533,18:01:36,0.073,0.710,0,0,eGFP1
12534,18:01:37,0.128,0.633,0,0,eGFP1
12535,18:01:37,0.084,0.490,0,0,eGFP1
12536,18:01:40,0.096,3.168,0,0,eGFP1
12537,18:01:41,0.109,0.526,0,0,eGFP1
12538,18:01:41,0.085,0.699,0,0,eGFP1
12539,18:01:46,0.183,4.430,0,0,eGFP1
12540,18:01:46,0.106,0.589,0,0,eGFP1
12541,18:01:47,0.095,0.611,0,0,eGFP1
12542,18:01:48,0.095,0.721,0,0,eGFP1
12543,18:01:48,0.117,0.665,0,0,eGFP1
12544,18:01:49,0.107,0.600,0,0,eGFP1
12545,18:01:50,0.119,0.591,0,0,eGFP1
12546,18:01:50,0.084,0.468,0,0,eGFP1
12547,18:01:51,0.084,0.732,0,0,eGFP1
12548,18:01:52,0.128,0.753,0,0,eGFP1
12549,18:01:52,0.128,0.842,0,0,eGFP1
12550,18:01:53,0.140,0.612,0,0,eGFP1
12551,18:01:54,0.084,0.589,0,0,eGFP1
12552,18:01:54,0.117,0.732,0,0,eGFP1
12553,18:01:55,0.107,0.513,0,0,eGFP1
12554,18:01:55,0.074,0.436,0,0,eGFP1
12555,18:01:56,0.073,0.545,0,0,eGFP1
12556,18:01:57,0.117,0.677,0,0,eGFP1
12557,18:01:57,0.095,0.633,0,0,eGFP1
12558,18:01:58,0.117,0.698,0,0,eGFP1
12559,18:01:59,0.140,0.743,0,0,eGFP1
12560,18:01:59,0.084,0.512,0,0,eGFP1
12561,18:02:00,0.119,0.810,0,0,eGFP1
12562,18:02:01,0.107,0.633,0,0,eGFP1
12563,18:02:01,0.150,0.765,0,0,eGFP1
12564,18:02:02,0.108,0.755,0,0,eGFP1
12565,18:02:03,0.161,0.820,0,0,eGFP1
12566,18:02:04,0.106,0.698,0,0,eGFP1
12567,18:02:04,0.129,0.721,0,0,eGFP1
12568,18:02:05,0.128,0.798,0,0,eGFP1
12569,18:02:06,0.118,0.579,0,0,eGFP1
12570,18:02:06,0.085,0.513,0,0,eGFP1
12571,18:02:07,0.095,0.863,0,0,eGFP1
12572,18:02:08,0.117,0.611,0,0,eGFP1
12573,18:02:08,0.095,0.490,0,0,eGFP1
12574,18:02:09,0.085,0.732,0,0,eGFP1
12575,18:02:10,0.128,0.611,0,0,eGFP1
12576,18:02:10,0.085,0.776,0,0,eGFP1
12577,18:02:11,0.119,0.590,0,0,eGFP1
12578,18:02:12,0.086,0.646,0,0,eGFP1
12579,18:02:12,0.096,0.535,0,0,eGFP1
12580,18:02:13,0.074,0.677,0,0,eGFP1
12581,18:02:16,0.184,3.575,0,0,eGFP1
12582,18:02:17,0.106,0.534,0,0,eGFP1
12583,18:02:17,0.085,0.623,0,0,eGFP1
12584,18:02:18,0.117,0.589,0,0,eGFP1
12585,18:02:19,0.096,0.732,0,0,eGFP1
12586,18:02:19,0.141,0.635,0,0,eGFP1
12587,18:02:20,0.096,0.622,0,0,eGFP1
12588,18:02:21,0.096,0.557,0,0,eGFP1
12589,18:02:21,0.107,0.743,0,0,eGFP1
12590,18:02:22,0.107,0.535,0,0,eGFP1
12591,18:02:23,0.086,0.689,0,0,eGFP1
12592,18:02:23,0.117,0.600,0,0,eGFP1
12593,18:02:24,0.118,0.754,0,0,eGFP1
12594,18:02:25,0.086,0.657,0,0,eGFP1
12595,18:02:25,0.106,0.743,0,0,eGFP1
12596,18:02:26,0.129,0.622,0,0,eGFP1
12597,18:02:26,0.074,0.469,0,0,eGFP1
12598,18:02:27,0.096,0.732,0,0,eGFP1
12599,18:02:28,0.118,0.601,0,0,eGFP1
12600,18:02:28,0.096,0.655,0,0,eGFP1
12601,18:02:29,0.118,0.645,0,0,eGFP1
12602,18:02:30,0.097,0.744,0,0,eGFP1
12603,18:02:30,0.140,0.601,0,0,eGFP1
12604,18:02:31,0.085,0.590,0,0,eGFP1
12605,18:02:32,0.183,0.809,0,0,eGFP1
12606,18:02:32,0.084,0.501,0,0,eGFP1
12607,18:02:33,0.096,0.656,0,0,eGFP1
12608,18:02:34,0.128,0.786,0,0,eGFP1
12609,18:02:34,0.118,0.568,0,0,eGFP1
12610,18:02:35,0.086,0.448,0,0,eGFP1
12611,18:02:35,0.073,0.468,0,0,eGFP1
12612,18:02:36,0.074,0.798,0,0,eGFP1
12613,18:02:37,0.150,0.688,0,0,eGFP1
12614,18:02:37,0.096,0.557,0,0,eGFP1
12615,18:02:38,0.084,0.512,0,0,eGFP1
12616,18:02:38,0.096,0.611,0,0,eGFP1
12617,18:02:39,0.141,0.690,0,0,eGFP1
12618,18:02:40,0.097,0.689,0,0,eGFP1
12619,18:02:40,0.118,0.579,0,0,eGFP1
12620,18:02:41,0.084,0.501,0,0,eGFP1
12621,18:02:41,0.096,0.644,0,0,eGFP1
12622,18:02:42,0.140,0.699,0,0,eGFP1
12623,18:02:43,0.107,0.776,0,0,eGFP1
12624,18:02:44,0.118,0.590,0,0,eGFP1
12625,18:02:44,0.084,0.479,0,0,eGFP1
12626,18:02:45,0.075,0.811,0,0,eGFP1
12627,18:02:47,1.324,2.136,0,0,eGFP1
12628,18:02:48,0.096,0.688,0,0,eGFP1
12629,18:02:48,0.129,0.743,0,0,eGFP1
12630,18:02:49,0.129,0.612,0,0,eGFP1
12631,18:02:50,0.086,0.492,0,0,eGFP1
12632,18:02:50,0.084,0.644,0,0,eGFP1
12633,18:02:51,0.128,0.578,0,0,eGFP1
12634,18:02:51,0.075,0.426,0,0,eGFP1
12635,18:02:52,0.085,0.754,0,0,eGFP1
12636,18:02:53,0.151,0.656,0,0,eGFP1
12637,18:02:53,0.073,0.447,0,0,eGFP1
12638,18:02:54,0.073,0.501,0,0,eGFP1
12639,18:02:54,0.129,0.754,0,0,eGFP1
12640,18:02:55,0.096,0.480,0,0,eGFP1
12641,18:02:55,0.074,0.491,0,0,eGFP1
12642,18:02:56,0.096,0.754,0,0,eGFP1
12643,18:02:57,0.119,0.569,0,0,eGFP1
12644,18:02:57,0.086,0.712,0,0,eGFP1
12645,18:02:58,0.106,0.534,0,0,eGFP1
12646,18:02:58,0.074,0.458,0,0,eGFP1
12647,18:02:59,0.095,0.644,0,0,eGFP1
12648,18:03:00,0.118,0.645,0,0,eGFP1
12649,18:03:00,0.095,0.556,0,0,eGFP1
12650,18:03:01,0.107,0.721,0,0,eGFP1
12651,18:03:01,0.108,0.525,0,0,eGFP1
12652,18:03:02,0.085,0.513,0,0,eGFP1
12653,18:03:03,0.107,0.732,0,0,eGFP1
12654,18:03:03,0.107,0.677,0,0,eGFP1
12655,18:03:04,0.107,0.535,0,0,eGFP1
12656,18:03:04,0.085,0.633,0,0,eGFP1
12657,18:03:05,0.129,0.645,0,0,eGFP1
12658,18:03:06,0.086,0.503,0,0,eGFP1
12659,18:03:06,0.122,0.813,0,0,eGFP1
12660,18:03:07,0.108,0.547,0,0,eGFP1
12661,18:03:08,0.085,0.611,0,0,eGFP1
12662,18:03:08,0.108,0.558,0,0,eGFP1
12663,18:03:09,0.085,0.579,0,0,eGFP1
12664,18:03:09,0.118,0.688,0,0,eGFP1
12665,18:03:10,0.118,0.799,0,0,eGFP1
12666,18:03:14,0.129,3.827,0,0,eGFP1
12667,18:03:15,0.109,0.690,0,0,eGFP1
12668,18:03:15,0.107,0.590,0,0,eGFP1
12669,18:03:16,0.107,0.655,0,0,eGFP1
12670,18:03:17,0.118,0.678,0,0,eGFP1
12671,18:03:17,0.108,0.580,0,0,eGFP1
12672,18:03:18,0.107,0.557,0,0,eGFP1
12673,18:03:18,0.095,0.666,0,0,eGFP1
12674,18:03:19,0.129,0.590,0,0,eGFP1
12675,18:03:20,0.075,0.536,0,0,eGFP1
12676,18:03:20,0.118,0.600,0,0,eGFP1
12677,18:03:21,0.085,0.513,0,0,eGFP1
12678,18:03:21,0.118,0.755,0,0,eGFP1
12679,18:03:22,0.095,0.523,0,0,eGFP1
12680,18:03:22,0.085,0.469,0,0,eGFP1
12681,18:03:23,0.085,0.546,0,0,eGFP1
12682,18:03:23,0.085,0.458,0,0,eGFP1
12683,18:03:24,0.075,0.481,0,0,eGFP1
12684,18:03:25,0.085,0.634,0,0,eGFP1
12685,18:03:25,0.174,0.920,0,0,eGFP1
12686,18:03:26,0.119,0.602,0,0,eGFP1
12687,18:03:27,0.096,0.568,0,0,eGFP1
12688,18:03:27,0.107,0.755,0,0,eGFP1
12689,18:03:28,0.129,0.579,0,0,eGFP1
12690,18:03:28,0.074,0.425,0,0,eGFP1
12691,18:03:29,0.076,0.515,0,0,eGFP1
12692,18:03:30,0.107,0.744,0,0,eGFP1
12693,18:03:30,0.096,0.557,0,0,eGFP1
12694,18:03:31,0.075,0.437,0,0,eGFP1
12695,18:03:31,0.074,0.469,0,0,eGFP1
12696,18:03:32,0.097,0.733,0,0,eGFP1
12697,18:03:33,0.130,0.678,0,0,eGFP1
12698,18:03:33,0.131,0.778,0,0,eGFP1
12699,18:03:34,0.107,0.601,0,0,eGFP1
12700,18:03:35,0.105,0.720,0,0,eGFP1
12701,18:03:35,0.118,0.568,0,0,eGFP1
12702,18:03:36,0.085,0.502,0,0,eGFP1
12703,18:03:36,0.085,0.743,0,0,eGFP1
12704,18:03:37,0.129,0.755,0,0,eGFP1
12705,18:03:38,0.118,0.743,0,0,eGFP1
12706,18:03:38,0.107,0.557,0,0,eGFP1
12707,18:03:39,0.074,0.568,0,0,eGFP1
12708,18:03:40,0.130,0.712,0,0,eGFP1
12709,18:03:40,0.096,0.513,0,0,eGFP1
12710,18:03:41,0.118,0.721,0,0,eGFP1
12711,18:03:42,0.118,0.568,0,0,eGFP1
12712,18:03:42,0.087,0.537,0,0,eGFP1
12713,18:03:43,0.129,0.677,0,0,eGFP1
12714,18:03:43,0.096,0.612,0,0,eGFP1
12715,18:03:44,0.096,0.623,0,0,eGFP1
12716,18:03:45,0.141,0.723,0,0,eGFP1
12717,18:03:45,0.107,0.579,0,0,eGFP1
12718,18:03:46,0.085,0.524,0,0,eGFP1
12719,18:03:46,0.096,0.535,0,0,eGFP1
12720,18:03:47,0.085,0.568,0,0,eGFP1
12721,18:03:48,0.107,1.007,0,0,eGFP1
12722,18:03:49,0.249,0.842,0,0,eGFP1
12723,18:03:49,0.096,0.645,0,0,eGFP1
12724,18:03:50,0.130,0.635,0,0,eGFP1
12725,18:03:51,0.098,0.625,0,0,eGFP1
12726,18:03:51,0.118,0.546,0,0,eGFP1
12727,18:03:52,0.086,0.470,0,0,eGFP1
12728,18:03:52,0.086,0.689,0,0,eGFP1
12729,18:03:53,0.130,0.602,0,0,eGFP1
12730,18:03:54,0.096,0.535,0,0,eGFP1
12731,18:03:54,0.097,0.755,0,0,eGFP1
12732,18:03:55,0.131,0.603,0,0,eGFP1
12733,18:03:56,0.096,0.711,0,0,eGFP1
12734,18:03:56,0.107,0.656,0,0,eGFP1
12735,18:03:57,0.151,0.776,0,0,eGFP1
12736,18:03:58,0.096,0.502,0,0,eGFP1
12737,18:03:58,0.074,0.491,0,0,eGFP1
12738,18:03:59,0.119,0.799,0,0,eGFP1
12739,18:03:59,0.109,0.504,0,0,eGFP1
12740,18:04:00,0.064,0.426,0,0,eGFP1
12741,18:04:00,0.075,0.667,0,0,eGFP1
12742,18:04:01,0.129,0.722,0,0,eGFP1
12743,18:04:02,0.107,0.557,0,0,eGFP1
12744,18:04:02,0.085,0.667,0,0,eGFP1
12745,18:04:03,0.107,0.623,0,0,eGFP1
12746,18:04:04,0.085,0.513,0,0,eGFP1
12747,18:04:04,0.074,0.579,0,0,eGFP1
12748,18:04:05,0.152,0.745,0,0,eGFP1
12749,18:04:06,0.107,0.689,0,0,eGFP1
12750,18:04:06,0.107,0.590,0,0,eGFP1
12751,18:04:07,0.085,0.469,0,0,eGFP1
12752,18:04:07,0.087,0.668,0,0,eGFP1
12753,18:04:08,0.163,0.766,0,0,eGFP1
12754,18:04:09,0.096,0.535,0,0,eGFP1
12755,18:04:09,0.097,0.766,0,0,eGFP1
12756,18:04:10,0.131,0.646,0,0,eGFP1
12757,18:04:11,0.097,0.909,0,0,eGFP1
12758,18:04:12,0.217,1.522,0,0,eGFP1
12759,18:04:13,0.217,0.942,0,0,eGFP1
12760,18:04:14,0.118,0.623,0,0,eGFP1
12761,18:04:15,0.129,0.787,0,0,eGFP1
12762,18:04:15,0.119,0.656,0,0,eGFP1
12763,18:04:16,0.108,0.656,0,0,eGFP1
12764,18:04:17,0.109,0.800,0,0,eGFP1
12765,18:04:18,0.130,0.723,0,0,eGFP1
12766,18:04:18,0.120,0.635,0,0,eGFP1
12767,18:04:19,0.086,0.558,0,0,eGFP1
12768,18:04:19,0.096,0.491,0,0,eGFP1
12769,18:04:20,0.085,0.733,0,0,eGFP1
12770,18:04:21,0.173,0.831,0,0,eGFP1
12771,18:04:21,0.097,0.503,0,0,eGFP1
12772,18:04:22,0.074,0.513,0,0,eGFP1
12773,18:04:23,0.098,0.789,0,0,eGFP1
12774,18:04:23,0.107,0.557,0,0,eGFP1
12775,18:04:24,0.086,0.744,0,0,eGFP1
12776,18:04:25,0.118,0.579,0,0,eGFP1
12777,18:04:25,0.086,0.569,0,0,eGFP1
12778,18:04:26,0.151,0.820,0,0,eGFP1
12779,18:04:27,0.120,0.625,0,0,eGFP1
12780,18:04:27,0.085,0.480,0,0,eGFP1
12781,18:04:28,0.087,0.559,0,0,eGFP1
12782,18:04:28,0.118,0.787,0,0,eGFP1
12783,18:04:29,0.130,0.700,0,0,eGFP1
12784,18:04:30,0.119,0.568,0,0,eGFP1
12785,18:04:30,0.086,0.580,0,0,eGFP1
12786,18:04:31,0.107,0.733,0,0,eGFP1
12787,18:04:31,0.107,0.546,0,0,eGFP1
12788,18:04:32,0.074,0.458,0,0,eGFP1
12789,18:04:33,0.077,0.790,0,0,eGFP1
12790,18:04:33,0.163,0.701,0,0,eGFP1
12791,18:04:34,0.086,0.722,0,0,eGFP1
12792,18:04:35,0.141,0.635,0,0,eGFP1
12793,18:04:35,0.087,0.526,0,0,eGFP1
12794,18:04:36,0.098,0.570,0,0,eGFP1
12795,18:04:36,0.086,0.536,0,0,eGFP1
12796,18:04:37,0.098,0.515,0,0,eGFP1
12797,18:04:37,0.088,0.472,0,0,eGFP1
12798,18:04:38,0.086,0.536,0,0,eGFP1
12799,18:04:39,0.097,0.569,0,0,eGFP1
12800,18:04:39,0.097,0.624,0,0,eGFP1
12801,18:04:40,0.163,0.832,0,0,eGFP1
12802,18:04:41,0.108,0.712,0,0,eGFP1
12803,18:04:41,0.108,0.558,0,0,eGFP1
12804,18:04:42,0.086,0.712,0,0,eGFP1
12805,18:04:43,0.131,0.603,0,0,eGFP1
12806,18:04:43,0.076,0.515,0,0,eGFP1
12807,18:04:44,0.107,0.853,0,0,eGFP1
12808,18:04:45,0.152,0.722,0,0,eGFP1
12809,18:04:47,0.130,2.017,0,0,eGFP1
12810,18:16:13,685.908,686.610,0,0,eGFP1
12811,18:16:18,3.905,4.925,0,0,eGFP1
12812,18:16:19,0.262,1.008,0,0,eGFP1
12813,18:16:21,0.131,1.513,0,0,eGFP1
12814,18:16:22,0.174,0.986,0,0,eGFP1
12815,18:16:22,0.118,0.711,0,0,eGFP1
12816,18:16:23,0.140,0.799,0,0,eGFP1
12817,18:16:24,0.118,0.689,0,0,eGFP1
12818,18:16:25,0.107,1.007,0,0,eGFP1
12819,18:16:26,0.164,1.349,0,0,eGFP1
12820,18:16:27,0.206,0.755,0,0,eGFP1
12821,18:16:28,0.098,0.866,0,0,eGFP1
12822,18:16:29,0.130,0.689,0,0,eGFP1
12823,18:16:30,0.283,1.776,0,0,eGFP1
12824,18:16:31,0.173,0.876,0,0,eGFP1
12825,18:16:32,0.152,0.888,0,0,eGFP1
12826,18:16:33,0.107,0.656,0,0,eGFP1
12827,18:16:34,0.129,0.876,0,0,eGFP1
12828,18:16:35,0.151,0.985,0,0,eGFP1
12829,18:16:35,0.162,0.821,0,0,eGFP1
12830,18:16:36,0.098,0.701,0,0,eGFP1
12831,18:16:37,0.152,0.723,0,0,eGFP1
12832,18:16:39,0.096,1.907,0,0,eGFP1
12833,18:16:40,0.120,0.844,0,0,eGFP1
12834,18:16:40,0.130,0.876,0,0,eGFP1
12835,18:16:41,0.107,0.908,0,0,eGFP1
12836,18:16:42,0.218,0.799,0,0,eGFP1
12837,18:16:43,0.097,0.722,0,0,eGFP1
12838,18:16:44,0.153,0.757,0,0,eGFP1
12839,18:16:44,0.107,0.744,0,0,eGFP1
12840,18:16:45,0.129,0.799,0,0,eGFP1
12841,18:16:47,0.129,1.523,0,0,eGFP1
12842,18:16:47,0.141,0.766,0,0,eGFP1
12843,18:16:48,0.152,0.865,0,0,eGFP1
12844,18:16:51,0.108,3.071,0,0,eGFP1
12845,18:16:53,0.173,1.413,0,0,eGFP1
12846,18:16:54,0.165,0.725,0,0,eGFP1
12847,18:16:55,0.108,1.018,0,0,eGFP1
12848,18:16:55,0.141,0.854,0,0,eGFP1
12849,18:16:57,0.152,1.249,0,0,eGFP1
12850,18:16:57,0.119,0.646,0,0,eGFP1
12851,18:16:58,0.140,0.963,0,0,eGFP1
12852,18:16:59,0.152,1.085,0,0,eGFP1
12853,18:17:00,0.140,0.930,0,0,eGFP1
12854,18:17:01,0.132,0.900,0,0,eGFP1
12855,18:17:03,0.229,2.171,0,0,eGFP1
12856,18:17:04,0.120,0.734,0,0,eGFP1
12857,18:17:05,0.142,0.778,0,0,eGFP1
12858,18:17:06,0.130,1.041,0,0,eGFP1
12859,18:17:07,0.130,0.833,0,0,eGFP1
12860,18:17:09,0.219,1.756,0,0,eGFP1
12861,18:17:09,0.097,0.920,0,0,eGFP1
12862,18:17:11,0.209,1.339,0,0,eGFP1
12863,18:17:12,0.108,0.733,0,0,eGFP1
12864,18:17:12,0.119,0.722,0,0,eGFP1
12865,18:17:13,0.108,0.569,0,0,eGFP1
12866,18:17:13,0.108,0.601,0,0,eGFP1
12867,18:17:14,0.108,0.613,0,0,eGFP1
12868,18:17:15,0.108,0.634,0,0,eGFP1
12869,18:17:15,0.097,0.657,0,0,eGFP1
12870,18:17:16,0.131,0.691,0,0,eGFP1
12871,18:17:17,0.085,0.623,0,0,eGFP1
12872,18:17:17,0.119,0.679,0,0,eGFP1
12873,18:17:18,0.098,0.624,0,0,eGFP1
12874,18:17:19,0.097,0.657,0,0,eGFP1
12875,18:17:19,0.119,0.832,0,0,eGFP1
12876,18:17:20,0.119,0.843,0,0,eGFP1
12877,18:17:21,0.119,0.591,0,0,eGFP1
12878,18:17:22,0.087,0.778,0,0,eGFP1
12879,18:17:22,0.130,0.656,0,0,eGFP1
12880,18:17:23,0.108,0.690,0,0,eGFP1
12881,18:17:24,0.152,0.711,0,0,eGFP1
12882,18:17:24,0.086,0.646,0,0,eGFP1
12883,18:17:25,0.151,0.722,0,0,eGFP1
12884,18:17:26,0.097,0.799,0,0,eGFP1
12885,18:17:26,0.117,0.633,0,0,eGFP1
12886,18:17:27,0.118,0.755,0,0,eGFP1
12887,18:17:28,0.117,0.699,0,0,eGFP1
12888,18:17:29,0.127,0.742,0,0,eGFP1
12889,18:17:29,0.106,0.665,0,0,eGFP1
12890,18:17:30,0.139,0.830,0,0,eGFP1
12891,18:17:31,0.105,0.588,0,0,eGFP1
12892,18:17:32,0.106,0.819,0,0,eGFP1
12893,18:17:32,0.106,0.589,0,0,eGFP1
12894,18:17:33,0.116,0.709,0,0,eGFP1
12895,18:17:34,0.096,0.677,0,0,eGFP1
12896,18:17:34,0.117,0.874,0,0,eGFP1
12897,18:17:35,0.149,0.687,0,0,eGFP1
12898,18:17:36,0.095,0.632,0,0,eGFP1
12899,18:17:37,0.106,0.819,0,0,eGFP1
12900,18:17:37,0.184,0.744,0,0,eGFP1
12901,18:17:38,0.094,0.709,0,0,eGFP1
12902,18:17:39,0.138,0.720,0,0,eGFP1
12903,18:17:39,0.096,0.645,0,0,eGFP1
12904,18:17:40,0.127,0.731,0,0,eGFP1
12905,18:17:41,0.105,0.599,0,0,eGFP1
12906,18:17:41,0.117,0.742,0,0,eGFP1
12907,18:17:42,0.095,0.720,0,0,eGFP1
12908,18:17:43,0.128,0.688,0,0,eGFP1
12909,18:17:44,0.105,0.753,0,0,eGFP1
12910,18:17:44,0.105,0.621,0,0,eGFP1
12911,18:17:45,0.140,0.700,0,0,eGFP1
12912,18:17:46,0.116,0.830,0,0,eGFP1
12913,18:17:46,0.116,0.665,0,0,eGFP1
12914,18:17:47,0.151,0.809,0,0,eGFP1
12915,18:17:48,0.106,0.720,0,0,eGFP1
12916,18:17:49,0.117,0.710,0,0,eGFP1
12917,18:17:49,0.127,0.786,0,0,eGFP1
12918,18:17:50,0.160,0.818,0,0,eGFP1
12919,18:17:51,0.118,0.689,0,0,eGFP1
12920,18:17:52,0.117,0.720,0,0,eGFP1
12921,18:17:53,0.161,0.907,0,0,eGFP1
12922,18:17:53,0.139,0.764,0,0,eGFP1
12923,18:17:54,0.106,0.721,0,0,eGFP1
12924,18:17:55,0.116,0.665,0,0,eGFP1
12925,18:17:56,0.139,0.819,0,0,eGFP1
12926,18:17:56,0.117,0.753,0,0,eGFP1
12927,18:17:57,0.109,0.657,0,0,eGFP1
12928,18:17:58,0.139,0.852,0,0,eGFP1
12929,18:17:58,0.106,0.666,0,0,eGFP1
12930,18:17:59,0.127,0.840,0,0,eGFP1
12931,18:18:00,0.128,0.765,0,0,eGFP1
12932,18:18:01,0.127,0.906,0,0,eGFP1
12933,18:18:02,0.139,0.677,0,0,eGFP1
12934,18:18:02,0.116,0.709,0,0,eGFP1
12935,18:18:03,0.096,0.656,0,0,eGFP1
12936,18:18:06,0.215,2.904,0,0,eGFP1
12937,18:18:07,0.095,0.588,0,0,eGFP1
12938,18:18:07,0.117,0.699,0,0,eGFP1
12939,18:18:08,0.094,0.621,0,0,eGFP1
12940,18:18:09,0.117,0.666,0,0,eGFP1
12941,18:18:09,0.129,0.787,0,0,eGFP1
12942,18:18:10,0.106,0.600,0,0,eGFP1
12943,18:18:11,0.107,0.590,0,0,eGFP1
12944,18:18:11,0.116,0.731,0,0,eGFP1
12945,18:18:12,0.138,0.885,0,0,eGFP1
12946,18:18:13,0.105,0.588,0,0,eGFP1
12947,18:18:13,0.106,0.644,0,0,eGFP1
12948,18:18:14,0.095,0.687,0,0,eGFP1
12949,18:18:15,0.161,0.775,0,0,eGFP1
12950,18:18:16,0.106,0.732,0,0,eGFP1
12951,18:18:17,0.140,0.974,0,0,eGFP1
12952,18:18:17,0.193,0.950,0,0,eGFP1
12953,18:18:18,0.128,0.907,0,0,eGFP1
12954,18:18:19,0.162,0.963,0,0,eGFP1
12955,18:18:21,0.183,1.259,0,0,eGFP1
12956,18:18:21,0.094,0.698,0,0,eGFP1
12957,18:18:22,0.150,0.797,0,0,eGFP1
12958,18:18:23,0.128,0.808,0,0,eGFP1
12959,18:18:24,0.106,0.710,0,0,eGFP1
12960,18:18:24,0.140,0.831,0,0,eGFP1
12961,18:18:25,0.161,0.786,0,0,eGFP1
12962,18:18:26,0.106,0.666,0,0,eGFP1
12963,18:18:27,0.116,0.808,0,0,eGFP1
12964,18:18:28,0.139,0.852,0,0,eGFP1
12965,18:18:28,0.161,0.874,0,0,eGFP1
12966,18:18:29,0.095,0.654,0,0,eGFP1
12967,18:18:30,0.172,0.754,0,0,eGFP1
12968,18:18:31,0.108,0.701,0,0,eGFP1
12969,18:18:33,0.139,2.366,0,0,eGFP1
12970,18:18:34,0.128,0.666,0,0,eGFP1
12971,18:18:34,0.128,0.896,0,0,eGFP1
12972,18:18:35,0.117,0.841,0,0,eGFP1
12973,18:18:36,0.172,1.017,0,0,eGFP1
12974,18:18:37,0.138,0.731,0,0,eGFP1
12975,18:18:38,0.183,0.951,0,0,eGFP1
12976,18:18:39,0.107,0.612,0,0,eGFP1
12977,18:18:39,0.106,0.753,0,0,eGFP1
12978,18:18:40,0.117,0.655,0,0,eGFP1
12979,18:18:41,0.106,0.830,0,0,eGFP1
12980,18:18:42,0.139,0.753,0,0,eGFP1
12981,18:18:43,0.108,0.898,0,0,eGFP1
12982,18:18:43,0.128,0.731,0,0,eGFP1
12983,18:18:44,0.150,0.808,0,0,eGFP1
12984,18:18:45,0.108,0.667,0,0,eGFP1
12985,18:18:45,0.117,0.787,0,0,eGFP1
12986,18:18:46,0.106,0.589,0,0,eGFP1
12987,18:18:47,0.139,0.852,0,0,eGFP1
12988,18:18:48,0.095,0.710,0,0,eGFP1
12989,18:18:49,0.139,0.896,0,0,eGFP1
12990,18:18:49,0.117,0.731,0,0,eGFP1
12991,18:18:50,0.139,0.820,0,0,eGFP1
12992,18:18:51,0.140,0.744,0,0,eGFP1
12993,18:18:52,0.095,0.687,0,0,eGFP1
12994,18:18:52,0.117,0.688,0,0,eGFP1
12995,18:18:53,0.096,0.645,0,0,eGFP1
12996,18:18:54,0.117,0.644,0,0,eGFP1
12997,18:18:54,0.106,0.643,0,0,eGFP1
12998,18:18:55,0.117,0.666,0,0,eGFP1
12999,18:18:56,0.139,0.841,0,0,eGFP1
13000,18:18:56,0.097,0.590,0,0,eGFP1
13001,18:18:57,0.095,0.743,0,0,eGFP1
13002,18:18:58,0.139,0.709,0,0,eGFP1
13003,18:18:58,0.117,0.721,0,0,eGFP1
13004,18:18:59,0.106,0.709,0,0,eGFP1
13005,18:19:00,0.117,0.622,0,0,eGFP1
13006,18:19:01,0.117,0.820,0,0,eGFP1
13007,18:19:01,0.106,0.622,0,0,eGFP1
13008,18:19:02,0.130,0.865,0,0,eGFP1
13009,18:19:03,0.107,0.601,0,0,eGFP1
13010,18:19:03,0.095,0.589,0,0,eGFP1
13011,18:19:04,0.139,0.852,0,0,eGFP1
13012,18:19:05,0.095,0.600,0,0,eGFP1
13013,18:19:05,0.194,0.776,0,0,eGFP1
13014,18:19:06,0.095,0.819,0,0,eGFP1
13015,18:19:07,0.118,0.809,0,0,eGFP1
13016,18:19:08,0.118,0.832,0,0,eGFP1
13017,18:19:09,0.161,0.896,0,0,eGFP1
13018,18:19:10,0.106,0.776,0,0,eGFP1
13019,18:19:11,0.161,1.785,0,0,eGFP1
13020,18:19:12,0.095,0.578,0,0,eGFP1
13021,18:19:13,0.096,0.765,0,0,eGFP1
13022,18:19:14,0.140,0.865,0,0,eGFP1
13023,18:19:14,0.139,0.764,0,0,eGFP1
13024,18:19:15,0.161,0.874,0,0,eGFP1
13025,18:19:16,0.108,0.733,0,0,eGFP1
13026,18:19:17,0.150,0.787,0,0,eGFP1
13027,18:19:17,0.095,0.742,0,0,eGFP1
13028,18:19:18,0.128,0.875,0,0,eGFP1
13029,18:19:19,0.139,0.830,0,0,eGFP1
13030,18:19:20,0.095,0.677,0,0,eGFP1
13031,18:19:21,0.150,0.764,0,0,eGFP1
13032,18:19:21,0.096,0.644,0,0,eGFP1
13033,18:19:22,0.141,0.744,0,0,eGFP1
13034,18:19:23,0.139,0.886,0,0,eGFP1
13035,18:19:24,0.107,0.711,0,0,eGFP1
13036,18:19:24,0.128,0.841,0,0,eGFP1
13037,18:19:25,0.117,0.655,0,0,eGFP1
13038,18:19:27,0.150,1.719,0,0,eGFP1
13039,18:19:28,0.117,0.831,0,0,eGFP1
13040,18:19:29,0.248,1.807,0,0,eGFP1
13041,18:19:30,0.096,0.755,0,0,eGFP1
13042,18:19:31,0.139,0.666,0,0,eGFP1
13043,18:19:32,0.095,0.896,0,0,eGFP1
13044,18:19:32,0.128,0.622,0,0,eGFP1
13045,18:19:33,0.095,0.885,0,0,eGFP1
13046,18:19:34,0.117,0.688,0,0,eGFP1
13047,18:19:35,0.183,0.951,0,0,eGFP1
13048,18:19:36,0.128,0.765,0,0,eGFP1
13049,18:19:37,0.098,0.844,0,0,eGFP1
13050,18:19:37,0.118,0.611,0,0,eGFP1
13051,18:19:38,0.096,0.689,0,0,eGFP1
13052,18:19:39,0.128,0.874,0,0,eGFP1
13053,18:19:39,0.107,0.579,0,0,eGFP1
13054,18:19:40,0.117,0.644,0,0,eGFP1
13055,18:19:41,0.106,0.809,0,0,eGFP1
13056,18:19:41,0.117,0.600,0,0,eGFP1
13057,18:19:42,0.097,0.766,0,0,eGFP1
13058,18:19:43,0.095,0.589,0,0,eGFP1
13059,18:19:43,0.106,0.732,0,0,eGFP1
13060,18:19:44,0.095,0.578,0,0,eGFP1
13061,18:19:45,0.095,0.776,0,0,eGFP1
13062,18:19:45,0.107,0.524,0,0,eGFP1
13063,18:19:46,0.085,0.798,0,0,eGFP1
13064,18:19:47,0.128,0.589,0,0,eGFP1
13065,18:19:47,0.097,0.690,0,0,eGFP1
13066,18:19:48,0.117,0.863,0,0,eGFP1
13067,18:19:50,0.128,1.390,0,0,eGFP1
13068,18:19:50,0.107,0.732,0,0,eGFP1
13069,18:19:51,0.151,0.776,0,0,eGFP1
13070,18:19:52,0.117,0.831,0,0,eGFP1
13071,18:19:53,0.106,0.622,0,0,eGFP1
13072,18:19:53,0.106,0.819,0,0,eGFP1
13073,18:19:54,0.130,0.778,0,0,eGFP1
13074,18:19:55,0.128,0.808,0,0,eGFP1
13075,18:19:56,0.141,0.689,0,0,eGFP1
13076,18:19:56,0.107,0.787,0,0,eGFP1
13077,18:19:57,0.107,0.589,0,0,eGFP1
13078,18:19:58,0.118,0.842,0,0,eGFP1
13079,18:19:59,0.117,0.787,0,0,eGFP1
13080,18:19:59,0.128,0.644,0,0,eGFP1
13081,18:20:00,0.118,0.810,0,0,eGFP1
13082,18:20:01,0.106,0.699,0,0,eGFP1
13083,18:20:02,0.161,0.765,0,0,eGFP1
13084,18:20:02,0.095,0.731,0,0,eGFP1
13085,18:20:03,0.173,0.930,0,0,eGFP1
13086,18:20:04,0.117,0.655,0,0,eGFP1
13087,18:20:05,0.139,0.929,0,0,eGFP1
13088,18:20:06,0.107,0.688,0,0,eGFP1
13089,18:20:06,0.097,0.865,0,0,eGFP1
13090,18:20:07,0.130,0.832,0,0,eGFP1
13091,18:20:08,0.118,0.732,0,0,eGFP1
13092,18:20:09,0.183,0.963,0,0,eGFP1
13093,18:20:10,0.183,1.017,0,0,eGFP1
13094,18:20:11,0.117,0.820,0,0,eGFP1
13095,18:20:12,0.128,0.841,0,0,eGFP1
13096,18:20:12,0.107,0.600,0,0,eGFP1
13097,18:20:13,0.107,0.645,0,0,eGFP1
13098,18:20:14,0.118,0.876,0,0,eGFP1
13099,18:20:14,0.117,0.699,0,0,eGFP1
13100,18:20:15,0.117,0.732,0,0,eGFP1
13101,18:20:16,0.095,0.786,0,0,eGFP1
13102,18:20:17,0.097,0.745,0,0,eGFP1
13103,18:20:18,0.172,0.863,0,0,eGFP1
13104,18:20:18,0.129,0.655,0,0,eGFP1
13105,18:20:19,0.096,0.798,0,0,eGFP1
13106,18:20:20,0.119,0.832,0,0,eGFP1
13107,18:20:21,0.118,0.798,0,0,eGFP1
13108,18:20:21,0.172,0.831,0,0,eGFP1
13109,18:20:22,0.150,0.951,0,0,eGFP1
13110,18:20:23,0.118,0.612,0,0,eGFP1
13111,18:20:24,0.117,0.699,0,0,eGFP1
13112,18:20:25,0.117,0.830,0,0,eGFP1
13113,18:20:25,0.118,0.667,0,0,eGFP1
13114,18:20:27,0.163,1.425,0,0,eGFP1
13115,18:20:28,0.128,0.864,0,0,eGFP1
13116,18:20:28,0.174,0.755,0,0,eGFP1
13117,18:20:29,0.118,1.161,0,0,eGFP1
13118,18:20:30,0.129,0.656,0,0,eGFP1
13119,18:20:31,0.096,0.744,0,0,eGFP1
13120,18:20:32,0.118,0.710,0,0,eGFP1
13121,18:20:32,0.151,0.854,0,0,eGFP1
13122,18:20:33,0.108,0.844,0,0,eGFP1
13123,18:20:34,0.128,0.842,0,0,eGFP1
13124,18:20:35,0.151,1.050,0,0,eGFP1
13125,18:20:36,0.151,0.952,0,0,eGFP1
13126,18:20:37,0.118,0.700,0,0,eGFP1
13127,18:20:37,0.107,0.612,0,0,eGFP1
13128,18:20:38,0.085,0.644,0,0,eGFP1
13129,18:20:39,0.108,0.591,0,0,eGFP1
13130,18:20:39,0.108,0.799,0,0,eGFP1
13131,18:20:40,0.151,0.886,0,0,eGFP1
13132,18:20:41,0.096,0.590,0,0,eGFP1
13133,18:20:42,0.139,0.852,0,0,eGFP1
13134,18:20:42,0.107,0.700,0,0,eGFP1
13135,18:20:43,0.106,0.611,0,0,eGFP1
13136,18:20:44,0.139,0.721,0,0,eGFP1
13137,18:20:44,0.096,0.666,0,0,eGFP1
13138,18:20:45,0.152,0.646,0,0,eGFP1
13139,18:20:46,0.074,0.666,0,0,eGFP1
13140,18:20:46,0.118,0.623,0,0,eGFP1
13141,18:20:47,0.117,0.666,0,0,eGFP1
13142,18:20:48,0.096,0.633,0,0,eGFP1
13143,18:20:49,0.163,0.844,0,0,eGFP1
13144,18:20:49,0.095,0.600,0,0,eGFP1
13145,18:20:50,0.118,0.743,0,0,eGFP1
13146,18:20:51,0.086,0.624,0,0,eGFP1
13147,18:20:51,0.118,0.655,0,0,eGFP1
13148,18:20:52,0.118,0.831,0,0,eGFP1
13149,18:20:53,0.107,0.700,0,0,eGFP1
13150,18:20:53,0.117,0.765,0,0,eGFP1
13151,18:20:54,0.129,0.699,0,0,eGFP1
13152,18:20:55,0.129,0.722,0,0,eGFP1
13153,18:20:56,0.139,0.655,0,0,eGFP1
13154,18:20:56,0.096,0.754,0,0,eGFP1
13155,18:20:57,0.141,0.887,0,0,eGFP1
13156,18:20:58,0.120,0.646,0,0,eGFP1
13157,18:20:59,0.151,0.875,0,0,eGFP1
13158,18:21:00,0.096,0.941,0,0,eGFP1
13159,18:21:00,0.129,0.634,0,0,eGFP1
13160,18:21:01,0.128,0.787,0,0,eGFP1
13161,18:21:02,0.096,0.589,0,0,eGFP1
13162,18:21:02,0.129,0.645,0,0,eGFP1
13163,18:21:03,0.086,0.690,0,0,eGFP1
13164,18:21:04,0.128,0.732,0,0,eGFP1
13165,18:21:05,0.151,0.908,0,0,eGFP1
13166,18:21:05,0.107,0.787,0,0,eGFP1
13167,18:21:06,0.129,0.656,0,0,eGFP1
13168,18:21:07,0.117,0.776,0,0,eGFP1
13169,18:21:08,0.161,0.963,0,0,eGFP1
13170,18:21:09,0.119,0.766,0,0,eGFP1
13171,18:21:09,0.185,0.866,0,0,eGFP1
13172,18:21:10,0.095,0.721,0,0,eGFP1
13173,18:21:11,0.129,0.875,0,0,eGFP1
13174,18:21:12,0.140,0.897,0,0,eGFP1
13175,18:21:13,0.118,0.677,0,0,eGFP1
13176,18:21:13,0.118,0.777,0,0,eGFP1
13177,18:21:14,0.117,0.666,0,0,eGFP1
13178,18:21:15,0.173,0.897,0,0,eGFP1
13179,18:21:28,0.123,13.357,0,0,eGFP1
13180,18:21:29,0.141,0.722,0,0,eGFP1
13181,18:21:30,0.173,1.128,0,0,eGFP1
13182,18:21:31,0.184,0.996,0,0,eGFP1
13183,18:21:32,0.109,0.954,0,0,eGFP1
13184,18:21:33,0.129,0.722,0,0,eGFP1
13185,18:21:35,0.897,1.665,0,0,eGFP1
13186,18:21:36,0.152,1.556,0,0,eGFP1
13187,18:21:38,0.186,1.525,0,0,eGFP1
13188,18:21:39,0.194,1.500,0,0,eGFP1
13189,18:21:40,0.283,1.369,0,0,eGFP1
13190,18:21:42,0.173,1.062,0,0,eGFP1
13191,18:21:43,0.239,1.512,0,0,eGFP1
13192,18:21:44,0.129,0.832,0,0,eGFP1
13193,18:21:45,0.183,1.314,0,0,eGFP1
13194,18:21:46,0.129,0.655,0,0,eGFP1
13195,18:21:47,0.109,0.822,0,0,eGFP1
13196,18:21:48,0.162,0.853,0,0,eGFP1
13197,18:21:48,0.108,0.745,0,0,eGFP1
13198,18:21:49,0.107,0.930,0,0,eGFP1
13199,18:21:50,0.359,1.062,0,0,eGFP1
13200,18:21:51,0.096,0.919,0,0,eGFP1
13201,18:21:52,0.118,0.688,0,0,eGFP1
13202,18:21:53,0.195,0.865,0,0,eGFP1
13203,18:21:54,0.108,0.799,0,0,eGFP1
13204,18:21:54,0.096,0.579,0,0,eGFP1
13205,18:21:55,0.118,0.777,0,0,eGFP1
13206,18:21:55,0.096,0.589,0,0,eGFP1
13207,18:21:56,0.151,0.689,0,0,eGFP1
13208,18:21:57,0.129,0.787,0,0,eGFP1
13209,18:21:58,0.085,0.755,0,0,eGFP1
13210,18:21:58,0.108,0.613,0,0,eGFP1
13211,18:21:59,0.107,0.667,0,0,eGFP1
13212,18:22:00,0.138,0.852,0,0,eGFP1
13213,18:22:01,0.129,0.864,0,0,eGFP1
13214,18:22:01,0.140,0.776,0,0,eGFP1
13215,18:22:02,0.119,0.766,0,0,eGFP1
13216,18:22:03,0.129,0.733,0,0,eGFP1
13217,18:22:04,0.096,0.677,0,0,eGFP1
13218,18:22:04,0.195,0.854,0,0,eGFP1
13219,18:22:05,0.096,0.765,0,0,eGFP1
13220,18:22:13,0.098,7.856,0,0,eGFP1
13221,18:22:14,0.162,0.689,0,0,eGFP1
13222,18:22:15,0.107,0.864,0,0,eGFP1
13223,18:22:16,0.118,0.952,0,0,eGFP1
13224,18:22:16,0.124,0.771,0,0,eGFP1
13225,18:22:17,0.152,0.766,0,0,eGFP1
13226,18:22:18,0.097,0.624,0,0,eGFP1
13227,18:22:19,0.096,0.810,0,0,eGFP1
13228,18:22:19,0.131,0.712,0,0,eGFP1
13229,18:22:20,0.119,0.722,0,0,eGFP1
13230,18:22:21,0.130,0.810,0,0,eGFP1
13231,18:22:21,0.097,0.547,0,0,eGFP1
13232,18:22:22,0.097,0.656,0,0,eGFP1
13233,18:22:23,0.119,0.767,0,0,eGFP1
13234,18:22:24,0.118,0.799,0,0,eGFP1
13235,18:22:24,0.140,0.689,0,0,eGFP1
13236,18:22:25,0.098,0.592,0,0,eGFP1
13237,18:22:26,0.097,0.646,0,0,eGFP1
13238,18:22:26,0.107,0.612,0,0,eGFP1
13239,18:22:27,0.162,0.733,0,0,eGFP1
13240,18:22:28,0.096,0.689,0,0,eGFP1
13241,18:22:28,0.096,0.678,0,0,eGFP1
13242,18:22:29,0.173,0.776,0,0,eGFP1
13243,18:22:30,0.118,0.733,0,0,eGFP1
13244,18:22:31,0.109,0.811,0,0,eGFP1
13245,18:22:31,0.119,0.865,0,0,eGFP1
13246,18:22:32,0.130,0.810,0,0,eGFP1
13247,18:22:33,0.130,0.755,0,0,eGFP1
13248,18:22:34,0.130,0.657,0,0,eGFP1
13249,18:22:35,0.119,0.854,0,0,eGFP1
13250,18:22:35,0.108,0.591,0,0,eGFP1
13251,18:22:36,0.109,0.745,0,0,eGFP1
13252,18:22:37,0.110,0.790,0,0,eGFP1
13253,18:22:37,0.140,0.722,0,0,eGFP1
13254,18:22:38,0.140,0.941,0,0,eGFP1
13255,18:22:39,0.107,0.821,0,0,eGFP1
13256,18:22:40,0.129,0.897,0,0,eGFP1
13257,18:22:41,0.151,0.700,0,0,eGFP1
13258,18:22:41,0.096,0.656,0,0,eGFP1
13259,18:22:42,0.151,0.820,0,0,eGFP1
13260,18:22:43,0.120,0.757,0,0,eGFP1
13261,18:22:44,0.140,0.886,0,0,eGFP1
13262,18:22:45,0.118,0.908,0,0,eGFP1
13263,18:22:46,0.141,0.942,0,0,eGFP1
13264,18:22:46,0.119,0.756,0,0,eGFP1
13265,18:22:47,0.129,0.700,0,0,eGFP1
13266,18:22:48,0.096,0.557,0,0,eGFP1
13267,18:22:48,0.085,0.634,0,0,eGFP1
13268,18:22:49,0.142,0.723,0,0,eGFP1
13269,18:22:50,0.097,0.634,0,0,eGFP1
13270,18:22:50,0.119,0.777,0,0,eGFP1
13271,18:22:51,0.097,0.536,0,0,eGFP1
13272,18:22:52,0.096,0.710,0,0,eGFP1
13273,18:22:52,0.130,0.700,0,0,eGFP1
13274,18:22:53,0.108,0.744,0,0,eGFP1
13275,18:22:54,0.119,0.766,0,0,eGFP1
13276,18:22:54,0.096,0.546,0,0,eGFP1
13277,18:22:55,0.098,0.724,0,0,eGFP1
13278,18:22:56,0.119,0.635,0,0,eGFP1
13279,18:22:57,0.118,0.876,0,0,eGFP1
13280,18:22:57,0.096,0.678,0,0,eGFP1
13281,18:22:58,0.118,0.842,0,0,eGFP1
13282,18:22:59,0.141,0.689,0,0,eGFP1
13283,18:23:00,0.130,0.667,0,0,eGFP1
13284,18:23:00,0.108,0.810,0,0,eGFP1
13285,18:23:01,0.098,0.559,0,0,eGFP1
13286,18:23:02,0.096,0.766,0,0,eGFP1
13287,18:23:02,0.107,0.579,0,0,eGFP1
13288,18:23:03,0.107,0.656,0,0,eGFP1
13289,18:23:04,0.107,0.590,0,0,eGFP1
13290,18:23:04,0.108,0.634,0,0,eGFP1
13291,18:23:05,0.098,0.636,0,0,eGFP1
13292,18:23:06,0.096,0.821,0,0,eGFP1
13293,18:23:06,0.119,0.613,0,0,eGFP1
13294,18:23:07,0.130,0.810,0,0,eGFP1
13295,18:23:08,0.097,0.579,0,0,eGFP1
13296,18:23:08,0.108,0.843,0,0,eGFP1
13297,18:23:09,0.129,0.711,0,0,eGFP1
13298,18:23:10,0.108,0.799,0,0,eGFP1
13299,18:23:11,0.118,0.799,0,0,eGFP1
13300,18:23:12,0.118,0.733,0,0,eGFP1
13301,18:23:12,0.273,0.526,0,0,eGFP1
13302,18:23:17,1.150,5.440,0,0,eGFP1
13303,18:23:18,0.152,0.876,0,0,eGFP1
13304,18:23:19,0.118,0.799,0,0,eGFP1
13305,18:23:20,0.105,0.587,0,0,eGFP1
13306,18:23:20,0.119,0.711,0,0,eGFP1
13307,18:23:21,0.108,0.777,0,0,eGFP1
13308,18:23:22,0.119,0.777,0,0,eGFP1
13309,18:23:23,0.121,0.757,0,0,eGFP1
13310,18:23:23,0.108,0.635,0,0,eGFP1
13311,18:23:24,0.097,0.821,0,0,eGFP1
13312,18:23:25,0.141,0.888,0,0,eGFP1
13313,18:23:26,0.119,0.657,0,0,eGFP1
13314,18:23:27,0.097,0.810,0,0,eGFP1
13315,18:23:27,0.108,0.558,0,0,eGFP1
13316,18:23:28,0.086,0.635,0,0,eGFP1
13317,18:23:29,0.121,0.834,0,0,eGFP1
13318,18:23:29,0.142,0.888,0,0,eGFP1
13319,18:23:30,0.108,0.634,0,0,eGFP1
13320,18:23:31,0.174,0.810,0,0,eGFP1
13321,18:23:32,0.108,0.624,0,0,eGFP1
13322,18:23:32,0.151,0.722,0,0,eGFP1
13323,18:23:33,0.096,0.667,0,0,eGFP1
13324,18:23:34,0.107,0.755,0,0,eGFP1
13325,18:23:34,0.142,0.712,0,0,eGFP1
13326,18:23:35,0.119,0.865,0,0,eGFP1
13327,18:23:36,0.130,0.942,0,0,eGFP1
13328,18:23:37,0.228,0.875,0,0,eGFP1
13329,18:23:38,0.097,0.701,0,0,eGFP1
13330,18:23:38,0.129,0.623,0,0,eGFP1
13331,18:23:39,0.098,0.592,0,0,eGFP1
13332,18:23:40,0.097,0.602,0,0,eGFP1
13333,18:23:40,0.099,0.647,0,0,eGFP1
13334,18:23:41,0.109,0.657,0,0,eGFP1
13335,18:23:42,0.131,0.701,0,0,eGFP1
13336,18:23:42,0.098,0.701,0,0,eGFP1
13337,18:23:43,0.109,0.624,0,0,eGFP1
13338,18:23:44,0.142,0.745,0,0,eGFP1
13339,18:23:44,0.087,0.569,0,0,eGFP1
13340,18:23:45,0.131,0.712,0,0,eGFP1
13341,18:23:46,0.098,0.636,0,0,eGFP1
13342,18:23:46,0.153,0.856,0,0,eGFP1
13343,18:23:47,0.108,0.755,0,0,eGFP1
13344,18:23:48,0.120,0.592,0,0,eGFP1
13345,18:23:48,0.098,0.613,0,0,eGFP1
13346,18:23:49,0.108,0.745,0,0,eGFP1
13347,18:23:50,0.140,0.755,0,0,eGFP1
13348,18:23:51,0.151,0.722,0,0,eGFP1
13349,18:23:51,0.130,0.832,0,0,eGFP1
13350,18:23:52,0.098,0.592,0,0,eGFP1
13351,18:23:53,0.118,0.733,0,0,eGFP1
13352,18:23:53,0.097,0.602,0,0,eGFP1
13353,18:23:54,0.096,0.799,0,0,eGFP1
13354,18:23:55,0.107,0.557,0,0,eGFP1
13355,18:23:58,0.097,3.543,0,0,eGFP1
13356,18:23:59,0.140,0.744,0,0,eGFP1
13357,18:24:00,0.119,0.656,0,0,eGFP1
13358,18:24:00,0.100,0.583,0,0,eGFP1
13359,18:24:01,0.096,0.590,0,0,eGFP1
13360,18:24:02,0.108,0.646,0,0,eGFP1
13361,18:24:02,0.107,0.590,0,0,eGFP1
13362,18:24:03,0.097,0.613,0,0,eGFP1
13363,18:24:03,0.119,0.700,0,0,eGFP1
13364,18:24:04,0.108,0.624,0,0,eGFP1
13365,18:24:05,0.129,0.700,0,0,eGFP1
13366,18:24:05,0.109,0.647,0,0,eGFP1
13367,18:24:06,0.141,0.766,0,0,eGFP1
13368,18:24:07,0.119,0.646,0,0,eGFP1
13369,18:24:07,0.096,0.568,0,0,eGFP1
13370,18:24:08,0.141,0.843,0,0,eGFP1
13371,18:24:09,0.097,0.624,0,0,eGFP1
13372,18:24:09,0.109,0.647,0,0,eGFP1
13373,18:24:10,0.118,0.766,0,0,eGFP1
13374,18:24:11,0.088,0.571,0,0,eGFP1
13375,18:24:12,0.119,0.712,0,0,eGFP1
13376,18:24:12,0.095,0.764,0,0,eGFP1
13377,18:24:13,0.117,0.709,0,0,eGFP1
13378,18:24:14,0.128,0.753,0,0,eGFP1
13379,18:24:14,0.139,0.731,0,0,eGFP1
13380,18:24:15,0.128,0.764,0,0,eGFP1
13381,18:24:16,0.106,0.644,0,0,eGFP1
13382,18:24:17,0.106,1.149,0,0,eGFP1
13383,18:24:18,0.182,0.775,0,0,eGFP1
13384,18:24:19,0.171,0.786,0,0,eGFP1
13385,18:24:19,0.096,0.864,0,0,eGFP1
13386,18:24:20,0.149,0.742,0,0,eGFP1
13387,18:24:21,0.117,0.852,0,0,eGFP1
13388,18:24:22,0.094,0.621,0,0,eGFP1
13389,18:24:22,0.106,0.654,0,0,eGFP1
13390,18:24:23,0.096,0.623,0,0,eGFP1
13391,18:24:24,0.106,0.654,0,0,eGFP1
13392,18:24:24,0.117,0.666,0,0,eGFP1
13393,18:24:25,0.094,0.654,0,0,eGFP1
13394,18:24:26,0.116,0.676,0,0,eGFP1
13395,18:24:26,0.106,0.687,0,0,eGFP1
13396,18:24:27,0.106,0.633,0,0,eGFP1
13397,18:24:28,0.116,0.654,0,0,eGFP1
13398,18:24:28,0.096,0.634,0,0,eGFP1
13399,18:24:29,0.107,0.677,0,0,eGFP1
13400,18:24:30,0.106,0.611,0,0,eGFP1
13401,18:24:30,0.127,0.775,0,0,eGFP1
13402,18:24:31,0.083,0.566,0,0,eGFP1
13403,18:24:31,0.106,0.643,0,0,eGFP1
13404,18:24:32,0.106,0.765,0,0,eGFP1
13405,18:24:33,0.138,0.687,0,0,eGFP1
13406,18:24:34,0.116,0.687,0,0,eGFP1
13407,18:24:34,0.107,0.612,0,0,eGFP1
13408,18:24:35,0.105,0.643,0,0,eGFP1
13409,18:24:36,0.106,0.654,0,0,eGFP1
13410,18:24:36,0.117,0.721,0,0,eGFP1
13411,18:24:37,0.105,0.643,0,0,eGFP1
13412,18:24:38,0.140,0.765,0,0,eGFP1
13413,18:24:39,0.666,1.357,0,0,eGFP1
13414,18:24:40,0.095,0.720,0,0,eGFP1
13415,18:24:40,0.129,0.667,0,0,eGFP1
13416,18:24:41,0.117,0.654,0,0,eGFP1
13417,18:24:42,0.106,0.611,0,0,eGFP1
13418,18:24:42,0.095,0.610,0,0,eGFP1
13419,18:31:10,0.117,387.720,0,0,eGFP1
13420,18:31:11,0.204,0.830,0,0,eGFP1
13421,18:31:12,0.171,0.950,0,0,eGFP1
13422,18:31:12,0.117,0.600,0,0,eGFP1
13423,18:31:13,0.096,0.590,0,0,eGFP1
13424,18:31:14,0.105,0.797,0,0,eGFP1
13425,18:31:14,0.105,0.566,0,0,eGFP1
13426,18:31:15,0.096,0.832,0,0,eGFP1
13427,18:31:16,0.171,1.214,0,0,eGFP1
13428,18:31:18,0.895,1.773,0,0,eGFP1
13429,18:31:19,0.117,0.797,0,0,eGFP1
13430,18:31:21,0.391,2.213,0,0,eGFP1
13431,18:31:22,0.118,0.908,0,0,eGFP1
13432,18:31:23,0.139,0.819,0,0,eGFP1
13433,18:31:24,0.227,0.962,0,0,eGFP1
13434,18:31:24,0.095,0.545,0,0,eGFP1
13435,18:31:25,0.083,0.522,0,0,eGFP1
13436,18:31:26,0.139,0.874,0,0,eGFP1
13437,18:31:26,0.106,0.556,0,0,eGFP1
13438,18:31:27,0.084,0.512,0,0,eGFP1
13439,18:31:29,0.086,2.446,0,0,eGFP1
13440,18:31:30,0.391,1.170,0,0,eGFP1
13441,18:31:32,0.128,1.061,0,0,eGFP1
13442,18:31:32,0.183,0.797,0,0,eGFP1
13443,18:31:33,0.161,0.984,0,0,eGFP1
13444,18:31:34,0.095,0.534,0,0,eGFP1
13445,18:31:35,0.084,0.655,0,0,eGFP1
13446,18:31:35,0.150,0.655,0,0,eGFP1
13447,18:31:36,0.096,0.502,0,0,eGFP1
13448,18:31:36,0.095,0.786,0,0,eGFP1
13449,18:31:38,0.128,1.906,0,0,eGFP1
13450,18:31:40,0.271,1.159,0,0,eGFP1
13451,18:31:40,0.128,0.611,0,0,eGFP1
13452,18:31:41,0.084,0.567,0,0,eGFP1
13453,18:31:41,0.129,0.667,0,0,eGFP1
13454,18:31:42,0.084,0.457,0,0,eGFP1
13455,18:31:42,0.074,0.667,0,0,eGFP1
13456,18:31:43,0.138,0.731,0,0,eGFP1
13457,18:31:44,0.095,0.490,0,0,eGFP1
13458,18:31:44,0.084,0.534,0,0,eGFP1
13459,18:31:45,0.106,0.753,0,0,eGFP1
13460,18:31:46,0.095,0.753,0,0,eGFP1
13461,18:31:46,0.117,0.556,0,0,eGFP1
13462,18:31:49,0.095,2.257,0,0,eGFP1
13463,18:31:50,0.151,0.952,0,0,eGFP1
13464,18:31:50,0.139,0.633,0,0,eGFP1
13465,18:31:51,0.084,0.468,0,0,eGFP1
13466,18:31:51,0.096,0.810,0,0,eGFP1
13467,18:31:52,0.127,0.577,0,0,eGFP1
13468,18:31:53,0.084,0.633,0,0,eGFP1
13469,18:31:53,0.117,0.709,0,0,eGFP1
13470,18:31:54,0.106,0.534,0,0,eGFP1
13471,18:31:54,0.084,0.622,0,0,eGFP1
13472,18:31:55,0.118,0.568,0,0,eGFP1
13473,18:31:56,0.084,0.468,0,0,eGFP1
13474,18:31:56,0.106,0.765,0,0,eGFP1
13475,18:31:57,0.138,0.698,0,0,eGFP1
13476,18:31:58,0.106,0.655,0,0,eGFP1
13477,18:31:58,0.139,0.786,0,0,eGFP1
13478,18:31:59,0.128,0.589,0,0,eGFP1
13479,18:31:59,0.084,0.457,0,0,eGFP1
13480,18:32:00,0.076,0.493,0,0,eGFP1
13481,18:32:01,0.095,0.654,0,0,eGFP1
13482,18:32:01,0.106,0.666,0,0,eGFP1
13483,18:32:02,0.117,0.753,0,0,eGFP1
13484,18:32:03,0.117,0.699,0,0,eGFP1
13485,18:32:03,0.106,0.665,0,0,eGFP1
13486,18:32:04,0.095,0.523,0,0,eGFP1
13487,18:32:05,0.074,0.600,0,0,eGFP1
13488,18:32:05,0.140,0.700,0,0,eGFP1
13489,18:32:06,0.095,0.567,0,0,eGFP1
13490,18:32:07,0.106,0.819,0,0,eGFP1
13491,18:32:07,0.128,0.622,0,0,eGFP1
13492,18:32:08,0.073,0.468,0,0,eGFP1
13493,18:32:09,0.097,0.821,0,0,eGFP1
13494,18:32:09,0.128,0.589,0,0,eGFP1
13495,18:32:10,0.073,0.468,0,0,eGFP1
13496,18:32:10,0.096,0.755,0,0,eGFP1
13497,18:32:11,0.117,0.611,0,0,eGFP1
13498,18:32:12,0.117,0.666,0,0,eGFP1
13499,18:32:12,0.117,0.556,0,0,eGFP1
13500,18:32:13,0.084,0.479,0,0,eGFP1
13501,18:32:13,0.095,0.775,0,0,eGFP1
13502,18:32:14,0.139,0.677,0,0,eGFP1
13503,18:32:15,0.106,0.808,0,0,eGFP1
13504,18:32:15,0.119,0.569,0,0,eGFP1
13505,18:32:16,0.084,0.490,0,0,eGFP1
13506,18:32:17,0.095,0.732,0,0,eGFP1
13507,18:32:17,0.129,0.612,0,0,eGFP1
13508,18:32:18,0.095,0.688,0,0,eGFP1
13509,18:32:19,0.139,0.787,0,0,eGFP1
13510,18:32:19,0.106,0.567,0,0,eGFP1
13511,18:32:20,0.084,0.479,0,0,eGFP1
13512,18:32:21,0.097,0.678,0,0,eGFP1
13513,18:32:21,0.107,0.556,0,0,eGFP1
13514,18:32:22,0.107,0.743,0,0,eGFP1
13515,18:32:22,0.117,0.633,0,0,eGFP1
13516,18:32:23,0.117,0.666,0,0,eGFP1
13517,18:32:24,0.084,0.479,0,0,eGFP1
13518,18:32:24,0.084,0.841,0,0,eGFP1
13519,18:32:25,0.139,0.655,0,0,eGFP1
13520,18:32:26,0.109,0.702,0,0,eGFP1
13521,18:32:27,0.139,0.731,0,0,eGFP1
13522,18:32:27,0.095,0.501,0,0,eGFP1
13523,18:32:28,0.074,0.523,0,0,eGFP1
13524,18:32:28,0.107,0.666,0,0,eGFP1
13525,18:32:29,0.106,0.732,0,0,eGFP1
13526,18:32:30,0.128,0.666,0,0,eGFP1
13527,18:32:30,0.095,0.534,0,0,eGFP1
13528,18:32:31,0.096,0.755,0,0,eGFP1
13529,18:32:32,0.117,0.688,0,0,eGFP1
13530,18:32:32,0.128,0.633,0,0,eGFP1
13531,18:32:33,0.084,0.490,0,0,eGFP1
13532,18:32:33,0.095,0.556,0,0,eGFP1
13533,18:32:34,0.095,0.534,0,0,eGFP1
13534,18:32:35,0.115,0.828,0,0,eGFP1
13535,18:32:35,0.106,0.578,0,0,eGFP1
13536,18:32:36,0.128,0.842,0,0,eGFP1
13537,18:32:37,0.118,0.623,0,0,eGFP1
13538,18:32:37,0.117,0.732,0,0,eGFP1
13539,18:32:38,0.117,0.589,0,0,eGFP1
13540,18:32:39,0.084,0.600,0,0,eGFP1
13541,18:32:39,0.128,0.753,0,0,eGFP1
13542,18:32:40,0.140,0.688,0,0,eGFP1
13543,18:32:41,0.106,0.556,0,0,eGFP1
13544,18:32:41,0.096,0.743,0,0,eGFP1
13545,18:32:42,0.141,0.645,0,0,eGFP1
13546,18:32:42,0.096,0.502,0,0,eGFP1
13547,18:32:43,0.074,0.678,0,0,eGFP1
13548,18:32:44,0.128,0.831,0,0,eGFP1
13549,18:32:45,0.139,0.798,0,0,eGFP1
13550,18:32:45,0.117,0.567,0,0,eGFP1
13551,18:32:46,0.085,0.721,0,0,eGFP1
13552,18:32:47,0.118,0.590,0,0,eGFP1
13553,18:32:47,0.074,0.470,0,0,eGFP1
13554,18:32:48,0.095,0.699,0,0,eGFP1
13555,18:32:49,0.150,0.765,0,0,eGFP1
13556,18:32:49,0.128,0.798,0,0,eGFP1
13557,18:32:50,0.106,0.534,0,0,eGFP1
13558,18:32:51,0.096,0.765,0,0,eGFP1
13559,18:32:51,0.129,0.601,0,0,eGFP1
13560,18:32:52,0.097,0.546,0,0,eGFP1
13561,18:32:52,0.086,0.602,0,0,eGFP1
13562,18:32:53,0.139,0.798,0,0,eGFP1
13563,18:32:54,0.150,0.731,0,0,eGFP1
13564,18:32:55,0.107,0.634,0,0,eGFP1
13565,18:32:55,0.106,0.633,0,0,eGFP1
13566,18:32:56,0.117,0.655,0,0,eGFP1
13567,18:32:57,0.106,0.797,0,0,eGFP1
13568,18:32:57,0.107,0.557,0,0,eGFP1
13569,18:32:58,0.086,0.634,0,0,eGFP1
13570,18:32:59,0.118,0.732,0,0,eGFP1
13571,18:32:59,0.151,0.766,0,0,eGFP1
13572,18:33:02,0.106,2.257,0,0,eGFP1
13573,18:33:02,0.107,0.633,0,0,eGFP1
13574,18:33:03,0.098,0.646,0,0,eGFP1
13575,18:33:04,0.107,0.590,0,0,eGFP1
13576,18:33:04,0.106,0.776,0,0,eGFP1
13577,18:33:05,0.108,0.536,0,0,eGFP1
13578,18:33:06,0.084,0.688,0,0,eGFP1
13579,18:33:06,0.128,0.699,0,0,eGFP1
13580,18:33:07,0.106,0.699,0,0,eGFP1
13581,18:33:08,0.128,0.666,0,0,eGFP1
13582,18:33:08,0.106,0.699,0,0,eGFP1
13583,18:33:09,0.106,0.776,0,0,eGFP1
13584,18:33:10,0.106,0.545,0,0,eGFP1
13585,18:33:10,0.097,0.766,0,0,eGFP1
13586,18:33:11,0.129,0.645,0,0,eGFP1
13587,18:33:12,0.107,0.612,0,0,eGFP1
13588,18:33:12,0.085,0.578,0,0,eGFP1
13589,18:33:13,0.118,0.776,0,0,eGFP1
13590,18:33:14,0.129,0.633,0,0,eGFP1
13591,18:33:14,0.085,0.469,0,0,eGFP1
13592,18:33:15,0.085,0.875,0,0,eGFP1
13593,18:33:16,0.118,0.590,0,0,eGFP1
13594,18:33:22,0.085,5.978,0,0,eGFP1
13595,18:33:22,0.128,0.622,0,0,eGFP1
13596,18:33:23,0.118,0.710,0,0,eGFP1
13597,18:33:23,0.096,0.590,0,0,eGFP1
13598,18:33:24,0.095,0.721,0,0,eGFP1
13599,18:33:25,0.128,0.589,0,0,eGFP1
13600,18:33:25,0.073,0.458,0,0,eGFP1
13601,18:33:26,0.107,0.678,0,0,eGFP1
13602,18:33:26,0.119,0.602,0,0,eGFP1
13603,18:33:27,0.095,0.545,0,0,eGFP1
13604,18:33:28,0.118,0.622,0,0,eGFP1
13605,18:33:28,0.085,0.469,0,0,eGFP1
13606,18:33:29,0.085,0.535,0,0,eGFP1
13607,18:33:30,0.161,0.863,0,0,eGFP1
13608,18:33:30,0.096,0.513,0,0,eGFP1
13609,18:33:31,0.084,0.545,0,0,eGFP1
13610,18:33:31,0.119,0.679,0,0,eGFP1
13611,18:33:32,0.095,0.545,0,0,eGFP1
13612,18:33:33,0.129,0.787,0,0,eGFP1
13613,18:33:33,0.118,0.644,0,0,eGFP1
13614,18:33:34,0.119,0.712,0,0,eGFP1
13615,18:33:34,0.095,0.556,0,0,eGFP1
13616,18:33:40,0.107,5.078,0,0,eGFP1
13617,18:33:40,0.140,0.831,0,0,eGFP1
13618,18:33:41,0.097,0.536,0,0,eGFP1
13619,18:33:42,0.096,0.601,0,0,eGFP1
13620,18:33:42,0.106,0.611,0,0,eGFP1
13621,18:33:43,0.118,0.590,0,0,eGFP1
13622,18:33:43,0.073,0.446,0,0,eGFP1
13623,18:33:44,0.074,0.634,0,0,eGFP1
13624,18:33:44,0.150,0.666,0,0,eGFP1
13625,18:33:45,0.085,0.688,0,0,eGFP1
13626,18:33:46,0.119,0.591,0,0,eGFP1
13627,18:33:46,0.074,0.480,0,0,eGFP1
13628,18:33:47,0.108,0.755,0,0,eGFP1
13629,18:33:48,0.107,0.524,0,0,eGFP1
13630,18:33:48,0.062,0.534,0,0,eGFP1
13631,18:33:49,0.140,0.710,0,0,eGFP1
13632,18:33:49,0.096,0.535,0,0,eGFP1
13633,18:33:50,0.085,0.644,0,0,eGFP1
13634,18:33:51,0.131,0.657,0,0,eGFP1
13635,18:33:51,0.085,0.502,0,0,eGFP1
13636,18:33:52,0.096,0.711,0,0,eGFP1
13637,18:33:52,0.096,0.491,0,0,eGFP1
13638,18:33:53,0.074,0.447,0,0,eGFP1
13639,18:33:53,0.074,0.612,0,0,eGFP1
13640,18:33:54,0.129,0.634,0,0,eGFP1
13641,18:33:54,0.086,0.482,0,0,eGFP1
13642,18:33:55,0.086,0.668,0,0,eGFP1
13643,18:33:56,0.128,0.655,0,0,eGFP1
13644,18:33:56,0.085,0.513,0,0,eGFP1
13645,18:33:57,0.085,0.513,0,0,eGFP1
13646,18:33:57,0.084,0.600,0,0,eGFP1
13647,18:33:58,0.096,0.513,0,0,eGFP1
13648,18:33:58,0.085,0.524,0,0,eGFP1
13649,18:33:59,0.096,0.721,0,0,eGFP1
13650,18:34:00,0.108,0.602,0,0,eGFP1
13651,18:34:01,0.107,0.754,0,0,eGFP1
13652,18:34:01,0.118,0.656,0,0,eGFP1
13653,18:34:02,0.128,0.809,0,0,eGFP1
13654,18:34:03,0.129,0.633,0,0,eGFP1
13655,18:34:03,0.087,0.504,0,0,eGFP1
13656,18:34:04,0.096,0.546,0,0,eGFP1
13657,18:34:04,0.085,0.623,0,0,eGFP1
13658,18:34:05,0.130,0.668,0,0,eGFP1
13659,18:34:06,0.118,0.722,0,0,eGFP1
13660,18:34:06,0.107,0.546,0,0,eGFP1
13661,18:34:07,0.085,0.492,0,0,eGFP1
13662,18:34:08,0.107,0.765,0,0,eGFP1
13663,18:34:08,0.118,0.557,0,0,eGFP1
13664,18:34:09,0.086,0.635,0,0,eGFP1
13665,18:34:09,0.162,0.754,0,0,eGFP1
13666,18:34:10,0.097,0.503,0,0,eGFP1
13667,18:34:11,0.075,0.547,0,0,eGFP1
13668,18:34:11,0.119,0.778,0,0,eGFP1
13669,18:34:12,0.129,0.776,0,0,eGFP1
13670,18:34:13,0.107,0.557,0,0,eGFP1
13671,18:34:13,0.085,0.491,0,0,eGFP1
13672,18:34:14,0.096,0.765,0,0,eGFP1
13673,18:34:15,0.118,0.634,0,0,eGFP1
13674,18:34:15,0.096,0.524,0,0,eGFP1
13675,18:34:16,0.086,0.514,0,0,eGFP1
13676,18:34:16,0.096,0.765,0,0,eGFP1
13677,18:34:17,0.118,0.601,0,0,eGFP1
13678,18:34:18,0.096,0.755,0,0,eGFP1
13679,18:34:18,0.117,0.655,0,0,eGFP1
13680,18:34:19,0.108,0.569,0,0,eGFP1
13681,18:34:20,0.096,0.809,0,0,eGFP1
13682,18:34:20,0.130,0.690,0,0,eGFP1
13683,18:34:21,0.108,0.657,0,0,eGFP1
13684,18:34:22,0.140,0.722,0,0,eGFP1
13685,18:34:22,0.095,0.491,0,0,eGFP1
13686,18:34:23,0.085,0.655,0,0,eGFP1
13687,18:34:24,0.140,0.667,0,0,eGFP1
13688,18:34:24,0.085,0.469,0,0,eGFP1
13689,18:34:25,0.085,0.776,0,0,eGFP1
13690,18:34:26,0.151,0.777,0,0,eGFP1
13691,18:34:26,0.130,0.821,0,0,eGFP1
13692,18:34:27,0.151,0.963,0,0,eGFP1
13693,18:34:29,0.338,1.314,0,0,eGFP1
13694,18:34:29,0.107,0.524,0,0,eGFP1
13695,18:34:30,0.087,0.526,0,0,eGFP1
13696,18:34:31,0.129,0.787,0,0,eGFP1
13697,18:34:31,0.118,0.590,0,0,eGFP1
13698,18:34:32,0.096,0.568,0,0,eGFP1
13699,18:34:32,0.101,0.605,0,0,eGFP1
13700,18:34:33,0.108,0.624,0,0,eGFP1
13701,18:34:34,0.107,0.744,0,0,eGFP1
13702,18:34:34,0.107,0.634,0,0,eGFP1
13703,18:34:35,0.118,0.700,0,0,eGFP1
13704,18:34:36,0.129,0.623,0,0,eGFP1
13705,18:34:36,0.097,0.733,0,0,eGFP1
13706,18:34:37,0.130,0.635,0,0,eGFP1
13707,18:34:38,0.098,0.602,0,0,eGFP1
13708,18:34:38,0.107,0.623,0,0,eGFP1
13709,18:34:39,0.098,0.526,0,0,eGFP1
13710,18:34:40,0.085,0.776,0,0,eGFP1
13711,18:34:40,0.129,0.656,0,0,eGFP1
13712,18:34:41,0.096,0.469,0,0,eGFP1
13713,18:34:41,0.074,0.535,0,0,eGFP1
13714,18:34:42,0.129,0.755,0,0,eGFP1
13715,18:34:43,0.119,0.580,0,0,eGFP1
13716,18:34:43,0.085,0.524,0,0,eGFP1
13717,18:34:44,0.097,0.766,0,0,eGFP1
13718,18:34:45,0.129,0.744,0,0,eGFP1
13719,18:34:45,0.107,0.666,0,0,eGFP1
13720,18:34:46,0.140,0.733,0,0,eGFP1
13721,18:34:47,0.107,0.568,0,0,eGFP1
13722,18:34:47,0.087,0.581,0,0,eGFP1
13723,18:34:48,0.118,0.864,0,0,eGFP1
13724,18:34:49,0.128,0.622,0,0,eGFP1
13725,18:34:49,0.096,0.546,0,0,eGFP1
13726,18:34:50,0.096,0.623,0,0,eGFP1
13727,18:34:50,0.096,0.535,0,0,eGFP1
13728,18:34:51,0.085,0.535,0,0,eGFP1
13729,18:34:52,0.118,0.722,0,0,eGFP1
13730,18:34:52,0.118,0.634,0,0,eGFP1
13731,18:34:53,0.085,0.469,0,0,eGFP1
13732,18:34:53,0.076,0.460,0,0,eGFP1
13733,18:34:54,0.096,0.721,0,0,eGFP1
13734,18:34:55,0.119,0.711,0,0,eGFP1
13735,18:34:55,0.107,0.524,0,0,eGFP1
13736,18:34:56,0.087,0.526,0,0,eGFP1
13737,18:34:56,0.107,0.667,0,0,eGFP1
13738,18:34:57,0.107,0.623,0,0,eGFP1
13739,18:34:58,0.118,0.755,0,0,eGFP1
13740,18:34:58,0.119,0.712,0,0,eGFP1
13741,18:34:59,0.118,0.656,0,0,eGFP1
13742,18:35:00,0.096,0.568,0,0,eGFP1
13743,18:35:00,0.107,0.645,0,0,eGFP1
13744,18:35:01,0.096,0.634,0,0,eGFP1
13745,18:35:01,0.118,0.601,0,0,eGFP1
13746,18:35:02,0.085,0.579,0,0,eGFP1
13747,18:35:03,0.118,0.733,0,0,eGFP1
13748,18:35:03,0.108,0.515,0,0,eGFP1
13749,18:35:04,0.086,0.679,0,0,eGFP1
13750,18:35:04,0.107,0.546,0,0,eGFP1
13751,18:35:05,0.096,0.744,0,0,eGFP1
13752,18:35:06,0.140,0.722,0,0,eGFP1
13753,18:35:07,0.096,0.678,0,0,eGFP1
13754,18:35:10,0.118,3.619,0,0,eGFP1
13755,18:35:11,0.184,0.721,0,0,eGFP1
13756,18:35:12,0.098,0.658,0,0,eGFP1
13757,18:35:12,0.096,0.513,0,0,eGFP1
13758,18:35:13,0.074,0.689,0,0,eGFP1
13759,18:35:14,0.129,0.678,0,0,eGFP1
13760,18:35:14,0.107,0.579,0,0,eGFP1
13761,18:35:15,0.097,0.656,0,0,eGFP1
13762,18:35:15,0.108,0.678,0,0,eGFP1
13763,18:35:16,0.120,0.592,0,0,eGFP1
13764,18:35:17,0.088,0.592,0,0,eGFP1
13765,18:35:17,0.098,0.482,0,0,eGFP1
13766,18:35:18,0.076,0.537,0,0,eGFP1
13767,18:35:18,0.108,0.690,0,0,eGFP1
13768,18:35:19,0.119,0.602,0,0,eGFP1
13769,18:35:19,0.087,0.493,0,0,eGFP1
13770,18:35:20,0.087,0.635,0,0,eGFP1
13771,18:35:21,0.164,0.899,0,0,eGFP1
13772,18:35:22,0.110,0.681,0,0,eGFP1
13773,18:35:22,0.108,0.514,0,0,eGFP1
13774,18:35:23,0.086,0.777,0,0,eGFP1
13775,18:35:24,0.119,0.602,0,0,eGFP1
13776,18:35:24,0.087,0.624,0,0,eGFP1
13777,18:35:25,0.108,0.558,0,0,eGFP1
13778,18:35:25,0.085,0.469,0,0,eGFP1
13779,18:35:26,0.097,0.722,0,0,eGFP1
13780,18:35:27,0.131,0.636,0,0,eGFP1
13781,18:35:27,0.085,0.491,0,0,eGFP1
13782,18:35:28,0.086,0.536,0,0,eGFP1
13783,18:35:28,0.118,0.766,0,0,eGFP1
13784,18:35:29,0.107,0.568,0,0,eGFP1
13785,18:35:30,0.096,0.700,0,0,eGFP1
13786,18:35:30,0.118,0.557,0,0,eGFP1
13787,18:35:31,0.097,0.580,0,0,eGFP1
13788,18:35:32,0.118,0.766,0,0,eGFP1
13789,18:35:32,0.119,0.624,0,0,eGFP1
13790,18:35:33,0.094,0.544,0,0,eGFP1
13791,18:35:33,0.096,0.711,0,0,eGFP1
13792,18:35:34,0.107,0.623,0,0,eGFP1
13793,18:35:35,0.119,1.106,0,0,eGFP1
13794,18:35:36,0.130,0.602,0,0,eGFP1
13795,18:35:36,0.096,0.711,0,0,eGFP1
13796,18:35:37,0.162,0.689,0,0,eGFP1
13797,18:35:38,0.087,0.526,0,0,eGFP1
13798,18:35:38,0.096,0.733,0,0,eGFP1
13799,18:35:39,0.118,0.546,0,0,eGFP1
13800,18:35:39,0.086,0.492,0,0,eGFP1
13801,18:35:40,0.085,0.678,0,0,eGFP1
13802,18:35:41,0.129,0.755,0,0,eGFP1
13803,18:35:41,0.110,0.538,0,0,eGFP1
13804,18:35:42,0.075,0.481,0,0,eGFP1
13805,18:35:43,0.109,0.767,0,0,eGFP1
13806,18:35:43,0.097,0.547,0,0,eGFP1
13807,18:35:44,0.074,0.469,0,0,eGFP1
13808,18:35:44,0.086,0.503,0,0,eGFP1
13809,18:35:45,0.118,0.711,0,0,eGFP1
13810,18:35:46,0.108,0.656,0,0,eGFP1
13811,18:35:46,0.119,0.700,0,0,eGFP1
13812,18:35:47,0.108,0.547,0,0,eGFP1
13813,18:35:47,0.087,0.668,0,0,eGFP1
13814,18:35:48,0.152,0.646,0,0,eGFP1
13815,18:35:49,0.085,0.491,0,0,eGFP1
13816,18:35:49,0.087,0.757,0,0,eGFP1
13817,18:35:50,0.129,0.667,0,0,eGFP1
13818,18:35:50,0.086,0.492,0,0,eGFP1
13819,18:35:51,0.085,0.524,0,0,eGFP1
13820,18:35:52,0.097,0.821,0,0,eGFP1
13821,18:35:52,0.109,0.581,0,0,eGFP1
13822,18:35:53,0.075,0.492,0,0,eGFP1
13823,18:35:53,0.085,0.590,0,0,eGFP1
13824,18:35:54,0.130,0.766,0,0,eGFP1
13825,18:35:55,0.141,0.744,0,0,eGFP1
13826,18:35:56,0.108,0.701,0,0,eGFP1
13827,18:35:56,0.096,0.656,0,0,eGFP1
13828,18:35:57,0.119,0.678,0,0,eGFP1
13829,18:35:58,0.110,0.637,0,0,eGFP1
13830,18:35:58,0.098,0.680,0,0,eGFP1
13831,18:35:59,0.108,0.668,0,0,eGFP1
13832,18:36:00,0.108,0.624,0,0,eGFP1
13833,18:36:00,0.097,0.547,0,0,eGFP1
13834,18:36:01,0.097,0.580,0,0,eGFP1
13835,18:36:02,0.120,0.734,0,0,eGFP1
13836,18:36:02,0.109,0.602,0,0,eGFP1
13837,18:36:03,0.099,0.571,0,0,eGFP1
13838,18:36:04,0.097,0.854,0,0,eGFP1
13839,18:36:04,0.151,0.755,0,0,eGFP1
13840,18:36:05,0.108,0.667,0,0,eGFP1
13841,18:36:06,0.130,0.602,0,0,eGFP1
13842,18:36:06,0.075,0.546,0,0,eGFP1
13843,18:36:07,0.142,1.042,0,0,eGFP1
13844,18:36:08,0.152,0.657,0,0,eGFP1
13845,18:36:08,0.087,0.471,0,0,eGFP1
13846,18:36:09,0.075,0.503,0,0,eGFP1
13847,18:36:10,0.118,0.777,0,0,eGFP1
13848,18:36:10,0.107,0.524,0,0,eGFP1
13849,18:36:11,0.075,0.481,0,0,eGFP1
13850,18:36:11,0.097,0.602,0,0,eGFP1
13851,18:36:12,0.119,0.711,0,0,eGFP1
13852,18:36:12,0.119,0.569,0,0,eGFP1
13853,18:36:13,0.086,0.546,0,0,eGFP1
13854,18:36:14,0.153,0.955,0,0,eGFP1
13855,18:36:15,0.107,0.601,0,0,eGFP1
13856,18:36:15,0.108,0.668,0,0,eGFP1
13857,18:36:16,0.098,0.635,0,0,eGFP1
13858,18:36:17,0.119,0.865,0,0,eGFP1
13859,18:36:17,0.141,0.668,0,0,eGFP1
13860,18:36:18,0.097,0.547,0,0,eGFP1
13861,18:36:18,0.096,0.513,0,0,eGFP1
13862,18:36:19,0.077,0.581,0,0,eGFP1
13863,18:36:20,0.119,0.635,0,0,eGFP1
13864,18:36:21,0.131,1.173,0,0,eGFP1
13865,18:36:22,0.240,0.931,0,0,eGFP1
13866,18:36:22,0.119,0.689,0,0,eGFP1
13867,18:36:23,0.130,0.679,0,0,eGFP1
13868,18:36:24,0.095,0.523,0,0,eGFP1
13869,18:36:24,0.094,0.698,0,0,eGFP1
13870,18:36:25,0.141,0.646,0,0,eGFP1
13871,18:36:25,0.083,0.500,0,0,eGFP1
13872,18:36:26,0.095,0.556,0,0,eGFP1
13873,18:36:27,0.094,0.566,0,0,eGFP1
13874,18:36:27,0.084,0.611,0,0,eGFP1
13875,18:36:28,0.127,0.830,0,0,eGFP1
13876,18:36:29,0.138,0.742,0,0,eGFP1
13877,18:36:29,0.094,0.566,0,0,eGFP1
13878,18:36:30,0.118,0.897,0,0,eGFP1
13879,18:36:31,0.161,0.885,0,0,eGFP1
13880,18:36:32,0.138,0.665,0,0,eGFP1
13881,18:36:32,0.106,0.578,0,0,eGFP1
13882,18:36:33,0.083,0.500,0,0,eGFP1
13883,18:36:34,0.095,0.643,0,0,eGFP1
13884,18:36:35,0.195,1.205,0,0,eGFP1
13885,18:36:36,0.160,1.181,0,0,eGFP1
13886,18:36:37,0.173,0.798,0,0,eGFP1
13887,18:36:37,0.117,0.709,0,0,eGFP1
13888,18:36:38,0.128,0.698,0,0,eGFP1
13889,18:36:39,0.106,0.545,0,0,eGFP1
13890,18:36:39,0.073,0.446,0,0,eGFP1
13891,18:36:40,0.083,0.533,0,0,eGFP1
13892,18:36:41,0.139,1.083,0,0,eGFP1
13893,18:37:52,0.193,70.997,0,0,eGFP1
13894,18:37:52,0.140,0.689,0,0,eGFP1
13895,18:37:53,0.117,0.775,0,0,eGFP1
13896,18:37:54,0.095,0.512,0,0,eGFP1
13897,18:37:54,0.074,0.546,0,0,eGFP1
13898,18:37:55,0.095,0.501,0,0,eGFP1
13899,18:37:55,0.072,0.511,0,0,eGFP1
13900,18:37:56,0.117,1.159,0,0,eGFP1
13901,18:37:57,0.150,0.721,0,0,eGFP1
13902,18:37:58,0.107,0.644,0,0,eGFP1
13903,18:37:58,0.117,0.710,0,0,eGFP1
13904,18:37:59,0.094,0.577,0,0,eGFP1
13905,18:38:00,0.139,1.006,0,0,eGFP1
13906,18:38:03,0.138,2.871,0,0,eGFP1
13907,18:38:04,0.215,0.764,0,0,eGFP1
13908,18:38:04,0.106,0.698,0,0,eGFP1
13909,18:38:05,0.128,0.688,0,0,eGFP1
13910,18:38:06,0.128,1.237,0,0,eGFP1
13911,18:38:07,0.184,0.721,0,0,eGFP1
13912,18:38:08,0.095,0.600,0,0,eGFP1
13913,18:38:19,0.150,11.036,0,0,eGFP1
13914,18:38:19,0.127,0.588,0,0,eGFP1
13915,18:38:20,0.095,0.688,0,0,eGFP1
13916,18:38:21,0.105,0.566,0,0,eGFP1
13917,18:38:21,0.073,0.446,0,0,eGFP1
13918,18:38:22,0.084,0.589,0,0,eGFP1
13919,18:38:22,0.118,0.809,0,0,eGFP1
13920,18:38:23,0.139,1.017,0,0,eGFP1
13921,18:38:24,0.182,0.906,0,0,eGFP1
13922,18:38:26,0.227,1.972,0,0,eGFP1
13923,18:38:31,3.518,4.243,0,0,eGFP1
13924,18:38:32,0.173,1.061,0,0,eGFP1
13925,18:38:32,0.117,0.929,0,0,eGFP1
13926,18:38:33,0.117,0.633,0,0,eGFP1
13927,18:38:34,0.118,0.776,0,0,eGFP1
13928,18:38:35,0.128,0.688,0,0,eGFP1
13929,18:38:35,0.094,0.555,0,0,eGFP1
13930,18:38:36,0.095,0.743,0,0,eGFP1
13931,18:38:37,0.105,0.665,0,0,eGFP1
13932,18:38:37,0.106,0.655,0,0,eGFP1
13933,18:38:38,0.105,0.665,0,0,eGFP1
13934,18:38:39,0.128,0.753,0,0,eGFP1
13935,18:38:39,0.096,0.623,0,0,eGFP1
13936,18:38:40,0.117,0.622,0,0,eGFP1
13937,18:38:40,0.094,0.610,0,0,eGFP1
13938,18:38:41,0.107,0.799,0,0,eGFP1
13939,18:38:42,0.117,0.643,0,0,eGFP1
13940,18:38:43,0.139,0.808,0,0,eGFP1
13941,18:38:43,0.106,0.622,0,0,eGFP1
13942,18:38:44,0.117,0.720,0,0,eGFP1
13943,18:38:45,0.140,0.843,0,0,eGFP1
13944,18:38:46,0.117,0.621,0,0,eGFP1
13945,18:38:46,0.095,0.666,0,0,eGFP1
13946,18:38:47,0.106,0.654,0,0,eGFP1
13947,18:38:47,0.106,0.622,0,0,eGFP1
13948,18:38:48,0.106,0.655,0,0,eGFP1
13949,18:38:49,0.105,0.654,0,0,eGFP1
13950,18:38:50,0.139,0.742,0,0,eGFP1
13951,18:38:50,0.098,0.745,0,0,eGFP1
13952,18:38:52,0.798,1.643,0,0,eGFP1
13953,18:38:53,0.094,0.687,0,0,eGFP1
13954,18:38:53,0.117,0.622,0,0,eGFP1
13955,18:38:54,0.116,0.720,0,0,eGFP1
13956,18:38:55,0.095,0.611,0,0,eGFP1
13957,18:38:55,0.128,0.863,0,0,eGFP1
13958,18:38:56,0.172,0.775,0,0,eGFP1
13959,18:38:57,0.107,0.733,0,0,eGFP1
13960,18:38:58,0.150,0.764,0,0,eGFP1
13961,18:38:58,0.084,0.578,0,0,eGFP1
13962,18:38:59,0.117,0.677,0,0,eGFP1
13963,18:39:00,0.117,0.863,0,0,eGFP1
13964,18:39:01,0.128,0.743,0,0,eGFP1
13965,18:39:01,0.151,0.820,0,0,eGFP1
13966,18:39:02,0.194,1.116,0,0,eGFP1
13967,18:39:03,0.118,0.689,0,0,eGFP1
13968,18:39:04,0.172,0.841,0,0,eGFP1
13969,18:39:05,0.161,0.907,0,0,eGFP1
13970,18:39:06,0.095,0.589,0,0,eGFP1
13971,18:39:06,0.117,0.786,0,0,eGFP1
13972,18:39:07,0.139,0.907,0,0,eGFP1
13973,18:39:08,0.139,0.699,0,0,eGFP1
13974,18:39:09,0.106,0.611,0,0,eGFP1
13975,18:39:09,0.129,0.820,0,0,eGFP1
13976,18:39:10,0.106,0.633,0,0,eGFP1
13977,18:39:11,0.106,0.611,0,0,eGFP1
13978,18:39:11,0.118,0.853,0,0,eGFP1
13979,18:39:12,0.161,0.886,0,0,eGFP1
13980,18:39:13,0.161,0.885,0,0,eGFP1
13981,18:39:14,0.106,0.677,0,0,eGFP1
13982,18:39:15,0.106,0.644,0,0,eGFP1
13983,18:39:15,0.117,0.951,0,0,eGFP1
13984,18:39:16,0.140,0.887,0,0,eGFP1
13985,18:39:17,0.117,0.655,0,0,eGFP1
13986,18:39:18,0.128,0.676,0,0,eGFP1
13987,18:39:18,0.107,0.666,0,0,eGFP1
13988,18:39:19,0.118,0.831,0,0,eGFP1
13989,18:39:21,0.106,2.290,0,0,eGFP1
13990,18:39:22,0.117,0.666,0,0,eGFP1
13991,18:39:23,0.128,0.841,0,0,eGFP1
13992,18:39:24,0.109,0.669,0,0,eGFP1
13993,18:39:24,0.106,0.764,0,0,eGFP1
13994,18:39:25,0.150,0.852,0,0,eGFP1
13995,18:39:26,0.161,0.875,0,0,eGFP1
13996,18:39:27,0.139,0.731,0,0,eGFP1
13997,18:39:27,0.084,0.567,0,0,eGFP1
13998,18:39:28,0.128,0.776,0,0,eGFP1
13999,18:39:29,0.095,0.687,0,0,eGFP1
14000,18:39:30,0.130,0.678,0,0,eGFP1
14001,18:39:30,0.117,0.754,0,0,eGFP1
14002,18:39:31,0.128,0.830,0,0,eGFP1
14003,18:39:32,0.139,0.743,0,0,eGFP1
14004,18:39:33,0.161,0.885,0,0,eGFP1
14005,18:39:34,0.097,0.766,0,0,eGFP1
14006,18:39:34,0.161,0.721,0,0,eGFP1
14007,18:39:35,0.139,0.808,0,0,eGFP1
14008,18:39:36,0.140,0.865,0,0,eGFP1
14009,18:39:37,0.161,0.753,0,0,eGFP1
14010,18:39:37,0.128,0.776,0,0,eGFP1
14011,18:39:38,0.117,0.611,0,0,eGFP1
14012,18:39:39,0.106,0.731,0,0,eGFP1
14013,18:39:40,0.117,0.688,0,0,eGFP1
14014,18:39:40,0.139,0.852,0,0,eGFP1
14015,18:39:41,0.161,0.732,0,0,eGFP1
14016,18:39:42,0.108,0.766,0,0,eGFP1
14017,18:39:42,0.106,0.611,0,0,eGFP1
14018,18:39:43,0.117,0.644,0,0,eGFP1
14019,18:39:44,0.104,0.795,0,0,eGFP1
14020,18:39:45,0.161,0.776,0,0,eGFP1
14021,18:39:45,0.117,0.687,0,0,eGFP1
14022,18:39:46,0.118,0.688,0,0,eGFP1
14023,18:39:47,0.128,0.754,0,0,eGFP1
14024,18:39:48,0.151,0.799,0,0,eGFP1
14025,18:39:48,0.095,0.589,0,0,eGFP1
14026,18:39:49,0.140,0.820,0,0,eGFP1
14027,18:39:50,0.172,0.874,0,0,eGFP1
14028,18:39:51,0.118,0.743,0,0,eGFP1
14029,18:39:51,0.129,0.798,0,0,eGFP1
14030,18:39:52,0.140,0.820,0,0,eGFP1
14031,18:39:53,0.117,0.798,0,0,eGFP1
14032,18:39:54,0.142,0.669,0,0,eGFP1
14033,18:39:54,0.106,0.731,0,0,eGFP1
14034,18:39:55,0.139,0.798,0,0,eGFP1
14035,18:39:56,0.117,0.754,0,0,eGFP1
14036,18:39:57,0.150,0.797,0,0,eGFP1
14037,18:39:58,0.128,0.864,0,0,eGFP1
14038,18:39:59,0.172,0.841,0,0,eGFP1
14039,18:39:59,0.106,0.611,0,0,eGFP1
14040,18:40:00,0.119,0.755,0,0,eGFP1
14041,18:40:01,0.150,0.798,0,0,eGFP1
14042,18:40:01,0.095,0.578,0,0,eGFP1
14043,18:40:02,0.128,0.743,0,0,eGFP1
14044,18:40:03,0.106,0.600,0,0,eGFP1
14045,18:40:03,0.108,0.722,0,0,eGFP1
14046,18:40:04,0.117,0.622,0,0,eGFP1
14047,18:40:05,0.106,0.875,0,0,eGFP1
14048,18:40:05,0.128,0.633,0,0,eGFP1
14049,18:40:06,0.107,0.612,0,0,eGFP1
14050,18:40:07,0.139,0.918,0,0,eGFP1
14051,18:40:08,0.173,0.886,0,0,eGFP1
14052,18:40:08,0.095,0.600,0,0,eGFP1
14053,18:40:09,0.128,0.743,0,0,eGFP1
14054,18:40:10,0.095,0.655,0,0,eGFP1
14055,18:40:11,0.139,0.754,0,0,eGFP1
14056,18:40:12,0.117,0.984,0,0,eGFP1
14057,18:40:12,0.108,0.755,0,0,eGFP1
14058,18:40:13,0.161,0.831,0,0,eGFP1
14059,18:40:14,0.140,0.821,0,0,eGFP1
14060,18:40:15,0.150,0.863,0,0,eGFP1
14061,18:40:16,0.161,0.754,0,0,eGFP1
14062,18:40:18,0.106,2.246,0,0,eGFP1
14063,18:40:19,0.118,0.622,0,0,eGFP1
14064,18:40:19,0.118,0.820,0,0,eGFP1
14065,18:40:20,0.097,0.700,0,0,eGFP1
14066,18:40:21,0.162,0.710,0,0,eGFP1
14067,18:40:22,0.129,0.787,0,0,eGFP1
14068,18:40:22,0.095,0.732,0,0,eGFP1
14069,18:40:23,0.117,0.655,0,0,eGFP1
14070,18:40:24,0.139,0.809,0,0,eGFP1
14071,18:40:24,0.095,0.666,0,0,eGFP1
14072,18:40:25,0.119,0.634,0,0,eGFP1
14073,18:40:26,0.108,0.635,0,0,eGFP1
14074,18:40:26,0.117,0.666,0,0,eGFP1
14075,18:40:27,0.106,0.732,0,0,eGFP1
14076,18:40:28,0.128,0.688,0,0,eGFP1
14077,18:40:28,0.128,0.732,0,0,eGFP1
14078,18:40:29,0.106,0.666,0,0,eGFP1
14079,18:40:30,0.106,0.710,0,0,eGFP1
14080,18:40:30,0.128,0.644,0,0,eGFP1
14081,18:40:31,0.108,0.678,0,0,eGFP1
14082,18:40:32,0.140,0.842,0,0,eGFP1
14083,18:40:33,0.106,0.699,0,0,eGFP1
14084,18:40:33,0.161,0.765,0,0,eGFP1
14085,18:40:34,0.095,0.644,0,0,eGFP1
14086,18:40:35,0.100,0.682,0,0,eGFP1
14087,18:40:36,0.140,0.754,0,0,eGFP1
14088,18:40:36,0.107,0.634,0,0,eGFP1
14089,18:40:37,0.097,0.668,0,0,eGFP1
14090,18:40:38,0.140,0.722,0,0,eGFP1
14091,18:40:38,0.129,0.798,0,0,eGFP1
14092,18:40:39,0.107,0.678,0,0,eGFP1
14093,18:40:40,0.118,0.656,0,0,eGFP1
14094,18:40:40,0.118,0.645,0,0,eGFP1
14095,18:40:41,0.096,0.612,0,0,eGFP1
14096,18:40:42,0.107,0.666,0,0,eGFP1
14097,18:40:42,0.098,0.658,0,0,eGFP1
14098,18:40:43,0.128,0.765,0,0,eGFP1
14099,18:40:44,0.108,0.733,0,0,eGFP1
14100,18:40:45,0.140,0.721,0,0,eGFP1
14101,18:40:45,0.129,0.677,0,0,eGFP1
14102,18:40:46,0.118,0.678,0,0,eGFP1
14103,18:40:47,0.106,0.655,0,0,eGFP1
14104,18:40:47,0.128,0.699,0,0,eGFP1
14105,18:40:48,0.108,0.624,0,0,eGFP1
14106,18:40:48,0.117,0.611,0,0,eGFP1
14107,18:40:49,0.107,0.743,0,0,eGFP1
14108,18:40:50,0.140,0.710,0,0,eGFP1
14109,18:40:51,0.107,0.688,0,0,eGFP1
14110,18:40:51,0.118,0.623,0,0,eGFP1
14111,18:40:52,0.095,0.611,0,0,eGFP1
14112,18:40:52,0.107,0.601,0,0,eGFP1
14113,18:40:53,0.097,0.634,0,0,eGFP1
14114,18:40:54,0.097,0.690,0,0,eGFP1
14115,18:40:55,0.139,0.809,0,0,eGFP1
14116,18:40:55,0.139,0.776,0,0,eGFP1
14117,18:40:56,0.128,0.962,0,0,eGFP1
14118,18:41:03,4.573,6.592,0,0,eGFP1
14119,18:41:04,0.096,0.700,0,0,eGFP1
14120,18:41:05,0.117,0.951,0,0,eGFP1
14121,18:41:05,0.206,0.754,0,0,eGFP1
14122,18:41:06,0.097,0.657,0,0,eGFP1
14123,18:41:07,0.107,0.557,0,0,eGFP1
14124,18:41:07,0.095,0.754,0,0,eGFP1
14125,18:41:08,0.139,0.721,0,0,eGFP1
14126,18:41:09,0.097,0.657,0,0,eGFP1
14127,18:41:09,0.117,0.600,0,0,eGFP1
14128,18:41:10,0.085,0.557,0,0,eGFP1
14129,18:41:10,0.106,0.622,0,0,eGFP1
14130,18:41:11,0.097,0.569,0,0,eGFP1
14131,18:41:12,0.107,0.611,0,0,eGFP1
14132,18:41:12,0.096,0.590,0,0,eGFP1
14133,18:41:13,0.118,0.644,0,0,eGFP1
14134,18:41:14,0.107,0.678,0,0,eGFP1
14135,18:41:14,0.096,0.557,0,0,eGFP1
14136,18:41:15,0.095,0.655,0,0,eGFP1
14137,18:41:15,0.107,0.666,0,0,eGFP1
14138,18:41:16,0.119,0.635,0,0,eGFP1
14139,18:41:17,0.096,0.623,0,0,eGFP1
14140,18:41:17,0.108,0.701,0,0,eGFP1
14141,18:41:18,0.161,0.732,0,0,eGFP1
14142,18:41:19,0.107,0.655,0,0,eGFP1
14143,18:41:19,0.096,0.634,0,0,eGFP1
14144,18:41:20,0.129,0.677,0,0,eGFP1
14145,18:41:21,0.107,0.678,0,0,eGFP1
14146,18:41:21,0.130,0.678,0,0,eGFP1
14147,18:41:22,0.107,0.634,0,0,eGFP1
14148,18:41:23,0.096,0.623,0,0,eGFP1
14149,18:41:23,0.128,0.699,0,0,eGFP1
14150,18:41:24,0.096,0.677,0,0,eGFP1
14151,18:41:25,0.129,0.700,0,0,eGFP1
14152,18:41:25,0.118,0.644,0,0,eGFP1
14153,18:41:26,0.098,0.635,0,0,eGFP1
14154,18:41:27,0.120,0.669,0,0,eGFP1
14155,18:41:27,0.096,0.645,0,0,eGFP1
14156,18:41:29,0.195,1.511,0,0,eGFP1
14157,18:41:29,0.086,0.645,0,0,eGFP1
14158,18:41:30,0.174,0.755,0,0,eGFP1
14159,18:41:31,0.096,0.601,0,0,eGFP1
14160,18:41:32,0.119,0.689,0,0,eGFP1
14161,18:41:32,0.118,0.700,0,0,eGFP1
14162,18:41:33,0.109,0.701,0,0,eGFP1
14163,18:41:34,0.140,0.733,0,0,eGFP1
14164,18:41:34,0.107,0.644,0,0,eGFP1
14165,18:41:35,0.118,0.645,0,0,eGFP1
14166,18:41:36,0.096,0.612,0,0,eGFP1
14167,18:41:36,0.108,0.613,0,0,eGFP1
14168,18:41:37,0.118,0.655,0,0,eGFP1
14169,18:41:37,0.096,0.634,0,0,eGFP1
14170,18:41:38,0.097,0.558,0,0,eGFP1
14171,18:41:39,0.107,0.711,0,0,eGFP1
14172,18:41:39,0.118,0.601,0,0,eGFP1
14173,18:41:40,0.106,0.655,0,0,eGFP1
14174,18:41:41,0.107,0.634,0,0,eGFP1
14175,18:41:41,0.118,0.666,0,0,eGFP1
14176,18:41:42,0.107,0.612,0,0,eGFP1
14177,18:41:43,0.107,0.689,0,0,eGFP1
14178,18:41:43,0.151,0.710,0,0,eGFP1
14179,18:41:44,0.120,0.811,0,0,eGFP1
14180,18:41:45,0.097,0.580,0,0,eGFP1
14181,18:41:45,0.107,0.722,0,0,eGFP1
14182,18:41:46,0.140,0.754,0,0,eGFP1
14183,18:41:47,0.085,0.601,0,0,eGFP1
14184,18:41:48,0.129,0.732,0,0,eGFP1
14185,18:41:48,0.140,0.733,0,0,eGFP1
14186,18:41:49,0.129,0.853,0,0,eGFP1
14187,18:41:50,0.130,0.767,0,0,eGFP1
14188,18:41:51,0.118,0.710,0,0,eGFP1
14189,18:41:51,0.140,0.700,0,0,eGFP1
14190,18:41:52,0.096,0.656,0,0,eGFP1
14191,18:41:53,0.140,0.699,0,0,eGFP1
14192,18:41:53,0.096,0.843,0,0,eGFP1
14193,18:41:54,0.161,0.798,0,0,eGFP1
14194,18:41:55,0.108,0.624,0,0,eGFP1
14195,18:41:55,0.109,0.603,0,0,eGFP1
14196,18:41:56,0.096,0.656,0,0,eGFP1
14197,18:41:57,0.097,0.667,0,0,eGFP1
14198,18:41:57,0.130,0.657,0,0,eGFP1
14199,18:41:58,0.096,0.667,0,0,eGFP1
14200,18:41:59,0.107,0.656,0,0,eGFP1
14201,18:41:59,0.108,0.591,0,0,eGFP1
14202,18:42:00,0.107,0.722,0,0,eGFP1
14203,18:42:01,0.142,0.756,0,0,eGFP1
14204,18:42:01,0.108,0.635,0,0,eGFP1
14205,18:42:02,0.118,0.799,0,0,eGFP1
14206,18:42:03,0.129,0.744,0,0,eGFP1
14207,18:42:04,0.141,0.734,0,0,eGFP1
14208,18:42:04,0.129,0.688,0,0,eGFP1
14209,18:42:05,0.097,0.612,0,0,eGFP1
14210,18:42:06,0.129,0.810,0,0,eGFP1
14211,18:42:06,0.097,0.613,0,0,eGFP1
14212,18:42:07,0.118,0.788,0,0,eGFP1
14213,18:42:08,0.107,0.634,0,0,eGFP1
14214,18:42:09,0.129,0.875,0,0,eGFP1
14215,18:42:10,0.107,0.820,0,0,eGFP1
14216,18:42:10,0.151,0.744,0,0,eGFP1
14217,18:42:11,0.107,0.612,0,0,eGFP1
14218,18:42:12,0.096,0.612,0,0,eGFP1
14219,18:42:12,0.112,0.693,0,0,eGFP1
14220,18:42:13,0.086,0.613,0,0,eGFP1
14221,18:42:15,0.175,2.260,0,0,eGFP1
14222,18:42:16,0.108,0.667,0,0,eGFP1
14223,18:42:17,0.130,0.788,0,0,eGFP1
14224,18:42:17,0.108,0.635,0,0,eGFP1
14225,18:42:18,0.097,0.601,0,0,eGFP1
14226,18:42:18,0.108,0.613,0,0,eGFP1
14227,18:42:19,0.109,0.647,0,0,eGFP1
14228,18:42:20,0.096,0.634,0,0,eGFP1
14229,18:42:21,0.107,0.776,0,0,eGFP1
14230,18:42:21,0.151,0.645,0,0,eGFP1
14231,18:42:22,0.097,0.612,0,0,eGFP1
14232,18:42:22,0.108,0.700,0,0,eGFP1
14233,18:42:23,0.129,0.821,0,0,eGFP1
14234,18:42:24,0.108,0.646,0,0,eGFP1
14235,18:42:25,0.140,0.667,0,0,eGFP1
14236,18:42:25,0.106,0.666,0,0,eGFP1
14237,18:42:26,0.151,0.700,0,0,eGFP1
14238,18:42:27,0.096,0.634,0,0,eGFP1
14239,18:42:27,0.129,0.700,0,0,eGFP1
14240,18:42:28,0.107,0.601,0,0,eGFP1
14241,18:42:29,0.096,0.623,0,0,eGFP1
14242,18:42:29,0.096,0.601,0,0,eGFP1
14243,18:42:30,0.096,0.623,0,0,eGFP1
14244,18:42:30,0.109,0.624,0,0,eGFP1
14245,18:42:31,0.108,0.656,0,0,eGFP1
14246,18:42:32,0.119,0.634,0,0,eGFP1
14247,18:42:32,0.119,0.700,0,0,eGFP1
14248,18:42:33,0.109,0.844,0,0,eGFP1
14249,18:42:35,0.579,1.304,0,0,eGFP1
14250,18:42:35,0.107,0.601,0,0,eGFP1
14251,18:42:36,0.096,0.700,0,0,eGFP1
14252,18:42:36,0.130,0.635,0,0,eGFP1
14253,18:42:38,0.086,1.150,0,0,eGFP1
14254,18:42:39,0.327,0.908,0,0,eGFP1
14255,18:42:39,0.097,0.646,0,0,eGFP1
14256,18:42:40,0.096,0.765,0,0,eGFP1
14257,18:42:41,0.152,0.700,0,0,eGFP1
14258,18:42:41,0.097,0.580,0,0,eGFP1
14259,18:42:42,0.096,0.590,0,0,eGFP1
14260,18:42:42,0.097,0.679,0,0,eGFP1
14261,18:42:43,0.109,0.701,0,0,eGFP1
14262,18:42:44,0.130,0.689,0,0,eGFP1
14263,18:42:44,0.097,0.613,0,0,eGFP1
14264,18:42:45,0.151,0.721,0,0,eGFP1
14265,18:42:46,0.086,0.558,0,0,eGFP1
14266,18:42:46,0.085,0.656,0,0,eGFP1
14267,18:42:47,0.129,0.711,0,0,eGFP1
14268,18:42:48,0.131,0.745,0,0,eGFP1
14269,18:42:48,0.097,0.579,0,0,eGFP1
14270,18:42:49,0.086,0.580,0,0,eGFP1
14271,18:42:50,0.107,0.689,0,0,eGFP1
14272,18:42:50,0.173,0.733,0,0,eGFP1
14273,18:42:51,0.107,0.809,0,0,eGFP1
14274,18:42:52,0.097,0.602,0,0,eGFP1
14275,18:42:53,0.137,0.774,0,0,eGFP1
14276,18:42:53,0.098,0.602,0,0,eGFP1
14277,18:42:54,0.130,0.689,0,0,eGFP1
14278,18:42:55,0.108,0.646,0,0,eGFP1
14279,18:42:55,0.129,0.798,0,0,eGFP1
14280,18:42:56,0.141,0.755,0,0,eGFP1
14281,18:42:57,0.119,0.711,0,0,eGFP1
14282,18:42:57,0.097,0.635,0,0,eGFP1
14283,18:42:58,0.151,0.820,0,0,eGFP1
14284,18:42:59,0.099,0.615,0,0,eGFP1
14285,18:43:00,0.119,0.744,0,0,eGFP1
14286,18:43:00,0.108,0.624,0,0,eGFP1
14287,18:43:01,0.108,0.646,0,0,eGFP1
14288,18:43:02,0.120,0.691,0,0,eGFP1
14289,18:43:02,0.119,0.755,0,0,eGFP1
14290,18:43:03,0.120,0.624,0,0,eGFP1
14291,18:43:04,0.110,0.801,0,0,eGFP1
14292,18:43:04,0.099,0.604,0,0,eGFP1
14293,18:43:05,0.173,0.875,0,0,eGFP1
14294,18:43:06,0.097,0.810,0,0,eGFP1
14295,18:43:07,0.130,0.656,0,0,eGFP1
14296,18:43:07,0.108,0.766,0,0,eGFP1
14297,18:43:08,0.097,0.569,0,0,eGFP1
14298,18:43:09,0.096,0.623,0,0,eGFP1
14299,18:43:09,0.119,0.744,0,0,eGFP1
14300,18:43:10,0.097,0.580,0,0,eGFP1
14301,18:43:11,0.121,0.867,0,0,eGFP1
14302,18:43:11,0.097,0.591,0,0,eGFP1
14303,18:43:12,0.097,0.712,0,0,eGFP1
14304,18:43:13,0.119,0.833,0,0,eGFP1
14305,18:43:14,0.141,0.635,0,0,eGFP1
14306,18:43:14,0.119,0.854,0,0,eGFP1
14307,18:43:15,0.119,0.723,0,0,eGFP1
14308,18:43:16,0.130,0.624,0,0,eGFP1
14309,18:43:17,0.099,0.691,0,0,eGFP1
14310,18:43:17,0.130,0.646,0,0,eGFP1
14311,18:43:18,0.097,0.668,0,0,eGFP1
14312,18:43:19,0.119,0.668,0,0,eGFP1
14313,18:43:19,0.119,0.657,0,0,eGFP1
14314,18:43:20,0.097,0.646,0,0,eGFP1
14315,18:43:21,0.098,0.702,0,0,eGFP1
14316,18:43:21,0.118,0.667,0,0,eGFP1
14317,18:43:22,0.109,0.647,0,0,eGFP1
14318,18:43:22,0.107,0.623,0,0,eGFP1
14319,18:43:23,0.119,0.634,0,0,eGFP1
14320,18:43:24,0.108,0.690,0,0,eGFP1
14321,18:43:24,0.129,0.700,0,0,eGFP1
14322,18:43:25,0.119,0.755,0,0,eGFP1
14323,18:43:26,0.130,0.613,0,0,eGFP1
14324,18:43:27,0.085,1.194,0,0,eGFP1
14325,18:43:31,3.631,4.290,0,0,eGFP1
14326,18:43:32,0.107,0.722,0,0,eGFP1
14327,18:43:33,0.140,0.700,0,0,eGFP1
14328,18:43:33,0.098,0.702,0,0,eGFP1
14329,18:43:34,0.107,0.546,0,0,eGFP1
14330,18:43:35,0.119,0.788,0,0,eGFP1
14331,18:43:35,0.097,0.558,0,0,eGFP1
14332,18:43:36,0.097,0.624,0,0,eGFP1
14333,18:43:37,0.087,0.548,0,0,eGFP1
14334,18:43:37,0.107,0.590,0,0,eGFP1
14335,18:43:38,0.097,0.656,0,0,eGFP1
14336,18:43:38,0.119,0.657,0,0,eGFP1
14337,18:43:39,0.086,0.601,0,0,eGFP1
14338,18:43:40,0.119,0.701,0,0,eGFP1
14339,18:43:40,0.107,0.623,0,0,eGFP1
14340,18:43:41,0.097,0.591,0,0,eGFP1
14341,18:43:42,0.109,0.669,0,0,eGFP1
14342,18:43:42,0.131,0.679,0,0,eGFP1
14343,18:43:43,0.097,0.668,0,0,eGFP1
14344,18:43:44,0.107,0.700,0,0,eGFP1
14345,18:43:44,0.130,0.623,0,0,eGFP1
14346,18:43:45,0.097,0.811,0,0,eGFP1
14347,18:43:46,0.129,0.722,0,0,eGFP1
14348,18:43:46,0.119,0.667,0,0,eGFP1
14349,18:43:47,0.110,0.780,0,0,eGFP1
14350,18:43:48,0.119,0.668,0,0,eGFP1
14351,18:43:49,0.108,0.635,0,0,eGFP1
14352,18:43:49,0.098,0.591,0,0,eGFP1
14353,18:43:50,0.109,0.658,0,0,eGFP1
14354,18:43:51,0.097,0.766,0,0,eGFP1
14355,18:43:51,0.132,0.637,0,0,eGFP1
14356,18:43:52,0.098,0.910,0,0,eGFP1
14357,18:43:53,0.109,0.614,0,0,eGFP1
14358,18:43:54,0.108,0.766,0,0,eGFP1
14359,18:43:54,0.141,0.778,0,0,eGFP1
14360,18:43:55,0.104,0.653,0,0,eGFP1
14361,18:43:56,0.116,0.643,0,0,eGFP1
14362,18:43:56,0.095,0.808,0,0,eGFP1
14363,18:43:57,0.149,0.698,0,0,eGFP1
14364,18:43:58,0.095,0.720,0,0,eGFP1
14365,18:43:59,0.106,0.698,0,0,eGFP1
14366,18:43:59,0.129,0.777,0,0,eGFP1
14367,18:44:00,0.116,0.895,0,0,eGFP1
14368,18:44:01,0.128,0.764,0,0,eGFP1
14369,18:44:03,0.184,2.028,0,0,eGFP1
14370,18:44:04,0.116,0.632,0,0,eGFP1
14371,18:44:04,0.106,0.610,0,0,eGFP1
14372,18:44:05,0.095,0.567,0,0,eGFP1
14373,18:44:05,0.105,0.599,0,0,eGFP1
14374,18:44:06,0.096,0.733,0,0,eGFP1
14375,18:44:07,0.116,0.654,0,0,eGFP1
14376,18:44:07,0.106,0.720,0,0,eGFP1
14377,18:44:08,0.106,0.600,0,0,eGFP1
14378,18:44:09,0.105,0.654,0,0,eGFP1
14379,18:44:09,0.116,0.753,0,0,eGFP1
14380,18:44:10,0.116,0.742,0,0,eGFP1
14381,18:44:11,0.128,0.632,0,0,eGFP1
14382,18:44:11,0.087,0.581,0,0,eGFP1
14383,18:44:12,0.105,0.610,0,0,eGFP1
14384,18:44:13,0.095,0.643,0,0,eGFP1
14385,18:44:13,0.139,0.742,0,0,eGFP1
14386,18:44:14,0.095,0.666,0,0,eGFP1
14387,18:44:15,0.116,0.654,0,0,eGFP1
14388,18:44:15,0.095,0.599,0,0,eGFP1
14389,18:44:16,0.084,0.589,0,0,eGFP1
14390,18:44:17,0.107,0.623,0,0,eGFP1
14391,18:44:17,0.083,0.566,0,0,eGFP1
14392,18:44:18,0.117,0.676,0,0,eGFP1
14393,18:44:18,0.095,0.644,0,0,eGFP1
14394,18:44:19,0.127,0.632,0,0,eGFP1
14395,18:44:20,0.095,1.104,0,0,eGFP1
14396,18:44:21,0.151,0.645,0,0,eGFP1
14397,18:44:21,0.095,0.611,0,0,eGFP1
14398,18:44:22,0.107,0.754,0,0,eGFP1
14399,18:44:23,0.106,0.567,0,0,eGFP1
14400,18:44:24,0.105,0.852,0,0,eGFP1
14401,18:44:24,0.094,0.632,0,0,eGFP1
14402,18:44:25,0.259,1.005,0,0,eGFP1
14403,18:44:26,0.106,0.666,0,0,eGFP1
14404,18:44:27,0.127,0.709,0,0,eGFP1
14405,18:44:27,0.095,0.589,0,0,eGFP1
14406,18:44:28,0.118,0.699,0,0,eGFP1
14407,18:44:28,0.095,0.578,0,0,eGFP1
14408,18:44:29,0.105,0.632,0,0,eGFP1
14409,18:44:30,0.096,0.689,0,0,eGFP1
14410,18:44:30,0.095,0.589,0,0,eGFP1
14411,18:44:31,0.116,0.698,0,0,eGFP1
14412,18:44:32,0.117,0.665,0,0,eGFP1
14413,18:44:32,0.117,0.666,0,0,eGFP1
14414,18:44:33,0.107,0.645,0,0,eGFP1
14415,18:44:34,0.117,0.819,0,0,eGFP1
14416,18:44:34,0.117,0.589,0,0,eGFP1
14417,18:44:35,0.095,0.764,0,0,eGFP1
14418,18:44:36,0.128,0.831,0,0,eGFP1
14419,18:44:37,0.116,0.577,0,0,eGFP1
14420,18:44:37,0.095,0.655,0,0,eGFP1
14421,18:44:38,0.139,0.699,0,0,eGFP1
14422,18:44:39,0.085,0.579,0,0,eGFP1
14423,18:44:39,0.118,0.645,0,0,eGFP1
14424,18:44:40,0.094,0.731,0,0,eGFP1
14425,18:44:41,0.117,0.841,0,0,eGFP1
14426,18:44:42,0.194,0.797,0,0,eGFP1
14427,18:44:42,0.095,0.742,0,0,eGFP1
14428,18:44:43,0.128,0.655,0,0,eGFP1
14429,18:44:44,0.150,0.819,0,0,eGFP1
14430,18:44:44,0.095,0.633,0,0,eGFP1
14431,18:44:46,0.195,1.435,0,0,eGFP1
14432,18:44:46,0.105,0.566,0,0,eGFP1
14433,18:44:47,0.095,0.732,0,0,eGFP1
14434,18:44:48,0.128,0.599,0,0,eGFP1
14435,18:44:49,0.106,0.743,0,0,eGFP1
14436,18:44:49,0.129,0.700,0,0,eGFP1
14437,18:44:50,0.127,0.863,0,0,eGFP1
14438,18:44:51,0.105,0.555,0,0,eGFP1
14439,18:44:51,0.097,0.667,0,0,eGFP1
14440,18:44:52,0.117,0.622,0,0,eGFP1
14441,18:44:53,0.095,0.698,0,0,eGFP1
14442,18:44:53,0.117,0.721,0,0,eGFP1
14443,18:44:54,0.116,0.632,0,0,eGFP1
14444,18:44:55,0.117,0.721,0,0,eGFP1
14445,18:44:55,0.095,0.577,0,0,eGFP1
14446,18:44:56,0.106,0.666,0,0,eGFP1
14447,18:44:57,0.107,0.612,0,0,eGFP1
14448,18:44:58,0.117,1.346,0,0,eGFP1
14449,18:44:59,0.139,0.644,0,0,eGFP1
14450,18:44:59,0.107,0.645,0,0,eGFP1
14451,18:45:00,0.116,0.621,0,0,eGFP1
14452,18:45:00,0.106,0.633,0,0,eGFP1
14453,18:45:01,0.095,0.665,0,0,eGFP1
14454,18:45:02,0.106,0.578,0,0,eGFP1
14455,18:45:02,0.107,0.634,0,0,eGFP1
14456,18:45:03,0.117,0.600,0,0,eGFP1
14457,18:45:04,0.117,0.742,0,0,eGFP1
14458,18:45:04,0.095,0.512,0,0,eGFP1
14459,18:45:07,0.084,2.564,0,0,eGFP1
14460,18:45:07,0.117,0.655,0,0,eGFP1
14461,18:45:08,0.117,0.655,0,0,eGFP1
14462,18:45:09,0.106,0.632,0,0,eGFP1
14463,18:45:09,0.109,0.713,0,0,eGFP1
14464,18:45:10,0.106,0.599,0,0,eGFP1
14465,18:45:11,0.106,0.622,0,0,eGFP1
14466,18:45:11,0.106,0.578,0,0,eGFP1
14467,18:45:12,0.106,0.644,0,0,eGFP1
14468,18:45:13,0.095,0.665,0,0,eGFP1
14469,18:45:13,0.128,0.633,0,0,eGFP1
14470,18:45:14,0.084,0.644,0,0,eGFP1
14471,18:45:15,0.129,0.809,0,0,eGFP1
14472,18:45:15,0.150,0.743,0,0,eGFP1
14473,18:45:16,0.095,0.589,0,0,eGFP1
14474,18:45:17,0.117,0.742,0,0,eGFP1
14475,18:45:17,0.084,0.578,0,0,eGFP1
14476,18:45:18,0.128,0.677,0,0,eGFP1
14477,18:45:19,0.096,0.678,0,0,eGFP1
14478,18:45:19,0.128,0.731,0,0,eGFP1
14479,18:45:20,0.086,0.744,0,0,eGFP1
14480,18:45:21,0.129,0.622,0,0,eGFP1
14481,18:45:21,0.096,0.721,0,0,eGFP1
14482,18:45:22,0.106,0.688,0,0,eGFP1
14483,18:45:23,0.128,0.754,0,0,eGFP1
14484,18:45:24,0.095,0.655,0,0,eGFP1
14485,18:45:24,0.172,0.753,0,0,eGFP1
14486,18:45:25,0.095,0.633,0,0,eGFP1
14487,18:45:26,0.130,0.799,0,0,eGFP1
14488,18:45:27,0.161,0.798,0,0,eGFP1
14489,18:45:27,0.095,0.665,0,0,eGFP1
14490,18:45:28,0.130,0.634,0,0,eGFP1
14491,18:45:28,0.107,0.666,0,0,eGFP1
14492,18:45:29,0.106,0.776,0,0,eGFP1
14493,18:45:30,0.117,0.578,0,0,eGFP1
14494,18:45:31,0.095,0.786,0,0,eGFP1
14495,18:45:31,0.106,0.589,0,0,eGFP1
14496,18:45:32,0.129,0.799,0,0,eGFP1
14497,18:45:33,0.106,0.622,0,0,eGFP1
14498,18:45:33,0.117,0.698,0,0,eGFP1
14499,18:45:34,0.118,0.655,0,0,eGFP1
14500,18:45:35,0.106,0.710,0,0,eGFP1
14501,18:45:35,0.139,0.677,0,0,eGFP1
14502,18:45:36,0.106,0.644,0,0,eGFP1
14503,18:45:37,0.117,0.687,0,0,eGFP1
14504,18:45:37,0.109,0.669,0,0,eGFP1
14505,18:45:38,0.117,0.644,0,0,eGFP1
14506,18:45:39,0.117,0.643,0,0,eGFP1
14507,18:45:39,0.107,0.633,0,0,eGFP1
14508,18:45:40,0.128,0.666,0,0,eGFP1
14509,18:45:41,0.106,0.765,0,0,eGFP1
14510,18:45:41,0.117,0.622,0,0,eGFP1
14511,18:45:42,0.095,0.709,0,0,eGFP1
14512,18:45:43,0.119,0.624,0,0,eGFP1
14513,18:45:43,0.084,0.600,0,0,eGFP1
14514,18:45:44,0.150,0.764,0,0,eGFP1
14515,18:45:45,0.095,0.666,0,0,eGFP1
14516,18:45:45,0.128,0.644,0,0,eGFP1
14517,18:45:46,0.097,0.678,0,0,eGFP1
14518,18:45:47,0.140,0.710,0,0,eGFP1
14519,18:45:47,0.085,0.622,0,0,eGFP1
14520,18:45:48,0.163,0.800,0,0,eGFP1
14521,18:45:49,0.106,0.688,0,0,eGFP1
14522,18:45:50,0.106,0.710,0,0,eGFP1
14523,18:45:50,0.117,0.633,0,0,eGFP1
14524,18:45:51,0.095,0.765,0,0,eGFP1
14525,18:45:52,0.128,0.765,0,0,eGFP1
14526,18:45:52,0.128,0.743,0,0,eGFP1
14527,18:45:53,0.084,0.589,0,0,eGFP1
14528,18:45:54,0.130,0.722,0,0,eGFP1
14529,18:45:54,0.107,0.678,0,0,eGFP1
14530,18:45:55,0.117,0.622,0,0,eGFP1
14531,18:45:56,0.104,0.751,0,0,eGFP1
14532,18:45:56,0.139,0.655,0,0,eGFP1
14533,18:45:57,0.095,0.699,0,0,eGFP1
14534,18:45:58,0.117,0.765,0,0,eGFP1
14535,18:45:59,0.117,0.655,0,0,eGFP1
14536,18:46:00,0.107,0.985,0,0,eGFP1
14537,18:46:00,0.151,0.677,0,0,eGFP1
14538,18:46:01,0.107,0.787,0,0,eGFP1
14539,18:46:02,0.128,0.677,0,0,eGFP1
14540,18:46:02,0.095,0.600,0,0,eGFP1
14541,18:46:03,0.106,0.688,0,0,eGFP1
14542,18:46:04,0.106,0.710,0,0,eGFP1
14543,18:46:05,0.161,0.918,0,0,eGFP1
14544,18:46:05,0.099,0.592,0,0,eGFP1
14545,18:46:06,0.118,0.765,0,0,eGFP1
14546,18:46:07,0.096,0.612,0,0,eGFP1
14547,18:46:08,0.106,0.929,0,0,eGFP1
14548,18:46:08,0.151,0.831,0,0,eGFP1
14549,18:46:09,0.118,0.667,0,0,eGFP1
14550,18:46:10,0.117,0.743,0,0,eGFP1
14551,18:46:10,0.095,0.556,0,0,eGFP1
14552,18:46:11,0.119,0.844,0,0,eGFP1
14553,18:46:12,0.106,0.611,0,0,eGFP1
14554,18:46:13,0.128,0.962,0,0,eGFP1
14555,18:46:13,0.084,0.721,0,0,eGFP1
14556,18:46:14,0.161,0.743,0,0,eGFP1
14557,18:46:15,0.097,0.810,0,0,eGFP1
14558,18:46:16,0.128,0.666,0,0,eGFP1
14559,18:46:16,0.095,0.721,0,0,eGFP1
14560,18:46:17,0.128,0.699,0,0,eGFP1
14561,18:46:18,0.119,0.788,0,0,eGFP1
14562,18:46:19,0.117,0.721,0,0,eGFP1
14563,18:46:19,0.117,0.644,0,0,eGFP1
14564,18:46:20,0.096,0.699,0,0,eGFP1
14565,18:46:21,0.118,0.622,0,0,eGFP1
14566,18:46:21,0.096,0.655,0,0,eGFP1
14567,18:46:22,0.107,0.634,0,0,eGFP1
14568,18:46:23,0.106,0.775,0,0,eGFP1
14569,18:46:23,0.130,0.668,0,0,eGFP1
14570,18:46:24,0.139,0.754,0,0,eGFP1
14571,18:46:25,0.097,0.711,0,0,eGFP1
14572,18:46:25,0.140,0.721,0,0,eGFP1
14573,18:46:27,0.107,1.083,0,0,eGFP1
14574,18:46:27,0.140,0.655,0,0,eGFP1
14575,18:46:28,0.118,0.743,0,0,eGFP1
14576,18:46:29,0.129,0.678,0,0,eGFP1
14577,18:46:29,0.096,0.612,0,0,eGFP1
14578,18:46:30,0.140,0.743,0,0,eGFP1
14579,18:46:31,0.096,0.655,0,0,eGFP1
14580,18:46:31,0.118,0.743,0,0,eGFP1
14581,18:46:32,0.129,0.644,0,0,eGFP1
14582,18:46:33,0.096,0.721,0,0,eGFP1
14583,18:46:33,0.107,0.645,0,0,eGFP1
14584,18:46:34,0.118,0.689,0,0,eGFP1
14585,18:46:35,0.108,0.657,0,0,eGFP1
14586,18:46:35,0.106,0.699,0,0,eGFP1
14587,18:46:36,0.128,0.677,0,0,eGFP1
14588,18:46:37,0.117,0.611,0,0,eGFP1
14589,18:46:37,0.118,0.699,0,0,eGFP1
14590,18:46:38,0.107,0.743,0,0,eGFP1
14591,18:46:39,0.107,0.601,0,0,eGFP1
14592,18:46:41,0.117,2.455,0,0,eGFP1
14593,18:46:42,0.108,0.656,0,0,eGFP1
14594,18:46:43,0.107,0.688,0,0,eGFP1
14595,18:46:43,0.107,0.623,0,0,eGFP1
14596,18:46:44,0.095,0.600,0,0,eGFP1
14597,18:46:44,0.096,0.579,0,0,eGFP1
14598,18:46:45,0.108,0.624,0,0,eGFP1
14599,18:46:46,0.106,0.743,0,0,eGFP1
14600,18:46:46,0.117,0.721,0,0,eGFP1
14601,18:46:47,0.141,0.701,0,0,eGFP1
14602,18:46:48,0.095,0.732,0,0,eGFP1
14603,18:46:49,0.117,0.710,0,0,eGFP1
14604,18:46:49,0.106,0.589,0,0,eGFP1
14605,18:46:50,0.096,0.699,0,0,eGFP1
14606,18:46:51,0.107,0.710,0,0,eGFP1
14607,18:46:51,0.118,0.667,0,0,eGFP1
14608,18:46:52,0.095,0.644,0,0,eGFP1
14609,18:46:53,0.107,0.733,0,0,eGFP1
14610,18:46:53,0.129,0.688,0,0,eGFP1
14611,18:46:54,0.109,0.734,0,0,eGFP1
14612,18:46:55,0.129,0.700,0,0,eGFP1
14613,18:46:56,0.107,0.930,0,0,eGFP1
14614,18:46:56,0.118,0.601,0,0,eGFP1
14615,18:46:57,0.107,0.710,0,0,eGFP1
14616,18:46:58,0.107,0.557,0,0,eGFP1
14617,18:46:58,0.098,0.745,0,0,eGFP1
14618,18:46:59,0.129,0.677,0,0,eGFP1
14619,18:47:00,0.140,0.721,0,0,eGFP1
14620,18:47:00,0.085,0.656,0,0,eGFP1
14621,18:47:01,0.161,0.765,0,0,eGFP1
14622,18:47:02,0.085,0.644,0,0,eGFP1
14623,18:47:02,0.129,0.667,0,0,eGFP1
14624,18:47:03,0.096,0.699,0,0,eGFP1
14625,18:47:04,0.163,0.734,0,0,eGFP1
14626,18:47:05,0.108,0.745,0,0,eGFP1
14627,18:47:05,0.107,0.612,0,0,eGFP1
14628,18:47:06,0.140,0.743,0,0,eGFP1
14629,18:47:07,0.097,0.656,0,0,eGFP1
14630,18:47:07,0.129,0.667,0,0,eGFP1
14631,18:47:08,0.107,0.777,0,0,eGFP1
14632,18:47:09,0.118,0.645,0,0,eGFP1
14633,18:47:09,0.129,0.743,0,0,eGFP1
14634,18:47:10,0.098,0.559,0,0,eGFP1
14635,18:47:11,0.096,0.623,0,0,eGFP1
14636,18:47:11,0.129,0.656,0,0,eGFP1
14637,18:47:12,0.107,0.645,0,0,eGFP1
14638,18:47:13,0.119,0.657,0,0,eGFP1
14639,18:47:13,0.106,0.688,0,0,eGFP1
14640,18:47:14,0.129,0.667,0,0,eGFP1
14641,18:47:15,0.106,0.622,0,0,eGFP1
14642,18:47:15,0.130,0.690,0,0,eGFP1
14643,18:47:16,0.096,0.732,0,0,eGFP1
14644,18:47:17,0.129,0.656,0,0,eGFP1
14645,18:47:17,0.096,0.601,0,0,eGFP1
14646,18:47:18,0.106,0.622,0,0,eGFP1
14647,18:47:18,0.096,0.601,0,0,eGFP1
14648,18:47:19,0.107,0.644,0,0,eGFP1
14649,18:47:20,0.107,0.634,0,0,eGFP1
14650,18:47:21,0.119,0.734,0,0,eGFP1
14651,18:47:21,0.118,0.666,0,0,eGFP1
14652,18:47:22,0.120,0.855,0,0,eGFP1
14653,18:47:23,0.129,0.644,0,0,eGFP1
14654,18:47:23,0.096,0.656,0,0,eGFP1
14655,18:47:24,0.107,0.590,0,0,eGFP1
14656,18:47:25,0.096,0.611,0,0,eGFP1
14657,18:47:25,0.217,0.557,0,0,eGFP1
14658,18:47:27,1.075,1.745,0,0,eGFP1
14659,18:47:28,0.118,0.732,0,0,eGFP1
14660,18:47:28,0.140,0.743,0,0,eGFP1
14661,18:47:29,0.140,0.722,0,0,eGFP1
14662,18:47:30,0.107,0.656,0,0,eGFP1
14663,18:47:30,0.106,0.611,0,0,eGFP1
14664,18:47:31,0.085,0.601,0,0,eGFP1
14665,18:47:31,0.119,0.602,0,0,eGFP1
14666,18:47:32,0.087,0.613,0,0,eGFP1
14667,18:47:33,0.118,0.590,0,0,eGFP1
14668,18:47:33,0.096,0.634,0,0,eGFP1
14669,18:47:34,0.096,0.765,0,0,eGFP1
14670,18:47:35,0.118,0.700,0,0,eGFP1
14671,18:47:35,0.107,0.644,0,0,eGFP1
14672,18:47:36,0.107,0.634,0,0,eGFP1
14673,18:47:37,0.096,0.612,0,0,eGFP1
14674,18:47:37,0.098,0.636,0,0,eGFP1
14675,18:47:38,0.129,0.754,0,0,eGFP1
14676,18:47:39,0.108,0.591,0,0,eGFP1
14677,18:47:39,0.118,0.678,0,0,eGFP1
14678,18:47:40,0.096,0.645,0,0,eGFP1
14679,18:47:41,0.120,0.658,0,0,eGFP1
14680,18:55:32,0.096,470.948,0,0,eGFP1
14681,18:55:34,0.140,1.973,0,0,eGFP1
14682,18:55:34,0.130,0.701,0,0,eGFP1
14683,18:55:35,0.096,0.645,0,0,eGFP1
14684,18:55:37,0.129,2.203,0,0,eGFP1
14685,18:55:38,0.096,0.875,0,0,eGFP1
14686,18:55:39,0.129,0.590,0,0,eGFP1
14687,18:55:40,0.085,1.237,0,0,eGFP1
14688,18:55:40,0.140,0.689,0,0,eGFP1
14689,18:55:42,0.162,1.775,0,0,eGFP1
14690,18:55:43,0.096,0.623,0,0,eGFP1
14691,18:55:44,0.120,0.712,0,0,eGFP1
14692,18:55:44,0.109,0.646,0,0,eGFP1
14693,18:55:45,0.096,0.612,0,0,eGFP1
14694,18:55:46,0.107,0.689,0,0,eGFP1
14695,18:55:46,0.096,0.590,0,0,eGFP1
14696,18:55:47,0.107,0.678,0,0,eGFP1
14697,18:55:47,0.107,0.623,0,0,eGFP1
14698,18:55:48,0.096,0.831,0,0,eGFP1
14699,18:55:49,0.174,0.734,0,0,eGFP1
14700,18:55:50,0.096,0.557,0,0,eGFP1
14701,18:55:50,0.096,0.733,0,0,eGFP1
14702,18:55:51,0.129,0.601,0,0,eGFP1
14703,18:55:52,0.085,0.655,0,0,eGFP1
14704,18:55:52,0.151,0.711,0,0,eGFP1
14705,18:55:53,0.107,0.634,0,0,eGFP1
14706,18:55:53,0.087,0.537,0,0,eGFP1
14707,18:55:54,0.086,0.547,0,0,eGFP1
14708,18:55:55,0.096,0.689,0,0,eGFP1
14709,18:55:55,0.162,0.743,0,0,eGFP1
14710,18:55:56,0.108,0.689,0,0,eGFP1
14711,18:55:57,0.107,0.579,0,0,eGFP1
14712,18:55:58,0.129,1.194,0,0,eGFP1
14713,18:55:58,0.107,0.601,0,0,eGFP1
14714,18:55:59,0.118,0.766,0,0,eGFP1
14715,18:56:00,0.108,0.602,0,0,eGFP1
14716,18:56:01,0.151,1.106,0,0,eGFP1
14717,18:56:02,0.107,0.590,0,0,eGFP1
14718,18:56:02,0.140,0.864,0,0,eGFP1
14719,18:56:03,0.088,0.538,0,0,eGFP1
14720,18:56:04,0.107,0.700,0,0,eGFP1
14721,18:56:05,0.107,0.864,0,0,eGFP1
14722,18:56:05,0.195,0.842,0,0,eGFP1
14723,18:56:06,0.087,0.570,0,0,eGFP1
14724,18:56:07,0.151,0.766,0,0,eGFP1
14725,18:56:07,0.096,0.612,0,0,eGFP1
14726,18:56:08,0.140,0.678,0,0,eGFP1
14727,18:56:09,0.085,0.623,0,0,eGFP1
14728,18:56:09,0.118,0.623,0,0,eGFP1
14729,18:56:10,0.118,0.656,0,0,eGFP1
14730,18:56:11,0.096,0.634,0,0,eGFP1
14731,18:56:11,0.097,0.657,0,0,eGFP1
14732,18:56:12,0.195,0.843,0,0,eGFP1
14733,18:56:13,0.086,0.602,0,0,eGFP1
14734,18:56:13,0.141,0.679,0,0,eGFP1
14735,18:56:14,0.096,0.700,0,0,eGFP1
14736,18:56:15,0.119,0.613,0,0,eGFP1
14737,18:56:15,0.086,0.689,0,0,eGFP1
14738,18:56:16,0.130,0.668,0,0,eGFP1
14739,18:56:17,0.090,0.584,0,0,eGFP1
14740,18:56:17,0.109,0.614,0,0,eGFP1
14741,18:56:18,0.097,0.591,0,0,eGFP1
14742,18:56:18,0.097,0.569,0,0,eGFP1
14743,18:56:19,0.098,0.691,0,0,eGFP1
14744,18:56:20,0.097,0.624,0,0,eGFP1
14745,18:56:20,0.097,0.591,0,0,eGFP1
14746,18:56:21,0.098,0.757,0,0,eGFP1
14747,18:56:22,0.119,0.689,0,0,eGFP1
14748,18:56:23,0.128,0.831,0,0,eGFP1
14749,18:56:23,0.107,0.700,0,0,eGFP1
14750,18:56:24,0.118,0.667,0,0,eGFP1
14751,18:56:24,0.096,0.612,0,0,eGFP1
14752,18:56:25,0.107,0.656,0,0,eGFP1
14753,18:56:26,0.118,0.678,0,0,eGFP1
14754,18:56:26,0.108,0.656,0,0,eGFP1
14755,18:56:27,0.130,0.623,0,0,eGFP1
14756,18:56:28,0.098,0.636,0,0,eGFP1
14757,18:56:28,0.107,0.645,0,0,eGFP1
14758,18:56:29,0.108,0.711,0,0,eGFP1
14759,18:56:30,0.097,0.700,0,0,eGFP1
14760,18:56:30,0.105,0.621,0,0,eGFP1
14761,18:56:31,0.096,0.612,0,0,eGFP1
14762,18:56:32,0.096,0.590,0,0,eGFP1
14763,18:56:32,0.107,0.634,0,0,eGFP1
14764,18:56:33,0.098,0.614,0,0,eGFP1
14765,18:56:33,0.107,0.634,0,0,eGFP1
14766,18:56:34,0.118,0.711,0,0,eGFP1
14767,18:56:35,0.107,0.601,0,0,eGFP1
14768,18:56:35,0.097,0.613,0,0,eGFP1
14769,18:56:38,0.096,2.785,0,0,eGFP1
14770,18:56:39,0.195,0.744,0,0,eGFP1
14771,18:56:40,0.107,0.864,0,0,eGFP1
14772,18:56:40,0.120,0.614,0,0,eGFP1
14773,18:56:41,0.120,0.778,0,0,eGFP1
14774,18:56:42,0.108,0.580,0,0,eGFP1
14775,18:56:42,0.107,0.689,0,0,eGFP1
14776,18:56:43,0.118,0.667,0,0,eGFP1
14777,18:56:44,0.107,0.601,0,0,eGFP1
14778,18:56:44,0.108,0.634,0,0,eGFP1
14779,18:56:45,0.097,0.591,0,0,eGFP1
14780,18:56:46,0.121,0.714,0,0,eGFP1
14781,18:56:46,0.096,0.568,0,0,eGFP1
14782,18:56:47,0.097,0.557,0,0,eGFP1
14783,18:56:47,0.097,0.624,0,0,eGFP1
14784,18:56:48,0.096,0.645,0,0,eGFP1
14785,18:56:49,0.129,0.744,0,0,eGFP1
14786,18:56:49,0.098,0.625,0,0,eGFP1
14787,18:56:50,0.107,0.667,0,0,eGFP1
14788,18:56:51,0.098,0.592,0,0,eGFP1
14789,18:56:51,0.107,0.777,0,0,eGFP1
14790,18:56:52,0.096,1.018,0,0,eGFP1
14791,18:56:53,0.184,0.744,0,0,eGFP1
14792,18:56:54,0.108,0.854,0,0,eGFP1
14793,18:56:55,0.096,0.590,0,0,eGFP1
14794,18:56:59,0.108,4.695,0,0,eGFP1
14795,18:57:00,0.162,0.700,0,0,eGFP1
14796,18:57:01,0.109,0.767,0,0,eGFP1
14797,18:57:02,0.097,0.679,0,0,eGFP1
14798,18:57:02,0.195,0.766,0,0,eGFP1
14799,18:57:03,0.085,0.842,0,0,eGFP1
14800,18:57:04,0.120,0.691,0,0,eGFP1
14801,18:57:05,0.173,0.920,0,0,eGFP1
14802,18:57:05,0.107,0.601,0,0,eGFP1
14803,18:57:06,0.119,0.678,0,0,eGFP1
14804,18:57:07,0.110,0.681,0,0,eGFP1
14805,18:57:07,0.152,0.711,0,0,eGFP1
14806,18:57:08,0.087,0.569,0,0,eGFP1
14807,18:57:09,0.098,0.756,0,0,eGFP1
14808,18:57:09,0.130,0.734,0,0,eGFP1
14809,18:57:10,0.152,0.756,0,0,eGFP1
14810,18:57:11,0.097,0.591,0,0,eGFP1
14811,18:57:11,0.097,0.657,0,0,eGFP1
14812,18:57:12,0.119,0.591,0,0,eGFP1
14813,18:57:13,0.100,0.671,0,0,eGFP1
14814,18:57:13,0.096,0.590,0,0,eGFP1
14815,18:57:14,0.108,0.646,0,0,eGFP1
14816,18:57:15,0.107,0.634,0,0,eGFP1
14817,18:57:15,0.108,0.645,0,0,eGFP1
14818,18:57:16,0.141,0.799,0,0,eGFP1
14819,18:57:21,0.119,4.805,0,0,eGFP1
14820,18:57:22,0.097,0.755,0,0,eGFP1
14821,18:57:22,0.109,0.581,0,0,eGFP1
14822,18:57:23,0.097,0.634,0,0,eGFP1
14823,18:57:23,0.108,0.602,0,0,eGFP1
14824,18:57:24,0.097,0.645,0,0,eGFP1
14825,18:57:25,0.130,0.701,0,0,eGFP1
14826,18:57:25,0.096,0.711,0,0,eGFP1
14827,18:57:26,0.142,0.691,0,0,eGFP1
14828,18:57:27,0.118,0.678,0,0,eGFP1
14829,18:57:28,0.098,0.691,0,0,eGFP1
14830,18:57:28,0.118,0.810,0,0,eGFP1
14831,18:57:29,0.118,0.689,0,0,eGFP1
14832,18:57:30,0.174,0.733,0,0,eGFP1
14833,18:57:31,0.097,0.810,0,0,eGFP1
14834,18:57:31,0.130,0.755,0,0,eGFP1
14835,18:57:32,0.152,0.843,0,0,eGFP1
14836,18:57:33,0.108,0.723,0,0,eGFP1
14837,18:57:34,0.142,0.636,0,0,eGFP1
14838,18:57:35,0.107,1.117,0,0,eGFP1
14839,18:57:35,0.108,0.602,0,0,eGFP1
14840,18:57:36,0.098,0.778,0,0,eGFP1
14841,18:57:37,0.121,0.791,0,0,eGFP1
14842,18:57:37,0.119,0.646,0,0,eGFP1
14843,18:57:38,0.130,0.964,0,0,eGFP1
14844,18:57:39,0.098,0.603,0,0,eGFP1
14845,18:57:40,0.121,0.680,0,0,eGFP1
14846,18:57:40,0.098,0.756,0,0,eGFP1
14847,18:57:41,0.120,0.680,0,0,eGFP1
14848,18:57:42,0.119,0.679,0,0,eGFP1
14849,18:57:43,0.097,0.690,0,0,eGFP1
14850,18:57:44,0.152,0.975,0,0,eGFP1
14851,18:57:45,0.142,0.998,0,0,eGFP1
14852,18:57:45,0.117,0.720,0,0,eGFP1
14853,18:57:46,0.184,0.820,0,0,eGFP1
14854,18:57:47,0.096,0.799,0,0,eGFP1
14855,18:57:49,0.105,2.596,0,0,eGFP1
14856,18:57:50,0.215,0.786,0,0,eGFP1
14857,18:57:51,0.106,0.940,0,0,eGFP1
14858,18:57:52,0.116,0.577,0,0,eGFP1
14859,18:57:52,0.095,0.621,0,0,eGFP1
14860,18:57:53,0.095,0.523,0,0,eGFP1
14861,18:57:53,0.096,0.579,0,0,eGFP1
14862,18:57:54,0.094,0.742,0,0,eGFP1
14863,18:57:55,0.149,0.808,0,0,eGFP1
14864,18:58:02,0.171,7.140,0,0,eGFP1
14865,18:58:03,0.094,0.654,0,0,eGFP1
14866,18:58:04,0.149,0.863,0,0,eGFP1
14867,18:58:04,0.107,0.612,0,0,eGFP1
14868,18:58:06,0.127,1.257,0,0,eGFP1
14869,18:58:06,0.118,0.645,0,0,eGFP1
14870,18:58:07,0.150,0.786,0,0,eGFP1
14871,18:58:08,0.095,0.764,0,0,eGFP1
14872,18:58:08,0.139,0.731,0,0,eGFP1
14873,18:58:09,0.106,0.655,0,0,eGFP1
14874,18:58:10,0.138,0.819,0,0,eGFP1
14875,18:58:10,0.105,0.555,0,0,eGFP1
14876,18:58:11,0.095,0.611,0,0,eGFP1
14877,18:58:12,0.094,0.599,0,0,eGFP1
14878,18:58:12,0.107,0.733,0,0,eGFP1
14879,18:58:13,0.138,0.764,0,0,eGFP1
14880,18:58:14,0.105,0.731,0,0,eGFP1
14881,18:58:15,0.107,0.612,0,0,eGFP1
14882,18:58:15,0.116,0.621,0,0,eGFP1
14883,18:58:16,0.095,0.720,0,0,eGFP1
14884,18:58:16,0.117,0.611,0,0,eGFP1
14885,18:58:17,0.116,0.665,0,0,eGFP1
14886,18:58:18,0.107,0.777,0,0,eGFP1
14887,18:58:19,0.149,0.819,0,0,eGFP1
14888,18:58:20,0.149,0.775,0,0,eGFP1
14889,18:58:20,0.127,0.775,0,0,eGFP1
14890,18:58:21,0.094,0.599,0,0,eGFP1
14891,18:58:35,0.106,13.966,0,0,eGFP1
14892,18:58:36,0.117,0.731,0,0,eGFP1
14893,18:58:36,0.172,0.775,0,0,eGFP1
14894,18:58:37,0.109,0.647,0,0,eGFP1
14895,18:58:38,0.116,0.742,0,0,eGFP1
14896,18:58:38,0.094,0.665,0,0,eGFP1
14897,18:58:39,0.139,0.841,0,0,eGFP1
14898,18:58:40,0.161,0.786,0,0,eGFP1
14899,18:58:41,0.095,0.698,0,0,eGFP1
14900,18:58:41,0.106,0.721,0,0,eGFP1
14901,18:58:42,0.138,0.621,0,0,eGFP1
14902,18:58:43,0.097,0.667,0,0,eGFP1
14903,18:58:43,0.106,0.622,0,0,eGFP1
14904,18:58:44,0.127,0.775,0,0,eGFP1
14905,18:58:45,0.106,0.599,0,0,eGFP1
14906,18:58:46,0.106,0.830,0,0,eGFP1
14907,18:58:46,0.139,0.732,0,0,eGFP1
14908,18:58:47,0.096,0.798,0,0,eGFP1
14909,18:58:48,0.128,0.655,0,0,eGFP1
14910,18:58:49,0.140,0.765,0,0,eGFP1
14911,18:58:49,0.084,0.742,0,0,eGFP1
14912,18:58:50,0.128,0.666,0,0,eGFP1
14913,18:58:51,0.160,1.027,0,0,eGFP1
14914,18:58:52,0.106,0.622,0,0,eGFP1
14915,18:58:52,0.150,0.885,0,0,eGFP1
14916,18:58:53,0.106,0.687,0,0,eGFP1
14917,18:58:54,0.150,0.688,0,0,eGFP1
14918,18:58:55,0.096,0.666,0,0,eGFP1
14919,18:58:55,0.150,0.874,0,0,eGFP1
14920,18:58:56,0.117,0.863,0,0,eGFP1
14921,18:58:57,0.152,0.953,0,0,eGFP1
14922,18:58:58,0.116,0.775,0,0,eGFP1
14923,18:58:59,0.150,1.049,0,0,eGFP1
14924,18:59:00,0.172,0.765,0,0,eGFP1
14925,18:59:00,0.094,0.610,0,0,eGFP1
14926,18:59:01,0.107,0.744,0,0,eGFP1
14927,18:59:02,0.117,0.665,0,0,eGFP1
14928,18:59:02,0.095,0.545,0,0,eGFP1
14929,18:59:03,0.117,0.775,0,0,eGFP1
14930,18:59:04,0.117,0.600,0,0,eGFP1
14931,18:59:04,0.095,0.655,0,0,eGFP1
14932,18:59:07,0.149,3.036,0,0,eGFP1
14933,18:59:08,0.105,0.621,0,0,eGFP1
14934,18:59:09,0.118,0.601,0,0,eGFP1
14935,18:59:09,0.097,0.590,0,0,eGFP1
14936,18:59:10,0.128,0.655,0,0,eGFP1
14937,18:59:10,0.084,0.567,0,0,eGFP1
14938,18:59:11,0.139,0.732,0,0,eGFP1
14939,18:59:12,0.095,0.555,0,0,eGFP1
14940,18:59:12,0.095,0.721,0,0,eGFP1
14941,18:59:13,0.106,0.677,0,0,eGFP1
14942,18:59:15,1.159,1.894,0,0,eGFP1
14943,18:59:16,0.119,0.624,0,0,eGFP1
14944,18:59:16,0.094,0.665,0,0,eGFP1
14945,18:59:17,0.139,0.775,0,0,eGFP1
14946,18:59:18,0.095,0.578,0,0,eGFP1
14947,18:59:18,0.139,0.699,0,0,eGFP1
14948,18:59:19,0.099,0.626,0,0,eGFP1
14949,18:59:20,0.139,0.721,0,0,eGFP1
14950,18:59:20,0.117,0.665,0,0,eGFP1
14951,18:59:21,0.097,0.711,0,0,eGFP1
14952,18:59:22,0.106,0.633,0,0,eGFP1
14953,18:59:22,0.139,0.699,0,0,eGFP1
14954,18:59:23,0.106,0.589,0,0,eGFP1
14955,18:59:24,0.095,0.797,0,0,eGFP1
14956,18:59:24,0.106,0.600,0,0,eGFP1
14957,18:59:25,0.106,0.622,0,0,eGFP1
14958,18:59:26,0.106,0.754,0,0,eGFP1
14959,18:59:26,0.096,0.678,0,0,eGFP1
14960,18:59:27,0.161,0.973,0,0,eGFP1
14961,18:59:29,0.117,2.027,0,0,eGFP1
14962,18:59:30,0.107,0.601,0,0,eGFP1
14963,18:59:31,0.107,0.656,0,0,eGFP1
14964,18:59:31,0.106,0.753,0,0,eGFP1
14965,18:59:34,0.128,2.027,0,0,eGFP1
14966,18:59:34,0.095,0.588,0,0,eGFP1
14967,18:59:35,0.108,0.799,0,0,eGFP1
14968,18:59:36,0.106,0.863,0,0,eGFP1
14969,18:59:38,1.127,1.851,0,0,eGFP1
14970,18:59:39,0.128,1.215,0,0,eGFP1
14971,18:59:39,0.106,0.643,0,0,eGFP1
14972,18:59:44,0.227,4.759,0,0,eGFP1
14973,18:59:45,0.107,0.721,0,0,eGFP1
14974,18:59:46,0.117,0.589,0,0,eGFP1
14975,18:59:46,0.131,0.833,0,0,eGFP1
14976,18:59:47,0.106,0.567,0,0,eGFP1
14977,18:59:48,0.106,0.753,0,0,eGFP1
14978,18:59:48,0.096,0.535,0,0,eGFP1
14979,18:59:49,0.117,0.885,0,0,eGFP1
14980,18:59:50,0.128,0.720,0,0,eGFP1
14981,18:59:51,0.150,0.754,0,0,eGFP1
14982,18:59:51,0.106,0.786,0,0,eGFP1
14983,18:59:52,0.108,0.580,0,0,eGFP1
14984,18:59:53,0.095,0.687,0,0,eGFP1
14985,18:59:53,0.095,0.644,0,0,eGFP1
14986,18:59:54,0.150,0.776,0,0,eGFP1
14987,18:59:55,0.095,0.567,0,0,eGFP1
14988,18:59:55,0.117,0.731,0,0,eGFP1
14989,18:59:56,0.108,0.591,0,0,eGFP1
14990,18:59:57,0.106,0.720,0,0,eGFP1
14991,18:59:57,0.108,0.591,0,0,eGFP1
14992,18:59:58,0.106,0.599,0,0,eGFP1
14993,18:59:59,0.107,0.644,0,0,eGFP1
14994,18:59:59,0.150,0.853,0,0,eGFP1
14995,19:00:00,0.117,0.720,0,0,eGFP1
14996,19:00:01,0.183,0.929,0,0,eGFP1
14997,19:00:02,0.085,0.644,0,0,eGFP1
14998,19:00:02,0.194,0.776,0,0,eGFP1
14999,19:00:03,0.097,0.711,0,0,eGFP1
15000,19:00:04,0.096,0.557,0,0,eGFP1
15001,19:00:05,0.106,0.830,0,0,eGFP1
15002,19:00:05,0.108,0.635,0,0,eGFP1
15003,19:00:06,0.106,0.688,0,0,eGFP1
15004,19:00:07,0.106,0.863,0,0,eGFP1
15005,19:00:08,0.129,0.930,0,0,eGFP1
15006,19:00:09,0.315,0.874,0,0,eGFP1
15007,19:00:09,0.271,0.831,0,0,eGFP1
15008,19:00:10,0.108,0.744,0,0,eGFP1
15009,19:00:11,0.106,0.776,0,0,eGFP1
15010,19:00:13,1.006,1.686,0,0,eGFP1
15011,19:00:14,0.117,1.259,0,0,eGFP1
15012,19:00:15,0.117,0.699,0,0,eGFP1
15013,19:00:16,0.139,1.291,0,0,eGFP1
15014,19:00:16,0.106,0.578,0,0,eGFP1
15015,19:00:17,0.097,0.700,0,0,eGFP1
15016,19:00:18,0.097,0.547,0,0,eGFP1
15017,19:00:18,0.095,0.677,0,0,eGFP1
15018,19:00:19,0.128,0.677,0,0,eGFP1
15019,19:00:20,0.183,0.951,0,0,eGFP1
15020,19:00:21,0.117,0.918,0,0,eGFP1
15021,19:00:21,0.096,0.578,0,0,eGFP1
15022,19:00:22,0.118,0.677,0,0,eGFP1
15023,19:00:23,0.096,0.579,0,0,eGFP1
15024,19:00:23,0.109,0.658,0,0,eGFP1
15025,19:00:24,0.095,0.753,0,0,eGFP1
15026,19:00:25,0.118,0.611,0,0,eGFP1
15027,19:00:25,0.085,0.721,0,0,eGFP1
15028,19:00:26,0.106,0.633,0,0,eGFP1
15029,19:00:27,0.119,0.711,0,0,eGFP1
15030,19:00:27,0.107,0.699,0,0,eGFP1
15031,19:00:28,0.107,0.578,0,0,eGFP1
15032,19:00:29,0.097,0.690,0,0,eGFP1
15033,19:00:29,0.117,0.589,0,0,eGFP1
15034,19:00:30,0.084,0.622,0,0,eGFP1
15035,19:00:31,0.128,0.798,0,0,eGFP1
15036,19:00:31,0.095,0.589,0,0,eGFP1
15037,19:00:32,0.128,1.116,0,0,eGFP1
15038,19:00:33,0.106,0.633,0,0,eGFP1
15039,19:00:34,0.128,0.809,0,0,eGFP1
15040,19:00:34,0.096,0.601,0,0,eGFP1
15041,19:00:35,0.150,0.886,0,0,eGFP1
15042,19:00:36,0.085,0.755,0,0,eGFP1
15043,19:00:37,0.150,0.754,0,0,eGFP1
15044,19:00:39,0.117,1.840,0,0,eGFP1
15045,19:00:39,0.128,0.666,0,0,eGFP1
15046,19:00:40,0.106,0.798,0,0,eGFP1
15047,19:00:41,0.128,0.951,0,0,eGFP1
15048,19:00:43,0.151,1.556,0,0,eGFP1
15049,19:00:43,0.238,0.776,0,0,eGFP1
15050,19:00:44,0.095,0.842,0,0,eGFP1
15051,19:00:45,0.128,0.600,0,0,eGFP1
15052,19:00:46,0.117,0.885,0,0,eGFP1
15053,19:00:47,0.227,1.654,0,0,eGFP1
15054,19:00:50,0.172,2.312,0,0,eGFP1
15055,19:00:52,0.304,2.082,0,0,eGFP1
15056,19:00:55,0.120,2.732,0,0,eGFP1
15057,19:00:55,0.118,0.754,0,0,eGFP1
15058,19:00:57,0.184,1.435,0,0,eGFP1
15059,19:00:57,0.095,0.567,0,0,eGFP1
15060,19:00:58,0.096,0.513,0,0,eGFP1
15061,19:00:59,0.085,0.655,0,0,eGFP1
15062,19:00:59,0.107,0.535,0,0,eGFP1
15063,19:01:00,0.085,0.656,0,0,eGFP1
15064,19:01:00,0.086,0.525,0,0,eGFP1
15065,19:01:01,0.129,0.689,0,0,eGFP1
15066,19:01:02,0.129,0.798,0,0,eGFP1
15067,19:01:02,0.107,0.579,0,0,eGFP1
15068,19:01:03,0.096,0.546,0,0,eGFP1
15069,19:01:03,0.108,0.635,0,0,eGFP1
15070,19:01:04,0.118,0.667,0,0,eGFP1
15071,19:01:05,0.095,0.523,0,0,eGFP1
15072,19:01:06,0.129,0.897,0,0,eGFP1
15073,19:01:06,0.098,0.602,0,0,eGFP1
15074,19:01:07,0.107,0.568,0,0,eGFP1
15075,19:01:08,0.084,0.874,0,0,eGFP1
15076,19:01:08,0.151,0.678,0,0,eGFP1
15077,19:01:09,0.095,0.589,0,0,eGFP1
15078,19:01:10,0.096,0.831,0,0,eGFP1
15079,19:01:10,0.117,0.622,0,0,eGFP1
15080,19:01:11,0.140,0.776,0,0,eGFP1
15081,19:01:12,0.086,0.547,0,0,eGFP1
15082,19:01:14,0.106,2.532,0,0,eGFP1
15083,19:01:15,0.097,0.547,0,0,eGFP1
15084,19:01:15,0.106,0.578,0,0,eGFP1
15085,19:01:17,0.096,1.698,0,0,eGFP1
15086,19:01:18,0.129,0.633,0,0,eGFP1
15087,19:01:18,0.107,0.809,0,0,eGFP1
15088,19:01:20,0.173,1.885,0,0,eGFP1
15089,19:01:21,0.129,0.711,0,0,eGFP1
15090,19:01:22,0.140,0.754,0,0,eGFP1
15091,19:01:23,0.096,1.029,0,0,eGFP1
15092,19:01:24,0.369,0.995,0,0,eGFP1
15093,19:01:25,0.107,1.116,0,0,eGFP1
15094,19:01:26,0.107,0.634,0,0,eGFP1
15095,19:01:26,0.117,0.841,0,0,eGFP1
15096,19:01:27,0.119,0.822,0,0,eGFP1
15097,19:01:28,0.119,0.612,0,0,eGFP1
15098,19:01:28,0.096,0.634,0,0,eGFP1
15099,19:01:29,0.095,0.578,0,0,eGFP1
15100,19:01:30,0.096,0.721,0,0,eGFP1
15101,19:01:31,0.129,0.744,0,0,eGFP1
15102,19:01:31,0.095,0.523,0,0,eGFP1
15103,19:01:32,0.085,0.721,0,0,eGFP1
15104,19:01:33,0.118,0.809,0,0,eGFP1
15105,19:01:33,0.119,0.767,0,0,eGFP1
15106,19:01:34,0.139,0.853,0,0,eGFP1
15107,19:01:35,0.139,0.754,0,0,eGFP1
15108,19:01:36,0.095,0.600,0,0,eGFP1
15109,19:01:36,0.118,0.590,0,0,eGFP1
15110,19:01:37,0.075,0.558,0,0,eGFP1
15111,19:01:37,0.128,0.655,0,0,eGFP1
15112,19:01:38,0.096,0.677,0,0,eGFP1
15113,19:01:39,0.152,0.679,0,0,eGFP1
15114,19:01:39,0.085,0.655,0,0,eGFP1
15115,19:01:40,0.107,0.777,0,0,eGFP1
15116,19:01:41,0.128,0.578,0,0,eGFP1
15117,19:01:41,0.096,0.711,0,0,eGFP1
15118,19:01:42,0.117,0.567,0,0,eGFP1
15119,19:01:43,0.096,0.798,0,0,eGFP1
15120,19:01:43,0.107,0.612,0,0,eGFP1
15121,19:01:44,0.097,0.679,0,0,eGFP1
15122,19:01:45,0.106,0.611,0,0,eGFP1
15123,19:01:45,0.097,0.734,0,0,eGFP1
15124,19:01:46,0.140,0.677,0,0,eGFP1
15125,19:01:47,0.107,0.700,0,0,eGFP1
15126,19:01:47,0.106,0.666,0,0,eGFP1
15127,19:01:48,0.118,0.645,0,0,eGFP1
15128,19:01:49,0.084,0.721,0,0,eGFP1
15129,19:01:50,0.130,0.712,0,0,eGFP1
15130,19:01:50,0.118,0.711,0,0,eGFP1
15131,19:01:51,0.140,0.842,0,0,eGFP1
15132,19:01:52,0.108,0.810,0,0,eGFP1
15133,19:01:53,0.162,0.689,0,0,eGFP1
15134,19:01:54,0.096,1.720,0,0,eGFP1
15135,19:01:55,0.118,0.645,0,0,eGFP1
15136,19:01:56,0.107,0.689,0,0,eGFP1
15137,19:01:56,0.109,0.668,0,0,eGFP1
15138,19:02:00,0.175,3.752,0,0,eGFP1
15139,19:02:02,0.228,1.523,0,0,eGFP1
15140,19:02:02,0.107,0.600,0,0,eGFP1
15141,19:02:03,0.107,0.788,0,0,eGFP1
15142,19:02:04,0.096,0.633,0,0,eGFP1
15143,19:02:04,0.096,0.656,0,0,eGFP1
15144,19:02:05,0.129,0.732,0,0,eGFP1
15145,19:02:06,0.107,0.678,0,0,eGFP1
15146,19:02:06,0.110,0.659,0,0,eGFP1
15147,19:02:07,0.107,0.721,0,0,eGFP1
15148,19:02:08,0.107,0.557,0,0,eGFP1
15149,19:02:08,0.096,0.612,0,0,eGFP1
15150,19:02:09,0.097,0.624,0,0,eGFP1
15151,19:02:10,0.118,0.667,0,0,eGFP1
15152,19:02:10,0.096,0.633,0,0,eGFP1
15153,19:02:11,0.140,0.656,0,0,eGFP1
15154,19:02:12,0.130,0.701,0,0,eGFP1
15155,19:02:12,0.096,0.710,0,0,eGFP1
15156,19:02:13,0.118,0.590,0,0,eGFP1
15157,19:02:14,0.107,0.831,0,0,eGFP1
15158,19:02:14,0.096,0.568,0,0,eGFP1
15159,19:02:15,0.096,0.744,0,0,eGFP1
15160,19:02:16,0.107,0.754,0,0,eGFP1
15161,19:02:16,0.107,0.776,0,0,eGFP1
15162,19:02:17,0.120,0.570,0,0,eGFP1
15163,19:02:18,0.107,0.776,0,0,eGFP1
15164,19:02:19,0.119,0.679,0,0,eGFP1
15165,19:02:19,0.162,0.843,0,0,eGFP1
15166,19:02:20,0.096,0.601,0,0,eGFP1
15167,19:02:21,0.130,0.843,0,0,eGFP1
15168,19:02:21,0.096,0.579,0,0,eGFP1
15169,19:02:22,0.108,0.733,0,0,eGFP1
15170,19:02:23,0.098,0.581,0,0,eGFP1
15171,19:02:23,0.129,0.744,0,0,eGFP1
15172,19:02:24,0.118,0.810,0,0,eGFP1
15173,19:02:25,0.096,0.601,0,0,eGFP1
15174,19:02:26,0.141,0.887,0,0,eGFP1
15175,19:02:26,0.096,0.557,0,0,eGFP1
15176,19:02:27,0.152,0.887,0,0,eGFP1
15177,19:02:28,0.108,0.800,0,0,eGFP1
15178,19:02:29,0.130,0.865,0,0,eGFP1
15179,19:02:29,0.108,0.590,0,0,eGFP1
15180,19:02:30,0.118,0.799,0,0,eGFP1
15181,19:02:31,0.096,0.546,0,0,eGFP1
15182,19:02:31,0.107,0.634,0,0,eGFP1
15183,19:02:32,0.107,0.787,0,0,eGFP1
15184,19:02:33,0.118,0.590,0,0,eGFP1
15185,19:02:34,0.107,0.810,0,0,eGFP1
15186,19:02:34,0.108,0.657,0,0,eGFP1
15187,19:02:35,0.107,0.765,0,0,eGFP1
15188,19:02:36,0.096,0.568,0,0,eGFP1
15189,19:02:36,0.085,0.722,0,0,eGFP1
15190,19:02:37,0.118,0.667,0,0,eGFP1
15191,19:02:38,0.097,0.635,0,0,eGFP1
15192,19:02:38,0.096,0.656,0,0,eGFP1
15193,19:02:39,0.107,0.765,0,0,eGFP1
15194,19:02:40,0.164,0.845,0,0,eGFP1
15195,19:02:41,0.107,0.733,0,0,eGFP1
15196,19:02:41,0.118,0.722,0,0,eGFP1
15197,19:02:42,0.119,0.733,0,0,eGFP1
15198,19:02:43,0.097,0.799,0,0,eGFP1
15199,19:02:44,0.119,0.690,0,0,eGFP1
15200,19:02:44,0.118,0.656,0,0,eGFP1
15201,19:02:45,0.097,0.777,0,0,eGFP1
15202,19:02:46,0.108,0.580,0,0,eGFP1
15203,19:02:47,0.098,1.063,0,0,eGFP1
15204,19:02:47,0.120,0.647,0,0,eGFP1
15205,19:02:48,0.107,0.820,0,0,eGFP1
15206,19:02:49,0.140,0.854,0,0,eGFP1
15207,19:02:50,0.164,0.811,0,0,eGFP1
15208,19:02:50,0.096,0.579,0,0,eGFP1
15209,19:02:51,0.097,0.711,0,0,eGFP1
15210,19:02:52,0.096,0.557,0,0,eGFP1
15211,19:02:52,0.098,0.734,0,0,eGFP1
15212,19:02:53,0.108,0.590,0,0,eGFP1
15213,19:02:54,0.119,0.777,0,0,eGFP1
15214,19:02:54,0.085,0.634,0,0,eGFP1
15215,19:02:55,0.162,0.876,0,0,eGFP1
15216,19:02:56,0.096,0.623,0,0,eGFP1
15217,19:02:57,0.107,0.776,0,0,eGFP1
15218,19:02:57,0.120,0.789,0,0,eGFP1
15219,19:02:58,0.109,0.669,0,0,eGFP1
15220,19:02:59,0.118,0.623,0,0,eGFP1
15221,19:02:59,0.096,0.634,0,0,eGFP1
15222,19:03:00,0.118,0.711,0,0,eGFP1
15223,19:03:01,0.107,0.601,0,0,eGFP1
15224,19:03:01,0.118,0.711,0,0,eGFP1
15225,19:03:02,0.096,0.579,0,0,eGFP1
15226,19:03:03,0.118,0.678,0,0,eGFP1
15227,19:07:40,0.097,277.389,0,0,eGFP1
15228,19:07:41,0.733,1.457,0,0,eGFP1
15229,19:07:42,0.151,0.942,0,0,eGFP1
15230,19:07:43,0.129,0.601,0,0,eGFP1
15231,19:07:44,0.076,0.514,0,0,eGFP1
15232,19:07:46,0.130,2.544,0,0,eGFP1
15233,19:07:47,0.173,0.711,0,0,eGFP1
15234,19:07:48,0.129,0.810,0,0,eGFP1
15235,19:07:48,0.152,0.756,0,0,eGFP1
15236,19:07:49,0.085,0.535,0,0,eGFP1
15237,19:07:49,0.108,0.579,0,0,eGFP1
15238,19:07:50,0.097,0.602,0,0,eGFP1
15239,19:07:51,0.118,0.710,0,0,eGFP1
15240,19:07:52,0.130,0.865,0,0,eGFP1
15241,19:07:55,0.919,3.861,0,0,eGFP1
15242,19:08:02,5.638,6.340,0,0,eGFP1
15243,19:08:03,0.098,0.899,0,0,eGFP1
15244,19:08:03,0.120,0.635,0,0,eGFP1
15245,19:08:04,0.097,0.755,0,0,eGFP1
15246,19:08:05,0.173,0.909,0,0,eGFP1
15247,19:08:06,0.107,0.864,0,0,eGFP1
15248,19:08:07,0.119,0.667,0,0,eGFP1
15249,19:08:07,0.130,0.810,0,0,eGFP1
15250,19:08:08,0.096,0.722,0,0,eGFP1
15251,19:08:09,0.153,0.921,0,0,eGFP1
15252,19:08:10,0.162,0.755,0,0,eGFP1
15253,19:08:10,0.107,0.733,0,0,eGFP1
15254,19:08:11,0.085,0.689,0,0,eGFP1
15255,19:08:12,0.129,0.853,0,0,eGFP1
15256,19:08:13,0.130,0.755,0,0,eGFP1
15257,19:08:14,0.108,0.722,0,0,eGFP1
15258,19:08:14,0.142,0.811,0,0,eGFP1
15259,19:08:15,0.108,0.624,0,0,eGFP1
15260,19:08:16,0.120,0.778,0,0,eGFP1
15261,19:08:16,0.098,0.613,0,0,eGFP1
15262,19:08:17,0.174,0.942,0,0,eGFP1
15263,19:08:18,0.087,0.657,0,0,eGFP1
15264,19:08:19,0.185,0.778,0,0,eGFP1
15265,19:08:20,0.130,0.964,0,0,eGFP1
15266,19:08:20,0.097,0.558,0,0,eGFP1
15267,19:08:21,0.196,0.920,0,0,eGFP1
15268,19:08:22,0.098,0.592,0,0,eGFP1
15269,19:08:23,0.152,0.832,0,0,eGFP1
15270,19:08:23,0.107,0.810,0,0,eGFP1
15271,19:08:24,0.120,0.800,0,0,eGFP1
15272,19:08:25,0.130,0.701,0,0,eGFP1
15273,19:08:27,0.163,2.028,0,0,eGFP1
15274,19:08:28,0.109,0.602,0,0,eGFP1
15275,19:08:28,0.109,0.745,0,0,eGFP1
15276,19:08:29,0.132,0.779,0,0,eGFP1
15277,19:08:30,0.108,0.778,0,0,eGFP1
15278,19:08:31,0.119,0.722,0,0,eGFP1
15279,19:08:31,0.120,0.614,0,0,eGFP1
15280,19:08:32,0.119,0.722,0,0,eGFP1
15281,19:08:33,0.098,0.767,0,0,eGFP1
15282,19:08:33,0.141,0.646,0,0,eGFP1
15283,19:08:34,0.108,0.811,0,0,eGFP1
15284,19:08:35,0.098,0.570,0,0,eGFP1
15285,19:08:35,0.087,0.767,0,0,eGFP1
15286,19:08:36,0.119,0.613,0,0,eGFP1
15287,19:08:37,0.107,0.843,0,0,eGFP1
15288,19:08:38,0.140,0.875,0,0,eGFP1
15289,19:08:39,0.108,0.887,0,0,eGFP1
15290,19:08:41,0.294,1.962,0,0,eGFP1
15291,19:08:41,0.108,0.723,0,0,eGFP1
15292,19:08:42,0.119,0.844,0,0,eGFP1
15293,19:08:43,0.107,0.546,0,0,eGFP1
15294,19:08:43,0.108,0.722,0,0,eGFP1
15295,19:08:44,0.108,0.745,0,0,eGFP1
15296,19:08:45,0.140,0.678,0,0,eGFP1
15297,19:08:46,0.096,0.656,0,0,eGFP1
15298,19:08:46,0.109,0.779,0,0,eGFP1
15299,19:08:47,0.140,0.755,0,0,eGFP1
15300,19:08:48,0.109,0.679,0,0,eGFP1
15301,19:08:48,0.119,0.744,0,0,eGFP1
15302,19:08:49,0.108,0.591,0,0,eGFP1
15303,19:08:50,0.140,0.700,0,0,eGFP1
15304,19:08:50,0.097,0.536,0,0,eGFP1
15305,19:08:51,0.096,0.766,0,0,eGFP1
15306,19:08:52,0.108,0.579,0,0,eGFP1
15307,19:08:52,0.097,0.723,0,0,eGFP1
15308,19:08:53,0.109,0.581,0,0,eGFP1
15309,19:08:54,0.096,0.634,0,0,eGFP1
15310,19:08:54,0.108,0.788,0,0,eGFP1
15311,19:08:55,0.141,0.920,0,0,eGFP1
15312,19:08:56,0.142,0.723,0,0,eGFP1
15313,19:08:57,0.119,0.876,0,0,eGFP1
15314,19:08:58,0.119,0.613,0,0,eGFP1
15315,19:08:58,0.097,0.854,0,0,eGFP1
15316,19:08:59,0.109,0.756,0,0,eGFP1
15317,19:09:00,0.152,0.898,0,0,eGFP1
15318,19:09:01,0.141,0.766,0,0,eGFP1
15319,19:09:02,0.086,0.755,0,0,eGFP1
15320,19:09:02,0.130,0.646,0,0,eGFP1
15321,19:09:03,0.097,0.700,0,0,eGFP1
15322,19:09:03,0.097,0.547,0,0,eGFP1
15323,19:09:04,0.130,0.821,0,0,eGFP1
15324,19:09:05,0.097,0.689,0,0,eGFP1
15325,19:09:06,0.111,0.583,0,0,eGFP1
15326,19:09:06,0.098,0.811,0,0,eGFP1
15327,19:09:07,0.108,0.591,0,0,eGFP1
15328,19:09:08,0.098,0.668,0,0,eGFP1
15329,19:09:08,0.098,0.701,0,0,eGFP1
15330,19:09:09,0.154,0.714,0,0,eGFP1
15331,19:09:10,0.119,0.832,0,0,eGFP1
15332,19:09:10,0.098,0.570,0,0,eGFP1
15333,19:09:11,0.120,0.845,0,0,eGFP1
15334,19:09:12,0.097,0.744,0,0,eGFP1
15335,19:09:13,0.130,0.635,0,0,eGFP1
15336,19:09:13,0.096,0.711,0,0,eGFP1
15337,19:09:14,0.130,0.744,0,0,eGFP1
15338,19:09:15,0.119,0.690,0,0,eGFP1
15339,19:09:15,0.131,0.657,0,0,eGFP1
15340,19:09:16,0.097,0.602,0,0,eGFP1
15341,19:09:17,0.098,0.625,0,0,eGFP1
15342,19:09:17,0.130,0.623,0,0,eGFP1
15343,19:09:18,0.083,0.741,0,0,eGFP1
15344,19:09:19,0.117,0.797,0,0,eGFP1
15345,19:09:19,0.128,0.644,0,0,eGFP1
15346,19:09:20,0.094,0.599,0,0,eGFP1
15347,19:09:21,0.117,0.621,0,0,eGFP1
15348,19:09:21,0.095,0.677,0,0,eGFP1
15349,19:09:22,0.117,0.611,0,0,eGFP1
15350,19:09:23,0.139,0.698,0,0,eGFP1
15351,19:09:23,0.084,0.567,0,0,eGFP1
15352,19:09:26,0.129,2.543,0,0,eGFP1
15353,19:09:27,0.106,0.742,0,0,eGFP1
15354,19:10:00,0.117,33.236,0,0,eGFP1
15355,19:10:00,0.292,0.578,0,0,eGFP1
15356,19:10:07,4.638,6.657,0,0,eGFP1
15357,19:10:08,0.118,0.666,0,0,eGFP1
15358,19:10:09,0.172,0.929,0,0,eGFP1
15359,19:10:09,0.095,0.567,0,0,eGFP1
15360,19:10:10,0.083,0.489,0,0,eGFP1
15361,19:10:10,0.073,0.556,0,0,eGFP1
15362,19:10:11,0.149,0.775,0,0,eGFP1
15363,19:10:13,1.455,2.103,0,0,eGFP1
15364,19:10:14,0.094,0.566,0,0,eGFP1
15365,19:10:14,0.085,0.546,0,0,eGFP1
15366,19:10:15,0.129,0.864,0,0,eGFP1
15367,19:10:16,0.128,0.643,0,0,eGFP1
15368,19:10:16,0.117,0.677,0,0,eGFP1
15369,19:10:17,0.105,0.566,0,0,eGFP1
15370,19:10:18,0.106,0.688,0,0,eGFP1
15371,19:10:18,0.083,0.500,0,0,eGFP1
15372,19:10:19,0.084,0.589,0,0,eGFP1
15373,19:10:19,0.107,0.535,0,0,eGFP1
15374,19:10:20,0.083,0.456,0,0,eGFP1
15375,19:10:20,0.084,0.655,0,0,eGFP1
15376,19:10:21,0.116,0.588,0,0,eGFP1
15377,19:10:22,0.102,0.673,0,0,eGFP1
15378,19:10:22,0.116,0.588,0,0,eGFP1
15379,19:10:23,0.107,0.557,0,0,eGFP1
15380,19:10:23,0.095,0.720,0,0,eGFP1
15381,19:10:24,0.151,0.645,0,0,eGFP1
15382,19:10:25,0.084,0.512,0,0,eGFP1
15383,19:10:25,0.095,0.665,0,0,eGFP1
15384,19:10:26,0.106,0.644,0,0,eGFP1
15385,19:10:27,0.138,0.808,0,0,eGFP1
15386,19:10:27,0.106,0.567,0,0,eGFP1
15387,19:10:28,0.105,0.863,0,0,eGFP1
15388,19:10:29,0.127,0.599,0,0,eGFP1
15389,19:10:29,0.084,0.545,0,0,eGFP1
15390,19:10:30,0.107,0.787,0,0,eGFP1
15391,19:10:31,0.140,0.700,0,0,eGFP1
15392,19:10:31,0.106,0.600,0,0,eGFP1
15393,19:10:32,0.085,0.579,0,0,eGFP1
15394,19:10:33,0.083,0.500,0,0,eGFP1
15395,19:10:33,0.084,0.699,0,0,eGFP1
15396,19:10:34,0.139,0.709,0,0,eGFP1
15397,19:10:35,0.117,0.710,0,0,eGFP1
15398,19:10:35,0.107,0.535,0,0,eGFP1
15399,19:10:36,0.084,0.512,0,0,eGFP1
15400,19:10:37,0.094,0.830,0,0,eGFP1
15401,19:10:37,0.138,0.687,0,0,eGFP1
15402,19:10:38,0.106,0.589,0,0,eGFP1
15403,19:10:38,0.083,0.544,0,0,eGFP1
15404,19:10:39,0.095,0.688,0,0,eGFP1
15405,19:10:40,0.149,0.720,0,0,eGFP1
15406,19:10:40,0.109,0.526,0,0,eGFP1
15407,19:10:41,0.083,0.500,0,0,eGFP1
15408,19:10:41,0.084,0.556,0,0,eGFP1
15409,19:10:42,0.139,0.731,0,0,eGFP1
15410,19:10:43,0.095,0.556,0,0,eGFP1
15411,19:10:43,0.117,0.830,0,0,eGFP1
15412,19:10:44,0.150,0.721,0,0,eGFP1
15413,19:10:45,0.105,0.621,0,0,eGFP1
15414,19:10:46,0.107,0.733,0,0,eGFP1
15415,19:10:46,0.117,0.709,0,0,eGFP1
15416,19:10:47,0.117,0.567,0,0,eGFP1
15417,19:10:47,0.084,0.698,0,0,eGFP1
15418,19:10:48,0.150,0.721,0,0,eGFP1
15419,19:10:49,0.095,0.490,0,0,eGFP1
15420,19:10:49,0.085,0.722,0,0,eGFP1
15421,19:10:50,0.127,0.599,0,0,eGFP1
15422,19:10:51,0.085,0.546,0,0,eGFP1
15423,19:10:51,0.106,0.699,0,0,eGFP1
15424,19:10:52,0.117,0.731,0,0,eGFP1
15425,19:10:53,0.139,0.743,0,0,eGFP1
15426,19:10:54,0.105,0.786,0,0,eGFP1
15427,19:10:54,0.128,0.621,0,0,eGFP1
15428,19:10:55,0.084,0.578,0,0,eGFP1
15429,19:10:55,0.095,0.523,0,0,eGFP1
15430,19:10:56,0.074,0.557,0,0,eGFP1
15431,19:10:57,0.150,0.808,0,0,eGFP1
15432,19:10:57,0.106,0.677,0,0,eGFP1
15433,19:10:58,0.129,0.854,0,0,eGFP1
15434,19:11:02,0.874,3.474,0,0,eGFP1
15435,19:11:02,0.293,0.885,0,0,eGFP1
15436,19:11:03,0.106,0.699,0,0,eGFP1
15437,19:11:04,0.106,0.600,0,0,eGFP1
15438,19:11:04,0.096,0.568,0,0,eGFP1
15439,19:11:05,0.095,0.687,0,0,eGFP1
15440,19:11:06,0.106,0.567,0,0,eGFP1
15441,19:11:06,0.095,0.622,0,0,eGFP1
15442,19:11:07,0.128,0.995,0,0,eGFP1
15443,19:11:08,0.150,0.654,0,0,eGFP1
15444,19:11:09,0.106,0.754,0,0,eGFP1
15445,19:11:09,0.117,0.600,0,0,eGFP1
15446,19:11:10,0.074,0.502,0,0,eGFP1
15447,19:11:10,0.107,0.656,0,0,eGFP1
15448,19:11:11,0.095,0.567,0,0,eGFP1
15449,19:11:12,0.106,0.731,0,0,eGFP1
15450,19:11:12,0.117,0.589,0,0,eGFP1
15451,19:11:13,0.095,0.512,0,0,eGFP1
15452,19:11:13,0.085,0.578,0,0,eGFP1
15453,19:11:14,0.128,0.721,0,0,eGFP1
15454,19:11:15,0.095,0.512,0,0,eGFP1
15455,19:11:15,0.075,0.590,0,0,eGFP1
15456,19:11:16,0.128,0.688,0,0,eGFP1
15457,19:11:16,0.095,0.490,0,0,eGFP1
15458,19:11:17,0.074,0.567,0,0,eGFP1
15459,19:11:18,0.161,0.853,0,0,eGFP1
15460,19:11:18,0.140,0.689,0,0,eGFP1
15461,19:11:19,0.106,0.929,0,0,eGFP1
15462,19:11:20,0.161,0.666,0,0,eGFP1
15463,19:11:21,0.075,0.503,0,0,eGFP1
15464,19:11:21,0.106,0.830,0,0,eGFP1
15465,19:11:22,0.117,0.556,0,0,eGFP1
15466,19:11:22,0.084,0.512,0,0,eGFP1
15467,19:11:23,0.095,0.753,0,0,eGFP1
15468,19:11:24,0.139,0.853,0,0,eGFP1
15469,19:11:25,0.128,0.764,0,0,eGFP1
15470,19:11:26,0.128,0.710,0,0,eGFP1
15471,19:11:26,0.085,0.480,0,0,eGFP1
15472,19:11:27,0.074,0.513,0,0,eGFP1
15473,19:11:27,0.128,0.797,0,0,eGFP1
15474,19:11:31,0.148,3.648,0,0,eGFP1
15475,19:11:32,0.106,0.534,0,0,eGFP1
15476,19:11:32,0.085,0.644,0,0,eGFP1
15477,19:11:33,0.139,0.633,0,0,eGFP1
15478,19:11:33,0.084,0.567,0,0,eGFP1
15479,19:11:34,0.097,0.733,0,0,eGFP1
15480,19:11:35,0.128,0.589,0,0,eGFP1
15481,19:11:35,0.084,0.589,0,0,eGFP1
15482,19:11:36,0.117,0.732,0,0,eGFP1
15483,19:11:37,0.128,0.830,0,0,eGFP1
15484,19:11:38,0.150,0.841,0,0,eGFP1
15485,19:11:38,0.107,0.567,0,0,eGFP1
15486,19:11:39,0.085,0.502,0,0,eGFP1
15487,19:11:40,0.108,0.877,0,0,eGFP1
15488,19:11:40,0.139,0.644,0,0,eGFP1
15489,19:11:41,0.084,0.490,0,0,eGFP1
15490,19:11:41,0.096,0.699,0,0,eGFP1
15491,19:11:42,0.107,0.545,0,0,eGFP1
15492,19:11:43,0.096,0.743,0,0,eGFP1
15493,19:11:43,0.107,0.546,0,0,eGFP1
15494,19:11:44,0.084,0.699,0,0,eGFP1
15495,19:11:45,0.129,0.623,0,0,eGFP1
15496,19:11:45,0.085,0.600,0,0,eGFP1
15497,19:11:46,0.118,0.710,0,0,eGFP1
15498,19:11:47,0.129,0.820,0,0,eGFP1
15499,19:11:47,0.139,0.732,0,0,eGFP1
15500,19:11:48,0.097,0.525,0,0,eGFP1
15501,19:11:49,0.084,0.512,0,0,eGFP1
15502,19:11:49,0.128,0.874,0,0,eGFP1
15503,19:11:50,0.119,0.613,0,0,eGFP1
15504,19:11:51,0.084,0.534,0,0,eGFP1
15505,19:11:51,0.117,0.743,0,0,eGFP1
15506,19:11:52,0.128,0.633,0,0,eGFP1
15507,19:11:53,0.095,0.676,0,0,eGFP1
15508,19:11:53,0.151,0.831,0,0,eGFP1
15509,19:11:54,0.095,0.534,0,0,eGFP1
15510,19:11:55,0.096,0.688,0,0,eGFP1
15511,19:11:55,0.108,0.558,0,0,eGFP1
15512,19:11:56,0.084,0.688,0,0,eGFP1
15513,19:11:57,0.161,0.831,0,0,eGFP1
15514,19:11:57,0.129,0.601,0,0,eGFP1
15515,19:11:58,0.095,0.622,0,0,eGFP1
15516,19:11:58,0.084,0.523,0,0,eGFP1
15517,19:11:59,0.140,0.941,0,0,eGFP1
15518,19:12:00,0.128,0.633,0,0,eGFP1
15519,19:12:01,0.084,0.666,0,0,eGFP1
15520,19:12:01,0.119,0.634,0,0,eGFP1
15521,19:12:02,0.096,0.524,0,0,eGFP1
15522,19:12:02,0.085,0.556,0,0,eGFP1
15523,19:12:03,0.107,0.535,0,0,eGFP1
15524,19:12:04,0.085,0.545,0,0,eGFP1
15525,19:12:04,0.096,0.754,0,0,eGFP1
15526,19:12:05,0.129,0.776,0,0,eGFP1
15527,19:12:06,0.108,0.558,0,0,eGFP1
15528,19:12:06,0.086,0.602,0,0,eGFP1
15529,19:12:07,0.150,0.721,0,0,eGFP1
15530,19:12:07,0.084,0.567,0,0,eGFP1
15531,19:12:08,0.129,0.622,0,0,eGFP1
15532,19:12:09,0.096,0.546,0,0,eGFP1
15533,19:12:10,0.117,0.907,0,0,eGFP1
15534,19:12:10,0.117,0.578,0,0,eGFP1
15535,19:12:11,0.096,0.743,0,0,eGFP1
15536,19:12:11,0.119,0.580,0,0,eGFP1
15537,19:12:12,0.095,0.611,0,0,eGFP1
15538,19:12:13,0.117,0.644,0,0,eGFP1
15539,19:12:13,0.129,0.765,0,0,eGFP1
15540,19:12:14,0.106,0.578,0,0,eGFP1
15541,19:12:15,0.119,0.821,0,0,eGFP1
15542,19:12:15,0.129,0.601,0,0,eGFP1
15543,19:12:16,0.073,0.556,0,0,eGFP1
15544,19:12:17,0.130,0.755,0,0,eGFP1
15545,19:12:17,0.107,0.622,0,0,eGFP1
15546,19:12:18,0.107,0.601,0,0,eGFP1
15547,19:12:19,0.095,0.688,0,0,eGFP1
15548,19:12:19,0.128,0.699,0,0,eGFP1
15549,19:12:20,0.106,0.742,0,0,eGFP1
15550,19:12:21,0.162,0.875,0,0,eGFP1
15551,19:12:22,0.139,0.677,0,0,eGFP1
15552,19:12:22,0.097,0.580,0,0,eGFP1
15553,19:12:23,0.106,0.677,0,0,eGFP1
15554,19:12:24,0.119,0.689,0,0,eGFP1
15555,19:12:24,0.151,0.798,0,0,eGFP1
15556,19:12:25,0.128,0.853,0,0,eGFP1
15557,19:12:26,0.128,0.688,0,0,eGFP1
15558,19:12:27,0.106,0.699,0,0,eGFP1
15559,19:12:27,0.117,0.754,0,0,eGFP1
15560,19:12:28,0.141,0.700,0,0,eGFP1
15561,19:12:29,0.107,0.546,0,0,eGFP1
15562,19:12:29,0.084,0.545,0,0,eGFP1
15563,19:12:30,0.150,0.951,0,0,eGFP1
15564,19:12:46,0.162,15.833,0,0,eGFP1
15565,19:12:47,0.128,0.644,0,0,eGFP1
15566,19:12:47,0.095,0.512,0,0,eGFP1
15567,19:12:48,0.096,0.579,0,0,eGFP1
15568,19:12:48,0.098,0.526,0,0,eGFP1
15569,19:12:49,0.096,0.502,0,0,eGFP1
15570,19:12:49,0.073,0.424,0,0,eGFP1
15571,19:12:50,0.074,0.447,0,0,eGFP1
15572,19:12:50,0.096,0.743,0,0,eGFP1
15573,19:12:51,0.129,0.644,0,0,eGFP1
15574,19:12:52,0.096,0.546,0,0,eGFP1
15575,19:12:52,0.095,0.699,0,0,eGFP1
15576,19:12:53,0.119,0.558,0,0,eGFP1
15577,19:12:53,0.073,0.501,0,0,eGFP1
15578,19:12:54,0.129,0.787,0,0,eGFP1
15579,19:12:55,0.107,0.765,0,0,eGFP1
15580,19:12:57,0.359,2.521,0,0,eGFP1
15581,19:12:58,0.119,0.558,0,0,eGFP1
15582,19:12:58,0.073,0.501,0,0,eGFP1
15583,19:12:59,0.096,0.689,0,0,eGFP1
15584,19:13:00,0.106,0.512,0,0,eGFP1
15585,19:13:00,0.076,0.449,0,0,eGFP1
15586,19:13:01,0.074,0.524,0,0,eGFP1
15587,19:13:01,0.106,0.600,0,0,eGFP1
15588,19:13:02,0.096,0.480,0,0,eGFP1
15589,19:13:02,0.074,0.568,0,0,eGFP1
15590,19:13:03,0.118,0.623,0,0,eGFP1
15591,19:13:03,0.085,0.469,0,0,eGFP1
15592,19:13:04,0.085,0.524,0,0,eGFP1
15593,19:13:04,0.086,0.558,0,0,eGFP1
15594,19:13:05,0.096,0.502,0,0,eGFP1
15595,19:13:05,0.086,0.470,0,0,eGFP1
15596,19:13:06,0.096,0.798,0,0,eGFP1
15597,19:13:07,0.129,0.590,0,0,eGFP1
15598,19:13:07,0.074,0.448,0,0,eGFP1
15599,19:13:08,0.096,0.600,0,0,eGFP1
15600,19:13:09,0.118,0.722,0,0,eGFP1
15601,19:13:09,0.108,0.536,0,0,eGFP1
15602,19:13:10,0.086,0.535,0,0,eGFP1
15603,19:13:10,0.118,0.711,0,0,eGFP1
15604,19:13:11,0.107,0.546,0,0,eGFP1
15605,19:13:11,0.074,0.469,0,0,eGFP1
15606,19:13:12,0.085,0.733,0,0,eGFP1
15607,19:13:13,0.118,0.546,0,0,eGFP1
15608,19:13:13,0.086,0.503,0,0,eGFP1
15609,19:13:14,0.097,0.668,0,0,eGFP1
15610,19:13:14,0.107,0.579,0,0,eGFP1
15611,19:13:15,0.084,0.523,0,0,eGFP1
15612,19:13:16,0.096,0.722,0,0,eGFP1
15613,19:13:16,0.139,0.743,0,0,eGFP1
15614,19:13:17,0.140,0.732,0,0,eGFP1
15615,19:13:18,0.096,0.568,0,0,eGFP1
15616,19:13:18,0.096,0.612,0,0,eGFP1
15617,19:13:19,0.119,0.711,0,0,eGFP1
15618,19:13:20,0.107,0.612,0,0,eGFP1
15619,19:13:20,0.096,0.535,0,0,eGFP1
15620,19:13:21,0.096,0.677,0,0,eGFP1
15621,19:13:21,0.118,0.612,0,0,eGFP1
15622,19:13:22,0.119,0.755,0,0,eGFP1
15623,19:13:23,0.085,0.568,0,0,eGFP1
15624,19:13:24,0.140,0.875,0,0,eGFP1
15625,19:13:24,0.108,0.602,0,0,eGFP1
15626,19:13:25,0.096,0.491,0,0,eGFP1
15627,19:13:25,0.085,0.579,0,0,eGFP1
15628,19:13:26,0.161,0.875,0,0,eGFP1
15629,19:13:27,0.129,0.677,0,0,eGFP1
15630,19:13:27,0.096,0.535,0,0,eGFP1
15631,19:13:28,0.096,0.853,0,0,eGFP1
15632,19:13:29,0.140,0.634,0,0,eGFP1
15633,19:13:29,0.097,0.514,0,0,eGFP1
15634,19:13:30,0.085,0.634,0,0,eGFP1
15635,19:13:31,0.130,0.723,0,0,eGFP1
15636,19:13:31,0.096,0.710,0,0,eGFP1
15637,19:13:32,0.129,0.777,0,0,eGFP1
15638,19:13:33,0.129,0.688,0,0,eGFP1
15639,19:13:34,0.096,0.612,0,0,eGFP1
15640,19:13:34,0.129,0.754,0,0,eGFP1
15641,19:13:35,0.130,0.602,0,0,eGFP1
15642,19:13:35,0.074,0.513,0,0,eGFP1
15643,19:13:36,0.129,0.810,0,0,eGFP1
15644,19:13:37,0.117,0.688,0,0,eGFP1
15645,19:13:38,0.107,0.601,0,0,eGFP1
15646,19:13:38,0.085,0.469,0,0,eGFP1
15647,19:13:39,0.085,0.557,0,0,eGFP1
15648,19:13:39,0.140,0.809,0,0,eGFP1
15649,19:13:40,0.119,0.646,0,0,eGFP1
15650,19:13:41,0.109,0.636,0,0,eGFP1
15651,19:13:41,0.107,0.678,0,0,eGFP1
15652,19:13:42,0.129,0.765,0,0,eGFP1
15653,19:13:43,0.119,0.679,0,0,eGFP1
15654,19:13:43,0.107,0.579,0,0,eGFP1
15655,19:13:44,0.096,0.886,0,0,eGFP1
15656,19:13:45,0.141,0.755,0,0,eGFP1
15657,19:13:46,0.119,0.689,0,0,eGFP1
15658,19:13:46,0.109,0.614,0,0,eGFP1
15659,19:13:47,0.096,0.623,0,0,eGFP1
15660,19:13:47,0.096,0.546,0,0,eGFP1
15661,19:13:48,0.107,0.776,0,0,eGFP1
15662,19:13:49,0.174,0.822,0,0,eGFP1
15663,19:13:50,0.118,0.688,0,0,eGFP1
15664,19:13:50,0.118,0.634,0,0,eGFP1
15665,19:13:51,0.085,0.667,0,0,eGFP1
15666,19:18:37,0.174,285.576,0,0,eGFP1
15667,19:18:37,0.151,0.710,0,0,eGFP1
15668,19:18:38,0.107,0.667,0,0,eGFP1
15669,19:18:39,0.151,0.853,0,0,eGFP1
15670,19:18:40,0.151,0.711,0,0,eGFP1
15671,19:18:40,0.085,0.480,0,0,eGFP1
15672,19:18:41,0.085,0.579,0,0,eGFP1
15673,19:18:41,0.151,0.777,0,0,eGFP1
15674,19:18:42,0.108,0.525,0,0,eGFP1
15675,19:18:43,0.085,0.744,0,0,eGFP1
15676,19:18:44,0.273,0.986,0,0,eGFP1
15677,19:18:44,0.096,0.513,0,0,eGFP1
15678,19:18:45,0.085,0.634,0,0,eGFP1
15679,19:18:46,0.206,0.919,0,0,eGFP1
15680,19:18:46,0.096,0.601,0,0,eGFP1
15681,19:18:47,0.151,0.985,0,0,eGFP1
15682,19:18:48,0.120,0.635,0,0,eGFP1
15683,19:18:49,0.097,0.722,0,0,eGFP1
15684,19:18:50,0.272,1.007,0,0,eGFP1
15685,19:18:50,0.096,0.535,0,0,eGFP1
15686,19:18:51,0.107,0.865,0,0,eGFP1
15687,19:18:52,0.173,0.853,0,0,eGFP1
15688,19:18:53,0.107,0.700,0,0,eGFP1
15689,19:18:55,0.152,1.930,0,0,eGFP1
15690,19:18:56,0.460,1.118,0,0,eGFP1
15691,19:18:56,0.096,0.667,0,0,eGFP1
15692,19:18:58,0.337,1.753,0,0,eGFP1
15693,19:18:59,0.096,0.579,0,0,eGFP1
15694,19:18:59,0.107,0.623,0,0,eGFP1
15695,19:19:00,0.097,0.624,0,0,eGFP1
15696,19:19:01,0.107,0.612,0,0,eGFP1
15697,19:19:02,0.129,1.281,0,0,eGFP1
15698,19:19:03,0.163,0.811,0,0,eGFP1
15699,19:19:04,0.250,1.523,0,0,eGFP1
15700,19:19:05,0.107,0.524,0,0,eGFP1
15701,19:19:05,0.074,0.480,0,0,eGFP1
15702,19:19:06,0.098,0.789,0,0,eGFP1
15703,19:19:06,0.108,0.536,0,0,eGFP1
15704,19:19:07,0.075,0.492,0,0,eGFP1
15705,19:19:07,0.086,0.536,0,0,eGFP1
15706,19:19:08,0.131,0.625,0,0,eGFP1
15707,19:19:09,0.086,0.590,0,0,eGFP1
15708,19:19:09,0.119,0.657,0,0,eGFP1
15709,19:19:10,0.097,0.525,0,0,eGFP1
15710,19:19:11,0.086,0.645,0,0,eGFP1
15711,19:19:11,0.141,0.701,0,0,eGFP1
15712,19:19:12,0.086,0.481,0,0,eGFP1
15713,19:19:12,0.086,0.514,0,0,eGFP1
15714,19:19:13,0.086,0.536,0,0,eGFP1
15715,19:19:13,0.098,0.537,0,0,eGFP1
15716,19:19:14,0.088,0.625,0,0,eGFP1
15717,19:19:15,0.163,0.723,0,0,eGFP1
15718,19:19:15,0.085,0.502,0,0,eGFP1
15719,19:19:16,0.086,0.602,0,0,eGFP1
15720,19:19:16,0.119,0.657,0,0,eGFP1
15721,19:19:17,0.097,0.590,0,0,eGFP1
15722,19:19:18,0.119,0.624,0,0,eGFP1
15723,19:19:18,0.087,0.581,0,0,eGFP1
15724,19:19:19,0.108,0.678,0,0,eGFP1
15725,19:19:19,0.097,0.557,0,0,eGFP1
15726,19:19:20,0.108,0.624,0,0,eGFP1
15727,19:19:21,0.096,0.469,0,0,eGFP1
15728,19:19:21,0.086,0.678,0,0,eGFP1
15729,19:19:22,0.153,0.679,0,0,eGFP1
15730,19:19:22,0.086,0.470,0,0,eGFP1
15731,19:19:23,0.087,0.570,0,0,eGFP1
15732,19:19:24,0.140,0.776,0,0,eGFP1
15733,19:19:24,0.119,0.558,0,0,eGFP1
15734,19:19:25,0.074,0.524,0,0,eGFP1
15735,19:19:26,0.119,0.876,0,0,eGFP1
15736,19:19:26,0.107,0.524,0,0,eGFP1
15737,19:19:27,0.075,0.481,0,0,eGFP1
15738,19:19:28,0.118,0.941,0,0,eGFP1
15739,19:19:28,0.131,0.679,0,0,eGFP1
15740,19:19:29,0.108,0.799,0,0,eGFP1
15741,19:19:30,0.119,0.678,0,0,eGFP1
15742,19:19:30,0.152,0.656,0,0,eGFP1
15743,19:19:31,0.087,0.592,0,0,eGFP1
15744,19:19:32,0.129,0.689,0,0,eGFP1
15745,19:19:32,0.097,0.536,0,0,eGFP1
15746,19:19:33,0.107,0.809,0,0,eGFP1
15747,19:19:34,0.120,0.570,0,0,eGFP1
15748,19:19:34,0.086,0.601,0,0,eGFP1
15749,19:19:35,0.141,0.854,0,0,eGFP1
15750,19:19:36,0.129,0.799,0,0,eGFP1
15751,19:19:37,0.151,0.766,0,0,eGFP1
15752,19:19:37,0.096,0.524,0,0,eGFP1
15753,19:19:38,0.086,0.470,0,0,eGFP1
15754,19:19:38,0.107,0.755,0,0,eGFP1
15755,19:19:39,0.109,0.559,0,0,eGFP1
15756,19:19:39,0.086,0.525,0,0,eGFP1
15757,19:19:40,0.108,0.832,0,0,eGFP1
15758,19:19:41,0.130,0.623,0,0,eGFP1
15759,19:19:41,0.086,0.514,0,0,eGFP1
15760,19:19:42,0.129,0.788,0,0,eGFP1
15761,19:19:43,0.107,0.579,0,0,eGFP1
15762,19:19:44,0.108,0.777,0,0,eGFP1
15763,19:19:44,0.131,0.592,0,0,eGFP1
15764,19:19:45,0.085,0.623,0,0,eGFP1
15765,19:19:46,0.119,0.722,0,0,eGFP1
15766,19:19:46,0.119,0.722,0,0,eGFP1
15767,19:19:47,0.119,0.755,0,0,eGFP1
15768,19:19:48,0.119,0.591,0,0,eGFP1
15769,19:19:49,0.096,1.150,0,0,eGFP1
15770,19:19:56,0.196,6.869,0,0,eGFP1
15771,19:19:57,0.118,0.963,0,0,eGFP1
15772,19:19:57,0.216,0.842,0,0,eGFP1
15773,19:19:58,0.118,0.777,0,0,eGFP1
15774,19:19:59,0.107,0.788,0,0,eGFP1
15775,19:20:00,0.129,0.645,0,0,eGFP1
15776,19:20:00,0.096,0.722,0,0,eGFP1
15777,19:20:01,0.151,0.744,0,0,eGFP1
15778,19:20:02,0.108,0.722,0,0,eGFP1
15779,19:20:03,0.119,0.744,0,0,eGFP1
15780,19:20:04,0.189,1.177,0,0,eGFP1
15781,19:20:04,0.163,0.712,0,0,eGFP1
15782,19:20:05,0.130,0.876,0,0,eGFP1
15783,19:20:06,0.099,0.746,0,0,eGFP1
15784,19:20:07,0.119,0.877,0,0,eGFP1
15785,19:20:08,0.108,0.602,0,0,eGFP1
15786,19:20:08,0.108,0.679,0,0,eGFP1
15787,19:20:09,0.119,0.854,0,0,eGFP1
15788,19:20:10,0.121,0.801,0,0,eGFP1
15789,19:20:11,0.152,0.689,0,0,eGFP1
15790,19:20:11,0.097,0.865,0,0,eGFP1
15791,19:20:12,0.130,0.843,0,0,eGFP1
15792,19:20:13,0.163,0.689,0,0,eGFP1
15793,19:20:14,0.097,0.843,0,0,eGFP1
15794,19:20:14,0.108,0.558,0,0,eGFP1
15795,19:20:15,0.096,0.799,0,0,eGFP1
15796,19:20:16,0.098,0.537,0,0,eGFP1
15797,19:20:17,0.098,0.877,0,0,eGFP1
15798,19:20:17,0.108,0.733,0,0,eGFP1
15799,19:20:18,0.163,1.019,0,0,eGFP1
15800,19:20:19,0.129,0.788,0,0,eGFP1
15801,19:20:20,0.173,0.876,0,0,eGFP1
15802,19:20:21,0.118,0.908,0,0,eGFP1
15803,19:20:22,0.141,0.920,0,0,eGFP1
15804,19:20:23,0.131,0.866,0,0,eGFP1
15805,19:20:24,0.141,0.843,0,0,eGFP1
15806,19:20:24,0.130,0.767,0,0,eGFP1
15807,19:20:25,0.096,0.810,0,0,eGFP1
15808,19:20:26,0.140,0.930,0,0,eGFP1
15809,19:20:27,0.130,0.657,0,0,eGFP1
15810,19:20:28,0.146,0.859,0,0,eGFP1
15811,19:20:28,0.098,0.745,0,0,eGFP1
15812,19:20:29,0.110,0.670,0,0,eGFP1
15813,19:20:30,0.130,0.909,0,0,eGFP1
15814,19:20:31,0.153,0.888,0,0,eGFP1
15815,19:20:32,0.119,0.811,0,0,eGFP1
15816,19:20:32,0.130,0.712,0,0,eGFP1
15817,19:20:33,0.174,0.887,0,0,eGFP1
15818,19:20:34,0.100,0.802,0,0,eGFP1
15819,19:20:35,0.141,0.668,0,0,eGFP1
15820,19:20:35,0.110,0.823,0,0,eGFP1
15821,19:20:36,0.120,0.657,0,0,eGFP1
15822,19:20:37,0.120,0.734,0,0,eGFP1
15823,19:20:37,0.098,0.603,0,0,eGFP1
15824,19:20:38,0.109,0.702,0,0,eGFP1
15825,19:20:39,0.096,0.645,0,0,eGFP1
15826,19:20:40,0.119,0.854,0,0,eGFP1
15827,19:20:40,0.152,0.777,0,0,eGFP1
15828,19:20:41,0.142,0.889,0,0,eGFP1
15829,19:20:42,0.129,0.843,0,0,eGFP1
15830,19:20:43,0.140,0.887,0,0,eGFP1
15831,19:20:44,0.140,0.931,0,0,eGFP1
15832,19:20:46,0.107,2.028,0,0,eGFP1
15833,19:20:47,0.108,0.700,0,0,eGFP1
15834,19:20:47,0.150,0.743,0,0,eGFP1
15835,19:20:48,0.094,0.764,0,0,eGFP1
15836,19:20:49,0.138,0.851,0,0,eGFP1
15837,19:20:50,0.153,0.954,0,0,eGFP1
15838,19:20:51,0.138,0.928,0,0,eGFP1
15839,19:20:52,0.128,0.622,0,0,eGFP1
15840,19:20:52,0.105,0.742,0,0,eGFP1
15841,19:20:53,0.116,0.599,0,0,eGFP1
15842,19:20:54,0.106,0.665,0,0,eGFP1
15843,19:20:55,0.117,0.929,0,0,eGFP1
15844,19:20:55,0.138,0.665,0,0,eGFP1
15845,19:20:56,0.107,0.700,0,0,eGFP1
15846,19:20:57,0.138,0.852,0,0,eGFP1
15847,19:20:58,0.116,0.808,0,0,eGFP1
15848,19:20:58,0.138,0.742,0,0,eGFP1
15849,19:20:59,0.138,0.698,0,0,eGFP1
15850,19:21:00,0.106,0.786,0,0,eGFP1
15851,19:21:01,0.118,0.798,0,0,eGFP1
15852,19:21:01,0.128,0.797,0,0,eGFP1
15853,19:21:02,0.107,0.821,0,0,eGFP1
15854,19:21:03,0.138,0.654,0,0,eGFP1
15855,19:21:04,0.117,0.753,0,0,eGFP1
15856,19:21:04,0.139,0.808,0,0,eGFP1
15857,19:21:05,0.106,0.654,0,0,eGFP1
15858,19:21:06,0.139,0.666,0,0,eGFP1
15859,19:21:06,0.105,0.753,0,0,eGFP1
15860,19:21:07,0.105,0.687,0,0,eGFP1
15861,19:21:08,0.162,0.711,0,0,eGFP1
15862,19:21:08,0.094,0.621,0,0,eGFP1
15863,19:21:09,0.150,0.731,0,0,eGFP1
15864,19:21:10,0.096,0.667,0,0,eGFP1
15865,19:21:11,0.117,0.643,0,0,eGFP1
15866,19:21:11,0.139,0.852,0,0,eGFP1
15867,19:21:12,0.106,0.622,0,0,eGFP1
15868,19:21:13,0.127,0.742,0,0,eGFP1
15869,19:21:13,0.107,0.601,0,0,eGFP1
15870,19:21:14,0.116,0.830,0,0,eGFP1
15871,19:21:15,0.105,0.676,0,0,eGFP1
15872,19:21:16,0.127,0.841,0,0,eGFP1
15873,19:21:16,0.127,0.720,0,0,eGFP1
15874,19:21:17,0.161,0.830,0,0,eGFP1
15875,19:21:18,0.128,0.885,0,0,eGFP1
15876,19:21:19,0.106,0.643,0,0,eGFP1
15877,19:21:19,0.118,0.623,0,0,eGFP1
15878,19:21:20,0.107,0.744,0,0,eGFP1
15879,19:21:21,0.117,0.622,0,0,eGFP1
15880,19:21:23,0.149,2.070,0,0,eGFP1
15881,19:21:23,0.094,0.610,0,0,eGFP1
15882,19:21:24,0.117,0.775,0,0,eGFP1
15883,19:21:25,0.128,0.655,0,0,eGFP1
15884,19:21:26,0.095,0.654,0,0,eGFP1
15885,19:21:26,0.129,0.656,0,0,eGFP1
15886,19:21:27,0.095,0.600,0,0,eGFP1
15887,19:21:28,0.105,0.742,0,0,eGFP1
15888,19:21:28,0.105,0.720,0,0,eGFP1
15889,19:21:29,0.150,0.698,0,0,eGFP1
15890,19:21:30,0.106,0.732,0,0,eGFP1
15891,19:21:30,0.118,0.612,0,0,eGFP1
15892,19:21:31,0.116,0.808,0,0,eGFP1
15893,19:21:32,0.096,0.633,0,0,eGFP1
15894,19:21:32,0.161,0.710,0,0,eGFP1
15895,19:21:33,0.095,0.687,0,0,eGFP1
15896,19:21:34,0.128,0.622,0,0,eGFP1
15897,19:21:35,0.095,0.764,0,0,eGFP1
15898,19:21:35,0.106,0.589,0,0,eGFP1
15899,19:21:36,0.116,0.665,0,0,eGFP1
15900,19:21:36,0.095,0.567,0,0,eGFP1
15901,19:21:37,0.106,0.687,0,0,eGFP1
15902,19:21:38,0.118,0.810,0,0,eGFP1
15903,19:21:38,0.106,0.588,0,0,eGFP1
15904,19:21:39,0.106,0.721,0,0,eGFP1
15905,19:21:40,0.107,0.623,0,0,eGFP1
15906,19:21:41,0.127,0.808,0,0,eGFP1
15907,19:21:41,0.117,0.621,0,0,eGFP1
15908,19:21:42,0.106,0.688,0,0,eGFP1
15909,19:21:43,0.117,0.764,0,0,eGFP1
15910,19:21:43,0.118,0.601,0,0,eGFP1
15911,19:21:44,0.095,0.776,0,0,eGFP1
15912,19:21:45,0.128,0.643,0,0,eGFP1
15913,19:21:45,0.117,0.644,0,0,eGFP1
15914,19:21:46,0.095,0.764,0,0,eGFP1
15915,19:21:47,0.128,0.633,0,0,eGFP1
15916,19:21:47,0.106,0.633,0,0,eGFP1
15917,19:21:48,0.095,0.556,0,0,eGFP1
15918,19:21:49,0.087,0.712,0,0,eGFP1
15919,19:21:49,0.117,0.743,0,0,eGFP1
15920,19:21:50,0.106,0.786,0,0,eGFP1
15921,19:21:51,0.139,0.699,0,0,eGFP1
15922,19:21:52,0.117,0.830,0,0,eGFP1
15923,19:21:52,0.106,0.578,0,0,eGFP1
15924,19:21:53,0.095,0.666,0,0,eGFP1
15925,19:21:54,0.106,0.610,0,0,eGFP1
15926,19:21:54,0.119,0.700,0,0,eGFP1
15927,19:21:55,0.096,0.721,0,0,eGFP1
15928,19:21:56,0.128,0.765,0,0,eGFP1
15929,19:21:56,0.150,0.731,0,0,eGFP1
15930,19:21:57,0.106,0.754,0,0,eGFP1
15931,19:21:58,0.106,0.578,0,0,eGFP1
15932,19:21:58,0.096,0.645,0,0,eGFP1
15933,19:21:59,0.106,0.556,0,0,eGFP1
15934,19:22:00,0.107,0.787,0,0,eGFP1
15935,19:22:01,0.117,0.809,0,0,eGFP1
15936,19:22:01,0.105,0.588,0,0,eGFP1
15937,19:22:02,0.106,0.633,0,0,eGFP1
15938,19:22:02,0.117,0.644,0,0,eGFP1
15939,19:22:03,0.106,0.633,0,0,eGFP1
15940,19:22:04,0.106,0.599,0,0,eGFP1
15941,19:22:04,0.106,0.622,0,0,eGFP1
15942,19:22:05,0.097,0.590,0,0,eGFP1
15943,19:22:05,0.106,0.622,0,0,eGFP1
15944,19:22:06,0.139,0.852,0,0,eGFP1
15945,19:22:07,0.097,0.547,0,0,eGFP1
15946,19:22:08,0.095,0.709,0,0,eGFP1
15947,19:22:08,0.117,0.721,0,0,eGFP1
15948,19:22:09,0.128,0.830,0,0,eGFP1
15949,19:22:10,0.095,0.578,0,0,eGFP1
15950,19:22:11,0.140,0.788,0,0,eGFP1
15951,19:22:11,0.095,0.556,0,0,eGFP1
15952,19:22:12,0.117,0.830,0,0,eGFP1
15953,19:22:13,0.106,0.819,0,0,eGFP1
15954,19:22:13,0.106,0.589,0,0,eGFP1
15955,19:22:14,0.106,0.732,0,0,eGFP1
15956,19:22:15,0.106,0.786,0,0,eGFP1
15957,19:22:15,0.117,0.578,0,0,eGFP1
15958,19:22:16,0.098,0.745,0,0,eGFP1
15959,19:22:17,0.106,0.677,0,0,eGFP1
15960,19:22:18,0.128,0.677,0,0,eGFP1
15961,19:22:18,0.095,0.677,0,0,eGFP1
15962,19:22:19,0.128,0.731,0,0,eGFP1
15963,19:22:20,0.095,0.655,0,0,eGFP1
15964,19:22:20,0.117,0.721,0,0,eGFP1
15965,19:22:21,0.149,0.797,0,0,eGFP1
15966,19:22:22,0.095,0.655,0,0,eGFP1
15967,19:22:23,0.162,0.886,0,0,eGFP1
15968,19:22:23,0.095,0.765,0,0,eGFP1
15969,19:22:24,0.139,0.721,0,0,eGFP1
15970,19:22:25,0.139,0.896,0,0,eGFP1
15971,19:22:26,0.084,0.633,0,0,eGFP1
15972,19:22:26,0.129,0.634,0,0,eGFP1
15973,19:22:27,0.106,0.786,0,0,eGFP1
15974,19:22:28,0.117,0.622,0,0,eGFP1
15975,19:22:28,0.119,0.624,0,0,eGFP1
15976,19:22:29,0.095,0.753,0,0,eGFP1
15977,19:22:30,0.140,0.798,0,0,eGFP1
15978,19:22:30,0.107,0.633,0,0,eGFP1
15979,19:22:31,0.107,0.589,0,0,eGFP1
15980,19:22:32,0.096,0.601,0,0,eGFP1
15981,19:22:32,0.128,0.764,0,0,eGFP1
15982,19:22:33,0.129,0.809,0,0,eGFP1
15983,19:22:34,0.152,0.733,0,0,eGFP1
15984,19:22:35,0.118,0.886,0,0,eGFP1
15985,19:22:35,0.107,0.612,0,0,eGFP1
15986,19:22:52,0.095,16.853,0,0,eGFP1
15987,19:22:53,0.161,0.742,0,0,eGFP1
15988,19:22:54,0.172,0.973,0,0,eGFP1
15989,19:22:55,0.107,0.622,0,0,eGFP1
15990,19:22:55,0.118,0.611,0,0,eGFP1
15991,19:22:56,0.086,0.668,0,0,eGFP1
15992,19:22:57,0.117,0.567,0,0,eGFP1
15993,19:22:57,0.106,0.819,0,0,eGFP1
15994,19:22:58,0.107,0.644,0,0,eGFP1
15995,19:22:59,0.139,0.655,0,0,eGFP1
15996,19:22:59,0.106,0.655,0,0,eGFP1
15997,19:23:00,0.128,0.798,0,0,eGFP1
15998,19:23:01,0.128,0.786,0,0,eGFP1
15999,19:23:02,0.120,0.669,0,0,eGFP1
16000,19:23:02,0.107,0.622,0,0,eGFP1
16001,19:23:03,0.085,0.557,0,0,eGFP1
16002,19:23:03,0.117,0.644,0,0,eGFP1
16003,19:23:04,0.106,0.567,0,0,eGFP1
16004,19:23:05,0.084,0.666,0,0,eGFP1
16005,19:23:05,0.106,0.710,0,0,eGFP1
16006,19:23:06,0.106,0.742,0,0,eGFP1
16007,19:23:07,0.108,0.711,0,0,eGFP1
16008,19:23:07,0.107,0.557,0,0,eGFP1
16009,19:23:08,0.095,0.578,0,0,eGFP1
16010,19:23:09,0.128,0.808,0,0,eGFP1
16011,19:23:09,0.107,0.568,0,0,eGFP1
16012,19:23:10,0.118,0.788,0,0,eGFP1
16013,19:23:11,0.106,0.578,0,0,eGFP1
16014,19:23:11,0.095,0.743,0,0,eGFP1
16015,19:23:12,0.107,0.667,0,0,eGFP1
16016,19:23:13,0.150,0.743,0,0,eGFP1
16017,19:23:13,0.106,0.633,0,0,eGFP1
16018,19:23:14,0.106,0.666,0,0,eGFP1
16019,19:23:15,0.139,0.743,0,0,eGFP1
16020,19:23:15,0.095,0.633,0,0,eGFP1
16021,19:23:16,0.106,0.589,0,0,eGFP1
16022,19:23:17,0.117,0.743,0,0,eGFP1
16023,19:23:17,0.108,0.568,0,0,eGFP1
16024,19:23:18,0.096,0.930,0,0,eGFP1
16025,19:23:19,0.128,0.666,0,0,eGFP1
16026,19:23:20,0.162,0.799,0,0,eGFP1
16027,19:23:20,0.085,0.655,0,0,eGFP1
16028,19:23:21,0.140,0.722,0,0,eGFP1
16029,19:23:22,0.095,0.556,0,0,eGFP1
16030,19:23:22,0.096,0.601,0,0,eGFP1
16031,19:23:23,0.139,0.721,0,0,eGFP1
16032,19:23:24,0.086,0.679,0,0,eGFP1
16033,19:23:24,0.139,0.666,0,0,eGFP1
16034,19:23:25,0.107,0.897,0,0,eGFP1
16035,19:23:26,0.096,0.589,0,0,eGFP1
16036,19:23:27,0.118,0.656,0,0,eGFP1
16037,19:23:27,0.096,0.710,0,0,eGFP1
16038,19:23:28,0.096,0.754,0,0,eGFP1
16039,19:23:29,0.141,0.690,0,0,eGFP1
16040,19:23:29,0.097,0.744,0,0,eGFP1
16041,19:23:30,0.118,0.612,0,0,eGFP1
16042,19:23:31,0.106,0.754,0,0,eGFP1
16043,19:23:32,0.129,0.842,0,0,eGFP1
16044,19:23:32,0.096,0.590,0,0,eGFP1
16045,19:23:33,0.128,0.765,0,0,eGFP1
16046,19:23:34,0.107,0.600,0,0,eGFP1
16047,19:23:34,0.096,0.689,0,0,eGFP1
16048,19:23:35,0.097,0.733,0,0,eGFP1
16049,19:23:36,0.118,0.798,0,0,eGFP1
16050,19:23:36,0.129,0.677,0,0,eGFP1
16051,19:23:37,0.151,0.754,0,0,eGFP1
16052,19:23:38,0.096,0.590,0,0,eGFP1
16053,19:23:39,0.151,0.744,0,0,eGFP1
16054,19:23:39,0.096,0.666,0,0,eGFP1
16055,19:23:40,0.118,0.776,0,0,eGFP1
16056,19:23:41,0.097,0.569,0,0,eGFP1
16057,19:23:42,0.117,1.017,0,0,eGFP1
16058,19:23:42,0.129,0.864,0,0,eGFP1
16059,19:23:43,0.194,0.798,0,0,eGFP1
16060,19:23:44,0.106,0.754,0,0,eGFP1
16061,19:23:45,0.107,0.633,0,0,eGFP1
16062,19:23:45,0.107,0.634,0,0,eGFP1
16063,19:23:46,0.106,0.677,0,0,eGFP1
16064,19:23:47,0.141,0.777,0,0,eGFP1
16065,19:23:47,0.118,0.699,0,0,eGFP1
16066,19:23:48,0.108,0.613,0,0,eGFP1
16067,19:23:49,0.118,0.655,0,0,eGFP1
16068,19:23:49,0.085,0.743,0,0,eGFP1
16069,19:23:50,0.140,0.634,0,0,eGFP1
16070,19:23:51,0.095,0.622,0,0,eGFP1
16071,19:23:52,0.085,0.853,0,0,eGFP1
16072,19:23:52,0.152,0.656,0,0,eGFP1
16073,19:23:53,0.096,0.711,0,0,eGFP1
16074,19:23:53,0.106,0.545,0,0,eGFP1
16075,19:23:54,0.085,0.754,0,0,eGFP1
16076,19:23:55,0.118,0.721,0,0,eGFP1
16077,19:23:56,0.118,0.831,0,0,eGFP1
16078,19:23:57,0.107,0.842,0,0,eGFP1
16079,19:23:57,0.140,0.677,0,0,eGFP1
16080,19:23:58,0.099,0.779,0,0,eGFP1
16081,19:23:59,0.107,0.754,0,0,eGFP1
16082,19:24:00,0.184,0.952,0,0,eGFP1
16083,19:24:01,0.117,0.842,0,0,eGFP1
16084,19:24:01,0.183,0.852,0,0,eGFP1
16085,19:24:02,0.162,0.809,0,0,eGFP1
16086,19:24:04,0.096,2.236,0,0,eGFP1
16087,19:24:05,0.205,0.743,0,0,eGFP1
16088,19:24:06,0.130,0.745,0,0,eGFP1
16089,19:24:07,0.095,0.600,0,0,eGFP1
16090,19:24:07,0.107,0.590,0,0,eGFP1
16091,19:24:08,0.084,0.721,0,0,eGFP1
16092,19:24:08,0.117,0.589,0,0,eGFP1
16093,19:24:09,0.086,0.613,0,0,eGFP1
16094,19:24:11,0.129,1.972,0,0,eGFP1
16095,19:24:12,0.107,0.634,0,0,eGFP1
16096,19:24:12,0.128,0.710,0,0,eGFP1
16097,19:24:14,0.174,1.491,0,0,eGFP1
16098,19:24:15,0.107,1.028,0,0,eGFP1
16099,19:24:18,0.250,2.653,0,0,eGFP1
16100,19:24:18,0.140,0.732,0,0,eGFP1
16101,19:24:19,0.118,0.821,0,0,eGFP1
16102,19:24:20,0.095,0.523,0,0,eGFP1
16103,19:24:20,0.085,0.678,0,0,eGFP1
16104,19:24:21,0.095,0.611,0,0,eGFP1
16105,19:24:22,0.098,0.570,0,0,eGFP1
16106,19:24:22,0.085,0.634,0,0,eGFP1
16107,19:24:23,0.141,0.668,0,0,eGFP1
16108,19:24:23,0.096,0.612,0,0,eGFP1
16109,19:24:24,0.096,0.557,0,0,eGFP1
16110,19:24:25,0.085,0.777,0,0,eGFP1
16111,19:24:25,0.118,0.612,0,0,eGFP1
16112,19:24:26,0.096,0.710,0,0,eGFP1
16113,19:24:27,0.131,0.669,0,0,eGFP1
16114,19:24:27,0.095,0.710,0,0,eGFP1
16115,19:24:28,0.129,0.612,0,0,eGFP1
16116,19:24:29,0.117,0.688,0,0,eGFP1
16117,19:24:29,0.096,0.502,0,0,eGFP1
16118,19:24:30,0.096,0.776,0,0,eGFP1
16119,19:24:31,0.129,0.711,0,0,eGFP1
16120,19:24:32,0.141,0.755,0,0,eGFP1
16121,19:24:32,0.109,0.800,0,0,eGFP1
16122,19:24:33,0.107,0.710,0,0,eGFP1
16123,19:24:34,0.162,0.744,0,0,eGFP1
16124,19:24:35,0.096,0.798,0,0,eGFP1
16125,19:24:35,0.140,0.656,0,0,eGFP1
16126,19:24:36,0.095,0.710,0,0,eGFP1
16127,19:24:37,0.162,0.875,0,0,eGFP1
16128,19:24:38,0.107,0.765,0,0,eGFP1
16129,19:24:39,0.295,1.063,0,0,eGFP1
16130,19:24:39,0.085,0.678,0,0,eGFP1
16131,19:24:40,0.129,0.601,0,0,eGFP1
16132,19:24:40,0.085,0.535,0,0,eGFP1
16133,19:24:41,0.096,0.721,0,0,eGFP1
16134,19:24:42,0.097,0.602,0,0,eGFP1
16135,19:24:42,0.108,0.547,0,0,eGFP1
16136,19:24:43,0.085,1.073,0,0,eGFP1
16137,19:24:44,0.141,0.613,0,0,eGFP1
16138,19:24:45,0.108,0.755,0,0,eGFP1
16139,19:24:45,0.108,0.678,0,0,eGFP1
16140,19:24:46,0.130,0.744,0,0,eGFP1
16141,19:24:47,0.108,0.777,0,0,eGFP1
16142,19:24:48,0.107,0.612,0,0,eGFP1
16143,19:24:48,0.108,0.755,0,0,eGFP1
16144,19:24:49,0.097,0.525,0,0,eGFP1
16145,19:24:50,0.097,0.975,0,0,eGFP1
16146,19:24:50,0.107,0.579,0,0,eGFP1
16147,19:24:51,0.097,0.591,0,0,eGFP1
16148,19:24:52,0.129,0.688,0,0,eGFP1
16149,19:24:52,0.107,0.634,0,0,eGFP1
16150,19:24:53,0.129,0.788,0,0,eGFP1
16151,19:24:54,0.096,0.622,0,0,eGFP1
16152,19:24:54,0.140,0.733,0,0,eGFP1
16153,19:24:55,0.108,0.778,0,0,eGFP1
16154,19:24:56,0.107,0.699,0,0,eGFP1
16155,19:24:57,0.217,1.172,0,0,eGFP1
16156,19:24:58,0.107,0.601,0,0,eGFP1
16157,19:24:58,0.151,0.743,0,0,eGFP1
16158,19:24:59,0.085,0.579,0,0,eGFP1
16159,19:25:00,0.107,0.579,0,0,eGFP1
16160,19:25:00,0.085,0.678,0,0,eGFP1
16161,19:25:01,0.108,0.580,0,0,eGFP1
16162,19:25:02,0.098,0.635,0,0,eGFP1
16163,19:25:02,0.129,0.766,0,0,eGFP1
16164,19:25:03,0.096,0.546,0,0,eGFP1
16165,19:25:04,0.096,0.919,0,0,eGFP1
16166,19:25:04,0.118,0.601,0,0,eGFP1
16167,19:25:05,0.107,0.623,0,0,eGFP1
16168,19:25:06,0.085,0.700,0,0,eGFP1
16169,19:25:06,0.129,0.666,0,0,eGFP1
16170,19:25:07,0.109,0.746,0,0,eGFP1
16171,19:25:08,0.097,0.557,0,0,eGFP1
16172,19:25:08,0.108,0.646,0,0,eGFP1
16173,19:25:09,0.107,0.612,0,0,eGFP1
16174,19:25:10,0.120,0.713,0,0,eGFP1
16175,19:25:10,0.096,0.546,0,0,eGFP1
16176,19:25:11,0.097,0.690,0,0,eGFP1
16177,19:25:11,0.096,0.623,0,0,eGFP1
16178,19:25:12,0.109,0.833,0,0,eGFP1
16179,19:25:13,0.130,0.700,0,0,eGFP1
16180,19:25:14,0.129,0.755,0,0,eGFP1
16181,19:25:14,0.096,0.568,0,0,eGFP1
16182,19:25:15,0.085,0.744,0,0,eGFP1
16183,19:25:16,0.129,0.831,0,0,eGFP1
16184,19:25:17,0.108,0.635,0,0,eGFP1
16185,19:25:17,0.118,0.711,0,0,eGFP1
16186,19:25:18,0.086,0.646,0,0,eGFP1
16187,19:25:19,0.173,0.843,0,0,eGFP1
16188,19:25:19,0.093,0.554,0,0,eGFP1
16189,19:25:20,0.151,0.897,0,0,eGFP1
16190,19:25:21,0.086,0.547,0,0,eGFP1
16191,19:25:21,0.096,0.666,0,0,eGFP1
16192,19:25:22,0.119,0.623,0,0,eGFP1
16193,19:25:23,0.097,0.766,0,0,eGFP1
16194,19:25:23,0.120,0.723,0,0,eGFP1
16195,19:25:24,0.119,0.656,0,0,eGFP1
16196,19:25:25,0.086,0.744,0,0,eGFP1
16197,19:25:26,0.129,0.700,0,0,eGFP1
16198,19:25:26,0.151,0.842,0,0,eGFP1
16199,19:25:27,0.097,0.645,0,0,eGFP1
16200,19:25:28,0.130,0.689,0,0,eGFP1
16201,19:25:29,0.109,0.778,0,0,eGFP1
16202,19:25:29,0.131,0.800,0,0,eGFP1
16203,19:25:30,0.119,0.623,0,0,eGFP1
16204,19:25:31,0.086,0.722,0,0,eGFP1
16205,19:25:31,0.119,0.722,0,0,eGFP1
16206,19:25:32,0.118,0.766,0,0,eGFP1
16207,19:25:33,0.107,0.568,0,0,eGFP1
16208,19:25:33,0.118,0.744,0,0,eGFP1
16209,19:25:34,0.107,0.590,0,0,eGFP1
16210,19:25:35,0.109,0.657,0,0,eGFP1
16211,19:25:36,0.108,0.766,0,0,eGFP1
16212,19:25:36,0.108,0.601,0,0,eGFP1
16213,19:25:37,0.097,0.645,0,0,eGFP1
16214,19:25:38,0.109,0.855,0,0,eGFP1
16215,19:25:38,0.141,0.689,0,0,eGFP1
16216,19:25:40,0.108,2.149,0,0,eGFP1
16217,19:25:41,0.140,0.667,0,0,eGFP1
16218,19:25:42,0.109,0.855,0,0,eGFP1
16219,19:25:43,0.096,0.568,0,0,eGFP1
16220,19:25:43,0.118,0.799,0,0,eGFP1
16221,19:25:44,0.096,0.678,0,0,eGFP1
16222,19:25:45,0.118,0.711,0,0,eGFP1
16223,19:25:45,0.096,0.612,0,0,eGFP1
16224,19:25:46,0.151,0.810,0,0,eGFP1
16225,19:25:47,0.085,0.579,0,0,eGFP1
16226,19:25:48,0.118,0.799,0,0,eGFP1
16227,19:25:48,0.097,0.558,0,0,eGFP1
16228,19:25:49,0.087,0.735,0,0,eGFP1
16229,19:25:50,0.140,0.787,0,0,eGFP1
16230,19:25:50,0.130,0.722,0,0,eGFP1
16231,19:25:51,0.108,0.832,0,0,eGFP1
16232,19:25:52,0.151,0.645,0,0,eGFP1
16233,19:25:53,0.108,1.117,0,0,eGFP1
16234,19:25:54,0.119,0.623,0,0,eGFP1
16235,19:25:54,0.110,0.768,0,0,eGFP1
16236,19:25:55,0.108,0.701,0,0,eGFP1
16237,19:25:56,0.130,0.766,0,0,eGFP1
16238,19:25:56,0.108,0.646,0,0,eGFP1
16239,19:25:57,0.130,0.788,0,0,eGFP1
16240,19:25:58,0.130,0.701,0,0,eGFP1
16241,19:25:59,0.087,0.647,0,0,eGFP1
16242,19:25:59,0.120,0.745,0,0,eGFP1
16243,19:26:00,0.143,0.835,0,0,eGFP1
16244,19:26:01,0.119,0.865,0,0,eGFP1
16245,19:26:02,0.131,0.844,0,0,eGFP1
16246,19:26:30,0.339,28.366,0,0,eGFP1
16247,19:26:31,0.207,0.767,0,0,eGFP1
16248,19:26:32,0.108,0.810,0,0,eGFP1
16249,19:26:33,0.130,0.712,0,0,eGFP1
16250,19:26:34,0.152,1.096,0,0,eGFP1
16251,19:26:34,0.098,0.570,0,0,eGFP1
16252,19:26:35,0.097,0.547,0,0,eGFP1
16253,19:26:36,0.098,1.371,0,0,eGFP1
16254,19:26:37,0.316,0.931,0,0,eGFP1
16255,19:26:38,0.131,1.052,0,0,eGFP1
16256,19:26:40,0.207,2.204,0,0,eGFP1
16257,19:26:42,0.119,2.028,0,0,eGFP1
16258,19:26:45,0.184,2.215,0,0,eGFP1
16259,19:26:45,0.141,0.690,0,0,eGFP1
16260,19:26:46,0.130,0.744,0,0,eGFP1
16261,19:26:47,0.108,0.580,0,0,eGFP1
16262,19:26:47,0.085,0.568,0,0,eGFP1
16263,19:26:48,0.097,0.547,0,0,eGFP1
16264,19:26:48,0.096,0.557,0,0,eGFP1
16265,19:26:49,0.086,0.634,0,0,eGFP1
16266,19:26:50,0.119,0.723,0,0,eGFP1
16267,19:26:50,0.120,0.635,0,0,eGFP1
16268,19:26:51,0.076,0.526,0,0,eGFP1
16269,19:26:51,0.130,0.700,0,0,eGFP1
16270,19:26:52,0.097,0.657,0,0,eGFP1
16271,19:26:53,0.118,0.601,0,0,eGFP1
16272,19:26:53,0.108,0.612,0,0,eGFP1
16273,19:26:54,0.108,0.569,0,0,eGFP1
16274,19:26:54,0.108,0.601,0,0,eGFP1
16275,19:26:55,0.087,0.548,0,0,eGFP1
16276,19:26:56,0.086,0.635,0,0,eGFP1
16277,19:26:56,0.129,0.634,0,0,eGFP1
16278,19:26:57,0.086,0.558,0,0,eGFP1
16279,19:26:57,0.107,0.579,0,0,eGFP1
16280,19:26:58,0.086,0.591,0,0,eGFP1
16281,19:26:59,0.140,0.689,0,0,eGFP1
16282,19:26:59,0.109,0.603,0,0,eGFP1
16283,19:27:00,0.118,1.073,0,0,eGFP1
16284,19:27:01,0.106,0.633,0,0,eGFP1
16285,19:27:02,0.119,0.668,0,0,eGFP1
16286,19:27:02,0.085,0.568,0,0,eGFP1
16287,19:27:04,0.108,1.743,0,0,eGFP1
16288,19:27:05,0.195,0.722,0,0,eGFP1
16289,19:27:05,0.108,0.645,0,0,eGFP1
16290,19:27:06,0.086,0.602,0,0,eGFP1
16291,19:27:07,0.184,0.997,0,0,eGFP1
16292,19:27:07,0.087,0.537,0,0,eGFP1
16293,19:27:08,0.085,0.557,0,0,eGFP1
16294,19:27:09,0.108,0.668,0,0,eGFP1
16295,19:27:09,0.087,0.515,0,0,eGFP1
16296,19:27:10,0.074,0.546,0,0,eGFP1
16297,19:27:10,0.108,0.635,0,0,eGFP1
16298,19:27:11,0.085,0.557,0,0,eGFP1
16299,19:27:12,0.119,0.745,0,0,eGFP1
16300,19:27:12,0.101,0.573,0,0,eGFP1
16301,19:27:13,0.086,0.613,0,0,eGFP1
16302,19:27:14,0.120,0.657,0,0,eGFP1
16303,19:27:14,0.098,0.811,0,0,eGFP1
16304,19:27:15,0.119,0.547,0,0,eGFP1
16305,19:27:16,0.087,0.657,0,0,eGFP1
16306,19:27:16,0.142,0.691,0,0,eGFP1
16307,19:27:17,0.097,0.657,0,0,eGFP1
16308,19:27:18,0.099,0.592,0,0,eGFP1
16309,19:27:18,0.110,0.614,0,0,eGFP1
16310,19:27:19,0.097,0.613,0,0,eGFP1
16311,19:27:19,0.108,0.623,0,0,eGFP1
16312,19:27:20,0.130,0.800,0,0,eGFP1
16313,19:27:22,0.107,1.479,0,0,eGFP1
16314,19:27:22,0.152,0.668,0,0,eGFP1
16315,19:27:23,0.107,0.612,0,0,eGFP1
16316,19:27:24,0.087,1.262,0,0,eGFP1
16317,19:27:25,0.206,0.744,0,0,eGFP1
16318,19:27:26,0.097,0.711,0,0,eGFP1
16319,19:27:26,0.108,0.613,0,0,eGFP1
16320,19:27:28,0.184,1.743,0,0,eGFP1
16321,19:27:29,0.119,0.942,0,0,eGFP1
16322,19:27:31,0.186,1.777,0,0,eGFP1
16323,19:27:32,0.108,1.183,0,0,eGFP1
16324,19:27:33,0.230,1.031,0,0,eGFP1
16325,19:27:34,0.152,0.810,0,0,eGFP1
16326,19:27:34,0.083,0.500,0,0,eGFP1
16327,19:27:35,0.105,0.742,0,0,eGFP1
16328,19:27:35,0.094,0.522,0,0,eGFP1
16329,19:27:36,0.128,0.709,0,0,eGFP1
16330,19:27:37,0.095,0.534,0,0,eGFP1
16331,19:27:37,0.116,0.709,0,0,eGFP1
16332,19:27:38,0.085,0.480,0,0,eGFP1
16333,19:27:39,0.095,0.687,0,0,eGFP1
16334,19:27:39,0.106,0.534,0,0,eGFP1
16335,19:27:40,0.094,0.544,0,0,eGFP1
16336,19:27:40,0.085,0.524,0,0,eGFP1
16337,19:27:41,0.084,0.457,0,0,eGFP1
16338,19:27:41,0.073,0.577,0,0,eGFP1
16339,19:27:42,0.161,0.896,0,0,eGFP1
16340,19:27:43,0.107,0.601,0,0,eGFP1
16341,19:27:43,0.095,0.621,0,0,eGFP1
16342,19:27:44,0.106,0.611,0,0,eGFP1
16343,19:27:45,0.127,0.819,0,0,eGFP1
16344,19:27:45,0.105,0.555,0,0,eGFP1
16345,19:27:46,0.084,0.830,0,0,eGFP1
16346,19:27:47,0.128,0.621,0,0,eGFP1
16347,19:27:48,0.106,0.710,0,0,eGFP1
16348,19:27:48,0.083,0.566,0,0,eGFP1
16349,19:27:49,0.130,0.800,0,0,eGFP1
16350,19:27:50,0.094,0.786,0,0,eGFP1
16351,19:27:51,0.270,1.565,0,0,eGFP1
16352,19:27:52,0.106,0.589,0,0,eGFP1
16353,19:27:53,0.105,0.720,0,0,eGFP1
16354,19:27:53,0.149,0.885,0,0,eGFP1
16355,19:27:54,0.127,0.731,0,0,eGFP1
16356,19:27:55,0.106,0.577,0,0,eGFP1
16357,19:27:55,0.086,0.590,0,0,eGFP1
16358,19:27:56,0.128,0.699,0,0,eGFP1
16359,19:27:57,0.083,0.643,0,0,eGFP1
16360,19:27:57,0.128,0.786,0,0,eGFP1
16361,19:27:58,0.117,0.589,0,0,eGFP1
16362,19:27:59,0.095,0.654,0,0,eGFP1
16363,19:27:59,0.096,0.546,0,0,eGFP1
16364,19:28:00,0.095,0.556,0,0,eGFP1
16365,19:28:01,0.096,0.710,0,0,eGFP1
16366,19:28:01,0.139,0.743,0,0,eGFP1
16367,19:28:02,0.139,0.764,0,0,eGFP1
16368,19:28:03,0.139,0.775,0,0,eGFP1
16369,19:28:03,0.106,0.600,0,0,eGFP1
16370,19:28:04,0.117,0.786,0,0,eGFP1
16371,19:28:05,0.106,0.589,0,0,eGFP1
16372,19:28:06,0.138,1.247,0,0,eGFP1
16373,19:28:07,0.107,0.656,0,0,eGFP1
16374,19:28:07,0.149,0.797,0,0,eGFP1
16375,19:28:08,0.105,0.588,0,0,eGFP1
16376,19:28:09,0.096,0.579,0,0,eGFP1
16377,19:28:09,0.117,0.655,0,0,eGFP1
16378,19:28:10,0.106,0.555,0,0,eGFP1
16379,19:28:11,0.095,0.710,0,0,eGFP1
16380,19:28:11,0.160,0.841,0,0,eGFP1
16381,19:28:12,0.107,0.721,0,0,eGFP1
16382,19:28:13,0.106,0.600,0,0,eGFP1
16383,19:28:13,0.095,0.709,0,0,eGFP1
16384,19:28:14,0.106,0.589,0,0,eGFP1
16385,19:28:15,0.161,0.962,0,0,eGFP1
16386,19:28:16,0.259,1.159,0,0,eGFP1
16387,19:28:17,0.106,0.589,0,0,eGFP1
16388,19:28:18,0.116,0.797,0,0,eGFP1
16389,19:28:18,0.129,0.853,0,0,eGFP1
16390,19:28:19,0.140,0.722,0,0,eGFP1
16391,19:28:20,0.106,0.709,0,0,eGFP1
16392,19:28:20,0.106,0.688,0,0,eGFP1
16393,19:28:21,0.128,0.764,0,0,eGFP1
16394,19:28:22,0.106,0.589,0,0,eGFP1
16395,19:28:22,0.084,0.577,0,0,eGFP1
16396,19:28:23,0.128,0.831,0,0,eGFP1
16397,19:28:24,0.096,0.623,0,0,eGFP1
16398,19:28:25,0.094,0.709,0,0,eGFP1
16399,19:28:25,0.095,0.698,0,0,eGFP1
16400,19:28:26,0.128,0.754,0,0,eGFP1
16401,19:28:27,0.105,0.621,0,0,eGFP1
16402,19:28:27,0.095,0.578,0,0,eGFP1
16403,19:28:28,0.107,1.084,0,0,eGFP1
16404,19:28:29,0.106,0.611,0,0,eGFP1
16405,19:28:30,0.129,0.776,0,0,eGFP1
16406,19:28:30,0.106,0.775,0,0,eGFP1
16407,19:28:31,0.117,0.578,0,0,eGFP1
16408,19:28:32,0.084,0.819,0,0,eGFP1
16409,19:28:33,0.128,0.754,0,0,eGFP1
16410,19:28:33,0.150,0.687,0,0,eGFP1
16411,19:28:34,0.117,0.710,0,0,eGFP1
16412,19:28:35,0.095,0.556,0,0,eGFP1
16413,19:28:35,0.138,0.830,0,0,eGFP1
16414,19:28:36,0.096,0.623,0,0,eGFP1
16415,19:28:37,0.171,0.874,0,0,eGFP1
16416,19:28:38,0.106,0.786,0,0,eGFP1
16417,19:28:38,0.118,0.601,0,0,eGFP1
16418,19:28:39,0.106,0.776,0,0,eGFP1
16419,19:28:40,0.138,0.687,0,0,eGFP1
16420,19:28:40,0.106,0.622,0,0,eGFP1
16421,19:28:41,0.106,0.632,0,0,eGFP1
16422,19:28:42,0.119,0.777,0,0,eGFP1
16423,19:28:42,0.106,0.589,0,0,eGFP1
16424,19:28:43,0.095,0.698,0,0,eGFP1
16425,19:28:44,0.117,0.787,0,0,eGFP1
16426,19:28:45,0.128,0.687,0,0,eGFP1
16427,19:28:45,0.172,0.874,0,0,eGFP1
16428,19:28:46,0.095,0.677,0,0,eGFP1
16429,19:28:47,0.128,0.797,0,0,eGFP1
16430,19:28:48,0.131,0.779,0,0,eGFP1
16431,19:28:48,0.095,0.600,0,0,eGFP1
16432,19:28:49,0.139,0.808,0,0,eGFP1
16433,19:28:50,0.084,0.743,0,0,eGFP1
16434,19:28:51,0.128,0.676,0,0,eGFP1
16435,19:28:51,0.107,0.666,0,0,eGFP1
16436,19:28:52,0.106,0.578,0,0,eGFP1
16437,19:28:52,0.106,0.688,0,0,eGFP1
16438,19:28:53,0.108,0.777,0,0,eGFP1
16439,19:28:54,0.139,0.699,0,0,eGFP1
16440,19:28:55,0.139,1.192,0,0,eGFP1
16441,19:28:56,0.106,0.699,0,0,eGFP1
16442,19:28:57,0.172,0.797,0,0,eGFP1
16443,19:28:57,0.085,0.623,0,0,eGFP1
16444,19:28:58,0.106,0.798,0,0,eGFP1
16445,19:28:59,0.139,0.797,0,0,eGFP1
16446,19:28:59,0.096,0.557,0,0,eGFP1
16447,19:29:00,0.117,0.765,0,0,eGFP1
16448,19:29:01,0.106,0.676,0,0,eGFP1
16449,19:29:01,0.117,0.644,0,0,eGFP1
16450,19:29:02,0.106,0.787,0,0,eGFP1
16451,19:29:03,0.117,0.600,0,0,eGFP1
16452,19:29:03,0.095,0.588,0,0,eGFP1
16453,19:29:04,0.096,0.842,0,0,eGFP1
16454,19:29:05,0.129,0.623,0,0,eGFP1
16455,19:29:06,0.117,0.885,0,0,eGFP1
16456,19:29:06,0.117,0.644,0,0,eGFP1
16457,19:29:07,0.097,0.755,0,0,eGFP1
16458,19:29:08,0.128,0.798,0,0,eGFP1
16459,19:29:09,0.161,0.863,0,0,eGFP1
16460,19:29:10,0.106,0.677,0,0,eGFP1
16461,19:29:10,0.128,0.677,0,0,eGFP1
16462,19:29:11,0.097,0.656,0,0,eGFP1
16463,19:29:12,0.129,0.743,0,0,eGFP1
16464,19:29:13,0.151,0.919,0,0,eGFP1
16465,19:29:13,0.095,0.688,0,0,eGFP1
16466,19:29:14,0.150,0.677,0,0,eGFP1
16467,19:29:15,0.106,0.863,0,0,eGFP1
16468,19:29:15,0.107,0.578,0,0,eGFP1
16469,19:29:16,0.118,0.853,0,0,eGFP1
16470,19:29:17,0.098,0.603,0,0,eGFP1
16471,19:29:18,0.172,0.896,0,0,eGFP1
16472,19:29:18,0.095,0.776,0,0,eGFP1
16473,19:29:19,0.139,0.643,0,0,eGFP1
16474,19:29:20,0.107,0.655,0,0,eGFP1
16475,19:29:20,0.117,0.710,0,0,eGFP1
16476,19:29:21,0.117,0.863,0,0,eGFP1
16477,19:29:22,0.162,0.831,0,0,eGFP1
16478,19:29:23,0.106,0.655,0,0,eGFP1
16479,19:29:24,0.129,0.744,0,0,eGFP1
16480,19:29:24,0.128,0.852,0,0,eGFP1
16481,19:29:25,0.128,0.754,0,0,eGFP1
16482,19:29:26,0.205,1.193,0,0,eGFP1
16483,19:29:27,0.106,0.808,0,0,eGFP1
16484,19:29:28,0.152,0.766,0,0,eGFP1
16485,19:29:29,0.106,0.644,0,0,eGFP1
16486,19:29:29,0.117,0.743,0,0,eGFP1
16487,19:29:30,0.140,0.799,0,0,eGFP1
16488,19:29:31,0.106,0.874,0,0,eGFP1
16489,19:29:32,0.128,0.611,0,0,eGFP1
16490,19:29:33,0.107,0.930,0,0,eGFP1
16491,19:29:33,0.095,0.721,0,0,eGFP1
16492,19:29:34,0.150,0.874,0,0,eGFP1
16493,19:36:33,417.710,418.402,0,0,eGFP1
16494,19:36:33,0.128,0.929,0,0,eGFP1
16495,19:36:34,0.108,0.656,0,0,eGFP1
16496,19:36:35,0.140,0.864,0,0,eGFP1
16497,19:36:36,0.174,0.953,0,0,eGFP1
16498,19:36:37,0.117,1.072,0,0,eGFP1
16499,19:36:38,0.162,0.710,0,0,eGFP1
16500,19:36:39,0.096,0.875,0,0,eGFP1
16501,19:36:40,0.194,1.204,0,0,eGFP1
16502,19:36:40,0.118,0.611,0,0,eGFP1
16503,19:36:41,0.097,0.547,0,0,eGFP1
16504,19:36:41,0.096,0.567,0,0,eGFP1
16505,19:36:42,0.107,0.557,0,0,eGFP1
16506,19:36:43,0.084,0.567,0,0,eGFP1
16507,19:36:43,0.095,0.556,0,0,eGFP1
16508,19:36:44,0.085,0.502,0,0,eGFP1
16509,19:36:44,0.084,0.644,0,0,eGFP1
16510,19:36:45,0.139,0.731,0,0,eGFP1
16511,19:36:46,0.088,0.603,0,0,eGFP1
16512,19:36:46,0.129,0.677,0,0,eGFP1
16513,19:36:47,0.085,0.831,0,0,eGFP1
16514,19:36:48,0.117,0.589,0,0,eGFP1
16515,19:36:48,0.085,0.611,0,0,eGFP1
16516,19:36:49,0.129,0.644,0,0,eGFP1
16517,19:36:50,0.085,0.557,0,0,eGFP1
16518,19:36:50,0.095,0.633,0,0,eGFP1
16519,19:36:51,0.108,0.602,0,0,eGFP1
16520,19:36:51,0.084,0.622,0,0,eGFP1
16521,19:36:53,0.194,1.697,0,0,eGFP1
16522,19:36:54,0.118,0.666,0,0,eGFP1
16523,19:36:54,0.107,0.612,0,0,eGFP1
16524,19:36:55,0.140,0.788,0,0,eGFP1
16525,19:36:56,0.084,0.567,0,0,eGFP1
16526,19:36:57,0.150,0.809,0,0,eGFP1
16527,19:36:57,0.097,0.590,0,0,eGFP1
16528,19:36:58,0.085,0.535,0,0,eGFP1
16529,19:36:58,0.117,0.798,0,0,eGFP1
16530,19:36:59,0.095,0.534,0,0,eGFP1
16531,19:37:00,0.117,1.325,0,0,eGFP1
16532,19:37:01,0.117,0.929,0,0,eGFP1
16533,19:37:02,0.183,1.226,0,0,eGFP1
16534,19:37:04,0.929,1.610,0,0,eGFP1
16535,19:37:05,0.097,0.898,0,0,eGFP1
16536,19:37:06,0.117,0.984,0,0,eGFP1
16537,19:37:07,0.425,1.083,0,0,eGFP1
16538,19:37:08,0.086,0.865,0,0,eGFP1
16539,19:37:09,0.140,0.996,0,0,eGFP1
16540,19:37:11,0.194,1.620,0,0,eGFP1
16541,19:37:11,0.096,0.579,0,0,eGFP1
16542,19:37:12,0.095,0.688,0,0,eGFP1
16543,19:37:13,0.150,0.743,0,0,eGFP1
16544,19:37:13,0.086,0.613,0,0,eGFP1
16545,19:37:14,0.095,0.545,0,0,eGFP1
16546,19:37:14,0.106,0.721,0,0,eGFP1
16547,19:37:15,0.084,0.523,0,0,eGFP1
16548,19:37:16,0.118,0.886,0,0,eGFP1
16549,19:37:16,0.085,0.600,0,0,eGFP1
16550,19:37:17,0.151,0.820,0,0,eGFP1
16551,19:37:18,0.098,0.701,0,0,eGFP1
16552,19:37:19,0.119,0.591,0,0,eGFP1
16553,19:37:19,0.095,0.644,0,0,eGFP1
16554,19:37:20,0.085,0.601,0,0,eGFP1
16555,19:37:21,0.205,0.797,0,0,eGFP1
16556,19:37:21,0.096,0.732,0,0,eGFP1
16557,19:37:22,0.129,0.634,0,0,eGFP1
16558,19:37:23,0.095,0.852,0,0,eGFP1
16559,19:37:23,0.107,0.546,0,0,eGFP1
16560,19:37:24,0.086,0.745,0,0,eGFP1
16561,19:37:25,0.118,0.677,0,0,eGFP1
16562,19:37:25,0.140,0.678,0,0,eGFP1
16563,19:37:26,0.107,0.787,0,0,eGFP1
16564,19:37:27,0.107,0.623,0,0,eGFP1
16565,19:37:28,0.141,0.788,0,0,eGFP1
16566,19:37:28,0.097,0.645,0,0,eGFP1
16567,19:37:29,0.119,0.634,0,0,eGFP1
16568,19:37:30,0.098,0.625,0,0,eGFP1
16569,19:37:30,0.129,0.776,0,0,eGFP1
16570,19:37:31,0.129,1.062,0,0,eGFP1
16571,19:37:34,0.129,2.905,0,0,eGFP1
16572,19:37:35,0.140,1.183,0,0,eGFP1
16573,19:37:36,0.129,0.974,0,0,eGFP1
16574,19:37:38,0.162,1.040,0,0,eGFP1
16575,19:37:38,0.183,0.853,0,0,eGFP1
16576,19:37:39,0.108,0.756,0,0,eGFP1
16577,19:37:40,0.118,0.787,0,0,eGFP1
16578,19:37:41,0.130,0.712,0,0,eGFP1
16579,19:37:41,0.095,0.633,0,0,eGFP1
16580,19:37:42,0.151,0.754,0,0,eGFP1
16581,19:37:43,0.085,0.568,0,0,eGFP1
16582,19:37:45,0.139,2.202,0,0,eGFP1
16583,19:37:45,0.085,0.678,0,0,eGFP1
16584,19:37:46,0.108,0.547,0,0,eGFP1
16585,19:37:47,0.095,0.556,0,0,eGFP1
16586,19:37:47,0.096,0.656,0,0,eGFP1
16587,19:37:48,0.106,0.600,0,0,eGFP1
16588,19:37:48,0.096,0.601,0,0,eGFP1
16589,19:37:49,0.106,0.622,0,0,eGFP1
16590,19:37:50,0.096,0.623,0,0,eGFP1
16591,19:37:50,0.118,0.589,0,0,eGFP1
16592,19:37:51,0.088,0.560,0,0,eGFP1
16593,19:37:52,0.151,0.798,0,0,eGFP1
16594,19:37:52,0.085,0.645,0,0,eGFP1
16595,19:37:53,0.117,0.622,0,0,eGFP1
16596,19:37:54,0.107,0.776,0,0,eGFP1
16597,19:37:55,0.140,0.864,0,0,eGFP1
16598,19:37:55,0.118,0.623,0,0,eGFP1
16599,19:37:56,0.096,0.622,0,0,eGFP1
16600,19:37:56,0.109,0.613,0,0,eGFP1
16601,19:37:57,0.107,0.678,0,0,eGFP1
16602,19:37:58,0.107,0.853,0,0,eGFP1
16603,19:37:59,0.129,0.645,0,0,eGFP1
16604,19:37:59,0.106,0.710,0,0,eGFP1
16605,19:38:00,0.086,0.591,0,0,eGFP1
16606,19:38:02,0.173,1.665,0,0,eGFP1
16607,19:38:02,0.118,0.831,0,0,eGFP1
16608,19:38:03,0.107,0.623,0,0,eGFP1
16609,19:38:04,0.141,0.788,0,0,eGFP1
16610,19:38:04,0.085,0.601,0,0,eGFP1
16611,19:38:06,0.162,1.479,0,0,eGFP1
16612,19:38:06,0.107,0.579,0,0,eGFP1
16613,19:38:07,0.107,0.700,0,0,eGFP1
16614,19:38:08,0.096,0.557,0,0,eGFP1
16615,19:38:08,0.096,0.677,0,0,eGFP1
16616,19:38:09,0.118,0.656,0,0,eGFP1
16617,19:38:10,0.108,0.712,0,0,eGFP1
16618,19:38:10,0.095,0.589,0,0,eGFP1
16619,19:38:11,0.120,0.734,0,0,eGFP1
16620,19:38:12,0.096,0.700,0,0,eGFP1
16621,19:38:12,0.139,0.710,0,0,eGFP1
16622,19:38:13,0.107,0.689,0,0,eGFP1
16623,19:38:14,0.128,0.633,0,0,eGFP1
16624,19:38:14,0.085,0.711,0,0,eGFP1
16625,19:38:15,0.108,0.591,0,0,eGFP1
16626,19:38:16,0.108,0.733,0,0,eGFP1
16627,19:38:16,0.118,0.689,0,0,eGFP1
16628,19:38:17,0.118,0.799,0,0,eGFP1
16629,19:38:18,0.096,0.568,0,0,eGFP1
16630,19:38:18,0.096,0.601,0,0,eGFP1
16631,19:38:19,0.108,0.733,0,0,eGFP1
16632,19:38:20,0.120,0.702,0,0,eGFP1
16633,19:38:21,0.108,0.657,0,0,eGFP1
16634,19:38:21,0.096,0.568,0,0,eGFP1
16635,19:38:22,0.096,0.732,0,0,eGFP1
16636,19:38:22,0.129,0.612,0,0,eGFP1
16637,19:38:23,0.096,0.788,0,0,eGFP1
16638,19:38:24,0.118,0.853,0,0,eGFP1
16639,19:38:25,0.118,0.623,0,0,eGFP1
16640,19:38:26,0.118,0.996,0,0,eGFP1
16641,19:38:28,0.207,2.028,0,0,eGFP1
16642,19:38:29,0.107,0.788,0,0,eGFP1
16643,19:38:29,0.096,0.546,0,0,eGFP1
16644,19:38:30,0.096,0.765,0,0,eGFP1
16645,19:38:31,0.131,1.601,0,0,eGFP1
16646,19:38:32,0.162,0.744,0,0,eGFP1
16647,19:38:33,0.118,0.590,0,0,eGFP1
16648,19:38:33,0.085,0.600,0,0,eGFP1
16649,19:38:34,0.109,0.679,0,0,eGFP1
16650,19:38:36,0.217,2.302,0,0,eGFP1
16651,19:38:38,0.140,1.797,0,0,eGFP1
16652,19:38:39,0.107,0.744,0,0,eGFP1
16653,19:38:39,0.085,0.524,0,0,eGFP1
16654,19:38:40,0.118,0.678,0,0,eGFP1
16655,19:38:41,0.107,0.699,0,0,eGFP1
16656,19:38:41,0.107,0.689,0,0,eGFP1
16657,19:38:42,0.142,0.822,0,0,eGFP1
16658,19:38:43,0.107,0.590,0,0,eGFP1
16659,19:38:44,0.130,0.833,0,0,eGFP1
16660,19:38:44,0.085,0.633,0,0,eGFP1
16661,19:38:45,0.108,0.876,0,0,eGFP1
16662,19:38:46,0.239,0.941,0,0,eGFP1
16663,19:38:47,0.096,0.634,0,0,eGFP1
16664,19:38:48,0.140,0.908,0,0,eGFP1
16665,19:38:49,0.185,1.019,0,0,eGFP1
16666,19:38:50,0.129,0.854,0,0,eGFP1
16667,19:38:50,0.129,0.732,0,0,eGFP1
16668,19:38:51,0.108,0.985,0,0,eGFP1
16669,19:38:52,0.130,0.612,0,0,eGFP1
16670,19:38:53,0.097,0.678,0,0,eGFP1
16671,19:38:53,0.140,0.788,0,0,eGFP1
16672,19:38:54,0.145,0.869,0,0,eGFP1
16673,19:38:56,0.108,2.160,0,0,eGFP1
16674,19:38:57,0.241,0.965,0,0,eGFP1
16675,19:38:58,0.108,0.624,0,0,eGFP1
16676,19:38:59,0.130,1.051,0,0,eGFP1
16677,19:39:00,0.119,0.635,0,0,eGFP1
16678,19:39:01,0.108,1.008,0,0,eGFP1
16679,19:39:01,0.140,0.755,0,0,eGFP1
16680,19:39:02,0.130,0.810,0,0,eGFP1
16681,19:39:04,0.206,1.348,0,0,eGFP1
16682,19:39:04,0.098,0.691,0,0,eGFP1
16683,19:39:05,0.118,0.612,0,0,eGFP1
16684,19:39:06,0.097,0.646,0,0,eGFP1
16685,19:39:06,0.097,0.535,0,0,eGFP1
16686,19:39:07,0.131,0.713,0,0,eGFP1
16687,19:39:08,0.085,0.721,0,0,eGFP1
16688,19:39:08,0.108,0.558,0,0,eGFP1
16689,19:39:09,0.107,0.678,0,0,eGFP1
16690,19:39:09,0.098,0.668,0,0,eGFP1
16691,19:39:10,0.152,0.811,0,0,eGFP1
16692,19:39:11,0.107,0.799,0,0,eGFP1
16693,19:39:12,0.141,0.821,0,0,eGFP1
16694,19:39:13,0.141,0.744,0,0,eGFP1
16695,19:39:13,0.097,0.602,0,0,eGFP1
16696,19:39:14,0.108,0.711,0,0,eGFP1
16697,19:39:15,0.130,0.778,0,0,eGFP1
16698,19:39:16,0.131,0.800,0,0,eGFP1
16699,19:39:16,0.120,0.888,0,0,eGFP1
16700,19:39:17,0.118,0.590,0,0,eGFP1
16701,19:39:18,0.085,0.667,0,0,eGFP1
16702,19:39:18,0.118,0.623,0,0,eGFP1
16703,19:39:19,0.141,0.898,0,0,eGFP1
16704,19:39:20,0.118,0.963,0,0,eGFP1
16705,19:39:21,0.349,1.106,0,0,eGFP1
16706,19:39:22,0.087,0.646,0,0,eGFP1
16707,19:39:23,0.130,0.766,0,0,eGFP1
16708,19:39:24,0.162,0.975,0,0,eGFP1
16709,19:39:24,0.118,0.623,0,0,eGFP1
16710,19:39:25,0.118,0.678,0,0,eGFP1
16711,19:39:26,0.107,0.623,0,0,eGFP1
16712,19:39:26,0.107,0.689,0,0,eGFP1
16713,19:39:27,0.131,0.789,0,0,eGFP1
16714,19:39:28,0.109,0.701,0,0,eGFP1
16715,19:39:29,0.130,0.821,0,0,eGFP1
16716,19:39:29,0.129,0.645,0,0,eGFP1
16717,19:39:30,0.086,0.656,0,0,eGFP1
16718,19:39:31,0.119,0.744,0,0,eGFP1
16719,19:39:31,0.108,0.733,0,0,eGFP1
16720,19:39:32,0.141,0.854,0,0,eGFP1
16721,19:39:33,0.107,0.546,0,0,eGFP1
16722,19:39:33,0.098,0.745,0,0,eGFP1
16723,19:39:34,0.108,0.635,0,0,eGFP1
16724,19:39:35,0.140,0.853,0,0,eGFP1
16725,19:39:36,0.108,0.602,0,0,eGFP1
16726,19:39:36,0.119,0.789,0,0,eGFP1
16727,19:39:37,0.107,0.711,0,0,eGFP1
16728,19:39:39,0.162,2.170,0,0,eGFP1
16729,19:39:40,0.152,0.646,0,0,eGFP1
16730,19:39:42,0.108,1.897,0,0,eGFP1
16731,19:39:42,0.141,0.645,0,0,eGFP1
16732,19:39:43,0.108,0.711,0,0,eGFP1
16733,19:39:44,0.097,0.613,0,0,eGFP1
16734,19:39:45,0.975,1.622,0,0,eGFP1
16735,19:39:46,0.086,0.634,0,0,eGFP1
16736,19:39:48,0.097,2.083,0,0,eGFP1
16737,19:39:49,0.151,0.634,0,0,eGFP1
16738,19:39:50,0.097,0.788,0,0,eGFP1
16739,19:41:07,0.186,77.103,0,0,eGFP1
16740,19:41:07,0.109,0.789,0,0,eGFP1
16741,19:41:08,0.151,0.865,0,0,eGFP1
16742,19:41:09,0.129,0.908,0,0,eGFP1
16743,19:41:10,0.108,0.777,0,0,eGFP1
16744,19:41:11,0.141,0.832,0,0,eGFP1
16745,19:41:12,0.130,0.843,0,0,eGFP1
16746,19:41:12,0.129,0.821,0,0,eGFP1
16747,19:41:13,0.142,0.811,0,0,eGFP1
16748,19:41:14,0.086,0.568,0,0,eGFP1
16749,19:41:14,0.097,0.569,0,0,eGFP1
16750,19:41:15,0.129,0.832,0,0,eGFP1
16751,19:41:16,0.096,0.711,0,0,eGFP1
16752,19:41:17,0.107,0.601,0,0,eGFP1
16753,19:41:17,0.098,0.581,0,0,eGFP1
16754,19:41:18,0.086,0.755,0,0,eGFP1
16755,19:41:18,0.109,0.614,0,0,eGFP1
16756,19:41:19,0.108,0.679,0,0,eGFP1
16757,19:41:20,0.097,0.734,0,0,eGFP1
16758,19:41:20,0.108,0.569,0,0,eGFP1
16759,19:41:21,0.097,0.734,0,0,eGFP1
16760,19:41:22,0.130,0.821,0,0,eGFP1
16761,19:41:23,0.097,0.580,0,0,eGFP1
16762,19:41:23,0.130,0.811,0,0,eGFP1
16763,19:41:24,0.098,0.680,0,0,eGFP1
16764,19:41:25,0.184,0.909,0,0,eGFP1
16765,19:41:26,0.096,0.634,0,0,eGFP1
16766,19:41:26,0.163,0.832,0,0,eGFP1
16767,19:41:27,0.098,0.658,0,0,eGFP1
16768,19:41:28,0.118,0.667,0,0,eGFP1
16769,19:41:28,0.086,0.557,0,0,eGFP1
16770,19:41:29,0.097,0.734,0,0,eGFP1
16771,19:41:30,0.131,0.921,0,0,eGFP1
16772,19:41:31,0.140,0.667,0,0,eGFP1
16773,19:41:31,0.097,0.700,0,0,eGFP1
16774,19:41:32,0.141,0.887,0,0,eGFP1
16775,19:41:33,0.108,0.635,0,0,eGFP1
16776,19:41:34,0.118,0.766,0,0,eGFP1
16777,19:41:34,0.140,0.821,0,0,eGFP1
16778,19:41:35,0.107,0.656,0,0,eGFP1
16779,19:41:36,0.186,0.844,0,0,eGFP1
16780,19:41:37,0.087,0.691,0,0,eGFP1
16781,19:41:37,0.130,0.767,0,0,eGFP1
16782,19:41:38,0.152,0.865,0,0,eGFP1
16783,19:41:39,0.109,0.701,0,0,eGFP1
16784,19:41:40,0.175,1.118,0,0,eGFP1
16785,19:41:41,0.109,0.932,0,0,eGFP1
16786,19:41:42,0.108,0.569,0,0,eGFP1
16787,19:41:42,0.088,0.681,0,0,eGFP1
16788,19:41:43,0.152,0.799,0,0,eGFP1
16789,19:41:45,0.087,2.337,0,0,eGFP1
16790,19:41:46,0.119,0.613,0,0,eGFP1
16791,19:41:47,0.152,0.887,0,0,eGFP1
16792,19:41:48,0.098,0.669,0,0,eGFP1
16793,19:41:48,0.130,0.701,0,0,eGFP1
16794,19:41:49,0.109,0.680,0,0,eGFP1
16795,19:41:50,0.119,1.370,0,0,eGFP1
16796,19:41:54,0.666,3.135,0,0,eGFP1
16797,19:41:55,0.459,1.062,0,0,eGFP1
16798,19:41:55,0.097,0.712,0,0,eGFP1
16799,19:41:56,0.097,0.514,0,0,eGFP1
16800,19:41:56,0.074,0.513,0,0,eGFP1
16801,19:41:57,0.097,0.602,0,0,eGFP1
16802,19:41:58,0.119,0.744,0,0,eGFP1
16803,19:41:58,0.086,0.503,0,0,eGFP1
16804,19:41:59,0.098,0.658,0,0,eGFP1
16805,19:42:00,0.097,0.766,0,0,eGFP1
16806,19:42:00,0.119,0.701,0,0,eGFP1
16807,19:42:01,0.142,0.800,0,0,eGFP1
16808,19:42:02,0.097,0.679,0,0,eGFP1
16809,19:42:03,0.118,0.788,0,0,eGFP1
16810,19:42:03,0.119,0.766,0,0,eGFP1
16811,19:42:04,0.130,0.613,0,0,eGFP1
16812,19:42:06,0.098,2.018,0,0,eGFP1
16813,19:42:07,0.108,0.712,0,0,eGFP1
16814,19:42:07,0.129,0.777,0,0,eGFP1
16815,19:42:08,0.130,0.700,0,0,eGFP1
16816,19:42:09,0.086,0.766,0,0,eGFP1
16817,19:42:09,0.128,0.600,0,0,eGFP1
16818,19:42:11,0.084,1.093,0,0,eGFP1
16819,19:42:11,0.139,0.633,0,0,eGFP1
16820,19:42:12,0.110,0.713,0,0,eGFP1
16821,19:42:12,0.096,0.557,0,0,eGFP1
16822,19:42:13,0.095,0.720,0,0,eGFP1
16823,19:42:14,0.106,0.589,0,0,eGFP1
16824,19:42:15,0.116,1.411,0,0,eGFP1
16825,19:42:19,0.095,3.947,0,0,eGFP1
16826,19:42:20,0.116,0.599,0,0,eGFP1
16827,19:42:20,0.106,0.643,0,0,eGFP1
16828,19:42:21,0.096,0.875,0,0,eGFP1
16829,19:42:22,0.205,0.765,0,0,eGFP1
16830,19:42:23,0.083,0.555,0,0,eGFP1
16831,19:42:23,0.117,0.786,0,0,eGFP1
16832,19:42:24,0.139,0.962,0,0,eGFP1
16833,19:42:26,0.127,1.795,0,0,eGFP1
16834,19:42:27,0.107,0.634,0,0,eGFP1
16835,19:42:28,0.139,0.753,0,0,eGFP1
16836,19:42:28,0.096,0.908,0,0,eGFP1
16837,19:42:30,0.314,1.126,0,0,eGFP1
16838,19:42:30,0.095,0.720,0,0,eGFP1
16839,19:42:31,0.139,0.644,0,0,eGFP1
16840,19:42:32,0.116,0.786,0,0,eGFP1
16841,19:42:32,0.094,0.566,0,0,eGFP1
16842,19:42:33,0.106,0.600,0,0,eGFP1
16843,19:42:34,0.084,0.654,0,0,eGFP1
16844,19:42:34,0.140,0.853,0,0,eGFP1
16845,19:42:35,0.150,0.732,0,0,eGFP1
16846,19:42:36,0.127,0.851,0,0,eGFP1
16847,19:42:37,0.128,0.765,0,0,eGFP1
16848,19:42:37,0.118,0.754,0,0,eGFP1
16849,19:42:38,0.139,0.797,0,0,eGFP1
16850,19:42:39,0.128,0.786,0,0,eGFP1
16851,19:42:40,0.139,0.830,0,0,eGFP1
16852,19:42:41,0.151,0.809,0,0,eGFP1
16853,19:42:42,0.128,0.797,0,0,eGFP1
16854,19:42:42,0.095,0.545,0,0,eGFP1
16855,19:42:43,0.128,0.863,0,0,eGFP1
16856,19:42:44,0.117,0.787,0,0,eGFP1
16857,19:42:44,0.138,0.720,0,0,eGFP1
16858,19:42:45,0.094,0.720,0,0,eGFP1
16859,19:42:46,0.139,0.995,0,0,eGFP1
16860,19:42:47,0.138,0.599,0,0,eGFP1
16861,19:42:47,0.087,0.712,0,0,eGFP1
16862,19:42:48,0.139,0.819,0,0,eGFP1
16863,19:42:49,0.139,0.764,0,0,eGFP1
16864,19:42:50,0.095,0.710,0,0,eGFP1
16865,19:42:50,0.138,0.621,0,0,eGFP1
16866,19:42:51,0.106,0.731,0,0,eGFP1
16867,19:42:52,0.106,0.765,0,0,eGFP1
16868,19:43:04,0.149,12.594,0,0,eGFP1
16869,19:43:05,0.140,0.688,0,0,eGFP1
16870,19:43:06,0.139,0.929,0,0,eGFP1
16871,19:43:07,0.095,0.578,0,0,eGFP1
16872,19:43:07,0.150,0.676,0,0,eGFP1
16873,19:43:08,0.084,0.721,0,0,eGFP1
16874,19:43:09,0.107,0.579,0,0,eGFP1
16875,19:43:09,0.094,0.588,0,0,eGFP1
16876,19:43:10,0.106,0.710,0,0,eGFP1
16877,19:43:10,0.096,0.568,0,0,eGFP1
16878,19:43:11,0.127,0.830,0,0,eGFP1
16879,19:43:12,0.138,0.643,0,0,eGFP1
16880,19:43:13,0.084,0.699,0,0,eGFP1
16881,19:43:13,0.094,0.588,0,0,eGFP1
16882,19:43:14,0.150,0.797,0,0,eGFP1
16883,19:43:15,0.128,0.863,0,0,eGFP1
16884,19:43:16,0.117,0.830,0,0,eGFP1
16885,19:43:16,0.108,0.580,0,0,eGFP1
16886,19:43:17,0.149,0.918,0,0,eGFP1
16887,19:43:18,0.127,0.961,0,0,eGFP1
16888,19:43:19,0.119,0.580,0,0,eGFP1
16889,19:43:20,0.117,0.841,0,0,eGFP1
16890,19:43:20,0.128,0.753,0,0,eGFP1
16891,19:43:21,0.117,0.710,0,0,eGFP1
16892,19:43:22,0.139,0.852,0,0,eGFP1
16893,19:43:23,0.097,0.591,0,0,eGFP1
16894,19:43:23,0.139,0.830,0,0,eGFP1
16895,19:43:24,0.106,0.600,0,0,eGFP1
16896,19:43:25,0.084,0.709,0,0,eGFP1
16897,19:43:25,0.128,0.820,0,0,eGFP1
16898,19:43:26,0.117,0.578,0,0,eGFP1
16899,19:43:34,0.095,7.535,0,0,eGFP1
16900,19:43:34,0.128,0.611,0,0,eGFP1
16901,19:43:35,0.119,0.888,0,0,eGFP1
16902,19:43:36,0.105,0.786,0,0,eGFP1
16903,19:43:37,0.172,0.940,0,0,eGFP1
16904,19:43:37,0.095,0.589,0,0,eGFP1
16905,19:43:38,0.094,0.731,0,0,eGFP1
16906,19:43:39,0.117,0.775,0,0,eGFP1
16907,19:43:40,0.183,1.171,0,0,eGFP1
16908,19:43:41,0.106,0.588,0,0,eGFP1
16909,19:43:41,0.152,0.711,0,0,eGFP1
16910,19:43:42,0.084,0.666,0,0,eGFP1
16911,19:43:43,0.150,0.819,0,0,eGFP1
16912,19:43:43,0.106,0.622,0,0,eGFP1
16913,19:43:44,0.095,0.808,0,0,eGFP1
16914,19:43:45,0.128,0.611,0,0,eGFP1
16915,19:43:46,0.094,0.698,0,0,eGFP1
16916,19:43:46,0.117,0.578,0,0,eGFP1
16917,19:43:47,0.086,0.723,0,0,eGFP1
16918,19:43:48,0.128,0.742,0,0,eGFP1
16919,19:43:48,0.106,0.830,0,0,eGFP1
16920,19:43:49,0.139,0.864,0,0,eGFP1
16921,19:43:50,0.117,0.621,0,0,eGFP1
16922,19:43:51,0.117,0.732,0,0,eGFP1
16923,19:43:51,0.128,0.742,0,0,eGFP1
16924,19:43:52,0.128,0.842,0,0,eGFP1
16925,19:43:53,0.095,0.578,0,0,eGFP1
16926,19:43:54,0.118,0.809,0,0,eGFP1
16927,19:43:54,0.095,0.710,0,0,eGFP1
16928,19:43:55,0.140,0.798,0,0,eGFP1
16929,19:43:56,0.139,0.787,0,0,eGFP1
16930,19:43:57,0.106,0.677,0,0,eGFP1
16931,19:43:57,0.128,0.775,0,0,eGFP1
16932,19:43:58,0.095,0.600,0,0,eGFP1
16933,19:43:59,0.139,0.830,0,0,eGFP1
16934,19:43:59,0.086,0.546,0,0,eGFP1
16935,19:44:00,0.118,0.765,0,0,eGFP1
16936,19:44:01,0.095,0.523,0,0,eGFP1
16937,19:44:02,0.117,1.500,0,0,eGFP1
16938,19:44:03,0.095,0.633,0,0,eGFP1
16939,19:44:03,0.106,0.545,0,0,eGFP1
16940,19:44:04,0.084,1.060,0,0,eGFP1
16941,19:44:05,0.139,0.611,0,0,eGFP1
16942,19:44:06,0.098,0.756,0,0,eGFP1
16943,19:44:06,0.118,0.655,0,0,eGFP1
16944,19:44:07,0.139,0.765,0,0,eGFP1
16945,19:44:08,0.084,0.687,0,0,eGFP1
16946,19:44:09,0.139,0.776,0,0,eGFP1
16947,19:44:09,0.117,0.753,0,0,eGFP1
16948,19:44:10,0.085,0.732,0,0,eGFP1
16949,19:44:11,0.117,0.787,0,0,eGFP1
16950,19:44:12,0.151,0.831,0,0,eGFP1
16951,19:44:12,0.107,0.557,0,0,eGFP1
16952,19:44:13,0.084,0.786,0,0,eGFP1
16953,19:44:14,0.107,0.612,0,0,eGFP1
16954,19:44:15,0.139,0.786,0,0,eGFP1
16955,19:44:15,0.097,0.657,0,0,eGFP1
16956,19:44:16,0.117,0.786,0,0,eGFP1
16957,19:44:17,0.140,0.666,0,0,eGFP1
16958,19:44:17,0.086,0.821,0,0,eGFP1
16959,19:44:18,0.128,0.589,0,0,eGFP1
16960,19:44:19,0.106,0.864,0,0,eGFP1
16961,19:44:19,0.106,0.578,0,0,eGFP1
16962,19:44:20,0.095,0.797,0,0,eGFP1
16963,19:44:21,0.106,0.545,0,0,eGFP1
16964,19:44:22,0.128,1.171,0,0,eGFP1
16965,19:44:23,0.095,0.534,0,0,eGFP1
16966,19:44:23,0.097,0.744,0,0,eGFP1
16967,19:44:24,0.106,0.556,0,0,eGFP1
16968,19:44:25,0.128,0.721,0,0,eGFP1
16969,19:44:25,0.097,0.503,0,0,eGFP1
16970,19:44:26,0.095,0.753,0,0,eGFP1
16971,19:44:26,0.128,0.589,0,0,eGFP1
16972,19:44:27,0.096,0.721,0,0,eGFP1
16973,19:44:28,0.128,0.896,0,0,eGFP1
16974,19:44:29,0.141,0.931,0,0,eGFP1
16975,19:44:30,0.117,0.589,0,0,eGFP1
16976,19:44:30,0.106,0.918,0,0,eGFP1
16977,19:44:31,0.107,0.568,0,0,eGFP1
16978,19:44:47,0.095,16.458,0,0,eGFP1
16979,19:44:48,0.139,0.655,0,0,eGFP1
16980,19:44:49,0.150,0.907,0,0,eGFP1
16981,19:44:50,0.095,0.501,0,0,eGFP1
16982,19:44:50,0.087,0.746,0,0,eGFP1
16983,19:44:51,0.106,0.545,0,0,eGFP1
16984,19:44:51,0.084,0.534,0,0,eGFP1
16985,19:44:52,0.074,0.644,0,0,eGFP1
16986,19:44:53,0.128,0.578,0,0,eGFP1
16987,19:44:53,0.118,0.864,0,0,eGFP1
16988,19:44:54,0.139,0.830,0,0,eGFP1
16989,19:44:55,0.096,0.633,0,0,eGFP1
16990,19:44:56,0.140,0.633,0,0,eGFP1
16991,19:44:56,0.086,0.799,0,0,eGFP1
16992,19:44:57,0.107,0.579,0,0,eGFP1
16993,19:44:58,0.128,0.929,0,0,eGFP1
16994,19:44:58,0.095,0.578,0,0,eGFP1
16995,19:44:59,0.139,0.776,0,0,eGFP1
16996,19:45:00,0.086,0.678,0,0,eGFP1
16997,19:45:01,0.184,0.930,0,0,eGFP1
16998,19:45:01,0.139,0.633,0,0,eGFP1
16999,19:45:02,0.097,0.767,0,0,eGFP1
17000,19:45:03,0.084,0.710,0,0,eGFP1
17001,19:45:04,0.139,0.600,0,0,eGFP1
17002,19:45:04,0.085,0.699,0,0,eGFP1
17003,19:45:05,0.162,0.941,0,0,eGFP1
17004,19:45:06,0.140,0.732,0,0,eGFP1
17005,19:45:07,0.162,0.798,0,0,eGFP1
17006,19:45:07,0.085,0.645,0,0,eGFP1
17007,19:45:08,0.108,0.568,0,0,eGFP1
17008,19:45:09,0.074,0.744,0,0,eGFP1
17009,19:45:10,0.151,1.139,0,0,eGFP1
17010,19:45:10,0.128,0.666,0,0,eGFP1
17011,19:45:11,0.106,0.798,0,0,eGFP1
17012,19:45:12,0.117,0.600,0,0,eGFP1
17013,19:45:13,0.084,0.677,0,0,eGFP1
17014,19:45:13,0.150,0.929,0,0,eGFP1
17015,19:45:14,0.141,0.635,0,0,eGFP1
17016,19:45:15,0.118,0.864,0,0,eGFP1
17017,19:45:16,0.096,0.633,0,0,eGFP1
17018,19:45:16,0.151,0.821,0,0,eGFP1
17019,19:45:17,0.106,0.732,0,0,eGFP1
17020,19:45:18,0.106,0.721,0,0,eGFP1
17021,19:45:18,0.096,0.612,0,0,eGFP1
17022,19:45:19,0.139,0.809,0,0,eGFP1
17023,19:45:20,0.098,0.581,0,0,eGFP1
17024,19:45:21,0.139,0.842,0,0,eGFP1
17025,19:45:21,0.095,0.545,0,0,eGFP1
17026,19:45:22,0.128,0.908,0,0,eGFP1
17027,19:45:23,0.095,0.710,0,0,eGFP1
17028,19:45:24,0.128,0.896,0,0,eGFP1
17029,19:45:24,0.129,0.710,0,0,eGFP1
17030,19:45:25,0.140,0.798,0,0,eGFP1
17031,19:45:26,0.097,0.679,0,0,eGFP1
17032,19:45:27,0.161,0.874,0,0,eGFP1
17033,19:45:28,0.096,0.798,0,0,eGFP1
17034,19:45:28,0.150,0.655,0,0,eGFP1
17035,19:45:29,0.085,0.765,0,0,eGFP1
17036,19:45:30,0.130,0.613,0,0,eGFP1
17037,19:45:30,0.117,0.809,0,0,eGFP1
17038,19:45:31,0.095,0.611,0,0,eGFP1
17039,19:45:32,0.250,0.678,0,0,eGFP1
17040,19:45:38,5.715,6.384,0,0,eGFP1
17041,19:45:39,0.128,1.303,0,0,eGFP1
17042,19:45:41,0.534,1.291,0,0,eGFP1
17043,19:45:42,0.239,0.809,0,0,eGFP1
17044,19:45:43,0.118,1.259,0,0,eGFP1
17045,19:45:43,0.118,0.589,0,0,eGFP1
17046,19:45:44,0.107,0.908,0,0,eGFP1
17047,19:45:45,0.360,1.096,0,0,eGFP1
17048,19:45:46,0.095,0.721,0,0,eGFP1
17049,19:45:47,0.106,0.523,0,0,eGFP1
17050,19:45:47,0.086,0.668,0,0,eGFP1
17051,19:45:48,0.128,0.831,0,0,eGFP1
17052,19:45:49,0.128,0.787,0,0,eGFP1
17053,19:45:50,0.128,0.951,0,0,eGFP1
17054,19:45:51,0.107,0.765,0,0,eGFP1
17055,19:45:51,0.162,0.688,0,0,eGFP1
17056,19:45:52,0.097,0.789,0,0,eGFP1
17057,19:45:53,0.150,0.820,0,0,eGFP1
17058,19:45:53,0.095,0.512,0,0,eGFP1
17059,19:45:54,0.085,0.677,0,0,eGFP1
17060,19:45:55,0.151,0.864,0,0,eGFP1
17061,19:45:56,0.107,0.754,0,0,eGFP1
17062,19:45:56,0.107,0.601,0,0,eGFP1
17063,19:45:57,0.097,0.700,0,0,eGFP1
17064,19:45:58,0.152,0.887,0,0,eGFP1
17065,19:45:59,0.140,0.798,0,0,eGFP1
17066,19:46:00,0.129,0.820,0,0,eGFP1
17067,19:46:00,0.129,0.787,0,0,eGFP1
17068,19:46:01,0.107,0.721,0,0,eGFP1
17069,19:46:02,0.140,0.908,0,0,eGFP1
17070,19:46:03,0.151,0.656,0,0,eGFP1
17071,19:46:03,0.106,0.765,0,0,eGFP1
17072,19:46:04,0.097,0.645,0,0,eGFP1
17073,19:46:05,0.118,0.831,0,0,eGFP1
17074,19:46:06,0.151,0.875,0,0,eGFP1
17075,19:46:07,0.129,0.897,0,0,eGFP1
17076,19:46:07,0.140,0.831,0,0,eGFP1
17077,19:46:08,0.152,0.744,0,0,eGFP1
17078,19:46:09,0.096,0.744,0,0,eGFP1
17079,19:46:10,0.128,0.820,0,0,eGFP1
17080,19:46:11,0.141,0.810,0,0,eGFP1
17081,19:46:11,0.129,0.755,0,0,eGFP1
17082,19:46:12,0.151,0.864,0,0,eGFP1
17083,19:46:13,0.151,0.766,0,0,eGFP1
17084,19:46:14,0.085,0.733,0,0,eGFP1
17085,19:46:14,0.140,0.732,0,0,eGFP1
17086,19:46:15,0.118,0.854,0,0,eGFP1
17087,19:46:16,0.151,0.853,0,0,eGFP1
17088,19:46:17,0.097,0.756,0,0,eGFP1
17089,19:46:17,0.107,0.546,0,0,eGFP1
17090,19:46:18,0.119,0.865,0,0,eGFP1
17091,19:46:19,0.096,0.688,0,0,eGFP1
17092,19:46:20,0.195,0.908,0,0,eGFP1
17093,19:46:21,0.140,0.875,0,0,eGFP1
17094,19:46:21,0.096,0.722,0,0,eGFP1
17095,19:46:22,0.107,0.557,0,0,eGFP1
17096,19:46:23,0.097,0.700,0,0,eGFP1
17097,19:46:23,0.140,0.623,0,0,eGFP1
17098,19:46:24,0.107,0.798,0,0,eGFP1
17099,19:46:25,0.096,0.612,0,0,eGFP1
17100,19:46:26,0.140,0.787,0,0,eGFP1
17101,19:46:26,0.140,0.864,0,0,eGFP1
17102,19:46:27,0.096,0.612,0,0,eGFP1
17103,19:46:28,0.140,0.820,0,0,eGFP1
17104,19:46:29,0.106,0.809,0,0,eGFP1
17105,19:46:29,0.129,0.765,0,0,eGFP1
17106,19:46:30,0.130,0.810,0,0,eGFP1
17107,19:46:31,0.096,0.590,0,0,eGFP1
17108,19:46:32,0.141,0.931,0,0,eGFP1
17109,19:46:33,0.140,0.908,0,0,eGFP1
17110,19:46:34,0.151,0.865,0,0,eGFP1
17111,19:46:34,0.107,0.590,0,0,eGFP1
17112,19:46:35,0.098,0.778,0,0,eGFP1
17113,19:46:36,0.140,0.887,0,0,eGFP1
17114,19:46:37,0.140,0.941,0,0,eGFP1
17115,19:46:37,0.118,0.667,0,0,eGFP1
17116,19:46:38,0.096,0.810,0,0,eGFP1
17117,19:46:39,0.152,0.887,0,0,eGFP1
17118,19:46:40,0.151,0.810,0,0,eGFP1
17119,19:46:41,0.106,0.743,0,0,eGFP1
17120,19:46:42,0.162,0.886,0,0,eGFP1
17121,19:46:42,0.119,0.931,0,0,eGFP1
17122,19:46:45,0.173,2.039,0,0,eGFP1
17123,19:46:45,0.096,0.557,0,0,eGFP1
17124,19:46:47,0.107,1.797,0,0,eGFP1
17125,19:46:47,0.118,0.611,0,0,eGFP1
17126,19:46:48,0.097,0.711,0,0,eGFP1
17127,19:46:49,0.129,0.623,0,0,eGFP1
17128,19:46:50,0.096,0.732,0,0,eGFP1
17129,19:46:50,0.109,0.559,0,0,eGFP1
17130,19:46:51,0.163,0.854,0,0,eGFP1
17131,19:46:53,0.755,1.720,0,0,eGFP1
17132,19:46:58,0.272,5.090,0,0,eGFP1
17133,19:56:30,4.836,571.952,0,0,eGFP1
17134,19:56:30,0.129,0.766,0,0,eGFP1
17135,19:56:31,0.205,1.028,0,0,eGFP1
17136,19:56:32,0.151,0.799,0,0,eGFP1
17137,19:56:36,0.229,3.861,0,0,eGFP1
17138,19:56:37,0.162,0.766,0,0,eGFP1
17139,19:56:38,0.140,1.007,0,0,eGFP1
17140,19:56:41,0.162,3.520,0,0,eGFP1
17141,19:56:42,0.118,0.875,0,0,eGFP1
17142,19:56:43,0.129,0.667,0,0,eGFP1
17143,19:56:44,0.162,1.149,0,0,eGFP1
17144,19:56:45,0.142,0.668,0,0,eGFP1
17145,19:56:46,0.142,0.899,0,0,eGFP1
17146,19:56:46,0.130,0.712,0,0,eGFP1
17147,19:56:47,0.118,0.930,0,0,eGFP1
17148,19:56:49,0.250,1.205,0,0,eGFP1
17149,19:56:50,0.174,1.095,0,0,eGFP1
17150,19:56:50,0.130,0.635,0,0,eGFP1
17151,19:56:51,0.096,0.810,0,0,eGFP1
17152,19:56:52,0.261,1.413,0,0,eGFP1
17153,19:56:53,0.230,0.921,0,0,eGFP1
17154,19:56:54,0.129,0.766,0,0,eGFP1
17155,19:56:55,0.129,0.941,0,0,eGFP1
17156,19:56:58,1.764,2.488,0,0,eGFP1
17157,19:56:59,0.109,1.042,0,0,eGFP1
17158,19:56:59,0.184,0.754,0,0,eGFP1
17159,19:57:00,0.107,0.612,0,0,eGFP1
17160,19:57:01,0.140,0.667,0,0,eGFP1
17161,19:57:01,0.098,0.526,0,0,eGFP1
17162,19:57:02,0.107,0.601,0,0,eGFP1
17163,19:57:02,0.096,0.645,0,0,eGFP1
17164,19:57:03,0.151,0.919,0,0,eGFP1
17165,19:57:04,0.162,0.732,0,0,eGFP1
17166,19:57:05,0.108,0.547,0,0,eGFP1
17167,19:57:05,0.085,0.601,0,0,eGFP1
17168,19:57:06,0.129,0.634,0,0,eGFP1
17169,19:57:08,0.130,2.073,0,0,eGFP1
17170,19:57:09,0.162,0.765,0,0,eGFP1
17171,19:57:10,0.131,0.811,0,0,eGFP1
17172,19:57:10,0.129,0.601,0,0,eGFP1
17173,19:57:11,0.085,0.612,0,0,eGFP1
17174,19:57:12,0.151,0.843,0,0,eGFP1
17175,19:57:12,0.096,0.623,0,0,eGFP1
17176,19:57:13,0.118,0.820,0,0,eGFP1
17177,19:57:14,0.120,0.625,0,0,eGFP1
17178,19:57:14,0.096,0.623,0,0,eGFP1
17179,19:57:15,0.107,0.601,0,0,eGFP1
17180,19:57:15,0.085,0.568,0,0,eGFP1
17181,19:57:16,0.107,0.711,0,0,eGFP1
17182,19:57:17,0.118,0.809,0,0,eGFP1
17183,19:57:18,0.129,0.667,0,0,eGFP1
17184,19:57:18,0.109,0.789,0,0,eGFP1
17185,19:57:19,0.119,0.590,0,0,eGFP1
17186,19:57:20,0.098,0.855,0,0,eGFP1
17187,19:57:21,0.130,0.623,0,0,eGFP1
17188,19:57:21,0.086,0.514,0,0,eGFP1
17189,19:57:22,0.107,0.733,0,0,eGFP1
17190,19:57:22,0.107,0.601,0,0,eGFP1
17191,19:57:23,0.096,0.820,0,0,eGFP1
17192,19:57:24,0.151,0.799,0,0,eGFP1
17193,19:57:25,0.129,0.864,0,0,eGFP1
17194,19:57:26,0.164,0.702,0,0,eGFP1
17195,19:57:26,0.107,0.722,0,0,eGFP1
17196,19:57:27,0.118,0.765,0,0,eGFP1
17197,19:57:28,0.141,0.678,0,0,eGFP1
17198,19:57:28,0.087,0.669,0,0,eGFP1
17199,19:57:29,0.129,0.634,0,0,eGFP1
17200,19:57:30,0.085,0.557,0,0,eGFP1
17201,19:57:30,0.118,0.799,0,0,eGFP1
17202,19:57:31,0.109,0.657,0,0,eGFP1
17203,19:57:32,0.108,0.612,0,0,eGFP1
17204,19:57:32,0.097,0.525,0,0,eGFP1
17205,19:57:33,0.107,0.744,0,0,eGFP1
17206,19:57:34,0.140,0.897,0,0,eGFP1
17207,19:57:35,0.162,0.832,0,0,eGFP1
17208,19:57:36,0.667,1.391,0,0,eGFP1
17209,19:57:37,0.108,0.623,0,0,eGFP1
17210,19:57:37,0.121,0.581,0,0,eGFP1
17211,19:57:38,0.077,0.549,0,0,eGFP1
17212,19:57:39,0.141,0.844,0,0,eGFP1
17213,19:57:39,0.141,0.855,0,0,eGFP1
17214,19:57:40,0.141,0.767,0,0,eGFP1
17215,19:57:42,0.745,2.193,0,0,eGFP1
17216,19:57:43,0.230,0.800,0,0,eGFP1
17217,19:57:44,0.098,0.548,0,0,eGFP1
17218,19:57:44,0.099,0.692,0,0,eGFP1
17219,19:57:45,0.119,0.601,0,0,eGFP1
17220,19:57:46,0.098,0.591,0,0,eGFP1
17221,19:57:46,0.108,0.701,0,0,eGFP1
17222,19:57:47,0.108,0.569,0,0,eGFP1
17223,19:57:47,0.097,0.492,0,0,eGFP1
17224,19:57:48,0.075,0.547,0,0,eGFP1
17225,19:57:49,0.109,0.658,0,0,eGFP1
17226,19:57:49,0.098,0.603,0,0,eGFP1
17227,19:57:50,0.107,0.601,0,0,eGFP1
17228,19:57:50,0.107,0.601,0,0,eGFP1
17229,19:57:51,0.097,0.909,0,0,eGFP1
17230,19:57:52,0.195,0.788,0,0,eGFP1
17231,19:57:53,0.096,0.557,0,0,eGFP1
17232,19:57:53,0.097,0.645,0,0,eGFP1
17233,19:57:54,0.097,0.547,0,0,eGFP1
17234,19:57:54,0.087,0.482,0,0,eGFP1
17235,19:57:55,0.085,0.623,0,0,eGFP1
17236,19:57:56,0.130,0.656,0,0,eGFP1
17237,19:57:56,0.097,0.646,0,0,eGFP1
17238,19:57:57,0.108,0.602,0,0,eGFP1
17239,19:57:57,0.086,0.514,0,0,eGFP1
17240,19:57:58,0.140,0.557,0,0,eGFP1
17241,19:58:00,0.481,2.204,0,0,eGFP1
17242,19:58:02,0.438,1.349,0,0,eGFP1
17243,19:58:02,0.118,0.601,0,0,eGFP1
17244,19:58:03,0.097,0.700,0,0,eGFP1
17245,19:58:03,0.108,0.569,0,0,eGFP1
17246,19:58:04,0.107,0.733,0,0,eGFP1
17247,19:58:05,0.141,0.656,0,0,eGFP1
17248,19:58:05,0.075,0.492,0,0,eGFP1
17249,19:58:06,0.075,0.678,0,0,eGFP1
17250,19:58:07,0.130,0.634,0,0,eGFP1
17251,19:58:07,0.131,0.845,0,0,eGFP1
17252,19:58:08,0.131,0.624,0,0,eGFP1
17253,19:58:09,0.086,0.492,0,0,eGFP1
17254,19:58:09,0.086,0.755,0,0,eGFP1
17255,19:58:10,0.130,0.602,0,0,eGFP1
17256,19:58:10,0.096,0.546,0,0,eGFP1
17257,19:58:11,0.130,0.722,0,0,eGFP1
17258,19:58:12,0.130,0.821,0,0,eGFP1
17259,19:58:13,0.142,0.702,0,0,eGFP1
17260,19:58:13,0.097,0.503,0,0,eGFP1
17261,19:58:14,0.074,0.491,0,0,eGFP1
17262,19:58:14,0.108,0.766,0,0,eGFP1
17263,19:58:15,0.119,0.569,0,0,eGFP1
17264,19:58:15,0.086,0.459,0,0,eGFP1
17265,19:58:16,0.076,0.493,0,0,eGFP1
17266,19:58:17,0.107,0.843,0,0,eGFP1
17267,19:58:18,0.142,0.745,0,0,eGFP1
17268,19:58:18,0.141,0.777,0,0,eGFP1
17269,19:58:19,0.108,0.547,0,0,eGFP1
17270,19:58:19,0.086,0.448,0,0,eGFP1
17271,19:58:20,0.085,0.777,0,0,eGFP1
17272,19:58:21,0.129,0.689,0,0,eGFP1
17273,19:58:21,0.130,0.656,0,0,eGFP1
17274,19:58:22,0.097,0.701,0,0,eGFP1
17275,19:58:23,0.142,0.768,0,0,eGFP1
17276,19:58:24,0.119,0.602,0,0,eGFP1
17277,19:58:24,0.097,0.657,0,0,eGFP1
17278,19:58:25,0.174,0.756,0,0,eGFP1
17279,19:58:26,0.099,0.571,0,0,eGFP1
17280,19:58:26,0.130,0.799,0,0,eGFP1
17281,19:58:27,0.109,0.734,0,0,eGFP1
17282,19:58:28,0.108,0.635,0,0,eGFP1
17283,19:58:28,0.099,0.768,0,0,eGFP1
17284,19:58:29,0.130,0.821,0,0,eGFP1
17285,19:58:30,0.130,0.800,0,0,eGFP1
17286,19:58:31,0.151,0.733,0,0,eGFP1
17287,19:58:31,0.119,0.601,0,0,eGFP1
17288,19:58:32,0.097,0.668,0,0,eGFP1
17289,19:58:33,0.119,0.777,0,0,eGFP1
17290,19:58:34,0.163,0.876,0,0,eGFP1
17291,19:58:34,0.109,0.581,0,0,eGFP1
17292,19:58:35,0.098,0.647,0,0,eGFP1
17293,19:58:36,0.129,0.678,0,0,eGFP1
17294,19:58:36,0.119,0.602,0,0,eGFP1
17295,19:58:37,0.086,0.667,0,0,eGFP1
17296,19:58:53,15.460,16.152,0,0,eGFP1
17297,19:58:54,0.129,0.700,0,0,eGFP1
17298,19:58:54,0.130,0.656,0,0,eGFP1
17299,19:58:55,0.099,0.603,0,0,eGFP1
17300,19:58:56,0.097,0.624,0,0,eGFP1
17301,19:58:57,0.185,0.909,0,0,eGFP1
17302,19:58:57,0.097,0.634,0,0,eGFP1
17303,19:58:58,0.108,0.646,0,0,eGFP1
17304,19:58:58,0.130,0.624,0,0,eGFP1
17305,19:58:59,0.085,0.535,0,0,eGFP1
17306,19:59:00,0.105,0.654,0,0,eGFP1
17307,19:59:00,0.097,0.503,0,0,eGFP1
17308,19:59:01,0.095,0.534,0,0,eGFP1
17309,19:59:03,0.128,2.455,0,0,eGFP1
17310,19:59:04,0.127,0.643,0,0,eGFP1
17311,19:59:04,0.116,0.709,0,0,eGFP1
17312,19:59:05,0.106,0.753,0,0,eGFP1
17313,19:59:06,0.160,0.731,0,0,eGFP1
17314,19:59:06,0.095,0.501,0,0,eGFP1
17315,19:59:07,0.083,0.632,0,0,eGFP1
17316,19:59:08,0.107,0.711,0,0,eGFP1
17317,19:59:08,0.127,0.621,0,0,eGFP1
17318,19:59:09,0.084,0.501,0,0,eGFP1
17319,19:59:10,0.085,0.600,0,0,eGFP1
17320,19:59:10,0.095,0.512,0,0,eGFP1
17321,19:59:11,0.084,0.512,0,0,eGFP1
17322,19:59:11,0.094,0.742,0,0,eGFP1
17323,19:59:12,0.127,0.632,0,0,eGFP1
17324,19:59:12,0.096,0.513,0,0,eGFP1
17325,19:59:13,0.117,0.764,0,0,eGFP1
17326,19:59:14,0.128,0.589,0,0,eGFP1
17327,19:59:14,0.083,0.566,0,0,eGFP1
17328,19:59:15,0.172,0.797,0,0,eGFP1
17329,19:59:16,0.117,0.687,0,0,eGFP1
17330,19:59:16,0.117,0.589,0,0,eGFP1
17331,19:59:17,0.084,0.512,0,0,eGFP1
17332,19:59:18,0.086,0.624,0,0,eGFP1
17333,19:59:18,0.105,0.687,0,0,eGFP1
17334,19:59:19,0.106,0.698,0,0,eGFP1
17335,19:59:20,0.117,0.567,0,0,eGFP1
17336,19:59:20,0.084,0.698,0,0,eGFP1
17337,19:59:21,0.128,0.687,0,0,eGFP1
17338,19:59:21,0.095,0.501,0,0,eGFP1
17339,19:59:22,0.073,0.589,0,0,eGFP1
17340,19:59:23,0.164,0.900,0,0,eGFP1
17341,19:59:24,0.127,0.665,0,0,eGFP1
17342,19:59:24,0.106,0.753,0,0,eGFP1
17343,19:59:25,0.161,0.885,0,0,eGFP1
17344,19:59:26,0.107,0.546,0,0,eGFP1
17345,19:59:26,0.084,0.490,0,0,eGFP1
17346,19:59:27,0.085,0.524,0,0,eGFP1
17347,19:59:28,0.094,0.808,0,0,eGFP1
17348,19:59:28,0.140,0.645,0,0,eGFP1
17349,19:59:29,0.083,0.500,0,0,eGFP1
17350,19:59:30,0.106,0.819,0,0,eGFP1
17351,19:59:30,0.117,0.578,0,0,eGFP1
17352,19:59:31,0.073,0.567,0,0,eGFP1
17353,19:59:31,0.171,0.830,0,0,eGFP1
17354,19:59:32,0.105,0.555,0,0,eGFP1
17355,19:59:33,0.084,0.490,0,0,eGFP1
17356,19:59:33,0.074,0.458,0,0,eGFP1
17357,19:59:34,0.084,0.512,0,0,eGFP1
17358,19:59:34,0.084,0.556,0,0,eGFP1
17359,19:59:35,0.118,0.809,0,0,eGFP1
17360,19:59:36,0.150,0.688,0,0,eGFP1
17361,19:59:36,0.105,0.654,0,0,eGFP1
17362,19:59:37,0.128,0.665,0,0,eGFP1
17363,19:59:38,0.106,0.721,0,0,eGFP1
17364,19:59:38,0.096,0.524,0,0,eGFP1
17365,19:59:39,0.095,0.698,0,0,eGFP1
17366,19:59:40,0.150,0.830,0,0,eGFP1
17367,19:59:40,0.150,0.688,0,0,eGFP1
17368,19:59:41,0.105,0.676,0,0,eGFP1
17369,19:59:42,0.128,0.808,0,0,eGFP1
17370,19:59:42,0.139,0.622,0,0,eGFP1
17371,19:59:43,0.084,0.665,0,0,eGFP1
17372,19:59:44,0.183,0.797,0,0,eGFP1
17373,19:59:44,0.098,0.515,0,0,eGFP1
17374,19:59:45,0.084,0.786,0,0,eGFP1
17375,19:59:46,0.117,0.677,0,0,eGFP1
17376,19:59:47,0.127,0.808,0,0,eGFP1
17377,19:59:47,0.106,0.632,0,0,eGFP1
17378,19:59:48,0.128,0.710,0,0,eGFP1
17379,19:59:49,0.139,0.698,0,0,eGFP1
17380,19:59:50,0.128,0.852,0,0,eGFP1
17381,19:59:50,0.151,0.843,0,0,eGFP1
17382,19:59:51,0.117,0.687,0,0,eGFP1
17383,19:59:52,0.139,0.732,0,0,eGFP1
17384,19:59:53,0.105,0.753,0,0,eGFP1
17385,19:59:53,0.139,0.731,0,0,eGFP1
17386,19:59:54,0.107,0.623,0,0,eGFP1
17387,19:59:55,0.139,0.885,0,0,eGFP1
17388,19:59:56,0.139,0.666,0,0,eGFP1
17389,19:59:56,0.085,0.623,0,0,eGFP1
17390,19:59:57,0.171,0.852,0,0,eGFP1
17391,19:59:58,0.128,0.687,0,0,eGFP1
17392,19:59:58,0.084,0.512,0,0,eGFP1
17393,19:59:59,0.106,0.787,0,0,eGFP1
17394,20:00:00,0.127,0.731,0,0,eGFP1
17395,20:00:00,0.172,0.786,0,0,eGFP1
17396,20:00:01,0.128,0.655,0,0,eGFP1
17397,20:00:02,0.107,0.623,0,0,eGFP1
17398,20:00:03,0.139,0.819,0,0,eGFP1
17399,20:00:03,0.106,0.545,0,0,eGFP1
17400,20:00:04,0.085,0.590,0,0,eGFP1
17401,20:00:04,0.106,0.633,0,0,eGFP1
17402,20:00:05,0.117,0.720,0,0,eGFP1
17403,20:00:06,0.139,0.765,0,0,eGFP1
17404,20:00:07,0.105,0.731,0,0,eGFP1
17405,20:00:07,0.119,0.623,0,0,eGFP1
17406,20:00:08,0.096,0.732,0,0,eGFP1
17407,20:00:09,0.106,0.688,0,0,eGFP1
17408,20:00:10,0.172,0.940,0,0,eGFP1
17409,20:00:10,0.150,0.841,0,0,eGFP1
17410,20:00:11,0.161,0.973,0,0,eGFP1
17411,20:00:13,0.381,1.643,0,0,eGFP1
17412,20:00:14,0.150,0.687,0,0,eGFP1
17413,20:00:14,0.098,0.669,0,0,eGFP1
17414,20:00:15,0.150,0.863,0,0,eGFP1
17415,20:00:16,0.150,0.787,0,0,eGFP1
17416,20:00:17,0.105,0.555,0,0,eGFP1
17417,20:00:17,0.095,0.754,0,0,eGFP1
17418,20:00:18,0.194,0.808,0,0,eGFP1
17419,20:00:19,0.095,0.578,0,0,eGFP1
17420,20:00:19,0.139,0.776,0,0,eGFP1
17421,20:00:20,0.129,0.689,0,0,eGFP1
17422,20:00:21,0.117,0.676,0,0,eGFP1
17423,20:00:22,0.172,0.852,0,0,eGFP1
17424,20:00:22,0.128,0.710,0,0,eGFP1
17425,20:00:23,0.095,0.512,0,0,eGFP1
17426,20:00:23,0.084,0.512,0,0,eGFP1
17427,20:00:24,0.086,0.744,0,0,eGFP1
17428,20:00:25,0.150,0.820,0,0,eGFP1
17429,20:00:26,0.140,0.809,0,0,eGFP1
17430,20:00:27,0.140,0.787,0,0,eGFP1
17431,20:00:27,0.139,0.699,0,0,eGFP1
17432,20:00:28,0.117,0.611,0,0,eGFP1
17433,20:00:29,0.095,0.776,0,0,eGFP1
17434,20:00:29,0.161,0.676,0,0,eGFP1
17435,20:00:30,0.074,0.513,0,0,eGFP1
17436,20:00:31,0.128,0.852,0,0,eGFP1
17437,20:00:31,0.129,0.633,0,0,eGFP1
17438,20:00:32,0.108,0.679,0,0,eGFP1
17439,20:00:33,0.139,0.666,0,0,eGFP1
17440,20:00:33,0.085,0.524,0,0,eGFP1
17441,20:00:34,0.095,0.633,0,0,eGFP1
17442,20:00:34,0.106,0.567,0,0,eGFP1
17443,20:00:35,0.084,0.622,0,0,eGFP1
17444,20:00:36,0.172,0.962,0,0,eGFP1
17445,20:00:37,0.161,0.819,0,0,eGFP1
17446,20:00:38,0.130,0.766,0,0,eGFP1
17447,20:00:38,0.106,0.765,0,0,eGFP1
17448,20:00:42,2.410,3.255,0,0,eGFP1
17449,20:00:42,0.128,0.721,0,0,eGFP1
17450,20:00:43,0.106,0.556,0,0,eGFP1
17451,20:00:44,0.106,0.732,0,0,eGFP1
17452,20:00:44,0.128,0.633,0,0,eGFP1
17453,20:00:45,0.095,0.742,0,0,eGFP1
17454,20:00:46,0.142,0.834,0,0,eGFP1
17455,20:00:46,0.106,0.556,0,0,eGFP1
17456,20:00:47,0.095,0.742,0,0,eGFP1
17457,20:00:48,0.150,0.853,0,0,eGFP1
17458,20:00:50,1.467,2.169,0,0,eGFP1
17459,20:00:51,0.117,0.633,0,0,eGFP1
17460,20:00:51,0.106,0.688,0,0,eGFP1
17461,20:00:52,0.128,0.666,0,0,eGFP1
17462,20:00:53,0.118,0.777,0,0,eGFP1
17463,20:01:56,0.216,62.756,0,0,eGFP1
17464,20:01:57,1.007,1.687,0,0,eGFP1
17465,20:01:58,0.117,0.973,0,0,eGFP1
17466,20:01:59,0.107,0.688,0,0,eGFP1
17467,20:02:00,0.152,1.063,0,0,eGFP1
17468,20:02:01,0.106,0.786,0,0,eGFP1
17469,20:02:02,0.348,1.149,0,0,eGFP1
17470,20:02:03,0.119,0.799,0,0,eGFP1
17471,20:02:04,0.118,0.743,0,0,eGFP1
17472,20:02:04,0.150,0.710,0,0,eGFP1
17473,20:02:05,0.107,0.666,0,0,eGFP1
17474,20:02:06,0.096,0.721,0,0,eGFP1
17475,20:02:06,0.140,0.787,0,0,eGFP1
17476,20:02:07,0.107,0.688,0,0,eGFP1
17477,20:02:08,0.096,0.765,0,0,eGFP1
17478,20:02:09,0.152,0.854,0,0,eGFP1
17479,20:02:09,0.107,0.633,0,0,eGFP1
17480,20:02:10,0.118,0.776,0,0,eGFP1
17481,20:02:11,0.141,0.865,0,0,eGFP1
17482,20:02:12,0.117,0.831,0,0,eGFP1
17483,20:02:13,0.128,0.742,0,0,eGFP1
17484,20:02:13,0.107,0.754,0,0,eGFP1
17485,20:02:14,0.117,0.677,0,0,eGFP1
17486,20:02:15,0.130,0.689,0,0,eGFP1
17487,20:02:15,0.118,0.710,0,0,eGFP1
17488,20:02:16,0.107,0.776,0,0,eGFP1
17489,20:02:17,0.139,0.809,0,0,eGFP1
17490,20:02:18,0.095,0.600,0,0,eGFP1
17491,20:02:18,0.117,0.644,0,0,eGFP1
17492,20:02:19,0.128,0.852,0,0,eGFP1
17493,20:02:20,0.118,0.743,0,0,eGFP1
17494,20:02:20,0.098,0.592,0,0,eGFP1
17495,20:02:25,0.096,4.211,0,0,eGFP1
17496,20:02:29,1.412,4.529,0,0,eGFP1
17497,20:02:30,0.128,0.666,0,0,eGFP1
17498,20:02:31,0.150,0.797,0,0,eGFP1
17499,20:02:31,0.085,0.699,0,0,eGFP1
17500,20:02:32,0.162,0.787,0,0,eGFP1
17501,20:02:33,0.118,0.831,0,0,eGFP1
17502,20:02:34,0.117,0.973,0,0,eGFP1
17503,20:02:35,0.141,0.810,0,0,eGFP1
17504,20:02:36,0.205,0.930,0,0,eGFP1
17505,20:02:36,0.106,0.699,0,0,eGFP1
17506,20:02:37,0.117,0.819,0,0,eGFP1
17507,20:02:38,0.140,0.820,0,0,eGFP1
17508,20:02:39,0.130,0.832,0,0,eGFP1
17509,20:02:40,0.118,0.721,0,0,eGFP1
17510,20:02:40,0.118,0.655,0,0,eGFP1
17511,20:02:41,0.108,0.657,0,0,eGFP1
17512,20:02:41,0.095,0.545,0,0,eGFP1
17513,20:02:42,0.106,1.039,0,0,eGFP1
17514,20:02:44,0.579,1.259,0,0,eGFP1
17515,20:02:44,0.095,0.622,0,0,eGFP1
17516,20:02:45,0.140,0.831,0,0,eGFP1
17517,20:02:46,0.095,0.622,0,0,eGFP1
17518,20:02:47,0.139,0.875,0,0,eGFP1
17519,20:02:47,0.118,0.634,0,0,eGFP1
17520,20:02:48,0.107,0.721,0,0,eGFP1
17521,20:02:49,0.130,0.657,0,0,eGFP1
17522,20:02:49,0.095,0.556,0,0,eGFP1
17523,20:02:50,0.107,0.666,0,0,eGFP1
17524,20:02:51,0.107,0.645,0,0,eGFP1
17525,20:02:51,0.106,0.589,0,0,eGFP1
17526,20:02:52,0.128,0.831,0,0,eGFP1
17527,20:02:53,0.108,0.767,0,0,eGFP1
17528,20:02:53,0.139,0.677,0,0,eGFP1
17529,20:02:54,0.128,0.776,0,0,eGFP1
17530,20:02:55,0.095,0.721,0,0,eGFP1
17531,20:02:55,0.128,0.589,0,0,eGFP1
17532,20:02:56,0.084,0.754,0,0,eGFP1
17533,20:02:57,0.117,0.864,0,0,eGFP1
17534,20:02:58,0.150,0.819,0,0,eGFP1
17535,20:02:59,0.113,0.651,0,0,eGFP1
17536,20:02:59,0.129,0.765,0,0,eGFP1
17537,20:03:00,0.097,0.602,0,0,eGFP1
17538,20:03:01,0.129,0.820,0,0,eGFP1
17539,20:03:01,0.096,0.722,0,0,eGFP1
17540,20:03:02,0.118,0.601,0,0,eGFP1
17541,20:03:03,0.118,0.766,0,0,eGFP1
17542,20:03:04,0.140,0.875,0,0,eGFP1
17543,20:03:04,0.098,0.580,0,0,eGFP1
17544,20:03:05,0.162,0.897,0,0,eGFP1
17545,20:03:06,0.096,0.557,0,0,eGFP1
17546,20:03:07,0.118,0.810,0,0,eGFP1
17547,20:03:07,0.096,0.622,0,0,eGFP1
17548,20:03:08,0.141,0.690,0,0,eGFP1
17549,20:03:09,0.096,0.688,0,0,eGFP1
17550,20:03:09,0.162,0.754,0,0,eGFP1
17551,20:03:10,0.097,0.646,0,0,eGFP1
17552,20:03:11,0.107,0.732,0,0,eGFP1
17553,20:03:11,0.161,0.776,0,0,eGFP1
17554,20:03:12,0.096,0.655,0,0,eGFP1
17555,20:03:13,0.129,0.743,0,0,eGFP1
17556,20:03:14,0.118,0.678,0,0,eGFP1
17557,20:03:14,0.117,0.754,0,0,eGFP1
17558,20:03:15,0.139,0.765,0,0,eGFP1
17559,20:03:16,0.097,0.624,0,0,eGFP1
17560,20:03:17,0.172,0.820,0,0,eGFP1
17561,20:03:17,0.097,0.887,0,0,eGFP1
17562,20:03:18,0.150,0.732,0,0,eGFP1
17563,20:03:19,0.162,0.919,0,0,eGFP1
17564,20:03:20,0.139,0.820,0,0,eGFP1
17565,20:03:21,0.106,0.633,0,0,eGFP1
17566,20:03:21,0.096,0.678,0,0,eGFP1
17567,20:03:22,0.128,0.699,0,0,eGFP1
17568,20:03:23,0.097,0.646,0,0,eGFP1
17569,20:03:23,0.161,0.721,0,0,eGFP1
17570,20:03:24,0.085,0.589,0,0,eGFP1
17571,20:03:25,0.118,0.656,0,0,eGFP1
17572,20:03:25,0.085,0.776,0,0,eGFP1
17573,20:03:26,0.140,0.688,0,0,eGFP1
17574,20:03:27,0.096,0.656,0,0,eGFP1
17575,20:03:27,0.141,0.788,0,0,eGFP1
17576,20:03:28,0.109,0.811,0,0,eGFP1
17577,20:03:29,0.118,0.579,0,0,eGFP1
17578,20:03:30,0.084,0.776,0,0,eGFP1
17579,20:03:30,0.129,0.776,0,0,eGFP1
17580,20:03:31,0.107,0.634,0,0,eGFP1
17581,20:03:32,0.106,0.754,0,0,eGFP1
17582,20:03:32,0.107,0.655,0,0,eGFP1
17583,20:03:33,0.184,0.842,0,0,eGFP1
17584,20:03:34,0.098,0.723,0,0,eGFP1
17585,20:03:35,0.096,0.743,0,0,eGFP1
17586,20:03:35,0.162,0.722,0,0,eGFP1
17587,20:03:36,0.118,0.842,0,0,eGFP1
17588,20:03:37,0.109,0.591,0,0,eGFP1
17589,20:03:38,0.096,0.755,0,0,eGFP1
17590,20:03:38,0.118,0.611,0,0,eGFP1
17591,20:03:39,0.129,0.832,0,0,eGFP1
17592,20:03:40,0.097,0.591,0,0,eGFP1
17593,20:03:40,0.117,0.820,0,0,eGFP1
17594,20:03:41,0.107,0.557,0,0,eGFP1
17595,20:03:43,0.128,2.126,0,0,eGFP1
17596,20:03:44,0.107,0.666,0,0,eGFP1
17597,20:03:45,0.129,0.722,0,0,eGFP1
17598,20:03:45,0.096,0.589,0,0,eGFP1
17599,20:03:47,0.195,1.995,0,0,eGFP1
17600,20:03:48,0.097,0.734,0,0,eGFP1
17601,20:03:49,0.118,0.744,0,0,eGFP1
17602,20:03:49,0.108,0.657,0,0,eGFP1
17603,20:03:50,0.118,0.700,0,0,eGFP1
17604,20:03:50,0.096,0.513,0,0,eGFP1
17605,20:03:51,0.097,0.700,0,0,eGFP1
17606,20:03:52,0.130,0.744,0,0,eGFP1
17607,20:03:53,0.086,0.678,0,0,eGFP1
17608,20:03:53,0.131,0.625,0,0,eGFP1
17609,20:03:54,0.107,0.853,0,0,eGFP1
17610,20:03:55,0.096,0.524,0,0,eGFP1
17611,20:03:55,0.096,0.688,0,0,eGFP1
17612,20:03:56,0.107,0.590,0,0,eGFP1
17613,20:03:57,0.085,0.733,0,0,eGFP1
17614,20:03:58,0.140,0.897,0,0,eGFP1
17615,20:03:58,0.130,0.734,0,0,eGFP1
17616,20:03:59,0.097,0.558,0,0,eGFP1
17617,20:03:59,0.085,0.699,0,0,eGFP1
17618,20:04:00,0.107,0.579,0,0,eGFP1
17619,20:04:01,0.129,0.876,0,0,eGFP1
17620,20:04:01,0.096,0.524,0,0,eGFP1
17621,20:04:02,0.085,0.787,0,0,eGFP1
17622,20:04:03,0.107,0.656,0,0,eGFP1
17623,20:04:04,0.162,0.721,0,0,eGFP1
17624,20:04:05,0.120,0.888,0,0,eGFP1
17625,20:04:05,0.151,0.842,0,0,eGFP1
17626,20:04:06,0.096,0.557,0,0,eGFP1
17627,20:04:07,0.107,0.777,0,0,eGFP1
17628,20:04:07,0.096,0.524,0,0,eGFP1
17629,20:04:08,0.097,0.821,0,0,eGFP1
17630,20:04:09,0.096,0.557,0,0,eGFP1
17631,20:04:09,0.107,0.865,0,0,eGFP1
17632,20:04:10,0.107,0.765,0,0,eGFP1
17633,20:04:11,0.141,0.690,0,0,eGFP1
17634,20:04:12,0.107,0.733,0,0,eGFP1
17635,20:04:12,0.118,0.798,0,0,eGFP1
17636,20:04:13,0.118,0.623,0,0,eGFP1
17637,20:04:14,0.085,0.722,0,0,eGFP1
17638,20:04:14,0.140,0.666,0,0,eGFP1
17639,20:04:15,0.140,0.865,0,0,eGFP1
17640,20:04:16,0.096,0.557,0,0,eGFP1
17641,20:04:17,0.097,0.668,0,0,eGFP1
17642,20:04:17,0.097,0.756,0,0,eGFP1
17643,20:04:18,0.162,0.766,0,0,eGFP1
17644,20:04:19,0.118,0.722,0,0,eGFP1
17645,20:04:20,0.097,0.788,0,0,eGFP1
17646,20:04:20,0.163,0.700,0,0,eGFP1
17647,20:04:21,0.097,0.712,0,0,eGFP1
17648,20:04:22,0.151,0.831,0,0,eGFP1
17649,20:04:22,0.089,0.671,0,0,eGFP1
17650,20:04:23,0.107,0.755,0,0,eGFP1
17651,20:04:24,0.140,0.843,0,0,eGFP1
17652,20:04:25,0.129,0.623,0,0,eGFP1
17653,20:04:25,0.130,0.777,0,0,eGFP1
17654,20:04:26,0.097,0.547,0,0,eGFP1
17655,20:04:27,0.097,0.733,0,0,eGFP1
17656,20:04:27,0.120,0.657,0,0,eGFP1
17657,20:04:28,0.109,0.746,0,0,eGFP1
17658,20:04:29,0.107,0.732,0,0,eGFP1
17659,20:04:30,0.151,0.810,0,0,eGFP1
17660,20:04:31,0.140,0.864,0,0,eGFP1
17661,20:04:31,0.096,0.568,0,0,eGFP1
17662,20:04:32,0.097,0.656,0,0,eGFP1
17663,20:04:33,0.151,0.876,0,0,eGFP1
17664,20:04:33,0.096,0.612,0,0,eGFP1
17665,20:04:34,0.109,0.756,0,0,eGFP1
17666,20:04:35,0.141,0.788,0,0,eGFP1
17667,20:04:35,0.108,0.613,0,0,eGFP1
17668,20:04:36,0.141,0.843,0,0,eGFP1
17669,20:04:37,0.098,0.581,0,0,eGFP1
17670,20:04:38,0.130,0.953,0,0,eGFP1
17671,20:04:38,0.097,0.547,0,0,eGFP1
17672,20:04:39,0.096,0.689,0,0,eGFP1
17673,20:04:40,0.164,0.921,0,0,eGFP1
17674,20:04:41,0.119,0.766,0,0,eGFP1
17675,20:04:41,0.096,0.590,0,0,eGFP1
17676,20:04:42,0.129,0.843,0,0,eGFP1
17677,20:04:43,0.096,0.787,0,0,eGFP1
17678,20:04:44,0.163,0.777,0,0,eGFP1
17679,20:04:44,0.096,0.722,0,0,eGFP1
17680,20:04:45,0.129,0.678,0,0,eGFP1
17681,20:04:46,0.087,0.504,0,0,eGFP1
17682,20:04:46,0.085,0.744,0,0,eGFP1
17683,20:04:47,0.116,0.730,0,0,eGFP1
17684,20:04:48,0.129,0.689,0,0,eGFP1
17685,20:04:49,0.107,0.843,0,0,eGFP1
17686,20:04:49,0.107,0.579,0,0,eGFP1
17687,20:04:50,0.107,0.645,0,0,eGFP1
17688,20:04:50,0.096,0.601,0,0,eGFP1
17689,20:04:51,0.109,0.800,0,0,eGFP1
17690,20:04:52,0.108,0.579,0,0,eGFP1
17691,20:04:53,0.141,0.733,0,0,eGFP1
17692,20:04:53,0.097,0.569,0,0,eGFP1
17693,20:04:54,0.107,0.776,0,0,eGFP1
17694,20:04:55,0.097,0.645,0,0,eGFP1
17695,20:04:55,0.141,0.711,0,0,eGFP1
17696,20:04:56,0.131,1.141,0,0,eGFP1
17697,20:04:57,0.107,0.557,0,0,eGFP1
17698,20:04:58,0.109,0.658,0,0,eGFP1
17699,20:04:58,0.118,0.776,0,0,eGFP1
17700,20:04:59,0.141,0.744,0,0,eGFP1
17701,20:05:00,0.108,0.591,0,0,eGFP1
17702,20:05:12,0.096,12.332,0,0,eGFP1
17703,20:05:13,0.118,0.678,0,0,eGFP1
17704,20:05:14,0.118,0.854,0,0,eGFP1
17705,20:05:14,0.107,0.820,0,0,eGFP1
17706,20:05:15,0.131,0.647,0,0,eGFP1
17707,20:05:16,0.118,0.744,0,0,eGFP1
17708,20:05:16,0.096,0.590,0,0,eGFP1
17709,20:05:17,0.097,0.689,0,0,eGFP1
17710,20:05:18,0.363,1.197,0,0,eGFP1
17711,20:05:19,0.096,0.755,0,0,eGFP1
17712,20:05:20,0.118,0.634,0,0,eGFP1
17713,20:05:20,0.085,0.634,0,0,eGFP1
17714,20:05:21,0.131,0.745,0,0,eGFP1
17715,20:05:22,0.108,0.547,0,0,eGFP1
17716,20:05:22,0.085,0.601,0,0,eGFP1
17717,20:05:23,0.119,0.700,0,0,eGFP1
17718,20:05:24,0.108,0.766,0,0,eGFP1
17719,20:05:24,0.140,0.744,0,0,eGFP1
17720,20:05:25,0.086,0.700,0,0,eGFP1
17721,20:05:26,0.119,0.799,0,0,eGFP1
17722,20:05:27,0.131,0.636,0,0,eGFP1
17723,20:05:27,0.097,0.646,0,0,eGFP1
17724,20:05:28,0.130,0.656,0,0,eGFP1
17725,20:05:29,0.141,0.832,0,0,eGFP1
17726,20:05:29,0.086,0.569,0,0,eGFP1
17727,20:05:30,0.118,0.722,0,0,eGFP1
17728,20:05:31,0.096,0.535,0,0,eGFP1
17729,20:05:31,0.119,0.755,0,0,eGFP1
17730,20:05:32,0.132,0.713,0,0,eGFP1
17731,20:05:33,0.097,0.712,0,0,eGFP1
17732,20:05:33,0.130,0.745,0,0,eGFP1
17733,20:05:34,0.141,0.755,0,0,eGFP1
17734,20:05:35,0.119,0.701,0,0,eGFP1
17735,20:05:36,0.119,0.788,0,0,eGFP1
17736,20:05:36,0.109,0.723,0,0,eGFP1
17737,20:05:37,0.110,0.582,0,0,eGFP1
17738,20:05:38,0.098,0.691,0,0,eGFP1
17739,20:05:38,0.118,0.601,0,0,eGFP1
17740,20:05:39,0.086,0.766,0,0,eGFP1
17741,20:05:40,0.108,0.591,0,0,eGFP1
17742,20:05:40,0.107,0.733,0,0,eGFP1
17743,20:05:41,0.096,0.557,0,0,eGFP1
17744,20:05:42,0.152,0.810,0,0,eGFP1
17745,20:05:42,0.097,0.602,0,0,eGFP1
17746,20:05:43,0.152,0.943,0,0,eGFP1
17747,20:05:44,0.107,0.568,0,0,eGFP1
17748,20:05:44,0.097,0.580,0,0,eGFP1
17749,20:05:45,0.085,0.689,0,0,eGFP1
17750,20:05:46,0.153,0.712,0,0,eGFP1
17751,20:05:47,0.142,0.767,0,0,eGFP1
17752,20:05:47,0.097,0.811,0,0,eGFP1
17753,20:05:48,0.141,0.646,0,0,eGFP1
17754,20:05:49,0.099,0.581,0,0,eGFP1
17755,20:05:49,0.142,0.833,0,0,eGFP1
17756,20:05:50,0.086,0.723,0,0,eGFP1
17757,20:05:51,0.108,0.569,0,0,eGFP1
17758,20:05:52,0.109,0.910,0,0,eGFP1
17759,20:05:52,0.097,0.558,0,0,eGFP1
17760,20:05:53,0.086,0.679,0,0,eGFP1
17761,20:05:54,0.119,0.591,0,0,eGFP1
17762,20:05:54,0.087,0.701,0,0,eGFP1
17763,20:05:55,0.176,0.746,0,0,eGFP1
17764,20:05:56,0.099,0.856,0,0,eGFP1
17765,20:05:56,0.129,0.590,0,0,eGFP1
17766,20:05:57,0.097,0.734,0,0,eGFP1
17767,20:05:58,0.107,0.601,0,0,eGFP1
17768,20:05:58,0.130,0.744,0,0,eGFP1
17769,20:05:59,0.097,0.602,0,0,eGFP1
17770,20:06:00,0.140,0.733,0,0,eGFP1
17771,20:06:00,0.099,0.658,0,0,eGFP1
17772,20:06:01,0.152,0.734,0,0,eGFP1
17773,20:06:02,0.096,0.535,0,0,eGFP1
17774,20:06:02,0.086,0.712,0,0,eGFP1
17775,20:06:03,0.118,0.579,0,0,eGFP1
17776,20:06:04,0.086,0.723,0,0,eGFP1
17777,20:06:04,0.142,0.679,0,0,eGFP1
17778,20:06:05,0.097,0.613,0,0,eGFP1
17779,20:06:06,0.142,0.767,0,0,eGFP1
17780,20:06:07,0.086,0.712,0,0,eGFP1
17781,20:06:07,0.129,0.711,0,0,eGFP1
17782,20:06:08,0.097,0.558,0,0,eGFP1
17783,20:06:09,0.086,0.711,0,0,eGFP1
17784,20:06:09,0.119,0.821,0,0,eGFP1
17785,20:06:10,0.141,0.690,0,0,eGFP1
17786,20:06:11,0.118,0.832,0,0,eGFP1
17787,20:06:12,0.109,0.712,0,0,eGFP1
17788,20:06:12,0.130,0.745,0,0,eGFP1
17789,20:06:13,0.096,0.733,0,0,eGFP1
17790,20:06:14,0.108,0.580,0,0,eGFP1
17791,20:06:14,0.093,0.697,0,0,eGFP1
17792,20:06:15,0.108,0.569,0,0,eGFP1
17793,20:06:16,0.097,0.810,0,0,eGFP1
17794,20:06:16,0.108,0.591,0,0,eGFP1
17795,20:06:17,0.131,0.878,0,0,eGFP1
17796,20:06:18,0.097,0.646,0,0,eGFP1
17797,20:06:19,0.119,0.789,0,0,eGFP1
17798,20:06:19,0.097,0.591,0,0,eGFP1
17799,20:06:20,0.109,0.701,0,0,eGFP1
17800,20:06:20,0.095,0.545,0,0,eGFP1
17801,20:06:21,0.084,0.786,0,0,eGFP1
17802,20:06:22,0.128,0.666,0,0,eGFP1
17803,20:06:23,0.161,0.776,0,0,eGFP1
17804,20:06:23,0.085,0.656,0,0,eGFP1
17805,20:06:24,0.127,0.665,0,0,eGFP1
17806,20:06:25,0.094,0.753,0,0,eGFP1
17807,20:06:25,0.117,0.698,0,0,eGFP1
17808,20:06:26,0.106,0.665,0,0,eGFP1
17809,20:06:27,0.106,0.556,0,0,eGFP1
17810,20:06:27,0.084,0.621,0,0,eGFP1
17811,20:06:28,0.118,0.667,0,0,eGFP1
17812,20:06:29,0.095,0.632,0,0,eGFP1
17813,20:06:29,0.139,0.655,0,0,eGFP1
17814,20:06:30,0.083,0.665,0,0,eGFP1
17815,20:06:31,0.127,0.786,0,0,eGFP1
17816,20:06:31,0.106,0.632,0,0,eGFP1
17817,20:06:32,0.096,0.634,0,0,eGFP1
17818,20:06:32,0.084,0.523,0,0,eGFP1
17819,20:06:33,0.094,0.906,0,0,eGFP1
17820,20:06:34,0.149,0.643,0,0,eGFP1
17821,20:06:35,0.094,0.775,0,0,eGFP1
17822,20:06:35,0.149,0.632,0,0,eGFP1
17823,20:06:36,0.095,0.753,0,0,eGFP1
17824,20:06:37,0.150,0.786,0,0,eGFP1
17825,20:06:38,0.106,0.709,0,0,eGFP1
17826,20:06:38,0.139,0.677,0,0,eGFP1
17827,20:06:39,0.105,0.698,0,0,eGFP1
17828,20:06:40,0.118,0.623,0,0,eGFP1
17829,20:06:40,0.094,0.643,0,0,eGFP1
17830,20:06:41,0.106,0.764,0,0,eGFP1
17831,20:06:42,0.129,0.700,0,0,eGFP1
17832,20:06:43,0.105,0.720,0,0,eGFP1
17833,20:06:43,0.117,0.676,0,0,eGFP1
17834,20:06:44,0.106,0.600,0,0,eGFP1
17835,20:06:44,0.106,0.676,0,0,eGFP1
17836,20:06:45,0.107,0.700,0,0,eGFP1
17837,20:06:46,0.149,0.819,0,0,eGFP1
17838,20:06:47,0.105,0.643,0,0,eGFP1
17839,20:07:05,0.139,18.564,0,0,eGFP1
17840,20:07:06,0.117,0.666,0,0,eGFP1
17841,20:07:06,0.138,0.621,0,0,eGFP1
17842,20:07:07,0.084,0.655,0,0,eGFP1
17843,20:07:08,0.105,0.544,0,0,eGFP1
17844,20:07:09,0.098,1.228,0,0,eGFP1
17845,20:07:10,0.204,0.764,0,0,eGFP1
17846,20:07:10,0.117,0.819,0,0,eGFP1
17847,20:07:11,0.139,0.709,0,0,eGFP1
17848,20:07:12,0.117,0.622,0,0,eGFP1
17849,20:07:12,0.084,0.578,0,0,eGFP1
17850,20:07:13,0.116,0.643,0,0,eGFP1
17851,20:07:14,0.095,0.523,0,0,eGFP1
17852,20:07:14,0.085,0.678,0,0,eGFP1
17853,20:07:15,0.105,0.577,0,0,eGFP1
17854,20:07:16,0.128,0.775,0,0,eGFP1
17855,20:07:16,0.095,0.666,0,0,eGFP1
17856,20:07:17,0.116,0.610,0,0,eGFP1
17857,20:07:18,0.095,0.666,0,0,eGFP1
17858,20:07:18,0.107,0.678,0,0,eGFP1
17859,20:07:19,0.105,0.566,0,0,eGFP1
17860,20:07:19,0.099,0.571,0,0,eGFP1
17861,20:07:20,0.106,0.633,0,0,eGFP1
17862,20:07:21,0.117,0.699,0,0,eGFP1
17863,20:07:21,0.117,0.753,0,0,eGFP1
17864,20:07:22,0.095,0.545,0,0,eGFP1
17865,20:07:23,0.106,0.688,0,0,eGFP1
17866,20:07:23,0.084,0.523,0,0,eGFP1
17867,20:07:24,0.084,0.523,0,0,eGFP1
17868,20:07:24,0.085,0.766,0,0,eGFP1
17869,20:07:25,0.138,0.654,0,0,eGFP1
17870,20:07:26,0.106,0.666,0,0,eGFP1
17871,20:07:26,0.107,0.689,0,0,eGFP1
17872,20:07:27,0.127,0.687,0,0,eGFP1
17873,20:07:28,0.084,0.786,0,0,eGFP1
17874,20:07:29,0.161,0.798,0,0,eGFP1
17875,20:07:30,0.127,0.764,0,0,eGFP1
17876,20:07:30,0.096,0.601,0,0,eGFP1
17877,20:07:31,0.095,0.589,0,0,eGFP1
17878,20:07:31,0.095,0.567,0,0,eGFP1
17879,20:07:32,0.094,0.819,0,0,eGFP1
17880,20:07:33,0.106,0.588,0,0,eGFP1
17881,20:07:34,0.117,0.940,0,0,eGFP1
17882,20:07:34,0.106,0.567,0,0,eGFP1
17883,20:07:35,0.106,0.699,0,0,eGFP1
17884,20:07:36,0.117,0.731,0,0,eGFP1
17885,20:07:36,0.109,0.657,0,0,eGFP1
17886,20:07:37,0.106,0.567,0,0,eGFP1
17887,20:07:37,0.084,0.611,0,0,eGFP1
17888,20:07:38,0.128,0.775,0,0,eGFP1
17889,20:07:39,0.106,0.776,0,0,eGFP1
17890,20:07:40,0.149,0.709,0,0,eGFP1
17891,20:07:40,0.084,0.677,0,0,eGFP1
17892,20:07:41,0.161,0.786,0,0,eGFP1
17893,20:07:42,0.097,0.975,0,0,eGFP1
17894,20:07:43,0.160,0.643,0,0,eGFP1
17895,20:07:43,0.084,0.578,0,0,eGFP1
17896,20:07:44,0.106,0.764,0,0,eGFP1
17897,20:07:45,0.128,0.743,0,0,eGFP1
17898,20:07:45,0.118,0.579,0,0,eGFP1
17899,20:07:46,0.084,0.710,0,0,eGFP1
17900,20:07:49,0.138,2.750,0,0,eGFP1
17901,20:07:50,0.261,1.457,0,0,eGFP1
17902,20:07:51,0.326,0.918,0,0,eGFP1
17903,20:07:53,0.095,1.522,0,0,eGFP1
17904,20:07:53,0.117,0.633,0,0,eGFP1
17905,20:07:54,0.150,0.940,0,0,eGFP1
17906,20:07:55,0.117,0.852,0,0,eGFP1
17907,20:07:57,0.238,1.653,0,0,eGFP1
17908,20:07:58,0.150,0.721,0,0,eGFP1
17909,20:07:58,0.096,0.634,0,0,eGFP1
17910,20:07:59,0.106,0.622,0,0,eGFP1
17911,20:08:00,0.084,0.687,0,0,eGFP1
17912,20:08:00,0.097,0.525,0,0,eGFP1
17913,20:08:01,0.095,0.578,0,0,eGFP1
17914,20:08:01,0.106,0.797,0,0,eGFP1
17915,20:08:02,0.117,0.600,0,0,eGFP1
17916,20:08:03,0.084,0.600,0,0,eGFP1
17917,20:08:03,0.118,0.733,0,0,eGFP1
17918,20:08:04,0.128,0.808,0,0,eGFP1
17919,20:08:05,0.128,0.688,0,0,eGFP1
17920,20:08:06,0.095,0.622,0,0,eGFP1
17921,20:08:06,0.128,0.731,0,0,eGFP1
17922,20:08:07,0.106,0.721,0,0,eGFP1
17923,20:08:08,0.128,0.643,0,0,eGFP1
17924,20:08:08,0.096,0.743,0,0,eGFP1
17925,20:08:09,0.120,0.822,0,0,eGFP1
17926,20:08:10,0.161,0.743,0,0,eGFP1
17927,20:08:11,0.095,0.622,0,0,eGFP1
17928,20:08:11,0.128,0.721,0,0,eGFP1
17929,20:08:12,0.084,0.995,0,0,eGFP1
17930,20:08:13,0.161,0.666,0,0,eGFP1
17931,20:08:14,0.095,0.710,0,0,eGFP1
17932,20:08:14,0.139,0.743,0,0,eGFP1
17933,20:08:15,0.096,0.700,0,0,eGFP1
17934,20:08:16,0.106,0.556,0,0,eGFP1
17935,20:08:16,0.084,0.644,0,0,eGFP1
17936,20:08:17,0.128,0.633,0,0,eGFP1
17937,20:08:18,0.084,0.666,0,0,eGFP1
17938,20:08:18,0.139,0.698,0,0,eGFP1
17939,20:08:19,0.097,0.613,0,0,eGFP1
17940,20:08:20,0.128,0.742,0,0,eGFP1
17941,20:08:20,0.097,0.536,0,0,eGFP1
17942,20:08:21,0.095,0.709,0,0,eGFP1
17943,20:08:21,0.107,0.567,0,0,eGFP1
17944,20:08:22,0.096,0.765,0,0,eGFP1
17945,20:08:23,0.139,0.677,0,0,eGFP1
17946,20:08:24,0.095,0.644,0,0,eGFP1
17947,20:08:24,0.084,0.545,0,0,eGFP1
17948,20:08:25,0.106,0.611,0,0,eGFP1
17949,20:08:25,0.095,0.611,0,0,eGFP1
17950,20:08:26,0.096,0.590,0,0,eGFP1
17951,20:08:26,0.095,0.600,0,0,eGFP1
17952,20:08:27,0.119,0.755,0,0,eGFP1
17953,20:08:28,0.139,0.798,0,0,eGFP1
17954,20:08:29,0.095,0.556,0,0,eGFP1
17955,20:08:29,0.107,0.699,0,0,eGFP1
17956,20:08:30,0.095,0.567,0,0,eGFP1
17957,20:08:31,0.117,0.798,0,0,eGFP1
17958,20:08:31,0.107,0.535,0,0,eGFP1
17959,20:08:32,0.096,0.710,0,0,eGFP1
17960,20:08:33,0.128,0.732,0,0,eGFP1
17961,20:11:41,0.106,188.607,0,0,eGFP1
17962,20:11:42,0.216,1.061,0,0,eGFP1
17963,20:11:43,0.150,0.743,0,0,eGFP1
17964,20:11:44,0.106,0.940,0,0,eGFP1
17965,20:11:45,0.227,0.951,0,0,eGFP1
17966,20:11:46,0.131,1.250,0,0,eGFP1
17967,20:11:47,0.162,0.678,0,0,eGFP1
17968,20:11:48,0.084,0.819,0,0,eGFP1
17969,20:11:48,0.140,0.733,0,0,eGFP1
17970,20:11:50,0.117,1.182,0,0,eGFP1
17971,20:11:50,0.161,0.765,0,0,eGFP1
17972,20:11:51,0.095,0.797,0,0,eGFP1
17973,20:11:52,0.305,1.314,0,0,eGFP1
17974,20:11:53,0.097,0.580,0,0,eGFP1
17975,20:11:54,0.096,0.666,0,0,eGFP1
17976,20:11:54,0.140,0.699,0,0,eGFP1
17977,20:11:55,0.085,0.568,0,0,eGFP1
17978,20:11:56,0.095,0.622,0,0,eGFP1
17979,20:11:56,0.086,0.503,0,0,eGFP1
17980,20:11:57,0.095,0.622,0,0,eGFP1
17981,20:11:57,0.095,0.600,0,0,eGFP1
17982,20:11:58,0.097,0.657,0,0,eGFP1
17983,20:11:59,0.139,0.644,0,0,eGFP1
17984,20:11:59,0.084,0.545,0,0,eGFP1
17985,20:12:00,0.095,0.600,0,0,eGFP1
17986,20:12:00,0.107,0.611,0,0,eGFP1
17987,20:12:01,0.107,0.644,0,0,eGFP1
17988,20:12:02,0.118,0.601,0,0,eGFP1
17989,20:12:03,0.095,1.763,0,0,eGFP1
17990,20:12:04,0.185,0.723,0,0,eGFP1
17991,20:12:05,0.117,0.688,0,0,eGFP1
17992,20:12:05,0.096,0.545,0,0,eGFP1
17993,20:12:06,0.098,0.679,0,0,eGFP1
17994,20:12:07,0.195,1.457,0,0,eGFP1
17995,20:12:08,0.106,0.600,0,0,eGFP1
17996,20:12:09,0.118,1.062,0,0,eGFP1
17997,20:12:10,0.238,0.885,0,0,eGFP1
17998,20:12:11,0.097,0.712,0,0,eGFP1
17999,20:12:11,0.161,0.677,0,0,eGFP1
18000,20:12:14,0.096,2.883,0,0,eGFP1
18001,20:12:15,0.117,0.688,0,0,eGFP1
18002,20:12:16,0.095,0.710,0,0,eGFP1
18003,20:12:16,0.106,0.567,0,0,eGFP1
18004,20:12:17,0.096,0.601,0,0,eGFP1
18005,20:12:17,0.106,0.578,0,0,eGFP1
18006,20:12:18,0.087,0.625,0,0,eGFP1
18007,20:12:19,0.095,0.699,0,0,eGFP1
18008,20:12:19,0.117,0.710,0,0,eGFP1
18009,20:12:20,0.117,0.765,0,0,eGFP1
18010,20:12:21,0.117,0.655,0,0,eGFP1
18011,20:12:22,0.118,0.732,0,0,eGFP1
18012,20:12:22,0.107,0.578,0,0,eGFP1
18013,20:12:23,0.096,0.710,0,0,eGFP1
18014,20:12:23,0.107,0.568,0,0,eGFP1
18015,20:12:24,0.097,0.755,0,0,eGFP1
18016,20:12:25,0.107,0.688,0,0,eGFP1
18017,20:12:26,0.743,1.479,0,0,eGFP1
18018,20:12:27,0.117,0.786,0,0,eGFP1
18019,20:12:28,0.086,0.514,0,0,eGFP1
18020,20:12:28,0.085,0.732,0,0,eGFP1
18021,20:12:29,0.184,0.908,0,0,eGFP1
18022,20:12:30,0.106,0.567,0,0,eGFP1
18023,20:12:31,0.097,0.635,0,0,eGFP1
18024,20:12:31,0.085,0.524,0,0,eGFP1
18025,20:12:32,0.095,0.699,0,0,eGFP1
18026,20:12:32,0.106,0.545,0,0,eGFP1
18027,20:12:33,0.096,0.622,0,0,eGFP1
18028,20:12:34,0.107,0.733,0,0,eGFP1
18029,20:12:34,0.117,0.666,0,0,eGFP1
18030,20:12:35,0.095,0.567,0,0,eGFP1
18031,20:12:35,0.086,0.525,0,0,eGFP1
18032,20:12:36,0.085,0.776,0,0,eGFP1
18033,20:12:37,0.152,0.668,0,0,eGFP1
18034,20:12:38,0.106,0.918,0,0,eGFP1
18035,20:12:38,0.129,0.579,0,0,eGFP1
18036,20:12:39,0.095,0.589,0,0,eGFP1
18037,20:12:41,0.096,1.643,0,0,eGFP1
18038,20:12:42,0.194,0.930,0,0,eGFP1
18039,20:12:42,0.108,0.558,0,0,eGFP1
18040,20:12:43,0.095,1.160,0,0,eGFP1
18041,20:12:44,0.414,1.039,0,0,eGFP1
18042,20:12:45,0.085,0.732,0,0,eGFP1
18043,20:12:46,0.118,0.623,0,0,eGFP1
18044,20:12:46,0.128,0.765,0,0,eGFP1
18045,20:12:47,0.084,0.556,0,0,eGFP1
18046,20:12:48,0.141,0.646,0,0,eGFP1
18047,20:12:48,0.086,0.580,0,0,eGFP1
18048,20:12:49,0.095,0.600,0,0,eGFP1
18049,20:12:50,0.118,0.743,0,0,eGFP1
18050,20:12:50,0.085,0.568,0,0,eGFP1
18051,20:12:51,0.117,0.666,0,0,eGFP1
18052,20:12:51,0.096,0.590,0,0,eGFP1
18053,20:12:52,0.095,0.699,0,0,eGFP1
18054,20:12:53,0.106,0.633,0,0,eGFP1
18055,20:12:53,0.098,0.580,0,0,eGFP1
18056,20:12:54,0.085,0.678,0,0,eGFP1
18057,20:12:55,0.184,0.777,0,0,eGFP1
18058,20:12:55,0.096,0.699,0,0,eGFP1
18059,20:12:56,0.151,0.799,0,0,eGFP1
18060,20:12:57,0.097,0.646,0,0,eGFP1
18061,20:12:57,0.107,0.590,0,0,eGFP1
18062,20:12:58,0.096,0.677,0,0,eGFP1
18063,20:12:59,0.098,0.592,0,0,eGFP1
18064,20:13:00,0.150,0.809,0,0,eGFP1
18065,20:13:00,0.095,0.600,0,0,eGFP1
18066,20:13:02,0.162,2.006,0,0,eGFP1
18067,20:13:03,0.095,0.688,0,0,eGFP1
18068,20:13:04,0.162,0.754,0,0,eGFP1
18069,20:13:04,0.107,0.634,0,0,eGFP1
18070,20:13:05,0.096,0.699,0,0,eGFP1
18071,20:13:06,0.141,0.767,0,0,eGFP1
18072,20:13:06,0.096,0.556,0,0,eGFP1
18073,20:13:07,0.098,0.591,0,0,eGFP1
18074,20:13:07,0.086,0.580,0,0,eGFP1
18075,20:13:08,0.129,0.776,0,0,eGFP1
18076,20:13:09,0.086,0.525,0,0,eGFP1
18077,20:13:09,0.108,0.612,0,0,eGFP1
18078,20:13:10,0.097,0.558,0,0,eGFP1
18079,20:13:10,0.096,0.590,0,0,eGFP1
18080,20:13:11,0.108,0.712,0,0,eGFP1
18081,20:13:12,0.129,0.799,0,0,eGFP1
18082,20:13:13,0.107,0.568,0,0,eGFP1
18083,20:13:13,0.096,0.766,0,0,eGFP1
18084,20:13:14,0.129,0.656,0,0,eGFP1
18085,20:13:15,0.107,0.612,0,0,eGFP1
18086,20:13:15,0.096,0.634,0,0,eGFP1
18087,20:13:16,0.119,0.635,0,0,eGFP1
18088,20:13:16,0.097,0.613,0,0,eGFP1
18089,20:13:17,0.107,0.557,0,0,eGFP1
18090,20:13:19,0.096,1.588,0,0,eGFP1
18091,20:13:19,0.271,0.853,0,0,eGFP1
18092,20:13:20,0.096,0.689,0,0,eGFP1
18093,20:13:21,0.140,0.842,0,0,eGFP1
18094,20:13:22,0.096,0.590,0,0,eGFP1
18095,20:13:22,0.117,0.831,0,0,eGFP1
18096,20:13:23,0.097,0.580,0,0,eGFP1
18097,20:13:24,0.118,0.601,0,0,eGFP1
18098,20:13:24,0.085,0.655,0,0,eGFP1
18099,20:13:25,0.107,0.612,0,0,eGFP1
18100,20:13:26,0.087,0.668,0,0,eGFP1
18101,20:13:26,0.118,0.579,0,0,eGFP1
18102,20:13:27,0.085,0.787,0,0,eGFP1
18103,20:13:27,0.129,0.601,0,0,eGFP1
18104,20:13:28,0.119,0.811,0,0,eGFP1
18105,20:13:29,0.096,0.743,0,0,eGFP1
18106,20:13:30,0.129,0.612,0,0,eGFP1
18107,20:13:31,0.096,1.709,0,0,eGFP1
18108,20:13:32,0.195,0.722,0,0,eGFP1
18109,20:13:33,0.096,0.754,0,0,eGFP1
18110,20:13:33,0.118,0.546,0,0,eGFP1
18111,20:13:34,0.085,0.766,0,0,eGFP1
18112,20:13:35,0.108,0.613,0,0,eGFP1
18113,20:13:36,0.129,0.743,0,0,eGFP1
18114,20:13:36,0.109,0.635,0,0,eGFP1
18115,20:13:37,0.096,0.590,0,0,eGFP1
18116,20:13:37,0.129,0.711,0,0,eGFP1
18117,20:13:38,0.085,0.612,0,0,eGFP1
18118,20:13:39,0.107,0.612,0,0,eGFP1
18119,20:13:39,0.107,0.765,0,0,eGFP1
18120,20:13:40,0.142,0.712,0,0,eGFP1
18121,20:13:41,0.097,0.766,0,0,eGFP1
18122,20:13:41,0.108,0.569,0,0,eGFP1
18123,20:13:42,0.096,0.821,0,0,eGFP1
18124,20:13:43,0.140,0.689,0,0,eGFP1
18125,20:13:44,0.129,0.733,0,0,eGFP1
18126,20:13:44,0.107,0.590,0,0,eGFP1
18127,20:13:45,0.109,0.647,0,0,eGFP1
18128,20:13:46,0.087,0.548,0,0,eGFP1
18129,20:13:46,0.107,0.754,0,0,eGFP1
18130,20:13:47,0.096,0.612,0,0,eGFP1
18131,20:13:48,0.184,0.777,0,0,eGFP1
18132,20:13:48,0.085,0.765,0,0,eGFP1
18133,20:13:49,0.162,0.667,0,0,eGFP1
18134,20:13:50,0.096,0.645,0,0,eGFP1
18135,20:13:51,0.107,0.776,0,0,eGFP1
18136,20:13:51,0.131,0.647,0,0,eGFP1
18137,20:13:52,0.107,0.809,0,0,eGFP1
18138,20:13:53,0.087,0.603,0,0,eGFP1
18139,20:13:53,0.173,0.875,0,0,eGFP1
18140,20:13:54,0.097,0.931,0,0,eGFP1
18141,20:13:55,0.141,0.821,0,0,eGFP1
18142,20:13:56,0.119,0.744,0,0,eGFP1
18143,20:13:57,0.107,0.623,0,0,eGFP1
18144,20:13:57,0.118,0.755,0,0,eGFP1
18145,20:13:58,0.097,0.756,0,0,eGFP1
18146,20:13:59,0.118,0.623,0,0,eGFP1
18147,20:14:00,0.151,0.820,0,0,eGFP1
18148,20:14:00,0.096,0.777,0,0,eGFP1
18149,20:14:01,0.107,0.546,0,0,eGFP1
18150,20:14:02,0.096,1.238,0,0,eGFP1
18151,20:14:03,0.129,0.623,0,0,eGFP1
18152,20:14:03,0.096,0.666,0,0,eGFP1
18153,20:14:04,0.109,0.778,0,0,eGFP1
18154,20:14:05,0.120,0.691,0,0,eGFP1
18155,20:14:06,0.173,0.875,0,0,eGFP1
18156,20:14:06,0.085,0.546,0,0,eGFP1
18157,20:14:07,0.096,0.744,0,0,eGFP1
18158,20:14:08,0.096,0.535,0,0,eGFP1
18159,20:14:08,0.107,0.876,0,0,eGFP1
18160,20:14:09,0.118,0.590,0,0,eGFP1
18161,20:14:10,0.097,0.690,0,0,eGFP1
18162,20:14:10,0.096,0.568,0,0,eGFP1
18163,20:14:11,0.129,0.766,0,0,eGFP1
18164,20:14:12,0.085,0.546,0,0,eGFP1
18165,20:14:12,0.118,0.689,0,0,eGFP1
18166,20:14:13,0.085,0.557,0,0,eGFP1
18167,20:14:14,0.118,0.733,0,0,eGFP1
18168,20:14:14,0.087,0.569,0,0,eGFP1
18169,20:14:15,0.109,0.779,0,0,eGFP1
18170,20:14:16,0.096,0.732,0,0,eGFP1
18171,20:14:16,0.184,0.744,0,0,eGFP1
18172,20:14:17,0.096,0.568,0,0,eGFP1
18173,20:14:18,0.108,0.667,0,0,eGFP1
18174,20:14:18,0.108,0.755,0,0,eGFP1
18175,20:14:19,0.107,0.546,0,0,eGFP1
18176,20:14:20,0.086,0.865,0,0,eGFP1
18177,20:14:20,0.130,0.602,0,0,eGFP1
18178,20:14:21,0.108,0.821,0,0,eGFP1
18179,20:14:22,0.140,0.667,0,0,eGFP1
18180,20:14:23,0.107,0.722,0,0,eGFP1
18181,20:14:23,0.109,0.602,0,0,eGFP1
18182,20:14:24,0.130,0.701,0,0,eGFP1
18183,20:14:24,0.097,0.602,0,0,eGFP1
18184,20:14:25,0.108,0.777,0,0,eGFP1
18185,20:14:26,0.088,0.571,0,0,eGFP1
18186,20:14:27,0.108,0.701,0,0,eGFP1
18187,20:14:27,0.120,0.844,0,0,eGFP1
18188,20:14:30,0.119,2.841,0,0,eGFP1
18189,20:14:31,0.174,0.899,0,0,eGFP1
18190,20:14:32,0.141,0.997,0,0,eGFP1
18191,20:14:33,0.350,1.162,0,0,eGFP1
18192,20:14:34,0.109,0.734,0,0,eGFP1
18193,20:14:35,0.132,0.955,0,0,eGFP1
18194,20:14:36,0.163,1.370,0,0,eGFP1
18195,20:14:37,0.109,0.592,0,0,eGFP1
18196,20:14:38,0.107,0.612,0,0,eGFP1
18197,20:14:38,0.097,0.722,0,0,eGFP1
18198,20:14:39,0.119,0.580,0,0,eGFP1
18199,20:14:39,0.097,0.569,0,0,eGFP1
18200,20:14:40,0.085,0.590,0,0,eGFP1
18201,20:14:41,0.109,0.647,0,0,eGFP1
18202,20:14:41,0.085,0.612,0,0,eGFP1
18203,20:14:42,0.097,0.525,0,0,eGFP1
18204,20:14:43,0.107,0.776,0,0,eGFP1
18205,20:14:43,0.108,0.690,0,0,eGFP1
18206,20:14:44,0.140,0.656,0,0,eGFP1
18207,20:14:45,0.085,0.601,0,0,eGFP1
18208,20:14:45,0.087,0.614,0,0,eGFP1
18209,20:14:46,0.151,0.809,0,0,eGFP1
18210,20:14:47,0.109,0.636,0,0,eGFP1
18211,20:14:47,0.097,0.645,0,0,eGFP1
18212,20:14:48,0.119,0.722,0,0,eGFP1
18213,20:14:49,0.108,0.613,0,0,eGFP1
18214,20:14:49,0.085,0.722,0,0,eGFP1
18215,20:14:50,0.140,0.733,0,0,eGFP1
18216,20:14:51,0.118,0.777,0,0,eGFP1
18217,20:14:51,0.096,0.590,0,0,eGFP1
18218,20:14:52,0.109,0.789,0,0,eGFP1
18219,20:14:53,0.097,0.722,0,0,eGFP1
18220,20:14:54,0.185,0.766,0,0,eGFP1
18221,20:14:55,0.086,1.041,0,0,eGFP1
18222,20:14:55,0.164,0.679,0,0,eGFP1
18223,20:14:56,0.108,0.689,0,0,eGFP1
18224,20:14:57,0.108,0.591,0,0,eGFP1
18225,20:14:57,0.096,0.612,0,0,eGFP1
18226,20:14:58,0.087,0.724,0,0,eGFP1
18227,20:19:07,0.173,248.823,0,0,eGFP1
18228,20:19:07,0.107,0.667,0,0,eGFP1
18229,20:19:08,0.129,0.634,0,0,eGFP1
18230,20:19:09,0.097,0.766,0,0,eGFP1
18231,20:19:09,0.141,0.624,0,0,eGFP1
18232,20:19:10,0.107,0.777,0,0,eGFP1
18233,20:19:11,0.096,0.601,0,0,eGFP1
18234,20:19:12,0.142,0.800,0,0,eGFP1
18235,20:19:12,0.087,0.724,0,0,eGFP1
18236,20:19:13,0.140,0.612,0,0,eGFP1
18237,20:19:14,0.075,0.645,0,0,eGFP1
18238,20:19:14,0.130,0.580,0,0,eGFP1
18239,20:19:15,0.075,0.601,0,0,eGFP1
18240,20:19:16,0.130,0.799,0,0,eGFP1
18241,20:19:16,0.152,0.744,0,0,eGFP1
18242,20:19:17,0.120,0.845,0,0,eGFP1
18243,20:19:18,0.151,0.886,0,0,eGFP1
18244,20:19:19,0.108,0.536,0,0,eGFP1
18245,20:19:19,0.086,0.843,0,0,eGFP1
18246,20:19:20,0.130,0.623,0,0,eGFP1
18247,20:19:21,0.086,0.810,0,0,eGFP1
18248,20:19:25,0.153,4.433,0,0,eGFP1
18249,20:19:27,0.207,1.414,0,0,eGFP1
18250,20:19:28,0.658,1.591,0,0,eGFP1
18251,20:19:29,0.097,0.756,0,0,eGFP1
18252,20:19:30,0.119,0.558,0,0,eGFP1
18253,20:19:31,0.108,0.909,0,0,eGFP1
18254,20:19:31,0.098,0.515,0,0,eGFP1
18255,20:19:32,0.086,0.777,0,0,eGFP1
18256,20:19:32,0.109,0.537,0,0,eGFP1
18257,20:19:33,0.086,0.558,0,0,eGFP1
18258,20:19:34,0.165,0.900,0,0,eGFP1
18259,20:19:34,0.097,0.536,0,0,eGFP1
18260,20:19:35,0.085,0.722,0,0,eGFP1
18261,20:19:36,0.118,0.601,0,0,eGFP1
18262,20:19:37,0.120,0.790,0,0,eGFP1
18263,20:19:37,0.097,0.546,0,0,eGFP1
18264,20:19:38,0.108,0.712,0,0,eGFP1
18265,20:19:38,0.096,0.579,0,0,eGFP1
18266,20:19:39,0.109,0.768,0,0,eGFP1
18267,20:19:40,0.097,0.558,0,0,eGFP1
18268,20:19:40,0.107,0.810,0,0,eGFP1
18269,20:19:41,0.140,0.777,0,0,eGFP1
18270,20:19:42,0.097,0.678,0,0,eGFP1
18271,20:19:43,0.163,0.843,0,0,eGFP1
18272,20:19:43,0.097,0.657,0,0,eGFP1
18273,20:19:44,0.162,0.832,0,0,eGFP1
18274,20:19:45,0.107,0.568,0,0,eGFP1
18275,20:19:46,0.111,0.758,0,0,eGFP1
18276,20:19:46,0.097,0.525,0,0,eGFP1
18277,20:19:47,0.097,0.865,0,0,eGFP1
18278,20:19:48,0.152,0.711,0,0,eGFP1
18279,20:19:48,0.097,0.690,0,0,eGFP1
18280,20:19:49,0.140,0.634,0,0,eGFP1
18281,20:19:50,0.097,0.821,0,0,eGFP1
18282,20:19:50,0.141,0.635,0,0,eGFP1
18283,20:19:51,0.098,0.899,0,0,eGFP1
18284,20:19:52,0.119,0.602,0,0,eGFP1
18285,20:19:53,0.130,0.678,0,0,eGFP1
18286,20:19:53,0.086,0.536,0,0,eGFP1
18287,20:19:54,0.130,0.799,0,0,eGFP1
18288,20:19:55,0.086,0.569,0,0,eGFP1
18289,20:19:55,0.120,0.724,0,0,eGFP1
18290,20:19:56,0.097,0.569,0,0,eGFP1
18291,20:19:57,0.088,0.736,0,0,eGFP1
18292,20:19:57,0.115,0.609,0,0,eGFP1
18293,20:19:58,0.105,0.709,0,0,eGFP1
18294,20:19:59,0.116,0.786,0,0,eGFP1
18295,20:19:59,0.116,0.731,0,0,eGFP1
18296,20:20:00,0.117,0.632,0,0,eGFP1
18297,20:20:01,0.106,0.578,0,0,eGFP1
18298,20:20:01,0.083,0.742,0,0,eGFP1
18299,20:20:02,0.107,0.546,0,0,eGFP1
18300,20:20:03,0.083,0.753,0,0,eGFP1
18301,20:20:03,0.138,0.687,0,0,eGFP1
18302,20:20:04,0.107,0.831,0,0,eGFP1
18303,20:20:05,0.106,0.556,0,0,eGFP1
18304,20:20:06,0.084,0.753,0,0,eGFP1
18305,20:20:06,0.127,0.698,0,0,eGFP1
18306,20:20:07,0.183,0.962,0,0,eGFP1
18307,20:20:08,0.096,0.765,0,0,eGFP1
18308,20:20:09,0.150,0.753,0,0,eGFP1
18309,20:20:09,0.106,0.578,0,0,eGFP1
18310,20:20:10,0.116,0.676,0,0,eGFP1
18311,20:20:11,0.117,0.764,0,0,eGFP1
18312,20:20:11,0.117,0.589,0,0,eGFP1
18313,20:20:12,0.094,0.731,0,0,eGFP1
18314,20:20:13,0.116,0.577,0,0,eGFP1
18315,20:20:13,0.107,0.766,0,0,eGFP1
18316,20:20:14,0.096,0.579,0,0,eGFP1
18317,20:20:15,0.138,0.906,0,0,eGFP1
18318,20:20:16,0.106,0.699,0,0,eGFP1
18319,20:20:16,0.149,0.797,0,0,eGFP1
18320,20:20:17,0.128,0.709,0,0,eGFP1
18321,20:20:18,0.128,0.852,0,0,eGFP1
18322,20:20:19,0.117,0.677,0,0,eGFP1
18323,20:20:20,0.140,1.764,0,0,eGFP1
18324,20:20:21,0.094,0.588,0,0,eGFP1
18325,20:20:22,0.139,0.677,0,0,eGFP1
18326,20:20:22,0.083,0.566,0,0,eGFP1
18327,20:20:24,0.128,2.191,0,0,eGFP1
18328,20:20:25,0.160,0.687,0,0,eGFP1
18329,20:20:26,0.096,0.612,0,0,eGFP1
18330,20:20:26,0.117,0.742,0,0,eGFP1
18331,20:20:27,0.095,0.534,0,0,eGFP1
18332,20:20:28,0.094,0.697,0,0,eGFP1
18333,20:20:28,0.128,0.644,0,0,eGFP1
18334,20:20:29,0.094,0.489,0,0,eGFP1
18335,20:20:29,0.084,0.677,0,0,eGFP1
18336,20:20:30,0.116,0.577,0,0,eGFP1
18337,20:20:31,0.095,0.677,0,0,eGFP1
18338,20:20:31,0.105,0.544,0,0,eGFP1
18339,20:20:32,0.117,0.852,0,0,eGFP1
18340,20:20:33,0.097,0.546,0,0,eGFP1
18341,20:20:33,0.084,0.556,0,0,eGFP1
18342,20:20:34,0.095,0.764,0,0,eGFP1
18343,20:20:35,0.129,0.612,0,0,eGFP1
18344,20:20:35,0.117,0.830,0,0,eGFP1
18345,20:20:36,0.106,0.666,0,0,eGFP1
18346,20:20:37,0.138,0.764,0,0,eGFP1
18347,20:20:37,0.095,0.589,0,0,eGFP1
18348,20:20:38,0.107,0.655,0,0,eGFP1
18349,20:20:39,0.084,0.534,0,0,eGFP1
18350,20:20:39,0.106,0.742,0,0,eGFP1
18351,20:20:40,0.106,0.556,0,0,eGFP1
18352,20:20:41,0.095,0.644,0,0,eGFP1
18353,20:20:41,0.094,0.512,0,0,eGFP1
18354,20:20:42,0.105,0.841,0,0,eGFP1
18355,20:20:43,0.094,0.720,0,0,eGFP1
18356,20:20:43,0.163,0.734,0,0,eGFP1
18357,20:20:44,0.106,0.654,0,0,eGFP1
18358,20:20:45,0.106,0.721,0,0,eGFP1
18359,20:20:45,0.106,0.698,0,0,eGFP1
18360,20:20:46,0.150,0.797,0,0,eGFP1
18361,20:20:47,0.095,0.567,0,0,eGFP1
18362,20:20:48,0.095,0.786,0,0,eGFP1
18363,20:20:48,0.106,0.688,0,0,eGFP1
18364,20:20:49,0.140,0.733,0,0,eGFP1
18365,20:20:59,0.094,9.774,0,0,eGFP1
18366,20:20:59,0.105,0.577,0,0,eGFP1
18367,20:21:00,0.095,0.688,0,0,eGFP1
18368,20:21:01,0.106,0.797,0,0,eGFP1
18369,20:21:01,0.128,0.611,0,0,eGFP1
18370,20:21:02,0.129,0.842,0,0,eGFP1
18371,20:21:03,0.106,0.688,0,0,eGFP1
18372,20:21:04,0.096,0.732,0,0,eGFP1
18373,20:21:04,0.139,0.611,0,0,eGFP1
18374,20:21:05,0.117,0.764,0,0,eGFP1
18375,20:21:06,0.084,0.677,0,0,eGFP1
18376,20:21:07,0.128,0.764,0,0,eGFP1
18377,20:21:07,0.095,0.523,0,0,eGFP1
18378,20:21:08,0.073,0.468,0,0,eGFP1
18379,20:21:08,0.073,0.633,0,0,eGFP1
18380,20:21:09,0.132,0.648,0,0,eGFP1
18381,20:21:09,0.084,0.479,0,0,eGFP1
18382,20:21:10,0.117,0.764,0,0,eGFP1
18383,20:21:11,0.097,0.558,0,0,eGFP1
18384,20:21:11,0.117,0.819,0,0,eGFP1
18385,20:21:12,0.095,0.556,0,0,eGFP1
18386,20:21:13,0.095,0.655,0,0,eGFP1
18387,20:21:13,0.084,0.556,0,0,eGFP1
18388,20:21:14,0.151,0.744,0,0,eGFP1
18389,20:21:15,0.095,0.742,0,0,eGFP1
18390,20:21:15,0.117,0.578,0,0,eGFP1
18391,20:21:16,0.095,0.775,0,0,eGFP1
18392,20:21:17,0.095,0.578,0,0,eGFP1
18393,20:21:17,0.128,0.655,0,0,eGFP1
18394,20:21:18,0.084,0.677,0,0,eGFP1
18395,20:21:19,0.117,0.599,0,0,eGFP1
18396,20:21:19,0.084,0.688,0,0,eGFP1
18397,20:21:20,0.145,0.748,0,0,eGFP1
18398,20:21:21,0.106,0.732,0,0,eGFP1
18399,20:21:21,0.128,0.666,0,0,eGFP1
18400,20:21:22,0.106,0.622,0,0,eGFP1
18401,20:21:23,0.106,0.677,0,0,eGFP1
18402,20:21:23,0.128,0.698,0,0,eGFP1
18403,20:21:24,0.107,0.666,0,0,eGFP1
18404,20:21:25,0.128,0.765,0,0,eGFP1
18405,20:21:25,0.096,0.645,0,0,eGFP1
18406,20:21:26,0.106,0.567,0,0,eGFP1
18407,20:21:27,0.128,0.853,0,0,eGFP1
18408,20:21:28,0.106,0.644,0,0,eGFP1
18409,20:21:28,0.150,0.775,0,0,eGFP1
18410,20:21:29,0.097,0.591,0,0,eGFP1
18411,20:21:30,0.117,0.775,0,0,eGFP1
18412,20:21:30,0.095,0.622,0,0,eGFP1
18413,20:21:31,0.140,0.744,0,0,eGFP1
18414,20:21:32,0.084,0.742,0,0,eGFP1
18415,20:21:32,0.117,0.578,0,0,eGFP1
18416,20:21:33,0.106,0.875,0,0,eGFP1
18417,20:21:34,0.106,0.643,0,0,eGFP1
18418,20:21:35,0.161,0.710,0,0,eGFP1
18419,20:21:37,0.084,2.191,0,0,eGFP1
18420,20:21:37,0.139,0.600,0,0,eGFP1
18421,20:21:42,0.097,4.794,0,0,eGFP1
18422,20:21:43,0.139,0.676,0,0,eGFP1
18423,20:21:44,0.128,0.787,0,0,eGFP1
18424,20:21:44,0.096,0.524,0,0,eGFP1
18425,20:21:45,0.095,0.809,0,0,eGFP1
18426,20:21:46,0.128,0.819,0,0,eGFP1
18427,20:21:47,0.117,0.776,0,0,eGFP1
18428,20:21:48,0.216,1.785,0,0,eGFP1
18429,20:21:49,0.085,0.546,0,0,eGFP1
18430,20:21:50,0.074,1.072,0,0,eGFP1
18431,20:21:51,0.194,0.765,0,0,eGFP1
18432,20:21:52,0.106,1.138,0,0,eGFP1
18433,20:21:53,0.172,0.841,0,0,eGFP1
18434,20:21:54,0.172,1.324,0,0,eGFP1
18435,20:21:55,0.128,0.655,0,0,eGFP1
18436,20:21:55,0.161,0.754,0,0,eGFP1
18437,20:21:56,0.087,0.526,0,0,eGFP1
18438,20:21:57,0.084,0.633,0,0,eGFP1
18439,20:21:57,0.150,0.731,0,0,eGFP1
18440,20:21:58,0.106,0.699,0,0,eGFP1
18441,20:21:59,0.128,0.600,0,0,eGFP1
18442,20:21:59,0.106,0.743,0,0,eGFP1
18443,20:22:00,0.095,0.545,0,0,eGFP1
18444,20:22:01,0.095,0.655,0,0,eGFP1
18445,20:22:01,0.129,0.799,0,0,eGFP1
18446,20:22:02,0.106,0.677,0,0,eGFP1
18447,20:22:03,0.150,0.666,0,0,eGFP1
18448,20:22:03,0.107,0.798,0,0,eGFP1
18449,20:22:04,0.095,0.677,0,0,eGFP1
18450,20:22:05,0.150,0.644,0,0,eGFP1
18451,20:22:05,0.086,0.668,0,0,eGFP1
18452,20:22:06,0.125,0.717,0,0,eGFP1
18453,20:22:07,0.119,0.756,0,0,eGFP1
18454,20:22:08,0.095,0.578,0,0,eGFP1
18455,20:22:08,0.117,0.775,0,0,eGFP1
18456,20:22:09,0.096,0.535,0,0,eGFP1
18457,20:22:10,0.117,0.731,0,0,eGFP1
18458,20:22:10,0.096,0.677,0,0,eGFP1
18459,20:22:11,0.238,0.974,0,0,eGFP1
18460,20:22:12,0.095,0.655,0,0,eGFP1
18461,20:22:13,0.139,0.731,0,0,eGFP1
18462,20:22:13,0.097,0.679,0,0,eGFP1
18463,20:22:14,0.139,0.644,0,0,eGFP1
18464,20:22:15,0.085,0.678,0,0,eGFP1
18465,20:22:15,0.117,0.688,0,0,eGFP1
18466,20:22:16,0.117,0.787,0,0,eGFP1
18467,20:22:17,0.106,0.567,0,0,eGFP1
18468,20:22:17,0.084,0.545,0,0,eGFP1
18469,20:22:18,0.095,0.644,0,0,eGFP1
18470,20:22:18,0.108,0.591,0,0,eGFP1
18471,20:22:19,0.095,0.710,0,0,eGFP1
18472,20:22:20,0.106,0.578,0,0,eGFP1
18473,20:22:20,0.128,0.764,0,0,eGFP1
18474,20:22:21,0.085,0.535,0,0,eGFP1
18475,20:22:22,0.106,0.776,0,0,eGFP1
18476,20:22:22,0.128,0.611,0,0,eGFP1
18477,20:22:23,0.106,0.797,0,0,eGFP1
18478,20:22:24,0.099,0.581,0,0,eGFP1
18479,20:22:24,0.118,0.688,0,0,eGFP1
18480,20:22:25,0.096,0.688,0,0,eGFP1
18481,20:22:26,0.107,0.568,0,0,eGFP1
18482,20:22:52,0.106,26.663,0,0,eGFP1
18483,20:22:53,0.129,0.886,0,0,eGFP1
18484,20:22:54,0.117,0.633,0,0,eGFP1
18485,20:22:55,0.117,0.699,0,0,eGFP1
18486,20:22:55,0.119,0.722,0,0,eGFP1
18487,20:22:56,0.107,0.524,0,0,eGFP1
18488,20:22:57,0.095,0.786,0,0,eGFP1
18489,20:22:57,0.107,0.568,0,0,eGFP1
18490,20:22:58,0.117,0.754,0,0,eGFP1
18491,20:22:59,0.096,0.766,0,0,eGFP1
18492,20:22:59,0.128,0.589,0,0,eGFP1
18493,20:23:00,0.096,0.699,0,0,eGFP1
18494,20:23:01,0.108,0.580,0,0,eGFP1
18495,20:23:01,0.084,0.523,0,0,eGFP1
18496,20:23:02,0.085,0.568,0,0,eGFP1
18497,20:23:02,0.117,0.600,0,0,eGFP1
18498,20:23:03,0.106,0.644,0,0,eGFP1
18499,20:23:04,0.106,0.666,0,0,eGFP1
18500,20:23:04,0.118,0.611,0,0,eGFP1
18501,20:23:05,0.096,0.699,0,0,eGFP1
18502,20:23:06,0.119,0.591,0,0,eGFP1
18503,20:23:06,0.085,0.655,0,0,eGFP1
18504,20:23:07,0.119,0.756,0,0,eGFP1
18505,20:23:07,0.117,0.567,0,0,eGFP1
18506,20:23:08,0.096,0.766,0,0,eGFP1
18507,20:23:09,0.106,0.567,0,0,eGFP1
18508,20:23:10,0.118,0.744,0,0,eGFP1
18509,20:23:10,0.095,0.710,0,0,eGFP1
18510,20:23:11,0.141,0.613,0,0,eGFP1
18511,20:23:12,0.107,0.733,0,0,eGFP1
18512,20:23:12,0.096,0.546,0,0,eGFP1
18513,20:23:13,0.107,0.777,0,0,eGFP1
18514,20:23:14,0.129,0.677,0,0,eGFP1
18515,20:23:14,0.151,0.766,0,0,eGFP1
18516,20:23:15,0.096,0.733,0,0,eGFP1
18517,20:23:16,0.162,0.667,0,0,eGFP1
18518,20:23:18,0.087,1.744,0,0,eGFP1
18519,20:23:18,0.140,0.732,0,0,eGFP1
18520,20:23:19,0.162,0.798,0,0,eGFP1
18521,20:23:20,0.107,0.623,0,0,eGFP1
18522,20:23:20,0.106,0.655,0,0,eGFP1
18523,20:23:21,0.150,1.127,0,0,eGFP1
18524,20:23:23,0.348,1.215,0,0,eGFP1
18525,20:23:25,0.161,2.126,0,0,eGFP1
18526,20:23:26,0.117,0.776,0,0,eGFP1
18527,20:23:26,0.086,0.569,0,0,eGFP1
18528,20:23:28,0.150,2.301,0,0,eGFP1
18529,20:23:29,0.162,0.655,0,0,eGFP1
18530,20:23:30,0.096,0.678,0,0,eGFP1
18531,20:23:31,0.119,0.755,0,0,eGFP1
18532,20:23:31,0.096,0.524,0,0,eGFP1
18533,20:23:32,0.084,0.501,0,0,eGFP1
18534,20:23:32,0.085,0.765,0,0,eGFP1
18535,20:23:33,0.185,0.877,0,0,eGFP1
18536,20:23:34,0.095,0.534,0,0,eGFP1
18537,20:23:34,0.096,0.579,0,0,eGFP1
18538,20:23:35,0.095,0.490,0,0,eGFP1
18539,20:23:35,0.085,0.546,0,0,eGFP1
18540,20:23:36,0.096,0.590,0,0,eGFP1
18541,20:23:37,0.106,0.743,0,0,eGFP1
18542,20:23:37,0.106,0.545,0,0,eGFP1
18543,20:23:38,0.086,0.646,0,0,eGFP1
18544,20:23:38,0.085,0.568,0,0,eGFP1
18545,20:23:39,0.162,0.876,0,0,eGFP1
18546,20:23:40,0.106,0.556,0,0,eGFP1
18547,20:23:41,0.096,0.744,0,0,eGFP1
18548,20:23:41,0.128,0.655,0,0,eGFP1
18549,20:23:42,0.085,0.710,0,0,eGFP1
18550,20:23:43,0.129,0.645,0,0,eGFP1
18551,20:23:43,0.097,0.623,0,0,eGFP1
18552,20:23:44,0.085,0.513,0,0,eGFP1
18553,20:23:45,0.096,0.776,0,0,eGFP1
18554,20:23:45,0.118,0.557,0,0,eGFP1
18555,20:23:46,0.096,0.732,0,0,eGFP1
18556,20:23:47,0.151,0.700,0,0,eGFP1
18557,20:23:47,0.095,0.567,0,0,eGFP1
18558,20:23:48,0.097,0.690,0,0,eGFP1
18559,20:23:49,0.108,0.734,0,0,eGFP1
18560,20:23:49,0.139,0.853,0,0,eGFP1
18561,20:23:50,0.106,0.578,0,0,eGFP1
18562,20:23:51,0.096,0.689,0,0,eGFP1
18563,20:23:51,0.107,0.710,0,0,eGFP1
18564,20:23:52,0.118,0.667,0,0,eGFP1
18565,20:23:53,0.128,0.765,0,0,eGFP1
18566,20:23:53,0.096,0.557,0,0,eGFP1
18567,20:23:54,0.108,0.843,0,0,eGFP1
18568,20:23:55,0.096,0.535,0,0,eGFP1
18569,20:23:56,0.129,0.831,0,0,eGFP1
18570,20:23:56,0.096,0.579,0,0,eGFP1
18571,20:23:57,0.107,0.765,0,0,eGFP1
18572,20:23:58,0.108,0.635,0,0,eGFP1
18573,20:23:58,0.118,0.787,0,0,eGFP1
18574,20:23:59,0.118,0.612,0,0,eGFP1
18575,20:24:00,0.098,0.613,0,0,eGFP1
18576,20:24:00,0.097,0.579,0,0,eGFP1
18577,20:24:01,0.108,0.580,0,0,eGFP1
18578,20:24:01,0.096,0.546,0,0,eGFP1
18579,20:24:02,0.085,0.667,0,0,eGFP1
18580,20:24:03,0.151,0.799,0,0,eGFP1
18581,20:24:03,0.096,0.579,0,0,eGFP1
18582,20:24:06,0.151,2.324,0,0,eGFP1
18583,20:24:06,0.098,0.591,0,0,eGFP1
18584,20:24:07,0.162,1.095,0,0,eGFP1
18585,20:24:08,0.108,0.613,0,0,eGFP1
18586,20:24:09,0.107,0.765,0,0,eGFP1
18587,20:24:09,0.107,0.546,0,0,eGFP1
18588,20:24:10,0.096,0.601,0,0,eGFP1
18589,20:24:11,0.118,0.689,0,0,eGFP1
18590,20:24:11,0.107,0.567,0,0,eGFP1
18591,20:24:12,0.107,0.722,0,0,eGFP1
18592,20:24:12,0.097,0.547,0,0,eGFP1
18593,20:24:13,0.096,0.579,0,0,eGFP1
18594,20:24:14,0.107,0.798,0,0,eGFP1
18595,20:24:14,0.096,0.568,0,0,eGFP1
18596,20:24:15,0.151,0.821,0,0,eGFP1
18597,20:24:16,0.106,0.754,0,0,eGFP1
18598,20:24:16,0.118,0.590,0,0,eGFP1
18599,20:24:17,0.119,0.800,0,0,eGFP1
18600,20:24:18,0.097,0.536,0,0,eGFP1
18601,20:24:18,0.096,0.667,0,0,eGFP1
18602,20:24:19,0.128,0.875,0,0,eGFP1
18603,20:24:20,0.107,0.644,0,0,eGFP1
18604,20:24:21,0.118,0.777,0,0,eGFP1
18605,20:24:21,0.151,0.710,0,0,eGFP1
18606,20:24:22,0.096,0.623,0,0,eGFP1
18607,20:24:23,0.151,0.689,0,0,eGFP1
18608,20:24:23,0.086,0.591,0,0,eGFP1
18609,20:24:25,0.239,1.951,0,0,eGFP1
18610,20:24:26,0.096,0.754,0,0,eGFP1
18611,20:24:27,0.107,0.656,0,0,eGFP1
18612,20:24:28,0.163,0.811,0,0,eGFP1
18613,20:24:28,0.107,0.568,0,0,eGFP1
18614,20:24:29,0.097,0.755,0,0,eGFP1
18615,20:24:29,0.108,0.569,0,0,eGFP1
18616,20:24:30,0.120,0.800,0,0,eGFP1
18617,20:24:31,0.097,0.536,0,0,eGFP1
18618,20:24:31,0.085,0.733,0,0,eGFP1
18619,20:24:32,0.118,0.645,0,0,eGFP1
18620,20:24:33,0.130,0.810,0,0,eGFP1
18621,20:24:34,0.097,0.580,0,0,eGFP1
18622,20:24:34,0.173,0.831,0,0,eGFP1
18623,20:24:35,0.097,0.569,0,0,eGFP1
18624,20:24:36,0.098,0.746,0,0,eGFP1
18625,20:24:36,0.107,0.557,0,0,eGFP1
18626,20:24:48,0.109,11.895,0,0,eGFP1
18627,20:24:49,0.107,0.623,0,0,eGFP1
18628,20:24:50,0.151,0.908,0,0,eGFP1
18629,20:24:50,0.129,0.634,0,0,eGFP1
18630,20:24:51,0.096,0.535,0,0,eGFP1
18631,20:24:51,0.085,0.601,0,0,eGFP1
18632,20:24:52,0.097,0.646,0,0,eGFP1
18633,20:24:53,0.162,0.876,0,0,eGFP1
18634,20:24:53,0.096,0.524,0,0,eGFP1
18635,20:24:54,0.118,0.809,0,0,eGFP1
18636,20:24:55,0.085,0.546,0,0,eGFP1
18637,20:24:55,0.097,0.601,0,0,eGFP1
18638,20:24:56,0.097,0.601,0,0,eGFP1
18639,20:24:57,0.098,0.680,0,0,eGFP1
18640,20:24:57,0.109,0.581,0,0,eGFP1
18641,20:24:58,0.085,0.612,0,0,eGFP1
18642,20:24:59,0.130,0.602,0,0,eGFP1
18643,20:24:59,0.085,0.656,0,0,eGFP1
18644,20:25:00,0.130,0.667,0,0,eGFP1
18645,20:25:01,0.108,0.734,0,0,eGFP1
18646,20:25:01,0.096,0.557,0,0,eGFP1
18647,20:25:02,0.108,0.810,0,0,eGFP1
18648,20:25:03,0.110,0.592,0,0,eGFP1
18649,20:25:03,0.097,0.799,0,0,eGFP1
18650,20:25:04,0.107,0.557,0,0,eGFP1
18651,20:25:05,0.119,0.843,0,0,eGFP1
18652,20:25:05,0.096,0.579,0,0,eGFP1
18653,20:25:06,0.142,0.789,0,0,eGFP1
18654,20:25:07,0.096,0.601,0,0,eGFP1
18655,20:25:07,0.096,0.711,0,0,eGFP1
18656,20:25:08,0.107,0.579,0,0,eGFP1
18657,20:25:09,0.109,0.778,0,0,eGFP1
18658,20:25:09,0.097,0.568,0,0,eGFP1
18659,20:25:10,0.097,0.733,0,0,eGFP1
18660,20:25:11,0.097,0.536,0,0,eGFP1
18661,20:25:11,0.107,0.721,0,0,eGFP1
18662,20:25:12,0.108,0.569,0,0,eGFP1
18663,20:25:13,0.096,0.831,0,0,eGFP1
18664,20:25:13,0.108,0.579,0,0,eGFP1
18665,20:25:14,0.109,0.790,0,0,eGFP1
18666,20:25:15,0.097,0.602,0,0,eGFP1
18667,20:25:15,0.140,0.744,0,0,eGFP1
18668,20:25:16,0.085,0.842,0,0,eGFP1
18669,20:25:17,0.119,0.569,0,0,eGFP1
18670,20:25:18,0.074,0.809,0,0,eGFP1
18671,20:25:18,0.119,0.580,0,0,eGFP1
18672,20:25:19,0.096,0.590,0,0,eGFP1
18673,20:25:20,0.120,0.712,0,0,eGFP1
18674,20:25:20,0.097,0.557,0,0,eGFP1
18675,20:25:21,0.119,0.755,0,0,eGFP1
18676,20:25:21,0.119,0.590,0,0,eGFP1
18677,20:25:22,0.119,0.733,0,0,eGFP1
18678,20:25:23,0.108,0.810,0,0,eGFP1
18679,20:25:24,0.118,0.623,0,0,eGFP1
18680,20:25:24,0.131,0.844,0,0,eGFP1
18681,20:25:25,0.098,0.713,0,0,eGFP1
18682,20:25:26,0.096,0.568,0,0,eGFP1
18683,20:25:26,0.096,0.755,0,0,eGFP1
18684,20:25:27,0.118,0.579,0,0,eGFP1
18685,20:25:28,0.097,0.799,0,0,eGFP1
18686,20:25:28,0.107,0.579,0,0,eGFP1
18687,20:25:29,0.097,0.678,0,0,eGFP1
18688,20:25:30,0.141,0.744,0,0,eGFP1
18689,20:25:31,0.087,0.734,0,0,eGFP1
18690,20:25:31,0.119,0.722,0,0,eGFP1
18691,20:25:32,0.119,0.679,0,0,eGFP1
18692,20:25:33,0.096,0.711,0,0,eGFP1
18693,20:25:33,0.097,0.569,0,0,eGFP1
18694,20:25:34,0.108,0.766,0,0,eGFP1
18695,20:25:35,0.097,0.536,0,0,eGFP1
18696,20:25:35,0.096,0.809,0,0,eGFP1
18697,20:25:36,0.109,0.559,0,0,eGFP1
18698,20:25:37,0.119,0.821,0,0,eGFP1
18699,20:25:38,0.097,0.733,0,0,eGFP1
18700,20:25:38,0.140,0.612,0,0,eGFP1
18701,20:25:39,0.075,0.755,0,0,eGFP1
18702,20:25:39,0.119,0.591,0,0,eGFP1
18703,20:25:40,0.096,0.755,0,0,eGFP1
18704,20:25:41,0.107,0.667,0,0,eGFP1
18705,20:25:42,0.186,0.877,0,0,eGFP1
18706,20:25:42,0.087,0.723,0,0,eGFP1
18707,20:25:43,0.120,0.581,0,0,eGFP1
18708,20:25:44,0.108,0.822,0,0,eGFP1
18709,20:25:44,0.119,0.602,0,0,eGFP1
18710,20:25:45,0.108,0.799,0,0,eGFP1
18711,20:25:46,0.130,0.624,0,0,eGFP1
18712,20:25:47,0.097,0.646,0,0,eGFP1
18713,20:25:47,0.098,0.570,0,0,eGFP1
18714,20:25:48,0.119,0.843,0,0,eGFP1
18715,20:25:49,0.108,0.634,0,0,eGFP1
18716,20:25:49,0.141,0.744,0,0,eGFP1
18717,20:25:50,0.097,0.701,0,0,eGFP1
18718,20:25:51,0.107,0.700,0,0,eGFP1
18719,20:25:51,0.107,0.744,0,0,eGFP1
18720,20:25:52,0.131,0.614,0,0,eGFP1
18721,20:25:53,0.086,0.733,0,0,eGFP1
18722,20:25:53,0.121,0.593,0,0,eGFP1
18723,20:25:56,0.097,2.522,0,0,eGFP1
18724,20:25:57,0.120,0.614,0,0,eGFP1
18725,20:25:57,0.097,0.821,0,0,eGFP1
18726,20:25:59,0.833,1.579,0,0,eGFP1
18727,20:26:00,0.097,0.745,0,0,eGFP1
18728,20:26:00,0.108,0.569,0,0,eGFP1
18729,20:26:02,0.130,1.260,0,0,eGFP1
18730,20:26:02,0.121,0.571,0,0,eGFP1
18731,20:26:03,0.097,0.833,0,0,eGFP1
18732,20:26:04,0.097,0.602,0,0,eGFP1
18733,20:26:04,0.120,0.712,0,0,eGFP1
18734,20:26:05,0.097,0.734,0,0,eGFP1
18735,20:26:06,0.140,0.700,0,0,eGFP1
18736,20:26:06,0.096,0.689,0,0,eGFP1
18737,20:26:07,0.119,0.766,0,0,eGFP1
18738,20:26:08,0.098,0.680,0,0,eGFP1
18739,20:26:09,0.108,0.689,0,0,eGFP1
18740,20:26:09,0.097,0.613,0,0,eGFP1
18741,20:26:10,0.107,0.689,0,0,eGFP1
18742,20:26:11,0.140,0.777,0,0,eGFP1
18743,20:26:11,0.097,0.558,0,0,eGFP1
18744,20:26:12,0.085,0.755,0,0,eGFP1
18745,20:26:13,0.118,0.612,0,0,eGFP1
18746,20:26:13,0.098,0.625,0,0,eGFP1
18747,20:26:14,0.109,0.789,0,0,eGFP1
18748,20:26:15,0.119,0.767,0,0,eGFP1
18749,20:26:15,0.096,0.623,0,0,eGFP1
18750,20:26:16,0.130,0.733,0,0,eGFP1
18751,20:26:17,0.086,0.635,0,0,eGFP1
18752,20:26:17,0.129,0.645,0,0,eGFP1
18753,20:26:18,0.086,0.755,0,0,eGFP1
18754,20:26:19,0.131,0.812,0,0,eGFP1
18755,20:26:20,0.108,0.601,0,0,eGFP1
18756,20:26:20,0.097,0.745,0,0,eGFP1
18757,20:26:21,0.107,0.601,0,0,eGFP1
18758,20:26:22,0.130,0.832,0,0,eGFP1
18759,20:26:22,0.119,0.788,0,0,eGFP1
18760,20:26:23,0.098,0.548,0,0,eGFP1
18761,20:26:24,0.108,0.876,0,0,eGFP1
18762,20:26:25,0.098,0.724,0,0,eGFP1
18763,20:26:25,0.163,0.700,0,0,eGFP1
18764,20:26:26,0.097,0.668,0,0,eGFP1
18765,20:26:27,0.097,0.557,0,0,eGFP1
18766,20:26:27,0.108,0.822,0,0,eGFP1
18767,20:26:28,0.118,0.579,0,0,eGFP1
18768,20:26:29,0.086,0.821,0,0,eGFP1
18769,20:26:29,0.119,0.602,0,0,eGFP1
18770,20:26:30,0.110,0.790,0,0,eGFP1
18771,20:26:31,0.109,0.613,0,0,eGFP1
18772,20:26:32,0.186,0.899,0,0,eGFP1
18773,20:26:32,0.097,0.745,0,0,eGFP1
18774,20:26:33,0.110,0.560,0,0,eGFP1
18775,20:26:34,0.086,0.723,0,0,eGFP1
18776,20:26:35,0.119,0.811,0,0,eGFP1
18777,20:26:35,0.119,0.624,0,0,eGFP1
18778,20:26:36,0.088,0.593,0,0,eGFP1
18779,20:26:37,0.140,0.799,0,0,eGFP1
18780,20:26:37,0.086,0.579,0,0,eGFP1
18781,20:26:38,0.108,0.690,0,0,eGFP1
18782,20:26:39,0.119,0.832,0,0,eGFP1
18783,20:26:39,0.117,0.665,0,0,eGFP1
18784,20:26:40,0.095,0.721,0,0,eGFP1
18785,20:26:41,0.116,0.797,0,0,eGFP1
18786,20:26:41,0.127,0.599,0,0,eGFP1
18787,20:26:42,0.086,0.898,0,0,eGFP1
18788,20:26:43,0.150,0.666,0,0,eGFP1
18789,20:26:44,0.127,0.764,0,0,eGFP1
18790,20:26:44,0.094,0.544,0,0,eGFP1
18791,20:26:45,0.106,0.786,0,0,eGFP1
18792,20:26:46,0.106,0.567,0,0,eGFP1
18793,20:26:46,0.094,0.742,0,0,eGFP1
18794,20:26:47,0.138,0.709,0,0,eGFP1
18795,20:26:48,0.107,0.765,0,0,eGFP1
18796,20:26:48,0.117,0.578,0,0,eGFP1
18797,20:26:49,0.105,0.863,0,0,eGFP1
18798,20:26:50,0.094,0.676,0,0,eGFP1
18799,20:26:51,0.160,0.687,0,0,eGFP1
18800,20:26:51,0.084,0.687,0,0,eGFP1
18801,20:26:52,0.162,0.722,0,0,eGFP1
18802,20:26:53,0.106,0.720,0,0,eGFP1
18803,20:26:53,0.107,0.634,0,0,eGFP1
18804,20:26:54,0.116,0.874,0,0,eGFP1
18805,20:26:55,0.138,0.852,0,0,eGFP1
18806,20:26:56,0.149,0.753,0,0,eGFP1
18807,20:26:57,0.105,0.786,0,0,eGFP1
18808,20:26:57,0.116,0.643,0,0,eGFP1
18809,20:26:58,0.106,0.632,0,0,eGFP1
18810,20:26:59,0.106,0.644,0,0,eGFP1
18811,20:26:59,0.118,0.732,0,0,eGFP1
18812,20:27:00,0.106,0.754,0,0,eGFP1
18813,20:27:01,0.127,0.676,0,0,eGFP1
18814,20:27:02,0.107,0.853,0,0,eGFP1
18815,20:27:02,0.150,0.676,0,0,eGFP1
18816,20:27:03,0.106,0.962,0,0,eGFP1
18817,20:27:04,0.161,0.654,0,0,eGFP1
18818,20:27:05,0.095,0.776,0,0,eGFP1
18819,20:27:05,0.107,0.578,0,0,eGFP1
18820,20:27:06,0.106,0.732,0,0,eGFP1
18821,20:27:07,0.127,0.654,0,0,eGFP1
18822,20:27:07,0.095,0.589,0,0,eGFP1
18823,20:27:08,0.116,0.764,0,0,eGFP1
18824,20:27:09,0.095,0.534,0,0,eGFP1
18825,20:27:09,0.094,0.742,0,0,eGFP1
18826,20:27:10,0.105,0.566,0,0,eGFP1
18827,20:27:11,0.107,0.865,0,0,eGFP1
18828,20:27:11,0.107,0.568,0,0,eGFP1
18829,20:27:12,0.105,0.698,0,0,eGFP1
18830,20:27:13,0.106,0.753,0,0,eGFP1
18831,20:27:13,0.150,0.721,0,0,eGFP1
18832,20:27:14,0.094,0.698,0,0,eGFP1
18833,20:27:15,0.117,0.764,0,0,eGFP1
18834,20:27:16,0.128,0.710,0,0,eGFP1
18835,20:27:16,0.107,0.809,0,0,eGFP1
18836,20:27:17,0.128,0.611,0,0,eGFP1
18837,20:27:18,0.106,0.874,0,0,eGFP1
18838,20:27:19,0.106,0.600,0,0,eGFP1
18839,20:27:19,0.106,0.841,0,0,eGFP1
18840,20:27:20,0.106,0.633,0,0,eGFP1
18841,20:27:21,0.129,0.766,0,0,eGFP1
18842,20:27:21,0.094,0.720,0,0,eGFP1
18843,20:27:22,0.117,0.622,0,0,eGFP1
18844,20:27:23,0.126,0.807,0,0,eGFP1
18845,20:27:23,0.094,0.599,0,0,eGFP1
18846,20:27:24,0.117,0.786,0,0,eGFP1
18847,20:27:25,0.095,0.666,0,0,eGFP1
18848,20:27:26,0.172,0.742,0,0,eGFP1
18849,20:37:30,0.084,604.084,0,0,eGFP1
18850,20:37:32,0.281,2.366,0,0,eGFP1
18851,20:37:33,0.227,0.951,0,0,eGFP1
18852,20:37:35,0.184,2.302,0,0,eGFP1
18853,20:37:38,0.237,2.268,0,0,eGFP1
18854,20:37:38,0.182,0.786,0,0,eGFP1
18855,20:37:40,0.173,1.303,0,0,eGFP1
18856,20:37:43,2.575,3.322,0,0,eGFP1
18857,20:37:44,0.105,0.896,0,0,eGFP1
18858,20:37:45,0.127,0.775,0,0,eGFP1
18859,20:37:46,0.150,0.874,0,0,eGFP1
18860,20:37:46,0.096,0.590,0,0,eGFP1
18861,20:37:47,0.260,0.325,0,0,eGFP1
18862,20:37:48,0.381,1.083,0,0,eGFP1
18863,20:37:48,0.205,0.720,0,0,eGFP1
18864,20:37:49,0.095,0.666,0,0,eGFP1
18865,20:37:50,0.128,0.709,0,0,eGFP1
18866,20:37:50,0.095,0.798,0,0,eGFP1
18867,20:37:51,0.149,0.797,0,0,eGFP1
18868,20:37:52,0.098,0.580,0,0,eGFP1
18869,20:37:53,0.095,0.666,0,0,eGFP1
18870,20:37:53,0.139,0.842,0,0,eGFP1
18871,20:37:54,0.106,0.731,0,0,eGFP1
18872,20:37:55,0.117,0.567,0,0,eGFP1
18873,20:37:56,0.084,0.852,0,0,eGFP1
18874,20:37:56,0.139,0.600,0,0,eGFP1
18875,20:37:57,0.084,0.808,0,0,eGFP1
18876,20:37:58,0.151,0.656,0,0,eGFP1
18877,20:37:58,0.117,0.841,0,0,eGFP1
18878,20:37:59,0.117,0.578,0,0,eGFP1
18879,20:38:00,0.095,0.699,0,0,eGFP1
18880,20:38:00,0.117,0.588,0,0,eGFP1
18881,20:38:01,0.095,0.545,0,0,eGFP1
18882,20:38:02,0.097,0.733,0,0,eGFP1
18883,20:38:02,0.117,0.567,0,0,eGFP1
18884,20:38:03,0.129,0.887,0,0,eGFP1
18885,20:38:04,0.095,0.654,0,0,eGFP1
18886,20:38:05,0.161,0.842,0,0,eGFP1
18887,20:38:05,0.106,0.555,0,0,eGFP1
18888,20:38:06,0.096,0.776,0,0,eGFP1
18889,20:38:06,0.128,0.578,0,0,eGFP1
18890,20:38:07,0.084,0.567,0,0,eGFP1
18891,20:38:08,0.106,0.731,0,0,eGFP1
18892,20:38:08,0.097,0.557,0,0,eGFP1
18893,20:38:09,0.117,0.820,0,0,eGFP1
18894,20:38:10,0.095,0.644,0,0,eGFP1
18895,20:38:11,0.173,0.776,0,0,eGFP1
18896,20:38:11,0.106,0.820,0,0,eGFP1
18897,20:38:12,0.117,0.567,0,0,eGFP1
18898,20:38:13,0.084,0.753,0,0,eGFP1
18899,20:38:13,0.139,0.633,0,0,eGFP1
18900,20:38:14,0.088,0.769,0,0,eGFP1
18901,20:38:15,0.117,0.600,0,0,eGFP1
18902,20:38:15,0.106,0.819,0,0,eGFP1
18903,20:38:16,0.096,0.798,0,0,eGFP1
18904,20:38:17,0.161,0.677,0,0,eGFP1
18905,20:38:18,0.084,0.754,0,0,eGFP1
18906,20:38:18,0.117,0.600,0,0,eGFP1
18907,20:38:19,0.128,0.907,0,0,eGFP1
18908,20:38:20,0.096,0.524,0,0,eGFP1
18909,20:38:21,0.109,0.965,0,0,eGFP1
18910,20:38:21,0.117,0.622,0,0,eGFP1
18911,20:38:23,0.172,1.577,0,0,eGFP1
18912,20:38:24,0.106,0.655,0,0,eGFP1
18913,20:38:25,0.161,0.951,0,0,eGFP1
18914,20:38:25,0.117,0.666,0,0,eGFP1
18915,20:38:26,0.172,0.951,0,0,eGFP1
18916,20:38:27,0.095,0.600,0,0,eGFP1
18917,20:38:27,0.152,0.712,0,0,eGFP1
18918,20:38:28,0.084,0.687,0,0,eGFP1
18919,20:38:29,0.118,0.579,0,0,eGFP1
18920,20:38:30,0.117,0.841,0,0,eGFP1
18921,20:38:30,0.129,0.820,0,0,eGFP1
18922,20:38:31,0.097,0.634,0,0,eGFP1
18923,20:38:32,0.162,0.798,0,0,eGFP1
18924,20:38:33,0.117,0.699,0,0,eGFP1
18925,20:38:33,0.130,0.810,0,0,eGFP1
18926,20:38:34,0.139,0.743,0,0,eGFP1
18927,20:38:38,0.117,3.464,0,0,eGFP1
18928,20:38:38,0.118,0.612,0,0,eGFP1
18929,20:38:39,0.117,1.280,0,0,eGFP1
18930,20:38:40,0.128,0.622,0,0,eGFP1
18931,20:38:41,0.085,0.689,0,0,eGFP1
18932,20:38:41,0.117,0.633,0,0,eGFP1
18933,20:38:42,0.097,0.602,0,0,eGFP1
18934,20:38:43,0.095,0.765,0,0,eGFP1
18935,20:38:44,0.139,0.797,0,0,eGFP1
18936,20:38:44,0.130,0.690,0,0,eGFP1
18937,20:38:45,0.106,0.776,0,0,eGFP1
18938,20:38:46,0.106,0.545,0,0,eGFP1
18939,20:38:46,0.085,0.578,0,0,eGFP1
18940,20:38:47,0.140,0.776,0,0,eGFP1
18941,20:38:48,0.097,0.799,0,0,eGFP1
18942,20:38:49,0.140,0.842,0,0,eGFP1
18943,20:38:49,0.140,0.710,0,0,eGFP1
18944,20:38:50,0.096,0.754,0,0,eGFP1
18945,20:38:51,0.151,0.644,0,0,eGFP1
18946,20:38:51,0.085,0.743,0,0,eGFP1
18947,20:38:52,0.140,0.743,0,0,eGFP1
18948,20:38:53,0.118,0.886,0,0,eGFP1
18949,20:38:54,0.109,0.592,0,0,eGFP1
18950,20:38:54,0.129,0.864,0,0,eGFP1
18951,20:38:55,0.096,0.578,0,0,eGFP1
18952,20:38:55,0.239,0.458,0,0,eGFP1
18953,20:39:01,2.993,5.067,0,0,eGFP1
18954,20:39:01,0.128,0.820,0,0,eGFP1
18955,20:39:04,0.150,2.125,0,0,eGFP1
18956,20:39:04,0.129,0.634,0,0,eGFP1
18957,20:39:05,0.119,0.832,0,0,eGFP1
18958,20:39:06,0.096,0.535,0,0,eGFP1
18959,20:39:06,0.117,0.896,0,0,eGFP1
18960,20:39:07,0.107,0.743,0,0,eGFP1
18961,20:39:08,0.140,0.743,0,0,eGFP1
18962,20:39:09,0.130,0.767,0,0,eGFP1
18963,20:39:09,0.095,0.556,0,0,eGFP1
18964,20:39:10,0.107,0.765,0,0,eGFP1
18965,20:39:11,0.131,0.635,0,0,eGFP1
18966,20:39:11,0.085,0.733,0,0,eGFP1
18967,20:39:12,0.150,0.677,0,0,eGFP1
18968,20:39:13,0.096,0.700,0,0,eGFP1
18969,20:39:13,0.106,0.556,0,0,eGFP1
18970,20:39:14,0.096,0.722,0,0,eGFP1
18971,20:39:15,0.106,0.578,0,0,eGFP1
18972,20:39:15,0.107,0.612,0,0,eGFP1
18973,20:39:16,0.129,0.688,0,0,eGFP1
18974,20:39:17,0.098,0.712,0,0,eGFP1
18975,20:39:17,0.140,0.710,0,0,eGFP1
18976,20:39:18,0.098,0.558,0,0,eGFP1
18977,20:39:18,0.085,0.634,0,0,eGFP1
18978,20:39:19,0.129,0.721,0,0,eGFP1
18979,20:39:20,0.107,0.809,0,0,eGFP1
18980,20:39:21,0.129,0.623,0,0,eGFP1
18981,20:39:21,0.096,0.622,0,0,eGFP1
18982,20:39:22,0.097,0.668,0,0,eGFP1
18983,20:39:23,0.151,0.765,0,0,eGFP1
18984,20:39:23,0.096,0.656,0,0,eGFP1
18985,20:39:24,0.150,0.633,0,0,eGFP1
18986,20:39:25,0.096,0.743,0,0,eGFP1
18987,20:39:25,0.107,0.645,0,0,eGFP1
18988,20:39:26,0.129,0.644,0,0,eGFP1
18989,20:39:27,0.098,0.745,0,0,eGFP1
18990,20:39:28,0.119,0.756,0,0,eGFP1
18991,20:39:28,0.150,0.853,0,0,eGFP1
18992,20:39:29,0.129,0.810,0,0,eGFP1
18993,20:39:30,0.117,0.600,0,0,eGFP1
18994,20:39:31,0.096,0.765,0,0,eGFP1
18995,20:39:31,0.129,0.623,0,0,eGFP1
18996,20:39:32,0.107,0.743,0,0,eGFP1
18997,20:39:32,0.107,0.557,0,0,eGFP1
18998,20:39:33,0.097,0.833,0,0,eGFP1
18999,20:39:34,0.117,0.776,0,0,eGFP1
19000,20:39:35,0.173,1.149,0,0,eGFP1
19001,20:39:36,0.206,0.831,0,0,eGFP1
19002,20:39:37,0.107,0.864,0,0,eGFP1
19003,20:39:38,0.131,0.800,0,0,eGFP1
19004,20:39:38,0.162,0.754,0,0,eGFP1
19005,20:39:39,0.096,0.820,0,0,eGFP1
19006,20:39:40,0.142,0.701,0,0,eGFP1
19007,20:40:17,0.096,37.101,0,0,eGFP1
19008,20:40:18,0.139,0.721,0,0,eGFP1
19009,20:40:19,0.140,0.930,0,0,eGFP1
19010,20:40:19,0.107,0.568,0,0,eGFP1
19011,20:40:20,0.096,0.688,0,0,eGFP1
19012,20:40:21,0.096,0.557,0,0,eGFP1
19013,20:40:21,0.140,0.733,0,0,eGFP1
19014,20:40:22,0.097,0.734,0,0,eGFP1
19015,20:40:23,0.117,0.600,0,0,eGFP1
19016,20:40:23,0.087,0.613,0,0,eGFP1
19017,20:40:24,0.151,0.755,0,0,eGFP1
19018,20:40:25,0.085,0.568,0,0,eGFP1
19019,20:40:25,0.129,0.633,0,0,eGFP1
19020,20:40:26,0.085,0.535,0,0,eGFP1
19021,20:40:26,0.118,0.645,0,0,eGFP1
19022,20:40:27,0.086,0.525,0,0,eGFP1
19023,20:40:28,0.129,0.733,0,0,eGFP1
19024,20:40:28,0.096,0.590,0,0,eGFP1
19025,20:40:29,0.140,0.875,0,0,eGFP1
19026,20:40:30,0.129,0.919,0,0,eGFP1
19027,20:40:31,0.096,0.678,0,0,eGFP1
19028,20:40:32,0.150,0.820,0,0,eGFP1
19029,20:40:32,0.107,0.765,0,0,eGFP1
19030,20:40:33,0.132,0.692,0,0,eGFP1
19031,20:40:34,0.096,0.777,0,0,eGFP1
19032,20:40:35,0.151,0.798,0,0,eGFP1
19033,20:40:35,0.129,0.832,0,0,eGFP1
19034,20:40:36,0.107,0.645,0,0,eGFP1
19035,20:40:37,0.151,0.798,0,0,eGFP1
19036,20:40:38,0.086,0.777,0,0,eGFP1
19037,20:40:38,0.129,0.667,0,0,eGFP1
19038,20:40:39,0.129,0.952,0,0,eGFP1
19039,20:40:40,0.109,0.614,0,0,eGFP1
19040,20:40:41,0.118,0.842,0,0,eGFP1
19041,20:40:41,0.130,0.810,0,0,eGFP1
19042,20:40:42,0.118,0.809,0,0,eGFP1
19043,20:40:44,0.131,1.821,0,0,eGFP1
19044,20:40:45,0.239,0.798,0,0,eGFP1
19045,20:40:46,0.107,0.810,0,0,eGFP1
19046,20:40:46,0.096,0.590,0,0,eGFP1
19047,20:40:48,0.207,1.337,0,0,eGFP1
19048,20:40:48,0.086,0.525,0,0,eGFP1
19049,20:40:49,0.096,0.754,0,0,eGFP1
19050,20:40:50,0.086,0.722,0,0,eGFP1
19051,20:40:51,0.316,1.271,0,0,eGFP1
19052,20:40:52,0.096,0.700,0,0,eGFP1
19053,20:40:52,0.119,0.821,0,0,eGFP1
19054,20:40:53,0.129,0.722,0,0,eGFP1
19055,20:40:54,0.108,0.668,0,0,eGFP1
19056,20:40:55,0.118,1.413,0,0,eGFP1
19057,20:40:56,0.197,0.723,0,0,eGFP1
19058,20:40:57,0.108,0.799,0,0,eGFP1
19059,20:40:57,0.096,0.557,0,0,eGFP1
19060,20:40:58,0.141,1.106,0,0,eGFP1
19061,20:40:59,0.108,0.580,0,0,eGFP1
19062,20:41:00,0.107,0.974,0,0,eGFP1
19063,20:41:01,0.131,0.811,0,0,eGFP1
19064,20:41:02,0.140,0.711,0,0,eGFP1
19065,20:41:02,0.107,0.788,0,0,eGFP1
19066,20:41:03,0.140,0.787,0,0,eGFP1
19067,20:41:04,0.130,0.876,0,0,eGFP1
19068,20:41:05,0.129,0.711,0,0,eGFP1
19069,20:41:05,0.118,0.667,0,0,eGFP1
19070,20:41:06,0.098,0.712,0,0,eGFP1
19071,20:41:07,0.142,0.724,0,0,eGFP1
19072,20:41:08,0.118,0.732,0,0,eGFP1
19073,20:41:08,0.108,0.558,0,0,eGFP1
19074,20:41:09,0.085,0.755,0,0,eGFP1
19075,20:41:09,0.118,0.590,0,0,eGFP1
19076,20:41:10,0.118,0.799,0,0,eGFP1
19077,20:41:11,0.085,0.634,0,0,eGFP1
19078,20:41:12,0.162,0.711,0,0,eGFP1
19079,20:41:12,0.098,0.855,0,0,eGFP1
19080,20:41:13,0.096,0.623,0,0,eGFP1
19081,20:41:14,0.163,0.832,0,0,eGFP1
19082,20:41:15,0.096,0.755,0,0,eGFP1
19083,20:41:15,0.118,0.568,0,0,eGFP1
19084,20:41:16,0.098,0.735,0,0,eGFP1
19085,20:41:17,0.107,0.634,0,0,eGFP1
19086,20:41:17,0.162,0.799,0,0,eGFP1
19087,20:41:18,0.087,0.767,0,0,eGFP1
19088,20:41:19,0.151,0.656,0,0,eGFP1
19089,20:41:20,0.130,0.854,0,0,eGFP1
19090,20:41:20,0.097,0.546,0,0,eGFP1
19091,20:41:21,0.097,0.799,0,0,eGFP1
19092,20:41:22,0.108,0.558,0,0,eGFP1
19093,20:41:22,0.085,0.733,0,0,eGFP1
19094,20:41:23,0.118,0.634,0,0,eGFP1
19095,20:41:24,0.153,0.834,0,0,eGFP1
19096,20:41:25,0.119,0.843,0,0,eGFP1
19097,20:41:25,0.120,0.647,0,0,eGFP1
19098,20:41:26,0.119,0.755,0,0,eGFP1
19099,20:41:27,0.097,0.701,0,0,eGFP1
19100,20:41:27,0.151,0.656,0,0,eGFP1
19101,20:41:28,0.075,0.909,0,0,eGFP1
19102,20:41:29,0.185,0.997,0,0,eGFP1
19103,20:41:30,0.173,0.953,0,0,eGFP1
19104,20:41:31,0.109,0.800,0,0,eGFP1
19105,20:41:32,0.141,0.690,0,0,eGFP1
19106,20:41:32,0.107,0.733,0,0,eGFP1
19107,20:41:33,0.119,0.656,0,0,eGFP1
19108,20:41:34,0.141,1.019,0,0,eGFP1
19109,20:41:35,0.250,0.930,0,0,eGFP1
19110,20:41:36,0.086,0.580,0,0,eGFP1
19111,20:41:40,0.164,4.455,0,0,eGFP1
19112,20:41:41,0.109,0.855,0,0,eGFP1
19113,20:41:42,0.152,0.898,0,0,eGFP1
19114,20:41:42,0.097,0.569,0,0,eGFP1
19115,20:41:43,0.130,0.723,0,0,eGFP1
19116,20:41:44,0.096,0.755,0,0,eGFP1
19117,20:41:45,0.140,0.898,0,0,eGFP1
19118,20:41:45,0.129,0.711,0,0,eGFP1
19119,20:41:46,0.097,0.656,0,0,eGFP1
19120,20:41:47,0.131,0.625,0,0,eGFP1
19121,20:41:47,0.086,0.690,0,0,eGFP1
19122,20:41:48,0.118,0.568,0,0,eGFP1
19123,20:41:49,0.097,0.668,0,0,eGFP1
19124,20:41:49,0.087,0.482,0,0,eGFP1
19125,20:41:50,0.097,0.975,0,0,eGFP1
19126,20:41:51,0.119,0.623,0,0,eGFP1
19127,20:41:52,0.141,0.778,0,0,eGFP1
19128,20:41:52,0.098,0.756,0,0,eGFP1
19129,20:41:53,0.141,0.821,0,0,eGFP1
19130,20:41:54,0.152,0.876,0,0,eGFP1
19131,20:41:55,0.108,0.800,0,0,eGFP1
19132,20:41:56,0.140,0.854,0,0,eGFP1
19133,20:41:56,0.140,0.799,0,0,eGFP1
19134,20:41:57,0.119,0.667,0,0,eGFP1
19135,20:41:58,0.097,0.712,0,0,eGFP1
19136,20:41:59,0.120,0.767,0,0,eGFP1
19137,20:41:59,0.130,0.635,0,0,eGFP1
19138,20:42:00,0.109,0.746,0,0,eGFP1
19139,20:42:01,0.152,0.832,0,0,eGFP1
19140,20:42:01,0.097,0.591,0,0,eGFP1
19141,20:42:02,0.130,0.766,0,0,eGFP1
19142,20:42:03,0.097,0.536,0,0,eGFP1
19143,20:42:03,0.086,0.733,0,0,eGFP1
19144,20:42:04,0.143,0.658,0,0,eGFP1
19145,20:42:05,0.108,0.811,0,0,eGFP1
19146,20:42:06,0.141,0.711,0,0,eGFP1
19147,20:42:06,0.097,0.723,0,0,eGFP1
19148,20:42:07,0.130,0.733,0,0,eGFP1
19149,20:42:08,0.108,0.635,0,0,eGFP1
19150,20:42:09,0.130,0.821,0,0,eGFP1
19151,20:42:09,0.098,0.735,0,0,eGFP1
19152,20:42:10,0.153,0.680,0,0,eGFP1
19153,20:42:11,0.097,0.766,0,0,eGFP1
19154,20:42:11,0.108,0.558,0,0,eGFP1
19155,20:42:12,0.097,0.668,0,0,eGFP1
19156,20:42:12,0.119,0.558,0,0,eGFP1
19157,20:42:14,0.097,1.019,0,0,eGFP1
19158,20:42:14,0.218,0.843,0,0,eGFP1
19159,20:42:15,0.086,0.635,0,0,eGFP1
19160,20:42:16,0.241,0.626,0,0,eGFP1
19161,20:42:36,19.400,20.135,0,0,eGFP1
19162,20:42:37,0.153,0.844,0,0,eGFP1
19163,20:42:37,0.098,0.592,0,0,eGFP1
19164,20:42:38,0.130,0.745,0,0,eGFP1
19165,20:42:39,0.105,0.764,0,0,eGFP1
19166,20:42:39,0.141,0.756,0,0,eGFP1
19167,20:42:40,0.119,0.668,0,0,eGFP1
19168,20:42:41,0.075,0.492,0,0,eGFP1
19169,20:42:41,0.077,0.615,0,0,eGFP1
19170,20:42:42,0.141,0.843,0,0,eGFP1
19171,20:42:43,0.108,0.811,0,0,eGFP1
19172,20:42:43,0.141,0.624,0,0,eGFP1
19173,20:42:44,0.119,0.810,0,0,eGFP1
19174,20:42:45,0.097,0.668,0,0,eGFP1
19175,20:42:46,0.110,0.768,0,0,eGFP1
19176,20:42:46,0.108,0.734,0,0,eGFP1
19177,20:42:47,0.109,0.636,0,0,eGFP1
19178,20:42:48,0.099,0.746,0,0,eGFP1
19179,20:42:49,0.119,0.701,0,0,eGFP1
19180,20:42:49,0.141,0.734,0,0,eGFP1
19181,20:42:50,0.097,0.525,0,0,eGFP1
19182,20:42:51,0.097,0.744,0,0,eGFP1
19183,20:42:51,0.109,0.602,0,0,eGFP1
19184,20:42:52,0.142,0.833,0,0,eGFP1
19185,20:42:53,0.099,0.735,0,0,eGFP1
19186,20:42:53,0.141,0.635,0,0,eGFP1
19187,20:42:54,0.097,0.756,0,0,eGFP1
19188,20:42:55,0.108,0.602,0,0,eGFP1
19189,20:42:56,0.152,0.887,0,0,eGFP1
19190,20:42:56,0.097,0.679,0,0,eGFP1
19191,20:42:57,0.142,0.790,0,0,eGFP1
19192,20:42:58,0.130,0.767,0,0,eGFP1
19193,20:42:59,0.120,0.713,0,0,eGFP1
19194,20:42:59,0.108,0.591,0,0,eGFP1
19195,20:43:00,0.097,0.701,0,0,eGFP1
19196,20:43:01,0.163,0.679,0,0,eGFP1
19197,20:43:01,0.086,0.854,0,0,eGFP1
19198,20:43:02,0.108,0.701,0,0,eGFP1
19199,20:43:03,0.130,0.756,0,0,eGFP1
19200,20:43:04,0.141,0.821,0,0,eGFP1
19201,20:43:04,0.099,0.626,0,0,eGFP1
19202,20:43:05,0.108,0.646,0,0,eGFP1
19203,20:43:06,0.130,0.822,0,0,eGFP1
19204,20:43:06,0.097,0.613,0,0,eGFP1
19205,20:43:07,0.120,0.757,0,0,eGFP1
19206,20:43:08,0.108,0.547,0,0,eGFP1
19207,20:43:09,0.108,0.866,0,0,eGFP1
19208,20:43:09,0.108,0.701,0,0,eGFP1
19209,20:43:10,0.164,0.768,0,0,eGFP1
19210,20:43:11,0.086,0.547,0,0,eGFP1
19211,20:43:11,0.130,0.822,0,0,eGFP1
19212,20:43:12,0.097,0.569,0,0,eGFP1
19213,20:43:13,0.119,0.789,0,0,eGFP1
19214,20:43:13,0.097,0.591,0,0,eGFP1
19215,20:43:14,0.119,0.690,0,0,eGFP1
19216,20:43:15,0.086,0.547,0,0,eGFP1
19217,20:43:15,0.088,0.779,0,0,eGFP1
19218,20:43:16,0.143,0.659,0,0,eGFP1
19219,20:43:17,0.086,0.646,0,0,eGFP1
19220,20:43:17,0.130,0.778,0,0,eGFP1
19221,20:43:18,0.130,0.865,0,0,eGFP1
19222,20:43:19,0.098,0.537,0,0,eGFP1
19223,20:43:20,0.097,0.701,0,0,eGFP1
19224,20:43:20,0.119,0.580,0,0,eGFP1
19225,20:43:21,0.100,0.659,0,0,eGFP1
19226,20:43:21,0.142,0.669,0,0,eGFP1
19227,20:43:22,0.109,0.745,0,0,eGFP1
19228,20:43:23,0.087,0.570,0,0,eGFP1
19229,20:43:24,0.131,0.767,0,0,eGFP1
19230,20:43:24,0.098,0.690,0,0,eGFP1
19231,20:43:25,0.142,0.669,0,0,eGFP1
19232,20:43:26,0.099,0.703,0,0,eGFP1
19233,20:43:28,1.162,1.952,0,0,eGFP1
19234,20:43:28,0.100,0.769,0,0,eGFP1
19235,20:43:29,0.098,0.548,0,0,eGFP1
19236,20:43:30,0.098,0.767,0,0,eGFP1
19237,20:43:30,0.109,0.559,0,0,eGFP1
19238,20:43:31,0.097,0.789,0,0,eGFP1
19239,20:43:32,0.119,0.569,0,0,eGFP1
19240,20:43:32,0.087,0.789,0,0,eGFP1
19241,20:43:33,0.108,0.569,0,0,eGFP1
19242,20:43:34,0.088,0.791,0,0,eGFP1
19243,20:43:34,0.141,0.646,0,0,eGFP1
19244,20:43:35,0.098,0.767,0,0,eGFP1
19245,20:43:36,0.099,0.593,0,0,eGFP1
19246,20:43:36,0.174,0.778,0,0,eGFP1
19247,20:43:37,0.086,0.756,0,0,eGFP1
19248,20:43:38,0.163,0.800,0,0,eGFP1
19249,20:43:39,0.097,0.580,0,0,eGFP1
19250,20:43:40,0.121,0.911,0,0,eGFP1
19251,20:43:40,0.098,0.559,0,0,eGFP1
19252,20:43:41,0.097,1.008,0,0,eGFP1
19253,20:43:42,0.131,0.603,0,0,eGFP1
19254,20:43:42,0.097,0.558,0,0,eGFP1
19255,20:43:43,0.109,0.701,0,0,eGFP1
19256,20:43:44,0.109,0.724,0,0,eGFP1
19257,20:43:44,0.130,0.635,0,0,eGFP1
19258,20:43:45,0.088,0.790,0,0,eGFP1
19259,20:43:46,0.125,0.553,0,0,eGFP1
19260,20:43:47,0.075,1.678,0,0,eGFP1
19261,20:43:48,0.119,0.580,0,0,eGFP1
19262,20:43:49,0.086,0.668,0,0,eGFP1
19263,20:43:49,0.130,0.723,0,0,eGFP1
19264,20:43:50,0.119,0.821,0,0,eGFP1
19265,20:43:51,0.120,0.712,0,0,eGFP1
19266,20:43:52,0.132,0.769,0,0,eGFP1
19267,20:43:52,0.086,0.558,0,0,eGFP1
19268,20:43:53,0.108,0.789,0,0,eGFP1
19269,20:43:53,0.097,0.514,0,0,eGFP1
19270,20:43:54,0.098,0.745,0,0,eGFP1
19271,20:43:55,0.131,0.580,0,0,eGFP1
19272,20:43:56,0.088,0.724,0,0,eGFP1
19273,20:43:56,0.130,0.646,0,0,eGFP1
19274,20:43:57,0.129,0.765,0,0,eGFP1
19275,20:43:57,0.095,0.578,0,0,eGFP1
19276,20:43:58,0.095,0.874,0,0,eGFP1
19277,20:43:59,0.138,0.621,0,0,eGFP1
19278,20:44:00,0.095,0.819,0,0,eGFP1
19279,20:44:00,0.117,0.567,0,0,eGFP1
19280,20:44:01,0.083,0.829,0,0,eGFP1
19281,20:44:02,0.139,0.622,0,0,eGFP1
19282,20:44:03,0.129,0.908,0,0,eGFP1
19283,20:44:03,0.095,0.555,0,0,eGFP1
19284,20:44:04,0.106,0.754,0,0,eGFP1
19285,20:44:05,0.105,0.544,0,0,eGFP1
19286,20:44:05,0.085,0.766,0,0,eGFP1
19287,20:44:06,0.138,0.621,0,0,eGFP1
19288,20:44:07,0.117,0.797,0,0,eGFP1
19289,20:44:07,0.095,0.545,0,0,eGFP1
19290,20:44:08,0.096,0.754,0,0,eGFP1
19291,20:44:09,0.128,0.819,0,0,eGFP1
19292,20:44:10,0.117,0.632,0,0,eGFP1
19293,20:44:10,0.095,0.754,0,0,eGFP1
19294,20:44:11,0.149,0.654,0,0,eGFP1
19295,20:44:27,0.106,15.634,0,0,eGFP1
19296,20:44:27,0.106,0.632,0,0,eGFP1
19297,20:44:28,0.118,0.755,0,0,eGFP1
19298,20:44:29,0.105,0.709,0,0,eGFP1
19299,20:44:29,0.119,0.756,0,0,eGFP1
19300,20:44:30,0.116,0.720,0,0,eGFP1
19301,20:44:31,0.095,0.577,0,0,eGFP1
19302,20:44:31,0.095,0.732,0,0,eGFP1
19303,20:44:32,0.127,0.577,0,0,eGFP1
19304,20:44:33,0.095,0.589,0,0,eGFP1
19305,20:44:33,0.095,0.599,0,0,eGFP1
19306,20:44:34,0.106,0.677,0,0,eGFP1
19307,20:44:34,0.096,0.590,0,0,eGFP1
19308,20:44:35,0.105,0.610,0,0,eGFP1
19309,20:44:36,0.095,0.578,0,0,eGFP1
19310,20:44:36,0.116,0.753,0,0,eGFP1
19311,20:44:37,0.117,0.643,0,0,eGFP1
19312,20:44:38,0.095,0.578,0,0,eGFP1
19313,20:44:38,0.096,0.590,0,0,eGFP1
19314,20:44:39,0.139,0.731,0,0,eGFP1
19315,20:44:40,0.118,0.645,0,0,eGFP1
19316,20:44:40,0.095,0.589,0,0,eGFP1
19317,20:44:41,0.105,0.764,0,0,eGFP1
19318,20:44:42,0.106,0.577,0,0,eGFP1
19319,20:44:42,0.106,0.808,0,0,eGFP1
19320,20:44:43,0.095,0.677,0,0,eGFP1
19321,20:44:44,0.139,0.676,0,0,eGFP1
19322,20:44:44,0.084,0.764,0,0,eGFP1
19323,20:44:45,0.141,0.667,0,0,eGFP1
19324,20:44:46,0.106,0.688,0,0,eGFP1
19325,20:44:46,0.105,0.555,0,0,eGFP1
19326,20:44:47,0.107,0.722,0,0,eGFP1
19327,20:44:48,0.128,0.775,0,0,eGFP1
19328,20:44:48,0.095,0.589,0,0,eGFP1
19329,20:44:49,0.095,0.687,0,0,eGFP1
19330,20:44:50,0.106,0.611,0,0,eGFP1
19331,20:44:51,0.151,0.842,0,0,eGFP1
19332,20:44:51,0.095,0.644,0,0,eGFP1
19333,20:44:52,0.117,0.698,0,0,eGFP1
19334,20:44:53,0.106,0.622,0,0,eGFP1
19335,20:44:53,0.106,0.797,0,0,eGFP1
19336,20:44:54,0.117,0.578,0,0,eGFP1
19337,20:44:55,0.117,0.863,0,0,eGFP1
19338,20:44:56,0.095,0.753,0,0,eGFP1
19339,20:44:56,0.151,0.623,0,0,eGFP1
19340,20:44:57,0.074,0.788,0,0,eGFP1
19341,20:44:58,0.138,0.643,0,0,eGFP1
19342,20:44:58,0.095,0.611,0,0,eGFP1
19343,20:44:59,0.095,0.621,0,0,eGFP1
19344,20:45:00,0.128,0.853,0,0,eGFP1
19345,20:45:00,0.149,0.808,0,0,eGFP1
19346,20:45:01,0.084,0.589,0,0,eGFP1
19347,20:45:02,0.118,0.820,0,0,eGFP1
19348,20:45:02,0.106,0.578,0,0,eGFP1
19349,20:45:03,0.106,0.753,0,0,eGFP1
19350,20:45:04,0.117,0.622,0,0,eGFP1
19351,20:45:05,0.095,0.709,0,0,eGFP1
19352,20:57:12,726.575,727.321,0,0,eGFP1
19353,20:57:13,0.689,1.556,0,0,eGFP1
19354,20:57:24,0.117,10.312,0,0,eGFP1
19355,20:57:25,0.435,1.423,0,0,eGFP1
19356,20:57:27,0.126,1.838,0,0,eGFP1
19357,20:57:28,0.150,0.853,0,0,eGFP1
19358,20:57:28,0.117,0.589,0,0,eGFP1
19359,20:57:30,0.095,1.214,0,0,eGFP1
19360,20:57:31,0.304,1.357,0,0,eGFP1
19361,20:57:33,0.205,1.785,0,0,eGFP1
19362,20:57:34,0.106,0.765,0,0,eGFP1
19363,20:57:35,0.336,1.170,0,0,eGFP1
19364,20:57:36,0.119,0.920,0,0,eGFP1
19365,20:57:37,0.248,0.962,0,0,eGFP1
19366,20:57:38,0.151,1.632,0,0,eGFP1
19367,20:57:39,0.216,1.116,0,0,eGFP1
19368,20:57:41,0.381,1.171,0,0,eGFP1
19369,20:57:41,0.117,0.731,0,0,eGFP1
19370,20:57:43,0.249,1.467,0,0,eGFP1
19371,20:57:44,0.139,0.984,0,0,eGFP1
19372,20:57:46,1.008,2.083,0,0,eGFP1
19373,20:57:46,0.128,0.644,0,0,eGFP1
19374,20:57:48,0.139,1.467,0,0,eGFP1
19375,20:58:47,0.315,59.443,0,0,eGFP1
19376,20:58:48,0.161,1.039,0,0,eGFP1
19377,20:58:49,0.106,0.676,0,0,eGFP1
19378,20:58:51,1.072,1.851,0,0,eGFP1
19379,20:58:52,0.096,0.853,0,0,eGFP1
19380,20:58:53,0.164,1.447,0,0,eGFP1
19381,20:58:56,1.807,2.565,0,0,eGFP1
19382,20:58:57,0.182,1.170,0,0,eGFP1
19383,20:58:58,0.106,0.622,0,0,eGFP1
19384,20:58:59,0.216,0.962,0,0,eGFP1
19385,20:58:59,0.106,0.797,0,0,eGFP1
19386,20:59:00,0.117,0.622,0,0,eGFP1
19387,20:59:01,0.128,0.732,0,0,eGFP1
19388,20:59:01,0.107,0.700,0,0,eGFP1
19389,20:59:04,0.325,3.091,0,0,eGFP1
19390,20:59:05,0.095,0.709,0,0,eGFP1
19391,20:59:06,0.161,0.699,0,0,eGFP1
19392,20:59:07,0.095,0.743,0,0,eGFP1
19393,20:59:07,0.151,0.765,0,0,eGFP1
19394,20:59:11,0.106,3.991,0,0,eGFP1
19395,20:59:12,0.688,0.951,0,0,eGFP1
19396,20:59:13,0.426,1.052,0,0,eGFP1
19397,20:59:14,0.095,0.852,0,0,eGFP1
19398,20:59:15,0.139,0.677,0,0,eGFP1
19399,20:59:16,0.095,1.028,0,0,eGFP1
19400,20:59:17,0.183,0.808,0,0,eGFP1
19401,20:59:17,0.084,0.622,0,0,eGFP1
19402,20:59:18,0.150,0.819,0,0,eGFP1
19403,20:59:19,0.096,0.535,0,0,eGFP1
19404,20:59:20,0.107,0.886,0,0,eGFP1
19405,20:59:20,0.106,0.578,0,0,eGFP1
19406,20:59:21,0.150,0.962,0,0,eGFP1
19407,20:59:22,0.097,0.536,0,0,eGFP1
19408,20:59:22,0.095,0.819,0,0,eGFP1
19409,20:59:23,0.128,0.644,0,0,eGFP1
19410,20:59:24,0.172,0.995,0,0,eGFP1
19411,20:59:25,0.095,0.545,0,0,eGFP1
19412,20:59:26,0.119,0.832,0,0,eGFP1
19413,20:59:26,0.106,0.611,0,0,eGFP1
19414,20:59:27,0.106,0.874,0,0,eGFP1
19415,20:59:28,0.140,0.875,0,0,eGFP1
19416,20:59:29,0.106,0.721,0,0,eGFP1
19417,20:59:29,0.172,0.819,0,0,eGFP1
19418,20:59:30,0.095,0.710,0,0,eGFP1
19419,20:59:31,0.139,0.611,0,0,eGFP1
19420,20:59:31,0.085,0.755,0,0,eGFP1
19421,20:59:32,0.132,0.648,0,0,eGFP1
19422,20:59:33,0.095,0.886,0,0,eGFP1
19423,20:59:34,0.128,0.622,0,0,eGFP1
19424,20:59:35,0.139,0.918,0,0,eGFP1
19425,20:59:35,0.096,0.535,0,0,eGFP1
19426,20:59:37,0.117,2.136,0,0,eGFP1
19427,20:59:38,0.107,0.754,0,0,eGFP1
19428,20:59:40,0.206,1.917,0,0,eGFP1
19429,20:59:41,0.130,0.613,0,0,eGFP1
19430,20:59:42,0.095,1.138,0,0,eGFP1
19431,20:59:42,0.128,0.589,0,0,eGFP1
19432,20:59:43,0.084,1.072,0,0,eGFP1
19433,20:59:44,0.128,0.633,0,0,eGFP1
19434,20:59:45,0.152,0.931,0,0,eGFP1
19435,20:59:45,0.106,0.534,0,0,eGFP1
19436,20:59:46,0.139,0.951,0,0,eGFP1
19437,20:59:47,0.097,0.624,0,0,eGFP1
19438,20:59:52,0.238,4.935,0,0,eGFP1
19439,20:59:53,0.106,0.841,0,0,eGFP1
19440,20:59:53,0.139,0.611,0,0,eGFP1
19441,20:59:54,0.096,0.677,0,0,eGFP1
19442,20:59:55,0.205,0.919,0,0,eGFP1
19443,20:59:56,0.106,0.622,0,0,eGFP1
19444,20:59:56,0.150,0.819,0,0,eGFP1
19445,20:59:57,0.086,0.624,0,0,eGFP1
19446,20:59:58,0.128,0.786,0,0,eGFP1
19447,20:59:59,0.119,0.734,0,0,eGFP1
19448,20:59:59,0.139,0.786,0,0,eGFP1
19449,21:00:00,0.107,0.623,0,0,eGFP1
19450,21:00:01,0.106,0.655,0,0,eGFP1
19451,21:00:01,0.139,0.863,0,0,eGFP1
19452,21:00:02,0.107,0.677,0,0,eGFP1
19453,21:00:03,0.196,0.876,0,0,eGFP1
19454,21:00:04,0.095,0.611,0,0,eGFP1
19455,21:00:04,0.161,0.721,0,0,eGFP1
19456,21:00:05,0.117,0.732,0,0,eGFP1
19457,21:00:06,0.106,0.578,0,0,eGFP1
19458,21:00:06,0.107,0.688,0,0,eGFP1
19459,21:00:07,0.162,0.875,0,0,eGFP1
19460,21:00:08,0.106,0.809,0,0,eGFP1
19461,21:00:09,0.120,0.833,0,0,eGFP1
19462,21:00:09,0.117,0.600,0,0,eGFP1
19463,21:00:10,0.129,0.809,0,0,eGFP1
19464,21:00:11,0.084,0.633,0,0,eGFP1
19465,21:00:12,0.161,0.831,0,0,eGFP1
19466,21:00:12,0.106,0.589,0,0,eGFP1
19467,21:00:13,0.096,0.787,0,0,eGFP1
19468,21:00:14,0.128,0.666,0,0,eGFP1
19469,21:00:15,0.119,0.843,0,0,eGFP1
19470,21:00:15,0.096,0.545,0,0,eGFP1
19471,21:00:16,0.107,0.754,0,0,eGFP1
19472,21:00:17,0.129,0.612,0,0,eGFP1
19473,21:00:17,0.084,0.765,0,0,eGFP1
19474,21:00:18,0.129,0.678,0,0,eGFP1
19475,21:00:19,0.129,0.787,0,0,eGFP1
19476,21:00:20,0.085,1.193,0,0,eGFP1
19477,21:00:21,0.624,1.272,0,0,eGFP1
19478,21:00:22,0.128,0.886,0,0,eGFP1
19479,21:00:23,0.096,0.556,0,0,eGFP1
19480,21:00:23,0.107,0.766,0,0,eGFP1
19481,21:00:24,0.096,0.579,0,0,eGFP1
19482,21:00:25,0.096,0.623,0,0,eGFP1
19483,21:00:25,0.118,0.743,0,0,eGFP1
19484,21:00:26,0.107,0.612,0,0,eGFP1
19485,21:00:27,0.107,0.754,0,0,eGFP1
19486,21:00:27,0.119,0.690,0,0,eGFP1
19487,21:00:28,0.184,0.853,0,0,eGFP1
19488,21:00:29,0.087,0.559,0,0,eGFP1
19489,21:00:29,0.095,0.611,0,0,eGFP1
19490,21:00:30,0.085,0.579,0,0,eGFP1
19491,21:00:31,0.173,0.809,0,0,eGFP1
19492,21:00:31,0.096,0.579,0,0,eGFP1
19493,21:00:32,0.129,0.853,0,0,eGFP1
19494,21:00:33,0.097,0.591,0,0,eGFP1
19495,21:00:34,0.129,0.710,0,0,eGFP1
19496,21:00:34,0.085,0.633,0,0,eGFP1
19497,21:00:35,0.579,0.776,0,0,eGFP1
19498,21:00:36,0.447,1.029,0,0,eGFP1
19499,21:00:37,0.084,0.699,0,0,eGFP1
19500,21:00:37,0.128,0.589,0,0,eGFP1
19501,21:00:38,0.086,0.635,0,0,eGFP1
19502,21:00:39,0.130,0.712,0,0,eGFP1
19503,21:00:39,0.084,0.721,0,0,eGFP1
19504,21:00:40,0.161,0.677,0,0,eGFP1
19505,21:00:41,0.085,0.754,0,0,eGFP1
19506,21:00:41,0.118,0.568,0,0,eGFP1
19507,21:00:42,0.095,0.589,0,0,eGFP1
19508,21:00:43,0.107,0.622,0,0,eGFP1
19509,21:00:43,0.118,0.820,0,0,eGFP1
19510,21:00:44,0.086,0.613,0,0,eGFP1
19511,21:00:47,0.140,2.653,0,0,eGFP1
19512,21:00:47,0.139,0.600,0,0,eGFP1
19513,21:00:48,0.085,0.809,0,0,eGFP1
19514,21:00:49,0.118,0.601,0,0,eGFP1
19515,21:00:49,0.097,0.667,0,0,eGFP1
19516,21:00:53,0.107,4.091,0,0,eGFP1
19517,21:00:54,0.161,0.633,0,0,eGFP1
19518,21:00:55,0.097,0.767,0,0,eGFP1
19519,21:00:55,0.106,0.578,0,0,eGFP1
19520,21:00:56,0.096,0.897,0,0,eGFP1
19521,21:00:57,0.139,0.655,0,0,eGFP1
19522,21:00:58,0.107,0.853,0,0,eGFP1
19523,21:01:00,0.579,1.764,0,0,eGFP1
19524,21:01:01,0.524,1.193,0,0,eGFP1
19525,21:01:02,0.096,0.853,0,0,eGFP1
19526,21:01:02,0.130,0.602,0,0,eGFP1
19527,21:01:03,0.085,0.535,0,0,eGFP1
19528,21:01:04,0.108,0.766,0,0,eGFP1
19529,21:01:04,0.107,0.710,0,0,eGFP1
19530,21:01:05,0.140,0.667,0,0,eGFP1
19531,21:01:06,0.095,0.765,0,0,eGFP1
19532,21:01:06,0.107,0.644,0,0,eGFP1
19533,21:01:07,0.140,0.831,0,0,eGFP1
19534,21:01:08,0.108,0.657,0,0,eGFP1
19535,21:01:09,0.118,0.809,0,0,eGFP1
19536,21:01:09,0.118,0.678,0,0,eGFP1
19537,21:01:10,0.095,0.611,0,0,eGFP1
19538,21:01:11,0.151,0.875,0,0,eGFP1
19539,21:01:11,0.096,0.568,0,0,eGFP1
19540,21:01:12,0.107,0.809,0,0,eGFP1
19541,21:01:13,0.118,0.765,0,0,eGFP1
19542,21:01:14,0.111,0.681,0,0,eGFP1
19543,21:01:14,0.118,0.612,0,0,eGFP1
19544,21:01:15,0.096,0.864,0,0,eGFP1
19545,21:01:16,0.118,0.557,0,0,eGFP1
19546,21:01:16,0.085,0.776,0,0,eGFP1
19547,21:01:17,0.129,0.590,0,0,eGFP1
19548,21:01:18,0.085,0.787,0,0,eGFP1
19549,21:01:18,0.118,0.557,0,0,eGFP1
19550,21:01:19,0.096,0.798,0,0,eGFP1
19551,21:01:20,0.098,0.526,0,0,eGFP1
19552,21:01:20,0.085,0.732,0,0,eGFP1
19553,21:01:27,0.141,6.165,0,0,eGFP1
19554,21:01:27,0.152,0.722,0,0,eGFP1
19555,21:01:28,0.131,0.756,0,0,eGFP1
19556,21:01:29,0.097,0.645,0,0,eGFP1
19557,21:01:30,0.141,0.810,0,0,eGFP1
19558,21:01:30,0.107,0.590,0,0,eGFP1
19559,21:01:31,0.087,0.625,0,0,eGFP1
19560,21:01:31,0.128,0.699,0,0,eGFP1
19561,21:01:32,0.107,0.590,0,0,eGFP1
19562,21:01:33,0.096,0.677,0,0,eGFP1
19563,21:01:33,0.107,0.524,0,0,eGFP1
19564,21:01:34,0.074,0.535,0,0,eGFP1
19565,21:01:34,0.107,0.656,0,0,eGFP1
19566,21:01:35,0.085,0.722,0,0,eGFP1
19567,21:01:36,0.141,0.635,0,0,eGFP1
19568,21:01:36,0.085,0.633,0,0,eGFP1
19569,21:01:37,0.098,0.581,0,0,eGFP1
19570,21:01:38,0.128,0.787,0,0,eGFP1
19571,21:01:39,0.118,1.018,0,0,eGFP1
19572,21:02:06,26.894,27.574,0,0,eGFP1
19573,21:02:07,0.118,1.018,0,0,eGFP1
19574,21:02:08,0.195,0.853,0,0,eGFP1
19575,21:02:09,0.185,1.184,0,0,eGFP1
19576,21:02:10,0.173,1.007,0,0,eGFP1
19577,21:02:11,0.140,0.721,0,0,eGFP1
19578,21:02:12,0.107,0.612,0,0,eGFP1
19579,21:02:16,0.107,3.904,0,0,eGFP1
19580,21:02:17,0.140,0.875,0,0,eGFP1
19581,21:02:17,0.140,0.700,0,0,eGFP1
19582,21:02:18,0.130,0.855,0,0,eGFP1
19583,21:02:21,0.108,2.578,0,0,eGFP1
19584,21:02:23,0.107,2.500,0,0,eGFP1
19585,21:02:24,0.239,1.084,0,0,eGFP1
19586,21:02:25,0.162,0.821,0,0,eGFP1
19587,21:02:26,0.107,0.656,0,0,eGFP1
19588,21:02:26,0.151,0.755,0,0,eGFP1
19589,21:02:27,0.086,0.733,0,0,eGFP1
19590,21:02:28,0.140,0.634,0,0,eGFP1
19591,21:02:29,0.087,0.680,0,0,eGFP1
19592,21:02:29,0.129,0.645,0,0,eGFP1
19593,21:02:30,0.086,0.580,0,0,eGFP1
19594,21:02:30,0.129,0.678,0,0,eGFP1
19595,21:02:31,0.076,0.525,0,0,eGFP1
19596,21:02:32,0.108,0.656,0,0,eGFP1
19597,21:02:32,0.096,0.590,0,0,eGFP1
19598,21:02:33,0.107,0.821,0,0,eGFP1
19599,21:02:34,0.141,0.657,0,0,eGFP1
19600,21:02:35,0.096,1.040,0,0,eGFP1
19601,21:02:35,0.118,0.579,0,0,eGFP1
19602,21:02:36,0.074,0.568,0,0,eGFP1
19603,21:02:37,0.109,0.745,0,0,eGFP1
19604,21:02:37,0.107,0.634,0,0,eGFP1
19605,21:02:38,0.096,0.612,0,0,eGFP1
19606,21:02:38,0.107,0.623,0,0,eGFP1
19607,21:02:39,0.109,0.778,0,0,eGFP1
19608,21:02:40,0.107,0.612,0,0,eGFP1
19609,21:02:41,0.141,0.800,0,0,eGFP1
19610,21:02:41,0.096,0.634,0,0,eGFP1
19611,21:02:42,0.107,0.722,0,0,eGFP1
19612,21:02:43,0.096,0.623,0,0,eGFP1
19613,21:02:43,0.096,0.666,0,0,eGFP1
19614,21:02:44,0.163,0.777,0,0,eGFP1
19615,21:02:45,0.096,0.700,0,0,eGFP1
19616,21:02:46,0.186,0.745,0,0,eGFP1
19617,21:02:46,0.108,0.865,0,0,eGFP1
19618,21:02:47,0.119,0.624,0,0,eGFP1
19619,21:02:48,0.119,0.645,0,0,eGFP1
19620,21:02:48,0.086,0.536,0,0,eGFP1
19621,21:02:49,0.097,0.744,0,0,eGFP1
19622,21:02:50,0.142,0.834,0,0,eGFP1
19623,21:02:50,0.118,0.623,0,0,eGFP1
19624,21:02:51,0.098,0.592,0,0,eGFP1
19625,21:02:52,0.130,0.700,0,0,eGFP1
19626,21:02:52,0.096,0.601,0,0,eGFP1
19627,21:02:53,0.119,0.645,0,0,eGFP1
19628,21:02:54,0.097,0.744,0,0,eGFP1
19629,21:02:54,0.107,0.568,0,0,eGFP1
19630,21:02:55,0.130,0.953,0,0,eGFP1
19631,21:02:56,0.096,0.754,0,0,eGFP1
19632,21:02:57,0.131,0.844,0,0,eGFP1
19633,21:02:58,0.130,0.788,0,0,eGFP1
19634,21:02:58,0.118,0.755,0,0,eGFP1
19635,21:02:59,0.096,0.612,0,0,eGFP1
19636,21:03:00,0.142,0.855,0,0,eGFP1
19637,21:03:00,0.085,0.601,0,0,eGFP1
19638,21:03:01,0.140,0.799,0,0,eGFP1
19639,21:03:02,0.096,0.766,0,0,eGFP1
19640,21:03:03,0.141,0.734,0,0,eGFP1
19641,21:03:03,0.096,0.623,0,0,eGFP1
19642,21:03:04,0.096,0.579,0,0,eGFP1
19643,21:03:05,0.108,0.799,0,0,eGFP1
19644,21:03:05,0.107,0.612,0,0,eGFP1
19645,21:03:06,0.140,0.920,0,0,eGFP1
19646,21:03:07,0.107,0.721,0,0,eGFP1
19647,21:03:08,0.097,0.635,0,0,eGFP1
19648,21:03:08,0.141,0.822,0,0,eGFP1
19649,21:03:09,0.097,0.525,0,0,eGFP1
19650,21:03:10,0.097,0.821,0,0,eGFP1
19651,21:03:10,0.097,0.535,0,0,eGFP1
19652,21:03:11,0.119,0.986,0,0,eGFP1
19653,21:03:12,0.096,0.568,0,0,eGFP1
19654,21:03:13,0.086,0.788,0,0,eGFP1
19655,21:03:13,0.118,0.612,0,0,eGFP1
19656,21:03:14,0.087,0.680,0,0,eGFP1
19657,21:03:15,0.118,0.645,0,0,eGFP1
19658,21:03:15,0.085,0.601,0,0,eGFP1
19659,21:03:16,0.129,0.733,0,0,eGFP1
19660,21:03:16,0.085,0.535,0,0,eGFP1
19661,21:03:17,0.097,0.733,0,0,eGFP1
19662,21:03:18,0.119,0.821,0,0,eGFP1
19663,21:03:19,0.131,0.669,0,0,eGFP1
19664,21:03:19,0.108,0.668,0,0,eGFP1
19665,21:03:20,0.097,0.733,0,0,eGFP1
19666,21:03:21,0.119,0.887,0,0,eGFP1
19667,21:03:22,0.118,0.623,0,0,eGFP1
19668,21:03:22,0.086,0.579,0,0,eGFP1
19669,21:03:23,0.119,0.667,0,0,eGFP1
19670,21:03:23,0.086,0.624,0,0,eGFP1
19671,21:03:24,0.140,0.678,0,0,eGFP1
19672,21:03:25,0.098,0.745,0,0,eGFP1
19673,21:03:26,0.152,0.854,0,0,eGFP1
19674,21:03:27,0.140,0.854,0,0,eGFP1
19675,21:03:27,0.107,0.722,0,0,eGFP1
19676,21:03:28,0.152,0.800,0,0,eGFP1
19677,21:03:29,0.085,0.601,0,0,eGFP1
19678,21:03:30,0.141,0.898,0,0,eGFP1
19679,21:03:30,0.096,0.579,0,0,eGFP1
19680,21:03:32,0.108,2.105,0,0,eGFP1
19681,21:03:33,0.132,0.889,0,0,eGFP1
19682,21:03:34,0.130,0.591,0,0,eGFP1
19683,21:03:34,0.086,0.580,0,0,eGFP1
19684,21:03:35,0.097,0.810,0,0,eGFP1
19685,21:03:36,0.152,0.822,0,0,eGFP1
19686,21:03:37,0.108,0.711,0,0,eGFP1
19687,21:03:37,0.119,0.613,0,0,eGFP1
19688,21:03:38,0.108,0.822,0,0,eGFP1
19689,21:03:39,0.142,0.669,0,0,eGFP1
19690,21:03:39,0.098,0.504,0,0,eGFP1
19691,21:03:40,0.097,0.756,0,0,eGFP1
19692,21:03:41,0.130,0.931,0,0,eGFP1
19693,21:03:42,0.141,0.953,0,0,eGFP1
19694,21:03:43,0.240,1.382,0,0,eGFP1
19695,21:03:44,0.097,0.777,0,0,eGFP1
19696,21:03:45,0.142,0.877,0,0,eGFP1
19697,21:03:46,0.120,0.592,0,0,eGFP1
19698,21:03:46,0.087,0.767,0,0,eGFP1
19699,21:03:47,0.130,0.734,0,0,eGFP1
19700,21:03:48,0.141,0.811,0,0,eGFP1
19701,21:03:49,0.141,0.832,0,0,eGFP1
19702,21:03:50,0.119,0.921,0,0,eGFP1
19703,21:03:50,0.152,0.679,0,0,eGFP1
19704,21:03:51,0.086,0.558,0,0,eGFP1
19705,21:03:52,0.131,0.833,0,0,eGFP1
19706,21:03:52,0.130,0.635,0,0,eGFP1
19707,21:03:53,0.096,0.799,0,0,eGFP1
19708,21:03:54,0.107,0.546,0,0,eGFP1
19709,21:03:55,0.097,0.975,0,0,eGFP1
19710,21:03:55,0.107,0.667,0,0,eGFP1
19711,21:03:56,0.119,0.580,0,0,eGFP1
19712,21:03:57,0.085,0.711,0,0,eGFP1
19713,21:03:57,0.131,0.745,0,0,eGFP1
19714,21:03:58,0.097,0.734,0,0,eGFP1
19715,21:03:59,0.107,0.590,0,0,eGFP1
19716,21:04:00,0.141,1.074,0,0,eGFP1
19717,21:04:00,0.109,0.657,0,0,eGFP1
19718,21:04:01,0.141,0.723,0,0,eGFP1
19719,21:04:02,0.107,0.711,0,0,eGFP1
19720,21:04:02,0.108,0.569,0,0,eGFP1
19721,21:04:03,0.109,0.723,0,0,eGFP1
19722,21:04:04,0.097,0.580,0,0,eGFP1
19723,21:04:05,0.118,0.843,0,0,eGFP1
19724,21:04:05,0.108,0.547,0,0,eGFP1
19725,21:04:06,0.086,0.843,0,0,eGFP1
19726,21:04:07,0.141,0.700,0,0,eGFP1
19727,21:04:07,0.097,0.788,0,0,eGFP1
19728,21:04:08,0.108,0.569,0,0,eGFP1
19729,21:04:09,0.131,0.735,0,0,eGFP1
19730,21:04:10,0.098,0.745,0,0,eGFP1
19731,21:04:10,0.119,0.657,0,0,eGFP1
19732,21:04:11,0.108,0.667,0,0,eGFP1
19733,21:04:12,0.141,0.756,0,0,eGFP1
19734,21:04:12,0.107,0.667,0,0,eGFP1
19735,21:04:13,0.141,0.689,0,0,eGFP1
19736,21:04:14,0.086,0.635,0,0,eGFP1
19737,21:04:14,0.153,0.691,0,0,eGFP1
19738,21:04:15,0.086,0.832,0,0,eGFP1
19739,21:04:16,0.141,0.843,0,0,eGFP1
19740,21:04:19,0.206,2.610,0,0,eGFP1
19741,21:04:19,0.108,0.689,0,0,eGFP1
19742,21:04:20,0.108,0.799,0,0,eGFP1
19743,21:04:21,0.119,0.745,0,0,eGFP1
19744,21:04:21,0.142,0.636,0,0,eGFP1
19745,21:04:22,0.107,0.744,0,0,eGFP1
19746,21:04:23,0.110,0.571,0,0,eGFP1
19747,21:04:24,0.075,0.778,0,0,eGFP1
19748,21:04:24,0.119,0.602,0,0,eGFP1
19749,21:04:25,0.097,0.789,0,0,eGFP1
19750,21:04:26,0.130,0.624,0,0,eGFP1
19751,21:04:26,0.098,0.646,0,0,eGFP1
19752,21:04:27,0.131,0.811,0,0,eGFP1
19753,21:04:28,0.131,0.778,0,0,eGFP1
19754,21:04:29,0.099,0.758,0,0,eGFP1
19755,21:04:29,0.097,0.535,0,0,eGFP1
19756,21:04:30,0.130,0.888,0,0,eGFP1
19757,21:04:31,0.098,0.581,0,0,eGFP1
19758,21:04:31,0.119,0.722,0,0,eGFP1
19759,21:04:32,0.097,0.602,0,0,eGFP1
19760,21:04:33,0.141,0.667,0,0,eGFP1
19761,21:04:33,0.086,0.690,0,0,eGFP1
19762,21:04:34,0.153,0.669,0,0,eGFP1
19763,21:04:35,0.086,0.975,0,0,eGFP1
19764,21:04:35,0.129,0.612,0,0,eGFP1
19765,21:04:36,0.086,0.646,0,0,eGFP1
19766,21:04:37,0.115,0.653,0,0,eGFP1
19767,21:04:37,0.095,0.687,0,0,eGFP1
19768,21:04:38,0.117,0.643,0,0,eGFP1
19769,21:04:39,0.095,0.611,0,0,eGFP1
19770,21:04:39,0.118,0.765,0,0,eGFP1
19771,21:04:40,0.118,0.810,0,0,eGFP1
19772,21:04:41,0.127,0.687,0,0,eGFP1
19773,21:04:42,0.105,0.632,0,0,eGFP1
19774,21:04:42,0.106,0.830,0,0,eGFP1
19775,21:04:43,0.139,0.720,0,0,eGFP1
19776,21:04:44,0.128,0.808,0,0,eGFP1
19777,21:04:45,0.117,0.698,0,0,eGFP1
19778,21:04:46,0.118,0.963,0,0,eGFP1
19779,21:04:47,0.216,0.896,0,0,eGFP1
19780,21:04:47,0.084,0.556,0,0,eGFP1
19781,21:04:48,0.094,0.731,0,0,eGFP1
19782,21:04:49,0.094,0.720,0,0,eGFP1
19783,21:04:50,0.149,1.247,0,0,eGFP1
19784,21:04:50,0.107,0.590,0,0,eGFP1
19785,21:05:15,0.128,24.654,0,0,eGFP1
19786,21:05:16,0.140,0.843,0,0,eGFP1
19787,21:05:16,0.138,0.643,0,0,eGFP1
19788,21:05:17,0.128,0.951,0,0,eGFP1
19789,21:05:18,0.138,0.709,0,0,eGFP1
19790,21:05:19,0.117,0.830,0,0,eGFP1
19791,21:05:20,0.160,1.038,0,0,eGFP1
19792,21:05:21,0.139,1.050,0,0,eGFP1
19793,21:05:22,0.171,1.071,0,0,eGFP1
19794,21:05:23,0.140,1.073,0,0,eGFP1
19795,21:05:25,0.226,1.423,0,0,eGFP1
19796,21:05:26,0.237,1.225,0,0,eGFP1
19797,21:05:27,0.105,0.939,0,0,eGFP1
19798,21:05:28,0.181,1.004,0,0,eGFP1
19799,21:05:29,0.193,0.961,0,0,eGFP1
19800,21:05:29,0.106,0.710,0,0,eGFP1
19801,21:05:32,0.193,2.333,0,0,eGFP1
19802,21:05:32,0.107,0.623,0,0,eGFP1
19803,21:05:33,0.084,0.622,0,0,eGFP1
19804,21:05:34,0.138,0.753,0,0,eGFP1
19805,21:05:34,0.095,0.534,0,0,eGFP1
19806,21:05:35,0.106,0.764,0,0,eGFP1
19807,21:05:36,0.106,0.578,0,0,eGFP1
19808,21:05:36,0.095,0.599,0,0,eGFP1
19809,21:05:37,0.095,0.545,0,0,eGFP1
19810,21:05:37,0.095,0.611,0,0,eGFP1
19811,21:05:38,0.130,0.811,0,0,eGFP1
19812,21:05:39,0.094,0.588,0,0,eGFP1
19813,21:05:40,0.106,0.699,0,0,eGFP1
19814,21:05:40,0.095,0.588,0,0,eGFP1
19815,21:05:41,0.106,0.721,0,0,eGFP1
19816,21:05:41,0.095,0.567,0,0,eGFP1
19817,21:05:42,0.105,0.742,0,0,eGFP1
19818,21:05:43,0.084,0.512,0,0,eGFP1
19819,21:05:43,0.118,0.798,0,0,eGFP1
19820,21:05:44,0.095,0.578,0,0,eGFP1
19821,21:05:45,0.095,0.721,0,0,eGFP1
19822,21:05:45,0.127,0.610,0,0,eGFP1
19823,21:05:46,0.139,0.819,0,0,eGFP1
19824,21:05:47,0.096,0.590,0,0,eGFP1
19825,21:05:48,0.117,0.765,0,0,eGFP1
19826,21:05:48,0.094,0.544,0,0,eGFP1
19827,21:05:49,0.140,0.898,0,0,eGFP1
19828,21:05:50,0.094,0.577,0,0,eGFP1
19829,21:05:50,0.117,0.655,0,0,eGFP1
19830,21:05:51,0.150,0.918,0,0,eGFP1
19831,21:05:52,0.106,0.556,0,0,eGFP1
19832,21:05:52,0.094,0.753,0,0,eGFP1
19833,21:05:53,0.117,0.600,0,0,eGFP1
19834,21:05:54,0.095,0.698,0,0,eGFP1
19835,21:05:54,0.107,0.623,0,0,eGFP1
19836,21:05:55,0.095,0.710,0,0,eGFP1
19837,21:05:56,0.116,0.665,0,0,eGFP1
19838,21:05:58,1.709,2.434,0,0,eGFP1
19839,21:05:59,0.095,0.731,0,0,eGFP1
19840,21:06:00,0.128,0.655,0,0,eGFP1
19841,21:06:01,0.117,0.973,0,0,eGFP1
19842,21:06:01,0.105,0.544,0,0,eGFP1
19843,21:06:02,0.086,1.359,0,0,eGFP1
19844,21:06:03,0.139,0.665,0,0,eGFP1
19845,21:06:04,0.106,1.193,0,0,eGFP1
19846,21:06:06,0.215,2.092,0,0,eGFP1
19847,21:06:07,0.095,0.787,0,0,eGFP1
19848,21:06:09,0.139,1.335,0,0,eGFP1
19849,21:06:09,0.128,0.589,0,0,eGFP1
19850,21:06:10,0.084,0.709,0,0,eGFP1
19851,21:06:10,0.109,0.548,0,0,eGFP1
19852,21:06:11,0.106,0.698,0,0,eGFP1
19853,21:06:12,0.084,0.534,0,0,eGFP1
19854,21:06:12,0.095,0.798,0,0,eGFP1
19855,21:06:13,0.105,0.676,0,0,eGFP1
19856,21:06:14,0.128,0.655,0,0,eGFP1
19857,21:06:14,0.084,0.643,0,0,eGFP1
19858,21:06:15,0.106,0.644,0,0,eGFP1
19859,21:06:16,0.151,0.788,0,0,eGFP1
19860,21:06:16,0.084,0.501,0,0,eGFP1
19861,21:06:17,0.095,0.523,0,0,eGFP1
19862,21:06:18,0.095,0.753,0,0,eGFP1
19863,21:06:18,0.139,0.633,0,0,eGFP1
19864,21:06:19,0.084,0.677,0,0,eGFP1
19865,21:06:20,0.162,0.820,0,0,eGFP1
19866,21:06:20,0.106,0.699,0,0,eGFP1
19867,21:06:21,0.106,0.841,0,0,eGFP1
19868,21:06:22,0.138,0.643,0,0,eGFP1
19869,21:06:23,0.106,0.764,0,0,eGFP1
19870,21:06:23,0.084,0.512,0,0,eGFP1
19871,21:06:24,0.128,0.819,0,0,eGFP1
19872,21:06:24,0.085,0.512,0,0,eGFP1
19873,21:06:25,0.096,0.513,0,0,eGFP1
19874,21:06:26,0.095,0.764,0,0,eGFP1
19875,21:06:26,0.128,0.644,0,0,eGFP1
19876,21:06:27,0.140,0.766,0,0,eGFP1
19877,21:06:28,0.095,0.622,0,0,eGFP1
19878,21:06:28,0.129,0.645,0,0,eGFP1
19879,21:06:29,0.095,0.666,0,0,eGFP1
19880,21:06:30,0.139,0.633,0,0,eGFP1
19881,21:06:31,0.084,0.830,0,0,eGFP1
19882,21:06:31,0.161,0.688,0,0,eGFP1
19883,21:06:32,0.117,0.732,0,0,eGFP1
19884,21:06:33,0.086,0.525,0,0,eGFP1
19885,21:06:33,0.106,0.819,0,0,eGFP1
19886,21:06:34,0.106,0.710,0,0,eGFP1
19887,21:06:35,0.128,0.687,0,0,eGFP1
19888,21:06:35,0.084,0.688,0,0,eGFP1
19889,21:06:36,0.128,0.710,0,0,eGFP1
19890,21:06:37,0.117,0.742,0,0,eGFP1
19891,21:06:38,0.139,0.798,0,0,eGFP1
19892,21:06:38,0.109,0.767,0,0,eGFP1
19893,21:06:39,0.106,0.578,0,0,eGFP1
19894,21:06:40,0.095,0.765,0,0,eGFP1
19895,21:06:40,0.106,0.589,0,0,eGFP1
19896,21:06:41,0.106,0.709,0,0,eGFP1
19897,21:06:42,0.095,0.567,0,0,eGFP1
19898,21:06:43,0.150,1.292,0,0,eGFP1
19899,21:06:43,0.095,0.545,0,0,eGFP1
19900,21:06:44,0.140,0.952,0,0,eGFP1
19901,21:06:45,0.095,0.589,0,0,eGFP1
19902,21:06:46,0.117,0.765,0,0,eGFP1
19903,21:06:46,0.095,0.545,0,0,eGFP1
19904,21:06:47,0.139,0.798,0,0,eGFP1
19905,21:06:48,0.085,0.700,0,0,eGFP1
19906,21:06:48,0.128,0.578,0,0,eGFP1
19907,21:06:49,0.084,0.699,0,0,eGFP1
19908,21:06:50,0.130,0.865,0,0,eGFP1
19909,21:06:51,0.172,0.820,0,0,eGFP1
19910,21:06:51,0.095,0.556,0,0,eGFP1
19911,21:06:52,0.096,0.568,0,0,eGFP1
19912,21:06:53,0.095,0.688,0,0,eGFP1
19913,21:06:53,0.117,0.589,0,0,eGFP1
19914,21:06:54,0.084,0.864,0,0,eGFP1
19915,21:06:55,0.150,0.699,0,0,eGFP1
19916,21:06:56,0.129,0.865,0,0,eGFP1
19917,21:06:56,0.095,0.655,0,0,eGFP1
19918,21:06:57,0.106,0.798,0,0,eGFP1
19919,21:06:58,0.107,0.645,0,0,eGFP1
19920,21:07:00,0.106,2.378,0,0,eGFP1
19921,21:07:01,0.106,0.710,0,0,eGFP1
19922,21:07:03,0.336,2.652,0,0,eGFP1
19923,21:07:04,0.183,0.732,0,0,eGFP1
19924,21:07:05,0.107,0.623,0,0,eGFP1
19925,21:07:06,0.139,0.896,0,0,eGFP1
19926,21:07:08,0.118,1.797,0,0,eGFP1
19927,21:07:08,0.106,0.600,0,0,eGFP1
19928,21:07:09,0.084,0.523,0,0,eGFP1
19929,21:07:10,0.106,1.588,0,0,eGFP1
19930,21:07:11,0.117,0.655,0,0,eGFP1
19931,21:07:11,0.106,0.611,0,0,eGFP1
19932,21:07:12,0.119,0.964,0,0,eGFP1
19933,21:07:13,0.217,0.919,0,0,eGFP1
19934,21:07:14,0.096,0.688,0,0,eGFP1
19935,21:07:15,0.162,0.688,0,0,eGFP1
19936,21:07:15,0.085,0.579,0,0,eGFP1
19937,21:07:16,0.095,0.731,0,0,eGFP1
19938,21:07:17,0.107,0.568,0,0,eGFP1
19939,21:07:17,0.084,0.688,0,0,eGFP1
19940,21:07:18,0.117,0.589,0,0,eGFP1
19941,21:07:19,0.100,0.681,0,0,eGFP1
19942,21:07:19,0.107,0.820,0,0,eGFP1
19943,21:07:20,0.107,0.568,0,0,eGFP1
19944,21:07:21,0.095,0.765,0,0,eGFP1
19945,21:07:21,0.095,0.578,0,0,eGFP1
19946,21:07:22,0.141,0.865,0,0,eGFP1
19947,21:07:23,0.107,0.634,0,0,eGFP1
19948,21:07:24,0.150,0.853,0,0,eGFP1
19949,21:07:24,0.097,0.546,0,0,eGFP1
19950,21:07:25,0.151,0.776,0,0,eGFP1
19951,21:07:26,0.085,0.688,0,0,eGFP1
19952,21:07:26,0.129,0.820,0,0,eGFP1
19953,21:07:27,0.150,0.743,0,0,eGFP1
19954,21:07:28,0.095,0.853,0,0,eGFP1
19955,21:07:29,0.150,0.666,0,0,eGFP1
19956,21:07:29,0.106,0.677,0,0,eGFP1
19957,21:07:30,0.086,0.536,0,0,eGFP1
19958,21:07:31,0.117,0.819,0,0,eGFP1
19959,21:07:31,0.097,0.657,0,0,eGFP1
19960,21:07:32,0.150,0.710,0,0,eGFP1
19961,21:07:33,0.095,0.721,0,0,eGFP1
19962,21:07:34,0.150,0.798,0,0,eGFP1
19963,21:07:34,0.106,0.710,0,0,eGFP1
19964,21:07:35,0.117,0.622,0,0,eGFP1
19965,21:07:36,0.130,0.733,0,0,eGFP1
19966,21:07:37,0.140,0.787,0,0,eGFP1
19967,21:07:37,0.107,0.699,0,0,eGFP1
19968,21:07:38,0.096,0.579,0,0,eGFP1
19969,21:07:39,0.075,0.744,0,0,eGFP1
19970,21:07:39,0.117,0.589,0,0,eGFP1
19971,21:07:40,0.096,0.688,0,0,eGFP1
19972,21:07:40,0.118,0.568,0,0,eGFP1
19973,21:07:41,0.087,0.855,0,0,eGFP1
19974,21:07:42,0.118,0.623,0,0,eGFP1
19975,21:07:43,0.128,0.721,0,0,eGFP1
19976,21:07:43,0.128,0.863,0,0,eGFP1
19977,21:07:44,0.107,0.688,0,0,eGFP1
19978,21:07:45,0.184,0.831,0,0,eGFP1
19979,21:07:46,0.107,0.864,0,0,eGFP1
19980,21:07:47,0.128,0.666,0,0,eGFP1
19981,21:07:47,0.108,0.701,0,0,eGFP1
19982,21:07:48,0.117,0.688,0,0,eGFP1
19983,21:07:49,0.095,0.732,0,0,eGFP1
19984,21:07:49,0.139,0.842,0,0,eGFP1
19985,21:07:50,0.117,0.600,0,0,eGFP1
19986,21:07:51,0.119,0.865,0,0,eGFP1
19987,21:07:52,0.107,0.623,0,0,eGFP1
19988,21:07:52,0.117,0.754,0,0,eGFP1
19989,21:07:53,0.118,0.634,0,0,eGFP1
19990,21:07:54,0.118,0.656,0,0,eGFP1
19991,21:07:54,0.106,0.534,0,0,eGFP1
19992,21:07:55,0.096,0.765,0,0,eGFP1
19993,21:07:55,0.118,0.579,0,0,eGFP1
19994,21:07:56,0.095,0.765,0,0,eGFP1
19995,21:07:57,0.117,0.578,0,0,eGFP1
19996,21:07:57,0.085,0.666,0,0,eGFP1
19997,21:07:58,0.140,0.623,0,0,eGFP1
19998,21:07:59,0.097,0.876,0,0,eGFP1
19999,21:08:00,0.128,0.633,0,0,eGFP1
20000,21:08:00,0.108,0.767,0,0,eGFP1
20001,21:08:01,0.106,0.633,0,0,eGFP1
20002,21:08:02,0.107,0.600,0,0,eGFP1
20003,21:08:02,0.096,0.623,0,0,eGFP1
20004,21:08:03,0.106,0.721,0,0,eGFP1
20005,21:08:04,0.107,0.688,0,0,eGFP1
20006,21:08:04,0.141,0.668,0,0,eGFP1
20007,21:08:05,0.096,0.941,0,0,eGFP1
20008,21:08:06,0.162,0.667,0,0,eGFP1
20009,21:08:07,0.107,0.743,0,0,eGFP1
20010,21:08:07,0.107,0.590,0,0,eGFP1
20011,21:08:08,0.151,0.689,0,0,eGFP1
20012,21:08:09,0.085,0.601,0,0,eGFP1
20013,21:08:09,0.119,0.854,0,0,eGFP1
20014,21:08:10,0.109,0.669,0,0,eGFP1
20015,21:37:12,0.096,1741.641,0,0,eGFP1
20016,21:49:54,40.764,762.318,0,0,eGFP1
20017,22:16:08,0.370,1574.495,0,0,eGFP1
20018,22:16:15,0.656,6.406,0,0,eGFP1
20019,22:16:18,0.536,3.444,0,0,eGFP1
20020,22:17:10,1.566,51.904,0,0,eGFP1
20021,22:30:28,0.590,798.204,0,0,eGFP1
20022,22:30:54,6.945,26.073,0,0,eGFP1
20023,22:31:36,37.725,41.171,0,0,eGFP1
20024,23:04:14,0.283,1958.137,0,0,eGFP1
20025,23:04:19,0.579,5.265,0,0,eGFP1
20026,23:04:25,1.293,6.429,0,0,eGFP1
20027,23:04:30,0.469,4.946,0,0,eGFP1
20028,23:04:33,0.688,2.653,0,0,eGFP1
20029,23:04:35,0.326,1.577,0,0,eGFP1
20030,23:04:36,0.527,1.504,0,0,eGFP1
20031,23:04:38,0.732,1.588,0,0,eGFP1
20032,23:04:40,0.985,1.940,0,0,eGFP1
20033,23:04:41,0.304,1.533,0,0,eGFP1
20034,23:04:43,0.184,1.446,0,0,eGFP1
20035,23:04:44,0.161,1.610,0,0,eGFP1
20036,23:04:46,0.173,1.983,0,0,eGFP1
20037,23:04:48,0.283,1.644,0,0,eGFP1
20038,23:04:49,0.196,1.502,0,0,eGFP1
20039,23:04:51,0.194,1.467,0,0,eGFP1
20040,23:04:52,0.185,1.316,0,0,eGFP1
20041,23:04:53,0.205,1.303,0,0,eGFP1
20042,23:04:55,0.151,1.687,0,0,eGFP1
20043,23:04:56,0.173,0.996,0,0,eGFP1
20044,23:04:58,0.326,1.720,0,0,eGFP1
20045,23:04:59,0.161,1.720,0,0,eGFP1
20046,23:05:01,0.152,1.601,0,0,eGFP1
20047,23:05:02,0.139,1.401,0,0,eGFP1
20048,23:05:04,0.118,1.073,0,0,eGFP1
20049,23:05:05,0.261,1.292,0,0,eGFP1
20050,23:05:06,0.129,1.183,0,0,eGFP1
20051,23:05:07,0.117,0.897,0,0,eGFP1
20052,23:05:08,0.348,1.314,0,0,eGFP1
20053,23:05:15,0.141,6.462,0,0,eGFP1
20054,23:05:16,0.152,1.206,0,0,eGFP1
20055,23:05:17,0.107,0.765,0,0,eGFP1
20056,23:05:18,0.162,0.908,0,0,eGFP1
20057,23:05:19,0.118,0.919,0,0,eGFP1
20058,23:05:20,0.129,1.479,0,0,eGFP1
20059,23:05:21,0.228,0.864,0,0,eGFP1
20060,23:05:23,0.623,1.962,0,0,eGFP1
20061,23:05:24,0.304,1.039,0,0,eGFP1
20062,23:05:25,0.195,0.865,0,0,eGFP1
20063,23:05:26,0.108,0.810,0,0,eGFP1
20064,23:05:26,0.129,0.722,0,0,eGFP1
20065,23:05:31,0.118,5.254,0,0,eGFP1
20066,23:05:32,0.205,0.853,0,0,eGFP1
20067,23:05:33,0.181,1.048,0,0,eGFP1
20068,23:05:34,0.140,0.875,0,0,eGFP1
20069,23:05:35,0.107,0.656,0,0,eGFP1
20070,23:05:36,0.129,0.875,0,0,eGFP1
20071,23:05:38,0.109,1.953,0,0,eGFP1
20072,23:05:40,0.151,2.565,0,0,eGFP1
20073,23:05:41,0.119,0.843,0,0,eGFP1
20074,23:05:42,0.119,0.645,0,0,eGFP1
20075,23:05:43,0.141,0.887,0,0,eGFP1
20076,23:05:45,0.097,1.984,0,0,eGFP1
20077,23:05:45,0.119,0.689,0,0,eGFP1
20078,23:05:47,0.141,1.260,0,0,eGFP1
20079,23:05:50,0.186,3.214,0,0,eGFP1
20080,23:05:51,0.131,0.702,0,0,eGFP1
20081,23:05:51,0.118,0.666,0,0,eGFP1
20082,23:05:53,0.151,1.457,0,0,eGFP1
20083,23:05:55,0.096,2.763,0,0,eGFP1
20084,23:05:56,0.129,0.656,0,0,eGFP1
20085,23:05:57,0.151,0.908,0,0,eGFP1
20086,23:05:59,0.096,2.082,0,0,eGFP1
20087,23:06:00,0.131,0.702,0,0,eGFP1
20088,23:06:01,0.140,1.314,0,0,eGFP1
20089,23:06:02,0.129,0.667,0,0,eGFP1
20090,23:06:03,0.644,1.467,0,0,eGFP1
20091,23:06:04,0.151,0.744,0,0,eGFP1
20092,23:06:05,0.140,0.897,0,0,eGFP1
20093,23:06:06,0.120,0.976,0,0,eGFP1
20094,23:06:07,0.118,0.667,0,0,eGFP1
20095,23:06:12,0.229,5.639,0,0,eGFP1
20096,23:06:14,0.513,1.611,0,0,eGFP1
20097,23:06:16,0.228,1.939,0,0,eGFP1
20098,23:06:18,0.130,2.006,0,0,eGFP1
20099,23:06:19,0.228,0.832,0,0,eGFP1
20100,23:06:21,0.118,2.905,0,0,eGFP1
20101,23:06:22,0.162,0.733,0,0,eGFP1
20102,23:06:24,0.239,1.402,0,0,eGFP1
20103,23:06:25,0.109,0.986,0,0,eGFP1
20104,23:06:26,0.437,1.062,0,0,eGFP1
20105,23:06:26,0.108,0.766,0,0,eGFP1
20106,23:06:28,0.283,1.238,0,0,eGFP1
20107,23:06:29,0.141,0.953,0,0,eGFP1
20108,23:06:32,2.192,3.213,0,0,eGFP1
20109,23:06:32,0.107,0.623,0,0,eGFP1
20110,23:06:33,0.107,1.029,0,0,eGFP1
20111,23:06:34,0.131,0.657,0,0,eGFP1
20112,23:06:35,0.119,0.898,0,0,eGFP1
20113,23:06:42,5.835,6.581,0,0,eGFP1
20114,23:06:43,0.152,1.029,0,0,eGFP1
20115,23:06:44,0.163,0.909,0,0,eGFP1
20116,23:06:47,0.184,3.663,0,0,eGFP1
20117,23:06:49,0.129,2.082,0,0,eGFP1
20118,23:06:52,0.108,2.335,0,0,eGFP1
20119,23:06:53,0.186,1.382,0,0,eGFP1
20120,23:06:56,0.134,2.768,0,0,eGFP1
20121,23:06:56,0.141,0.668,0,0,eGFP1
20122,23:06:58,0.119,1.117,0,0,eGFP1
20123,23:06:58,0.163,0.778,0,0,eGFP1
20124,23:07:07,0.700,8.942,0,0,eGFP1
20125,23:07:10,0.173,2.544,0,0,eGFP1
20126,23:07:11,0.393,1.040,0,0,eGFP1
20127,23:07:12,0.119,0.964,0,0,eGFP1
20128,23:07:13,0.120,1.295,0,0,eGFP1
20129,23:07:16,0.130,2.456,0,0,eGFP1
20130,23:07:16,0.119,0.701,0,0,eGFP1
20131,23:07:18,0.129,1.918,0,0,eGFP1
20132,23:07:19,0.119,0.822,0,0,eGFP1
20133,23:07:21,0.195,1.896,0,0,eGFP1
20134,23:07:23,0.109,2.018,0,0,eGFP1
20135,23:07:24,0.338,1.150,0,0,eGFP1
20136,23:07:26,0.121,1.635,0,0,eGFP1
20137,23:07:26,0.152,0.657,0,0,eGFP1
20138,23:07:27,0.108,0.931,0,0,eGFP1
20139,23:07:29,0.118,1.578,0,0,eGFP1
20140,23:07:30,0.141,0.953,0,0,eGFP1
20141,23:07:30,0.097,0.635,0,0,eGFP1
20142,23:07:32,0.119,1.403,0,0,eGFP1
20143,23:07:32,0.140,0.645,0,0,eGFP1
20144,23:07:34,0.121,1.075,0,0,eGFP1
20145,23:07:34,0.108,0.744,0,0,eGFP1
20146,23:07:35,0.316,1.095,0,0,eGFP1
20147,23:07:36,0.120,0.844,0,0,eGFP1
20148,23:07:37,0.525,1.205,0,0,eGFP1
20149,23:07:38,0.097,0.942,0,0,eGFP1
20150,23:07:39,0.118,0.996,0,0,eGFP1
20151,23:07:40,0.195,0.854,0,0,eGFP1
20152,23:07:41,0.163,0.964,0,0,eGFP1
20153,23:07:44,0.110,2.700,0,0,eGFP1
20154,23:07:45,0.096,0.765,0,0,eGFP1
20155,23:07:45,0.141,0.766,0,0,eGFP1
20156,23:07:46,0.119,1.030,0,0,eGFP1
20157,23:07:47,0.140,0.733,0,0,eGFP1
20158,23:07:53,0.118,5.386,0,0,eGFP1
20159,23:07:53,0.173,0.821,0,0,eGFP1
20160,23:07:55,0.251,1.239,0,0,eGFP1
20161,23:07:55,0.098,0.624,0,0,eGFP1
20162,23:07:58,0.163,2.467,0,0,eGFP1
20163,23:07:58,0.141,0.667,0,0,eGFP1
20164,23:07:59,0.141,1.008,0,0,eGFP1
20165,23:08:02,0.129,2.160,0,0,eGFP1
20166,23:08:03,0.162,1.314,0,0,eGFP1
20167,23:08:04,0.207,1.183,0,0,eGFP1
20168,23:08:05,0.372,1.075,0,0,eGFP1
20169,23:08:06,0.096,0.733,0,0,eGFP1
20170,23:08:08,0.349,2.522,0,0,eGFP1
20171,23:08:09,0.107,0.788,0,0,eGFP1
20172,23:08:10,0.129,0.678,0,0,eGFP1
20173,23:08:11,0.107,1.358,0,0,eGFP1
20174,23:08:12,0.153,1.020,0,0,eGFP1
20175,23:08:13,0.185,0.997,0,0,eGFP1
20176,23:08:14,0.141,0.910,0,0,eGFP1
20177,23:08:15,0.129,0.667,0,0,eGFP1
20178,23:08:15,0.096,0.579,0,0,eGFP1
20179,23:08:17,0.218,1.524,0,0,eGFP1
20180,23:08:18,0.096,0.601,0,0,eGFP1
20181,23:08:20,0.129,2.566,0,0,eGFP1
20182,23:08:21,0.261,0.832,0,0,eGFP1
20183,23:08:22,0.096,0.886,0,0,eGFP1
20184,23:08:23,0.186,0.779,0,0,eGFP1
20185,23:08:23,0.107,0.623,0,0,eGFP1
20186,23:08:26,0.163,2.379,0,0,eGFP1
20187,23:08:26,0.119,0.679,0,0,eGFP1
20188,23:08:27,0.120,0.712,0,0,eGFP1
20189,23:08:28,0.108,0.700,0,0,eGFP1
20190,23:08:28,0.152,0.777,0,0,eGFP1
20191,23:08:29,0.086,0.898,0,0,eGFP1
20192,23:08:31,0.898,1.567,0,0,eGFP1
20193,23:08:31,0.087,0.559,0,0,eGFP1
20194,23:08:32,0.108,0.854,0,0,eGFP1
20195,23:08:33,0.141,0.964,0,0,eGFP1
20196,23:08:34,0.162,0.711,0,0,eGFP1
20197,23:08:35,0.108,0.975,0,0,eGFP1
20198,23:08:36,0.184,1.040,0,0,eGFP1
20199,23:08:38,0.195,2.171,0,0,eGFP1
20200,23:08:48,0.173,9.962,0,0,eGFP1
20201,23:08:49,0.144,1.011,0,0,eGFP1
20202,23:08:50,0.196,1.052,0,0,eGFP1
20203,23:08:51,0.163,0.855,0,0,eGFP1
20204,23:08:52,0.108,0.591,0,0,eGFP1
20205,23:08:52,0.097,0.789,0,0,eGFP1
20206,23:08:54,0.744,1.633,0,0,eGFP1
20207,23:08:55,0.109,0.635,0,0,eGFP1
20208,23:08:55,0.131,0.734,0,0,eGFP1
20209,23:08:56,0.110,0.560,0,0,eGFP1
20210,23:08:57,0.086,0.546,0,0,eGFP1
20211,23:08:58,0.207,1.151,0,0,eGFP1
20212,23:08:59,0.206,0.843,0,0,eGFP1
20213,23:08:59,0.162,0.470,0,0,eGFP1
20214,23:10:53,8.142,114.250,0,0,eGFP1
20215,23:10:55,0.438,1.382,0,0,eGFP1
20216,23:10:56,0.185,1.139,0,0,eGFP1
20217,23:10:57,0.131,1.130,0,0,eGFP1
20218,23:10:58,0.130,1.019,0,0,eGFP1
20219,23:10:59,0.118,0.711,0,0,eGFP1
20220,23:11:00,0.228,1.084,0,0,eGFP1
20221,23:11:01,0.097,0.832,0,0,eGFP1
20222,23:11:02,0.470,1.239,0,0,eGFP1
20223,23:11:03,0.096,0.854,0,0,eGFP1
20224,23:11:04,0.206,0.996,0,0,eGFP1
20225,23:11:04,0.098,0.658,0,0,eGFP1
20226,23:11:05,0.163,0.986,0,0,eGFP1
20227,23:11:06,0.097,0.766,0,0,eGFP1
20228,23:11:07,0.296,0.976,0,0,eGFP1
20229,23:11:08,0.087,0.943,0,0,eGFP1
20230,23:11:09,0.163,0.668,0,0,eGFP1
20231,23:11:10,0.097,1.074,0,0,eGFP1
20232,23:11:10,0.175,0.701,0,0,eGFP1
20233,23:11:18,0.132,7.770,0,0,eGFP1
20234,23:11:19,0.240,1.041,0,0,eGFP1
20235,23:11:20,0.328,1.152,0,0,eGFP1
20236,23:11:22,0.119,1.238,0,0,eGFP1
20237,23:11:22,0.208,0.811,0,0,eGFP1
20238,23:11:24,0.153,1.206,0,0,eGFP1
20239,23:11:25,0.175,0.965,0,0,eGFP1
20240,23:11:26,0.229,1.217,0,0,eGFP1
20241,23:11:27,0.165,0.724,0,0,eGFP1
20242,23:11:27,0.099,0.900,0,0,eGFP1
20243,23:11:28,0.316,0.634,0,0,eGFP1
20244,23:11:31,2.095,2.797,0,0,eGFP1
20245,23:11:32,0.097,0.887,0,0,eGFP1
20246,23:11:33,0.174,0.766,0,0,eGFP1
20247,23:11:34,0.097,1.919,0,0,eGFP1
20248,23:11:35,0.152,0.656,0,0,eGFP1
20249,23:11:36,0.110,0.955,0,0,eGFP1
20250,23:11:37,0.140,0.766,0,0,eGFP1
20251,23:11:38,0.218,0.920,0,0,eGFP1
20252,23:11:38,0.108,0.602,0,0,eGFP1
20253,23:11:40,0.162,1.150,0,0,eGFP1
20254,23:11:41,0.327,1.337,0,0,eGFP1
20255,23:11:42,0.252,1.196,0,0,eGFP1
20256,23:11:43,0.195,0.909,0,0,eGFP1
20257,23:11:44,0.182,0.983,0,0,eGFP1
20258,23:11:45,0.217,1.128,0,0,eGFP1
20259,23:11:46,0.160,0.797,0,0,eGFP1
20260,23:11:49,0.138,3.167,0,0,eGFP1
20261,23:11:50,0.150,0.753,0,0,eGFP1
20262,23:11:51,0.128,0.874,0,0,eGFP1
20263,23:11:51,0.183,0.742,0,0,eGFP1
20264,23:11:52,0.095,0.874,0,0,eGFP1
20265,23:11:53,0.193,0.786,0,0,eGFP1
20266,23:11:56,0.118,2.642,0,0,eGFP1
20267,23:11:57,0.358,1.499,0,0,eGFP1
20268,23:11:58,0.106,0.775,0,0,eGFP1
20269,23:11:59,0.184,0.876,0,0,eGFP1
20270,23:12:00,0.105,0.687,0,0,eGFP1
20271,23:12:00,0.149,0.885,0,0,eGFP1
20272,23:12:01,0.105,0.588,0,0,eGFP1
20273,23:12:02,0.106,0.808,0,0,eGFP1
20274,23:12:03,0.129,0.996,0,0,eGFP1
20275,23:12:04,0.172,0.896,0,0,eGFP1
20276,23:12:05,0.161,0.907,0,0,eGFP1
20277,23:12:06,0.106,0.896,0,0,eGFP1
20278,23:12:06,0.139,0.852,0,0,eGFP1
20279,23:12:12,0.160,5.373,0,0,eGFP1
20280,23:12:13,0.314,0.929,0,0,eGFP1
20281,23:12:14,0.084,1.005,0,0,eGFP1
20282,23:12:14,0.142,0.624,0,0,eGFP1
20283,23:12:16,0.106,1.280,0,0,eGFP1
20284,23:12:16,0.117,0.556,0,0,eGFP1
20285,23:12:18,0.095,2.169,0,0,eGFP1
20286,23:12:20,0.095,2.103,0,0,eGFP1
20287,23:12:21,0.116,0.797,0,0,eGFP1
20288,23:12:22,0.204,0.753,0,0,eGFP1
20289,23:12:23,0.084,1.017,0,0,eGFP1
20290,23:12:24,0.205,0.743,0,0,eGFP1
20291,23:12:25,0.084,0.863,0,0,eGFP1
20292,23:12:25,0.117,0.556,0,0,eGFP1
20293,23:12:26,0.105,1.159,0,0,eGFP1
20294,23:12:27,0.106,0.599,0,0,eGFP1
20295,23:12:28,0.260,1.258,0,0,eGFP1
20296,23:12:29,0.093,0.543,0,0,eGFP1
20297,23:12:30,0.117,0.852,0,0,eGFP1
20298,23:12:30,0.096,0.601,0,0,eGFP1
20299,23:12:31,0.204,1.082,0,0,eGFP1
20300,23:12:32,0.150,0.984,0,0,eGFP1
20301,23:12:33,0.139,0.885,0,0,eGFP1
20302,23:12:34,0.128,0.929,0,0,eGFP1
20303,23:12:35,0.171,1.071,0,0,eGFP1
20304,23:12:36,0.139,0.720,0,0,eGFP1
20305,23:12:37,0.183,1.533,0,0,eGFP1
20306,23:12:38,0.129,0.985,0,0,eGFP1
20307,23:12:40,0.193,1.335,0,0,eGFP1
20308,23:12:40,0.138,0.764,0,0,eGFP1
20309,23:12:42,0.250,1.270,0,0,eGFP1
20310,23:12:43,0.161,0.984,0,0,eGFP1
20311,23:12:45,0.128,2.619,0,0,eGFP1
20312,23:12:46,0.117,0.797,0,0,eGFP1
20313,23:12:47,0.336,1.192,0,0,eGFP1
20314,23:12:49,0.678,1.710,0,0,eGFP1
20315,23:12:53,2.410,4.067,0,0,eGFP1
20316,23:12:54,0.139,1.423,0,0,eGFP1
20317,23:12:56,0.599,1.335,0,0,eGFP1
20318,23:12:58,0.138,2.652,0,0,eGFP1
20319,23:12:59,0.160,0.885,0,0,eGFP1
20320,23:13:00,0.138,0.994,0,0,eGFP1
20321,23:13:02,0.128,1.851,0,0,eGFP1
20322,23:13:03,0.162,1.226,0,0,eGFP1
20323,23:13:05,0.163,1.951,0,0,eGFP1
20324,23:13:06,0.216,0.809,0,0,eGFP1
20325,23:13:07,0.083,0.698,0,0,eGFP1
20326,23:13:10,0.216,2.751,0,0,eGFP1
20327,23:13:11,0.105,1.016,0,0,eGFP1
20328,23:13:12,0.194,1.467,0,0,eGFP1
20329,23:13:13,0.161,0.929,0,0,eGFP1
20330,23:13:14,0.139,1.038,0,0,eGFP1
20331,23:13:15,0.174,0.854,0,0,eGFP1
20332,23:13:17,0.117,1.609,0,0,eGFP1
20333,23:13:17,0.150,0.655,0,0,eGFP1
20334,23:13:18,0.117,0.863,0,0,eGFP1
20335,23:13:19,0.084,0.556,0,0,eGFP1
20336,23:13:19,0.097,0.866,0,0,eGFP1
20337,23:13:21,0.161,1.060,0,0,eGFP1
20338,23:13:21,0.545,0.776,0,0,eGFP1
20339,23:13:22,0.338,0.898,0,0,eGFP1
20340,23:13:23,0.117,0.907,0,0,eGFP1
20341,23:13:24,0.117,0.830,0,0,eGFP1
20342,23:13:25,0.139,0.852,0,0,eGFP1
20343,23:13:26,0.139,0.864,0,0,eGFP1
20344,23:13:27,0.161,0.907,0,0,eGFP1
20345,23:13:27,0.117,0.775,0,0,eGFP1
20346,23:13:28,0.117,0.611,0,0,eGFP1
20347,23:13:29,0.152,1.490,0,0,eGFP1
20348,23:13:30,0.161,0.941,0,0,eGFP1
20349,23:13:31,0.206,0.787,0,0,eGFP1
20350,23:13:32,0.095,0.633,0,0,eGFP1
20351,23:13:33,0.150,0.907,0,0,eGFP1
20352,23:13:33,0.095,0.545,0,0,eGFP1
