wheel_event,time,Tx,Ti_observed,reset,rtc_reset,device_id
1,12:01:51,72718.861,72729.813,0,0,eGFP1
2,12:01:59,6.360,7.874,0,0,eGFP1
3,12:02:07,6.399,7.233,0,0,eGFP1
4,12:02:08,0.142,1.119,0,0,eGFP1
5,12:02:09,0.141,0.855,0,0,eGFP1
6,12:02:09,0.164,0.833,0,0,eGFP1
7,12:02:10,0.120,0.877,0,0,eGFP1
8,12:02:11,0.142,0.943,0,0,eGFP1
9,12:02:13,0.351,1.722,0,0,eGFP1
10,12:02:14,0.120,1.009,0,0,eGFP1
11,12:02:15,0.144,0.769,0,0,eGFP1
12,12:02:18,0.109,3.335,0,0,eGFP1
13,12:02:19,0.219,0.911,0,0,eGFP1
14,12:02:30,0.132,11.479,0,0,eGFP1
15,12:02:31,0.109,0.833,0,0,eGFP1
16,12:02:32,0.164,0.899,0,0,eGFP1
17,12:02:33,0.175,0.965,0,0,eGFP1
18,12:02:34,0.197,0.801,0,0,eGFP1
19,12:02:35,0.165,1.087,0,0,eGFP1
20,12:02:36,0.109,0.559,0,0,eGFP1
21,12:02:36,0.098,0.844,0,0,eGFP1
22,12:02:37,0.186,0.768,0,0,eGFP1
23,12:02:38,0.087,0.493,0,0,eGFP1
24,12:02:42,0.098,4.356,0,0,eGFP1
25,12:02:43,0.175,0.789,0,0,eGFP1
26,12:02:44,0.131,1.229,0,0,eGFP1
27,12:02:45,0.253,0.933,0,0,eGFP1
28,12:03:17,0.131,32.307,0,0,eGFP1
29,12:03:18,0.111,0.703,0,0,eGFP1
30,12:03:21,0.175,3.336,0,0,eGFP1
31,12:03:24,0.164,2.468,0,0,eGFP1
32,12:03:24,0.131,0.691,0,0,eGFP1
33,12:03:25,0.164,1.009,0,0,eGFP1
34,12:03:26,0.109,0.603,0,0,eGFP1
35,12:03:27,0.120,1.086,0,0,eGFP1
36,12:03:29,0.165,2.063,0,0,eGFP1
37,12:03:30,0.219,0.856,0,0,eGFP1
38,12:03:31,0.164,1.042,0,0,eGFP1
39,12:03:32,0.186,1.042,0,0,eGFP1
40,12:03:33,0.109,0.581,0,0,eGFP1
41,12:03:34,0.098,0.943,0,0,eGFP1
42,12:03:34,0.197,0.811,0,0,eGFP1
43,12:03:37,0.087,2.162,0,0,eGFP1
44,12:03:37,0.093,0.641,0,0,eGFP1
45,12:03:46,0.175,8.395,0,0,eGFP1
46,12:03:47,0.131,0.998,0,0,eGFP1
47,12:03:48,0.658,1.404,0,0,eGFP1
48,12:03:49,0.109,0.888,0,0,eGFP1
49,12:03:50,0.175,0.746,0,0,eGFP1
50,12:03:50,0.087,0.482,0,0,eGFP1
51,12:03:52,0.087,1.338,0,0,eGFP1
52,12:03:52,0.144,0.627,0,0,eGFP1
53,12:03:53,0.076,0.526,0,0,eGFP1
54,12:03:53,0.120,0.757,0,0,eGFP1
55,12:03:54,0.153,0.723,0,0,eGFP1
56,12:03:55,0.088,0.779,0,0,eGFP1
57,12:03:56,0.406,0.680,0,0,eGFP1
58,12:03:58,0.901,2.503,0,0,eGFP1
59,12:04:07,0.570,8.943,0,0,eGFP1
60,12:04:08,0.230,0.888,0,0,eGFP1
61,12:04:09,0.207,0.767,0,0,eGFP1
62,12:04:10,0.120,0.998,0,0,eGFP1
63,12:04:11,0.142,0.899,0,0,eGFP1
64,12:04:11,0.110,0.768,0,0,eGFP1
65,12:04:12,0.109,0.702,0,0,eGFP1
66,12:04:14,0.164,2.161,0,0,eGFP1
67,12:04:15,0.121,0.658,0,0,eGFP1
68,12:04:16,0.153,0.867,0,0,eGFP1
69,12:04:17,0.099,0.736,0,0,eGFP1
70,12:04:17,0.131,0.658,0,0,eGFP1
71,12:04:18,0.087,0.625,0,0,eGFP1
72,12:04:19,0.131,0.768,0,0,eGFP1
73,12:04:20,0.198,1.383,0,0,eGFP1
74,12:04:21,0.109,0.757,0,0,eGFP1
75,12:04:21,0.164,0.757,0,0,eGFP1
76,12:04:22,0.098,0.581,0,0,eGFP1
77,12:04:23,0.100,1.241,0,0,eGFP1
78,12:04:24,0.120,0.614,0,0,eGFP1
79,12:04:25,0.087,0.625,0,0,eGFP1
80,12:04:25,0.142,0.779,0,0,eGFP1
81,12:04:27,0.131,1.547,0,0,eGFP1
82,12:04:28,0.098,1.097,0,0,eGFP1
83,12:04:30,1.503,2.139,0,0,eGFP1
84,12:04:31,0.077,0.483,0,0,eGFP1
85,12:04:31,0.089,0.813,0,0,eGFP1
86,12:04:32,0.175,0.757,0,0,eGFP1
87,12:04:33,0.076,0.614,0,0,eGFP1
88,12:04:34,0.144,0.879,0,0,eGFP1
89,12:04:34,0.109,0.669,0,0,eGFP1
90,12:04:40,0.120,6.178,0,0,eGFP1
91,12:04:41,0.175,0.987,0,0,eGFP1
92,12:04:42,0.132,0.900,0,0,eGFP1
93,12:04:43,0.164,0.866,0,0,eGFP1
94,12:04:44,0.122,0.857,0,0,eGFP1
95,12:04:45,0.165,1.174,0,0,eGFP1
96,12:04:46,0.120,0.790,0,0,eGFP1
97,12:04:47,0.164,0.790,0,0,eGFP1
98,12:04:51,0.098,4.323,0,0,eGFP1
99,12:04:52,0.186,0.735,0,0,eGFP1
100,12:05:06,0.252,14.463,0,0,eGFP1
101,12:05:10,0.110,3.611,0,0,eGFP1
102,12:05:13,0.869,2.767,0,0,eGFP1
103,12:05:13,0.110,0.571,0,0,eGFP1
104,12:05:17,0.087,3.182,0,0,eGFP1
105,12:05:20,2.359,3.215,0,0,eGFP1
106,12:05:20,0.175,0.724,0,0,eGFP1
107,12:05:21,0.087,0.603,0,0,eGFP1
108,12:05:22,0.153,1.042,0,0,eGFP1
109,12:05:23,0.110,0.538,0,0,eGFP1
110,12:05:24,0.089,0.999,0,0,eGFP1
111,12:05:24,0.176,0.713,0,0,eGFP1
112,12:05:25,0.088,0.604,0,0,eGFP1
113,12:05:27,0.153,1.788,0,0,eGFP1
114,12:05:27,0.143,0.603,0,0,eGFP1
115,12:05:28,0.077,0.549,0,0,eGFP1
116,12:05:29,0.111,1.471,0,0,eGFP1
117,12:05:30,0.099,0.593,0,0,eGFP1
118,12:05:31,0.100,0.791,0,0,eGFP1
119,12:05:32,0.274,1.393,0,0,eGFP1
120,12:05:33,0.154,0.801,0,0,eGFP1
121,12:05:42,0.121,9.284,0,0,eGFP1
122,12:05:46,0.153,3.511,0,0,eGFP1
123,12:05:55,2.941,9.032,0,0,eGFP1
124,12:05:55,0.142,0.636,0,0,eGFP1
125,12:05:56,0.077,0.900,0,0,eGFP1
126,12:05:57,0.187,0.757,0,0,eGFP1
127,12:06:00,0.089,3.195,0,0,eGFP1
128,12:06:01,0.252,0.845,0,0,eGFP1
129,12:06:05,0.109,3.895,0,0,eGFP1
130,12:06:06,0.241,0.867,0,0,eGFP1
131,12:06:07,0.100,0.692,0,0,eGFP1
132,12:06:09,0.143,2.524,0,0,eGFP1
133,12:06:10,0.143,0.626,0,0,eGFP1
134,12:06:11,0.109,1.064,0,0,eGFP1
135,12:06:13,1.219,2.327,0,0,eGFP1
136,12:06:14,0.154,1.240,0,0,eGFP1
137,12:06:16,1.218,1.822,0,0,eGFP1
138,12:06:17,0.109,0.570,0,0,eGFP1
139,12:06:17,0.099,0.713,0,0,eGFP1
140,12:06:18,0.143,0.691,0,0,eGFP1
141,12:06:19,0.099,0.779,0,0,eGFP1
142,12:06:20,0.198,0.911,0,0,eGFP1
143,12:06:22,0.133,2.317,0,0,eGFP1
144,12:06:25,0.109,2.480,0,0,eGFP1
145,12:06:25,0.133,0.594,0,0,eGFP1
146,12:06:26,0.087,0.812,0,0,eGFP1
147,12:06:28,0.197,2.425,0,0,eGFP1
148,12:06:30,0.241,1.097,0,0,eGFP1
149,12:06:30,0.110,0.647,0,0,eGFP1
150,12:06:32,0.527,1.416,0,0,eGFP1
151,12:06:54,0.418,22.783,0,0,eGFP1
152,12:06:56,0.450,1.383,0,0,eGFP1
153,12:07:01,0.318,5.366,0,0,eGFP1
154,12:07:04,0.976,2.820,0,0,eGFP1
155,12:07:05,0.176,1.273,0,0,eGFP1
156,12:07:06,0.132,0.966,0,0,eGFP1
157,12:07:08,0.153,1.492,0,0,eGFP1
158,12:07:09,0.384,1.031,0,0,eGFP1
159,12:07:10,0.100,0.858,0,0,eGFP1
160,12:07:10,0.122,0.813,0,0,eGFP1
161,12:07:11,0.153,0.757,0,0,eGFP1
162,12:07:12,0.165,0.856,0,0,eGFP1
163,12:07:14,0.099,1.986,0,0,eGFP1
164,12:07:15,0.143,1.086,0,0,eGFP1
165,12:07:16,0.121,0.582,0,0,eGFP1
166,12:07:17,0.089,1.275,0,0,eGFP1
167,12:07:18,0.131,0.647,0,0,eGFP1
168,12:07:23,0.111,5.148,0,0,eGFP1
169,12:07:23,0.230,0.779,0,0,eGFP1
170,12:07:24,0.253,0.823,0,0,eGFP1
171,12:07:25,0.099,0.823,0,0,eGFP1
172,12:07:26,0.132,0.889,0,0,eGFP1
173,12:07:27,0.133,0.868,0,0,eGFP1
174,12:07:30,0.154,2.711,0,0,eGFP1
175,12:07:31,0.131,1.086,0,0,eGFP1
176,12:07:32,0.122,0.814,0,0,eGFP1
177,12:07:33,0.329,1.218,0,0,eGFP1
178,12:07:34,0.109,0.812,0,0,eGFP1
179,12:07:34,0.153,0.845,0,0,eGFP1
180,12:07:38,0.109,3.434,0,0,eGFP1
181,12:07:39,0.121,1.131,0,0,eGFP1
182,12:07:40,0.186,0.823,0,0,eGFP1
183,12:07:45,0.110,5.575,0,0,eGFP1
184,12:07:48,0.769,2.240,0,0,eGFP1
185,12:07:48,0.186,0.812,0,0,eGFP1
186,12:07:49,0.098,0.592,0,0,eGFP1
187,12:07:50,0.111,0.858,0,0,eGFP1
188,12:07:50,0.120,0.647,0,0,eGFP1
189,12:07:51,0.121,0.900,0,0,eGFP1
190,12:07:52,0.121,0.669,0,0,eGFP1
191,12:08:06,0.198,13.674,0,0,eGFP1
192,12:08:07,0.351,1.339,0,0,eGFP1
193,12:08:09,0.561,1.516,0,0,eGFP1
194,12:08:16,0.263,7.407,0,0,eGFP1
195,12:08:17,0.143,0.680,0,0,eGFP1
196,12:08:18,0.110,1.394,0,0,eGFP1
197,12:08:19,0.132,0.604,0,0,eGFP1
198,12:08:20,0.088,0.878,0,0,eGFP1
199,12:08:22,0.197,2.743,0,0,eGFP1
200,12:08:24,0.121,1.306,0,0,eGFP1
201,12:08:24,0.111,0.671,0,0,eGFP1
202,12:08:25,0.155,1.011,0,0,eGFP1
203,12:08:26,0.099,0.812,0,0,eGFP1
204,12:08:27,0.132,0.659,0,0,eGFP1
205,12:08:28,0.153,0.856,0,0,eGFP1
206,12:08:28,0.088,0.571,0,0,eGFP1
207,12:08:29,0.132,0.889,0,0,eGFP1
208,12:08:30,0.132,0.834,0,0,eGFP1
209,12:08:31,0.133,0.792,0,0,eGFP1
210,12:08:32,0.154,0.889,0,0,eGFP1
211,12:08:34,0.175,2.195,0,0,eGFP1
212,12:08:35,0.274,1.492,0,0,eGFP1
213,12:08:36,0.132,0.911,0,0,eGFP1
214,12:08:37,0.132,0.900,0,0,eGFP1
215,12:08:38,0.176,0.922,0,0,eGFP1
216,12:08:39,0.133,0.967,0,0,eGFP1
217,12:08:40,0.142,0.834,0,0,eGFP1
218,12:08:40,0.108,0.667,0,0,eGFP1
219,12:08:41,0.141,0.942,0,0,eGFP1
220,12:08:42,0.097,0.536,0,0,eGFP1
221,12:08:44,0.097,2.127,0,0,eGFP1
222,12:08:45,0.108,0.766,0,0,eGFP1
223,12:08:46,0.130,0.778,0,0,eGFP1
224,12:08:46,0.129,0.744,0,0,eGFP1
225,12:08:48,0.163,1.589,0,0,eGFP1
226,12:08:49,0.164,0.867,0,0,eGFP1
227,12:08:50,0.097,1.633,0,0,eGFP1
228,12:08:51,0.196,1.019,0,0,eGFP1
229,12:08:52,0.096,0.689,0,0,eGFP1
230,12:08:54,1.174,2.150,0,0,eGFP1
231,12:08:55,0.097,0.723,0,0,eGFP1
232,12:08:56,0.228,0.909,0,0,eGFP1
233,12:08:57,0.086,0.623,0,0,eGFP1
234,12:08:58,0.154,1.328,0,0,eGFP1
235,12:08:58,0.108,0.591,0,0,eGFP1
236,12:09:00,0.129,1.413,0,0,eGFP1
237,12:09:00,0.097,0.558,0,0,eGFP1
238,12:09:02,0.130,1.392,0,0,eGFP1
239,12:09:03,0.141,1.194,0,0,eGFP1
240,12:09:04,0.108,0.558,0,0,eGFP1
241,12:09:07,0.086,3.192,0,0,eGFP1
242,12:09:08,0.186,0.943,0,0,eGFP1
243,12:09:38,28.958,30.549,0,0,eGFP1
244,12:09:40,0.219,1.229,0,0,eGFP1
245,12:09:40,0.206,0.821,0,0,eGFP1
246,12:09:41,0.108,1.052,0,0,eGFP1
247,12:09:42,0.185,0.942,0,0,eGFP1
248,12:09:44,0.261,2.149,0,0,eGFP1
249,12:09:45,0.130,0.689,0,0,eGFP1
250,12:09:46,0.099,1.064,0,0,eGFP1
251,12:09:47,0.207,1.019,0,0,eGFP1
252,12:09:48,0.119,1.019,0,0,eGFP1
253,12:09:49,0.316,0.920,0,0,eGFP1
254,12:09:50,0.086,0.558,0,0,eGFP1
255,12:09:51,0.097,0.799,0,0,eGFP1
256,12:09:52,0.207,1.129,0,0,eGFP1
257,12:12:23,0.152,150.990,0,0,eGFP1
258,12:12:24,0.142,1.195,0,0,eGFP1
259,12:12:26,0.999,1.734,0,0,eGFP1
260,12:12:26,0.097,0.755,0,0,eGFP1
261,12:12:28,0.525,1.689,0,0,eGFP1
262,12:12:29,0.162,0.996,0,0,eGFP1
263,12:12:30,0.174,0.953,0,0,eGFP1
264,12:12:31,0.130,1.359,0,0,eGFP1
265,12:12:33,0.119,1.458,0,0,eGFP1
266,12:12:33,0.119,0.668,0,0,eGFP1
267,12:12:35,0.175,1.283,0,0,eGFP1
268,12:12:35,0.098,0.624,0,0,eGFP1
269,12:12:36,0.196,1.019,0,0,eGFP1
270,12:12:37,0.152,0.975,0,0,eGFP1
271,12:12:39,0.141,1.754,0,0,eGFP1
272,12:12:41,0.119,1.798,0,0,eGFP1
273,12:12:43,0.208,1.624,0,0,eGFP1
274,12:12:43,0.141,0.745,0,0,eGFP1
275,12:12:47,0.164,3.785,0,0,eGFP1
276,12:12:49,0.141,2.073,0,0,eGFP1
277,12:12:50,0.174,1.128,0,0,eGFP1
278,12:12:53,0.119,2.468,0,0,eGFP1
279,12:13:14,20.376,20.991,0,0,eGFP1
280,12:13:15,0.240,1.238,0,0,eGFP1
281,12:13:17,0.185,2.292,0,0,eGFP1
282,12:13:20,0.163,2.413,0,0,eGFP1
283,12:13:22,0.087,1.975,0,0,eGFP1
284,12:13:26,0.239,3.927,0,0,eGFP1
285,12:13:26,0.207,0.569,0,0,eGFP1
286,12:13:27,0.338,0.832,0,0,eGFP1
287,12:13:28,0.263,0.933,0,0,eGFP1
288,12:13:29,0.185,0.986,0,0,eGFP1
289,12:13:30,0.098,0.613,0,0,eGFP1
290,12:13:33,1.195,3.774,0,0,eGFP1
291,12:13:34,0.130,0.865,0,0,eGFP1
292,12:13:35,0.153,0.965,0,0,eGFP1
293,12:13:36,0.163,0.822,0,0,eGFP1
294,12:13:37,0.108,0.821,0,0,eGFP1
295,12:13:41,0.152,4.279,0,0,eGFP1
296,12:13:42,0.689,1.403,0,0,eGFP1
297,12:13:43,0.119,0.931,0,0,eGFP1
298,12:13:45,0.722,2.127,0,0,eGFP1
299,12:13:46,0.163,0.690,0,0,eGFP1
300,12:13:47,0.098,0.592,0,0,eGFP1
301,12:13:47,0.110,0.702,0,0,eGFP1
302,12:13:48,0.130,0.789,0,0,eGFP1
303,12:13:49,0.492,1.117,0,0,eGFP1
304,12:13:59,0.361,9.788,0,0,eGFP1
305,12:14:00,0.130,0.613,0,0,eGFP1
306,12:14:01,0.086,0.931,0,0,eGFP1
307,12:14:01,0.130,0.591,0,0,eGFP1
308,12:14:02,0.076,0.867,0,0,eGFP1
309,12:14:03,0.218,1.304,0,0,eGFP1
310,12:14:04,0.174,0.887,0,0,eGFP1
311,12:14:05,0.152,0.833,0,0,eGFP1
312,12:14:08,0.108,2.325,0,0,eGFP1
313,12:14:10,0.174,2.555,0,0,eGFP1
314,12:14:12,0.141,2.347,0,0,eGFP1
315,12:14:14,0.208,1.810,0,0,eGFP1
316,12:14:15,0.174,1.173,0,0,eGFP1
317,12:14:18,0.118,2.181,0,0,eGFP1
318,12:14:18,0.130,0.624,0,0,eGFP1
319,12:14:19,0.108,0.877,0,0,eGFP1
320,12:14:22,0.119,2.665,0,0,eGFP1
321,12:14:23,0.525,1.337,0,0,eGFP1
322,12:14:24,0.207,0.525,0,0,eGFP1
323,12:14:25,0.394,0.910,0,0,eGFP1
324,12:14:26,0.404,1.864,0,0,eGFP1
325,12:14:29,0.164,2.765,0,0,eGFP1
326,12:14:30,0.163,1.162,0,0,eGFP1
327,12:14:31,0.185,1.008,0,0,eGFP1
328,12:14:32,0.097,0.536,0,0,eGFP1
329,12:14:33,0.121,1.043,0,0,eGFP1
330,12:14:34,0.119,0.909,0,0,eGFP1
331,12:14:35,0.229,1.184,0,0,eGFP1
332,12:14:36,0.097,0.733,0,0,eGFP1
333,12:14:36,0.157,0.651,0,0,eGFP1
334,12:14:39,0.086,2.522,0,0,eGFP1
335,12:14:40,0.196,0.657,0,0,eGFP1
336,12:14:42,1.370,2.720,0,0,eGFP1
337,12:14:43,0.097,0.833,0,0,eGFP1
338,12:14:45,0.152,1.809,0,0,eGFP1
339,12:14:46,0.152,0.843,0,0,eGFP1
340,12:14:47,0.186,1.042,0,0,eGFP1
341,12:14:49,0.208,2.315,0,0,eGFP1
342,12:14:51,0.130,1.612,0,0,eGFP1
343,12:14:51,0.097,0.668,0,0,eGFP1
344,12:14:52,0.285,1.020,0,0,eGFP1
345,12:14:53,0.087,0.591,0,0,eGFP1
346,12:14:54,0.175,0.756,0,0,eGFP1
347,12:14:54,0.087,0.536,0,0,eGFP1
348,12:14:55,0.120,0.767,0,0,eGFP1
349,12:14:56,0.218,0.701,0,0,eGFP1
350,12:14:58,1.668,2.392,0,0,eGFP1
351,12:14:59,0.087,0.690,0,0,eGFP1
352,12:16:08,0.712,68.971,0,0,eGFP1
353,12:16:09,0.262,0.997,0,0,eGFP1
354,12:16:10,0.196,0.855,0,0,eGFP1
355,12:16:11,0.547,1.293,0,0,eGFP1
356,12:16:12,0.130,0.920,0,0,eGFP1
357,12:16:13,0.142,0.657,0,0,eGFP1
358,12:16:13,0.090,0.518,0,0,eGFP1
359,12:16:15,0.097,2.127,0,0,eGFP1
360,12:16:16,0.120,0.877,0,0,eGFP1
361,12:16:17,0.196,0.767,0,0,eGFP1
362,12:16:17,0.086,0.569,0,0,eGFP1
363,12:16:18,0.119,0.832,0,0,eGFP1
364,12:16:19,0.098,0.515,0,0,eGFP1
365,12:16:19,0.075,0.536,0,0,eGFP1
366,12:16:20,0.121,0.900,0,0,eGFP1
367,12:16:23,0.602,2.534,0,0,eGFP1
368,12:16:23,0.108,0.602,0,0,eGFP1
369,12:16:24,0.097,0.558,0,0,eGFP1
370,12:16:25,0.087,0.690,0,0,eGFP1
371,12:16:25,0.186,0.581,0,0,eGFP1
372,12:17:12,0.867,46.376,0,0,eGFP1
373,12:17:12,0.229,0.822,0,0,eGFP1
374,12:17:13,0.088,0.713,0,0,eGFP1
375,12:17:14,0.174,0.844,0,0,eGFP1
376,12:17:15,0.130,0.767,0,0,eGFP1
377,12:17:15,0.119,0.591,0,0,eGFP1
378,12:17:16,0.086,0.657,0,0,eGFP1
379,12:17:17,0.141,0.778,0,0,eGFP1
380,12:17:18,0.097,0.888,0,0,eGFP1
381,12:17:18,0.130,0.690,0,0,eGFP1
382,12:17:19,0.141,0.843,0,0,eGFP1
383,12:17:20,0.154,0.703,0,0,eGFP1
384,12:17:20,0.086,0.492,0,0,eGFP1
385,12:17:23,0.109,2.984,0,0,eGFP1
386,12:17:24,0.110,0.571,0,0,eGFP1
387,12:17:25,0.097,0.821,0,0,eGFP1
388,12:17:27,0.142,2.370,0,0,eGFP1
389,12:17:28,0.119,0.646,0,0,eGFP1
390,12:17:28,0.086,0.558,0,0,eGFP1
391,12:17:29,0.099,0.801,0,0,eGFP1
392,12:17:30,0.153,0.712,0,0,eGFP1
393,12:17:31,0.087,0.767,0,0,eGFP1
394,12:17:31,0.142,0.625,0,0,eGFP1
395,12:17:32,0.075,0.591,0,0,eGFP1
396,12:17:33,0.141,0.877,0,0,eGFP1
397,12:17:33,0.097,0.745,0,0,eGFP1
398,12:17:34,0.163,0.986,0,0,eGFP1
399,12:17:35,0.187,0.801,0,0,eGFP1
400,12:17:36,0.098,0.537,0,0,eGFP1
401,12:17:37,0.129,1.128,0,0,eGFP1
402,12:17:38,0.207,1.206,0,0,eGFP1
403,12:17:40,0.152,2.314,0,0,eGFP1
404,12:17:41,0.120,0.625,0,0,eGFP1
405,12:17:42,0.119,0.821,0,0,eGFP1
406,12:17:43,0.098,1.119,0,0,eGFP1
407,12:17:44,0.219,0.856,0,0,eGFP1
408,12:17:45,0.130,0.997,0,0,eGFP1
409,12:17:45,0.098,0.603,0,0,eGFP1
410,12:17:46,0.152,0.997,0,0,eGFP1
411,12:17:48,0.120,1.316,0,0,eGFP1
412,12:17:49,0.164,1.195,0,0,eGFP1
413,12:17:50,0.153,1.503,0,0,eGFP1
414,12:17:51,0.251,0.580,0,0,eGFP1
415,12:17:53,0.988,2.393,0,0,eGFP1
416,12:17:54,0.208,0.746,0,0,eGFP1
417,12:17:55,0.098,0.943,0,0,eGFP1
418,12:17:56,0.130,0.602,0,0,eGFP1
419,12:17:58,0.087,2.084,0,0,eGFP1
420,12:17:59,0.142,1.030,0,0,eGFP1
421,12:18:00,0.142,0.987,0,0,eGFP1
422,12:18:00,0.120,0.613,0,0,eGFP1
423,12:18:01,0.098,1.075,0,0,eGFP1
424,12:18:06,3.127,4.192,0,0,eGFP1
425,12:18:07,0.515,1.579,0,0,eGFP1
426,12:19:18,1.459,70.716,0,0,eGFP1
427,12:19:20,0.350,2.226,0,0,eGFP1
428,12:19:22,0.241,1.700,0,0,eGFP1
429,12:19:23,0.253,1.098,0,0,eGFP1
430,12:19:24,0.097,0.569,0,0,eGFP1
431,12:19:24,0.098,0.855,0,0,eGFP1
432,12:19:25,0.110,0.604,0,0,eGFP1
433,12:19:26,0.098,0.548,0,0,eGFP1
434,12:19:26,0.097,0.679,0,0,eGFP1
435,12:19:27,0.152,0.910,0,0,eGFP1
436,12:19:28,0.097,0.558,0,0,eGFP1
437,12:19:28,0.109,0.647,0,0,eGFP1
438,12:19:29,0.196,0.975,0,0,eGFP1
439,12:19:31,0.142,2.073,0,0,eGFP1
440,12:20:26,0.352,55.013,0,0,eGFP1
441,12:20:28,1.360,1.986,0,0,eGFP1
442,12:20:29,0.097,0.580,0,0,eGFP1
443,12:20:29,0.088,0.549,0,0,eGFP1
444,12:20:30,0.109,0.767,0,0,eGFP1
445,12:20:31,0.120,0.570,0,0,eGFP1
446,12:20:32,0.076,0.734,0,0,eGFP1
447,12:20:33,0.285,1.042,0,0,eGFP1
448,12:20:37,0.547,4.739,0,0,eGFP1
449,12:20:39,0.220,1.592,0,0,eGFP1
450,12:20:40,0.251,1.404,0,0,eGFP1
451,12:20:42,0.196,1.656,0,0,eGFP1
452,12:20:43,0.142,1.250,0,0,eGFP1
453,12:20:44,0.142,0.954,0,0,eGFP1
454,12:20:46,0.174,1.305,0,0,eGFP1
455,12:20:46,0.141,0.964,0,0,eGFP1
456,12:20:48,0.230,1.130,0,0,eGFP1
457,12:20:49,0.133,1.033,0,0,eGFP1
458,12:20:50,0.153,1.063,0,0,eGFP1
459,12:20:51,0.219,1.064,0,0,eGFP1
460,12:20:52,0.153,1.272,0,0,eGFP1
461,12:20:53,0.142,1.042,0,0,eGFP1
462,12:20:54,0.218,1.261,0,0,eGFP1
463,12:20:55,0.141,0.986,0,0,eGFP1
464,12:20:56,0.208,1.097,0,0,eGFP1
465,12:20:58,0.132,1.251,0,0,eGFP1
466,12:21:00,1.316,1.920,0,0,eGFP1
467,12:21:00,0.086,0.646,0,0,eGFP1
468,12:21:02,0.581,1.349,0,0,eGFP1
469,12:21:03,0.098,0.943,0,0,eGFP1
470,12:21:04,0.196,1.020,0,0,eGFP1
471,12:21:05,0.152,1.019,0,0,eGFP1
472,12:21:06,0.143,1.021,0,0,eGFP1
473,12:21:07,0.176,0.999,0,0,eGFP1
474,12:21:08,0.120,0.921,0,0,eGFP1
475,12:21:08,0.153,0.910,0,0,eGFP1
476,12:21:09,0.164,1.075,0,0,eGFP1
477,12:21:10,0.119,0.778,0,0,eGFP1
478,12:21:11,0.219,0.866,0,0,eGFP1
479,12:21:12,0.098,0.800,0,0,eGFP1
480,12:21:13,0.164,0.833,0,0,eGFP1
481,12:21:13,0.109,0.713,0,0,eGFP1
482,12:21:14,0.121,0.823,0,0,eGFP1
483,12:21:15,0.131,0.812,0,0,eGFP1
484,12:21:16,0.142,0.701,0,0,eGFP1
485,12:21:16,0.087,0.504,0,0,eGFP1
486,12:21:17,0.078,0.681,0,0,eGFP1
487,12:21:18,0.405,1.228,0,0,eGFP1
488,12:21:20,0.954,1.602,0,0,eGFP1
489,12:21:20,0.076,0.526,0,0,eGFP1
490,12:21:21,0.143,0.889,0,0,eGFP1
491,12:21:22,0.098,0.625,0,0,eGFP1
492,12:21:23,0.175,1.097,0,0,eGFP1
493,12:21:24,0.153,0.790,0,0,eGFP1
494,12:21:26,0.229,1.842,0,0,eGFP1
495,12:21:28,1.569,2.447,0,0,eGFP1
496,12:21:29,0.241,0.789,0,0,eGFP1
497,12:21:29,0.098,0.614,0,0,eGFP1
498,12:21:30,0.121,0.725,0,0,eGFP1
499,12:21:31,0.109,0.603,0,0,eGFP1
500,12:21:31,0.088,0.549,0,0,eGFP1
501,12:21:32,0.087,0.658,0,0,eGFP1
502,12:21:33,0.120,0.636,0,0,eGFP1
503,12:21:33,0.109,0.679,0,0,eGFP1
504,12:21:34,0.131,0.779,0,0,eGFP1
505,12:21:35,0.109,0.635,0,0,eGFP1
506,12:21:35,0.133,0.769,0,0,eGFP1
507,12:21:36,0.098,0.691,0,0,eGFP1
508,12:21:37,0.120,0.647,0,0,eGFP1
509,12:21:37,0.087,0.471,0,0,eGFP1
510,12:21:38,0.076,0.548,0,0,eGFP1
511,12:21:39,0.109,1.371,0,0,eGFP1
512,12:21:40,0.109,0.603,0,0,eGFP1
513,12:21:40,0.087,0.679,0,0,eGFP1
514,12:21:41,0.177,0.879,0,0,eGFP1
515,12:21:43,0.220,1.274,0,0,eGFP1
516,12:21:43,0.109,0.581,0,0,eGFP1
517,12:21:44,0.109,0.635,0,0,eGFP1
518,12:21:45,0.077,1.613,0,0,eGFP1
519,12:21:46,0.175,0.680,0,0,eGFP1
520,12:21:47,0.076,0.690,0,0,eGFP1
521,12:21:48,0.175,0.823,0,0,eGFP1
522,12:21:49,0.120,0.932,0,0,eGFP1
523,12:21:50,0.176,1.087,0,0,eGFP1
524,12:21:50,0.131,0.691,0,0,eGFP1
525,12:21:51,0.109,0.679,0,0,eGFP1
526,12:21:52,0.132,0.889,0,0,eGFP1
527,12:21:53,0.230,1.195,0,0,eGFP1
528,12:21:54,0.111,0.583,0,0,eGFP1
529,12:21:54,0.131,0.756,0,0,eGFP1
530,12:21:55,0.098,0.493,0,0,eGFP1
531,12:21:56,0.089,0.813,0,0,eGFP1
532,12:21:57,0.165,0.834,0,0,eGFP1
533,12:21:58,0.131,0.889,0,0,eGFP1
534,12:21:59,0.218,1.228,0,0,eGFP1
535,12:22:01,0.405,2.359,0,0,eGFP1
536,12:22:04,0.219,3.390,0,0,eGFP1
537,12:22:10,4.872,5.750,0,0,eGFP1
538,12:22:11,0.186,0.778,0,0,eGFP1
539,12:22:12,0.122,1.318,0,0,eGFP1
540,12:22:13,0.098,0.504,0,0,eGFP1
541,12:22:13,0.077,0.516,0,0,eGFP1
542,12:22:14,0.109,0.800,0,0,eGFP1
543,12:22:15,0.111,0.703,0,0,eGFP1
544,12:22:15,0.098,0.559,0,0,eGFP1
545,12:22:16,0.110,0.625,0,0,eGFP1
546,12:22:17,0.077,0.603,0,0,eGFP1
547,12:22:17,0.088,0.581,0,0,eGFP1
548,12:22:18,0.122,0.978,0,0,eGFP1
549,12:22:19,0.120,0.801,0,0,eGFP1
550,12:22:20,0.120,0.646,0,0,eGFP1
551,12:22:20,0.132,0.790,0,0,eGFP1
552,12:22:21,0.109,0.779,0,0,eGFP1
553,12:22:22,0.109,0.756,0,0,eGFP1
554,12:22:23,0.110,0.581,0,0,eGFP1
555,12:22:23,0.088,0.593,0,0,eGFP1
556,12:22:24,0.143,0.834,0,0,eGFP1
557,12:22:25,0.122,0.737,0,0,eGFP1
558,12:22:25,0.109,0.614,0,0,eGFP1
559,12:22:26,0.098,0.570,0,0,eGFP1
560,12:22:27,0.120,1.009,0,0,eGFP1
561,12:22:28,0.109,0.801,0,0,eGFP1
562,12:22:29,0.142,0.877,0,0,eGFP1
563,12:22:29,0.142,0.855,0,0,eGFP1
564,12:22:30,0.155,0.901,0,0,eGFP1
565,12:22:31,0.120,0.757,0,0,eGFP1
566,12:22:32,0.131,0.866,0,0,eGFP1
567,12:22:32,0.088,0.505,0,0,eGFP1
568,12:22:33,0.087,0.636,0,0,eGFP1
569,12:22:34,0.109,0.735,0,0,eGFP1
570,12:22:35,0.109,0.833,0,0,eGFP1
571,12:22:35,0.144,0.736,0,0,eGFP1
572,12:22:36,0.121,0.724,0,0,eGFP1
573,12:22:37,0.131,0.702,0,0,eGFP1
574,12:22:38,0.109,0.669,0,0,eGFP1
575,12:22:40,0.164,2.161,0,0,eGFP1
576,12:22:40,0.164,0.768,0,0,eGFP1
577,12:22:41,0.087,0.515,0,0,eGFP1
578,12:22:42,0.110,0.889,0,0,eGFP1
579,12:22:44,0.504,2.414,0,0,eGFP1
580,12:22:45,0.471,1.053,0,0,eGFP1
581,12:22:46,0.220,0.747,0,0,eGFP1
582,12:22:47,0.098,0.812,0,0,eGFP1
583,12:22:48,0.142,1.261,0,0,eGFP1
584,12:22:49,0.110,0.527,0,0,eGFP1
585,12:22:49,0.067,0.626,0,0,eGFP1
586,12:22:50,0.121,0.636,0,0,eGFP1
587,12:22:51,0.099,0.604,0,0,eGFP1
588,12:22:51,0.131,0.658,0,0,eGFP1
589,12:22:52,0.099,0.626,0,0,eGFP1
590,12:22:53,0.131,0.757,0,0,eGFP1
591,12:22:53,0.098,0.559,0,0,eGFP1
592,12:22:54,0.077,0.516,0,0,eGFP1
593,12:22:54,0.109,0.713,0,0,eGFP1
594,12:22:55,0.131,0.844,0,0,eGFP1
595,12:22:56,0.154,0.724,0,0,eGFP1
596,12:22:57,0.099,0.724,0,0,eGFP1
597,12:22:57,0.133,0.791,0,0,eGFP1
598,12:22:58,0.099,0.593,0,0,eGFP1
599,12:22:59,0.087,0.768,0,0,eGFP1
600,12:23:00,0.121,0.736,0,0,eGFP1
601,12:23:00,0.153,0.921,0,0,eGFP1
602,12:23:01,0.165,0.823,0,0,eGFP1
603,12:23:02,0.099,0.582,0,0,eGFP1
604,12:23:03,0.098,0.691,0,0,eGFP1
605,12:23:03,0.131,0.757,0,0,eGFP1
606,12:23:04,0.110,0.758,0,0,eGFP1
607,12:23:06,0.142,2.129,0,0,eGFP1
608,12:23:07,0.153,0.680,0,0,eGFP1
609,12:23:08,0.120,0.768,0,0,eGFP1
610,12:23:08,0.098,0.548,0,0,eGFP1
611,12:23:09,0.109,0.845,0,0,eGFP1
612,12:23:10,0.120,0.823,0,0,eGFP1
613,12:23:11,0.131,0.789,0,0,eGFP1
614,12:23:11,0.113,0.717,0,0,eGFP1
615,12:23:12,0.109,0.735,0,0,eGFP1
616,12:23:13,0.120,0.713,0,0,eGFP1
617,12:23:14,0.153,0.911,0,0,eGFP1
618,12:23:14,0.098,0.592,0,0,eGFP1
619,12:23:15,0.142,0.976,0,0,eGFP1
620,12:23:18,0.143,3.128,0,0,eGFP1
621,12:23:20,0.087,2.074,0,0,eGFP1
622,12:23:21,0.143,0.780,0,0,eGFP1
623,12:23:22,0.142,0.669,0,0,eGFP1
624,12:23:22,0.077,0.549,0,0,eGFP1
625,12:23:23,0.098,0.735,0,0,eGFP1
626,12:23:24,0.120,0.921,0,0,eGFP1
627,12:23:25,0.165,0.856,0,0,eGFP1
628,12:23:26,0.089,0.528,0,0,eGFP1
629,12:23:27,0.088,1.470,0,0,eGFP1
630,12:23:28,0.188,0.945,0,0,eGFP1
631,12:23:29,0.143,0.933,0,0,eGFP1
632,12:23:29,0.120,0.603,0,0,eGFP1
633,12:23:30,0.121,0.757,0,0,eGFP1
634,12:23:31,0.110,1.141,0,0,eGFP1
635,12:23:32,0.165,0.812,0,0,eGFP1
636,12:23:33,0.132,0.746,0,0,eGFP1
637,12:23:34,0.143,0.725,0,0,eGFP1
638,12:23:34,0.087,0.515,0,0,eGFP1
639,12:23:35,0.111,1.022,0,0,eGFP1
640,12:23:36,0.131,0.812,0,0,eGFP1
641,12:23:37,0.099,0.570,0,0,eGFP1
642,12:23:37,0.122,0.759,0,0,eGFP1
643,12:23:38,0.087,0.548,0,0,eGFP1
644,12:23:39,0.110,0.834,0,0,eGFP1
645,12:23:39,0.132,0.681,0,0,eGFP1
646,12:23:40,0.109,0.625,0,0,eGFP1
647,12:23:41,0.122,0.704,0,0,eGFP1
648,12:23:41,0.098,0.625,0,0,eGFP1
649,12:23:42,0.120,0.647,0,0,eGFP1
650,12:23:43,0.099,0.626,0,0,eGFP1
651,12:23:44,0.131,0.976,0,0,eGFP1
652,12:23:44,0.121,0.637,0,0,eGFP1
653,12:23:45,0.098,0.801,0,0,eGFP1
654,12:23:46,0.120,0.746,0,0,eGFP1
655,12:23:47,0.221,1.526,0,0,eGFP1
656,12:23:48,0.100,0.594,0,0,eGFP1
657,12:23:48,0.088,0.582,0,0,eGFP1
658,12:23:49,0.186,0.867,0,0,eGFP1
659,12:23:50,0.087,0.515,0,0,eGFP1
660,12:23:50,0.077,0.494,0,0,eGFP1
661,12:23:51,0.121,0.834,0,0,eGFP1
662,12:23:52,0.110,0.571,0,0,eGFP1
663,12:23:52,0.089,0.648,0,0,eGFP1
664,12:23:53,0.121,0.779,0,0,eGFP1
665,12:23:54,0.154,0.922,0,0,eGFP1
666,12:23:55,0.132,0.746,0,0,eGFP1
667,12:23:56,0.132,0.746,0,0,eGFP1
668,12:23:56,0.110,0.659,0,0,eGFP1
669,12:23:57,0.132,0.746,0,0,eGFP1
670,12:23:58,0.099,0.680,0,0,eGFP1
671,12:23:59,0.594,1.571,0,0,eGFP1
672,12:24:03,0.429,3.557,0,0,eGFP1
673,12:24:04,0.274,1.350,0,0,eGFP1
674,12:24:05,0.153,0.801,0,0,eGFP1
675,12:24:06,0.110,0.713,0,0,eGFP1
676,12:24:06,0.143,0.713,0,0,eGFP1
677,12:24:07,0.110,0.736,0,0,eGFP1
678,12:24:08,0.120,0.592,0,0,eGFP1
679,12:24:08,0.088,0.637,0,0,eGFP1
680,12:24:09,0.111,0.692,0,0,eGFP1
681,12:24:10,0.099,0.538,0,0,eGFP1
682,12:24:10,0.099,0.834,0,0,eGFP1
683,12:24:11,0.110,0.549,0,0,eGFP1
684,12:24:11,0.077,0.461,0,0,eGFP1
685,12:24:12,0.100,0.780,0,0,eGFP1
686,12:24:13,0.088,0.505,0,0,eGFP1
687,12:24:13,0.077,0.505,0,0,eGFP1
688,12:24:14,0.089,0.605,0,0,eGFP1
689,12:24:15,0.110,0.878,0,0,eGFP1
690,12:28:40,1.075,264.803,0,0,eGFP1
691,12:28:40,0.165,0.757,0,0,eGFP1
692,12:28:41,0.110,1.197,0,0,eGFP1
693,12:28:42,0.120,0.691,0,0,eGFP1
694,12:28:43,0.132,0.889,0,0,eGFP1
695,12:28:44,0.155,1.253,0,0,eGFP1
696,12:28:45,0.221,0.791,0,0,eGFP1
697,12:28:46,0.077,0.571,0,0,eGFP1
698,12:28:47,0.209,0.955,0,0,eGFP1
699,12:28:47,0.089,0.506,0,0,eGFP1
700,12:28:48,0.110,1.196,0,0,eGFP1
701,12:28:49,0.110,0.593,0,0,eGFP1
702,12:28:50,0.143,0.933,0,0,eGFP1
703,12:28:51,0.110,0.790,0,0,eGFP1
704,12:28:51,0.121,0.714,0,0,eGFP1
705,12:28:52,0.144,0.945,0,0,eGFP1
706,12:28:58,0.132,5.597,0,0,eGFP1
707,12:28:59,0.395,1.042,0,0,eGFP1
708,12:29:00,0.088,0.604,0,0,eGFP1
709,12:29:00,0.099,0.615,0,0,eGFP1
710,12:29:01,0.086,0.514,0,0,eGFP1
711,12:29:01,0.085,0.579,0,0,eGFP1
712,12:29:02,0.108,0.679,0,0,eGFP1
713,12:29:04,0.977,1.669,0,0,eGFP1
714,12:29:04,0.085,0.513,0,0,eGFP1
715,12:29:07,0.097,3.104,0,0,eGFP1
716,12:29:08,0.207,0.722,0,0,eGFP1
717,12:29:08,0.075,0.470,0,0,eGFP1
718,12:29:09,0.075,0.602,0,0,eGFP1
719,12:29:09,0.086,0.470,0,0,eGFP1
720,12:29:10,0.075,0.448,0,0,eGFP1
721,12:29:10,0.076,0.504,0,0,eGFP1
722,12:29:12,0.108,1.546,0,0,eGFP1
723,12:29:13,0.152,0.645,0,0,eGFP1
724,12:29:13,0.075,0.492,0,0,eGFP1
725,12:29:14,0.075,0.492,0,0,eGFP1
726,12:29:14,0.075,0.427,0,0,eGFP1
727,12:29:14,0.064,0.437,0,0,eGFP1
728,12:29:15,0.084,0.688,0,0,eGFP1
729,12:29:16,0.120,0.570,0,0,eGFP1
730,12:29:16,0.086,0.580,0,0,eGFP1
731,12:29:17,0.097,0.558,0,0,eGFP1
732,12:29:17,0.075,0.470,0,0,eGFP1
733,12:29:18,0.086,0.821,0,0,eGFP1
734,12:29:21,0.196,2.434,0,0,eGFP1
735,12:29:25,3.356,4.103,0,0,eGFP1
736,12:29:26,0.273,1.074,0,0,eGFP1
737,12:29:27,0.163,0.810,0,0,eGFP1
738,12:29:27,0.274,0.911,0,0,eGFP1
739,12:29:28,0.097,0.547,0,0,eGFP1
740,12:29:28,0.075,0.459,0,0,eGFP1
741,12:29:29,0.075,0.459,0,0,eGFP1
742,12:29:30,0.076,0.570,0,0,eGFP1
743,12:29:30,0.097,0.536,0,0,eGFP1
744,12:29:31,0.086,0.525,0,0,eGFP1
745,12:29:31,0.086,0.503,0,0,eGFP1
746,12:29:32,0.076,0.515,0,0,eGFP1
747,12:29:32,0.086,0.492,0,0,eGFP1
748,12:29:35,0.108,2.731,0,0,eGFP1
749,12:29:35,0.097,0.503,0,0,eGFP1
750,12:29:36,0.075,0.569,0,0,eGFP1
751,12:29:37,0.119,0.722,0,0,eGFP1
752,12:29:37,0.174,0.800,0,0,eGFP1
753,12:29:38,0.097,0.514,0,0,eGFP1
754,12:29:38,0.076,0.471,0,0,eGFP1
755,12:29:39,0.075,0.602,0,0,eGFP1
756,12:29:41,0.230,2.359,0,0,eGFP1
757,12:29:42,0.119,0.591,0,0,eGFP1
758,12:29:43,0.097,0.701,0,0,eGFP1
759,12:29:43,0.097,0.514,0,0,eGFP1
760,12:29:44,0.075,0.415,0,0,eGFP1
761,12:29:44,0.064,0.503,0,0,eGFP1
762,12:29:45,0.087,0.559,0,0,eGFP1
763,12:29:45,0.075,0.448,0,0,eGFP1
764,12:29:46,0.075,0.657,0,0,eGFP1
765,12:29:46,0.141,0.668,0,0,eGFP1
766,12:29:47,0.075,0.437,0,0,eGFP1
767,12:29:47,0.064,0.470,0,0,eGFP1
768,12:29:48,0.086,0.569,0,0,eGFP1
769,12:29:48,0.086,0.470,0,0,eGFP1
770,12:29:49,0.066,0.439,0,0,eGFP1
771,12:29:50,0.087,0.768,0,0,eGFP1
772,12:29:51,0.196,1.216,0,0,eGFP1
773,12:29:51,0.119,0.602,0,0,eGFP1
774,12:29:52,0.108,0.701,0,0,eGFP1
775,12:29:53,0.119,1.216,0,0,eGFP1
776,12:29:54,0.273,1.085,0,0,eGFP1
777,12:29:55,0.119,0.569,0,0,eGFP1
778,12:29:55,0.075,0.481,0,0,eGFP1
779,12:29:56,0.088,0.515,0,0,eGFP1
780,12:29:56,0.087,0.537,0,0,eGFP1
781,12:29:57,0.108,0.865,0,0,eGFP1
782,12:29:58,0.119,0.536,0,0,eGFP1
783,12:29:58,0.064,0.459,0,0,eGFP1
784,12:29:59,0.099,0.647,0,0,eGFP1
785,12:29:59,0.097,0.515,0,0,eGFP1
786,12:30:00,0.075,0.470,0,0,eGFP1
787,12:30:01,0.087,0.647,0,0,eGFP1
788,12:30:01,0.097,0.492,0,0,eGFP1
789,12:30:02,0.064,0.569,0,0,eGFP1
790,12:30:02,0.108,0.646,0,0,eGFP1
791,12:30:03,0.086,0.602,0,0,eGFP1
792,12:30:05,0.986,1.732,0,0,eGFP1
793,12:30:05,0.086,0.514,0,0,eGFP1
794,12:30:06,0.076,0.482,0,0,eGFP1
795,12:30:06,0.087,0.537,0,0,eGFP1
796,12:30:07,0.097,0.646,0,0,eGFP1
797,12:30:07,0.108,0.646,0,0,eGFP1
798,12:30:08,0.108,0.701,0,0,eGFP1
799,12:30:09,0.098,0.515,0,0,eGFP1
800,12:30:09,0.064,0.426,0,0,eGFP1
801,12:30:10,0.076,0.548,0,0,eGFP1
802,12:30:10,0.108,0.700,0,0,eGFP1
803,12:30:12,0.163,1.272,0,0,eGFP1
804,12:30:12,0.109,0.526,0,0,eGFP1
805,12:30:13,0.076,0.460,0,0,eGFP1
806,12:30:13,0.097,0.711,0,0,eGFP1
807,12:30:14,0.120,0.570,0,0,eGFP1
808,12:30:14,0.075,0.426,0,0,eGFP1
809,12:30:15,0.075,0.602,0,0,eGFP1
810,12:30:16,0.141,0.833,0,0,eGFP1
811,12:30:16,0.108,0.547,0,0,eGFP1
812,12:30:17,0.076,0.460,0,0,eGFP1
813,12:30:17,0.077,0.527,0,0,eGFP1
814,12:30:19,0.097,1.908,0,0,eGFP1
815,12:30:20,0.218,0.767,0,0,eGFP1
816,12:30:20,0.086,0.459,0,0,eGFP1
817,12:30:21,0.076,0.569,0,0,eGFP1
818,12:30:22,0.120,0.701,0,0,eGFP1
819,12:30:22,0.108,0.558,0,0,eGFP1
820,12:30:23,0.077,0.461,0,0,eGFP1
821,12:30:23,0.086,0.756,0,0,eGFP1
822,12:30:24,0.130,0.657,0,0,eGFP1
823,12:30:25,0.097,0.745,0,0,eGFP1
824,12:30:25,0.108,0.558,0,0,eGFP1
825,12:30:26,0.075,0.492,0,0,eGFP1
826,12:30:27,0.108,0.745,0,0,eGFP1
827,12:30:27,0.098,0.505,0,0,eGFP1
828,12:30:28,0.086,0.514,0,0,eGFP1
829,12:30:28,0.085,0.524,0,0,eGFP1
830,12:30:29,0.075,0.448,0,0,eGFP1
831,12:30:29,0.076,0.482,0,0,eGFP1
832,12:30:31,0.108,1.820,0,0,eGFP1
833,12:30:32,0.108,0.525,0,0,eGFP1
834,12:30:32,0.076,0.493,0,0,eGFP1
835,12:30:33,0.097,0.734,0,0,eGFP1
836,12:30:33,0.119,0.657,0,0,eGFP1
837,12:30:34,0.087,0.515,0,0,eGFP1
838,12:30:35,0.098,0.800,0,0,eGFP1
839,12:30:35,0.119,0.558,0,0,eGFP1
840,12:30:36,0.076,0.416,0,0,eGFP1
841,12:30:36,0.054,0.406,0,0,eGFP1
842,12:30:37,0.075,0.558,0,0,eGFP1
843,12:30:37,0.130,0.657,0,0,eGFP1
844,12:30:38,0.086,0.525,0,0,eGFP1
845,12:30:39,0.099,0.746,0,0,eGFP1
846,12:30:39,0.109,0.537,0,0,eGFP1
847,12:30:40,0.064,0.470,0,0,eGFP1
848,12:30:40,0.109,0.866,0,0,eGFP1
849,12:30:41,0.108,0.536,0,0,eGFP1
850,12:30:41,0.076,0.471,0,0,eGFP1
851,12:30:42,0.086,0.547,0,0,eGFP1
852,12:30:43,0.108,0.624,0,0,eGFP1
853,12:30:43,0.099,0.637,0,0,eGFP1
854,12:30:44,0.097,0.503,0,0,eGFP1
855,12:30:44,0.086,0.580,0,0,eGFP1
856,12:30:45,0.151,0.865,0,0,eGFP1
857,12:30:46,0.108,0.591,0,0,eGFP1
858,12:30:49,0.108,2.731,0,0,eGFP1
859,12:30:49,0.130,0.591,0,0,eGFP1
860,12:30:50,0.087,0.504,0,0,eGFP1
861,12:30:51,0.108,0.964,0,0,eGFP1
862,12:30:51,0.113,0.552,0,0,eGFP1
863,12:30:52,0.075,0.470,0,0,eGFP1
864,12:30:52,0.098,0.624,0,0,eGFP1
865,12:30:53,0.098,0.504,0,0,eGFP1
866,12:30:53,0.075,0.449,0,0,eGFP1
867,12:30:54,0.075,0.459,0,0,eGFP1
868,12:30:54,0.076,0.482,0,0,eGFP1
869,12:30:55,0.086,0.635,0,0,eGFP1
870,12:30:55,0.111,0.605,0,0,eGFP1
871,12:30:56,0.086,0.613,0,0,eGFP1
872,12:30:57,0.142,0.800,0,0,eGFP1
873,12:30:57,0.097,0.569,0,0,eGFP1
874,12:30:58,0.098,0.537,0,0,eGFP1
875,12:30:59,0.097,0.646,0,0,eGFP1
876,12:30:59,0.141,0.789,0,0,eGFP1
877,12:31:01,0.547,1.250,0,0,eGFP1
878,12:31:01,0.109,0.636,0,0,eGFP1
879,12:31:02,0.087,0.471,0,0,eGFP1
880,12:31:02,0.075,0.460,0,0,eGFP1
881,12:31:03,0.075,0.734,0,0,eGFP1
882,12:31:04,0.119,0.646,0,0,eGFP1
883,12:31:04,0.119,0.624,0,0,eGFP1
884,12:31:05,0.088,0.494,0,0,eGFP1
885,12:31:05,0.087,0.602,0,0,eGFP1
886,12:31:06,0.110,0.648,0,0,eGFP1
887,12:31:06,0.086,0.449,0,0,eGFP1
888,12:31:07,0.075,0.690,0,0,eGFP1
889,12:31:08,0.141,0.657,0,0,eGFP1
890,12:31:08,0.087,0.460,0,0,eGFP1
891,12:31:09,0.086,0.690,0,0,eGFP1
892,12:31:10,0.163,0.734,0,0,eGFP1
893,12:31:10,0.086,0.536,0,0,eGFP1
894,12:31:12,0.120,1.536,0,0,eGFP1
895,12:31:12,0.109,0.526,0,0,eGFP1
896,12:31:13,0.076,0.493,0,0,eGFP1
897,12:31:13,0.087,0.767,0,0,eGFP1
898,12:31:14,0.099,0.582,0,0,eGFP1
899,12:31:15,0.087,0.537,0,0,eGFP1
900,12:31:15,0.086,0.481,0,0,eGFP1
901,12:31:16,0.087,0.614,0,0,eGFP1
902,12:31:16,0.108,0.657,0,0,eGFP1
903,12:31:17,0.088,0.483,0,0,eGFP1
904,12:31:17,0.087,0.603,0,0,eGFP1
905,12:31:19,0.130,1.513,0,0,eGFP1
906,12:31:19,0.130,0.558,0,0,eGFP1
907,12:31:20,0.076,0.460,0,0,eGFP1
908,12:31:21,0.087,0.712,0,0,eGFP1
909,12:31:21,0.120,0.581,0,0,eGFP1
910,12:31:22,0.075,0.437,0,0,eGFP1
911,12:31:23,0.088,1.844,0,0,eGFP1
912,12:31:24,0.146,0.673,0,0,eGFP1
913,12:31:25,0.076,0.438,0,0,eGFP1
914,12:31:25,0.065,0.482,0,0,eGFP1
915,12:31:26,0.097,0.679,0,0,eGFP1
916,12:31:26,0.109,0.657,0,0,eGFP1
917,12:31:28,0.603,1.656,0,0,eGFP1
918,12:31:29,0.120,1.009,0,0,eGFP1
919,12:31:30,0.176,1.076,0,0,eGFP1
920,12:31:31,0.152,0.734,0,0,eGFP1
921,12:31:32,0.108,0.646,0,0,eGFP1
922,12:31:32,0.087,0.515,0,0,eGFP1
923,12:31:33,0.076,0.690,0,0,eGFP1
924,12:31:33,0.120,0.581,0,0,eGFP1
925,12:31:34,0.086,0.427,0,0,eGFP1
926,12:31:34,0.064,0.492,0,0,eGFP1
927,12:31:35,0.121,0.813,0,0,eGFP1
928,12:31:36,0.110,0.560,0,0,eGFP1
929,12:31:36,0.086,0.514,0,0,eGFP1
930,12:31:37,0.087,0.581,0,0,eGFP1
931,12:31:37,0.076,0.449,0,0,eGFP1
932,12:31:38,0.065,0.493,0,0,eGFP1
933,12:31:38,0.119,0.767,0,0,eGFP1
934,12:31:39,0.097,0.493,0,0,eGFP1
935,12:31:39,0.064,0.416,0,0,eGFP1
936,12:31:40,0.066,0.691,0,0,eGFP1
937,12:31:41,0.175,0.866,0,0,eGFP1
938,12:31:42,0.131,0.800,0,0,eGFP1
939,12:31:42,0.120,0.658,0,0,eGFP1
940,12:31:43,0.098,0.504,0,0,eGFP1
941,12:31:43,0.077,0.637,0,0,eGFP1
942,12:31:44,0.141,0.712,0,0,eGFP1
943,12:31:45,0.087,0.515,0,0,eGFP1
944,12:31:45,0.099,0.790,0,0,eGFP1
945,12:31:46,0.109,0.548,0,0,eGFP1
946,12:31:47,0.076,0.537,0,0,eGFP1
947,12:31:47,0.108,0.635,0,0,eGFP1
948,12:31:48,0.087,0.471,0,0,eGFP1
949,12:31:48,0.076,0.493,0,0,eGFP1
950,12:31:49,0.087,0.592,0,0,eGFP1
951,12:31:49,0.086,0.481,0,0,eGFP1
952,12:31:50,0.067,0.418,0,0,eGFP1
953,12:31:51,0.076,0.921,0,0,eGFP1
954,12:31:51,0.163,0.668,0,0,eGFP1
955,12:31:52,0.088,0.472,0,0,eGFP1
956,12:31:52,0.087,0.658,0,0,eGFP1
957,12:31:53,0.142,0.701,0,0,eGFP1
958,12:31:54,0.087,0.460,0,0,eGFP1
959,12:31:54,0.065,0.471,0,0,eGFP1
960,12:31:55,0.087,0.724,0,0,eGFP1
961,12:31:55,0.099,0.505,0,0,eGFP1
962,12:31:56,0.076,0.416,0,0,eGFP1
963,12:31:56,0.065,0.471,0,0,eGFP1
964,12:31:57,0.109,0.668,0,0,eGFP1
965,12:31:57,0.098,0.515,0,0,eGFP1
966,12:31:58,0.065,0.460,0,0,eGFP1
967,12:31:59,0.087,0.724,0,0,eGFP1
968,12:31:59,0.130,0.635,0,0,eGFP1
969,12:32:00,0.090,0.452,0,0,eGFP1
970,12:32:00,0.076,0.438,0,0,eGFP1
971,12:32:01,0.076,0.767,0,0,eGFP1
972,12:32:01,0.131,0.603,0,0,eGFP1
973,12:32:02,0.076,0.449,0,0,eGFP1
974,12:32:02,0.076,0.625,0,0,eGFP1
975,12:32:04,0.130,1.096,0,0,eGFP1
976,12:32:05,0.263,1.152,0,0,eGFP1
977,12:32:06,0.154,1.010,0,0,eGFP1
978,12:32:07,0.142,0.910,0,0,eGFP1
979,12:32:07,0.131,0.756,0,0,eGFP1
980,12:32:08,0.120,0.801,0,0,eGFP1
981,12:32:11,0.339,2.380,0,0,eGFP1
982,12:32:12,0.296,1.459,0,0,eGFP1
983,12:32:13,0.175,1.415,0,0,eGFP1
984,12:32:14,0.119,0.887,0,0,eGFP1
985,12:32:15,0.165,0.714,0,0,eGFP1
986,12:32:16,0.087,0.646,0,0,eGFP1
987,12:32:19,2.216,3.698,0,0,eGFP1
988,12:32:22,0.164,2.227,0,0,eGFP1
989,12:32:22,0.196,0.800,0,0,eGFP1
990,12:32:23,0.087,0.570,0,0,eGFP1
991,12:32:24,0.153,0.921,0,0,eGFP1
992,12:32:24,0.109,0.581,0,0,eGFP1
993,12:32:25,0.120,0.943,0,0,eGFP1
994,12:32:26,0.143,0.889,0,0,eGFP1
995,12:32:27,0.153,0.768,0,0,eGFP1
996,12:32:28,0.098,0.625,0,0,eGFP1
997,12:32:29,0.142,1.250,0,0,eGFP1
998,12:32:30,0.198,0.911,0,0,eGFP1
999,12:32:30,0.109,0.559,0,0,eGFP1
1000,12:32:31,0.076,0.515,0,0,eGFP1
1001,12:32:32,0.120,0.943,0,0,eGFP1
1002,12:32:33,0.144,0.747,0,0,eGFP1
1003,12:32:33,0.109,0.724,0,0,eGFP1
1004,12:32:34,0.109,0.636,0,0,eGFP1
1005,12:32:35,0.120,0.658,0,0,eGFP1
1006,12:32:35,0.087,0.504,0,0,eGFP1
1007,12:32:36,0.109,0.734,0,0,eGFP1
1008,12:32:37,0.142,0.735,0,0,eGFP1
1009,12:32:37,0.098,0.493,0,0,eGFP1
1010,12:32:38,0.077,0.879,0,0,eGFP1
1011,12:32:39,0.142,0.646,0,0,eGFP1
1012,12:32:40,0.122,0.956,0,0,eGFP1
1013,12:32:40,0.131,0.712,0,0,eGFP1
1014,12:32:41,0.099,0.527,0,0,eGFP1
1015,12:32:41,0.087,0.613,0,0,eGFP1
1016,12:32:42,0.142,0.867,0,0,eGFP1
1017,12:32:43,0.109,0.712,0,0,eGFP1
1018,12:32:44,0.122,0.682,0,0,eGFP1
1019,12:32:44,0.098,0.734,0,0,eGFP1
1020,12:32:45,0.153,0.790,0,0,eGFP1
1021,12:32:46,0.098,0.702,0,0,eGFP1
1022,12:32:47,0.175,1.042,0,0,eGFP1
1023,12:32:48,0.164,0.932,0,0,eGFP1
1024,12:32:49,0.164,0.866,0,0,eGFP1
1025,12:32:49,0.100,0.539,0,0,eGFP1
1026,12:32:50,0.076,0.723,0,0,eGFP1
1027,12:32:51,0.363,1.263,0,0,eGFP1
1028,12:32:52,0.098,0.559,0,0,eGFP1
1029,12:32:53,0.098,0.636,0,0,eGFP1
1030,12:34:01,0.153,68.148,0,0,eGFP1
1031,12:34:02,0.142,1.514,0,0,eGFP1
1032,12:34:03,0.109,0.834,0,0,eGFP1
1033,12:34:04,0.175,0.833,0,0,eGFP1
1034,12:34:05,0.098,0.812,0,0,eGFP1
1035,12:34:06,0.286,1.427,0,0,eGFP1
1036,12:34:07,0.120,1.415,0,0,eGFP1
1037,12:34:09,0.296,1.273,0,0,eGFP1
1038,12:34:09,0.109,0.701,0,0,eGFP1
1039,12:34:10,0.177,0.890,0,0,eGFP1
1040,12:34:11,0.098,0.537,0,0,eGFP1
1041,12:34:12,0.088,0.823,0,0,eGFP1
1042,12:34:12,0.131,0.625,0,0,eGFP1
1043,12:34:13,0.089,0.528,0,0,eGFP1
1044,12:34:14,0.142,0.910,0,0,eGFP1
1045,12:34:15,0.131,0.778,0,0,eGFP1
1046,12:34:16,0.110,1.394,0,0,eGFP1
1047,12:34:17,0.131,0.647,0,0,eGFP1
1048,12:34:17,0.098,0.702,0,0,eGFP1
1049,12:34:18,0.175,0.910,0,0,eGFP1
1050,12:34:19,0.098,0.570,0,0,eGFP1
1051,12:34:19,0.089,0.670,0,0,eGFP1
1052,12:34:20,0.099,0.538,0,0,eGFP1
1053,12:34:22,0.077,1.712,0,0,eGFP1
1054,12:34:22,0.154,0.702,0,0,eGFP1
1055,12:34:23,0.142,0.757,0,0,eGFP1
1056,12:34:24,0.087,0.526,0,0,eGFP1
1057,12:34:24,0.088,0.603,0,0,eGFP1
1058,12:34:25,0.099,0.538,0,0,eGFP1
1059,12:34:27,0.087,1.843,0,0,eGFP1
1060,12:34:28,0.154,0.890,0,0,eGFP1
1061,12:34:29,0.789,1.437,0,0,eGFP1
1062,12:34:33,0.077,4.324,0,0,eGFP1
1063,12:34:34,0.274,0.559,0,0,eGFP1
1064,12:34:35,0.296,0.900,0,0,eGFP1
1065,12:34:35,0.098,0.592,0,0,eGFP1
1066,12:34:36,0.098,0.691,0,0,eGFP1
1067,12:34:37,0.122,0.747,0,0,eGFP1
1068,12:34:37,0.111,0.594,0,0,eGFP1
1069,12:34:38,0.087,0.526,0,0,eGFP1
1070,12:34:39,0.110,0.801,0,0,eGFP1
1071,12:34:39,0.109,0.570,0,0,eGFP1
1072,12:34:40,0.077,0.428,0,0,eGFP1
1073,12:34:40,0.054,0.438,0,0,eGFP1
1074,12:34:41,0.088,0.713,0,0,eGFP1
1075,12:34:41,0.099,0.505,0,0,eGFP1
1076,12:34:42,0.077,0.462,0,0,eGFP1
1077,12:34:42,0.076,0.460,0,0,eGFP1
1078,12:34:43,0.077,0.636,0,0,eGFP1
1079,12:34:44,0.110,0.571,0,0,eGFP1
1080,12:34:44,0.076,0.811,0,0,eGFP1
1081,12:34:45,0.144,0.627,0,0,eGFP1
1082,12:34:45,0.076,0.416,0,0,eGFP1
1083,12:34:46,0.055,0.384,0,0,eGFP1
1084,12:34:46,0.066,0.658,0,0,eGFP1
1085,12:34:47,0.142,0.657,0,0,eGFP1
1086,12:34:48,0.077,0.472,0,0,eGFP1
1087,12:34:48,0.076,0.504,0,0,eGFP1
1088,12:34:49,0.099,0.560,0,0,eGFP1
1089,12:34:49,0.087,0.515,0,0,eGFP1
1090,12:34:50,0.088,0.647,0,0,eGFP1
1091,12:34:50,0.121,0.593,0,0,eGFP1
1092,12:34:51,0.065,0.416,0,0,eGFP1
1093,12:34:51,0.067,0.407,0,0,eGFP1
1094,12:34:52,0.077,0.779,0,0,eGFP1
1095,12:34:53,0.133,0.594,0,0,eGFP1
1096,12:34:53,0.076,0.439,0,0,eGFP1
1097,12:34:54,0.076,0.570,0,0,eGFP1
1098,12:34:54,0.098,0.559,0,0,eGFP1
1099,12:34:55,0.077,0.450,0,0,eGFP1
1100,12:34:55,0.066,0.428,0,0,eGFP1
1101,12:34:56,0.089,0.780,0,0,eGFP1
1102,12:34:57,0.186,0.845,0,0,eGFP1
1103,12:34:57,0.088,0.527,0,0,eGFP1
1104,12:34:58,0.098,0.757,0,0,eGFP1
1105,12:34:58,0.098,0.515,0,0,eGFP1
1106,12:34:59,0.077,0.582,0,0,eGFP1
1107,12:35:00,0.109,0.581,0,0,eGFP1
1108,12:35:00,0.089,0.506,0,0,eGFP1
1109,12:35:01,0.089,0.638,0,0,eGFP1
1110,12:35:01,0.109,0.592,0,0,eGFP1
1111,12:35:02,0.077,0.516,0,0,eGFP1
1112,12:35:02,0.087,0.636,0,0,eGFP1
1113,12:35:03,0.109,0.614,0,0,eGFP1
1114,12:35:05,0.110,1.964,0,0,eGFP1
1115,12:35:06,0.132,0.604,0,0,eGFP1
1116,12:35:06,0.076,0.647,0,0,eGFP1
1117,12:35:07,0.120,0.647,0,0,eGFP1
1118,12:35:07,0.078,0.495,0,0,eGFP1
1119,12:35:08,0.088,0.505,0,0,eGFP1
1120,12:35:08,0.087,0.515,0,0,eGFP1
1121,12:35:09,0.099,0.571,0,0,eGFP1
1122,12:35:10,0.144,0.824,0,0,eGFP1
1123,12:35:10,0.098,0.592,0,0,eGFP1
1124,12:35:11,0.121,0.659,0,0,eGFP1
1125,12:35:12,0.087,0.482,0,0,eGFP1
1126,12:35:12,0.067,0.528,0,0,eGFP1
1127,12:35:13,0.110,0.801,0,0,eGFP1
1128,12:35:13,0.121,0.582,0,0,eGFP1
1129,12:35:14,0.076,0.515,0,0,eGFP1
1130,12:35:15,0.088,0.779,0,0,eGFP1
1131,12:35:15,0.110,0.549,0,0,eGFP1
1132,12:35:16,0.087,0.636,0,0,eGFP1
1133,12:35:17,0.099,0.538,0,0,eGFP1
1134,12:35:17,0.078,0.593,0,0,eGFP1
1135,12:35:18,0.121,0.736,0,0,eGFP1
1136,12:35:18,0.100,0.506,0,0,eGFP1
1137,12:35:19,0.076,0.449,0,0,eGFP1
1138,12:35:19,0.088,0.703,0,0,eGFP1
1139,12:35:20,0.109,0.614,0,0,eGFP1
1140,12:35:21,0.088,0.647,0,0,eGFP1
1141,12:35:22,0.132,0.834,0,0,eGFP1
1142,12:35:22,0.144,0.836,0,0,eGFP1
1143,12:35:23,0.087,0.515,0,0,eGFP1
1144,12:35:23,0.077,0.538,0,0,eGFP1
1145,12:35:24,0.121,0.757,0,0,eGFP1
1146,12:35:25,0.110,0.571,0,0,eGFP1
1147,12:35:25,0.087,0.603,0,0,eGFP1
1148,12:35:26,0.121,0.702,0,0,eGFP1
1149,12:35:27,0.099,0.593,0,0,eGFP1
1150,12:35:27,0.089,0.616,0,0,eGFP1
1151,12:35:28,0.122,0.769,0,0,eGFP1
1152,12:35:29,0.132,0.702,0,0,eGFP1
1153,12:35:30,0.121,0.747,0,0,eGFP1
1154,12:35:30,0.131,0.823,0,0,eGFP1
1155,12:35:31,0.109,0.581,0,0,eGFP1
1156,12:35:32,0.088,0.648,0,0,eGFP1
1157,12:35:32,0.131,0.768,0,0,eGFP1
1158,12:35:33,0.109,0.603,0,0,eGFP1
1159,12:35:34,0.089,0.572,0,0,eGFP1
1160,12:35:34,0.110,0.702,0,0,eGFP1
1161,12:35:35,0.121,0.582,0,0,eGFP1
1162,12:35:35,0.077,0.483,0,0,eGFP1
1163,12:35:36,0.088,0.680,0,0,eGFP1
1164,12:35:37,0.199,0.956,0,0,eGFP1
1165,12:35:38,0.099,0.593,0,0,eGFP1
1166,12:35:38,0.132,0.856,0,0,eGFP1
1167,12:35:39,0.100,0.561,0,0,eGFP1
1168,12:35:39,0.088,0.527,0,0,eGFP1
1169,12:35:40,0.087,0.482,0,0,eGFP1
1170,12:35:41,0.077,0.549,0,0,eGFP1
1171,12:35:41,0.110,0.955,0,0,eGFP1
1172,12:35:43,0.197,1.075,0,0,eGFP1
1173,12:35:43,0.110,0.637,0,0,eGFP1
1174,12:35:44,0.099,0.592,0,0,eGFP1
1175,12:35:44,0.101,0.583,0,0,eGFP1
1176,12:35:45,0.099,0.681,0,0,eGFP1
1177,12:35:46,0.110,0.614,0,0,eGFP1
1178,12:35:46,0.079,0.474,0,0,eGFP1
1179,12:35:47,0.087,0.570,0,0,eGFP1
1180,12:35:47,0.088,0.560,0,0,eGFP1
1181,12:35:48,0.099,0.604,0,0,eGFP1
1182,12:35:48,0.087,0.471,0,0,eGFP1
1183,12:35:49,0.077,0.516,0,0,eGFP1
1184,12:35:50,0.091,0.661,0,0,eGFP1
1185,12:35:50,0.110,0.626,0,0,eGFP1
1186,12:35:51,0.099,0.527,0,0,eGFP1
1187,12:35:51,0.087,0.746,0,0,eGFP1
1188,12:35:52,0.165,0.779,0,0,eGFP1
1189,12:35:53,0.110,0.637,0,0,eGFP1
1190,12:35:53,0.120,0.559,0,0,eGFP1
1191,12:35:54,0.077,0.439,0,0,eGFP1
1192,12:35:54,0.088,0.648,0,0,eGFP1
1193,12:35:55,0.121,0.648,0,0,eGFP1
1194,12:35:56,0.088,0.483,0,0,eGFP1
1195,12:35:56,0.077,0.691,0,0,eGFP1
1196,12:35:57,0.143,0.746,0,0,eGFP1
1197,12:35:58,0.121,0.911,0,0,eGFP1
1198,12:35:59,0.110,0.604,0,0,eGFP1
1199,12:35:59,0.099,0.637,0,0,eGFP1
1200,12:36:00,0.122,0.802,0,0,eGFP1
1201,12:36:01,0.121,0.615,0,0,eGFP1
1202,12:36:01,0.088,0.582,0,0,eGFP1
1203,12:36:02,0.096,0.711,0,0,eGFP1
1204,12:36:03,0.119,0.722,0,0,eGFP1
1205,12:36:03,0.153,0.856,0,0,eGFP1
1206,12:36:04,0.108,0.634,0,0,eGFP1
1207,12:36:05,0.097,0.591,0,0,eGFP1
1208,12:36:05,0.098,0.603,0,0,eGFP1
1209,12:36:06,0.108,0.821,0,0,eGFP1
1210,12:36:07,0.119,0.646,0,0,eGFP1
1211,12:36:07,0.097,0.689,0,0,eGFP1
1212,12:36:08,0.141,0.909,0,0,eGFP1
1213,12:36:09,0.130,0.942,0,0,eGFP1
1214,12:36:10,0.163,0.778,0,0,eGFP1
1215,12:36:11,0.118,0.854,0,0,eGFP1
1216,12:36:12,0.108,0.568,0,0,eGFP1
1217,12:36:12,0.077,0.450,0,0,eGFP1
1218,12:36:13,0.086,0.602,0,0,eGFP1
1219,12:36:13,0.120,0.756,0,0,eGFP1
1220,12:36:14,0.108,0.591,0,0,eGFP1
1221,12:36:15,0.097,0.613,0,0,eGFP1
1222,12:36:15,0.108,0.667,0,0,eGFP1
1223,12:36:16,0.108,0.745,0,0,eGFP1
1224,12:36:17,0.108,0.777,0,0,eGFP1
1225,12:36:18,0.143,0.857,0,0,eGFP1
1226,12:36:24,0.162,6.165,0,0,eGFP1
1227,12:36:24,0.130,0.624,0,0,eGFP1
1228,12:36:25,0.097,0.514,0,0,eGFP1
1229,12:36:25,0.075,0.459,0,0,eGFP1
1230,12:36:26,0.075,0.503,0,0,eGFP1
1231,12:36:26,0.075,0.525,0,0,eGFP1
1232,12:36:27,0.108,0.711,0,0,eGFP1
1233,12:36:28,0.111,0.550,0,0,eGFP1
1234,12:36:28,0.086,0.481,0,0,eGFP1
1235,12:36:29,0.086,0.624,0,0,eGFP1
1236,12:36:29,0.108,0.569,0,0,eGFP1
1237,12:36:30,0.086,0.459,0,0,eGFP1
1238,12:36:30,0.086,0.700,0,0,eGFP1
1239,12:36:31,0.130,0.635,0,0,eGFP1
1240,12:36:32,0.086,0.459,0,0,eGFP1
1241,12:36:32,0.076,0.636,0,0,eGFP1
1242,12:36:33,0.119,0.624,0,0,eGFP1
1243,12:36:33,0.075,0.481,0,0,eGFP1
1244,12:36:34,0.086,0.788,0,0,eGFP1
1245,12:36:35,0.108,0.558,0,0,eGFP1
1246,12:36:35,0.075,0.448,0,0,eGFP1
1247,12:36:36,0.077,1.317,0,0,eGFP1
1248,12:38:30,0.272,113.360,0,0,eGFP1
1249,12:38:31,0.119,0.843,0,0,eGFP1
1250,12:38:32,0.153,0.910,0,0,eGFP1
1251,12:38:32,0.108,0.657,0,0,eGFP1
1252,12:38:33,0.141,0.811,0,0,eGFP1
1253,12:38:34,0.108,0.887,0,0,eGFP1
1254,12:38:35,0.152,0.777,0,0,eGFP1
1255,12:38:35,0.108,0.745,0,0,eGFP1
1256,12:38:36,0.141,0.931,0,0,eGFP1
1257,12:38:37,0.141,0.887,0,0,eGFP1
1258,12:38:38,0.197,1.119,0,0,eGFP1
1259,12:38:41,0.262,2.380,0,0,eGFP1
1260,12:38:41,0.119,0.623,0,0,eGFP1
1261,12:38:42,0.121,0.900,0,0,eGFP1
1262,12:38:43,0.108,0.580,0,0,eGFP1
1263,12:38:44,0.108,1.502,0,0,eGFP1
1264,12:38:45,0.108,0.799,0,0,eGFP1
1265,12:38:46,0.141,1.019,0,0,eGFP1
1266,12:38:47,0.176,0.922,0,0,eGFP1
1267,12:38:48,0.174,1.074,0,0,eGFP1
1268,12:38:49,0.141,0.865,0,0,eGFP1
1269,12:38:50,0.141,1.370,0,0,eGFP1
1270,12:38:51,0.141,0.745,0,0,eGFP1
1271,12:38:52,0.185,1.337,0,0,eGFP1
1272,12:38:55,0.218,2.709,0,0,eGFP1
1273,12:38:56,0.108,0.755,0,0,eGFP1
1274,12:38:57,0.166,0.847,0,0,eGFP1
1275,12:38:58,0.141,0.898,0,0,eGFP1
1276,12:38:59,0.163,0.920,0,0,eGFP1
1277,12:38:59,0.163,0.854,0,0,eGFP1
1278,12:39:00,0.141,1.041,0,0,eGFP1
1279,12:39:01,0.174,0.855,0,0,eGFP1
1280,12:39:02,0.163,1.051,0,0,eGFP1
1281,12:39:03,0.163,1.030,0,0,eGFP1
1282,12:39:04,0.152,0.855,0,0,eGFP1
1283,12:39:05,0.131,0.899,0,0,eGFP1
1284,12:39:06,0.163,0.943,0,0,eGFP1
1285,12:39:07,0.108,0.580,0,0,eGFP1
1286,12:39:08,0.119,0.920,0,0,eGFP1
1287,12:39:08,0.108,0.668,0,0,eGFP1
1288,12:39:09,0.186,1.086,0,0,eGFP1
1289,12:39:10,0.119,0.865,0,0,eGFP1
1290,12:39:11,0.196,0.953,0,0,eGFP1
1291,12:39:12,0.165,1.097,0,0,eGFP1
1292,12:39:13,0.109,0.570,0,0,eGFP1
1293,12:39:17,0.086,4.234,0,0,eGFP1
1294,12:39:18,0.207,0.876,0,0,eGFP1
1295,12:39:19,0.097,0.701,0,0,eGFP1
1296,12:39:20,0.218,0.975,0,0,eGFP1
1297,12:39:20,0.097,0.503,0,0,eGFP1
1298,12:39:21,0.076,0.493,0,0,eGFP1
1299,12:39:21,0.098,0.625,0,0,eGFP1
1300,12:39:22,0.086,0.481,0,0,eGFP1
1301,12:39:22,0.076,0.613,0,0,eGFP1
1302,12:39:23,0.099,0.505,0,0,eGFP1
1303,12:39:23,0.086,0.470,0,0,eGFP1
1304,12:39:24,0.087,0.690,0,0,eGFP1
1305,12:39:25,0.097,0.624,0,0,eGFP1
1306,12:39:26,0.152,1.173,0,0,eGFP1
1307,12:39:26,0.110,0.538,0,0,eGFP1
1308,12:39:27,0.064,0.503,0,0,eGFP1
1309,12:39:27,0.108,0.635,0,0,eGFP1
1310,12:39:28,0.075,0.459,0,0,eGFP1
1311,12:39:29,0.087,0.591,0,0,eGFP1
1312,12:39:29,0.087,0.471,0,0,eGFP1
1313,12:39:29,0.075,0.437,0,0,eGFP1
1314,12:39:30,0.076,0.536,0,0,eGFP1
1315,12:39:31,0.109,0.570,0,0,eGFP1
1316,12:39:31,0.067,0.440,0,0,eGFP1
1317,12:39:32,0.075,0.536,0,0,eGFP1
1318,12:39:32,0.130,0.723,0,0,eGFP1
1319,12:39:33,0.086,0.525,0,0,eGFP1
1320,12:39:33,0.108,0.657,0,0,eGFP1
1321,12:39:34,0.086,0.481,0,0,eGFP1
1322,12:39:34,0.087,0.559,0,0,eGFP1
1323,12:39:35,0.108,0.711,0,0,eGFP1
1324,12:39:36,0.099,0.505,0,0,eGFP1
1325,12:39:36,0.065,0.383,0,0,eGFP1
1326,12:39:37,0.064,0.459,0,0,eGFP1
1327,12:39:37,0.098,0.745,0,0,eGFP1
1328,12:39:38,0.097,0.492,0,0,eGFP1
1329,12:39:38,0.076,0.438,0,0,eGFP1
1330,12:39:39,0.077,0.516,0,0,eGFP1
1331,12:39:39,0.097,0.646,0,0,eGFP1
1332,12:39:40,0.087,0.461,0,0,eGFP1
1333,12:39:40,0.075,0.448,0,0,eGFP1
1334,12:39:41,0.087,0.624,0,0,eGFP1
1335,12:39:41,0.109,0.569,0,0,eGFP1
1336,12:39:42,0.076,0.460,0,0,eGFP1
1337,12:39:43,0.086,0.613,0,0,eGFP1
1338,12:39:43,0.098,0.526,0,0,eGFP1
1339,12:39:44,0.075,0.547,0,0,eGFP1
1340,12:39:44,0.108,0.635,0,0,eGFP1
1341,12:39:45,0.085,0.469,0,0,eGFP1
1342,12:39:45,0.076,0.493,0,0,eGFP1
1343,12:39:46,0.108,0.832,0,0,eGFP1
1344,12:39:47,0.099,0.637,0,0,eGFP1
1345,12:39:47,0.119,0.668,0,0,eGFP1
1346,12:39:48,0.097,0.569,0,0,eGFP1
1347,12:39:48,0.076,0.471,0,0,eGFP1
1348,12:39:49,0.087,0.635,0,0,eGFP1
1349,12:39:50,0.099,0.560,0,0,eGFP1
1350,12:39:50,0.086,0.503,0,0,eGFP1
1351,12:39:51,0.087,0.646,0,0,eGFP1
1352,12:39:51,0.120,0.614,0,0,eGFP1
1353,12:39:52,0.086,0.492,0,0,eGFP1
1354,12:39:52,0.087,0.569,0,0,eGFP1
1355,12:39:53,0.109,0.745,0,0,eGFP1
1356,12:39:54,0.120,0.603,0,0,eGFP1
1357,12:39:54,0.087,0.559,0,0,eGFP1
1358,12:39:55,0.108,0.612,0,0,eGFP1
1359,12:39:56,0.098,0.745,0,0,eGFP1
1360,12:39:56,0.098,0.548,0,0,eGFP1
1361,12:39:57,0.086,0.503,0,0,eGFP1
1362,12:39:58,0.109,0.822,0,0,eGFP1
1363,12:39:58,0.108,0.536,0,0,eGFP1
1364,12:39:59,0.076,0.526,0,0,eGFP1
1365,12:39:59,0.121,0.889,0,0,eGFP1
1366,12:40:00,0.119,0.591,0,0,eGFP1
1367,12:40:01,0.087,0.537,0,0,eGFP1
1368,12:40:01,0.086,0.514,0,0,eGFP1
1369,12:40:02,0.087,0.504,0,0,eGFP1
1370,12:40:07,0.108,4.959,0,0,eGFP1
1371,12:40:11,0.208,4.697,0,0,eGFP1
1372,12:40:25,12.958,13.990,0,0,eGFP1
1373,12:40:26,0.152,0.679,0,0,eGFP1
1374,12:40:27,0.099,0.768,0,0,eGFP1
1375,12:40:27,0.109,0.537,0,0,eGFP1
1376,12:40:28,0.075,0.438,0,0,eGFP1
1377,12:40:28,0.075,0.569,0,0,eGFP1
1378,12:40:29,0.108,0.679,0,0,eGFP1
1379,12:40:29,0.076,0.460,0,0,eGFP1
1380,12:40:30,0.064,0.514,0,0,eGFP1
1381,12:40:31,0.120,0.756,0,0,eGFP1
1382,12:40:31,0.099,0.549,0,0,eGFP1
1383,12:40:32,0.098,0.570,0,0,eGFP1
1384,12:40:32,0.086,0.448,0,0,eGFP1
1385,12:40:33,0.077,0.461,0,0,eGFP1
1386,12:40:33,0.098,0.603,0,0,eGFP1
1387,12:40:34,0.097,0.514,0,0,eGFP1
1388,12:40:34,0.079,0.474,0,0,eGFP1
1389,12:40:35,0.097,0.844,0,0,eGFP1
1390,12:40:36,0.101,0.573,0,0,eGFP1
1391,12:40:36,0.087,0.548,0,0,eGFP1
1392,12:40:37,0.097,0.602,0,0,eGFP1
1393,12:40:37,0.087,0.515,0,0,eGFP1
1394,12:40:38,0.086,0.657,0,0,eGFP1
1395,12:40:39,0.109,0.888,0,0,eGFP1
1396,12:40:40,0.119,0.591,0,0,eGFP1
1397,12:40:40,0.087,0.987,0,0,eGFP1
1398,12:40:41,0.241,0.801,0,0,eGFP1
1399,12:40:42,0.088,0.681,0,0,eGFP1
1400,12:40:43,0.119,0.591,0,0,eGFP1
1401,12:40:43,0.087,0.460,0,0,eGFP1
1402,12:40:44,0.076,0.690,0,0,eGFP1
1403,12:40:44,0.142,0.635,0,0,eGFP1
1404,12:40:45,0.076,0.614,0,0,eGFP1
1405,12:40:46,0.120,0.646,0,0,eGFP1
1406,12:40:46,0.098,0.625,0,0,eGFP1
1407,12:40:47,0.121,0.724,0,0,eGFP1
1408,12:40:48,0.098,0.592,0,0,eGFP1
1409,12:40:48,0.086,0.470,0,0,eGFP1
1410,12:40:48,0.065,0.438,0,0,eGFP1
1411,12:40:49,0.098,0.559,0,0,eGFP1
1412,12:40:50,0.087,0.537,0,0,eGFP1
1413,12:40:50,0.088,0.647,0,0,eGFP1
1414,12:40:51,0.120,0.636,0,0,eGFP1
1415,12:40:51,0.099,0.658,0,0,eGFP1
1416,12:40:52,0.142,0.702,0,0,eGFP1
1417,12:40:53,0.097,0.547,0,0,eGFP1
1418,12:40:53,0.098,0.592,0,0,eGFP1
1419,12:40:54,0.097,0.536,0,0,eGFP1
1420,12:40:54,0.065,0.460,0,0,eGFP1
1421,12:40:55,0.087,0.537,0,0,eGFP1
1422,12:40:56,0.098,0.701,0,0,eGFP1
1423,12:40:56,0.110,0.582,0,0,eGFP1
1424,12:40:57,0.098,0.800,0,0,eGFP1
1425,12:40:58,0.164,0.702,0,0,eGFP1
1426,12:40:58,0.086,0.591,0,0,eGFP1
1427,12:40:59,0.099,0.714,0,0,eGFP1
1428,12:41:00,0.119,0.723,0,0,eGFP1
1429,12:41:00,0.142,0.723,0,0,eGFP1
1430,12:41:01,0.098,0.559,0,0,eGFP1
1431,12:41:01,0.077,0.538,0,0,eGFP1
1432,12:41:02,0.098,0.581,0,0,eGFP1
1433,12:41:03,0.097,0.800,0,0,eGFP1
1434,12:41:04,0.152,0.756,0,0,eGFP1
1435,12:41:04,0.120,0.811,0,0,eGFP1
1436,12:41:05,0.120,0.811,0,0,eGFP1
1437,12:41:06,0.131,0.603,0,0,eGFP1
1438,12:41:06,0.075,0.427,0,0,eGFP1
1439,12:41:07,0.075,0.591,0,0,eGFP1
1440,12:41:08,0.134,0.639,0,0,eGFP1
1441,12:41:08,0.075,0.470,0,0,eGFP1
1442,12:41:10,0.087,1.799,0,0,eGFP1
1443,12:41:12,1.031,1.931,0,0,eGFP1
1444,12:41:12,0.108,0.646,0,0,eGFP1
1445,12:41:13,0.120,0.625,0,0,eGFP1
1446,12:41:13,0.075,0.482,0,0,eGFP1
1447,12:41:14,0.075,0.613,0,0,eGFP1
1448,12:41:15,0.110,0.769,0,0,eGFP1
1449,12:41:17,0.130,1.974,0,0,eGFP1
1450,12:41:18,0.186,0.756,0,0,eGFP1
1451,12:41:18,0.087,0.548,0,0,eGFP1
1452,12:41:19,0.076,0.482,0,0,eGFP1
1453,12:41:20,0.087,1.107,0,0,eGFP1
1454,12:41:21,0.198,0.890,0,0,eGFP1
1455,12:41:21,0.108,0.580,0,0,eGFP1
1456,12:41:22,0.100,0.714,0,0,eGFP1
1457,12:41:23,0.120,0.636,0,0,eGFP1
1458,12:41:23,0.076,0.624,0,0,eGFP1
1459,12:41:24,0.142,0.746,0,0,eGFP1
1460,12:41:25,0.141,0.942,0,0,eGFP1
1461,12:41:25,0.109,0.592,0,0,eGFP1
1462,12:41:26,0.098,0.636,0,0,eGFP1
1463,12:41:27,0.098,0.493,0,0,eGFP1
1464,12:41:27,0.066,0.417,0,0,eGFP1
1465,12:41:28,0.076,0.756,0,0,eGFP1
1466,12:41:28,0.120,0.592,0,0,eGFP1
1467,12:41:29,0.087,0.515,0,0,eGFP1
1468,12:41:29,0.088,0.637,0,0,eGFP1
1469,12:41:30,0.098,0.603,0,0,eGFP1
1470,12:41:31,0.109,0.833,0,0,eGFP1
1471,12:41:32,0.120,0.603,0,0,eGFP1
1472,12:41:32,0.087,0.559,0,0,eGFP1
1473,12:41:33,0.088,0.582,0,0,eGFP1
1474,12:41:33,0.098,0.559,0,0,eGFP1
1475,12:41:34,0.076,0.460,0,0,eGFP1
1476,12:41:34,0.076,0.504,0,0,eGFP1
1477,12:41:35,0.109,0.921,0,0,eGFP1
1478,12:41:36,0.120,0.570,0,0,eGFP1
1479,12:41:36,0.087,0.559,0,0,eGFP1
1480,12:41:37,0.131,0.811,0,0,eGFP1
1481,12:41:38,0.089,0.484,0,0,eGFP1
1482,12:41:38,0.066,0.428,0,0,eGFP1
1483,12:41:39,0.098,0.779,0,0,eGFP1
1484,12:41:39,0.120,0.635,0,0,eGFP1
1485,12:41:40,0.098,0.625,0,0,eGFP1
1486,12:41:41,0.109,0.592,0,0,eGFP1
1487,12:41:41,0.087,0.537,0,0,eGFP1
1488,12:41:42,0.087,0.526,0,0,eGFP1
1489,12:41:42,0.099,0.802,0,0,eGFP1
1490,12:41:43,0.120,0.679,0,0,eGFP1
1491,12:41:44,0.120,0.757,0,0,eGFP1
1492,12:41:44,0.109,0.581,0,0,eGFP1
1493,12:41:45,0.076,0.493,0,0,eGFP1
1494,12:41:45,0.087,0.504,0,0,eGFP1
1495,12:41:46,0.087,0.768,0,0,eGFP1
1496,12:41:47,0.110,0.549,0,0,eGFP1
1497,12:41:48,0.088,0.824,0,0,eGFP1
1498,12:41:48,0.153,0.679,0,0,eGFP1
1499,12:41:49,0.098,0.746,0,0,eGFP1
1500,12:41:50,0.109,0.592,0,0,eGFP1
1501,12:41:50,0.087,0.592,0,0,eGFP1
1502,12:41:51,0.120,0.756,0,0,eGFP1
1503,12:41:52,0.098,0.537,0,0,eGFP1
1504,12:41:52,0.077,0.527,0,0,eGFP1
1505,12:41:53,0.131,0.877,0,0,eGFP1
1506,12:41:54,0.121,0.626,0,0,eGFP1
1507,12:41:54,0.087,0.504,0,0,eGFP1
1508,12:41:55,0.087,0.691,0,0,eGFP1
1509,12:41:56,0.131,0.778,0,0,eGFP1
1510,12:41:56,0.133,0.825,0,0,eGFP1
1511,12:41:57,0.120,0.679,0,0,eGFP1
1512,12:41:58,0.099,0.581,0,0,eGFP1
1513,12:41:58,0.099,0.867,0,0,eGFP1
1514,12:41:59,0.121,0.681,0,0,eGFP1
1515,12:42:00,0.098,0.647,0,0,eGFP1
1516,12:42:00,0.109,0.690,0,0,eGFP1
1517,12:42:01,0.110,0.560,0,0,eGFP1
1518,12:42:02,0.076,0.460,0,0,eGFP1
1519,12:42:03,0.098,1.075,0,0,eGFP1
1520,12:42:03,0.197,0.767,0,0,eGFP1
1521,12:42:04,0.087,0.669,0,0,eGFP1
1522,12:42:05,0.100,0.517,0,0,eGFP1
1523,12:42:05,0.076,0.438,0,0,eGFP1
1524,12:42:06,0.075,0.580,0,0,eGFP1
1525,12:42:06,0.131,0.691,0,0,eGFP1
1526,12:42:07,0.087,0.471,0,0,eGFP1
1527,12:42:08,0.076,0.866,0,0,eGFP1
1528,12:42:08,0.186,0.746,0,0,eGFP1
1529,12:42:09,0.087,0.493,0,0,eGFP1
1530,12:42:10,0.100,0.802,0,0,eGFP1
1531,12:42:10,0.120,0.581,0,0,eGFP1
1532,12:42:11,0.088,0.505,0,0,eGFP1
1533,12:42:11,0.087,0.669,0,0,eGFP1
1534,12:42:12,0.109,0.592,0,0,eGFP1
1535,12:42:13,0.109,0.734,0,0,eGFP1
1536,12:42:13,0.110,0.570,0,0,eGFP1
1537,12:42:14,0.089,0.682,0,0,eGFP1
1538,12:42:15,0.109,0.614,0,0,eGFP1
1539,12:42:15,0.099,0.626,0,0,eGFP1
1540,12:42:16,0.098,0.526,0,0,eGFP1
1541,12:42:16,0.077,0.483,0,0,eGFP1
1542,12:42:17,0.087,0.680,0,0,eGFP1
1543,12:42:18,0.142,0.691,0,0,eGFP1
1544,12:42:18,0.076,0.471,0,0,eGFP1
1545,12:42:19,0.087,0.614,0,0,eGFP1
1546,12:42:20,0.131,0.877,0,0,eGFP1
1547,12:42:20,0.122,0.572,0,0,eGFP1
1548,12:42:21,0.076,0.460,0,0,eGFP1
1549,12:42:21,0.088,0.626,0,0,eGFP1
1550,12:42:23,0.153,1.744,0,0,eGFP1
1551,12:42:24,0.169,0.750,0,0,eGFP1
1552,12:42:24,0.088,0.483,0,0,eGFP1
1553,12:42:25,0.065,0.427,0,0,eGFP1
1554,12:42:25,0.066,0.428,0,0,eGFP1
1555,12:42:26,0.078,0.615,0,0,eGFP1
1556,12:42:26,0.121,0.658,0,0,eGFP1
1557,12:42:27,0.088,0.483,0,0,eGFP1
1558,12:42:28,0.087,0.779,0,0,eGFP1
1559,12:42:28,0.153,0.679,0,0,eGFP1
1560,12:42:29,0.088,0.560,0,0,eGFP1
1561,12:42:29,0.098,0.559,0,0,eGFP1
1562,12:42:30,0.142,0.757,0,0,eGFP1
1563,12:42:31,0.418,0.626,0,0,eGFP1
1564,12:42:34,2.721,3.698,0,0,eGFP1
1565,12:42:42,1.131,7.376,0,0,eGFP1
1566,12:42:42,0.263,0.548,0,0,eGFP1
1567,12:42:43,0.329,0.965,0,0,eGFP1
1568,12:42:44,0.121,0.724,0,0,eGFP1
1569,12:42:45,0.088,0.505,0,0,eGFP1
1570,12:42:45,0.076,0.504,0,0,eGFP1
1571,12:42:45,0.066,0.406,0,0,eGFP1
1572,12:42:46,0.067,0.418,0,0,eGFP1
1573,12:42:47,0.098,0.801,0,0,eGFP1
1574,12:42:47,0.120,0.559,0,0,eGFP1
1575,12:42:48,0.076,0.526,0,0,eGFP1
1576,12:42:48,0.077,0.450,0,0,eGFP1
1577,12:42:49,0.065,0.384,0,0,eGFP1
1578,12:42:49,0.065,0.427,0,0,eGFP1
1579,12:42:50,0.100,0.759,0,0,eGFP1
1580,12:42:50,0.110,0.505,0,0,eGFP1
1581,12:42:51,0.066,0.395,0,0,eGFP1
1582,12:42:51,0.066,0.428,0,0,eGFP1
1583,12:42:52,0.087,0.658,0,0,eGFP1
1584,12:42:52,0.098,0.482,0,0,eGFP1
1585,12:42:53,0.066,0.472,0,0,eGFP1
1586,12:42:53,0.088,0.581,0,0,eGFP1
1587,12:42:54,0.099,0.505,0,0,eGFP1
1588,12:42:54,0.067,0.418,0,0,eGFP1
1589,12:42:55,0.066,0.450,0,0,eGFP1
1590,12:42:55,0.087,0.778,0,0,eGFP1
1591,12:42:56,0.110,0.505,0,0,eGFP1
1592,12:42:56,0.066,0.406,0,0,eGFP1
1593,12:42:57,0.067,0.484,0,0,eGFP1
1594,12:42:58,0.099,0.801,0,0,eGFP1
1595,12:42:58,0.110,0.538,0,0,eGFP1
1596,12:42:59,0.076,0.570,0,0,eGFP1
1597,12:43:00,0.141,0.778,0,0,eGFP1
1598,12:43:00,0.087,0.460,0,0,eGFP1
1599,12:43:00,0.066,0.406,0,0,eGFP1
1600,12:43:01,0.088,1.075,0,0,eGFP1
1601,12:43:02,0.132,0.593,0,0,eGFP1
1602,12:43:02,0.076,0.406,0,0,eGFP1
1603,12:43:03,0.065,0.438,0,0,eGFP1
1604,12:43:03,0.077,0.549,0,0,eGFP1
1605,12:43:04,0.089,0.528,0,0,eGFP1
1606,12:43:04,0.087,0.449,0,0,eGFP1
1607,12:43:05,0.078,0.463,0,0,eGFP1
1608,12:43:06,0.087,0.625,0,0,eGFP1
1609,12:43:06,0.098,0.537,0,0,eGFP1
1610,12:43:07,0.077,0.461,0,0,eGFP1
1611,12:43:07,0.088,0.581,0,0,eGFP1
1612,12:43:08,0.110,0.648,0,0,eGFP1
1613,12:43:08,0.089,0.484,0,0,eGFP1
1614,12:43:09,0.076,0.493,0,0,eGFP1
1615,12:43:09,0.088,0.593,0,0,eGFP1
1616,12:43:10,0.087,0.504,0,0,eGFP1
1617,12:43:10,0.088,0.538,0,0,eGFP1
1618,12:43:11,0.088,0.538,0,0,eGFP1
1619,12:43:11,0.087,0.537,0,0,eGFP1
1620,12:43:12,0.100,0.693,0,0,eGFP1
1621,12:43:13,0.111,0.561,0,0,eGFP1
1622,12:43:13,0.076,0.471,0,0,eGFP1
1623,12:43:14,0.088,0.692,0,0,eGFP1
1624,12:43:14,0.120,0.625,0,0,eGFP1
1625,12:43:15,0.088,0.516,0,0,eGFP1
1626,12:43:16,0.087,0.636,0,0,eGFP1
1627,12:43:16,0.110,0.603,0,0,eGFP1
1628,12:43:17,0.088,0.626,0,0,eGFP1
1629,12:43:18,0.131,1.141,0,0,eGFP1
1630,12:43:20,0.133,1.801,0,0,eGFP1
1631,12:43:20,0.153,0.669,0,0,eGFP1
1632,12:43:21,0.088,0.472,0,0,eGFP1
1633,12:43:22,0.078,0.550,0,0,eGFP1
1634,12:43:22,0.111,0.737,0,0,eGFP1
1635,12:43:23,0.098,0.482,0,0,eGFP1
1636,12:43:23,0.077,0.538,0,0,eGFP1
1637,12:43:24,0.121,0.768,0,0,eGFP1
1638,12:43:24,0.089,0.462,0,0,eGFP1
1639,12:43:25,0.066,0.483,0,0,eGFP1
1640,12:43:26,0.110,0.669,0,0,eGFP1
1641,12:43:26,0.099,0.483,0,0,eGFP1
1642,12:43:27,0.077,0.538,0,0,eGFP1
1643,12:43:27,0.087,0.515,0,0,eGFP1
1644,12:43:28,0.077,0.461,0,0,eGFP1
1645,12:43:28,0.077,0.538,0,0,eGFP1
1646,12:43:29,0.100,0.824,0,0,eGFP1
1647,12:43:30,0.110,0.538,0,0,eGFP1
1648,12:43:30,0.078,0.462,0,0,eGFP1
1649,12:43:31,0.077,0.593,0,0,eGFP1
1650,12:43:31,0.109,0.570,0,0,eGFP1
1651,12:43:32,0.088,0.637,0,0,eGFP1
1652,12:43:33,0.142,1.020,0,0,eGFP1
1653,12:43:33,0.110,0.538,0,0,eGFP1
1654,12:43:34,0.078,0.550,0,0,eGFP1
1655,12:43:35,0.099,0.713,0,0,eGFP1
1656,12:43:35,0.088,0.494,0,0,eGFP1
1657,12:43:36,0.077,0.582,0,0,eGFP1
1658,12:43:36,0.109,0.592,0,0,eGFP1
1659,12:43:37,0.077,0.461,0,0,eGFP1
1660,12:43:37,0.077,0.472,0,0,eGFP1
1661,12:43:38,0.099,0.746,0,0,eGFP1
1662,12:43:38,0.100,0.517,0,0,eGFP1
1663,12:43:39,0.068,0.430,0,0,eGFP1
1664,12:43:40,0.076,0.636,0,0,eGFP1
1665,12:43:40,0.132,0.779,0,0,eGFP1
1666,12:43:41,0.099,0.560,0,0,eGFP1
1667,12:43:41,0.088,0.582,0,0,eGFP1
1668,12:43:42,0.142,0.987,0,0,eGFP1
1669,12:43:43,0.110,0.571,0,0,eGFP1
1670,12:43:44,0.077,0.494,0,0,eGFP1
1671,12:43:44,0.100,0.934,0,0,eGFP1
1672,12:43:45,0.143,0.669,0,0,eGFP1
1673,12:43:46,0.079,0.496,0,0,eGFP1
1674,12:43:46,0.098,0.735,0,0,eGFP1
1675,12:43:47,0.099,0.505,0,0,eGFP1
1676,12:43:47,0.078,0.418,0,0,eGFP1
1677,12:43:48,0.066,0.505,0,0,eGFP1
1678,12:43:49,0.121,0.933,0,0,eGFP1
1679,12:43:49,0.111,0.528,0,0,eGFP1
1680,12:43:50,0.077,0.450,0,0,eGFP1
1681,12:43:50,0.088,0.746,0,0,eGFP1
1682,12:43:51,0.143,0.681,0,0,eGFP1
1683,12:43:52,0.088,0.625,0,0,eGFP1
1684,12:43:52,0.110,0.582,0,0,eGFP1
1685,12:43:53,0.088,0.680,0,0,eGFP1
1686,12:43:54,0.132,0.692,0,0,eGFP1
1687,12:43:54,0.089,0.550,0,0,eGFP1
1688,12:43:55,0.088,0.571,0,0,eGFP1
1689,12:43:56,0.099,0.724,0,0,eGFP1
1690,12:43:56,0.100,0.539,0,0,eGFP1
1691,12:43:57,0.077,0.582,0,0,eGFP1
1692,12:43:58,0.143,0.911,0,0,eGFP1
1693,12:43:58,0.099,0.505,0,0,eGFP1
1694,12:43:59,0.077,0.472,0,0,eGFP1
1695,12:44:00,0.110,1.076,0,0,eGFP1
1696,12:44:00,0.152,0.646,0,0,eGFP1
1697,12:44:01,0.075,0.558,0,0,eGFP1
1698,12:44:02,0.129,0.865,0,0,eGFP1
1699,12:44:02,0.140,0.722,0,0,eGFP1
1700,12:44:03,0.108,0.689,0,0,eGFP1
1701,12:44:04,0.119,0.756,0,0,eGFP1
1702,12:44:05,0.119,0.876,0,0,eGFP1
1703,12:44:05,0.109,0.559,0,0,eGFP1
1704,12:44:06,0.087,0.515,0,0,eGFP1
1705,12:44:07,0.108,0.865,0,0,eGFP1
1706,12:44:07,0.097,0.558,0,0,eGFP1
1707,12:44:08,0.086,0.569,0,0,eGFP1
1708,12:44:10,0.206,1.886,0,0,eGFP1
1709,12:44:10,0.085,0.502,0,0,eGFP1
1710,12:44:11,0.086,0.767,0,0,eGFP1
1711,12:44:12,0.119,0.569,0,0,eGFP1
1712,12:44:12,0.076,0.647,0,0,eGFP1
1713,12:44:13,0.129,0.678,0,0,eGFP1
1714,12:44:13,0.086,0.613,0,0,eGFP1
1715,12:44:14,0.119,0.723,0,0,eGFP1
1716,12:44:15,0.085,0.470,0,0,eGFP1
1717,12:44:15,0.065,0.471,0,0,eGFP1
1718,12:44:16,0.086,0.755,0,0,eGFP1
1719,12:44:16,0.108,0.580,0,0,eGFP1
1720,12:44:17,0.076,0.515,0,0,eGFP1
1721,12:44:18,0.097,0.668,0,0,eGFP1
1722,12:44:18,0.108,0.569,0,0,eGFP1
1723,12:44:19,0.097,0.525,0,0,eGFP1
1724,12:44:19,0.086,0.547,0,0,eGFP1
1725,12:44:20,0.097,0.525,0,0,eGFP1
1726,12:44:20,0.086,0.503,0,0,eGFP1
1727,12:44:21,0.075,0.481,0,0,eGFP1
1728,12:44:21,0.086,0.667,0,0,eGFP1
1729,12:44:22,0.165,1.020,0,0,eGFP1
1730,12:44:23,0.119,0.800,0,0,eGFP1
1731,12:44:28,0.109,4.729,0,0,eGFP1
1732,12:44:29,0.218,0.854,0,0,eGFP1
1733,12:44:30,0.108,0.657,0,0,eGFP1
1734,12:44:30,0.097,0.635,0,0,eGFP1
1735,12:44:31,0.086,0.492,0,0,eGFP1
1736,12:44:31,0.086,0.810,0,0,eGFP1
1737,12:44:32,0.153,0.636,0,0,eGFP1
1738,12:44:33,0.086,0.591,0,0,eGFP1
1739,12:44:33,0.097,0.514,0,0,eGFP1
1740,12:44:34,0.064,0.426,0,0,eGFP1
1741,12:44:34,0.076,0.778,0,0,eGFP1
1742,12:44:35,0.141,0.613,0,0,eGFP1
1743,12:44:36,0.075,0.481,0,0,eGFP1
1744,12:44:36,0.075,0.678,0,0,eGFP1
1745,12:44:37,0.111,0.704,0,0,eGFP1
1746,12:44:37,0.108,0.580,0,0,eGFP1
1747,12:44:38,0.086,0.503,0,0,eGFP1
1748,12:44:39,0.086,0.536,0,0,eGFP1
1749,12:44:39,0.097,0.580,0,0,eGFP1
1750,12:44:40,0.097,0.503,0,0,eGFP1
1751,12:44:40,0.075,0.547,0,0,eGFP1
1752,12:44:41,0.130,0.898,0,0,eGFP1
1753,12:44:42,0.098,0.504,0,0,eGFP1
1754,12:44:42,0.065,0.525,0,0,eGFP1
1755,12:44:43,0.119,0.767,0,0,eGFP1
1756,12:44:43,0.097,0.558,0,0,eGFP1
1757,12:44:44,0.086,0.547,0,0,eGFP1
1758,12:44:45,0.108,0.690,0,0,eGFP1
1759,12:44:45,0.109,0.680,0,0,eGFP1
1760,12:44:46,0.152,0.832,0,0,eGFP1
1761,12:44:47,0.119,0.734,0,0,eGFP1
1762,12:44:48,0.120,0.636,0,0,eGFP1
1763,12:44:48,0.097,0.744,0,0,eGFP1
1764,12:44:49,0.306,0.471,0,0,eGFP1
1765,12:44:50,0.536,1.348,0,0,eGFP1
1766,12:44:51,0.108,0.722,0,0,eGFP1
1767,12:44:51,0.108,0.536,0,0,eGFP1
1768,12:44:52,0.076,0.438,0,0,eGFP1
1769,12:44:53,0.075,0.832,0,0,eGFP1
1770,12:44:53,0.164,0.713,0,0,eGFP1
1771,12:44:54,0.075,0.481,0,0,eGFP1
1772,12:44:55,0.098,0.811,0,0,eGFP1
1773,12:44:55,0.109,0.526,0,0,eGFP1
1774,12:44:56,0.065,0.438,0,0,eGFP1
1775,12:44:56,0.086,0.843,0,0,eGFP1
1776,12:44:57,0.130,0.569,0,0,eGFP1
1777,12:44:57,0.075,0.437,0,0,eGFP1
1778,12:44:58,0.077,0.637,0,0,eGFP1
1779,12:44:59,0.141,0.679,0,0,eGFP1
1780,12:44:59,0.086,0.448,0,0,eGFP1
1781,12:45:00,0.064,0.591,0,0,eGFP1
1782,12:45:01,0.141,0.734,0,0,eGFP1
1783,12:45:01,0.097,0.547,0,0,eGFP1
1784,12:45:02,0.086,0.525,0,0,eGFP1
1785,12:45:03,0.119,0.953,0,0,eGFP1
1786,12:45:03,0.133,0.605,0,0,eGFP1
1787,12:45:04,0.086,0.733,0,0,eGFP1
1788,12:45:05,0.141,0.646,0,0,eGFP1
1789,12:45:05,0.087,0.493,0,0,eGFP1
1790,12:45:06,0.097,0.766,0,0,eGFP1
1791,12:45:06,0.119,0.591,0,0,eGFP1
1792,12:45:08,0.087,1.327,0,0,eGFP1
1793,12:45:09,0.415,1.161,0,0,eGFP1
1794,12:45:09,0.108,0.591,0,0,eGFP1
1795,12:45:10,0.089,0.495,0,0,eGFP1
1796,12:45:11,0.086,0.679,0,0,eGFP1
1797,12:45:11,0.130,0.767,0,0,eGFP1
1798,12:45:12,0.130,0.668,0,0,eGFP1
1799,12:45:13,0.097,0.547,0,0,eGFP1
1800,12:45:14,0.123,1.012,0,0,eGFP1
1801,12:45:14,0.119,0.591,0,0,eGFP1
1802,12:45:15,0.087,0.624,0,0,eGFP1
1803,12:45:16,0.121,0.692,0,0,eGFP1
1804,12:45:16,0.141,0.865,0,0,eGFP1
1805,12:45:17,0.152,0.657,0,0,eGFP1
1806,12:45:18,0.075,0.514,0,0,eGFP1
1807,12:45:18,0.098,0.778,0,0,eGFP1
1808,12:45:19,0.108,0.514,0,0,eGFP1
1809,12:45:19,0.065,0.416,0,0,eGFP1
1810,12:45:20,0.064,0.547,0,0,eGFP1
1811,12:45:21,0.154,0.900,0,0,eGFP1
1812,12:45:22,0.097,0.909,0,0,eGFP1
1813,12:45:23,0.844,1.480,0,0,eGFP1
1814,12:45:24,0.110,0.582,0,0,eGFP1
1815,12:45:24,0.097,0.646,0,0,eGFP1
1816,12:45:25,0.141,0.777,0,0,eGFP1
1817,12:45:26,0.109,0.635,0,0,eGFP1
1818,12:45:26,0.098,0.756,0,0,eGFP1
1819,12:45:27,0.121,0.856,0,0,eGFP1
1820,12:45:29,0.668,1.469,0,0,eGFP1
1821,12:45:29,0.098,0.504,0,0,eGFP1
1822,12:45:30,0.097,0.700,0,0,eGFP1
1823,12:45:31,0.153,0.767,0,0,eGFP1
1824,12:45:31,0.087,0.482,0,0,eGFP1
1825,12:45:32,0.075,0.898,0,0,eGFP1
1826,12:45:33,0.141,0.745,0,0,eGFP1
1827,12:45:34,0.119,0.723,0,0,eGFP1
1828,12:45:34,0.122,0.780,0,0,eGFP1
1829,12:45:35,0.131,0.624,0,0,eGFP1
1830,12:45:36,0.087,0.669,0,0,eGFP1
1831,12:45:36,0.108,0.646,0,0,eGFP1
1832,12:45:37,0.086,0.481,0,0,eGFP1
1833,12:45:38,0.097,0.701,0,0,eGFP1
1834,12:45:38,0.141,0.668,0,0,eGFP1
1835,12:45:39,0.086,0.504,0,0,eGFP1
1836,12:45:39,0.088,0.680,0,0,eGFP1
1837,12:45:41,0.131,2.018,0,0,eGFP1
1838,12:45:42,0.339,1.052,0,0,eGFP1
1839,12:45:44,0.163,1.140,0,0,eGFP1
1840,12:45:44,0.131,0.679,0,0,eGFP1
1841,12:45:45,0.109,0.657,0,0,eGFP1
1842,12:45:46,0.099,0.769,0,0,eGFP1
1843,12:45:46,0.108,0.591,0,0,eGFP1
1844,12:45:47,0.088,0.647,0,0,eGFP1
1845,12:45:48,0.131,0.888,0,0,eGFP1
1846,12:45:48,0.108,0.558,0,0,eGFP1
1847,12:45:49,0.076,0.569,0,0,eGFP1
1848,12:45:50,0.197,1.470,0,0,eGFP1
1849,12:45:51,0.163,0.767,0,0,eGFP1
1850,12:45:52,0.086,0.679,0,0,eGFP1
1851,12:45:53,0.108,0.668,0,0,eGFP1
1852,12:45:53,0.086,0.492,0,0,eGFP1
1853,12:45:54,0.086,0.700,0,0,eGFP1
1854,12:45:55,0.251,1.261,0,0,eGFP1
1855,12:45:56,0.097,0.569,0,0,eGFP1
1856,12:45:56,0.088,0.516,0,0,eGFP1
1857,12:45:57,0.087,0.580,0,0,eGFP1
1858,12:45:58,0.131,0.888,0,0,eGFP1
1859,12:45:58,0.130,0.580,0,0,eGFP1
1860,12:45:59,0.076,0.526,0,0,eGFP1
1861,12:46:00,0.154,1.569,0,0,eGFP1
1862,12:46:01,0.098,0.471,0,0,eGFP1
1863,12:46:01,0.075,0.558,0,0,eGFP1
1864,12:46:02,0.142,0.844,0,0,eGFP1
1865,12:46:03,0.109,0.646,0,0,eGFP1
1866,12:46:03,0.109,0.723,0,0,eGFP1
1867,12:46:04,0.120,0.614,0,0,eGFP1
1868,12:46:05,0.086,0.591,0,0,eGFP1
1869,12:46:05,0.122,0.704,0,0,eGFP1
1870,12:46:06,0.086,0.471,0,0,eGFP1
1871,12:46:06,0.064,0.437,0,0,eGFP1
1872,12:46:08,0.076,1.239,0,0,eGFP1
1873,12:46:09,0.262,1.118,0,0,eGFP1
1874,12:46:09,0.098,0.603,0,0,eGFP1
1875,12:46:10,0.108,0.898,0,0,eGFP1
1876,12:46:11,0.120,0.559,0,0,eGFP1
1877,12:46:11,0.066,0.395,0,0,eGFP1
1878,12:46:12,0.065,0.482,0,0,eGFP1
1879,12:46:13,0.120,0.943,0,0,eGFP1
1880,12:46:13,0.097,0.492,0,0,eGFP1
1881,12:46:13,0.076,0.416,0,0,eGFP1
1882,12:46:14,0.076,0.701,0,0,eGFP1
1883,12:46:15,0.143,0.681,0,0,eGFP1
1884,12:46:15,0.098,0.548,0,0,eGFP1
1885,12:46:16,0.108,0.756,0,0,eGFP1
1886,12:46:17,0.109,0.658,0,0,eGFP1
1887,12:46:19,0.109,2.117,0,0,eGFP1
1888,12:46:20,0.690,1.579,0,0,eGFP1
1889,12:46:21,0.142,1.009,0,0,eGFP1
1890,12:46:22,0.108,0.547,0,0,eGFP1
1891,12:46:24,0.076,1.557,0,0,eGFP1
1892,12:46:24,0.153,0.680,0,0,eGFP1
1893,12:46:25,0.097,0.558,0,0,eGFP1
1894,12:46:26,0.132,0.801,0,0,eGFP1
1895,12:46:26,0.109,0.713,0,0,eGFP1
1896,12:46:27,0.141,0.865,0,0,eGFP1
1897,12:46:28,0.154,0.879,0,0,eGFP1
1898,12:46:29,0.119,0.646,0,0,eGFP1
1899,12:46:30,0.120,0.778,0,0,eGFP1
1900,12:46:30,0.098,0.537,0,0,eGFP1
1901,12:46:31,0.097,0.833,0,0,eGFP1
1902,12:46:32,0.153,0.812,0,0,eGFP1
1903,12:46:33,0.119,0.833,0,0,eGFP1
1904,12:46:33,0.152,0.800,0,0,eGFP1
1905,12:46:34,0.108,0.723,0,0,eGFP1
1906,12:46:35,0.120,1.008,0,0,eGFP1
1907,12:46:57,0.186,22.233,0,0,eGFP1
1908,12:46:59,0.306,1.283,0,0,eGFP1
1909,12:47:00,0.152,1.217,0,0,eGFP1
1910,12:47:01,0.318,1.295,0,0,eGFP1
1911,12:47:03,0.198,1.701,0,0,eGFP1
1912,12:47:04,0.241,1.020,0,0,eGFP1
1913,12:47:05,0.174,1.074,0,0,eGFP1
1914,12:47:06,0.197,1.524,0,0,eGFP1
1915,12:47:08,0.361,1.667,0,0,eGFP1
1916,12:47:09,0.197,1.031,0,0,eGFP1
1917,12:47:10,0.219,1.151,0,0,eGFP1
1918,12:47:11,0.175,0.932,0,0,eGFP1
1919,12:47:13,0.157,1.485,0,0,eGFP1
1920,12:49:32,0.152,138.897,0,0,eGFP1
1921,12:49:35,2.205,3.390,0,0,eGFP1
1922,12:49:36,0.164,1.448,0,0,eGFP1
1923,12:49:41,1.886,4.169,0,0,eGFP1
1924,12:49:42,0.240,1.096,0,0,eGFP1
1925,12:49:42,0.099,0.802,0,0,eGFP1
1926,12:49:43,0.152,1.008,0,0,eGFP1
1927,12:49:45,0.132,1.241,0,0,eGFP1
1928,12:49:50,2.973,5.573,0,0,eGFP1
1929,12:49:51,0.109,0.724,0,0,eGFP1
1930,12:49:52,0.152,0.789,0,0,eGFP1
1931,12:49:52,0.087,0.646,0,0,eGFP1
1932,12:49:53,0.120,0.779,0,0,eGFP1
1933,12:49:54,0.086,0.470,0,0,eGFP1
1934,12:49:55,0.087,1.086,0,0,eGFP1
1935,12:49:55,0.154,0.659,0,0,eGFP1
1936,12:49:56,0.098,0.657,0,0,eGFP1
1937,12:49:57,0.098,0.680,0,0,eGFP1
1938,12:49:58,0.130,0.778,0,0,eGFP1
1939,12:49:58,0.110,0.538,0,0,eGFP1
1940,12:49:59,0.076,0.603,0,0,eGFP1
1941,12:49:59,0.108,0.525,0,0,eGFP1
1942,12:50:00,0.065,0.504,0,0,eGFP1
1943,12:50:00,0.110,0.769,0,0,eGFP1
1944,12:50:01,0.098,0.559,0,0,eGFP1
1945,12:50:02,0.119,1.436,0,0,eGFP1
1946,12:50:03,0.087,0.482,0,0,eGFP1
1947,12:50:06,0.076,3.292,0,0,eGFP1
1948,12:50:07,0.108,0.558,0,0,eGFP1
1949,12:50:08,0.109,0.812,0,0,eGFP1
1950,12:50:08,0.086,0.514,0,0,eGFP1
1951,12:50:09,0.087,0.548,0,0,eGFP1
1952,12:50:09,0.079,0.507,0,0,eGFP1
1953,12:50:10,0.098,0.592,0,0,eGFP1
1954,12:50:10,0.097,0.481,0,0,eGFP1
1955,12:50:11,0.087,0.680,0,0,eGFP1
1956,12:50:11,0.087,0.515,0,0,eGFP1
1957,12:50:12,0.098,0.537,0,0,eGFP1
1958,12:50:12,0.068,0.441,0,0,eGFP1
1959,12:50:13,0.065,0.515,0,0,eGFP1
1960,12:50:14,0.110,0.714,0,0,eGFP1
1961,12:50:14,0.087,0.493,0,0,eGFP1
1962,12:50:15,0.076,0.646,0,0,eGFP1
1963,12:50:15,0.142,0.669,0,0,eGFP1
1964,12:50:16,0.076,0.526,0,0,eGFP1
1965,12:50:17,0.087,0.548,0,0,eGFP1
1966,12:50:17,0.077,0.450,0,0,eGFP1
1967,12:50:18,0.087,0.746,0,0,eGFP1
1968,12:50:18,0.132,0.659,0,0,eGFP1
1969,12:50:19,0.098,0.592,0,0,eGFP1
1970,12:50:19,0.087,0.471,0,0,eGFP1
1971,12:50:20,0.076,0.504,0,0,eGFP1
1972,12:50:21,0.120,0.833,0,0,eGFP1
1973,12:50:23,0.142,2.117,0,0,eGFP1
1974,12:50:24,0.208,0.823,0,0,eGFP1
1975,12:50:24,0.130,0.734,0,0,eGFP1
1976,12:50:26,0.110,1.581,0,0,eGFP1
1977,12:50:27,0.197,1.031,0,0,eGFP1
1978,12:50:28,0.098,0.504,0,0,eGFP1
1979,12:50:28,0.087,0.647,0,0,eGFP1
1980,12:50:29,0.187,1.054,0,0,eGFP1
1981,12:50:30,0.339,1.085,0,0,eGFP1
1982,12:50:31,0.087,0.504,0,0,eGFP1
1983,12:50:32,0.088,0.669,0,0,eGFP1
1984,12:50:32,0.153,0.735,0,0,eGFP1
1985,12:50:33,0.077,0.483,0,0,eGFP1
1986,12:50:33,0.087,0.548,0,0,eGFP1
1987,12:50:34,0.098,0.735,0,0,eGFP1
1988,12:50:35,0.109,0.701,0,0,eGFP1
1989,12:50:36,0.142,0.790,0,0,eGFP1
1990,12:50:36,0.098,0.603,0,0,eGFP1
1991,12:50:37,0.109,0.756,0,0,eGFP1
1992,12:50:38,0.131,0.680,0,0,eGFP1
1993,12:50:38,0.099,0.692,0,0,eGFP1
1994,12:50:39,0.110,0.549,0,0,eGFP1
1995,12:50:39,0.088,0.548,0,0,eGFP1
1996,12:50:40,0.110,0.724,0,0,eGFP1
1997,12:50:41,0.109,0.746,0,0,eGFP1
1998,12:50:43,0.175,2.315,0,0,eGFP1
1999,12:50:44,0.142,0.910,0,0,eGFP1
2000,12:50:45,0.120,0.548,0,0,eGFP1
2001,12:50:45,0.078,0.517,0,0,eGFP1
2002,12:50:46,0.098,0.581,0,0,eGFP1
2003,12:50:46,0.087,0.537,0,0,eGFP1
2004,12:50:47,0.087,0.603,0,0,eGFP1
2005,12:50:47,0.098,0.526,0,0,eGFP1
2006,12:50:48,0.087,0.636,0,0,eGFP1
2007,12:50:49,0.109,0.603,0,0,eGFP1
2008,12:50:49,0.110,0.846,0,0,eGFP1
2009,12:50:50,0.110,0.527,0,0,eGFP1
2010,12:50:50,0.065,0.493,0,0,eGFP1
2011,12:50:51,0.110,0.735,0,0,eGFP1
2012,12:50:52,0.087,0.504,0,0,eGFP1
2013,12:50:52,0.077,0.559,0,0,eGFP1
2014,12:50:53,0.110,0.614,0,0,eGFP1
2015,12:50:53,0.088,0.483,0,0,eGFP1
2016,12:50:54,0.076,0.449,0,0,eGFP1
2017,12:50:54,0.087,0.625,0,0,eGFP1
2018,12:50:55,0.122,0.758,0,0,eGFP1
2019,12:50:56,0.109,0.592,0,0,eGFP1
2020,12:50:56,0.098,0.504,0,0,eGFP1
2021,12:50:57,0.077,0.483,0,0,eGFP1
2022,12:50:58,0.110,0.834,0,0,eGFP1
2023,12:50:59,0.187,0.922,0,0,eGFP1
2024,12:50:59,0.131,0.625,0,0,eGFP1
2025,12:51:00,0.098,0.636,0,0,eGFP1
2026,12:51:01,0.110,0.725,0,0,eGFP1
2027,12:51:01,0.120,0.899,0,0,eGFP1
2028,12:51:03,0.252,1.174,0,0,eGFP1
2029,12:51:03,0.098,0.680,0,0,eGFP1
2030,12:51:04,0.131,0.603,0,0,eGFP1
2031,12:51:04,0.076,0.406,0,0,eGFP1
2032,12:51:05,0.076,0.504,0,0,eGFP1
2033,12:51:05,0.109,0.669,0,0,eGFP1
2034,12:51:06,0.088,0.615,0,0,eGFP1
2035,12:51:07,0.089,0.528,0,0,eGFP1
2036,12:51:07,0.087,0.779,0,0,eGFP1
2037,12:51:08,0.142,0.592,0,0,eGFP1
2038,12:51:08,0.065,0.438,0,0,eGFP1
2039,12:51:09,0.088,0.692,0,0,eGFP1
2040,12:51:10,0.142,0.636,0,0,eGFP1
2041,12:51:10,0.076,0.471,0,0,eGFP1
2042,12:51:11,0.089,0.703,0,0,eGFP1
2043,12:51:12,0.121,0.582,0,0,eGFP1
2044,12:51:12,0.087,0.482,0,0,eGFP1
2045,12:51:13,0.076,0.592,0,0,eGFP1
2046,12:51:13,0.098,0.680,0,0,eGFP1
2047,12:51:14,0.109,0.614,0,0,eGFP1
2048,12:51:15,0.088,0.713,0,0,eGFP1
2049,12:51:15,0.122,0.747,0,0,eGFP1
2050,12:51:16,0.099,0.560,0,0,eGFP1
2051,12:51:17,0.110,0.747,0,0,eGFP1
2052,12:51:17,0.109,0.548,0,0,eGFP1
2053,12:51:18,0.076,0.461,0,0,eGFP1
2054,12:51:18,0.087,0.581,0,0,eGFP1
2055,12:51:19,0.109,0.691,0,0,eGFP1
2056,12:51:20,0.098,0.691,0,0,eGFP1
2057,12:51:20,0.131,0.866,0,0,eGFP1
2058,12:51:21,0.143,0.702,0,0,eGFP1
2059,12:51:22,0.133,0.835,0,0,eGFP1
2060,12:51:23,0.132,0.933,0,0,eGFP1
2061,12:51:24,0.175,0.943,0,0,eGFP1
2062,12:51:25,0.121,0.647,0,0,eGFP1
2063,12:51:25,0.078,0.572,0,0,eGFP1
2064,12:51:26,0.109,0.669,0,0,eGFP1
2065,12:51:27,0.120,0.724,0,0,eGFP1
2066,12:51:27,0.109,0.537,0,0,eGFP1
2067,12:51:28,0.067,0.473,0,0,eGFP1
2068,12:51:28,0.110,0.724,0,0,eGFP1
2069,12:51:29,0.132,0.724,0,0,eGFP1
2070,12:51:30,0.121,0.757,0,0,eGFP1
2071,12:51:30,0.088,0.483,0,0,eGFP1
2072,12:51:31,0.065,0.383,0,0,eGFP1
2073,12:51:31,0.066,0.527,0,0,eGFP1
2074,12:51:32,0.131,0.746,0,0,eGFP1
2075,12:51:32,0.089,0.473,0,0,eGFP1
2076,12:51:33,0.065,0.438,0,0,eGFP1
2077,12:51:33,0.078,0.583,0,0,eGFP1
2078,12:51:34,0.132,0.713,0,0,eGFP1
2079,12:51:35,0.099,0.636,0,0,eGFP1
2080,12:51:36,0.102,1.364,0,0,eGFP1
2081,12:51:43,0.143,6.442,0,0,eGFP1
2082,12:51:52,0.493,9.602,0,0,eGFP1
2083,12:51:53,0.197,1.239,0,0,eGFP1
2084,12:51:55,0.473,1.406,0,0,eGFP1
2085,12:51:56,0.571,1.416,0,0,eGFP1
2086,12:51:57,0.109,0.811,0,0,eGFP1
2087,12:51:58,0.143,0.713,0,0,eGFP1
2088,12:51:58,0.110,0.692,0,0,eGFP1
2089,12:51:59,0.131,0.735,0,0,eGFP1
2090,12:52:00,0.131,0.790,0,0,eGFP1
2091,12:52:01,0.121,0.703,0,0,eGFP1
2092,12:52:01,0.111,0.682,0,0,eGFP1
2093,12:52:02,0.109,0.789,0,0,eGFP1
2094,12:52:04,0.165,2.008,0,0,eGFP1
2095,12:52:05,0.143,0.724,0,0,eGFP1
2096,12:52:06,0.110,0.779,0,0,eGFP1
2097,12:52:06,0.143,0.714,0,0,eGFP1
2098,12:52:07,0.098,0.592,0,0,eGFP1
2099,12:52:08,0.120,0.867,0,0,eGFP1
2100,12:52:09,0.133,0.769,0,0,eGFP1
2101,12:52:09,0.121,0.768,0,0,eGFP1
2102,12:52:10,0.153,0.933,0,0,eGFP1
2103,12:52:11,0.186,1.141,0,0,eGFP1
2104,12:52:12,0.120,0.735,0,0,eGFP1
2105,12:52:13,0.144,0.923,0,0,eGFP1
2106,12:52:14,0.142,0.921,0,0,eGFP1
2107,12:52:15,0.110,0.692,0,0,eGFP1
2108,12:52:16,0.263,1.064,0,0,eGFP1
2109,12:52:17,0.119,0.986,0,0,eGFP1
2110,12:52:17,0.132,0.659,0,0,eGFP1
2111,12:52:18,0.098,0.954,0,0,eGFP1
2112,12:52:21,0.428,2.469,0,0,eGFP1
2113,12:52:22,0.176,0.757,0,0,eGFP1
2114,12:52:22,0.121,0.812,0,0,eGFP1
2115,12:52:23,0.121,0.647,0,0,eGFP1
2116,12:52:25,0.121,1.537,0,0,eGFP1
2117,12:52:27,0.220,2.426,0,0,eGFP1
2118,12:52:28,0.133,0.737,0,0,eGFP1
2119,12:52:29,0.131,1.108,0,0,eGFP1
2120,12:52:30,0.164,1.163,0,0,eGFP1
2121,12:52:32,0.289,2.154,0,0,eGFP1
2122,12:52:33,0.110,0.669,0,0,eGFP1
2123,12:52:34,0.176,0.867,0,0,eGFP1
2124,12:52:34,0.099,0.637,0,0,eGFP1
2125,12:52:35,0.122,0.736,0,0,eGFP1
2126,12:52:36,0.132,0.944,0,0,eGFP1
2127,12:52:37,0.110,0.757,0,0,eGFP1
2128,12:52:37,0.175,0.735,0,0,eGFP1
2129,12:52:38,0.110,0.900,0,0,eGFP1
2130,12:52:39,0.110,0.691,0,0,eGFP1
2131,12:52:41,0.165,2.118,0,0,eGFP1
2132,12:52:42,0.100,0.759,0,0,eGFP1
2133,12:52:43,0.143,0.648,0,0,eGFP1
2134,12:52:43,0.088,0.483,0,0,eGFP1
2135,12:52:44,0.077,0.735,0,0,eGFP1
2136,12:52:45,0.154,0.790,0,0,eGFP1
2137,12:52:45,0.143,0.889,0,0,eGFP1
2138,12:52:51,0.121,5.312,0,0,eGFP1
2139,12:52:52,0.164,0.801,0,0,eGFP1
2140,12:52:53,0.888,1.799,0,0,eGFP1
2141,12:52:55,0.768,1.943,0,0,eGFP1
2142,12:52:56,0.176,0.813,0,0,eGFP1
2143,12:52:57,0.110,0.680,0,0,eGFP1
2144,12:52:57,0.110,0.637,0,0,eGFP1
2145,12:52:58,0.110,0.834,0,0,eGFP1
2146,12:52:59,0.144,0.681,0,0,eGFP1
2147,12:53:00,0.088,0.878,0,0,eGFP1
2148,12:53:01,0.132,0.966,0,0,eGFP1
2149,12:53:02,0.187,0.878,0,0,eGFP1
2150,12:53:02,0.100,0.638,0,0,eGFP1
2151,12:53:03,0.110,0.812,0,0,eGFP1
2152,12:53:04,0.121,0.604,0,0,eGFP1
2153,12:53:04,0.076,0.570,0,0,eGFP1
2154,12:53:05,0.110,0.977,0,0,eGFP1
2155,12:53:06,0.165,0.867,0,0,eGFP1
2156,12:53:07,0.121,0.779,0,0,eGFP1
2157,12:53:08,0.143,0.702,0,0,eGFP1
2158,12:53:08,0.101,0.715,0,0,eGFP1
2159,12:53:09,0.143,0.779,0,0,eGFP1
2160,12:53:10,0.144,0.912,0,0,eGFP1
2161,12:53:11,0.209,0.889,0,0,eGFP1
2162,12:53:12,0.121,1.394,0,0,eGFP1
2163,12:53:13,0.362,1.032,0,0,eGFP1
2164,12:53:14,0.120,0.954,0,0,eGFP1
2165,12:53:15,0.132,0.977,0,0,eGFP1
2166,12:53:16,0.155,0.737,0,0,eGFP1
2167,12:53:17,0.099,0.900,0,0,eGFP1
2168,12:53:19,0.197,1.591,0,0,eGFP1
2169,12:53:20,0.176,1.218,0,0,eGFP1
2170,12:53:21,0.165,1.482,0,0,eGFP1
2171,12:53:22,0.165,0.702,0,0,eGFP1
2172,12:53:23,0.099,1.515,0,0,eGFP1
2173,12:53:24,0.318,0.965,0,0,eGFP1
2174,12:53:25,0.101,0.584,0,0,eGFP1
2175,12:53:26,0.089,0.594,0,0,eGFP1
2176,12:53:26,0.120,0.779,0,0,eGFP1
2177,12:53:27,0.099,0.790,0,0,eGFP1
2178,12:53:28,0.110,0.670,0,0,eGFP1
2179,12:53:29,0.153,0.856,0,0,eGFP1
2180,12:53:29,0.120,0.801,0,0,eGFP1
2181,12:53:30,0.099,0.669,0,0,eGFP1
2182,12:53:31,0.165,0.911,0,0,eGFP1
2183,12:53:32,0.100,0.956,0,0,eGFP1
2184,12:53:33,0.143,0.780,0,0,eGFP1
2185,12:53:35,0.142,2.041,0,0,eGFP1
2186,12:53:36,0.154,0.757,0,0,eGFP1
2187,12:53:36,0.130,0.888,0,0,eGFP1
2188,12:53:37,0.120,0.833,0,0,eGFP1
2189,12:53:38,0.349,1.118,0,0,eGFP1
2190,12:53:39,0.118,1.018,0,0,eGFP1
2191,12:53:40,0.131,0.735,0,0,eGFP1
2192,12:53:43,0.108,2.588,0,0,eGFP1
2193,12:53:44,0.119,1.238,0,0,eGFP1
2194,12:53:45,0.174,0.876,0,0,eGFP1
2195,12:53:46,0.185,0.832,0,0,eGFP1
2196,12:53:46,0.097,0.580,0,0,eGFP1
2197,12:53:49,0.108,2.204,0,0,eGFP1
2198,12:53:50,0.218,1.074,0,0,eGFP1
2199,12:53:51,0.230,0.965,0,0,eGFP1
2200,12:53:52,0.261,1.029,0,0,eGFP1
2201,12:53:52,0.165,0.713,0,0,eGFP1
2202,12:53:53,0.077,0.462,0,0,eGFP1
2203,12:53:54,0.085,0.843,0,0,eGFP1
2204,12:53:54,0.108,0.547,0,0,eGFP1
2205,12:53:55,0.086,0.876,0,0,eGFP1
2206,12:53:56,0.184,0.942,0,0,eGFP1
2207,12:53:57,0.129,0.810,0,0,eGFP1
2208,12:53:58,0.142,0.855,0,0,eGFP1
2209,12:53:58,0.108,0.734,0,0,eGFP1
2210,12:53:59,0.163,0.920,0,0,eGFP1
2211,12:54:00,0.086,0.525,0,0,eGFP1
2212,12:54:01,0.097,0.854,0,0,eGFP1
2213,12:54:01,0.108,0.591,0,0,eGFP1
2214,12:54:03,0.097,1.414,0,0,eGFP1
2215,12:54:03,0.175,0.811,0,0,eGFP1
2216,12:54:04,0.131,0.713,0,0,eGFP1
2217,12:54:05,0.097,0.569,0,0,eGFP1
2218,12:54:05,0.196,0.437,0,0,eGFP1
2219,12:54:07,0.657,1.589,0,0,eGFP1
2220,12:54:08,0.130,1.074,0,0,eGFP1
2221,12:54:09,0.284,0.986,0,0,eGFP1
2222,12:54:09,0.108,0.657,0,0,eGFP1
2223,12:54:10,0.184,0.942,0,0,eGFP1
2224,12:54:12,0.164,1.108,0,0,eGFP1
2225,12:54:12,0.108,0.909,0,0,eGFP1
2226,12:54:14,0.152,1.556,0,0,eGFP1
2227,12:54:15,0.108,0.734,0,0,eGFP1
2228,12:55:42,0.141,87.384,0,0,eGFP1
2229,12:55:43,0.142,0.812,0,0,eGFP1
2230,12:55:44,0.108,0.876,0,0,eGFP1
2231,12:55:45,0.174,0.887,0,0,eGFP1
2232,12:55:46,0.099,0.867,0,0,eGFP1
2233,12:55:46,0.119,0.580,0,0,eGFP1
2234,12:55:47,0.097,0.777,0,0,eGFP1
2235,12:55:48,0.152,0.876,0,0,eGFP1
2236,12:55:48,0.108,0.558,0,0,eGFP1
2237,12:55:49,0.086,0.525,0,0,eGFP1
2238,12:55:50,0.119,0.865,0,0,eGFP1
2239,12:55:50,0.130,0.734,0,0,eGFP1
2240,12:55:51,0.108,0.854,0,0,eGFP1
2241,12:55:52,0.164,0.878,0,0,eGFP1
2242,12:55:53,0.108,0.667,0,0,eGFP1
2243,12:55:54,0.132,0.889,0,0,eGFP1
2244,12:55:58,0.174,4.553,0,0,eGFP1
2245,12:55:59,0.119,0.613,0,0,eGFP1
2246,12:56:00,0.097,0.821,0,0,eGFP1
2247,12:56:00,0.119,0.624,0,0,eGFP1
2248,12:56:01,0.086,0.514,0,0,eGFP1
2249,12:56:01,0.076,0.592,0,0,eGFP1
2250,12:56:02,0.163,0.723,0,0,eGFP1
2251,12:56:03,0.283,1.063,0,0,eGFP1
2252,12:56:05,0.239,1.315,0,0,eGFP1
2253,12:56:11,0.119,6.626,0,0,eGFP1
2254,12:56:12,0.163,0.767,0,0,eGFP1
2255,12:56:13,0.119,1.469,0,0,eGFP1
2256,12:56:14,0.130,0.712,0,0,eGFP1
2257,12:56:15,0.121,0.813,0,0,eGFP1
2258,12:56:17,0.130,1.897,0,0,eGFP1
2259,12:56:18,0.174,0.953,0,0,eGFP1
2260,12:56:19,0.240,1.535,0,0,eGFP1
2261,12:56:20,0.097,0.865,0,0,eGFP1
2262,12:56:22,0.251,1.337,0,0,eGFP1
2263,12:56:22,0.097,0.668,0,0,eGFP1
2264,12:56:29,1.567,7.109,0,0,eGFP1
2265,12:56:30,0.132,0.691,0,0,eGFP1
2266,12:56:31,0.120,0.866,0,0,eGFP1
2267,12:56:32,0.119,0.613,0,0,eGFP1
2268,12:56:32,0.108,0.646,0,0,eGFP1
2269,12:56:33,0.086,0.525,0,0,eGFP1
2270,12:56:33,0.108,0.766,0,0,eGFP1
2271,12:56:34,0.110,0.549,0,0,eGFP1
2272,12:56:35,0.097,0.547,0,0,eGFP1
2273,12:56:35,0.097,0.657,0,0,eGFP1
2274,12:56:36,0.098,0.494,0,0,eGFP1
2275,12:56:36,0.075,0.667,0,0,eGFP1
2276,12:56:37,0.130,0.756,0,0,eGFP1
2277,12:56:38,0.119,0.635,0,0,eGFP1
2278,12:56:38,0.119,0.723,0,0,eGFP1
2279,12:56:39,0.119,0.744,0,0,eGFP1
2280,12:56:40,0.119,0.569,0,0,eGFP1
2281,12:56:40,0.087,0.504,0,0,eGFP1
2282,12:56:41,0.098,0.790,0,0,eGFP1
2283,12:56:42,0.108,0.525,0,0,eGFP1
2284,12:56:42,0.076,0.483,0,0,eGFP1
2285,12:56:43,0.097,0.821,0,0,eGFP1
2286,12:56:44,0.119,0.767,0,0,eGFP1
2287,12:56:45,0.152,0.964,0,0,eGFP1
2288,12:56:45,0.130,0.701,0,0,eGFP1
2289,12:56:46,0.119,0.679,0,0,eGFP1
2290,12:56:47,0.087,0.713,0,0,eGFP1
2291,12:56:47,0.130,0.657,0,0,eGFP1
2292,12:56:48,0.086,0.536,0,0,eGFP1
2293,12:56:49,0.119,0.810,0,0,eGFP1
2294,12:56:49,0.109,0.559,0,0,eGFP1
2295,12:56:50,0.086,0.448,0,0,eGFP1
2296,12:56:51,0.086,0.789,0,0,eGFP1
2297,12:56:51,0.174,0.821,0,0,eGFP1
2298,12:56:52,0.111,0.792,0,0,eGFP1
2299,12:56:53,0.130,0.722,0,0,eGFP1
2300,12:56:54,0.109,0.668,0,0,eGFP1
2301,12:56:56,0.152,2.347,0,0,eGFP1
2302,12:56:57,0.131,0.745,0,0,eGFP1
2303,12:56:57,0.108,0.668,0,0,eGFP1
2304,12:56:58,0.097,0.514,0,0,eGFP1
2305,12:56:58,0.076,0.416,0,0,eGFP1
2306,12:56:59,0.064,0.426,0,0,eGFP1
2307,12:57:00,0.088,0.889,0,0,eGFP1
2308,12:57:00,0.119,0.921,0,0,eGFP1
2309,12:57:01,0.316,0.986,0,0,eGFP1
2310,12:57:02,0.108,0.712,0,0,eGFP1
2311,12:57:03,0.119,0.591,0,0,eGFP1
2312,12:57:03,0.077,0.669,0,0,eGFP1
2313,12:57:04,0.119,0.613,0,0,eGFP1
2314,12:57:05,0.087,0.537,0,0,eGFP1
2315,12:57:05,0.087,0.482,0,0,eGFP1
2316,12:57:06,0.087,0.745,0,0,eGFP1
2317,12:57:07,0.141,0.811,0,0,eGFP1
2318,12:57:09,0.196,2.753,0,0,eGFP1
2319,12:57:10,0.108,0.613,0,0,eGFP1
2320,12:57:11,0.109,0.800,0,0,eGFP1
2321,12:57:11,0.130,0.580,0,0,eGFP1
2322,12:57:12,0.087,0.591,0,0,eGFP1
2323,12:57:13,0.099,0.659,0,0,eGFP1
2324,12:57:13,0.087,0.504,0,0,eGFP1
2325,12:57:14,0.075,0.503,0,0,eGFP1
2326,12:57:14,0.099,0.658,0,0,eGFP1
2327,12:57:15,0.109,0.636,0,0,eGFP1
2328,12:57:16,0.097,0.657,0,0,eGFP1
2329,12:57:16,0.108,0.635,0,0,eGFP1
2330,12:57:17,0.097,0.635,0,0,eGFP1
2331,12:57:17,0.110,0.669,0,0,eGFP1
2332,12:57:18,0.109,0.548,0,0,eGFP1
2333,12:57:18,0.075,0.415,0,0,eGFP1
2334,12:57:19,0.076,0.559,0,0,eGFP1
2335,12:57:20,0.119,0.832,0,0,eGFP1
2336,12:57:21,0.120,0.668,0,0,eGFP1
2337,12:57:21,0.109,0.789,0,0,eGFP1
2338,12:57:22,0.120,0.614,0,0,eGFP1
2339,12:57:22,0.086,0.503,0,0,eGFP1
2340,12:57:23,0.089,0.583,0,0,eGFP1
2341,12:57:24,0.152,0.855,0,0,eGFP1
2342,12:57:24,0.097,0.514,0,0,eGFP1
2343,12:57:25,0.076,0.438,0,0,eGFP1
2344,12:57:26,0.075,0.701,0,0,eGFP1
2345,12:57:26,0.119,0.591,0,0,eGFP1
2346,12:57:27,0.076,0.581,0,0,eGFP1
2347,12:57:28,0.130,0.810,0,0,eGFP1
2348,12:57:28,0.099,0.626,0,0,eGFP1
2349,12:57:29,0.130,0.800,0,0,eGFP1
2350,12:57:29,0.097,0.514,0,0,eGFP1
2351,12:57:30,0.076,0.526,0,0,eGFP1
2352,12:57:31,0.108,0.997,0,0,eGFP1
2353,12:57:32,0.185,0.866,0,0,eGFP1
2354,12:57:32,0.110,0.614,0,0,eGFP1
2355,12:57:33,0.098,0.658,0,0,eGFP1
2356,12:57:34,0.098,0.537,0,0,eGFP1
2357,12:57:34,0.087,0.504,0,0,eGFP1
2358,12:57:35,0.076,0.526,0,0,eGFP1
2359,12:57:35,0.097,0.701,0,0,eGFP1
2360,12:57:36,0.119,0.778,0,0,eGFP1
2361,12:57:37,0.108,0.767,0,0,eGFP1
2362,12:57:38,0.119,0.668,0,0,eGFP1
2363,12:57:38,0.086,0.536,0,0,eGFP1
2364,12:57:39,0.076,0.548,0,0,eGFP1
2365,12:57:40,0.119,0.909,0,0,eGFP1
2366,12:57:40,0.119,0.580,0,0,eGFP1
2367,12:57:41,0.076,0.438,0,0,eGFP1
2368,12:57:44,0.063,3.389,0,0,eGFP1
2369,12:57:45,0.196,0.865,0,0,eGFP1
2370,12:57:45,0.109,0.603,0,0,eGFP1
2371,12:57:46,0.097,0.580,0,0,eGFP1
2372,12:57:47,0.109,0.592,0,0,eGFP1
2373,12:57:47,0.087,0.537,0,0,eGFP1
2374,12:57:48,0.109,0.702,0,0,eGFP1
2375,12:57:48,0.108,0.591,0,0,eGFP1
2376,12:57:49,0.087,0.493,0,0,eGFP1
2377,12:57:49,0.075,0.470,0,0,eGFP1
2378,12:57:50,0.087,0.691,0,0,eGFP1
2379,12:57:51,0.130,0.668,0,0,eGFP1
2380,12:57:51,0.086,0.569,0,0,eGFP1
2381,12:57:52,0.090,0.562,0,0,eGFP1
2382,12:57:52,0.086,0.492,0,0,eGFP1
2383,12:57:53,0.076,0.702,0,0,eGFP1
2384,12:57:54,0.185,0.887,0,0,eGFP1
2385,12:57:55,0.109,0.625,0,0,eGFP1
2386,12:57:55,0.097,0.580,0,0,eGFP1
2387,12:57:56,0.087,0.493,0,0,eGFP1
2388,12:57:56,0.076,0.482,0,0,eGFP1
2389,12:57:57,0.099,0.823,0,0,eGFP1
2390,12:57:58,0.152,0.679,0,0,eGFP1
2391,12:57:58,0.087,0.460,0,0,eGFP1
2392,12:57:59,0.065,0.504,0,0,eGFP1
2393,12:57:59,0.097,0.624,0,0,eGFP1
2394,12:58:00,0.109,0.646,0,0,eGFP1
2395,12:58:00,0.089,0.549,0,0,eGFP1
2396,12:58:01,0.087,0.515,0,0,eGFP1
2397,12:58:02,0.109,1.020,0,0,eGFP1
2398,12:58:03,0.187,0.834,0,0,eGFP1
2399,12:58:03,0.109,0.624,0,0,eGFP1
2400,12:58:04,0.098,0.702,0,0,eGFP1
2401,12:58:06,0.877,1.787,0,0,eGFP1
2402,12:58:06,0.098,0.515,0,0,eGFP1
2403,12:58:07,0.087,0.526,0,0,eGFP1
2404,12:58:08,0.087,0.657,0,0,eGFP1
2405,12:58:09,0.142,1.053,0,0,eGFP1
2406,12:58:09,0.110,0.593,0,0,eGFP1
2407,12:58:10,0.087,0.526,0,0,eGFP1
2408,12:58:10,0.087,0.547,0,0,eGFP1
2409,12:58:11,0.089,0.528,0,0,eGFP1
2410,12:58:11,0.097,0.580,0,0,eGFP1
2411,12:58:12,0.109,0.603,0,0,eGFP1
2412,12:58:13,0.086,0.471,0,0,eGFP1
2413,12:58:13,0.075,0.558,0,0,eGFP1
2414,12:58:14,0.099,0.604,0,0,eGFP1
2415,12:58:14,0.076,0.482,0,0,eGFP1
2416,12:58:15,0.098,0.822,0,0,eGFP1
2417,12:58:16,0.131,0.603,0,0,eGFP1
2418,12:58:16,0.086,0.492,0,0,eGFP1
2419,12:58:17,0.087,0.603,0,0,eGFP1
2420,12:58:17,0.098,0.570,0,0,eGFP1
2421,12:58:18,0.086,0.525,0,0,eGFP1
2422,12:58:19,0.089,0.725,0,0,eGFP1
2423,12:58:19,0.154,0.758,0,0,eGFP1
2424,12:58:20,0.097,0.514,0,0,eGFP1
2425,12:58:20,0.087,0.592,0,0,eGFP1
2426,12:58:21,0.120,0.811,0,0,eGFP1
2427,12:58:22,0.109,0.548,0,0,eGFP1
2428,12:58:22,0.076,0.581,0,0,eGFP1
2429,12:58:23,0.130,0.822,0,0,eGFP1
2430,12:58:24,0.119,0.657,0,0,eGFP1
2431,12:58:24,0.088,0.549,0,0,eGFP1
2432,12:58:27,0.098,2.260,0,0,eGFP1
2433,12:58:27,0.142,0.635,0,0,eGFP1
2434,12:58:28,0.076,0.439,0,0,eGFP1
2435,12:58:28,0.075,0.460,0,0,eGFP1
2436,12:58:29,0.086,0.646,0,0,eGFP1
2437,12:58:29,0.121,0.648,0,0,eGFP1
2438,12:58:30,0.098,0.592,0,0,eGFP1
2439,12:58:31,0.088,0.516,0,0,eGFP1
2440,12:58:31,0.076,0.471,0,0,eGFP1
2441,12:58:32,0.076,0.646,0,0,eGFP1
2442,12:58:33,0.175,1.064,0,0,eGFP1
2443,12:58:33,0.098,0.493,0,0,eGFP1
2444,12:58:34,0.076,0.471,0,0,eGFP1
2445,12:58:34,0.098,0.657,0,0,eGFP1
2446,12:58:35,0.098,0.559,0,0,eGFP1
2447,12:58:35,0.080,0.454,0,0,eGFP1
2448,12:58:36,0.075,0.492,0,0,eGFP1
2449,12:58:37,0.098,0.658,0,0,eGFP1
2450,12:58:37,0.109,0.559,0,0,eGFP1
2451,12:58:38,0.088,0.582,0,0,eGFP1
2452,12:58:38,0.153,0.745,0,0,eGFP1
2453,12:58:39,0.087,0.472,0,0,eGFP1
2454,12:58:39,0.076,0.504,0,0,eGFP1
2455,12:58:40,0.121,0.680,0,0,eGFP1
2456,12:58:41,0.098,0.526,0,0,eGFP1
2457,12:58:41,0.076,0.494,0,0,eGFP1
2458,12:58:42,0.087,0.591,0,0,eGFP1
2459,12:58:42,0.131,0.768,0,0,eGFP1
2460,12:58:44,0.196,1.415,0,0,eGFP1
2461,12:58:44,0.131,0.591,0,0,eGFP1
2462,12:58:45,0.077,0.428,0,0,eGFP1
2463,12:58:47,0.065,2.358,0,0,eGFP1
2464,12:58:48,0.134,0.617,0,0,eGFP1
2465,12:58:48,0.076,0.482,0,0,eGFP1
2466,12:58:50,0.076,1.272,0,0,eGFP1
2467,12:58:50,0.197,0.735,0,0,eGFP1
2468,12:58:51,0.087,0.471,0,0,eGFP1
2469,12:58:51,0.065,0.471,0,0,eGFP1
2470,12:58:52,0.087,0.768,0,0,eGFP1
2471,12:58:53,0.120,0.591,0,0,eGFP1
2472,12:58:53,0.078,0.473,0,0,eGFP1
2473,12:58:54,0.076,0.625,0,0,eGFP1
2474,12:58:54,0.109,0.603,0,0,eGFP1
2475,12:58:55,0.076,0.504,0,0,eGFP1
2476,12:58:55,0.098,0.669,0,0,eGFP1
2477,12:58:56,0.109,0.602,0,0,eGFP1
2478,12:58:57,0.089,0.572,0,0,eGFP1
2479,12:58:57,0.087,0.668,0,0,eGFP1
2480,12:58:58,0.122,0.649,0,0,eGFP1
2481,12:58:58,0.087,0.460,0,0,eGFP1
2482,12:58:59,0.065,0.570,0,0,eGFP1
2483,12:59:00,0.241,1.129,0,0,eGFP1
2484,12:59:01,0.099,0.505,0,0,eGFP1
2485,12:59:01,0.065,0.438,0,0,eGFP1
2486,12:59:02,0.087,0.669,0,0,eGFP1
2487,12:59:02,0.120,0.581,0,0,eGFP1
2488,12:59:03,0.078,0.528,0,0,eGFP1
2489,12:59:04,0.109,0.734,0,0,eGFP1
2490,12:59:04,0.098,0.515,0,0,eGFP1
2491,12:59:05,0.076,0.515,0,0,eGFP1
2492,12:59:06,0.122,0.945,0,0,eGFP1
2493,12:59:06,0.120,0.636,0,0,eGFP1
2494,12:59:07,0.076,0.449,0,0,eGFP1
2495,12:59:07,0.065,0.614,0,0,eGFP1
2496,12:59:08,0.186,0.844,0,0,eGFP1
2497,12:59:09,0.089,0.528,0,0,eGFP1
2498,12:59:09,0.076,0.559,0,0,eGFP1
2499,12:59:10,0.120,1.086,0,0,eGFP1
2500,12:59:11,0.274,0.866,0,0,eGFP1
2501,12:59:17,2.984,5.662,0,0,eGFP1
2502,12:59:21,3.720,4.663,0,0,eGFP1
2503,12:59:22,0.175,0.944,0,0,eGFP1
2504,12:59:24,0.164,1.667,0,0,eGFP1
2505,12:59:25,0.133,0.824,0,0,eGFP1
2506,12:59:26,0.165,0.813,0,0,eGFP1
2507,12:59:26,0.109,0.680,0,0,eGFP1
2508,12:59:27,0.109,0.668,0,0,eGFP1
2509,12:59:28,0.099,0.549,0,0,eGFP1
2510,12:59:28,0.087,0.526,0,0,eGFP1
2511,12:59:29,0.087,0.493,0,0,eGFP1
2512,12:59:29,0.076,0.504,0,0,eGFP1
2513,12:59:30,0.089,0.638,0,0,eGFP1
2514,12:59:30,0.087,0.460,0,0,eGFP1
2515,12:59:31,0.065,0.460,0,0,eGFP1
2516,12:59:31,0.110,0.768,0,0,eGFP1
2517,12:59:32,0.087,0.515,0,0,eGFP1
2518,12:59:32,0.077,0.505,0,0,eGFP1
2519,12:59:33,0.087,0.701,0,0,eGFP1
2520,12:59:34,0.122,0.989,0,0,eGFP1
2521,12:59:35,0.165,0.747,0,0,eGFP1
2522,12:59:35,0.098,0.537,0,0,eGFP1
2523,12:59:37,0.077,1.317,0,0,eGFP1
2524,12:59:38,0.394,1.042,0,0,eGFP1
2525,12:59:38,0.076,0.460,0,0,eGFP1
2526,12:59:39,0.076,0.482,0,0,eGFP1
2527,12:59:39,0.077,0.527,0,0,eGFP1
2528,12:59:40,0.088,0.625,0,0,eGFP1
2529,12:59:41,0.121,0.669,0,0,eGFP1
2530,12:59:41,0.100,0.704,0,0,eGFP1
2531,12:59:42,0.131,0.855,0,0,eGFP1
2532,12:59:44,0.142,1.558,0,0,eGFP1
2533,12:59:45,0.164,0.834,0,0,eGFP1
2534,12:59:46,0.132,1.263,0,0,eGFP1
2535,12:59:46,0.164,0.669,0,0,eGFP1
2536,12:59:47,0.076,0.537,0,0,eGFP1
2537,12:59:48,0.109,0.625,0,0,eGFP1
2538,12:59:48,0.089,0.451,0,0,eGFP1
2539,12:59:49,0.065,0.449,0,0,eGFP1
2540,12:59:49,0.099,0.944,0,0,eGFP1
2541,12:59:50,0.164,0.888,0,0,eGFP1
2542,12:59:51,0.121,0.680,0,0,eGFP1
2543,12:59:52,0.088,0.527,0,0,eGFP1
2544,12:59:52,0.076,0.515,0,0,eGFP1
2545,12:59:53,0.131,0.998,0,0,eGFP1
2546,12:59:54,0.111,0.572,0,0,eGFP1
2547,12:59:54,0.078,0.462,0,0,eGFP1
2548,12:59:55,0.087,0.636,0,0,eGFP1
2549,12:59:56,0.109,1.108,0,0,eGFP1
2550,12:59:57,0.219,0.833,0,0,eGFP1
2551,12:59:58,0.121,0.812,0,0,eGFP1
2552,12:59:58,0.143,0.724,0,0,eGFP1
2553,12:59:59,0.110,1.020,0,0,eGFP1
2554,13:00:00,0.243,0.879,0,0,eGFP1
2555,13:00:01,0.121,0.658,0,0,eGFP1
2556,13:00:01,0.088,0.538,0,0,eGFP1
2557,13:00:02,0.076,0.493,0,0,eGFP1
2558,13:00:03,0.088,0.900,0,0,eGFP1
2559,13:00:04,0.219,0.779,0,0,eGFP1
2560,13:00:04,0.076,0.438,0,0,eGFP1
2561,13:00:04,0.067,0.517,0,0,eGFP1
2562,13:00:05,0.110,0.636,0,0,eGFP1
2563,13:00:06,0.089,0.484,0,0,eGFP1
2564,13:00:06,0.066,0.450,0,0,eGFP1
2565,13:00:07,0.087,0.581,0,0,eGFP1
2566,13:00:07,0.121,0.691,0,0,eGFP1
2567,13:00:08,0.110,0.647,0,0,eGFP1
2568,13:00:08,0.077,0.505,0,0,eGFP1
2569,13:00:09,0.077,0.593,0,0,eGFP1
2570,13:00:10,0.120,0.647,0,0,eGFP1
2571,13:00:10,0.089,0.550,0,0,eGFP1
2572,13:00:11,0.087,0.482,0,0,eGFP1
2573,13:00:11,0.088,0.625,0,0,eGFP1
2574,13:00:12,0.121,0.637,0,0,eGFP1
2575,13:00:12,0.088,0.462,0,0,eGFP1
2576,13:00:13,0.087,0.680,0,0,eGFP1
2577,13:00:14,0.142,0.669,0,0,eGFP1
2578,13:00:14,0.076,0.460,0,0,eGFP1
2579,13:00:15,0.078,0.770,0,0,eGFP1
2580,13:00:16,0.153,0.702,0,0,eGFP1
2581,13:00:16,0.098,0.526,0,0,eGFP1
2582,13:00:17,0.077,0.428,0,0,eGFP1
2583,13:00:17,0.077,0.538,0,0,eGFP1
2584,13:00:18,0.131,0.746,0,0,eGFP1
2585,13:00:18,0.098,0.482,0,0,eGFP1
2586,13:00:19,0.077,0.505,0,0,eGFP1
2587,13:00:20,0.100,0.780,0,0,eGFP1
2588,13:00:20,0.186,0.680,0,0,eGFP1
2589,13:00:22,0.298,1.439,0,0,eGFP1
2590,13:00:22,0.110,0.582,0,0,eGFP1
2591,13:00:23,0.087,0.592,0,0,eGFP1
2592,13:00:24,0.109,0.559,0,0,eGFP1
2593,13:00:24,0.077,0.582,0,0,eGFP1
2594,13:00:26,0.109,1.613,0,0,eGFP1
2595,13:00:27,0.219,0.900,0,0,eGFP1
2596,13:00:28,0.451,1.153,0,0,eGFP1
2597,13:00:28,0.088,0.592,0,0,eGFP1
2598,13:00:29,0.099,0.527,0,0,eGFP1
2599,13:00:29,0.077,0.439,0,0,eGFP1
2600,13:00:30,0.066,0.504,0,0,eGFP1
2601,13:00:31,0.121,0.714,0,0,eGFP1
2602,13:00:31,0.076,0.471,0,0,eGFP1
2603,13:00:32,0.078,0.495,0,0,eGFP1
2604,13:00:32,0.122,0.792,0,0,eGFP1
2605,13:00:33,0.098,0.504,0,0,eGFP1
2606,13:00:33,0.066,0.439,0,0,eGFP1
2607,13:00:34,0.088,0.692,0,0,eGFP1
2608,13:00:35,0.120,0.647,0,0,eGFP1
2609,13:00:35,0.078,0.528,0,0,eGFP1
2610,13:00:36,0.121,0.889,0,0,eGFP1
2611,13:00:37,0.088,0.494,0,0,eGFP1
2612,13:00:37,0.067,0.484,0,0,eGFP1
2613,13:00:38,0.120,1.086,0,0,eGFP1
2614,13:00:39,0.132,0.593,0,0,eGFP1
2615,13:00:39,0.076,0.449,0,0,eGFP1
2616,13:00:40,0.066,0.549,0,0,eGFP1
2617,13:00:41,0.363,1.571,0,0,eGFP1
2618,13:00:42,0.098,0.548,0,0,eGFP1
2619,13:00:42,0.088,0.516,0,0,eGFP1
2620,13:00:43,0.099,0.900,0,0,eGFP1
2621,13:00:44,0.130,0.712,0,0,eGFP1
2622,13:00:45,0.098,0.603,0,0,eGFP1
2623,13:00:45,0.099,0.680,0,0,eGFP1
2624,13:00:46,0.132,0.823,0,0,eGFP1
2625,13:00:47,0.143,0.758,0,0,eGFP1
2626,13:00:47,0.109,0.658,0,0,eGFP1
2627,13:00:49,0.099,1.986,0,0,eGFP1
2628,13:00:50,0.187,0.779,0,0,eGFP1
2629,13:00:51,0.100,0.605,0,0,eGFP1
2630,13:00:51,0.100,0.550,0,0,eGFP1
2631,13:00:52,0.088,0.527,0,0,eGFP1
2632,13:00:53,0.088,0.625,0,0,eGFP1
2633,13:00:53,0.099,0.582,0,0,eGFP1
2634,13:00:54,0.077,0.472,0,0,eGFP1
2635,13:00:54,0.077,0.680,0,0,eGFP1
2636,13:00:55,0.121,0.615,0,0,eGFP1
2637,13:00:55,0.089,0.495,0,0,eGFP1
2638,13:00:56,0.077,0.461,0,0,eGFP1
2639,13:00:57,0.076,0.636,0,0,eGFP1
2640,13:00:57,0.132,0.681,0,0,eGFP1
2641,13:00:58,0.087,0.504,0,0,eGFP1
2642,13:00:58,0.077,0.703,0,0,eGFP1
2643,13:00:59,0.186,0.823,0,0,eGFP1
2644,13:01:00,0.100,0.528,0,0,eGFP1
2645,13:01:00,0.078,0.594,0,0,eGFP1
2646,13:01:01,0.142,0.823,0,0,eGFP1
2647,13:01:02,0.099,0.549,0,0,eGFP1
2648,13:01:02,0.087,0.680,0,0,eGFP1
2649,13:01:03,0.143,0.900,0,0,eGFP1
2650,13:01:04,0.157,0.870,0,0,eGFP1
2651,13:01:05,0.110,0.593,0,0,eGFP1
2652,13:01:05,0.077,0.527,0,0,eGFP1
2653,13:01:06,0.099,0.614,0,0,eGFP1
2654,13:01:07,0.144,0.858,0,0,eGFP1
2655,13:01:07,0.121,0.592,0,0,eGFP1
2656,13:01:08,0.099,0.615,0,0,eGFP1
2657,13:01:08,0.088,0.483,0,0,eGFP1
2658,13:01:09,0.078,0.440,0,0,eGFP1
2659,13:01:09,0.088,0.615,0,0,eGFP1
2660,13:01:10,0.110,0.658,0,0,eGFP1
2661,13:01:11,0.099,0.549,0,0,eGFP1
2662,13:01:11,0.078,0.616,0,0,eGFP1
2663,13:01:12,0.132,0.703,0,0,eGFP1
2664,13:01:13,0.087,0.493,0,0,eGFP1
2665,13:01:13,0.077,0.527,0,0,eGFP1
2666,13:01:14,0.099,0.703,0,0,eGFP1
2667,13:01:14,0.099,0.538,0,0,eGFP1
2668,13:01:15,0.098,0.801,0,0,eGFP1
2669,13:01:16,0.164,0.724,0,0,eGFP1
2670,13:01:16,0.089,0.550,0,0,eGFP1
2671,13:01:17,0.088,0.626,0,0,eGFP1
2672,13:01:18,0.111,0.572,0,0,eGFP1
2673,13:01:18,0.088,0.516,0,0,eGFP1
2674,13:01:19,0.099,0.647,0,0,eGFP1
2675,13:01:20,0.143,1.526,0,0,eGFP1
2676,13:01:21,0.121,0.571,0,0,eGFP1
2677,13:01:21,0.077,0.516,0,0,eGFP1
2678,13:01:22,0.111,0.715,0,0,eGFP1
2679,13:01:23,0.098,0.504,0,0,eGFP1
2680,13:01:23,0.097,0.656,0,0,eGFP1
2681,13:01:24,0.130,0.745,0,0,eGFP1
2682,13:01:24,0.085,0.513,0,0,eGFP1
2683,13:01:25,0.075,0.481,0,0,eGFP1
2684,13:01:26,0.086,0.690,0,0,eGFP1
2685,13:01:26,0.119,0.656,0,0,eGFP1
2686,13:01:27,0.091,0.518,0,0,eGFP1
2687,13:01:27,0.077,0.571,0,0,eGFP1
2688,13:01:28,0.129,1.040,0,0,eGFP1
2689,13:01:30,0.240,1.107,0,0,eGFP1
2690,13:07:19,0.327,349.137,0,0,eGFP1
2691,13:07:21,0.272,2.774,0,0,eGFP1
2692,13:07:23,0.152,1.228,0,0,eGFP1
2693,13:07:23,0.130,0.766,0,0,eGFP1
2694,13:07:25,0.130,1.118,0,0,eGFP1
2695,13:07:25,0.153,0.756,0,0,eGFP1
2696,13:07:28,0.119,2.259,0,0,eGFP1
2697,13:07:28,0.130,0.668,0,0,eGFP1
2698,13:07:29,0.119,0.799,0,0,eGFP1
2699,13:07:30,0.108,1.161,0,0,eGFP1
2700,13:07:31,0.340,1.163,0,0,eGFP1
2701,13:07:32,0.097,0.635,0,0,eGFP1
2702,13:07:34,0.174,1.633,0,0,eGFP1
2703,13:07:34,0.120,0.625,0,0,eGFP1
2704,13:07:35,0.097,0.635,0,0,eGFP1
2705,13:07:36,0.130,1.019,0,0,eGFP1
2706,13:07:40,0.261,3.970,0,0,eGFP1
2707,13:07:41,0.174,0.745,0,0,eGFP1
2708,13:07:41,0.097,0.613,0,0,eGFP1
2709,13:07:42,0.097,0.601,0,0,eGFP1
2710,13:07:42,0.097,0.503,0,0,eGFP1
2711,13:07:43,0.077,0.538,0,0,eGFP1
2712,13:07:44,0.119,0.689,0,0,eGFP1
2713,13:07:44,0.088,0.472,0,0,eGFP1
2714,13:07:44,0.064,0.459,0,0,eGFP1
2715,13:07:45,0.097,0.690,0,0,eGFP1
2716,13:07:46,0.108,0.536,0,0,eGFP1
2717,13:07:46,0.075,0.547,0,0,eGFP1
2718,13:07:47,0.108,0.579,0,0,eGFP1
2719,13:07:47,0.076,0.427,0,0,eGFP1
2720,13:07:48,0.076,0.570,0,0,eGFP1
2721,13:07:49,0.152,0.733,0,0,eGFP1
2722,13:07:49,0.087,0.471,0,0,eGFP1
2723,13:07:50,0.075,0.525,0,0,eGFP1
2724,13:07:52,0.217,2.621,0,0,eGFP1
2725,13:07:53,0.141,0.634,0,0,eGFP1
2726,13:07:53,0.087,0.569,0,0,eGFP1
2727,13:07:54,0.110,0.648,0,0,eGFP1
2728,13:07:55,0.109,0.636,0,0,eGFP1
2729,13:07:55,0.086,0.503,0,0,eGFP1
2730,13:07:56,0.086,0.569,0,0,eGFP1
2731,13:07:56,0.086,0.448,0,0,eGFP1
2732,13:07:57,0.064,0.426,0,0,eGFP1
2733,13:07:57,0.087,0.690,0,0,eGFP1
2734,13:07:58,0.108,0.514,0,0,eGFP1
2735,13:07:58,0.075,0.437,0,0,eGFP1
2736,13:07:59,0.077,0.724,0,0,eGFP1
2737,13:08:00,0.130,0.624,0,0,eGFP1
2738,13:08:00,0.086,0.503,0,0,eGFP1
2739,13:08:01,0.097,0.602,0,0,eGFP1
2740,13:08:01,0.086,0.514,0,0,eGFP1
2741,13:08:02,0.077,0.439,0,0,eGFP1
2742,13:08:02,0.075,0.547,0,0,eGFP1
2743,13:08:03,0.119,0.657,0,0,eGFP1
2744,13:08:03,0.087,0.548,0,0,eGFP1
2745,13:08:08,0.130,4.114,0,0,eGFP1
2746,13:08:08,0.207,0.854,0,0,eGFP1
2747,13:08:09,0.097,0.690,0,0,eGFP1
2748,13:08:10,0.163,0.810,0,0,eGFP1
2749,13:08:10,0.098,0.504,0,0,eGFP1
2750,13:08:11,0.086,0.591,0,0,eGFP1
2751,13:08:11,0.097,0.514,0,0,eGFP1
2752,13:08:12,0.075,0.459,0,0,eGFP1
2753,13:08:13,0.099,0.680,0,0,eGFP1
2754,13:08:13,0.108,0.503,0,0,eGFP1
2755,13:08:14,0.077,0.439,0,0,eGFP1
2756,13:08:14,0.075,0.558,0,0,eGFP1
2757,13:08:15,0.108,0.569,0,0,eGFP1
2758,13:08:15,0.075,0.459,0,0,eGFP1
2759,13:08:16,0.087,0.679,0,0,eGFP1
2760,13:08:16,0.108,0.569,0,0,eGFP1
2761,13:08:17,0.077,0.461,0,0,eGFP1
2762,13:08:17,0.064,0.470,0,0,eGFP1
2763,13:08:18,0.108,0.756,0,0,eGFP1
2764,13:08:19,0.097,0.514,0,0,eGFP1
2765,13:08:19,0.075,0.525,0,0,eGFP1
2766,13:08:20,0.109,0.602,0,0,eGFP1
2767,13:08:20,0.087,0.504,0,0,eGFP1
2768,13:08:21,0.075,0.503,0,0,eGFP1
2769,13:08:21,0.089,0.572,0,0,eGFP1
2770,13:08:22,0.097,0.569,0,0,eGFP1
2771,13:08:24,0.086,2.127,0,0,eGFP1
2772,13:08:25,0.418,1.033,0,0,eGFP1
2773,13:08:26,0.086,0.624,0,0,eGFP1
2774,13:08:27,0.163,0.986,0,0,eGFP1
2775,13:08:27,0.097,0.536,0,0,eGFP1
2776,13:08:28,0.075,0.536,0,0,eGFP1
2777,13:08:28,0.121,0.680,0,0,eGFP1
2778,13:08:29,0.097,0.558,0,0,eGFP1
2779,13:08:30,0.109,0.976,0,0,eGFP1
2780,13:08:31,0.163,0.689,0,0,eGFP1
2781,13:08:31,0.087,0.482,0,0,eGFP1
2782,13:08:32,0.075,0.536,0,0,eGFP1
2783,13:08:32,0.088,0.603,0,0,eGFP1
2784,13:08:33,0.087,0.493,0,0,eGFP1
2785,13:08:33,0.064,0.470,0,0,eGFP1
2786,13:08:34,0.077,0.538,0,0,eGFP1
2787,13:08:34,0.097,0.635,0,0,eGFP1
2788,13:08:35,0.097,0.503,0,0,eGFP1
2789,13:08:35,0.086,0.471,0,0,eGFP1
2790,13:08:36,0.075,0.525,0,0,eGFP1
2791,13:08:37,0.108,0.756,0,0,eGFP1
2792,13:08:37,0.097,0.525,0,0,eGFP1
2793,13:08:38,0.075,0.547,0,0,eGFP1
2794,13:08:38,0.099,0.658,0,0,eGFP1
2795,13:08:39,0.098,0.592,0,0,eGFP1
2796,13:08:39,0.076,0.515,0,0,eGFP1
2797,13:08:40,0.109,0.844,0,0,eGFP1
2798,13:08:42,0.602,2.094,0,0,eGFP1
2799,13:08:43,0.109,0.635,0,0,eGFP1
2800,13:08:44,0.131,0.690,0,0,eGFP1
2801,13:08:44,0.098,0.581,0,0,eGFP1
2802,13:08:45,0.120,0.691,0,0,eGFP1
2803,13:08:45,0.086,0.481,0,0,eGFP1
2804,13:08:46,0.087,0.526,0,0,eGFP1
2805,13:08:47,0.097,0.690,0,0,eGFP1
2806,13:08:47,0.086,0.503,0,0,eGFP1
2807,13:08:48,0.075,0.427,0,0,eGFP1
2808,13:08:48,0.064,0.536,0,0,eGFP1
2809,13:08:49,0.130,0.734,0,0,eGFP1
2810,13:08:52,0.089,2.624,0,0,eGFP1
2811,13:08:52,0.119,0.558,0,0,eGFP1
2812,13:08:53,0.076,0.558,0,0,eGFP1
2813,13:08:53,0.120,0.647,0,0,eGFP1
2814,13:08:54,0.086,0.449,0,0,eGFP1
2815,13:08:54,0.064,0.492,0,0,eGFP1
2816,13:08:55,0.108,0.767,0,0,eGFP1
2817,13:08:55,0.086,0.481,0,0,eGFP1
2818,13:08:56,0.065,0.482,0,0,eGFP1
2819,13:08:57,0.099,0.691,0,0,eGFP1
2820,13:08:57,0.098,0.515,0,0,eGFP1
2821,13:08:58,0.086,0.646,0,0,eGFP1
2822,13:08:59,0.163,0.756,0,0,eGFP1
2823,13:08:59,0.086,0.481,0,0,eGFP1
2824,13:09:00,0.077,0.516,0,0,eGFP1
2825,13:09:00,0.108,0.789,0,0,eGFP1
2826,13:09:01,0.130,0.635,0,0,eGFP1
2827,13:09:01,0.088,0.461,0,0,eGFP1
2828,13:09:02,0.075,0.481,0,0,eGFP1
2829,13:09:03,0.098,0.669,0,0,eGFP1
2830,13:09:03,0.097,0.514,0,0,eGFP1
2831,13:09:04,0.075,0.492,0,0,eGFP1
2832,13:09:04,0.109,0.756,0,0,eGFP1
2833,13:09:05,0.087,0.493,0,0,eGFP1
2834,13:09:05,0.065,0.449,0,0,eGFP1
2835,13:09:06,0.087,0.669,0,0,eGFP1
2836,13:09:07,0.119,0.547,0,0,eGFP1
2837,13:09:07,0.065,0.416,0,0,eGFP1
2838,13:09:08,0.077,0.648,0,0,eGFP1
2839,13:09:09,0.262,0.920,0,0,eGFP1
2840,13:09:09,0.087,0.515,0,0,eGFP1
2841,13:09:10,0.086,0.789,0,0,eGFP1
2842,13:09:10,0.141,0.646,0,0,eGFP1
2843,13:09:11,0.088,0.549,0,0,eGFP1
2844,13:09:12,0.097,0.624,0,0,eGFP1
2845,13:09:12,0.087,0.515,0,0,eGFP1
2846,13:09:13,0.108,0.679,0,0,eGFP1
2847,13:09:13,0.273,0.492,0,0,eGFP1
2848,13:09:14,0.328,1.031,0,0,eGFP1
2849,13:09:15,0.141,0.777,0,0,eGFP1
2850,13:09:16,0.109,0.614,0,0,eGFP1
2851,13:09:16,0.086,0.690,0,0,eGFP1
2852,13:09:19,0.177,2.416,0,0,eGFP1
2853,13:09:19,0.109,0.570,0,0,eGFP1
2854,13:09:20,0.108,0.745,0,0,eGFP1
2855,13:09:21,0.108,0.602,0,0,eGFP1
2856,13:09:21,0.087,0.624,0,0,eGFP1
2857,13:09:22,0.098,0.537,0,0,eGFP1
2858,13:09:22,0.075,0.471,0,0,eGFP1
2859,13:09:23,0.086,0.778,0,0,eGFP1
2860,13:09:29,0.691,5.860,0,0,eGFP1
2861,13:09:30,0.141,0.646,0,0,eGFP1
2862,13:09:30,0.087,0.701,0,0,eGFP1
2863,13:09:31,0.109,0.592,0,0,eGFP1
2864,13:09:32,0.097,0.668,0,0,eGFP1
2865,13:09:32,0.120,0.570,0,0,eGFP1
2866,13:09:33,0.077,0.505,0,0,eGFP1
2867,13:09:33,0.097,0.723,0,0,eGFP1
2868,13:09:34,0.153,0.713,0,0,eGFP1
2869,13:09:35,0.087,0.603,0,0,eGFP1
2870,13:09:35,0.097,0.547,0,0,eGFP1
2871,13:09:36,0.076,0.471,0,0,eGFP1
2872,13:09:36,0.087,0.635,0,0,eGFP1
2873,13:09:37,0.098,0.581,0,0,eGFP1
2874,13:09:38,0.097,0.613,0,0,eGFP1
2875,13:09:38,0.098,0.548,0,0,eGFP1
2876,13:09:39,0.086,0.503,0,0,eGFP1
2877,13:09:39,0.086,0.569,0,0,eGFP1
2878,13:09:40,0.097,0.492,0,0,eGFP1
2879,13:09:40,0.078,0.429,0,0,eGFP1
2880,13:09:41,0.075,0.635,0,0,eGFP1
2881,13:09:41,0.109,0.559,0,0,eGFP1
2882,13:09:42,0.075,0.460,0,0,eGFP1
2883,13:09:42,0.075,0.569,0,0,eGFP1
2884,13:09:43,0.098,0.592,0,0,eGFP1
2885,13:09:43,0.077,0.483,0,0,eGFP1
2886,13:09:44,0.075,0.503,0,0,eGFP1
2887,13:09:45,0.131,0.768,0,0,eGFP1
2888,13:09:45,0.086,0.481,0,0,eGFP1
2889,13:09:46,0.065,0.416,0,0,eGFP1
2890,13:09:46,0.076,0.592,0,0,eGFP1
2891,13:09:47,0.119,0.613,0,0,eGFP1
2892,13:09:47,0.076,0.482,0,0,eGFP1
2893,13:09:48,0.079,0.627,0,0,eGFP1
2894,13:09:49,0.109,0.592,0,0,eGFP1
2895,13:09:49,0.087,0.482,0,0,eGFP1
2896,13:09:49,0.076,0.482,0,0,eGFP1
2897,13:09:50,0.075,0.624,0,0,eGFP1
2898,13:09:51,0.120,0.690,0,0,eGFP1
2899,13:09:51,0.087,0.482,0,0,eGFP1
2900,13:09:52,0.087,0.636,0,0,eGFP1
2901,13:09:53,0.132,0.658,0,0,eGFP1
2902,13:09:53,0.087,0.537,0,0,eGFP1
2903,13:09:54,0.076,0.537,0,0,eGFP1
2904,13:09:54,0.087,0.646,0,0,eGFP1
2905,13:09:55,0.109,0.603,0,0,eGFP1
2906,13:09:55,0.098,0.591,0,0,eGFP1
2907,13:09:56,0.099,0.648,0,0,eGFP1
2908,13:09:57,0.098,0.581,0,0,eGFP1
2909,13:09:57,0.109,0.635,0,0,eGFP1
2910,13:09:58,0.099,0.571,0,0,eGFP1
2911,13:09:59,0.109,0.735,0,0,eGFP1
2912,13:09:59,0.108,0.591,0,0,eGFP1
2913,13:10:00,0.087,0.504,0,0,eGFP1
2914,13:10:00,0.087,0.625,0,0,eGFP1
2915,13:10:01,0.119,0.679,0,0,eGFP1
2916,13:10:02,0.098,0.526,0,0,eGFP1
2917,13:10:02,0.087,0.591,0,0,eGFP1
2918,13:10:03,0.111,0.615,0,0,eGFP1
2919,13:10:03,0.087,0.504,0,0,eGFP1
2920,13:10:04,0.087,0.603,0,0,eGFP1
2921,13:10:05,0.132,0.746,0,0,eGFP1
2922,13:10:05,0.098,0.515,0,0,eGFP1
2923,13:10:06,0.087,0.669,0,0,eGFP1
2924,13:10:07,0.131,0.745,0,0,eGFP1
2925,13:10:07,0.098,0.504,0,0,eGFP1
2926,13:10:08,0.077,0.461,0,0,eGFP1
2927,13:10:08,0.087,0.603,0,0,eGFP1
2928,13:10:09,0.120,0.679,0,0,eGFP1
2929,13:10:09,0.098,0.537,0,0,eGFP1
2930,13:10:10,0.087,0.614,0,0,eGFP1
2931,13:10:11,0.164,0.910,0,0,eGFP1
2932,13:10:11,0.098,0.603,0,0,eGFP1
2933,13:10:12,0.108,0.679,0,0,eGFP1
2934,13:10:13,0.110,0.604,0,0,eGFP1
2935,13:10:13,0.091,0.662,0,0,eGFP1
2936,13:10:14,0.131,0.701,0,0,eGFP1
2937,13:10:15,0.087,0.471,0,0,eGFP1
2938,13:10:15,0.076,0.548,0,0,eGFP1
2939,13:10:16,0.131,0.778,0,0,eGFP1
2940,13:10:16,0.087,0.515,0,0,eGFP1
2941,13:10:17,0.098,0.702,0,0,eGFP1
2942,13:10:18,0.120,0.668,0,0,eGFP1
2943,13:10:18,0.089,0.527,0,0,eGFP1
2944,13:10:19,0.098,0.680,0,0,eGFP1
2945,13:10:20,0.120,0.559,0,0,eGFP1
2946,13:10:20,0.076,0.504,0,0,eGFP1
2947,13:10:21,0.098,0.789,0,0,eGFP1
2948,13:10:22,0.142,1.163,0,0,eGFP1
2949,13:10:23,0.198,0.867,0,0,eGFP1
2950,13:10:24,0.120,0.856,0,0,eGFP1
2951,13:10:24,0.154,0.735,0,0,eGFP1
2952,13:10:25,0.098,0.515,0,0,eGFP1
2953,13:10:26,0.087,0.625,0,0,eGFP1
2954,13:10:26,0.109,0.647,0,0,eGFP1
2955,13:10:27,0.098,0.614,0,0,eGFP1
2956,13:10:28,0.109,0.888,0,0,eGFP1
2957,13:10:29,0.197,1.020,0,0,eGFP1
2958,13:10:29,0.109,0.580,0,0,eGFP1
2959,13:10:30,0.089,0.572,0,0,eGFP1
2960,13:10:31,0.098,0.570,0,0,eGFP1
2961,13:10:31,0.087,0.559,0,0,eGFP1
2962,13:10:32,0.099,0.703,0,0,eGFP1
2963,13:10:32,0.109,0.548,0,0,eGFP1
2964,13:10:33,0.076,0.482,0,0,eGFP1
2965,13:10:34,0.098,0.723,0,0,eGFP1
2966,13:10:34,0.120,0.603,0,0,eGFP1
2967,13:10:35,0.078,0.473,0,0,eGFP1
2968,13:10:35,0.087,0.734,0,0,eGFP1
2969,13:10:36,0.131,0.614,0,0,eGFP1
2970,13:10:37,0.098,0.702,0,0,eGFP1
2971,13:10:37,0.131,0.636,0,0,eGFP1
2972,13:10:38,0.076,0.438,0,0,eGFP1
2973,13:10:39,0.076,1.151,0,0,eGFP1
2974,13:10:40,0.307,0.944,0,0,eGFP1
2975,13:10:40,0.087,0.537,0,0,eGFP1
2976,13:10:41,0.081,0.509,0,0,eGFP1
2977,13:10:41,0.076,0.515,0,0,eGFP1
2978,13:10:42,0.077,0.527,0,0,eGFP1
2979,13:10:43,0.120,0.855,0,0,eGFP1
2980,13:10:43,0.109,0.559,0,0,eGFP1
2981,13:10:44,0.076,0.636,0,0,eGFP1
2982,13:10:45,0.131,0.734,0,0,eGFP1
2983,13:10:45,0.088,0.527,0,0,eGFP1
2984,13:10:46,0.088,0.593,0,0,eGFP1
2985,13:10:46,0.109,0.592,0,0,eGFP1
2986,13:10:47,0.076,0.526,0,0,eGFP1
2987,13:10:48,0.120,0.822,0,0,eGFP1
2988,13:10:48,0.088,0.516,0,0,eGFP1
2989,13:10:49,0.087,0.614,0,0,eGFP1
2990,13:10:49,0.110,0.604,0,0,eGFP1
2991,13:10:50,0.076,0.449,0,0,eGFP1
2992,13:10:50,0.078,0.429,0,0,eGFP1
2993,13:10:51,0.076,0.581,0,0,eGFP1
2994,13:10:52,0.131,0.735,0,0,eGFP1
2995,13:10:52,0.087,0.515,0,0,eGFP1
2996,13:10:53,0.087,0.658,0,0,eGFP1
2997,13:10:54,0.142,0.691,0,0,eGFP1
2998,13:10:54,0.087,0.537,0,0,eGFP1
2999,13:10:55,0.098,0.636,0,0,eGFP1
3000,13:10:55,0.088,0.560,0,0,eGFP1
3001,13:10:56,0.087,0.494,0,0,eGFP1
3002,13:10:56,0.087,0.603,0,0,eGFP1
3003,13:10:57,0.131,0.976,0,0,eGFP1
3004,13:10:58,0.187,1.131,0,0,eGFP1
3005,13:11:01,0.263,2.216,0,0,eGFP1
3006,13:11:01,0.153,0.713,0,0,eGFP1
3007,13:11:02,0.109,0.713,0,0,eGFP1
3008,13:11:03,0.131,0.745,0,0,eGFP1
3009,13:11:04,0.122,0.704,0,0,eGFP1
3010,13:11:04,0.120,0.712,0,0,eGFP1
3011,13:11:05,0.099,0.581,0,0,eGFP1
3012,13:11:06,0.110,0.647,0,0,eGFP1
3013,13:11:06,0.099,0.571,0,0,eGFP1
3014,13:11:07,0.109,0.625,0,0,eGFP1
3015,13:11:07,0.076,0.460,0,0,eGFP1
3016,13:11:08,0.080,0.497,0,0,eGFP1
3017,13:11:09,0.110,0.911,0,0,eGFP1
3018,13:11:09,0.155,0.671,0,0,eGFP1
3019,13:11:10,0.076,0.471,0,0,eGFP1
3020,13:11:10,0.087,0.592,0,0,eGFP1
3021,13:11:11,0.109,0.625,0,0,eGFP1
3022,13:11:11,0.088,0.472,0,0,eGFP1
3023,13:11:12,0.076,0.548,0,0,eGFP1
3024,13:11:13,0.142,0.812,0,0,eGFP1
3025,13:11:13,0.099,0.527,0,0,eGFP1
3026,13:11:14,0.066,0.395,0,0,eGFP1
3027,13:11:14,0.065,0.504,0,0,eGFP1
3028,13:11:15,0.132,1.086,0,0,eGFP1
3029,13:11:16,0.131,0.625,0,0,eGFP1
3030,13:11:16,0.088,0.571,0,0,eGFP1
3031,13:11:17,0.120,0.723,0,0,eGFP1
3032,13:11:18,0.111,0.594,0,0,eGFP1
3033,13:11:18,0.078,0.539,0,0,eGFP1
3034,13:11:19,0.098,0.647,0,0,eGFP1
3035,13:11:20,0.109,0.603,0,0,eGFP1
3036,13:11:20,0.087,0.504,0,0,eGFP1
3037,13:11:22,0.099,2.162,0,0,eGFP1
3038,13:11:23,0.120,0.581,0,0,eGFP1
3039,13:11:23,0.088,0.647,0,0,eGFP1
3040,13:11:24,0.121,0.669,0,0,eGFP1
3041,13:11:25,0.088,0.527,0,0,eGFP1
3042,13:11:25,0.077,0.451,0,0,eGFP1
3043,13:11:26,0.065,0.427,0,0,eGFP1
3044,13:11:26,0.077,0.538,0,0,eGFP1
3045,13:11:27,0.120,0.713,0,0,eGFP1
3046,13:11:27,0.097,0.558,0,0,eGFP1
3047,13:11:28,0.087,0.658,0,0,eGFP1
3048,13:11:29,0.142,0.724,0,0,eGFP1
3049,13:11:29,0.098,0.493,0,0,eGFP1
3050,13:11:30,0.067,0.451,0,0,eGFP1
3051,13:11:30,0.088,0.691,0,0,eGFP1
3052,13:11:31,0.099,0.538,0,0,eGFP1
3053,13:11:31,0.076,0.504,0,0,eGFP1
3054,13:11:32,0.110,0.724,0,0,eGFP1
3055,13:11:33,0.099,0.538,0,0,eGFP1
3056,13:11:33,0.087,0.789,0,0,eGFP1
3057,13:11:35,0.440,1.274,0,0,eGFP1
3058,13:11:35,0.111,0.648,0,0,eGFP1
3059,13:11:36,0.122,0.726,0,0,eGFP1
3060,13:11:37,0.098,0.548,0,0,eGFP1
3061,13:11:37,0.077,0.483,0,0,eGFP1
3062,13:11:38,0.098,0.636,0,0,eGFP1
3063,13:11:38,0.098,0.570,0,0,eGFP1
3064,13:11:39,0.088,0.626,0,0,eGFP1
3065,13:11:40,0.109,0.581,0,0,eGFP1
3066,13:11:40,0.089,0.539,0,0,eGFP1
3067,13:11:43,0.087,2.414,0,0,eGFP1
3068,13:11:43,0.186,0.713,0,0,eGFP1
3069,13:11:44,0.087,0.570,0,0,eGFP1
3070,13:11:45,0.143,0.867,0,0,eGFP1
3071,13:11:45,0.087,0.559,0,0,eGFP1
3072,13:11:46,0.099,0.691,0,0,eGFP1
3073,13:11:46,0.243,0.484,0,0,eGFP1
3074,13:11:49,1.778,2.392,0,0,eGFP1
3075,13:11:49,0.100,0.660,0,0,eGFP1
3076,13:11:50,0.143,0.867,0,0,eGFP1
3077,13:11:52,0.362,1.448,0,0,eGFP1
3078,13:11:53,0.230,1.580,0,0,eGFP1
3079,13:11:54,0.110,0.582,0,0,eGFP1
3080,13:11:57,0.098,3.434,0,0,eGFP1
3081,13:13:34,95.361,96.239,0,0,eGFP1
3082,13:13:35,0.220,0.911,0,0,eGFP1
3083,13:13:38,0.418,3.842,0,0,eGFP1
3084,13:13:39,0.153,0.680,0,0,eGFP1
3085,13:13:40,0.121,0.812,0,0,eGFP1
3086,13:13:40,0.099,0.516,0,0,eGFP1
3087,13:13:41,0.089,0.648,0,0,eGFP1
3088,13:13:42,0.099,0.549,0,0,eGFP1
3089,13:13:42,0.077,0.472,0,0,eGFP1
3090,13:13:43,0.087,0.647,0,0,eGFP1
3091,13:13:43,0.089,0.528,0,0,eGFP1
3092,13:13:44,0.087,0.636,0,0,eGFP1
3093,13:13:44,0.121,0.571,0,0,eGFP1
3094,13:13:45,0.076,0.449,0,0,eGFP1
3095,13:13:45,0.077,0.626,0,0,eGFP1
3096,13:13:46,0.131,0.636,0,0,eGFP1
3097,13:13:47,0.077,0.483,0,0,eGFP1
3098,13:13:47,0.077,0.516,0,0,eGFP1
3099,13:13:48,0.100,0.583,0,0,eGFP1
3100,13:13:48,0.088,0.494,0,0,eGFP1
3101,13:13:49,0.078,0.550,0,0,eGFP1
3102,13:13:50,0.131,0.811,0,0,eGFP1
3103,13:13:50,0.088,0.505,0,0,eGFP1
3104,13:13:51,0.088,0.713,0,0,eGFP1
3105,13:13:51,0.132,0.659,0,0,eGFP1
3106,13:13:52,0.076,0.548,0,0,eGFP1
3107,13:13:53,0.132,1.196,0,0,eGFP1
3108,13:13:54,0.133,0.638,0,0,eGFP1
3109,13:13:54,0.077,0.516,0,0,eGFP1
3110,13:13:55,0.087,0.614,0,0,eGFP1
3111,13:13:56,0.121,0.637,0,0,eGFP1
3112,13:13:56,0.087,0.493,0,0,eGFP1
3113,13:13:57,0.077,0.527,0,0,eGFP1
3114,13:13:57,0.099,0.658,0,0,eGFP1
3115,13:13:58,0.100,0.572,0,0,eGFP1
3116,13:13:58,0.078,0.463,0,0,eGFP1
3117,13:13:59,0.087,0.779,0,0,eGFP1
3118,13:14:00,0.142,0.647,0,0,eGFP1
3119,13:14:00,0.077,0.472,0,0,eGFP1
3120,13:14:01,0.088,0.856,0,0,eGFP1
3121,13:14:02,0.120,0.570,0,0,eGFP1
3122,13:14:02,0.077,0.461,0,0,eGFP1
3123,13:14:03,0.088,0.757,0,0,eGFP1
3124,13:14:03,0.133,0.594,0,0,eGFP1
3125,13:14:04,0.066,0.461,0,0,eGFP1
3126,13:14:05,0.088,0.637,0,0,eGFP1
3127,13:14:05,0.109,0.592,0,0,eGFP1
3128,13:14:06,0.078,0.463,0,0,eGFP1
3129,13:14:06,0.087,0.625,0,0,eGFP1
3130,13:14:07,0.132,0.658,0,0,eGFP1
3131,13:14:07,0.077,0.450,0,0,eGFP1
3132,13:14:08,0.077,0.516,0,0,eGFP1
3133,13:14:08,0.109,0.668,0,0,eGFP1
3134,13:14:09,0.088,0.494,0,0,eGFP1
3135,13:14:09,0.077,0.472,0,0,eGFP1
3136,13:14:10,0.088,0.571,0,0,eGFP1
3137,13:14:11,0.110,0.647,0,0,eGFP1
3138,13:14:11,0.100,0.550,0,0,eGFP1
3139,13:14:12,0.098,0.735,0,0,eGFP1
3140,13:14:13,0.110,0.538,0,0,eGFP1
3141,13:14:13,0.078,0.539,0,0,eGFP1
3142,13:14:14,0.111,0.715,0,0,eGFP1
3143,13:14:14,0.087,0.471,0,0,eGFP1
3144,13:14:15,0.077,0.604,0,0,eGFP1
3145,13:14:15,0.121,0.626,0,0,eGFP1
3146,13:14:16,0.076,0.515,0,0,eGFP1
3147,13:14:17,0.088,0.648,0,0,eGFP1
3148,13:14:17,0.132,0.713,0,0,eGFP1
3149,13:14:18,0.100,0.649,0,0,eGFP1
3150,13:14:19,0.132,0.779,0,0,eGFP1
3151,13:14:19,0.110,0.571,0,0,eGFP1
3152,13:14:20,0.088,0.538,0,0,eGFP1
3153,13:14:21,0.099,0.680,0,0,eGFP1
3154,13:14:21,0.099,0.538,0,0,eGFP1
3155,13:14:22,0.077,0.549,0,0,eGFP1
3156,13:14:22,0.111,0.649,0,0,eGFP1
3157,13:14:23,0.089,0.484,0,0,eGFP1
3158,13:14:24,0.077,0.768,0,0,eGFP1
3159,13:14:25,0.242,1.263,0,0,eGFP1
3160,13:14:26,0.131,1.163,0,0,eGFP1
3161,13:14:27,0.176,0.812,0,0,eGFP1
3162,13:14:27,0.099,0.549,0,0,eGFP1
3163,13:14:28,0.077,0.527,0,0,eGFP1
3164,13:14:29,0.110,0.680,0,0,eGFP1
3165,13:14:29,0.110,0.681,0,0,eGFP1
3166,13:14:30,0.100,0.572,0,0,eGFP1
3167,13:14:31,0.088,0.746,0,0,eGFP1
3168,13:14:32,0.373,1.745,0,0,eGFP1
3169,13:14:33,0.165,0.713,0,0,eGFP1
3170,13:14:34,0.090,0.617,0,0,eGFP1
3171,13:14:34,0.087,0.494,0,0,eGFP1
3172,13:14:35,0.074,0.579,0,0,eGFP1
3173,13:14:35,0.140,0.667,0,0,eGFP1
3174,13:14:36,0.076,0.460,0,0,eGFP1
3175,13:14:36,0.075,0.547,0,0,eGFP1
3176,13:14:37,0.119,0.767,0,0,eGFP1
3177,13:14:38,0.107,0.535,0,0,eGFP1
3178,13:14:38,0.064,0.438,0,0,eGFP1
3179,13:14:39,0.077,0.483,0,0,eGFP1
3180,13:14:39,0.075,0.525,0,0,eGFP1
3181,13:14:40,0.107,0.799,0,0,eGFP1
3182,13:14:40,0.109,0.548,0,0,eGFP1
3183,13:14:41,0.075,0.470,0,0,eGFP1
3184,13:14:42,0.098,0.680,0,0,eGFP1
3185,13:14:42,0.097,0.503,0,0,eGFP1
3186,13:14:43,0.075,0.415,0,0,eGFP1
3187,13:14:43,0.064,0.481,0,0,eGFP1
3188,13:14:44,0.097,0.712,0,0,eGFP1
3189,13:14:44,0.086,0.470,0,0,eGFP1
3190,13:14:45,0.076,0.592,0,0,eGFP1
3191,13:14:46,0.152,0.733,0,0,eGFP1
3192,13:14:46,0.086,0.470,0,0,eGFP1
3193,13:14:46,0.075,0.481,0,0,eGFP1
3194,13:14:47,0.086,0.580,0,0,eGFP1
3195,13:14:48,0.097,0.569,0,0,eGFP1
3196,13:14:48,0.075,0.459,0,0,eGFP1
3197,13:14:49,0.075,0.514,0,0,eGFP1
3198,13:14:49,0.131,0.768,0,0,eGFP1
3199,13:14:50,0.098,0.493,0,0,eGFP1
3200,13:14:50,0.086,0.514,0,0,eGFP1
3201,13:14:51,0.119,0.821,0,0,eGFP1
3202,13:14:52,0.108,0.635,0,0,eGFP1
3203,13:14:52,0.097,0.580,0,0,eGFP1
3204,13:14:53,0.097,0.558,0,0,eGFP1
3205,13:14:53,0.075,0.536,0,0,eGFP1
3206,13:14:54,0.097,0.657,0,0,eGFP1
3207,13:14:55,0.109,0.592,0,0,eGFP1
3208,13:14:55,0.086,0.459,0,0,eGFP1
3209,13:14:56,0.075,0.744,0,0,eGFP1
3210,13:14:57,0.339,1.030,0,0,eGFP1
3211,13:14:58,0.097,0.536,0,0,eGFP1
3212,13:14:58,0.074,0.447,0,0,eGFP1
3213,13:14:59,0.075,0.558,0,0,eGFP1
3214,13:14:59,0.119,0.723,0,0,eGFP1
3215,13:15:00,0.087,0.471,0,0,eGFP1
3216,13:15:00,0.075,0.613,0,0,eGFP1
3217,13:15:01,0.119,0.613,0,0,eGFP1
3218,13:15:01,0.086,0.492,0,0,eGFP1
3219,13:15:02,0.097,0.810,0,0,eGFP1
3220,13:15:03,0.122,0.582,0,0,eGFP1
3221,13:15:03,0.076,0.493,0,0,eGFP1
3222,13:15:04,0.086,0.525,0,0,eGFP1
3223,13:15:04,0.087,0.537,0,0,eGFP1
3224,13:15:05,0.086,0.448,0,0,eGFP1
3225,13:15:05,0.066,0.483,0,0,eGFP1
3226,13:15:06,0.097,0.667,0,0,eGFP1
3227,13:15:07,0.108,0.558,0,0,eGFP1
3228,13:15:07,0.086,0.613,0,0,eGFP1
3229,13:15:08,0.119,0.635,0,0,eGFP1
3230,13:15:08,0.086,0.547,0,0,eGFP1
3231,13:15:09,0.097,0.602,0,0,eGFP1
3232,13:15:09,0.098,0.570,0,0,eGFP1
3233,13:15:10,0.097,0.547,0,0,eGFP1
3234,13:15:11,0.075,0.471,0,0,eGFP1
3235,13:15:11,0.086,0.547,0,0,eGFP1
3236,13:15:12,0.108,0.766,0,0,eGFP1
3237,13:15:12,0.108,0.580,0,0,eGFP1
3238,13:15:13,0.097,0.547,0,0,eGFP1
3239,13:15:14,0.099,0.625,0,0,eGFP1
3240,13:15:14,0.088,0.483,0,0,eGFP1
3241,13:15:15,0.075,0.459,0,0,eGFP1
3242,13:15:15,0.097,0.833,0,0,eGFP1
3243,13:15:16,0.206,0.898,0,0,eGFP1
3244,13:15:17,0.097,0.558,0,0,eGFP1
3245,13:15:17,0.097,0.613,0,0,eGFP1
3246,13:15:18,0.097,0.536,0,0,eGFP1
3247,13:15:18,0.086,0.470,0,0,eGFP1
3248,13:15:19,0.077,0.461,0,0,eGFP1
3249,13:15:20,0.086,0.657,0,0,eGFP1
3250,13:15:20,0.141,0.722,0,0,eGFP1
3251,13:15:21,0.087,0.471,0,0,eGFP1
3252,13:15:21,0.075,0.547,0,0,eGFP1
3253,13:15:22,0.109,0.658,0,0,eGFP1
3254,13:15:22,0.086,0.492,0,0,eGFP1
3255,13:15:23,0.076,0.580,0,0,eGFP1
3256,13:15:24,0.121,0.681,0,0,eGFP1
3257,13:15:24,0.097,0.503,0,0,eGFP1
3258,13:15:25,0.075,0.481,0,0,eGFP1
3259,13:15:26,0.119,1.721,0,0,eGFP1
3260,13:15:27,0.120,0.603,0,0,eGFP1
3261,13:15:28,0.097,0.722,0,0,eGFP1
3262,13:15:28,0.119,0.591,0,0,eGFP1
3263,13:15:29,0.076,0.460,0,0,eGFP1
3264,13:15:30,0.086,0.755,0,0,eGFP1
3265,13:15:30,0.121,0.604,0,0,eGFP1
3266,13:15:31,0.086,0.613,0,0,eGFP1
3267,13:15:31,0.131,0.691,0,0,eGFP1
3268,13:15:32,0.075,0.448,0,0,eGFP1
3269,13:15:32,0.076,0.602,0,0,eGFP1
3270,13:15:33,0.142,0.822,0,0,eGFP1
3271,13:15:34,0.097,0.514,0,0,eGFP1
3272,13:15:34,0.076,0.547,0,0,eGFP1
3273,13:15:35,0.099,0.670,0,0,eGFP1
3274,13:15:36,0.108,0.591,0,0,eGFP1
3275,13:15:36,0.086,0.536,0,0,eGFP1
3276,13:15:37,0.097,0.591,0,0,eGFP1
3277,13:15:37,0.097,0.635,0,0,eGFP1
3278,13:15:38,0.119,0.833,0,0,eGFP1
3279,13:15:39,0.130,0.678,0,0,eGFP1
3280,13:15:39,0.087,0.493,0,0,eGFP1
3281,13:15:40,0.089,0.857,0,0,eGFP1
3282,13:15:45,3.357,4.377,0,0,eGFP1
3283,13:15:45,0.108,0.558,0,0,eGFP1
3284,13:15:46,0.098,0.712,0,0,eGFP1
3285,13:15:47,0.119,0.624,0,0,eGFP1
3286,13:15:47,0.076,0.482,0,0,eGFP1
3287,13:15:48,0.086,0.536,0,0,eGFP1
3288,13:15:48,0.086,0.525,0,0,eGFP1
3289,13:15:48,0.077,0.428,0,0,eGFP1
3290,13:15:49,0.064,0.547,0,0,eGFP1
3291,13:15:50,0.120,0.668,0,0,eGFP1
3292,13:15:50,0.087,0.460,0,0,eGFP1
3293,13:15:51,0.075,0.492,0,0,eGFP1
3294,13:15:51,0.097,0.580,0,0,eGFP1
3295,13:15:52,0.088,0.461,0,0,eGFP1
3296,13:15:52,0.076,0.449,0,0,eGFP1
3297,13:15:53,0.097,0.909,0,0,eGFP1
3298,13:15:54,0.121,0.560,0,0,eGFP1
3299,13:15:54,0.075,0.426,0,0,eGFP1
3300,13:15:54,0.076,0.438,0,0,eGFP1
3301,13:15:55,0.089,0.670,0,0,eGFP1
3302,13:15:56,0.109,0.526,0,0,eGFP1
3303,13:15:56,0.064,0.448,0,0,eGFP1
3304,13:15:57,0.087,0.767,0,0,eGFP1
3305,13:15:57,0.130,0.591,0,0,eGFP1
3306,13:15:58,0.077,0.494,0,0,eGFP1
3307,13:15:59,0.087,0.613,0,0,eGFP1
3308,13:15:59,0.088,0.505,0,0,eGFP1
3309,13:16:00,0.087,0.558,0,0,eGFP1
3310,13:16:00,0.120,0.712,0,0,eGFP1
3311,13:16:01,0.087,0.449,0,0,eGFP1
3312,13:16:01,0.075,0.525,0,0,eGFP1
3313,13:16:02,0.120,0.734,0,0,eGFP1
3314,13:16:03,0.088,0.472,0,0,eGFP1
3315,13:16:03,0.076,0.559,0,0,eGFP1
3316,13:16:04,0.119,0.701,0,0,eGFP1
3317,13:16:04,0.086,0.525,0,0,eGFP1
3318,13:16:05,0.086,0.635,0,0,eGFP1
3319,13:16:06,0.141,0.767,0,0,eGFP1
3320,13:16:06,0.097,0.493,0,0,eGFP1
3321,13:16:07,0.064,0.514,0,0,eGFP1
3322,13:16:07,0.100,0.682,0,0,eGFP1
3323,13:16:08,0.097,0.536,0,0,eGFP1
3324,13:16:09,0.087,0.811,0,0,eGFP1
3325,13:16:10,0.174,0.866,0,0,eGFP1
3326,13:16:10,0.119,0.613,0,0,eGFP1
3327,13:16:11,0.086,0.525,0,0,eGFP1
3328,13:16:12,0.109,0.767,0,0,eGFP1
3329,13:16:12,0.098,0.493,0,0,eGFP1
3330,13:16:13,0.075,0.514,0,0,eGFP1
3331,13:16:13,0.110,0.714,0,0,eGFP1
3332,13:16:14,0.097,0.492,0,0,eGFP1
3333,13:16:14,0.076,0.449,0,0,eGFP1
3334,13:16:15,0.086,0.734,0,0,eGFP1
3335,13:16:16,0.273,1.030,0,0,eGFP1
3336,13:16:16,0.088,0.494,0,0,eGFP1
3337,13:16:17,0.076,0.460,0,0,eGFP1
3338,13:16:17,0.075,0.525,0,0,eGFP1
3339,13:16:18,0.110,0.670,0,0,eGFP1
3340,13:16:19,0.108,0.602,0,0,eGFP1
3341,13:16:19,0.076,0.504,0,0,eGFP1
3342,13:16:20,0.086,0.800,0,0,eGFP1
3343,13:16:21,0.152,0.668,0,0,eGFP1
3344,13:16:21,0.086,0.514,0,0,eGFP1
3345,13:16:22,0.098,0.745,0,0,eGFP1
3346,13:16:22,0.098,0.504,0,0,eGFP1
3347,13:16:23,0.066,0.417,0,0,eGFP1
3348,13:16:24,0.076,0.690,0,0,eGFP1
3349,13:16:24,0.131,0.625,0,0,eGFP1
3350,13:16:25,0.076,0.450,0,0,eGFP1
3351,13:16:25,0.075,0.613,0,0,eGFP1
3352,13:16:26,0.130,0.679,0,0,eGFP1
3353,13:16:26,0.087,0.537,0,0,eGFP1
3354,13:16:27,0.086,0.481,0,0,eGFP1
3355,13:16:27,0.077,0.538,0,0,eGFP1
3356,13:16:28,0.109,0.658,0,0,eGFP1
3357,13:16:29,0.097,0.514,0,0,eGFP1
3358,13:16:29,0.076,0.515,0,0,eGFP1
3359,13:16:30,0.097,0.668,0,0,eGFP1
3360,13:16:30,0.098,0.515,0,0,eGFP1
3361,13:16:31,0.064,0.438,0,0,eGFP1
3362,13:16:31,0.075,0.558,0,0,eGFP1
3363,13:16:32,0.120,0.789,0,0,eGFP1
3364,13:16:33,0.089,0.495,0,0,eGFP1
3365,13:16:33,0.076,0.482,0,0,eGFP1
3366,13:16:34,0.087,0.734,0,0,eGFP1
3367,13:16:34,0.109,0.537,0,0,eGFP1
3368,13:16:35,0.076,0.504,0,0,eGFP1
3369,13:16:36,0.119,0.843,0,0,eGFP1
3370,13:16:36,0.087,0.493,0,0,eGFP1
3371,13:16:37,0.065,0.460,0,0,eGFP1
3372,13:16:37,0.088,0.703,0,0,eGFP1
3373,13:16:38,0.119,0.558,0,0,eGFP1
3374,13:16:38,0.076,0.471,0,0,eGFP1
3375,13:16:39,0.087,0.712,0,0,eGFP1
3376,13:16:40,0.109,0.581,0,0,eGFP1
3377,13:16:40,0.075,0.503,0,0,eGFP1
3378,13:16:41,0.088,0.571,0,0,eGFP1
3379,13:16:41,0.120,0.658,0,0,eGFP1
3380,13:16:42,0.088,0.538,0,0,eGFP1
3381,13:16:46,0.108,4.037,0,0,eGFP1
3382,13:16:47,0.098,0.515,0,0,eGFP1
3383,13:16:47,0.087,0.613,0,0,eGFP1
3384,13:16:48,0.131,0.647,0,0,eGFP1
3385,13:16:48,0.086,0.503,0,0,eGFP1
3386,13:16:49,0.087,0.625,0,0,eGFP1
3387,13:16:49,0.087,0.460,0,0,eGFP1
3388,13:16:50,0.076,0.427,0,0,eGFP1
3389,13:16:50,0.074,0.502,0,0,eGFP1
3390,13:16:51,0.098,0.592,0,0,eGFP1
3391,13:16:51,0.088,0.527,0,0,eGFP1
3392,13:16:52,0.087,0.504,0,0,eGFP1
3393,13:16:53,0.087,0.679,0,0,eGFP1
3394,13:16:53,0.120,0.636,0,0,eGFP1
3395,13:16:54,0.086,0.481,0,0,eGFP1
3396,13:16:54,0.076,0.493,0,0,eGFP1
3397,13:16:55,0.099,0.692,0,0,eGFP1
3398,13:16:55,0.098,0.526,0,0,eGFP1
3399,13:16:56,0.076,0.471,0,0,eGFP1
3400,13:16:57,0.097,0.690,0,0,eGFP1
3401,13:16:57,0.109,0.635,0,0,eGFP1
3402,13:16:58,0.087,0.570,0,0,eGFP1
3403,13:16:58,0.109,0.669,0,0,eGFP1
3404,13:16:59,0.097,0.525,0,0,eGFP1
3405,13:17:00,0.090,0.573,0,0,eGFP1
3406,13:17:00,0.119,0.723,0,0,eGFP1
3407,13:17:01,0.087,0.460,0,0,eGFP1
3408,13:17:01,0.076,0.471,0,0,eGFP1
3409,13:17:02,0.098,0.734,0,0,eGFP1
3410,13:17:03,0.109,0.570,0,0,eGFP1
3411,13:17:03,0.076,0.449,0,0,eGFP1
3412,13:17:04,0.076,0.624,0,0,eGFP1
3413,13:17:04,0.132,0.725,0,0,eGFP1
3414,13:17:05,0.098,0.526,0,0,eGFP1
3415,13:17:05,0.076,0.537,0,0,eGFP1
3416,13:17:06,0.108,0.789,0,0,eGFP1
3417,13:17:07,0.120,0.613,0,0,eGFP1
3418,13:17:07,0.087,0.658,0,0,eGFP1
3419,13:17:09,0.198,1.120,0,0,eGFP1
3420,13:17:09,0.098,0.515,0,0,eGFP1
3421,13:17:10,0.076,0.449,0,0,eGFP1
3422,13:17:10,0.099,0.626,0,0,eGFP1
3423,13:17:11,0.108,0.624,0,0,eGFP1
3424,13:17:11,0.098,0.493,0,0,eGFP1
3425,13:17:12,0.076,0.504,0,0,eGFP1
3426,13:17:12,0.087,0.702,0,0,eGFP1
3427,13:17:13,0.119,0.613,0,0,eGFP1
3428,13:17:14,0.087,0.658,0,0,eGFP1
3429,13:17:14,0.131,0.701,0,0,eGFP1
3430,13:17:15,0.088,0.462,0,0,eGFP1
3431,13:17:15,0.075,0.471,0,0,eGFP1
3432,13:17:16,0.108,0.986,0,0,eGFP1
3433,13:17:17,0.154,0.670,0,0,eGFP1
3434,13:17:18,0.087,0.526,0,0,eGFP1
3435,13:17:18,0.098,0.778,0,0,eGFP1
3436,13:17:19,0.109,0.559,0,0,eGFP1
3437,13:17:19,0.076,0.570,0,0,eGFP1
3438,13:17:21,0.143,1.252,0,0,eGFP1
3439,13:17:21,0.153,0.723,0,0,eGFP1
3440,13:17:22,0.098,0.669,0,0,eGFP1
3441,13:17:23,0.142,0.778,0,0,eGFP1
3442,13:17:23,0.098,0.515,0,0,eGFP1
3443,13:17:24,0.076,0.702,0,0,eGFP1
3444,13:17:25,0.131,0.647,0,0,eGFP1
3445,13:17:25,0.076,0.449,0,0,eGFP1
3446,13:17:26,0.066,0.582,0,0,eGFP1
3447,13:17:27,0.143,0.813,0,0,eGFP1
3448,13:17:27,0.087,0.504,0,0,eGFP1
3449,13:17:28,0.076,0.537,0,0,eGFP1
3450,13:17:28,0.109,0.745,0,0,eGFP1
3451,13:17:29,0.120,0.625,0,0,eGFP1
3452,13:17:30,0.087,0.570,0,0,eGFP1
3453,13:17:30,0.098,0.603,0,0,eGFP1
3454,13:17:31,0.087,0.548,0,0,eGFP1
3455,13:17:31,0.088,0.626,0,0,eGFP1
3456,13:17:32,0.109,0.570,0,0,eGFP1
3457,13:17:32,0.076,0.460,0,0,eGFP1
3458,13:17:33,0.087,0.625,0,0,eGFP1
3459,13:17:34,0.131,0.723,0,0,eGFP1
3460,13:17:34,0.098,0.581,0,0,eGFP1
3461,13:17:35,0.100,0.648,0,0,eGFP1
3462,13:17:36,0.098,0.537,0,0,eGFP1
3463,13:17:36,0.078,0.473,0,0,eGFP1
3464,13:17:37,0.077,0.570,0,0,eGFP1
3465,13:17:38,0.164,0.998,0,0,eGFP1
3466,13:17:38,0.109,0.592,0,0,eGFP1
3467,13:17:39,0.087,0.735,0,0,eGFP1
3468,13:17:40,0.164,0.756,0,0,eGFP1
3469,13:17:40,0.088,0.505,0,0,eGFP1
3470,13:17:41,0.065,0.460,0,0,eGFP1
3471,13:17:41,0.088,0.692,0,0,eGFP1
3472,13:17:44,2.238,2.929,0,0,eGFP1
3473,13:17:46,0.186,1.349,0,0,eGFP1
3474,13:17:46,0.100,0.561,0,0,eGFP1
3475,13:17:47,0.076,0.515,0,0,eGFP1
3476,13:17:47,0.098,0.592,0,0,eGFP1
3477,13:17:48,0.087,0.471,0,0,eGFP1
3478,13:17:48,0.076,0.493,0,0,eGFP1
3479,13:17:49,0.122,1.088,0,0,eGFP1
3480,13:17:50,0.120,0.581,0,0,eGFP1
3481,13:17:50,0.076,0.548,0,0,eGFP1
3482,13:17:52,0.120,1.239,0,0,eGFP1
3483,13:17:52,0.164,0.658,0,0,eGFP1
3484,13:17:53,0.076,0.471,0,0,eGFP1
3485,13:17:53,0.077,0.494,0,0,eGFP1
3486,13:17:54,0.076,0.537,0,0,eGFP1
3487,13:17:54,0.087,0.482,0,0,eGFP1
3488,13:17:55,0.068,0.430,0,0,eGFP1
3489,13:17:55,0.076,0.570,0,0,eGFP1
3490,13:17:56,0.109,0.636,0,0,eGFP1
3491,13:17:56,0.087,0.472,0,0,eGFP1
3492,13:17:57,0.076,0.504,0,0,eGFP1
3493,13:17:58,0.120,0.954,0,0,eGFP1
3494,13:17:58,0.131,0.581,0,0,eGFP1
3495,13:17:59,0.076,0.449,0,0,eGFP1
3496,13:18:00,0.089,0.704,0,0,eGFP1
3497,13:18:00,0.131,0.636,0,0,eGFP1
3498,13:18:01,0.087,0.493,0,0,eGFP1
3499,13:18:01,0.087,0.515,0,0,eGFP1
3500,13:18:02,0.087,0.603,0,0,eGFP1
3501,13:18:03,0.131,0.812,0,0,eGFP1
3502,13:18:03,0.121,0.681,0,0,eGFP1
3503,13:18:04,0.109,0.647,0,0,eGFP1
3504,13:18:05,0.102,0.563,0,0,eGFP1
3505,13:18:05,0.088,0.604,0,0,eGFP1
3506,13:18:06,0.120,0.899,0,0,eGFP1
3507,13:18:07,0.428,1.207,0,0,eGFP1
3508,13:18:08,0.120,0.658,0,0,eGFP1
3509,13:18:09,0.120,0.713,0,0,eGFP1
3510,13:18:09,0.120,0.757,0,0,eGFP1
3511,13:18:10,0.109,0.559,0,0,eGFP1
3512,13:18:10,0.077,0.462,0,0,eGFP1
3513,13:18:11,0.076,0.482,0,0,eGFP1
3514,13:18:12,0.087,0.757,0,0,eGFP1
3515,13:18:12,0.153,0.713,0,0,eGFP1
3516,13:18:13,0.088,0.516,0,0,eGFP1
3517,13:18:13,0.077,0.472,0,0,eGFP1
3518,13:18:14,0.087,0.592,0,0,eGFP1
3519,13:18:15,0.109,0.658,0,0,eGFP1
3520,13:18:15,0.109,0.581,0,0,eGFP1
3521,13:18:16,0.078,0.550,0,0,eGFP1
3522,13:18:17,0.109,0.899,0,0,eGFP1
3523,13:18:17,0.121,0.603,0,0,eGFP1
3524,13:18:18,0.077,0.472,0,0,eGFP1
3525,13:18:18,0.076,0.526,0,0,eGFP1
3526,13:18:19,0.099,0.636,0,0,eGFP1
3527,13:18:19,0.099,0.615,0,0,eGFP1
3528,13:18:20,0.098,0.570,0,0,eGFP1
3529,13:18:21,0.078,0.462,0,0,eGFP1
3530,13:18:21,0.078,0.703,0,0,eGFP1
3531,13:18:23,0.899,1.668,0,0,eGFP1
3532,13:18:24,0.142,0.778,0,0,eGFP1
3533,13:18:24,0.088,0.549,0,0,eGFP1
3534,13:18:25,0.087,0.493,0,0,eGFP1
3535,13:18:25,0.088,0.669,0,0,eGFP1
3536,13:18:26,0.121,0.626,0,0,eGFP1
3537,13:18:26,0.077,0.440,0,0,eGFP1
3538,13:18:27,0.076,0.592,0,0,eGFP1
3539,13:18:28,0.153,0.801,0,0,eGFP1
3540,13:18:28,0.087,0.493,0,0,eGFP1
3541,13:18:29,0.076,0.461,0,0,eGFP1
3542,13:18:29,0.076,0.603,0,0,eGFP1
3543,13:18:30,0.098,0.548,0,0,eGFP1
3544,13:18:30,0.078,0.473,0,0,eGFP1
3545,13:18:31,0.100,0.704,0,0,eGFP1
3546,13:18:32,0.109,0.537,0,0,eGFP1
3547,13:18:32,0.076,0.504,0,0,eGFP1
3548,13:18:33,0.121,0.735,0,0,eGFP1
3549,13:18:33,0.099,0.516,0,0,eGFP1
3550,13:18:34,0.065,0.526,0,0,eGFP1
3551,13:18:35,0.121,1.185,0,0,eGFP1
3552,13:18:36,0.219,0.790,0,0,eGFP1
3553,13:18:36,0.088,0.516,0,0,eGFP1
3554,13:18:37,0.088,0.736,0,0,eGFP1
3555,13:18:38,0.131,0.713,0,0,eGFP1
3556,13:18:38,0.098,0.592,0,0,eGFP1
3557,13:18:39,0.078,0.451,0,0,eGFP1
3558,13:18:40,0.077,0.615,0,0,eGFP1
3559,13:18:40,0.142,0.713,0,0,eGFP1
3560,13:18:41,0.087,0.537,0,0,eGFP1
3561,13:18:41,0.088,0.527,0,0,eGFP1
3562,13:18:42,0.078,0.593,0,0,eGFP1
3563,13:18:43,0.121,0.779,0,0,eGFP1
3564,13:18:43,0.121,0.779,0,0,eGFP1
3565,13:18:44,0.154,1.020,0,0,eGFP1
3566,13:18:46,0.922,1.207,0,0,eGFP1
3567,13:18:47,0.461,1.295,0,0,eGFP1
3568,13:18:48,0.121,0.636,0,0,eGFP1
3569,13:18:48,0.099,0.659,0,0,eGFP1
3570,13:18:49,0.110,0.648,0,0,eGFP1
3571,13:18:50,0.104,0.872,0,0,eGFP1
3572,13:18:51,0.285,0.944,0,0,eGFP1
3573,13:18:51,0.098,0.548,0,0,eGFP1
3574,13:18:52,0.088,0.658,0,0,eGFP1
3575,13:18:53,0.121,0.812,0,0,eGFP1
3576,13:18:54,0.143,1.471,0,0,eGFP1
3577,13:18:55,0.164,0.789,0,0,eGFP1
3578,13:18:56,0.133,0.825,0,0,eGFP1
3579,13:18:56,0.109,0.592,0,0,eGFP1
3580,13:18:57,0.088,0.505,0,0,eGFP1
3581,13:18:57,0.076,0.515,0,0,eGFP1
3582,13:18:58,0.099,0.549,0,0,eGFP1
3583,13:18:59,0.077,0.548,0,0,eGFP1
3584,13:18:59,0.110,0.736,0,0,eGFP1
3585,13:19:00,0.111,0.517,0,0,eGFP1
3586,13:19:00,0.078,0.440,0,0,eGFP1
3587,13:19:01,0.078,0.615,0,0,eGFP1
3588,13:19:01,0.110,0.582,0,0,eGFP1
3589,13:19:02,0.077,0.461,0,0,eGFP1
3590,13:19:03,0.076,0.625,0,0,eGFP1
3591,13:19:03,0.154,0.702,0,0,eGFP1
3592,13:19:04,0.088,0.483,0,0,eGFP1
3593,13:19:04,0.066,0.538,0,0,eGFP1
3594,13:19:05,0.120,0.746,0,0,eGFP1
3595,13:19:06,0.089,0.550,0,0,eGFP1
3596,13:19:06,0.076,0.439,0,0,eGFP1
3597,13:19:07,0.065,0.526,0,0,eGFP1
3598,13:19:07,0.143,0.988,0,0,eGFP1
3599,13:19:08,0.111,0.561,0,0,eGFP1
3600,13:19:09,0.077,0.461,0,0,eGFP1
3601,13:19:09,0.087,0.658,0,0,eGFP1
3602,13:19:10,0.186,1.196,0,0,eGFP1
3603,13:19:11,0.100,0.528,0,0,eGFP1
3604,13:19:11,0.077,0.472,0,0,eGFP1
3605,13:19:12,0.077,0.625,0,0,eGFP1
3606,13:19:13,0.110,0.593,0,0,eGFP1
3607,13:19:13,0.077,0.472,0,0,eGFP1
3608,13:19:14,0.076,0.559,0,0,eGFP1
3609,13:19:14,0.099,0.582,0,0,eGFP1
3610,13:19:15,0.077,0.505,0,0,eGFP1
3611,13:19:15,0.100,0.626,0,0,eGFP1
3612,13:19:16,0.099,0.571,0,0,eGFP1
3613,13:19:16,0.078,0.462,0,0,eGFP1
3614,13:19:17,0.077,0.560,0,0,eGFP1
3615,13:19:18,0.131,0.735,0,0,eGFP1
3616,13:19:18,0.099,0.527,0,0,eGFP1
3617,13:19:19,0.088,0.603,0,0,eGFP1
3618,13:19:20,0.121,0.747,0,0,eGFP1
3619,13:19:20,0.109,0.570,0,0,eGFP1
3620,13:19:21,0.078,0.506,0,0,eGFP1
3621,13:19:22,0.121,1.054,0,0,eGFP1
3622,13:19:22,0.120,0.581,0,0,eGFP1
3623,13:19:23,0.077,0.549,0,0,eGFP1
3624,13:19:23,0.121,0.626,0,0,eGFP1
3625,13:19:24,0.076,0.439,0,0,eGFP1
3626,13:19:24,0.065,0.482,0,0,eGFP1
3627,13:19:25,0.126,0.905,0,0,eGFP1
3628,13:19:26,0.100,0.572,0,0,eGFP1
3629,13:19:26,0.088,0.582,0,0,eGFP1
3630,13:19:27,0.099,0.592,0,0,eGFP1
3631,13:19:27,0.077,0.461,0,0,eGFP1
3632,13:19:28,0.077,0.505,0,0,eGFP1
3633,13:19:29,0.121,0.878,0,0,eGFP1
3634,13:19:30,0.121,0.702,0,0,eGFP1
3635,13:19:30,0.088,0.560,0,0,eGFP1
3636,13:19:31,0.089,0.594,0,0,eGFP1
3637,13:19:31,0.099,0.637,0,0,eGFP1
3638,13:19:32,0.120,0.735,0,0,eGFP1
3639,13:19:33,0.099,0.615,0,0,eGFP1
3640,13:19:33,0.089,0.506,0,0,eGFP1
3641,13:19:34,0.088,0.603,0,0,eGFP1
3642,13:19:35,0.154,0.813,0,0,eGFP1
3643,13:19:35,0.087,0.526,0,0,eGFP1
3644,13:19:36,0.110,1.372,0,0,eGFP1
3645,13:19:37,0.186,0.723,0,0,eGFP1
3646,13:19:38,0.088,0.637,0,0,eGFP1
3647,13:19:39,0.143,1.306,0,0,eGFP1
3648,13:19:40,0.253,0.812,0,0,eGFP1
3649,13:19:41,0.099,1.207,0,0,eGFP1
3650,13:23:10,0.132,209.100,0,0,eGFP1
3651,13:23:14,1.657,3.544,0,0,eGFP1
3652,13:23:15,0.264,0.944,0,0,eGFP1
3653,13:23:15,0.100,0.605,0,0,eGFP1
3654,13:23:16,0.090,0.517,0,0,eGFP1
3655,13:23:16,0.077,0.527,0,0,eGFP1
3656,13:23:17,0.099,0.560,0,0,eGFP1
3657,13:23:17,0.077,0.450,0,0,eGFP1
3658,13:23:18,0.066,0.450,0,0,eGFP1
3659,13:23:19,0.099,0.692,0,0,eGFP1
3660,13:23:19,0.110,0.571,0,0,eGFP1
3661,13:23:20,0.089,0.594,0,0,eGFP1
3662,13:23:20,0.088,0.516,0,0,eGFP1
3663,13:23:21,0.087,0.647,0,0,eGFP1
3664,13:23:22,0.140,0.689,0,0,eGFP1
3665,13:23:22,0.086,0.503,0,0,eGFP1
3666,13:23:23,0.097,0.558,0,0,eGFP1
3667,13:23:23,0.085,0.546,0,0,eGFP1
3668,13:23:24,0.099,0.603,0,0,eGFP1
3669,13:23:24,0.099,0.582,0,0,eGFP1
3670,13:23:25,0.085,0.579,0,0,eGFP1
3671,13:23:25,0.086,0.547,0,0,eGFP1
3672,13:23:26,0.097,0.865,0,0,eGFP1
3673,13:23:27,0.119,0.591,0,0,eGFP1
3674,13:23:27,0.086,0.514,0,0,eGFP1
3675,13:23:28,0.097,0.635,0,0,eGFP1
3676,13:23:29,0.096,0.546,0,0,eGFP1
3677,13:23:29,0.075,0.503,0,0,eGFP1
3678,13:23:30,0.099,0.746,0,0,eGFP1
3679,13:23:30,0.097,0.503,0,0,eGFP1
3680,13:23:31,0.075,0.481,0,0,eGFP1
3681,13:23:32,0.086,0.668,0,0,eGFP1
3682,13:23:32,0.098,0.504,0,0,eGFP1
3683,13:23:33,0.064,0.492,0,0,eGFP1
3684,13:23:33,0.119,0.788,0,0,eGFP1
3685,13:23:34,0.097,0.558,0,0,eGFP1
3686,13:23:34,0.088,0.548,0,0,eGFP1
3687,13:23:35,0.097,0.679,0,0,eGFP1
3688,13:23:36,0.108,0.525,0,0,eGFP1
3689,13:23:36,0.075,0.459,0,0,eGFP1
3690,13:23:37,0.086,0.635,0,0,eGFP1
3691,13:23:37,0.097,0.514,0,0,eGFP1
3692,13:23:38,0.075,0.448,0,0,eGFP1
3693,13:23:38,0.075,0.657,0,0,eGFP1
3694,13:23:39,0.109,0.559,0,0,eGFP1
3695,13:23:39,0.075,0.481,0,0,eGFP1
3696,13:23:40,0.087,0.724,0,0,eGFP1
3697,13:23:41,0.108,0.547,0,0,eGFP1
3698,13:23:41,0.075,0.470,0,0,eGFP1
3699,13:23:42,0.086,0.788,0,0,eGFP1
3700,13:23:42,0.119,0.547,0,0,eGFP1
3701,13:23:43,0.075,0.448,0,0,eGFP1
3702,13:23:44,0.088,0.647,0,0,eGFP1
3703,13:23:44,0.119,0.602,0,0,eGFP1
3704,13:23:45,0.075,0.481,0,0,eGFP1
3705,13:23:45,0.097,0.811,0,0,eGFP1
3706,13:23:46,0.108,0.536,0,0,eGFP1
3707,13:23:46,0.075,0.437,0,0,eGFP1
3708,13:23:47,0.075,0.547,0,0,eGFP1
3709,13:23:48,0.119,0.646,0,0,eGFP1
3710,13:23:48,0.076,0.428,0,0,eGFP1
3711,13:23:49,0.065,0.515,0,0,eGFP1
3712,13:23:49,0.130,0.909,0,0,eGFP1
3713,13:23:50,0.108,0.580,0,0,eGFP1
3714,13:23:51,0.075,0.481,0,0,eGFP1
3715,13:23:51,0.086,0.679,0,0,eGFP1
3716,13:23:52,0.108,0.514,0,0,eGFP1
3717,13:23:52,0.075,0.481,0,0,eGFP1
3718,13:23:53,0.086,0.536,0,0,eGFP1
3719,13:23:53,0.099,0.593,0,0,eGFP1
3720,13:23:54,0.108,0.634,0,0,eGFP1
3721,13:23:54,0.087,0.471,0,0,eGFP1
3722,13:23:55,0.075,0.492,0,0,eGFP1
3723,13:23:57,0.098,2.282,0,0,eGFP1
3724,13:23:58,0.119,0.558,0,0,eGFP1
3725,13:23:58,0.086,0.635,0,0,eGFP1
3726,13:23:59,0.130,0.679,0,0,eGFP1
3727,13:24:00,0.087,0.438,0,0,eGFP1
3728,13:24:00,0.065,0.427,0,0,eGFP1
3729,13:24:01,0.086,0.689,0,0,eGFP1
3730,13:24:01,0.108,0.558,0,0,eGFP1
3731,13:24:02,0.065,0.427,0,0,eGFP1
3732,13:24:02,0.075,0.514,0,0,eGFP1
3733,13:24:03,0.097,0.635,0,0,eGFP1
3734,13:24:03,0.097,0.514,0,0,eGFP1
3735,13:24:04,0.077,0.461,0,0,eGFP1
3736,13:24:04,0.086,0.711,0,0,eGFP1
3737,13:24:05,0.132,0.768,0,0,eGFP1
3738,13:24:06,0.119,0.690,0,0,eGFP1
3739,13:24:09,0.152,2.797,0,0,eGFP1
3740,13:24:11,0.141,2.061,0,0,eGFP1
3741,13:24:11,0.152,0.657,0,0,eGFP1
3742,13:24:12,0.075,0.493,0,0,eGFP1
3743,13:24:13,0.086,0.591,0,0,eGFP1
3744,13:24:13,0.087,0.482,0,0,eGFP1
3745,13:24:13,0.075,0.470,0,0,eGFP1
3746,13:24:14,0.109,0.767,0,0,eGFP1
3747,13:24:15,0.086,0.525,0,0,eGFP1
3748,13:24:15,0.087,0.525,0,0,eGFP1
3749,13:24:16,0.087,0.460,0,0,eGFP1
3750,13:24:16,0.075,0.426,0,0,eGFP1
3751,13:24:17,0.077,0.560,0,0,eGFP1
3752,13:24:17,0.120,0.636,0,0,eGFP1
3753,13:24:18,0.075,0.448,0,0,eGFP1
3754,13:24:18,0.076,0.482,0,0,eGFP1
3755,13:24:19,0.097,0.668,0,0,eGFP1
3756,13:24:19,0.097,0.470,0,0,eGFP1
3757,13:24:20,0.075,0.470,0,0,eGFP1
3758,13:24:21,0.087,0.591,0,0,eGFP1
3759,13:24:21,0.087,0.482,0,0,eGFP1
3760,13:24:21,0.076,0.438,0,0,eGFP1
3761,13:24:22,0.076,0.537,0,0,eGFP1
3762,13:24:23,0.108,0.580,0,0,eGFP1
3763,13:24:23,0.086,0.470,0,0,eGFP1
3764,13:24:24,0.086,0.580,0,0,eGFP1
3765,13:24:24,0.110,0.648,0,0,eGFP1
3766,13:24:25,0.086,0.470,0,0,eGFP1
3767,13:24:25,0.064,0.415,0,0,eGFP1
3768,13:24:26,0.077,0.516,0,0,eGFP1
3769,13:24:26,0.086,0.514,0,0,eGFP1
3770,13:24:27,0.087,0.613,0,0,eGFP1
3771,13:24:27,0.120,0.646,0,0,eGFP1
3772,13:24:28,0.087,0.537,0,0,eGFP1
3773,13:24:29,0.097,0.602,0,0,eGFP1
3774,13:24:29,0.097,0.580,0,0,eGFP1
3775,13:24:30,0.086,0.558,0,0,eGFP1
3776,13:24:30,0.097,0.591,0,0,eGFP1
3777,13:24:31,0.088,0.472,0,0,eGFP1
3778,13:24:31,0.064,0.514,0,0,eGFP1
3779,13:24:32,0.121,0.725,0,0,eGFP1
3780,13:24:32,0.086,0.481,0,0,eGFP1
3781,13:24:33,0.075,0.569,0,0,eGFP1
3782,13:24:34,0.098,0.569,0,0,eGFP1
3783,13:24:34,0.076,0.416,0,0,eGFP1
3784,13:24:34,0.064,0.416,0,0,eGFP1
3785,13:24:35,0.087,0.735,0,0,eGFP1
3786,13:24:36,0.196,0.887,0,0,eGFP1
3787,13:24:37,0.087,0.493,0,0,eGFP1
3788,13:24:37,0.075,0.470,0,0,eGFP1
3789,13:24:38,0.087,0.668,0,0,eGFP1
3790,13:24:38,0.108,0.547,0,0,eGFP1
3791,13:24:39,0.087,0.581,0,0,eGFP1
3792,13:24:39,0.108,0.580,0,0,eGFP1
3793,13:24:40,0.078,0.440,0,0,eGFP1
3794,13:24:40,0.076,0.536,0,0,eGFP1
3795,13:24:41,0.109,0.625,0,0,eGFP1
3796,13:24:41,0.086,0.470,0,0,eGFP1
3797,13:24:42,0.076,0.427,0,0,eGFP1
3798,13:24:43,0.086,0.668,0,0,eGFP1
3799,13:24:43,0.119,0.635,0,0,eGFP1
3800,13:24:44,0.075,0.470,0,0,eGFP1
3801,13:24:44,0.077,0.505,0,0,eGFP1
3802,13:24:45,0.120,0.734,0,0,eGFP1
3803,13:24:46,0.098,0.591,0,0,eGFP1
3804,13:24:46,0.120,0.679,0,0,eGFP1
3805,13:24:47,0.087,0.493,0,0,eGFP1
3806,13:24:47,0.077,0.494,0,0,eGFP1
3807,13:24:48,0.097,0.602,0,0,eGFP1
3808,13:24:48,0.097,0.514,0,0,eGFP1
3809,13:24:49,0.076,0.449,0,0,eGFP1
3810,13:24:49,0.077,0.604,0,0,eGFP1
3811,13:24:50,0.141,0.723,0,0,eGFP1
3812,13:24:51,0.075,0.470,0,0,eGFP1
3813,13:24:51,0.076,0.526,0,0,eGFP1
3814,13:24:52,0.086,0.646,0,0,eGFP1
3815,13:24:52,0.108,0.591,0,0,eGFP1
3816,13:24:53,0.098,0.624,0,0,eGFP1
3817,13:24:54,0.109,0.603,0,0,eGFP1
3818,13:24:54,0.088,0.461,0,0,eGFP1
3819,13:24:54,0.075,0.459,0,0,eGFP1
3820,13:24:55,0.110,0.736,0,0,eGFP1
3821,13:24:56,0.097,0.525,0,0,eGFP1
3822,13:24:56,0.076,0.581,0,0,eGFP1
3823,13:24:57,0.130,0.723,0,0,eGFP1
3824,13:24:57,0.086,0.481,0,0,eGFP1
3825,13:24:58,0.087,0.602,0,0,eGFP1
3826,13:24:59,0.143,0.747,0,0,eGFP1
3827,13:24:59,0.075,0.459,0,0,eGFP1
3828,13:25:00,0.076,0.526,0,0,eGFP1
3829,13:25:01,0.130,0.910,0,0,eGFP1
3830,13:25:01,0.097,0.525,0,0,eGFP1
3831,13:25:02,0.087,0.680,0,0,eGFP1
3832,13:25:03,0.152,0.712,0,0,eGFP1
3833,13:25:03,0.097,0.525,0,0,eGFP1
3834,13:25:04,0.089,0.616,0,0,eGFP1
3835,13:25:04,0.087,0.471,0,0,eGFP1
3836,13:25:05,0.076,0.449,0,0,eGFP1
3837,13:25:06,0.097,0.811,0,0,eGFP1
3838,13:25:06,0.119,0.547,0,0,eGFP1
3839,13:25:07,0.076,0.449,0,0,eGFP1
3840,13:25:07,0.086,0.679,0,0,eGFP1
3841,13:25:08,0.109,0.548,0,0,eGFP1
3842,13:25:08,0.075,0.448,0,0,eGFP1
3843,13:25:09,0.077,0.604,0,0,eGFP1
3844,13:25:09,0.131,0.657,0,0,eGFP1
3845,13:25:10,0.098,0.669,0,0,eGFP1
3846,13:25:11,0.108,0.547,0,0,eGFP1
3847,13:25:11,0.087,0.537,0,0,eGFP1
3848,13:25:12,0.088,0.516,0,0,eGFP1
3849,13:25:12,0.075,0.514,0,0,eGFP1
3850,13:25:13,0.131,0.888,0,0,eGFP1
3851,13:25:14,0.099,0.560,0,0,eGFP1
3852,13:25:14,0.098,0.646,0,0,eGFP1
3853,13:25:15,0.098,0.537,0,0,eGFP1
3854,13:25:15,0.086,0.471,0,0,eGFP1
3855,13:25:16,0.075,0.514,0,0,eGFP1
3856,13:25:17,0.098,0.723,0,0,eGFP1
3857,13:25:17,0.098,0.592,0,0,eGFP1
3858,13:25:18,0.108,0.602,0,0,eGFP1
3859,13:25:19,0.099,0.802,0,0,eGFP1
3860,13:25:19,0.240,0.887,0,0,eGFP1
3861,13:25:20,0.087,0.504,0,0,eGFP1
3862,13:25:21,0.088,0.703,0,0,eGFP1
3863,13:25:21,0.119,0.547,0,0,eGFP1
3864,13:25:22,0.076,0.449,0,0,eGFP1
3865,13:25:22,0.087,0.679,0,0,eGFP1
3866,13:25:23,0.131,0.625,0,0,eGFP1
3867,13:25:24,0.088,0.571,0,0,eGFP1
3868,13:25:24,0.119,0.756,0,0,eGFP1
3869,13:25:25,0.098,0.493,0,0,eGFP1
3870,13:25:25,0.075,0.558,0,0,eGFP1
3871,13:25:26,0.098,0.570,0,0,eGFP1
3872,13:25:26,0.098,0.581,0,0,eGFP1
3873,13:25:27,0.097,0.613,0,0,eGFP1
3874,13:25:28,0.087,0.482,0,0,eGFP1
3875,13:25:28,0.087,0.679,0,0,eGFP1
3876,13:25:29,0.145,0.682,0,0,eGFP1
3877,13:25:29,0.087,0.493,0,0,eGFP1
3878,13:25:30,0.076,0.449,0,0,eGFP1
3879,13:25:31,0.087,0.613,0,0,eGFP1
3880,13:25:31,0.098,0.592,0,0,eGFP1
3881,13:25:32,0.098,0.625,0,0,eGFP1
3882,13:25:32,0.097,0.602,0,0,eGFP1
3883,13:25:33,0.087,0.482,0,0,eGFP1
3884,13:25:34,0.088,0.714,0,0,eGFP1
3885,13:25:34,0.196,0.865,0,0,eGFP1
3886,13:25:35,0.098,0.504,0,0,eGFP1
3887,13:25:35,0.076,0.460,0,0,eGFP1
3888,13:25:36,0.087,0.537,0,0,eGFP1
3889,13:25:37,0.109,0.734,0,0,eGFP1
3890,13:25:37,0.130,0.799,0,0,eGFP1
3891,13:25:38,0.120,0.679,0,0,eGFP1
3892,13:25:39,0.089,0.484,0,0,eGFP1
3893,13:25:39,0.075,0.449,0,0,eGFP1
3894,13:25:40,0.086,0.624,0,0,eGFP1
3895,13:25:40,0.131,0.680,0,0,eGFP1
3896,13:25:41,0.086,0.503,0,0,eGFP1
3897,13:25:41,0.087,0.504,0,0,eGFP1
3898,13:25:42,0.076,0.581,0,0,eGFP1
3899,13:25:42,0.098,0.548,0,0,eGFP1
3900,13:25:43,0.097,0.668,0,0,eGFP1
3901,13:25:44,0.130,0.667,0,0,eGFP1
3902,13:25:44,0.087,0.460,0,0,eGFP1
3903,13:25:45,0.088,0.791,0,0,eGFP1
3904,13:25:46,0.251,1.030,0,0,eGFP1
3905,13:25:47,0.098,0.559,0,0,eGFP1
3906,13:25:47,0.076,0.482,0,0,eGFP1
3907,13:25:48,0.087,0.493,0,0,eGFP1
3908,13:25:48,0.076,0.482,0,0,eGFP1
3909,13:25:49,0.077,0.505,0,0,eGFP1
3910,13:25:49,0.087,0.570,0,0,eGFP1
3911,13:25:50,0.109,0.646,0,0,eGFP1
3912,13:25:50,0.090,0.639,0,0,eGFP1
3913,13:25:51,0.131,0.844,0,0,eGFP1
3914,13:25:52,0.109,0.657,0,0,eGFP1
3915,13:25:53,0.098,0.625,0,0,eGFP1
3916,13:25:53,0.098,0.669,0,0,eGFP1
3917,13:25:54,0.111,0.660,0,0,eGFP1
3918,13:25:55,0.098,0.657,0,0,eGFP1
3919,13:25:55,0.120,0.614,0,0,eGFP1
3920,13:25:56,0.087,0.460,0,0,eGFP1
3921,13:25:56,0.076,0.526,0,0,eGFP1
3922,13:25:57,0.109,0.745,0,0,eGFP1
3923,13:25:57,0.098,0.526,0,0,eGFP1
3924,13:25:58,0.076,0.438,0,0,eGFP1
3925,13:25:58,0.078,0.550,0,0,eGFP1
3926,13:25:59,0.141,0.756,0,0,eGFP1
3927,13:26:00,0.098,0.548,0,0,eGFP1
3928,13:26:00,0.087,0.559,0,0,eGFP1
3929,13:26:01,0.098,0.624,0,0,eGFP1
3930,13:26:02,0.098,0.636,0,0,eGFP1
3931,13:26:02,0.089,0.495,0,0,eGFP1
3932,13:26:03,0.076,0.504,0,0,eGFP1
3933,13:26:03,0.109,0.767,0,0,eGFP1
3934,13:26:04,0.110,0.582,0,0,eGFP1
3935,13:26:04,0.076,0.471,0,0,eGFP1
3936,13:26:05,0.076,0.526,0,0,eGFP1
3937,13:26:06,0.098,0.680,0,0,eGFP1
3938,13:26:06,0.142,0.735,0,0,eGFP1
3939,13:26:07,0.119,0.635,0,0,eGFP1
3940,13:26:08,0.109,0.570,0,0,eGFP1
3941,13:26:08,0.076,0.526,0,0,eGFP1
3942,13:26:09,0.111,0.934,0,0,eGFP1
3943,13:26:10,0.142,0.679,0,0,eGFP1
3944,13:26:10,0.076,0.493,0,0,eGFP1
3945,13:26:11,0.100,0.901,0,0,eGFP1
3946,13:26:12,0.131,0.625,0,0,eGFP1
3947,13:26:12,0.087,0.449,0,0,eGFP1
3948,13:26:13,0.076,0.625,0,0,eGFP1
3949,13:26:14,0.175,0.833,0,0,eGFP1
3950,13:26:14,0.089,0.517,0,0,eGFP1
3951,13:26:15,0.087,0.602,0,0,eGFP1
3952,13:26:17,0.142,2.326,0,0,eGFP1
3953,13:26:18,0.099,0.527,0,0,eGFP1
3954,13:26:18,0.077,0.636,0,0,eGFP1
3955,13:26:19,0.142,0.746,0,0,eGFP1
3956,13:26:19,0.076,0.449,0,0,eGFP1
3957,13:26:20,0.076,0.636,0,0,eGFP1
3958,13:26:21,0.187,0.857,0,0,eGFP1
3959,13:26:21,0.088,0.461,0,0,eGFP1
3960,13:26:22,0.076,0.471,0,0,eGFP1
3961,13:26:23,0.088,0.724,0,0,eGFP1
3962,13:26:23,0.109,0.537,0,0,eGFP1
3963,13:26:23,0.065,0.417,0,0,eGFP1
3964,13:26:24,0.065,0.482,0,0,eGFP1
3965,13:26:25,0.109,0.723,0,0,eGFP1
3966,13:26:25,0.099,0.570,0,0,eGFP1
3967,13:26:26,0.078,0.440,0,0,eGFP1
3968,13:26:26,0.065,0.482,0,0,eGFP1
3969,13:26:27,0.098,0.680,0,0,eGFP1
3970,13:26:27,0.109,0.537,0,0,eGFP1
3971,13:26:28,0.087,0.504,0,0,eGFP1
3972,13:26:29,0.099,0.856,0,0,eGFP1
3973,13:26:29,0.110,0.549,0,0,eGFP1
3974,13:26:30,0.076,0.526,0,0,eGFP1
3975,13:26:31,0.100,0.693,0,0,eGFP1
3976,13:26:31,0.098,0.515,0,0,eGFP1
3977,13:26:32,0.076,0.471,0,0,eGFP1
3978,13:26:32,0.087,0.779,0,0,eGFP1
3979,13:26:33,0.109,0.570,0,0,eGFP1
3980,13:26:33,0.076,0.460,0,0,eGFP1
3981,13:26:34,0.076,0.647,0,0,eGFP1
3982,13:26:35,0.131,0.768,0,0,eGFP1
3983,13:26:35,0.110,0.582,0,0,eGFP1
3984,13:26:36,0.087,0.559,0,0,eGFP1
3985,13:26:36,0.098,0.592,0,0,eGFP1
3986,13:26:37,0.089,0.495,0,0,eGFP1
3987,13:26:37,0.076,0.504,0,0,eGFP1
3988,13:26:38,0.120,0.878,0,0,eGFP1
3989,13:26:39,0.109,0.548,0,0,eGFP1
3990,13:26:40,0.087,0.767,0,0,eGFP1
3991,13:26:40,0.177,0.813,0,0,eGFP1
3992,13:26:41,0.110,0.636,0,0,eGFP1
3993,13:26:42,0.088,0.505,0,0,eGFP1
3994,13:26:42,0.076,0.537,0,0,eGFP1
3995,13:26:43,0.087,0.515,0,0,eGFP1
3996,13:26:43,0.077,0.472,0,0,eGFP1
3997,13:26:44,0.087,0.636,0,0,eGFP1
3998,13:26:44,0.120,0.690,0,0,eGFP1
3999,13:26:45,0.077,0.461,0,0,eGFP1
4000,13:26:49,0.068,4.271,0,0,eGFP1
4001,13:26:50,0.109,0.570,0,0,eGFP1
4002,13:26:50,0.088,0.581,0,0,eGFP1
4003,13:26:51,0.099,0.582,0,0,eGFP1
4004,13:26:51,0.076,0.460,0,0,eGFP1
4005,13:26:52,0.076,0.592,0,0,eGFP1
4006,13:26:53,0.120,0.647,0,0,eGFP1
4007,13:26:53,0.076,0.504,0,0,eGFP1
4008,13:26:54,0.078,0.594,0,0,eGFP1
4009,13:26:54,0.109,0.526,0,0,eGFP1
4010,13:26:55,0.077,0.461,0,0,eGFP1
4011,13:26:55,0.076,0.614,0,0,eGFP1
4012,13:26:56,0.142,0.680,0,0,eGFP1
4013,13:26:57,0.087,0.537,0,0,eGFP1
4014,13:26:57,0.089,0.660,0,0,eGFP1
4015,13:26:58,0.120,0.614,0,0,eGFP1
4016,13:26:58,0.067,0.418,0,0,eGFP1
4017,13:26:59,0.076,0.537,0,0,eGFP1
4018,13:27:00,0.142,0.801,0,0,eGFP1
4019,13:27:00,0.098,0.537,0,0,eGFP1
4020,13:27:01,0.088,0.548,0,0,eGFP1
4021,13:27:01,0.088,0.571,0,0,eGFP1
4022,13:27:02,0.098,0.636,0,0,eGFP1
4023,13:27:03,0.109,0.669,0,0,eGFP1
4024,13:27:03,0.078,0.484,0,0,eGFP1
4025,13:27:04,0.098,0.636,0,0,eGFP1
4026,13:27:04,0.120,0.614,0,0,eGFP1
4027,13:27:05,0.088,0.472,0,0,eGFP1
4028,13:27:07,0.077,1.866,0,0,eGFP1
4029,13:27:07,0.186,0.691,0,0,eGFP1
4030,13:27:10,0.779,3.007,0,0,eGFP1
4031,13:27:12,0.515,1.865,0,0,eGFP1
4032,13:27:14,0.274,1.514,0,0,eGFP1
4033,13:27:18,1.727,3.812,0,0,eGFP1
4034,13:27:18,0.187,0.977,0,0,eGFP1
4035,13:27:21,0.175,2.689,0,0,eGFP1
4036,13:28:26,1.020,65.262,0,0,eGFP1
4037,13:28:27,0.428,0.779,0,0,eGFP1
4038,13:28:28,0.307,0.987,0,0,eGFP1
4039,13:28:29,0.110,1.098,0,0,eGFP1
4040,13:28:30,0.164,0.702,0,0,eGFP1
4041,13:28:31,0.090,0.649,0,0,eGFP1
4042,13:28:31,0.134,0.650,0,0,eGFP1
4043,13:28:32,0.088,0.494,0,0,eGFP1
4044,13:28:32,0.089,0.605,0,0,eGFP1
4045,13:28:33,0.099,0.494,0,0,eGFP1
4046,13:28:33,0.078,0.506,0,0,eGFP1
4047,13:28:34,0.110,0.747,0,0,eGFP1
4048,13:28:35,0.099,0.505,0,0,eGFP1
4049,13:28:35,0.068,0.452,0,0,eGFP1
4050,13:28:36,0.078,0.539,0,0,eGFP1
4051,13:28:36,0.099,0.615,0,0,eGFP1
4052,13:28:37,0.099,0.604,0,0,eGFP1
4053,13:28:37,0.089,0.495,0,0,eGFP1
4054,13:28:38,0.088,0.593,0,0,eGFP1
4055,13:28:39,0.111,0.604,0,0,eGFP1
4056,13:28:39,0.090,0.584,0,0,eGFP1
4057,13:28:40,0.090,0.518,0,0,eGFP1
4058,13:28:40,0.067,0.429,0,0,eGFP1
4059,13:28:41,0.088,0.626,0,0,eGFP1
4060,13:28:41,0.100,0.561,0,0,eGFP1
4061,13:28:43,0.132,1.756,0,0,eGFP1
4062,13:28:44,0.100,0.517,0,0,eGFP1
4063,13:28:44,0.067,0.451,0,0,eGFP1
4064,13:28:45,0.088,0.604,0,0,eGFP1
4065,13:28:45,0.133,0.648,0,0,eGFP1
4066,13:28:46,0.079,0.442,0,0,eGFP1
4067,13:28:46,0.066,0.472,0,0,eGFP1
4068,13:28:47,0.111,0.802,0,0,eGFP1
4069,13:28:47,0.090,0.496,0,0,eGFP1
4070,13:28:48,0.067,0.429,0,0,eGFP1
4071,13:28:48,0.078,0.583,0,0,eGFP1
4072,13:28:49,0.110,0.571,0,0,eGFP1
4073,13:28:49,0.078,0.440,0,0,eGFP1
4074,13:28:50,0.079,0.738,0,0,eGFP1
4075,13:28:51,0.122,0.572,0,0,eGFP1
4076,13:28:51,0.067,0.429,0,0,eGFP1
4077,13:28:52,0.078,0.571,0,0,eGFP1
4078,13:28:52,0.133,0.660,0,0,eGFP1
4079,13:28:53,0.088,0.473,0,0,eGFP1
4080,13:28:53,0.088,0.582,0,0,eGFP1
4081,13:28:54,0.122,0.714,0,0,eGFP1
4082,13:28:55,0.090,0.475,0,0,eGFP1
4083,13:28:55,0.068,0.408,0,0,eGFP1
4084,13:28:56,0.078,0.637,0,0,eGFP1
4085,13:28:56,0.122,0.594,0,0,eGFP1
4086,13:28:57,0.089,0.517,0,0,eGFP1
4087,13:28:57,0.100,0.528,0,0,eGFP1
4088,13:28:58,0.077,0.439,0,0,eGFP1
4089,13:28:58,0.078,0.605,0,0,eGFP1
4090,13:28:59,0.123,0.661,0,0,eGFP1
4091,13:29:00,0.089,0.495,0,0,eGFP1
4092,13:29:00,0.067,0.484,0,0,eGFP1
4093,13:29:01,0.077,0.461,0,0,eGFP1
4094,13:29:01,0.078,0.484,0,0,eGFP1
4095,13:29:02,0.100,0.638,0,0,eGFP1
4096,13:29:02,0.100,0.561,0,0,eGFP1
4097,13:29:03,0.079,0.573,0,0,eGFP1
4098,13:29:03,0.110,0.637,0,0,eGFP1
4099,13:29:04,0.090,0.464,0,0,eGFP1
4100,13:29:04,0.065,0.406,0,0,eGFP1
4101,13:29:05,0.077,0.527,0,0,eGFP1
4102,13:29:05,0.109,0.625,0,0,eGFP1
4103,13:29:06,0.088,0.483,0,0,eGFP1
4104,13:29:06,0.077,0.483,0,0,eGFP1
4105,13:29:07,0.088,0.582,0,0,eGFP1
4106,13:29:08,0.099,0.604,0,0,eGFP1
4107,13:29:08,0.112,0.617,0,0,eGFP1
4108,13:29:09,0.089,0.517,0,0,eGFP1
4109,13:29:09,0.078,0.528,0,0,eGFP1
4110,13:29:10,0.100,0.571,0,0,eGFP1
4111,13:29:10,0.080,0.508,0,0,eGFP1
4112,13:29:11,0.089,0.506,0,0,eGFP1
4113,13:29:11,0.089,0.495,0,0,eGFP1
4114,13:29:12,0.078,0.484,0,0,eGFP1
4115,13:29:12,0.079,0.529,0,0,eGFP1
4116,13:29:13,0.100,0.616,0,0,eGFP1
4117,13:29:13,0.089,0.451,0,0,eGFP1
4118,13:29:14,0.067,0.451,0,0,eGFP1
4119,13:29:15,0.100,0.879,0,0,eGFP1
4120,13:29:15,0.122,0.561,0,0,eGFP1
4121,13:29:16,0.067,0.451,0,0,eGFP1
4122,13:29:17,0.089,1.121,0,0,eGFP1
4123,13:29:18,0.145,0.639,0,0,eGFP1
4124,13:29:18,0.078,0.462,0,0,eGFP1
4125,13:29:19,0.089,0.671,0,0,eGFP1
4126,13:29:19,0.154,0.812,0,0,eGFP1
4127,13:29:20,0.088,0.472,0,0,eGFP1
4128,13:29:20,0.066,0.472,0,0,eGFP1
4129,13:29:21,0.089,0.626,0,0,eGFP1
4130,13:29:22,0.110,0.571,0,0,eGFP1
4131,13:29:22,0.077,0.472,0,0,eGFP1
4132,13:29:23,0.090,0.628,0,0,eGFP1
4133,13:29:23,0.099,0.538,0,0,eGFP1
4134,13:29:24,0.088,0.527,0,0,eGFP1
4135,13:29:24,0.099,0.614,0,0,eGFP1
4136,13:29:25,0.088,0.527,0,0,eGFP1
4137,13:29:26,0.089,0.747,0,0,eGFP1
4138,13:29:26,0.121,0.582,0,0,eGFP1
4139,13:29:27,0.067,0.473,0,0,eGFP1
4140,13:29:27,0.102,0.705,0,0,eGFP1
4141,13:29:28,0.101,0.518,0,0,eGFP1
4142,13:29:28,0.078,0.484,0,0,eGFP1
4143,13:29:29,0.100,0.693,0,0,eGFP1
4144,13:29:30,0.111,0.528,0,0,eGFP1
4145,13:29:30,0.067,0.473,0,0,eGFP1
4146,13:29:31,0.089,0.627,0,0,eGFP1
4147,13:29:31,0.100,0.495,0,0,eGFP1
4148,13:29:32,0.080,0.486,0,0,eGFP1
4149,13:29:32,0.111,0.681,0,0,eGFP1
4150,13:29:33,0.101,0.562,0,0,eGFP1
4151,13:29:33,0.078,0.495,0,0,eGFP1
4152,13:29:34,0.079,0.562,0,0,eGFP1
4153,13:29:35,0.111,0.649,0,0,eGFP1
4154,13:29:35,0.078,0.462,0,0,eGFP1
4155,13:29:36,0.068,0.452,0,0,eGFP1
4156,13:29:36,0.086,0.657,0,0,eGFP1
4157,13:29:37,0.117,0.600,0,0,eGFP1
4158,13:29:37,0.097,0.536,0,0,eGFP1
4159,13:29:38,0.086,0.657,0,0,eGFP1
4160,13:29:39,0.107,0.524,0,0,eGFP1
4161,13:29:39,0.075,0.503,0,0,eGFP1
4162,13:29:40,0.119,0.822,0,0,eGFP1
4163,13:29:40,0.097,0.503,0,0,eGFP1
4164,13:29:41,0.075,0.448,0,0,eGFP1
4165,13:29:42,0.087,0.691,0,0,eGFP1
4166,13:29:42,0.120,0.614,0,0,eGFP1
4167,13:29:43,0.075,0.448,0,0,eGFP1
4168,13:29:43,0.075,0.525,0,0,eGFP1
4169,13:29:44,0.108,0.689,0,0,eGFP1
4170,13:29:44,0.108,0.514,0,0,eGFP1
4171,13:29:45,0.075,0.492,0,0,eGFP1
4172,13:29:46,0.108,0.723,0,0,eGFP1
4173,13:29:46,0.098,0.504,0,0,eGFP1
4174,13:29:46,0.075,0.459,0,0,eGFP1
4175,13:29:47,0.086,0.712,0,0,eGFP1
4176,13:29:48,0.130,0.613,0,0,eGFP1
4177,13:29:48,0.086,0.514,0,0,eGFP1
4178,13:29:49,0.097,0.689,0,0,eGFP1
4179,13:29:50,0.086,0.492,0,0,eGFP1
4180,13:29:50,0.077,0.549,0,0,eGFP1
4181,13:29:51,0.131,1.009,0,0,eGFP1
4182,13:29:52,0.273,1.096,0,0,eGFP1
4183,13:29:53,0.108,0.602,0,0,eGFP1
4184,13:29:53,0.086,0.503,0,0,eGFP1
4185,13:29:54,0.086,0.536,0,0,eGFP1
4186,13:29:54,0.086,0.514,0,0,eGFP1
4187,13:29:55,0.086,0.525,0,0,eGFP1
4188,13:29:56,0.097,0.777,0,0,eGFP1
4189,13:29:56,0.119,0.613,0,0,eGFP1
4190,13:29:57,0.088,0.505,0,0,eGFP1
4191,13:29:57,0.097,0.657,0,0,eGFP1
4192,13:29:58,0.097,0.525,0,0,eGFP1
4193,13:29:58,0.075,0.470,0,0,eGFP1
4194,13:29:59,0.087,0.636,0,0,eGFP1
4195,13:30:00,0.108,0.580,0,0,eGFP1
4196,13:30:00,0.075,0.459,0,0,eGFP1
4197,13:30:01,0.077,0.581,0,0,eGFP1
4198,13:30:01,0.143,0.823,0,0,eGFP1
4199,13:30:02,0.097,0.514,0,0,eGFP1
4200,13:30:02,0.086,0.493,0,0,eGFP1
4201,13:30:03,0.086,0.634,0,0,eGFP1
4202,13:30:04,0.120,0.679,0,0,eGFP1
4203,13:30:04,0.086,0.493,0,0,eGFP1
4204,13:30:05,0.075,0.481,0,0,eGFP1
4205,13:30:06,0.097,0.788,0,0,eGFP1
4206,13:30:06,0.121,0.615,0,0,eGFP1
4207,13:30:07,0.097,0.635,0,0,eGFP1
4208,13:30:08,0.120,0.713,0,0,eGFP1
4209,13:30:08,0.086,0.525,0,0,eGFP1
4210,13:30:09,0.108,0.931,0,0,eGFP1
4211,13:30:10,0.130,0.580,0,0,eGFP1
4212,13:30:10,0.076,0.482,0,0,eGFP1
4213,13:30:11,0.086,0.755,0,0,eGFP1
4214,13:30:11,0.110,0.538,0,0,eGFP1
4215,13:30:12,0.075,0.503,0,0,eGFP1
4216,13:30:13,0.098,0.767,0,0,eGFP1
4217,13:30:13,0.119,0.569,0,0,eGFP1
4218,13:30:14,0.075,0.503,0,0,eGFP1
4219,13:30:14,0.087,0.679,0,0,eGFP1
4220,13:30:15,0.120,0.602,0,0,eGFP1
4221,13:30:15,0.087,0.471,0,0,eGFP1
4222,13:30:16,0.077,0.483,0,0,eGFP1
4223,13:30:16,0.087,0.603,0,0,eGFP1
4224,13:30:17,0.119,0.624,0,0,eGFP1
4225,13:30:18,0.087,0.482,0,0,eGFP1
4226,13:30:18,0.075,0.470,0,0,eGFP1
4227,13:30:19,0.097,0.778,0,0,eGFP1
4228,13:30:20,0.141,0.657,0,0,eGFP1
4229,13:30:20,0.075,0.459,0,0,eGFP1
4230,13:30:21,0.065,0.559,0,0,eGFP1
4231,13:30:21,0.175,0.921,0,0,eGFP1
4232,13:30:22,0.087,0.548,0,0,eGFP1
4233,13:30:23,0.086,0.711,0,0,eGFP1
4234,13:30:23,0.120,0.646,0,0,eGFP1
4235,13:30:24,0.077,0.494,0,0,eGFP1
4236,13:30:24,0.075,0.547,0,0,eGFP1
4237,13:30:25,0.086,0.602,0,0,eGFP1
4238,13:30:26,0.109,0.691,0,0,eGFP1
4239,13:30:26,0.099,0.647,0,0,eGFP1
4240,13:30:27,0.119,0.646,0,0,eGFP1
4241,13:30:28,0.087,0.668,0,0,eGFP1
4242,13:30:28,0.130,0.712,0,0,eGFP1
4243,13:30:29,0.108,0.580,0,0,eGFP1
4244,13:30:29,0.076,0.482,0,0,eGFP1
4245,13:30:30,0.086,0.591,0,0,eGFP1
4246,13:30:31,0.130,0.766,0,0,eGFP1
4247,13:30:31,0.099,0.505,0,0,eGFP1
4248,13:30:32,0.087,0.646,0,0,eGFP1
4249,13:30:33,0.143,0.691,0,0,eGFP1
4250,13:30:33,0.087,0.471,0,0,eGFP1
4251,13:30:34,0.076,0.690,0,0,eGFP1
4252,13:30:34,0.153,0.668,0,0,eGFP1
4253,13:30:35,0.076,0.548,0,0,eGFP1
4254,13:30:36,0.119,0.690,0,0,eGFP1
4255,13:30:36,0.087,0.526,0,0,eGFP1
4256,13:30:37,0.087,0.713,0,0,eGFP1
4257,13:30:38,0.119,0.624,0,0,eGFP1
4258,13:30:38,0.109,0.811,0,0,eGFP1
4259,13:30:39,0.120,0.602,0,0,eGFP1
4260,13:30:40,0.076,0.548,0,0,eGFP1
4261,13:30:40,0.109,0.723,0,0,eGFP1
4262,13:30:41,0.098,0.526,0,0,eGFP1
4263,13:30:41,0.077,0.527,0,0,eGFP1
4264,13:30:42,0.109,0.702,0,0,eGFP1
4265,13:30:43,0.109,0.570,0,0,eGFP1
4266,13:30:43,0.086,0.470,0,0,eGFP1
4267,13:30:44,0.076,0.559,0,0,eGFP1
4268,13:30:44,0.119,0.767,0,0,eGFP1
4269,13:30:45,0.097,0.514,0,0,eGFP1
4270,13:30:45,0.065,0.460,0,0,eGFP1
4271,13:30:46,0.098,0.789,0,0,eGFP1
4272,13:30:47,0.121,0.571,0,0,eGFP1
4273,13:30:47,0.076,0.526,0,0,eGFP1
4274,13:30:48,0.097,0.657,0,0,eGFP1
4275,13:30:49,0.131,0.635,0,0,eGFP1
4276,13:30:49,0.098,0.537,0,0,eGFP1
4277,13:30:50,0.088,0.670,0,0,eGFP1
4278,13:30:51,0.164,0.976,0,0,eGFP1
4279,13:30:52,0.174,1.052,0,0,eGFP1
4280,13:30:54,0.165,2.217,0,0,eGFP1
4281,13:30:55,0.142,0.657,0,0,eGFP1
4282,13:30:55,0.098,0.680,0,0,eGFP1
4283,13:30:56,0.087,0.493,0,0,eGFP1
4284,13:30:56,0.064,0.437,0,0,eGFP1
4285,13:30:57,0.087,0.713,0,0,eGFP1
4286,13:30:58,0.130,0.657,0,0,eGFP1
4287,13:30:58,0.076,0.460,0,0,eGFP1
4288,13:30:59,0.087,0.625,0,0,eGFP1
4289,13:30:59,0.121,0.625,0,0,eGFP1
4290,13:31:00,0.076,0.482,0,0,eGFP1
4291,13:31:01,0.077,0.714,0,0,eGFP1
4292,13:31:01,0.142,0.657,0,0,eGFP1
4293,13:31:02,0.076,0.449,0,0,eGFP1
4294,13:31:02,0.076,0.713,0,0,eGFP1
4295,13:31:03,0.163,0.767,0,0,eGFP1
4296,13:31:04,0.087,0.493,0,0,eGFP1
4297,13:31:04,0.077,0.494,0,0,eGFP1
4298,13:31:05,0.087,0.690,0,0,eGFP1
4299,13:31:05,0.109,0.581,0,0,eGFP1
4300,13:31:06,0.075,0.569,0,0,eGFP1
4301,13:31:07,0.153,0.811,0,0,eGFP1
4302,13:31:07,0.109,0.602,0,0,eGFP1
4303,13:31:08,0.098,0.581,0,0,eGFP1
4304,13:31:08,0.076,0.460,0,0,eGFP1
4305,13:31:10,0.078,2.043,0,0,eGFP1
4306,13:31:11,0.174,0.690,0,0,eGFP1
4307,13:31:12,0.087,0.636,0,0,eGFP1
4308,13:31:12,0.109,0.602,0,0,eGFP1
4309,13:31:13,0.087,0.471,0,0,eGFP1
4310,13:31:13,0.087,0.559,0,0,eGFP1
4311,13:31:14,0.109,0.570,0,0,eGFP1
4312,13:31:14,0.076,0.438,0,0,eGFP1
4313,13:31:15,0.077,0.549,0,0,eGFP1
4314,13:31:16,0.120,0.658,0,0,eGFP1
4315,13:31:16,0.098,0.515,0,0,eGFP1
4316,13:31:17,0.076,0.504,0,0,eGFP1
4317,13:31:17,0.087,0.526,0,0,eGFP1
4318,13:31:18,0.077,0.472,0,0,eGFP1
4319,13:31:18,0.077,0.549,0,0,eGFP1
4320,13:31:19,0.109,0.592,0,0,eGFP1
4321,13:31:19,0.076,0.471,0,0,eGFP1
4322,13:31:20,0.067,0.484,0,0,eGFP1
4323,13:31:20,0.098,0.635,0,0,eGFP1
4324,13:31:21,0.098,0.559,0,0,eGFP1
4325,13:31:21,0.087,0.570,0,0,eGFP1
4326,13:31:22,0.109,0.844,0,0,eGFP1
4327,13:31:23,0.120,0.559,0,0,eGFP1
4328,13:31:23,0.076,0.483,0,0,eGFP1
4329,13:31:24,0.087,0.624,0,0,eGFP1
4330,13:31:25,0.111,0.626,0,0,eGFP1
4331,13:31:25,0.088,0.516,0,0,eGFP1
4332,13:31:26,0.099,0.746,0,0,eGFP1
4333,13:31:26,0.098,0.537,0,0,eGFP1
4334,13:31:27,0.088,0.548,0,0,eGFP1
4335,13:31:28,0.099,0.647,0,0,eGFP1
4336,13:31:28,0.109,0.603,0,0,eGFP1
4337,13:31:29,0.098,0.537,0,0,eGFP1
4338,13:31:29,0.089,0.539,0,0,eGFP1
4339,13:31:30,0.098,0.657,0,0,eGFP1
4340,13:31:31,0.109,0.669,0,0,eGFP1
4341,13:31:31,0.120,0.636,0,0,eGFP1
4342,13:31:32,0.098,0.614,0,0,eGFP1
4343,13:31:33,0.120,0.680,0,0,eGFP1
4344,13:31:33,0.087,0.504,0,0,eGFP1
4345,13:31:34,0.076,0.504,0,0,eGFP1
4346,13:31:34,0.101,0.726,0,0,eGFP1
4347,13:31:35,0.120,0.614,0,0,eGFP1
4348,13:31:35,0.086,0.591,0,0,eGFP1
4349,13:31:36,0.109,0.713,0,0,eGFP1
4350,13:31:37,0.097,0.536,0,0,eGFP1
4351,13:31:37,0.076,0.504,0,0,eGFP1
4352,13:31:38,0.098,0.757,0,0,eGFP1
4353,13:31:39,0.119,0.624,0,0,eGFP1
4354,13:31:39,0.087,0.493,0,0,eGFP1
4355,13:31:40,0.077,0.604,0,0,eGFP1
4356,13:31:41,0.186,1.327,0,0,eGFP1
4357,13:31:42,0.098,0.581,0,0,eGFP1
4358,13:31:42,0.098,0.657,0,0,eGFP1
4359,13:31:43,0.087,0.526,0,0,eGFP1
4360,13:31:43,0.089,0.583,0,0,eGFP1
4361,13:31:44,0.120,0.713,0,0,eGFP1
4362,13:31:45,0.098,0.537,0,0,eGFP1
4363,13:31:45,0.067,0.440,0,0,eGFP1
4364,13:31:46,0.076,0.515,0,0,eGFP1
4365,13:31:46,0.098,0.756,0,0,eGFP1
4366,13:31:47,0.153,0.768,0,0,eGFP1
4367,13:31:48,0.098,0.515,0,0,eGFP1
4368,13:31:48,0.076,0.493,0,0,eGFP1
4369,13:31:49,0.098,0.965,0,0,eGFP1
4370,13:31:50,0.141,0.657,0,0,eGFP1
4371,13:31:50,0.078,0.462,0,0,eGFP1
4372,13:31:51,0.076,0.548,0,0,eGFP1
4373,13:31:52,0.132,0.867,0,0,eGFP1
4374,13:31:52,0.111,0.528,0,0,eGFP1
4375,13:31:53,0.076,0.449,0,0,eGFP1
4376,13:31:53,0.077,0.658,0,0,eGFP1
4377,13:31:54,0.120,0.614,0,0,eGFP1
4378,13:31:54,0.077,0.494,0,0,eGFP1
4379,13:31:55,0.088,0.747,0,0,eGFP1
4380,13:31:56,0.131,0.724,0,0,eGFP1
4381,13:31:57,0.120,0.702,0,0,eGFP1
4382,13:31:57,0.087,0.526,0,0,eGFP1
4383,13:31:58,0.088,0.724,0,0,eGFP1
4384,13:31:58,0.120,0.592,0,0,eGFP1
4385,13:31:59,0.077,0.439,0,0,eGFP1
4386,13:31:59,0.066,0.581,0,0,eGFP1
4387,13:32:00,0.132,0.757,0,0,eGFP1
4388,13:32:01,0.090,0.485,0,0,eGFP1
4389,13:32:01,0.077,0.538,0,0,eGFP1
4390,13:32:02,0.109,0.636,0,0,eGFP1
4391,13:32:02,0.088,0.483,0,0,eGFP1
4392,13:32:03,0.076,0.680,0,0,eGFP1
4393,13:32:04,0.197,0.921,0,0,eGFP1
4394,13:32:07,0.099,2.667,0,0,eGFP1
4395,13:32:07,0.131,0.625,0,0,eGFP1
4396,13:32:08,0.100,0.736,0,0,eGFP1
4397,13:32:08,0.110,0.549,0,0,eGFP1
4398,13:32:09,0.065,0.504,0,0,eGFP1
4399,13:32:10,0.099,0.658,0,0,eGFP1
4400,13:32:10,0.088,0.461,0,0,eGFP1
4401,13:32:11,0.067,0.484,0,0,eGFP1
4402,13:32:11,0.110,0.724,0,0,eGFP1
4403,13:32:12,0.088,0.505,0,0,eGFP1
4404,13:32:12,0.078,0.484,0,0,eGFP1
4405,13:32:13,0.098,0.658,0,0,eGFP1
4406,13:32:13,0.099,0.516,0,0,eGFP1
4407,13:32:14,0.065,0.449,0,0,eGFP1
4408,13:32:15,0.088,0.867,0,0,eGFP1
4409,13:32:15,0.176,0.702,0,0,eGFP1
4410,13:32:16,0.099,0.648,0,0,eGFP1
4411,13:32:17,0.120,0.647,0,0,eGFP1
4412,13:32:17,0.099,0.527,0,0,eGFP1
4413,13:32:18,0.075,0.569,0,0,eGFP1
4414,13:32:19,0.109,0.702,0,0,eGFP1
4415,13:32:19,0.078,0.484,0,0,eGFP1
4416,13:32:20,0.077,0.516,0,0,eGFP1
4417,13:32:20,0.120,0.779,0,0,eGFP1
4418,13:32:21,0.087,0.483,0,0,eGFP1
4419,13:32:21,0.076,0.526,0,0,eGFP1
4420,13:32:22,0.121,0.911,0,0,eGFP1
4421,13:32:23,0.122,0.616,0,0,eGFP1
4422,13:32:23,0.077,0.483,0,0,eGFP1
4423,13:32:24,0.087,0.702,0,0,eGFP1
4424,13:32:25,0.121,0.636,0,0,eGFP1
4425,13:32:25,0.099,0.758,0,0,eGFP1
4426,13:32:26,0.131,0.636,0,0,eGFP1
4427,13:32:27,0.077,0.516,0,0,eGFP1
4428,13:32:27,0.088,0.549,0,0,eGFP1
4429,13:32:28,0.090,0.617,0,0,eGFP1
4430,13:32:28,0.109,0.548,0,0,eGFP1
4431,13:32:29,0.077,0.505,0,0,eGFP1
4432,13:32:29,0.087,0.668,0,0,eGFP1
4433,13:32:30,0.121,0.680,0,0,eGFP1
4434,13:32:31,0.099,0.505,0,0,eGFP1
4435,13:32:31,0.076,0.438,0,0,eGFP1
4436,13:32:32,0.066,0.505,0,0,eGFP1
4437,13:32:32,0.122,0.791,0,0,eGFP1
4438,13:32:33,0.099,0.516,0,0,eGFP1
4439,13:32:33,0.066,0.461,0,0,eGFP1
4440,13:32:34,0.088,0.702,0,0,eGFP1
4441,13:32:35,0.122,0.659,0,0,eGFP1
4442,13:32:35,0.088,0.527,0,0,eGFP1
4443,13:32:36,0.089,0.671,0,0,eGFP1
4444,13:32:37,0.132,0.681,0,0,eGFP1
4445,13:32:37,0.088,0.559,0,0,eGFP1
4446,13:32:38,0.090,0.660,0,0,eGFP1
4447,13:32:39,0.132,0.714,0,0,eGFP1
4448,13:32:39,0.088,0.483,0,0,eGFP1
4449,13:32:40,0.077,0.483,0,0,eGFP1
4450,13:32:40,0.088,0.867,0,0,eGFP1
4451,13:32:41,0.154,0.692,0,0,eGFP1
4452,13:32:42,0.077,0.483,0,0,eGFP1
4453,13:32:42,0.077,0.483,0,0,eGFP1
4454,13:32:43,0.089,0.638,0,0,eGFP1
4455,13:32:44,0.143,0.922,0,0,eGFP1
4456,13:32:44,0.121,0.680,0,0,eGFP1
4457,13:32:45,0.093,0.663,0,0,eGFP1
4458,13:32:46,0.176,0.912,0,0,eGFP1
4459,13:32:46,0.088,0.472,0,0,eGFP1
4460,13:32:47,0.088,0.724,0,0,eGFP1
4461,13:32:48,0.154,0.703,0,0,eGFP1
4462,13:32:48,0.078,0.473,0,0,eGFP1
4463,13:32:49,0.077,0.571,0,0,eGFP1
4464,13:32:50,0.132,0.746,0,0,eGFP1
4465,13:32:50,0.088,0.505,0,0,eGFP1
4466,13:32:51,0.077,0.483,0,0,eGFP1
4467,13:32:51,0.078,0.615,0,0,eGFP1
4468,13:32:52,0.088,0.505,0,0,eGFP1
4469,13:32:52,0.077,0.505,0,0,eGFP1
4470,13:32:53,0.123,1.242,0,0,eGFP1
4471,13:32:56,0.463,2.175,0,0,eGFP1
4472,13:32:56,0.132,0.648,0,0,eGFP1
4473,13:32:57,0.077,0.494,0,0,eGFP1
4474,13:32:58,0.089,0.813,0,0,eGFP1
4475,13:32:58,0.121,0.593,0,0,eGFP1
4476,13:32:59,0.078,0.440,0,0,eGFP1
4477,13:32:59,0.077,0.560,0,0,eGFP1
4478,13:33:00,0.122,0.681,0,0,eGFP1
4479,13:33:00,0.090,0.485,0,0,eGFP1
4480,13:33:01,0.089,0.648,0,0,eGFP1
4481,13:33:02,0.122,0.627,0,0,eGFP1
4482,13:33:02,0.078,0.473,0,0,eGFP1
4483,13:33:03,0.077,0.648,0,0,eGFP1
4484,13:33:03,0.121,0.648,0,0,eGFP1
4485,13:33:04,0.077,0.515,0,0,eGFP1
4486,13:33:05,0.089,0.660,0,0,eGFP1
4487,13:33:05,0.112,0.693,0,0,eGFP1
4488,13:33:06,0.089,0.506,0,0,eGFP1
4489,13:33:06,0.077,0.516,0,0,eGFP1
4490,13:33:07,0.100,0.616,0,0,eGFP1
4491,13:33:07,0.110,0.615,0,0,eGFP1
4492,13:33:08,0.089,0.528,0,0,eGFP1
4493,13:33:09,0.088,0.582,0,0,eGFP1
4494,13:33:10,0.978,1.921,0,0,eGFP1
4495,13:33:11,0.123,0.661,0,0,eGFP1
4496,13:33:12,0.099,0.582,0,0,eGFP1
4497,13:33:12,0.099,0.626,0,0,eGFP1
4498,13:33:13,0.100,0.594,0,0,eGFP1
4499,13:33:13,0.088,0.516,0,0,eGFP1
4500,13:33:14,0.088,0.637,0,0,eGFP1
4501,13:33:15,0.143,0.911,0,0,eGFP1
4502,13:33:16,0.110,0.549,0,0,eGFP1
4503,13:33:16,0.068,0.441,0,0,eGFP1
4504,13:33:17,0.078,0.725,0,0,eGFP1
4505,13:33:17,0.144,0.638,0,0,eGFP1
4506,13:33:18,0.077,0.483,0,0,eGFP1
4507,13:33:18,0.078,0.638,0,0,eGFP1
4508,13:33:19,0.100,0.571,0,0,eGFP1
4509,13:33:20,0.078,0.539,0,0,eGFP1
4510,13:33:20,0.111,0.857,0,0,eGFP1
4511,13:33:21,0.122,0.561,0,0,eGFP1
4512,13:33:21,0.080,0.442,0,0,eGFP1
4513,13:33:22,0.078,0.495,0,0,eGFP1
4514,13:33:23,0.089,0.660,0,0,eGFP1
4515,13:33:23,0.111,0.615,0,0,eGFP1
4516,13:33:24,0.100,0.583,0,0,eGFP1
4517,13:33:24,0.089,0.572,0,0,eGFP1
4518,13:33:25,0.110,0.824,0,0,eGFP1
4519,13:33:26,0.155,0.791,0,0,eGFP1
4520,13:33:28,1.045,1.780,0,0,eGFP1
4521,13:33:29,0.100,1.022,0,0,eGFP1
4522,13:33:39,0.670,10.393,0,0,eGFP1
4523,13:33:40,0.177,0.957,0,0,eGFP1
4524,13:33:44,1.131,3.743,0,0,eGFP1
4525,13:36:43,178.521,179.113,0,0,eGFP1
4526,13:36:45,0.288,1.726,0,0,eGFP1
4527,13:36:46,0.220,0.813,0,0,eGFP1
4528,13:36:46,0.101,0.683,0,0,eGFP1
4529,13:36:47,0.144,0.758,0,0,eGFP1
4530,13:36:49,0.111,1.735,0,0,eGFP1
4531,13:36:50,0.166,0.857,0,0,eGFP1
4532,13:36:52,0.144,2.098,0,0,eGFP1
4533,13:36:53,0.604,1.274,0,0,eGFP1
4534,13:36:54,0.155,0.835,0,0,eGFP1
4535,13:36:55,0.495,1.329,0,0,eGFP1
4536,13:36:56,0.189,0.738,0,0,eGFP1
4537,13:36:57,0.100,0.681,0,0,eGFP1
4538,13:36:57,0.122,0.616,0,0,eGFP1
4539,13:36:58,0.089,0.539,0,0,eGFP1
4540,13:36:58,0.090,0.518,0,0,eGFP1
4541,13:36:59,0.067,0.473,0,0,eGFP1
4542,13:36:59,0.089,0.583,0,0,eGFP1
4543,13:37:00,0.089,0.539,0,0,eGFP1
4544,13:37:00,0.100,0.572,0,0,eGFP1
4545,13:37:01,0.080,0.530,0,0,eGFP1
4546,13:37:01,0.078,0.462,0,0,eGFP1
4547,13:37:02,0.078,0.561,0,0,eGFP1
4548,13:37:03,0.133,0.648,0,0,eGFP1
4549,13:37:03,0.078,0.452,0,0,eGFP1
4550,13:37:03,0.067,0.462,0,0,eGFP1
4551,13:37:04,0.100,0.605,0,0,eGFP1
4552,13:37:05,0.078,0.484,0,0,eGFP1
4553,13:37:05,0.079,0.617,0,0,eGFP1
4554,13:37:06,0.112,0.573,0,0,eGFP1
4555,13:37:06,0.078,0.452,0,0,eGFP1
4556,13:37:07,0.078,0.528,0,0,eGFP1
4557,13:37:07,0.078,0.517,0,0,eGFP1
4558,13:37:09,0.078,1.592,0,0,eGFP1
4559,13:37:09,0.144,0.605,0,0,eGFP1
4560,13:37:10,0.078,0.550,0,0,eGFP1
4561,13:37:11,0.083,0.511,0,0,eGFP1
4562,13:37:11,0.077,0.494,0,0,eGFP1
4563,13:37:12,0.078,0.484,0,0,eGFP1
4564,13:37:12,0.066,0.461,0,0,eGFP1
4565,13:37:13,0.078,0.659,0,0,eGFP1
4566,13:37:13,0.144,0.703,0,0,eGFP1
4567,13:37:14,0.079,0.540,0,0,eGFP1
4568,13:37:14,0.088,0.538,0,0,eGFP1
4569,13:37:15,0.090,0.507,0,0,eGFP1
4570,13:37:15,0.077,0.461,0,0,eGFP1
4571,13:37:16,0.078,0.627,0,0,eGFP1
4572,13:37:17,0.132,0.604,0,0,eGFP1
4573,13:37:17,0.078,0.484,0,0,eGFP1
4574,13:37:18,0.725,1.274,0,0,eGFP1
4575,13:37:19,0.264,0.857,0,0,eGFP1
4576,13:37:21,0.089,1.504,0,0,eGFP1
4577,13:37:21,0.122,0.747,0,0,eGFP1
4578,13:37:23,0.113,1.034,0,0,eGFP1
4579,13:37:24,0.352,1.966,0,0,eGFP1
4580,13:37:25,0.110,0.780,0,0,eGFP1
4581,13:37:26,0.134,0.803,0,0,eGFP1
4582,13:37:27,0.155,0.825,0,0,eGFP1
4583,13:37:28,0.111,0.671,0,0,eGFP1
4584,13:37:29,0.122,0.967,0,0,eGFP1
4585,13:37:29,0.144,0.682,0,0,eGFP1
4586,13:37:30,0.091,0.650,0,0,eGFP1
4587,13:37:31,0.167,0.847,0,0,eGFP1
4588,13:37:31,0.100,0.759,0,0,eGFP1
4589,13:37:32,0.155,0.835,0,0,eGFP1
4590,13:37:34,0.112,1.253,0,0,eGFP1
4591,13:37:35,1.209,1.944,0,0,eGFP1
4592,13:37:36,0.100,0.847,0,0,eGFP1
4593,13:37:37,0.144,0.813,0,0,eGFP1
4594,13:37:38,0.146,1.079,0,0,eGFP1
4595,13:37:39,0.178,0.990,0,0,eGFP1
4596,13:37:40,0.112,0.935,0,0,eGFP1
4597,13:37:41,0.144,1.340,0,0,eGFP1
4598,13:37:42,0.123,0.660,0,0,eGFP1
4599,13:37:43,0.112,0.693,0,0,eGFP1
4600,13:37:44,0.101,0.660,0,0,eGFP1
4601,13:37:44,0.101,0.694,0,0,eGFP1
4602,13:37:45,0.112,1.122,0,0,eGFP1
4603,13:37:47,0.177,1.264,0,0,eGFP1
4604,13:37:48,0.232,1.187,0,0,eGFP1
4605,13:37:49,0.232,1.285,0,0,eGFP1
4606,13:37:50,0.112,0.661,0,0,eGFP1
4607,13:37:51,0.122,0.901,0,0,eGFP1
4608,13:37:51,0.112,0.649,0,0,eGFP1
4609,13:37:52,0.157,0.903,0,0,eGFP1
4610,13:37:53,0.112,0.682,0,0,eGFP1
4611,13:37:53,0.113,0.640,0,0,eGFP1
4612,13:37:54,0.101,0.803,0,0,eGFP1
4613,13:37:55,0.133,0.912,0,0,eGFP1
4614,13:37:56,0.145,0.902,0,0,eGFP1
4615,13:37:57,0.123,0.836,0,0,eGFP1
4616,13:37:58,0.155,0.814,0,0,eGFP1
4617,13:37:59,0.111,0.792,0,0,eGFP1
4618,13:37:59,0.133,0.792,0,0,eGFP1
4619,13:38:00,0.102,0.771,0,0,eGFP1
4620,13:38:01,0.199,0.946,0,0,eGFP1
4621,13:38:02,0.111,1.022,0,0,eGFP1
4622,13:38:03,0.155,0.869,0,0,eGFP1
4623,13:38:04,0.102,0.596,0,0,eGFP1
4624,13:38:04,0.111,0.715,0,0,eGFP1
4625,13:38:05,0.100,0.682,0,0,eGFP1
4626,13:38:06,0.112,0.605,0,0,eGFP1
4627,13:38:06,0.102,0.761,0,0,eGFP1
4628,13:38:07,0.154,0.835,0,0,eGFP1
4629,13:38:08,0.100,0.626,0,0,eGFP1
4630,13:38:08,0.111,0.715,0,0,eGFP1
4631,13:38:09,0.111,0.626,0,0,eGFP1
4632,13:38:10,0.100,0.759,0,0,eGFP1
4633,13:38:11,0.165,1.405,0,0,eGFP1
4634,13:38:12,0.111,0.825,0,0,eGFP1
4635,13:38:13,0.113,0.617,0,0,eGFP1
4636,13:38:13,0.090,0.694,0,0,eGFP1
4637,13:38:14,0.179,0.892,0,0,eGFP1
4638,13:38:15,0.101,0.616,0,0,eGFP1
4639,13:38:16,0.134,0.836,0,0,eGFP1
4640,13:38:16,0.101,0.738,0,0,eGFP1
4641,13:38:17,0.122,0.934,0,0,eGFP1
4642,13:38:18,0.134,0.869,0,0,eGFP1
4643,13:38:20,0.189,1.221,0,0,eGFP1
4644,13:38:20,0.113,0.672,0,0,eGFP1
4645,13:38:21,0.145,0.935,0,0,eGFP1
4646,13:38:22,0.123,0.672,0,0,eGFP1
4647,13:38:23,0.134,0.715,0,0,eGFP1
4648,13:38:23,0.086,0.701,0,0,eGFP1
4649,13:38:25,0.163,1.765,0,0,eGFP1
4650,13:38:26,0.131,0.702,0,0,eGFP1
4651,13:38:26,0.107,0.645,0,0,eGFP1
4652,13:38:27,0.077,0.570,0,0,eGFP1
4653,13:38:28,0.119,0.668,0,0,eGFP1
4654,13:38:28,0.097,0.646,0,0,eGFP1
4655,13:38:29,0.119,0.634,0,0,eGFP1
4656,13:38:30,0.119,0.734,0,0,eGFP1
4657,13:38:30,0.119,0.744,0,0,eGFP1
4658,13:38:31,0.097,0.613,0,0,eGFP1
4659,13:38:32,0.097,0.733,0,0,eGFP1
4660,13:38:32,0.121,0.680,0,0,eGFP1
4661,13:38:33,0.163,0.975,0,0,eGFP1
4662,13:38:34,0.108,0.591,0,0,eGFP1
4663,13:38:35,0.119,0.821,0,0,eGFP1
4664,13:38:35,0.121,0.658,0,0,eGFP1
4665,13:38:36,0.086,0.547,0,0,eGFP1
4666,13:38:37,0.108,0.745,0,0,eGFP1
4667,13:38:37,0.119,0.690,0,0,eGFP1
4668,13:38:38,0.097,0.634,0,0,eGFP1
4669,13:38:39,0.140,0.777,0,0,eGFP1
4670,13:38:39,0.097,0.623,0,0,eGFP1
4671,13:38:40,0.141,0.844,0,0,eGFP1
4672,13:38:41,0.108,0.810,0,0,eGFP1
4673,13:38:42,0.130,0.777,0,0,eGFP1
4674,13:38:43,0.109,0.679,0,0,eGFP1
4675,13:38:43,0.108,0.646,0,0,eGFP1
4676,13:38:44,0.086,0.679,0,0,eGFP1
4677,13:38:45,0.164,1.108,0,0,eGFP1
4678,13:38:46,0.098,0.559,0,0,eGFP1
4679,13:38:46,0.119,0.723,0,0,eGFP1
4680,13:38:47,0.108,0.601,0,0,eGFP1
4681,13:38:47,0.098,0.558,0,0,eGFP1
4682,13:38:48,0.098,0.734,0,0,eGFP1
4683,13:38:49,0.119,0.646,0,0,eGFP1
4684,13:38:49,0.097,0.602,0,0,eGFP1
4685,13:38:50,0.131,0.669,0,0,eGFP1
4686,13:38:51,0.087,0.603,0,0,eGFP1
4687,13:38:51,0.119,0.667,0,0,eGFP1
4688,13:38:52,0.108,0.635,0,0,eGFP1
4689,13:38:53,0.141,0.767,0,0,eGFP1
4690,13:38:53,0.097,0.668,0,0,eGFP1
4691,13:38:54,0.108,0.634,0,0,eGFP1
4692,13:38:55,0.110,0.669,0,0,eGFP1
4693,13:38:55,0.132,0.812,0,0,eGFP1
4694,13:38:56,0.109,0.624,0,0,eGFP1
4695,13:38:57,0.108,0.646,0,0,eGFP1
4696,13:38:58,0.119,0.811,0,0,eGFP1
4697,13:38:58,0.119,0.689,0,0,eGFP1
4698,13:38:59,0.098,0.624,0,0,eGFP1
4699,13:39:00,0.152,0.822,0,0,eGFP1
4700,13:39:00,0.097,0.646,0,0,eGFP1
4701,13:39:01,0.119,0.624,0,0,eGFP1
4702,13:39:02,0.098,0.581,0,0,eGFP1
4703,13:39:02,0.087,0.712,0,0,eGFP1
4704,13:39:04,0.163,1.875,0,0,eGFP1
4705,13:39:05,0.273,1.008,0,0,eGFP1
4706,13:39:06,0.132,0.911,0,0,eGFP1
4707,13:39:07,0.141,0.734,0,0,eGFP1
4708,13:39:08,0.097,0.701,0,0,eGFP1
4709,13:39:08,0.141,0.668,0,0,eGFP1
4710,13:39:09,0.088,0.538,0,0,eGFP1
4711,13:39:09,0.075,0.514,0,0,eGFP1
4712,13:39:10,0.108,0.657,0,0,eGFP1
4713,13:39:10,0.097,0.613,0,0,eGFP1
4714,13:39:11,0.097,0.580,0,0,eGFP1
4715,13:39:12,0.098,0.624,0,0,eGFP1
4716,13:39:12,0.109,0.603,0,0,eGFP1
4717,13:39:13,0.086,0.558,0,0,eGFP1
4718,13:39:13,0.099,0.571,0,0,eGFP1
4719,13:39:14,0.097,0.624,0,0,eGFP1
4720,13:39:15,0.142,0.845,0,0,eGFP1
4721,13:39:15,0.086,0.525,0,0,eGFP1
4722,13:39:16,0.087,0.569,0,0,eGFP1
4723,13:39:17,0.120,0.723,0,0,eGFP1
4724,13:39:17,0.098,0.614,0,0,eGFP1
4725,13:39:18,0.108,0.832,0,0,eGFP1
4726,13:39:19,0.176,0.845,0,0,eGFP1
4727,13:39:20,0.087,0.570,0,0,eGFP1
4728,13:39:21,0.130,1.008,0,0,eGFP1
4729,13:39:21,0.163,0.789,0,0,eGFP1
4730,13:39:22,0.097,0.690,0,0,eGFP1
4731,13:39:23,0.141,0.800,0,0,eGFP1
4732,13:39:23,0.108,0.613,0,0,eGFP1
4733,13:39:24,0.110,0.659,0,0,eGFP1
4734,13:39:25,0.119,0.767,0,0,eGFP1
4735,13:39:26,0.120,0.625,0,0,eGFP1
4736,13:39:26,0.109,0.646,0,0,eGFP1
4737,13:39:27,0.131,0.965,0,0,eGFP1
4738,13:39:29,0.174,1.930,0,0,eGFP1
4739,13:39:30,0.142,0.745,0,0,eGFP1
4740,13:39:30,0.098,0.603,0,0,eGFP1
4741,13:39:31,0.097,0.712,0,0,eGFP1
4742,13:39:32,0.108,0.668,0,0,eGFP1
4743,13:39:32,0.110,0.702,0,0,eGFP1
4744,13:39:33,0.120,0.734,0,0,eGFP1
4745,13:39:34,0.120,1.053,0,0,eGFP1
4746,13:39:35,0.163,1.019,0,0,eGFP1
4747,13:39:36,0.121,0.758,0,0,eGFP1
4748,13:39:37,0.119,0.833,0,0,eGFP1
4749,13:39:38,0.141,1.118,0,0,eGFP1
4750,13:39:39,0.163,0.920,0,0,eGFP1
4751,13:39:40,0.110,0.670,0,0,eGFP1
4752,13:39:40,0.142,0.833,0,0,eGFP1
4753,13:39:41,0.109,0.734,0,0,eGFP1
4754,13:39:42,0.175,1.074,0,0,eGFP1
4755,13:39:43,0.186,1.130,0,0,eGFP1
4756,13:39:44,0.152,0.920,0,0,eGFP1
4757,13:39:45,0.109,0.724,0,0,eGFP1
4758,13:39:46,0.108,0.701,0,0,eGFP1
4759,13:39:46,0.121,0.659,0,0,eGFP1
4760,13:39:47,0.097,0.723,0,0,eGFP1
4761,13:39:48,0.131,0.790,0,0,eGFP1
4762,13:39:49,0.108,0.844,0,0,eGFP1
4763,13:39:49,0.119,0.712,0,0,eGFP1
4764,13:39:50,0.097,0.800,0,0,eGFP1
4765,13:39:51,0.152,0.997,0,0,eGFP1
4766,13:39:52,0.120,0.822,0,0,eGFP1
4767,13:39:53,0.131,0.778,0,0,eGFP1
4768,13:39:56,0.154,3.029,0,0,eGFP1
4769,13:39:57,0.164,0.724,0,0,eGFP1
4770,13:39:57,0.109,0.690,0,0,eGFP1
4771,13:39:58,0.087,0.592,0,0,eGFP1
4772,13:39:59,0.120,0.734,0,0,eGFP1
4773,13:39:59,0.120,0.669,0,0,eGFP1
4774,13:40:00,0.108,0.635,0,0,eGFP1
4775,13:40:01,0.099,0.802,0,0,eGFP1
4776,13:40:02,0.625,1.075,0,0,eGFP1
4777,13:40:09,0.570,6.924,0,0,eGFP1
4778,13:40:10,0.208,0.822,0,0,eGFP1
4779,13:40:10,0.120,0.724,0,0,eGFP1
4780,13:40:11,0.119,0.800,0,0,eGFP1
4781,13:40:12,0.120,0.778,0,0,eGFP1
4782,13:40:13,0.120,0.745,0,0,eGFP1
4783,13:40:13,0.098,0.669,0,0,eGFP1
4784,13:40:14,0.165,0.900,0,0,eGFP1
4785,13:40:15,0.120,0.910,0,0,eGFP1
4786,13:40:16,0.153,0.778,0,0,eGFP1
4787,13:40:17,0.120,0.746,0,0,eGFP1
4788,13:40:18,0.142,1.195,0,0,eGFP1
4789,13:40:19,0.154,0.813,0,0,eGFP1
4790,13:40:19,0.108,0.822,0,0,eGFP1
4791,13:40:20,0.152,0.800,0,0,eGFP1
4792,13:40:21,0.110,0.746,0,0,eGFP1
4793,13:40:22,0.109,0.701,0,0,eGFP1
4794,13:40:22,0.120,0.713,0,0,eGFP1
4795,13:40:23,0.097,0.668,0,0,eGFP1
4796,13:40:24,0.142,1.053,0,0,eGFP1
4797,13:40:25,0.141,0.920,0,0,eGFP1
4798,13:40:26,0.131,0.855,0,0,eGFP1
4799,13:40:27,0.120,0.724,0,0,eGFP1
4800,13:40:27,0.119,0.822,0,0,eGFP1
4801,13:40:28,0.143,0.878,0,0,eGFP1
4802,13:40:29,0.164,0.921,0,0,eGFP1
4803,13:40:30,0.110,0.769,0,0,eGFP1
4804,13:40:31,0.120,0.745,0,0,eGFP1
4805,13:40:31,0.109,0.625,0,0,eGFP1
4806,13:40:32,0.087,0.647,0,0,eGFP1
4807,13:40:33,0.131,0.745,0,0,eGFP1
4808,13:40:33,0.099,0.625,0,0,eGFP1
4809,13:40:34,0.100,0.879,0,0,eGFP1
4810,13:40:35,0.197,0.833,0,0,eGFP1
4811,13:40:36,0.098,0.636,0,0,eGFP1
4812,13:40:36,0.120,0.746,0,0,eGFP1
4813,13:40:37,0.098,0.603,0,0,eGFP1
4814,13:40:38,0.131,0.943,0,0,eGFP1
4815,13:40:39,0.142,1.086,0,0,eGFP1
4816,13:40:40,0.121,0.725,0,0,eGFP1
4817,13:40:40,0.099,0.593,0,0,eGFP1
4818,13:40:41,0.098,0.614,0,0,eGFP1
4819,13:40:42,0.109,0.658,0,0,eGFP1
4820,13:40:42,0.087,0.559,0,0,eGFP1
4821,13:40:43,0.098,0.690,0,0,eGFP1
4822,13:40:44,0.110,0.669,0,0,eGFP1
4823,13:40:44,0.098,0.680,0,0,eGFP1
4824,13:40:45,0.131,0.746,0,0,eGFP1
4825,13:40:46,0.121,0.637,0,0,eGFP1
4826,13:40:46,0.109,0.702,0,0,eGFP1
4827,13:40:47,0.098,0.591,0,0,eGFP1
4828,13:40:48,0.120,0.702,0,0,eGFP1
4829,13:40:48,0.109,0.734,0,0,eGFP1
4830,13:40:49,0.133,0.890,0,0,eGFP1
4831,13:40:50,0.131,0.756,0,0,eGFP1
4832,13:40:51,0.153,0.921,0,0,eGFP1
4833,13:40:52,0.120,0.768,0,0,eGFP1
4834,13:40:53,0.121,0.835,0,0,eGFP1
4835,13:40:53,0.164,0.822,0,0,eGFP1
4836,13:40:54,0.099,0.746,0,0,eGFP1
4837,13:40:55,0.142,0.867,0,0,eGFP1
4838,13:40:56,0.142,0.866,0,0,eGFP1
4839,13:41:01,0.175,4.960,0,0,eGFP1
4840,13:41:01,0.109,0.647,0,0,eGFP1
4841,13:41:02,0.098,0.614,0,0,eGFP1
4842,13:41:03,0.111,0.747,0,0,eGFP1
4843,13:41:04,0.241,1.152,0,0,eGFP1
4844,13:41:05,0.111,0.649,0,0,eGFP1
4845,13:41:05,0.087,0.548,0,0,eGFP1
4846,13:41:06,0.087,0.548,0,0,eGFP1
4847,13:41:06,0.088,0.669,0,0,eGFP1
4848,13:41:07,0.110,0.592,0,0,eGFP1
4849,13:41:08,0.088,0.582,0,0,eGFP1
4850,13:41:08,0.111,0.648,0,0,eGFP1
4851,13:41:09,0.110,0.691,0,0,eGFP1
4852,13:41:10,0.132,0.856,0,0,eGFP1
4853,13:41:11,0.142,0.823,0,0,eGFP1
4854,13:41:11,0.120,0.625,0,0,eGFP1
4855,13:41:12,0.087,0.581,0,0,eGFP1
4856,13:41:13,0.132,1.306,0,0,eGFP1
4857,13:41:14,0.142,0.768,0,0,eGFP1
4858,13:41:15,0.134,0.781,0,0,eGFP1
4859,13:41:15,0.099,0.582,0,0,eGFP1
4860,13:41:16,0.120,0.669,0,0,eGFP1
4861,13:41:16,0.087,0.559,0,0,eGFP1
4862,13:41:17,0.088,0.592,0,0,eGFP1
4863,13:41:18,0.143,0.779,0,0,eGFP1
4864,13:41:18,0.099,0.593,0,0,eGFP1
4865,13:41:19,0.142,0.724,0,0,eGFP1
4866,13:41:20,0.098,0.779,0,0,eGFP1
4867,13:41:21,0.132,0.736,0,0,eGFP1
4868,13:41:21,0.098,0.625,0,0,eGFP1
4869,13:41:22,0.088,0.560,0,0,eGFP1
4870,13:41:23,0.087,0.724,0,0,eGFP1
4871,13:41:24,0.197,1.086,0,0,eGFP1
4872,13:41:25,0.144,0.879,0,0,eGFP1
4873,13:41:25,0.121,0.702,0,0,eGFP1
4874,13:41:26,0.099,0.615,0,0,eGFP1
4875,13:41:26,0.099,0.637,0,0,eGFP1
4876,13:41:27,0.132,0.702,0,0,eGFP1
4877,13:41:28,0.088,0.615,0,0,eGFP1
4878,13:41:29,0.131,0.954,0,0,eGFP1
4879,13:41:30,0.132,0.867,0,0,eGFP1
4880,13:41:31,0.132,1.032,0,0,eGFP1
4881,13:41:32,0.208,0.877,0,0,eGFP1
4882,13:41:32,0.132,0.790,0,0,eGFP1
4883,13:41:33,0.100,0.638,0,0,eGFP1
4884,13:41:34,0.099,0.669,0,0,eGFP1
4885,13:41:34,0.132,0.703,0,0,eGFP1
4886,13:41:35,0.111,0.780,0,0,eGFP1
4887,13:41:36,0.197,1.042,0,0,eGFP1
4888,13:41:37,0.121,0.703,0,0,eGFP1
4889,13:41:38,0.121,0.812,0,0,eGFP1
4890,13:41:38,0.132,0.801,0,0,eGFP1
4891,13:41:39,0.111,0.747,0,0,eGFP1
4892,13:41:40,0.132,0.746,0,0,eGFP1
4893,13:41:41,0.110,0.603,0,0,eGFP1
4894,13:41:41,0.099,0.560,0,0,eGFP1
4895,13:41:42,0.087,0.581,0,0,eGFP1
4896,13:41:43,0.098,0.823,0,0,eGFP1
4897,13:41:43,0.131,0.625,0,0,eGFP1
4898,13:41:44,0.087,0.702,0,0,eGFP1
4899,13:41:45,0.109,0.636,0,0,eGFP1
4900,13:41:45,0.099,0.801,0,0,eGFP1
4901,13:41:48,0.164,2.260,0,0,eGFP1
4902,13:41:48,0.110,0.658,0,0,eGFP1
4903,13:41:49,0.110,0.614,0,0,eGFP1
4904,13:41:49,0.088,0.527,0,0,eGFP1
4905,13:41:50,0.087,0.570,0,0,eGFP1
4906,13:41:51,0.088,0.647,0,0,eGFP1
4907,13:41:51,0.176,0.900,0,0,eGFP1
4908,13:41:52,0.122,0.659,0,0,eGFP1
4909,13:41:53,0.088,0.604,0,0,eGFP1
4910,13:41:54,0.142,1.064,0,0,eGFP1
4911,13:41:55,0.131,0.713,0,0,eGFP1
4912,13:41:56,0.131,1.251,0,0,eGFP1
4913,13:41:57,0.209,1.350,0,0,eGFP1
4914,13:41:58,0.154,0.835,0,0,eGFP1
4915,13:41:59,0.132,0.845,0,0,eGFP1
4916,13:41:59,0.111,0.627,0,0,eGFP1
4917,13:42:00,0.143,0.779,0,0,eGFP1
4918,13:42:01,0.099,0.593,0,0,eGFP1
4919,13:42:01,0.088,0.681,0,0,eGFP1
4920,13:42:02,0.132,0.757,0,0,eGFP1
4921,13:42:03,0.165,1.120,0,0,eGFP1
4922,13:42:05,0.154,1.152,0,0,eGFP1
4923,13:42:06,0.176,1.208,0,0,eGFP1
4924,13:42:07,0.241,1.525,0,0,eGFP1
4925,13:42:08,0.186,1.207,0,0,eGFP1
4926,13:42:09,0.132,0.878,0,0,eGFP1
4927,13:42:10,0.100,0.594,0,0,eGFP1
4928,13:42:11,0.121,0.747,0,0,eGFP1
4929,13:42:11,0.099,0.647,0,0,eGFP1
4930,13:42:12,0.144,0.725,0,0,eGFP1
4931,13:42:13,0.077,0.527,0,0,eGFP1
4932,13:42:13,0.099,0.670,0,0,eGFP1
4933,13:42:14,0.122,0.693,0,0,eGFP1
4934,13:42:15,0.110,0.703,0,0,eGFP1
4935,13:42:15,0.099,0.560,0,0,eGFP1
4936,13:42:17,0.088,2.206,0,0,eGFP1
4937,13:42:18,0.099,0.593,0,0,eGFP1
4938,13:42:19,0.099,0.615,0,0,eGFP1
4939,13:42:19,0.099,0.801,0,0,eGFP1
4940,13:42:20,0.121,0.659,0,0,eGFP1
4941,13:42:21,0.091,0.541,0,0,eGFP1
4942,13:42:21,0.088,0.516,0,0,eGFP1
4943,13:42:22,0.088,0.802,0,0,eGFP1
4944,13:42:23,0.209,0.900,0,0,eGFP1
4945,13:42:23,0.099,0.637,0,0,eGFP1
4946,13:42:24,0.110,0.615,0,0,eGFP1
4947,13:42:25,0.088,0.692,0,0,eGFP1
4948,13:42:26,0.187,0.955,0,0,eGFP1
4949,13:42:26,0.122,0.616,0,0,eGFP1
4950,13:42:27,0.121,0.769,0,0,eGFP1
4951,13:42:28,0.110,0.604,0,0,eGFP1
4952,13:42:28,0.088,0.637,0,0,eGFP1
4953,13:42:29,0.187,1.076,0,0,eGFP1
4954,13:42:30,0.110,0.757,0,0,eGFP1
4955,13:42:31,0.123,0.716,0,0,eGFP1
4956,13:42:32,0.121,0.615,0,0,eGFP1
4957,13:42:32,0.077,0.560,0,0,eGFP1
4958,13:42:33,0.112,0.737,0,0,eGFP1
4959,13:42:34,0.132,1.251,0,0,eGFP1
4960,13:42:35,0.165,0.955,0,0,eGFP1
4961,13:42:43,0.198,8.439,0,0,eGFP1
4962,13:42:51,1.273,7.748,0,0,eGFP1
4963,13:46:04,1.986,192.616,0,0,eGFP1
4964,13:46:05,0.132,0.747,0,0,eGFP1
4965,13:46:05,0.186,0.779,0,0,eGFP1
4966,13:46:06,0.243,0.913,0,0,eGFP1
4967,13:46:07,0.110,0.933,0,0,eGFP1
4968,13:46:08,0.286,0.977,0,0,eGFP1
4969,13:46:14,0.101,6.137,0,0,eGFP1
4970,13:46:17,0.396,2.415,0,0,eGFP1
4971,13:46:18,0.176,1.197,0,0,eGFP1
4972,13:46:19,0.176,0.736,0,0,eGFP1
4973,13:46:21,0.110,1.866,0,0,eGFP1
4974,13:46:22,0.145,1.045,0,0,eGFP1
4975,13:46:23,0.132,1.142,0,0,eGFP1
4976,13:46:23,0.121,0.670,0,0,eGFP1
4977,13:46:25,0.275,1.427,0,0,eGFP1
4978,13:46:25,0.100,0.615,0,0,eGFP1
4979,13:46:27,0.155,1.208,0,0,eGFP1
4980,13:46:27,0.111,0.638,0,0,eGFP1
4981,13:46:28,0.132,1.120,0,0,eGFP1
4982,13:46:29,0.135,0.618,0,0,eGFP1
4983,13:46:30,0.077,0.571,0,0,eGFP1
4984,13:46:30,0.111,0.758,0,0,eGFP1
4985,13:46:31,0.133,0.692,0,0,eGFP1
4986,13:46:32,0.111,0.824,0,0,eGFP1
4987,13:46:32,0.111,0.539,0,0,eGFP1
4988,13:46:33,0.088,0.791,0,0,eGFP1
4989,13:46:34,0.187,1.032,0,0,eGFP1
4990,13:46:35,0.100,0.582,0,0,eGFP1
4991,13:46:35,0.112,0.694,0,0,eGFP1
4992,13:46:36,0.132,0.736,0,0,eGFP1
4993,13:46:37,0.111,0.648,0,0,eGFP1
4994,13:46:37,0.100,0.627,0,0,eGFP1
4995,13:46:38,0.121,0.769,0,0,eGFP1
4996,13:46:39,0.101,0.660,0,0,eGFP1
4997,13:46:40,0.111,0.912,0,0,eGFP1
4998,13:46:41,0.166,0.758,0,0,eGFP1
4999,13:46:41,0.090,0.573,0,0,eGFP1
5000,13:46:42,0.100,0.648,0,0,eGFP1
5001,13:46:43,0.144,0.802,0,0,eGFP1
5002,13:46:43,0.100,0.572,0,0,eGFP1
5003,13:46:44,0.122,0.780,0,0,eGFP1
5004,13:46:45,0.100,0.572,0,0,eGFP1
5005,13:46:45,0.110,0.736,0,0,eGFP1
5006,13:46:46,0.099,0.604,0,0,eGFP1
5007,13:46:46,0.112,0.617,0,0,eGFP1
5008,13:46:47,0.100,0.649,0,0,eGFP1
5009,13:46:48,0.099,0.626,0,0,eGFP1
5010,13:46:48,0.112,0.715,0,0,eGFP1
5011,13:46:49,0.099,0.615,0,0,eGFP1
5012,13:46:50,0.110,0.692,0,0,eGFP1
5013,13:46:50,0.099,0.549,0,0,eGFP1
5014,13:46:51,0.088,0.604,0,0,eGFP1
5015,13:46:52,0.122,0.737,0,0,eGFP1
5016,13:46:52,0.099,0.637,0,0,eGFP1
5017,13:46:54,0.099,2.129,0,0,eGFP1
5018,13:46:55,0.100,0.626,0,0,eGFP1
5019,13:46:56,0.121,0.714,0,0,eGFP1
5020,13:46:56,0.110,0.637,0,0,eGFP1
5021,13:46:57,0.099,0.692,0,0,eGFP1
5022,13:46:58,0.110,0.626,0,0,eGFP1
5023,13:46:58,0.088,0.549,0,0,eGFP1
5024,13:46:59,0.102,0.826,0,0,eGFP1
5025,13:47:00,0.121,0.692,0,0,eGFP1
5026,13:47:00,0.110,0.659,0,0,eGFP1
5027,13:47:02,0.209,1.658,0,0,eGFP1
5028,13:47:03,0.132,0.692,0,0,eGFP1
5029,13:47:04,0.099,0.758,0,0,eGFP1
5030,13:47:04,0.154,0.724,0,0,eGFP1
5031,13:47:05,0.089,0.506,0,0,eGFP1
5032,13:47:05,0.079,0.551,0,0,eGFP1
5033,13:47:06,0.111,0.638,0,0,eGFP1
5034,13:47:06,0.089,0.506,0,0,eGFP1
5035,13:47:07,0.100,0.967,0,0,eGFP1
5036,13:47:08,0.121,0.593,0,0,eGFP1
5037,13:47:09,0.100,0.759,0,0,eGFP1
5038,13:47:09,0.112,0.639,0,0,eGFP1
5039,13:47:10,0.100,0.583,0,0,eGFP1
5040,13:47:11,0.101,0.672,0,0,eGFP1
5041,13:47:11,0.100,0.549,0,0,eGFP1
5042,13:47:12,0.100,0.627,0,0,eGFP1
5043,13:47:13,0.111,0.671,0,0,eGFP1
5044,13:47:13,0.089,0.572,0,0,eGFP1
5045,13:47:14,0.100,0.670,0,0,eGFP1
5046,13:47:15,0.155,1.088,0,0,eGFP1
5047,13:47:15,0.111,0.605,0,0,eGFP1
5048,13:47:16,0.101,0.606,0,0,eGFP1
5049,13:47:17,0.100,0.638,0,0,eGFP1
5050,13:47:17,0.100,0.660,0,0,eGFP1
5051,13:47:18,0.100,0.627,0,0,eGFP1
5052,13:47:19,0.103,0.684,0,0,eGFP1
5053,13:47:19,0.122,0.737,0,0,eGFP1
5054,13:47:20,0.100,0.550,0,0,eGFP1
5055,13:47:21,0.089,0.693,0,0,eGFP1
5056,13:47:22,0.144,0.999,0,0,eGFP1
5057,13:47:22,0.124,0.629,0,0,eGFP1
5058,13:47:23,0.089,0.627,0,0,eGFP1
5059,13:47:24,0.100,0.583,0,0,eGFP1
5060,13:47:24,0.100,0.648,0,0,eGFP1
5061,13:47:25,0.122,0.649,0,0,eGFP1
5062,13:47:25,0.100,0.528,0,0,eGFP1
5063,13:47:26,0.090,0.693,0,0,eGFP1
5064,13:47:27,0.133,0.693,0,0,eGFP1
5065,13:47:27,0.090,0.628,0,0,eGFP1
5066,13:47:28,0.132,0.933,0,0,eGFP1
5067,13:47:29,0.144,0.715,0,0,eGFP1
5068,13:47:30,0.089,0.726,0,0,eGFP1
5069,13:47:30,0.133,0.671,0,0,eGFP1
5070,13:47:31,0.100,0.637,0,0,eGFP1
5071,13:47:32,0.112,0.627,0,0,eGFP1
5072,13:47:32,0.112,0.726,0,0,eGFP1
5073,13:47:33,0.113,0.596,0,0,eGFP1
5074,13:47:34,0.078,0.638,0,0,eGFP1
5075,13:47:34,0.122,0.703,0,0,eGFP1
5076,13:47:35,0.101,0.605,0,0,eGFP1
5077,13:47:36,0.090,0.606,0,0,eGFP1
5078,13:47:36,0.111,0.616,0,0,eGFP1
5079,13:47:37,0.112,0.924,0,0,eGFP1
5080,13:47:39,0.847,1.626,0,0,eGFP1
5081,13:47:39,0.102,0.530,0,0,eGFP1
5082,13:47:40,0.078,0.692,0,0,eGFP1
5083,13:47:41,0.134,0.627,0,0,eGFP1
5084,13:47:41,0.079,0.770,0,0,eGFP1
5085,13:47:42,0.133,0.638,0,0,eGFP1
5086,13:47:42,0.079,0.507,0,0,eGFP1
5087,13:47:43,0.111,0.736,0,0,eGFP1
5088,13:47:44,0.123,0.649,0,0,eGFP1
5089,13:47:44,0.101,0.573,0,0,eGFP1
5090,13:47:45,0.093,0.576,0,0,eGFP1
5091,13:47:46,0.100,0.692,0,0,eGFP1
5092,13:47:46,0.122,0.605,0,0,eGFP1
5093,13:47:47,0.092,0.663,0,0,eGFP1
5094,13:47:48,0.132,0.670,0,0,eGFP1
5095,13:47:48,0.089,0.594,0,0,eGFP1
5096,13:47:49,0.132,0.725,0,0,eGFP1
5097,13:47:50,0.100,0.692,0,0,eGFP1
5098,13:47:52,0.146,2.033,0,0,eGFP1
5099,13:47:52,0.167,0.781,0,0,eGFP1
5100,13:47:53,0.112,0.616,0,0,eGFP1
5101,13:47:54,0.101,0.606,0,0,eGFP1
5102,13:47:54,0.100,0.583,0,0,eGFP1
5103,13:47:55,0.100,0.616,0,0,eGFP1
5104,13:47:56,0.123,0.913,0,0,eGFP1
5105,13:47:56,0.122,0.594,0,0,eGFP1
5106,13:47:57,0.091,0.607,0,0,eGFP1
5107,13:47:58,0.101,0.628,0,0,eGFP1
5108,13:47:58,0.112,0.606,0,0,eGFP1
5109,13:47:59,0.100,0.715,0,0,eGFP1
5110,13:47:59,0.089,0.528,0,0,eGFP1
5111,13:48:00,0.079,0.616,0,0,eGFP1
5112,13:48:02,0.145,2.131,0,0,eGFP1
5113,13:48:03,0.112,0.792,0,0,eGFP1
5114,13:48:04,0.288,1.078,0,0,eGFP1
5115,13:48:05,0.101,0.562,0,0,eGFP1
5116,13:48:05,0.090,0.671,0,0,eGFP1
5117,13:48:06,0.123,0.627,0,0,eGFP1
5118,13:48:07,0.101,0.562,0,0,eGFP1
5119,13:48:07,0.090,0.539,0,0,eGFP1
5120,13:48:08,0.101,0.529,0,0,eGFP1
5121,13:48:08,0.112,0.869,0,0,eGFP1
5122,13:48:09,0.111,0.561,0,0,eGFP1
5123,13:48:10,0.079,0.661,0,0,eGFP1
5124,13:48:10,0.133,0.736,0,0,eGFP1
5125,13:48:11,0.089,0.550,0,0,eGFP1
5126,13:48:12,0.089,0.550,0,0,eGFP1
5127,13:48:12,0.089,0.670,0,0,eGFP1
5128,13:48:14,0.188,1.560,0,0,eGFP1
5129,13:48:15,0.264,0.978,0,0,eGFP1
5130,13:48:17,0.099,2.733,0,0,eGFP1
5131,13:48:18,0.123,0.628,0,0,eGFP1
5132,13:48:19,0.100,0.583,0,0,eGFP1
5133,13:48:19,0.100,0.572,0,0,eGFP1
5134,13:48:20,0.112,0.649,0,0,eGFP1
5135,13:48:21,0.113,0.617,0,0,eGFP1
5136,13:48:21,0.079,0.507,0,0,eGFP1
5137,13:48:22,0.079,0.496,0,0,eGFP1
5138,13:48:22,0.101,0.573,0,0,eGFP1
5139,13:48:23,0.091,0.574,0,0,eGFP1
5140,13:48:23,0.098,0.680,0,0,eGFP1
5141,13:48:24,0.119,0.656,0,0,eGFP1
5142,13:48:25,0.108,0.613,0,0,eGFP1
5143,13:48:25,0.097,0.624,0,0,eGFP1
5144,13:48:26,0.097,0.667,0,0,eGFP1
5145,13:48:26,0.108,0.591,0,0,eGFP1
5146,13:48:27,0.097,0.635,0,0,eGFP1
5147,13:48:28,0.098,0.603,0,0,eGFP1
5148,13:48:28,0.086,0.558,0,0,eGFP1
5149,13:48:29,0.109,0.647,0,0,eGFP1
5150,13:48:30,0.097,0.656,0,0,eGFP1
5151,13:48:30,0.130,0.898,0,0,eGFP1
5152,13:48:31,0.152,0.756,0,0,eGFP1
5153,13:48:32,0.119,0.711,0,0,eGFP1
5154,13:48:33,0.130,0.723,0,0,eGFP1
5155,13:48:33,0.108,0.733,0,0,eGFP1
5156,13:48:34,0.132,0.702,0,0,eGFP1
5157,13:48:35,0.097,0.613,0,0,eGFP1
5158,13:48:35,0.108,0.635,0,0,eGFP1
5159,13:48:36,0.086,0.613,0,0,eGFP1
5160,13:48:37,0.108,0.634,0,0,eGFP1
5161,13:48:37,0.097,0.591,0,0,eGFP1
5162,13:48:38,0.099,0.625,0,0,eGFP1
5163,13:48:38,0.108,0.635,0,0,eGFP1
5164,13:48:39,0.110,0.603,0,0,eGFP1
5165,13:48:40,0.108,0.921,0,0,eGFP1
5166,13:48:41,0.151,0.733,0,0,eGFP1
5167,13:48:41,0.086,0.558,0,0,eGFP1
5168,13:48:42,0.097,0.646,0,0,eGFP1
5169,13:48:43,0.108,0.635,0,0,eGFP1
5170,13:48:43,0.097,0.569,0,0,eGFP1
5171,13:48:44,0.097,0.602,0,0,eGFP1
5172,13:48:44,0.098,0.658,0,0,eGFP1
5173,13:48:45,0.108,0.624,0,0,eGFP1
5174,13:48:46,0.097,0.591,0,0,eGFP1
5175,13:48:46,0.086,0.624,0,0,eGFP1
5176,13:48:47,0.109,0.658,0,0,eGFP1
5177,13:48:47,0.097,0.580,0,0,eGFP1
5178,13:48:48,0.086,0.602,0,0,eGFP1
5179,13:48:49,0.174,0.964,0,0,eGFP1
5180,13:48:50,0.141,0.646,0,0,eGFP1
5181,13:48:50,0.085,0.535,0,0,eGFP1
5182,13:48:51,0.097,0.755,0,0,eGFP1
5183,13:48:52,0.163,0.833,0,0,eGFP1
5184,13:48:52,0.086,0.580,0,0,eGFP1
5185,13:48:53,0.130,0.898,0,0,eGFP1
5186,13:48:54,0.098,0.569,0,0,eGFP1
5187,13:48:54,0.087,0.548,0,0,eGFP1
5188,13:48:55,0.086,0.602,0,0,eGFP1
5189,13:48:56,0.098,0.614,0,0,eGFP1
5190,13:48:56,0.088,0.570,0,0,eGFP1
5191,13:48:57,0.098,0.592,0,0,eGFP1
5192,13:48:57,0.086,0.580,0,0,eGFP1
5193,13:48:58,0.108,0.635,0,0,eGFP1
5194,13:48:59,0.097,0.558,0,0,eGFP1
5195,13:48:59,0.086,0.525,0,0,eGFP1
5196,13:49:00,0.087,0.712,0,0,eGFP1
5197,13:49:01,0.197,1.119,0,0,eGFP1
5198,13:49:02,0.109,0.624,0,0,eGFP1
5199,13:49:02,0.098,0.570,0,0,eGFP1
5200,13:49:03,0.097,0.624,0,0,eGFP1
5201,13:49:03,0.108,0.580,0,0,eGFP1
5202,13:49:04,0.097,0.613,0,0,eGFP1
5203,13:49:06,0.108,1.985,0,0,eGFP1
5204,13:49:06,0.110,0.592,0,0,eGFP1
5205,13:49:07,0.110,0.670,0,0,eGFP1
5206,13:49:08,0.108,0.591,0,0,eGFP1
5207,13:49:08,0.086,0.536,0,0,eGFP1
5208,13:49:09,0.087,0.570,0,0,eGFP1
5209,13:49:11,0.262,1.919,0,0,eGFP1
5210,13:49:11,0.108,0.613,0,0,eGFP1
5211,13:49:13,0.152,1.304,0,0,eGFP1
5212,13:49:13,0.098,0.756,0,0,eGFP1
5213,13:49:14,0.142,0.679,0,0,eGFP1
5214,13:49:15,0.088,0.505,0,0,eGFP1
5215,13:49:15,0.087,0.548,0,0,eGFP1
5216,13:49:20,0.086,4.552,0,0,eGFP1
5217,13:49:23,0.460,3.401,0,0,eGFP1
5218,13:49:24,0.110,0.615,0,0,eGFP1
5219,13:49:24,0.097,0.613,0,0,eGFP1
5220,13:49:25,0.086,0.536,0,0,eGFP1
5221,13:49:25,0.098,0.614,0,0,eGFP1
5222,13:49:26,0.098,0.570,0,0,eGFP1
5223,13:49:27,0.087,0.548,0,0,eGFP1
5224,13:49:27,0.108,0.624,0,0,eGFP1
5225,13:49:28,0.097,0.558,0,0,eGFP1
5226,13:49:28,0.097,0.591,0,0,eGFP1
5227,13:49:29,0.109,0.657,0,0,eGFP1
5228,13:49:30,0.109,0.745,0,0,eGFP1
5229,13:49:30,0.131,0.624,0,0,eGFP1
5230,13:49:31,0.088,0.516,0,0,eGFP1
5231,13:49:31,0.076,0.570,0,0,eGFP1
5232,13:49:32,0.120,0.680,0,0,eGFP1
5233,13:49:33,0.098,0.537,0,0,eGFP1
5234,13:49:33,0.086,0.591,0,0,eGFP1
5235,13:49:34,0.097,0.591,0,0,eGFP1
5236,13:49:34,0.087,0.558,0,0,eGFP1
5237,13:49:35,0.109,0.636,0,0,eGFP1
5238,13:49:36,0.098,0.526,0,0,eGFP1
5239,13:49:36,0.098,0.658,0,0,eGFP1
5240,13:49:37,0.130,0.668,0,0,eGFP1
5241,13:49:38,0.097,0.646,0,0,eGFP1
5242,13:49:38,0.119,0.613,0,0,eGFP1
5243,13:49:41,0.109,2.380,0,0,eGFP1
5244,13:49:41,0.153,0.778,0,0,eGFP1
5245,13:49:42,0.099,0.593,0,0,eGFP1
5246,13:49:43,0.086,0.547,0,0,eGFP1
5247,13:49:43,0.099,0.725,0,0,eGFP1
5248,13:49:44,0.120,0.591,0,0,eGFP1
5249,13:49:44,0.076,0.526,0,0,eGFP1
5250,13:49:45,0.098,0.559,0,0,eGFP1
5251,13:49:45,0.086,0.547,0,0,eGFP1
5252,13:49:46,0.087,0.537,0,0,eGFP1
5253,13:49:47,0.087,0.635,0,0,eGFP1
5254,13:49:47,0.109,0.581,0,0,eGFP1
5255,13:49:48,0.099,0.593,0,0,eGFP1
5256,13:49:48,0.098,0.592,0,0,eGFP1
5257,13:49:49,0.108,0.624,0,0,eGFP1
5258,13:49:50,0.087,0.548,0,0,eGFP1
5259,13:49:50,0.099,0.670,0,0,eGFP1
5260,13:49:51,0.108,0.580,0,0,eGFP1
5261,13:49:51,0.087,0.603,0,0,eGFP1
5262,13:49:53,0.185,1.634,0,0,eGFP1
5263,13:49:54,0.099,0.571,0,0,eGFP1
5264,13:49:54,0.087,0.537,0,0,eGFP1
5265,13:49:55,0.087,0.526,0,0,eGFP1
5266,13:49:55,0.086,0.668,0,0,eGFP1
5267,13:49:56,0.120,0.614,0,0,eGFP1
5268,13:49:57,0.086,0.547,0,0,eGFP1
5269,13:50:01,0.208,4.499,0,0,eGFP1
5270,13:50:05,0.383,3.532,0,0,eGFP1
5271,13:50:17,0.144,12.105,0,0,eGFP1
5272,13:50:18,0.811,1.514,0,0,eGFP1
5273,13:50:21,0.121,2.557,0,0,eGFP1
5274,13:50:21,0.120,0.614,0,0,eGFP1
5275,13:50:22,0.109,0.822,0,0,eGFP1
5276,13:50:23,0.153,0.723,0,0,eGFP1
5277,13:50:23,0.098,0.493,0,0,eGFP1
5278,13:50:25,0.087,1.854,0,0,eGFP1
5279,13:50:26,0.131,1.075,0,0,eGFP1
5280,13:50:27,0.176,0.746,0,0,eGFP1
5281,13:50:28,0.109,0.636,0,0,eGFP1
5282,13:50:28,0.098,0.504,0,0,eGFP1
5283,13:50:29,0.076,0.537,0,0,eGFP1
5284,13:50:29,0.109,0.702,0,0,eGFP1
5285,13:50:30,0.087,0.493,0,0,eGFP1
5286,13:50:30,0.076,0.449,0,0,eGFP1
5287,13:50:31,0.077,0.461,0,0,eGFP1
5288,13:50:31,0.078,0.516,0,0,eGFP1
5289,13:50:32,0.120,0.779,0,0,eGFP1
5290,13:50:33,0.097,0.536,0,0,eGFP1
5291,13:50:33,0.076,0.570,0,0,eGFP1
5292,13:50:34,0.120,0.636,0,0,eGFP1
5293,13:50:34,0.075,0.449,0,0,eGFP1
5294,13:50:35,0.064,0.460,0,0,eGFP1
5295,13:50:36,0.108,0.789,0,0,eGFP1
5296,13:50:36,0.099,0.549,0,0,eGFP1
5297,13:50:37,0.109,0.647,0,0,eGFP1
5298,13:50:38,0.756,1.371,0,0,eGFP1
5299,13:50:39,0.109,0.756,0,0,eGFP1
5300,13:50:39,0.109,0.537,0,0,eGFP1
5301,13:50:40,0.078,0.462,0,0,eGFP1
5302,13:50:41,0.087,0.658,0,0,eGFP1
5303,13:50:41,0.109,0.581,0,0,eGFP1
5304,13:50:42,0.077,0.428,0,0,eGFP1
5305,13:50:42,0.077,0.461,0,0,eGFP1
5306,13:50:43,0.098,0.778,0,0,eGFP1
5307,13:50:43,0.098,0.559,0,0,eGFP1
5308,13:50:44,0.087,0.526,0,0,eGFP1
5309,13:50:44,0.099,0.516,0,0,eGFP1
5310,13:50:45,0.065,0.449,0,0,eGFP1
5311,13:50:46,0.076,0.669,0,0,eGFP1
5312,13:50:46,0.120,0.559,0,0,eGFP1
5313,13:50:47,0.077,0.472,0,0,eGFP1
5314,13:50:47,0.077,0.538,0,0,eGFP1
5315,13:50:48,0.121,0.714,0,0,eGFP1
5316,13:50:48,0.087,0.460,0,0,eGFP1
5317,13:50:49,0.065,0.482,0,0,eGFP1
5318,13:50:50,0.109,0.823,0,0,eGFP1
5319,13:50:50,0.098,0.504,0,0,eGFP1
5320,13:50:51,0.076,0.471,0,0,eGFP1
5321,13:50:51,0.089,0.561,0,0,eGFP1
5322,13:50:52,0.087,0.504,0,0,eGFP1
5323,13:50:52,0.087,0.537,0,0,eGFP1
5324,13:50:53,0.099,0.625,0,0,eGFP1
5325,13:50:53,0.099,0.527,0,0,eGFP1
5326,13:50:54,0.065,0.471,0,0,eGFP1
5327,13:50:54,0.076,0.504,0,0,eGFP1
5328,13:50:55,0.089,0.495,0,0,eGFP1
5329,13:50:55,0.089,0.528,0,0,eGFP1
5330,13:50:56,0.109,0.690,0,0,eGFP1
5331,13:50:58,0.110,2.129,0,0,eGFP1
5332,13:50:59,0.109,0.548,0,0,eGFP1
5333,13:50:59,0.077,0.603,0,0,eGFP1
5334,13:51:00,0.154,0.757,0,0,eGFP1
5335,13:51:01,0.099,0.505,0,0,eGFP1
5336,13:51:01,0.087,0.581,0,0,eGFP1
5337,13:51:02,0.100,0.583,0,0,eGFP1
5338,13:51:02,0.087,0.537,0,0,eGFP1
5339,13:51:03,0.076,0.449,0,0,eGFP1
5340,13:51:05,0.077,1.942,0,0,eGFP1
5341,13:51:05,0.121,0.626,0,0,eGFP1
5342,13:51:06,0.091,0.574,0,0,eGFP1
5343,13:51:06,0.087,0.471,0,0,eGFP1
5344,13:51:07,0.066,0.461,0,0,eGFP1
5345,13:51:08,0.109,0.833,0,0,eGFP1
5346,13:51:08,0.111,0.582,0,0,eGFP1
5347,13:51:09,0.088,0.581,0,0,eGFP1
5348,13:51:09,0.109,0.592,0,0,eGFP1
5349,13:51:10,0.077,0.461,0,0,eGFP1
5350,13:51:10,0.076,0.493,0,0,eGFP1
5351,13:51:11,0.109,0.691,0,0,eGFP1
5352,13:51:11,0.087,0.504,0,0,eGFP1
5353,13:51:12,0.076,0.559,0,0,eGFP1
5354,13:51:13,0.110,0.626,0,0,eGFP1
5355,13:51:13,0.087,0.493,0,0,eGFP1
5356,13:51:14,0.077,0.549,0,0,eGFP1
5357,13:51:14,0.120,0.702,0,0,eGFP1
5358,13:51:15,0.098,0.526,0,0,eGFP1
5359,13:51:15,0.087,0.482,0,0,eGFP1
5360,13:51:16,0.088,0.647,0,0,eGFP1
5361,13:51:17,0.110,0.603,0,0,eGFP1
5362,13:51:17,0.078,0.484,0,0,eGFP1
5363,13:51:18,0.099,0.812,0,0,eGFP1
5364,13:51:19,0.121,0.593,0,0,eGFP1
5365,13:51:19,0.076,0.482,0,0,eGFP1
5366,13:51:20,0.099,0.681,0,0,eGFP1
5367,13:51:20,0.098,0.526,0,0,eGFP1
5368,13:51:21,0.077,0.439,0,0,eGFP1
5369,13:51:21,0.088,0.735,0,0,eGFP1
5370,13:51:22,0.134,0.639,0,0,eGFP1
5371,13:51:23,0.088,0.560,0,0,eGFP1
5372,13:51:23,0.109,0.768,0,0,eGFP1
5373,13:51:24,0.153,1.053,0,0,eGFP1
5374,13:51:25,0.121,0.593,0,0,eGFP1
5375,13:51:26,0.076,0.515,0,0,eGFP1
5376,13:51:26,0.099,0.692,0,0,eGFP1
5377,13:51:27,0.098,0.548,0,0,eGFP1
5378,13:51:27,0.090,0.540,0,0,eGFP1
5379,13:51:28,0.100,0.594,0,0,eGFP1
5380,13:51:28,0.088,0.472,0,0,eGFP1
5381,13:51:29,0.077,0.472,0,0,eGFP1
5382,13:51:30,0.099,0.680,0,0,eGFP1
5383,13:51:30,0.121,0.637,0,0,eGFP1
5384,13:51:31,0.089,0.637,0,0,eGFP1
5385,13:51:33,0.099,2.557,0,0,eGFP1
5386,13:51:34,0.132,0.604,0,0,eGFP1
5387,13:51:35,0.089,0.583,0,0,eGFP1
5388,13:51:35,0.098,0.570,0,0,eGFP1
5389,13:51:36,0.077,0.527,0,0,eGFP1
5390,13:51:38,0.648,2.206,0,0,eGFP1
5391,13:51:39,0.197,1.042,0,0,eGFP1
5392,13:51:40,0.154,0.692,0,0,eGFP1
5393,13:51:40,0.088,0.538,0,0,eGFP1
5394,13:51:41,0.087,0.483,0,0,eGFP1
5395,13:51:41,0.078,0.615,0,0,eGFP1
5396,13:51:42,0.110,0.582,0,0,eGFP1
5397,13:51:42,0.077,0.428,0,0,eGFP1
5398,13:51:43,0.067,0.430,0,0,eGFP1
5399,13:51:43,0.076,0.691,0,0,eGFP1
5400,13:51:44,0.132,0.670,0,0,eGFP1
5401,13:51:45,0.087,0.493,0,0,eGFP1
5402,13:51:45,0.077,0.494,0,0,eGFP1
5403,13:51:46,0.090,0.507,0,0,eGFP1
5404,13:51:46,0.077,0.516,0,0,eGFP1
5405,13:51:47,0.088,0.494,0,0,eGFP1
5406,13:51:47,0.077,0.603,0,0,eGFP1
5407,13:51:48,0.198,0.933,0,0,eGFP1
5408,13:51:49,0.099,0.527,0,0,eGFP1
5409,13:51:49,0.088,0.527,0,0,eGFP1
5410,13:51:50,0.088,0.472,0,0,eGFP1
5411,13:51:50,0.068,0.562,0,0,eGFP1
5412,13:51:51,0.155,0.824,0,0,eGFP1
5413,13:51:51,0.088,0.483,0,0,eGFP1
5414,13:51:52,0.066,0.505,0,0,eGFP1
5415,13:51:53,0.121,0.824,0,0,eGFP1
5416,13:51:53,0.099,0.505,0,0,eGFP1
5417,13:51:54,0.077,0.483,0,0,eGFP1
5418,13:51:54,0.077,0.549,0,0,eGFP1
5419,13:51:55,0.099,0.593,0,0,eGFP1
5420,13:51:55,0.089,0.473,0,0,eGFP1
5421,13:51:56,0.077,0.549,0,0,eGFP1
5422,13:51:57,0.121,0.735,0,0,eGFP1
5423,13:51:57,0.099,0.560,0,0,eGFP1
5424,13:51:58,0.109,0.658,0,0,eGFP1
5425,13:51:58,0.089,0.550,0,0,eGFP1
5426,13:51:59,0.088,0.549,0,0,eGFP1
5427,13:51:59,0.087,0.483,0,0,eGFP1
5428,13:52:00,0.067,0.429,0,0,eGFP1
5429,13:52:01,0.077,0.879,0,0,eGFP1
5430,13:52:01,0.143,0.636,0,0,eGFP1
5431,13:52:02,0.078,0.484,0,0,eGFP1
5432,13:52:02,0.077,0.527,0,0,eGFP1
5433,13:52:03,0.099,0.714,0,0,eGFP1
5434,13:52:04,0.099,0.538,0,0,eGFP1
5435,13:52:04,0.077,0.505,0,0,eGFP1
5436,13:52:05,0.088,0.648,0,0,eGFP1
5437,13:52:05,0.098,0.537,0,0,eGFP1
5438,13:52:06,0.066,0.450,0,0,eGFP1
5439,13:52:07,0.079,0.693,0,0,eGFP1
5440,13:52:07,0.144,0.670,0,0,eGFP1
5441,13:52:08,0.078,0.451,0,0,eGFP1
5442,13:52:08,0.066,0.483,0,0,eGFP1
5443,13:52:09,0.099,0.703,0,0,eGFP1
5444,13:52:09,0.099,0.604,0,0,eGFP1
5445,13:52:10,0.112,0.616,0,0,eGFP1
5446,13:52:11,0.089,0.517,0,0,eGFP1
5447,13:52:11,0.077,0.472,0,0,eGFP1
5448,13:52:12,0.077,0.659,0,0,eGFP1
5449,13:52:12,0.121,0.681,0,0,eGFP1
5450,13:52:13,0.110,0.615,0,0,eGFP1
5451,13:52:14,0.110,0.670,0,0,eGFP1
5452,13:52:14,0.099,0.626,0,0,eGFP1
5453,13:52:17,0.113,3.163,0,0,eGFP1
5454,13:52:18,0.143,0.637,0,0,eGFP1
5455,13:52:19,0.099,0.593,0,0,eGFP1
5456,13:52:19,0.088,0.537,0,0,eGFP1
5457,13:52:20,0.077,0.538,0,0,eGFP1
5458,13:52:20,0.088,0.505,0,0,eGFP1
5459,13:52:21,0.100,0.692,0,0,eGFP1
5460,13:52:22,0.110,0.593,0,0,eGFP1
5461,13:52:22,0.078,0.473,0,0,eGFP1
5462,13:52:22,0.077,0.428,0,0,eGFP1
5463,13:52:23,0.077,0.560,0,0,eGFP1
5464,13:52:24,0.132,0.736,0,0,eGFP1
5465,13:52:24,0.098,0.548,0,0,eGFP1
5466,13:52:25,0.077,0.451,0,0,eGFP1
5467,13:52:25,0.067,0.561,0,0,eGFP1
5468,13:52:26,0.132,0.703,0,0,eGFP1
5469,13:52:27,0.088,0.604,0,0,eGFP1
5470,13:52:27,0.112,0.628,0,0,eGFP1
5471,13:52:28,0.088,0.483,0,0,eGFP1
5472,13:52:28,0.078,0.725,0,0,eGFP1
5473,13:52:29,0.111,0.583,0,0,eGFP1
5474,13:52:30,0.077,0.681,0,0,eGFP1
5475,13:52:30,0.121,0.670,0,0,eGFP1
5476,13:52:31,0.088,0.495,0,0,eGFP1
5477,13:52:31,0.077,0.538,0,0,eGFP1
5478,13:52:32,0.101,0.704,0,0,eGFP1
5479,13:52:33,0.111,0.561,0,0,eGFP1
5480,13:52:33,0.067,0.440,0,0,eGFP1
5481,13:52:34,0.068,0.430,0,0,eGFP1
5482,13:52:34,0.077,0.560,0,0,eGFP1
5483,13:52:35,0.111,0.682,0,0,eGFP1
5484,13:52:35,0.099,0.637,0,0,eGFP1
5485,13:52:36,0.110,0.736,0,0,eGFP1
5486,13:52:37,0.145,0.836,0,0,eGFP1
5487,13:52:38,0.121,0.571,0,0,eGFP1
5488,13:52:38,0.077,0.494,0,0,eGFP1
5489,13:52:39,0.089,0.560,0,0,eGFP1
5490,13:52:39,0.089,0.561,0,0,eGFP1
5491,13:52:40,0.110,0.757,0,0,eGFP1
5492,13:52:41,0.110,0.582,0,0,eGFP1
5493,13:52:41,0.077,0.538,0,0,eGFP1
5494,13:52:42,0.081,0.695,0,0,eGFP1
5495,13:52:43,0.155,0.890,0,0,eGFP1
5496,13:52:43,0.122,0.616,0,0,eGFP1
5497,13:52:44,0.088,0.637,0,0,eGFP1
5498,13:52:45,0.122,0.659,0,0,eGFP1
5499,13:52:45,0.100,0.583,0,0,eGFP1
5500,13:52:46,0.100,0.671,0,0,eGFP1
5501,13:52:47,0.121,0.725,0,0,eGFP1
5502,13:52:47,0.111,0.605,0,0,eGFP1
5503,13:52:48,0.101,0.616,0,0,eGFP1
5504,13:52:48,0.089,0.495,0,0,eGFP1
5505,13:52:49,0.089,0.539,0,0,eGFP1
5506,13:52:50,0.122,0.879,0,0,eGFP1
5507,13:52:50,0.111,0.594,0,0,eGFP1
5508,13:52:51,0.079,0.485,0,0,eGFP1
5509,13:52:51,0.067,0.506,0,0,eGFP1
5510,13:52:52,0.100,0.846,0,0,eGFP1
5511,13:52:53,0.123,0.562,0,0,eGFP1
5512,13:52:53,0.078,0.440,0,0,eGFP1
5513,13:52:54,0.067,0.517,0,0,eGFP1
5514,13:52:54,0.111,0.692,0,0,eGFP1
5515,13:52:55,0.100,0.572,0,0,eGFP1
5516,13:52:55,0.078,0.572,0,0,eGFP1
5517,13:52:56,0.111,0.703,0,0,eGFP1
5518,13:52:57,0.111,0.627,0,0,eGFP1
5519,13:52:57,0.090,0.496,0,0,eGFP1
5520,13:52:58,0.078,0.473,0,0,eGFP1
5521,13:52:59,0.100,0.802,0,0,eGFP1
5522,13:52:59,0.102,0.541,0,0,eGFP1
5523,13:53:00,0.078,0.473,0,0,eGFP1
5524,13:53:00,0.089,0.780,0,0,eGFP1
5525,13:53:01,0.133,0.638,0,0,eGFP1
5526,13:53:01,0.078,0.473,0,0,eGFP1
5527,13:53:02,0.101,0.759,0,0,eGFP1
5528,13:53:03,0.133,0.638,0,0,eGFP1
5529,13:53:03,0.089,0.561,0,0,eGFP1
5530,13:53:04,0.078,0.484,0,0,eGFP1
5531,13:53:04,0.078,0.484,0,0,eGFP1
5532,13:53:05,0.100,0.791,0,0,eGFP1
5533,13:53:06,0.122,0.638,0,0,eGFP1
5534,13:53:06,0.078,0.506,0,0,eGFP1
5535,13:53:07,0.089,0.726,0,0,eGFP1
5536,13:53:08,0.113,0.662,0,0,eGFP1
5537,13:53:08,0.111,0.649,0,0,eGFP1
5538,13:53:09,0.089,0.484,0,0,eGFP1
5539,13:53:09,0.078,0.528,0,0,eGFP1
5540,13:53:10,0.122,0.769,0,0,eGFP1
5541,13:53:11,0.112,0.661,0,0,eGFP1
5542,13:53:11,0.100,0.594,0,0,eGFP1
5543,13:53:12,0.100,0.539,0,0,eGFP1
5544,13:53:12,0.079,0.529,0,0,eGFP1
5545,13:53:13,0.111,0.813,0,0,eGFP1
5546,13:53:14,0.111,0.561,0,0,eGFP1
5547,13:53:14,0.068,0.463,0,0,eGFP1
5548,13:53:15,0.078,0.692,0,0,eGFP1
5549,13:53:16,0.122,0.649,0,0,eGFP1
5550,13:53:16,0.080,0.497,0,0,eGFP1
5551,13:53:17,0.089,0.583,0,0,eGFP1
5552,13:53:17,0.090,0.672,0,0,eGFP1
5553,13:53:18,0.110,0.582,0,0,eGFP1
5554,13:53:19,0.089,0.637,0,0,eGFP1
5555,13:53:20,0.166,0.978,0,0,eGFP1
5556,13:53:20,0.132,0.824,0,0,eGFP1
5557,13:53:21,0.121,0.659,0,0,eGFP1
5558,13:53:22,0.100,0.681,0,0,eGFP1
5559,13:53:22,0.111,0.659,0,0,eGFP1
5560,13:53:23,0.091,0.607,0,0,eGFP1
5561,13:53:24,0.133,0.890,0,0,eGFP1
5562,13:53:25,0.122,0.704,0,0,eGFP1
5563,13:53:25,0.100,0.693,0,0,eGFP1
5564,13:53:26,0.112,0.682,0,0,eGFP1
5565,13:53:27,0.122,0.747,0,0,eGFP1
5566,13:53:28,0.133,0.824,0,0,eGFP1
5567,13:53:28,0.133,0.802,0,0,eGFP1
5568,13:53:29,0.112,0.705,0,0,eGFP1
5569,13:53:30,0.121,0.758,0,0,eGFP1
5570,13:53:31,0.132,0.714,0,0,eGFP1
5571,13:53:31,0.110,0.736,0,0,eGFP1
5572,13:53:32,0.121,0.780,0,0,eGFP1
5573,13:53:39,3.611,6.574,0,0,eGFP1
5574,13:53:39,0.144,0.791,0,0,eGFP1
5575,13:53:40,0.165,0.868,0,0,eGFP1
5576,13:53:41,0.110,0.670,0,0,eGFP1
5577,13:53:42,0.091,0.695,0,0,eGFP1
5578,13:53:42,0.122,0.649,0,0,eGFP1
5579,13:53:43,0.100,0.912,0,0,eGFP1
5580,13:53:44,0.167,0.792,0,0,eGFP1
5581,13:53:45,0.102,0.618,0,0,eGFP1
5582,13:53:45,0.111,0.660,0,0,eGFP1
5583,13:53:46,0.111,0.638,0,0,eGFP1
5584,13:53:47,0.101,0.627,0,0,eGFP1
5585,13:53:47,0.113,0.695,0,0,eGFP1
5586,13:53:48,0.111,0.605,0,0,eGFP1
5587,13:53:48,0.089,0.649,0,0,eGFP1
5588,13:53:49,0.155,0.869,0,0,eGFP1
5589,13:53:50,0.100,0.616,0,0,eGFP1
5590,13:53:51,0.111,0.726,0,0,eGFP1
5591,13:53:51,0.112,0.628,0,0,eGFP1
5592,13:53:52,0.090,0.595,0,0,eGFP1
5593,13:53:53,0.134,1.023,0,0,eGFP1
5594,13:53:54,0.123,0.693,0,0,eGFP1
5595,13:53:54,0.112,0.792,0,0,eGFP1
5596,13:53:55,0.144,0.989,0,0,eGFP1
5597,13:53:56,0.145,0.935,0,0,eGFP1
5598,13:53:57,0.122,0.649,0,0,eGFP1
5599,13:53:58,0.101,0.616,0,0,eGFP1
5600,13:53:58,0.101,0.628,0,0,eGFP1
5601,13:53:59,0.102,0.573,0,0,eGFP1
5602,13:53:59,0.079,0.573,0,0,eGFP1
5603,13:54:00,0.144,0.978,0,0,eGFP1
5604,13:54:01,0.145,0.913,0,0,eGFP1
5605,13:54:02,0.113,0.607,0,0,eGFP1
5606,13:54:03,0.089,0.671,0,0,eGFP1
5607,13:54:03,0.111,0.550,0,0,eGFP1
5608,13:54:04,0.090,0.551,0,0,eGFP1
5609,13:54:04,0.113,0.705,0,0,eGFP1
5610,13:54:05,0.101,0.562,0,0,eGFP1
5611,13:54:05,0.089,0.517,0,0,eGFP1
5612,13:54:07,0.112,1.813,0,0,eGFP1
5613,13:54:08,0.111,0.616,0,0,eGFP1
5614,13:54:09,0.112,0.682,0,0,eGFP1
5615,13:54:09,0.101,0.628,0,0,eGFP1
5616,13:54:10,0.100,0.627,0,0,eGFP1
5617,13:54:10,0.105,0.588,0,0,eGFP1
5618,13:54:11,0.100,0.550,0,0,eGFP1
5619,13:54:12,0.079,0.573,0,0,eGFP1
5620,13:54:12,0.111,0.615,0,0,eGFP1
5621,13:54:13,0.100,0.539,0,0,eGFP1
5622,13:54:13,0.101,0.737,0,0,eGFP1
5623,13:54:14,0.166,0.802,0,0,eGFP1
5624,13:54:15,0.089,0.572,0,0,eGFP1
5625,13:54:15,0.091,0.585,0,0,eGFP1
5626,13:54:16,0.090,0.529,0,0,eGFP1
5627,13:54:19,0.090,2.636,0,0,eGFP1
5628,13:54:19,0.111,0.583,0,0,eGFP1
5629,13:54:20,0.101,0.748,0,0,eGFP1
5630,13:54:21,0.112,0.650,0,0,eGFP1
5631,13:54:21,0.100,0.583,0,0,eGFP1
5632,13:54:22,0.088,0.659,0,0,eGFP1
5633,13:54:23,0.165,0.955,0,0,eGFP1
5634,13:54:24,0.108,0.832,0,0,eGFP1
5635,13:54:24,0.185,0.855,0,0,eGFP1
5636,13:54:25,0.086,0.503,0,0,eGFP1
5637,13:54:26,0.097,0.678,0,0,eGFP1
5638,13:54:26,0.108,0.558,0,0,eGFP1
5639,13:54:27,0.086,0.591,0,0,eGFP1
5640,13:54:27,0.119,0.656,0,0,eGFP1
5641,13:54:29,0.119,1.414,0,0,eGFP1
5642,13:54:30,0.230,0.988,0,0,eGFP1
5643,13:54:31,0.108,0.711,0,0,eGFP1
5644,13:54:31,0.108,0.657,0,0,eGFP1
5645,13:54:32,0.108,0.744,0,0,eGFP1
5646,13:54:33,0.108,0.602,0,0,eGFP1
5647,13:54:33,0.087,0.603,0,0,eGFP1
5648,13:54:34,0.119,0.613,0,0,eGFP1
5649,13:54:34,0.097,0.591,0,0,eGFP1
5650,13:54:35,0.120,0.669,0,0,eGFP1
5651,13:54:36,0.097,0.591,0,0,eGFP1
5652,13:54:36,0.097,0.613,0,0,eGFP1
5653,13:54:37,0.119,0.821,0,0,eGFP1
5654,13:54:38,0.207,1.172,0,0,eGFP1
5655,13:54:39,0.119,0.646,0,0,eGFP1
5656,13:54:39,0.097,0.613,0,0,eGFP1
5657,13:54:40,0.097,0.591,0,0,eGFP1
5658,13:54:41,0.087,0.592,0,0,eGFP1
5659,13:54:41,0.108,0.558,0,0,eGFP1
5660,13:54:42,0.075,0.536,0,0,eGFP1
5661,13:54:42,0.107,0.623,0,0,eGFP1
5662,13:54:43,0.097,0.591,0,0,eGFP1
5663,13:54:43,0.086,0.492,0,0,eGFP1
5664,13:54:44,0.087,0.602,0,0,eGFP1
5665,13:54:44,0.207,0.449,0,0,eGFP1
5666,13:54:49,2.041,4.038,0,0,eGFP1
5667,13:54:49,0.119,0.624,0,0,eGFP1
5668,13:54:50,0.097,0.591,0,0,eGFP1
5669,13:54:50,0.097,0.547,0,0,eGFP1
5670,13:54:51,0.086,0.525,0,0,eGFP1
5671,13:54:51,0.086,0.525,0,0,eGFP1
5672,13:54:52,0.086,0.525,0,0,eGFP1
5673,13:54:52,0.086,0.536,0,0,eGFP1
5674,13:54:53,0.089,0.528,0,0,eGFP1
5675,13:54:54,0.086,1.337,0,0,eGFP1
5676,13:54:55,0.174,0.811,0,0,eGFP1
5677,13:54:56,0.097,0.558,0,0,eGFP1
5678,13:54:56,0.097,0.613,0,0,eGFP1
5679,13:54:57,0.097,0.580,0,0,eGFP1
5680,13:54:57,0.097,0.569,0,0,eGFP1
5681,13:54:58,0.097,0.569,0,0,eGFP1
5682,13:54:58,0.088,0.537,0,0,eGFP1
5683,13:54:59,0.098,0.537,0,0,eGFP1
5684,13:55:00,0.086,0.536,0,0,eGFP1
5685,13:55:00,0.108,0.634,0,0,eGFP1
5686,13:55:01,0.087,0.591,0,0,eGFP1
5687,13:55:01,0.109,0.668,0,0,eGFP1
5688,13:55:02,0.088,0.626,0,0,eGFP1
5689,13:55:03,0.130,1.271,0,0,eGFP1
5690,13:55:04,0.110,0.603,0,0,eGFP1
5691,13:55:05,0.098,0.581,0,0,eGFP1
5692,13:55:05,0.097,0.547,0,0,eGFP1
5693,13:55:06,0.086,0.514,0,0,eGFP1
5694,13:55:06,0.087,0.537,0,0,eGFP1
5695,13:55:07,0.119,0.733,0,0,eGFP1
5696,13:55:07,0.098,0.559,0,0,eGFP1
5697,13:55:08,0.097,0.635,0,0,eGFP1
5698,13:55:09,0.097,0.503,0,0,eGFP1
5699,13:55:11,0.097,2.182,0,0,eGFP1
5700,13:55:11,0.086,0.602,0,0,eGFP1
5701,13:55:12,0.108,0.635,0,0,eGFP1
5702,13:55:13,0.088,0.571,0,0,eGFP1
5703,13:55:13,0.097,0.580,0,0,eGFP1
5704,13:55:14,0.097,0.547,0,0,eGFP1
5705,13:55:14,0.076,0.526,0,0,eGFP1
5706,13:55:15,0.086,0.536,0,0,eGFP1
5707,13:55:15,0.088,0.549,0,0,eGFP1
5708,13:55:16,0.097,0.624,0,0,eGFP1
5709,13:55:17,0.120,0.745,0,0,eGFP1
5710,13:55:17,0.097,0.536,0,0,eGFP1
5711,13:55:18,0.087,0.625,0,0,eGFP1
5712,13:55:19,0.130,0.701,0,0,eGFP1
5713,13:55:19,0.097,0.657,0,0,eGFP1
5714,13:55:20,0.119,0.635,0,0,eGFP1
5715,13:55:20,0.077,0.505,0,0,eGFP1
5716,13:55:21,0.077,0.659,0,0,eGFP1
5717,13:55:22,0.152,0.755,0,0,eGFP1
5718,13:55:22,0.087,0.581,0,0,eGFP1
5719,13:55:23,0.152,1.129,0,0,eGFP1
5720,13:55:24,0.097,0.624,0,0,eGFP1
5721,13:55:25,0.120,0.789,0,0,eGFP1
5722,13:55:26,0.131,0.657,0,0,eGFP1
5723,13:55:26,0.088,0.560,0,0,eGFP1
5724,13:55:27,0.098,0.635,0,0,eGFP1
5725,13:55:27,0.120,0.636,0,0,eGFP1
5726,13:55:28,0.097,0.558,0,0,eGFP1
5727,13:55:28,0.087,0.526,0,0,eGFP1
5728,13:55:29,0.086,0.525,0,0,eGFP1
5729,13:55:30,0.109,0.636,0,0,eGFP1
5730,13:55:30,0.099,0.549,0,0,eGFP1
5731,13:55:31,0.088,0.549,0,0,eGFP1
5732,13:55:31,0.108,0.646,0,0,eGFP1
5733,13:55:32,0.109,0.591,0,0,eGFP1
5734,13:55:33,0.098,0.680,0,0,eGFP1
5735,13:55:33,0.108,0.690,0,0,eGFP1
5736,13:55:34,0.098,0.536,0,0,eGFP1
5737,13:55:34,0.076,0.526,0,0,eGFP1
5738,13:55:35,0.098,0.636,0,0,eGFP1
5739,13:55:36,0.110,0.702,0,0,eGFP1
5740,13:55:36,0.131,0.657,0,0,eGFP1
5741,13:55:37,0.098,0.647,0,0,eGFP1
5742,13:55:38,0.109,0.635,0,0,eGFP1
5743,13:55:38,0.109,0.767,0,0,eGFP1
5744,13:55:39,0.113,0.607,0,0,eGFP1
5745,13:55:40,0.086,0.602,0,0,eGFP1
5746,13:55:40,0.098,0.603,0,0,eGFP1
5747,13:55:41,0.099,0.603,0,0,eGFP1
5748,13:55:41,0.109,0.658,0,0,eGFP1
5749,13:55:42,0.086,0.591,0,0,eGFP1
5750,13:55:43,0.109,0.635,0,0,eGFP1
5751,13:55:43,0.098,0.592,0,0,eGFP1
5752,13:55:44,0.098,0.580,0,0,eGFP1
5753,13:55:45,0.109,0.855,0,0,eGFP1
5754,13:55:45,0.120,0.668,0,0,eGFP1
5755,13:55:46,0.111,0.615,0,0,eGFP1
5756,13:55:47,0.098,0.603,0,0,eGFP1
5757,13:55:47,0.110,0.703,0,0,eGFP1
5758,13:55:48,0.120,0.668,0,0,eGFP1
5759,13:55:49,0.098,0.713,0,0,eGFP1
5760,13:55:49,0.119,0.668,0,0,eGFP1
5761,13:55:50,0.109,0.636,0,0,eGFP1
5762,13:55:51,0.098,0.624,0,0,eGFP1
5763,13:55:51,0.098,0.603,0,0,eGFP1
5764,13:55:52,0.110,0.681,0,0,eGFP1
5765,13:55:53,0.098,0.602,0,0,eGFP1
5766,13:55:53,0.109,0.625,0,0,eGFP1
5767,13:55:54,0.087,0.603,0,0,eGFP1
5768,13:55:54,0.120,0.690,0,0,eGFP1
5769,13:55:55,0.098,0.581,0,0,eGFP1
5770,13:55:56,0.109,0.658,0,0,eGFP1
5771,13:55:56,0.099,0.582,0,0,eGFP1
5772,13:55:57,0.088,0.615,0,0,eGFP1
5773,13:55:57,0.098,0.602,0,0,eGFP1
5774,13:55:58,0.098,0.658,0,0,eGFP1
5775,13:55:59,0.109,0.603,0,0,eGFP1
5776,13:55:59,0.087,0.625,0,0,eGFP1
5777,13:56:00,0.130,0.701,0,0,eGFP1
5778,13:56:01,0.098,0.636,0,0,eGFP1
5779,13:56:01,0.109,0.668,0,0,eGFP1
5780,13:56:02,0.100,0.583,0,0,eGFP1
5781,13:56:03,0.097,0.624,0,0,eGFP1
5782,13:56:03,0.109,0.680,0,0,eGFP1
5783,13:56:04,0.098,0.592,0,0,eGFP1
5784,13:56:04,0.098,0.646,0,0,eGFP1
5785,13:56:05,0.111,0.605,0,0,eGFP1
5786,13:56:06,0.108,0.624,0,0,eGFP1
5787,13:56:07,0.109,0.789,0,0,eGFP1
5788,13:56:07,0.143,0.670,0,0,eGFP1
5789,13:56:08,0.087,0.625,0,0,eGFP1
5790,13:56:10,1.294,1.919,0,0,eGFP1
5791,13:56:10,0.087,0.636,0,0,eGFP1
5792,13:56:11,0.131,0.613,0,0,eGFP1
5793,13:56:11,0.087,0.537,0,0,eGFP1
5794,13:56:12,0.120,0.713,0,0,eGFP1
5795,13:56:13,0.098,0.602,0,0,eGFP1
5796,13:56:14,0.132,1.329,0,0,eGFP1
5797,13:56:15,0.098,0.602,0,0,eGFP1
5798,13:56:17,1.031,1.854,0,0,eGFP1
5799,13:56:17,0.121,0.648,0,0,eGFP1
5800,13:56:18,0.098,0.603,0,0,eGFP1
5801,13:56:18,0.098,0.570,0,0,eGFP1
5802,13:56:19,0.087,0.559,0,0,eGFP1
5803,13:56:20,0.087,0.548,0,0,eGFP1
5804,13:56:20,0.078,0.528,0,0,eGFP1
5805,13:56:21,0.098,0.647,0,0,eGFP1
5806,13:56:21,0.098,0.635,0,0,eGFP1
5807,13:56:22,0.110,0.582,0,0,eGFP1
5808,13:56:22,0.087,0.493,0,0,eGFP1
5809,13:56:23,0.087,0.702,0,0,eGFP1
5810,13:56:24,0.120,0.625,0,0,eGFP1
5811,13:56:24,0.098,0.603,0,0,eGFP1
5812,13:56:25,0.088,0.582,0,0,eGFP1
5813,13:56:26,0.110,0.615,0,0,eGFP1
5814,13:56:26,0.087,0.537,0,0,eGFP1
5815,13:56:27,0.098,0.592,0,0,eGFP1
5816,13:56:27,0.109,0.723,0,0,eGFP1
5817,13:56:28,0.109,0.592,0,0,eGFP1
5818,13:56:29,0.076,0.570,0,0,eGFP1
5819,13:56:29,0.098,0.614,0,0,eGFP1
5820,13:56:30,0.100,0.594,0,0,eGFP1
5821,13:56:30,0.098,0.625,0,0,eGFP1
5822,13:56:31,0.098,0.603,0,0,eGFP1
5823,13:56:32,0.087,0.592,0,0,eGFP1
5824,13:56:32,0.109,0.658,0,0,eGFP1
5825,13:56:33,0.098,0.614,0,0,eGFP1
5826,13:56:34,0.109,0.658,0,0,eGFP1
5827,13:56:34,0.089,0.605,0,0,eGFP1
5828,13:56:35,0.109,0.745,0,0,eGFP1
5829,13:56:35,0.100,0.594,0,0,eGFP1
5830,13:56:36,0.098,0.680,0,0,eGFP1
5831,13:56:37,0.109,0.614,0,0,eGFP1
5832,13:56:37,0.088,0.658,0,0,eGFP1
5833,13:56:38,0.132,0.702,0,0,eGFP1
5834,13:56:39,0.088,0.582,0,0,eGFP1
5835,13:56:39,0.120,0.669,0,0,eGFP1
5836,13:56:40,0.098,0.625,0,0,eGFP1
5837,13:56:41,0.110,0.626,0,0,eGFP1
5838,13:56:41,0.088,0.560,0,0,eGFP1
5839,13:56:42,0.087,0.614,0,0,eGFP1
5840,13:56:42,0.111,0.637,0,0,eGFP1
5841,13:56:43,0.099,0.648,0,0,eGFP1
5842,13:56:44,0.120,0.680,0,0,eGFP1
5843,13:56:44,0.098,0.570,0,0,eGFP1
5844,13:56:45,0.098,0.724,0,0,eGFP1
5845,13:56:46,0.111,0.605,0,0,eGFP1
5846,13:56:46,0.087,0.592,0,0,eGFP1
5847,13:56:47,0.087,0.537,0,0,eGFP1
5848,13:56:48,0.099,0.724,0,0,eGFP1
5849,13:56:48,0.121,0.670,0,0,eGFP1
5850,13:56:49,0.109,0.647,0,0,eGFP1
5851,13:56:49,0.098,0.592,0,0,eGFP1
5852,13:56:50,0.088,0.604,0,0,eGFP1
5853,13:56:51,0.110,0.868,0,0,eGFP1
5854,13:56:52,0.143,0.648,0,0,eGFP1
5855,13:56:52,0.088,0.538,0,0,eGFP1
5856,13:56:53,0.109,0.866,0,0,eGFP1
5857,13:56:54,0.110,0.582,0,0,eGFP1
5858,13:56:54,0.098,0.581,0,0,eGFP1
5859,13:56:55,0.088,0.538,0,0,eGFP1
5860,13:56:55,0.099,0.559,0,0,eGFP1
5861,13:56:56,0.078,0.517,0,0,eGFP1
5862,13:56:57,0.088,0.790,0,0,eGFP1
5863,13:56:57,0.198,0.933,0,0,eGFP1
5864,13:56:58,0.088,0.560,0,0,eGFP1
5865,13:56:59,0.098,0.625,0,0,eGFP1
5866,13:56:59,0.088,0.549,0,0,eGFP1
5867,13:57:00,0.087,0.559,0,0,eGFP1
5868,13:57:00,0.100,0.583,0,0,eGFP1
5869,13:57:01,0.100,0.616,0,0,eGFP1
5870,13:57:02,0.099,0.614,0,0,eGFP1
5871,13:57:02,0.110,0.648,0,0,eGFP1
5872,13:57:03,0.087,0.592,0,0,eGFP1
5873,13:57:04,0.121,0.768,0,0,eGFP1
5874,13:57:04,0.088,0.604,0,0,eGFP1
5875,13:57:05,0.121,0.713,0,0,eGFP1
5876,13:57:05,0.110,0.626,0,0,eGFP1
5877,13:57:06,0.100,0.637,0,0,eGFP1
5878,13:57:07,0.110,0.615,0,0,eGFP1
5879,13:57:07,0.098,0.625,0,0,eGFP1
5880,13:57:08,0.120,0.658,0,0,eGFP1
5881,13:57:09,0.087,0.625,0,0,eGFP1
5882,13:57:09,0.122,0.648,0,0,eGFP1
5883,13:57:10,0.088,0.724,0,0,eGFP1
5884,13:57:11,0.143,0.713,0,0,eGFP1
5885,13:57:11,0.100,0.616,0,0,eGFP1
5886,13:57:12,0.110,0.703,0,0,eGFP1
5887,13:57:15,0.109,2.491,0,0,eGFP1
5888,13:57:15,0.208,0.834,0,0,eGFP1
5889,13:57:16,0.088,0.582,0,0,eGFP1
5890,13:57:17,0.098,0.570,0,0,eGFP1
5891,13:57:17,0.088,0.560,0,0,eGFP1
5892,13:57:18,0.088,0.560,0,0,eGFP1
5893,13:57:18,0.099,0.669,0,0,eGFP1
5894,13:57:19,0.090,0.605,0,0,eGFP1
5895,13:57:20,0.099,0.626,0,0,eGFP1
5896,13:57:20,0.089,0.550,0,0,eGFP1
5897,13:57:21,0.098,0.801,0,0,eGFP1
5898,13:57:22,0.131,0.614,0,0,eGFP1
5899,13:57:22,0.076,0.625,0,0,eGFP1
5900,13:57:23,0.165,0.900,0,0,eGFP1
5901,13:57:24,0.087,0.537,0,0,eGFP1
5902,13:57:24,0.089,0.550,0,0,eGFP1
5903,13:57:25,0.099,0.615,0,0,eGFP1
5904,13:57:25,0.087,0.526,0,0,eGFP1
5905,13:57:26,0.088,0.538,0,0,eGFP1
5906,13:57:26,0.098,0.614,0,0,eGFP1
5907,13:57:27,0.099,0.538,0,0,eGFP1
5908,13:57:27,0.088,0.527,0,0,eGFP1
5909,13:57:29,0.099,1.042,0,0,eGFP1
5910,13:57:29,0.277,0.870,0,0,eGFP1
5911,13:57:30,0.088,0.538,0,0,eGFP1
5912,13:57:31,0.670,1.438,0,0,eGFP1
5913,13:57:33,0.823,1.405,0,0,eGFP1
5914,13:57:34,0.417,1.075,0,0,eGFP1
5915,13:57:38,0.089,3.864,0,0,eGFP1
5916,14:00:19,0.538,160.879,0,0,eGFP1
5917,14:00:20,0.275,1.317,0,0,eGFP1
5918,14:00:21,0.134,0.694,0,0,eGFP1
5919,14:00:22,0.121,0.966,0,0,eGFP1
5920,14:00:22,0.154,0.900,0,0,eGFP1
5921,14:00:23,0.110,0.692,0,0,eGFP1
5922,14:00:24,0.121,0.746,0,0,eGFP1
5923,14:00:25,0.112,0.704,0,0,eGFP1
5924,14:00:25,0.110,0.758,0,0,eGFP1
5925,14:00:26,0.143,0.790,0,0,eGFP1
5926,14:00:27,0.134,0.803,0,0,eGFP1
5927,14:00:28,0.132,0.835,0,0,eGFP1
5928,14:00:29,0.132,1.131,0,0,eGFP1
5929,14:00:30,0.143,0.801,0,0,eGFP1
5930,14:00:30,0.099,0.615,0,0,eGFP1
5931,14:00:37,0.099,7.101,0,0,eGFP1
