wheel_event,time,Tx,Ti_observed,reset,rtc_reset,device_id
0,17:57:12,0.000,0.000,1,0,eGFP2
1,17:57:12,0.061,0.368,0,0,eGFP2
2,17:57:12,0.061,0.391,0,0,eGFP2
3,17:57:13,0.072,0.434,0,0,eGFP2
4,17:57:20,0.072,7.424,0,0,eGFP2
5,17:57:44,0.149,23.721,0,0,eGFP2
6,17:58:08,0.808,24.018,0,0,eGFP2
7,17:58:09,0.192,1.125,0,0,eGFP2
8,17:58:11,0.370,1.468,0,0,eGFP2
9,17:58:11,0.127,0.774,0,0,eGFP2
10,17:58:12,0.127,0.621,0,0,eGFP2
11,17:58:13,0.094,0.577,0,0,eGFP2
12,17:58:13,0.094,0.555,0,0,eGFP2
13,17:58:14,0.105,0.632,0,0,eGFP2
14,17:58:14,0.106,0.600,0,0,eGFP2
15,17:58:15,0.105,0.555,0,0,eGFP2
16,17:58:16,0.095,0.577,0,0,eGFP2
17,17:58:16,0.096,0.535,0,0,eGFP2
18,17:58:17,0.095,0.599,0,0,eGFP2
19,17:58:17,0.106,0.621,0,0,eGFP2
20,17:58:18,0.095,0.545,0,0,eGFP2
21,17:58:18,0.105,0.676,0,0,eGFP2
22,17:58:19,0.127,0.632,0,0,eGFP2
23,17:58:20,0.094,0.577,0,0,eGFP2
24,17:58:20,0.105,0.610,0,0,eGFP2
25,17:58:21,0.107,0.590,0,0,eGFP2
26,17:58:22,0.105,0.610,0,0,eGFP2
27,17:58:22,0.094,0.566,0,0,eGFP2
28,17:58:26,0.107,3.421,0,0,eGFP2
29,17:58:26,0.336,0.951,0,0,eGFP2
30,17:58:27,0.105,0.643,0,0,eGFP2
31,17:58:28,0.105,0.522,0,0,eGFP2
32,17:58:28,0.073,0.468,0,0,eGFP2
33,17:58:29,0.083,0.467,0,0,eGFP2
34,17:58:29,0.086,0.448,0,0,eGFP2
35,17:58:29,0.072,0.489,0,0,eGFP2
36,17:58:30,0.084,0.501,0,0,eGFP2
37,17:58:30,0.072,0.445,0,0,eGFP2
38,17:58:31,0.084,0.534,0,0,eGFP2
39,17:58:32,0.105,0.610,0,0,eGFP2
40,17:58:32,0.095,0.545,0,0,eGFP2
41,17:58:33,0.094,0.500,0,0,eGFP2
42,17:58:33,0.085,0.437,0,0,eGFP2
43,17:58:34,0.085,0.524,0,0,eGFP2
44,17:58:34,0.094,0.588,0,0,eGFP2
45,17:58:35,0.095,0.523,0,0,eGFP2
46,17:58:35,0.105,0.621,0,0,eGFP2
47,17:58:36,0.117,0.545,0,0,eGFP2
48,17:58:36,0.083,0.456,0,0,eGFP2
49,17:58:37,0.084,0.501,0,0,eGFP2
50,17:58:37,0.106,0.545,0,0,eGFP2
51,17:58:38,0.085,0.458,0,0,eGFP2
52,17:58:38,0.073,0.490,0,0,eGFP2
53,17:58:39,0.128,1.049,0,0,eGFP2
54,17:58:40,0.172,0.830,0,0,eGFP2
55,17:58:41,0.128,0.721,0,0,eGFP2
56,17:58:42,0.138,0.742,0,0,eGFP2
57,17:58:42,0.127,0.709,0,0,eGFP2
58,17:58:43,0.118,0.766,0,0,eGFP2
59,17:58:44,0.140,0.667,0,0,eGFP2
60,17:58:44,0.095,0.490,0,0,eGFP2
61,17:58:45,0.073,0.413,0,0,eGFP2
62,17:58:45,0.073,0.457,0,0,eGFP2
63,17:58:46,0.132,1.329,0,0,eGFP2
64,17:58:47,0.127,0.653,0,0,eGFP2
65,17:58:48,0.105,0.588,0,0,eGFP2
66,17:58:48,0.094,0.555,0,0,eGFP2
67,17:58:49,0.116,0.566,0,0,eGFP2
68,17:58:49,0.085,0.546,0,0,eGFP2
69,17:58:50,0.105,0.610,0,0,eGFP2
70,17:58:51,0.094,0.643,0,0,eGFP2
71,17:58:51,0.127,0.686,0,0,eGFP2
72,17:58:52,0.096,0.513,0,0,eGFP2
73,17:58:52,0.083,0.434,0,0,eGFP2
74,17:58:53,0.072,0.435,0,0,eGFP2
75,17:58:53,0.083,0.533,0,0,eGFP2
76,17:58:54,0.085,0.534,0,0,eGFP2
77,17:58:54,0.106,0.578,0,0,eGFP2
78,17:58:55,0.105,0.544,0,0,eGFP2
79,17:58:55,0.083,0.511,0,0,eGFP2
80,17:58:56,0.094,0.566,0,0,eGFP2
81,17:58:57,0.105,0.731,0,0,eGFP2
82,17:58:58,0.138,1.027,0,0,eGFP2
83,17:58:59,0.335,0.961,0,0,eGFP2
84,17:58:59,0.095,0.512,0,0,eGFP2
85,17:59:00,0.074,0.458,0,0,eGFP2
86,17:59:00,0.073,0.479,0,0,eGFP2
87,17:59:01,0.085,0.491,0,0,eGFP2
88,17:59:01,0.083,0.544,0,0,eGFP2
89,17:59:02,0.094,0.544,0,0,eGFP2
90,17:59:02,0.105,0.555,0,0,eGFP2
91,17:59:03,0.095,0.556,0,0,eGFP2
92,17:59:03,0.105,0.555,0,0,eGFP2
93,17:59:14,0.105,10.662,0,0,eGFP2
94,17:59:15,0.192,0.927,0,0,eGFP2
95,17:59:16,0.204,0.874,0,0,eGFP2
96,17:59:17,0.127,0.775,0,0,eGFP2
97,17:59:17,0.116,0.544,0,0,eGFP2
98,17:59:18,0.083,0.445,0,0,eGFP2
99,17:59:18,0.073,0.402,0,0,eGFP2
100,17:59:18,0.073,0.380,0,0,eGFP2
101,17:59:19,0.074,0.370,0,0,eGFP2
102,17:59:19,0.064,0.360,0,0,eGFP2
103,17:59:19,0.062,0.358,0,0,eGFP2
104,17:59:20,0.072,0.402,0,0,eGFP2
105,17:59:20,0.072,0.445,0,0,eGFP2
106,17:59:21,0.073,0.457,0,0,eGFP2
107,17:59:21,0.094,0.522,0,0,eGFP2
108,17:59:22,0.084,0.457,0,0,eGFP2
109,17:59:22,0.084,0.479,0,0,eGFP2
110,17:59:23,0.096,0.700,0,0,eGFP2
111,17:59:24,0.116,0.588,0,0,eGFP2
112,17:59:24,0.106,0.533,0,0,eGFP2
113,17:59:25,0.084,0.556,0,0,eGFP2
114,17:59:25,0.106,0.566,0,0,eGFP2
115,17:59:26,0.095,0.545,0,0,eGFP2
116,17:59:26,0.118,0.667,0,0,eGFP2
117,17:59:27,0.106,0.589,0,0,eGFP2
118,17:59:28,0.105,0.511,0,0,eGFP2
119,17:59:28,0.075,0.415,0,0,eGFP2
120,17:59:28,0.084,0.479,0,0,eGFP2
121,17:59:29,0.083,0.522,0,0,eGFP2
122,17:59:29,0.095,0.567,0,0,eGFP2
123,17:59:30,0.095,0.555,0,0,eGFP2
124,17:59:31,0.106,0.578,0,0,eGFP2
125,17:59:31,0.095,0.753,0,0,eGFP2
126,17:59:32,0.205,0.786,0,0,eGFP2
127,17:59:33,0.090,0.496,0,0,eGFP2
128,17:59:33,0.083,0.511,0,0,eGFP2
129,17:59:34,0.083,0.511,0,0,eGFP2
130,17:59:34,0.085,0.480,0,0,eGFP2
131,17:59:35,0.083,0.511,0,0,eGFP2
132,17:59:35,0.083,0.478,0,0,eGFP2
133,17:59:36,0.083,0.676,0,0,eGFP2
134,17:59:37,0.204,1.005,0,0,eGFP2
135,17:59:37,0.116,0.631,0,0,eGFP2
136,17:59:38,0.107,0.612,0,0,eGFP2
137,17:59:39,0.105,0.665,0,0,eGFP2
138,17:59:40,0.149,0.840,0,0,eGFP2
139,17:59:40,0.105,0.489,0,0,eGFP2
140,17:59:40,0.072,0.423,0,0,eGFP2
141,17:59:41,0.073,0.545,0,0,eGFP2
142,17:59:42,0.203,1.059,0,0,eGFP2
143,17:59:43,0.106,0.523,0,0,eGFP2
144,17:59:43,0.075,0.437,0,0,eGFP2
145,17:59:44,0.094,0.533,0,0,eGFP2
146,17:59:44,0.094,0.533,0,0,eGFP2
147,17:59:45,0.084,0.556,0,0,eGFP2
148,17:59:45,0.127,0.763,0,0,eGFP2
149,17:59:46,0.105,0.555,0,0,eGFP2
150,17:59:47,0.095,0.632,0,0,eGFP2
151,17:59:47,0.182,0.512,0,0,eGFP2
152,17:59:50,0.425,2.433,0,0,eGFP2
153,17:59:51,0.468,1.203,0,0,eGFP2
154,17:59:51,0.105,0.544,0,0,eGFP2
155,17:59:52,0.095,0.490,0,0,eGFP2
156,17:59:52,0.072,0.423,0,0,eGFP2
157,17:59:53,0.062,0.424,0,0,eGFP2
158,17:59:53,0.085,0.634,0,0,eGFP2
159,17:59:54,0.105,0.533,0,0,eGFP2
160,17:59:54,0.084,0.479,0,0,eGFP2
161,17:59:55,0.085,0.491,0,0,eGFP2
162,17:59:56,0.094,0.873,0,0,eGFP2
163,17:59:56,0.347,0.666,0,0,eGFP2
164,18:00:26,0.467,29.680,0,0,eGFP2
165,18:00:27,0.149,0.928,0,0,eGFP2
166,18:00:28,0.183,0.710,0,0,eGFP2
167,18:00:29,1.038,1.740,0,0,eGFP2
168,18:00:30,0.106,0.621,0,0,eGFP2
169,18:00:31,0.108,0.667,0,0,eGFP2
170,18:00:32,0.150,1.587,0,0,eGFP2
171,18:00:33,0.150,0.874,0,0,eGFP2
172,18:00:34,0.129,0.722,0,0,eGFP2
173,18:00:35,0.116,0.929,0,0,eGFP2
174,18:00:36,0.193,0.906,0,0,eGFP2
175,18:00:37,0.600,1.313,0,0,eGFP2
176,18:00:41,1.049,4.407,0,0,eGFP2
177,18:00:42,0.238,0.841,0,0,eGFP2
178,18:00:43,0.108,0.656,0,0,eGFP2
179,18:00:44,0.106,0.710,0,0,eGFP2
180,18:00:44,0.116,0.621,0,0,eGFP2
181,18:00:45,0.095,0.578,0,0,eGFP2
182,18:00:45,0.083,0.544,0,0,eGFP2
183,18:00:46,0.106,0.633,0,0,eGFP2
184,18:00:47,0.127,0.676,0,0,eGFP2
185,18:00:47,0.095,0.621,0,0,eGFP2
186,18:00:48,0.108,0.635,0,0,eGFP2
187,18:00:48,0.096,0.524,0,0,eGFP2
188,18:00:49,0.106,0.567,0,0,eGFP2
189,18:00:50,0.083,0.522,0,0,eGFP2
190,18:00:50,0.100,0.660,0,0,eGFP2
191,18:00:51,0.149,0.818,0,0,eGFP2
192,18:00:52,0.105,0.687,0,0,eGFP2
193,18:00:52,0.094,0.566,0,0,eGFP2
194,18:00:56,0.095,3.365,0,0,eGFP2
195,18:00:56,0.116,0.643,0,0,eGFP2
196,18:00:57,0.105,0.588,0,0,eGFP2
197,18:00:57,0.094,0.522,0,0,eGFP2
198,18:00:58,0.083,0.533,0,0,eGFP2
199,18:00:58,0.094,0.544,0,0,eGFP2
200,18:00:59,0.084,0.720,0,0,eGFP2
201,18:01:00,0.140,0.655,0,0,eGFP2
202,18:01:00,0.095,0.567,0,0,eGFP2
203,18:01:01,0.095,0.655,0,0,eGFP2
204,18:01:02,0.105,0.610,0,0,eGFP2
205,18:01:02,0.116,0.588,0,0,eGFP2
206,18:01:03,0.094,0.511,0,0,eGFP2
207,18:01:04,0.083,0.819,0,0,eGFP2
208,18:01:04,0.127,0.643,0,0,eGFP2
209,18:01:05,0.094,0.599,0,0,eGFP2
210,18:01:05,0.105,0.544,0,0,eGFP2
211,18:01:06,0.107,0.557,0,0,eGFP2
212,18:01:07,0.083,0.643,0,0,eGFP2
213,18:01:07,0.149,0.719,0,0,eGFP2
214,18:01:08,0.095,0.589,0,0,eGFP2
215,18:01:09,0.128,0.984,0,0,eGFP2
216,18:01:10,0.139,0.665,0,0,eGFP2
217,18:01:10,0.117,0.665,0,0,eGFP2
218,18:01:11,0.127,0.654,0,0,eGFP2
219,18:01:11,0.095,0.534,0,0,eGFP2
220,18:01:12,0.092,0.894,0,0,eGFP2
221,18:01:13,0.182,0.807,0,0,eGFP2
222,18:01:14,0.117,0.994,0,0,eGFP2
223,18:01:16,0.292,1.840,0,0,eGFP2
224,18:01:17,0.138,0.906,0,0,eGFP2
225,18:01:18,0.215,1.082,0,0,eGFP2
226,18:01:19,0.259,0.830,0,0,eGFP2
227,18:01:20,0.248,0.808,0,0,eGFP2
228,18:01:21,0.096,1.094,0,0,eGFP2
229,18:01:22,0.316,1.062,0,0,eGFP2
230,18:01:22,0.117,0.621,0,0,eGFP2
231,18:01:24,0.117,1.554,0,0,eGFP2
232,18:01:24,0.128,0.600,0,0,eGFP2
233,18:01:25,0.094,0.522,0,0,eGFP2
234,18:01:25,0.073,0.468,0,0,eGFP2
235,18:01:34,0.160,8.105,0,0,eGFP2
236,18:01:34,0.119,0.645,0,0,eGFP2
237,18:01:35,0.140,0.711,0,0,eGFP2
238,18:01:35,0.083,0.511,0,0,eGFP2
239,18:01:36,0.073,0.468,0,0,eGFP2
240,18:01:36,0.083,0.446,0,0,eGFP2
241,18:01:37,0.072,0.434,0,0,eGFP2
242,18:01:37,0.073,0.424,0,0,eGFP2
243,18:01:38,0.084,0.490,0,0,eGFP2
244,18:01:38,0.085,0.535,0,0,eGFP2
245,18:01:40,0.107,1.655,0,0,eGFP2
246,18:01:45,0.226,5.428,0,0,eGFP2
247,18:01:46,0.160,0.742,0,0,eGFP2
248,18:01:47,0.160,0.962,0,0,eGFP2
249,18:01:48,0.105,0.533,0,0,eGFP2
250,18:01:48,0.084,0.567,0,0,eGFP2
251,18:01:49,0.116,0.610,0,0,eGFP2
252,18:01:49,0.095,0.589,0,0,eGFP2
253,18:01:50,0.096,0.524,0,0,eGFP2
254,18:01:52,0.078,2.580,0,0,eGFP2
255,18:01:53,0.160,0.730,0,0,eGFP2
256,18:01:54,0.094,0.676,0,0,eGFP2
257,18:01:54,0.116,0.577,0,0,eGFP2
258,18:01:55,0.084,0.501,0,0,eGFP2
259,18:01:55,0.094,0.577,0,0,eGFP2
260,18:01:56,0.116,0.807,0,0,eGFP2
261,18:01:57,0.129,0.656,0,0,eGFP2
262,18:01:58,0.105,0.566,0,0,eGFP2
263,18:01:58,0.105,0.533,0,0,eGFP2
264,18:01:59,0.094,0.511,0,0,eGFP2
265,18:01:59,0.083,0.456,0,0,eGFP2
266,18:01:59,0.073,0.479,0,0,eGFP2
267,18:02:00,0.083,0.500,0,0,eGFP2
268,18:02:01,0.083,0.599,0,0,eGFP2
269,18:02:01,0.127,0.676,0,0,eGFP2
270,18:02:02,0.096,1.138,0,0,eGFP2
271,18:02:03,0.171,0.698,0,0,eGFP2
272,18:02:04,0.085,0.524,0,0,eGFP2
273,18:02:04,0.083,0.467,0,0,eGFP2
274,18:02:05,0.072,0.467,0,0,eGFP2
275,18:02:05,0.117,0.665,0,0,eGFP2
276,18:02:06,0.095,0.490,0,0,eGFP2
277,18:02:06,0.094,0.511,0,0,eGFP2
278,18:02:07,0.074,0.436,0,0,eGFP2
279,18:02:07,0.072,0.412,0,0,eGFP2
280,18:02:08,0.084,0.676,0,0,eGFP2
281,18:02:09,0.172,0.764,0,0,eGFP2
282,18:02:09,0.095,0.523,0,0,eGFP2
283,18:02:09,0.083,0.445,0,0,eGFP2
284,18:02:10,0.073,0.424,0,0,eGFP2
285,18:02:11,0.083,0.610,0,0,eGFP2
286,18:02:11,0.118,0.667,0,0,eGFP2
287,18:02:12,0.118,1.204,0,0,eGFP2
288,18:02:13,0.106,0.556,0,0,eGFP2
289,18:02:13,0.072,0.434,0,0,eGFP2
290,18:02:14,0.073,0.468,0,0,eGFP2
291,18:02:15,0.105,0.654,0,0,eGFP2
292,18:02:15,0.105,0.544,0,0,eGFP2
293,18:02:16,0.073,0.457,0,0,eGFP2
294,18:02:16,0.095,0.621,0,0,eGFP2
295,18:02:17,0.108,0.536,0,0,eGFP2
296,18:02:17,0.083,0.522,0,0,eGFP2
297,18:02:18,0.160,1.071,0,0,eGFP2
298,18:02:19,0.095,0.534,0,0,eGFP2
299,18:02:19,0.083,0.479,0,0,eGFP2
300,18:02:20,0.096,0.557,0,0,eGFP2
301,18:02:20,0.094,0.478,0,0,eGFP2
302,18:02:21,0.084,0.457,0,0,eGFP2
303,18:02:21,0.086,0.535,0,0,eGFP2
304,18:02:22,0.205,1.039,0,0,eGFP2
305,18:02:23,0.116,0.588,0,0,eGFP2
306,18:02:23,0.095,0.501,0,0,eGFP2
307,18:02:24,0.084,0.512,0,0,eGFP2
308,18:02:24,0.094,0.566,0,0,eGFP2
309,18:02:25,0.095,0.589,0,0,eGFP2
310,18:02:26,0.106,0.533,0,0,eGFP2
311,18:02:26,0.084,0.479,0,0,eGFP2
312,18:02:27,0.097,0.547,0,0,eGFP2
313,18:02:27,0.094,0.577,0,0,eGFP2
314,18:02:28,0.095,0.512,0,0,eGFP2
315,18:02:28,0.086,0.481,0,0,eGFP2
316,18:02:29,0.094,0.632,0,0,eGFP2
317,18:02:29,0.122,0.583,0,0,eGFP2
318,18:02:30,0.083,0.467,0,0,eGFP2
319,18:02:31,0.083,0.972,0,0,eGFP2
320,18:02:32,0.249,0.875,0,0,eGFP2
321,18:02:32,0.094,0.544,0,0,eGFP2
322,18:02:33,0.094,0.544,0,0,eGFP2
323,18:02:33,0.083,0.544,0,0,eGFP2
324,18:02:37,1.707,3.397,0,0,eGFP2
325,18:02:50,13.241,13.559,0,0,eGFP2
326,18:02:52,0.390,1.290,0,0,eGFP2
327,18:02:53,0.193,1.565,0,0,eGFP2
328,18:02:54,0.171,0.895,0,0,eGFP2
329,18:02:55,0.185,0.997,0,0,eGFP2
330,18:02:56,0.138,1.335,0,0,eGFP2
331,18:02:58,0.818,1.542,0,0,eGFP2
332,18:02:59,0.105,0.599,0,0,eGFP2
333,18:02:59,0.084,0.555,0,0,eGFP2
334,18:03:02,0.139,2.465,0,0,eGFP2
335,18:03:05,0.127,3.145,0,0,eGFP2
336,18:03:06,0.138,1.532,0,0,eGFP2
337,18:03:07,0.315,1.007,0,0,eGFP2
338,18:03:08,0.149,0.851,0,0,eGFP2
339,18:03:09,0.149,0.808,0,0,eGFP2
340,18:03:10,0.149,0.796,0,0,eGFP2
341,18:03:10,0.117,0.775,0,0,eGFP2
342,18:03:11,0.138,0.654,0,0,eGFP2
343,18:03:12,0.085,0.524,0,0,eGFP2
344,18:03:12,0.094,0.720,0,0,eGFP2
345,18:03:13,0.096,0.557,0,0,eGFP2
346,18:03:14,0.105,0.566,0,0,eGFP2
347,18:03:14,0.083,0.478,0,0,eGFP2
348,18:03:14,0.084,0.468,0,0,eGFP2
349,18:03:15,0.094,0.522,0,0,eGFP2
350,18:03:15,0.083,0.511,0,0,eGFP2
351,18:03:16,0.095,0.589,0,0,eGFP2
352,18:03:17,0.094,0.566,0,0,eGFP2
353,18:03:17,0.094,0.544,0,0,eGFP2
354,18:03:18,0.097,0.546,0,0,eGFP2
355,18:03:18,0.084,0.490,0,0,eGFP2
356,18:03:19,0.094,0.676,0,0,eGFP2
357,18:03:20,0.162,0.864,0,0,eGFP2
358,18:03:21,0.139,0.797,0,0,eGFP2
359,18:03:21,0.150,0.786,0,0,eGFP2
360,18:03:22,0.095,0.556,0,0,eGFP2
361,18:03:22,0.083,0.533,0,0,eGFP2
362,18:03:23,0.096,0.579,0,0,eGFP2
363,18:03:24,0.106,0.687,0,0,eGFP2
364,18:03:24,0.095,0.512,0,0,eGFP2
365,18:03:25,0.084,0.577,0,0,eGFP2
366,18:03:25,0.139,0.688,0,0,eGFP2
367,18:03:26,0.116,0.588,0,0,eGFP2
368,18:03:27,0.084,0.479,0,0,eGFP2
369,18:03:27,0.072,0.775,0,0,eGFP2
370,18:03:28,0.149,0.720,0,0,eGFP2
371,18:03:29,0.118,0.700,0,0,eGFP2
372,18:03:29,0.118,0.722,0,0,eGFP2
373,18:03:30,0.138,0.841,0,0,eGFP2
374,18:03:31,0.171,0.939,0,0,eGFP2
375,18:03:32,0.117,0.677,0,0,eGFP2
376,18:03:32,0.094,0.544,0,0,eGFP2
377,18:03:33,0.084,0.523,0,0,eGFP2
378,18:03:34,0.106,0.731,0,0,eGFP2
379,18:03:34,0.127,0.632,0,0,eGFP2
380,18:03:36,0.105,2.058,0,0,eGFP2
381,18:03:37,0.105,0.610,0,0,eGFP2
382,18:03:38,0.083,0.489,0,0,eGFP2
383,18:03:38,0.094,0.555,0,0,eGFP2
384,18:03:39,0.094,0.555,0,0,eGFP2
385,18:03:39,0.094,0.555,0,0,eGFP2
386,18:03:40,0.095,0.534,0,0,eGFP2
387,18:03:40,0.107,0.623,0,0,eGFP2
388,18:03:41,0.105,0.555,0,0,eGFP2
389,18:03:41,0.083,0.478,0,0,eGFP2
390,18:03:42,0.083,0.588,0,0,eGFP2
391,18:03:43,0.138,0.752,0,0,eGFP2
392,18:03:43,0.116,0.643,0,0,eGFP2
393,18:03:44,0.105,0.676,0,0,eGFP2
394,18:03:45,0.138,0.730,0,0,eGFP2
395,18:03:45,0.094,0.555,0,0,eGFP2
396,18:03:46,0.096,0.656,0,0,eGFP2
397,18:03:47,0.116,0.588,0,0,eGFP2
398,18:03:47,0.094,0.533,0,0,eGFP2
399,18:03:48,0.083,0.533,0,0,eGFP2
400,18:03:48,0.096,0.633,0,0,eGFP2
401,18:03:49,0.127,0.841,0,0,eGFP2
402,18:03:50,0.116,0.676,0,0,eGFP2
403,18:03:50,0.116,0.686,0,0,eGFP2
404,18:03:51,0.118,0.590,0,0,eGFP2
405,18:03:52,0.083,0.489,0,0,eGFP2
406,18:03:54,0.105,2.388,0,0,eGFP2
407,18:03:55,0.105,0.621,0,0,eGFP2
408,18:03:55,0.094,0.511,0,0,eGFP2
409,18:03:56,0.084,0.501,0,0,eGFP2
410,18:03:56,0.083,0.533,0,0,eGFP2
411,18:03:57,0.083,0.555,0,0,eGFP2
412,18:03:57,0.116,0.709,0,0,eGFP2
413,18:03:58,0.129,0.732,0,0,eGFP2
414,18:03:59,0.118,0.645,0,0,eGFP2
415,18:03:59,0.105,0.577,0,0,eGFP2
416,18:04:00,0.095,0.545,0,0,eGFP2
417,18:04:01,0.116,0.665,0,0,eGFP2
418,18:04:01,0.094,0.588,0,0,eGFP2
419,18:04:02,0.094,0.566,0,0,eGFP2
420,18:04:02,0.105,0.632,0,0,eGFP2
421,18:04:03,0.107,0.579,0,0,eGFP2
422,18:04:04,0.094,0.720,0,0,eGFP2
423,18:04:05,0.358,0.994,0,0,eGFP2
424,18:04:05,0.215,0.775,0,0,eGFP2
425,18:04:06,0.106,0.588,0,0,eGFP2
426,18:04:07,0.106,0.644,0,0,eGFP2
427,18:04:07,0.127,0.698,0,0,eGFP2
428,18:04:08,0.107,0.579,0,0,eGFP2
429,18:04:08,0.096,0.557,0,0,eGFP2
430,18:04:09,0.094,0.577,0,0,eGFP2
431,18:04:10,0.095,0.621,0,0,eGFP2
432,18:04:10,0.139,0.753,0,0,eGFP2
433,18:04:11,0.095,0.523,0,0,eGFP2
434,18:04:12,0.073,0.665,0,0,eGFP2
435,18:04:13,0.204,1.137,0,0,eGFP2
436,18:04:13,0.128,0.622,0,0,eGFP2
437,18:04:14,0.083,0.555,0,0,eGFP2
438,18:04:15,0.107,0.634,0,0,eGFP2
439,18:04:15,0.106,0.742,0,0,eGFP2
440,18:04:16,0.128,0.775,0,0,eGFP2
441,18:04:17,0.106,0.600,0,0,eGFP2
442,18:04:18,0.116,1.016,0,0,eGFP2
443,18:04:19,0.134,1.023,0,0,eGFP2
444,18:04:19,0.171,0.818,0,0,eGFP2
445,18:04:20,0.182,0.928,0,0,eGFP2
446,18:04:21,0.096,0.601,0,0,eGFP2
447,18:04:22,0.116,0.588,0,0,eGFP2
448,18:04:27,0.094,5.460,0,0,eGFP2
449,18:04:29,0.764,2.245,0,0,eGFP2
450,18:04:31,0.401,1.620,0,0,eGFP2
451,18:04:32,0.148,0.796,0,0,eGFP2
452,18:04:33,0.127,0.796,0,0,eGFP2
453,18:04:33,0.127,0.687,0,0,eGFP2
454,18:04:34,0.116,0.621,0,0,eGFP2
455,18:04:35,0.140,1.007,0,0,eGFP2
456,18:04:35,0.116,0.576,0,0,eGFP2
457,18:04:36,0.085,0.535,0,0,eGFP2
458,18:04:37,0.149,0.621,0,0,eGFP2
459,18:04:38,0.928,1.609,0,0,eGFP2
460,18:04:39,0.094,0.588,0,0,eGFP2
461,18:04:39,0.116,0.697,0,0,eGFP2
462,18:04:42,0.117,2.564,0,0,eGFP2
463,18:04:43,0.117,0.995,0,0,eGFP2
464,18:04:44,0.138,0.621,0,0,eGFP2
465,18:04:44,0.073,0.435,0,0,eGFP2
466,18:04:44,0.072,0.401,0,0,eGFP2
467,18:04:45,0.072,0.391,0,0,eGFP2
468,18:04:45,0.072,0.412,0,0,eGFP2
469,18:04:46,0.083,0.588,0,0,eGFP2
470,18:04:47,0.127,0.731,0,0,eGFP2
471,18:04:47,0.108,0.547,0,0,eGFP2
472,18:04:48,0.084,0.446,0,0,eGFP2
473,18:04:48,0.083,0.566,0,0,eGFP2
474,18:04:49,0.116,0.687,0,0,eGFP2
475,18:04:49,0.105,0.522,0,0,eGFP2
476,18:04:50,0.084,0.501,0,0,eGFP2
477,18:04:50,0.094,0.610,0,0,eGFP2
478,18:04:51,0.105,0.555,0,0,eGFP2
479,18:04:52,0.095,0.468,0,0,eGFP2
480,18:04:52,0.074,0.458,0,0,eGFP2
481,18:04:54,0.084,1.807,0,0,eGFP2
482,18:04:55,0.302,1.005,0,0,eGFP2
483,18:04:55,0.138,0.687,0,0,eGFP2
484,18:04:56,0.105,0.544,0,0,eGFP2
485,18:04:57,0.096,0.535,0,0,eGFP2
486,18:04:57,0.084,0.523,0,0,eGFP2
487,18:04:58,0.083,0.457,0,0,eGFP2
488,18:04:58,0.074,0.480,0,0,eGFP2
489,18:04:59,0.094,0.500,0,0,eGFP2
490,18:04:59,0.084,0.457,0,0,eGFP2
491,18:05:00,0.084,0.556,0,0,eGFP2
492,18:05:00,0.149,0.983,0,0,eGFP2
493,18:05:01,0.138,0.709,0,0,eGFP2
494,18:05:02,0.106,0.654,0,0,eGFP2
495,18:05:03,0.128,0.710,0,0,eGFP2
496,18:05:03,0.096,0.612,0,0,eGFP2
497,18:05:04,0.105,0.610,0,0,eGFP2
498,18:05:05,0.139,0.775,0,0,eGFP2
499,18:05:05,0.117,0.654,0,0,eGFP2
500,18:05:06,0.108,0.656,0,0,eGFP2
501,18:05:06,0.106,0.534,0,0,eGFP2
502,18:05:07,0.084,0.457,0,0,eGFP2
503,18:05:07,0.073,0.545,0,0,eGFP2
504,18:05:08,0.127,0.830,0,0,eGFP2
505,18:05:09,0.129,0.711,0,0,eGFP2
506,18:05:10,0.110,0.670,0,0,eGFP2
507,18:05:10,0.094,0.632,0,0,eGFP2
508,18:05:11,0.116,0.708,0,0,eGFP2
509,18:05:12,0.116,0.621,0,0,eGFP2
510,18:05:12,0.094,0.610,0,0,eGFP2
511,18:05:13,0.094,0.632,0,0,eGFP2
512,18:05:13,0.116,0.588,0,0,eGFP2
513,18:05:14,0.095,0.556,0,0,eGFP2
514,18:05:15,0.107,0.601,0,0,eGFP2
515,18:05:15,0.094,0.555,0,0,eGFP2
516,18:05:16,0.083,0.587,0,0,eGFP2
517,18:05:16,0.095,0.501,0,0,eGFP2
518,18:05:17,0.083,0.500,0,0,eGFP2
519,18:05:17,0.094,0.599,0,0,eGFP2
520,18:05:18,0.127,0.664,0,0,eGFP2
521,18:05:19,0.095,0.555,0,0,eGFP2
522,18:05:20,0.140,1.128,0,0,eGFP2
523,18:05:20,0.116,0.599,0,0,eGFP2
524,18:05:21,0.094,0.566,0,0,eGFP2
525,18:05:21,0.105,0.566,0,0,eGFP2
526,18:05:22,0.094,0.533,0,0,eGFP2
527,18:05:22,0.083,0.467,0,0,eGFP2
528,18:05:23,0.074,0.557,0,0,eGFP2
529,18:05:24,0.138,0.994,0,0,eGFP2
530,18:05:25,0.140,0.645,0,0,eGFP2
531,18:05:25,0.094,0.588,0,0,eGFP2
532,18:05:26,0.094,0.555,0,0,eGFP2
533,18:05:26,0.116,0.555,0,0,eGFP2
534,18:05:27,0.084,0.490,0,0,eGFP2
535,18:05:28,0.105,0.797,0,0,eGFP2
536,18:05:28,0.127,0.588,0,0,eGFP2
537,18:05:29,0.083,0.577,0,0,eGFP2
538,18:05:29,0.099,0.538,0,0,eGFP2
539,18:05:30,0.084,0.479,0,0,eGFP2
540,18:05:30,0.094,0.665,0,0,eGFP2
541,18:05:31,0.127,0.643,0,0,eGFP2
542,18:05:32,0.096,0.513,0,0,eGFP2
543,18:05:32,0.084,0.435,0,0,eGFP2
544,18:05:32,0.072,0.456,0,0,eGFP2
545,18:05:33,0.095,0.611,0,0,eGFP2
546,18:05:34,0.094,0.522,0,0,eGFP2
547,18:05:34,0.085,0.568,0,0,eGFP2
548,18:05:35,0.095,0.588,0,0,eGFP2
549,18:05:35,0.106,0.534,0,0,eGFP2
550,18:05:36,0.073,0.446,0,0,eGFP2
551,18:05:36,0.083,0.500,0,0,eGFP2
552,18:05:40,0.106,3.673,0,0,eGFP2
553,18:05:41,0.325,0.906,0,0,eGFP2
554,18:05:41,0.084,0.479,0,0,eGFP2
555,18:05:42,0.074,0.437,0,0,eGFP2
556,18:05:42,0.074,0.425,0,0,eGFP2
557,18:05:43,0.073,0.446,0,0,eGFP2
558,18:05:43,0.073,0.413,0,0,eGFP2
559,18:05:43,0.073,0.468,0,0,eGFP2
560,18:05:44,0.083,0.501,0,0,eGFP2
561,18:05:44,0.072,0.434,0,0,eGFP2
562,18:05:45,0.073,0.413,0,0,eGFP2
563,18:05:45,0.073,0.534,0,0,eGFP2
564,18:05:46,0.108,0.590,0,0,eGFP2
565,18:05:46,0.095,0.512,0,0,eGFP2
566,18:05:47,0.084,0.457,0,0,eGFP2
567,18:05:47,0.084,0.490,0,0,eGFP2
568,18:05:48,0.084,0.479,0,0,eGFP2
569,18:05:48,0.078,0.451,0,0,eGFP2
570,18:05:49,0.083,0.468,0,0,eGFP2
571,18:05:49,0.095,0.589,0,0,eGFP2
572,18:05:50,0.096,0.535,0,0,eGFP2
573,18:05:50,0.105,0.533,0,0,eGFP2
574,18:05:51,0.094,0.511,0,0,eGFP2
575,18:05:51,0.083,0.500,0,0,eGFP2
576,18:05:52,0.094,0.654,0,0,eGFP2
577,18:05:53,0.138,0.829,0,0,eGFP2
578,18:05:54,0.116,0.599,0,0,eGFP2
579,18:05:54,0.105,0.555,0,0,eGFP2
580,18:05:55,0.096,0.502,0,0,eGFP2
581,18:05:55,0.072,0.423,0,0,eGFP2
582,18:05:55,0.073,0.446,0,0,eGFP2
583,18:05:56,0.116,0.807,0,0,eGFP2
584,18:05:57,0.127,0.632,0,0,eGFP2
585,18:05:58,0.140,1.501,0,0,eGFP2
586,18:05:59,0.127,0.686,0,0,eGFP2
587,18:06:00,0.128,0.665,0,0,eGFP2
588,18:06:00,0.117,0.599,0,0,eGFP2
589,18:06:01,0.107,0.568,0,0,eGFP2
590,18:06:01,0.084,0.512,0,0,eGFP2
591,18:06:02,0.094,0.544,0,0,eGFP2
592,18:06:03,0.094,0.577,0,0,eGFP2
593,18:06:03,0.105,0.522,0,0,eGFP2
594,18:06:04,0.084,0.610,0,0,eGFP2
595,18:06:04,0.117,0.589,0,0,eGFP2
596,18:06:05,0.094,0.544,0,0,eGFP2
597,18:06:05,0.096,0.513,0,0,eGFP2
598,18:06:06,0.094,0.599,0,0,eGFP2
599,18:06:07,0.118,0.711,0,0,eGFP2
600,18:06:07,0.105,0.632,0,0,eGFP2
601,18:06:08,0.149,1.170,0,0,eGFP2
602,18:06:09,0.138,0.665,0,0,eGFP2
603,18:06:10,0.094,0.533,0,0,eGFP2
604,18:06:10,0.083,0.457,0,0,eGFP2
605,18:06:11,0.072,0.423,0,0,eGFP2
606,18:06:11,0.085,0.513,0,0,eGFP2
607,18:06:12,0.095,0.567,0,0,eGFP2
608,18:06:12,0.116,0.643,0,0,eGFP2
609,18:06:13,0.127,0.654,0,0,eGFP2
610,18:06:14,0.095,0.610,0,0,eGFP2
611,18:06:14,0.128,0.622,0,0,eGFP2
612,18:06:16,0.094,2.113,0,0,eGFP2
613,18:06:17,0.163,0.887,0,0,eGFP2
614,18:06:18,0.140,0.776,0,0,eGFP2
615,18:06:19,0.128,0.710,0,0,eGFP2
616,18:06:19,0.105,0.588,0,0,eGFP2
617,18:06:20,0.106,0.731,0,0,eGFP2
618,18:06:21,0.128,0.665,0,0,eGFP2
619,18:06:21,0.106,0.611,0,0,eGFP2
620,18:06:22,0.094,0.786,0,0,eGFP2
621,18:06:36,1.927,14.119,0,0,eGFP2
622,18:06:37,0.162,0.876,0,0,eGFP2
623,18:06:38,0.160,1.192,0,0,eGFP2
624,18:06:39,0.215,0.786,0,0,eGFP2
625,18:06:40,0.094,0.511,0,0,eGFP2
626,18:06:40,0.084,0.413,0,0,eGFP2
627,18:06:40,0.062,0.380,0,0,eGFP2
628,18:06:41,0.072,0.511,0,0,eGFP2
629,18:06:41,0.116,0.687,0,0,eGFP2
630,18:06:42,0.095,0.523,0,0,eGFP2
631,18:06:42,0.085,0.436,0,0,eGFP2
632,18:06:43,0.067,0.396,0,0,eGFP2
633,18:06:43,0.072,0.413,0,0,eGFP2
634,18:06:44,0.072,0.423,0,0,eGFP2
635,18:06:44,0.083,0.456,0,0,eGFP2
636,18:06:45,0.083,0.423,0,0,eGFP2
637,18:06:45,0.072,0.380,0,0,eGFP2
638,18:06:45,0.061,0.456,0,0,eGFP2
639,18:06:46,0.128,1.061,0,0,eGFP2
640,18:06:47,0.094,0.511,0,0,eGFP2
641,18:06:47,0.072,0.412,0,0,eGFP2
642,18:06:48,0.074,0.425,0,0,eGFP2
643,18:06:48,0.095,0.610,0,0,eGFP2
644,18:06:49,0.095,0.523,0,0,eGFP2
645,18:06:49,0.083,0.489,0,0,eGFP2
646,18:06:50,0.083,0.434,0,0,eGFP2
647,18:06:50,0.073,0.501,0,0,eGFP2
648,18:06:51,0.095,0.688,0,0,eGFP2
649,18:06:52,0.105,0.566,0,0,eGFP2
650,18:06:52,0.094,0.500,0,0,eGFP2
651,18:06:53,0.084,0.435,0,0,eGFP2
652,18:06:53,0.072,0.500,0,0,eGFP2
653,18:06:54,0.117,0.621,0,0,eGFP2
654,18:06:54,0.084,0.545,0,0,eGFP2
655,18:06:55,0.094,0.643,0,0,eGFP2
656,18:06:56,0.108,0.646,0,0,eGFP2
657,18:06:56,0.116,0.632,0,0,eGFP2
658,18:06:57,0.116,0.643,0,0,eGFP2
659,18:06:57,0.116,0.654,0,0,eGFP2
660,18:06:58,0.106,0.643,0,0,eGFP2
661,18:06:59,0.117,0.643,0,0,eGFP2
662,18:06:59,0.095,0.545,0,0,eGFP2
663,18:07:00,0.116,0.709,0,0,eGFP2
664,18:07:01,0.118,0.579,0,0,eGFP2
665,18:07:01,0.094,0.533,0,0,eGFP2
666,18:07:02,0.084,0.599,0,0,eGFP2
667,18:07:02,0.106,0.578,0,0,eGFP2
668,18:07:03,0.094,0.610,0,0,eGFP2
669,18:07:04,0.105,0.632,0,0,eGFP2
670,18:07:04,0.096,0.524,0,0,eGFP2
671,18:07:04,0.084,0.457,0,0,eGFP2
672,18:07:05,0.073,0.610,0,0,eGFP2
673,18:07:06,0.129,0.722,0,0,eGFP2
674,18:07:06,0.106,0.588,0,0,eGFP2
675,18:07:07,0.095,0.633,0,0,eGFP2
676,18:07:08,0.105,0.632,0,0,eGFP2
677,18:07:08,0.084,0.479,0,0,eGFP2
678,18:07:09,0.083,0.478,0,0,eGFP2
679,18:07:09,0.084,0.720,0,0,eGFP2
680,18:07:10,0.172,0.786,0,0,eGFP2
681,18:07:11,0.097,0.656,0,0,eGFP2
682,18:07:11,0.117,0.677,0,0,eGFP2
683,18:07:12,0.094,0.577,0,0,eGFP2
684,18:07:13,0.118,0.623,0,0,eGFP2
685,18:07:13,0.106,0.523,0,0,eGFP2
686,18:07:14,0.083,0.479,0,0,eGFP2
687,18:07:14,0.083,0.621,0,0,eGFP2
688,18:07:15,0.128,0.654,0,0,eGFP2
689,18:07:16,0.095,0.556,0,0,eGFP2
690,18:07:16,0.096,0.557,0,0,eGFP2
691,18:07:17,0.084,0.479,0,0,eGFP2
692,18:07:17,0.084,0.457,0,0,eGFP2
693,18:07:18,0.084,0.720,0,0,eGFP2
694,18:07:18,0.183,0.776,0,0,eGFP2
695,18:07:20,0.094,1.060,0,0,eGFP2
696,18:07:21,0.473,1.186,0,0,eGFP2
697,18:07:21,0.116,0.632,0,0,eGFP2
698,18:07:22,0.095,0.589,0,0,eGFP2
699,18:07:23,0.107,0.732,0,0,eGFP2
700,18:07:23,0.105,0.610,0,0,eGFP2
701,18:07:24,0.094,0.544,0,0,eGFP2
702,18:07:24,0.083,0.544,0,0,eGFP2
703,18:07:25,0.083,0.544,0,0,eGFP2
704,18:07:26,0.094,0.588,0,0,eGFP2
705,18:07:26,0.083,0.478,0,0,eGFP2
706,18:07:27,0.096,0.612,0,0,eGFP2
707,18:07:27,0.105,0.676,0,0,eGFP2
708,18:07:28,0.116,0.566,0,0,eGFP2
709,18:07:28,0.094,0.511,0,0,eGFP2
710,18:07:29,0.094,0.511,0,0,eGFP2
711,18:07:30,0.094,0.632,0,0,eGFP2
712,18:07:30,0.117,0.973,0,0,eGFP2
713,18:07:31,0.261,0.996,0,0,eGFP2
714,18:07:32,0.105,0.610,0,0,eGFP2
715,18:07:33,0.107,0.655,0,0,eGFP2
716,18:07:33,0.106,0.545,0,0,eGFP2
717,18:07:34,0.083,0.533,0,0,eGFP2
718,18:07:34,0.094,0.533,0,0,eGFP2
719,18:07:35,0.094,0.544,0,0,eGFP2
720,18:07:36,0.116,0.676,0,0,eGFP2
721,18:07:36,0.094,0.610,0,0,eGFP2
722,18:07:37,0.116,0.632,0,0,eGFP2
723,18:07:38,0.151,1.029,0,0,eGFP2
724,18:07:38,0.127,0.599,0,0,eGFP2
725,18:07:39,0.105,0.775,0,0,eGFP2
726,18:07:40,0.138,0.731,0,0,eGFP2
727,18:07:41,0.107,0.754,0,0,eGFP2
728,18:07:42,0.742,1.225,0,0,eGFP2
729,18:07:43,0.314,0.961,0,0,eGFP2
730,18:07:43,0.117,0.610,0,0,eGFP2
731,18:07:44,0.106,0.578,0,0,eGFP2
732,18:07:45,0.093,0.586,0,0,eGFP2
733,18:07:45,0.106,0.523,0,0,eGFP2
734,18:07:46,0.083,0.467,0,0,eGFP2
735,18:07:46,0.095,0.633,0,0,eGFP2
736,18:07:47,0.116,0.566,0,0,eGFP2
737,18:07:47,0.084,0.479,0,0,eGFP2
738,18:07:48,0.083,0.500,0,0,eGFP2
739,18:07:48,0.084,0.501,0,0,eGFP2
740,18:07:49,0.085,0.535,0,0,eGFP2
741,18:07:51,1.292,2.401,0,0,eGFP2
742,18:07:52,0.368,1.115,0,0,eGFP2
743,18:07:53,0.127,0.654,0,0,eGFP2
744,18:07:54,0.083,0.489,0,0,eGFP2
745,18:07:54,0.084,0.446,0,0,eGFP2
746,18:07:55,0.073,0.534,0,0,eGFP2
747,18:07:55,0.116,0.610,0,0,eGFP2
748,18:07:56,0.085,0.470,0,0,eGFP2
749,18:07:56,0.094,0.522,0,0,eGFP2
750,18:07:57,0.106,0.622,0,0,eGFP2
751,18:07:57,0.094,0.500,0,0,eGFP2
752,18:07:58,0.073,0.512,0,0,eGFP2
753,18:07:58,0.095,0.698,0,0,eGFP2
754,18:07:59,0.106,0.578,0,0,eGFP2
755,18:07:59,0.083,0.467,0,0,eGFP2
756,18:08:00,0.072,0.609,0,0,eGFP2
757,18:08:01,0.119,0.624,0,0,eGFP2
758,18:08:01,0.105,0.610,0,0,eGFP2
759,18:08:02,0.100,0.637,0,0,eGFP2
760,18:08:03,0.105,0.610,0,0,eGFP2
761,18:08:03,0.116,0.687,0,0,eGFP2
762,18:08:04,0.105,0.555,0,0,eGFP2
763,18:08:04,0.094,0.598,0,0,eGFP2
764,18:08:05,0.138,0.720,0,0,eGFP2
765,18:08:06,0.107,0.567,0,0,eGFP2
766,18:08:06,0.105,0.797,0,0,eGFP2
767,18:08:07,0.149,0.686,0,0,eGFP2
768,18:08:08,0.105,1.082,0,0,eGFP2
769,18:08:09,0.171,0.709,0,0,eGFP2
770,18:08:10,0.106,0.589,0,0,eGFP2
771,18:08:10,0.083,0.522,0,0,eGFP2
772,18:08:11,0.095,0.610,0,0,eGFP2
773,18:08:11,0.096,0.513,0,0,eGFP2
774,18:08:12,0.083,0.599,0,0,eGFP2
775,18:08:13,0.160,0.994,0,0,eGFP2
776,18:08:14,0.127,0.720,0,0,eGFP2
777,18:08:14,0.105,0.621,0,0,eGFP2
778,18:08:15,0.105,0.620,0,0,eGFP2
779,18:08:15,0.106,0.566,0,0,eGFP2
780,18:08:16,0.084,0.534,0,0,eGFP2
781,18:08:17,0.105,0.664,0,0,eGFP2
782,18:08:17,0.118,0.590,0,0,eGFP2
783,18:08:18,0.083,0.500,0,0,eGFP2
784,18:08:18,0.107,0.864,0,0,eGFP2
785,18:08:19,0.150,0.676,0,0,eGFP2
786,18:08:20,0.095,0.577,0,0,eGFP2
787,18:08:20,0.106,0.545,0,0,eGFP2
788,18:08:21,0.083,0.676,0,0,eGFP2
789,18:08:22,0.215,0.994,0,0,eGFP2
790,18:08:22,0.096,0.546,0,0,eGFP2
791,18:08:23,0.105,0.687,0,0,eGFP2
792,18:08:24,0.127,0.610,0,0,eGFP2
793,18:08:24,0.094,0.566,0,0,eGFP2
794,18:08:25,0.105,0.533,0,0,eGFP2
795,18:08:25,0.084,0.468,0,0,eGFP2
796,18:08:26,0.083,0.566,0,0,eGFP2
797,18:08:27,0.160,1.104,0,0,eGFP2
798,18:08:28,0.118,0.656,0,0,eGFP2
799,18:08:28,0.096,0.601,0,0,eGFP2
800,18:08:29,0.105,0.577,0,0,eGFP2
801,18:08:29,0.084,0.555,0,0,eGFP2
802,18:08:30,0.106,0.622,0,0,eGFP2
803,18:08:31,0.094,0.533,0,0,eGFP2
804,18:08:31,0.106,0.819,0,0,eGFP2
805,18:08:32,0.117,0.643,0,0,eGFP2
806,18:08:33,0.128,0.852,0,0,eGFP2
807,18:08:34,0.163,1.084,0,0,eGFP2
808,18:08:35,0.128,0.633,0,0,eGFP2
809,18:08:35,0.083,0.588,0,0,eGFP2
810,18:08:36,0.095,0.534,0,0,eGFP2
811,18:08:36,0.094,0.621,0,0,eGFP2
812,18:08:37,0.107,0.689,0,0,eGFP2
813,18:08:38,0.116,0.753,0,0,eGFP2
814,18:08:39,0.215,1.323,0,0,eGFP2
815,18:08:40,0.119,0.700,0,0,eGFP2
816,18:08:41,0.128,1.050,0,0,eGFP2
817,18:08:44,1.126,2.926,0,0,eGFP2
818,18:08:45,0.193,1.675,0,0,eGFP2
819,18:08:47,0.468,1.422,0,0,eGFP2
820,18:08:48,0.205,1.335,0,0,eGFP2
821,18:08:50,0.402,1.368,0,0,eGFP2
822,18:08:51,0.210,1.439,0,0,eGFP2
823,18:08:52,0.314,1.268,0,0,eGFP2
824,18:08:54,0.326,1.577,0,0,eGFP2
825,18:08:55,0.149,0.775,0,0,eGFP2
826,18:08:55,0.116,0.720,0,0,eGFP2
827,18:08:56,0.117,0.995,0,0,eGFP2
828,18:08:58,0.676,1.499,0,0,eGFP2
829,18:08:59,0.193,1.103,0,0,eGFP2
830,18:09:00,0.160,1.060,0,0,eGFP2
831,18:09:01,0.292,1.323,0,0,eGFP2
832,18:09:02,0.206,0.985,0,0,eGFP2
833,18:09:07,1.071,4.275,0,0,eGFP2
834,18:09:08,0.138,1.049,0,0,eGFP2
835,18:09:09,0.182,0.950,0,0,eGFP2
836,18:09:11,0.775,2.761,0,0,eGFP2
837,18:09:16,2.959,4.517,0,0,eGFP2
838,18:09:17,0.182,0.972,0,0,eGFP2
839,18:09:18,0.160,0.840,0,0,eGFP2
840,18:09:18,0.128,0.720,0,0,eGFP2
841,18:09:19,0.119,0.712,0,0,eGFP2
842,18:09:21,0.149,1.400,0,0,eGFP2
843,18:09:37,0.226,16.248,0,0,eGFP2
844,18:09:38,0.149,0.786,0,0,eGFP2
845,18:09:38,0.105,0.851,0,0,eGFP2
846,18:09:41,1.521,2.268,0,0,eGFP2
847,18:09:42,0.149,0.972,0,0,eGFP2
848,18:09:44,0.215,2.355,0,0,eGFP2
849,18:09:45,0.129,1.039,0,0,eGFP2
850,18:09:46,0.172,0.984,0,0,eGFP2
851,18:09:47,0.270,0.533,0,0,eGFP2
852,18:09:48,0.314,1.192,0,0,eGFP2
853,18:09:49,0.127,1.170,0,0,eGFP2
854,18:09:52,0.171,2.871,0,0,eGFP2
855,18:09:53,0.205,1.336,0,0,eGFP2
856,18:09:56,0.621,2.761,0,0,eGFP2
857,18:09:57,0.216,1.588,0,0,eGFP2
858,18:09:59,0.259,1.927,0,0,eGFP2
859,18:10:01,0.270,1.543,0,0,eGFP2
860,18:10:02,0.369,0.687,0,0,eGFP2
861,18:10:04,1.368,2.388,0,0,eGFP2
862,18:10:07,0.237,2.740,0,0,eGFP2
863,18:10:09,0.237,2.322,0,0,eGFP2
864,18:10:10,0.149,0.731,0,0,eGFP2
865,18:10:12,0.391,2.388,0,0,eGFP2
866,18:10:14,0.206,1.457,0,0,eGFP2
867,18:10:16,0.149,2.454,0,0,eGFP2
868,18:10:17,0.215,1.291,0,0,eGFP2
869,18:10:18,0.108,0.712,0,0,eGFP2
870,18:10:19,0.116,0.588,0,0,eGFP2
871,18:10:25,0.103,6.435,0,0,eGFP2
872,18:10:29,0.149,3.935,0,0,eGFP2
873,18:10:32,0.247,2.804,0,0,eGFP2
874,18:10:33,0.173,1.204,0,0,eGFP2
875,18:10:35,0.401,1.455,0,0,eGFP2
876,18:10:36,0.182,1.257,0,0,eGFP2
877,18:10:38,0.193,2.300,0,0,eGFP2
878,18:10:39,0.127,1.115,0,0,eGFP2
879,18:10:40,0.159,0.840,0,0,eGFP2
880,18:10:41,0.160,0.939,0,0,eGFP2
881,18:10:42,0.160,0.796,0,0,eGFP2
882,18:10:43,0.105,0.731,0,0,eGFP2
883,18:10:43,0.163,0.766,0,0,eGFP2
884,18:10:44,0.106,0.852,0,0,eGFP2
885,18:10:45,0.182,0.818,0,0,eGFP2
886,18:10:46,0.116,0.851,0,0,eGFP2
887,18:10:47,0.171,0.929,0,0,eGFP2
888,18:10:48,0.434,1.663,0,0,eGFP2
889,18:10:49,0.303,0.972,0,0,eGFP2
890,18:10:52,0.171,2.212,0,0,eGFP2
891,18:10:53,0.162,1.182,0,0,eGFP2
892,18:10:54,0.204,0.896,0,0,eGFP2
893,18:10:54,0.116,0.676,0,0,eGFP2
894,18:10:55,0.138,0.818,0,0,eGFP2
895,18:10:56,0.105,0.610,0,0,eGFP2
896,18:10:57,0.127,1.049,0,0,eGFP2
897,18:10:58,0.149,0.808,0,0,eGFP2
898,18:10:58,0.139,0.853,0,0,eGFP2
899,18:10:59,0.107,0.633,0,0,eGFP2
900,18:11:00,0.106,0.578,0,0,eGFP2
901,18:11:02,0.105,2.190,0,0,eGFP2
902,18:11:03,0.149,0.830,0,0,eGFP2
903,18:11:04,0.160,0.884,0,0,eGFP2
904,18:11:06,0.182,2.597,0,0,eGFP2
905,18:11:08,0.423,1.334,0,0,eGFP2
906,18:11:09,0.215,1.807,0,0,eGFP2
907,18:11:10,0.160,0.983,0,0,eGFP2
908,18:11:14,0.206,3.213,0,0,eGFP2
909,18:11:15,0.182,1.170,0,0,eGFP2
910,18:11:15,0.116,0.687,0,0,eGFP2
911,18:11:16,0.149,1.027,0,0,eGFP2
912,18:11:18,0.198,1.636,0,0,eGFP2
913,18:11:19,0.182,1.203,0,0,eGFP2
914,18:11:20,0.292,1.082,0,0,eGFP2
915,18:11:23,0.654,2.607,0,0,eGFP2
916,18:12:24,59.881,60.638,0,0,eGFP2
917,18:12:24,0.106,0.709,0,0,eGFP2
918,18:12:25,0.150,0.742,0,0,eGFP2
919,18:12:26,0.117,0.995,0,0,eGFP2
920,18:12:27,0.160,0.851,0,0,eGFP2
921,18:12:28,0.194,1.379,0,0,eGFP2
922,18:12:30,0.182,1.466,0,0,eGFP2
923,18:12:31,0.150,1.269,0,0,eGFP2
924,18:12:32,0.160,0.808,0,0,eGFP2
925,18:12:32,0.129,0.656,0,0,eGFP2
926,18:12:33,0.129,0.744,0,0,eGFP2
927,18:12:34,0.116,0.830,0,0,eGFP2
928,18:12:35,0.193,1.181,0,0,eGFP2
929,18:12:37,0.204,1.488,0,0,eGFP2
930,18:12:38,0.139,1.039,0,0,eGFP2
931,18:12:38,0.138,0.654,0,0,eGFP2
932,18:12:39,0.095,0.556,0,0,eGFP2
933,18:12:40,0.118,0.755,0,0,eGFP2
934,18:12:41,0.133,1.296,0,0,eGFP2
935,18:12:42,0.247,1.103,0,0,eGFP2
936,18:12:43,0.149,0.764,0,0,eGFP2
937,18:12:43,0.105,0.522,0,0,eGFP2
938,18:12:44,0.083,0.467,0,0,eGFP2
939,18:12:46,0.105,1.740,0,0,eGFP2
940,18:12:46,0.195,0.743,0,0,eGFP2
941,18:12:47,0.096,0.656,0,0,eGFP2
942,18:12:48,0.116,0.555,0,0,eGFP2
943,18:12:48,0.083,0.533,0,0,eGFP2
944,18:12:49,0.105,0.665,0,0,eGFP2
945,18:12:49,0.105,0.643,0,0,eGFP2
946,18:12:50,0.116,0.719,0,0,eGFP2
947,18:12:51,0.127,1.027,0,0,eGFP2
948,18:12:55,0.610,3.836,0,0,eGFP2
949,18:12:56,0.391,1.225,0,0,eGFP2
950,18:12:57,0.238,0.996,0,0,eGFP2
951,18:12:58,0.138,0.741,0,0,eGFP2
952,18:12:58,0.095,0.490,0,0,eGFP2
953,18:12:59,0.083,0.664,0,0,eGFP2
954,18:13:00,0.139,0.819,0,0,eGFP2
955,18:13:01,0.140,0.798,0,0,eGFP2
956,18:13:01,0.116,0.665,0,0,eGFP2
957,18:13:04,0.171,2.487,0,0,eGFP2
958,18:13:04,0.096,0.513,0,0,eGFP2
959,18:13:05,0.083,0.456,0,0,eGFP2
960,18:13:05,0.062,0.511,0,0,eGFP2
961,18:13:06,0.150,0.995,0,0,eGFP2
962,18:13:07,0.116,0.555,0,0,eGFP2
963,18:13:11,0.105,3.825,0,0,eGFP2
964,18:13:12,0.227,0.863,0,0,eGFP2
965,18:13:12,0.105,0.577,0,0,eGFP2
966,18:13:13,0.084,0.468,0,0,eGFP2
967,18:13:13,0.074,0.447,0,0,eGFP2
968,18:13:14,0.072,0.533,0,0,eGFP2
969,18:13:15,0.129,1.446,0,0,eGFP2
970,18:13:16,0.128,0.643,0,0,eGFP2
971,18:13:16,0.084,0.512,0,0,eGFP2
972,18:13:17,0.094,0.643,0,0,eGFP2
973,18:13:17,0.105,0.555,0,0,eGFP2
974,18:13:19,0.117,1.170,0,0,eGFP2
975,18:13:19,0.184,0.722,0,0,eGFP2
976,18:13:20,0.095,0.501,0,0,eGFP2
977,18:13:20,0.072,0.445,0,0,eGFP2
978,18:13:21,0.073,0.523,0,0,eGFP2
979,18:13:23,0.127,1.960,0,0,eGFP2
980,18:13:23,0.105,0.544,0,0,eGFP2
981,18:13:24,0.095,0.666,0,0,eGFP2
982,18:13:24,0.105,0.511,0,0,eGFP2
983,18:13:25,0.076,0.559,0,0,eGFP2
984,18:13:26,0.106,0.545,0,0,eGFP2
985,18:13:26,0.083,0.434,0,0,eGFP2
986,18:13:27,0.084,0.622,0,0,eGFP2
987,18:13:27,0.149,0.753,0,0,eGFP2
988,18:13:28,0.095,0.490,0,0,eGFP2
989,18:13:28,0.072,0.434,0,0,eGFP2
990,18:13:29,0.073,0.479,0,0,eGFP2
991,18:13:30,0.117,0.830,0,0,eGFP2
992,18:13:30,0.140,0.733,0,0,eGFP2
993,18:13:31,0.106,0.621,0,0,eGFP2
994,18:13:32,0.106,0.874,0,0,eGFP2
995,18:13:33,0.183,0.940,0,0,eGFP2
996,18:13:34,0.139,0.874,0,0,eGFP2
997,18:13:34,0.178,0.793,0,0,eGFP2
998,18:13:35,0.094,0.522,0,0,eGFP2
999,18:13:35,0.094,0.500,0,0,eGFP2
1000,18:13:36,0.084,0.480,0,0,eGFP2
1001,18:13:37,0.083,0.609,0,0,eGFP2
1002,18:13:37,0.182,0.797,0,0,eGFP2
1003,18:13:38,0.511,1.169,0,0,eGFP2
1004,18:13:39,0.094,0.467,0,0,eGFP2
1005,18:13:39,0.084,0.501,0,0,eGFP2
1006,18:13:40,0.072,0.423,0,0,eGFP2
1007,18:13:40,0.072,0.456,0,0,eGFP2
1008,18:13:41,0.085,0.787,0,0,eGFP2
1009,18:13:44,0.281,2.926,0,0,eGFP2
1010,18:14:02,2.245,18.300,0,0,eGFP2
1011,18:14:03,0.128,0.666,0,0,eGFP2
1012,18:14:04,0.116,0.763,0,0,eGFP2
1013,18:14:04,0.128,0.665,0,0,eGFP2
1014,18:14:05,0.105,0.687,0,0,eGFP2
1015,18:14:06,0.138,0.742,0,0,eGFP2
1016,18:14:07,0.105,1.312,0,0,eGFP2
1017,18:14:08,0.162,0.732,0,0,eGFP2
1018,18:14:09,0.193,0.808,0,0,eGFP2
1019,18:14:10,0.149,1.115,0,0,eGFP2
1020,18:14:10,0.149,0.654,0,0,eGFP2
1021,18:14:12,0.127,1.718,0,0,eGFP2
1022,18:14:14,0.094,1.323,0,0,eGFP2
1023,18:14:15,0.128,1.203,0,0,eGFP2
1024,18:14:16,0.171,0.775,0,0,eGFP2
1025,18:14:16,0.207,0.372,0,0,eGFP2
1026,18:14:17,0.588,1.411,0,0,eGFP2
1027,18:14:18,0.160,0.621,0,0,eGFP2
1028,18:14:19,0.336,0.994,0,0,eGFP2
1029,18:14:24,0.149,4.813,0,0,eGFP2
1030,18:14:24,0.139,0.643,0,0,eGFP2
1031,18:14:25,0.095,0.654,0,0,eGFP2
1032,18:14:33,0.479,8.194,0,0,eGFP2
1033,18:14:34,0.129,0.765,0,0,eGFP2
1034,18:14:35,0.127,0.610,0,0,eGFP2
1035,18:14:35,0.084,0.435,0,0,eGFP2
1036,18:14:35,0.072,0.479,0,0,eGFP2
1037,18:14:36,0.116,0.665,0,0,eGFP2
1038,18:14:37,0.127,0.873,0,0,eGFP2
1039,18:14:38,0.140,0.689,0,0,eGFP2
1040,18:14:38,0.083,0.446,0,0,eGFP2
1041,18:14:39,0.074,0.568,0,0,eGFP2
1042,18:14:40,0.215,0.917,0,0,eGFP2
1043,18:14:40,0.095,0.512,0,0,eGFP2
1044,18:14:41,0.083,0.445,0,0,eGFP2
1045,18:14:41,0.073,0.424,0,0,eGFP2
1046,18:14:42,0.073,0.479,0,0,eGFP2
1047,18:14:42,0.094,0.698,0,0,eGFP2
1048,18:14:43,0.095,0.523,0,0,eGFP2
1049,18:14:43,0.072,0.456,0,0,eGFP2
1050,18:14:44,0.097,0.525,0,0,eGFP2
1051,18:14:44,0.083,0.478,0,0,eGFP2
1052,18:14:45,0.084,0.556,0,0,eGFP2
1053,18:14:45,0.107,0.623,0,0,eGFP2
1054,18:14:46,0.094,0.479,0,0,eGFP2
1055,18:14:46,0.072,0.423,0,0,eGFP2
1056,18:14:47,0.073,0.424,0,0,eGFP2
1057,18:14:47,0.073,0.545,0,0,eGFP2
1058,18:14:48,0.118,0.941,0,0,eGFP2
1059,18:14:49,0.128,0.556,0,0,eGFP2
1060,18:14:49,0.084,0.435,0,0,eGFP2
1061,18:14:50,0.077,0.780,0,0,eGFP2
1062,18:14:51,0.236,0.895,0,0,eGFP2
1063,18:14:51,0.094,0.533,0,0,eGFP2
1064,18:14:52,0.072,0.445,0,0,eGFP2
1065,18:14:52,0.083,0.489,0,0,eGFP2
1066,18:14:53,0.097,0.547,0,0,eGFP2
1067,18:14:53,0.094,0.489,0,0,eGFP2
1068,18:14:54,0.072,0.434,0,0,eGFP2
1069,18:14:54,0.073,0.643,0,0,eGFP2
1070,18:14:55,0.182,0.808,0,0,eGFP2
1071,18:14:56,0.105,0.533,0,0,eGFP2
1072,18:14:56,0.094,0.566,0,0,eGFP2
1073,18:14:57,0.083,0.456,0,0,eGFP2
1074,18:14:57,0.077,0.439,0,0,eGFP2
1075,18:14:58,0.083,0.665,0,0,eGFP2
1076,18:14:59,0.171,0.797,0,0,eGFP2
1077,18:14:59,0.094,0.489,0,0,eGFP2
1078,18:15:00,0.083,0.577,0,0,eGFP2
1079,18:15:00,0.116,0.654,0,0,eGFP2
1080,18:15:01,0.095,0.523,0,0,eGFP2
1081,18:15:01,0.095,0.512,0,0,eGFP2
1082,18:15:02,0.083,0.643,0,0,eGFP2
1083,18:15:03,0.128,0.677,0,0,eGFP2
1084,18:15:03,0.083,0.489,0,0,eGFP2
1085,18:15:04,0.084,1.017,0,0,eGFP2
1086,18:15:05,0.324,0.928,0,0,eGFP2
1087,18:15:07,0.094,1.323,0,0,eGFP2
1088,18:15:08,0.292,1.071,0,0,eGFP2
1089,18:15:08,0.128,0.589,0,0,eGFP2
1090,18:15:09,0.072,0.500,0,0,eGFP2
1091,18:15:09,0.107,0.623,0,0,eGFP2
1092,18:15:10,0.094,0.478,0,0,eGFP2
1093,18:15:10,0.073,0.435,0,0,eGFP2
1094,18:15:11,0.096,0.722,0,0,eGFP2
1095,18:15:12,0.116,0.599,0,0,eGFP2
1096,18:15:12,0.105,0.522,0,0,eGFP2
1097,18:15:12,0.073,0.424,0,0,eGFP2
1098,18:15:13,0.073,0.479,0,0,eGFP2
1099,18:15:14,0.129,0.886,0,0,eGFP2
1100,18:15:14,0.105,0.566,0,0,eGFP2
1101,18:15:15,0.106,0.654,0,0,eGFP2
1102,18:15:16,0.106,0.611,0,0,eGFP2
1103,18:15:17,0.138,1.543,0,0,eGFP2
1104,18:15:18,0.116,0.555,0,0,eGFP2
1105,18:15:18,0.084,0.512,0,0,eGFP2
1106,18:15:19,0.084,0.468,0,0,eGFP2
1107,18:15:21,0.074,1.819,0,0,eGFP2
1108,18:15:22,0.283,1.150,0,0,eGFP2
1109,18:15:22,0.105,0.621,0,0,eGFP2
1110,18:15:23,0.106,0.567,0,0,eGFP2
1111,18:15:23,0.072,0.445,0,0,eGFP2
1112,18:15:25,0.084,1.247,0,0,eGFP2
1113,18:15:25,0.150,0.633,0,0,eGFP2
1114,18:15:26,0.083,0.434,0,0,eGFP2
1115,18:15:26,0.062,0.446,0,0,eGFP2
1116,18:15:27,0.097,0.667,0,0,eGFP2
1117,18:15:27,0.117,0.545,0,0,eGFP2
1118,18:15:28,0.073,0.501,0,0,eGFP2
1119,18:15:28,0.094,0.544,0,0,eGFP2
1120,18:15:29,0.073,0.413,0,0,eGFP2
1121,18:15:29,0.073,0.468,0,0,eGFP2
1122,18:15:30,0.108,0.832,0,0,eGFP2
1123,18:15:31,0.128,0.600,0,0,eGFP2
1124,18:15:31,0.079,0.441,0,0,eGFP2
1125,18:15:32,0.072,0.478,0,0,eGFP2
1126,18:15:32,0.094,0.742,0,0,eGFP2
1127,18:15:33,0.127,0.599,0,0,eGFP2
1128,18:15:33,0.083,0.456,0,0,eGFP2
1129,18:15:34,0.072,0.423,0,0,eGFP2
1130,18:15:34,0.083,0.621,0,0,eGFP2
1131,18:15:35,0.171,0.829,0,0,eGFP2
1132,18:15:36,0.107,0.568,0,0,eGFP2
1133,18:15:36,0.083,0.500,0,0,eGFP2
1134,18:15:37,0.083,0.467,0,0,eGFP2
1135,18:15:37,0.094,0.643,0,0,eGFP2
1136,18:15:38,0.162,0.809,0,0,eGFP2
1137,18:15:39,0.116,0.698,0,0,eGFP2
1138,18:15:40,0.237,1.159,0,0,eGFP2
1139,18:15:41,0.127,0.665,0,0,eGFP2
1140,18:15:41,0.096,0.491,0,0,eGFP2
1141,18:15:42,0.072,0.423,0,0,eGFP2
1142,18:15:42,0.084,0.687,0,0,eGFP2
1143,18:15:43,0.138,0.698,0,0,eGFP2
1144,18:15:44,0.094,0.522,0,0,eGFP2
1145,18:15:44,0.106,0.665,0,0,eGFP2
1146,18:15:45,0.117,0.567,0,0,eGFP2
1147,18:15:46,0.083,1.290,0,0,eGFP2
1148,18:15:47,0.369,0.929,0,0,eGFP2
1149,18:15:48,0.097,0.536,0,0,eGFP2
1150,18:15:49,0.127,1.049,0,0,eGFP2
1151,18:15:49,0.106,0.556,0,0,eGFP2
1152,18:15:52,0.127,3.233,0,0,eGFP2
1153,18:15:53,0.346,0.939,0,0,eGFP2
1154,18:15:54,0.094,0.522,0,0,eGFP2
1155,18:15:54,0.095,0.534,0,0,eGFP2
1156,18:15:55,0.094,0.456,0,0,eGFP2
1157,18:15:55,0.075,0.459,0,0,eGFP2
1158,18:15:57,0.116,1.159,0,0,eGFP2
1159,18:15:57,0.105,0.522,0,0,eGFP2
1160,18:15:57,0.084,0.435,0,0,eGFP2
1161,18:15:58,0.062,0.402,0,0,eGFP2
1162,18:15:58,0.083,0.544,0,0,eGFP2
1163,18:15:59,0.107,0.557,0,0,eGFP2
1164,18:16:01,0.084,1.917,0,0,eGFP2
1165,18:16:01,0.107,0.502,0,0,eGFP2
1166,18:16:02,0.061,0.402,0,0,eGFP2
1167,18:16:02,0.072,0.467,0,0,eGFP2
1168,18:16:03,0.106,0.600,0,0,eGFP2
1169,18:16:03,0.083,0.434,0,0,eGFP2
1170,18:16:04,0.084,0.578,0,0,eGFP2
1171,18:16:05,0.138,0.698,0,0,eGFP2
1172,18:16:05,0.084,0.468,0,0,eGFP2
1173,18:16:06,0.083,0.577,0,0,eGFP2
1174,18:16:06,0.104,0.565,0,0,eGFP2
1175,18:16:07,0.084,0.501,0,0,eGFP2
1176,18:16:07,0.095,0.621,0,0,eGFP2
1177,18:16:08,0.097,0.580,0,0,eGFP2
1178,18:16:08,0.094,0.566,0,0,eGFP2
1179,18:16:09,0.095,0.578,0,0,eGFP2
1180,18:16:10,0.105,0.577,0,0,eGFP2
1181,18:16:10,0.095,0.688,0,0,eGFP2
1182,18:16:11,0.118,0.634,0,0,eGFP2
1183,18:16:11,0.095,0.523,0,0,eGFP2
1184,18:16:12,0.094,0.709,0,0,eGFP2
1185,18:16:13,0.117,0.589,0,0,eGFP2
1186,18:16:13,0.083,0.457,0,0,eGFP2
1187,18:16:14,0.077,0.615,0,0,eGFP2
1188,18:16:15,0.193,0.906,0,0,eGFP2
1189,18:16:15,0.094,0.654,0,0,eGFP2
1190,18:16:16,0.162,0.776,0,0,eGFP2
1191,18:16:17,0.096,0.513,0,0,eGFP2
1192,18:16:17,0.083,0.522,0,0,eGFP2
1193,18:16:18,0.105,0.665,0,0,eGFP2
1194,18:16:18,0.116,0.533,0,0,eGFP2
1195,18:16:19,0.072,0.544,0,0,eGFP2
1196,18:16:22,0.533,2.760,0,0,eGFP2
1197,18:16:23,0.314,0.874,0,0,eGFP2
1198,18:16:23,0.085,0.622,0,0,eGFP2
1199,18:16:24,0.127,0.632,0,0,eGFP2
1200,18:16:24,0.083,0.467,0,0,eGFP2
1201,18:16:25,0.084,0.435,0,0,eGFP2
1202,18:16:25,0.072,0.456,0,0,eGFP2
1203,18:16:26,0.094,0.577,0,0,eGFP2
1204,18:16:26,0.083,0.468,0,0,eGFP2
1205,18:16:27,0.084,0.534,0,0,eGFP2
1206,18:16:27,0.095,0.545,0,0,eGFP2
1207,18:16:28,0.084,0.479,0,0,eGFP2
1208,18:16:28,0.084,0.479,0,0,eGFP2
1209,18:16:29,0.083,0.456,0,0,eGFP2
1210,18:16:29,0.084,0.588,0,0,eGFP2
1211,18:16:30,0.150,0.742,0,0,eGFP2
1212,18:16:31,0.094,0.566,0,0,eGFP2
1213,18:16:31,0.106,0.643,0,0,eGFP2
1214,18:16:32,0.084,0.545,0,0,eGFP2
1215,18:16:33,0.107,0.743,0,0,eGFP2
1216,18:16:33,0.138,0.720,0,0,eGFP2
1217,18:16:34,0.083,0.522,0,0,eGFP2
1218,18:16:34,0.095,0.621,0,0,eGFP2
1219,18:16:35,0.096,0.612,0,0,eGFP2
1220,18:16:36,0.106,0.534,0,0,eGFP2
1221,18:16:36,0.072,0.445,0,0,eGFP2
1222,18:16:37,0.095,0.819,0,0,eGFP2
1223,18:16:38,0.282,1.292,0,0,eGFP2
1224,18:16:39,0.106,0.566,0,0,eGFP2
1225,18:16:39,0.095,0.545,0,0,eGFP2
1226,18:16:40,0.083,0.489,0,0,eGFP2
1227,18:16:40,0.084,0.479,0,0,eGFP2
1228,18:16:41,0.094,0.500,0,0,eGFP2
1229,18:16:41,0.095,0.578,0,0,eGFP2
1230,18:16:42,0.138,0.753,0,0,eGFP2
1231,18:16:43,0.118,0.590,0,0,eGFP2
1232,18:16:43,0.105,0.775,0,0,eGFP2
1233,18:16:44,0.158,0.740,0,0,eGFP2
1234,18:16:45,0.084,0.599,0,0,eGFP2
1235,18:16:45,0.128,0.655,0,0,eGFP2
1236,18:16:46,0.094,0.489,0,0,eGFP2
1237,18:16:47,0.095,0.666,0,0,eGFP2
1238,18:16:47,0.138,0.698,0,0,eGFP2
1239,18:16:48,0.105,0.588,0,0,eGFP2
1240,18:16:49,0.097,0.821,0,0,eGFP2
1241,18:16:50,0.226,1.324,0,0,eGFP2
1242,18:16:51,0.160,0.643,0,0,eGFP2
1243,18:16:51,0.084,0.490,0,0,eGFP2
1244,18:16:52,0.072,0.467,0,0,eGFP2
1245,18:16:52,0.084,0.435,0,0,eGFP2
1246,18:16:52,0.075,0.459,0,0,eGFP2
1247,18:16:53,0.095,0.577,0,0,eGFP2
1248,18:16:53,0.086,0.459,0,0,eGFP2
1249,18:16:54,0.062,0.402,0,0,eGFP2
1250,18:16:55,0.073,0.665,0,0,eGFP2
1251,18:16:55,0.133,0.604,0,0,eGFP2
1252,18:16:56,0.073,0.446,0,0,eGFP2
1253,18:16:56,0.072,0.555,0,0,eGFP2
1254,18:16:57,0.126,0.686,0,0,eGFP2
1255,18:16:57,0.094,0.522,0,0,eGFP2
1256,18:16:58,0.107,0.590,0,0,eGFP2
1257,18:16:58,0.094,0.511,0,0,eGFP2
1258,18:16:59,0.105,0.785,0,0,eGFP2
1259,18:17:00,0.138,0.632,0,0,eGFP2
1260,18:17:00,0.084,0.600,0,0,eGFP2
1261,18:17:01,0.138,0.884,0,0,eGFP2
1262,18:17:02,0.117,0.556,0,0,eGFP2
1263,18:17:02,0.072,0.489,0,0,eGFP2
1264,18:17:03,0.095,0.842,0,0,eGFP2
1265,18:17:05,0.247,1.959,0,0,eGFP2
1266,18:17:06,0.182,0.709,0,0,eGFP2
1267,18:17:06,0.083,0.489,0,0,eGFP2
1268,18:17:07,0.094,0.687,0,0,eGFP2
1269,18:17:08,0.116,0.566,0,0,eGFP2
1270,18:17:08,0.083,0.533,0,0,eGFP2
1271,18:17:09,0.095,0.468,0,0,eGFP2
1272,18:17:09,0.072,0.522,0,0,eGFP2
1273,18:17:10,0.140,0.776,0,0,eGFP2
1274,18:17:11,0.096,0.568,0,0,eGFP2
1275,18:17:11,0.105,0.654,0,0,eGFP2
1276,18:17:12,0.105,0.533,0,0,eGFP2
1277,18:17:12,0.072,0.434,0,0,eGFP2
1278,18:17:13,0.073,0.610,0,0,eGFP2
1279,18:17:14,0.161,1.291,0,0,eGFP2
1280,18:17:15,0.116,0.555,0,0,eGFP2
1281,18:17:15,0.096,0.601,0,0,eGFP2
1282,18:17:16,0.105,0.555,0,0,eGFP2
1283,18:17:16,0.094,0.555,0,0,eGFP2
1284,18:17:17,0.084,0.490,0,0,eGFP2
1285,18:17:17,0.072,0.467,0,0,eGFP2
1286,18:17:18,0.095,0.610,0,0,eGFP2
1287,18:17:18,0.117,0.589,0,0,eGFP2
1288,18:17:19,0.085,0.557,0,0,eGFP2
1289,18:17:20,0.096,0.546,0,0,eGFP2
1290,18:17:20,0.083,0.533,0,0,eGFP2
1291,18:17:21,0.116,0.874,0,0,eGFP2
1292,18:17:22,0.138,0.632,0,0,eGFP2
1293,18:17:22,0.094,0.676,0,0,eGFP2
1294,18:17:23,0.116,0.599,0,0,eGFP2
1295,18:17:23,0.106,0.545,0,0,eGFP2
1296,18:17:24,0.083,0.511,0,0,eGFP2
1297,18:17:25,0.096,0.832,0,0,eGFP2
1298,18:17:26,0.171,0.774,0,0,eGFP2
1299,18:17:26,0.106,0.633,0,0,eGFP2
1300,18:17:27,0.105,0.555,0,0,eGFP2
1301,18:17:27,0.084,0.501,0,0,eGFP2
1302,18:17:28,0.118,1.073,0,0,eGFP2
1303,18:17:29,0.138,0.643,0,0,eGFP2
1304,18:17:30,0.105,0.665,0,0,eGFP2
1305,18:17:30,0.106,0.643,0,0,eGFP2
1306,18:17:31,0.108,0.525,0,0,eGFP2
1307,18:17:31,0.083,0.467,0,0,eGFP2
1308,18:17:32,0.117,0.885,0,0,eGFP2
1309,18:17:33,0.161,0.764,0,0,eGFP2
1310,18:17:34,0.117,0.676,0,0,eGFP2
1311,18:17:34,0.117,0.633,0,0,eGFP2
1312,18:17:35,0.095,0.731,0,0,eGFP2
1313,18:17:36,0.248,1.291,0,0,eGFP2
1314,18:17:37,0.134,0.584,0,0,eGFP2
1315,18:17:37,0.094,0.511,0,0,eGFP2
1316,18:17:38,0.084,0.644,0,0,eGFP2
1317,18:17:39,0.105,0.588,0,0,eGFP2
1318,18:17:39,0.083,0.533,0,0,eGFP2
1319,18:17:40,0.105,0.697,0,0,eGFP2
1320,18:17:40,0.105,0.533,0,0,eGFP2
1321,18:17:41,0.083,0.566,0,0,eGFP2
1322,18:17:41,0.096,0.513,0,0,eGFP2
1323,18:17:42,0.072,0.511,0,0,eGFP2
1324,18:17:43,0.116,0.873,0,0,eGFP2
1325,18:17:43,0.116,0.588,0,0,eGFP2
1326,18:17:44,0.094,0.719,0,0,eGFP2
1327,18:17:45,0.127,0.588,0,0,eGFP2
1328,18:17:47,0.083,2.509,0,0,eGFP2
1329,18:17:50,0.205,3.289,0,0,eGFP2
1330,18:19:00,0.227,69.660,0,0,eGFP2
1331,18:19:01,0.193,0.577,0,0,eGFP2
1332,18:19:02,0.259,1.170,0,0,eGFP2
1333,18:19:04,0.917,1.663,0,0,eGFP2
1334,18:19:06,0.138,2.179,0,0,eGFP2
1335,18:19:08,0.106,2.696,0,0,eGFP2
1336,18:19:09,0.127,0.840,0,0,eGFP2
1337,18:19:10,0.116,0.753,0,0,eGFP2
1338,18:19:11,0.105,0.555,0,0,eGFP2
1339,18:19:11,0.085,0.546,0,0,eGFP2
1340,18:19:12,0.105,0.588,0,0,eGFP2
1341,18:19:12,0.083,0.478,0,0,eGFP2
1342,18:19:13,0.073,0.490,0,0,eGFP2
1343,18:19:15,0.118,2.543,0,0,eGFP2
1344,18:19:16,0.116,0.676,0,0,eGFP2
1345,18:19:17,0.105,0.632,0,0,eGFP2
1346,18:19:17,0.117,0.610,0,0,eGFP2
1347,18:19:18,0.096,0.535,0,0,eGFP2
1348,18:19:18,0.084,0.501,0,0,eGFP2
1349,18:19:19,0.083,0.566,0,0,eGFP2
1350,18:19:20,0.150,0.918,0,0,eGFP2
1351,18:19:20,0.138,0.676,0,0,eGFP2
1352,18:19:23,0.128,2.311,0,0,eGFP2
1353,18:19:23,0.106,0.677,0,0,eGFP2
1354,18:19:25,0.171,2.092,0,0,eGFP2
1355,18:19:26,0.118,0.710,0,0,eGFP2
1356,18:19:27,0.128,0.852,0,0,eGFP2
1357,18:19:28,0.195,0.832,0,0,eGFP2
1358,18:19:29,0.095,0.983,0,0,eGFP2
1359,18:19:30,0.260,0.852,0,0,eGFP2
1360,18:19:30,0.084,0.523,0,0,eGFP2
1361,18:19:31,0.083,0.544,0,0,eGFP2
1362,18:19:31,0.103,0.575,0,0,eGFP2
1363,18:19:32,0.085,0.579,0,0,eGFP2
1364,18:19:32,0.105,0.631,0,0,eGFP2
1365,18:19:33,0.116,0.775,0,0,eGFP2
1366,18:19:34,0.105,0.621,0,0,eGFP2
1367,18:19:35,0.094,1.367,0,0,eGFP2
1368,18:19:38,0.160,2.453,0,0,eGFP2
1369,18:19:39,0.105,1.345,0,0,eGFP2
1370,18:19:41,0.105,1.532,0,0,eGFP2
1371,18:19:42,0.326,0.930,0,0,eGFP2
1372,18:19:43,0.095,1.950,0,0,eGFP2
1373,18:19:44,0.138,1.016,0,0,eGFP2
1374,18:19:45,0.149,0.632,0,0,eGFP2
1375,18:19:46,0.094,0.928,0,0,eGFP2
1376,18:19:47,0.138,0.610,0,0,eGFP2
1377,18:19:47,0.083,0.435,0,0,eGFP2
1378,18:19:48,0.072,0.456,0,0,eGFP2
1379,18:19:48,0.094,0.676,0,0,eGFP2
1380,18:19:49,0.118,0.611,0,0,eGFP2
1381,18:19:49,0.084,0.490,0,0,eGFP2
1382,18:19:50,0.072,0.434,0,0,eGFP2
1383,18:19:50,0.073,0.435,0,0,eGFP2
1384,18:19:51,0.083,0.753,0,0,eGFP2
1385,18:19:52,0.161,0.677,0,0,eGFP2
1386,18:19:52,0.084,0.523,0,0,eGFP2
1387,18:19:53,0.105,0.577,0,0,eGFP2
1388,18:19:53,0.096,0.557,0,0,eGFP2
1389,18:19:54,0.094,0.676,0,0,eGFP2
1390,18:19:55,0.105,0.588,0,0,eGFP2
1391,18:19:55,0.083,0.467,0,0,eGFP2
1392,18:19:56,0.095,0.654,0,0,eGFP2
1393,18:19:56,0.139,0.720,0,0,eGFP2
1394,18:19:57,0.106,0.600,0,0,eGFP2
1395,18:19:57,0.094,0.522,0,0,eGFP2
1396,18:19:58,0.085,0.513,0,0,eGFP2
1397,18:19:59,0.105,0.742,0,0,eGFP2
1398,18:19:59,0.127,0.665,0,0,eGFP2
1399,18:20:00,0.096,0.502,0,0,eGFP2
1400,18:20:00,0.084,0.501,0,0,eGFP2
1401,18:20:01,0.094,0.720,0,0,eGFP2
1402,18:20:02,0.138,0.687,0,0,eGFP2
1403,18:20:02,0.105,0.654,0,0,eGFP2
1404,18:20:03,0.139,0.797,0,0,eGFP2
1405,18:20:04,0.118,0.568,0,0,eGFP2
1406,18:20:04,0.084,0.523,0,0,eGFP2
1407,18:20:05,0.127,1.027,0,0,eGFP2
1408,18:20:06,0.182,0.709,0,0,eGFP2
1409,18:20:07,0.095,0.534,0,0,eGFP2
1410,18:20:07,0.083,0.457,0,0,eGFP2
1411,18:20:08,0.083,0.489,0,0,eGFP2
1412,18:20:08,0.097,0.678,0,0,eGFP2
1413,18:20:09,0.129,0.689,0,0,eGFP2
1414,18:20:10,0.106,0.633,0,0,eGFP2
1415,18:20:10,0.105,0.522,0,0,eGFP2
1416,18:20:11,0.073,0.468,0,0,eGFP2
1417,18:20:12,0.107,0.996,0,0,eGFP2
1418,18:20:12,0.183,0.786,0,0,eGFP2
1419,18:20:13,0.139,0.775,0,0,eGFP2
1420,18:20:14,0.095,0.600,0,0,eGFP2
1421,18:20:14,0.107,0.623,0,0,eGFP2
1422,18:20:15,0.084,0.457,0,0,eGFP2
1423,18:20:15,0.073,0.534,0,0,eGFP2
1424,18:20:16,0.127,0.753,0,0,eGFP2
1425,18:20:17,0.089,0.517,0,0,eGFP2
1426,18:20:17,0.084,0.523,0,0,eGFP2
1427,18:20:18,0.094,0.610,0,0,eGFP2
1428,18:20:18,0.094,0.478,0,0,eGFP2
1429,18:20:19,0.072,0.489,0,0,eGFP2
1430,18:20:20,0.126,1.520,0,0,eGFP2
1431,18:20:21,0.116,0.620,0,0,eGFP2
1432,18:20:21,0.084,0.446,0,0,eGFP2
1433,18:20:22,0.072,0.467,0,0,eGFP2
1434,18:20:23,0.138,0.895,0,0,eGFP2
1435,18:20:23,0.105,0.522,0,0,eGFP2
1436,18:20:24,0.073,0.577,0,0,eGFP2
1437,18:20:25,0.149,0.786,0,0,eGFP2
1438,18:20:25,0.096,0.524,0,0,eGFP2
1439,18:20:26,0.094,0.555,0,0,eGFP2
1440,18:20:26,0.085,0.556,0,0,eGFP2
1441,18:20:27,0.095,0.665,0,0,eGFP2
1442,18:20:28,0.138,0.742,0,0,eGFP2
1443,18:20:28,0.105,0.654,0,0,eGFP2
1444,18:20:29,0.127,0.687,0,0,eGFP2
1445,18:20:29,0.094,0.555,0,0,eGFP2
1446,18:20:30,0.096,0.666,0,0,eGFP2
1447,18:20:31,0.128,0.775,0,0,eGFP2
1448,18:20:31,0.116,0.566,0,0,eGFP2
1449,18:20:32,0.073,0.468,0,0,eGFP2
1450,18:20:33,0.094,0.818,0,0,eGFP2
1451,18:20:34,0.182,0.852,0,0,eGFP2
1452,18:20:34,0.105,0.555,0,0,eGFP2
1453,18:20:35,0.083,0.555,0,0,eGFP2
1454,18:20:35,0.131,0.691,0,0,eGFP2
1455,18:20:36,0.094,0.621,0,0,eGFP2
1456,18:20:37,0.105,0.566,0,0,eGFP2
1457,18:20:37,0.094,0.555,0,0,eGFP2
1458,18:20:38,0.128,0.918,0,0,eGFP2
1459,18:20:39,0.160,0.818,0,0,eGFP2
1460,18:20:40,0.106,0.611,0,0,eGFP2
1461,18:20:40,0.095,0.567,0,0,eGFP2
1462,18:20:41,0.138,0.863,0,0,eGFP2
1463,18:20:42,0.118,0.634,0,0,eGFP2
1464,18:20:42,0.083,0.456,0,0,eGFP2
1465,18:20:43,0.084,0.830,0,0,eGFP2
1466,18:20:44,0.204,0.819,0,0,eGFP2
1467,18:20:44,0.094,0.621,0,0,eGFP2
1468,18:20:45,0.140,0.667,0,0,eGFP2
1469,18:20:46,0.094,0.610,0,0,eGFP2
1470,18:20:46,0.117,0.578,0,0,eGFP2
1471,18:20:47,0.085,0.458,0,0,eGFP2
1472,18:20:47,0.084,0.665,0,0,eGFP2
1473,18:20:48,0.172,0.797,0,0,eGFP2
1474,18:20:49,0.106,0.643,0,0,eGFP2
1475,18:20:49,0.095,0.534,0,0,eGFP2
1476,18:20:50,0.095,0.544,0,0,eGFP2
1477,18:20:50,0.095,0.556,0,0,eGFP2
1478,18:20:51,0.095,0.545,0,0,eGFP2
1479,18:20:52,0.096,1.051,0,0,eGFP2
1480,18:20:53,0.204,0.764,0,0,eGFP2
1481,18:20:53,0.094,0.621,0,0,eGFP2
1482,18:20:54,0.129,0.612,0,0,eGFP2
1483,18:20:54,0.084,0.479,0,0,eGFP2
1484,18:20:55,0.106,0.731,0,0,eGFP2
1485,18:20:56,0.139,0.721,0,0,eGFP2
1486,18:20:56,0.094,0.522,0,0,eGFP2
1487,18:20:57,0.086,0.492,0,0,eGFP2
1488,18:20:58,0.095,0.599,0,0,eGFP2
1489,18:20:58,0.133,0.780,0,0,eGFP2
1490,18:20:59,0.094,0.621,0,0,eGFP2
1491,18:21:00,0.116,0.654,0,0,eGFP2
1492,18:21:00,0.105,0.599,0,0,eGFP2
1493,18:21:01,0.127,0.851,0,0,eGFP2
1494,18:21:02,0.160,0.730,0,0,eGFP2
1495,18:21:02,0.107,0.645,0,0,eGFP2
1496,18:21:03,0.106,0.556,0,0,eGFP2
1497,18:21:03,0.083,0.478,0,0,eGFP2
1498,18:21:05,0.095,1.247,0,0,eGFP2
1499,18:21:05,0.149,0.665,0,0,eGFP2
1500,18:21:06,0.116,0.763,0,0,eGFP2
1501,18:21:07,0.116,0.577,0,0,eGFP2
1502,18:21:07,0.094,0.566,0,0,eGFP2
1503,18:21:08,0.138,0.884,0,0,eGFP2
1504,18:21:09,0.107,0.557,0,0,eGFP2
1505,18:21:09,0.083,0.500,0,0,eGFP2
1506,18:21:10,0.084,0.698,0,0,eGFP2
1507,18:21:11,0.116,0.654,0,0,eGFP2
1508,18:21:11,0.094,0.599,0,0,eGFP2
1509,18:21:12,0.096,0.502,0,0,eGFP2
1510,18:21:12,0.083,0.500,0,0,eGFP2
1511,18:21:13,0.105,0.764,0,0,eGFP2
1512,18:21:14,0.128,0.633,0,0,eGFP2
1513,18:21:14,0.095,0.610,0,0,eGFP2
1514,18:21:15,0.106,0.567,0,0,eGFP2
1515,18:21:15,0.094,0.664,0,0,eGFP2
1516,18:22:20,0.128,64.139,0,0,eGFP2
1517,18:22:22,0.610,2.048,0,0,eGFP2
1518,18:22:22,0.116,0.742,0,0,eGFP2
1519,18:22:24,0.182,1.444,0,0,eGFP2
1520,18:22:24,0.107,0.546,0,0,eGFP2
1521,18:22:25,0.094,0.632,0,0,eGFP2
1522,18:22:26,0.127,0.687,0,0,eGFP2
1523,18:22:26,0.085,0.579,0,0,eGFP2
1524,18:22:27,0.094,0.709,0,0,eGFP2
1525,18:22:28,0.226,1.137,0,0,eGFP2
1526,18:22:29,0.094,0.511,0,0,eGFP2
1527,18:22:29,0.094,0.588,0,0,eGFP2
1528,18:22:30,0.106,0.545,0,0,eGFP2
1529,18:22:30,0.085,0.447,0,0,eGFP2
1530,18:22:31,0.072,0.457,0,0,eGFP2
1531,18:22:31,0.116,0.785,0,0,eGFP2
1532,18:22:32,0.106,0.523,0,0,eGFP2
1533,18:22:32,0.072,0.522,0,0,eGFP2
1534,18:22:33,0.117,0.644,0,0,eGFP2
1535,18:22:34,0.094,0.566,0,0,eGFP2
1536,18:22:34,0.084,0.479,0,0,eGFP2
1537,18:22:35,0.076,0.515,0,0,eGFP2
1538,18:22:35,0.105,0.786,0,0,eGFP2
1539,18:22:36,0.138,0.643,0,0,eGFP2
1540,18:22:37,0.094,0.687,0,0,eGFP2
1541,18:22:38,0.182,0.830,0,0,eGFP2
1542,18:22:38,0.094,0.621,0,0,eGFP2
1543,18:22:39,0.117,0.654,0,0,eGFP2
1544,18:22:39,0.084,0.534,0,0,eGFP2
1545,18:22:40,0.096,0.546,0,0,eGFP2
1546,18:22:41,0.095,0.677,0,0,eGFP2
1547,18:22:41,0.149,0.808,0,0,eGFP2
1548,18:22:42,0.105,0.742,0,0,eGFP2
1549,18:22:44,1.466,2.300,0,0,eGFP2
1550,18:22:45,0.128,0.885,0,0,eGFP2
1551,18:22:48,1.315,2.642,0,0,eGFP2
1552,18:22:49,0.221,0.737,0,0,eGFP2
1553,18:22:50,0.106,1.390,0,0,eGFP2
1554,18:22:51,0.105,0.533,0,0,eGFP2
1555,18:22:51,0.083,0.467,0,0,eGFP2
1556,18:22:51,0.072,0.401,0,0,eGFP2
1557,18:22:52,0.073,0.490,0,0,eGFP2
1558,18:22:53,0.116,0.642,0,0,eGFP2
1559,18:22:53,0.105,0.533,0,0,eGFP2
1560,18:22:54,0.083,0.511,0,0,eGFP2
1561,18:22:54,0.083,0.435,0,0,eGFP2
1562,18:22:55,0.062,0.468,0,0,eGFP2
1563,18:22:55,0.105,0.676,0,0,eGFP2
1564,18:22:56,0.083,0.533,0,0,eGFP2
1565,18:22:56,0.096,0.568,0,0,eGFP2
1566,18:22:57,0.094,0.522,0,0,eGFP2
1567,18:22:57,0.094,0.533,0,0,eGFP2
1568,18:22:58,0.105,0.555,0,0,eGFP2
1569,18:22:59,0.094,0.621,0,0,eGFP2
1570,18:22:59,0.095,0.534,0,0,eGFP2
1571,18:23:00,0.095,0.731,0,0,eGFP2
1572,18:23:01,0.182,0.753,0,0,eGFP2
1573,18:23:01,0.094,0.555,0,0,eGFP2
1574,18:23:02,0.094,0.511,0,0,eGFP2
1575,18:23:02,0.083,0.467,0,0,eGFP2
1576,18:23:03,0.084,0.588,0,0,eGFP2
1577,18:23:03,0.160,0.764,0,0,eGFP2
1578,18:23:04,0.098,0.536,0,0,eGFP2
1579,18:23:04,0.084,0.468,0,0,eGFP2
1580,18:23:05,0.083,0.423,0,0,eGFP2
1581,18:23:05,0.073,0.457,0,0,eGFP2
1582,18:23:06,0.105,0.972,0,0,eGFP2
1583,18:23:07,0.138,0.654,0,0,eGFP2
1584,18:23:08,0.105,0.533,0,0,eGFP2
1585,18:23:08,0.084,0.468,0,0,eGFP2
1586,18:23:09,0.085,0.710,0,0,eGFP2
1587,18:23:09,0.171,0.764,0,0,eGFP2
1588,18:23:12,0.105,2.311,0,0,eGFP2
1589,18:23:13,0.182,1.554,0,0,eGFP2
1590,18:23:14,0.105,0.577,0,0,eGFP2
1591,18:23:14,0.095,0.577,0,0,eGFP2
1592,18:23:15,0.107,0.590,0,0,eGFP2
1593,18:23:16,0.095,0.589,0,0,eGFP2
1594,18:23:16,0.105,0.665,0,0,eGFP2
1595,18:23:17,0.096,0.579,0,0,eGFP2
1596,18:23:17,0.083,0.566,0,0,eGFP2
1597,18:23:18,0.106,0.599,0,0,eGFP2
1598,18:23:19,0.095,0.556,0,0,eGFP2
1599,18:23:19,0.095,0.621,0,0,eGFP2
1600,18:23:20,0.117,0.589,0,0,eGFP2
1601,18:23:20,0.105,0.599,0,0,eGFP2
1602,18:23:21,0.106,0.588,0,0,eGFP2
1603,18:23:22,0.100,0.539,0,0,eGFP2
1604,18:23:22,0.084,0.556,0,0,eGFP2
1605,18:23:23,0.116,0.731,0,0,eGFP2
1606,18:23:23,0.096,0.590,0,0,eGFP2
1607,18:23:24,0.117,0.643,0,0,eGFP2
1608,18:23:25,0.106,0.600,0,0,eGFP2
1609,18:23:25,0.094,0.588,0,0,eGFP2
1610,18:23:26,0.095,0.644,0,0,eGFP2
1611,18:23:27,0.118,0.765,0,0,eGFP2
1612,18:23:27,0.106,0.611,0,0,eGFP2
1613,18:23:28,0.117,0.797,0,0,eGFP2
1614,18:23:29,0.117,0.610,0,0,eGFP2
1615,18:23:29,0.112,0.594,0,0,eGFP2
1616,18:23:30,0.105,0.709,0,0,eGFP2
1617,18:23:31,0.105,0.566,0,0,eGFP2
1618,18:23:31,0.094,0.676,0,0,eGFP2
1619,18:23:32,0.150,0.798,0,0,eGFP2
1620,18:23:33,0.095,0.633,0,0,eGFP2
1621,18:23:33,0.127,0.730,0,0,eGFP2
1622,18:23:34,0.117,0.599,0,0,eGFP2
1623,18:23:35,0.105,0.654,0,0,eGFP2
1624,18:23:35,0.138,0.808,0,0,eGFP2
1625,18:23:36,0.127,0.632,0,0,eGFP2
1626,18:23:37,0.116,0.719,0,0,eGFP2
1627,18:23:37,0.105,0.632,0,0,eGFP2
1628,18:23:38,0.118,0.755,0,0,eGFP2
1629,18:23:39,0.138,0.906,0,0,eGFP2
1630,18:23:40,0.204,1.016,0,0,eGFP2
1631,18:23:41,0.127,0.643,0,0,eGFP2
1632,18:23:41,0.105,0.709,0,0,eGFP2
1633,18:23:42,0.116,0.632,0,0,eGFP2
1634,18:23:43,0.096,0.513,0,0,eGFP2
1635,18:23:44,0.094,1.795,0,0,eGFP2
1636,18:23:45,0.184,0.700,0,0,eGFP2
1637,18:23:46,0.083,0.478,0,0,eGFP2
1638,18:23:46,0.072,0.446,0,0,eGFP2
1639,18:23:47,0.094,0.818,0,0,eGFP2
1640,18:23:48,0.149,0.720,0,0,eGFP2
1641,18:23:53,0.138,4.978,0,0,eGFP2
1642,18:23:53,0.160,0.654,0,0,eGFP2
1643,18:23:54,0.073,0.446,0,0,eGFP2
1644,18:23:54,0.074,0.535,0,0,eGFP2
1645,18:23:55,0.094,0.522,0,0,eGFP2
1646,18:23:55,0.084,0.512,0,0,eGFP2
1647,18:23:56,0.094,0.544,0,0,eGFP2
1648,18:23:56,0.085,0.458,0,0,eGFP2
1649,18:23:57,0.073,0.600,0,0,eGFP2
1650,18:23:58,0.149,0.785,0,0,eGFP2
1651,18:23:58,0.106,0.556,0,0,eGFP2
1652,18:23:59,0.085,0.480,0,0,eGFP2
1653,18:23:59,0.073,0.446,0,0,eGFP2
1654,18:24:00,0.083,0.643,0,0,eGFP2
1655,18:24:00,0.128,0.720,0,0,eGFP2
1656,18:24:01,0.106,0.599,0,0,eGFP2
1657,18:24:02,0.106,0.567,0,0,eGFP2
1658,18:24:02,0.084,0.533,0,0,eGFP2
1659,18:24:03,0.128,0.808,0,0,eGFP2
1660,18:24:04,0.106,0.567,0,0,eGFP2
1661,18:24:04,0.098,0.504,0,0,eGFP2
1662,18:24:05,0.083,0.610,0,0,eGFP2
1663,18:24:06,0.775,1.445,0,0,eGFP2
1664,18:24:07,0.083,0.478,0,0,eGFP2
1665,18:24:07,0.073,0.545,0,0,eGFP2
1666,18:24:08,0.171,0.830,0,0,eGFP2
1667,18:24:08,0.094,0.511,0,0,eGFP2
1668,18:24:09,0.084,0.490,0,0,eGFP2
1669,18:24:10,0.097,0.711,0,0,eGFP2
1670,18:24:10,0.117,0.611,0,0,eGFP2
1671,18:24:11,0.094,0.522,0,0,eGFP2
1672,18:24:11,0.106,0.655,0,0,eGFP2
1673,18:24:12,0.095,0.523,0,0,eGFP2
1674,18:24:13,0.094,0.687,0,0,eGFP2
1675,18:24:13,0.151,0.744,0,0,eGFP2
1676,18:24:14,0.084,0.610,0,0,eGFP2
1677,18:24:15,0.119,0.613,0,0,eGFP2
1678,18:24:15,0.095,0.610,0,0,eGFP2
1679,18:24:16,0.144,0.747,0,0,eGFP2
1680,18:24:17,0.105,0.577,0,0,eGFP2
1681,18:24:17,0.116,0.786,0,0,eGFP2
1682,18:24:18,0.116,0.642,0,0,eGFP2
1683,18:24:20,0.534,1.554,0,0,eGFP2
1684,18:24:20,0.127,0.577,0,0,eGFP2
1685,18:24:21,0.083,0.522,0,0,eGFP2
1686,18:24:21,0.126,0.762,0,0,eGFP2
1687,18:24:22,0.105,0.544,0,0,eGFP2
1688,18:24:23,0.094,0.621,0,0,eGFP2
1689,18:24:23,0.107,0.557,0,0,eGFP2
1690,18:24:24,0.072,0.500,0,0,eGFP2
1691,18:24:24,0.116,0.786,0,0,eGFP2
1692,18:24:25,0.105,0.544,0,0,eGFP2
1693,18:24:26,0.094,0.566,0,0,eGFP2
1694,18:24:26,0.106,0.666,0,0,eGFP2
1695,18:24:27,0.105,0.544,0,0,eGFP2
1696,18:24:27,0.084,0.621,0,0,eGFP2
1697,18:24:28,0.138,0.643,0,0,eGFP2
1698,18:24:28,0.084,0.490,0,0,eGFP2
1699,18:24:29,0.083,0.730,0,0,eGFP2
1700,18:24:30,0.182,0.764,0,0,eGFP2
1701,18:24:30,0.083,0.522,0,0,eGFP2
1702,18:24:31,0.085,0.546,0,0,eGFP2
1703,18:24:32,0.107,0.590,0,0,eGFP2
1704,18:24:32,0.094,0.731,0,0,eGFP2
1705,18:24:33,0.193,0.829,0,0,eGFP2
1706,18:24:34,0.095,0.479,0,0,eGFP2
1707,18:24:34,0.083,0.489,0,0,eGFP2
1708,18:24:35,0.106,0.742,0,0,eGFP2
1709,18:24:35,0.105,0.544,0,0,eGFP2
1710,18:24:37,0.085,1.391,0,0,eGFP2
1711,18:24:38,0.172,0.698,0,0,eGFP2
1712,18:24:38,0.084,0.611,0,0,eGFP2
1713,18:24:39,0.423,1.301,0,0,eGFP2
1714,18:24:40,0.127,0.654,0,0,eGFP2
1715,18:24:44,1.225,3.486,0,0,eGFP2
1716,18:24:45,0.325,1.235,0,0,eGFP2
1717,18:24:47,0.711,2.006,0,0,eGFP2
1718,18:24:48,0.149,0.863,0,0,eGFP2
1719,18:24:48,0.118,0.688,0,0,eGFP2
1720,18:24:49,0.117,0.830,0,0,eGFP2
1721,18:24:50,0.172,0.775,0,0,eGFP2
1722,18:24:51,0.117,0.632,0,0,eGFP2
1723,18:24:51,0.095,0.545,0,0,eGFP2
1724,18:24:52,0.072,0.489,0,0,eGFP2
1725,18:24:52,0.106,0.688,0,0,eGFP2
1726,18:24:53,0.105,0.577,0,0,eGFP2
1727,18:24:54,0.096,0.678,0,0,eGFP2
1728,18:24:54,0.116,0.665,0,0,eGFP2
1729,18:24:55,0.106,0.633,0,0,eGFP2
1730,18:24:56,0.105,0.632,0,0,eGFP2
1731,18:24:56,0.096,0.546,0,0,eGFP2
1732,18:24:57,0.095,0.578,0,0,eGFP2
1733,18:24:57,0.105,0.533,0,0,eGFP2
1734,18:24:58,0.084,0.490,0,0,eGFP2
1735,18:24:58,0.085,0.678,0,0,eGFP2
1736,18:24:59,0.139,0.742,0,0,eGFP2
1737,18:25:00,0.106,0.644,0,0,eGFP2
1738,18:25:00,0.116,0.643,0,0,eGFP2
1739,18:25:01,0.106,0.567,0,0,eGFP2
1740,18:25:02,0.094,0.588,0,0,eGFP2
1741,18:25:02,0.117,0.797,0,0,eGFP2
1742,18:25:03,0.111,0.550,0,0,eGFP2
1743,18:25:03,0.084,0.490,0,0,eGFP2
1744,18:25:04,0.118,0.952,0,0,eGFP2
1745,18:25:05,0.127,0.632,0,0,eGFP2
1746,18:25:06,0.105,0.598,0,0,eGFP2
1747,18:25:06,0.105,0.610,0,0,eGFP2
1748,18:25:07,0.094,0.467,0,0,eGFP2
1749,18:25:07,0.073,0.698,0,0,eGFP2
1750,18:25:08,0.237,0.862,0,0,eGFP2
1751,18:25:09,0.094,0.599,0,0,eGFP2
1752,18:25:09,0.107,0.535,0,0,eGFP2
1753,18:25:10,0.083,0.500,0,0,eGFP2
1754,18:25:11,0.105,0.796,0,0,eGFP2
1755,18:25:11,0.116,0.577,0,0,eGFP2
1756,18:25:12,0.095,0.698,0,0,eGFP2
1757,18:25:13,0.138,0.709,0,0,eGFP2
1758,18:25:13,0.107,0.534,0,0,eGFP2
1759,18:25:14,0.084,0.501,0,0,eGFP2
1760,18:25:14,0.128,0.809,0,0,eGFP2
1761,18:25:15,0.116,0.577,0,0,eGFP2
1762,18:25:16,0.083,0.599,0,0,eGFP2
1763,18:25:17,0.160,0.884,0,0,eGFP2
1764,18:25:17,0.094,0.599,0,0,eGFP2
1765,18:25:18,0.127,0.731,0,0,eGFP2
1766,18:25:18,0.105,0.555,0,0,eGFP2
1767,18:25:19,0.094,0.599,0,0,eGFP2
1768,18:25:20,0.129,0.722,0,0,eGFP2
1769,18:25:20,0.094,0.610,0,0,eGFP2
1770,18:25:21,0.127,0.676,0,0,eGFP2
1771,18:25:22,0.094,0.621,0,0,eGFP2
1772,18:25:22,0.129,0.721,0,0,eGFP2
1773,18:25:23,0.094,0.643,0,0,eGFP2
1774,18:25:24,0.116,0.665,0,0,eGFP2
1775,18:25:24,0.095,0.577,0,0,eGFP2
1776,18:25:25,0.118,0.799,0,0,eGFP2
1777,18:25:26,0.138,0.676,0,0,eGFP2
1778,18:25:26,0.105,0.555,0,0,eGFP2
1779,18:25:27,0.084,0.577,0,0,eGFP2
1780,18:25:28,0.128,0.841,0,0,eGFP2
1781,18:25:28,0.105,0.555,0,0,eGFP2
1782,18:25:29,0.095,0.742,0,0,eGFP2
1783,18:25:30,0.215,0.874,0,0,eGFP2
1784,18:25:30,0.083,0.500,0,0,eGFP2
1785,18:25:31,0.085,0.689,0,0,eGFP2
1786,18:25:32,0.129,0.623,0,0,eGFP2
1787,18:25:32,0.095,0.610,0,0,eGFP2
1788,18:25:33,0.117,0.688,0,0,eGFP2
1789,18:25:33,0.094,0.489,0,0,eGFP2
1790,18:25:34,0.095,0.753,0,0,eGFP2
1791,18:25:35,0.161,0.742,0,0,eGFP2
1792,18:25:36,0.095,0.644,0,0,eGFP2
1793,18:25:36,0.162,0.831,0,0,eGFP2
1794,18:25:37,0.095,0.501,0,0,eGFP2
1795,18:25:39,0.084,1.785,0,0,eGFP2
1796,18:25:40,0.171,0.961,0,0,eGFP2
1797,18:25:40,0.106,0.556,0,0,eGFP2
1798,18:25:41,0.084,0.567,0,0,eGFP2
1799,18:25:41,0.116,0.698,0,0,eGFP2
1800,18:25:42,0.100,0.528,0,0,eGFP2
1801,18:25:42,0.074,0.491,0,0,eGFP2
1802,18:25:43,0.095,0.654,0,0,eGFP2
1803,18:25:44,0.106,0.622,0,0,eGFP2
1804,18:25:44,0.095,0.501,0,0,eGFP2
1805,18:25:45,0.089,0.681,0,0,eGFP2
1806,18:25:46,0.149,0.709,0,0,eGFP2
1807,18:25:47,0.137,1.630,0,0,eGFP2
1808,18:25:48,0.105,0.533,0,0,eGFP2
1809,18:25:48,0.095,0.611,0,0,eGFP2
1810,18:25:49,0.116,0.555,0,0,eGFP2
1811,18:25:50,0.083,0.522,0,0,eGFP2
1812,18:25:50,0.094,0.621,0,0,eGFP2
1813,18:25:51,0.094,0.555,0,0,eGFP2
1814,18:25:51,0.107,0.677,0,0,eGFP2
1815,18:25:52,0.116,0.610,0,0,eGFP2
1816,18:25:53,0.105,0.764,0,0,eGFP2
1817,18:25:53,0.149,0.741,0,0,eGFP2
1818,18:25:54,0.118,0.623,0,0,eGFP2
1819,18:25:55,0.105,0.763,0,0,eGFP2
1820,18:25:56,0.150,0.709,0,0,eGFP2
1821,18:25:56,0.094,0.577,0,0,eGFP2
1822,18:25:57,0.084,0.577,0,0,eGFP2
1823,18:25:57,0.117,0.698,0,0,eGFP2
1824,18:25:58,0.116,0.632,0,0,eGFP2
1825,18:25:59,0.127,0.599,0,0,eGFP2
1826,18:25:59,0.085,0.491,0,0,eGFP2
1827,18:26:00,0.107,0.963,0,0,eGFP2
1828,18:26:01,0.138,0.632,0,0,eGFP2
1829,18:26:01,0.095,0.610,0,0,eGFP2
1830,18:26:02,0.139,0.863,0,0,eGFP2
1831,18:26:03,0.116,0.544,0,0,eGFP2
1832,18:26:03,0.073,0.501,0,0,eGFP2
1833,18:26:04,0.127,0.851,0,0,eGFP2
1834,18:26:05,0.107,0.623,0,0,eGFP2
1835,18:26:05,0.138,0.753,0,0,eGFP2
1836,18:26:06,0.105,0.577,0,0,eGFP2
1837,18:26:07,0.095,0.544,0,0,eGFP2
1838,18:26:07,0.106,0.622,0,0,eGFP2
1839,18:26:08,0.105,0.632,0,0,eGFP2
1840,18:26:08,0.094,0.599,0,0,eGFP2
1841,18:26:09,0.107,0.733,0,0,eGFP2
1842,18:26:10,0.129,0.732,0,0,eGFP2
1843,18:26:11,0.117,0.600,0,0,eGFP2
1844,18:26:11,0.083,0.489,0,0,eGFP2
1845,18:26:12,0.106,0.709,0,0,eGFP2
1846,18:26:12,0.128,0.644,0,0,eGFP2
1847,18:26:13,0.116,0.676,0,0,eGFP2
1848,18:26:14,0.105,0.533,0,0,eGFP2
1849,18:26:14,0.084,0.567,0,0,eGFP2
1850,18:26:15,0.149,0.884,0,0,eGFP2
1851,18:26:16,0.119,0.656,0,0,eGFP2
1852,18:26:16,0.136,0.729,0,0,eGFP2
1853,18:26:17,0.116,0.566,0,0,eGFP2
1854,18:26:18,0.094,0.708,0,0,eGFP2
1855,18:26:18,0.151,0.711,0,0,eGFP2
1856,18:26:19,0.105,0.664,0,0,eGFP2
1857,18:26:20,0.127,0.676,0,0,eGFP2
1858,18:26:20,0.105,0.610,0,0,eGFP2
1859,18:26:21,0.117,0.874,0,0,eGFP2
1860,18:26:22,0.128,0.654,0,0,eGFP2
1861,18:26:23,0.105,0.676,0,0,eGFP2
1862,18:26:23,0.160,0.917,0,0,eGFP2
1863,18:26:24,0.149,0.797,0,0,eGFP2
1864,18:26:25,0.116,0.643,0,0,eGFP2
1865,18:26:26,0.116,0.665,0,0,eGFP2
1866,18:26:26,0.105,0.566,0,0,eGFP2
1867,18:26:27,0.107,0.732,0,0,eGFP2
1868,18:26:28,0.127,0.665,0,0,eGFP2
1869,18:26:28,0.096,0.644,0,0,eGFP2
1870,18:26:29,0.138,0.797,0,0,eGFP2
1871,18:26:30,0.204,1.455,0,0,eGFP2
1872,18:26:31,0.105,0.555,0,0,eGFP2
1873,18:26:32,0.083,0.577,0,0,eGFP2
1874,18:26:32,0.160,0.884,0,0,eGFP2
1875,18:26:33,0.107,0.557,0,0,eGFP2
1876,18:26:34,0.084,0.512,0,0,eGFP2
1877,18:26:34,0.116,0.873,0,0,eGFP2
1878,18:26:35,0.116,0.588,0,0,eGFP2
1879,18:26:36,0.095,0.643,0,0,eGFP2
1880,18:26:36,0.117,0.633,0,0,eGFP2
1881,18:26:37,0.094,0.588,0,0,eGFP2
1882,18:26:38,0.116,0.917,0,0,eGFP2
1883,18:26:38,0.162,0.733,0,0,eGFP2
1884,18:26:39,0.107,0.677,0,0,eGFP2
1885,18:26:40,0.095,0.523,0,0,eGFP2
1886,18:26:41,0.094,0.873,0,0,eGFP2
1887,18:26:41,0.172,0.753,0,0,eGFP2
1888,18:26:42,0.095,0.578,0,0,eGFP2
1889,18:26:43,0.105,0.654,0,0,eGFP2
1890,18:26:43,0.116,0.665,0,0,eGFP2
1891,18:26:44,0.106,0.566,0,0,eGFP2
1892,18:26:45,0.108,0.832,0,0,eGFP2
1893,18:26:46,0.204,0.907,0,0,eGFP2
1894,18:26:46,0.116,0.588,0,0,eGFP2
1895,18:26:49,0.083,2.684,0,0,eGFP2
1896,18:26:49,0.139,0.633,0,0,eGFP2
1897,18:26:50,0.085,0.480,0,0,eGFP2
1898,18:26:51,0.095,0.676,0,0,eGFP2
1899,18:26:51,0.139,0.698,0,0,eGFP2
1900,18:26:52,0.086,0.547,0,0,eGFP2
1901,18:26:52,0.094,0.588,0,0,eGFP2
1902,18:26:53,0.117,0.698,0,0,eGFP2
1903,18:26:54,0.095,0.512,0,0,eGFP2
1904,18:26:54,0.084,0.545,0,0,eGFP2
1905,18:26:55,0.127,0.698,0,0,eGFP2
1906,18:26:56,0.095,0.731,0,0,eGFP2
1907,18:26:57,0.161,1.060,0,0,eGFP2
1908,18:26:57,0.141,0.832,0,0,eGFP2
1909,18:26:59,0.358,1.236,0,0,eGFP2
1910,18:26:59,0.095,0.633,0,0,eGFP2
1911,18:27:00,0.104,0.587,0,0,eGFP2
1912,18:27:01,0.105,0.577,0,0,eGFP2
1913,18:27:01,0.095,0.666,0,0,eGFP2
1914,18:27:02,0.127,0.698,0,0,eGFP2
1915,18:27:03,0.095,0.622,0,0,eGFP2
1916,18:27:03,0.122,0.659,0,0,eGFP2
1917,18:27:04,0.096,0.634,0,0,eGFP2
1918,18:27:05,0.127,0.708,0,0,eGFP2
1919,18:27:05,0.105,0.665,0,0,eGFP2
1920,18:27:06,0.116,0.731,0,0,eGFP2
1921,18:27:07,0.127,0.895,0,0,eGFP2
1922,18:27:08,0.544,1.279,0,0,eGFP2
1923,18:27:09,0.105,0.632,0,0,eGFP2
1924,18:27:09,0.096,0.480,0,0,eGFP2
1925,18:27:10,0.085,0.491,0,0,eGFP2
1926,18:27:11,0.127,1.290,0,0,eGFP2
1927,18:27:12,0.116,0.588,0,0,eGFP2
1928,18:27:12,0.116,0.775,0,0,eGFP2
1929,18:27:13,0.094,0.522,0,0,eGFP2
1930,18:27:14,0.083,0.643,0,0,eGFP2
1931,18:27:14,0.138,0.731,0,0,eGFP2
1932,18:27:15,0.105,0.566,0,0,eGFP2
1933,18:27:16,0.107,0.853,0,0,eGFP2
1934,18:27:16,0.149,0.698,0,0,eGFP2
1935,18:27:17,0.094,0.632,0,0,eGFP2
1936,18:27:18,0.105,0.599,0,0,eGFP2
1937,18:27:18,0.105,0.676,0,0,eGFP2
1938,18:27:19,0.117,0.721,0,0,eGFP2
1939,18:27:20,0.127,0.731,0,0,eGFP2
1940,18:27:20,0.127,0.720,0,0,eGFP2
1941,18:27:21,0.094,0.566,0,0,eGFP2
1942,18:27:22,0.104,0.839,0,0,eGFP2
1943,18:27:23,0.150,0.775,0,0,eGFP2
1944,18:27:23,0.127,0.753,0,0,eGFP2
1945,18:27:24,0.105,0.632,0,0,eGFP2
1946,18:27:25,0.094,0.643,0,0,eGFP2
1947,18:27:25,0.138,0.841,0,0,eGFP2
1948,18:27:26,0.127,0.665,0,0,eGFP2
1949,18:27:27,0.105,0.599,0,0,eGFP2
1950,18:27:28,0.162,1.150,0,0,eGFP2
1951,18:27:29,0.149,0.807,0,0,eGFP2
1952,18:27:30,0.239,1.391,0,0,eGFP2
1953,18:27:31,0.128,0.622,0,0,eGFP2
1954,18:27:31,0.094,0.555,0,0,eGFP2
1955,18:27:32,0.106,0.665,0,0,eGFP2
1956,18:27:33,0.117,0.720,0,0,eGFP2
1957,18:27:33,0.106,0.643,0,0,eGFP2
1958,18:27:34,0.119,0.667,0,0,eGFP2
1959,18:27:35,0.106,0.633,0,0,eGFP2
1960,18:27:35,0.105,0.698,0,0,eGFP2
1961,18:27:36,0.193,1.027,0,0,eGFP2
1962,18:27:37,0.117,0.819,0,0,eGFP2
1963,18:27:38,0.160,0.841,0,0,eGFP2
1964,18:27:39,0.127,0.676,0,0,eGFP2
1965,18:27:39,0.095,0.589,0,0,eGFP2
1966,18:27:40,0.119,0.975,0,0,eGFP2
1967,18:27:41,0.205,1.028,0,0,eGFP2
1968,18:27:42,0.116,0.632,0,0,eGFP2
1969,18:27:43,0.106,0.622,0,0,eGFP2
1970,18:27:43,0.116,0.830,0,0,eGFP2
1971,18:27:44,0.138,0.654,0,0,eGFP2
1972,18:27:44,0.084,0.479,0,0,eGFP2
1973,18:27:45,0.083,0.676,0,0,eGFP2
1974,18:27:47,0.973,1.697,0,0,eGFP2
1975,18:27:47,0.096,0.546,0,0,eGFP2
1976,18:27:48,0.106,0.688,0,0,eGFP2
1977,18:27:49,0.105,0.566,0,0,eGFP2
1978,18:27:49,0.084,0.523,0,0,eGFP2
1979,18:27:50,0.111,0.868,0,0,eGFP2
1980,18:27:51,0.150,0.732,0,0,eGFP2
1981,18:27:51,0.094,0.533,0,0,eGFP2
1982,18:27:52,0.094,0.730,0,0,eGFP2
1983,18:27:53,0.162,0.700,0,0,eGFP2
1984,18:27:53,0.094,0.555,0,0,eGFP2
1985,18:27:54,0.116,0.774,0,0,eGFP2
1986,18:27:55,0.127,0.720,0,0,eGFP2
1987,18:27:55,0.105,0.653,0,0,eGFP2
1988,18:27:56,0.149,0.940,0,0,eGFP2
1989,18:27:57,0.138,0.664,0,0,eGFP2
1990,18:27:58,0.105,0.808,0,0,eGFP2
1991,18:27:59,0.150,0.732,0,0,eGFP2
1992,18:27:59,0.105,0.566,0,0,eGFP2
1993,18:28:00,0.083,0.522,0,0,eGFP2
1994,18:28:00,0.107,0.710,0,0,eGFP2
1995,18:28:01,0.128,0.742,0,0,eGFP2
1996,18:28:02,0.116,0.599,0,0,eGFP2
1997,18:28:03,0.105,0.852,0,0,eGFP2
1998,18:28:04,0.258,1.257,0,0,eGFP2
1999,18:28:04,0.118,0.666,0,0,eGFP2
2000,18:28:05,0.139,0.677,0,0,eGFP2
2001,18:28:06,0.094,0.533,0,0,eGFP2
2002,18:28:06,0.105,0.665,0,0,eGFP2
2003,18:28:07,0.116,0.621,0,0,eGFP2
2004,18:28:08,0.105,0.643,0,0,eGFP2
2005,18:28:08,0.094,0.511,0,0,eGFP2
2006,18:28:09,0.073,0.545,0,0,eGFP2
2007,18:28:10,0.183,1.226,0,0,eGFP2
2008,18:28:10,0.107,0.579,0,0,eGFP2
2009,18:28:11,0.094,0.643,0,0,eGFP2
2010,18:28:12,0.116,0.577,0,0,eGFP2
2011,18:28:12,0.083,0.566,0,0,eGFP2
2012,18:28:13,0.138,0.940,0,0,eGFP2
2013,18:28:14,0.127,0.643,0,0,eGFP2
2014,18:28:15,0.094,0.763,0,0,eGFP2
2015,18:28:15,0.183,0.830,0,0,eGFP2
2016,18:28:16,0.107,0.546,0,0,eGFP2
2017,18:28:17,0.095,0.731,0,0,eGFP2
2018,18:28:18,0.358,1.302,0,0,eGFP2
2019,18:28:20,0.851,1.532,0,0,eGFP2
2020,18:28:20,0.094,0.588,0,0,eGFP2
2021,18:28:21,0.098,0.526,0,0,eGFP2
2022,18:28:21,0.084,0.534,0,0,eGFP2
2023,18:28:22,0.116,0.818,0,0,eGFP2
2024,18:28:23,0.129,0.656,0,0,eGFP2
2025,18:28:24,0.128,1.082,0,0,eGFP2
2026,18:28:25,0.172,0.786,0,0,eGFP2
2027,18:28:25,0.117,0.753,0,0,eGFP2
2028,18:28:26,0.139,0.720,0,0,eGFP2
2029,18:28:27,0.117,0.644,0,0,eGFP2
2030,18:28:27,0.116,0.643,0,0,eGFP2
2031,18:28:28,0.106,0.742,0,0,eGFP2
2032,18:28:30,0.195,1.578,0,0,eGFP2
2033,18:28:31,0.138,1.280,0,0,eGFP2
2034,18:28:32,0.215,0.819,0,0,eGFP2
2035,18:28:32,0.096,0.623,0,0,eGFP2
2036,18:28:33,0.105,0.533,0,0,eGFP2
2037,18:28:34,0.106,0.655,0,0,eGFP2
2038,18:28:34,0.116,0.687,0,0,eGFP2
2039,18:28:35,0.095,0.501,0,0,eGFP2
2040,18:28:35,0.084,0.610,0,0,eGFP2
2041,18:28:37,0.174,1.403,0,0,eGFP2
2042,18:28:38,0.182,0.830,0,0,eGFP2
2043,18:28:38,0.132,0.757,0,0,eGFP2
2044,18:28:39,0.127,0.742,0,0,eGFP2
2045,18:28:40,0.105,0.544,0,0,eGFP2
2046,18:28:40,0.083,0.555,0,0,eGFP2
2047,18:28:41,0.116,0.796,0,0,eGFP2
2048,18:28:42,0.116,0.643,0,0,eGFP2
2049,18:28:42,0.108,0.646,0,0,eGFP2
2050,18:28:43,0.116,0.763,0,0,eGFP2
2051,18:28:44,0.116,0.676,0,0,eGFP2
2052,18:28:44,0.116,0.730,0,0,eGFP2
2053,18:28:45,0.116,0.643,0,0,eGFP2
2054,18:28:46,0.105,0.544,0,0,eGFP2
2055,18:28:47,0.094,1.060,0,0,eGFP2
2056,18:28:48,0.456,1.235,0,0,eGFP2
2057,18:28:49,0.107,0.700,0,0,eGFP2
2058,18:28:49,0.116,0.719,0,0,eGFP2
2059,18:28:50,0.116,0.555,0,0,eGFP2
2060,18:28:51,0.084,0.654,0,0,eGFP2
2061,18:28:51,0.160,0.786,0,0,eGFP2
2062,18:28:52,0.105,0.555,0,0,eGFP2
2063,18:28:52,0.085,0.567,0,0,eGFP2
2064,18:28:53,0.117,0.720,0,0,eGFP2
2065,18:28:54,0.108,0.624,0,0,eGFP2
2066,18:28:54,0.094,0.478,0,0,eGFP2
2067,18:28:55,0.084,0.665,0,0,eGFP2
2068,18:28:57,0.983,1.675,0,0,eGFP2
2069,18:28:57,0.094,0.566,0,0,eGFP2
2070,18:28:58,0.105,0.621,0,0,eGFP2
2071,18:28:58,0.105,0.610,0,0,eGFP2
2072,18:28:59,0.094,0.500,0,0,eGFP2
2073,18:28:59,0.073,0.501,0,0,eGFP2
2074,18:29:01,0.117,1.215,0,0,eGFP2
2075,18:29:01,0.138,0.643,0,0,eGFP2
2076,18:29:02,0.105,0.621,0,0,eGFP2
2077,18:29:03,0.107,0.634,0,0,eGFP2
2078,18:29:03,0.083,0.566,0,0,eGFP2
2079,18:29:04,0.160,1.005,0,0,eGFP2
2080,18:29:05,0.106,0.610,0,0,eGFP2
2081,18:29:05,0.128,0.753,0,0,eGFP2
2082,18:29:06,0.096,0.623,0,0,eGFP2
2083,18:29:07,0.105,0.544,0,0,eGFP2
2084,18:29:07,0.084,0.622,0,0,eGFP2
2085,18:29:09,0.204,1.586,0,0,eGFP2
2086,18:29:10,0.161,0.742,0,0,eGFP2
2087,18:29:10,0.106,0.655,0,0,eGFP2
2088,18:29:11,0.116,0.774,0,0,eGFP2
2089,18:29:12,0.128,0.709,0,0,eGFP2
2090,18:29:12,0.109,0.625,0,0,eGFP2
2091,18:29:14,0.160,1.247,0,0,eGFP2
2092,18:29:14,0.127,0.643,0,0,eGFP2
2093,18:29:15,0.095,0.643,0,0,eGFP2
2094,18:29:15,0.106,0.600,0,0,eGFP2
2095,18:29:16,0.083,0.511,0,0,eGFP2
2096,18:29:17,0.106,0.698,0,0,eGFP2
2097,18:29:18,0.139,0.841,0,0,eGFP2
2098,18:29:18,0.119,0.755,0,0,eGFP2
2099,18:29:19,0.128,0.808,0,0,eGFP2
2100,18:29:20,0.149,0.808,0,0,eGFP2
2101,18:29:21,0.127,0.742,0,0,eGFP2
2102,18:29:21,0.117,0.610,0,0,eGFP2
2103,18:29:22,0.084,0.523,0,0,eGFP2
2104,18:29:22,0.096,0.590,0,0,eGFP2
2105,18:29:23,0.128,1.094,0,0,eGFP2
2106,18:29:24,0.165,0.736,0,0,eGFP2
2107,18:29:25,0.095,0.611,0,0,eGFP2
2108,18:29:25,0.105,0.621,0,0,eGFP2
2109,18:29:26,0.104,0.565,0,0,eGFP2
2110,18:29:27,0.094,0.610,0,0,eGFP2
2111,18:29:27,0.116,0.807,0,0,eGFP2
2112,18:29:28,0.127,0.764,0,0,eGFP2
2113,18:29:29,0.105,0.533,0,0,eGFP2
2114,18:29:29,0.094,0.664,0,0,eGFP2
2115,18:29:31,0.195,1.369,0,0,eGFP2
2116,18:29:31,0.171,0.719,0,0,eGFP2
2117,18:29:32,0.106,0.577,0,0,eGFP2
2118,18:29:33,0.107,0.788,0,0,eGFP2
2119,18:29:33,0.138,0.642,0,0,eGFP2
2120,18:29:34,0.095,0.676,0,0,eGFP2
2121,18:29:35,0.127,0.687,0,0,eGFP2
2122,18:29:35,0.105,0.676,0,0,eGFP2
2123,18:29:37,0.140,1.083,0,0,eGFP2
2124,18:29:38,0.369,1.192,0,0,eGFP2
2125,18:29:39,0.127,0.830,0,0,eGFP2
2126,18:29:39,0.138,0.643,0,0,eGFP2
2127,18:29:40,0.105,0.544,0,0,eGFP2
2128,18:29:40,0.105,0.654,0,0,eGFP2
2129,18:29:41,0.116,0.654,0,0,eGFP2
2130,18:29:42,0.105,0.665,0,0,eGFP2
2131,18:29:42,0.121,0.637,0,0,eGFP2
2132,18:29:43,0.096,0.667,0,0,eGFP2
2133,18:29:44,0.182,1.093,0,0,eGFP2
2134,18:29:45,0.127,0.588,0,0,eGFP2
2135,18:29:45,0.083,0.555,0,0,eGFP2
2136,18:29:46,0.138,1.214,0,0,eGFP2
2137,18:29:47,0.204,0.873,0,0,eGFP2
2138,18:29:48,0.128,0.632,0,0,eGFP2
2139,18:29:49,0.095,0.534,0,0,eGFP2
2140,18:29:49,0.118,0.721,0,0,eGFP2
2141,18:29:50,0.106,0.644,0,0,eGFP2
2142,18:29:51,0.105,0.632,0,0,eGFP2
2143,18:29:52,0.149,0.994,0,0,eGFP2
2144,18:29:52,0.183,0.907,0,0,eGFP2
2145,18:29:53,0.171,0.961,0,0,eGFP2
2146,18:29:54,0.141,0.711,0,0,eGFP2
2147,18:29:55,0.106,0.753,0,0,eGFP2
2148,18:29:56,0.173,1.150,0,0,eGFP2
2149,18:29:57,0.160,0.764,0,0,eGFP2
2150,18:29:57,0.127,0.654,0,0,eGFP2
2151,18:29:58,0.117,0.731,0,0,eGFP2
2152,18:29:59,0.128,0.688,0,0,eGFP2
2153,18:29:59,0.094,0.544,0,0,eGFP2
2154,18:30:00,0.095,0.545,0,0,eGFP2
2155,18:30:01,0.116,1.027,0,0,eGFP2
2156,18:30:02,0.162,0.865,0,0,eGFP2
2157,18:30:03,0.193,1.137,0,0,eGFP2
2158,18:30:04,0.149,0.665,0,0,eGFP2
2159,18:30:04,0.106,0.545,0,0,eGFP2
2160,18:30:05,0.074,0.448,0,0,eGFP2
2161,18:30:05,0.083,0.753,0,0,eGFP2
2162,18:30:07,0.303,1.247,0,0,eGFP2
2163,18:30:07,0.095,0.523,0,0,eGFP2
2164,18:30:08,0.085,0.513,0,0,eGFP2
2165,18:30:08,0.095,0.698,0,0,eGFP2
2166,18:30:09,0.106,0.534,0,0,eGFP2
2167,18:30:09,0.073,0.545,0,0,eGFP2
2168,18:30:10,0.117,0.907,0,0,eGFP2
2169,18:30:14,0.188,3.612,0,0,eGFP2
2170,18:30:15,0.138,0.851,0,0,eGFP2
2171,18:30:16,0.171,0.731,0,0,eGFP2
2172,18:30:16,0.094,0.489,0,0,eGFP2
2173,18:30:17,0.086,0.536,0,0,eGFP2
2174,18:30:18,0.138,1.225,0,0,eGFP2
2175,18:30:18,0.116,0.566,0,0,eGFP2
2176,18:30:19,0.083,0.544,0,0,eGFP2
2177,18:30:20,0.138,0.785,0,0,eGFP2
2178,18:30:20,0.116,0.577,0,0,eGFP2
2179,18:30:21,0.094,0.533,0,0,eGFP2
2180,18:30:22,0.128,0.940,0,0,eGFP2
2181,18:30:23,0.183,0.984,0,0,eGFP2
2182,18:30:23,0.116,0.687,0,0,eGFP2
2183,18:30:24,0.127,0.588,0,0,eGFP2
2184,18:30:24,0.083,0.489,0,0,eGFP2
2185,18:30:25,0.106,1.006,0,0,eGFP2
2186,18:30:26,0.149,0.664,0,0,eGFP2
2187,18:30:27,0.096,0.491,0,0,eGFP2
2188,18:30:27,0.084,0.545,0,0,eGFP2
2189,18:30:29,0.117,1.368,0,0,eGFP2
2190,18:30:29,0.215,0.819,0,0,eGFP2
2191,18:30:30,0.105,0.566,0,0,eGFP2
2192,18:30:30,0.083,0.446,0,0,eGFP2
2193,18:30:35,0.094,4.242,0,0,eGFP2
2194,18:30:36,0.182,0.896,0,0,eGFP2
2195,18:30:42,3.935,6.382,0,0,eGFP2
2196,18:30:42,0.127,0.577,0,0,eGFP2
2197,18:30:43,0.073,0.435,0,0,eGFP2
2198,18:30:43,0.082,0.521,0,0,eGFP2
2199,18:30:44,0.105,0.555,0,0,eGFP2
2200,18:30:44,0.072,0.424,0,0,eGFP2
2201,18:30:45,0.063,0.436,0,0,eGFP2
2202,18:30:46,0.094,0.764,0,0,eGFP2
2203,18:30:46,0.127,0.654,0,0,eGFP2
2204,18:30:47,0.083,0.500,0,0,eGFP2
2205,18:30:47,0.095,0.588,0,0,eGFP2
2206,18:30:48,0.129,0.634,0,0,eGFP2
2207,18:30:49,0.095,0.567,0,0,eGFP2
2208,18:30:49,0.094,0.555,0,0,eGFP2
2209,18:30:50,0.095,0.544,0,0,eGFP2
2210,18:30:50,0.084,0.731,0,0,eGFP2
2211,18:30:51,0.139,0.721,0,0,eGFP2
2212,18:30:52,0.083,0.489,0,0,eGFP2
2213,18:30:52,0.095,0.610,0,0,eGFP2
2214,18:30:53,0.097,0.558,0,0,eGFP2
2215,18:30:53,0.096,0.645,0,0,eGFP2
2216,18:30:55,0.127,1.301,0,0,eGFP2
2217,18:30:56,0.424,1.094,0,0,eGFP2
2218,18:30:56,0.105,0.665,0,0,eGFP2
2219,18:30:57,0.116,0.665,0,0,eGFP2
2220,18:30:58,0.095,0.468,0,0,eGFP2
2221,18:30:58,0.083,0.621,0,0,eGFP2
2222,18:30:59,0.151,0.777,0,0,eGFP2
2223,18:31:00,0.106,0.621,0,0,eGFP2
2224,18:31:00,0.106,0.556,0,0,eGFP2
2225,18:31:01,0.095,0.654,0,0,eGFP2
2226,18:31:02,0.150,0.841,0,0,eGFP2
2227,18:31:02,0.106,0.578,0,0,eGFP2
2228,18:31:03,0.094,0.643,0,0,eGFP2
2229,18:31:04,0.119,0.645,0,0,eGFP2
2230,18:31:04,0.106,0.655,0,0,eGFP2
2231,18:31:05,0.129,0.974,0,0,eGFP2
2232,18:31:06,0.166,0.792,0,0,eGFP2
2233,18:31:06,0.105,0.533,0,0,eGFP2
2234,18:31:07,0.083,0.489,0,0,eGFP2
2235,18:31:08,0.094,0.741,0,0,eGFP2
2236,18:31:09,0.281,1.236,0,0,eGFP2
2237,18:31:09,0.094,0.533,0,0,eGFP2
2238,18:31:10,0.094,0.577,0,0,eGFP2
2239,18:31:11,0.096,0.524,0,0,eGFP2
2240,18:31:11,0.094,0.621,0,0,eGFP2
2241,18:31:12,0.105,0.577,0,0,eGFP2
2242,18:31:12,0.094,0.511,0,0,eGFP2
2243,18:31:13,0.096,0.677,0,0,eGFP2
2244,18:31:14,0.128,0.621,0,0,eGFP2
2245,18:31:14,0.095,0.643,0,0,eGFP2
2246,18:31:15,0.116,0.742,0,0,eGFP2
2247,18:31:16,0.129,0.699,0,0,eGFP2
2248,18:31:17,0.127,1.258,0,0,eGFP2
2249,18:31:18,0.511,1.136,0,0,eGFP2
2250,18:31:19,0.106,1.379,0,0,eGFP2
2251,18:31:20,0.160,0.664,0,0,eGFP2
2252,18:31:21,0.084,0.501,0,0,eGFP2
2253,18:31:21,0.094,0.741,0,0,eGFP2
2254,18:31:22,0.128,0.676,0,0,eGFP2
2255,18:31:23,0.085,0.491,0,0,eGFP2
2256,18:31:23,0.096,0.788,0,0,eGFP2
2257,18:31:24,0.138,0.708,0,0,eGFP2
2258,18:31:25,0.106,0.633,0,0,eGFP2
2259,18:31:25,0.127,0.752,0,0,eGFP2
2260,18:31:26,0.106,0.556,0,0,eGFP2
2261,18:31:27,0.094,0.862,0,0,eGFP2
2262,18:31:28,0.237,1.028,0,0,eGFP2
2263,18:31:28,0.116,0.621,0,0,eGFP2
2264,18:31:29,0.107,0.579,0,0,eGFP2
2265,18:31:30,0.094,0.544,0,0,eGFP2
2266,18:31:30,0.106,0.621,0,0,eGFP2
2267,18:31:31,0.084,0.457,0,0,eGFP2
2268,18:31:31,0.084,0.676,0,0,eGFP2
2269,18:31:32,0.193,1.049,0,0,eGFP2
2270,18:31:33,0.130,0.678,0,0,eGFP2
2271,18:31:34,0.128,0.731,0,0,eGFP2
2272,18:31:35,0.118,0.700,0,0,eGFP2
2273,18:31:35,0.095,0.545,0,0,eGFP2
2274,18:31:36,0.094,0.928,0,0,eGFP2
2275,18:31:37,0.204,0.841,0,0,eGFP2
2276,18:31:37,0.106,0.566,0,0,eGFP2
2277,18:31:38,0.084,0.600,0,0,eGFP2
2278,18:31:40,0.171,2.289,0,0,eGFP2
2279,18:31:41,0.095,0.523,0,0,eGFP2
2280,18:31:42,0.096,0.711,0,0,eGFP2
2281,18:31:42,0.116,0.588,0,0,eGFP2
2282,18:31:43,0.095,0.600,0,0,eGFP2
2283,18:31:43,0.105,0.511,0,0,eGFP2
2284,18:31:44,0.086,0.536,0,0,eGFP2
2285,18:31:45,0.105,0.830,0,0,eGFP2
2286,18:31:45,0.116,0.632,0,0,eGFP2
2287,18:31:46,0.095,0.600,0,0,eGFP2
2288,18:31:47,0.096,1.292,0,0,eGFP2
2289,18:31:48,0.336,0.929,0,0,eGFP2
2290,18:31:49,0.095,0.753,0,0,eGFP2
2291,18:31:50,0.183,0.753,0,0,eGFP2
2292,18:31:54,0.095,4.540,0,0,eGFP2
2293,18:31:55,0.194,1.204,0,0,eGFP2
2294,18:31:56,0.117,0.588,0,0,eGFP2
2295,18:31:56,0.106,0.523,0,0,eGFP2
2296,18:31:57,0.089,0.473,0,0,eGFP2
2297,18:31:57,0.085,0.480,0,0,eGFP2
2298,18:31:58,0.085,0.589,0,0,eGFP2
2299,18:31:58,0.083,0.479,0,0,eGFP2
2300,18:31:59,0.083,0.434,0,0,eGFP2
2301,18:32:00,0.072,0.654,0,0,eGFP2
2302,18:32:00,0.225,0.873,0,0,eGFP2
2303,18:32:01,0.094,0.544,0,0,eGFP2
2304,18:32:01,0.094,0.533,0,0,eGFP2
2305,18:32:02,0.085,0.458,0,0,eGFP2
2306,18:32:03,0.083,0.665,0,0,eGFP2
2307,18:32:03,0.127,0.654,0,0,eGFP2
2308,18:32:04,0.083,0.478,0,0,eGFP2
2309,18:32:04,0.094,0.676,0,0,eGFP2
2310,18:32:05,0.149,0.697,0,0,eGFP2
2311,18:32:06,0.084,0.479,0,0,eGFP2
2312,18:32:06,0.074,0.513,0,0,eGFP2
2313,18:32:07,0.128,0.853,0,0,eGFP2
2314,18:32:07,0.116,0.522,0,0,eGFP2
2315,18:32:08,0.072,0.434,0,0,eGFP2
2316,18:32:09,0.084,0.764,0,0,eGFP2
2317,18:32:09,0.160,0.698,0,0,eGFP2
2318,18:32:10,0.094,0.544,0,0,eGFP2
2319,18:32:10,0.084,0.512,0,0,eGFP2
2320,18:32:11,0.094,0.566,0,0,eGFP2
2321,18:32:12,0.107,0.699,0,0,eGFP2
2322,18:32:12,0.117,0.632,0,0,eGFP2
2323,18:32:13,0.095,0.622,0,0,eGFP2
2324,18:32:14,0.116,0.665,0,0,eGFP2
2325,18:32:14,0.105,0.632,0,0,eGFP2
2326,18:32:15,0.107,0.743,0,0,eGFP2
2327,18:32:16,0.117,0.632,0,0,eGFP2
2328,18:32:16,0.095,0.512,0,0,eGFP2
2329,18:32:17,0.094,0.906,0,0,eGFP2
2330,18:32:18,0.711,1.457,0,0,eGFP2
2331,18:32:19,0.095,0.655,0,0,eGFP2
2332,18:32:20,0.138,0.709,0,0,eGFP2
2333,18:32:20,0.094,0.599,0,0,eGFP2
2334,18:32:21,0.105,0.588,0,0,eGFP2
2335,18:32:22,0.106,0.632,0,0,eGFP2
2336,18:32:23,0.117,0.896,0,0,eGFP2
2337,18:32:23,0.117,0.556,0,0,eGFP2
2338,18:32:24,0.096,0.677,0,0,eGFP2
2339,18:32:24,0.141,0.711,0,0,eGFP2
2340,18:32:25,0.106,0.589,0,0,eGFP2
2341,18:32:26,0.094,0.467,0,0,eGFP2
2342,18:32:27,0.084,1.258,0,0,eGFP2
2343,18:32:28,0.292,1.170,0,0,eGFP2
2344,18:32:29,0.125,0.640,0,0,eGFP2
2345,18:32:29,0.105,0.753,0,0,eGFP2
2346,18:32:30,0.139,0.710,0,0,eGFP2
2347,18:32:31,0.105,0.599,0,0,eGFP2
2348,18:32:31,0.094,0.544,0,0,eGFP2
2349,18:32:32,0.083,0.478,0,0,eGFP2
2350,18:32:33,0.105,1.114,0,0,eGFP2
2351,18:32:34,0.314,0.972,0,0,eGFP2
2352,18:32:34,0.106,0.588,0,0,eGFP2
2353,18:32:35,0.107,0.645,0,0,eGFP2
2354,18:32:36,0.117,0.809,0,0,eGFP2
2355,18:32:36,0.116,0.599,0,0,eGFP2
2356,18:32:37,0.094,0.807,0,0,eGFP2
2357,18:32:38,0.193,0.818,0,0,eGFP2
2358,18:32:39,0.095,0.523,0,0,eGFP2
2359,18:32:39,0.105,0.642,0,0,eGFP2
2360,18:32:40,0.139,0.841,0,0,eGFP2
2361,18:32:41,0.127,0.665,0,0,eGFP2
2362,18:32:41,0.083,0.533,0,0,eGFP2
2363,18:32:42,0.107,0.776,0,0,eGFP2
2364,18:32:43,0.149,0.731,0,0,eGFP2
2365,18:32:43,0.094,0.588,0,0,eGFP2
2366,18:32:44,0.105,0.577,0,0,eGFP2
2367,18:32:44,0.107,0.557,0,0,eGFP2
2368,18:32:45,0.094,0.730,0,0,eGFP2
2369,18:32:46,0.138,0.720,0,0,eGFP2
2370,18:32:47,0.116,0.775,0,0,eGFP2
2371,18:32:47,0.118,0.611,0,0,eGFP2
2372,18:32:48,0.106,0.720,0,0,eGFP2
2373,18:32:49,0.150,0.808,0,0,eGFP2
2374,18:32:50,0.105,0.862,0,0,eGFP2
2375,18:32:51,0.281,1.028,0,0,eGFP2
2376,18:32:51,0.105,0.599,0,0,eGFP2
2377,18:32:52,0.127,0.775,0,0,eGFP2
2378,18:32:53,0.116,0.687,0,0,eGFP2
2379,18:32:53,0.106,0.688,0,0,eGFP2
2380,18:32:54,0.106,0.534,0,0,eGFP2
2381,18:32:55,0.096,0.754,0,0,eGFP2
2382,18:32:56,0.160,0.753,0,0,eGFP2
2383,18:32:56,0.094,0.621,0,0,eGFP2
2384,18:32:58,0.160,1.422,0,0,eGFP2
2385,18:32:59,0.369,1.115,0,0,eGFP2
2386,18:32:59,0.117,0.622,0,0,eGFP2
2387,18:33:00,0.096,0.699,0,0,eGFP2
2388,18:33:01,0.128,0.666,0,0,eGFP2
2389,18:33:01,0.105,0.533,0,0,eGFP2
2390,18:33:02,0.084,0.512,0,0,eGFP2
2391,18:33:03,0.105,0.819,0,0,eGFP2
2392,18:33:03,0.127,0.687,0,0,eGFP2
2393,18:33:04,0.105,0.643,0,0,eGFP2
2394,18:33:05,0.139,0.896,0,0,eGFP2
2395,18:33:05,0.129,0.623,0,0,eGFP2
2396,18:33:06,0.119,0.898,0,0,eGFP2
2397,18:33:07,0.193,0.830,0,0,eGFP2
2398,18:33:08,0.116,0.643,0,0,eGFP2
2399,18:33:08,0.095,0.534,0,0,eGFP2
2400,18:33:09,0.105,0.764,0,0,eGFP2
2401,18:33:10,0.149,0.676,0,0,eGFP2
2402,18:33:10,0.084,0.534,0,0,eGFP2
2403,18:33:11,0.116,0.775,0,0,eGFP2
2404,18:33:12,0.129,0.623,0,0,eGFP2
2405,18:33:12,0.095,0.610,0,0,eGFP2
2406,18:33:13,0.150,0.874,0,0,eGFP2
2407,18:33:14,0.111,0.594,0,0,eGFP2
2408,18:33:15,0.105,0.895,0,0,eGFP2
2409,18:33:16,0.217,1.116,0,0,eGFP2
2410,18:33:16,0.116,0.665,0,0,eGFP2
2411,18:33:17,0.127,0.753,0,0,eGFP2
2412,18:33:18,0.117,0.545,0,0,eGFP2
2413,18:33:18,0.083,0.533,0,0,eGFP2
2414,18:33:19,0.149,1.071,0,0,eGFP2
2415,18:33:20,0.116,0.665,0,0,eGFP2
2416,18:33:21,0.105,0.742,0,0,eGFP2
2417,18:33:21,0.138,0.774,0,0,eGFP2
2418,18:33:22,0.127,0.687,0,0,eGFP2
2419,18:33:23,0.116,0.851,0,0,eGFP2
2420,18:33:24,0.173,0.766,0,0,eGFP2
2421,18:33:24,0.094,0.544,0,0,eGFP2
2422,18:33:26,0.105,1.159,0,0,eGFP2
2423,18:33:26,0.268,0.937,0,0,eGFP2
2424,18:33:27,0.094,0.621,0,0,eGFP2
2425,18:33:28,0.105,0.566,0,0,eGFP2
2426,18:33:28,0.084,0.632,0,0,eGFP2
2427,18:33:29,0.171,0.896,0,0,eGFP2
2428,18:33:30,0.105,0.533,0,0,eGFP2
2429,18:33:32,0.096,2.730,0,0,eGFP2
2430,18:33:33,0.127,0.709,0,0,eGFP2
2431,18:33:34,0.105,0.555,0,0,eGFP2
2432,18:33:34,0.072,0.456,0,0,eGFP2
2433,18:33:35,0.095,0.885,0,0,eGFP2
2434,18:33:36,0.127,0.599,0,0,eGFP2
2435,18:33:36,0.083,0.533,0,0,eGFP2
2436,18:33:37,0.097,0.690,0,0,eGFP2
2437,18:33:37,0.118,0.546,0,0,eGFP2
2438,18:33:38,0.072,0.412,0,0,eGFP2
2439,18:33:39,0.084,1.104,0,0,eGFP2
2440,18:33:40,0.215,0.797,0,0,eGFP2
2441,18:33:40,0.083,0.468,0,0,eGFP2
2442,18:33:41,0.083,0.577,0,0,eGFP2
2443,18:33:41,0.149,0.731,0,0,eGFP2
2444,18:33:42,0.083,0.467,0,0,eGFP2
2445,18:33:43,0.097,0.832,0,0,eGFP2
2446,18:33:44,0.171,0.775,0,0,eGFP2
2447,18:33:44,0.083,0.599,0,0,eGFP2
2448,18:33:45,0.106,0.555,0,0,eGFP2
2449,18:33:45,0.084,0.457,0,0,eGFP2
2450,18:33:46,0.085,0.821,0,0,eGFP2
2451,18:33:47,0.149,0.698,0,0,eGFP2
2452,18:33:47,0.094,0.533,0,0,eGFP2
2453,18:33:48,0.095,0.622,0,0,eGFP2
2454,18:33:49,0.115,0.696,0,0,eGFP2
2455,18:33:49,0.095,0.545,0,0,eGFP2
2456,18:33:50,0.094,0.588,0,0,eGFP2
2457,18:33:51,0.117,0.885,0,0,eGFP2
2458,18:33:51,0.150,0.753,0,0,eGFP2
2459,18:33:52,0.117,0.676,0,0,eGFP2
2460,18:33:53,0.106,0.556,0,0,eGFP2
2461,18:33:54,0.128,1.060,0,0,eGFP2
2462,18:33:54,0.250,0.876,0,0,eGFP2
2463,18:33:55,0.095,0.654,0,0,eGFP2
2464,18:33:56,0.141,0.810,0,0,eGFP2
2465,18:33:56,0.117,0.545,0,0,eGFP2
2466,18:33:57,0.096,0.579,0,0,eGFP2
2467,18:33:58,0.127,0.764,0,0,eGFP2
2468,18:33:58,0.128,0.621,0,0,eGFP2
2469,18:33:59,0.095,0.622,0,0,eGFP2
2470,18:34:00,0.145,0.913,0,0,eGFP2
2471,18:34:01,0.127,0.566,0,0,eGFP2
2472,18:34:01,0.094,0.676,0,0,eGFP2
2473,18:34:05,0.698,3.606,0,0,eGFP2
2474,18:39:50,0.357,345.435,0,0,eGFP2
2475,18:39:52,0.698,1.697,0,0,eGFP2
2476,18:39:53,0.193,1.059,0,0,eGFP2
2477,18:39:54,0.149,0.929,0,0,eGFP2
2478,18:39:55,0.152,0.799,0,0,eGFP2
2479,18:39:55,0.105,0.643,0,0,eGFP2
2480,18:39:57,0.116,1.576,0,0,eGFP2
2481,18:39:58,0.160,0.906,0,0,eGFP2
2482,18:39:59,0.171,0.917,0,0,eGFP2
2483,18:40:00,0.149,1.696,0,0,eGFP2
2484,18:40:01,0.160,0.918,0,0,eGFP2
2485,18:40:05,0.522,3.353,0,0,eGFP2
2486,18:40:05,0.138,0.654,0,0,eGFP2
2487,18:40:06,0.118,0.820,0,0,eGFP2
2488,18:40:07,0.116,0.599,0,0,eGFP2
2489,18:40:10,0.094,3.485,0,0,eGFP2
2490,18:40:11,0.127,0.588,0,0,eGFP2
2491,18:40:11,0.095,0.512,0,0,eGFP2
2492,18:40:12,0.084,0.578,0,0,eGFP2
2493,18:40:13,0.095,0.588,0,0,eGFP2
2494,18:40:14,0.084,1.840,0,0,eGFP2
2495,18:40:15,0.150,0.611,0,0,eGFP2
2496,18:40:16,0.084,0.676,0,0,eGFP2
2497,18:40:17,0.413,1.752,0,0,eGFP2
2498,18:40:18,0.204,1.005,0,0,eGFP2
2499,18:40:19,0.127,0.752,0,0,eGFP2
2500,18:40:20,0.117,0.622,0,0,eGFP2
2501,18:40:20,0.094,0.555,0,0,eGFP2
2502,18:40:21,0.127,0.764,0,0,eGFP2
2503,18:40:22,0.107,0.677,0,0,eGFP2
2504,18:40:23,0.139,0.896,0,0,eGFP2
2505,18:40:23,0.118,0.688,0,0,eGFP2
2506,18:40:24,0.106,0.611,0,0,eGFP2
2507,18:40:25,0.105,0.742,0,0,eGFP2
2508,18:40:25,0.105,0.599,0,0,eGFP2
2509,18:40:26,0.083,0.489,0,0,eGFP2
2510,18:40:27,0.095,0.797,0,0,eGFP2
2511,18:40:27,0.129,0.656,0,0,eGFP2
2512,18:40:28,0.116,0.742,0,0,eGFP2
2513,18:40:29,0.116,0.742,0,0,eGFP2
2514,18:40:30,0.127,0.808,0,0,eGFP2
2515,18:40:32,0.127,2.212,0,0,eGFP2
2516,18:40:33,0.194,0.973,0,0,eGFP2
2517,18:40:34,0.149,1.016,0,0,eGFP2
2518,18:40:35,0.117,0.731,0,0,eGFP2
2519,18:40:35,0.108,0.766,0,0,eGFP2
2520,18:40:36,0.184,1.040,0,0,eGFP2
2521,18:40:39,0.128,2.652,0,0,eGFP2
2522,18:40:40,0.105,0.610,0,0,eGFP2
2523,18:40:41,0.160,0.929,0,0,eGFP2
2524,18:40:41,0.116,0.632,0,0,eGFP2
2525,18:40:42,0.106,0.863,0,0,eGFP2
2526,18:40:43,0.128,0.644,0,0,eGFP2
2527,18:40:44,0.128,1.236,0,0,eGFP2
2528,18:40:45,0.118,0.667,0,0,eGFP2
2529,18:40:45,0.237,0.369,0,0,eGFP2
2530,18:40:47,0.325,2.498,0,0,eGFP2
2531,18:40:48,0.205,0.951,0,0,eGFP2
2532,18:40:51,0.643,2.684,0,0,eGFP2
2533,18:40:52,0.174,0.481,0,0,eGFP2
2534,18:40:53,0.297,1.087,0,0,eGFP2
2535,18:40:54,0.094,1.433,0,0,eGFP2
2536,18:40:57,0.117,3.091,0,0,eGFP2
2537,18:40:58,0.237,0.873,0,0,eGFP2
2538,18:40:59,0.105,0.786,0,0,eGFP2
2539,18:40:59,0.160,0.675,0,0,eGFP2
2540,18:41:00,0.073,0.457,0,0,eGFP2
2541,18:41:00,0.094,0.511,0,0,eGFP2
2542,18:41:01,0.094,0.489,0,0,eGFP2
2543,18:41:01,0.072,0.456,0,0,eGFP2
2544,18:41:02,0.085,0.480,0,0,eGFP2
2545,18:41:02,0.094,0.533,0,0,eGFP2
2546,18:41:03,0.094,0.555,0,0,eGFP2
2547,18:41:04,0.096,0.633,0,0,eGFP2
2548,18:41:04,0.095,0.588,0,0,eGFP2
2549,18:41:05,0.127,0.731,0,0,eGFP2
2550,18:41:06,0.116,0.753,0,0,eGFP2
2551,18:41:06,0.127,0.686,0,0,eGFP2
2552,18:41:07,0.127,0.841,0,0,eGFP2
2553,18:41:08,0.139,0.721,0,0,eGFP2
2554,18:41:09,0.094,0.621,0,0,eGFP2
2555,18:41:12,0.127,3.288,0,0,eGFP2
2556,18:41:13,0.478,1.180,0,0,eGFP2
2557,18:41:14,0.128,0.929,0,0,eGFP2
2558,18:41:15,0.149,0.708,0,0,eGFP2
2559,18:41:16,0.139,1.258,0,0,eGFP2
2560,18:41:17,0.149,0.698,0,0,eGFP2
2561,18:41:17,0.108,0.624,0,0,eGFP2
2562,18:41:18,0.094,0.588,0,0,eGFP2
2563,18:41:18,0.094,0.665,0,0,eGFP2
2564,18:41:19,0.127,1.016,0,0,eGFP2
2565,18:41:21,0.720,1.587,0,0,eGFP2
2566,18:41:22,0.204,0.819,0,0,eGFP2
2567,18:41:22,0.095,0.545,0,0,eGFP2
2568,18:41:23,0.117,0.632,0,0,eGFP2
2569,18:41:24,0.086,0.513,0,0,eGFP2
2570,18:41:24,0.095,0.633,0,0,eGFP2
2571,18:41:26,0.149,1.499,0,0,eGFP2
2572,18:41:27,0.127,0.818,0,0,eGFP2
2573,18:41:27,0.117,0.578,0,0,eGFP2
2574,18:41:28,0.083,0.445,0,0,eGFP2
2575,18:41:28,0.075,0.415,0,0,eGFP2
2576,18:41:29,0.083,0.687,0,0,eGFP2
2577,18:41:29,0.162,0.776,0,0,eGFP2
2578,18:41:30,0.128,0.885,0,0,eGFP2
2579,18:41:31,0.105,0.577,0,0,eGFP2
2580,18:41:31,0.095,0.556,0,0,eGFP2
2581,18:41:32,0.083,0.522,0,0,eGFP2
2582,18:41:33,0.106,0.797,0,0,eGFP2
2583,18:41:34,0.182,0.830,0,0,eGFP2
2584,18:41:34,0.105,0.610,0,0,eGFP2
2585,18:41:35,0.106,0.973,0,0,eGFP2
2586,18:41:37,0.952,1.621,0,0,eGFP2
2587,18:41:37,0.095,0.501,0,0,eGFP2
2588,18:41:38,0.083,0.566,0,0,eGFP2
2589,18:41:38,0.104,0.565,0,0,eGFP2
2590,18:41:39,0.084,0.589,0,0,eGFP2
2591,18:41:40,0.116,0.643,0,0,eGFP2
2592,18:41:40,0.095,0.534,0,0,eGFP2
2593,18:41:41,0.083,0.478,0,0,eGFP2
2594,18:41:41,0.086,0.547,0,0,eGFP2
2595,18:41:42,0.105,0.665,0,0,eGFP2
2596,18:41:42,0.095,0.534,0,0,eGFP2
2597,18:41:43,0.088,0.527,0,0,eGFP2
2598,18:41:43,0.083,0.489,0,0,eGFP2
2599,18:41:44,0.083,0.489,0,0,eGFP2
2600,18:41:44,0.094,0.533,0,0,eGFP2
2601,18:41:45,0.094,0.731,0,0,eGFP2
2602,18:41:46,0.130,0.700,0,0,eGFP2
2603,18:41:46,0.105,0.511,0,0,eGFP2
2604,18:41:47,0.094,0.577,0,0,eGFP2
2605,18:41:48,0.138,0.797,0,0,eGFP2
2606,18:41:48,0.094,0.500,0,0,eGFP2
2607,18:41:50,0.072,1.268,0,0,eGFP2
2608,18:41:51,0.445,1.751,0,0,eGFP2
2609,18:41:52,0.171,1.115,0,0,eGFP2
2610,18:41:54,0.260,1.270,0,0,eGFP2
2611,18:41:54,0.105,0.533,0,0,eGFP2
2612,18:41:55,0.083,0.467,0,0,eGFP2
2613,18:41:55,0.083,0.435,0,0,eGFP2
2614,18:41:56,0.072,0.412,0,0,eGFP2
2615,18:41:56,0.072,0.533,0,0,eGFP2
2616,18:41:57,0.129,0.754,0,0,eGFP2
2617,18:41:57,0.106,0.632,0,0,eGFP2
2618,18:41:58,0.160,0.907,0,0,eGFP2
2619,18:41:59,0.085,0.502,0,0,eGFP2
2620,18:41:59,0.083,0.544,0,0,eGFP2
2621,18:42:00,0.094,0.511,0,0,eGFP2
2622,18:42:00,0.083,0.533,0,0,eGFP2
2623,18:42:01,0.150,0.885,0,0,eGFP2
2624,18:42:02,0.094,0.489,0,0,eGFP2
2625,18:42:02,0.073,0.457,0,0,eGFP2
2626,18:42:03,0.094,0.643,0,0,eGFP2
2627,18:42:03,0.085,0.469,0,0,eGFP2
2628,18:42:04,0.072,0.676,0,0,eGFP2
2629,18:42:06,0.149,2.256,0,0,eGFP2
2630,18:42:07,0.107,0.590,0,0,eGFP2
2631,18:42:07,0.105,0.555,0,0,eGFP2
2632,18:42:08,0.084,0.523,0,0,eGFP2
2633,18:42:08,0.072,0.445,0,0,eGFP2
2634,18:42:09,0.073,0.435,0,0,eGFP2
2635,18:42:10,0.085,0.656,0,0,eGFP2
2636,18:42:10,0.127,0.632,0,0,eGFP2
2637,18:42:11,0.094,0.544,0,0,eGFP2
2638,18:42:11,0.084,0.435,0,0,eGFP2
2639,18:42:13,0.083,1.554,0,0,eGFP2
2640,18:42:14,0.160,0.906,0,0,eGFP2
2641,18:42:14,0.106,0.556,0,0,eGFP2
2642,18:42:15,0.083,0.511,0,0,eGFP2
2643,18:42:15,0.075,0.448,0,0,eGFP2
2644,18:42:16,0.074,0.425,0,0,eGFP2
2645,18:42:16,0.095,0.676,0,0,eGFP2
2646,18:42:17,0.150,0.786,0,0,eGFP2
2647,18:42:18,0.172,1.203,0,0,eGFP2
2648,18:42:19,0.084,0.479,0,0,eGFP2
2649,18:42:19,0.072,0.435,0,0,eGFP2
2650,18:42:20,0.083,0.829,0,0,eGFP2
2651,18:42:21,0.249,0.841,0,0,eGFP2
2652,18:42:21,0.086,0.503,0,0,eGFP2
2653,18:42:22,0.083,0.467,0,0,eGFP2
2654,18:42:22,0.084,0.545,0,0,eGFP2
2655,18:42:23,0.117,0.655,0,0,eGFP2
2656,18:42:23,0.083,0.468,0,0,eGFP2
2657,18:42:24,0.083,0.577,0,0,eGFP2
2658,18:42:25,0.119,0.591,0,0,eGFP2
2659,18:42:25,0.083,0.467,0,0,eGFP2
2660,18:42:26,0.084,0.589,0,0,eGFP2
2661,18:42:26,0.116,0.555,0,0,eGFP2
2662,18:42:27,0.072,0.445,0,0,eGFP2
2663,18:42:27,0.105,0.829,0,0,eGFP2
2664,18:42:28,0.116,0.588,0,0,eGFP2
2665,18:42:29,0.083,0.478,0,0,eGFP2
2666,18:42:29,0.072,0.511,0,0,eGFP2
2667,18:42:30,0.127,0.808,0,0,eGFP2
2668,18:42:30,0.106,0.545,0,0,eGFP2
2669,18:42:31,0.094,0.555,0,0,eGFP2
2670,18:42:31,0.094,0.511,0,0,eGFP2
2671,18:42:32,0.095,0.599,0,0,eGFP2
2672,18:42:33,0.096,0.546,0,0,eGFP2
2673,18:42:33,0.094,0.676,0,0,eGFP2
2674,18:42:34,0.127,0.588,0,0,eGFP2
2675,18:42:34,0.095,0.512,0,0,eGFP2
2676,18:42:35,0.095,0.611,0,0,eGFP2
2677,18:42:36,0.106,0.512,0,0,eGFP2
2678,18:42:36,0.083,0.489,0,0,eGFP2
2679,18:42:37,0.105,0.819,0,0,eGFP2
2680,18:42:37,0.116,0.577,0,0,eGFP2
2681,18:42:38,0.094,0.621,0,0,eGFP2
2682,18:42:39,0.127,0.643,0,0,eGFP2
2683,18:42:39,0.083,0.479,0,0,eGFP2
2684,18:42:40,0.084,0.688,0,0,eGFP2
2685,18:42:41,0.145,0.693,0,0,eGFP2
2686,18:42:41,0.095,0.731,0,0,eGFP2
2687,18:42:42,0.095,0.468,0,0,eGFP2
2688,18:42:43,0.752,1.663,0,0,eGFP2
2689,18:42:44,0.161,0.687,0,0,eGFP2
2690,18:42:45,0.084,0.545,0,0,eGFP2
2691,18:42:45,0.083,0.456,0,0,eGFP2
2692,18:42:46,0.073,0.479,0,0,eGFP2
2693,18:42:46,0.107,0.634,0,0,eGFP2
2694,18:42:47,0.094,0.489,0,0,eGFP2
2695,18:42:47,0.095,0.610,0,0,eGFP2
2696,18:42:48,0.106,0.600,0,0,eGFP2
2697,18:42:48,0.094,0.544,0,0,eGFP2
2698,18:42:49,0.095,0.545,0,0,eGFP2
2699,18:42:50,0.118,0.677,0,0,eGFP2
2700,18:42:50,0.095,0.512,0,0,eGFP2
2701,18:42:51,0.085,0.590,0,0,eGFP2
2702,18:42:51,0.117,0.644,0,0,eGFP2
2703,18:42:52,0.094,0.577,0,0,eGFP2
2704,18:42:52,0.096,0.491,0,0,eGFP2
2705,18:42:53,0.084,0.512,0,0,eGFP2
2706,18:42:54,0.193,1.225,0,0,eGFP2
2707,18:42:55,0.106,0.577,0,0,eGFP2
2708,18:42:55,0.073,0.479,0,0,eGFP2
2709,18:42:59,0.106,3.859,0,0,eGFP2
2710,18:43:00,0.093,0.510,0,0,eGFP2
2711,18:43:00,0.084,0.468,0,0,eGFP2
2712,18:43:01,0.084,0.479,0,0,eGFP2
2713,18:43:01,0.086,0.470,0,0,eGFP2
2714,18:43:02,0.083,0.446,0,0,eGFP2
2715,18:43:02,0.072,0.457,0,0,eGFP2
2716,18:43:03,0.105,0.654,0,0,eGFP2
2717,18:43:03,0.117,0.633,0,0,eGFP2
2718,18:43:04,0.096,0.579,0,0,eGFP2
2719,18:43:04,0.084,0.490,0,0,eGFP2
2720,18:43:05,0.073,0.435,0,0,eGFP2
2721,18:43:06,0.095,1.115,0,0,eGFP2
2722,18:43:06,0.117,0.589,0,0,eGFP2
2723,18:43:07,0.100,0.550,0,0,eGFP2
2724,18:43:07,0.072,0.434,0,0,eGFP2
2725,18:43:08,0.072,0.478,0,0,eGFP2
2726,18:43:09,0.107,0.700,0,0,eGFP2
2727,18:43:09,0.106,0.567,0,0,eGFP2
2728,18:43:10,0.083,0.588,0,0,eGFP2
2729,18:43:10,0.116,0.654,0,0,eGFP2
2730,18:43:11,0.105,0.577,0,0,eGFP2
2731,18:43:11,0.083,0.478,0,0,eGFP2
2732,18:43:12,0.095,0.578,0,0,eGFP2
2733,18:43:13,0.138,0.807,0,0,eGFP2
2734,18:43:13,0.096,0.623,0,0,eGFP2
2735,18:43:14,0.105,0.577,0,0,eGFP2
2736,18:43:15,0.072,0.467,0,0,eGFP2
2737,18:43:15,0.083,0.599,0,0,eGFP2
2738,18:43:16,0.160,0.808,0,0,eGFP2
2739,18:43:16,0.094,0.533,0,0,eGFP2
2740,18:43:17,0.083,0.621,0,0,eGFP2
2741,18:43:18,0.118,0.623,0,0,eGFP2
2742,18:43:18,0.083,0.588,0,0,eGFP2
2743,18:43:19,0.129,0.732,0,0,eGFP2
2744,18:43:20,0.095,0.611,0,0,eGFP2
2745,18:43:20,0.127,0.752,0,0,eGFP2
2746,18:43:21,0.095,0.512,0,0,eGFP2
2747,18:43:22,0.116,1.027,0,0,eGFP2
2748,18:43:23,0.237,0.863,0,0,eGFP2
2749,18:43:23,0.171,0.687,0,0,eGFP2
2750,18:43:24,0.094,0.566,0,0,eGFP2
2751,18:43:25,0.096,0.634,0,0,eGFP2
2752,18:43:25,0.105,0.522,0,0,eGFP2
2753,18:43:26,0.084,0.512,0,0,eGFP2
2754,18:43:26,0.105,0.632,0,0,eGFP2
2755,18:43:27,0.107,0.568,0,0,eGFP2
2756,18:43:27,0.094,0.511,0,0,eGFP2
2757,18:43:28,0.106,0.698,0,0,eGFP2
2758,18:43:29,0.117,0.644,0,0,eGFP2
2759,18:43:30,0.107,0.963,0,0,eGFP2
2760,18:43:31,0.347,1.400,0,0,eGFP2
2761,18:43:32,0.490,1.137,0,0,eGFP2
2762,18:43:33,0.095,0.698,0,0,eGFP2
2763,18:43:34,0.117,0.578,0,0,eGFP2
2764,18:43:34,0.072,0.446,0,0,eGFP2
2765,18:43:35,0.073,0.622,0,0,eGFP2
2766,18:43:35,0.138,0.753,0,0,eGFP2
2767,18:43:37,0.151,1.292,0,0,eGFP2
2768,18:43:37,0.107,0.557,0,0,eGFP2
2769,18:43:38,0.106,0.589,0,0,eGFP2
2770,18:43:38,0.095,0.643,0,0,eGFP2
2771,18:43:39,0.106,0.819,0,0,eGFP2
2772,18:43:40,0.172,0.764,0,0,eGFP2
2773,18:43:41,0.095,0.534,0,0,eGFP2
2774,18:43:41,0.095,0.556,0,0,eGFP2
2775,18:43:42,0.094,0.610,0,0,eGFP2
2776,18:43:42,0.107,0.656,0,0,eGFP2
2777,18:43:43,0.095,0.556,0,0,eGFP2
2778,18:43:46,0.116,3.079,0,0,eGFP2
2779,18:43:47,0.084,0.479,0,0,eGFP2
2780,18:43:47,0.073,0.446,0,0,eGFP2
2781,18:43:47,0.073,0.479,0,0,eGFP2
2782,18:43:48,0.075,0.525,0,0,eGFP2
2783,18:43:48,0.094,0.522,0,0,eGFP2
2784,18:43:49,0.086,0.591,0,0,eGFP2
2785,18:43:50,0.127,0.709,0,0,eGFP2
2786,18:43:50,0.111,0.681,0,0,eGFP2
2787,18:43:51,0.106,0.698,0,0,eGFP2
2788,18:43:53,0.533,1.356,0,0,eGFP2
2789,18:43:53,0.094,0.511,0,0,eGFP2
2790,18:43:53,0.083,0.446,0,0,eGFP2
2791,18:43:54,0.072,0.445,0,0,eGFP2
2792,18:43:54,0.085,0.556,0,0,eGFP2
2793,18:43:55,0.106,0.545,0,0,eGFP2
2794,18:43:56,0.083,0.598,0,0,eGFP2
2795,18:43:56,0.106,0.621,0,0,eGFP2
2796,18:43:57,0.074,0.436,0,0,eGFP2
2797,18:43:57,0.073,0.577,0,0,eGFP2
2798,18:43:58,0.193,0.874,0,0,eGFP2
2799,18:43:59,0.094,0.511,0,0,eGFP2
2800,18:43:59,0.107,0.590,0,0,eGFP2
2801,18:44:00,0.083,0.445,0,0,eGFP2
2802,18:44:00,0.072,0.511,0,0,eGFP2
2803,18:44:01,0.116,0.654,0,0,eGFP2
2804,18:44:01,0.083,0.479,0,0,eGFP2
2805,18:44:02,0.072,0.467,0,0,eGFP2
2806,18:44:02,0.083,0.544,0,0,eGFP2
2807,18:44:03,0.105,0.599,0,0,eGFP2
2808,18:44:03,0.084,0.556,0,0,eGFP2
2809,18:44:04,0.117,0.655,0,0,eGFP2
2810,18:44:05,0.096,0.535,0,0,eGFP2
2811,18:44:05,0.083,0.533,0,0,eGFP2
2812,18:44:06,0.117,0.775,0,0,eGFP2
2813,18:44:07,0.117,0.588,0,0,eGFP2
2814,18:44:07,0.084,0.567,0,0,eGFP2
2815,18:44:08,0.127,0.753,0,0,eGFP2
2816,18:44:08,0.105,0.522,0,0,eGFP2
2817,18:44:09,0.074,0.480,0,0,eGFP2
2818,18:44:10,0.106,0.720,0,0,eGFP2
2819,18:44:10,0.149,0.874,0,0,eGFP2
2820,18:44:11,0.127,0.654,0,0,eGFP2
2821,18:44:12,0.094,0.687,0,0,eGFP2
2822,18:44:12,0.116,0.632,0,0,eGFP2
2823,18:44:14,0.095,1.390,0,0,eGFP2
2824,18:44:15,0.249,0.930,0,0,eGFP2
2825,18:44:16,0.162,0.787,0,0,eGFP2
2826,18:44:16,0.095,0.556,0,0,eGFP2
2827,18:44:17,0.094,0.489,0,0,eGFP2
2828,18:44:17,0.084,0.611,0,0,eGFP2
2829,18:44:18,0.138,0.632,0,0,eGFP2
2830,18:44:18,0.084,0.534,0,0,eGFP2
2831,18:44:19,0.105,0.665,0,0,eGFP2
2832,18:44:20,0.105,0.566,0,0,eGFP2
2833,18:44:20,0.086,0.547,0,0,eGFP2
2834,18:44:21,0.105,0.643,0,0,eGFP2
2835,18:44:22,0.113,0.870,0,0,eGFP2
2836,18:44:22,0.160,0.753,0,0,eGFP2
2837,18:44:23,0.105,0.643,0,0,eGFP2
2838,18:44:24,0.106,0.534,0,0,eGFP2
2839,18:44:24,0.083,0.511,0,0,eGFP2
2840,18:44:25,0.116,0.819,0,0,eGFP2
2841,18:44:26,0.116,0.631,0,0,eGFP2
2842,18:44:26,0.107,0.601,0,0,eGFP2
2843,18:44:27,0.094,0.588,0,0,eGFP2
2844,18:44:27,0.094,0.511,0,0,eGFP2
2845,18:44:28,0.083,0.467,0,0,eGFP2
2846,18:44:28,0.072,0.478,0,0,eGFP2
2847,18:44:29,0.105,0.775,0,0,eGFP2
2848,18:44:30,0.116,0.621,0,0,eGFP2
2849,18:44:30,0.094,0.643,0,0,eGFP2
2850,18:44:31,0.117,0.655,0,0,eGFP2
2851,18:44:31,0.085,0.469,0,0,eGFP2
2852,18:44:32,0.072,0.467,0,0,eGFP2
2853,18:44:33,0.105,0.896,0,0,eGFP2
2854,18:44:33,0.127,0.686,0,0,eGFP2
2855,18:44:34,0.106,0.687,0,0,eGFP2
2856,18:44:35,0.127,0.797,0,0,eGFP2
2857,18:44:36,0.116,0.643,0,0,eGFP2
2858,18:44:36,0.117,0.710,0,0,eGFP2
2859,18:44:37,0.116,0.610,0,0,eGFP2
2860,18:44:38,0.105,0.972,0,0,eGFP2
2861,18:44:39,0.149,0.676,0,0,eGFP2
2862,18:44:39,0.084,0.490,0,0,eGFP2
2863,18:44:40,0.105,0.621,0,0,eGFP2
2864,18:44:40,0.094,0.533,0,0,eGFP2
2865,18:44:41,0.107,0.743,0,0,eGFP2
2866,18:44:42,0.129,0.689,0,0,eGFP2
2867,18:44:42,0.094,0.632,0,0,eGFP2
2868,18:44:43,0.105,0.654,0,0,eGFP2
2869,18:44:44,0.105,0.665,0,0,eGFP2
2870,18:44:44,0.116,0.687,0,0,eGFP2
2871,18:44:45,0.105,0.786,0,0,eGFP2
2872,18:44:46,0.138,0.709,0,0,eGFP2
2873,18:44:46,0.105,0.632,0,0,eGFP2
2874,18:44:47,0.105,0.753,0,0,eGFP2
2875,18:44:48,0.195,0.974,0,0,eGFP2
2876,18:44:49,0.138,0.742,0,0,eGFP2
2877,18:44:49,0.105,0.621,0,0,eGFP2
2878,18:44:50,0.116,0.819,0,0,eGFP2
2879,18:44:51,0.129,0.678,0,0,eGFP2
2880,18:44:52,0.116,1.213,0,0,eGFP2
2881,18:44:53,0.139,0.644,0,0,eGFP2
2882,18:44:53,0.094,0.489,0,0,eGFP2
2883,18:44:54,0.086,0.667,0,0,eGFP2
2884,18:44:55,0.128,0.654,0,0,eGFP2
2885,18:44:55,0.095,0.611,0,0,eGFP2
2886,18:44:56,0.105,0.610,0,0,eGFP2
2887,18:44:56,0.084,0.578,0,0,eGFP2
2888,18:44:57,0.127,0.785,0,0,eGFP2
2889,18:44:58,0.128,0.699,0,0,eGFP2
2890,18:44:58,0.105,0.577,0,0,eGFP2
2891,18:44:59,0.118,0.678,0,0,eGFP2
2892,18:45:00,0.117,0.698,0,0,eGFP2
2893,18:45:01,0.119,0.700,0,0,eGFP2
2894,18:45:01,0.128,0.819,0,0,eGFP2
2895,18:45:02,0.139,0.841,0,0,eGFP2
2896,18:45:03,0.139,0.764,0,0,eGFP2
2897,18:45:04,0.117,0.677,0,0,eGFP2
2898,18:45:04,0.099,0.758,0,0,eGFP2
2899,18:45:06,0.271,1.171,0,0,eGFP2
2900,18:45:06,0.104,0.653,0,0,eGFP2
2901,18:45:07,0.127,0.665,0,0,eGFP2
2902,18:45:07,0.083,0.555,0,0,eGFP2
2903,18:45:08,0.105,0.533,0,0,eGFP2
2904,18:45:09,0.094,0.730,0,0,eGFP2
2905,18:45:10,0.149,0.808,0,0,eGFP2
2906,18:45:10,0.127,0.752,0,0,eGFP2
2907,18:45:11,0.118,0.699,0,0,eGFP2
2908,18:45:12,0.107,0.656,0,0,eGFP2
2909,18:45:12,0.138,0.730,0,0,eGFP2
2910,18:45:13,0.105,0.599,0,0,eGFP2
2911,18:45:14,0.116,0.731,0,0,eGFP2
2912,18:45:14,0.127,0.708,0,0,eGFP2
2913,18:45:15,0.116,0.599,0,0,eGFP2
2914,18:45:16,0.094,0.533,0,0,eGFP2
2915,18:45:17,0.094,1.247,0,0,eGFP2
2916,18:45:18,0.315,1.061,0,0,eGFP2
2917,18:45:19,0.127,1.368,0,0,eGFP2
2918,18:45:20,0.105,0.577,0,0,eGFP2
2919,18:45:20,0.094,0.522,0,0,eGFP2
2920,18:45:21,0.094,0.533,0,0,eGFP2
2921,18:45:21,0.085,0.513,0,0,eGFP2
2922,18:45:22,0.094,0.610,0,0,eGFP2
2923,18:45:23,0.138,0.874,0,0,eGFP2
2924,18:45:24,0.140,0.798,0,0,eGFP2
2925,18:45:24,0.116,0.632,0,0,eGFP2
2926,18:45:25,0.116,0.830,0,0,eGFP2
2927,18:45:26,0.138,0.774,0,0,eGFP2
2928,18:45:27,0.117,0.654,0,0,eGFP2
2929,18:45:27,0.106,0.633,0,0,eGFP2
2930,18:45:28,0.094,0.621,0,0,eGFP2
2931,18:45:28,0.105,0.719,0,0,eGFP2
2932,18:45:29,0.118,0.678,0,0,eGFP2
2933,18:45:30,0.117,0.654,0,0,eGFP2
2934,18:45:30,0.096,0.546,0,0,eGFP2
2935,18:45:31,0.095,0.665,0,0,eGFP2
2936,18:45:32,0.150,0.742,0,0,eGFP2
2937,18:45:32,0.084,0.501,0,0,eGFP2
2938,18:45:33,0.095,0.687,0,0,eGFP2
2939,18:45:34,0.171,0.995,0,0,eGFP2
2940,18:45:35,0.138,0.763,0,0,eGFP2
2941,18:45:35,0.119,0.645,0,0,eGFP2
2942,18:45:36,0.117,0.775,0,0,eGFP2
2943,18:45:37,0.139,0.775,0,0,eGFP2
2944,18:45:38,0.128,0.830,0,0,eGFP2
2945,18:45:38,0.161,0.742,0,0,eGFP2
2946,18:45:39,0.117,0.578,0,0,eGFP2
2947,18:45:40,0.105,0.698,0,0,eGFP2
2948,18:45:40,0.099,0.527,0,0,eGFP2
2949,18:45:41,0.075,0.525,0,0,eGFP2
2950,18:45:42,0.116,0.863,0,0,eGFP2
2951,18:45:42,0.138,0.720,0,0,eGFP2
2952,18:45:43,0.116,0.687,0,0,eGFP2
2953,18:45:44,0.150,0.841,0,0,eGFP2
2954,18:45:45,0.128,0.775,0,0,eGFP2
2955,18:45:45,0.128,0.764,0,0,eGFP2
2956,18:45:46,0.139,0.731,0,0,eGFP2
2957,18:45:47,0.108,0.679,0,0,eGFP2
2958,18:45:48,0.116,0.775,0,0,eGFP2
2959,18:45:48,0.127,0.687,0,0,eGFP2
2960,18:45:49,0.106,0.545,0,0,eGFP2
2961,18:45:49,0.078,0.473,0,0,eGFP2
2962,18:45:50,0.085,0.568,0,0,eGFP2
2963,18:45:51,0.138,0.763,0,0,eGFP2
2964,18:45:51,0.105,0.632,0,0,eGFP2
2965,18:45:52,0.127,0.884,0,0,eGFP2
2966,18:45:53,0.170,0.806,0,0,eGFP2
2967,18:45:54,0.127,0.742,0,0,eGFP2
2968,18:45:55,0.116,0.785,0,0,eGFP2
2969,18:45:55,0.127,0.786,0,0,eGFP2
2970,18:45:56,0.116,0.577,0,0,eGFP2
2971,18:45:56,0.094,0.599,0,0,eGFP2
2972,18:45:57,0.138,0.906,0,0,eGFP2
2973,18:45:58,0.138,0.654,0,0,eGFP2
2974,18:45:59,0.095,0.688,0,0,eGFP2
2975,18:46:00,0.127,0.797,0,0,eGFP2
2976,18:46:00,0.139,0.776,0,0,eGFP2
2977,18:46:01,0.127,0.741,0,0,eGFP2
2978,18:46:02,0.171,0.983,0,0,eGFP2
2979,18:46:03,0.150,0.742,0,0,eGFP2
2980,18:46:04,0.105,0.720,0,0,eGFP2
2981,18:46:04,0.116,0.665,0,0,eGFP2
2982,18:46:05,0.107,0.798,0,0,eGFP2
2983,18:46:06,0.149,0.797,0,0,eGFP2
2984,18:46:06,0.116,0.665,0,0,eGFP2
2985,18:46:07,0.116,0.818,0,0,eGFP2
2986,18:46:08,0.160,0.852,0,0,eGFP2
2987,18:46:09,0.138,0.763,0,0,eGFP2
2988,18:46:11,0.150,2.597,0,0,eGFP2
2989,18:46:12,0.226,0.862,0,0,eGFP2
2990,18:46:13,0.131,0.625,0,0,eGFP2
2991,18:46:13,0.083,0.467,0,0,eGFP2
2992,18:46:14,0.084,0.501,0,0,eGFP2
2993,18:46:15,0.105,0.621,0,0,eGFP2
2994,18:46:15,0.094,0.544,0,0,eGFP2
2995,18:46:16,0.105,0.643,0,0,eGFP2
2996,18:46:16,0.116,0.687,0,0,eGFP2
2997,18:46:17,0.095,0.599,0,0,eGFP2
2998,18:46:18,0.095,0.720,0,0,eGFP2
2999,18:46:19,0.173,1.040,0,0,eGFP2
3000,18:46:20,0.139,0.775,0,0,eGFP2
3001,18:46:21,0.182,0.962,0,0,eGFP2
3002,18:46:21,0.105,0.610,0,0,eGFP2
3003,18:46:22,0.116,0.566,0,0,eGFP2
3004,18:46:22,0.096,0.524,0,0,eGFP2
3005,18:46:23,0.084,0.490,0,0,eGFP2
3006,18:46:23,0.084,0.643,0,0,eGFP2
3007,18:46:24,0.184,0.898,0,0,eGFP2
3008,18:46:25,0.105,0.687,0,0,eGFP2
3009,18:46:26,0.138,0.764,0,0,eGFP2
3010,18:46:26,0.105,0.632,0,0,eGFP2
3011,18:46:27,0.106,0.567,0,0,eGFP2
3012,18:46:28,0.094,0.796,0,0,eGFP2
3013,18:46:28,0.150,0.754,0,0,eGFP2
3014,18:46:29,0.116,0.764,0,0,eGFP2
3015,18:46:30,0.129,0.678,0,0,eGFP2
3016,18:46:31,0.105,0.840,0,0,eGFP2
3017,18:46:31,0.141,0.689,0,0,eGFP2
3018,18:46:32,0.106,0.633,0,0,eGFP2
3019,18:46:33,0.095,0.610,0,0,eGFP2
3020,18:46:33,0.117,0.753,0,0,eGFP2
3021,18:46:34,0.128,0.808,0,0,eGFP2
3022,18:46:35,0.128,1.105,0,0,eGFP2
3023,18:46:36,0.371,1.051,0,0,eGFP2
3024,18:46:37,0.117,0.720,0,0,eGFP2
3025,18:46:38,0.089,0.539,0,0,eGFP2
3026,18:46:38,0.105,0.631,0,0,eGFP2
3027,18:46:39,0.127,0.742,0,0,eGFP2
3028,18:46:40,0.094,0.533,0,0,eGFP2
3029,18:46:40,0.105,0.884,0,0,eGFP2
3030,18:46:41,0.138,0.676,0,0,eGFP2
3031,18:46:42,0.084,0.633,0,0,eGFP2
3032,18:46:42,0.129,0.710,0,0,eGFP2
3033,18:46:43,0.105,0.599,0,0,eGFP2
3034,18:46:44,0.105,0.731,0,0,eGFP2
3035,18:46:45,0.193,1.092,0,0,eGFP2
3036,18:46:46,0.160,0.841,0,0,eGFP2
3037,18:46:47,0.149,0.829,0,0,eGFP2
3038,18:46:47,0.105,0.621,0,0,eGFP2
3039,18:46:48,0.094,0.533,0,0,eGFP2
3040,18:46:48,0.085,0.524,0,0,eGFP2
3041,18:46:49,0.116,0.895,0,0,eGFP2
3042,18:46:50,0.138,0.632,0,0,eGFP2
3043,18:46:50,0.094,0.522,0,0,eGFP2
3044,18:46:51,0.094,0.720,0,0,eGFP2
3045,18:46:52,0.140,0.732,0,0,eGFP2
3046,18:46:52,0.094,0.512,0,0,eGFP2
3047,18:46:53,0.094,0.631,0,0,eGFP2
3048,18:46:54,0.118,0.744,0,0,eGFP2
3049,18:46:54,0.116,0.720,0,0,eGFP2
3050,18:46:55,0.116,0.840,0,0,eGFP2
3051,18:46:56,0.193,0.906,0,0,eGFP2
3052,18:46:57,0.139,0.731,0,0,eGFP2
3053,18:46:58,0.116,1.016,0,0,eGFP2
3054,18:46:59,0.150,0.753,0,0,eGFP2
3055,18:46:59,0.094,0.632,0,0,eGFP2
3056,18:47:00,0.107,0.634,0,0,eGFP2
3057,18:47:01,0.116,0.698,0,0,eGFP2
3058,18:47:01,0.127,0.709,0,0,eGFP2
3059,18:47:02,0.107,0.710,0,0,eGFP2
3060,18:47:03,0.150,0.929,0,0,eGFP2
3061,18:47:05,0.182,1.641,0,0,eGFP2
3062,18:47:05,0.237,0.896,0,0,eGFP2
3063,18:47:06,0.105,0.643,0,0,eGFP2
3064,18:47:07,0.105,0.621,0,0,eGFP2
3065,18:47:07,0.096,0.579,0,0,eGFP2
3066,18:47:08,0.117,0.610,0,0,eGFP2
3067,18:47:08,0.095,0.611,0,0,eGFP2
3068,18:47:09,0.116,0.753,0,0,eGFP2
3069,18:47:10,0.127,0.643,0,0,eGFP2
3070,18:47:11,0.105,0.665,0,0,eGFP2
3071,18:47:11,0.116,0.731,0,0,eGFP2
3072,18:47:12,0.138,0.753,0,0,eGFP2
3073,18:47:13,0.087,0.537,0,0,eGFP2
3074,18:47:13,0.149,0.544,0,0,eGFP2
3075,18:47:14,0.281,0.775,0,0,eGFP2
3076,18:47:15,0.237,0.940,0,0,eGFP2
3077,18:47:15,0.127,0.687,0,0,eGFP2
3078,18:47:16,0.116,0.720,0,0,eGFP2
3079,18:47:17,0.117,0.643,0,0,eGFP2
3080,18:47:17,0.106,0.633,0,0,eGFP2
3081,18:47:18,0.162,0.996,0,0,eGFP2
3082,18:47:19,0.127,0.731,0,0,eGFP2
3083,18:47:20,0.117,0.698,0,0,eGFP2
3084,18:47:21,0.106,0.611,0,0,eGFP2
3085,18:47:21,0.105,0.753,0,0,eGFP2
3086,18:47:22,0.127,0.731,0,0,eGFP2
3087,18:47:23,0.129,0.832,0,0,eGFP2
3088,18:47:24,0.165,0.966,0,0,eGFP2
3089,18:47:25,0.195,0.908,0,0,eGFP2
3090,18:47:25,0.116,0.654,0,0,eGFP2
3091,18:47:26,0.093,0.521,0,0,eGFP2
3092,18:47:27,0.083,0.731,0,0,eGFP2
3093,18:47:27,0.182,0.818,0,0,eGFP2
3094,18:47:28,0.116,0.654,0,0,eGFP2
3095,18:47:29,0.105,0.785,0,0,eGFP2
3096,18:47:30,0.149,0.851,0,0,eGFP2
3097,18:47:31,0.171,1.565,0,0,eGFP2
3098,18:47:32,0.183,0.776,0,0,eGFP2
3099,18:47:33,0.105,0.555,0,0,eGFP2
3100,18:47:33,0.094,0.522,0,0,eGFP2
3101,18:47:34,0.104,0.707,0,0,eGFP2
3102,18:47:35,0.139,0.643,0,0,eGFP2
3103,18:47:35,0.095,0.544,0,0,eGFP2
3104,18:47:36,0.106,0.742,0,0,eGFP2
3105,18:47:36,0.127,0.698,0,0,eGFP2
3106,18:47:37,0.107,0.655,0,0,eGFP2
3107,18:47:38,0.150,0.995,0,0,eGFP2
3108,18:47:39,0.127,0.664,0,0,eGFP2
3109,18:47:40,0.117,0.709,0,0,eGFP2
3110,18:47:40,0.116,0.621,0,0,eGFP2
3111,18:47:41,0.106,0.742,0,0,eGFP2
3112,18:47:42,0.138,0.764,0,0,eGFP2
3113,18:47:42,0.105,0.632,0,0,eGFP2
3114,18:47:43,0.119,0.701,0,0,eGFP2
3115,18:47:44,0.116,0.797,0,0,eGFP2
3116,18:47:46,0.149,1.993,0,0,eGFP2
3117,18:47:46,0.116,0.654,0,0,eGFP2
3118,18:47:47,0.149,0.862,0,0,eGFP2
3119,18:47:48,0.117,0.611,0,0,eGFP2
3120,18:47:48,0.094,0.588,0,0,eGFP2
3121,18:47:49,0.105,0.676,0,0,eGFP2
3122,18:47:50,0.129,0.755,0,0,eGFP2
3123,18:47:51,0.116,0.676,0,0,eGFP2
3124,18:47:51,0.116,0.720,0,0,eGFP2
3125,18:47:52,0.116,0.687,0,0,eGFP2
3126,18:47:53,0.116,0.830,0,0,eGFP2
3127,18:47:54,0.336,1.268,0,0,eGFP2
3128,18:47:55,0.108,0.701,0,0,eGFP2
3129,18:47:56,0.127,0.741,0,0,eGFP2
3130,18:47:56,0.095,0.633,0,0,eGFP2
3131,18:47:57,0.118,0.732,0,0,eGFP2
3132,18:47:58,0.117,0.753,0,0,eGFP2
3133,18:47:58,0.117,0.622,0,0,eGFP2
3134,18:47:59,0.105,0.610,0,0,eGFP2
3135,18:48:00,0.149,0.939,0,0,eGFP2
3136,18:48:01,0.117,0.698,0,0,eGFP2
3137,18:48:01,0.128,0.655,0,0,eGFP2
3138,18:48:02,0.105,0.786,0,0,eGFP2
3139,18:48:03,0.151,0.842,0,0,eGFP2
3140,18:48:03,0.106,0.556,0,0,eGFP2
3141,18:48:04,0.094,0.522,0,0,eGFP2
3142,18:48:05,0.097,0.755,0,0,eGFP2
3143,18:48:05,0.139,0.764,0,0,eGFP2
3144,18:48:06,0.106,0.709,0,0,eGFP2
3145,18:48:07,0.128,0.863,0,0,eGFP2
3146,18:48:08,0.249,1.500,0,0,eGFP2
3147,18:48:09,0.118,0.634,0,0,eGFP2
3148,18:48:10,0.106,0.556,0,0,eGFP2
3149,18:48:10,0.084,0.501,0,0,eGFP2
3150,18:48:11,0.095,0.588,0,0,eGFP2
3151,18:48:11,0.117,0.655,0,0,eGFP2
3152,18:48:12,0.111,0.725,0,0,eGFP2
3153,18:48:55,0.193,42.564,0,0,eGFP2
3154,18:48:56,0.160,0.862,0,0,eGFP2
3155,18:48:57,0.184,1.621,0,0,eGFP2
3156,18:48:58,0.239,1.073,0,0,eGFP2
3157,18:48:59,0.225,1.180,0,0,eGFP2
3158,18:49:00,0.171,0.885,0,0,eGFP2
3159,18:49:01,0.160,0.939,0,0,eGFP2
3160,18:49:02,0.171,0.763,0,0,eGFP2
3161,18:49:03,0.116,0.709,0,0,eGFP2
3162,18:49:03,0.116,0.742,0,0,eGFP2
3163,18:49:04,0.138,0.851,0,0,eGFP2
3164,18:49:05,0.129,0.776,0,0,eGFP2
3165,18:49:06,0.116,0.797,0,0,eGFP2
3166,18:49:07,0.818,1.553,0,0,eGFP2
3167,18:49:08,0.095,0.545,0,0,eGFP2
3168,18:49:09,0.083,0.522,0,0,eGFP2
3169,18:49:09,0.083,0.467,0,0,eGFP2
3170,18:49:09,0.074,0.491,0,0,eGFP2
3171,18:49:10,0.094,0.665,0,0,eGFP2
3172,18:49:11,0.118,0.568,0,0,eGFP2
3173,18:49:11,0.094,0.786,0,0,eGFP2
3174,18:49:12,0.171,0.796,0,0,eGFP2
3175,18:49:13,0.116,0.687,0,0,eGFP2
3176,18:49:14,0.127,0.808,0,0,eGFP2
3177,18:49:14,0.116,0.621,0,0,eGFP2
3178,18:49:15,0.083,0.489,0,0,eGFP2
3179,18:49:16,0.095,0.797,0,0,eGFP2
3180,18:49:17,0.184,0.842,0,0,eGFP2
3181,18:49:17,0.106,0.611,0,0,eGFP2
3182,18:49:18,0.116,0.796,0,0,eGFP2
3183,18:49:19,0.172,0.797,0,0,eGFP2
3184,18:49:19,0.115,0.686,0,0,eGFP2
3185,18:49:20,0.105,0.599,0,0,eGFP2
3186,18:49:21,0.095,0.621,0,0,eGFP2
3187,18:49:21,0.117,0.687,0,0,eGFP2
3188,18:49:22,0.122,0.780,0,0,eGFP2
3189,18:49:23,0.150,1.028,0,0,eGFP2
3190,18:49:24,0.204,0.840,0,0,eGFP2
3191,18:49:25,0.128,0.710,0,0,eGFP2
3192,18:49:25,0.116,0.643,0,0,eGFP2
3193,18:49:26,0.105,0.566,0,0,eGFP2
3194,18:49:27,0.106,0.863,0,0,eGFP2
3195,18:49:27,0.127,0.665,0,0,eGFP2
3196,18:49:28,0.117,0.676,0,0,eGFP2
3197,18:49:29,0.098,0.548,0,0,eGFP2
3198,18:49:29,0.084,0.589,0,0,eGFP2
3199,18:49:30,0.182,0.863,0,0,eGFP2
3200,18:49:31,0.127,0.764,0,0,eGFP2
3201,18:49:32,0.182,1.401,0,0,eGFP2
3202,18:49:33,0.116,0.676,0,0,eGFP2
3203,18:49:34,0.106,0.643,0,0,eGFP2
3204,18:49:34,0.106,0.633,0,0,eGFP2
3205,18:49:35,0.107,0.678,0,0,eGFP2
3206,18:49:36,0.106,0.643,0,0,eGFP2
3207,18:49:36,0.095,0.578,0,0,eGFP2
3208,18:49:37,0.095,0.589,0,0,eGFP2
3209,18:49:37,0.106,0.720,0,0,eGFP2
3210,18:49:38,0.150,0.885,0,0,eGFP2
3211,18:49:39,0.119,0.689,0,0,eGFP2
3212,18:49:40,0.117,0.797,0,0,eGFP2
3213,18:49:41,0.152,0.887,0,0,eGFP2
3214,18:49:41,0.123,0.638,0,0,eGFP2
3215,18:49:42,0.094,0.501,0,0,eGFP2
3216,18:49:42,0.083,0.609,0,0,eGFP2
3217,18:49:43,0.160,0.852,0,0,eGFP2
3218,18:49:44,0.105,0.621,0,0,eGFP2
3219,18:49:45,0.138,0.829,0,0,eGFP2
3220,18:49:45,0.127,0.599,0,0,eGFP2
3221,18:49:46,0.094,0.731,0,0,eGFP2
3222,18:49:47,0.125,0.619,0,0,eGFP2
3223,18:49:47,0.083,0.533,0,0,eGFP2
3224,18:49:48,0.138,0.819,0,0,eGFP2
3225,18:49:49,0.107,0.655,0,0,eGFP2
3226,18:49:49,0.106,0.599,0,0,eGFP2
3227,18:49:50,0.084,0.523,0,0,eGFP2
3228,18:49:50,0.094,0.610,0,0,eGFP2
3229,18:49:51,0.116,0.709,0,0,eGFP2
3230,18:49:54,0.106,2.795,0,0,eGFP2
3231,18:49:55,0.127,0.654,0,0,eGFP2
3232,18:49:55,0.105,0.577,0,0,eGFP2
3233,18:49:56,0.095,0.599,0,0,eGFP2
3234,18:49:57,0.139,0.852,0,0,eGFP2
3235,18:49:57,0.127,0.764,0,0,eGFP2
3236,18:49:58,0.182,1.093,0,0,eGFP2
3237,18:49:59,0.138,0.709,0,0,eGFP2
3238,18:50:00,0.107,0.634,0,0,eGFP2
3239,18:50:00,0.085,0.502,0,0,eGFP2
3240,18:50:01,0.094,0.610,0,0,eGFP2
3241,18:50:02,0.116,0.709,0,0,eGFP2
3242,18:50:02,0.116,0.676,0,0,eGFP2
3243,18:50:03,0.127,0.873,0,0,eGFP2
3244,18:50:04,0.150,0.753,0,0,eGFP2
3245,18:50:05,0.106,0.709,0,0,eGFP2
3246,18:50:05,0.107,0.601,0,0,eGFP2
3247,18:50:06,0.106,0.797,0,0,eGFP2
3248,18:50:07,0.138,0.676,0,0,eGFP2
3249,18:50:07,0.095,0.567,0,0,eGFP2
3250,18:50:08,0.116,0.774,0,0,eGFP2
3251,18:50:09,0.161,0.830,0,0,eGFP2
3252,18:50:10,0.117,0.644,0,0,eGFP2
3253,18:50:10,0.107,0.666,0,0,eGFP2
3254,18:50:11,0.106,0.699,0,0,eGFP2
3255,18:50:12,0.118,0.710,0,0,eGFP2
3256,18:50:12,0.140,0.853,0,0,eGFP2
3257,18:50:13,0.117,0.709,0,0,eGFP2
3258,18:50:14,0.128,0.688,0,0,eGFP2
3259,18:50:14,0.094,0.533,0,0,eGFP2
3260,18:50:15,0.106,0.797,0,0,eGFP2
3261,18:50:16,0.150,0.742,0,0,eGFP2
3262,18:50:17,0.117,0.699,0,0,eGFP2
3263,18:50:17,0.118,0.667,0,0,eGFP2
3264,18:50:18,0.105,0.687,0,0,eGFP2
3265,18:50:19,0.117,0.654,0,0,eGFP2
3266,18:50:19,0.095,0.501,0,0,eGFP2
3267,18:50:20,0.096,0.777,0,0,eGFP2
3268,18:50:21,0.160,0.786,0,0,eGFP2
3269,18:50:21,0.117,0.731,0,0,eGFP2
3270,18:50:22,0.117,0.600,0,0,eGFP2
3271,18:50:23,0.096,0.667,0,0,eGFP2
3272,18:50:24,0.150,0.896,0,0,eGFP2
3273,18:50:24,0.127,0.709,0,0,eGFP2
3274,18:50:25,0.106,0.753,0,0,eGFP2
3275,18:50:26,0.117,0.655,0,0,eGFP2
3276,18:50:26,0.117,0.665,0,0,eGFP2
3277,18:50:27,0.095,0.512,0,0,eGFP2
3278,18:50:27,0.078,0.517,0,0,eGFP2
3279,18:50:29,0.128,1.226,0,0,eGFP2
3280,18:50:29,0.150,0.721,0,0,eGFP2
3281,18:50:30,0.127,0.796,0,0,eGFP2
3282,18:50:31,0.138,0.786,0,0,eGFP2
3283,18:50:32,0.127,0.708,0,0,eGFP2
3284,18:50:32,0.116,0.610,0,0,eGFP2
3285,18:50:33,0.105,0.698,0,0,eGFP2
3286,18:50:34,0.171,0.917,0,0,eGFP2
3287,18:50:35,0.116,0.709,0,0,eGFP2
3288,18:50:35,0.118,0.688,0,0,eGFP2
3289,18:50:36,0.138,0.939,0,0,eGFP2
3290,18:50:38,0.204,1.653,0,0,eGFP2
3291,18:50:39,0.204,0.884,0,0,eGFP2
3292,18:50:39,0.149,0.775,0,0,eGFP2
3293,18:50:40,0.105,0.654,0,0,eGFP2
3294,18:50:41,0.118,0.732,0,0,eGFP2
3295,18:50:41,0.094,0.566,0,0,eGFP2
3296,18:50:42,0.118,0.853,0,0,eGFP2
3297,18:50:43,0.161,0.808,0,0,eGFP2
3298,18:50:44,0.116,0.720,0,0,eGFP2
3299,18:50:45,0.127,0.753,0,0,eGFP2
3300,18:50:45,0.127,0.676,0,0,eGFP2
3301,18:50:46,0.105,0.719,0,0,eGFP2
3302,18:50:47,0.139,0.841,0,0,eGFP2
3303,18:50:48,0.138,0.841,0,0,eGFP2
3304,18:50:49,0.172,1.149,0,0,eGFP2
3305,18:50:50,0.171,0.841,0,0,eGFP2
3306,18:50:50,0.116,0.621,0,0,eGFP2
3307,18:50:51,0.094,0.588,0,0,eGFP2
3308,18:50:52,0.140,0.799,0,0,eGFP2
3309,18:50:52,0.116,0.599,0,0,eGFP2
3310,18:50:53,0.105,0.599,0,0,eGFP2
3311,18:50:53,0.106,0.643,0,0,eGFP2
3312,18:50:54,0.118,0.854,0,0,eGFP2
3313,18:50:55,0.149,0.807,0,0,eGFP2
3314,18:50:57,0.128,1.412,0,0,eGFP2
3315,18:50:57,0.226,0.797,0,0,eGFP2
3316,18:50:58,0.105,0.599,0,0,eGFP2
3317,18:50:58,0.094,0.479,0,0,eGFP2
3318,18:50:59,0.083,0.511,0,0,eGFP2
3319,18:51:00,0.106,0.797,0,0,eGFP2
3320,18:51:01,0.138,0.753,0,0,eGFP2
3321,18:51:01,0.118,0.733,0,0,eGFP2
3322,18:51:02,0.107,0.601,0,0,eGFP2
3323,18:51:03,0.116,0.863,0,0,eGFP2
3324,18:51:03,0.127,0.764,0,0,eGFP2
3325,18:51:04,0.138,0.742,0,0,eGFP2
3326,18:51:05,0.146,0.980,0,0,eGFP2
3327,18:51:06,0.193,1.027,0,0,eGFP2
3328,18:51:07,0.182,0.895,0,0,eGFP2
3329,18:51:08,0.118,0.722,0,0,eGFP2
3330,18:51:09,0.148,1.312,0,0,eGFP2
3331,18:51:11,0.675,1.564,0,0,eGFP2
3332,18:51:11,0.116,0.632,0,0,eGFP2
3333,18:51:12,0.094,0.522,0,0,eGFP2
3334,18:51:12,0.083,0.588,0,0,eGFP2
3335,18:51:13,0.105,0.643,0,0,eGFP2
3336,18:51:14,0.085,0.535,0,0,eGFP2
3337,18:51:14,0.106,0.699,0,0,eGFP2
3338,18:51:15,0.149,0.840,0,0,eGFP2
3339,18:51:16,0.116,0.709,0,0,eGFP2
3340,18:51:16,0.105,0.577,0,0,eGFP2
3341,18:51:17,0.094,0.588,0,0,eGFP2
3342,18:51:18,0.116,0.709,0,0,eGFP2
3343,18:51:18,0.116,0.708,0,0,eGFP2
3344,18:51:19,0.116,0.797,0,0,eGFP2
3345,18:51:20,0.151,1.007,0,0,eGFP2
3346,18:51:21,0.214,0.939,0,0,eGFP2
3347,18:51:22,0.138,0.709,0,0,eGFP2
3348,18:51:23,0.105,0.829,0,0,eGFP2
3349,18:51:24,0.171,0.873,0,0,eGFP2
3350,18:51:24,0.118,0.733,0,0,eGFP2
3351,18:51:25,0.138,0.862,0,0,eGFP2
3352,18:51:26,0.479,1.126,0,0,eGFP2
3353,19:00:14,0.555,527.309,0,0,eGFP2
3354,19:00:15,0.150,0.962,0,0,eGFP2
3355,19:00:16,0.226,1.192,0,0,eGFP2
3356,19:00:17,0.621,1.598,0,0,eGFP2
3357,19:00:18,0.226,1.027,0,0,eGFP2
3358,19:00:20,0.138,1.389,0,0,eGFP2
3359,19:00:21,0.161,0.874,0,0,eGFP2
3360,19:00:24,0.237,2.882,0,0,eGFP2
3361,19:00:25,0.171,1.126,0,0,eGFP2
3362,19:00:25,0.118,0.688,0,0,eGFP2
3363,19:00:27,0.151,1.380,0,0,eGFP2
3364,19:00:28,0.259,0.863,0,0,eGFP2
3365,19:00:28,0.094,0.588,0,0,eGFP2
3366,19:00:29,0.117,0.841,0,0,eGFP2
3367,19:00:30,0.149,1.038,0,0,eGFP2
3368,19:00:31,0.248,0.907,0,0,eGFP2
3369,19:00:32,0.105,0.764,0,0,eGFP2
3370,19:00:33,0.206,0.974,0,0,eGFP2
3371,19:00:33,0.094,0.588,0,0,eGFP2
3372,19:00:34,0.106,0.687,0,0,eGFP2
3373,19:00:35,0.117,0.775,0,0,eGFP2
3374,19:00:36,0.161,0.764,0,0,eGFP2
3375,19:00:36,0.095,0.556,0,0,eGFP2
3376,19:00:37,0.094,0.566,0,0,eGFP2
3377,19:00:37,0.085,0.799,0,0,eGFP2
3378,19:00:39,0.326,1.237,0,0,eGFP2
3379,19:00:39,0.106,0.622,0,0,eGFP2
3380,19:00:40,0.083,0.665,0,0,eGFP2
3381,19:00:41,0.160,0.917,0,0,eGFP2
3382,19:00:42,0.128,0.765,0,0,eGFP2
3383,19:00:43,0.204,1.170,0,0,eGFP2
3384,19:00:44,0.182,0.917,0,0,eGFP2
3385,19:00:44,0.117,0.655,0,0,eGFP2
3386,19:00:45,0.116,0.896,0,0,eGFP2
3387,19:00:46,0.151,0.875,0,0,eGFP2
3388,19:00:47,0.205,1.269,0,0,eGFP2
3389,19:00:48,0.161,0.863,0,0,eGFP2
3390,19:00:49,0.121,0.900,0,0,eGFP2
3391,19:00:50,0.304,1.039,0,0,eGFP2
3392,19:00:51,0.116,0.643,0,0,eGFP2
3393,19:00:51,0.105,0.599,0,0,eGFP2
3394,19:00:52,0.138,0.654,0,0,eGFP2
3395,19:00:54,0.699,2.114,0,0,eGFP2
3396,19:00:56,0.314,2.180,0,0,eGFP2
3397,19:00:57,0.149,0.741,0,0,eGFP2
3398,19:00:58,0.116,0.829,0,0,eGFP2
3399,19:00:59,0.149,0.742,0,0,eGFP2
3400,19:01:00,0.138,0.785,0,0,eGFP2
3401,19:01:00,0.116,0.665,0,0,eGFP2
3402,19:01:01,0.116,0.786,0,0,eGFP2
3403,19:01:02,0.150,0.644,0,0,eGFP2
3404,19:01:02,0.094,0.522,0,0,eGFP2
3405,19:01:03,0.085,0.480,0,0,eGFP2
3406,19:01:03,0.094,0.599,0,0,eGFP2
3407,19:01:04,0.105,0.555,0,0,eGFP2
3408,19:01:04,0.083,0.544,0,0,eGFP2
3409,19:01:07,0.127,3.167,0,0,eGFP2
3410,19:01:08,0.149,0.994,0,0,eGFP2
3411,19:01:09,0.173,0.941,0,0,eGFP2
3412,19:01:10,0.171,0.972,0,0,eGFP2
3413,19:01:11,0.127,0.972,0,0,eGFP2
3414,19:01:12,0.160,0.731,0,0,eGFP2
3415,19:01:16,0.665,3.518,0,0,eGFP2
3416,19:01:17,0.127,0.983,0,0,eGFP2
3417,19:01:18,0.173,0.897,0,0,eGFP2
3418,19:01:18,0.138,0.621,0,0,eGFP2
3419,19:01:19,0.074,0.458,0,0,eGFP2
3420,19:01:19,0.074,0.491,0,0,eGFP2
3421,19:01:20,0.095,0.698,0,0,eGFP2
3422,19:01:20,0.116,0.665,0,0,eGFP2
3423,19:01:21,0.094,0.555,0,0,eGFP2
3424,19:01:23,0.128,2.180,0,0,eGFP2
3425,19:01:24,0.127,0.775,0,0,eGFP2
3426,19:01:25,0.149,0.840,0,0,eGFP2
3427,19:01:26,0.127,0.731,0,0,eGFP2
3428,19:01:27,0.162,1.051,0,0,eGFP2
3429,19:01:27,0.127,0.742,0,0,eGFP2
3430,19:01:29,0.808,1.301,0,0,eGFP2
3431,19:01:29,0.237,0.797,0,0,eGFP2
3432,19:01:30,0.095,0.534,0,0,eGFP2
3433,19:01:31,0.107,0.612,0,0,eGFP2
3434,19:01:31,0.105,0.588,0,0,eGFP2
3435,19:01:33,0.094,1.455,0,0,eGFP2
3436,19:01:33,0.217,0.853,0,0,eGFP2
3437,19:01:36,0.095,2.685,0,0,eGFP2
3438,19:01:37,0.182,0.555,0,0,eGFP2
3439,19:01:39,0.292,2.290,0,0,eGFP2
3440,19:01:40,0.116,0.643,0,0,eGFP2
3441,19:01:40,0.105,0.566,0,0,eGFP2
3442,19:01:41,0.084,0.457,0,0,eGFP2
3443,19:01:41,0.073,0.446,0,0,eGFP2
3444,19:01:42,0.085,0.546,0,0,eGFP2
3445,19:01:42,0.095,0.600,0,0,eGFP2
3446,19:01:43,0.096,0.612,0,0,eGFP2
3447,19:01:44,0.369,1.433,0,0,eGFP2
3448,19:01:46,0.128,1.357,0,0,eGFP2
3449,19:01:46,0.380,0.600,0,0,eGFP2
3450,19:01:47,0.358,1.148,0,0,eGFP2
3451,19:01:49,0.402,1.247,0,0,eGFP2
3452,19:01:50,0.193,1.225,0,0,eGFP2
3453,19:01:50,0.112,0.573,0,0,eGFP2
3454,19:01:51,0.083,0.456,0,0,eGFP2
3455,19:01:51,0.083,0.533,0,0,eGFP2
3456,19:01:52,0.094,0.511,0,0,eGFP2
3457,19:01:52,0.083,0.457,0,0,eGFP2
3458,19:01:53,0.061,0.423,0,0,eGFP2
3459,19:01:53,0.083,0.632,0,0,eGFP2
3460,19:01:54,0.128,0.797,0,0,eGFP2
3461,19:01:55,0.239,1.150,0,0,eGFP2
3462,19:01:56,0.105,0.566,0,0,eGFP2
3463,19:01:57,0.105,0.599,0,0,eGFP2
3464,19:01:57,0.105,0.599,0,0,eGFP2
3465,19:01:58,0.094,0.522,0,0,eGFP2
3466,19:01:58,0.094,0.522,0,0,eGFP2
3467,19:01:59,0.182,0.445,0,0,eGFP2
3468,19:02:00,0.336,0.928,0,0,eGFP2
3469,19:02:00,0.195,0.711,0,0,eGFP2
3470,19:02:01,0.083,0.456,0,0,eGFP2
3471,19:02:01,0.072,0.424,0,0,eGFP2
3472,19:02:02,0.083,0.522,0,0,eGFP2
3473,19:02:02,0.105,0.599,0,0,eGFP2
3474,19:02:03,0.085,0.491,0,0,eGFP2
3475,19:02:03,0.083,0.500,0,0,eGFP2
3476,19:02:04,0.094,0.522,0,0,eGFP2
3477,19:02:04,0.095,0.622,0,0,eGFP2
3478,19:02:05,0.103,0.553,0,0,eGFP2
3479,19:02:05,0.073,0.457,0,0,eGFP2
3480,19:02:06,0.083,0.599,0,0,eGFP2
3481,19:02:07,0.127,0.731,0,0,eGFP2
3482,19:02:08,0.116,1.696,0,0,eGFP2
3483,19:02:09,0.139,0.589,0,0,eGFP2
3484,19:02:10,0.083,0.500,0,0,eGFP2
3485,19:02:10,0.138,0.698,0,0,eGFP2
3486,19:02:11,0.601,1.215,0,0,eGFP2
3487,19:02:12,0.084,0.523,0,0,eGFP2
3488,19:02:13,0.107,0.623,0,0,eGFP2
3489,19:02:13,0.105,0.533,0,0,eGFP2
3490,19:02:14,0.084,0.533,0,0,eGFP2
3491,19:02:14,0.095,0.512,0,0,eGFP2
3492,19:02:15,0.072,0.435,0,0,eGFP2
3493,19:02:15,0.072,0.500,0,0,eGFP2
3494,19:02:16,0.140,0.810,0,0,eGFP2
3495,19:02:16,0.094,0.478,0,0,eGFP2
3496,19:02:17,0.084,0.611,0,0,eGFP2
3497,19:02:18,0.127,0.687,0,0,eGFP2
3498,19:02:18,0.094,0.467,0,0,eGFP2
3499,19:02:19,0.073,0.457,0,0,eGFP2
3500,19:02:19,0.117,0.841,0,0,eGFP2
3501,19:02:20,0.127,0.676,0,0,eGFP2
3502,19:02:21,0.087,0.592,0,0,eGFP2
3503,19:02:21,0.095,0.577,0,0,eGFP2
3504,19:02:22,0.106,0.699,0,0,eGFP2
3505,19:02:23,0.105,0.555,0,0,eGFP2
3506,19:02:28,0.084,5.044,0,0,eGFP2
3507,19:02:28,0.095,0.523,0,0,eGFP2
3508,19:02:30,0.083,2.168,0,0,eGFP2
3509,19:02:43,0.183,12.792,0,0,eGFP2
3510,19:02:49,2.608,5.856,0,0,eGFP2
3511,19:06:42,0.953,233.525,0,0,eGFP2
3512,19:06:44,0.183,1.445,0,0,eGFP2
3513,19:06:45,0.149,0.709,0,0,eGFP2
3514,19:06:46,0.117,1.181,0,0,eGFP2
3515,19:06:47,0.228,1.018,0,0,eGFP2
3516,19:06:48,0.123,0.770,0,0,eGFP2
3517,19:06:48,0.127,0.665,0,0,eGFP2
3518,19:06:49,0.149,0.961,0,0,eGFP2
3519,19:06:52,0.556,2.663,0,0,eGFP2
3520,19:06:53,0.149,0.665,0,0,eGFP2
3521,19:06:56,0.215,2.991,0,0,eGFP2
3522,19:06:56,0.226,0.390,0,0,eGFP2
3523,19:06:57,0.303,0.939,0,0,eGFP2
3524,19:06:58,0.149,1.027,0,0,eGFP2
3525,19:06:59,0.204,0.731,0,0,eGFP2
3526,19:07:00,0.259,1.005,0,0,eGFP2
3527,19:07:00,0.150,0.666,0,0,eGFP2
3528,19:07:01,0.094,0.742,0,0,eGFP2
3529,19:07:02,0.183,0.820,0,0,eGFP2
3530,19:07:02,0.094,0.478,0,0,eGFP2
3531,19:07:03,0.072,0.610,0,0,eGFP2
3532,19:07:04,0.138,0.753,0,0,eGFP2
3533,19:07:04,0.105,0.522,0,0,eGFP2
3534,19:07:05,0.083,0.478,0,0,eGFP2
3535,19:07:05,0.096,0.623,0,0,eGFP2
3536,19:07:06,0.116,0.653,0,0,eGFP2
3537,19:07:07,0.106,0.621,0,0,eGFP2
3538,19:07:07,0.117,0.742,0,0,eGFP2
3539,19:07:08,0.193,1.093,0,0,eGFP2
3540,19:07:09,0.127,0.621,0,0,eGFP2
3541,19:07:10,0.094,0.489,0,0,eGFP2
3542,19:07:10,0.084,0.468,0,0,eGFP2
3543,19:07:10,0.074,0.491,0,0,eGFP2
3544,19:07:11,0.107,0.743,0,0,eGFP2
3545,19:07:12,0.127,0.643,0,0,eGFP2
3546,19:07:12,0.095,0.588,0,0,eGFP2
3547,19:07:13,0.117,0.665,0,0,eGFP2
3548,19:07:14,0.139,0.786,0,0,eGFP2
3549,19:07:15,0.116,0.665,0,0,eGFP2
3550,19:07:15,0.105,0.599,0,0,eGFP2
3551,19:07:16,0.095,0.556,0,0,eGFP2
3552,19:07:16,0.096,0.578,0,0,eGFP2
3553,19:07:17,0.106,0.633,0,0,eGFP2
3554,19:07:17,0.094,0.511,0,0,eGFP2
3555,19:07:18,0.084,0.468,0,0,eGFP2
3556,19:07:19,0.083,0.752,0,0,eGFP2
3557,19:07:20,0.173,0.854,0,0,eGFP2
3558,19:07:20,0.127,0.665,0,0,eGFP2
3559,19:07:21,0.095,0.501,0,0,eGFP2
3560,19:07:21,0.107,0.721,0,0,eGFP2
3561,19:07:22,0.106,0.633,0,0,eGFP2
3562,19:07:23,0.138,0.917,0,0,eGFP2
3563,19:07:24,0.117,0.622,0,0,eGFP2
3564,19:07:24,0.105,0.599,0,0,eGFP2
3565,19:07:25,0.095,0.578,0,0,eGFP2
3566,19:07:25,0.094,0.632,0,0,eGFP2
3567,19:07:26,0.117,0.687,0,0,eGFP2
3568,19:07:27,0.097,0.525,0,0,eGFP2
3569,19:07:27,0.083,0.555,0,0,eGFP2
3570,19:07:28,0.117,0.666,0,0,eGFP2
3571,19:07:28,0.099,0.527,0,0,eGFP2
3572,19:07:29,0.095,0.523,0,0,eGFP2
3573,19:07:30,0.106,0.819,0,0,eGFP2
3574,19:07:30,0.139,0.698,0,0,eGFP2
3575,19:07:31,0.106,0.666,0,0,eGFP2
3576,19:07:32,0.116,0.610,0,0,eGFP2
3577,19:07:32,0.096,0.623,0,0,eGFP2
3578,19:07:33,0.128,0.688,0,0,eGFP2
3579,19:07:34,0.100,0.582,0,0,eGFP2
3580,19:07:34,0.105,0.709,0,0,eGFP2
3581,19:07:35,0.094,0.577,0,0,eGFP2
3582,19:07:35,0.094,0.500,0,0,eGFP2
3583,19:07:36,0.083,0.511,0,0,eGFP2
3584,19:07:37,0.094,0.873,0,0,eGFP2
3585,19:07:37,0.163,0.723,0,0,eGFP2
3586,19:07:38,0.105,0.599,0,0,eGFP2
3587,19:07:39,0.105,0.544,0,0,eGFP2
3588,19:07:39,0.094,0.511,0,0,eGFP2
3589,19:07:40,0.083,0.489,0,0,eGFP2
3590,19:07:40,0.094,0.676,0,0,eGFP2
3591,19:07:41,0.127,0.698,0,0,eGFP2
3592,19:07:42,0.116,0.643,0,0,eGFP2
3593,19:07:42,0.118,0.765,0,0,eGFP2
3594,19:07:43,0.116,0.588,0,0,eGFP2
3595,19:07:43,0.084,0.490,0,0,eGFP2
3596,19:07:44,0.094,0.807,0,0,eGFP2
3597,19:07:45,0.139,0.676,0,0,eGFP2
3598,19:07:46,0.106,0.632,0,0,eGFP2
3599,19:07:46,0.093,0.532,0,0,eGFP2
3600,19:07:47,0.084,0.643,0,0,eGFP2
3601,19:07:47,0.140,0.744,0,0,eGFP2
3602,19:07:48,0.094,0.621,0,0,eGFP2
3603,19:07:49,0.127,0.687,0,0,eGFP2
3604,19:07:49,0.105,0.632,0,0,eGFP2
3605,19:07:50,0.116,0.698,0,0,eGFP2
3606,19:07:51,0.094,0.533,0,0,eGFP2
3607,19:07:51,0.084,0.512,0,0,eGFP2
3608,19:07:52,0.105,0.775,0,0,eGFP2
3609,19:07:53,0.127,0.709,0,0,eGFP2
3610,19:07:53,0.118,0.656,0,0,eGFP2
3611,19:07:54,0.094,0.522,0,0,eGFP2
3612,19:07:54,0.074,0.480,0,0,eGFP2
3613,19:07:55,0.095,0.709,0,0,eGFP2
3614,19:07:56,0.139,0.742,0,0,eGFP2
3615,19:07:57,0.600,1.511,0,0,eGFP2
3616,19:07:58,0.127,0.665,0,0,eGFP2
3617,19:07:59,0.105,0.588,0,0,eGFP2
3618,19:07:59,0.118,0.557,0,0,eGFP2
3619,19:08:00,0.073,0.424,0,0,eGFP2
3620,19:08:00,0.073,0.951,0,0,eGFP2
3621,19:08:01,0.325,0.994,0,0,eGFP2
3622,19:08:02,0.139,0.929,0,0,eGFP2
3623,19:08:03,0.116,0.566,0,0,eGFP2
3624,19:08:03,0.084,0.523,0,0,eGFP2
3625,19:08:04,0.095,0.709,0,0,eGFP2
3626,19:08:05,0.120,0.603,0,0,eGFP2
3627,19:08:05,0.095,0.545,0,0,eGFP2
3628,19:08:06,0.105,0.632,0,0,eGFP2
3629,19:08:07,0.106,0.698,0,0,eGFP2
3630,19:08:07,0.095,0.501,0,0,eGFP2
3631,19:08:08,0.084,0.610,0,0,eGFP2
3632,19:08:09,0.139,0.732,0,0,eGFP2
3633,19:08:09,0.105,0.533,0,0,eGFP2
3634,19:08:10,0.086,0.547,0,0,eGFP2
3635,19:08:10,0.116,0.687,0,0,eGFP2
3636,19:08:11,0.106,0.622,0,0,eGFP2
3637,19:08:12,0.127,0.753,0,0,eGFP2
3638,19:08:12,0.106,0.610,0,0,eGFP2
3639,19:08:13,0.106,0.578,0,0,eGFP2
3640,19:08:14,0.097,0.667,0,0,eGFP2
3641,19:08:14,0.150,0.754,0,0,eGFP2
3642,19:08:15,0.094,0.533,0,0,eGFP2
3643,19:08:15,0.090,0.507,0,0,eGFP2
3644,19:08:16,0.105,0.742,0,0,eGFP2
3645,19:08:17,0.149,0.763,0,0,eGFP2
3646,19:08:17,0.117,0.621,0,0,eGFP2
3647,19:08:18,0.105,0.632,0,0,eGFP2
3648,19:08:19,0.116,0.555,0,0,eGFP2
3649,19:08:19,0.073,0.511,0,0,eGFP2
3650,19:08:20,0.117,0.764,0,0,eGFP2
3651,19:08:21,0.107,0.623,0,0,eGFP2
3652,19:08:21,0.105,0.631,0,0,eGFP2
3653,19:08:22,0.106,0.556,0,0,eGFP2
3654,19:08:22,0.084,0.655,0,0,eGFP2
3655,19:08:23,0.138,0.731,0,0,eGFP2
3656,19:08:24,0.105,0.610,0,0,eGFP2
3657,19:08:24,0.094,0.566,0,0,eGFP2
3658,19:08:25,0.083,0.456,0,0,eGFP2
3659,19:08:25,0.074,0.590,0,0,eGFP2
3660,19:08:26,0.182,0.972,0,0,eGFP2
3661,19:08:27,0.215,1.093,0,0,eGFP2
3662,19:08:28,0.116,0.544,0,0,eGFP2
3663,19:08:28,0.084,0.566,0,0,eGFP2
3664,19:08:29,0.128,0.676,0,0,eGFP2
3665,19:08:30,0.106,0.577,0,0,eGFP2
3666,19:08:30,0.106,0.676,0,0,eGFP2
3667,19:08:31,0.118,0.722,0,0,eGFP2
3668,19:08:32,0.195,1.270,0,0,eGFP2
3669,19:08:33,0.127,0.610,0,0,eGFP2
3670,19:08:34,0.095,0.610,0,0,eGFP2
3671,19:08:34,0.117,0.676,0,0,eGFP2
3672,19:08:35,0.106,0.567,0,0,eGFP2
3673,19:08:35,0.094,0.500,0,0,eGFP2
3674,19:08:36,0.106,0.632,0,0,eGFP2
3675,19:08:37,0.128,0.676,0,0,eGFP2
3676,19:08:37,0.107,0.645,0,0,eGFP2
3677,19:08:38,0.106,0.632,0,0,eGFP2
3678,19:08:39,0.117,0.589,0,0,eGFP2
3679,19:08:39,0.105,0.742,0,0,eGFP2
3680,19:08:40,0.138,0.775,0,0,eGFP2
3681,19:08:41,0.116,0.906,0,0,eGFP2
3682,19:08:42,0.140,0.722,0,0,eGFP2
3683,19:08:42,0.105,0.687,0,0,eGFP2
3684,19:08:43,0.107,0.612,0,0,eGFP2
3685,19:08:44,0.105,0.654,0,0,eGFP2
3686,19:08:44,0.106,0.632,0,0,eGFP2
3687,19:08:45,0.128,0.797,0,0,eGFP2
3688,19:08:46,0.150,0.742,0,0,eGFP2
3689,19:08:47,0.128,0.732,0,0,eGFP2
3690,19:08:47,0.127,0.687,0,0,eGFP2
3691,19:08:48,0.105,0.665,0,0,eGFP2
3692,19:08:49,0.096,0.656,0,0,eGFP2
3693,19:08:49,0.139,0.698,0,0,eGFP2
3694,19:08:50,0.106,0.764,0,0,eGFP2
3695,19:08:51,0.152,0.810,0,0,eGFP2
3696,19:08:52,0.150,1.006,0,0,eGFP2
3697,19:08:54,0.818,1.795,0,0,eGFP2
3698,19:08:54,0.106,0.567,0,0,eGFP2
3699,19:08:55,0.084,0.544,0,0,eGFP2
3700,19:08:55,0.097,0.547,0,0,eGFP2
3701,19:08:56,0.095,0.534,0,0,eGFP2
3702,19:08:57,0.105,0.687,0,0,eGFP2
3703,19:08:57,0.128,0.676,0,0,eGFP2
3704,19:08:58,0.095,0.764,0,0,eGFP2
3705,19:08:59,0.150,1.006,0,0,eGFP2
3706,19:09:00,0.418,1.373,0,0,eGFP2
3707,19:09:01,0.127,0.675,0,0,eGFP2
3708,19:09:02,0.127,0.632,0,0,eGFP2
3709,19:09:02,0.097,0.558,0,0,eGFP2
3710,19:09:03,0.116,0.709,0,0,eGFP2
3711,19:09:04,0.116,0.665,0,0,eGFP2
3712,19:09:04,0.138,0.785,0,0,eGFP2
3713,19:09:05,0.106,0.610,0,0,eGFP2
3714,19:09:06,0.138,1.137,0,0,eGFP2
3715,19:09:07,0.193,0.873,0,0,eGFP2
3716,19:09:08,0.117,0.643,0,0,eGFP2
3717,19:09:08,0.110,0.593,0,0,eGFP2
3718,19:09:09,0.105,0.544,0,0,eGFP2
3719,19:09:09,0.084,0.555,0,0,eGFP2
3720,19:09:10,0.106,0.698,0,0,eGFP2
3721,19:09:11,0.116,0.742,0,0,eGFP2
3722,19:09:11,0.105,0.654,0,0,eGFP2
3723,19:09:12,0.107,0.688,0,0,eGFP2
3724,19:09:13,0.116,0.610,0,0,eGFP2
3725,19:09:13,0.107,0.798,0,0,eGFP2
3726,19:09:14,0.150,0.863,0,0,eGFP2
3727,19:09:15,0.127,0.819,0,0,eGFP2
3728,19:09:16,0.160,0.742,0,0,eGFP2
3729,19:09:17,0.116,0.665,0,0,eGFP2
3730,19:09:17,0.116,0.654,0,0,eGFP2
3731,19:09:18,0.105,0.665,0,0,eGFP2
3732,19:09:19,0.116,0.632,0,0,eGFP2
3733,19:09:19,0.116,0.742,0,0,eGFP2
3734,19:09:20,0.104,0.674,0,0,eGFP2
3735,19:09:21,0.117,0.764,0,0,eGFP2
3736,19:09:22,0.150,0.841,0,0,eGFP2
3737,19:09:22,0.129,0.798,0,0,eGFP2
3738,19:09:44,0.238,21.516,0,0,eGFP2
3739,19:09:44,0.106,0.611,0,0,eGFP2
3740,19:09:45,0.105,0.632,0,0,eGFP2
3741,19:09:46,0.105,0.599,0,0,eGFP2
3742,19:09:46,0.085,0.546,0,0,eGFP2
3743,19:09:47,0.095,0.644,0,0,eGFP2
3744,19:09:47,0.105,0.599,0,0,eGFP2
3745,19:09:48,0.105,0.566,0,0,eGFP2
3746,19:09:49,0.084,0.512,0,0,eGFP2
3747,19:09:49,0.095,0.610,0,0,eGFP2
3748,19:09:51,0.139,1.544,0,0,eGFP2
3749,19:09:51,0.127,0.599,0,0,eGFP2
3750,19:09:52,0.085,0.568,0,0,eGFP2
3751,19:09:53,0.107,0.645,0,0,eGFP2
3752,19:09:53,0.106,0.567,0,0,eGFP2
3753,19:09:54,0.083,0.533,0,0,eGFP2
3754,19:09:54,0.095,0.534,0,0,eGFP2
3755,19:09:55,0.106,0.534,0,0,eGFP2
3756,19:09:55,0.083,0.468,0,0,eGFP2
3757,19:09:56,0.083,0.588,0,0,eGFP2
3758,19:09:57,0.118,0.744,0,0,eGFP2
3759,19:09:57,0.128,0.665,0,0,eGFP2
3760,19:09:58,0.128,0.743,0,0,eGFP2
3761,19:09:59,0.116,0.610,0,0,eGFP2
3762,19:09:59,0.095,0.742,0,0,eGFP2
3763,19:10:00,0.139,0.699,0,0,eGFP2
3764,19:10:01,0.105,0.588,0,0,eGFP2
3765,19:10:01,0.086,0.613,0,0,eGFP2
3766,19:10:02,0.116,0.599,0,0,eGFP2
3767,19:10:03,0.097,0.832,0,0,eGFP2
3768,19:10:03,0.161,0.797,0,0,eGFP2
3769,19:10:04,0.133,0.726,0,0,eGFP2
3770,19:10:05,0.127,0.675,0,0,eGFP2
3771,19:10:05,0.095,0.588,0,0,eGFP2
3772,19:10:06,0.116,0.654,0,0,eGFP2
3773,19:10:07,0.105,0.555,0,0,eGFP2
3774,19:10:07,0.083,0.522,0,0,eGFP2
3775,19:10:08,0.107,0.667,0,0,eGFP2
3776,19:10:08,0.116,0.654,0,0,eGFP2
3777,19:10:09,0.094,0.620,0,0,eGFP2
3778,19:10:10,0.129,0.656,0,0,eGFP2
3779,19:10:10,0.105,0.665,0,0,eGFP2
3780,19:10:11,0.127,0.697,0,0,eGFP2
3781,19:10:12,0.095,0.545,0,0,eGFP2
3782,19:10:12,0.116,0.730,0,0,eGFP2
3783,19:10:13,0.118,0.568,0,0,eGFP2
3784,19:10:13,0.083,0.533,0,0,eGFP2
3785,19:10:16,0.116,2.970,0,0,eGFP2
3786,19:10:17,0.302,0.950,0,0,eGFP2
3787,19:10:18,0.094,0.676,0,0,eGFP2
3788,19:10:19,0.160,0.742,0,0,eGFP2
3789,19:10:19,0.094,0.555,0,0,eGFP2
3790,19:10:20,0.094,0.555,0,0,eGFP2
3791,19:10:20,0.085,0.590,0,0,eGFP2
3792,19:10:21,0.096,0.623,0,0,eGFP2
3793,19:10:22,0.105,0.533,0,0,eGFP2
3794,19:10:22,0.083,0.423,0,0,eGFP2
3795,19:10:23,0.073,0.468,0,0,eGFP2
3796,19:10:23,0.094,0.555,0,0,eGFP2
3797,19:10:24,0.106,0.698,0,0,eGFP2
3798,19:10:24,0.117,0.610,0,0,eGFP2
3799,19:10:25,0.084,0.457,0,0,eGFP2
3800,19:10:25,0.074,0.513,0,0,eGFP2
3801,19:10:26,0.106,0.819,0,0,eGFP2
3802,19:10:27,0.116,0.632,0,0,eGFP2
3803,19:10:27,0.106,0.566,0,0,eGFP2
3804,19:10:28,0.095,0.622,0,0,eGFP2
3805,19:10:29,0.094,0.500,0,0,eGFP2
3806,19:10:29,0.074,0.481,0,0,eGFP2
3807,19:10:30,0.094,0.829,0,0,eGFP2
3808,19:10:30,0.140,0.656,0,0,eGFP2
3809,19:10:31,0.095,0.600,0,0,eGFP2
3810,19:10:32,0.105,0.632,0,0,eGFP2
3811,19:10:32,0.094,0.665,0,0,eGFP2
3812,19:10:33,0.139,0.753,0,0,eGFP2
3813,19:10:34,0.117,0.808,0,0,eGFP2
3814,19:10:36,0.182,1.905,0,0,eGFP2
3815,19:10:37,0.161,0.710,0,0,eGFP2
3816,19:10:37,0.096,0.524,0,0,eGFP2
3817,19:10:38,0.092,0.476,0,0,eGFP2
3818,19:10:38,0.083,0.434,0,0,eGFP2
3819,19:10:39,0.083,0.654,0,0,eGFP2
3820,19:10:39,0.128,0.666,0,0,eGFP2
3821,19:10:40,0.105,0.599,0,0,eGFP2
3822,19:10:40,0.105,0.544,0,0,eGFP2
3823,19:10:41,0.094,0.665,0,0,eGFP2
3824,19:10:42,0.128,0.633,0,0,eGFP2
3825,19:10:42,0.083,0.500,0,0,eGFP2
3826,19:10:43,0.083,0.478,0,0,eGFP2
3827,19:10:43,0.094,0.709,0,0,eGFP2
3828,19:10:44,0.138,0.654,0,0,eGFP2
3829,19:10:45,0.094,0.544,0,0,eGFP2
3830,19:10:45,0.094,0.599,0,0,eGFP2
3831,19:10:46,0.127,0.763,0,0,eGFP2
3832,19:10:47,0.116,0.643,0,0,eGFP2
3833,19:10:47,0.107,0.612,0,0,eGFP2
3834,19:10:48,0.095,0.622,0,0,eGFP2
3835,19:10:48,0.116,0.588,0,0,eGFP2
3836,19:10:49,0.083,0.544,0,0,eGFP2
3837,19:10:50,0.117,0.753,0,0,eGFP2
3838,19:10:50,0.127,0.720,0,0,eGFP2
3839,19:10:51,0.116,0.676,0,0,eGFP2
3840,19:10:52,0.094,0.577,0,0,eGFP2
3841,19:10:52,0.118,0.721,0,0,eGFP2
3842,19:10:53,0.106,0.643,0,0,eGFP2
3843,19:10:54,0.106,0.544,0,0,eGFP2
3844,19:10:54,0.095,0.534,0,0,eGFP2
3845,19:10:55,0.105,0.763,0,0,eGFP2
3846,19:10:56,0.117,0.644,0,0,eGFP2
3847,19:10:56,0.116,0.665,0,0,eGFP2
3848,19:10:57,0.117,0.743,0,0,eGFP2
3849,19:10:58,0.107,0.612,0,0,eGFP2
3850,19:10:58,0.083,0.489,0,0,eGFP2
3851,19:10:59,0.073,0.654,0,0,eGFP2
3852,19:11:00,0.204,0.874,0,0,eGFP2
3853,19:11:00,0.116,0.775,0,0,eGFP2
3854,19:11:01,0.127,0.654,0,0,eGFP2
3855,19:11:02,0.094,0.511,0,0,eGFP2
3856,19:11:02,0.084,0.479,0,0,eGFP2
3857,19:11:03,0.096,0.667,0,0,eGFP2
3858,19:11:03,0.127,0.676,0,0,eGFP2
3859,19:11:04,0.105,0.643,0,0,eGFP2
3860,19:11:05,0.116,0.588,0,0,eGFP2
3861,19:11:05,0.085,0.458,0,0,eGFP2
3862,19:11:06,0.084,0.666,0,0,eGFP2
3863,19:11:07,0.193,0.994,0,0,eGFP2
3864,19:11:07,0.127,0.676,0,0,eGFP2
3865,19:11:08,0.106,0.600,0,0,eGFP2
3866,19:11:09,0.118,0.743,0,0,eGFP2
3867,19:11:09,0.106,0.523,0,0,eGFP2
3868,19:11:10,0.083,0.511,0,0,eGFP2
3869,19:11:10,0.084,0.545,0,0,eGFP2
3870,19:11:11,0.084,0.512,0,0,eGFP2
3871,19:11:12,0.094,0.906,0,0,eGFP2
3872,19:11:12,0.150,0.688,0,0,eGFP2
3873,19:11:13,0.105,0.742,0,0,eGFP2
3874,19:11:14,0.140,0.864,0,0,eGFP2
3875,19:11:15,0.140,0.744,0,0,eGFP2
3876,19:11:15,0.106,0.578,0,0,eGFP2
3877,19:11:16,0.105,0.698,0,0,eGFP2
3878,19:11:17,0.127,0.720,0,0,eGFP2
3879,19:11:17,0.106,0.643,0,0,eGFP2
3880,19:11:18,0.111,0.671,0,0,eGFP2
3881,19:11:19,0.116,0.665,0,0,eGFP2
3882,19:11:24,0.106,4.957,0,0,eGFP2
3883,19:11:25,0.148,1.795,0,0,eGFP2
3884,19:11:29,0.181,3.188,0,0,eGFP2
3885,19:11:32,1.565,3.375,0,0,eGFP2
3886,19:11:33,0.149,0.830,0,0,eGFP2
3887,19:11:35,1.301,1.992,0,0,eGFP2
3888,19:11:36,0.116,0.698,0,0,eGFP2
3889,19:11:36,0.107,0.502,0,0,eGFP2
3890,19:11:36,0.073,0.403,0,0,eGFP2
3891,19:11:37,0.072,0.434,0,0,eGFP2
3892,19:11:38,0.105,0.621,0,0,eGFP2
3893,19:11:38,0.094,0.467,0,0,eGFP2
3894,19:11:39,0.105,1.148,0,0,eGFP2
3895,19:11:40,0.324,1.235,0,0,eGFP2
3896,19:11:41,0.116,0.720,0,0,eGFP2
3897,19:11:42,0.116,0.621,0,0,eGFP2
3898,19:11:42,0.083,0.478,0,0,eGFP2
3899,19:11:43,0.085,0.524,0,0,eGFP2
3900,19:11:43,0.127,0.686,0,0,eGFP2
3901,19:11:44,0.106,0.523,0,0,eGFP2
3902,19:11:44,0.072,0.456,0,0,eGFP2
3903,19:11:45,0.085,0.634,0,0,eGFP2
3904,19:11:46,0.116,0.610,0,0,eGFP2
3905,19:11:46,0.083,0.511,0,0,eGFP2
3906,19:11:47,0.105,0.731,0,0,eGFP2
3907,19:11:48,0.117,0.622,0,0,eGFP2
3908,19:11:48,0.105,0.665,0,0,eGFP2
3909,19:11:49,0.116,0.610,0,0,eGFP2
3910,19:11:49,0.105,0.687,0,0,eGFP2
3911,19:11:50,0.105,0.632,0,0,eGFP2
3912,19:11:51,0.095,0.501,0,0,eGFP2
3913,19:11:51,0.072,0.445,0,0,eGFP2
3914,19:11:52,0.083,0.478,0,0,eGFP2
3915,19:11:52,0.086,0.678,0,0,eGFP2
3916,19:11:53,0.160,0.775,0,0,eGFP2
3917,19:11:54,0.107,0.535,0,0,eGFP2
3918,19:11:54,0.083,0.467,0,0,eGFP2
3919,19:11:54,0.073,0.479,0,0,eGFP2
3920,19:11:55,0.083,0.621,0,0,eGFP2
3921,19:11:56,0.105,0.654,0,0,eGFP2
3922,19:11:56,0.106,0.622,0,0,eGFP2
3923,19:11:57,0.107,0.644,0,0,eGFP2
3924,19:11:58,0.106,0.644,0,0,eGFP2
3925,19:11:58,0.127,0.643,0,0,eGFP2
3926,19:11:59,0.094,0.555,0,0,eGFP2
3927,19:12:00,0.117,0.797,0,0,eGFP2
3928,19:12:00,0.117,0.621,0,0,eGFP2
3929,19:12:01,0.084,0.457,0,0,eGFP2
3930,19:12:01,0.084,0.468,0,0,eGFP2
3931,19:12:02,0.096,0.864,0,0,eGFP2
3932,19:12:03,0.140,0.645,0,0,eGFP2
3933,19:12:03,0.095,0.632,0,0,eGFP2
3934,19:12:04,0.106,0.545,0,0,eGFP2
3935,19:12:04,0.084,0.555,0,0,eGFP2
3936,19:12:05,0.117,0.699,0,0,eGFP2
3937,19:12:06,0.116,0.687,0,0,eGFP2
3938,19:12:06,0.116,0.665,0,0,eGFP2
3939,19:12:07,0.095,0.567,0,0,eGFP2
3940,19:12:08,0.107,0.678,0,0,eGFP2
3941,19:12:08,0.127,0.643,0,0,eGFP2
3942,19:12:09,0.084,0.446,0,0,eGFP2
3943,19:12:09,0.084,0.632,0,0,eGFP2
3944,19:12:10,0.222,0.869,0,0,eGFP2
3945,19:12:11,0.105,0.621,0,0,eGFP2
3946,19:12:11,0.094,0.489,0,0,eGFP2
3947,19:12:12,0.072,0.676,0,0,eGFP2
3948,19:12:13,0.260,0.896,0,0,eGFP2
3949,19:12:14,0.083,0.555,0,0,eGFP2
3950,19:12:14,0.094,0.577,0,0,eGFP2
3951,19:12:15,0.094,0.522,0,0,eGFP2
3952,19:12:15,0.094,0.555,0,0,eGFP2
3953,19:12:16,0.105,0.588,0,0,eGFP2
3954,19:12:16,0.083,0.456,0,0,eGFP2
3955,19:12:17,0.083,0.599,0,0,eGFP2
3956,19:12:18,0.150,0.765,0,0,eGFP2
3957,19:12:18,0.105,0.632,0,0,eGFP2
3958,19:12:19,0.107,0.655,0,0,eGFP2
3959,19:12:19,0.105,0.588,0,0,eGFP2
3960,19:12:20,0.094,0.489,0,0,eGFP2
3961,19:12:21,0.094,0.698,0,0,eGFP2
3962,19:12:22,0.193,0.906,0,0,eGFP2
3963,19:12:22,0.105,0.610,0,0,eGFP2
3964,19:12:23,0.094,0.566,0,0,eGFP2
3965,19:12:24,0.118,0.765,0,0,eGFP2
3966,19:12:24,0.116,0.588,0,0,eGFP2
3967,19:12:25,0.106,0.687,0,0,eGFP2
3968,19:12:26,0.138,0.775,0,0,eGFP2
3969,19:12:26,0.105,0.555,0,0,eGFP2
3970,19:12:27,0.083,0.500,0,0,eGFP2
3971,19:12:27,0.105,0.643,0,0,eGFP2
3972,19:12:28,0.118,0.634,0,0,eGFP2
3973,19:12:28,0.107,0.578,0,0,eGFP2
3974,19:12:29,0.095,0.545,0,0,eGFP2
3975,19:12:30,0.116,0.764,0,0,eGFP2
3976,19:12:30,0.105,0.610,0,0,eGFP2
3977,19:12:31,0.105,0.632,0,0,eGFP2
3978,19:12:32,0.116,0.709,0,0,eGFP2
3979,19:12:32,0.116,0.676,0,0,eGFP2
3980,19:12:33,0.105,0.698,0,0,eGFP2
3981,19:12:34,0.140,0.908,0,0,eGFP2
3982,19:12:35,0.139,0.654,0,0,eGFP2
3983,19:12:35,0.106,0.644,0,0,eGFP2
3984,19:12:36,0.120,0.723,0,0,eGFP2
3985,19:12:37,0.106,0.512,0,0,eGFP2
3986,19:12:37,0.074,0.546,0,0,eGFP2
3987,19:12:38,0.138,0.895,0,0,eGFP2
3988,19:12:39,0.128,0.643,0,0,eGFP2
3989,19:12:39,0.084,0.589,0,0,eGFP2
3990,19:12:40,0.126,0.806,0,0,eGFP2
3991,19:12:41,0.117,0.566,0,0,eGFP2
3992,19:12:41,0.086,0.492,0,0,eGFP2
3993,19:12:42,0.106,0.819,0,0,eGFP2
3994,19:12:43,0.128,0.709,0,0,eGFP2
3995,19:12:45,0.797,1.960,0,0,eGFP2
3996,19:12:45,0.337,0.918,0,0,eGFP2
3997,19:12:46,0.095,0.512,0,0,eGFP2
3998,19:12:46,0.085,0.480,0,0,eGFP2
3999,19:12:47,0.095,0.589,0,0,eGFP2
4000,19:12:48,0.096,0.524,0,0,eGFP2
4001,19:12:48,0.084,0.468,0,0,eGFP2
4002,19:12:49,0.084,0.479,0,0,eGFP2
4003,19:12:49,0.117,0.720,0,0,eGFP2
4004,19:12:50,0.106,0.567,0,0,eGFP2
4005,19:12:50,0.084,0.611,0,0,eGFP2
4006,19:12:51,0.118,0.689,0,0,eGFP2
4007,19:12:52,0.100,0.506,0,0,eGFP2
4008,19:12:52,0.083,0.467,0,0,eGFP2
4009,19:12:53,0.083,0.654,0,0,eGFP2
4010,19:12:53,0.127,0.698,0,0,eGFP2
4011,19:12:54,0.094,0.621,0,0,eGFP2
4012,19:12:55,0.105,0.599,0,0,eGFP2
4013,19:12:55,0.127,0.763,0,0,eGFP2
4014,19:12:56,0.120,0.679,0,0,eGFP2
4015,19:12:57,0.105,0.665,0,0,eGFP2
4016,19:12:58,0.127,0.742,0,0,eGFP2
4017,19:12:58,0.105,0.566,0,0,eGFP2
4018,19:12:59,0.083,0.467,0,0,eGFP2
4019,19:12:59,0.083,0.764,0,0,eGFP2
4020,19:13:00,0.138,0.719,0,0,eGFP2
4021,19:13:01,0.105,0.577,0,0,eGFP2
4022,19:13:01,0.083,0.522,0,0,eGFP2
4023,19:13:02,0.096,0.678,0,0,eGFP2
4024,19:13:03,0.127,0.752,0,0,eGFP2
4025,19:13:03,0.128,0.709,0,0,eGFP2
4026,19:13:04,0.116,0.819,0,0,eGFP2
4027,19:13:05,0.183,0.963,0,0,eGFP2
4028,19:13:06,0.160,0.873,0,0,eGFP2
4029,19:13:07,0.138,0.808,0,0,eGFP2
4030,19:13:07,0.127,0.676,0,0,eGFP2
4031,19:13:08,0.107,0.655,0,0,eGFP2
4032,19:13:09,0.183,1.039,0,0,eGFP2
4033,19:13:10,0.171,1.049,0,0,eGFP2
4034,19:13:12,0.182,2.212,0,0,eGFP2
4035,19:13:13,0.446,1.060,0,0,eGFP2
4036,19:13:14,0.106,0.709,0,0,eGFP2
4037,19:13:15,0.106,0.523,0,0,eGFP2
4038,19:13:15,0.083,0.445,0,0,eGFP2
4039,19:13:16,0.074,0.634,0,0,eGFP2
4040,19:13:16,0.128,0.588,0,0,eGFP2
4041,19:13:17,0.086,0.481,0,0,eGFP2
4042,19:13:17,0.083,0.577,0,0,eGFP2
4043,19:13:18,0.138,0.764,0,0,eGFP2
4044,19:13:19,0.094,0.577,0,0,eGFP2
4045,19:13:19,0.117,0.742,0,0,eGFP2
4046,19:13:20,0.117,0.578,0,0,eGFP2
4047,19:13:21,0.096,0.535,0,0,eGFP2
4048,19:13:21,0.095,0.753,0,0,eGFP2
4049,19:13:22,0.138,0.720,0,0,eGFP2
4050,19:13:23,0.095,0.632,0,0,eGFP2
4051,19:13:23,0.117,0.710,0,0,eGFP2
4052,19:13:24,0.105,0.577,0,0,eGFP2
4053,19:13:25,0.095,0.632,0,0,eGFP2
4054,19:13:25,0.139,0.841,0,0,eGFP2
4055,19:13:26,0.108,0.557,0,0,eGFP2
4056,19:13:27,0.097,0.514,0,0,eGFP2
4057,19:13:27,0.095,0.566,0,0,eGFP2
4058,19:13:28,0.117,0.710,0,0,eGFP2
4059,19:13:28,0.116,0.610,0,0,eGFP2
4060,19:13:29,0.106,0.742,0,0,eGFP2
4061,19:13:30,0.150,0.764,0,0,eGFP2
4062,19:13:31,0.117,0.655,0,0,eGFP2
4063,19:13:31,0.128,0.852,0,0,eGFP2
4064,19:13:32,0.151,0.777,0,0,eGFP2
4065,19:13:33,0.116,0.599,0,0,eGFP2
4066,19:13:34,0.106,0.732,0,0,eGFP2
4067,19:13:34,0.127,0.720,0,0,eGFP2
4068,19:13:35,0.106,0.599,0,0,eGFP2
4069,19:13:36,0.108,0.690,0,0,eGFP2
4070,19:13:36,0.133,0.824,0,0,eGFP2
4071,19:13:37,0.127,0.731,0,0,eGFP2
4072,19:13:38,0.128,0.699,0,0,eGFP2
4073,19:13:39,0.116,0.730,0,0,eGFP2
4074,19:13:39,0.128,0.599,0,0,eGFP2
4075,19:13:40,0.084,0.468,0,0,eGFP2
4076,19:13:40,0.094,0.686,0,0,eGFP2
4077,19:13:41,0.171,0.852,0,0,eGFP2
4078,19:13:42,0.116,0.610,0,0,eGFP2
4079,19:13:42,0.105,0.653,0,0,eGFP2
4080,19:13:43,0.140,0.864,0,0,eGFP2
4081,19:13:44,0.139,0.764,0,0,eGFP2
4082,19:13:45,0.149,1.104,0,0,eGFP2
4083,19:13:46,0.206,0.952,0,0,eGFP2
4084,19:13:47,0.138,0.753,0,0,eGFP2
4085,19:13:48,0.116,0.697,0,0,eGFP2
4086,19:13:48,0.106,0.644,0,0,eGFP2
4087,19:13:49,0.116,0.708,0,0,eGFP2
4088,19:13:50,0.150,0.918,0,0,eGFP2
4089,19:13:50,0.140,0.666,0,0,eGFP2
4090,19:13:51,0.106,0.556,0,0,eGFP2
4091,19:13:52,0.094,0.555,0,0,eGFP2
4092,19:13:52,0.116,0.720,0,0,eGFP2
4093,19:13:53,0.127,0.873,0,0,eGFP2
4094,19:13:55,0.303,1.609,0,0,eGFP2
4095,19:13:55,0.117,0.643,0,0,eGFP2
4096,19:13:56,0.095,0.523,0,0,eGFP2
4097,19:13:56,0.087,0.548,0,0,eGFP2
4098,19:13:57,0.105,0.599,0,0,eGFP2
4099,19:13:58,0.083,0.500,0,0,eGFP2
4100,19:13:58,0.084,0.468,0,0,eGFP2
4101,19:13:59,0.094,0.676,0,0,eGFP2
4102,19:13:59,0.149,0.753,0,0,eGFP2
4103,19:14:00,0.116,0.709,0,0,eGFP2
4104,19:14:01,0.117,0.808,0,0,eGFP2
4105,19:14:02,0.162,1.457,0,0,eGFP2
4106,19:14:03,0.314,0.939,0,0,eGFP2
4107,19:14:04,0.095,0.655,0,0,eGFP2
4108,19:14:05,0.127,0.665,0,0,eGFP2
4109,19:14:05,0.095,0.599,0,0,eGFP2
4110,19:14:06,0.086,0.514,0,0,eGFP2
4111,19:14:07,0.094,0.819,0,0,eGFP2
4112,19:14:07,0.138,0.698,0,0,eGFP2
4113,19:14:08,0.107,0.601,0,0,eGFP2
4114,19:14:09,0.127,0.676,0,0,eGFP2
4115,19:14:09,0.117,0.687,0,0,eGFP2
4116,19:14:10,0.128,0.830,0,0,eGFP2
4117,19:14:11,0.128,0.709,0,0,eGFP2
4118,19:14:11,0.106,0.600,0,0,eGFP2
4119,19:14:12,0.094,0.643,0,0,eGFP2
4120,19:14:13,0.117,0.655,0,0,eGFP2
4121,19:14:13,0.094,0.511,0,0,eGFP2
4122,19:14:14,0.086,0.580,0,0,eGFP2
4123,19:14:15,0.182,1.027,0,0,eGFP2
4124,19:14:16,0.140,0.963,0,0,eGFP2
4125,19:14:17,0.216,0.918,0,0,eGFP2
4126,19:14:17,0.128,0.753,0,0,eGFP2
4127,19:14:18,0.128,0.787,0,0,eGFP2
4128,19:14:19,0.127,0.753,0,0,eGFP2
4129,19:14:20,0.128,0.775,0,0,eGFP2
4130,19:14:21,0.130,0.986,0,0,eGFP2
4131,19:14:22,0.215,0.906,0,0,eGFP2
4132,19:14:22,0.128,0.732,0,0,eGFP2
4133,19:14:23,0.106,0.632,0,0,eGFP2
4134,19:14:24,0.111,0.671,0,0,eGFP2
4135,19:14:24,0.127,0.708,0,0,eGFP2
4136,19:14:25,0.138,0.786,0,0,eGFP2
4137,19:14:26,0.127,0.741,0,0,eGFP2
4138,19:14:27,0.141,0.899,0,0,eGFP2
4139,19:14:28,0.160,0.895,0,0,eGFP2
4140,19:14:28,0.138,0.632,0,0,eGFP2
4141,19:14:29,0.094,0.687,0,0,eGFP2
4142,19:14:30,0.181,0.807,0,0,eGFP2
4143,19:14:30,0.094,0.599,0,0,eGFP2
4144,19:14:31,0.116,0.764,0,0,eGFP2
4145,19:14:32,0.116,0.730,0,0,eGFP2
4146,19:14:33,0.118,0.579,0,0,eGFP2
4147,19:14:33,0.083,0.544,0,0,eGFP2
4148,19:14:34,0.149,0.830,0,0,eGFP2
4149,19:14:35,0.116,0.643,0,0,eGFP2
4150,19:14:35,0.127,0.665,0,0,eGFP2
4151,19:14:36,0.105,0.610,0,0,eGFP2
4152,19:14:37,0.117,0.809,0,0,eGFP2
4153,19:14:37,0.116,0.709,0,0,eGFP2
4154,19:14:39,0.149,1.323,0,0,eGFP2
4155,19:14:39,0.140,0.645,0,0,eGFP2
4156,19:14:40,0.083,0.544,0,0,eGFP2
4157,19:14:41,0.105,0.654,0,0,eGFP2
4158,19:14:41,0.105,0.599,0,0,eGFP2
4159,19:14:42,0.094,0.698,0,0,eGFP2
4160,19:14:43,0.138,0.676,0,0,eGFP2
4161,19:14:43,0.094,0.588,0,0,eGFP2
4162,19:14:44,0.117,0.852,0,0,eGFP2
4163,19:14:45,0.162,0.765,0,0,eGFP2
4164,19:14:45,0.117,0.720,0,0,eGFP2
4165,19:14:46,0.128,0.698,0,0,eGFP2
4166,19:14:47,0.107,0.711,0,0,eGFP2
4167,19:14:48,0.138,0.808,0,0,eGFP2
4168,19:14:48,0.127,0.840,0,0,eGFP2
4169,19:14:50,0.161,1.971,0,0,eGFP2
4170,19:14:52,0.874,1.697,0,0,eGFP2
4171,19:14:53,0.118,0.634,0,0,eGFP2
4172,19:14:53,0.095,0.523,0,0,eGFP2
4173,19:14:54,0.083,0.478,0,0,eGFP2
4174,19:14:54,0.073,0.534,0,0,eGFP2
4175,19:14:55,0.116,0.742,0,0,eGFP2
4176,19:14:56,0.094,0.555,0,0,eGFP2
4177,19:14:56,0.106,0.720,0,0,eGFP2
4178,19:14:57,0.139,0.709,0,0,eGFP2
4179,19:14:58,0.108,0.667,0,0,eGFP2
4180,19:14:58,0.108,0.667,0,0,eGFP2
4181,19:14:59,0.117,0.830,0,0,eGFP2
4182,19:15:00,0.161,0.731,0,0,eGFP2
4183,19:15:01,0.117,0.676,0,0,eGFP2
4184,19:15:01,0.106,0.578,0,0,eGFP2
4185,19:15:02,0.106,0.577,0,0,eGFP2
4186,19:15:02,0.106,0.666,0,0,eGFP2
4187,19:15:03,0.138,0.731,0,0,eGFP2
4188,19:15:04,0.096,0.524,0,0,eGFP2
4189,19:15:04,0.095,0.710,0,0,eGFP2
4190,19:15:05,0.127,0.621,0,0,eGFP2
4191,19:15:06,0.084,0.468,0,0,eGFP2
4192,19:15:06,0.084,0.654,0,0,eGFP2
4193,19:15:07,0.139,0.732,0,0,eGFP2
4194,19:15:08,0.115,0.652,0,0,eGFP2
4195,19:15:09,0.150,1.138,0,0,eGFP2
4196,19:15:10,0.162,0.821,0,0,eGFP2
4197,19:15:10,0.121,0.747,0,0,eGFP2
4198,19:15:11,0.127,0.697,0,0,eGFP2
4199,19:15:12,0.105,0.555,0,0,eGFP2
4200,19:15:12,0.083,0.468,0,0,eGFP2
4201,19:15:13,0.083,0.653,0,0,eGFP2
4202,19:15:13,0.160,0.764,0,0,eGFP2
4203,19:15:14,0.105,0.566,0,0,eGFP2
4204,19:15:15,0.106,0.688,0,0,eGFP2
4205,19:15:15,0.127,0.698,0,0,eGFP2
4206,19:15:16,0.138,0.741,0,0,eGFP2
4207,19:15:17,0.151,0.765,0,0,eGFP2
4208,19:15:17,0.117,0.588,0,0,eGFP2
4209,19:15:18,0.084,0.632,0,0,eGFP2
4210,19:15:19,0.193,1.005,0,0,eGFP2
4211,19:15:20,0.138,0.841,0,0,eGFP2
4212,19:15:21,0.172,1.292,0,0,eGFP2
4213,19:15:22,0.149,0.741,0,0,eGFP2
4214,19:15:23,0.139,0.841,0,0,eGFP2
4215,19:15:23,0.094,0.555,0,0,eGFP2
4216,19:15:24,0.083,0.478,0,0,eGFP2
4217,19:15:24,0.084,0.490,0,0,eGFP2
4218,19:15:25,0.094,0.708,0,0,eGFP2
4219,19:15:26,0.150,0.720,0,0,eGFP2
4220,19:15:26,0.094,0.522,0,0,eGFP2
4221,19:15:27,0.098,0.680,0,0,eGFP2
4222,19:15:28,0.116,0.599,0,0,eGFP2
4223,19:15:28,0.105,0.687,0,0,eGFP2
4224,19:15:29,0.138,0.818,0,0,eGFP2
4225,19:15:30,0.106,0.610,0,0,eGFP2
4226,19:15:30,0.106,0.654,0,0,eGFP2
4227,19:15:31,0.117,0.643,0,0,eGFP2
4228,19:15:31,0.095,0.545,0,0,eGFP2
4229,19:15:32,0.107,0.908,0,0,eGFP2
4230,19:15:33,0.204,0.884,0,0,eGFP2
4231,19:15:34,0.117,0.600,0,0,eGFP2
4232,19:15:34,0.083,0.489,0,0,eGFP2
4233,19:15:35,0.095,0.621,0,0,eGFP2
4234,19:15:36,0.128,0.676,0,0,eGFP2
4235,19:15:36,0.086,0.612,0,0,eGFP2
4236,19:15:37,0.128,0.841,0,0,eGFP2
4237,19:15:38,0.151,0.974,0,0,eGFP2
4238,19:15:39,0.226,1.006,0,0,eGFP2
4239,19:15:40,0.116,0.665,0,0,eGFP2
4240,19:15:40,0.083,0.478,0,0,eGFP2
4241,19:15:41,0.084,0.490,0,0,eGFP2
4242,19:15:41,0.095,0.621,0,0,eGFP2
4243,19:15:42,0.095,0.523,0,0,eGFP2
4244,19:15:43,0.084,0.621,0,0,eGFP2
4245,19:15:43,0.150,0.819,0,0,eGFP2
4246,19:15:44,0.119,0.690,0,0,eGFP2
4247,19:15:45,0.116,0.775,0,0,eGFP2
4248,19:15:46,0.149,0.797,0,0,eGFP2
4249,19:15:46,0.129,0.798,0,0,eGFP2
4250,19:15:47,0.139,0.666,0,0,eGFP2
4251,19:15:48,0.127,0.818,0,0,eGFP2
4252,19:15:49,0.161,0.973,0,0,eGFP2
4253,19:20:34,0.303,285.397,0,0,eGFP2
4254,19:20:35,0.185,1.063,0,0,eGFP2
4255,19:20:37,0.226,2.114,0,0,eGFP2
4256,19:20:39,0.259,1.444,0,0,eGFP2
4257,19:20:40,0.194,0.984,0,0,eGFP2
4258,19:20:41,0.204,0.951,0,0,eGFP2
4259,19:20:41,0.127,0.577,0,0,eGFP2
4260,19:20:42,0.079,0.551,0,0,eGFP2
4261,19:20:43,0.127,0.730,0,0,eGFP2
4262,19:20:43,0.096,0.524,0,0,eGFP2
4263,19:20:44,0.085,0.524,0,0,eGFP2
4264,19:20:44,0.094,0.544,0,0,eGFP2
4265,19:20:45,0.094,0.873,0,0,eGFP2
4266,19:20:52,0.226,6.602,0,0,eGFP2
4267,19:20:57,0.478,5.142,0,0,eGFP2
4268,19:21:06,1.685,8.829,0,0,eGFP2
4269,19:21:07,0.204,1.400,0,0,eGFP2
4270,19:21:08,0.118,1.172,0,0,eGFP2
4271,19:21:13,0.752,4.725,0,0,eGFP2
4272,19:21:15,1.290,2.047,0,0,eGFP2
4273,19:21:16,0.095,0.545,0,0,eGFP2
4274,19:21:16,0.105,0.686,0,0,eGFP2
4275,19:21:17,0.139,0.665,0,0,eGFP2
4276,19:21:18,0.085,0.634,0,0,eGFP2
4277,19:21:18,0.171,0.873,0,0,eGFP2
4278,19:21:19,0.128,0.709,0,0,eGFP2
4279,19:21:20,0.129,0.766,0,0,eGFP2
4280,19:21:21,0.138,0.851,0,0,eGFP2
4281,19:21:22,0.149,1.324,0,0,eGFP2
4282,19:21:23,0.280,1.235,0,0,eGFP2
4283,19:21:24,0.138,0.731,0,0,eGFP2
4284,19:21:25,0.116,0.577,0,0,eGFP2
4285,19:21:25,0.095,0.665,0,0,eGFP2
4286,19:21:26,0.150,0.709,0,0,eGFP2
4287,19:21:27,0.085,0.524,0,0,eGFP2
4288,19:21:27,0.095,0.600,0,0,eGFP2
4289,19:21:28,0.149,0.752,0,0,eGFP2
4290,19:21:28,0.086,0.503,0,0,eGFP2
4291,19:21:29,0.094,0.621,0,0,eGFP2
4292,19:21:30,0.116,0.687,0,0,eGFP2
4293,19:21:30,0.105,0.577,0,0,eGFP2
4294,19:21:31,0.084,0.588,0,0,eGFP2
4295,19:21:32,0.130,0.711,0,0,eGFP2
4296,19:21:32,0.117,0.599,0,0,eGFP2
4297,19:21:33,0.095,0.534,0,0,eGFP2
4298,19:21:33,0.105,0.753,0,0,eGFP2
4299,19:21:34,0.138,0.687,0,0,eGFP2
4300,19:21:35,0.106,0.577,0,0,eGFP2
4301,19:21:35,0.095,0.721,0,0,eGFP2
4302,19:21:36,0.171,0.917,0,0,eGFP2
4303,19:21:37,0.107,0.546,0,0,eGFP2
4304,19:21:37,0.097,0.580,0,0,eGFP2
4305,19:21:38,0.149,0.873,0,0,eGFP2
4306,19:21:39,0.128,0.655,0,0,eGFP2
4307,19:21:40,0.083,0.555,0,0,eGFP2
4308,19:21:40,0.103,0.575,0,0,eGFP2
4309,19:21:41,0.083,0.489,0,0,eGFP2
4310,19:21:41,0.094,0.588,0,0,eGFP2
4311,19:21:42,0.105,0.588,0,0,eGFP2
4312,19:21:42,0.095,0.556,0,0,eGFP2
4313,19:21:43,0.116,0.665,0,0,eGFP2
4314,19:21:44,0.116,0.742,0,0,eGFP2
4315,19:21:44,0.116,0.642,0,0,eGFP2
4316,19:21:47,0.105,2.278,0,0,eGFP2
4317,19:21:48,0.204,0.874,0,0,eGFP2
4318,19:21:49,0.150,1.050,0,0,eGFP2
4319,19:21:49,0.116,0.643,0,0,eGFP2
4320,19:21:50,0.129,0.677,0,0,eGFP2
4321,19:21:51,0.094,0.621,0,0,eGFP2
4322,19:21:51,0.193,0.950,0,0,eGFP2
4323,19:21:52,0.116,0.731,0,0,eGFP2
4324,19:21:53,0.127,0.972,0,0,eGFP2
4325,19:21:56,0.665,2.355,0,0,eGFP2
4326,19:21:56,0.105,0.544,0,0,eGFP2
4327,19:21:57,0.083,0.467,0,0,eGFP2
4328,19:21:57,0.085,0.480,0,0,eGFP2
4329,19:21:58,0.117,0.731,0,0,eGFP2
4330,19:21:58,0.105,0.544,0,0,eGFP2
4331,19:22:03,0.106,4.956,0,0,eGFP2
4332,19:22:05,0.754,1.534,0,0,eGFP2
4333,19:22:07,0.412,1.915,0,0,eGFP2
4334,19:22:12,4.528,5.637,0,0,eGFP2
4335,19:22:13,0.171,1.060,0,0,eGFP2
4336,19:22:14,0.183,0.897,0,0,eGFP2
4337,19:22:15,0.116,0.588,0,0,eGFP2
4338,19:22:16,0.083,1.213,0,0,eGFP2
4339,19:22:18,0.314,1.730,0,0,eGFP2
4340,19:22:19,0.259,0.862,0,0,eGFP2
4341,19:22:19,0.216,0.753,0,0,eGFP2
4342,19:22:20,0.095,0.545,0,0,eGFP2
4343,19:22:20,0.083,0.467,0,0,eGFP2
4344,19:22:21,0.073,0.457,0,0,eGFP2
4345,19:22:21,0.085,0.524,0,0,eGFP2
4346,19:22:22,0.074,0.491,0,0,eGFP2
4347,19:22:23,0.094,0.643,0,0,eGFP2
4348,19:22:23,0.117,0.621,0,0,eGFP2
4349,19:22:24,0.106,0.567,0,0,eGFP2
4350,19:22:24,0.094,0.478,0,0,eGFP2
4351,19:22:25,0.084,0.490,0,0,eGFP2
4352,19:22:26,0.105,1.049,0,0,eGFP2
4353,19:22:26,0.151,0.689,0,0,eGFP2
4354,19:22:27,0.094,0.522,0,0,eGFP2
4355,19:22:27,0.084,0.490,0,0,eGFP2
4356,19:22:28,0.095,0.632,0,0,eGFP2
4357,19:22:29,0.106,0.567,0,0,eGFP2
4358,19:22:29,0.083,0.457,0,0,eGFP2
4359,19:22:30,0.072,0.489,0,0,eGFP2
4360,19:22:31,0.115,1.180,0,0,eGFP2
4361,19:22:31,0.107,0.546,0,0,eGFP2
4362,19:22:32,0.084,0.457,0,0,eGFP2
4363,19:22:32,0.083,0.676,0,0,eGFP2
4364,19:22:33,0.171,0.786,0,0,eGFP2
4365,19:22:34,0.095,0.490,0,0,eGFP2
4366,19:22:34,0.072,0.446,0,0,eGFP2
4367,19:22:35,0.083,0.588,0,0,eGFP2
4368,19:22:35,0.128,0.698,0,0,eGFP2
4369,19:22:36,0.097,0.514,0,0,eGFP2
4370,19:22:37,0.106,0.698,0,0,eGFP2
4371,19:22:37,0.150,0.709,0,0,eGFP2
4372,19:22:38,0.089,0.462,0,0,eGFP2
4373,19:22:38,0.084,0.545,0,0,eGFP2
4374,19:22:39,0.116,0.797,0,0,eGFP2
4375,19:22:40,0.127,0.697,0,0,eGFP2
4376,19:22:41,0.116,0.610,0,0,eGFP2
4377,19:22:41,0.094,0.533,0,0,eGFP2
4378,19:22:42,0.107,0.699,0,0,eGFP2
4379,19:22:42,0.116,0.621,0,0,eGFP2
4380,19:22:43,0.105,1.038,0,0,eGFP2
4381,19:22:44,0.138,0.643,0,0,eGFP2
4382,19:22:45,0.094,0.741,0,0,eGFP2
4383,19:22:46,0.171,0.720,0,0,eGFP2
4384,19:22:46,0.083,0.467,0,0,eGFP2
4385,19:22:47,0.094,1.477,0,0,eGFP2
4386,19:22:48,0.173,0.809,0,0,eGFP2
4387,19:22:50,0.238,1.478,0,0,eGFP2
4388,19:22:50,0.117,0.599,0,0,eGFP2
4389,19:22:51,0.106,0.523,0,0,eGFP2
4390,19:22:51,0.072,0.434,0,0,eGFP2
4391,19:22:52,0.083,0.555,0,0,eGFP2
4392,19:22:52,0.094,0.478,0,0,eGFP2
4393,19:22:53,0.073,0.402,0,0,eGFP2
4394,19:22:53,0.074,0.524,0,0,eGFP2
4395,19:22:54,0.127,0.654,0,0,eGFP2
4396,19:22:56,0.083,1.707,0,0,eGFP2
4397,19:22:56,0.105,0.610,0,0,eGFP2
4398,19:22:57,0.094,0.544,0,0,eGFP2
4399,19:22:57,0.084,0.490,0,0,eGFP2
4400,19:22:58,0.083,0.500,0,0,eGFP2
4401,19:22:58,0.085,0.480,0,0,eGFP2
4402,19:22:59,0.085,0.557,0,0,eGFP2
4403,19:22:59,0.116,0.599,0,0,eGFP2
4404,19:23:00,0.094,0.544,0,0,eGFP2
4405,19:23:00,0.084,0.523,0,0,eGFP2
4406,19:23:01,0.105,0.577,0,0,eGFP2
4407,19:23:02,0.083,0.489,0,0,eGFP2
4408,19:23:02,0.073,0.479,0,0,eGFP2
4409,19:23:03,0.083,0.577,0,0,eGFP2
4410,19:23:03,0.117,0.742,0,0,eGFP2
4411,19:23:04,0.129,0.733,0,0,eGFP2
4412,19:23:06,0.127,2.333,0,0,eGFP2
4413,19:23:07,0.127,0.566,0,0,eGFP2
4414,19:23:07,0.084,0.435,0,0,eGFP2
4415,19:23:08,0.085,0.524,0,0,eGFP2
4416,19:23:08,0.083,0.511,0,0,eGFP2
4417,19:23:09,0.084,0.435,0,0,eGFP2
4418,19:23:09,0.073,0.424,0,0,eGFP2
4419,19:23:10,0.085,0.469,0,0,eGFP2
4420,19:23:10,0.084,0.479,0,0,eGFP2
4421,19:23:11,0.083,0.478,0,0,eGFP2
4422,19:23:11,0.073,0.457,0,0,eGFP2
4423,19:23:12,0.084,0.545,0,0,eGFP2
4424,19:23:12,0.116,0.720,0,0,eGFP2
4425,19:23:13,0.105,0.610,0,0,eGFP2
4426,19:23:14,0.084,0.468,0,0,eGFP2
4427,19:23:14,0.085,0.458,0,0,eGFP2
4428,19:23:15,0.084,0.808,0,0,eGFP2
4429,19:23:16,0.173,0.777,0,0,eGFP2
4430,19:23:16,0.106,0.567,0,0,eGFP2
4431,19:23:17,0.095,0.655,0,0,eGFP2
4432,19:23:18,0.171,0.972,0,0,eGFP2
4433,19:23:19,0.128,0.819,0,0,eGFP2
4434,19:23:19,0.161,0.885,0,0,eGFP2
4435,19:23:23,0.134,3.756,0,0,eGFP2
4436,19:23:24,0.116,0.609,0,0,eGFP2
4437,19:23:25,0.105,0.720,0,0,eGFP2
4438,19:23:25,0.116,0.555,0,0,eGFP2
4439,19:23:26,0.072,0.522,0,0,eGFP2
4440,19:23:27,0.149,0.884,0,0,eGFP2
4441,19:23:27,0.105,0.533,0,0,eGFP2
4442,19:23:28,0.083,0.632,0,0,eGFP2
4443,19:23:29,0.337,1.500,0,0,eGFP2
4444,19:23:30,0.282,1.028,0,0,eGFP2
4445,19:23:31,0.084,0.479,0,0,eGFP2
4446,19:23:31,0.072,0.522,0,0,eGFP2
4447,19:23:32,0.105,0.632,0,0,eGFP2
4448,19:23:32,0.083,0.489,0,0,eGFP2
4449,19:23:35,0.149,2.486,0,0,eGFP2
4450,19:23:36,0.149,0.797,0,0,eGFP2
4451,19:23:36,0.094,0.522,0,0,eGFP2
4452,19:23:37,0.085,0.458,0,0,eGFP2
4453,19:23:37,0.061,0.402,0,0,eGFP2
4454,19:23:38,0.083,0.511,0,0,eGFP2
4455,19:23:38,0.083,0.467,0,0,eGFP2
4456,19:23:38,0.066,0.516,0,0,eGFP2
4457,19:23:39,0.116,0.654,0,0,eGFP2
4458,19:23:40,0.116,0.577,0,0,eGFP2
4459,19:23:40,0.094,0.490,0,0,eGFP2
4460,19:23:41,0.073,0.501,0,0,eGFP2
4461,19:23:41,0.095,0.512,0,0,eGFP2
4462,19:23:42,0.083,0.511,0,0,eGFP2
4463,19:23:42,0.072,0.413,0,0,eGFP2
4464,19:23:43,0.061,0.456,0,0,eGFP2
4465,19:23:44,0.149,1.356,0,0,eGFP2
4466,19:23:45,0.117,0.610,0,0,eGFP2
4467,19:23:45,0.095,0.512,0,0,eGFP2
4468,19:23:45,0.074,0.403,0,0,eGFP2
4469,19:23:46,0.061,0.446,0,0,eGFP2
4470,19:23:47,0.117,0.864,0,0,eGFP2
4471,19:23:47,0.094,0.489,0,0,eGFP2
4472,19:23:48,0.084,0.446,0,0,eGFP2
4473,19:23:48,0.083,0.621,0,0,eGFP2
4474,19:23:49,0.106,0.523,0,0,eGFP2
4475,19:23:49,0.094,0.566,0,0,eGFP2
4476,19:23:50,0.084,0.501,0,0,eGFP2
4477,19:23:50,0.074,0.469,0,0,eGFP2
4478,19:23:51,0.084,0.533,0,0,eGFP2
4479,19:23:51,0.095,0.479,0,0,eGFP2
4480,19:23:52,0.073,0.490,0,0,eGFP2
4481,19:23:52,0.094,0.566,0,0,eGFP2
4482,19:23:53,0.117,0.622,0,0,eGFP2
4483,19:23:54,0.083,0.445,0,0,eGFP2
4484,19:23:54,0.064,0.492,0,0,eGFP2
4485,19:23:55,0.107,0.776,0,0,eGFP2
4486,19:23:55,0.106,0.567,0,0,eGFP2
4487,19:23:56,0.095,0.610,0,0,eGFP2
4488,19:23:57,0.117,0.600,0,0,eGFP2
4489,19:23:57,0.084,0.479,0,0,eGFP2
4490,19:23:58,0.105,0.731,0,0,eGFP2
4491,19:23:58,0.095,0.577,0,0,eGFP2
4492,19:23:59,0.084,0.490,0,0,eGFP2
4493,19:23:59,0.097,0.547,0,0,eGFP2
4494,19:24:00,0.094,0.522,0,0,eGFP2
4495,19:24:00,0.084,0.501,0,0,eGFP2
4496,19:24:01,0.106,0.720,0,0,eGFP2
4497,19:24:02,0.117,0.644,0,0,eGFP2
4498,19:24:02,0.112,0.617,0,0,eGFP2
4499,19:24:03,0.094,0.544,0,0,eGFP2
4500,19:24:03,0.083,0.467,0,0,eGFP2
4501,19:24:04,0.083,0.511,0,0,eGFP2
4502,19:24:05,0.104,0.653,0,0,eGFP2
4503,19:24:05,0.105,0.588,0,0,eGFP2
4504,19:24:06,0.094,0.533,0,0,eGFP2
4505,19:24:06,0.094,0.621,0,0,eGFP2
4506,19:24:07,0.127,0.741,0,0,eGFP2
4507,19:24:08,0.127,0.698,0,0,eGFP2
4508,19:24:08,0.094,0.566,0,0,eGFP2
4509,19:24:11,0.116,2.640,0,0,eGFP2
4510,19:24:12,0.107,0.535,0,0,eGFP2
4511,19:24:12,0.095,0.490,0,0,eGFP2
4512,19:24:12,0.073,0.425,0,0,eGFP2
4513,19:24:13,0.061,0.402,0,0,eGFP2
4514,19:24:13,0.072,0.500,0,0,eGFP2
4515,19:24:14,0.116,0.599,0,0,eGFP2
4516,19:24:14,0.083,0.456,0,0,eGFP2
4517,19:24:15,0.073,0.435,0,0,eGFP2
4518,19:24:16,0.085,0.743,0,0,eGFP2
4519,19:24:16,0.171,0.786,0,0,eGFP2
4520,19:24:17,0.094,0.522,0,0,eGFP2
4521,19:24:17,0.073,0.468,0,0,eGFP2
4522,19:24:18,0.083,0.610,0,0,eGFP2
4523,19:24:19,0.105,0.588,0,0,eGFP2
4524,19:24:19,0.094,0.544,0,0,eGFP2
4525,19:24:20,0.073,0.446,0,0,eGFP2
4526,19:24:20,0.087,0.613,0,0,eGFP2
4527,19:24:21,0.172,0.885,0,0,eGFP2
4528,19:24:22,0.094,0.566,0,0,eGFP2
4529,19:24:22,0.117,0.600,0,0,eGFP2
4530,19:24:23,0.083,0.489,0,0,eGFP2
4531,19:24:24,0.084,1.357,0,0,eGFP2
4532,19:24:25,0.193,1.060,0,0,eGFP2
4533,19:24:26,0.105,0.522,0,0,eGFP2
4534,19:24:26,0.084,0.468,0,0,eGFP2
4535,19:24:27,0.085,0.436,0,0,eGFP2
4536,19:24:27,0.073,0.468,0,0,eGFP2
4537,19:24:28,0.095,0.600,0,0,eGFP2
4538,19:24:28,0.094,0.522,0,0,eGFP2
4539,19:24:29,0.096,0.579,0,0,eGFP2
4540,19:24:29,0.106,0.523,0,0,eGFP2
4541,19:24:30,0.083,0.500,0,0,eGFP2
4542,19:24:30,0.095,0.677,0,0,eGFP2
4543,19:24:31,0.118,0.601,0,0,eGFP2
4544,19:24:32,0.116,0.775,0,0,eGFP2
4545,19:24:32,0.105,0.610,0,0,eGFP2
4546,19:24:33,0.106,0.644,0,0,eGFP2
4547,19:24:34,0.105,0.533,0,0,eGFP2
4548,19:24:34,0.095,0.611,0,0,eGFP2
4549,19:24:35,0.138,0.775,0,0,eGFP2
4550,19:24:36,0.116,0.665,0,0,eGFP2
4551,19:24:36,0.108,0.557,0,0,eGFP2
4552,19:24:37,0.084,0.501,0,0,eGFP2
4553,19:24:37,0.097,0.744,0,0,eGFP2
4554,19:24:38,0.117,0.633,0,0,eGFP2
4555,19:24:39,0.094,0.555,0,0,eGFP2
4556,19:24:39,0.095,0.523,0,0,eGFP2
4557,19:24:40,0.095,0.611,0,0,eGFP2
4558,19:24:40,0.127,0.665,0,0,eGFP2
4559,19:24:41,0.097,0.536,0,0,eGFP2
4560,19:24:42,0.095,0.599,0,0,eGFP2
4561,19:24:42,0.115,0.587,0,0,eGFP2
4562,19:24:43,0.105,0.631,0,0,eGFP2
4563,19:24:43,0.117,0.742,0,0,eGFP2
4564,19:24:44,0.116,0.687,0,0,eGFP2
4565,19:24:45,0.116,0.697,0,0,eGFP2
4566,19:24:45,0.095,0.523,0,0,eGFP2
4567,19:24:46,0.095,0.699,0,0,eGFP2
4568,19:24:47,0.139,0.721,0,0,eGFP2
4569,19:24:47,0.116,0.676,0,0,eGFP2
4570,19:24:48,0.116,0.643,0,0,eGFP2
4571,19:24:49,0.105,0.577,0,0,eGFP2
4572,19:24:49,0.083,0.544,0,0,eGFP2
4573,19:24:50,0.105,0.797,0,0,eGFP2
4574,19:24:51,0.116,0.676,0,0,eGFP2
4575,19:24:51,0.116,0.708,0,0,eGFP2
4576,19:24:52,0.118,0.634,0,0,eGFP2
4577,19:24:53,0.105,0.654,0,0,eGFP2
4578,19:24:53,0.105,0.654,0,0,eGFP2
4579,19:24:54,0.149,0.808,0,0,eGFP2
4580,19:24:55,0.105,0.610,0,0,eGFP2
4581,19:24:55,0.107,0.623,0,0,eGFP2
4582,19:24:56,0.105,0.720,0,0,eGFP2
4583,19:24:57,0.149,0.752,0,0,eGFP2
4584,19:24:57,0.096,0.524,0,0,eGFP2
4585,19:24:58,0.106,0.698,0,0,eGFP2
4586,19:24:59,0.117,0.611,0,0,eGFP2
4587,19:24:59,0.105,0.731,0,0,eGFP2
4588,19:25:00,0.138,0.851,0,0,eGFP2
4589,19:25:01,0.117,0.709,0,0,eGFP2
4590,19:25:02,0.117,0.644,0,0,eGFP2
4591,19:25:02,0.116,0.698,0,0,eGFP2
4592,19:25:03,0.107,0.612,0,0,eGFP2
4593,19:25:04,0.105,0.654,0,0,eGFP2
4594,19:25:04,0.127,0.753,0,0,eGFP2
4595,19:25:05,0.107,0.634,0,0,eGFP2
4596,19:25:06,0.105,0.720,0,0,eGFP2
4597,19:25:06,0.127,0.654,0,0,eGFP2
4598,19:25:07,0.106,0.621,0,0,eGFP2
4599,19:25:08,0.106,0.655,0,0,eGFP2
4600,19:25:08,0.127,0.797,0,0,eGFP2
4601,19:25:09,0.118,0.634,0,0,eGFP2
4602,19:25:10,0.116,0.797,0,0,eGFP2
4603,19:25:11,0.171,0.961,0,0,eGFP2
4604,19:25:12,0.172,0.852,0,0,eGFP2
4605,19:25:12,0.127,0.731,0,0,eGFP2
4606,19:25:13,0.117,0.720,0,0,eGFP2
4607,19:25:14,0.128,0.633,0,0,eGFP2
4608,19:25:14,0.094,0.709,0,0,eGFP2
4609,19:25:15,0.131,0.690,0,0,eGFP2
4610,19:25:16,0.117,0.710,0,0,eGFP2
4611,19:25:17,0.138,0.852,0,0,eGFP2
4612,19:25:17,0.127,0.731,0,0,eGFP2
4613,19:25:18,0.116,0.654,0,0,eGFP2
4614,19:25:19,0.139,0.841,0,0,eGFP2
4615,19:25:20,0.117,0.655,0,0,eGFP2
4616,19:25:20,0.127,0.797,0,0,eGFP2
4617,19:25:21,0.118,0.787,0,0,eGFP2
4618,19:25:22,0.150,0.863,0,0,eGFP2
4619,19:25:23,0.161,0.874,0,0,eGFP2
4620,19:25:24,0.128,0.677,0,0,eGFP2
4621,19:25:24,0.095,0.501,0,0,eGFP2
4622,19:25:25,0.085,0.513,0,0,eGFP2
4623,19:25:25,0.117,0.732,0,0,eGFP2
4624,19:25:26,0.111,0.616,0,0,eGFP2
4625,19:25:27,0.095,0.578,0,0,eGFP2
4626,19:25:27,0.127,0.775,0,0,eGFP2
4627,19:25:28,0.116,0.687,0,0,eGFP2
4628,19:25:29,0.116,0.653,0,0,eGFP2
4629,19:25:30,0.138,0.863,0,0,eGFP2
4630,19:25:30,0.127,0.654,0,0,eGFP2
4631,19:25:31,0.105,0.631,0,0,eGFP2
4632,19:25:31,0.095,0.599,0,0,eGFP2
4633,19:25:32,0.106,0.775,0,0,eGFP2
4634,19:25:33,0.151,0.765,0,0,eGFP2
4635,19:25:34,0.149,0.797,0,0,eGFP2
4636,19:25:34,0.118,0.644,0,0,eGFP2
4637,19:25:35,0.105,0.621,0,0,eGFP2
4638,19:25:36,0.127,0.775,0,0,eGFP2
4639,19:25:37,0.138,0.753,0,0,eGFP2
4640,19:25:37,0.127,0.643,0,0,eGFP2
4641,19:25:38,0.116,0.785,0,0,eGFP2
4642,19:25:39,0.140,0.722,0,0,eGFP2
4643,19:25:39,0.094,0.599,0,0,eGFP2
4644,19:25:40,0.094,0.610,0,0,eGFP2
4645,19:25:41,0.127,0.840,0,0,eGFP2
4646,19:25:42,0.139,0.841,0,0,eGFP2
4647,19:25:43,0.182,1.027,0,0,eGFP2
4648,19:25:43,0.138,0.687,0,0,eGFP2
4649,19:25:44,0.127,0.731,0,0,eGFP2
4650,19:25:45,0.130,0.723,0,0,eGFP2
4651,19:25:45,0.116,0.588,0,0,eGFP2
4652,19:25:46,0.106,0.731,0,0,eGFP2
4653,19:25:47,0.138,0.731,0,0,eGFP2
4654,19:25:47,0.116,0.621,0,0,eGFP2
4655,19:25:48,0.117,0.874,0,0,eGFP2
4656,19:25:49,0.149,0.742,0,0,eGFP2
4657,19:25:50,0.094,0.577,0,0,eGFP2
4658,19:25:50,0.107,0.711,0,0,eGFP2
4659,19:25:51,0.138,0.774,0,0,eGFP2
4660,19:25:52,0.117,0.633,0,0,eGFP2
4661,19:25:52,0.105,0.665,0,0,eGFP2
4662,19:25:53,0.105,0.577,0,0,eGFP2
4663,19:25:54,0.095,0.632,0,0,eGFP2
4664,19:25:54,0.162,0.799,0,0,eGFP2
4665,19:25:55,0.106,0.709,0,0,eGFP2
4666,19:25:56,0.149,0.775,0,0,eGFP2
4667,19:25:57,0.107,0.711,0,0,eGFP2
4668,19:25:57,0.138,0.786,0,0,eGFP2
4669,19:25:58,0.127,0.676,0,0,eGFP2
4670,19:25:59,0.095,0.566,0,0,eGFP2
4671,19:25:59,0.117,0.841,0,0,eGFP2
4672,19:26:00,0.139,0.688,0,0,eGFP2
4673,19:26:01,0.094,0.577,0,0,eGFP2
4674,19:26:01,0.106,0.654,0,0,eGFP2
4675,19:26:02,0.130,0.766,0,0,eGFP2
4676,19:26:04,0.128,1.971,0,0,eGFP2
4677,19:26:05,0.523,1.138,0,0,eGFP2
4678,19:26:06,0.096,0.524,0,0,eGFP2
4679,19:26:06,0.084,0.534,0,0,eGFP2
4680,19:26:07,0.116,0.555,0,0,eGFP2
4681,19:26:07,0.084,0.490,0,0,eGFP2
4682,19:26:08,0.095,0.709,0,0,eGFP2
4683,19:26:09,0.130,0.635,0,0,eGFP2
4684,19:26:09,0.094,0.566,0,0,eGFP2
4685,19:26:10,0.106,0.786,0,0,eGFP2
4686,19:26:11,0.150,0.830,0,0,eGFP2
4687,19:26:12,0.139,0.841,0,0,eGFP2
4688,19:26:12,0.133,0.736,0,0,eGFP2
4689,19:26:13,0.117,0.731,0,0,eGFP2
4690,19:26:14,0.138,0.742,0,0,eGFP2
4691,19:26:15,0.106,0.699,0,0,eGFP2
4692,19:26:15,0.128,0.655,0,0,eGFP2
4693,19:26:16,0.094,0.621,0,0,eGFP2
4694,19:26:17,0.127,0.752,0,0,eGFP2
4695,19:26:17,0.117,0.599,0,0,eGFP2
4696,19:26:18,0.106,0.687,0,0,eGFP2
4697,19:26:19,0.116,0.643,0,0,eGFP2
4698,19:26:19,0.116,0.786,0,0,eGFP2
4699,19:26:20,0.138,0.741,0,0,eGFP2
4700,19:26:21,0.140,0.864,0,0,eGFP2
4701,19:26:22,0.149,0.917,0,0,eGFP2
4702,19:26:23,0.193,0.929,0,0,eGFP2
4703,19:26:24,0.127,0.752,0,0,eGFP2
4704,19:26:24,0.116,0.654,0,0,eGFP2
4705,19:26:25,0.119,0.690,0,0,eGFP2
4706,19:26:26,0.116,0.796,0,0,eGFP2
4707,19:26:26,0.116,0.709,0,0,eGFP2
4708,19:26:27,0.118,0.601,0,0,eGFP2
4709,19:26:28,0.083,0.489,0,0,eGFP2
4710,19:26:28,0.083,0.621,0,0,eGFP2
4711,19:26:29,0.138,0.797,0,0,eGFP2
4712,19:26:30,0.105,0.720,0,0,eGFP2
4713,19:26:31,0.160,0.950,0,0,eGFP2
4714,19:26:31,0.138,0.753,0,0,eGFP2
4715,19:26:32,0.138,0.675,0,0,eGFP2
4716,19:26:33,0.096,0.524,0,0,eGFP2
4717,19:26:33,0.095,0.523,0,0,eGFP2
4718,19:26:34,0.105,0.665,0,0,eGFP2
4719,19:26:35,0.118,0.776,0,0,eGFP2
4720,19:26:35,0.117,0.632,0,0,eGFP2
4721,19:26:36,0.106,0.687,0,0,eGFP2
4722,19:26:37,0.106,0.709,0,0,eGFP2
4723,19:26:37,0.117,0.600,0,0,eGFP2
4724,19:26:38,0.096,0.590,0,0,eGFP2
4725,19:26:39,0.138,0.807,0,0,eGFP2
4726,19:26:39,0.106,0.621,0,0,eGFP2
4727,19:26:41,0.139,1.357,0,0,eGFP2
4728,19:26:42,0.292,1.049,0,0,eGFP2
4729,19:26:42,0.128,0.698,0,0,eGFP2
4730,19:26:43,0.095,0.589,0,0,eGFP2
4731,19:26:43,0.094,0.555,0,0,eGFP2
4732,19:26:44,0.084,0.501,0,0,eGFP2
4733,19:26:45,0.098,0.701,0,0,eGFP2
4734,19:26:45,0.139,0.676,0,0,eGFP2
4735,19:26:46,0.095,0.534,0,0,eGFP2
4736,19:26:46,0.094,0.621,0,0,eGFP2
4737,19:26:47,0.128,0.731,0,0,eGFP2
4738,19:26:48,0.106,0.688,0,0,eGFP2
4739,19:26:48,0.105,0.599,0,0,eGFP2
4740,19:26:49,0.117,0.830,0,0,eGFP2
4741,19:26:50,0.173,0.886,0,0,eGFP2
4742,19:26:51,0.139,0.720,0,0,eGFP2
4743,19:26:52,0.106,0.743,0,0,eGFP2
4744,19:26:52,0.127,0.764,0,0,eGFP2
4745,19:26:53,0.138,0.895,0,0,eGFP2
4746,19:26:54,0.227,1.039,0,0,eGFP2
4747,19:26:55,0.118,0.711,0,0,eGFP2
4748,19:26:56,0.105,0.599,0,0,eGFP2
4749,19:26:56,0.097,0.624,0,0,eGFP2
4750,19:26:57,0.116,0.643,0,0,eGFP2
4751,19:26:57,0.089,0.473,0,0,eGFP2
4752,19:26:58,0.083,0.544,0,0,eGFP2
4753,19:26:59,0.127,0.687,0,0,eGFP2
4754,19:26:59,0.094,0.533,0,0,eGFP2
4755,19:27:00,0.105,0.840,0,0,eGFP2
4756,19:27:01,0.160,0.829,0,0,eGFP2
4757,19:27:02,0.116,0.698,0,0,eGFP2
4758,19:27:02,0.103,0.531,0,0,eGFP2
4759,19:27:03,0.094,0.654,0,0,eGFP2
4760,19:27:03,0.127,0.676,0,0,eGFP2
4761,19:27:04,0.084,0.479,0,0,eGFP2
4762,19:27:04,0.084,0.599,0,0,eGFP2
4763,19:27:05,0.138,0.731,0,0,eGFP2
4764,19:27:06,0.094,0.511,0,0,eGFP2
4765,19:27:06,0.094,0.720,0,0,eGFP2
4766,19:27:07,0.194,0.875,0,0,eGFP2
4767,19:27:08,0.094,0.599,0,0,eGFP2
4768,19:27:09,0.127,0.752,0,0,eGFP2
4769,19:27:09,0.106,0.698,0,0,eGFP2
4770,19:27:10,0.128,0.698,0,0,eGFP2
4771,19:27:11,0.094,0.555,0,0,eGFP2
4772,19:27:11,0.117,0.797,0,0,eGFP2
4773,19:27:12,0.138,0.676,0,0,eGFP2
4774,19:27:13,0.099,0.560,0,0,eGFP2
4775,19:27:13,0.096,0.754,0,0,eGFP2
4776,19:27:14,0.161,0.808,0,0,eGFP2
4777,19:27:15,0.116,0.753,0,0,eGFP2
4778,19:27:16,0.116,0.632,0,0,eGFP2
4779,19:27:16,0.116,0.687,0,0,eGFP2
4780,19:27:17,0.116,0.775,0,0,eGFP2
4781,19:27:18,0.127,0.731,0,0,eGFP2
4782,19:27:19,0.128,0.831,0,0,eGFP2
4783,19:27:19,0.138,0.862,0,0,eGFP2
4784,19:27:20,0.150,0.918,0,0,eGFP2
4785,19:27:21,0.127,0.687,0,0,eGFP2
4786,19:27:22,0.117,0.610,0,0,eGFP2
4787,19:27:22,0.095,0.688,0,0,eGFP2
4788,19:27:23,0.118,0.710,0,0,eGFP2
4789,19:27:24,0.106,0.698,0,0,eGFP2
4790,19:27:25,0.139,0.907,0,0,eGFP2
4791,19:27:26,0.129,0.821,0,0,eGFP2
4792,19:27:26,0.160,0.917,0,0,eGFP2
4793,19:27:27,0.161,0.951,0,0,eGFP2
4794,19:27:28,0.138,0.687,0,0,eGFP2
4795,19:27:29,0.084,0.501,0,0,eGFP2
4796,19:27:29,0.083,0.566,0,0,eGFP2
4797,19:27:30,0.139,0.786,0,0,eGFP2
4798,19:27:31,0.117,0.643,0,0,eGFP2
4799,19:27:31,0.094,0.511,0,0,eGFP2
4800,19:27:32,0.083,0.490,0,0,eGFP2
4801,19:27:32,0.083,0.533,0,0,eGFP2
4802,19:27:33,0.106,0.907,0,0,eGFP2
4803,19:27:34,0.127,0.676,0,0,eGFP2
4804,19:27:34,0.083,0.500,0,0,eGFP2
4805,19:27:35,0.094,0.764,0,0,eGFP2
4806,19:27:36,0.203,1.015,0,0,eGFP2
4807,19:27:37,0.140,0.941,0,0,eGFP2
4808,19:27:38,0.237,1.159,0,0,eGFP2
4809,19:27:39,0.138,0.785,0,0,eGFP2
4810,19:27:39,0.094,0.500,0,0,eGFP2
4811,19:27:40,0.084,0.621,0,0,eGFP2
4812,19:27:41,0.116,0.610,0,0,eGFP2
4813,19:27:41,0.094,0.522,0,0,eGFP2
4814,19:27:42,0.095,0.764,0,0,eGFP2
4815,19:27:42,0.118,0.590,0,0,eGFP2
4816,19:27:43,0.085,0.567,0,0,eGFP2
4817,19:27:44,0.106,0.621,0,0,eGFP2
4818,19:27:44,0.117,0.621,0,0,eGFP2
4819,19:27:45,0.095,0.534,0,0,eGFP2
4820,19:27:46,0.094,0.697,0,0,eGFP2
4821,19:27:46,0.139,0.764,0,0,eGFP2
4822,19:27:47,0.105,0.665,0,0,eGFP2
4823,19:27:48,0.138,1.005,0,0,eGFP2
4824,19:27:49,0.151,0.733,0,0,eGFP2
4825,19:27:49,0.116,0.752,0,0,eGFP2
4826,19:27:50,0.128,0.632,0,0,eGFP2
4827,19:27:51,0.084,0.490,0,0,eGFP2
4828,19:27:51,0.083,0.511,0,0,eGFP2
4829,19:27:52,0.106,0.764,0,0,eGFP2
4830,19:27:52,0.140,0.667,0,0,eGFP2
4831,19:27:53,0.094,0.533,0,0,eGFP2
4832,19:27:54,0.096,0.711,0,0,eGFP2
4833,19:27:54,0.138,0.730,0,0,eGFP2
4834,19:27:55,0.095,0.600,0,0,eGFP2
4835,19:27:56,0.138,0.785,0,0,eGFP2
4836,19:27:57,0.106,0.687,0,0,eGFP2
4837,19:27:57,0.117,0.688,0,0,eGFP2
4838,19:27:58,0.116,0.774,0,0,eGFP2
4839,19:27:59,0.128,0.764,0,0,eGFP2
4840,19:28:00,0.206,1.633,0,0,eGFP2
4841,19:28:01,0.149,0.720,0,0,eGFP2
4842,19:28:02,0.105,0.687,0,0,eGFP2
4843,19:28:02,0.116,0.566,0,0,eGFP2
4844,19:28:03,0.086,0.503,0,0,eGFP2
4845,19:28:04,0.105,0.698,0,0,eGFP2
4846,19:28:04,0.138,0.753,0,0,eGFP2
4847,19:28:05,0.094,0.643,0,0,eGFP2
4848,19:28:06,0.118,0.623,0,0,eGFP2
4849,19:28:06,0.084,0.545,0,0,eGFP2
4850,19:28:07,0.094,0.665,0,0,eGFP2
4851,19:28:08,0.138,0.753,0,0,eGFP2
4852,19:28:08,0.116,0.676,0,0,eGFP2
4853,19:28:09,0.106,0.654,0,0,eGFP2
4854,19:28:10,0.128,0.786,0,0,eGFP2
4855,19:28:10,0.106,0.644,0,0,eGFP2
4856,19:28:11,0.116,0.632,0,0,eGFP2
4857,19:28:11,0.097,0.525,0,0,eGFP2
4858,19:28:12,0.085,0.546,0,0,eGFP2
4859,19:28:13,0.117,0.830,0,0,eGFP2
4860,19:28:13,0.117,0.588,0,0,eGFP2
4861,19:28:14,0.084,0.479,0,0,eGFP2
4862,19:28:14,0.084,0.589,0,0,eGFP2
4863,19:28:15,0.165,0.944,0,0,eGFP2
4864,19:28:16,0.116,0.643,0,0,eGFP2
4865,19:28:17,0.106,0.622,0,0,eGFP2
4866,19:28:17,0.094,0.511,0,0,eGFP2
4867,19:28:18,0.094,0.709,0,0,eGFP2
4868,19:28:19,0.116,0.577,0,0,eGFP2
4869,19:28:19,0.094,0.522,0,0,eGFP2
4870,19:28:20,0.094,0.599,0,0,eGFP2
4871,19:28:20,0.116,0.763,0,0,eGFP2
4872,19:28:21,0.126,0.642,0,0,eGFP2
4873,19:28:22,0.117,0.754,0,0,eGFP2
4874,19:28:22,0.127,0.620,0,0,eGFP2
4875,19:28:23,0.095,0.577,0,0,eGFP2
4876,19:28:24,0.171,1.368,0,0,eGFP2
4877,19:28:25,0.182,0.917,0,0,eGFP2
4878,19:28:26,0.160,0.752,0,0,eGFP2
4879,19:28:27,0.106,0.588,0,0,eGFP2
4880,19:28:27,0.106,0.643,0,0,eGFP2
4881,19:28:28,0.118,0.634,0,0,eGFP2
4882,19:28:28,0.083,0.445,0,0,eGFP2
4883,19:28:29,0.083,0.544,0,0,eGFP2
4884,19:28:30,0.127,0.830,0,0,eGFP2
4885,19:28:30,0.118,0.688,0,0,eGFP2
4886,19:28:31,0.106,0.567,0,0,eGFP2
4887,19:28:32,0.105,0.796,0,0,eGFP2
4888,19:28:33,0.139,0.797,0,0,eGFP2
4889,19:28:33,0.160,0.841,0,0,eGFP2
4890,19:28:34,0.096,0.491,0,0,eGFP2
4891,19:28:34,0.083,0.588,0,0,eGFP2
4892,19:28:35,0.138,0.731,0,0,eGFP2
4893,19:28:36,0.083,0.500,0,0,eGFP2
4894,19:28:36,0.095,0.676,0,0,eGFP2
4895,19:28:37,0.128,0.632,0,0,eGFP2
4896,19:28:38,0.095,0.600,0,0,eGFP2
4897,19:28:38,0.105,0.687,0,0,eGFP2
4898,19:28:39,0.107,0.524,0,0,eGFP2
4899,19:28:39,0.085,0.480,0,0,eGFP2
4900,19:28:40,0.084,0.545,0,0,eGFP2
4901,19:28:41,0.116,0.720,0,0,eGFP2
4902,19:28:41,0.105,0.577,0,0,eGFP2
4903,19:28:42,0.095,0.676,0,0,eGFP2
4904,19:28:42,0.128,0.676,0,0,eGFP2
4905,19:28:43,0.084,0.523,0,0,eGFP2
4906,19:28:44,0.129,0.941,0,0,eGFP2
4907,19:28:45,0.204,1.203,0,0,eGFP2
4908,19:28:47,0.325,1.444,0,0,eGFP2
4909,19:28:47,0.106,0.556,0,0,eGFP2
4910,19:28:48,0.083,0.467,0,0,eGFP2
4911,19:28:48,0.073,0.490,0,0,eGFP2
4912,19:28:49,0.094,0.731,0,0,eGFP2
4913,19:28:49,0.096,0.513,0,0,eGFP2
4914,19:28:50,0.086,0.547,0,0,eGFP2
4915,19:28:50,0.105,0.566,0,0,eGFP2
4916,19:28:51,0.073,0.435,0,0,eGFP2
4917,19:28:54,0.106,3.486,0,0,eGFP2
4918,19:28:55,0.182,0.731,0,0,eGFP2
4919,19:28:56,0.095,0.589,0,0,eGFP2
4920,19:28:56,0.094,0.533,0,0,eGFP2
4921,19:28:57,0.073,0.457,0,0,eGFP2
4922,19:28:57,0.084,0.512,0,0,eGFP2
4923,19:28:58,0.097,0.590,0,0,eGFP2
4924,19:28:58,0.084,0.435,0,0,eGFP2
4925,19:28:59,0.073,0.852,0,0,eGFP2
4926,19:29:01,0.177,1.856,0,0,eGFP2
4927,19:29:02,0.129,0.634,0,0,eGFP2
4928,19:29:02,0.105,0.653,0,0,eGFP2
4929,19:29:03,0.106,0.523,0,0,eGFP2
4930,19:29:03,0.083,0.478,0,0,eGFP2
4931,19:29:04,0.073,0.534,0,0,eGFP2
4932,19:29:04,0.116,0.577,0,0,eGFP2
4933,19:29:05,0.084,0.435,0,0,eGFP2
4934,19:29:05,0.083,0.456,0,0,eGFP2
4935,19:29:06,0.094,0.643,0,0,eGFP2
4936,19:29:07,0.138,0.709,0,0,eGFP2
4937,19:29:07,0.094,0.533,0,0,eGFP2
4938,19:29:08,0.083,0.478,0,0,eGFP2
4939,19:29:08,0.096,0.634,0,0,eGFP2
4940,19:29:09,0.094,0.533,0,0,eGFP2
4941,19:29:09,0.085,0.644,0,0,eGFP2
4942,19:29:10,0.171,0.797,0,0,eGFP2
4943,19:29:11,0.083,0.478,0,0,eGFP2
4944,19:29:11,0.105,0.654,0,0,eGFP2
4945,19:29:12,0.107,0.557,0,0,eGFP2
4946,19:29:12,0.094,0.489,0,0,eGFP2
4947,19:29:13,0.085,0.524,0,0,eGFP2
4948,19:29:14,0.105,0.643,0,0,eGFP2
4949,19:29:14,0.105,0.632,0,0,eGFP2
4950,19:29:15,0.094,0.555,0,0,eGFP2
4951,19:29:16,0.105,0.808,0,0,eGFP2
4952,19:29:16,0.149,0.764,0,0,eGFP2
4953,19:29:17,0.105,0.621,0,0,eGFP2
4954,19:29:17,0.094,0.500,0,0,eGFP2
4955,19:29:18,0.085,0.579,0,0,eGFP2
4956,19:29:19,0.140,0.842,0,0,eGFP2
4957,19:29:20,0.139,0.731,0,0,eGFP2
4958,19:29:20,0.128,0.698,0,0,eGFP2
4959,19:29:21,0.106,0.665,0,0,eGFP2
4960,19:29:22,0.117,0.610,0,0,eGFP2
4961,19:29:22,0.106,0.731,0,0,eGFP2
4962,19:29:23,0.117,0.677,0,0,eGFP2
4963,19:29:23,0.105,0.522,0,0,eGFP2
4964,19:29:24,0.085,0.480,0,0,eGFP2
4965,19:29:25,0.095,0.808,0,0,eGFP2
4966,19:29:25,0.171,0.720,0,0,eGFP2
4967,19:29:26,0.095,0.588,0,0,eGFP2
4968,19:29:27,0.086,0.470,0,0,eGFP2
4969,19:29:27,0.083,0.511,0,0,eGFP2
4970,19:29:28,0.117,0.699,0,0,eGFP2
4971,19:29:28,0.094,0.555,0,0,eGFP2
4972,19:29:29,0.118,0.656,0,0,eGFP2
4973,19:29:30,0.095,0.566,0,0,eGFP2
4974,19:29:30,0.128,0.841,0,0,eGFP2
4975,19:29:31,0.128,0.644,0,0,eGFP2
4976,19:29:32,0.116,0.731,0,0,eGFP2
4977,19:29:32,0.127,0.621,0,0,eGFP2
4978,19:29:33,0.106,0.633,0,0,eGFP2
4979,19:29:34,0.127,0.862,0,0,eGFP2
4980,19:29:35,0.174,0.854,0,0,eGFP2
4981,19:29:35,0.139,0.698,0,0,eGFP2
4982,19:29:36,0.108,0.602,0,0,eGFP2
4983,19:29:37,0.105,0.643,0,0,eGFP2
4984,19:29:37,0.106,0.654,0,0,eGFP2
4985,19:29:38,0.117,0.655,0,0,eGFP2
4986,19:29:39,0.138,1.005,0,0,eGFP2
4987,19:29:40,0.271,1.127,0,0,eGFP2
4988,19:29:41,0.127,0.654,0,0,eGFP2
4989,19:29:41,0.090,0.507,0,0,eGFP2
4990,19:29:42,0.084,0.544,0,0,eGFP2
4991,19:29:42,0.105,0.588,0,0,eGFP2
4992,19:29:43,0.083,0.544,0,0,eGFP2
4993,19:29:44,0.105,0.632,0,0,eGFP2
4994,19:29:44,0.105,0.610,0,0,eGFP2
4995,19:29:45,0.094,0.467,0,0,eGFP2
4996,19:29:45,0.074,0.524,0,0,eGFP2
4997,19:29:46,0.128,1.160,0,0,eGFP2
4998,19:29:47,0.127,0.610,0,0,eGFP2
4999,19:29:48,0.094,0.577,0,0,eGFP2
5000,19:29:48,0.094,0.489,0,0,eGFP2
5001,19:29:49,0.094,0.511,0,0,eGFP2
5002,19:29:49,0.094,0.643,0,0,eGFP2
5003,19:29:50,0.138,0.687,0,0,eGFP2
5004,19:29:50,0.094,0.533,0,0,eGFP2
5005,19:29:51,0.096,0.644,0,0,eGFP2
5006,19:29:52,0.160,0.764,0,0,eGFP2
5007,19:29:52,0.094,0.588,0,0,eGFP2
5008,19:29:53,0.116,0.654,0,0,eGFP2
5009,19:29:54,0.138,1.137,0,0,eGFP2
5010,19:29:55,0.370,1.193,0,0,eGFP2
5011,19:29:56,0.127,0.852,0,0,eGFP2
5012,19:29:57,0.127,0.610,0,0,eGFP2
5013,19:29:57,0.083,0.500,0,0,eGFP2
5014,19:29:58,0.093,0.576,0,0,eGFP2
5015,19:29:59,0.138,0.730,0,0,eGFP2
5016,19:29:59,0.095,0.490,0,0,eGFP2
5017,19:30:00,0.072,0.478,0,0,eGFP2
5018,19:30:00,0.095,0.512,0,0,eGFP2
5019,19:30:01,0.083,0.511,0,0,eGFP2
5020,19:30:01,0.094,0.643,0,0,eGFP2
5021,19:30:02,0.138,1.027,0,0,eGFP2
5022,19:30:03,0.173,0.919,0,0,eGFP2
5023,19:30:04,0.171,0.940,0,0,eGFP2
5024,19:30:05,0.151,0.710,0,0,eGFP2
5025,19:30:06,0.106,0.643,0,0,eGFP2
5026,19:30:06,0.106,0.633,0,0,eGFP2
5027,19:30:07,0.083,0.522,0,0,eGFP2
5028,19:30:07,0.215,0.424,0,0,eGFP2
5029,19:30:09,0.390,1.444,0,0,eGFP2
5030,19:30:09,0.151,0.711,0,0,eGFP2
5031,19:30:10,0.094,0.610,0,0,eGFP2
5032,19:30:10,0.084,0.457,0,0,eGFP2
5033,19:30:12,0.094,1.324,0,0,eGFP2
5034,19:30:13,0.259,1.159,0,0,eGFP2
5035,19:30:14,0.182,0.862,0,0,eGFP2
5036,19:30:14,0.128,0.732,0,0,eGFP2
5037,19:30:15,0.083,0.489,0,0,eGFP2
5038,19:30:15,0.077,0.516,0,0,eGFP2
5039,19:30:16,0.094,0.599,0,0,eGFP2
5040,19:30:17,0.117,0.599,0,0,eGFP2
5041,19:30:17,0.095,0.479,0,0,eGFP2
5042,19:30:18,0.073,0.490,0,0,eGFP2
5043,19:30:18,0.116,0.665,0,0,eGFP2
5044,19:30:19,0.095,0.567,0,0,eGFP2
5045,19:30:19,0.094,0.599,0,0,eGFP2
5046,19:30:20,0.084,0.457,0,0,eGFP2
5047,19:30:20,0.085,0.480,0,0,eGFP2
5048,19:30:21,0.095,0.578,0,0,eGFP2
5049,19:30:22,0.128,0.775,0,0,eGFP2
5050,19:30:22,0.106,0.633,0,0,eGFP2
5051,19:30:23,0.107,0.667,0,0,eGFP2
5052,19:30:24,0.112,0.627,0,0,eGFP2
5053,19:30:24,0.116,0.687,0,0,eGFP2
5054,19:30:25,0.116,0.753,0,0,eGFP2
5055,19:30:26,0.106,0.622,0,0,eGFP2
5056,19:30:26,0.105,0.588,0,0,eGFP2
5057,19:30:27,0.105,0.676,0,0,eGFP2
5058,19:30:28,0.116,0.741,0,0,eGFP2
5059,19:30:28,0.116,0.610,0,0,eGFP2
5060,19:30:29,0.094,0.555,0,0,eGFP2
5061,19:30:30,0.127,0.764,0,0,eGFP2
5062,19:30:30,0.116,0.599,0,0,eGFP2
5063,19:30:31,0.085,0.666,0,0,eGFP2
5064,19:30:32,0.139,0.731,0,0,eGFP2
5065,19:30:32,0.107,0.645,0,0,eGFP2
5066,19:30:33,0.116,0.632,0,0,eGFP2
5067,19:30:33,0.094,0.544,0,0,eGFP2
5068,19:30:34,0.105,0.643,0,0,eGFP2
5069,19:30:35,0.116,0.698,0,0,eGFP2
5070,19:30:35,0.105,0.544,0,0,eGFP2
5071,19:30:36,0.085,0.480,0,0,eGFP2
5072,19:30:36,0.084,0.578,0,0,eGFP2
5073,19:30:37,0.149,1.104,0,0,eGFP2
5074,19:30:38,0.204,0.829,0,0,eGFP2
5075,19:30:39,0.095,0.578,0,0,eGFP2
5076,19:30:39,0.116,0.577,0,0,eGFP2
5077,19:30:40,0.083,0.445,0,0,eGFP2
5078,19:30:40,0.073,0.479,0,0,eGFP2
5079,19:30:41,0.096,0.963,0,0,eGFP2
5080,19:30:42,0.162,0.744,0,0,eGFP2
5081,19:30:43,0.127,0.665,0,0,eGFP2
5082,19:30:43,0.094,0.522,0,0,eGFP2
5083,19:30:44,0.084,0.512,0,0,eGFP2
5084,19:30:44,0.094,0.610,0,0,eGFP2
5085,19:30:45,0.095,0.512,0,0,eGFP2
5086,19:30:45,0.072,0.445,0,0,eGFP2
5087,19:30:46,0.084,0.611,0,0,eGFP2
5088,19:30:47,0.140,0.700,0,0,eGFP2
5089,19:30:47,0.094,0.555,0,0,eGFP2
5090,19:30:48,0.095,0.512,0,0,eGFP2
5091,19:30:49,0.094,0.807,0,0,eGFP2
5092,19:30:49,0.183,0.797,0,0,eGFP2
5093,19:30:50,0.119,0.645,0,0,eGFP2
5094,19:30:51,0.106,0.644,0,0,eGFP2
5095,19:30:51,0.105,0.533,0,0,eGFP2
5096,19:30:52,0.086,0.623,0,0,eGFP2
5097,19:30:52,0.139,0.644,0,0,eGFP2
5098,19:30:53,0.083,0.478,0,0,eGFP2
5099,19:30:54,0.095,0.743,0,0,eGFP2
5100,19:30:55,0.237,1.444,0,0,eGFP2
5101,19:30:56,0.106,0.523,0,0,eGFP2
5102,19:30:56,0.083,0.479,0,0,eGFP2
5103,19:30:57,0.083,0.632,0,0,eGFP2
5104,19:30:57,0.118,0.557,0,0,eGFP2
5105,19:30:58,0.073,0.435,0,0,eGFP2
5106,19:30:58,0.073,0.644,0,0,eGFP2
5107,19:30:59,0.118,0.601,0,0,eGFP2
5108,19:31:00,0.084,0.578,0,0,eGFP2
5109,19:31:00,0.116,0.698,0,0,eGFP2
5110,19:31:01,0.095,0.600,0,0,eGFP2
5111,19:31:01,0.083,0.479,0,0,eGFP2
5112,19:31:02,0.083,0.489,0,0,eGFP2
5113,19:31:03,0.108,0.766,0,0,eGFP2
5114,19:31:03,0.128,0.721,0,0,eGFP2
5115,19:31:04,0.106,0.578,0,0,eGFP2
5116,19:31:05,0.099,0.637,0,0,eGFP2
5117,19:31:05,0.160,0.972,0,0,eGFP2
5118,19:31:06,0.127,0.566,0,0,eGFP2
5119,19:31:06,0.083,0.456,0,0,eGFP2
5120,19:31:07,0.073,0.534,0,0,eGFP2
5121,19:31:08,0.119,0.821,0,0,eGFP2
5122,19:31:08,0.116,0.599,0,0,eGFP2
5123,19:31:09,0.083,0.468,0,0,eGFP2
5124,19:31:09,0.083,0.522,0,0,eGFP2
5125,19:31:10,0.116,0.840,0,0,eGFP2
5126,19:31:11,0.105,0.621,0,0,eGFP2
5127,19:31:11,0.083,0.489,0,0,eGFP2
5128,19:31:12,0.084,0.457,0,0,eGFP2
5129,19:31:12,0.074,0.480,0,0,eGFP2
5130,19:31:13,0.105,0.719,0,0,eGFP2
5131,19:31:14,0.150,0.731,0,0,eGFP2
5132,19:31:14,0.083,0.588,0,0,eGFP2
5133,19:31:15,0.117,0.731,0,0,eGFP2
5134,19:31:16,0.118,0.623,0,0,eGFP2
5135,19:31:16,0.094,0.522,0,0,eGFP2
5136,19:31:17,0.083,0.522,0,0,eGFP2
5137,19:31:18,0.107,0.908,0,0,eGFP2
5138,19:31:19,0.347,1.774,0,0,eGFP2
5139,19:31:20,0.138,0.742,0,0,eGFP2
5140,19:31:21,0.105,0.577,0,0,eGFP2
5141,19:31:21,0.094,0.522,0,0,eGFP2
5142,19:31:22,0.084,0.468,0,0,eGFP2
5143,19:31:22,0.083,0.588,0,0,eGFP2
5144,19:31:23,0.149,0.840,0,0,eGFP2
5145,19:31:24,0.117,0.556,0,0,eGFP2
5146,19:31:24,0.085,0.513,0,0,eGFP2
5147,19:31:25,0.105,0.906,0,0,eGFP2
5148,19:31:26,0.195,0.854,0,0,eGFP2
5149,19:31:27,0.105,0.533,0,0,eGFP2
5150,19:31:27,0.084,0.501,0,0,eGFP2
5151,19:31:28,0.105,0.698,0,0,eGFP2
5152,19:31:28,0.105,0.566,0,0,eGFP2
5153,19:31:29,0.073,0.457,0,0,eGFP2
5154,19:31:29,0.085,0.491,0,0,eGFP2
5155,19:31:30,0.095,0.588,0,0,eGFP2
5156,19:31:31,0.117,0.666,0,0,eGFP2
5157,19:31:31,0.105,0.533,0,0,eGFP2
5158,19:31:32,0.084,0.567,0,0,eGFP2
5159,19:31:32,0.116,0.654,0,0,eGFP2
5160,19:31:33,0.105,0.533,0,0,eGFP2
5161,19:31:33,0.095,0.556,0,0,eGFP2
5162,19:31:35,0.131,1.195,0,0,eGFP2
5163,19:31:36,0.380,1.137,0,0,eGFP2
5164,19:31:38,0.117,2.125,0,0,eGFP2
5165,19:31:38,0.106,0.688,0,0,eGFP2
5166,19:31:39,0.160,0.797,0,0,eGFP2
5167,19:31:40,0.094,0.478,0,0,eGFP2
5168,19:31:40,0.084,0.468,0,0,eGFP2
5169,19:31:41,0.095,0.731,0,0,eGFP2
5170,19:31:41,0.108,0.514,0,0,eGFP2
5171,19:31:42,0.084,0.435,0,0,eGFP2
5172,19:31:42,0.083,0.489,0,0,eGFP2
5173,19:31:43,0.095,0.523,0,0,eGFP2
5174,19:31:43,0.084,0.534,0,0,eGFP2
5175,19:31:44,0.084,0.468,0,0,eGFP2
5176,19:31:44,0.074,0.426,0,0,eGFP2
5177,19:31:45,0.083,0.599,0,0,eGFP2
5178,19:31:46,0.128,0.709,0,0,eGFP2
5179,19:31:46,0.091,0.519,0,0,eGFP2
5180,19:31:47,0.094,0.621,0,0,eGFP2
5181,19:31:47,0.094,0.522,0,0,eGFP2
5182,19:31:51,0.105,3.243,0,0,eGFP2
5183,19:31:52,0.160,1.323,0,0,eGFP2
5184,19:31:53,0.149,0.731,0,0,eGFP2
5185,19:31:53,0.105,0.566,0,0,eGFP2
5186,19:31:54,0.083,0.456,0,0,eGFP2
5187,19:31:54,0.074,0.513,0,0,eGFP2
5188,19:31:55,0.116,0.621,0,0,eGFP2
5189,19:31:55,0.094,0.478,0,0,eGFP2
5190,19:31:56,0.074,0.458,0,0,eGFP2
5191,19:31:56,0.083,0.687,0,0,eGFP2
5192,19:31:57,0.105,0.555,0,0,eGFP2
5193,19:31:57,0.072,0.467,0,0,eGFP2
5194,19:31:58,0.083,0.632,0,0,eGFP2
5195,19:31:59,0.129,0.765,0,0,eGFP2
5196,19:31:59,0.117,0.621,0,0,eGFP2
5197,19:32:00,0.106,0.588,0,0,eGFP2
5198,19:32:01,0.095,0.512,0,0,eGFP2
5199,19:32:01,0.083,0.533,0,0,eGFP2
5200,19:32:02,0.105,0.599,0,0,eGFP2
5201,19:32:02,0.105,0.599,0,0,eGFP2
5202,19:32:03,0.116,0.654,0,0,eGFP2
5203,19:32:04,0.129,0.765,0,0,eGFP2
5204,19:32:04,0.107,0.557,0,0,eGFP2
5205,19:32:05,0.084,0.567,0,0,eGFP2
5206,19:32:05,0.127,0.643,0,0,eGFP2
5207,19:32:06,0.094,0.555,0,0,eGFP2
5208,19:32:07,0.105,0.709,0,0,eGFP2
5209,19:32:07,0.138,0.753,0,0,eGFP2
5210,19:32:08,0.094,0.566,0,0,eGFP2
5211,19:32:09,0.105,0.731,0,0,eGFP2
5212,19:32:09,0.140,0.699,0,0,eGFP2
5213,19:32:10,0.106,0.578,0,0,eGFP2
5214,19:32:11,0.105,0.654,0,0,eGFP2
5215,19:32:11,0.138,0.775,0,0,eGFP2
5216,19:32:15,0.105,3.090,0,0,eGFP2
5217,19:32:15,0.129,0.612,0,0,eGFP2
5218,19:32:16,0.094,0.544,0,0,eGFP2
5219,19:32:16,0.084,0.479,0,0,eGFP2
5220,19:32:17,0.074,0.524,0,0,eGFP2
5221,19:32:17,0.116,0.654,0,0,eGFP2
5222,19:32:18,0.084,0.512,0,0,eGFP2
5223,19:32:18,0.072,0.445,0,0,eGFP2
5224,19:32:19,0.073,0.512,0,0,eGFP2
5225,19:32:20,0.117,0.753,0,0,eGFP2
5226,19:32:20,0.128,0.665,0,0,eGFP2
5227,19:32:21,0.073,0.435,0,0,eGFP2
5228,19:32:21,0.074,0.524,0,0,eGFP2
5229,19:32:22,0.139,0.874,0,0,eGFP2
5230,19:32:23,0.117,0.556,0,0,eGFP2
5231,19:32:23,0.085,0.469,0,0,eGFP2
5232,19:32:24,0.084,0.523,0,0,eGFP2
5233,19:32:24,0.116,0.698,0,0,eGFP2
5234,19:32:25,0.106,0.545,0,0,eGFP2
5235,19:32:25,0.083,0.533,0,0,eGFP2
5236,19:32:26,0.108,0.623,0,0,eGFP2
5237,19:32:27,0.084,0.457,0,0,eGFP2
5238,19:32:27,0.073,0.556,0,0,eGFP2
5239,19:32:28,0.160,0.852,0,0,eGFP2
5240,19:32:28,0.094,0.522,0,0,eGFP2
5241,19:32:29,0.073,0.490,0,0,eGFP2
5242,19:32:30,0.095,0.786,0,0,eGFP2
5243,19:32:30,0.122,0.615,0,0,eGFP2
5244,19:32:31,0.094,0.522,0,0,eGFP2
5245,19:32:31,0.087,0.613,0,0,eGFP2
5246,19:32:32,0.160,0.808,0,0,eGFP2
5247,19:32:33,0.094,0.566,0,0,eGFP2
5248,19:32:34,0.127,0.719,0,0,eGFP2
5249,19:32:34,0.094,0.522,0,0,eGFP2
5250,19:32:35,0.072,0.522,0,0,eGFP2
5251,19:32:35,0.127,0.753,0,0,eGFP2
5252,19:32:36,0.105,0.544,0,0,eGFP2
5253,19:32:36,0.096,0.524,0,0,eGFP2
5254,19:32:37,0.083,0.522,0,0,eGFP2
5255,19:32:38,0.116,0.829,0,0,eGFP2
5256,19:32:39,0.204,0.950,0,0,eGFP2
5257,19:32:39,0.094,0.555,0,0,eGFP2
5258,19:32:40,0.105,0.687,0,0,eGFP2
5259,19:32:41,0.107,0.579,0,0,eGFP2
5260,19:32:41,0.094,0.511,0,0,eGFP2
5261,19:32:42,0.096,0.732,0,0,eGFP2
5262,19:32:43,0.204,0.829,0,0,eGFP2
5263,19:32:43,0.095,0.589,0,0,eGFP2
5264,19:32:44,0.094,0.577,0,0,eGFP2
5265,19:32:44,0.116,0.599,0,0,eGFP2
5266,19:32:45,0.094,0.467,0,0,eGFP2
5267,19:32:45,0.072,0.511,0,0,eGFP2
5268,19:32:46,0.128,0.962,0,0,eGFP2
5269,19:32:47,0.116,0.632,0,0,eGFP2
5270,19:32:48,0.104,0.608,0,0,eGFP2
5271,19:32:48,0.095,0.599,0,0,eGFP2
5272,19:32:49,0.095,0.534,0,0,eGFP2
5273,19:32:49,0.096,0.710,0,0,eGFP2
5274,19:32:51,0.490,1.335,0,0,eGFP2
5275,19:32:51,0.105,0.555,0,0,eGFP2
5276,19:32:52,0.094,0.599,0,0,eGFP2
5277,19:32:53,0.139,0.775,0,0,eGFP2
5278,19:32:53,0.107,0.579,0,0,eGFP2
5279,19:32:54,0.083,0.456,0,0,eGFP2
5280,19:32:54,0.095,0.644,0,0,eGFP2
5281,19:32:55,0.171,0.873,0,0,eGFP2
5282,19:32:56,0.095,0.534,0,0,eGFP2
5283,19:32:56,0.127,0.698,0,0,eGFP2
5284,19:32:58,0.840,1.477,0,0,eGFP2
5285,19:32:59,0.105,0.610,0,0,eGFP2
5286,19:32:59,0.107,0.535,0,0,eGFP2
5287,19:33:00,0.075,0.525,0,0,eGFP2
5288,19:33:00,0.116,0.763,0,0,eGFP2
5289,19:33:01,0.106,0.589,0,0,eGFP2
5290,19:33:02,0.105,0.566,0,0,eGFP2
5291,19:33:02,0.092,0.531,0,0,eGFP2
5292,19:33:03,0.116,0.818,0,0,eGFP2
5293,19:33:03,0.116,0.533,0,0,eGFP2
5294,19:33:04,0.085,0.589,0,0,eGFP2
5295,19:33:06,0.270,1.587,0,0,eGFP2
5296,19:33:07,0.094,1.597,0,0,eGFP2
5297,19:33:08,0.204,0.874,0,0,eGFP2
5298,19:33:09,0.149,0.697,0,0,eGFP2
5299,19:33:09,0.083,0.500,0,0,eGFP2
5300,19:33:10,0.085,0.513,0,0,eGFP2
5301,19:33:10,0.116,0.588,0,0,eGFP2
5302,19:33:11,0.094,0.467,0,0,eGFP2
5303,19:33:11,0.077,0.494,0,0,eGFP2
5304,19:33:12,0.117,0.687,0,0,eGFP2
5305,19:33:13,0.094,0.522,0,0,eGFP2
5306,19:33:13,0.083,0.478,0,0,eGFP2
5307,19:33:14,0.084,0.556,0,0,eGFP2
5308,19:33:14,0.116,0.631,0,0,eGFP2
5309,19:33:15,0.084,0.512,0,0,eGFP2
5310,19:33:15,0.083,0.489,0,0,eGFP2
5311,19:33:16,0.085,0.535,0,0,eGFP2
5312,19:33:16,0.105,0.664,0,0,eGFP2
5313,19:33:17,0.106,0.567,0,0,eGFP2
5314,19:33:17,0.074,0.458,0,0,eGFP2
5315,19:33:18,0.072,0.511,0,0,eGFP2
5316,19:33:19,0.116,0.731,0,0,eGFP2
5317,19:33:19,0.094,0.621,0,0,eGFP2
5318,19:33:20,0.116,0.621,0,0,eGFP2
5319,19:33:20,0.085,0.480,0,0,eGFP2
5320,19:33:21,0.083,0.731,0,0,eGFP2
5321,19:33:22,0.182,0.873,0,0,eGFP2
5322,19:33:23,0.117,0.896,0,0,eGFP2
5323,19:33:24,0.138,0.654,0,0,eGFP2
5324,19:33:24,0.094,0.533,0,0,eGFP2
5325,19:33:25,0.084,0.501,0,0,eGFP2
5326,19:33:25,0.094,0.621,0,0,eGFP2
5327,19:33:26,0.129,0.678,0,0,eGFP2
5328,19:33:26,0.096,0.546,0,0,eGFP2
5329,19:33:27,0.083,0.457,0,0,eGFP2
5330,19:33:27,0.083,0.522,0,0,eGFP2
5331,19:33:31,0.161,3.760,0,0,eGFP2
5332,19:33:32,0.128,0.599,0,0,eGFP2
5333,19:33:32,0.084,0.457,0,0,eGFP2
5334,19:33:33,0.095,0.600,0,0,eGFP2
5335,19:33:33,0.116,0.632,0,0,eGFP2
5336,19:33:34,0.085,0.524,0,0,eGFP2
5337,19:33:34,0.095,0.523,0,0,eGFP2
5338,19:33:35,0.073,0.490,0,0,eGFP2
5339,19:33:36,0.083,0.588,0,0,eGFP2
5340,19:33:36,0.106,0.643,0,0,eGFP2
5341,19:33:37,0.117,0.611,0,0,eGFP2
5342,19:33:37,0.078,0.473,0,0,eGFP2
5343,19:33:38,0.095,0.621,0,0,eGFP2
5344,19:33:39,0.130,0.678,0,0,eGFP2
5345,19:33:39,0.095,0.501,0,0,eGFP2
5346,19:33:40,0.073,0.435,0,0,eGFP2
5347,19:33:40,0.073,0.545,0,0,eGFP2
5348,19:33:41,0.138,0.764,0,0,eGFP2
5349,19:33:41,0.094,0.522,0,0,eGFP2
5350,19:33:42,0.106,0.611,0,0,eGFP2
5351,19:33:43,0.117,0.599,0,0,eGFP2
5352,19:33:43,0.086,0.525,0,0,eGFP2
5353,19:33:44,0.122,0.890,0,0,eGFP2
5354,19:33:45,0.116,0.555,0,0,eGFP2
5355,19:33:45,0.083,0.500,0,0,eGFP2
5356,19:33:46,0.096,0.678,0,0,eGFP2
5357,19:33:46,0.105,0.555,0,0,eGFP2
5358,19:33:47,0.083,0.445,0,0,eGFP2
5359,19:33:47,0.083,0.698,0,0,eGFP2
5360,19:33:48,0.150,0.710,0,0,eGFP2
5361,19:33:49,0.083,0.621,0,0,eGFP2
5362,19:33:49,0.094,0.577,0,0,eGFP2
5363,19:33:50,0.094,0.599,0,0,eGFP2
5364,19:33:53,0.105,2.980,0,0,eGFP2
5365,19:33:53,0.150,0.610,0,0,eGFP2
5366,19:33:54,0.073,0.435,0,0,eGFP2
5367,19:33:54,0.083,0.456,0,0,eGFP2
5368,19:33:55,0.084,0.567,0,0,eGFP2
5369,19:33:55,0.095,0.523,0,0,eGFP2
5370,19:33:56,0.074,0.437,0,0,eGFP2
5371,19:33:57,0.083,0.588,0,0,eGFP2
5372,19:33:57,0.149,0.730,0,0,eGFP2
5373,19:33:58,0.095,0.490,0,0,eGFP2
5374,19:33:58,0.083,0.621,0,0,eGFP2
5375,19:33:59,0.105,0.544,0,0,eGFP2
5376,19:33:59,0.084,0.457,0,0,eGFP2
5377,19:34:00,0.085,0.601,0,0,eGFP2
5378,19:34:01,0.171,1.038,0,0,eGFP2
5379,19:34:02,0.116,0.577,0,0,eGFP2
5380,19:34:02,0.094,0.643,0,0,eGFP2
5381,19:34:03,0.095,0.512,0,0,eGFP2
5382,19:34:03,0.083,0.445,0,0,eGFP2
5383,19:34:04,0.084,0.611,0,0,eGFP2
5384,19:34:04,0.147,0.718,0,0,eGFP2
5385,19:34:05,0.085,0.469,0,0,eGFP2
5386,19:34:05,0.073,0.457,0,0,eGFP2
5387,19:34:06,0.094,0.928,0,0,eGFP2
5388,19:34:07,0.161,0.698,0,0,eGFP2
5389,19:34:08,0.095,0.644,0,0,eGFP2
5390,19:34:08,0.138,0.764,0,0,eGFP2
5391,19:34:09,0.094,0.489,0,0,eGFP2
5392,19:34:10,0.084,0.643,0,0,eGFP2
5393,19:34:10,0.141,0.623,0,0,eGFP2
5394,19:34:11,0.084,0.545,0,0,eGFP2
5395,19:34:11,0.105,0.632,0,0,eGFP2
5396,19:34:12,0.106,0.501,0,0,eGFP2
5397,19:34:12,0.074,0.480,0,0,eGFP2
5398,19:34:13,0.095,0.808,0,0,eGFP2
5399,19:34:14,0.106,0.556,0,0,eGFP2
5400,19:34:14,0.094,0.500,0,0,eGFP2
5401,19:34:15,0.084,0.490,0,0,eGFP2
5402,19:34:15,0.074,0.502,0,0,eGFP2
5403,19:34:16,0.106,0.743,0,0,eGFP2
5404,19:34:17,0.116,0.632,0,0,eGFP2
5405,19:34:17,0.106,0.578,0,0,eGFP2
5406,19:34:18,0.083,0.478,0,0,eGFP2
5407,19:34:22,0.084,4.715,0,0,eGFP2
5408,19:34:24,0.150,1.313,0,0,eGFP2
5409,19:34:24,0.128,0.633,0,0,eGFP2
5410,19:34:25,0.096,0.579,0,0,eGFP2
5411,19:34:25,0.085,0.458,0,0,eGFP2
5412,19:34:26,0.073,0.414,0,0,eGFP2
5413,19:34:26,0.072,0.522,0,0,eGFP2
5414,19:34:27,0.117,0.600,0,0,eGFP2
5415,19:34:27,0.084,0.479,0,0,eGFP2
5416,19:34:28,0.089,0.637,0,0,eGFP2
5417,19:34:29,0.105,0.501,0,0,eGFP2
5418,19:34:29,0.073,0.435,0,0,eGFP2
5419,19:34:30,0.094,0.764,0,0,eGFP2
5420,19:34:30,0.116,0.588,0,0,eGFP2
5421,19:34:31,0.094,0.544,0,0,eGFP2
5422,19:34:31,0.083,0.445,0,0,eGFP2
5423,19:34:32,0.072,0.468,0,0,eGFP2
5424,19:34:32,0.094,0.741,0,0,eGFP2
5425,19:34:33,0.118,0.557,0,0,eGFP2
5426,19:34:34,0.085,0.567,0,0,eGFP2
5427,19:34:34,0.149,0.819,0,0,eGFP2
5428,19:34:35,0.094,0.500,0,0,eGFP2
5429,19:34:36,0.105,0.610,0,0,eGFP2
5430,19:34:36,0.105,0.533,0,0,eGFP2
5431,19:34:37,0.084,0.457,0,0,eGFP2
5432,19:34:37,0.094,0.708,0,0,eGFP2
5433,19:34:38,0.150,0.676,0,0,eGFP2
5434,19:34:38,0.084,0.545,0,0,eGFP2
5435,19:34:39,0.095,0.545,0,0,eGFP2
5436,19:34:39,0.084,0.479,0,0,eGFP2
5437,19:34:40,0.083,0.665,0,0,eGFP2
5438,19:34:41,0.171,0.763,0,0,eGFP2
5439,19:34:41,0.096,0.535,0,0,eGFP2
5440,19:34:42,0.106,0.665,0,0,eGFP2
5441,19:34:43,0.117,0.621,0,0,eGFP2
5442,19:34:43,0.095,0.545,0,0,eGFP2
5443,19:34:44,0.096,0.513,0,0,eGFP2
5444,19:34:44,0.083,0.478,0,0,eGFP2
5445,19:34:47,0.106,2.509,0,0,eGFP2
5446,19:34:48,0.171,0.961,0,0,eGFP2
5447,19:34:48,0.106,0.545,0,0,eGFP2
5448,19:34:49,0.083,0.511,0,0,eGFP2
5449,19:34:49,0.084,0.512,0,0,eGFP2
5450,19:34:50,0.094,0.511,0,0,eGFP2
5451,19:34:50,0.085,0.524,0,0,eGFP2
5452,19:34:51,0.106,0.588,0,0,eGFP2
5453,19:34:51,0.086,0.525,0,0,eGFP2
5454,19:34:52,0.094,0.500,0,0,eGFP2
5455,19:34:53,0.095,0.709,0,0,eGFP2
5456,19:34:53,0.106,0.556,0,0,eGFP2
5457,19:34:54,0.072,0.456,0,0,eGFP2
5458,19:34:54,0.095,0.665,0,0,eGFP2
5459,19:34:55,0.119,0.558,0,0,eGFP2
5460,19:34:55,0.083,0.478,0,0,eGFP2
5461,19:34:56,0.106,0.797,0,0,eGFP2
5462,19:34:57,0.117,0.534,0,0,eGFP2
5463,19:34:57,0.094,0.610,0,0,eGFP2
5464,19:34:58,0.117,0.578,0,0,eGFP2
5465,19:34:58,0.094,0.522,0,0,eGFP2
5466,19:34:59,0.095,0.676,0,0,eGFP2
5467,19:35:00,0.119,0.711,0,0,eGFP2
5468,19:35:00,0.108,0.580,0,0,eGFP2
5469,19:35:01,0.094,0.533,0,0,eGFP2
5470,19:35:01,0.084,0.501,0,0,eGFP2
5471,19:35:02,0.095,0.556,0,0,eGFP2
5472,19:35:03,0.105,0.709,0,0,eGFP2
5473,19:35:03,0.106,0.588,0,0,eGFP2
5474,19:35:04,0.106,0.699,0,0,eGFP2
5475,19:35:05,0.160,0.896,0,0,eGFP2
5476,19:35:05,0.118,0.612,0,0,eGFP2
5477,19:35:06,0.084,0.490,0,0,eGFP2
5478,19:35:07,0.094,0.775,0,0,eGFP2
5479,19:35:07,0.171,0.753,0,0,eGFP2
5480,19:35:08,0.090,0.518,0,0,eGFP2
5481,19:35:09,0.105,0.687,0,0,eGFP2
5482,19:35:09,0.127,0.609,0,0,eGFP2
5483,19:35:10,0.073,0.468,0,0,eGFP2
5484,19:35:11,0.095,0.809,0,0,eGFP2
5485,19:35:11,0.160,0.730,0,0,eGFP2
5486,19:35:12,0.094,0.610,0,0,eGFP2
5487,19:35:13,0.116,0.643,0,0,eGFP2
5488,19:35:13,0.083,0.533,0,0,eGFP2
5489,19:35:14,0.105,0.676,0,0,eGFP2
5490,19:35:14,0.105,0.555,0,0,eGFP2
5491,19:35:15,0.083,0.555,0,0,eGFP2
5492,19:35:16,0.139,0.929,0,0,eGFP2
5493,19:35:16,0.128,0.610,0,0,eGFP2
5494,19:35:17,0.096,0.568,0,0,eGFP2
5495,19:35:18,0.105,0.698,0,0,eGFP2
5496,19:35:18,0.105,0.566,0,0,eGFP2
5497,19:35:19,0.105,0.796,0,0,eGFP2
5498,19:35:20,0.161,0.786,0,0,eGFP2
5499,19:35:20,0.105,0.566,0,0,eGFP2
5500,19:35:21,0.105,0.775,0,0,eGFP2
5501,19:35:22,0.118,0.557,0,0,eGFP2
5502,19:35:23,0.094,0.939,0,0,eGFP2
5503,19:35:24,0.292,0.895,0,0,eGFP2
5504,19:35:24,0.095,0.523,0,0,eGFP2
5505,19:35:25,0.072,0.533,0,0,eGFP2
5506,19:35:25,0.116,0.643,0,0,eGFP2
5507,19:35:26,0.083,0.489,0,0,eGFP2
5508,19:35:26,0.096,0.634,0,0,eGFP2
5509,19:35:27,0.107,0.623,0,0,eGFP2
5510,19:35:28,0.105,0.555,0,0,eGFP2
5511,19:35:28,0.083,0.500,0,0,eGFP2
5512,19:35:29,0.106,0.874,0,0,eGFP2
5513,19:35:30,0.149,0.665,0,0,eGFP2
5514,19:35:30,0.105,0.742,0,0,eGFP2
5515,19:35:31,0.116,0.643,0,0,eGFP2
5516,19:35:32,0.105,0.654,0,0,eGFP2
5517,19:35:32,0.129,0.711,0,0,eGFP2
5518,19:35:33,0.116,0.665,0,0,eGFP2
5519,19:35:34,0.094,0.489,0,0,eGFP2
5520,19:35:34,0.084,0.984,0,0,eGFP2
5521,19:35:35,0.237,0.928,0,0,eGFP2
5522,19:35:36,0.108,0.667,0,0,eGFP2
5523,19:35:37,0.139,0.775,0,0,eGFP2
5524,19:35:37,0.106,0.610,0,0,eGFP2
5525,19:35:38,0.106,0.545,0,0,eGFP2
5526,19:35:39,0.093,0.598,0,0,eGFP2
5527,19:35:40,0.160,0.961,0,0,eGFP2
5528,19:35:40,0.106,0.523,0,0,eGFP2
5529,19:35:41,0.084,0.479,0,0,eGFP2
5530,19:35:41,0.072,0.489,0,0,eGFP2
5531,19:35:42,0.095,0.622,0,0,eGFP2
5532,19:35:42,0.127,0.720,0,0,eGFP2
5533,19:35:43,0.094,0.511,0,0,eGFP2
5534,19:35:44,0.086,0.624,0,0,eGFP2
5535,19:35:44,0.127,0.665,0,0,eGFP2
5536,19:35:45,0.085,0.502,0,0,eGFP2
5537,19:35:45,0.084,0.720,0,0,eGFP2
5538,19:35:46,0.139,0.633,0,0,eGFP2
5539,19:35:47,0.084,0.490,0,0,eGFP2
5540,19:35:49,0.094,2.125,0,0,eGFP2
5541,19:35:49,0.116,0.632,0,0,eGFP2
5542,19:35:50,0.107,0.546,0,0,eGFP2
5543,19:35:50,0.078,0.539,0,0,eGFP2
5544,19:35:51,0.116,0.840,0,0,eGFP2
5545,19:35:52,0.094,0.489,0,0,eGFP2
5546,19:35:52,0.072,0.621,0,0,eGFP2
5547,19:35:53,0.171,0.753,0,0,eGFP2
5548,19:35:54,0.083,0.456,0,0,eGFP2
5549,19:35:54,0.083,0.544,0,0,eGFP2
5550,19:35:55,0.130,0.722,0,0,eGFP2
5551,19:35:55,0.094,0.490,0,0,eGFP2
5552,19:35:56,0.083,0.467,0,0,eGFP2
5553,19:35:56,0.083,0.522,0,0,eGFP2
5554,19:35:57,0.127,0.774,0,0,eGFP2
5555,19:35:58,0.106,0.610,0,0,eGFP2
5556,19:35:58,0.106,0.643,0,0,eGFP2
5557,19:35:59,0.105,0.522,0,0,eGFP2
5558,19:35:59,0.084,0.578,0,0,eGFP2
5559,19:36:02,0.183,2.883,0,0,eGFP2
5560,19:36:03,0.127,0.599,0,0,eGFP2
5561,19:36:03,0.105,0.566,0,0,eGFP2
5562,19:36:04,0.084,0.446,0,0,eGFP2
5563,19:36:05,0.085,0.820,0,0,eGFP2
5564,19:36:06,0.204,0.786,0,0,eGFP2
5565,19:36:06,0.083,0.533,0,0,eGFP2
5566,19:36:07,0.095,0.643,0,0,eGFP2
5567,19:36:07,0.108,0.547,0,0,eGFP2
5568,19:36:08,0.105,0.621,0,0,eGFP2
5569,19:36:08,0.105,0.533,0,0,eGFP2
5570,19:36:09,0.072,0.457,0,0,eGFP2
5571,19:36:10,0.094,0.719,0,0,eGFP2
5572,19:36:10,0.117,0.578,0,0,eGFP2
5573,19:36:11,0.094,0.500,0,0,eGFP2
5574,19:36:11,0.095,0.720,0,0,eGFP2
5575,19:36:12,0.162,0.744,0,0,eGFP2
5576,19:36:13,0.094,0.566,0,0,eGFP2
5577,19:36:13,0.107,0.711,0,0,eGFP2
5578,19:36:14,0.105,0.544,0,0,eGFP2
5579,19:36:15,0.084,0.556,0,0,eGFP2
5580,19:36:15,0.127,0.709,0,0,eGFP2
5581,19:36:16,0.095,0.490,0,0,eGFP2
5582,19:36:16,0.083,0.555,0,0,eGFP2
5583,19:36:17,0.118,0.744,0,0,eGFP2
5584,19:36:18,0.116,0.632,0,0,eGFP2
5585,19:36:18,0.084,0.534,0,0,eGFP2
5586,19:36:19,0.105,1.027,0,0,eGFP2
5587,19:36:20,0.260,1.006,0,0,eGFP2
5588,19:36:21,0.116,0.698,0,0,eGFP2
5589,19:36:21,0.106,0.588,0,0,eGFP2
5590,19:36:22,0.095,0.534,0,0,eGFP2
5591,19:36:23,0.129,0.799,0,0,eGFP2
5592,19:36:23,0.096,0.535,0,0,eGFP2
5593,19:36:24,0.095,0.589,0,0,eGFP2
5594,19:36:25,0.116,0.632,0,0,eGFP2
5595,19:36:25,0.095,0.600,0,0,eGFP2
5596,19:36:26,0.094,0.544,0,0,eGFP2
5597,19:36:26,0.106,0.699,0,0,eGFP2
5598,19:36:27,0.127,0.709,0,0,eGFP2
5599,19:36:28,0.106,0.556,0,0,eGFP2
5600,19:36:29,0.107,0.821,0,0,eGFP2
5601,19:36:29,0.149,0.687,0,0,eGFP2
5602,19:36:31,0.106,1.807,0,0,eGFP2
5603,19:36:32,0.193,0.731,0,0,eGFP2
5604,19:36:32,0.095,0.622,0,0,eGFP2
5605,19:36:33,0.129,0.612,0,0,eGFP2
5606,19:36:34,0.090,0.638,0,0,eGFP2
5607,19:36:34,0.127,0.687,0,0,eGFP2
5608,19:36:37,0.096,2.378,0,0,eGFP2
5609,19:36:37,0.171,0.676,0,0,eGFP2
5610,19:36:38,0.083,0.599,0,0,eGFP2
5611,19:36:39,0.402,1.192,0,0,eGFP2
5612,19:36:40,0.083,0.478,0,0,eGFP2
5613,19:36:40,0.083,0.588,0,0,eGFP2
5614,19:36:41,0.127,0.632,0,0,eGFP2
5615,19:36:41,0.094,0.577,0,0,eGFP2
5616,19:36:42,0.107,0.623,0,0,eGFP2
5617,19:36:43,0.083,0.533,0,0,eGFP2
5618,19:36:43,0.094,0.489,0,0,eGFP2
5619,19:36:44,0.085,0.469,0,0,eGFP2
5620,19:36:44,0.094,0.566,0,0,eGFP2
5621,19:36:45,0.094,0.544,0,0,eGFP2
5622,19:36:45,0.095,0.577,0,0,eGFP2
5623,19:36:46,0.106,0.589,0,0,eGFP2
5624,19:36:46,0.094,0.522,0,0,eGFP2
5625,19:36:47,0.085,0.677,0,0,eGFP2
5626,19:36:48,0.139,0.698,0,0,eGFP2
5627,19:36:48,0.106,0.621,0,0,eGFP2
5628,19:36:49,0.106,0.578,0,0,eGFP2
5629,19:36:50,0.105,0.665,0,0,eGFP2
5630,19:36:50,0.105,0.577,0,0,eGFP2
5631,19:36:51,0.127,0.797,0,0,eGFP2
5632,19:36:52,0.105,0.621,0,0,eGFP2
5633,19:36:52,0.108,0.635,0,0,eGFP2
5634,19:36:53,0.105,0.676,0,0,eGFP2
5635,19:36:53,0.117,0.599,0,0,eGFP2
5636,19:36:54,0.095,0.698,0,0,eGFP2
5637,19:36:55,0.161,0.786,0,0,eGFP2
5638,19:36:55,0.084,0.490,0,0,eGFP2
5639,19:36:56,0.072,0.577,0,0,eGFP2
5640,19:36:57,0.160,1.016,0,0,eGFP2
5641,19:36:58,0.118,0.667,0,0,eGFP2
5642,19:36:58,0.106,0.632,0,0,eGFP2
5643,19:36:59,0.106,0.720,0,0,eGFP2
5644,19:37:00,0.139,0.731,0,0,eGFP2
5645,19:37:00,0.095,0.490,0,0,eGFP2
5646,19:37:01,0.074,0.502,0,0,eGFP2
5647,19:37:02,0.117,0.907,0,0,eGFP2
5648,19:37:02,0.127,0.643,0,0,eGFP2
5649,19:37:03,0.085,0.459,0,0,eGFP2
5650,19:37:03,0.083,0.687,0,0,eGFP2
5651,19:37:05,0.270,1.324,0,0,eGFP2
5652,19:37:05,0.116,0.599,0,0,eGFP2
5653,19:37:06,0.095,0.490,0,0,eGFP2
5654,19:37:06,0.083,0.445,0,0,eGFP2
5655,19:37:07,0.084,0.600,0,0,eGFP2
5656,19:37:08,0.171,0.863,0,0,eGFP2
5657,19:37:08,0.094,0.566,0,0,eGFP2
5658,19:37:09,0.097,0.591,0,0,eGFP2
5659,19:37:09,0.094,0.511,0,0,eGFP2
5660,19:37:10,0.086,0.580,0,0,eGFP2
5661,19:37:11,0.127,0.819,0,0,eGFP2
5662,19:37:11,0.105,0.544,0,0,eGFP2
5663,19:37:12,0.073,0.567,0,0,eGFP2
5664,19:37:13,0.160,0.852,0,0,eGFP2
5665,19:37:13,0.095,0.566,0,0,eGFP2
5666,19:37:14,0.097,0.602,0,0,eGFP2
5667,19:37:15,0.116,0.665,0,0,eGFP2
5668,19:37:15,0.095,0.578,0,0,eGFP2
5669,19:37:16,0.117,0.665,0,0,eGFP2
5670,19:37:16,0.100,0.528,0,0,eGFP2
5671,19:37:17,0.094,0.599,0,0,eGFP2
5672,19:37:18,0.127,0.752,0,0,eGFP2
5673,19:37:18,0.116,0.555,0,0,eGFP2
5674,19:37:19,0.075,0.503,0,0,eGFP2
5675,19:37:20,0.127,0.830,0,0,eGFP2
5676,19:37:20,0.116,0.621,0,0,eGFP2
5677,19:37:21,0.116,0.741,0,0,eGFP2
5678,19:37:22,0.116,0.621,0,0,eGFP2
5679,19:37:22,0.105,0.709,0,0,eGFP2
5680,19:37:23,0.171,0.873,0,0,eGFP2
5681,19:37:24,0.105,0.544,0,0,eGFP2
5682,19:37:24,0.096,0.568,0,0,eGFP2
5683,19:37:25,0.138,0.884,0,0,eGFP2
5684,19:37:26,0.116,0.599,0,0,eGFP2
5685,19:37:27,0.116,0.775,0,0,eGFP2
5686,19:37:27,0.116,0.665,0,0,eGFP2
5687,19:37:28,0.116,0.720,0,0,eGFP2
5688,19:37:29,0.106,0.545,0,0,eGFP2
5689,19:37:31,0.095,2.388,0,0,eGFP2
5690,19:37:33,0.742,1.620,0,0,eGFP2
5691,19:37:33,0.107,0.612,0,0,eGFP2
5692,19:37:34,0.105,0.588,0,0,eGFP2
5693,19:37:34,0.083,0.533,0,0,eGFP2
5694,19:37:35,0.094,0.478,0,0,eGFP2
5695,19:37:35,0.073,0.446,0,0,eGFP2
5696,19:37:36,0.094,0.599,0,0,eGFP2
5697,19:37:37,0.116,0.720,0,0,eGFP2
5698,19:37:37,0.106,0.721,0,0,eGFP2
5699,19:37:38,0.107,0.612,0,0,eGFP2
5700,19:37:39,0.116,0.764,0,0,eGFP2
5701,19:37:39,0.105,0.687,0,0,eGFP2
5702,19:37:40,0.107,0.732,0,0,eGFP2
5703,19:37:41,0.127,0.665,0,0,eGFP2
5704,19:37:41,0.106,0.599,0,0,eGFP2
5705,19:37:42,0.106,0.600,0,0,eGFP2
5706,19:37:43,0.105,0.676,0,0,eGFP2
5707,19:37:43,0.107,0.612,0,0,eGFP2
5708,19:37:44,0.083,0.478,0,0,eGFP2
5709,19:37:44,0.084,0.545,0,0,eGFP2
5710,19:37:45,0.171,1.203,0,0,eGFP2
5711,19:37:46,0.105,0.654,0,0,eGFP2
5712,19:37:47,0.105,0.566,0,0,eGFP2
5713,19:37:47,0.084,0.501,0,0,eGFP2
5714,19:37:48,0.094,0.522,0,0,eGFP2
5715,19:37:48,0.086,0.623,0,0,eGFP2
5716,19:37:49,0.140,0.667,0,0,eGFP2
5717,19:37:49,0.095,0.556,0,0,eGFP2
5718,19:37:50,0.116,0.797,0,0,eGFP2
5719,19:37:51,0.149,0.720,0,0,eGFP2
5720,19:37:52,0.105,0.775,0,0,eGFP2
5721,19:37:53,0.171,0.939,0,0,eGFP2
5722,19:37:53,0.117,0.710,0,0,eGFP2
5723,19:37:54,0.116,0.709,0,0,eGFP2
5724,19:37:55,0.118,0.689,0,0,eGFP2
5725,19:37:56,0.116,0.764,0,0,eGFP2
5726,19:37:56,0.127,0.709,0,0,eGFP2
5727,19:37:57,0.128,0.665,0,0,eGFP2
5728,19:37:58,0.095,0.589,0,0,eGFP2
5729,19:37:58,0.129,0.799,0,0,eGFP2
5730,19:37:59,0.138,0.720,0,0,eGFP2
5731,19:38:00,0.084,0.600,0,0,eGFP2
5732,19:38:01,0.162,0.875,0,0,eGFP2
5733,19:38:01,0.122,0.693,0,0,eGFP2
5734,19:38:02,0.116,0.697,0,0,eGFP2
5735,19:38:03,0.116,0.731,0,0,eGFP2
5736,19:38:03,0.127,0.708,0,0,eGFP2
5737,19:38:04,0.105,0.588,0,0,eGFP2
5738,19:38:05,0.105,0.687,0,0,eGFP2
5739,19:38:05,0.138,0.730,0,0,eGFP2
5740,19:38:06,0.107,0.744,0,0,eGFP2
5741,19:38:07,0.127,0.653,0,0,eGFP2
5742,19:38:07,0.105,0.621,0,0,eGFP2
5743,19:38:08,0.129,0.919,0,0,eGFP2
5744,19:38:09,0.149,0.741,0,0,eGFP2
5745,19:38:10,0.117,0.643,0,0,eGFP2
5746,19:38:10,0.095,0.545,0,0,eGFP2
5747,19:38:11,0.094,0.742,0,0,eGFP2
5748,19:38:12,0.128,0.633,0,0,eGFP2
5749,19:38:12,0.094,0.709,0,0,eGFP2
5750,19:38:13,0.138,0.687,0,0,eGFP2
5751,19:38:14,0.094,0.675,0,0,eGFP2
5752,19:38:15,0.182,0.972,0,0,eGFP2
5753,19:38:16,0.139,1.027,0,0,eGFP2
5754,19:38:17,0.194,0.874,0,0,eGFP2
5755,19:38:17,0.094,0.522,0,0,eGFP2
5756,19:38:18,0.083,0.566,0,0,eGFP2
5757,19:38:18,0.142,0.745,0,0,eGFP2
5758,19:38:19,0.095,0.490,0,0,eGFP2
5759,19:38:19,0.072,0.434,0,0,eGFP2
5760,19:38:20,0.084,0.830,0,0,eGFP2
5761,19:38:22,0.237,1.543,0,0,eGFP2
5762,19:38:22,0.116,0.621,0,0,eGFP2
5763,19:38:23,0.116,0.588,0,0,eGFP2
5764,19:38:23,0.094,0.533,0,0,eGFP2
5765,19:38:24,0.096,0.601,0,0,eGFP2
5766,19:38:25,0.105,0.588,0,0,eGFP2
5767,19:38:25,0.106,0.720,0,0,eGFP2
5768,19:38:26,0.106,0.555,0,0,eGFP2
5769,19:38:26,0.084,0.567,0,0,eGFP2
5770,19:38:27,0.149,0.939,0,0,eGFP2
5771,19:38:28,0.151,0.898,0,0,eGFP2
5772,19:38:29,0.138,0.796,0,0,eGFP2
5773,19:38:30,0.130,0.645,0,0,eGFP2
5774,19:38:30,0.106,0.567,0,0,eGFP2
5775,19:38:31,0.094,0.665,0,0,eGFP2
5776,19:38:32,0.106,0.577,0,0,eGFP2
5777,19:38:32,0.095,0.666,0,0,eGFP2
5778,19:38:33,0.116,0.632,0,0,eGFP2
5779,19:38:34,0.095,0.687,0,0,eGFP2
5780,19:38:34,0.183,0.951,0,0,eGFP2
5781,19:38:35,0.136,0.860,0,0,eGFP2
5782,19:38:36,0.169,0.960,0,0,eGFP2
5783,19:38:37,0.148,0.796,0,0,eGFP2
5784,19:38:38,0.127,0.698,0,0,eGFP2
5785,19:38:38,0.095,0.491,0,0,eGFP2
5786,19:38:39,0.072,0.511,0,0,eGFP2
5787,19:38:40,0.148,1.026,0,0,eGFP2
5788,19:38:40,0.116,0.654,0,0,eGFP2
5789,19:38:41,0.105,0.544,0,0,eGFP2
5790,19:38:42,0.085,0.644,0,0,eGFP2
5791,19:38:42,0.149,0.742,0,0,eGFP2
5792,19:38:43,0.094,0.533,0,0,eGFP2
5793,19:38:44,0.105,0.763,0,0,eGFP2
5794,19:38:44,0.160,0.764,0,0,eGFP2
5795,19:38:45,0.083,0.533,0,0,eGFP2
5796,19:38:46,0.094,0.621,0,0,eGFP2
5797,19:38:46,0.105,0.599,0,0,eGFP2
5798,19:38:47,0.095,0.699,0,0,eGFP2
5799,19:38:48,0.129,0.787,0,0,eGFP2
5800,19:38:48,0.116,0.654,0,0,eGFP2
5801,19:38:49,0.116,0.764,0,0,eGFP2
5802,19:38:50,0.160,1.136,0,0,eGFP2
5803,19:38:51,0.215,0.940,0,0,eGFP2
5804,19:38:52,0.127,0.698,0,0,eGFP2
5805,19:38:52,0.094,0.511,0,0,eGFP2
5806,19:38:53,0.085,0.491,0,0,eGFP2
5807,19:38:54,0.094,0.698,0,0,eGFP2
5808,19:38:54,0.149,0.753,0,0,eGFP2
5809,19:38:55,0.116,0.708,0,0,eGFP2
5810,19:38:56,0.150,1.291,0,0,eGFP2
5811,19:38:57,0.259,0.939,0,0,eGFP2
5812,19:38:58,0.107,0.579,0,0,eGFP2
5813,19:38:58,0.084,0.556,0,0,eGFP2
5814,19:38:59,0.116,0.851,0,0,eGFP2
5815,19:39:00,0.129,0.645,0,0,eGFP2
5816,19:39:00,0.083,0.533,0,0,eGFP2
5817,19:39:01,0.084,0.578,0,0,eGFP2
5818,19:39:02,0.116,0.731,0,0,eGFP2
5819,19:39:02,0.105,0.544,0,0,eGFP2
5820,19:39:03,0.094,0.709,0,0,eGFP2
5821,19:39:04,0.248,1.247,0,0,eGFP2
5822,19:39:05,0.127,0.643,0,0,eGFP2
5823,19:39:05,0.096,0.524,0,0,eGFP2
5824,19:39:06,0.084,0.534,0,0,eGFP2
5825,19:39:07,0.116,0.720,0,0,eGFP2
5826,19:39:07,0.107,0.557,0,0,eGFP2
5827,19:39:08,0.095,0.545,0,0,eGFP2
5828,19:39:08,0.105,0.687,0,0,eGFP2
5829,19:39:09,0.160,1.005,0,0,eGFP2
5830,19:39:11,0.183,1.127,0,0,eGFP2
5831,19:39:11,0.165,0.758,0,0,eGFP2
5832,19:39:12,0.105,0.555,0,0,eGFP2
5833,19:39:13,0.084,0.633,0,0,eGFP2
5834,19:39:13,0.138,0.753,0,0,eGFP2
5835,19:39:14,0.106,0.523,0,0,eGFP2
5836,19:39:14,0.083,0.577,0,0,eGFP2
5837,19:39:15,0.128,0.819,0,0,eGFP2
5838,19:39:16,0.106,0.589,0,0,eGFP2
5839,19:39:17,0.118,0.864,0,0,eGFP2
5840,19:46:55,0.261,458.800,0,0,eGFP2
5841,19:46:56,0.128,0.775,0,0,eGFP2
5842,19:46:57,0.106,0.545,0,0,eGFP2
5843,19:46:57,0.095,0.567,0,0,eGFP2
5844,19:46:58,0.111,0.627,0,0,eGFP2
5845,19:46:58,0.094,0.489,0,0,eGFP2
5846,19:46:59,0.083,0.511,0,0,eGFP2
5847,19:46:59,0.094,0.511,0,0,eGFP2
5848,19:47:00,0.085,0.557,0,0,eGFP2
5849,19:47:01,0.105,0.654,0,0,eGFP2
5850,19:47:01,0.094,0.522,0,0,eGFP2
5851,19:47:02,0.083,0.456,0,0,eGFP2
5852,19:47:02,0.094,0.720,0,0,eGFP2
5853,19:47:03,0.127,0.632,0,0,eGFP2
5854,19:47:04,0.085,0.524,0,0,eGFP2
5855,19:47:04,0.094,0.577,0,0,eGFP2
5856,19:47:05,0.107,0.655,0,0,eGFP2
5857,19:47:05,0.127,0.599,0,0,eGFP2
5858,19:47:06,0.084,0.523,0,0,eGFP2
5859,19:47:07,0.116,0.785,0,0,eGFP2
5860,19:47:07,0.149,0.709,0,0,eGFP2
5861,19:47:08,0.116,0.588,0,0,eGFP2
5862,19:47:08,0.084,0.490,0,0,eGFP2
5863,19:47:09,0.083,0.544,0,0,eGFP2
5864,19:47:10,0.118,0.710,0,0,eGFP2
5865,19:47:11,0.139,0.841,0,0,eGFP2
5866,19:47:11,0.105,0.599,0,0,eGFP2
5867,19:47:12,0.117,0.610,0,0,eGFP2
5868,19:47:12,0.096,0.579,0,0,eGFP2
5869,19:47:13,0.095,0.523,0,0,eGFP2
5870,19:47:13,0.083,0.478,0,0,eGFP2
5871,19:47:17,0.138,3.222,0,0,eGFP2
5872,19:47:18,0.360,1.139,0,0,eGFP2
5873,19:47:18,0.094,0.599,0,0,eGFP2
5874,19:47:19,0.105,0.566,0,0,eGFP2
5875,19:47:19,0.095,0.512,0,0,eGFP2
5876,19:47:20,0.083,0.489,0,0,eGFP2
5877,19:47:20,0.084,0.523,0,0,eGFP2
5878,19:47:21,0.094,0.610,0,0,eGFP2
5879,19:47:22,0.106,0.567,0,0,eGFP2
5880,19:47:22,0.083,0.478,0,0,eGFP2
5881,19:47:23,0.074,0.437,0,0,eGFP2
5882,19:47:23,0.074,0.491,0,0,eGFP2
5883,19:47:24,0.105,0.764,0,0,eGFP2
5884,19:47:24,0.116,0.577,0,0,eGFP2
5885,19:47:25,0.106,0.578,0,0,eGFP2
5886,19:47:25,0.094,0.478,0,0,eGFP2
5887,19:47:26,0.073,0.567,0,0,eGFP2
5888,19:47:27,0.118,0.711,0,0,eGFP2
5889,19:47:27,0.085,0.469,0,0,eGFP2
5890,19:47:28,0.084,0.457,0,0,eGFP2
5891,19:47:28,0.084,0.588,0,0,eGFP2
5892,19:47:29,0.095,0.523,0,0,eGFP2
5893,19:47:29,0.073,0.490,0,0,eGFP2
5894,19:47:30,0.127,0.863,0,0,eGFP2
5895,19:47:31,0.107,0.524,0,0,eGFP2
5896,19:47:31,0.095,0.600,0,0,eGFP2
5897,19:47:32,0.085,0.524,0,0,eGFP2
5898,19:47:32,0.095,0.501,0,0,eGFP2
5899,19:47:33,0.083,0.665,0,0,eGFP2
5900,19:47:34,0.139,0.665,0,0,eGFP2
5901,19:47:34,0.095,0.479,0,0,eGFP2
5902,19:47:34,0.073,0.424,0,0,eGFP2
5903,19:47:35,0.073,0.534,0,0,eGFP2
5904,19:47:36,0.161,0.797,0,0,eGFP2
5905,19:47:36,0.097,0.492,0,0,eGFP2
5906,19:47:37,0.084,0.501,0,0,eGFP2
5907,19:47:38,0.100,0.813,0,0,eGFP2
5908,19:47:38,0.105,0.544,0,0,eGFP2
5909,19:47:39,0.107,0.557,0,0,eGFP2
5910,19:47:39,0.094,0.533,0,0,eGFP2
5911,19:47:40,0.094,0.522,0,0,eGFP2
5912,19:47:40,0.083,0.555,0,0,eGFP2
5913,19:47:41,0.105,0.621,0,0,eGFP2
5914,19:47:42,0.107,0.623,0,0,eGFP2
5915,19:47:42,0.094,0.522,0,0,eGFP2
5916,19:47:43,0.094,0.796,0,0,eGFP2
5917,19:47:44,0.182,0.786,0,0,eGFP2
5918,19:47:44,0.094,0.555,0,0,eGFP2
5919,19:47:45,0.094,0.511,0,0,eGFP2
5920,19:47:45,0.083,0.478,0,0,eGFP2
5921,19:47:46,0.084,0.610,0,0,eGFP2
5922,19:47:46,0.118,0.667,0,0,eGFP2
5923,19:47:47,0.107,0.601,0,0,eGFP2
5924,19:47:48,0.105,0.511,0,0,eGFP2
5925,19:47:48,0.083,0.742,0,0,eGFP2
5926,19:47:49,0.247,0.917,0,0,eGFP2
5927,19:47:51,0.149,1.334,0,0,eGFP2
5928,19:47:51,0.193,0.764,0,0,eGFP2
5929,19:47:52,0.116,0.676,0,0,eGFP2
5930,19:47:53,0.118,0.688,0,0,eGFP2
5931,19:47:53,0.106,0.676,0,0,eGFP2
5932,19:47:54,0.128,0.676,0,0,eGFP2
5933,19:47:55,0.095,0.633,0,0,eGFP2
5934,19:47:55,0.105,0.599,0,0,eGFP2
5935,19:47:56,0.105,0.599,0,0,eGFP2
5936,19:47:56,0.083,0.566,0,0,eGFP2
5937,19:47:57,0.140,0.930,0,0,eGFP2
5938,19:47:58,0.096,0.579,0,0,eGFP2
5939,19:47:59,0.095,0.545,0,0,eGFP2
5940,19:47:59,0.094,0.698,0,0,eGFP2
5941,19:48:00,0.127,0.632,0,0,eGFP2
5942,19:48:00,0.105,0.665,0,0,eGFP2
5943,19:48:01,0.105,0.654,0,0,eGFP2
5944,19:48:02,0.106,0.588,0,0,eGFP2
5945,19:48:02,0.095,0.534,0,0,eGFP2
5946,19:48:03,0.083,0.500,0,0,eGFP2
5947,19:48:04,0.119,0.777,0,0,eGFP2
5948,19:48:04,0.106,0.523,0,0,eGFP2
5949,19:48:05,0.094,0.665,0,0,eGFP2
5950,19:48:06,0.149,0.873,0,0,eGFP2
5951,19:48:06,0.130,0.843,0,0,eGFP2
5952,19:48:07,0.171,0.940,0,0,eGFP2
5953,19:48:08,0.116,0.610,0,0,eGFP2
5954,19:48:09,0.095,0.676,0,0,eGFP2
5955,19:48:10,0.184,1.688,0,0,eGFP2
5956,19:48:11,0.215,0.808,0,0,eGFP2
5957,19:48:12,0.094,0.599,0,0,eGFP2
5958,19:48:12,0.095,0.545,0,0,eGFP2
5959,19:48:13,0.094,0.632,0,0,eGFP2
5960,19:48:14,0.117,0.676,0,0,eGFP2
5961,19:48:14,0.095,0.534,0,0,eGFP2
5962,19:48:15,0.095,0.622,0,0,eGFP2
5963,19:48:15,0.107,0.623,0,0,eGFP2
5964,19:48:16,0.105,0.720,0,0,eGFP2
5965,19:48:17,0.118,0.590,0,0,eGFP2
5966,19:48:17,0.095,0.501,0,0,eGFP2
5967,19:48:21,0.095,3.475,0,0,eGFP2
5968,19:48:21,0.139,0.665,0,0,eGFP2
5969,19:48:22,0.106,0.644,0,0,eGFP2
5970,19:48:23,0.106,0.577,0,0,eGFP2
5971,19:48:23,0.102,0.530,0,0,eGFP2
5972,19:48:24,0.094,0.478,0,0,eGFP2
5973,19:48:24,0.094,0.544,0,0,eGFP2
5974,19:48:25,0.105,0.686,0,0,eGFP2
5975,19:48:25,0.127,0.610,0,0,eGFP2
5976,19:48:26,0.083,0.478,0,0,eGFP2
5977,19:48:26,0.073,0.468,0,0,eGFP2
5978,19:48:27,0.095,0.688,0,0,eGFP2
5979,19:48:28,0.127,0.665,0,0,eGFP2
5980,19:48:28,0.095,0.501,0,0,eGFP2
5981,19:48:29,0.084,0.544,0,0,eGFP2
5982,19:48:30,0.128,0.742,0,0,eGFP2
5983,19:48:30,0.116,0.742,0,0,eGFP2
5984,19:48:31,0.127,0.665,0,0,eGFP2
5985,19:48:32,0.116,0.610,0,0,eGFP2
5986,19:48:32,0.116,0.675,0,0,eGFP2
5987,19:48:33,0.106,0.545,0,0,eGFP2
5988,19:48:33,0.073,0.479,0,0,eGFP2
5989,19:48:34,0.095,0.676,0,0,eGFP2
5990,19:48:35,0.138,0.665,0,0,eGFP2
5991,19:48:35,0.105,0.654,0,0,eGFP2
5992,19:48:36,0.107,0.645,0,0,eGFP2
5993,19:48:37,0.116,0.676,0,0,eGFP2
5994,19:48:37,0.116,0.654,0,0,eGFP2
5995,19:48:38,0.094,0.621,0,0,eGFP2
5996,19:48:39,0.117,0.710,0,0,eGFP2
5997,19:48:39,0.127,0.841,0,0,eGFP2
5998,19:48:40,0.149,0.818,0,0,eGFP2
5999,19:48:41,0.117,0.632,0,0,eGFP2
6000,19:48:41,0.095,0.600,0,0,eGFP2
6001,19:48:42,0.116,0.676,0,0,eGFP2
6002,19:48:43,0.105,0.752,0,0,eGFP2
6003,19:48:44,0.139,0.819,0,0,eGFP2
6004,19:48:45,0.129,0.952,0,0,eGFP2
6005,19:48:46,0.160,0.885,0,0,eGFP2
6006,19:48:49,0.447,3.959,0,0,eGFP2
6007,19:48:50,0.204,0.774,0,0,eGFP2
6008,19:48:51,0.106,0.643,0,0,eGFP2
6009,19:48:51,0.095,0.512,0,0,eGFP2
6010,19:48:52,0.083,0.522,0,0,eGFP2
6011,19:48:53,0.128,0.786,0,0,eGFP2
6012,19:48:53,0.095,0.545,0,0,eGFP2
6013,19:48:54,0.085,0.546,0,0,eGFP2
6014,19:48:54,0.105,0.632,0,0,eGFP2
6015,19:48:55,0.095,0.501,0,0,eGFP2
6016,19:48:56,0.094,0.950,0,0,eGFP2
6017,19:48:56,0.139,0.610,0,0,eGFP2
6018,19:48:57,0.084,0.468,0,0,eGFP2
6019,19:48:58,0.084,0.622,0,0,eGFP2
6020,19:48:58,0.107,0.666,0,0,eGFP2
6021,19:48:59,0.108,0.612,0,0,eGFP2
6022,19:48:59,0.095,0.512,0,0,eGFP2
6023,19:49:00,0.095,0.512,0,0,eGFP2
6024,19:49:01,0.094,0.676,0,0,eGFP2
6025,19:49:01,0.128,0.654,0,0,eGFP2
6026,19:49:02,0.095,0.523,0,0,eGFP2
6027,19:49:02,0.106,0.643,0,0,eGFP2
6028,19:49:03,0.117,0.655,0,0,eGFP2
6029,19:49:04,0.085,0.491,0,0,eGFP2
6030,19:49:04,0.084,0.622,0,0,eGFP2
6031,19:49:05,0.116,0.720,0,0,eGFP2
6032,19:49:06,0.106,0.643,0,0,eGFP2
6033,19:49:06,0.117,0.666,0,0,eGFP2
6034,19:49:07,0.101,0.573,0,0,eGFP2
6035,19:49:07,0.105,0.665,0,0,eGFP2
6036,19:49:08,0.160,0.851,0,0,eGFP2
6037,19:49:09,0.105,0.632,0,0,eGFP2
6038,19:49:10,0.213,0.937,0,0,eGFP2
6039,19:49:10,0.105,0.555,0,0,eGFP2
6040,19:49:11,0.094,0.566,0,0,eGFP2
6041,19:49:11,0.094,0.533,0,0,eGFP2
6042,19:49:12,0.094,0.687,0,0,eGFP2
6043,19:49:13,0.182,0.994,0,0,eGFP2
6044,19:49:14,0.105,0.709,0,0,eGFP2
6045,19:49:15,0.127,0.675,0,0,eGFP2
6046,19:49:15,0.096,0.513,0,0,eGFP2
6047,19:49:16,0.072,0.468,0,0,eGFP2
6048,19:49:16,0.095,0.611,0,0,eGFP2
6049,19:49:17,0.105,0.577,0,0,eGFP2
6050,19:49:17,0.095,0.512,0,0,eGFP2
6051,19:49:18,0.072,0.555,0,0,eGFP2
6052,19:49:19,0.138,0.752,0,0,eGFP2
6053,19:49:19,0.095,0.512,0,0,eGFP2
6054,19:49:20,0.096,0.611,0,0,eGFP2
6055,19:49:20,0.128,0.742,0,0,eGFP2
6056,19:49:21,0.116,0.643,0,0,eGFP2
6057,19:49:22,0.127,0.764,0,0,eGFP2
6058,19:49:22,0.105,0.687,0,0,eGFP2
6059,19:49:23,0.138,0.731,0,0,eGFP2
6060,19:49:24,0.094,0.566,0,0,eGFP2
6061,19:49:24,0.094,0.500,0,0,eGFP2
6062,19:49:25,0.084,0.578,0,0,eGFP2
6063,19:49:26,0.138,0.785,0,0,eGFP2
6064,19:49:26,0.106,0.523,0,0,eGFP2
6065,19:49:27,0.083,0.544,0,0,eGFP2
6066,19:49:27,0.117,0.731,0,0,eGFP2
6067,19:49:28,0.127,0.698,0,0,eGFP2
6068,19:49:29,0.095,0.534,0,0,eGFP2
6069,19:49:29,0.083,0.544,0,0,eGFP2
6070,19:49:30,0.127,0.731,0,0,eGFP2
6071,19:49:31,0.096,0.546,0,0,eGFP2
6072,19:49:31,0.095,0.709,0,0,eGFP2
6073,19:49:32,0.117,0.665,0,0,eGFP2
6074,19:49:32,0.095,0.501,0,0,eGFP2
6075,19:49:33,0.085,0.469,0,0,eGFP2
6076,19:49:34,0.106,0.852,0,0,eGFP2
6077,19:49:34,0.116,0.588,0,0,eGFP2
6078,19:49:35,0.095,0.556,0,0,eGFP2
6079,19:49:35,0.096,0.634,0,0,eGFP2
6080,19:49:36,0.094,0.533,0,0,eGFP2
6081,19:49:37,0.095,0.589,0,0,eGFP2
6082,19:49:37,0.116,0.742,0,0,eGFP2
6083,19:49:38,0.105,0.599,0,0,eGFP2
6084,19:49:39,0.095,0.676,0,0,eGFP2
6085,19:49:39,0.128,0.731,0,0,eGFP2
6086,19:49:40,0.117,0.710,0,0,eGFP2
6087,19:49:41,0.129,0.678,0,0,eGFP2
6088,19:49:41,0.105,0.533,0,0,eGFP2
6089,19:49:42,0.086,0.558,0,0,eGFP2
6090,19:49:43,0.138,0.852,0,0,eGFP2
6091,19:49:43,0.094,0.544,0,0,eGFP2
6092,19:49:44,0.106,0.743,0,0,eGFP2
6093,19:49:45,0.160,0.764,0,0,eGFP2
6094,19:49:45,0.095,0.534,0,0,eGFP2
6095,19:49:46,0.086,0.546,0,0,eGFP2
6096,19:49:47,0.117,0.841,0,0,eGFP2
6097,19:49:47,0.117,0.600,0,0,eGFP2
6098,19:49:48,0.089,0.473,0,0,eGFP2
6099,19:49:48,0.072,0.500,0,0,eGFP2
6100,19:49:49,0.116,0.764,0,0,eGFP2
6101,19:49:50,0.116,0.610,0,0,eGFP2
6102,19:49:50,0.116,0.598,0,0,eGFP2
6103,19:49:51,0.085,0.502,0,0,eGFP2
6104,19:49:52,0.096,0.809,0,0,eGFP2
6105,19:49:52,0.116,0.676,0,0,eGFP2
6106,19:49:54,0.149,1.674,0,0,eGFP2
6107,19:49:54,0.117,0.599,0,0,eGFP2
6108,19:49:55,0.106,0.600,0,0,eGFP2
6109,19:49:56,0.094,0.610,0,0,eGFP2
6110,19:49:56,0.127,0.708,0,0,eGFP2
6111,19:49:57,0.106,0.555,0,0,eGFP2
6112,19:49:57,0.096,0.502,0,0,eGFP2
6113,19:49:58,0.084,0.556,0,0,eGFP2
6114,19:49:59,0.116,0.730,0,0,eGFP2
6115,19:49:59,0.128,0.753,0,0,eGFP2
6116,19:50:00,0.116,0.852,0,0,eGFP2
6117,19:50:01,0.172,0.973,0,0,eGFP2
6118,19:50:02,0.117,0.600,0,0,eGFP2
6119,19:50:03,0.105,0.665,0,0,eGFP2
6120,19:50:03,0.107,0.611,0,0,eGFP2
6121,19:50:04,0.117,0.709,0,0,eGFP2
6122,19:50:04,0.106,0.567,0,0,eGFP2
6123,19:50:05,0.094,0.643,0,0,eGFP2
6124,19:50:06,0.105,0.654,0,0,eGFP2
6125,19:50:06,0.105,0.676,0,0,eGFP2
6126,19:50:07,0.127,0.687,0,0,eGFP2
6127,19:50:08,0.105,0.621,0,0,eGFP2
6128,19:50:08,0.107,0.733,0,0,eGFP2
6129,19:50:09,0.127,0.742,0,0,eGFP2
6130,19:50:10,0.105,0.555,0,0,eGFP2
6131,19:50:10,0.085,0.535,0,0,eGFP2
6132,19:50:11,0.116,0.731,0,0,eGFP2
6133,19:50:12,0.138,0.698,0,0,eGFP2
6134,19:50:12,0.095,0.501,0,0,eGFP2
6135,19:50:13,0.072,0.423,0,0,eGFP2
6136,19:50:13,0.073,0.479,0,0,eGFP2
6137,19:50:14,0.151,0.908,0,0,eGFP2
6138,19:50:17,0.150,2.762,0,0,eGFP2
6139,19:50:17,0.116,0.533,0,0,eGFP2
6140,19:50:18,0.084,0.479,0,0,eGFP2
6141,19:50:18,0.094,0.555,0,0,eGFP2
6142,19:50:19,0.095,0.501,0,0,eGFP2
6143,19:50:19,0.084,0.545,0,0,eGFP2
6144,19:50:20,0.116,0.610,0,0,eGFP2
6145,19:50:20,0.087,0.460,0,0,eGFP2
6146,19:50:21,0.073,0.545,0,0,eGFP2
6147,19:50:22,0.116,0.665,0,0,eGFP2
6148,19:50:22,0.117,0.687,0,0,eGFP2
6149,19:50:23,0.106,0.622,0,0,eGFP2
6150,19:50:24,0.094,0.588,0,0,eGFP2
6151,19:50:24,0.106,0.742,0,0,eGFP2
6152,19:50:25,0.150,0.841,0,0,eGFP2
6153,19:50:26,0.119,0.865,0,0,eGFP2
6154,19:50:51,0.281,24.940,0,0,eGFP2
6155,19:50:52,0.117,0.578,0,0,eGFP2
6156,19:50:52,0.094,0.478,0,0,eGFP2
6157,19:50:52,0.073,0.457,0,0,eGFP2
6158,19:50:53,0.075,0.481,0,0,eGFP2
6159,19:50:53,0.084,0.490,0,0,eGFP2
6160,19:50:54,0.073,0.413,0,0,eGFP2
6161,19:50:54,0.068,0.441,0,0,eGFP2
6162,19:50:55,0.095,0.643,0,0,eGFP2
6163,19:50:55,0.094,0.522,0,0,eGFP2
6164,19:50:56,0.083,0.413,0,0,eGFP2
6165,19:50:56,0.072,0.401,0,0,eGFP2
6166,19:50:57,0.072,0.522,0,0,eGFP2
6167,19:50:58,0.127,1.027,0,0,eGFP2
6168,19:50:59,0.138,0.698,0,0,eGFP2
6169,19:50:59,0.105,0.708,0,0,eGFP2
6170,19:51:00,0.118,0.590,0,0,eGFP2
6171,19:51:00,0.094,0.577,0,0,eGFP2
6172,19:51:01,0.096,0.513,0,0,eGFP2
6173,19:51:01,0.094,0.511,0,0,eGFP2
6174,19:51:02,0.083,0.500,0,0,eGFP2
6175,19:51:03,0.094,0.731,0,0,eGFP2
6176,19:51:03,0.149,0.829,0,0,eGFP2
6177,19:51:04,0.106,0.577,0,0,eGFP2
6178,19:51:05,0.085,0.535,0,0,eGFP2
6179,19:51:05,0.107,0.655,0,0,eGFP2
6180,19:51:06,0.128,0.731,0,0,eGFP2
6181,19:51:07,0.094,0.555,0,0,eGFP2
6182,19:51:07,0.095,0.676,0,0,eGFP2
6183,19:51:08,0.128,0.720,0,0,eGFP2
6184,19:51:08,0.094,0.555,0,0,eGFP2
6185,19:51:09,0.084,0.523,0,0,eGFP2
6186,19:51:10,0.086,0.503,0,0,eGFP2
6187,19:51:10,0.084,0.545,0,0,eGFP2
6188,19:51:11,0.116,0.950,0,0,eGFP2
6189,19:51:12,0.149,0.709,0,0,eGFP2
6190,19:51:12,0.105,0.632,0,0,eGFP2
6191,19:51:13,0.116,0.687,0,0,eGFP2
6192,19:51:14,0.105,0.522,0,0,eGFP2
6193,19:51:14,0.084,0.490,0,0,eGFP2
6194,19:51:15,0.096,0.634,0,0,eGFP2
6195,19:51:15,0.127,0.774,0,0,eGFP2
6196,19:51:16,0.106,0.644,0,0,eGFP2
6197,19:51:17,0.094,0.588,0,0,eGFP2
6198,19:51:17,0.105,0.687,0,0,eGFP2
6199,19:51:18,0.127,0.720,0,0,eGFP2
6200,19:51:19,0.118,0.656,0,0,eGFP2
6201,19:51:19,0.105,0.610,0,0,eGFP2
6202,19:51:20,0.106,0.764,0,0,eGFP2
6203,19:51:21,0.118,0.722,0,0,eGFP2
6204,19:51:21,0.105,0.533,0,0,eGFP2
6205,19:51:22,0.084,0.534,0,0,eGFP2
6206,19:51:23,0.149,0.884,0,0,eGFP2
6207,19:51:23,0.106,0.567,0,0,eGFP2
6208,19:51:24,0.084,0.555,0,0,eGFP2
6209,19:51:25,0.095,0.589,0,0,eGFP2
6210,19:51:25,0.095,0.544,0,0,eGFP2
6211,19:51:26,0.108,0.613,0,0,eGFP2
6212,19:51:26,0.094,0.687,0,0,eGFP2
6213,19:51:27,0.116,0.709,0,0,eGFP2
6214,19:51:28,0.107,0.612,0,0,eGFP2
6215,19:51:28,0.106,0.600,0,0,eGFP2
6216,19:51:29,0.116,0.808,0,0,eGFP2
6217,19:51:30,0.127,0.676,0,0,eGFP2
6218,19:51:30,0.106,0.600,0,0,eGFP2
6219,19:51:32,0.107,1.556,0,0,eGFP2
6220,19:51:33,0.160,0.731,0,0,eGFP2
6221,19:51:33,0.095,0.578,0,0,eGFP2
6222,19:51:34,0.106,0.983,0,0,eGFP2
6223,19:51:35,0.249,0.798,0,0,eGFP2
6224,19:51:36,0.094,0.698,0,0,eGFP2
6225,19:51:36,0.132,0.670,0,0,eGFP2
6226,19:51:37,0.094,0.500,0,0,eGFP2
6227,19:51:37,0.085,0.601,0,0,eGFP2
6228,19:51:38,0.153,0.801,0,0,eGFP2
6229,19:51:40,0.522,1.433,0,0,eGFP2
6230,19:51:41,0.127,0.939,0,0,eGFP2
6231,19:51:41,0.160,0.730,0,0,eGFP2
6232,19:51:42,0.088,0.516,0,0,eGFP2
6233,19:51:42,0.083,0.478,0,0,eGFP2
6234,19:51:43,0.083,0.610,0,0,eGFP2
6235,19:51:44,0.116,0.654,0,0,eGFP2
6236,19:51:44,0.085,0.491,0,0,eGFP2
6237,19:51:47,0.105,3.024,0,0,eGFP2
6238,19:51:48,0.138,0.643,0,0,eGFP2
6239,19:51:48,0.105,0.610,0,0,eGFP2
6240,19:51:49,0.094,0.500,0,0,eGFP2
6241,19:51:49,0.074,0.469,0,0,eGFP2
6242,19:51:50,0.094,0.555,0,0,eGFP2
6243,19:51:50,0.084,0.490,0,0,eGFP2
6244,19:51:51,0.074,0.469,0,0,eGFP2
6245,19:51:52,0.116,0.808,0,0,eGFP2
6246,19:51:52,0.116,0.588,0,0,eGFP2
6247,19:51:53,0.083,0.522,0,0,eGFP2
6248,19:51:54,0.106,0.698,0,0,eGFP2
6249,19:51:54,0.138,0.665,0,0,eGFP2
6250,19:51:55,0.095,0.599,0,0,eGFP2
6251,19:51:56,0.139,0.797,0,0,eGFP2
6252,19:51:56,0.107,0.579,0,0,eGFP2
6253,19:51:57,0.095,0.567,0,0,eGFP2
6254,19:51:57,0.138,0.763,0,0,eGFP2
6255,19:51:58,0.108,0.546,0,0,eGFP2
6256,19:51:59,0.095,0.589,0,0,eGFP2
6257,19:51:59,0.127,0.720,0,0,eGFP2
6258,19:52:00,0.105,0.764,0,0,eGFP2
6259,19:52:01,0.138,0.764,0,0,eGFP2
6260,19:52:02,0.118,0.787,0,0,eGFP2
6261,19:52:02,0.128,0.687,0,0,eGFP2
6262,19:52:03,0.117,0.962,0,0,eGFP2
6263,19:52:09,0.402,5.373,0,0,eGFP2
6264,19:52:10,0.128,1.543,0,0,eGFP2
6265,19:52:11,0.106,0.622,0,0,eGFP2
6266,19:52:12,0.149,0.818,0,0,eGFP2
6267,19:52:12,0.095,0.479,0,0,eGFP2
6268,19:52:13,0.073,0.545,0,0,eGFP2
6269,19:52:13,0.098,0.504,0,0,eGFP2
6270,19:52:14,0.072,0.413,0,0,eGFP2
6271,19:52:14,0.072,0.489,0,0,eGFP2
6272,19:52:15,0.093,0.543,0,0,eGFP2
6273,19:52:15,0.094,0.555,0,0,eGFP2
6274,19:52:16,0.083,0.478,0,0,eGFP2
6275,19:52:16,0.072,0.467,0,0,eGFP2
6276,19:52:17,0.105,0.807,0,0,eGFP2
6277,19:52:18,0.140,0.634,0,0,eGFP2
6278,19:52:18,0.105,0.599,0,0,eGFP2
6279,19:52:19,0.094,0.500,0,0,eGFP2
6280,19:52:19,0.094,0.533,0,0,eGFP2
6281,19:52:20,0.105,0.654,0,0,eGFP2
6282,19:52:20,0.094,0.489,0,0,eGFP2
6283,19:52:21,0.074,0.447,0,0,eGFP2
6284,19:52:21,0.083,0.621,0,0,eGFP2
6285,19:52:22,0.118,0.578,0,0,eGFP2
6286,19:52:22,0.073,0.457,0,0,eGFP2
6287,19:52:25,0.138,2.431,0,0,eGFP2
6288,19:52:26,0.150,0.676,0,0,eGFP2
6289,19:52:26,0.106,0.632,0,0,eGFP2
6290,19:52:27,0.106,0.621,0,0,eGFP2
6291,19:52:27,0.095,0.588,0,0,eGFP2
6292,19:52:28,0.095,0.567,0,0,eGFP2
6293,19:52:29,0.105,0.654,0,0,eGFP2
6294,19:52:29,0.114,0.608,0,0,eGFP2
6295,19:52:30,0.094,0.533,0,0,eGFP2
6296,19:52:30,0.106,0.578,0,0,eGFP2
6297,19:52:31,0.085,0.513,0,0,eGFP2
6298,19:52:31,0.094,0.577,0,0,eGFP2
6299,19:52:32,0.105,0.643,0,0,eGFP2
6300,19:52:33,0.094,0.577,0,0,eGFP2
6301,19:52:33,0.094,0.654,0,0,eGFP2
6302,19:52:34,0.140,0.722,0,0,eGFP2
6303,19:52:35,0.094,0.533,0,0,eGFP2
6304,19:52:35,0.094,0.632,0,0,eGFP2
6305,19:52:36,0.138,0.797,0,0,eGFP2
6306,19:52:37,0.105,0.665,0,0,eGFP2
6307,19:52:37,0.127,0.764,0,0,eGFP2
6308,19:52:38,0.105,0.588,0,0,eGFP2
6309,19:52:39,0.106,0.632,0,0,eGFP2
6310,19:52:39,0.118,0.711,0,0,eGFP2
6311,19:52:40,0.162,0.952,0,0,eGFP2
6312,19:52:41,0.150,0.775,0,0,eGFP2
6313,19:52:42,0.127,0.940,0,0,eGFP2
6314,19:52:43,0.149,0.752,0,0,eGFP2
6315,19:52:43,0.106,0.567,0,0,eGFP2
6316,19:52:44,0.083,0.500,0,0,eGFP2
6317,19:52:44,0.084,0.600,0,0,eGFP2
6318,19:52:45,0.140,0.776,0,0,eGFP2
6319,19:52:46,0.117,0.589,0,0,eGFP2
6320,19:52:46,0.094,0.676,0,0,eGFP2
6321,19:52:47,0.139,0.764,0,0,eGFP2
6322,19:52:48,0.128,0.731,0,0,eGFP2
6323,19:52:49,0.117,0.775,0,0,eGFP2
6324,19:52:50,0.129,0.876,0,0,eGFP2
6325,19:52:50,0.149,0.819,0,0,eGFP2
6326,19:52:51,0.116,0.632,0,0,eGFP2
6327,19:52:52,0.118,0.590,0,0,eGFP2
6328,19:52:52,0.095,0.523,0,0,eGFP2
6329,19:52:53,0.095,0.610,0,0,eGFP2
6330,19:52:54,0.128,0.732,0,0,eGFP2
6331,19:52:54,0.094,0.533,0,0,eGFP2
6332,19:52:55,0.095,0.764,0,0,eGFP2
6333,19:52:56,0.117,0.688,0,0,eGFP2
6334,19:52:56,0.138,0.808,0,0,eGFP2
6335,19:52:57,0.134,0.847,0,0,eGFP2
6336,19:52:58,0.138,0.764,0,0,eGFP2
6337,19:52:59,0.116,0.664,0,0,eGFP2
6338,19:52:59,0.107,0.601,0,0,eGFP2
6339,19:53:00,0.138,0.851,0,0,eGFP2
6340,19:53:01,0.127,0.764,0,0,eGFP2
6341,19:53:02,0.138,0.961,0,0,eGFP2
6342,19:53:03,0.203,0.961,0,0,eGFP2
6343,19:53:03,0.106,0.644,0,0,eGFP2
6344,19:53:04,0.094,0.544,0,0,eGFP2
6345,19:53:05,0.094,0.632,0,0,eGFP2
6346,19:53:05,0.138,0.687,0,0,eGFP2
6347,19:53:06,0.094,0.588,0,0,eGFP2
6348,19:53:07,0.127,0.774,0,0,eGFP2
6349,19:53:07,0.127,0.621,0,0,eGFP2
6350,19:53:08,0.116,0.676,0,0,eGFP2
6351,19:53:09,0.107,0.710,0,0,eGFP2
6352,19:53:09,0.118,0.711,0,0,eGFP2
6353,19:53:10,0.127,0.632,0,0,eGFP2
6354,19:53:11,0.105,0.709,0,0,eGFP2
6355,19:53:11,0.138,0.785,0,0,eGFP2
6356,19:53:12,0.117,0.929,0,0,eGFP2
6357,19:53:13,0.434,1.115,0,0,eGFP2
6358,19:53:14,0.105,0.599,0,0,eGFP2
6359,19:53:15,0.094,0.522,0,0,eGFP2
6360,19:53:15,0.099,0.659,0,0,eGFP2
6361,19:53:16,0.138,0.731,0,0,eGFP2
6362,19:53:17,0.105,0.687,0,0,eGFP2
6363,19:53:17,0.105,0.654,0,0,eGFP2
6364,19:53:18,0.149,0.862,0,0,eGFP2
6365,19:53:19,0.095,0.556,0,0,eGFP2
6366,19:53:20,0.096,1.094,0,0,eGFP2
6367,19:53:21,0.128,0.687,0,0,eGFP2
6368,19:53:21,0.129,0.755,0,0,eGFP2
6369,19:53:22,0.138,0.786,0,0,eGFP2
6370,19:53:23,0.105,0.632,0,0,eGFP2
6371,19:53:23,0.117,0.698,0,0,eGFP2
6372,19:53:24,0.139,0.863,0,0,eGFP2
6373,19:53:25,0.127,0.841,0,0,eGFP2
6374,19:53:26,0.215,0.994,0,0,eGFP2
6375,19:53:27,0.128,0.622,0,0,eGFP2
6376,19:53:27,0.096,0.524,0,0,eGFP2
6377,19:53:28,0.094,0.665,0,0,eGFP2
6378,19:53:29,0.117,0.786,0,0,eGFP2
6379,19:53:30,0.172,0.907,0,0,eGFP2
6380,19:53:30,0.118,0.722,0,0,eGFP2
6381,19:53:31,0.160,0.797,0,0,eGFP2
6382,19:53:32,0.094,0.522,0,0,eGFP2
6383,19:53:32,0.095,0.589,0,0,eGFP2
6384,19:53:33,0.140,0.788,0,0,eGFP2
6385,19:53:34,0.105,0.577,0,0,eGFP2
6386,19:53:34,0.117,0.830,0,0,eGFP2
6387,19:53:35,0.128,0.665,0,0,eGFP2
6388,19:53:36,0.106,0.710,0,0,eGFP2
6389,19:53:37,0.127,0.742,0,0,eGFP2
6390,19:53:37,0.106,0.621,0,0,eGFP2
6391,19:53:38,0.095,0.666,0,0,eGFP2
6392,19:53:39,0.128,0.731,0,0,eGFP2
6393,19:53:39,0.108,0.645,0,0,eGFP2
6394,19:53:40,0.108,0.580,0,0,eGFP2
6395,19:53:41,0.095,0.731,0,0,eGFP2
6396,19:53:41,0.128,0.720,0,0,eGFP2
6397,19:53:42,0.106,0.600,0,0,eGFP2
6398,19:53:43,0.111,0.748,0,0,eGFP2
6399,19:53:43,0.149,0.840,0,0,eGFP2
6400,19:53:45,0.149,1.235,0,0,eGFP2
6401,19:53:46,0.239,1.018,0,0,eGFP2
6402,19:53:47,0.171,0.917,0,0,eGFP2
6403,19:53:47,0.127,0.709,0,0,eGFP2
6404,19:53:48,0.105,0.522,0,0,eGFP2
6405,19:53:48,0.083,0.533,0,0,eGFP2
6406,19:53:49,0.105,0.654,0,0,eGFP2
6407,19:53:50,0.118,0.743,0,0,eGFP2
6408,19:53:50,0.127,0.709,0,0,eGFP2
6409,19:53:51,0.096,0.557,0,0,eGFP2
6410,19:53:52,0.094,0.588,0,0,eGFP2
6411,19:53:52,0.116,0.763,0,0,eGFP2
6412,19:53:53,0.127,0.786,0,0,eGFP2
6413,19:53:54,0.116,0.698,0,0,eGFP2
6414,19:53:58,0.160,3.968,0,0,eGFP2
6415,19:53:59,0.478,1.137,0,0,eGFP2
6416,19:53:59,0.094,0.511,0,0,eGFP2
6417,19:54:00,0.096,0.645,0,0,eGFP2
6418,19:54:01,0.094,0.522,0,0,eGFP2
6419,19:54:01,0.083,0.533,0,0,eGFP2
6420,19:54:02,0.083,0.468,0,0,eGFP2
6421,19:54:02,0.074,0.524,0,0,eGFP2
6422,19:54:03,0.105,0.665,0,0,eGFP2
6423,19:54:03,0.083,0.456,0,0,eGFP2
6424,19:54:04,0.062,0.446,0,0,eGFP2
6425,19:54:04,0.094,0.676,0,0,eGFP2
6426,19:54:05,0.129,0.666,0,0,eGFP2
6427,19:54:06,0.106,0.632,0,0,eGFP2
6428,19:54:06,0.106,0.556,0,0,eGFP2
6429,19:54:07,0.083,0.522,0,0,eGFP2
6430,19:54:07,0.095,0.523,0,0,eGFP2
6431,19:54:08,0.094,0.676,0,0,eGFP2
6432,19:54:09,0.116,0.676,0,0,eGFP2
6433,19:54:09,0.105,0.577,0,0,eGFP2
6434,19:54:10,0.118,0.864,0,0,eGFP2
6435,19:54:11,0.141,0.722,0,0,eGFP2
6436,19:54:12,0.117,0.687,0,0,eGFP2
6437,19:54:12,0.117,0.687,0,0,eGFP2
6438,19:54:13,0.106,0.600,0,0,eGFP2
6439,19:54:13,0.105,0.643,0,0,eGFP2
6440,19:54:14,0.117,0.599,0,0,eGFP2
6441,19:54:15,0.095,0.578,0,0,eGFP2
6442,19:54:15,0.118,0.842,0,0,eGFP2
6443,19:54:16,0.139,0.764,0,0,eGFP2
6444,19:54:17,0.117,0.721,0,0,eGFP2
6445,19:54:18,0.171,0.862,0,0,eGFP2
6446,19:54:18,0.117,0.611,0,0,eGFP2
6447,19:54:19,0.084,0.522,0,0,eGFP2
6448,19:54:20,0.095,1.346,0,0,eGFP2
6449,19:54:21,0.130,0.656,0,0,eGFP2
6450,19:54:22,0.119,0.733,0,0,eGFP2
6451,19:54:22,0.095,0.589,0,0,eGFP2
6452,19:54:23,0.094,0.489,0,0,eGFP2
6453,19:54:23,0.084,0.688,0,0,eGFP2
6454,19:54:24,0.259,0.983,0,0,eGFP2
6455,19:54:25,0.095,0.578,0,0,eGFP2
6456,19:54:26,0.117,0.698,0,0,eGFP2
6457,19:54:26,0.106,0.556,0,0,eGFP2
6458,19:54:27,0.084,0.512,0,0,eGFP2
6459,19:54:27,0.085,0.601,0,0,eGFP2
6460,19:54:28,0.106,0.600,0,0,eGFP2
6461,19:54:29,0.100,0.670,0,0,eGFP2
6462,19:54:29,0.116,0.808,0,0,eGFP2
6463,19:54:30,0.128,0.677,0,0,eGFP2
6464,19:54:31,0.127,0.829,0,0,eGFP2
6465,19:54:32,0.105,0.621,0,0,eGFP2
6466,19:54:32,0.127,0.786,0,0,eGFP2
6467,19:54:33,0.106,0.589,0,0,eGFP2
6468,19:54:34,0.094,0.720,0,0,eGFP2
6469,19:54:34,0.127,0.686,0,0,eGFP2
6470,19:54:35,0.117,0.742,0,0,eGFP2
6471,19:54:36,0.116,0.577,0,0,eGFP2
6472,19:54:36,0.094,0.643,0,0,eGFP2
6473,19:54:37,0.116,0.665,0,0,eGFP2
6474,19:54:38,0.094,0.555,0,0,eGFP2
6475,19:54:38,0.107,0.776,0,0,eGFP2
6476,19:54:39,0.149,0.786,0,0,eGFP2
6477,19:54:40,0.128,0.732,0,0,eGFP2
6478,19:54:41,0.149,0.994,0,0,eGFP2
6479,19:54:42,0.138,0.687,0,0,eGFP2
6480,19:54:42,0.116,0.676,0,0,eGFP2
6481,19:54:43,0.127,0.742,0,0,eGFP2
6482,19:54:44,0.116,0.730,0,0,eGFP2
6483,19:54:44,0.129,0.678,0,0,eGFP2
6484,19:54:45,0.105,0.731,0,0,eGFP2
6485,19:54:46,0.127,0.730,0,0,eGFP2
6486,19:54:46,0.117,0.622,0,0,eGFP2
6487,19:54:47,0.116,0.796,0,0,eGFP2
6488,19:54:48,0.149,0.775,0,0,eGFP2
6489,19:54:49,0.116,0.676,0,0,eGFP2
6490,19:54:49,0.096,0.688,0,0,eGFP2
6491,19:54:50,0.128,0.753,0,0,eGFP2
6492,19:54:51,0.107,0.645,0,0,eGFP2
6493,19:54:52,0.160,0.917,0,0,eGFP2
6494,19:54:52,0.128,0.742,0,0,eGFP2
6495,19:54:53,0.150,0.764,0,0,eGFP2
6496,19:54:54,0.139,0.797,0,0,eGFP2
6497,19:54:55,0.105,0.610,0,0,eGFP2
6498,19:54:55,0.128,0.786,0,0,eGFP2
6499,19:54:56,0.116,0.588,0,0,eGFP2
6500,19:54:56,0.086,0.503,0,0,eGFP2
6501,19:54:57,0.094,0.851,0,0,eGFP2
6502,19:54:58,0.139,0.687,0,0,eGFP2
6503,19:54:59,0.117,0.753,0,0,eGFP2
6504,19:55:00,0.162,0.931,0,0,eGFP2
6505,19:55:00,0.149,0.785,0,0,eGFP2
6506,19:55:01,0.117,0.699,0,0,eGFP2
6507,19:55:02,0.116,0.632,0,0,eGFP2
6508,19:55:02,0.096,0.634,0,0,eGFP2
6509,19:55:03,0.116,0.698,0,0,eGFP2
6510,19:55:04,0.128,0.786,0,0,eGFP2
6511,19:55:05,0.128,0.665,0,0,eGFP2
6512,19:55:05,0.117,0.698,0,0,eGFP2
6513,19:55:06,0.117,0.633,0,0,eGFP2
6514,19:55:07,0.116,0.928,0,0,eGFP2
6515,19:55:08,0.172,0.841,0,0,eGFP2
6516,19:55:08,0.097,0.558,0,0,eGFP2
6517,19:55:09,0.094,0.544,0,0,eGFP2
6518,19:55:10,0.097,0.777,0,0,eGFP2
6519,19:55:10,0.139,0.742,0,0,eGFP2
6520,19:55:11,0.139,0.731,0,0,eGFP2
6521,19:55:12,0.139,0.754,0,0,eGFP2
6522,19:55:12,0.116,0.610,0,0,eGFP2
6523,19:55:13,0.084,0.556,0,0,eGFP2
6524,19:55:14,0.117,0.830,0,0,eGFP2
6525,19:55:15,0.134,0.781,0,0,eGFP2
6526,19:55:15,0.138,0.698,0,0,eGFP2
6527,19:55:16,0.105,0.719,0,0,eGFP2
6528,19:55:17,0.138,0.863,0,0,eGFP2
6529,19:55:17,0.127,0.631,0,0,eGFP2
6530,19:55:18,0.095,0.621,0,0,eGFP2
6531,19:55:19,0.105,0.555,0,0,eGFP2
6532,19:55:19,0.096,0.645,0,0,eGFP2
6533,19:55:20,0.150,1.083,0,0,eGFP2
6534,19:55:21,0.160,0.741,0,0,eGFP2
6535,19:55:22,0.117,0.698,0,0,eGFP2
6536,19:55:23,0.116,0.720,0,0,eGFP2
6537,19:55:23,0.127,0.599,0,0,eGFP2
6538,19:55:24,0.083,0.467,0,0,eGFP2
6539,19:55:24,0.094,0.588,0,0,eGFP2
6540,19:55:25,0.182,0.874,0,0,eGFP2
6541,19:55:26,0.107,0.666,0,0,eGFP2
6542,19:55:26,0.105,0.577,0,0,eGFP2
6543,19:55:27,0.106,0.720,0,0,eGFP2
6544,19:55:28,0.127,0.698,0,0,eGFP2
6545,19:55:29,0.127,0.786,0,0,eGFP2
6546,19:55:29,0.118,0.754,0,0,eGFP2
6547,19:55:30,0.127,0.775,0,0,eGFP2
6548,19:55:31,0.116,0.566,0,0,eGFP2
6549,19:55:31,0.094,0.654,0,0,eGFP2
6550,19:55:32,0.159,0.784,0,0,eGFP2
6551,19:55:33,0.106,0.687,0,0,eGFP2
6552,19:55:34,0.150,0.863,0,0,eGFP2
6553,19:55:34,0.138,0.819,0,0,eGFP2
6554,19:55:35,0.127,0.741,0,0,eGFP2
6555,19:55:36,0.117,0.655,0,0,eGFP2
6556,19:55:36,0.105,0.632,0,0,eGFP2
6557,19:55:37,0.127,0.753,0,0,eGFP2
6558,19:55:38,0.107,0.579,0,0,eGFP2
6559,19:55:39,0.094,0.731,0,0,eGFP2
6560,19:55:39,0.151,0.831,0,0,eGFP2
6561,19:55:40,0.105,0.687,0,0,eGFP2
6562,19:55:41,0.127,0.654,0,0,eGFP2
6563,19:55:41,0.117,0.775,0,0,eGFP2
6564,19:55:42,0.117,0.665,0,0,eGFP2
6565,19:55:43,0.128,0.841,0,0,eGFP2
6566,19:55:44,0.151,0.777,0,0,eGFP2
6567,19:55:45,0.128,0.797,0,0,eGFP2
6568,19:55:45,0.150,0.808,0,0,eGFP2
6569,19:55:46,0.117,0.709,0,0,eGFP2
6570,19:55:47,0.139,0.907,0,0,eGFP2
6571,19:55:48,0.139,0.676,0,0,eGFP2
6572,19:55:48,0.095,0.622,0,0,eGFP2
6573,19:55:49,0.129,0.787,0,0,eGFP2
6574,19:55:50,0.118,0.656,0,0,eGFP2
6575,19:55:51,0.128,0.852,0,0,eGFP2
6576,19:55:51,0.150,0.709,0,0,eGFP2
6577,19:55:52,0.095,0.589,0,0,eGFP2
6578,19:55:53,0.127,0.764,0,0,eGFP2
6579,19:55:53,0.127,0.687,0,0,eGFP2
6580,19:55:54,0.117,0.742,0,0,eGFP2
6581,19:55:55,0.128,0.731,0,0,eGFP2
6582,19:55:55,0.106,0.567,0,0,eGFP2
6583,19:55:56,0.096,0.601,0,0,eGFP2
6584,19:55:58,0.117,2.048,0,0,eGFP2
6585,19:55:59,0.139,0.633,0,0,eGFP2
6586,19:55:59,0.106,0.676,0,0,eGFP2
6587,19:56:00,0.108,0.525,0,0,eGFP2
6588,19:56:00,0.078,0.462,0,0,eGFP2
6589,19:56:01,0.083,0.522,0,0,eGFP2
6590,19:56:01,0.094,0.489,0,0,eGFP2
6591,19:56:02,0.074,0.436,0,0,eGFP2
6592,19:56:02,0.072,0.687,0,0,eGFP2
6593,19:56:03,0.193,0.818,0,0,eGFP2
6594,19:56:04,0.094,0.654,0,0,eGFP2
6595,19:56:05,0.127,0.785,0,0,eGFP2
6596,19:56:05,0.105,0.544,0,0,eGFP2
6597,19:56:06,0.084,0.786,0,0,eGFP2
6598,19:56:07,0.149,0.730,0,0,eGFP2
6599,19:56:07,0.118,0.612,0,0,eGFP2
6600,19:56:08,0.105,0.774,0,0,eGFP2
6601,19:56:10,0.250,1.391,0,0,eGFP2
6602,19:56:10,0.116,0.610,0,0,eGFP2
6603,19:56:11,0.105,0.599,0,0,eGFP2
6604,19:56:11,0.094,0.500,0,0,eGFP2
6605,19:56:12,0.105,0.654,0,0,eGFP2
6606,19:56:13,0.138,0.676,0,0,eGFP2
6607,19:56:13,0.096,0.557,0,0,eGFP2
6608,19:56:14,0.105,0.708,0,0,eGFP2
6609,19:56:14,0.128,0.676,0,0,eGFP2
6610,19:56:15,0.106,0.764,0,0,eGFP2
6611,19:56:16,0.171,1.082,0,0,eGFP2
6612,19:56:17,0.149,0.753,0,0,eGFP2
6613,19:56:18,0.116,0.621,0,0,eGFP2
6614,19:56:18,0.094,0.478,0,0,eGFP2
6615,19:56:19,0.074,0.458,0,0,eGFP2
6616,19:56:20,0.096,0.963,0,0,eGFP2
6617,19:56:25,0.259,5.055,0,0,eGFP2
6618,19:56:26,0.665,1.400,0,0,eGFP2
6619,19:56:27,0.105,0.808,0,0,eGFP2
6620,19:56:28,0.149,0.676,0,0,eGFP2
6621,19:56:28,0.083,0.489,0,0,eGFP2
6622,19:56:30,0.161,1.862,0,0,eGFP2
6623,19:56:31,0.116,0.654,0,0,eGFP2
6624,19:56:31,0.107,0.601,0,0,eGFP2
6625,19:56:32,0.105,0.599,0,0,eGFP2
6626,19:56:32,0.095,0.490,0,0,eGFP2
6627,19:56:33,0.072,0.413,0,0,eGFP2
6628,19:56:33,0.072,0.489,0,0,eGFP2
6629,19:56:34,0.129,0.744,0,0,eGFP2
6630,19:56:34,0.094,0.478,0,0,eGFP2
6631,19:56:35,0.084,0.622,0,0,eGFP2
6632,19:56:36,0.118,0.634,0,0,eGFP2
6633,19:56:36,0.105,0.533,0,0,eGFP2
6634,19:56:37,0.073,0.435,0,0,eGFP2
6635,19:56:37,0.084,0.577,0,0,eGFP2
6636,19:56:38,0.139,0.787,0,0,eGFP2
6637,19:56:39,0.094,0.555,0,0,eGFP2
6638,19:56:39,0.106,0.665,0,0,eGFP2
6639,19:56:40,0.106,0.567,0,0,eGFP2
6640,19:56:40,0.096,0.634,0,0,eGFP2
6641,19:56:41,0.139,0.841,0,0,eGFP2
6642,19:56:42,0.117,0.665,0,0,eGFP2
6643,19:56:42,0.097,0.492,0,0,eGFP2
6644,19:56:43,0.084,0.468,0,0,eGFP2
6645,19:56:44,0.095,0.665,0,0,eGFP2
6646,19:56:44,0.106,0.556,0,0,eGFP2
6647,19:56:45,0.095,0.632,0,0,eGFP2
6648,19:56:45,0.128,0.754,0,0,eGFP2
6649,19:56:46,0.129,0.744,0,0,eGFP2
6650,19:56:47,0.138,0.775,0,0,eGFP2
6651,19:56:48,0.106,0.687,0,0,eGFP2
6652,19:56:49,0.133,0.857,0,0,eGFP2
6653,19:56:49,0.160,0.841,0,0,eGFP2
6654,19:56:50,0.105,0.577,0,0,eGFP2
6655,19:56:50,0.094,0.533,0,0,eGFP2
6656,19:56:51,0.094,0.643,0,0,eGFP2
6657,19:56:52,0.116,0.708,0,0,eGFP2
6658,19:56:52,0.106,0.610,0,0,eGFP2
6659,19:56:53,0.095,0.632,0,0,eGFP2
6660,19:56:54,0.149,0.764,0,0,eGFP2
6661,19:56:54,0.094,0.555,0,0,eGFP2
6662,19:56:55,0.105,0.742,0,0,eGFP2
6663,19:56:56,0.116,0.632,0,0,eGFP2
6664,19:56:56,0.116,0.643,0,0,eGFP2
6665,19:56:57,0.129,0.820,0,0,eGFP2
6666,19:56:58,0.127,0.753,0,0,eGFP2
6667,19:56:59,0.116,0.753,0,0,eGFP2
6668,19:57:00,0.127,0.807,0,0,eGFP2
6669,19:57:00,0.117,0.698,0,0,eGFP2
6670,19:57:01,0.118,0.656,0,0,eGFP2
6671,19:57:02,0.116,0.654,0,0,eGFP2
6672,19:57:02,0.105,0.808,0,0,eGFP2
6673,19:57:03,0.139,0.831,0,0,eGFP2
6674,19:57:04,0.127,1.060,0,0,eGFP2
6675,19:57:05,0.401,1.005,0,0,eGFP2
6676,19:57:06,0.094,0.522,0,0,eGFP2
6677,19:57:06,0.095,0.578,0,0,eGFP2
6678,19:57:07,0.116,0.665,0,0,eGFP2
6679,19:57:08,0.105,0.522,0,0,eGFP2
6680,19:57:08,0.094,0.500,0,0,eGFP2
6681,19:57:09,0.095,0.655,0,0,eGFP2
6682,19:57:10,0.139,0.864,0,0,eGFP2
6683,19:57:10,0.127,0.731,0,0,eGFP2
6684,19:57:11,0.107,0.568,0,0,eGFP2
6685,19:57:12,0.116,0.819,0,0,eGFP2
6686,19:57:12,0.127,0.698,0,0,eGFP2
6687,19:57:13,0.105,0.610,0,0,eGFP2
6688,19:57:14,0.106,0.654,0,0,eGFP2
6689,19:57:14,0.139,0.863,0,0,eGFP2
6690,19:57:15,0.118,0.634,0,0,eGFP2
6691,19:57:16,0.117,0.775,0,0,eGFP2
6692,19:57:17,0.150,0.753,0,0,eGFP2
6693,19:57:17,0.270,0.655,0,0,eGFP2
6694,19:57:18,0.412,1.170,0,0,eGFP2
6695,19:57:19,0.094,0.665,0,0,eGFP2
6696,19:57:20,0.160,0.984,0,0,eGFP2
6697,19:57:21,0.160,0.808,0,0,eGFP2
6698,19:57:22,0.109,0.602,0,0,eGFP2
6699,19:57:22,0.117,0.677,0,0,eGFP2
6700,19:57:23,0.105,0.577,0,0,eGFP2
6701,19:57:24,0.106,0.743,0,0,eGFP2
6702,19:57:24,0.138,0.632,0,0,eGFP2
6703,19:57:25,0.095,0.600,0,0,eGFP2
6704,19:57:26,0.127,0.819,0,0,eGFP2
6705,19:57:26,0.116,0.632,0,0,eGFP2
6706,19:57:27,0.108,0.678,0,0,eGFP2
6707,19:57:28,0.139,0.753,0,0,eGFP2
6708,19:57:28,0.128,0.655,0,0,eGFP2
6709,19:57:29,0.095,0.633,0,0,eGFP2
6710,19:57:30,0.193,1.422,0,0,eGFP2
6711,19:57:31,0.128,0.578,0,0,eGFP2
6712,19:57:31,0.086,0.514,0,0,eGFP2
6713,19:57:32,0.094,0.687,0,0,eGFP2
6714,19:57:33,0.117,0.622,0,0,eGFP2
6715,19:57:33,0.090,0.496,0,0,eGFP2
6716,19:57:34,0.084,0.588,0,0,eGFP2
6717,19:57:35,0.116,0.786,0,0,eGFP2
6718,19:57:35,0.116,0.544,0,0,eGFP2
6719,19:57:36,0.083,0.456,0,0,eGFP2
6720,19:57:36,0.083,0.676,0,0,eGFP2
6721,19:57:37,0.160,0.731,0,0,eGFP2
6722,19:57:38,0.116,0.599,0,0,eGFP2
6723,19:57:38,0.096,0.589,0,0,eGFP2
6724,19:57:39,0.095,0.545,0,0,eGFP2
6725,19:57:39,0.094,0.489,0,0,eGFP2
6726,19:57:40,0.096,0.655,0,0,eGFP2
6727,19:57:41,0.150,0.808,0,0,eGFP2
6728,19:57:41,0.105,0.566,0,0,eGFP2
6729,19:57:42,0.116,0.841,0,0,eGFP2
6730,19:57:43,0.138,0.676,0,0,eGFP2
6731,19:57:43,0.095,0.545,0,0,eGFP2
6732,19:57:44,0.095,0.764,0,0,eGFP2
6733,19:57:45,0.160,0.797,0,0,eGFP2
6734,19:57:46,0.116,0.665,0,0,eGFP2
6735,19:57:46,0.094,0.478,0,0,eGFP2
6736,19:57:47,0.084,0.512,0,0,eGFP2
6737,19:57:47,0.105,0.873,0,0,eGFP2
6738,19:57:48,0.128,0.654,0,0,eGFP2
6739,19:57:49,0.096,0.612,0,0,eGFP2
6740,19:57:49,0.118,0.634,0,0,eGFP2
6741,19:57:50,0.094,0.500,0,0,eGFP2
6742,19:57:50,0.095,0.578,0,0,eGFP2
6743,19:57:51,0.127,0.829,0,0,eGFP2
6744,19:57:52,0.117,0.676,0,0,eGFP2
6745,19:57:53,0.128,0.797,0,0,eGFP2
6746,19:57:53,0.117,0.676,0,0,eGFP2
6747,19:57:55,0.161,1.324,0,0,eGFP2
6748,19:57:55,0.184,0.788,0,0,eGFP2
6749,19:57:56,0.116,0.807,0,0,eGFP2
6750,19:57:57,0.128,0.721,0,0,eGFP2
6751,19:57:58,0.105,0.566,0,0,eGFP2
6752,19:57:58,0.084,0.501,0,0,eGFP2
6753,19:57:59,0.096,0.677,0,0,eGFP2
6754,19:58:00,0.128,0.753,0,0,eGFP2
6755,19:58:00,0.106,0.633,0,0,eGFP2
6756,19:58:02,0.129,1.380,0,0,eGFP2
6757,19:58:02,0.193,0.775,0,0,eGFP2
6758,19:58:03,0.106,0.720,0,0,eGFP2
6759,19:58:04,0.106,0.567,0,0,eGFP2
6760,19:58:04,0.105,0.698,0,0,eGFP2
6761,19:58:05,0.150,0.797,0,0,eGFP2
6762,19:58:06,0.117,0.698,0,0,eGFP2
6763,19:58:07,0.136,0.828,0,0,eGFP2
6764,19:58:08,0.139,1.006,0,0,eGFP2
6765,19:58:30,0.412,22.756,0,0,eGFP2
6766,19:58:31,0.105,0.522,0,0,eGFP2
6767,19:58:31,0.084,0.534,0,0,eGFP2
6768,19:58:32,0.094,0.555,0,0,eGFP2
6769,19:58:33,0.105,0.511,0,0,eGFP2
6770,19:58:33,0.073,0.413,0,0,eGFP2
6771,19:58:33,0.072,0.544,0,0,eGFP2
6772,19:58:34,0.107,0.600,0,0,eGFP2
6773,19:58:35,0.084,0.479,0,0,eGFP2
6774,19:58:35,0.083,0.478,0,0,eGFP2
6775,19:58:36,0.094,0.511,0,0,eGFP2
6776,19:58:36,0.094,0.511,0,0,eGFP2
6777,19:58:37,0.094,0.588,0,0,eGFP2
6778,19:58:37,0.116,0.632,0,0,eGFP2
6779,19:58:38,0.116,0.687,0,0,eGFP2
6780,19:58:39,0.094,0.555,0,0,eGFP2
6781,19:58:39,0.098,0.526,0,0,eGFP2
6782,19:58:40,0.094,0.665,0,0,eGFP2
6783,19:58:40,0.127,0.632,0,0,eGFP2
6784,19:58:41,0.094,0.555,0,0,eGFP2
6785,19:58:41,0.105,0.577,0,0,eGFP2
6786,19:58:42,0.105,0.577,0,0,eGFP2
6787,19:58:43,0.094,0.522,0,0,eGFP2
6788,19:58:43,0.095,0.611,0,0,eGFP2
6789,19:58:44,0.119,0.799,0,0,eGFP2
6790,19:58:45,0.127,0.709,0,0,eGFP2
6791,19:58:45,0.127,0.808,0,0,eGFP2
6792,19:58:46,0.116,0.610,0,0,eGFP2
6793,19:58:47,0.094,0.566,0,0,eGFP2
6794,19:58:47,0.094,0.621,0,0,eGFP2
6795,19:58:48,0.129,0.799,0,0,eGFP2
6796,19:58:49,0.127,0.687,0,0,eGFP2
6797,19:58:49,0.107,0.535,0,0,eGFP2
6798,19:58:50,0.072,0.434,0,0,eGFP2
6799,19:58:50,0.073,0.523,0,0,eGFP2
6800,19:58:51,0.149,0.873,0,0,eGFP2
6801,19:58:52,0.106,0.556,0,0,eGFP2
6802,19:58:52,0.094,0.742,0,0,eGFP2
6803,19:58:53,0.127,0.588,0,0,eGFP2
6804,19:58:54,0.073,0.490,0,0,eGFP2
6805,19:58:54,0.105,0.884,0,0,eGFP2
6806,19:58:55,0.126,0.664,0,0,eGFP2
6807,19:58:56,0.095,0.544,0,0,eGFP2
6808,19:58:56,0.106,0.710,0,0,eGFP2
6809,19:58:57,0.151,0.831,0,0,eGFP2
6810,19:58:58,0.117,0.610,0,0,eGFP2
6811,19:58:58,0.106,0.710,0,0,eGFP2
6812,19:58:59,0.138,0.753,0,0,eGFP2
6813,19:59:00,0.105,0.577,0,0,eGFP2
6814,19:59:01,0.107,0.744,0,0,eGFP2
6815,19:59:01,0.105,0.577,0,0,eGFP2
6816,19:59:02,0.095,0.732,0,0,eGFP2
6817,19:59:03,0.149,0.818,0,0,eGFP2
6818,19:59:03,0.095,0.633,0,0,eGFP2
6819,19:59:04,0.128,0.863,0,0,eGFP2
6820,19:59:05,0.127,0.720,0,0,eGFP2
6821,19:59:06,0.106,0.643,0,0,eGFP2
6822,19:59:06,0.108,0.755,0,0,eGFP2
6823,19:59:07,0.119,0.744,0,0,eGFP2
6824,19:59:08,0.128,0.797,0,0,eGFP2
6825,19:59:08,0.117,0.633,0,0,eGFP2
6826,19:59:09,0.095,0.632,0,0,eGFP2
6827,19:59:10,0.111,0.725,0,0,eGFP2
6828,19:59:11,0.138,0.753,0,0,eGFP2
6829,19:59:11,0.105,0.719,0,0,eGFP2
6830,19:59:12,0.129,0.722,0,0,eGFP2
6831,19:59:13,0.105,0.719,0,0,eGFP2
6832,19:59:14,0.160,0.961,0,0,eGFP2
6833,19:59:14,0.138,0.698,0,0,eGFP2
6834,19:59:15,0.116,0.676,0,0,eGFP2
6835,19:59:16,0.149,0.884,0,0,eGFP2
6836,19:59:17,0.117,0.699,0,0,eGFP2
6837,19:59:17,0.116,0.698,0,0,eGFP2
6838,19:59:18,0.105,0.621,0,0,eGFP2
6839,19:59:19,0.128,0.688,0,0,eGFP2
6840,19:59:19,0.127,0.643,0,0,eGFP2
6841,19:59:20,0.105,0.687,0,0,eGFP2
6842,19:59:21,0.193,0.928,0,0,eGFP2
6843,19:59:22,0.116,0.763,0,0,eGFP2
6844,19:59:22,0.128,0.753,0,0,eGFP2
6845,19:59:24,0.105,1.323,0,0,eGFP2
6846,19:59:24,0.139,0.643,0,0,eGFP2
6847,19:59:25,0.107,0.568,0,0,eGFP2
6848,19:59:26,0.094,0.676,0,0,eGFP2
6849,19:59:26,0.127,0.709,0,0,eGFP2
6850,19:59:27,0.118,0.633,0,0,eGFP2
6851,19:59:28,0.106,0.611,0,0,eGFP2
6852,19:59:28,0.116,0.752,0,0,eGFP2
6853,19:59:29,0.117,0.665,0,0,eGFP2
6854,19:59:30,0.128,0.665,0,0,eGFP2
6855,19:59:30,0.107,0.535,0,0,eGFP2
6856,19:59:31,0.084,0.555,0,0,eGFP2
6857,19:59:32,0.128,0.885,0,0,eGFP2
6858,19:59:32,0.094,0.621,0,0,eGFP2
6859,19:59:33,0.116,0.720,0,0,eGFP2
6860,19:59:34,0.105,0.577,0,0,eGFP2
6861,19:59:34,0.084,0.545,0,0,eGFP2
6862,19:59:35,0.105,0.599,0,0,eGFP2
6863,19:59:35,0.118,0.787,0,0,eGFP2
6864,19:59:36,0.129,0.788,0,0,eGFP2
6865,19:59:37,0.160,1.225,0,0,eGFP2
6866,19:59:39,0.281,1.202,0,0,eGFP2
6867,19:59:39,0.150,0.709,0,0,eGFP2
6868,19:59:40,0.095,0.545,0,0,eGFP2
6869,19:59:41,0.094,0.632,0,0,eGFP2
6870,19:59:41,0.150,0.731,0,0,eGFP2
6871,19:59:42,0.106,0.665,0,0,eGFP2
6872,19:59:43,0.119,0.722,0,0,eGFP2
6873,19:59:43,0.128,0.742,0,0,eGFP2
6874,19:59:44,0.106,0.578,0,0,eGFP2
6875,19:59:45,0.094,0.698,0,0,eGFP2
6876,19:59:46,0.149,1.104,0,0,eGFP2
6877,19:59:47,0.468,1.137,0,0,eGFP2
6878,19:59:48,0.118,0.645,0,0,eGFP2
6879,19:59:48,0.084,0.523,0,0,eGFP2
6880,19:59:49,0.096,0.601,0,0,eGFP2
6881,19:59:49,0.127,0.720,0,0,eGFP2
6882,19:59:50,0.095,0.545,0,0,eGFP2
6883,19:59:51,0.094,0.610,0,0,eGFP2
6884,19:59:51,0.161,0.808,0,0,eGFP2
6885,19:59:52,0.106,0.633,0,0,eGFP2
6886,19:59:53,0.116,0.698,0,0,eGFP2
6887,19:59:53,0.106,0.556,0,0,eGFP2
6888,19:59:54,0.089,0.517,0,0,eGFP2
6889,19:59:54,0.095,0.534,0,0,eGFP2
6890,19:59:55,0.089,0.539,0,0,eGFP2
6891,19:59:55,0.094,0.565,0,0,eGFP2
6892,19:59:56,0.107,0.765,0,0,eGFP2
6893,19:59:57,0.138,0.775,0,0,eGFP2
6894,19:59:58,0.116,0.752,0,0,eGFP2
6895,19:59:59,0.226,1.269,0,0,eGFP2
6896,20:00:00,0.106,0.600,0,0,eGFP2
6897,20:00:00,0.083,0.456,0,0,eGFP2
6898,20:00:01,0.062,0.435,0,0,eGFP2
6899,20:00:01,0.105,0.807,0,0,eGFP2
6900,20:00:02,0.127,0.621,0,0,eGFP2
6901,20:00:03,0.095,0.577,0,0,eGFP2
6902,20:00:03,0.117,0.709,0,0,eGFP2
6903,20:00:04,0.105,0.654,0,0,eGFP2
6904,20:00:04,0.094,0.489,0,0,eGFP2
6905,20:00:05,0.085,0.513,0,0,eGFP2
6906,20:00:06,0.118,0.996,0,0,eGFP2
6907,20:00:07,0.160,0.764,0,0,eGFP2
6908,20:00:07,0.105,0.698,0,0,eGFP2
6909,20:00:08,0.138,0.741,0,0,eGFP2
6910,20:00:09,0.106,0.611,0,0,eGFP2
6911,20:00:09,0.105,0.522,0,0,eGFP2
6912,20:00:10,0.083,0.500,0,0,eGFP2
6913,20:00:10,0.085,0.568,0,0,eGFP2
6914,20:00:11,0.138,1.060,0,0,eGFP2
6915,20:00:12,0.138,0.709,0,0,eGFP2
6916,20:00:13,0.105,0.621,0,0,eGFP2
6917,20:00:13,0.117,0.764,0,0,eGFP2
6918,20:00:14,0.116,0.676,0,0,eGFP2
6919,20:00:15,0.129,0.853,0,0,eGFP2
6920,20:00:16,0.128,0.687,0,0,eGFP2
6921,20:00:16,0.107,0.546,0,0,eGFP2
6922,20:00:17,0.095,0.578,0,0,eGFP2
6923,20:00:18,0.138,0.829,0,0,eGFP2
6924,20:00:18,0.139,0.841,0,0,eGFP2
6925,20:00:19,0.150,0.797,0,0,eGFP2
6926,20:00:20,0.117,0.665,0,0,eGFP2
6927,20:00:21,0.128,0.841,0,0,eGFP2
6928,20:00:22,0.160,0.764,0,0,eGFP2
6929,20:00:22,0.107,0.623,0,0,eGFP2
6930,20:00:23,0.138,0.819,0,0,eGFP2
6931,20:00:24,0.105,0.599,0,0,eGFP2
6932,20:00:24,0.117,0.753,0,0,eGFP2
6933,20:00:25,0.151,0.766,0,0,eGFP2
6934,20:00:26,0.116,0.742,0,0,eGFP2
6935,20:00:27,0.138,0.830,0,0,eGFP2
6936,20:00:27,0.127,0.610,0,0,eGFP2
6937,20:00:28,0.095,0.709,0,0,eGFP2
6938,20:00:29,0.130,0.744,0,0,eGFP2
6939,20:00:29,0.117,0.633,0,0,eGFP2
6940,20:00:30,0.116,0.698,0,0,eGFP2
6941,20:00:31,0.116,0.698,0,0,eGFP2
6942,20:00:32,0.128,0.819,0,0,eGFP2
6943,20:00:32,0.161,0.841,0,0,eGFP2
6944,20:00:33,0.117,0.753,0,0,eGFP2
6945,20:00:34,0.139,0.720,0,0,eGFP2
6946,20:00:34,0.108,0.558,0,0,eGFP2
6947,20:00:35,0.096,0.612,0,0,eGFP2
6948,20:00:36,0.106,0.633,0,0,eGFP2
6949,20:00:36,0.105,0.742,0,0,eGFP2
6950,20:00:37,0.138,0.731,0,0,eGFP2
6951,20:00:38,0.128,0.940,0,0,eGFP2
6952,20:00:39,0.204,0.896,0,0,eGFP2
6953,20:00:40,0.133,0.769,0,0,eGFP2
6954,20:00:40,0.118,0.699,0,0,eGFP2
6955,20:00:41,0.094,0.566,0,0,eGFP2
6956,20:00:42,0.116,0.786,0,0,eGFP2
6957,20:00:43,0.138,0.741,0,0,eGFP2
6958,20:00:43,0.116,0.632,0,0,eGFP2
6959,20:00:44,0.105,0.687,0,0,eGFP2
6960,20:00:45,0.138,0.741,0,0,eGFP2
6961,20:00:45,0.107,0.535,0,0,eGFP2
6962,20:00:46,0.085,0.590,0,0,eGFP2
6963,20:00:47,0.192,0.939,0,0,eGFP2
6964,20:00:47,0.116,0.665,0,0,eGFP2
6965,20:00:48,0.138,0.840,0,0,eGFP2
6966,20:00:49,0.105,0.555,0,0,eGFP2
6967,20:00:49,0.105,0.676,0,0,eGFP2
6968,20:00:50,0.127,0.786,0,0,eGFP2
6969,20:00:51,0.127,0.752,0,0,eGFP2
6970,20:00:52,0.138,0.830,0,0,eGFP2
6971,20:00:53,0.139,0.809,0,0,eGFP2
6972,20:00:53,0.116,0.753,0,0,eGFP2
6973,20:00:54,0.127,0.708,0,0,eGFP2
6974,20:00:55,0.095,0.501,0,0,eGFP2
6975,20:00:55,0.085,0.578,0,0,eGFP2
6976,20:00:56,0.139,0.753,0,0,eGFP2
6977,20:00:56,0.117,0.566,0,0,eGFP2
6978,20:00:57,0.106,0.775,0,0,eGFP2
6979,20:00:58,0.228,1.051,0,0,eGFP2
6980,20:00:59,0.127,0.687,0,0,eGFP2
6981,20:00:59,0.105,0.544,0,0,eGFP2
6982,20:01:00,0.106,0.709,0,0,eGFP2
6983,20:01:01,0.116,0.654,0,0,eGFP2
6984,20:01:02,0.127,1.082,0,0,eGFP2
6985,20:01:03,0.237,0.885,0,0,eGFP2
6986,20:01:03,0.105,0.588,0,0,eGFP2
6987,20:01:04,0.107,0.733,0,0,eGFP2
6988,20:01:05,0.116,0.698,0,0,eGFP2
6989,20:01:05,0.096,0.546,0,0,eGFP2
6990,20:01:06,0.094,0.566,0,0,eGFP2
6991,20:01:07,0.116,0.797,0,0,eGFP2
6992,20:01:07,0.138,0.709,0,0,eGFP2
6993,20:01:08,0.127,0.808,0,0,eGFP2
6994,20:01:09,0.160,0.819,0,0,eGFP2
6995,20:01:10,0.129,0.864,0,0,eGFP2
6996,20:01:11,0.138,0.742,0,0,eGFP2
6997,20:01:12,0.149,0.863,0,0,eGFP2
6998,20:01:12,0.127,0.786,0,0,eGFP2
6999,20:01:13,0.118,0.644,0,0,eGFP2
7000,20:01:14,0.117,0.830,0,0,eGFP2
7001,20:01:15,0.139,0.775,0,0,eGFP2
7002,20:01:15,0.118,0.656,0,0,eGFP2
7003,20:01:16,0.117,0.654,0,0,eGFP2
7004,20:01:17,0.108,0.667,0,0,eGFP2
7005,20:01:17,0.150,0.885,0,0,eGFP2
7006,20:01:18,0.128,0.742,0,0,eGFP2
7007,20:01:20,0.117,1.478,0,0,eGFP2
7008,20:01:21,0.215,0.852,0,0,eGFP2
7009,20:01:21,0.094,0.522,0,0,eGFP2
7010,20:01:22,0.073,0.468,0,0,eGFP2
7011,20:01:22,0.095,0.556,0,0,eGFP2
7012,20:01:23,0.118,0.831,0,0,eGFP2
7013,20:01:24,0.205,0.863,0,0,eGFP2
7014,20:01:24,0.106,0.622,0,0,eGFP2
7015,20:01:25,0.095,0.523,0,0,eGFP2
7016,20:01:25,0.085,0.458,0,0,eGFP2
7017,20:01:26,0.089,0.989,0,0,eGFP2
7018,20:01:27,0.357,1.081,0,0,eGFP2
7019,20:01:28,0.094,0.621,0,0,eGFP2
7020,20:01:29,0.107,0.611,0,0,eGFP2
7021,20:01:29,0.094,0.555,0,0,eGFP2
7022,20:01:30,0.094,0.544,0,0,eGFP2
7023,20:01:30,0.094,0.643,0,0,eGFP2
7024,20:01:31,0.149,0.862,0,0,eGFP2
7025,20:01:32,0.116,0.643,0,0,eGFP2
7026,20:01:33,0.138,0.830,0,0,eGFP2
7027,20:01:33,0.127,0.708,0,0,eGFP2
7028,20:01:34,0.096,0.480,0,0,eGFP2
7029,20:01:34,0.083,0.555,0,0,eGFP2
7030,20:01:37,0.162,2.269,0,0,eGFP2
7031,20:01:38,0.215,0.830,0,0,eGFP2
7032,20:01:38,0.105,0.599,0,0,eGFP2
7033,20:01:39,0.083,0.478,0,0,eGFP2
7034,20:01:39,0.083,0.522,0,0,eGFP2
7035,20:01:47,0.117,7.425,0,0,eGFP2
7036,20:01:47,0.149,0.676,0,0,eGFP2
7037,20:01:48,0.239,0.831,0,0,eGFP2
7038,20:01:49,0.128,0.896,0,0,eGFP2
7039,20:01:49,0.094,0.489,0,0,eGFP2
7040,20:01:50,0.073,0.479,0,0,eGFP2
7041,20:01:50,0.083,0.489,0,0,eGFP2
7042,20:01:51,0.084,0.512,0,0,eGFP2
7043,20:01:51,0.083,0.489,0,0,eGFP2
7044,20:01:52,0.074,0.425,0,0,eGFP2
7045,20:01:52,0.074,0.568,0,0,eGFP2
7046,20:01:53,0.139,0.709,0,0,eGFP2
7047,20:01:54,0.084,0.468,0,0,eGFP2
7048,20:01:54,0.084,0.622,0,0,eGFP2
7049,20:01:55,0.149,0.753,0,0,eGFP2
7050,20:01:56,0.083,1.444,0,0,eGFP2
7051,20:01:57,0.204,0.874,0,0,eGFP2
7052,20:01:58,0.138,0.906,0,0,eGFP2
7053,20:01:59,0.140,0.876,0,0,eGFP2
7054,20:02:00,0.138,0.786,0,0,eGFP2
7055,20:02:01,0.116,0.731,0,0,eGFP2
7056,20:02:01,0.138,0.687,0,0,eGFP2
7057,20:02:02,0.083,0.511,0,0,eGFP2
7058,20:02:02,0.086,0.546,0,0,eGFP2
7059,20:02:03,0.117,0.797,0,0,eGFP2
7060,20:02:04,0.106,0.644,0,0,eGFP2
7061,20:02:05,0.116,0.698,0,0,eGFP2
7062,20:02:05,0.104,0.543,0,0,eGFP2
7063,20:02:06,0.083,0.588,0,0,eGFP2
7064,20:02:06,0.117,0.775,0,0,eGFP2
7065,20:02:08,0.139,1.291,0,0,eGFP2
7066,20:02:08,0.128,0.676,0,0,eGFP2
7067,20:02:09,0.106,0.589,0,0,eGFP2
7068,20:02:10,0.094,0.544,0,0,eGFP2
7069,20:02:10,0.106,0.764,0,0,eGFP2
7070,20:02:11,0.108,0.624,0,0,eGFP2
7071,20:02:11,0.083,0.478,0,0,eGFP2
7072,20:02:12,0.086,0.558,0,0,eGFP2
7073,20:02:13,0.116,0.720,0,0,eGFP2
7074,20:02:13,0.128,0.654,0,0,eGFP2
7075,20:02:14,0.106,0.567,0,0,eGFP2
7076,20:02:15,0.095,0.665,0,0,eGFP2
7077,20:02:15,0.117,0.688,0,0,eGFP2
7078,20:02:16,0.107,0.546,0,0,eGFP2
7079,20:02:16,0.095,0.710,0,0,eGFP2
7080,20:02:17,0.143,0.758,0,0,eGFP2
7081,20:02:18,0.105,0.632,0,0,eGFP2
7082,20:02:19,0.127,0.807,0,0,eGFP2
7083,20:02:19,0.116,0.588,0,0,eGFP2
7084,20:02:20,0.094,0.665,0,0,eGFP2
7085,20:02:21,0.150,0.732,0,0,eGFP2
7086,20:02:21,0.095,0.512,0,0,eGFP2
7087,20:02:22,0.084,0.588,0,0,eGFP2
7088,20:02:23,0.138,0.731,0,0,eGFP2
7089,20:02:23,0.094,0.588,0,0,eGFP2
7090,20:02:24,0.105,0.566,0,0,eGFP2
7091,20:02:24,0.105,0.555,0,0,eGFP2
7092,20:02:25,0.083,0.478,0,0,eGFP2
7093,20:02:25,0.083,0.687,0,0,eGFP2
7094,20:02:26,0.160,0.742,0,0,eGFP2
7095,20:02:27,0.106,0.677,0,0,eGFP2
7096,20:02:28,0.149,0.862,0,0,eGFP2
7097,20:02:28,0.117,0.610,0,0,eGFP2
7098,20:02:29,0.116,0.808,0,0,eGFP2
7099,20:02:30,0.162,0.776,0,0,eGFP2
7100,20:02:30,0.116,0.588,0,0,eGFP2
7101,20:02:31,0.084,0.468,0,0,eGFP2
7102,20:02:31,0.072,0.489,0,0,eGFP2
7103,20:02:32,0.085,0.667,0,0,eGFP2
7104,20:02:33,0.138,0.676,0,0,eGFP2
7105,20:02:33,0.105,0.621,0,0,eGFP2
7106,20:02:34,0.127,0.786,0,0,eGFP2
7107,20:02:35,0.116,0.566,0,0,eGFP2
7108,20:02:35,0.094,0.676,0,0,eGFP2
7109,20:02:36,0.138,0.687,0,0,eGFP2
7110,20:02:37,0.095,0.665,0,0,eGFP2
7111,20:02:38,0.195,0.908,0,0,eGFP2
7112,20:02:38,0.117,0.611,0,0,eGFP2
7113,20:02:39,0.088,0.505,0,0,eGFP2
7114,20:02:39,0.084,0.577,0,0,eGFP2
7115,20:02:40,0.139,0.742,0,0,eGFP2
7116,20:02:41,0.106,0.589,0,0,eGFP2
7117,20:02:41,0.105,0.807,0,0,eGFP2
7118,20:02:42,0.139,0.687,0,0,eGFP2
7119,20:02:43,0.108,0.645,0,0,eGFP2
7120,20:02:44,0.128,0.808,0,0,eGFP2
7121,20:02:44,0.117,0.632,0,0,eGFP2
7122,20:02:45,0.095,0.633,0,0,eGFP2
7123,20:02:46,0.171,0.983,0,0,eGFP2
7124,20:02:46,0.117,0.599,0,0,eGFP2
7125,20:02:47,0.095,0.666,0,0,eGFP2
7126,20:02:48,0.127,0.764,0,0,eGFP2
7127,20:02:49,0.107,0.699,0,0,eGFP2
7128,20:02:49,0.119,0.689,0,0,eGFP2
7129,20:02:52,0.128,2.696,0,0,eGFP2
7130,20:02:53,0.150,0.665,0,0,eGFP2
7131,20:02:53,0.106,0.578,0,0,eGFP2
7132,20:02:54,0.095,0.479,0,0,eGFP2
7133,20:02:54,0.083,0.435,0,0,eGFP2
7134,20:02:55,0.072,0.544,0,0,eGFP2
7135,20:02:55,0.117,0.677,0,0,eGFP2
7136,20:02:56,0.107,0.524,0,0,eGFP2
7137,20:02:57,0.095,0.688,0,0,eGFP2
7138,20:02:57,0.127,0.621,0,0,eGFP2
7139,20:02:58,0.084,0.512,0,0,eGFP2
7140,20:02:58,0.106,0.621,0,0,eGFP2
7141,20:02:59,0.108,0.657,0,0,eGFP2
7142,20:03:00,0.094,0.544,0,0,eGFP2
7143,20:03:00,0.089,0.803,0,0,eGFP2
7144,20:03:01,0.139,0.688,0,0,eGFP2
7145,20:03:02,0.083,0.500,0,0,eGFP2
7146,20:03:02,0.094,0.720,0,0,eGFP2
7147,20:03:03,0.127,0.621,0,0,eGFP2
7148,20:03:03,0.083,0.467,0,0,eGFP2
7149,20:03:04,0.084,0.544,0,0,eGFP2
7150,20:03:05,0.150,0.896,0,0,eGFP2
7151,20:03:05,0.116,0.599,0,0,eGFP2
7152,20:03:06,0.107,0.765,0,0,eGFP2
7153,20:03:07,0.117,0.687,0,0,eGFP2
7154,20:03:07,0.095,0.610,0,0,eGFP2
7155,20:03:08,0.118,0.700,0,0,eGFP2
7156,20:03:09,0.116,0.686,0,0,eGFP2
7157,20:03:10,0.117,0.698,0,0,eGFP2
7158,20:03:10,0.117,0.588,0,0,eGFP2
7159,20:03:11,0.117,0.753,0,0,eGFP2
7160,20:03:12,0.149,0.753,0,0,eGFP2
7161,20:03:12,0.129,0.699,0,0,eGFP2
7162,20:03:13,0.150,0.918,0,0,eGFP2
7163,20:03:14,0.138,0.731,0,0,eGFP2
7164,20:03:15,0.127,0.742,0,0,eGFP2
7165,20:03:15,0.127,0.731,0,0,eGFP2
7166,20:03:16,0.105,0.544,0,0,eGFP2
7167,20:03:16,0.095,0.523,0,0,eGFP2
7168,20:03:17,0.096,0.776,0,0,eGFP2
7169,20:03:18,0.195,0.941,0,0,eGFP2
7170,20:03:19,0.128,0.654,0,0,eGFP2
7171,20:03:20,0.128,0.786,0,0,eGFP2
7172,20:03:20,0.117,0.720,0,0,eGFP2
7173,20:03:21,0.106,0.600,0,0,eGFP2
7174,20:03:22,0.094,0.544,0,0,eGFP2
7175,20:03:22,0.106,0.599,0,0,eGFP2
7176,20:03:23,0.106,0.622,0,0,eGFP2
7177,20:03:23,0.118,0.732,0,0,eGFP2
7178,20:03:24,0.117,0.742,0,0,eGFP2
7179,20:03:25,0.161,0.940,0,0,eGFP2
7180,20:03:26,0.150,0.830,0,0,eGFP2
7181,20:03:27,0.160,0.940,0,0,eGFP2
7182,20:03:28,0.162,0.754,0,0,eGFP2
7183,20:03:28,0.095,0.490,0,0,eGFP2
7184,20:03:29,0.084,0.545,0,0,eGFP2
7185,20:03:29,0.118,0.787,0,0,eGFP2
7186,20:03:30,0.128,0.688,0,0,eGFP2
7187,20:03:31,0.127,0.786,0,0,eGFP2
7188,20:03:32,0.127,0.632,0,0,eGFP2
7189,20:03:32,0.095,0.523,0,0,eGFP2
7190,20:03:33,0.084,0.610,0,0,eGFP2
7191,20:03:34,0.172,0.830,0,0,eGFP2
7192,20:03:34,0.117,0.699,0,0,eGFP2
7193,20:03:35,0.127,0.753,0,0,eGFP2
7194,20:03:36,0.118,0.722,0,0,eGFP2
7195,20:03:37,0.117,0.764,0,0,eGFP2
7196,20:03:37,0.140,0.876,0,0,eGFP2
7197,20:03:38,0.116,0.610,0,0,eGFP2
7198,20:03:38,0.084,0.512,0,0,eGFP2
7199,20:03:39,0.095,0.545,0,0,eGFP2
7200,20:03:40,0.106,0.523,0,0,eGFP2
7201,20:03:42,0.105,2.103,0,0,eGFP2
7202,20:03:42,0.140,0.777,0,0,eGFP2
7203,20:03:43,0.094,0.643,0,0,eGFP2
7204,20:03:44,0.128,0.732,0,0,eGFP2
7205,20:03:44,0.094,0.555,0,0,eGFP2
7206,20:03:45,0.090,0.616,0,0,eGFP2
7207,20:03:46,0.138,0.819,0,0,eGFP2
7208,20:03:47,0.127,0.862,0,0,eGFP2
7209,20:03:47,0.160,0.797,0,0,eGFP2
7210,20:03:48,0.119,0.733,0,0,eGFP2
7211,20:03:49,0.139,0.709,0,0,eGFP2
7212,20:03:50,0.105,0.654,0,0,eGFP2
7213,20:03:50,0.127,0.830,0,0,eGFP2
7214,20:03:51,0.127,0.686,0,0,eGFP2
7215,20:03:52,0.106,0.556,0,0,eGFP2
7216,20:03:53,0.094,0.873,0,0,eGFP2
7217,20:03:54,0.281,1.389,0,0,eGFP2
7218,20:03:55,0.140,0.733,0,0,eGFP2
7219,20:03:55,0.116,0.708,0,0,eGFP2
7220,20:03:56,0.095,0.545,0,0,eGFP2
7221,20:03:57,0.094,0.719,0,0,eGFP2
7222,20:03:57,0.128,0.643,0,0,eGFP2
7223,20:03:58,0.095,0.665,0,0,eGFP2
7224,20:03:59,0.129,0.788,0,0,eGFP2
7225,20:03:59,0.116,0.566,0,0,eGFP2
7226,20:04:00,0.094,0.577,0,0,eGFP2
7227,20:04:01,0.107,0.842,0,0,eGFP2
7228,20:04:01,0.128,0.687,0,0,eGFP2
7229,20:04:02,0.128,0.775,0,0,eGFP2
7230,20:04:03,0.128,0.687,0,0,eGFP2
7231,20:04:03,0.117,0.632,0,0,eGFP2
7232,20:04:04,0.117,0.687,0,0,eGFP2
7233,20:04:05,0.128,0.797,0,0,eGFP2
7234,20:04:06,0.128,0.753,0,0,eGFP2
7235,20:04:07,0.151,0.886,0,0,eGFP2
7236,20:04:07,0.117,0.677,0,0,eGFP2
7237,20:04:08,0.094,0.511,0,0,eGFP2
7238,20:04:08,0.085,0.491,0,0,eGFP2
7239,20:04:09,0.095,0.786,0,0,eGFP2
7240,20:04:10,0.237,1.060,0,0,eGFP2
7241,20:04:11,0.106,0.611,0,0,eGFP2
7242,20:04:11,0.083,0.489,0,0,eGFP2
7243,20:04:12,0.086,0.558,0,0,eGFP2
7244,20:04:13,0.138,0.808,0,0,eGFP2
7245,20:04:13,0.128,0.676,0,0,eGFP2
7246,20:04:14,0.117,0.720,0,0,eGFP2
7247,20:04:15,0.117,0.742,0,0,eGFP2
7248,20:04:16,0.139,0.841,0,0,eGFP2
7249,20:04:16,0.150,0.830,0,0,eGFP2
7250,20:04:17,0.139,0.962,0,0,eGFP2
7251,20:04:18,0.140,0.678,0,0,eGFP2
7252,20:04:19,0.104,0.620,0,0,eGFP2
7253,20:04:19,0.138,0.764,0,0,eGFP2
7254,20:04:21,0.092,1.661,0,0,eGFP2
7255,20:04:23,0.258,1.433,0,0,eGFP2
7256,20:04:23,0.138,0.621,0,0,eGFP2
7257,20:04:24,0.094,0.588,0,0,eGFP2
7258,20:04:24,0.105,0.631,0,0,eGFP2
7259,20:04:25,0.127,0.687,0,0,eGFP2
7260,20:04:26,0.107,0.655,0,0,eGFP2
7261,20:04:26,0.117,0.720,0,0,eGFP2
7262,20:04:27,0.138,0.764,0,0,eGFP2
7263,20:04:28,0.105,0.610,0,0,eGFP2
7264,20:04:28,0.094,0.544,0,0,eGFP2
7265,20:04:29,0.095,0.644,0,0,eGFP2
7266,20:04:30,0.160,1.367,0,0,eGFP2
7267,20:04:31,0.128,0.621,0,0,eGFP2
7268,20:04:32,0.107,0.634,0,0,eGFP2
7269,20:04:32,0.105,0.555,0,0,eGFP2
7270,20:04:33,0.083,0.489,0,0,eGFP2
7271,20:04:33,0.095,0.764,0,0,eGFP2
7272,20:04:34,0.127,0.643,0,0,eGFP2
7273,20:04:35,0.083,0.467,0,0,eGFP2
7274,20:04:35,0.073,0.545,0,0,eGFP2
7275,20:04:36,0.160,0.884,0,0,eGFP2
7276,20:04:37,0.107,0.623,0,0,eGFP2
7277,20:04:37,0.116,0.665,0,0,eGFP2
7278,20:04:38,0.105,0.566,0,0,eGFP2
7279,20:04:38,0.085,0.579,0,0,eGFP2
7280,20:04:39,0.127,0.742,0,0,eGFP2
7281,20:04:40,0.094,0.511,0,0,eGFP2
7282,20:04:42,0.094,2.816,0,0,eGFP2
7283,20:04:43,0.193,0.731,0,0,eGFP2
7284,20:04:44,0.096,0.590,0,0,eGFP2
7285,20:04:44,0.116,0.632,0,0,eGFP2
7286,20:04:45,0.094,0.478,0,0,eGFP2
7287,20:04:45,0.084,0.534,0,0,eGFP2
7288,20:04:46,0.116,0.676,0,0,eGFP2
7289,20:04:47,0.094,0.511,0,0,eGFP2
7290,20:04:47,0.084,0.578,0,0,eGFP2
7291,20:04:48,0.160,1.016,0,0,eGFP2
7292,20:04:49,0.127,0.632,0,0,eGFP2
7293,20:04:50,0.109,0.701,0,0,eGFP2
7294,20:04:50,0.106,0.589,0,0,eGFP2
7295,20:04:51,0.105,0.687,0,0,eGFP2
7296,20:04:52,0.127,0.709,0,0,eGFP2
7297,20:04:52,0.117,0.643,0,0,eGFP2
7298,20:04:53,0.106,0.709,0,0,eGFP2
7299,20:04:54,0.183,0.852,0,0,eGFP2
7300,20:04:54,0.095,0.567,0,0,eGFP2
7301,20:04:55,0.085,0.491,0,0,eGFP2
7302,20:04:55,0.073,0.457,0,0,eGFP2
7303,20:04:56,0.083,0.621,0,0,eGFP2
7304,20:04:57,0.150,0.764,0,0,eGFP2
7305,20:04:57,0.095,0.534,0,0,eGFP2
7306,20:04:58,0.116,1.346,0,0,eGFP2
7307,20:04:59,0.162,0.732,0,0,eGFP2
7308,20:05:00,0.117,0.710,0,0,eGFP2
7309,20:05:01,0.118,0.689,0,0,eGFP2
7310,20:05:01,0.116,0.687,0,0,eGFP2
7311,20:05:02,0.117,0.643,0,0,eGFP2
7312,20:05:03,0.106,0.743,0,0,eGFP2
7313,20:05:04,0.171,1.005,0,0,eGFP2
7314,20:05:04,0.150,0.764,0,0,eGFP2
7315,20:05:05,0.128,0.743,0,0,eGFP2
7316,20:05:06,0.105,0.643,0,0,eGFP2
7317,20:05:07,0.155,0.758,0,0,eGFP2
7318,20:05:07,0.115,0.653,0,0,eGFP2
7319,20:05:08,0.160,1.224,0,0,eGFP2
7320,20:05:09,0.127,0.632,0,0,eGFP2
7321,20:05:10,0.117,0.611,0,0,eGFP2
7322,20:05:10,0.094,0.511,0,0,eGFP2
7323,20:05:11,0.083,0.654,0,0,eGFP2
7324,20:05:12,0.149,0.720,0,0,eGFP2
7325,20:05:12,0.094,0.522,0,0,eGFP2
7326,20:05:13,0.096,0.842,0,0,eGFP2
7327,20:05:14,0.215,0.961,0,0,eGFP2
7328,20:05:15,0.116,0.599,0,0,eGFP2
7329,20:05:15,0.083,0.500,0,0,eGFP2
7330,20:05:16,0.094,0.577,0,0,eGFP2
7331,20:05:16,0.105,0.654,0,0,eGFP2
7332,20:05:17,0.116,0.753,0,0,eGFP2
7333,20:05:18,0.127,0.763,0,0,eGFP2
7334,20:05:19,0.162,1.599,0,0,eGFP2
7335,20:05:20,0.140,0.667,0,0,eGFP2
7336,20:05:21,0.094,0.599,0,0,eGFP2
7337,20:05:21,0.094,0.544,0,0,eGFP2
7338,20:05:22,0.083,0.610,0,0,eGFP2
7339,20:05:22,0.116,0.676,0,0,eGFP2
7340,20:05:23,0.116,0.632,0,0,eGFP2
7341,20:05:24,0.105,0.676,0,0,eGFP2
7342,20:05:25,0.129,0.765,0,0,eGFP2
7343,20:05:25,0.128,0.698,0,0,eGFP2
7344,20:05:26,0.095,0.490,0,0,eGFP2
7345,20:05:26,0.083,0.511,0,0,eGFP2
7346,20:05:27,0.105,0.753,0,0,eGFP2
7347,20:05:28,0.127,0.621,0,0,eGFP2
7348,20:05:28,0.096,0.524,0,0,eGFP2
7349,20:05:29,0.105,0.797,0,0,eGFP2
7350,20:05:30,0.138,0.687,0,0,eGFP2
7351,20:05:30,0.118,0.732,0,0,eGFP2
7352,20:05:31,0.150,0.984,0,0,eGFP2
7353,20:05:32,0.138,0.720,0,0,eGFP2
7354,20:05:33,0.105,0.544,0,0,eGFP2
7355,20:05:33,0.083,0.489,0,0,eGFP2
7356,20:05:34,0.084,0.479,0,0,eGFP2
7357,20:05:34,0.084,0.501,0,0,eGFP2
7358,20:05:35,0.105,0.928,0,0,eGFP2
7359,20:05:36,0.162,0.799,0,0,eGFP2
7360,20:05:37,0.127,0.786,0,0,eGFP2
7361,20:05:37,0.171,0.785,0,0,eGFP2
7362,20:05:38,0.108,0.623,0,0,eGFP2
7363,20:05:39,0.106,0.600,0,0,eGFP2
7364,20:05:39,0.094,0.632,0,0,eGFP2
7365,20:05:40,0.117,0.775,0,0,eGFP2
7366,20:05:41,0.117,0.632,0,0,eGFP2
7367,20:05:41,0.108,0.821,0,0,eGFP2
7368,20:05:42,0.171,0.797,0,0,eGFP2
7369,20:05:43,0.105,0.610,0,0,eGFP2
7370,20:05:44,0.139,1.126,0,0,eGFP2
7371,20:05:45,0.150,0.688,0,0,eGFP2
7372,20:05:45,0.116,0.731,0,0,eGFP2
7373,20:05:46,0.116,0.742,0,0,eGFP2
7374,20:05:47,0.106,0.599,0,0,eGFP2
7375,20:05:47,0.119,0.733,0,0,eGFP2
7376,20:05:48,0.108,0.613,0,0,eGFP2
7377,20:05:49,0.105,0.819,0,0,eGFP2
7378,20:05:50,0.138,0.687,0,0,eGFP2
7379,20:05:50,0.117,0.742,0,0,eGFP2
7380,20:05:51,0.095,0.512,0,0,eGFP2
7381,20:05:51,0.088,0.571,0,0,eGFP2
7382,20:05:52,0.149,0.917,0,0,eGFP2
7383,20:05:53,0.116,0.632,0,0,eGFP2
7384,20:05:54,0.107,0.809,0,0,eGFP2
7385,20:05:54,0.138,0.643,0,0,eGFP2
7386,20:05:55,0.094,0.621,0,0,eGFP2
7387,20:05:56,0.149,0.917,0,0,eGFP2
7388,20:05:57,0.127,0.763,0,0,eGFP2
7389,20:05:59,0.193,2.168,0,0,eGFP2
7390,20:06:00,0.129,0.634,0,0,eGFP2
7391,20:06:00,0.105,0.577,0,0,eGFP2
7392,20:06:01,0.085,0.502,0,0,eGFP2
7393,20:06:01,0.094,0.675,0,0,eGFP2
7394,20:06:02,0.116,0.566,0,0,eGFP2
7395,20:06:02,0.094,0.544,0,0,eGFP2
7396,20:06:03,0.127,0.830,0,0,eGFP2
7397,20:06:04,0.116,0.577,0,0,eGFP2
7398,20:06:04,0.083,0.643,0,0,eGFP2
7399,20:06:05,0.160,0.884,0,0,eGFP2
7400,20:06:06,0.107,0.667,0,0,eGFP2
7401,20:06:07,0.138,0.763,0,0,eGFP2
7402,20:06:07,0.116,0.643,0,0,eGFP2
7403,20:06:08,0.094,0.555,0,0,eGFP2
7404,20:06:09,0.096,0.678,0,0,eGFP2
7405,20:06:09,0.138,0.829,0,0,eGFP2
7406,20:06:10,0.117,0.610,0,0,eGFP2
7407,20:06:11,0.128,1.137,0,0,eGFP2
7408,20:06:12,0.371,1.150,0,0,eGFP2
7409,20:06:13,0.116,0.599,0,0,eGFP2
7410,20:06:13,0.094,0.500,0,0,eGFP2
7411,20:06:14,0.084,0.457,0,0,eGFP2
7412,20:06:14,0.083,0.555,0,0,eGFP2
7413,20:06:15,0.139,0.819,0,0,eGFP2
7414,20:06:16,0.094,0.522,0,0,eGFP2
7415,20:06:16,0.095,0.666,0,0,eGFP2
7416,20:06:17,0.160,0.774,0,0,eGFP2
7417,20:06:18,0.100,0.550,0,0,eGFP2
7418,20:06:18,0.085,0.513,0,0,eGFP2
7419,20:06:19,0.083,0.468,0,0,eGFP2
7420,20:06:19,0.083,0.478,0,0,eGFP2
7421,20:06:20,0.084,0.687,0,0,eGFP2
7422,20:06:21,0.215,1.181,0,0,eGFP2
7423,20:06:22,0.215,1.049,0,0,eGFP2
7424,20:06:23,0.139,0.742,0,0,eGFP2
7425,20:06:24,0.107,0.656,0,0,eGFP2
7426,20:06:24,0.139,0.731,0,0,eGFP2
7427,20:06:25,0.106,0.611,0,0,eGFP2
7428,20:06:26,0.116,0.720,0,0,eGFP2
7429,20:06:26,0.127,0.830,0,0,eGFP2
7430,20:06:27,0.160,0.764,0,0,eGFP2
7431,20:06:28,0.129,0.854,0,0,eGFP2
7432,20:06:29,0.138,0.753,0,0,eGFP2
7433,20:06:29,0.096,0.601,0,0,eGFP2
7434,20:06:30,0.128,0.797,0,0,eGFP2
7435,20:06:31,0.117,0.621,0,0,eGFP2
7436,20:06:32,0.117,0.896,0,0,eGFP2
7437,20:06:33,0.161,0.830,0,0,eGFP2
7438,20:06:33,0.117,0.732,0,0,eGFP2
7439,20:06:34,0.138,0.665,0,0,eGFP2
7440,20:06:35,0.117,0.720,0,0,eGFP2
7441,20:06:35,0.141,0.744,0,0,eGFP2
7442,20:06:36,0.095,0.578,0,0,eGFP2
7443,20:06:37,0.117,1.148,0,0,eGFP2
7444,20:06:38,0.265,0.879,0,0,eGFP2
7445,20:06:39,0.096,0.711,0,0,eGFP2
7446,20:06:39,0.105,0.566,0,0,eGFP2
7447,20:06:40,0.083,0.467,0,0,eGFP2
7448,20:06:40,0.083,0.500,0,0,eGFP2
7449,20:06:41,0.105,0.895,0,0,eGFP2
7450,20:06:42,0.173,0.710,0,0,eGFP2
7451,20:06:43,0.105,0.687,0,0,eGFP2
7452,20:06:43,0.127,0.643,0,0,eGFP2
7453,20:10:12,0.105,208.458,0,0,eGFP2
7454,20:10:13,0.489,1.115,0,0,eGFP2
7455,20:10:13,0.105,0.544,0,0,eGFP2
7456,20:10:14,0.094,0.577,0,0,eGFP2
7457,20:10:15,0.127,0.720,0,0,eGFP2
7458,20:10:15,0.095,0.589,0,0,eGFP2
7459,20:10:16,0.107,0.656,0,0,eGFP2
7460,20:10:17,0.105,0.643,0,0,eGFP2
7461,20:10:17,0.094,0.621,0,0,eGFP2
7462,20:10:18,0.127,0.719,0,0,eGFP2
7463,20:10:18,0.106,0.556,0,0,eGFP2
7464,20:10:19,0.094,0.763,0,0,eGFP2
7465,20:10:20,0.150,0.687,0,0,eGFP2
7466,20:10:21,0.096,0.689,0,0,eGFP2
7467,20:10:22,0.193,1.224,0,0,eGFP2
7468,20:10:23,0.281,1.214,0,0,eGFP2
7469,20:10:24,0.160,0.994,0,0,eGFP2
7470,20:10:25,0.128,0.654,0,0,eGFP2
7471,20:10:25,0.095,0.512,0,0,eGFP2
7472,20:10:26,0.083,0.533,0,0,eGFP2
7473,20:10:26,0.118,0.722,0,0,eGFP2
7474,20:10:27,0.118,0.677,0,0,eGFP2
7475,20:10:28,0.117,0.589,0,0,eGFP2
7476,20:10:28,0.094,0.599,0,0,eGFP2
7477,20:10:29,0.138,0.786,0,0,eGFP2
7478,20:10:30,0.116,0.654,0,0,eGFP2
7479,20:10:31,0.160,0.983,0,0,eGFP2
7480,20:10:31,0.127,0.665,0,0,eGFP2
7481,20:10:32,0.095,0.621,0,0,eGFP2
7482,20:10:33,0.128,0.699,0,0,eGFP2
7483,20:10:33,0.096,0.666,0,0,eGFP2
7484,20:10:34,0.128,0.731,0,0,eGFP2
7485,20:10:35,0.106,0.556,0,0,eGFP2
7486,20:10:35,0.083,0.489,0,0,eGFP2
7487,20:10:36,0.086,0.590,0,0,eGFP2
7488,20:10:36,0.128,0.710,0,0,eGFP2
7489,20:10:37,0.094,0.489,0,0,eGFP2
7490,20:10:37,0.073,0.457,0,0,eGFP2
7491,20:10:38,0.085,0.733,0,0,eGFP2
7492,20:10:39,0.116,0.588,0,0,eGFP2
7493,20:10:39,0.095,0.632,0,0,eGFP2
7494,20:10:40,0.128,0.677,0,0,eGFP2
7495,20:10:41,0.105,0.599,0,0,eGFP2
7496,20:10:41,0.128,0.709,0,0,eGFP2
7497,20:10:42,0.106,0.567,0,0,eGFP2
7498,20:10:42,0.073,0.479,0,0,eGFP2
7499,20:10:43,0.096,0.886,0,0,eGFP2
7500,20:10:44,0.205,0.863,0,0,eGFP2
7501,20:10:45,0.097,0.557,0,0,eGFP2
7502,20:10:45,0.095,0.677,0,0,eGFP2
7503,20:10:46,0.116,0.621,0,0,eGFP2
7504,20:10:46,0.095,0.523,0,0,eGFP2
7505,20:10:47,0.106,0.775,0,0,eGFP2
7506,20:10:48,0.117,0.578,0,0,eGFP2
7507,20:10:48,0.101,0.617,0,0,eGFP2
7508,20:10:49,0.116,0.621,0,0,eGFP2
7509,20:10:50,0.149,0.609,0,0,eGFP2
7510,20:10:50,0.292,0.775,0,0,eGFP2
7511,20:10:51,0.215,0.807,0,0,eGFP2
7512,20:10:52,0.094,0.654,0,0,eGFP2
7513,20:10:53,0.127,0.906,0,0,eGFP2
7514,20:10:54,0.140,0.677,0,0,eGFP2
7515,20:10:54,0.105,0.665,0,0,eGFP2
7516,20:10:55,0.118,0.677,0,0,eGFP2
7517,20:10:56,0.128,0.665,0,0,eGFP2
7518,20:10:56,0.105,0.698,0,0,eGFP2
7519,20:10:57,0.127,0.610,0,0,eGFP2
7520,20:10:57,0.083,0.467,0,0,eGFP2
7521,20:10:58,0.073,0.413,0,0,eGFP2
7522,20:10:58,0.083,0.621,0,0,eGFP2
7523,20:10:59,0.138,0.665,0,0,eGFP2
7524,20:11:00,0.096,0.579,0,0,eGFP2
7525,20:11:00,0.105,0.588,0,0,eGFP2
7526,20:11:01,0.083,0.500,0,0,eGFP2
7527,20:11:01,0.094,0.588,0,0,eGFP2
7528,20:11:02,0.107,0.524,0,0,eGFP2
7529,20:11:02,0.095,0.643,0,0,eGFP2
7530,20:11:03,0.138,0.720,0,0,eGFP2
7531,20:11:04,0.094,0.501,0,0,eGFP2
7532,20:11:04,0.085,0.567,0,0,eGFP2
7533,20:11:05,0.139,0.808,0,0,eGFP2
7534,20:11:06,0.116,0.632,0,0,eGFP2
7535,20:11:06,0.117,0.731,0,0,eGFP2
7536,20:11:07,0.128,0.797,0,0,eGFP2
7537,20:11:08,0.149,0.917,0,0,eGFP2
7538,20:11:09,0.128,0.709,0,0,eGFP2
7539,20:11:09,0.117,0.676,0,0,eGFP2
7540,20:11:10,0.097,0.525,0,0,eGFP2
7541,20:11:10,0.083,0.500,0,0,eGFP2
7542,20:11:11,0.096,0.546,0,0,eGFP2
7543,20:11:12,0.095,0.578,0,0,eGFP2
7544,20:11:12,0.094,0.544,0,0,eGFP2
7545,20:11:13,0.084,0.479,0,0,eGFP2
7546,20:11:13,0.084,0.566,0,0,eGFP2
7547,20:11:14,0.128,0.732,0,0,eGFP2
7548,20:11:14,0.094,0.522,0,0,eGFP2
7549,20:11:15,0.086,0.503,0,0,eGFP2
7550,20:11:16,0.105,0.632,0,0,eGFP2
7551,20:11:16,0.116,0.676,0,0,eGFP2
7552,20:11:17,0.106,0.600,0,0,eGFP2
7553,20:11:18,0.127,0.819,0,0,eGFP2
7554,20:11:18,0.116,0.577,0,0,eGFP2
7555,20:11:19,0.084,0.556,0,0,eGFP2
7556,20:11:20,0.129,0.711,0,0,eGFP2
7557,20:11:20,0.129,0.689,0,0,eGFP2
7558,20:11:21,0.106,0.577,0,0,eGFP2
7559,20:11:21,0.095,0.622,0,0,eGFP2
7560,20:11:22,0.138,0.797,0,0,eGFP2
7561,20:11:23,0.117,0.687,0,0,eGFP2
7562,20:11:23,0.095,0.567,0,0,eGFP2
7563,20:11:24,0.127,0.841,0,0,eGFP2
7564,20:11:25,0.138,0.731,0,0,eGFP2
7565,20:11:26,0.097,0.612,0,0,eGFP2
7566,20:11:26,0.117,0.644,0,0,eGFP2
7567,20:11:27,0.095,0.490,0,0,eGFP2
7568,20:11:27,0.073,0.533,0,0,eGFP2
7569,20:11:28,0.128,0.743,0,0,eGFP2
7570,20:11:29,0.124,0.640,0,0,eGFP2
7571,20:11:29,0.105,0.610,0,0,eGFP2
7572,20:11:30,0.116,0.730,0,0,eGFP2
7573,20:11:31,0.127,0.676,0,0,eGFP2
7574,20:11:31,0.115,0.707,0,0,eGFP2
7575,20:11:32,0.117,0.599,0,0,eGFP2
7576,20:11:33,0.095,0.512,0,0,eGFP2
7577,20:11:33,0.094,0.665,0,0,eGFP2
7578,20:11:34,0.127,0.675,0,0,eGFP2
7579,20:11:35,0.128,0.764,0,0,eGFP2
7580,20:11:35,0.138,0.742,0,0,eGFP2
7581,20:11:36,0.105,0.632,0,0,eGFP2
7582,20:11:37,0.118,0.776,0,0,eGFP2
7583,20:11:37,0.127,0.687,0,0,eGFP2
7584,20:11:38,0.118,0.787,0,0,eGFP2
7585,20:11:39,0.138,0.775,0,0,eGFP2
7586,20:11:40,0.127,0.785,0,0,eGFP2
7587,20:11:41,0.128,0.698,0,0,eGFP2
7588,20:11:41,0.139,0.797,0,0,eGFP2
7589,20:11:42,0.138,0.863,0,0,eGFP2
7590,20:11:43,0.128,0.732,0,0,eGFP2
7591,20:11:44,0.105,0.709,0,0,eGFP2
7592,20:11:44,0.105,0.566,0,0,eGFP2
7593,20:11:45,0.106,0.698,0,0,eGFP2
7594,20:11:46,0.116,0.720,0,0,eGFP2
7595,20:11:46,0.105,0.676,0,0,eGFP2
7596,20:11:47,0.127,0.698,0,0,eGFP2
7597,20:11:48,0.108,0.624,0,0,eGFP2
7598,20:11:48,0.118,0.853,0,0,eGFP2
7599,20:11:49,0.150,0.841,0,0,eGFP2
7600,20:11:50,0.127,0.698,0,0,eGFP2
7601,20:11:51,0.117,0.731,0,0,eGFP2
7602,20:11:52,0.128,0.797,0,0,eGFP2
7603,20:11:53,0.325,1.258,0,0,eGFP2
7604,20:11:53,0.105,0.676,0,0,eGFP2
7605,20:11:54,0.127,0.742,0,0,eGFP2
7606,20:11:55,0.116,0.676,0,0,eGFP2
7607,20:11:56,0.107,0.678,0,0,eGFP2
7608,20:11:56,0.116,0.665,0,0,eGFP2
7609,20:11:57,0.150,0.841,0,0,eGFP2
7610,20:11:58,0.116,0.610,0,0,eGFP2
7611,20:11:58,0.107,0.700,0,0,eGFP2
7612,20:11:59,0.095,0.545,0,0,eGFP2
7613,20:11:59,0.094,0.544,0,0,eGFP2
7614,20:12:00,0.106,0.753,0,0,eGFP2
7615,20:12:01,0.140,0.799,0,0,eGFP2
7616,20:12:02,0.127,0.654,0,0,eGFP2
7617,20:12:02,0.106,0.808,0,0,eGFP2
7618,20:12:03,0.161,0.764,0,0,eGFP2
7619,20:12:04,0.106,0.600,0,0,eGFP2
7620,20:12:05,0.105,0.698,0,0,eGFP2
7621,20:12:05,0.139,0.819,0,0,eGFP2
7622,20:12:06,0.139,0.841,0,0,eGFP2
7623,20:12:07,0.140,0.821,0,0,eGFP2
7624,20:12:08,0.138,0.654,0,0,eGFP2
7625,20:12:08,0.108,0.700,0,0,eGFP2
7626,20:12:09,0.139,0.808,0,0,eGFP2
7627,20:12:10,0.117,0.633,0,0,eGFP2
7628,20:12:10,0.095,0.523,0,0,eGFP2
7629,20:12:11,0.094,0.632,0,0,eGFP2
7630,20:12:12,0.128,0.753,0,0,eGFP2
7631,20:12:12,0.108,0.744,0,0,eGFP2
7632,20:12:13,0.139,0.797,0,0,eGFP2
7633,20:12:14,0.106,0.721,0,0,eGFP2
7634,20:12:15,0.132,0.692,0,0,eGFP2
7635,20:12:15,0.116,0.731,0,0,eGFP2
7636,20:12:16,0.116,0.708,0,0,eGFP2
7637,20:12:17,0.127,0.698,0,0,eGFP2
7638,20:12:17,0.127,0.621,0,0,eGFP2
7639,20:12:18,0.096,0.546,0,0,eGFP2
7640,20:12:19,0.084,1.434,0,0,eGFP2
7641,20:12:20,0.116,0.599,0,0,eGFP2
7642,20:12:21,0.105,0.610,0,0,eGFP2
7643,20:12:21,0.094,0.599,0,0,eGFP2
7644,20:12:22,0.116,0.676,0,0,eGFP2
7645,20:12:23,0.127,0.731,0,0,eGFP2
7646,20:12:23,0.094,0.610,0,0,eGFP2
7647,20:12:24,0.127,0.785,0,0,eGFP2
7648,20:12:25,0.107,0.579,0,0,eGFP2
7649,20:12:25,0.094,0.621,0,0,eGFP2
7650,20:12:26,0.116,0.588,0,0,eGFP2
7651,20:12:26,0.094,0.621,0,0,eGFP2
7652,20:12:27,0.160,0.917,0,0,eGFP2
7653,20:12:28,0.140,0.667,0,0,eGFP2
7654,20:12:29,0.094,0.588,0,0,eGFP2
7655,20:12:29,0.116,0.731,0,0,eGFP2
7656,20:12:30,0.107,0.699,0,0,eGFP2
7657,20:12:31,0.128,0.643,0,0,eGFP2
7658,20:12:31,0.106,0.775,0,0,eGFP2
7659,20:12:32,0.127,0.665,0,0,eGFP2
7660,20:12:33,0.105,0.753,0,0,eGFP2
7661,20:12:34,0.127,0.643,0,0,eGFP2
7662,20:12:34,0.105,0.555,0,0,eGFP2
7663,20:12:35,0.095,0.512,0,0,eGFP2
7664,20:12:35,0.096,0.612,0,0,eGFP2
7665,20:12:36,0.127,0.785,0,0,eGFP2
7666,20:12:37,0.117,0.622,0,0,eGFP2
7667,20:12:37,0.140,0.864,0,0,eGFP2
7668,20:12:38,0.116,0.632,0,0,eGFP2
7669,20:12:39,0.117,0.687,0,0,eGFP2
7670,20:12:39,0.117,0.578,0,0,eGFP2
7671,20:12:40,0.094,0.533,0,0,eGFP2
7672,20:12:41,0.117,0.841,0,0,eGFP2
7673,20:12:41,0.129,0.645,0,0,eGFP2
7674,20:12:42,0.116,0.797,0,0,eGFP2
7675,20:12:43,0.149,0.852,0,0,eGFP2
7676,20:12:44,0.127,0.808,0,0,eGFP2
7677,20:12:44,0.127,0.632,0,0,eGFP2
7678,20:12:45,0.106,0.523,0,0,eGFP2
7679,20:12:45,0.083,0.478,0,0,eGFP2
7680,20:12:46,0.086,0.744,0,0,eGFP2
7681,20:12:47,0.141,0.711,0,0,eGFP2
7682,20:12:47,0.095,0.523,0,0,eGFP2
7683,20:12:48,0.095,0.698,0,0,eGFP2
7684,20:12:49,0.117,0.687,0,0,eGFP2
7685,20:12:49,0.106,0.655,0,0,eGFP2
7686,20:12:50,0.106,0.610,0,0,eGFP2
7687,20:12:51,0.128,0.775,0,0,eGFP2
7688,20:12:52,0.117,0.655,0,0,eGFP2
7689,20:12:52,0.129,0.711,0,0,eGFP2
7690,20:12:53,0.117,0.698,0,0,eGFP2
7691,20:12:54,0.128,0.666,0,0,eGFP2
7692,20:12:54,0.116,0.797,0,0,eGFP2
7693,20:12:55,0.117,0.611,0,0,eGFP2
7694,20:12:56,0.129,0.853,0,0,eGFP2
7695,20:12:56,0.106,0.589,0,0,eGFP2
7696,20:12:57,0.095,0.742,0,0,eGFP2
7697,20:12:58,0.135,0.695,0,0,eGFP2
7698,20:12:58,0.094,0.555,0,0,eGFP2
7699,20:12:59,0.094,0.731,0,0,eGFP2
7700,20:13:00,0.138,0.752,0,0,eGFP2
7701,20:13:01,0.116,0.577,0,0,eGFP2
7702,20:13:01,0.083,0.489,0,0,eGFP2
7703,20:13:02,0.084,0.578,0,0,eGFP2
7704,20:13:02,0.116,0.807,0,0,eGFP2
7705,20:13:03,0.116,0.676,0,0,eGFP2
7706,20:13:04,0.129,0.677,0,0,eGFP2
7707,20:13:04,0.128,0.720,0,0,eGFP2
7708,20:13:05,0.151,0.831,0,0,eGFP2
7709,20:13:06,0.116,0.588,0,0,eGFP2
7710,20:13:07,0.095,0.643,0,0,eGFP2
7711,20:13:07,0.139,0.742,0,0,eGFP2
7712,20:13:08,0.105,0.588,0,0,eGFP2
7713,20:13:08,0.095,0.610,0,0,eGFP2
7714,20:13:09,0.151,0.799,0,0,eGFP2
7715,20:13:10,0.116,0.610,0,0,eGFP2
7716,20:13:11,0.105,0.796,0,0,eGFP2
7717,20:13:11,0.161,0.786,0,0,eGFP2
7718,20:13:12,0.106,0.709,0,0,eGFP2
7719,20:13:13,0.138,0.709,0,0,eGFP2
7720,20:13:14,0.105,0.731,0,0,eGFP2
7721,20:13:14,0.127,0.654,0,0,eGFP2
7722,20:13:15,0.098,0.581,0,0,eGFP2
7723,20:13:16,0.105,0.917,0,0,eGFP2
7724,20:13:17,0.215,0.896,0,0,eGFP2
7725,20:13:17,0.116,0.599,0,0,eGFP2
7726,20:13:18,0.083,0.566,0,0,eGFP2
7727,20:13:19,0.117,0.819,0,0,eGFP2
7728,20:13:19,0.128,0.643,0,0,eGFP2
7729,20:13:20,0.084,0.512,0,0,eGFP2
7730,20:13:20,0.085,0.502,0,0,eGFP2
7731,20:13:21,0.106,0.709,0,0,eGFP2
7732,20:13:22,0.128,0.665,0,0,eGFP2
7733,20:13:22,0.106,0.742,0,0,eGFP2
7734,20:13:23,0.128,0.699,0,0,eGFP2
7735,20:13:24,0.105,0.577,0,0,eGFP2
7736,20:13:24,0.107,0.788,0,0,eGFP2
7737,20:13:25,0.149,0.819,0,0,eGFP2
7738,20:13:26,0.105,0.654,0,0,eGFP2
7739,20:13:27,0.118,0.820,0,0,eGFP2
7740,20:13:28,0.172,1.225,0,0,eGFP2
7741,20:13:29,0.161,0.819,0,0,eGFP2
7742,20:13:29,0.106,0.677,0,0,eGFP2
7743,20:13:30,0.105,0.632,0,0,eGFP2
7744,20:13:31,0.128,0.731,0,0,eGFP2
7745,20:13:31,0.114,0.641,0,0,eGFP2
7746,20:13:32,0.094,0.511,0,0,eGFP2
7747,20:13:33,0.085,0.579,0,0,eGFP2
7748,20:13:33,0.138,0.873,0,0,eGFP2
7749,20:13:34,0.116,0.687,0,0,eGFP2
7750,20:13:35,0.117,0.666,0,0,eGFP2
7751,20:13:35,0.105,0.533,0,0,eGFP2
7752,20:13:36,0.094,0.522,0,0,eGFP2
7753,20:13:37,0.094,0.654,0,0,eGFP2
7754,20:13:37,0.149,0.797,0,0,eGFP2
7755,20:13:38,0.106,0.688,0,0,eGFP2
7756,20:13:39,0.116,0.698,0,0,eGFP2
7757,20:13:39,0.116,0.687,0,0,eGFP2
7758,20:13:40,0.105,0.533,0,0,eGFP2
7759,20:13:40,0.094,0.533,0,0,eGFP2
7760,20:13:41,0.094,0.566,0,0,eGFP2
7761,20:13:42,0.116,0.819,0,0,eGFP2
7762,20:13:43,0.138,0.708,0,0,eGFP2
7763,20:13:43,0.120,0.734,0,0,eGFP2
7764,20:13:44,0.106,0.567,0,0,eGFP2
7765,20:13:44,0.083,0.500,0,0,eGFP2
7766,20:13:45,0.094,0.654,0,0,eGFP2
7767,20:13:46,0.149,0.785,0,0,eGFP2
7768,20:13:46,0.106,0.567,0,0,eGFP2
7769,20:13:47,0.105,0.829,0,0,eGFP2
7770,20:13:48,0.149,0.742,0,0,eGFP2
7771,20:13:49,0.105,0.632,0,0,eGFP2
7772,20:13:49,0.118,0.667,0,0,eGFP2
7773,20:13:50,0.116,0.610,0,0,eGFP2
7774,20:13:50,0.094,0.566,0,0,eGFP2
7775,20:13:51,0.106,0.720,0,0,eGFP2
7776,20:13:52,0.117,0.665,0,0,eGFP2
7777,20:13:52,0.107,0.656,0,0,eGFP2
7778,20:13:53,0.094,0.544,0,0,eGFP2
7779,20:13:54,0.106,0.786,0,0,eGFP2
7780,20:13:55,0.162,0.821,0,0,eGFP2
7781,20:13:55,0.116,0.709,0,0,eGFP2
7782,20:13:56,0.127,0.785,0,0,eGFP2
7783,20:13:57,0.128,0.677,0,0,eGFP2
7784,20:13:57,0.094,0.544,0,0,eGFP2
7785,20:13:58,0.095,0.665,0,0,eGFP2
7786,20:13:59,0.150,0.731,0,0,eGFP2
7787,20:13:59,0.084,0.501,0,0,eGFP2
7788,20:14:00,0.096,0.722,0,0,eGFP2
7789,20:14:01,0.127,0.621,0,0,eGFP2
7790,20:14:01,0.094,0.632,0,0,eGFP2
7791,20:14:02,0.140,0.799,0,0,eGFP2
7792,20:14:03,0.116,0.720,0,0,eGFP2
7793,20:14:03,0.127,0.720,0,0,eGFP2
7794,20:14:04,0.117,0.775,0,0,eGFP2
7795,20:14:05,0.161,0.951,0,0,eGFP2
7796,20:14:06,0.118,0.722,0,0,eGFP2
7797,20:14:06,0.105,0.555,0,0,eGFP2
7798,20:14:07,0.084,0.665,0,0,eGFP2
7799,20:14:08,0.117,0.611,0,0,eGFP2
7800,20:14:08,0.106,0.687,0,0,eGFP2
7801,20:14:09,0.139,0.655,0,0,eGFP2
7802,20:14:10,0.105,0.610,0,0,eGFP2
7803,20:14:10,0.139,0.808,0,0,eGFP2
7804,20:14:11,0.117,0.622,0,0,eGFP2
7805,20:14:12,0.131,0.910,0,0,eGFP2
7806,20:14:13,0.139,0.753,0,0,eGFP2
7807,20:14:13,0.128,0.753,0,0,eGFP2
7808,20:14:14,0.106,0.688,0,0,eGFP2
7809,20:14:15,0.154,0.867,0,0,eGFP2
7810,20:14:16,0.138,0.731,0,0,eGFP2
7811,20:14:17,0.105,0.763,0,0,eGFP2
7812,20:14:17,0.127,0.654,0,0,eGFP2
7813,20:14:18,0.129,0.831,0,0,eGFP2
7814,20:14:19,0.138,0.818,0,0,eGFP2
7815,20:14:20,0.138,0.808,0,0,eGFP2
7816,20:14:20,0.160,0.862,0,0,eGFP2
7817,20:14:21,0.127,0.906,0,0,eGFP2
7818,20:14:23,0.369,1.378,0,0,eGFP2
7819,20:14:24,0.151,0.886,0,0,eGFP2
7820,20:14:24,0.105,0.533,0,0,eGFP2
7821,20:14:25,0.085,0.535,0,0,eGFP2
7822,20:14:25,0.105,0.698,0,0,eGFP2
7823,20:14:26,0.116,0.577,0,0,eGFP2
7824,20:14:27,0.083,0.500,0,0,eGFP2
7825,20:14:27,0.083,0.489,0,0,eGFP2
7826,20:14:28,0.095,0.918,0,0,eGFP2
7827,20:14:45,0.906,16.654,0,0,eGFP2
7828,20:14:46,0.785,1.499,0,0,eGFP2
7829,20:14:47,0.171,1.169,0,0,eGFP2
7830,20:14:48,0.170,0.839,0,0,eGFP2
7831,20:14:49,0.128,0.621,0,0,eGFP2
7832,20:14:49,0.095,0.523,0,0,eGFP2
7833,20:14:50,0.085,0.480,0,0,eGFP2
7834,20:14:50,0.083,0.511,0,0,eGFP2
7835,20:14:51,0.116,0.775,0,0,eGFP2
7836,20:14:51,0.094,0.489,0,0,eGFP2
7837,20:14:52,0.073,0.435,0,0,eGFP2
7838,20:14:52,0.063,0.436,0,0,eGFP2
7839,20:14:53,0.083,0.555,0,0,eGFP2
7840,20:14:54,0.117,0.643,0,0,eGFP2
7841,20:14:54,0.095,0.512,0,0,eGFP2
7842,20:14:55,0.094,0.610,0,0,eGFP2
7843,20:14:55,0.127,0.731,0,0,eGFP2
7844,20:14:56,0.094,0.522,0,0,eGFP2
7845,20:14:57,0.095,0.611,0,0,eGFP2
7846,20:14:57,0.119,0.679,0,0,eGFP2
7847,20:14:58,0.095,0.479,0,0,eGFP2
7848,20:14:58,0.072,0.456,0,0,eGFP2
7849,20:14:59,0.084,0.742,0,0,eGFP2
7850,20:15:00,0.128,0.643,0,0,eGFP2
7851,20:15:00,0.095,0.523,0,0,eGFP2
7852,20:15:01,0.105,0.742,0,0,eGFP2
7853,20:15:02,0.160,0.731,0,0,eGFP2
7854,20:15:03,0.107,1.589,0,0,eGFP2
7855,20:15:04,0.116,0.643,0,0,eGFP2
7856,20:15:04,0.117,0.688,0,0,eGFP2
7857,20:15:05,0.095,0.501,0,0,eGFP2
7858,20:15:05,0.083,0.544,0,0,eGFP2
7859,20:15:06,0.128,0.764,0,0,eGFP2
7860,20:15:07,0.107,0.568,0,0,eGFP2
7861,20:15:07,0.095,0.644,0,0,eGFP2
7862,20:15:08,0.116,0.610,0,0,eGFP2
7863,20:15:09,0.085,0.502,0,0,eGFP2
7864,20:15:09,0.084,0.677,0,0,eGFP2
7865,20:15:10,0.149,0.786,0,0,eGFP2
7866,20:15:11,0.105,0.709,0,0,eGFP2
7867,20:15:11,0.117,0.643,0,0,eGFP2
7868,20:15:12,0.095,0.567,0,0,eGFP2
7869,20:15:13,0.106,0.731,0,0,eGFP2
7870,20:15:13,0.117,0.589,0,0,eGFP2
7871,20:15:14,0.085,0.513,0,0,eGFP2
7872,20:15:15,0.111,0.791,0,0,eGFP2
7873,20:15:15,0.116,0.621,0,0,eGFP2
7874,20:15:16,0.107,0.699,0,0,eGFP2
7875,20:15:17,0.138,0.808,0,0,eGFP2
7876,20:15:17,0.138,0.708,0,0,eGFP2
7877,20:15:18,0.094,0.522,0,0,eGFP2
7878,20:15:18,0.083,0.500,0,0,eGFP2
7879,20:15:19,0.085,0.502,0,0,eGFP2
7880,20:15:20,0.094,0.731,0,0,eGFP2
7881,20:15:20,0.127,0.631,0,0,eGFP2
7882,20:15:21,0.106,0.709,0,0,eGFP2
7883,20:15:22,0.127,0.676,0,0,eGFP2
7884,20:15:22,0.127,0.785,0,0,eGFP2
7885,20:15:23,0.171,0.994,0,0,eGFP2
7886,20:15:24,0.128,0.610,0,0,eGFP2
7887,20:15:25,0.096,0.667,0,0,eGFP2
7888,20:15:25,0.139,0.743,0,0,eGFP2
7889,20:15:26,0.105,0.621,0,0,eGFP2
7890,20:15:27,0.127,0.829,0,0,eGFP2
7891,20:15:28,0.128,0.742,0,0,eGFP2
7892,20:15:28,0.113,0.738,0,0,eGFP2
7893,20:15:29,0.127,0.643,0,0,eGFP2
7894,20:15:30,0.094,0.511,0,0,eGFP2
7895,20:15:30,0.095,0.830,0,0,eGFP2
7896,20:15:31,0.151,0.732,0,0,eGFP2
7897,20:15:32,0.117,0.632,0,0,eGFP2
7898,20:15:32,0.084,0.512,0,0,eGFP2
7899,20:15:33,0.083,0.632,0,0,eGFP2
7900,20:15:34,0.116,0.698,0,0,eGFP2
7901,20:15:34,0.127,0.708,0,0,eGFP2
7902,20:15:35,0.118,0.821,0,0,eGFP2
7903,20:15:36,0.182,1.246,0,0,eGFP2
7904,20:15:38,0.458,1.150,0,0,eGFP2
7905,20:15:38,0.094,0.522,0,0,eGFP2
7906,20:15:39,0.095,0.555,0,0,eGFP2
7907,20:15:39,0.106,0.611,0,0,eGFP2
7908,20:15:40,0.094,0.555,0,0,eGFP2
7909,20:15:40,0.083,0.522,0,0,eGFP2
7910,20:15:41,0.095,0.534,0,0,eGFP2
7911,20:15:42,0.116,0.720,0,0,eGFP2
7912,20:15:42,0.118,0.677,0,0,eGFP2
7913,20:15:43,0.117,0.699,0,0,eGFP2
7914,20:15:43,0.094,0.566,0,0,eGFP2
7915,20:15:44,0.116,0.753,0,0,eGFP2
7916,20:15:45,0.118,0.689,0,0,eGFP2
7917,20:15:46,0.094,0.599,0,0,eGFP2
7918,20:15:46,0.105,0.698,0,0,eGFP2
7919,20:15:47,0.117,0.588,0,0,eGFP2
7920,20:15:47,0.086,0.492,0,0,eGFP2
7921,20:15:48,0.094,0.808,0,0,eGFP2
7922,20:15:49,0.127,0.621,0,0,eGFP2
7923,20:15:49,0.094,0.599,0,0,eGFP2
7924,20:15:50,0.128,0.687,0,0,eGFP2
7925,20:15:51,0.106,0.567,0,0,eGFP2
7926,20:15:51,0.084,0.512,0,0,eGFP2
7927,20:15:52,0.094,0.621,0,0,eGFP2
7928,20:15:53,0.128,0.808,0,0,eGFP2
7929,20:15:53,0.131,0.625,0,0,eGFP2
7930,20:15:54,0.094,0.588,0,0,eGFP2
7931,20:15:55,0.128,0.797,0,0,eGFP2
7932,20:15:55,0.095,0.578,0,0,eGFP2
7933,20:15:56,0.094,0.687,0,0,eGFP2
7934,20:15:57,0.172,0.786,0,0,eGFP2
7935,20:15:57,0.106,0.633,0,0,eGFP2
7936,20:15:58,0.110,0.593,0,0,eGFP2
7937,20:15:58,0.095,0.567,0,0,eGFP2
7938,20:15:59,0.127,0.840,0,0,eGFP2
7939,20:16:00,0.116,0.632,0,0,eGFP2
7940,20:16:01,0.116,0.742,0,0,eGFP2
7941,20:16:01,0.138,0.796,0,0,eGFP2
7942,20:16:02,0.116,0.610,0,0,eGFP2
7943,20:16:03,0.096,0.743,0,0,eGFP2
7944,20:16:04,0.138,0.786,0,0,eGFP2
7945,20:16:04,0.154,0.856,0,0,eGFP2
7946,20:16:05,0.127,0.720,0,0,eGFP2
7947,20:16:06,0.105,0.621,0,0,eGFP2
7948,20:16:06,0.138,0.730,0,0,eGFP2
7949,20:16:07,0.116,0.698,0,0,eGFP2
7950,20:16:08,0.105,0.643,0,0,eGFP2
7951,20:16:09,0.149,0.994,0,0,eGFP2
7952,20:16:09,0.116,0.632,0,0,eGFP2
7953,20:16:10,0.128,0.842,0,0,eGFP2
7954,20:16:11,0.138,0.730,0,0,eGFP2
7955,20:16:12,0.117,0.589,0,0,eGFP2
7956,20:16:12,0.083,0.489,0,0,eGFP2
7957,20:16:13,0.096,0.864,0,0,eGFP2
7958,20:16:14,0.138,0.643,0,0,eGFP2
7959,20:16:14,0.094,0.698,0,0,eGFP2
7960,20:16:15,0.182,0.939,0,0,eGFP2
7961,20:16:16,0.117,0.610,0,0,eGFP2
7962,20:16:16,0.096,0.579,0,0,eGFP2
7963,20:16:17,0.106,0.578,0,0,eGFP2
7964,20:16:18,0.105,0.730,0,0,eGFP2
7965,20:16:19,0.161,0.819,0,0,eGFP2
7966,20:16:19,0.127,0.720,0,0,eGFP2
7967,20:16:20,0.160,0.808,0,0,eGFP2
7968,20:16:21,0.094,0.544,0,0,eGFP2
7969,20:16:21,0.106,0.753,0,0,eGFP2
7970,20:16:22,0.118,0.579,0,0,eGFP2
7971,20:16:23,0.096,0.612,0,0,eGFP2
7972,20:16:23,0.182,0.676,0,0,eGFP2
7973,20:16:27,2.937,3.529,0,0,eGFP2
7974,20:16:27,0.084,0.512,0,0,eGFP2
7975,20:16:28,0.083,0.500,0,0,eGFP2
7976,20:16:28,0.095,0.545,0,0,eGFP2
7977,20:16:29,0.105,0.676,0,0,eGFP2
7978,20:16:30,0.107,0.601,0,0,eGFP2
7979,20:16:30,0.106,0.621,0,0,eGFP2
7980,20:16:31,0.106,0.644,0,0,eGFP2
7981,20:16:31,0.094,0.577,0,0,eGFP2
7982,20:16:32,0.117,0.918,0,0,eGFP2
7983,20:16:33,0.204,0.819,0,0,eGFP2
7984,20:16:34,0.105,0.632,0,0,eGFP2
7985,20:16:34,0.107,0.645,0,0,eGFP2
7986,20:16:35,0.107,0.601,0,0,eGFP2
7987,20:16:36,0.117,0.775,0,0,eGFP2
7988,20:16:36,0.117,0.600,0,0,eGFP2
7989,20:16:37,0.095,0.775,0,0,eGFP2
7990,20:16:38,0.161,0.764,0,0,eGFP2
7991,20:16:39,0.106,0.545,0,0,eGFP2
7992,20:16:39,0.106,0.578,0,0,eGFP2
7993,20:16:40,0.094,0.501,0,0,eGFP2
7994,20:16:40,0.083,0.621,0,0,eGFP2
7995,20:16:41,0.162,0.810,0,0,eGFP2
7996,20:16:42,0.095,0.501,0,0,eGFP2
7997,20:16:42,0.084,0.687,0,0,eGFP2
7998,20:16:43,0.210,0.946,0,0,eGFP2
7999,20:16:44,0.109,0.625,0,0,eGFP2
8000,20:16:44,0.105,0.709,0,0,eGFP2
8001,20:16:45,0.116,0.774,0,0,eGFP2
8002,20:16:46,0.127,0.764,0,0,eGFP2
8003,20:16:47,0.106,0.688,0,0,eGFP2
8004,20:16:47,0.127,0.730,0,0,eGFP2
8005,20:16:48,0.106,0.753,0,0,eGFP2
8006,20:16:49,0.138,0.818,0,0,eGFP2
8007,20:16:50,0.117,0.588,0,0,eGFP2
8008,20:16:50,0.106,0.654,0,0,eGFP2
8009,20:16:51,0.117,0.654,0,0,eGFP2
8010,20:16:52,0.106,0.610,0,0,eGFP2
8011,20:16:52,0.107,0.590,0,0,eGFP2
8012,20:16:53,0.094,0.632,0,0,eGFP2
8013,20:16:54,0.181,1.059,0,0,eGFP2
8014,20:16:55,0.149,0.752,0,0,eGFP2
8015,20:16:55,0.128,0.709,0,0,eGFP2
8016,20:16:56,0.095,0.490,0,0,eGFP2
8017,20:16:56,0.094,0.676,0,0,eGFP2
8018,20:16:57,0.160,0.808,0,0,eGFP2
8019,20:16:58,0.096,0.535,0,0,eGFP2
8020,20:16:58,0.105,0.654,0,0,eGFP2
8021,20:16:59,0.116,0.654,0,0,eGFP2
8022,20:17:00,0.105,0.599,0,0,eGFP2
8023,20:17:00,0.106,0.687,0,0,eGFP2
8024,20:17:01,0.161,0.852,0,0,eGFP2
8025,20:17:02,0.128,0.731,0,0,eGFP2
8026,20:17:03,0.096,0.568,0,0,eGFP2
8027,20:17:03,0.095,0.534,0,0,eGFP2
8028,20:17:04,0.096,0.535,0,0,eGFP2
8029,20:17:04,0.094,0.555,0,0,eGFP2
8030,20:17:05,0.128,0.786,0,0,eGFP2
8031,20:17:06,0.139,0.731,0,0,eGFP2
8032,20:17:06,0.117,0.710,0,0,eGFP2
8033,20:17:07,0.127,0.862,0,0,eGFP2
8034,20:17:08,0.161,0.786,0,0,eGFP2
8035,20:17:09,0.139,0.786,0,0,eGFP2
8036,20:17:09,0.108,0.634,0,0,eGFP2
8037,20:17:10,0.106,0.600,0,0,eGFP2
8038,20:17:11,0.106,0.566,0,0,eGFP2
8039,20:17:11,0.084,0.578,0,0,eGFP2
8040,20:17:12,0.129,0.908,0,0,eGFP2
8041,20:17:13,0.128,0.699,0,0,eGFP2
8042,20:17:14,0.127,0.731,0,0,eGFP2
8043,20:17:14,0.116,0.599,0,0,eGFP2
8044,20:17:15,0.086,0.536,0,0,eGFP2
8045,20:17:15,0.094,0.797,0,0,eGFP2
8046,20:17:16,0.149,0.742,0,0,eGFP2
8047,20:17:17,0.248,1.203,0,0,eGFP2
8048,20:17:18,0.095,0.665,0,0,eGFP2
8049,20:17:19,0.139,0.666,0,0,eGFP2
8050,20:17:19,0.095,0.545,0,0,eGFP2
8051,20:17:20,0.105,0.720,0,0,eGFP2
8052,20:17:21,0.129,0.667,0,0,eGFP2
8053,20:17:21,0.117,0.753,0,0,eGFP2
8054,20:17:22,0.119,0.723,0,0,eGFP2
8055,20:17:23,0.116,0.632,0,0,eGFP2
8056,20:17:23,0.106,0.633,0,0,eGFP2
8057,20:17:24,0.128,0.764,0,0,eGFP2
8058,20:17:25,0.150,0.797,0,0,eGFP2
8059,20:17:26,0.128,0.677,0,0,eGFP2
8060,20:17:26,0.117,0.764,0,0,eGFP2
8061,20:17:27,0.124,0.662,0,0,eGFP2
8062,20:17:28,0.116,0.829,0,0,eGFP2
8063,20:17:29,0.149,0.775,0,0,eGFP2
8064,20:17:29,0.105,0.588,0,0,eGFP2
8065,20:17:30,0.105,0.741,0,0,eGFP2
8066,20:17:31,0.128,0.709,0,0,eGFP2
8067,20:17:32,0.127,0.863,0,0,eGFP2
8068,20:17:32,0.139,0.787,0,0,eGFP2
8069,20:17:33,0.107,0.677,0,0,eGFP2
8070,20:17:34,0.105,0.555,0,0,eGFP2
8071,20:17:34,0.095,0.545,0,0,eGFP2
8072,20:17:35,0.083,0.588,0,0,eGFP2
8073,20:17:36,0.149,1.301,0,0,eGFP2
8074,20:17:37,0.116,0.687,0,0,eGFP2
8075,20:17:37,0.138,0.753,0,0,eGFP2
8076,20:17:38,0.094,0.533,0,0,eGFP2
8077,20:17:39,0.107,0.743,0,0,eGFP2
8078,20:17:39,0.128,0.665,0,0,eGFP2
8079,20:17:40,0.095,0.556,0,0,eGFP2
8080,20:17:41,0.116,0.698,0,0,eGFP2
8081,20:17:41,0.139,0.688,0,0,eGFP2
8082,20:17:42,0.096,0.524,0,0,eGFP2
8083,20:17:43,0.105,0.796,0,0,eGFP2
8084,20:17:44,0.172,0.885,0,0,eGFP2
8085,20:17:44,0.116,0.643,0,0,eGFP2
8086,20:17:45,0.115,0.620,0,0,eGFP2
8087,20:17:45,0.105,0.555,0,0,eGFP2
8088,20:17:46,0.105,0.786,0,0,eGFP2
8089,20:17:47,0.138,0.687,0,0,eGFP2
8090,20:17:47,0.094,0.588,0,0,eGFP2
8091,20:17:48,0.117,0.643,0,0,eGFP2
8092,20:17:49,0.106,0.589,0,0,eGFP2
8093,20:17:49,0.083,0.632,0,0,eGFP2
8094,20:17:50,0.140,0.842,0,0,eGFP2
8095,20:17:51,0.117,0.666,0,0,eGFP2
8096,20:17:52,0.118,0.710,0,0,eGFP2
8097,20:17:52,0.128,0.764,0,0,eGFP2
8098,20:17:53,0.128,0.808,0,0,eGFP2
8099,20:17:54,0.139,0.687,0,0,eGFP2
8100,20:17:54,0.128,0.655,0,0,eGFP2
8101,20:17:55,0.105,0.698,0,0,eGFP2
8102,20:17:56,0.151,0.919,0,0,eGFP2
8103,20:17:58,0.150,1.609,0,0,eGFP2
8104,20:17:59,0.292,0.896,0,0,eGFP2
8105,20:17:59,0.105,0.632,0,0,eGFP2
8106,20:18:00,0.095,0.523,0,0,eGFP2
8107,20:18:00,0.095,0.544,0,0,eGFP2
8108,20:18:01,0.106,0.677,0,0,eGFP2
8109,20:18:02,0.107,0.645,0,0,eGFP2
8110,20:18:02,0.118,0.579,0,0,eGFP2
8111,20:18:03,0.084,0.545,0,0,eGFP2
8112,20:18:04,0.127,0.918,0,0,eGFP2
8113,20:18:04,0.160,0.808,0,0,eGFP2
8114,20:18:05,0.127,0.665,0,0,eGFP2
8115,20:18:06,0.106,0.665,0,0,eGFP2
8116,20:18:07,0.161,0.973,0,0,eGFP2
8117,20:18:07,0.139,0.753,0,0,eGFP2
8118,20:18:08,0.106,0.622,0,0,eGFP2
8119,20:18:09,0.118,0.711,0,0,eGFP2
8120,20:18:10,0.150,0.863,0,0,eGFP2
8121,20:18:10,0.128,0.676,0,0,eGFP2
8122,20:18:11,0.095,0.556,0,0,eGFP2
8123,20:18:12,0.097,0.689,0,0,eGFP2
8124,20:18:12,0.128,0.721,0,0,eGFP2
8125,20:18:13,0.099,0.571,0,0,eGFP2
8126,20:18:13,0.094,0.544,0,0,eGFP2
8127,20:18:14,0.085,0.524,0,0,eGFP2
8128,20:18:15,0.083,0.763,0,0,eGFP2
8129,20:18:54,1.148,39.765,0,0,eGFP2
8130,20:18:56,0.885,1.499,0,0,eGFP2
8131,20:18:56,0.094,0.522,0,0,eGFP2
8132,20:18:57,0.095,0.523,0,0,eGFP2
8133,20:18:58,0.083,0.577,0,0,eGFP2
8134,20:18:58,0.116,0.610,0,0,eGFP2
8135,20:18:59,0.095,0.501,0,0,eGFP2
8136,20:18:59,0.084,0.501,0,0,eGFP2
8137,20:19:00,0.095,0.644,0,0,eGFP2
8138,20:19:01,0.138,0.665,0,0,eGFP2
8139,20:19:01,0.094,0.610,0,0,eGFP2
8140,20:19:02,0.105,0.566,0,0,eGFP2
8141,20:19:02,0.095,0.566,0,0,eGFP2
8142,20:19:03,0.095,0.589,0,0,eGFP2
8143,20:19:04,0.117,0.776,0,0,eGFP2
8144,20:19:04,0.116,0.588,0,0,eGFP2
8145,20:19:05,0.094,0.687,0,0,eGFP2
8146,20:19:06,0.171,1.038,0,0,eGFP2
8147,20:19:07,0.149,0.687,0,0,eGFP2
8148,20:19:07,0.116,0.709,0,0,eGFP2
8149,20:19:08,0.116,0.610,0,0,eGFP2
8150,20:19:09,0.105,0.643,0,0,eGFP2
8151,20:19:09,0.129,0.744,0,0,eGFP2
8152,20:19:10,0.118,0.655,0,0,eGFP2
8153,20:19:11,0.117,0.907,0,0,eGFP2
8154,20:19:12,0.226,1.082,0,0,eGFP2
8155,20:19:13,0.105,0.544,0,0,eGFP2
8156,20:19:13,0.095,0.523,0,0,eGFP2
8157,20:19:14,0.094,0.566,0,0,eGFP2
8158,20:19:14,0.105,0.698,0,0,eGFP2
8159,20:19:15,0.106,0.632,0,0,eGFP2
8160,20:19:16,0.129,0.810,0,0,eGFP2
8161,20:19:16,0.127,0.742,0,0,eGFP2
8162,20:19:17,0.105,0.632,0,0,eGFP2
8163,20:19:18,0.127,0.819,0,0,eGFP2
8164,20:19:19,0.138,0.731,0,0,eGFP2
8165,20:19:19,0.118,0.744,0,0,eGFP2
8166,20:19:20,0.116,0.610,0,0,eGFP2
8167,20:19:21,0.105,0.632,0,0,eGFP2
8168,20:19:21,0.162,0.832,0,0,eGFP2
8169,20:19:22,0.116,0.577,0,0,eGFP2
8170,20:19:23,0.095,0.764,0,0,eGFP2
8171,20:19:23,0.117,0.643,0,0,eGFP2
8172,20:19:24,0.084,0.567,0,0,eGFP2
8173,20:19:25,0.084,0.523,0,0,eGFP2
8174,20:19:25,0.083,0.588,0,0,eGFP2
8175,20:19:26,0.150,0.973,0,0,eGFP2
8176,20:19:27,0.140,0.766,0,0,eGFP2
8177,20:19:28,0.182,1.246,0,0,eGFP2
8178,20:19:29,0.172,0.787,0,0,eGFP2
8179,20:19:30,0.096,0.612,0,0,eGFP2
8180,20:19:30,0.084,0.468,0,0,eGFP2
8181,20:19:30,0.072,0.456,0,0,eGFP2
8182,20:19:31,0.106,0.677,0,0,eGFP2
8183,20:19:32,0.117,0.632,0,0,eGFP2
8184,20:19:32,0.095,0.633,0,0,eGFP2
8185,20:19:33,0.151,0.777,0,0,eGFP2
8186,20:19:34,0.116,0.786,0,0,eGFP2
8187,20:19:35,0.150,0.720,0,0,eGFP2
8188,20:19:35,0.089,0.528,0,0,eGFP2
8189,20:19:36,0.105,0.697,0,0,eGFP2
8190,20:19:37,0.138,0.720,0,0,eGFP2
8191,20:19:37,0.105,0.610,0,0,eGFP2
8192,20:19:38,0.139,1.028,0,0,eGFP2
8193,20:19:39,0.129,0.623,0,0,eGFP2
8194,20:19:40,0.105,0.697,0,0,eGFP2
8195,20:19:40,0.127,0.676,0,0,eGFP2
8196,20:19:41,0.105,0.687,0,0,eGFP2
8197,20:19:42,0.116,0.621,0,0,eGFP2
8198,20:19:42,0.105,0.676,0,0,eGFP2
8199,20:19:43,0.127,0.642,0,0,eGFP2
8200,20:19:44,0.117,0.698,0,0,eGFP2
8201,20:19:44,0.118,0.656,0,0,eGFP2
8202,20:19:45,0.127,0.752,0,0,eGFP2
8203,20:19:46,0.139,0.797,0,0,eGFP2
8204,20:19:47,0.171,0.928,0,0,eGFP2
8205,20:19:48,0.150,0.874,0,0,eGFP2
8206,20:19:49,0.238,1.149,0,0,eGFP2
8207,20:19:50,0.182,0.819,0,0,eGFP2
8208,20:19:50,0.105,0.522,0,0,eGFP2
8209,20:19:51,0.075,0.568,0,0,eGFP2
8210,20:19:51,0.128,0.643,0,0,eGFP2
8211,20:19:52,0.095,0.523,0,0,eGFP2
8212,20:19:52,0.083,0.577,0,0,eGFP2
8213,20:19:53,0.127,0.698,0,0,eGFP2
8214,20:19:54,0.105,0.588,0,0,eGFP2
8215,20:19:54,0.116,0.731,0,0,eGFP2
8216,20:19:55,0.116,0.599,0,0,eGFP2
8217,20:19:56,0.084,0.566,0,0,eGFP2
8218,20:19:57,0.151,1.007,0,0,eGFP2
8219,20:19:58,0.216,1.104,0,0,eGFP2
8220,20:19:59,0.152,0.898,0,0,eGFP2
8221,20:19:59,0.138,0.863,0,0,eGFP2
8222,20:20:00,0.149,0.676,0,0,eGFP2
8223,20:20:01,0.083,0.489,0,0,eGFP2
8224,20:20:01,0.095,0.501,0,0,eGFP2
8225,20:20:02,0.095,0.589,0,0,eGFP2
8226,20:20:02,0.107,0.634,0,0,eGFP2
8227,20:20:03,0.117,0.676,0,0,eGFP2
8228,20:20:04,0.128,0.644,0,0,eGFP2
8229,20:20:04,0.105,0.698,0,0,eGFP2
8230,20:20:05,0.117,0.599,0,0,eGFP2
8231,20:20:05,0.095,0.534,0,0,eGFP2
8232,20:20:06,0.084,0.479,0,0,eGFP2
8233,20:20:07,0.094,0.852,0,0,eGFP2
8234,20:20:08,0.163,0.811,0,0,eGFP2
8235,20:20:08,0.117,0.709,0,0,eGFP2
8236,20:20:09,0.103,0.575,0,0,eGFP2
8237,20:20:09,0.094,0.533,0,0,eGFP2
8238,20:20:10,0.094,0.643,0,0,eGFP2
8239,20:20:11,0.149,0.818,0,0,eGFP2
8240,20:20:12,0.117,0.599,0,0,eGFP2
8241,20:20:12,0.106,0.775,0,0,eGFP2
8242,20:20:13,0.118,0.688,0,0,eGFP2
8243,20:20:14,0.116,0.720,0,0,eGFP2
8244,20:20:14,0.127,0.742,0,0,eGFP2
8245,20:20:15,0.127,0.840,0,0,eGFP2
8246,20:20:16,0.138,0.676,0,0,eGFP2
8247,20:20:16,0.094,0.533,0,0,eGFP2
8248,20:20:17,0.085,0.623,0,0,eGFP2
8249,20:20:18,0.149,0.774,0,0,eGFP2
8250,20:20:18,0.105,0.577,0,0,eGFP2
8251,20:20:19,0.107,0.711,0,0,eGFP2
8252,20:20:20,0.116,0.665,0,0,eGFP2
8253,20:20:21,0.138,0.840,0,0,eGFP2
8254,20:20:21,0.116,0.621,0,0,eGFP2
8255,20:20:22,0.105,0.654,0,0,eGFP2
8256,20:20:23,0.149,0.874,0,0,eGFP2
8257,20:20:23,0.116,0.610,0,0,eGFP2
8258,20:20:24,0.116,0.785,0,0,eGFP2
8259,20:20:25,0.162,0.875,0,0,eGFP2
8260,20:20:26,0.139,0.687,0,0,eGFP2
8261,20:20:26,0.106,0.633,0,0,eGFP2
8262,20:20:27,0.106,0.589,0,0,eGFP2
8263,20:20:28,0.084,0.611,0,0,eGFP2
8264,20:20:28,0.160,0.884,0,0,eGFP2
8265,20:20:29,0.105,0.533,0,0,eGFP2
8266,20:20:30,0.084,0.633,0,0,eGFP2
8267,20:20:30,0.129,0.732,0,0,eGFP2
8268,20:20:31,0.106,0.577,0,0,eGFP2
8269,20:20:32,0.095,0.578,0,0,eGFP2
8270,20:20:32,0.116,0.753,0,0,eGFP2
8271,20:20:33,0.171,0.895,0,0,eGFP2
8272,20:20:34,0.117,0.567,0,0,eGFP2
8273,20:20:34,0.094,0.720,0,0,eGFP2
8274,20:20:36,0.226,1.258,0,0,eGFP2
8275,20:20:37,0.130,0.778,0,0,eGFP2
8276,20:20:37,0.127,0.676,0,0,eGFP2
8277,20:20:38,0.094,0.588,0,0,eGFP2
8278,20:20:38,0.106,0.698,0,0,eGFP2
8279,20:20:39,0.128,0.622,0,0,eGFP2
8280,20:20:40,0.094,0.665,0,0,eGFP2
8281,20:20:41,0.171,0.863,0,0,eGFP2
8282,20:20:41,0.116,0.753,0,0,eGFP2
8283,20:20:42,0.138,0.863,0,0,eGFP2
8284,20:20:43,0.140,0.831,0,0,eGFP2
8285,20:20:44,0.139,0.852,0,0,eGFP2
8286,20:20:45,0.117,0.578,0,0,eGFP2
8287,20:20:45,0.083,0.478,0,0,eGFP2
8288,20:20:46,0.095,0.852,0,0,eGFP2
8289,20:20:47,0.184,0.854,0,0,eGFP2
8290,20:20:47,0.127,0.654,0,0,eGFP2
8291,20:20:48,0.084,0.490,0,0,eGFP2
8292,20:20:49,0.107,0.733,0,0,eGFP2
8293,20:20:49,0.095,0.599,0,0,eGFP2
8294,20:20:50,0.128,0.819,0,0,eGFP2
8295,20:20:51,0.106,0.633,0,0,eGFP2
8296,20:20:51,0.117,0.622,0,0,eGFP2
8297,20:20:52,0.083,0.544,0,0,eGFP2
8298,20:20:53,0.106,0.808,0,0,eGFP2
8299,20:20:53,0.133,0.627,0,0,eGFP2
8300,20:20:54,0.085,0.655,0,0,eGFP2
8301,20:20:55,0.138,0.698,0,0,eGFP2
8302,20:20:55,0.105,0.687,0,0,eGFP2
8303,20:20:56,0.128,0.831,0,0,eGFP2
8304,20:20:57,0.182,0.928,0,0,eGFP2
8305,20:20:58,0.116,0.741,0,0,eGFP2
8306,20:20:59,0.138,0.918,0,0,eGFP2
8307,20:21:00,0.203,1.224,0,0,eGFP2
8308,20:21:01,0.151,0.754,0,0,eGFP2
8309,20:21:01,0.094,0.511,0,0,eGFP2
8310,20:21:02,0.084,0.588,0,0,eGFP2
8311,20:21:03,0.160,0.874,0,0,eGFP2
8312,20:21:03,0.127,0.719,0,0,eGFP2
8313,20:21:04,0.095,0.599,0,0,eGFP2
8314,20:21:04,0.106,0.523,0,0,eGFP2
8315,20:21:05,0.094,0.511,0,0,eGFP2
8316,20:21:06,0.116,0.862,0,0,eGFP2
8317,20:21:07,0.142,0.668,0,0,eGFP2
8318,20:21:07,0.106,0.742,0,0,eGFP2
8319,20:21:08,0.139,0.688,0,0,eGFP2
8320,20:21:09,0.094,0.632,0,0,eGFP2
8321,20:21:09,0.116,0.708,0,0,eGFP2
8322,20:21:10,0.128,0.720,0,0,eGFP2
8323,20:21:11,0.106,0.566,0,0,eGFP2
8324,20:21:11,0.095,0.545,0,0,eGFP2
8325,20:21:12,0.085,0.524,0,0,eGFP2
8326,20:21:12,0.083,0.588,0,0,eGFP2
8327,20:21:13,0.138,0.939,0,0,eGFP2
8328,20:21:14,0.138,0.863,0,0,eGFP2
8329,20:21:15,0.138,0.720,0,0,eGFP2
8330,20:21:15,0.094,0.599,0,0,eGFP2
8331,20:21:16,0.085,0.480,0,0,eGFP2
8332,20:21:16,0.083,0.490,0,0,eGFP2
8333,20:21:17,0.085,0.732,0,0,eGFP2
8334,20:21:18,0.138,0.731,0,0,eGFP2
8335,20:21:18,0.094,0.566,0,0,eGFP2
8336,20:21:19,0.128,0.984,0,0,eGFP2
8337,20:21:20,0.138,0.829,0,0,eGFP2
8338,20:21:21,0.128,0.786,0,0,eGFP2
8339,20:21:22,0.128,0.742,0,0,eGFP2
8340,20:21:22,0.117,0.676,0,0,eGFP2
8341,20:21:23,0.106,0.644,0,0,eGFP2
8342,20:21:24,0.104,0.532,0,0,eGFP2
8343,20:21:24,0.072,0.522,0,0,eGFP2
8344,20:21:25,0.161,1.313,0,0,eGFP2
8345,20:21:27,0.316,1.183,0,0,eGFP2
8346,20:21:27,0.160,0.818,0,0,eGFP2
8347,20:21:28,0.106,0.611,0,0,eGFP2
8348,20:21:29,0.094,0.566,0,0,eGFP2
8349,20:21:29,0.095,0.556,0,0,eGFP2
8350,20:21:30,0.097,0.701,0,0,eGFP2
8351,20:21:31,0.160,0.829,0,0,eGFP2
8352,20:21:31,0.106,0.589,0,0,eGFP2
8353,20:21:32,0.106,0.665,0,0,eGFP2
8354,20:21:33,0.118,0.612,0,0,eGFP2
8355,20:21:33,0.095,0.621,0,0,eGFP2
8356,20:21:34,0.161,0.929,0,0,eGFP2
8357,20:21:35,0.128,0.655,0,0,eGFP2
8358,20:21:35,0.131,0.734,0,0,eGFP2
8359,20:21:36,0.128,0.699,0,0,eGFP2
8360,20:21:37,0.094,0.511,0,0,eGFP2
8361,20:21:37,0.095,0.677,0,0,eGFP2
8362,20:21:38,0.138,0.775,0,0,eGFP2
8363,20:21:39,0.110,0.593,0,0,eGFP2
8364,20:21:40,0.116,1.356,0,0,eGFP2
8365,20:21:51,0.687,10.706,0,0,eGFP2
8366,20:21:54,0.172,3.080,0,0,eGFP2
8367,20:21:55,0.193,1.444,0,0,eGFP2
8368,20:21:57,0.138,2.081,0,0,eGFP2
8369,20:21:59,0.127,1.718,0,0,eGFP2
8370,20:22:00,0.105,0.566,0,0,eGFP2
8371,20:22:00,0.105,0.533,0,0,eGFP2
8372,20:22:01,0.085,0.447,0,0,eGFP2
8373,20:22:01,0.083,0.456,0,0,eGFP2
8374,20:22:02,0.083,0.500,0,0,eGFP2
8375,20:22:02,0.096,0.513,0,0,eGFP2
8376,20:22:03,0.094,0.621,0,0,eGFP2
8377,20:22:03,0.094,0.511,0,0,eGFP2
8378,20:22:04,0.083,0.457,0,0,eGFP2
8379,20:22:04,0.083,0.489,0,0,eGFP2
8380,20:22:05,0.083,0.522,0,0,eGFP2
8381,20:22:05,0.094,0.665,0,0,eGFP2
8382,20:22:06,0.105,0.566,0,0,eGFP2
8383,20:22:06,0.085,0.535,0,0,eGFP2
8384,20:22:07,0.105,0.763,0,0,eGFP2
8385,20:22:08,0.128,0.643,0,0,eGFP2
8386,20:22:09,0.107,0.645,0,0,eGFP2
8387,20:22:09,0.138,0.939,0,0,eGFP2
8388,20:22:10,0.138,0.720,0,0,eGFP2
8389,20:22:11,0.105,0.577,0,0,eGFP2
8390,20:22:11,0.106,0.555,0,0,eGFP2
8391,20:22:12,0.085,0.513,0,0,eGFP2
8392,20:22:12,0.095,0.589,0,0,eGFP2
8393,20:22:13,0.127,0.697,0,0,eGFP2
8394,20:22:14,0.128,0.753,0,0,eGFP2
8395,20:22:14,0.117,0.567,0,0,eGFP2
8396,20:22:15,0.094,0.522,0,0,eGFP2
8397,20:22:15,0.083,0.511,0,0,eGFP2
8398,20:22:16,0.084,0.578,0,0,eGFP2
8399,20:22:17,0.118,1.007,0,0,eGFP2
8400,20:22:18,0.184,0.864,0,0,eGFP2
8401,20:22:19,0.138,0.819,0,0,eGFP2
8402,20:22:19,0.105,0.599,0,0,eGFP2
8403,20:22:20,0.105,0.610,0,0,eGFP2
8404,20:22:21,0.117,0.753,0,0,eGFP2
8405,20:22:21,0.128,0.742,0,0,eGFP2
8406,20:22:23,0.171,1.126,0,0,eGFP2
8407,20:22:23,0.128,0.654,0,0,eGFP2
8408,20:22:24,0.097,0.525,0,0,eGFP2
8409,20:22:24,0.083,0.654,0,0,eGFP2
8410,20:22:25,0.138,0.764,0,0,eGFP2
8411,20:22:26,0.105,0.632,0,0,eGFP2
8412,20:22:26,0.117,0.599,0,0,eGFP2
8413,20:22:27,0.106,0.622,0,0,eGFP2
8414,20:22:28,0.129,0.875,0,0,eGFP2
8415,20:22:29,0.139,0.830,0,0,eGFP2
8416,20:22:30,0.151,0.919,0,0,eGFP2
8417,20:22:30,0.150,0.743,0,0,eGFP2
8418,20:22:31,0.127,0.698,0,0,eGFP2
8419,20:22:32,0.094,0.500,0,0,eGFP2
8420,20:22:32,0.084,0.490,0,0,eGFP2
8421,20:22:33,0.095,0.808,0,0,eGFP2
8422,20:22:34,0.161,0.731,0,0,eGFP2
8423,20:22:34,0.106,0.721,0,0,eGFP2
8424,20:22:35,0.151,0.732,0,0,eGFP2
8425,20:22:36,0.117,0.699,0,0,eGFP2
8426,20:22:37,0.143,0.999,0,0,eGFP2
8427,20:22:38,0.171,0.873,0,0,eGFP2
8428,20:22:38,0.118,0.776,0,0,eGFP2
8429,20:22:39,0.127,0.687,0,0,eGFP2
8430,20:22:40,0.105,0.555,0,0,eGFP2
8431,20:22:40,0.094,0.533,0,0,eGFP2
8432,20:22:41,0.096,0.688,0,0,eGFP2
8433,20:22:42,0.171,0.994,0,0,eGFP2
8434,20:22:43,0.160,0.874,0,0,eGFP2
8435,20:22:43,0.149,0.752,0,0,eGFP2
8436,20:22:44,0.116,0.786,0,0,eGFP2
8437,20:22:45,0.127,0.709,0,0,eGFP2
8438,20:22:46,0.138,0.708,0,0,eGFP2
8439,20:22:46,0.095,0.610,0,0,eGFP2
8440,20:22:48,0.149,1.378,0,0,eGFP2
8441,20:22:49,0.219,0.833,0,0,eGFP2
8442,20:22:49,0.105,0.533,0,0,eGFP2
8443,20:22:50,0.095,0.567,0,0,eGFP2
8444,20:22:50,0.105,0.653,0,0,eGFP2
8445,20:22:51,0.117,0.588,0,0,eGFP2
8446,20:22:52,0.106,0.665,0,0,eGFP2
8447,20:22:52,0.105,0.687,0,0,eGFP2
8448,20:22:53,0.138,0.972,0,0,eGFP2
8449,20:22:54,0.162,0.798,0,0,eGFP2
8450,20:22:55,0.106,0.676,0,0,eGFP2
8451,20:22:55,0.127,0.797,0,0,eGFP2
8452,20:22:56,0.138,0.873,0,0,eGFP2
8453,20:22:57,0.182,1.181,0,0,eGFP2
8454,20:22:59,0.182,1.214,0,0,eGFP2
8455,20:22:59,0.128,0.688,0,0,eGFP2
8456,20:23:00,0.117,0.632,0,0,eGFP2
8457,20:23:01,0.129,0.832,0,0,eGFP2
8458,20:23:02,0.193,1.576,0,0,eGFP2
8459,20:23:03,0.127,0.588,0,0,eGFP2
8460,20:23:04,0.094,0.522,0,0,eGFP2
8461,20:23:04,0.084,0.512,0,0,eGFP2
8462,20:23:05,0.116,0.917,0,0,eGFP2
8463,20:23:06,0.161,0.764,0,0,eGFP2
8464,20:23:06,0.117,0.665,0,0,eGFP2
8465,20:23:07,0.130,0.645,0,0,eGFP2
8466,20:23:08,0.095,0.600,0,0,eGFP2
8467,20:23:09,0.116,0.863,0,0,eGFP2
8468,20:23:09,0.138,0.676,0,0,eGFP2
8469,20:23:10,0.107,0.963,0,0,eGFP2
8470,20:23:11,0.150,0.753,0,0,eGFP2
8471,20:23:12,0.139,0.753,0,0,eGFP2
8472,20:23:13,0.139,1.247,0,0,eGFP2
8473,20:23:14,0.150,0.644,0,0,eGFP2
8474,20:23:14,0.099,0.527,0,0,eGFP2
8475,20:23:15,0.084,0.501,0,0,eGFP2
8476,20:23:16,0.117,1.038,0,0,eGFP2
8477,20:23:16,0.128,0.732,0,0,eGFP2
8478,20:23:17,0.116,0.709,0,0,eGFP2
8479,20:23:18,0.106,0.643,0,0,eGFP2
8480,20:23:18,0.106,0.501,0,0,eGFP2
8481,20:23:19,0.086,0.513,0,0,eGFP2
8482,20:23:19,0.097,0.580,0,0,eGFP2
8483,20:23:20,0.107,0.612,0,0,eGFP2
8484,20:23:21,0.117,0.764,0,0,eGFP2
8485,20:23:22,0.128,0.841,0,0,eGFP2
8486,20:23:22,0.128,0.798,0,0,eGFP2
8487,20:23:24,0.226,1.466,0,0,eGFP2
8488,20:23:24,0.106,0.534,0,0,eGFP2
8489,20:23:25,0.090,0.540,0,0,eGFP2
8490,20:23:25,0.118,0.589,0,0,eGFP2
8491,20:23:26,0.084,0.435,0,0,eGFP2
8492,20:23:26,0.083,0.456,0,0,eGFP2
8493,20:23:27,0.083,0.698,0,0,eGFP2
8494,20:23:28,0.204,0.807,0,0,eGFP2
8495,20:23:28,0.095,0.610,0,0,eGFP2
8496,20:23:29,0.117,0.709,0,0,eGFP2
8497,20:23:30,0.107,0.721,0,0,eGFP2
8498,20:23:31,0.140,0.853,0,0,eGFP2
8499,20:23:32,0.139,0.786,0,0,eGFP2
8500,20:23:32,0.116,0.731,0,0,eGFP2
8501,20:23:33,0.116,0.676,0,0,eGFP2
8502,20:23:34,0.116,0.753,0,0,eGFP2
8503,20:23:35,0.149,1.038,0,0,eGFP2
8504,20:23:36,0.248,1.159,0,0,eGFP2
8505,20:23:36,0.116,0.566,0,0,eGFP2
8506,20:23:37,0.106,0.665,0,0,eGFP2
8507,20:23:38,0.118,0.579,0,0,eGFP2
8508,20:23:38,0.084,0.566,0,0,eGFP2
8509,20:23:39,0.172,1.083,0,0,eGFP2
8510,20:23:40,0.138,0.676,0,0,eGFP2
8511,20:23:41,0.118,0.688,0,0,eGFP2
8512,20:23:41,0.117,0.687,0,0,eGFP2
8513,20:23:42,0.095,0.501,0,0,eGFP2
8514,20:23:43,0.084,0.665,0,0,eGFP2
8515,20:23:43,0.206,0.941,0,0,eGFP2
8516,20:23:44,0.117,0.720,0,0,eGFP2
8517,20:23:45,0.117,0.687,0,0,eGFP2
8518,20:23:46,0.139,0.688,0,0,eGFP2
8519,20:23:46,0.105,0.698,0,0,eGFP2
8520,20:23:47,0.182,0.874,0,0,eGFP2
8521,20:23:48,0.105,0.665,0,0,eGFP2
8522,20:23:49,0.105,0.720,0,0,eGFP2
8523,20:23:49,0.129,0.755,0,0,eGFP2
8524,20:23:50,0.151,1.117,0,0,eGFP2
8525,20:23:51,0.215,0.961,0,0,eGFP2
8526,20:23:52,0.139,0.764,0,0,eGFP2
8527,20:23:53,0.117,0.731,0,0,eGFP2
8528,20:23:54,0.139,1.105,0,0,eGFP2
8529,20:23:55,0.215,0.939,0,0,eGFP2
8530,20:23:55,0.117,0.578,0,0,eGFP2
8531,20:23:56,0.096,0.524,0,0,eGFP2
8532,20:23:57,0.084,0.523,0,0,eGFP2
8533,20:23:57,0.106,0.577,0,0,eGFP2
8534,20:23:58,0.106,0.677,0,0,eGFP2
8535,20:23:59,0.127,0.731,0,0,eGFP2
8536,20:23:59,0.117,0.775,0,0,eGFP2
8537,20:24:00,0.117,0.742,0,0,eGFP2
8538,20:24:01,0.152,0.843,0,0,eGFP2
8539,20:24:02,0.128,0.665,0,0,eGFP2
8540,20:24:02,0.108,0.755,0,0,eGFP2
8541,20:24:03,0.150,1.160,0,0,eGFP2
8542,20:24:04,0.138,0.599,0,0,eGFP2
8543,20:24:05,0.084,0.479,0,0,eGFP2
8544,20:24:05,0.084,0.490,0,0,eGFP2
8545,20:24:06,0.095,0.841,0,0,eGFP2
8546,20:24:07,0.128,0.666,0,0,eGFP2
8547,20:24:07,0.128,0.819,0,0,eGFP2
8548,20:24:08,0.118,0.689,0,0,eGFP2
8549,20:24:09,0.172,1.236,0,0,eGFP2
8550,20:24:10,0.139,0.743,0,0,eGFP2
8551,20:24:11,0.117,0.610,0,0,eGFP2
8552,20:24:11,0.091,0.508,0,0,eGFP2
8553,20:24:12,0.094,0.599,0,0,eGFP2
8554,20:24:12,0.127,0.753,0,0,eGFP2
8555,20:24:13,0.127,0.840,0,0,eGFP2
8556,20:24:14,0.217,1.127,0,0,eGFP2
8557,20:24:15,0.139,0.962,0,0,eGFP2
8558,20:24:16,0.160,0.730,0,0,eGFP2
8559,20:24:17,0.117,0.654,0,0,eGFP2
8560,20:24:18,0.117,0.808,0,0,eGFP2
8561,20:24:18,0.138,0.731,0,0,eGFP2
8562,20:24:19,0.116,0.632,0,0,eGFP2
8563,20:24:20,0.105,0.566,0,0,eGFP2
8564,20:24:20,0.096,0.655,0,0,eGFP2
8565,20:24:21,0.149,0.808,0,0,eGFP2
8566,20:24:22,0.151,0.919,0,0,eGFP2
8567,20:24:23,0.127,0.654,0,0,eGFP2
8568,20:24:23,0.116,0.731,0,0,eGFP2
8569,20:24:25,0.105,1.378,0,0,eGFP2
8570,20:24:25,0.160,0.698,0,0,eGFP2
8571,20:24:26,0.105,0.522,0,0,eGFP2
8572,20:24:26,0.084,0.468,0,0,eGFP2
8573,20:24:27,0.085,0.754,0,0,eGFP2
8574,20:24:28,0.138,0.687,0,0,eGFP2
8575,20:24:28,0.106,0.621,0,0,eGFP2
8576,20:24:29,0.106,0.589,0,0,eGFP2
8577,20:24:30,0.094,0.654,0,0,eGFP2
8578,20:24:31,0.171,0.972,0,0,eGFP2
8579,20:24:31,0.138,0.764,0,0,eGFP2
8580,20:24:32,0.107,0.612,0,0,eGFP2
8581,20:24:33,0.107,0.590,0,0,eGFP2
8582,20:24:33,0.083,0.500,0,0,eGFP2
8583,20:24:35,0.095,1.642,0,0,eGFP2
8584,20:24:35,0.182,0.742,0,0,eGFP2
8585,20:24:36,0.106,0.566,0,0,eGFP2
8586,20:24:37,0.095,0.666,0,0,eGFP2
8587,20:24:37,0.116,0.577,0,0,eGFP2
8588,20:24:38,0.084,0.501,0,0,eGFP2
8589,20:24:38,0.096,0.546,0,0,eGFP2
8590,20:24:39,0.105,0.654,0,0,eGFP2
8591,20:24:40,0.128,0.786,0,0,eGFP2
8592,20:24:41,0.139,0.709,0,0,eGFP2
8593,20:24:41,0.117,0.676,0,0,eGFP2
8594,20:24:42,0.130,0.766,0,0,eGFP2
8595,20:24:42,0.106,0.556,0,0,eGFP2
8596,20:24:43,0.094,0.665,0,0,eGFP2
8597,20:24:44,0.139,0.764,0,0,eGFP2
8598,20:24:45,0.126,0.872,0,0,eGFP2
8599,20:24:49,0.150,4.353,0,0,eGFP2
8600,20:24:50,0.161,0.775,0,0,eGFP2
8601,20:24:51,0.172,0.764,0,0,eGFP2
8602,20:24:51,0.084,0.490,0,0,eGFP2
8603,20:24:52,0.095,0.556,0,0,eGFP2
8604,20:24:52,0.105,0.665,0,0,eGFP2
8605,20:24:53,0.095,0.534,0,0,eGFP2
8606,20:24:53,0.085,0.524,0,0,eGFP2
8607,20:24:54,0.097,0.623,0,0,eGFP2
8608,20:24:55,0.117,0.655,0,0,eGFP2
8609,20:24:55,0.106,0.567,0,0,eGFP2
8610,20:24:56,0.094,0.566,0,0,eGFP2
8611,20:24:57,0.106,0.710,0,0,eGFP2
8612,20:24:57,0.116,0.621,0,0,eGFP2
8613,20:24:58,0.095,0.534,0,0,eGFP2
8614,20:24:58,0.086,0.678,0,0,eGFP2
8615,20:24:59,0.139,0.699,0,0,eGFP2
8616,20:25:00,0.121,0.615,0,0,eGFP2
8617,20:25:00,0.094,0.610,0,0,eGFP2
8618,20:25:01,0.105,0.643,0,0,eGFP2
8619,20:25:02,0.127,0.675,0,0,eGFP2
8620,20:25:02,0.116,0.665,0,0,eGFP2
8621,20:25:03,0.129,0.666,0,0,eGFP2
8622,20:25:04,0.107,0.722,0,0,eGFP2
8623,20:25:04,0.149,0.785,0,0,eGFP2
8624,20:25:05,0.105,0.676,0,0,eGFP2
8625,20:25:06,0.215,0.917,0,0,eGFP2
8626,20:25:07,0.117,0.555,0,0,eGFP2
8627,20:25:07,0.084,0.490,0,0,eGFP2
8628,20:25:08,0.083,0.643,0,0,eGFP2
8629,20:25:09,0.149,0.774,0,0,eGFP2
8630,20:25:09,0.106,0.632,0,0,eGFP2
8631,20:25:10,0.118,0.689,0,0,eGFP2
8632,20:25:11,0.127,0.665,0,0,eGFP2
8633,20:25:11,0.094,0.544,0,0,eGFP2
8634,20:25:12,0.094,0.676,0,0,eGFP2
8635,20:25:13,0.118,0.754,0,0,eGFP2
8636,20:25:13,0.106,0.610,0,0,eGFP2
8637,20:25:14,0.117,0.742,0,0,eGFP2
8638,20:25:15,0.139,0.665,0,0,eGFP2
8639,20:25:15,0.096,0.513,0,0,eGFP2
8640,20:25:16,0.084,0.512,0,0,eGFP2
8641,20:25:16,0.094,0.862,0,0,eGFP2
8642,20:25:17,0.204,0.874,0,0,eGFP2
8643,20:25:19,0.138,1.225,0,0,eGFP2
8644,20:25:19,0.302,0.972,0,0,eGFP2
8645,20:25:20,0.105,0.632,0,0,eGFP2
8646,20:25:21,0.105,0.555,0,0,eGFP2
8647,20:25:21,0.085,0.503,0,0,eGFP2
8648,20:25:22,0.072,0.456,0,0,eGFP2
8649,20:25:22,0.074,0.557,0,0,eGFP2
8650,20:25:23,0.139,0.786,0,0,eGFP2
8651,20:25:23,0.094,0.512,0,0,eGFP2
8652,20:25:24,0.083,0.489,0,0,eGFP2
8653,20:25:25,0.084,1.368,0,0,eGFP2
8654,20:25:27,0.610,1.301,0,0,eGFP2
8655,20:25:27,0.109,0.691,0,0,eGFP2
8656,20:25:28,0.105,0.566,0,0,eGFP2
8657,20:25:28,0.095,0.567,0,0,eGFP2
8658,20:25:29,0.105,0.610,0,0,eGFP2
8659,20:25:30,0.106,0.534,0,0,eGFP2
8660,20:25:30,0.083,0.467,0,0,eGFP2
8661,20:25:31,0.073,0.545,0,0,eGFP2
8662,20:25:32,0.138,0.885,0,0,eGFP2
8663,20:25:32,0.107,0.667,0,0,eGFP2
8664,20:25:33,0.129,0.711,0,0,eGFP2
8665,20:25:33,0.094,0.522,0,0,eGFP2
8666,20:25:34,0.084,0.490,0,0,eGFP2
8667,20:25:35,0.095,0.709,0,0,eGFP2
8668,20:25:35,0.172,0.863,0,0,eGFP2
8669,20:25:36,0.117,0.643,0,0,eGFP2
8670,20:25:37,0.095,0.512,0,0,eGFP2
8671,20:25:37,0.084,0.479,0,0,eGFP2
8672,20:25:38,0.085,0.733,0,0,eGFP2
8673,20:25:39,0.182,0.786,0,0,eGFP2
8674,20:25:39,0.095,0.545,0,0,eGFP2
8675,20:25:40,0.084,0.523,0,0,eGFP2
8676,20:25:40,0.107,0.677,0,0,eGFP2
8677,20:25:41,0.097,0.514,0,0,eGFP2
8678,20:25:41,0.084,0.578,0,0,eGFP2
8679,20:25:43,0.187,1.131,0,0,eGFP2
8680,20:25:43,0.139,0.710,0,0,eGFP2
8681,20:25:44,0.105,0.544,0,0,eGFP2
8682,20:25:44,0.083,0.511,0,0,eGFP2
8683,20:25:45,0.105,0.599,0,0,eGFP2
8684,20:25:46,0.105,0.588,0,0,eGFP2
8685,20:25:46,0.094,0.818,0,0,eGFP2
8686,20:25:47,0.149,0.753,0,0,eGFP2
8687,20:25:48,0.094,0.588,0,0,eGFP2
8688,20:25:48,0.107,0.611,0,0,eGFP2
8689,20:25:49,0.106,0.654,0,0,eGFP2
8690,20:25:50,0.127,0.753,0,0,eGFP2
8691,20:25:50,0.103,0.608,0,0,eGFP2
8692,20:25:51,0.116,0.731,0,0,eGFP2
8693,20:25:52,0.138,0.720,0,0,eGFP2
8694,20:25:52,0.083,0.478,0,0,eGFP2
8695,20:25:53,0.083,0.632,0,0,eGFP2
8696,20:25:54,0.204,1.027,0,0,eGFP2
8697,20:25:55,0.118,0.721,0,0,eGFP2
8698,20:25:55,0.128,0.610,0,0,eGFP2
8699,20:25:56,0.095,0.490,0,0,eGFP2
8700,20:25:56,0.083,0.555,0,0,eGFP2
8701,20:25:57,0.116,0.731,0,0,eGFP2
8702,20:25:58,0.116,0.566,0,0,eGFP2
8703,20:25:58,0.083,0.467,0,0,eGFP2
8704,20:25:59,0.085,0.502,0,0,eGFP2
8705,20:25:59,0.086,0.535,0,0,eGFP2
8706,20:26:00,0.106,0.764,0,0,eGFP2
8707,20:26:01,0.139,0.775,0,0,eGFP2
8708,20:26:02,0.138,0.885,0,0,eGFP2
8709,20:26:02,0.127,0.643,0,0,eGFP2
8710,20:26:03,0.094,0.533,0,0,eGFP2
8711,20:26:03,0.083,0.511,0,0,eGFP2
8712,20:26:04,0.084,0.644,0,0,eGFP2
8713,20:28:00,0.238,115.828,0,0,eGFP2
8714,20:28:01,0.116,1.104,0,0,eGFP2
8715,20:28:02,0.402,1.521,0,0,eGFP2
8716,20:28:04,0.665,1.357,0,0,eGFP2
8717,20:28:04,0.116,0.763,0,0,eGFP2
8718,20:28:05,0.141,0.821,0,0,eGFP2
8719,20:28:06,0.105,0.533,0,0,eGFP2
8720,20:28:06,0.084,0.567,0,0,eGFP2
8721,20:28:07,0.129,0.667,0,0,eGFP2
8722,20:28:08,0.094,0.500,0,0,eGFP2
8723,20:28:08,0.084,0.501,0,0,eGFP2
8724,20:28:09,0.084,0.588,0,0,eGFP2
8725,20:28:10,0.150,1.006,0,0,eGFP2
8726,20:28:10,0.160,0.873,0,0,eGFP2
8727,20:28:11,0.147,0.871,0,0,eGFP2
8728,20:28:12,0.128,0.698,0,0,eGFP2
8729,20:28:13,0.127,0.808,0,0,eGFP2
8730,20:28:14,0.183,1.489,0,0,eGFP2
8731,20:28:15,0.248,0.808,0,0,eGFP2
8732,20:28:16,0.095,0.578,0,0,eGFP2
8733,20:28:16,0.094,0.566,0,0,eGFP2
8734,20:28:17,0.094,0.511,0,0,eGFP2
8735,20:28:17,0.083,0.500,0,0,eGFP2
8736,20:28:18,0.095,0.632,0,0,eGFP2
8737,20:28:19,0.171,1.038,0,0,eGFP2
8738,20:28:20,0.316,0.996,0,0,eGFP2
8739,20:28:21,0.094,0.544,0,0,eGFP2
8740,20:28:21,0.105,0.863,0,0,eGFP2
8741,20:28:22,0.138,0.741,0,0,eGFP2
8742,20:28:23,0.116,0.643,0,0,eGFP2
8743,20:28:23,0.094,0.544,0,0,eGFP2
8744,20:28:24,0.094,0.665,0,0,eGFP2
8745,20:28:25,0.105,0.698,0,0,eGFP2
8746,20:28:25,0.141,0.679,0,0,eGFP2
8747,20:28:26,0.083,0.511,0,0,eGFP2
8748,20:28:27,0.105,0.720,0,0,eGFP2
8749,20:28:27,0.116,0.665,0,0,eGFP2
8750,20:28:28,0.314,1.214,0,0,eGFP2
8751,20:28:29,0.094,0.511,0,0,eGFP2
8752,20:28:29,0.083,0.511,0,0,eGFP2
8753,20:28:30,0.095,0.556,0,0,eGFP2
8754,20:28:31,0.096,0.842,0,0,eGFP2
8755,20:28:32,0.160,0.720,0,0,eGFP2
8756,20:28:32,0.116,0.709,0,0,eGFP2
8757,20:28:33,0.138,0.720,0,0,eGFP2
8758,20:28:34,0.105,0.555,0,0,eGFP2
8759,20:28:34,0.095,0.577,0,0,eGFP2
8760,20:28:35,0.118,0.733,0,0,eGFP2
8761,20:28:35,0.116,0.577,0,0,eGFP2
8762,20:28:36,0.084,0.479,0,0,eGFP2
8763,20:28:37,0.074,0.568,0,0,eGFP2
8764,20:28:37,0.127,0.852,0,0,eGFP2
8765,20:28:38,0.193,0.950,0,0,eGFP2
8766,20:28:39,0.128,0.709,0,0,eGFP2
8767,20:28:40,0.128,0.654,0,0,eGFP2
8768,20:28:40,0.106,0.611,0,0,eGFP2
8769,20:28:41,0.105,0.599,0,0,eGFP2
8770,20:28:42,0.117,0.676,0,0,eGFP2
8771,20:28:42,0.119,0.722,0,0,eGFP2
8772,20:28:43,0.139,0.786,0,0,eGFP2
8773,20:28:44,0.107,0.612,0,0,eGFP2
8774,20:28:44,0.106,0.611,0,0,eGFP2
8775,20:28:45,0.094,0.544,0,0,eGFP2
8776,20:28:45,0.095,0.589,0,0,eGFP2
8777,20:28:46,0.105,0.643,0,0,eGFP2
8778,20:28:47,0.149,1.291,0,0,eGFP2
8779,20:28:48,0.096,0.557,0,0,eGFP2
8780,20:28:49,0.095,0.622,0,0,eGFP2
8781,20:28:49,0.127,0.786,0,0,eGFP2
8782,20:28:50,0.105,0.544,0,0,eGFP2
8783,20:28:50,0.084,0.457,0,0,eGFP2
8784,20:28:51,0.084,0.468,0,0,eGFP2
8785,20:28:51,0.084,0.457,0,0,eGFP2
8786,20:28:52,0.084,0.501,0,0,eGFP2
8787,20:28:52,0.109,0.625,0,0,eGFP2
8788,20:28:53,0.105,0.577,0,0,eGFP2
8789,20:28:54,0.106,0.644,0,0,eGFP2
8790,20:28:55,0.144,1.055,0,0,eGFP2
8791,20:28:57,0.160,1.981,0,0,eGFP2
8792,20:28:57,0.094,0.478,0,0,eGFP2
8793,20:28:58,0.073,0.435,0,0,eGFP2
8794,20:28:58,0.072,0.434,0,0,eGFP2
8795,20:28:59,0.072,0.566,0,0,eGFP2
8796,20:28:59,0.107,0.568,0,0,eGFP2
8797,20:29:00,0.083,0.489,0,0,eGFP2
8798,20:29:00,0.072,0.500,0,0,eGFP2
8799,20:29:01,0.105,0.665,0,0,eGFP2
8800,20:29:01,0.105,0.544,0,0,eGFP2
8801,20:29:02,0.085,0.447,0,0,eGFP2
8802,20:29:02,0.083,0.533,0,0,eGFP2
8803,20:29:03,0.116,0.665,0,0,eGFP2
8804,20:29:04,0.117,0.633,0,0,eGFP2
8805,20:29:04,0.105,0.566,0,0,eGFP2
8806,20:29:05,0.095,0.588,0,0,eGFP2
8807,20:29:05,0.106,0.687,0,0,eGFP2
8808,20:29:06,0.127,0.742,0,0,eGFP2
8809,20:29:07,0.116,0.654,0,0,eGFP2
8810,20:29:07,0.094,0.500,0,0,eGFP2
8811,20:29:08,0.073,0.490,0,0,eGFP2
8812,20:29:08,0.084,0.501,0,0,eGFP2
8813,20:29:09,0.095,0.501,0,0,eGFP2
8814,20:29:09,0.083,0.544,0,0,eGFP2
8815,20:29:10,0.118,1.040,0,0,eGFP2
8816,20:29:11,0.171,0.829,0,0,eGFP2
8817,20:29:12,0.128,0.654,0,0,eGFP2
8818,20:29:12,0.106,0.578,0,0,eGFP2
8819,20:29:13,0.083,0.500,0,0,eGFP2
8820,20:29:14,0.085,0.634,0,0,eGFP2
8821,20:29:15,0.182,0.917,0,0,eGFP2
8822,20:29:15,0.117,0.599,0,0,eGFP2
8823,20:29:16,0.095,0.611,0,0,eGFP2
8824,20:29:16,0.116,0.588,0,0,eGFP2
8825,20:29:17,0.094,0.479,0,0,eGFP2
8826,20:29:17,0.072,0.434,0,0,eGFP2
8827,20:29:18,0.073,0.545,0,0,eGFP2
8828,20:29:19,0.138,0.774,0,0,eGFP2
8829,20:29:19,0.120,0.603,0,0,eGFP2
8830,20:29:20,0.095,0.665,0,0,eGFP2
8831,20:29:21,0.150,0.841,0,0,eGFP2
8832,20:29:21,0.127,0.654,0,0,eGFP2
8833,20:29:22,0.117,0.567,0,0,eGFP2
8834,20:29:22,0.083,0.478,0,0,eGFP2
8835,20:29:23,0.084,0.446,0,0,eGFP2
8836,20:29:23,0.073,0.468,0,0,eGFP2
8837,20:29:24,0.096,0.689,0,0,eGFP2
8838,20:29:25,0.116,0.610,0,0,eGFP2
8839,20:29:25,0.084,0.490,0,0,eGFP2
8840,20:29:26,0.094,0.720,0,0,eGFP2
8841,20:29:27,0.149,0.731,0,0,eGFP2
8842,20:29:27,0.105,0.555,0,0,eGFP2
8843,20:29:28,0.075,0.459,0,0,eGFP2
8844,20:29:28,0.084,0.577,0,0,eGFP2
8845,20:29:29,0.119,0.766,0,0,eGFP2
8846,20:29:30,0.117,0.698,0,0,eGFP2
8847,20:29:30,0.106,0.754,0,0,eGFP2
8848,20:29:31,0.138,0.885,0,0,eGFP2
8849,20:29:32,0.138,0.786,0,0,eGFP2
8850,20:29:33,0.116,0.588,0,0,eGFP2
8851,20:29:33,0.073,0.567,0,0,eGFP2
8852,20:29:34,0.117,0.665,0,0,eGFP2
8853,20:29:34,0.095,0.567,0,0,eGFP2
8854,20:29:35,0.098,0.712,0,0,eGFP2
8855,20:29:36,0.105,0.544,0,0,eGFP2
8856,20:29:36,0.084,0.468,0,0,eGFP2
8857,20:29:37,0.070,0.465,0,0,eGFP2
8858,20:29:37,0.083,0.577,0,0,eGFP2
8859,20:29:38,0.127,0.731,0,0,eGFP2
8860,20:29:39,0.105,0.643,0,0,eGFP2
8861,20:29:39,0.148,0.972,0,0,eGFP2
8862,20:29:40,0.172,0.918,0,0,eGFP2
8863,20:29:41,0.160,0.819,0,0,eGFP2
8864,20:29:42,0.127,0.686,0,0,eGFP2
8865,20:29:42,0.095,0.490,0,0,eGFP2
8866,20:29:43,0.072,0.456,0,0,eGFP2
8867,20:29:43,0.083,0.445,0,0,eGFP2
8868,20:29:44,0.072,0.446,0,0,eGFP2
8869,20:29:44,0.094,0.719,0,0,eGFP2
8870,20:29:45,0.142,0.701,0,0,eGFP2
8871,20:29:46,0.084,0.588,0,0,eGFP2
8872,20:29:47,0.161,0.885,0,0,eGFP2
8873,20:29:47,0.105,0.654,0,0,eGFP2
8874,20:29:48,0.127,0.621,0,0,eGFP2
8875,20:29:48,0.094,0.522,0,0,eGFP2
8876,20:29:49,0.084,0.556,0,0,eGFP2
8877,20:29:50,0.094,0.665,0,0,eGFP2
8878,20:29:50,0.150,0.732,0,0,eGFP2
8879,20:29:51,0.116,0.797,0,0,eGFP2
8880,20:29:52,0.138,0.665,0,0,eGFP2
8881,20:29:52,0.083,0.445,0,0,eGFP2
8882,20:29:53,0.073,0.446,0,0,eGFP2
8883,20:29:53,0.083,0.632,0,0,eGFP2
8884,20:29:54,0.110,0.681,0,0,eGFP2
8885,20:29:55,0.105,0.588,0,0,eGFP2
8886,20:29:55,0.084,0.523,0,0,eGFP2
8887,20:29:56,0.096,0.732,0,0,eGFP2
8888,20:29:56,0.106,0.556,0,0,eGFP2
8889,20:29:57,0.083,0.511,0,0,eGFP2
8890,20:29:58,0.094,0.698,0,0,eGFP2
8891,20:29:59,0.171,0.950,0,0,eGFP2
8892,20:29:59,0.128,0.764,0,0,eGFP2
8893,20:30:00,0.128,0.709,0,0,eGFP2
8894,20:30:01,0.117,0.655,0,0,eGFP2
8895,20:30:01,0.096,0.491,0,0,eGFP2
8896,20:30:02,0.072,0.435,0,0,eGFP2
8897,20:30:02,0.094,0.796,0,0,eGFP2
8898,20:30:03,0.141,0.733,0,0,eGFP2
8899,20:30:04,0.095,0.545,0,0,eGFP2
8900,20:30:04,0.083,0.544,0,0,eGFP2
8901,20:30:05,0.106,0.666,0,0,eGFP2
8902,20:30:05,0.105,0.533,0,0,eGFP2
8903,20:30:06,0.097,0.645,0,0,eGFP2
8904,20:30:07,0.128,0.589,0,0,eGFP2
8905,20:30:07,0.084,0.556,0,0,eGFP2
8906,20:30:08,0.094,0.533,0,0,eGFP2
8907,20:30:08,0.084,0.479,0,0,eGFP2
8908,20:30:09,0.084,0.688,0,0,eGFP2
8909,20:30:10,0.138,0.731,0,0,eGFP2
8910,20:30:10,0.106,0.523,0,0,eGFP2
8911,20:30:11,0.085,0.491,0,0,eGFP2
8912,20:30:11,0.097,0.580,0,0,eGFP2
8913,20:30:12,0.127,0.709,0,0,eGFP2
8914,20:30:13,0.128,0.643,0,0,eGFP2
8915,20:30:13,0.084,0.512,0,0,eGFP2
8916,20:30:14,0.095,0.534,0,0,eGFP2
8917,20:30:14,0.100,0.616,0,0,eGFP2
8918,20:30:15,0.105,0.522,0,0,eGFP2
8919,20:30:15,0.083,0.467,0,0,eGFP2
8920,20:30:16,0.085,0.600,0,0,eGFP2
8921,20:30:17,0.138,0.830,0,0,eGFP2
8922,20:30:17,0.127,0.675,0,0,eGFP2
8923,20:30:18,0.117,0.654,0,0,eGFP2
8924,20:30:19,0.094,0.566,0,0,eGFP2
8925,20:30:19,0.095,0.534,0,0,eGFP2
8926,20:30:20,0.095,0.490,0,0,eGFP2
8927,20:30:20,0.073,0.479,0,0,eGFP2
8928,20:30:21,0.084,0.732,0,0,eGFP2
8929,20:30:21,0.116,0.610,0,0,eGFP2
8930,20:30:22,0.094,0.796,0,0,eGFP2
8931,20:30:24,0.281,2.180,0,0,eGFP2
8932,20:30:25,0.116,0.654,0,0,eGFP2
8933,20:30:26,0.105,0.610,0,0,eGFP2
8934,20:30:26,0.094,0.478,0,0,eGFP2
8935,20:30:27,0.083,0.500,0,0,eGFP2
8936,20:30:27,0.107,0.744,0,0,eGFP2
8937,20:30:28,0.127,0.731,0,0,eGFP2
8938,20:30:29,0.116,0.610,0,0,eGFP2
8939,20:30:29,0.105,0.720,0,0,eGFP2
8940,20:30:30,0.117,0.721,0,0,eGFP2
8941,20:30:31,0.116,0.610,0,0,eGFP2
8942,20:30:31,0.095,0.533,0,0,eGFP2
8943,20:30:32,0.095,0.622,0,0,eGFP2
8944,20:30:33,0.107,0.644,0,0,eGFP2
8945,20:30:33,0.139,0.720,0,0,eGFP2
8946,20:30:34,0.106,0.665,0,0,eGFP2
8947,20:30:35,0.139,0.743,0,0,eGFP2
8948,20:30:35,0.116,0.610,0,0,eGFP2
8949,20:30:36,0.117,0.709,0,0,eGFP2
8950,20:30:37,0.106,0.588,0,0,eGFP2
8951,20:30:37,0.095,0.600,0,0,eGFP2
8952,20:30:38,0.105,0.797,0,0,eGFP2
8953,20:30:39,0.218,0.800,0,0,eGFP2
8954,20:30:39,0.105,0.555,0,0,eGFP2
8955,20:30:40,0.095,0.621,0,0,eGFP2
8956,20:30:41,0.161,0.830,0,0,eGFP2
8957,20:30:41,0.106,0.567,0,0,eGFP2
8958,20:30:42,0.105,0.731,0,0,eGFP2
8959,20:30:43,0.127,0.698,0,0,eGFP2
8960,20:30:44,0.105,0.676,0,0,eGFP2
8961,20:30:44,0.129,0.733,0,0,eGFP2
8962,20:30:45,0.105,0.522,0,0,eGFP2
8963,20:30:45,0.084,0.468,0,0,eGFP2
8964,20:30:46,0.084,0.567,0,0,eGFP2
8965,20:30:47,0.149,0.775,0,0,eGFP2
8966,20:30:47,0.105,0.577,0,0,eGFP2
8967,20:30:48,0.107,0.700,0,0,eGFP2
8968,20:30:49,0.150,0.709,0,0,eGFP2
8969,20:30:49,0.108,0.645,0,0,eGFP2
8970,20:30:50,0.106,0.600,0,0,eGFP2
8971,20:30:50,0.095,0.544,0,0,eGFP2
8972,20:30:51,0.095,0.622,0,0,eGFP2
8973,20:30:52,0.150,0.775,0,0,eGFP2
8974,20:30:52,0.106,0.600,0,0,eGFP2
8975,20:30:53,0.138,1.038,0,0,eGFP2
8976,20:30:54,0.139,0.665,0,0,eGFP2
8977,20:30:55,0.086,0.514,0,0,eGFP2
8978,20:30:55,0.095,0.501,0,0,eGFP2
8979,20:30:56,0.084,0.501,0,0,eGFP2
8980,20:30:56,0.099,0.670,0,0,eGFP2
8981,20:30:57,0.106,0.677,0,0,eGFP2
8982,20:30:58,0.138,0.687,0,0,eGFP2
8983,20:30:59,0.116,0.906,0,0,eGFP2
8984,20:30:59,0.127,0.621,0,0,eGFP2
8985,20:31:00,0.094,0.500,0,0,eGFP2
8986,20:31:00,0.085,0.491,0,0,eGFP2
8987,20:31:01,0.083,0.577,0,0,eGFP2
8988,20:31:01,0.116,0.741,0,0,eGFP2
8989,20:31:02,0.105,0.555,0,0,eGFP2
8990,20:31:03,0.083,0.533,0,0,eGFP2
8991,20:31:03,0.117,0.951,0,0,eGFP2
8992,20:31:04,0.182,0.796,0,0,eGFP2
8993,20:31:05,0.105,0.621,0,0,eGFP2
8994,20:31:05,0.118,0.579,0,0,eGFP2
8995,20:31:06,0.085,0.491,0,0,eGFP2
8996,20:31:07,0.105,0.665,0,0,eGFP2
8997,20:31:08,0.160,0.885,0,0,eGFP2
8998,20:31:08,0.127,0.873,0,0,eGFP2
8999,20:31:09,0.204,0.830,0,0,eGFP2
9000,20:31:10,0.094,0.533,0,0,eGFP2
9001,20:31:10,0.106,0.610,0,0,eGFP2
9002,20:31:11,0.100,0.550,0,0,eGFP2
9003,20:31:12,0.083,0.654,0,0,eGFP2
9004,20:31:12,0.149,0.742,0,0,eGFP2
9005,20:31:13,0.116,0.654,0,0,eGFP2
9006,20:31:14,0.094,0.555,0,0,eGFP2
9007,20:31:14,0.106,0.687,0,0,eGFP2
9008,20:31:15,0.106,0.687,0,0,eGFP2
9009,20:31:15,0.107,0.546,0,0,eGFP2
9010,20:31:16,0.085,0.513,0,0,eGFP2
9011,20:31:17,0.095,0.819,0,0,eGFP2
9012,20:31:18,0.172,0.731,0,0,eGFP2
9013,20:31:18,0.095,0.666,0,0,eGFP2
9014,20:31:19,0.160,0.720,0,0,eGFP2
9015,20:31:19,0.094,0.555,0,0,eGFP2
9016,20:31:20,0.117,0.720,0,0,eGFP2
9017,20:31:21,0.139,0.765,0,0,eGFP2
9018,20:31:22,0.105,0.566,0,0,eGFP2
9019,20:31:22,0.096,0.678,0,0,eGFP2
9020,20:31:23,0.161,0.874,0,0,eGFP2
9021,20:31:24,0.106,0.643,0,0,eGFP2
9022,20:31:24,0.128,0.731,0,0,eGFP2
9023,20:31:25,0.119,0.744,0,0,eGFP2
9024,20:31:26,0.117,0.611,0,0,eGFP2
9025,20:31:26,0.095,0.566,0,0,eGFP2
9026,20:31:27,0.106,0.732,0,0,eGFP2
9027,20:31:28,0.184,0.974,0,0,eGFP2
9028,20:31:29,0.139,0.808,0,0,eGFP2
9029,20:31:30,0.139,0.753,0,0,eGFP2
9030,20:31:30,0.095,0.545,0,0,eGFP2
9031,20:31:31,0.084,0.545,0,0,eGFP2
9032,20:31:32,0.105,0.863,0,0,eGFP2
9033,20:31:32,0.127,0.731,0,0,eGFP2
9034,20:31:33,0.128,0.720,0,0,eGFP2
9035,20:31:34,0.119,0.744,0,0,eGFP2
9036,20:31:35,0.119,0.777,0,0,eGFP2
9037,20:31:35,0.139,0.776,0,0,eGFP2
9038,20:31:36,0.106,0.577,0,0,eGFP2
9039,20:31:37,0.106,0.798,0,0,eGFP2
9040,20:31:37,0.127,0.621,0,0,eGFP2
9041,20:31:38,0.095,0.677,0,0,eGFP2
9042,20:31:39,0.150,0.720,0,0,eGFP2
9043,20:31:39,0.113,0.760,0,0,eGFP2
9044,20:31:40,0.150,0.698,0,0,eGFP2
9045,20:31:41,0.105,0.632,0,0,eGFP2
9046,20:31:42,0.116,0.841,0,0,eGFP2
9047,20:31:42,0.171,0.818,0,0,eGFP2
9048,20:31:43,0.094,0.632,0,0,eGFP2
9049,20:31:44,0.105,0.610,0,0,eGFP2
9050,20:31:44,0.096,0.623,0,0,eGFP2
9051,20:31:45,0.105,0.676,0,0,eGFP2
9052,20:31:46,0.128,0.721,0,0,eGFP2
9053,20:31:47,0.138,1.236,0,0,eGFP2
9054,20:31:48,0.160,0.708,0,0,eGFP2
9055,20:31:49,0.150,0.940,0,0,eGFP2
9056,20:31:49,0.106,0.512,0,0,eGFP2
9057,20:31:50,0.084,0.512,0,0,eGFP2
9058,20:31:50,0.116,0.698,0,0,eGFP2
9059,20:31:51,0.094,0.566,0,0,eGFP2
9060,20:31:51,0.085,0.557,0,0,eGFP2
9061,20:31:52,0.094,0.533,0,0,eGFP2
9062,20:31:53,0.083,0.588,0,0,eGFP2
9063,20:31:53,0.149,0.819,0,0,eGFP2
9064,20:31:54,0.107,0.710,0,0,eGFP2
9065,20:31:55,0.128,0.731,0,0,eGFP2
9066,20:31:55,0.106,0.534,0,0,eGFP2
9067,20:31:56,0.094,0.544,0,0,eGFP2
9068,20:31:57,0.107,0.656,0,0,eGFP2
9069,20:31:58,0.138,1.005,0,0,eGFP2
9070,20:31:58,0.117,0.665,0,0,eGFP2
9071,20:31:59,0.117,0.567,0,0,eGFP2
9072,20:31:59,0.083,0.478,0,0,eGFP2
9073,20:32:00,0.095,0.764,0,0,eGFP2
9074,20:32:01,0.139,0.687,0,0,eGFP2
9075,20:32:01,0.095,0.556,0,0,eGFP2
9076,20:32:02,0.118,0.688,0,0,eGFP2
9077,20:32:03,0.106,0.545,0,0,eGFP2
9078,20:32:03,0.096,0.831,0,0,eGFP2
9079,20:32:04,0.161,0.786,0,0,eGFP2
9080,20:32:05,0.106,0.534,0,0,eGFP2
9081,20:32:05,0.084,0.577,0,0,eGFP2
9082,20:32:06,0.106,0.633,0,0,eGFP2
9083,20:32:07,0.116,0.720,0,0,eGFP2
9084,20:32:07,0.116,0.577,0,0,eGFP2
9085,20:32:08,0.097,0.612,0,0,eGFP2
9086,20:32:09,0.161,0.874,0,0,eGFP2
9087,20:32:09,0.128,0.644,0,0,eGFP2
9088,20:32:10,0.094,0.566,0,0,eGFP2
9089,20:32:11,0.106,0.808,0,0,eGFP2
9090,20:32:11,0.128,0.731,0,0,eGFP2
9091,20:32:12,0.106,0.655,0,0,eGFP2
9092,20:32:13,0.118,0.678,0,0,eGFP2
9093,20:32:13,0.118,0.700,0,0,eGFP2
9094,20:32:14,0.116,0.665,0,0,eGFP2
9095,20:32:15,0.128,0.841,0,0,eGFP2
9096,20:32:16,0.150,0.786,0,0,eGFP2
9097,20:32:17,0.128,0.765,0,0,eGFP2
9098,20:32:17,0.105,0.533,0,0,eGFP2
9099,20:32:18,0.084,0.490,0,0,eGFP2
9100,20:32:18,0.084,0.534,0,0,eGFP2
9101,20:32:19,0.096,0.568,0,0,eGFP2
9102,20:32:19,0.106,0.765,0,0,eGFP2
9103,20:32:20,0.138,0.819,0,0,eGFP2
9104,20:32:23,0.248,2.641,0,0,eGFP2
9105,20:32:23,0.083,0.489,0,0,eGFP2
9106,20:32:24,0.069,0.486,0,0,eGFP2
9107,20:32:24,0.116,0.643,0,0,eGFP2
9108,20:32:25,0.094,0.500,0,0,eGFP2
9109,20:32:25,0.072,0.435,0,0,eGFP2
9110,20:32:26,0.081,0.564,0,0,eGFP2
9111,20:32:27,0.138,0.775,0,0,eGFP2
9112,20:32:27,0.094,0.544,0,0,eGFP2
9113,20:32:28,0.083,0.588,0,0,eGFP2
9114,20:32:28,0.105,0.566,0,0,eGFP2
9115,20:32:29,0.083,0.467,0,0,eGFP2
9116,20:32:29,0.083,0.511,0,0,eGFP2
9117,20:32:30,0.106,0.545,0,0,eGFP2
9118,20:32:30,0.084,0.512,0,0,eGFP2
9119,20:32:31,0.096,0.667,0,0,eGFP2
9120,20:32:32,0.116,0.610,0,0,eGFP2
9121,20:32:32,0.094,0.610,0,0,eGFP2
9122,20:32:33,0.149,0.917,0,0,eGFP2
9123,20:32:34,0.117,0.621,0,0,eGFP2
9124,20:32:35,0.095,0.621,0,0,eGFP2
9125,20:32:35,0.117,0.698,0,0,eGFP2
9126,20:32:36,0.096,0.535,0,0,eGFP2
9127,20:32:36,0.095,0.567,0,0,eGFP2
9128,20:32:37,0.094,0.632,0,0,eGFP2
9129,20:32:38,0.127,0.829,0,0,eGFP2
9130,20:32:39,0.128,0.720,0,0,eGFP2
9131,20:32:39,0.106,0.599,0,0,eGFP2
9132,20:32:40,0.095,0.534,0,0,eGFP2
9133,20:32:40,0.085,0.502,0,0,eGFP2
9134,20:32:41,0.085,0.469,0,0,eGFP2
9135,20:32:43,0.094,2.158,0,0,eGFP2
9136,20:34:13,0.577,90.191,0,0,eGFP2
9137,20:34:14,0.116,0.588,0,0,eGFP2
9138,20:34:14,0.095,0.599,0,0,eGFP2
9139,20:34:15,0.095,0.512,0,0,eGFP2
9140,20:34:15,0.083,0.435,0,0,eGFP2
9141,20:34:16,0.072,0.456,0,0,eGFP2
9142,20:34:16,0.095,0.632,0,0,eGFP2
9143,20:34:17,0.119,0.579,0,0,eGFP2
9144,20:34:17,0.084,0.512,0,0,eGFP2
9145,20:34:18,0.084,0.501,0,0,eGFP2
9146,20:34:19,0.094,0.731,0,0,eGFP2
9147,20:34:19,0.140,0.678,0,0,eGFP2
9148,20:34:20,0.094,0.522,0,0,eGFP2
9149,20:34:20,0.095,0.578,0,0,eGFP2
9150,20:34:21,0.116,0.731,0,0,eGFP2
9151,20:34:22,0.129,0.700,0,0,eGFP2
9152,20:34:22,0.116,0.698,0,0,eGFP2
9153,20:34:23,0.127,0.786,0,0,eGFP2
9154,20:34:24,0.138,0.961,0,0,eGFP2
9155,20:34:26,0.227,1.346,0,0,eGFP2
9156,20:34:26,0.237,0.830,0,0,eGFP2
9157,20:34:27,0.084,0.501,0,0,eGFP2
9158,20:34:27,0.072,0.500,0,0,eGFP2
9159,20:34:28,0.097,0.558,0,0,eGFP2
9160,20:34:28,0.094,0.566,0,0,eGFP2
9161,20:34:29,0.086,0.503,0,0,eGFP2
9162,20:34:30,0.084,0.588,0,0,eGFP2
9163,20:34:30,0.139,0.754,0,0,eGFP2
9164,20:34:31,0.105,0.522,0,0,eGFP2
9165,20:34:31,0.095,0.512,0,0,eGFP2
9166,20:34:32,0.106,0.666,0,0,eGFP2
9167,20:34:33,0.118,0.634,0,0,eGFP2
9168,20:34:33,0.095,0.512,0,0,eGFP2
9169,20:34:34,0.083,0.654,0,0,eGFP2
9170,20:34:34,0.122,0.626,0,0,eGFP2
9171,20:34:35,0.094,0.632,0,0,eGFP2
9172,20:34:36,0.116,0.709,0,0,eGFP2
9173,20:34:36,0.094,0.577,0,0,eGFP2
9174,20:34:41,0.127,4.615,0,0,eGFP2
9175,20:34:43,0.107,2.389,0,0,eGFP2
9176,20:34:44,0.140,0.776,0,0,eGFP2
9177,20:34:45,0.106,0.545,0,0,eGFP2
9178,20:34:45,0.083,0.456,0,0,eGFP2
9179,20:34:46,0.083,0.533,0,0,eGFP2
9180,20:34:46,0.105,0.555,0,0,eGFP2
9181,20:34:47,0.083,0.467,0,0,eGFP2
9182,20:34:47,0.073,0.435,0,0,eGFP2
9183,20:34:48,0.083,0.621,0,0,eGFP2
9184,20:34:48,0.128,0.622,0,0,eGFP2
9185,20:34:49,0.084,0.468,0,0,eGFP2
9186,20:34:49,0.072,0.489,0,0,eGFP2
9187,20:34:50,0.094,0.709,0,0,eGFP2
9188,20:34:51,0.116,0.610,0,0,eGFP2
9189,20:34:51,0.085,0.535,0,0,eGFP2
9190,20:34:53,0.138,1.553,0,0,eGFP2
9191,20:34:53,0.095,0.501,0,0,eGFP2
9192,20:34:54,0.085,0.513,0,0,eGFP2
9193,20:34:54,0.094,0.588,0,0,eGFP2
9194,20:34:55,0.094,0.544,0,0,eGFP2
9195,20:34:55,0.084,0.446,0,0,eGFP2
9196,20:34:56,0.083,0.533,0,0,eGFP2
9197,20:34:57,0.160,0.819,0,0,eGFP2
9198,20:34:57,0.094,0.500,0,0,eGFP2
9199,20:34:58,0.084,0.545,0,0,eGFP2
9200,20:34:58,0.085,0.535,0,0,eGFP2
9201,20:34:59,0.094,0.643,0,0,eGFP2
9202,20:35:00,0.107,0.645,0,0,eGFP2
9203,20:35:00,0.127,0.599,0,0,eGFP2
9204,20:35:01,0.083,0.467,0,0,eGFP2
9205,20:35:01,0.084,0.654,0,0,eGFP2
9206,20:35:02,0.139,0.764,0,0,eGFP2
9207,20:35:03,0.117,0.611,0,0,eGFP2
9208,20:35:03,0.094,0.533,0,0,eGFP2
9209,20:35:04,0.085,0.524,0,0,eGFP2
9210,20:35:04,0.084,0.578,0,0,eGFP2
9211,20:35:05,0.105,0.753,0,0,eGFP2
9212,20:35:06,0.105,0.577,0,0,eGFP2
9213,20:35:06,0.106,0.654,0,0,eGFP2
9214,20:35:07,0.128,0.753,0,0,eGFP2
9215,20:35:08,0.117,0.589,0,0,eGFP2
9216,20:35:08,0.085,0.535,0,0,eGFP2
9217,20:35:09,0.097,0.777,0,0,eGFP2
9218,20:35:10,0.103,0.629,0,0,eGFP2
9219,20:35:10,0.127,0.610,0,0,eGFP2
9220,20:35:11,0.083,0.456,0,0,eGFP2
9221,20:35:11,0.072,0.511,0,0,eGFP2
9222,20:35:12,0.127,0.753,0,0,eGFP2
9223,20:35:12,0.105,0.511,0,0,eGFP2
9224,20:35:13,0.083,0.478,0,0,eGFP2
9225,20:35:14,0.107,0.776,0,0,eGFP2
9226,20:35:14,0.127,0.654,0,0,eGFP2
9227,20:35:15,0.094,0.500,0,0,eGFP2
9228,20:35:15,0.094,0.599,0,0,eGFP2
9229,20:35:16,0.105,0.577,0,0,eGFP2
9230,20:35:17,0.106,0.688,0,0,eGFP2
9231,20:35:17,0.116,0.676,0,0,eGFP2
9232,20:35:18,0.138,0.785,0,0,eGFP2
9233,20:35:19,0.107,0.568,0,0,eGFP2
9234,20:35:19,0.094,0.687,0,0,eGFP2
9235,20:35:20,0.138,0.697,0,0,eGFP2
9236,20:35:21,0.117,0.610,0,0,eGFP2
9237,20:35:21,0.106,0.665,0,0,eGFP2
9238,20:35:22,0.116,0.632,0,0,eGFP2
9239,20:35:22,0.105,0.533,0,0,eGFP2
9240,20:35:23,0.084,0.523,0,0,eGFP2
9241,20:35:24,0.105,0.796,0,0,eGFP2
9242,20:35:24,0.118,0.612,0,0,eGFP2
9243,20:35:25,0.116,0.731,0,0,eGFP2
9244,20:35:26,0.117,0.644,0,0,eGFP2
9245,20:35:27,0.116,0.753,0,0,eGFP2
9246,20:35:27,0.138,0.764,0,0,eGFP2
9247,20:35:28,0.116,0.621,0,0,eGFP2
9248,20:35:28,0.094,0.511,0,0,eGFP2
9249,20:35:29,0.094,0.501,0,0,eGFP2
9250,20:35:30,0.085,0.622,0,0,eGFP2
9251,20:35:30,0.149,0.830,0,0,eGFP2
9252,20:35:31,0.105,0.621,0,0,eGFP2
9253,20:35:32,0.116,0.632,0,0,eGFP2
9254,20:35:32,0.106,0.555,0,0,eGFP2
9255,20:35:33,0.095,0.655,0,0,eGFP2
9256,20:35:34,0.127,0.643,0,0,eGFP2
9257,20:35:34,0.105,0.665,0,0,eGFP2
9258,20:35:35,0.141,0.888,0,0,eGFP2
9259,20:35:36,0.116,0.731,0,0,eGFP2
9260,20:35:36,0.105,0.544,0,0,eGFP2
9261,20:35:37,0.095,0.720,0,0,eGFP2
9262,20:35:38,0.150,0.797,0,0,eGFP2
9263,20:35:38,0.117,0.633,0,0,eGFP2
9264,20:35:39,0.116,0.764,0,0,eGFP2
9265,20:35:40,0.116,0.599,0,0,eGFP2
9266,20:35:41,0.097,0.689,0,0,eGFP2
9267,20:35:41,0.139,0.764,0,0,eGFP2
9268,20:35:42,0.106,0.654,0,0,eGFP2
9269,20:35:43,0.106,0.611,0,0,eGFP2
9270,20:35:43,0.094,0.555,0,0,eGFP2
9271,20:35:44,0.095,0.545,0,0,eGFP2
9272,20:35:44,0.096,0.579,0,0,eGFP2
9273,20:35:45,0.106,0.698,0,0,eGFP2
9274,20:35:46,0.150,0.753,0,0,eGFP2
9275,20:35:46,0.119,0.788,0,0,eGFP2
9276,20:35:47,0.139,0.863,0,0,eGFP2
9277,20:35:48,0.128,0.687,0,0,eGFP2
9278,20:35:49,0.117,0.732,0,0,eGFP2
9279,20:35:49,0.105,0.599,0,0,eGFP2
9280,20:35:50,0.106,0.754,0,0,eGFP2
9281,20:35:51,0.121,0.681,0,0,eGFP2
9282,20:35:51,0.083,0.522,0,0,eGFP2
9283,20:35:52,0.096,0.579,0,0,eGFP2
9284,20:35:53,0.105,0.774,0,0,eGFP2
9285,20:35:53,0.118,0.590,0,0,eGFP2
9286,20:35:54,0.094,0.708,0,0,eGFP2
9287,20:35:55,0.127,0.698,0,0,eGFP2
9288,20:35:55,0.116,0.808,0,0,eGFP2
9289,20:35:56,0.160,0.752,0,0,eGFP2
9290,20:35:57,0.105,0.654,0,0,eGFP2
9291,20:35:58,0.151,1.215,0,0,eGFP2
9292,20:35:59,0.138,0.643,0,0,eGFP2
9293,20:35:59,0.094,0.577,0,0,eGFP2
9294,20:36:00,0.083,0.478,0,0,eGFP2
9295,20:36:00,0.084,0.468,0,0,eGFP2
9296,20:36:01,0.105,0.676,0,0,eGFP2
9297,20:36:02,0.116,0.643,0,0,eGFP2
9298,20:36:02,0.105,0.686,0,0,eGFP2
9299,20:36:03,0.120,0.647,0,0,eGFP2
9300,20:36:04,0.094,0.653,0,0,eGFP2
9301,20:36:04,0.128,0.709,0,0,eGFP2
9302,20:36:05,0.106,0.654,0,0,eGFP2
9303,20:36:06,0.117,0.775,0,0,eGFP2
9304,20:36:06,0.116,0.687,0,0,eGFP2
9305,20:36:07,0.138,0.786,0,0,eGFP2
9306,20:36:08,0.160,0.829,0,0,eGFP2
9307,20:36:09,0.128,0.654,0,0,eGFP2
9308,20:36:09,0.118,0.766,0,0,eGFP2
9309,20:36:10,0.138,0.764,0,0,eGFP2
9310,20:36:11,0.094,0.610,0,0,eGFP2
9311,20:36:12,0.138,0.774,0,0,eGFP2
9312,20:36:12,0.139,0.742,0,0,eGFP2
9313,20:36:13,0.129,0.810,0,0,eGFP2
9314,20:36:14,0.149,0.906,0,0,eGFP2
9315,20:36:15,0.139,0.753,0,0,eGFP2
9316,20:36:16,0.119,0.711,0,0,eGFP2
9317,20:36:16,0.161,0.885,0,0,eGFP2
9318,20:36:17,0.127,0.764,0,0,eGFP2
9319,20:36:18,0.116,0.753,0,0,eGFP2
9320,20:36:19,0.138,0.698,0,0,eGFP2
9321,20:36:19,0.117,0.632,0,0,eGFP2
9322,20:36:20,0.117,0.764,0,0,eGFP2
9323,20:36:21,0.183,1.203,0,0,eGFP2
9324,20:36:22,0.141,0.613,0,0,eGFP2
9325,20:36:23,0.105,0.687,0,0,eGFP2
9326,20:36:23,0.127,0.709,0,0,eGFP2
9327,20:36:24,0.097,0.590,0,0,eGFP2
9328,20:36:24,0.106,0.611,0,0,eGFP2
9329,20:36:25,0.105,0.731,0,0,eGFP2
9330,20:36:26,0.138,0.797,0,0,eGFP2
9331,20:36:27,0.117,0.764,0,0,eGFP2
9332,20:36:27,0.118,0.678,0,0,eGFP2
9333,20:36:28,0.106,0.643,0,0,eGFP2
9334,20:36:29,0.117,0.743,0,0,eGFP2
9335,20:36:29,0.105,0.555,0,0,eGFP2
9336,20:36:30,0.084,0.534,0,0,eGFP2
9337,20:36:31,0.116,0.874,0,0,eGFP2
9338,20:36:31,0.105,0.555,0,0,eGFP2
9339,20:36:32,0.084,0.611,0,0,eGFP2
9340,20:36:33,0.150,0.819,0,0,eGFP2
9341,20:36:33,0.109,0.658,0,0,eGFP2
9342,20:36:34,0.128,0.753,0,0,eGFP2
9343,20:36:35,0.128,0.710,0,0,eGFP2
9344,20:36:36,0.122,0.780,0,0,eGFP2
9345,20:36:36,0.138,0.797,0,0,eGFP2
9346,20:36:37,0.127,0.774,0,0,eGFP2
9347,20:36:38,0.138,0.906,0,0,eGFP2
9348,20:36:39,0.150,0.764,0,0,eGFP2
9349,20:36:40,0.129,0.666,0,0,eGFP2
9350,20:36:40,0.095,0.556,0,0,eGFP2
9351,20:36:41,0.094,0.664,0,0,eGFP2
9352,20:36:41,0.139,0.731,0,0,eGFP2
9353,20:36:42,0.094,0.555,0,0,eGFP2
9354,20:36:43,0.106,0.687,0,0,eGFP2
9355,20:36:43,0.129,0.765,0,0,eGFP2
9356,20:36:44,0.128,0.753,0,0,eGFP2
9357,20:36:45,0.118,0.711,0,0,eGFP2
9358,20:36:46,0.138,1.027,0,0,eGFP2
9359,20:37:01,13.624,14.689,0,0,eGFP2
9360,20:37:04,0.127,2.849,0,0,eGFP2
9361,20:37:04,0.149,0.654,0,0,eGFP2
9362,20:37:05,0.083,0.489,0,0,eGFP2
9363,20:37:05,0.084,0.479,0,0,eGFP2
9364,20:37:06,0.083,0.500,0,0,eGFP2
9365,20:37:06,0.083,0.500,0,0,eGFP2
9366,20:37:07,0.071,0.455,0,0,eGFP2
9367,20:37:07,0.084,0.534,0,0,eGFP2
9368,20:37:08,0.107,0.634,0,0,eGFP2
9369,20:37:08,0.094,0.522,0,0,eGFP2
9370,20:37:09,0.083,0.467,0,0,eGFP2
9371,20:37:09,0.084,0.589,0,0,eGFP2
9372,20:37:10,0.160,0.808,0,0,eGFP2
9373,20:37:11,0.105,0.555,0,0,eGFP2
9374,20:37:11,0.085,0.524,0,0,eGFP2
9375,20:37:12,0.116,0.753,0,0,eGFP2
9376,20:37:12,0.105,0.522,0,0,eGFP2
9377,20:37:13,0.073,0.534,0,0,eGFP2
9378,20:37:14,0.127,0.753,0,0,eGFP2
9379,20:37:14,0.094,0.544,0,0,eGFP2
9380,20:37:15,0.095,0.556,0,0,eGFP2
9381,20:37:16,0.116,0.709,0,0,eGFP2
9382,20:37:16,0.142,0.701,0,0,eGFP2
9383,20:37:17,0.095,0.556,0,0,eGFP2
9384,20:37:18,0.127,0.874,0,0,eGFP2
9385,20:37:18,0.149,0.709,0,0,eGFP2
9386,20:37:19,0.094,0.566,0,0,eGFP2
9387,20:37:20,0.106,0.808,0,0,eGFP2
9388,20:37:21,0.161,0.830,0,0,eGFP2
9389,20:37:21,0.150,0.731,0,0,eGFP2
9390,20:37:22,0.086,0.503,0,0,eGFP2
9391,20:37:22,0.083,0.588,0,0,eGFP2
9392,20:37:23,0.106,0.578,0,0,eGFP2
9393,20:37:24,0.094,0.566,0,0,eGFP2
9394,20:37:24,0.117,0.753,0,0,eGFP2
9395,20:37:25,0.106,0.534,0,0,eGFP2
9396,20:37:25,0.096,0.557,0,0,eGFP2
9397,20:37:26,0.117,0.721,0,0,eGFP2
9398,20:37:27,0.116,0.566,0,0,eGFP2
9399,20:37:27,0.086,0.481,0,0,eGFP2
9400,20:37:28,0.084,0.610,0,0,eGFP2
9401,20:37:29,0.161,0.776,0,0,eGFP2
9402,20:37:29,0.105,0.599,0,0,eGFP2
9403,20:37:30,0.106,0.600,0,0,eGFP2
9404,20:37:30,0.095,0.534,0,0,eGFP2
9405,20:37:31,0.105,0.830,0,0,eGFP2
9406,20:37:32,0.138,0.687,0,0,eGFP2
9407,20:37:32,0.097,0.602,0,0,eGFP2
9408,20:37:33,0.121,0.801,0,0,eGFP2
9409,20:37:34,0.127,0.720,0,0,eGFP2
9410,20:37:35,0.139,0.809,0,0,eGFP2
9411,20:37:35,0.116,0.544,0,0,eGFP2
9412,20:37:36,0.083,0.489,0,0,eGFP2
9413,20:37:37,0.094,0.742,0,0,eGFP2
9414,20:37:37,0.127,0.643,0,0,eGFP2
9415,20:37:38,0.095,0.556,0,0,eGFP2
9416,20:37:39,0.127,0.753,0,0,eGFP2
9417,20:37:39,0.105,0.566,0,0,eGFP2
9418,20:37:40,0.105,0.665,0,0,eGFP2
9419,20:37:40,0.138,0.698,0,0,eGFP2
9420,20:37:41,0.116,0.653,0,0,eGFP2
9421,20:37:42,0.095,0.490,0,0,eGFP2
9422,20:37:42,0.072,0.456,0,0,eGFP2
9423,20:37:43,0.085,0.711,0,0,eGFP2
9424,20:37:43,0.150,0.743,0,0,eGFP2
9425,20:37:44,0.105,0.676,0,0,eGFP2
9426,20:37:45,0.127,0.698,0,0,eGFP2
9427,20:37:45,0.094,0.566,0,0,eGFP2
9428,20:37:46,0.105,0.906,0,0,eGFP2
9429,20:37:47,0.149,0.720,0,0,eGFP2
9430,20:37:48,0.105,0.555,0,0,eGFP2
9431,20:37:48,0.095,0.501,0,0,eGFP2
9432,20:37:49,0.085,0.557,0,0,eGFP2
9433,20:37:50,0.149,0.917,0,0,eGFP2
9434,20:37:50,0.116,0.709,0,0,eGFP2
9435,20:37:51,0.127,0.654,0,0,eGFP2
9436,20:37:52,0.106,0.577,0,0,eGFP2
9437,20:37:52,0.095,0.534,0,0,eGFP2
9438,20:37:53,0.096,0.557,0,0,eGFP2
9439,20:37:53,0.105,0.709,0,0,eGFP2
9440,20:37:54,0.151,0.831,0,0,eGFP2
9441,20:37:55,0.116,0.577,0,0,eGFP2
9442,20:37:55,0.095,0.578,0,0,eGFP2
9443,20:37:56,0.138,0.862,0,0,eGFP2
9444,20:37:57,0.106,0.578,0,0,eGFP2
9445,20:37:57,0.094,0.599,0,0,eGFP2
9446,20:37:58,0.106,0.577,0,0,eGFP2
9447,20:37:58,0.095,0.501,0,0,eGFP2
9448,20:37:59,0.074,0.502,0,0,eGFP2
9449,20:38:00,0.095,0.633,0,0,eGFP2
9450,20:38:00,0.138,0.862,0,0,eGFP2
9451,20:38:01,0.108,0.678,0,0,eGFP2
9452,20:38:02,0.117,0.709,0,0,eGFP2
9453,20:38:02,0.128,0.611,0,0,eGFP2
9454,20:38:03,0.083,0.500,0,0,eGFP2
9455,20:38:04,0.084,0.688,0,0,eGFP2
9456,20:38:04,0.129,0.754,0,0,eGFP2
9457,20:38:05,0.128,0.699,0,0,eGFP2
9458,20:38:06,0.105,0.632,0,0,eGFP2
9459,20:38:06,0.128,0.775,0,0,eGFP2
9460,20:38:07,0.117,0.676,0,0,eGFP2
9461,20:38:08,0.128,0.721,0,0,eGFP2
9462,20:38:09,0.127,0.819,0,0,eGFP2
9463,20:38:10,0.160,0.852,0,0,eGFP2
9464,20:38:10,0.127,0.599,0,0,eGFP2
9465,20:38:11,0.087,0.526,0,0,eGFP2
9466,20:38:11,0.095,0.545,0,0,eGFP2
9467,20:38:12,0.084,0.468,0,0,eGFP2
9468,20:38:12,0.073,0.588,0,0,eGFP2
9469,20:38:13,0.183,0.951,0,0,eGFP2
9470,20:38:14,0.117,0.775,0,0,eGFP2
9471,20:38:15,0.133,0.715,0,0,eGFP2
9472,20:38:15,0.094,0.511,0,0,eGFP2
9473,20:38:16,0.084,0.688,0,0,eGFP2
9474,20:38:17,0.149,0.807,0,0,eGFP2
9475,20:38:17,0.105,0.698,0,0,eGFP2
9476,20:38:18,0.149,0.796,0,0,eGFP2
9477,20:38:19,0.105,0.555,0,0,eGFP2
9478,20:38:19,0.084,0.555,0,0,eGFP2
9479,20:38:20,0.107,0.853,0,0,eGFP2
9480,20:38:21,0.149,0.731,0,0,eGFP2
9481,20:38:22,0.107,0.732,0,0,eGFP2
9482,20:38:22,0.182,0.841,0,0,eGFP2
9483,20:38:23,0.138,0.763,0,0,eGFP2
9484,20:38:24,0.118,0.744,0,0,eGFP2
9485,20:38:25,0.116,0.577,0,0,eGFP2
9486,20:38:25,0.094,0.807,0,0,eGFP2
9487,20:38:26,0.139,0.720,0,0,eGFP2
9488,20:38:27,0.106,0.731,0,0,eGFP2
9489,20:38:28,0.140,0.754,0,0,eGFP2
9490,20:38:28,0.128,0.797,0,0,eGFP2
9491,20:38:30,0.259,1.148,0,0,eGFP2
9492,20:38:30,0.116,0.610,0,0,eGFP2
9493,20:38:31,0.085,0.513,0,0,eGFP2
9494,20:38:31,0.095,0.501,0,0,eGFP2
9495,20:38:32,0.083,0.511,0,0,eGFP2
9496,20:38:32,0.084,0.665,0,0,eGFP2
9497,20:38:33,0.160,0.786,0,0,eGFP2
9498,20:38:34,0.107,0.590,0,0,eGFP2
9499,20:38:34,0.116,0.764,0,0,eGFP2
9500,20:38:35,0.116,0.632,0,0,eGFP2
9501,20:38:36,0.138,0.786,0,0,eGFP2
9502,20:38:37,0.105,0.698,0,0,eGFP2
9503,20:38:37,0.149,0.742,0,0,eGFP2
9504,20:38:38,0.094,0.643,0,0,eGFP2
9505,20:38:39,0.138,0.874,0,0,eGFP2
9506,20:38:40,0.140,0.699,0,0,eGFP2
9507,20:38:40,0.118,0.854,0,0,eGFP2
9508,20:38:41,0.149,0.698,0,0,eGFP2
9509,20:38:42,0.116,0.698,0,0,eGFP2
9510,20:38:42,0.106,0.698,0,0,eGFP2
9511,20:38:43,0.106,0.567,0,0,eGFP2
9512,20:38:44,0.094,0.709,0,0,eGFP2
9513,20:38:45,0.149,0.819,0,0,eGFP2
9514,20:38:45,0.107,0.568,0,0,eGFP2
9515,20:38:46,0.094,0.731,0,0,eGFP2
9516,20:38:47,0.160,0.819,0,0,eGFP2
9517,20:38:47,0.116,0.665,0,0,eGFP2
9518,20:38:48,0.128,0.687,0,0,eGFP2
9519,20:38:49,0.106,0.567,0,0,eGFP2
9520,20:38:49,0.084,0.566,0,0,eGFP2
9521,20:38:50,0.108,0.854,0,0,eGFP2
9522,20:38:51,0.415,1.468,0,0,eGFP2
9523,20:38:52,0.117,0.709,0,0,eGFP2
9524,20:38:53,0.139,0.721,0,0,eGFP2
9525,20:38:53,0.084,0.501,0,0,eGFP2
9526,20:38:54,0.083,0.533,0,0,eGFP2
9527,20:38:55,0.128,0.798,0,0,eGFP2
9528,20:38:55,0.094,0.566,0,0,eGFP2
9529,20:38:56,0.106,0.776,0,0,eGFP2
9530,20:38:57,0.116,0.665,0,0,eGFP2
9531,20:38:58,0.133,0.803,0,0,eGFP2
9532,20:38:58,0.117,0.676,0,0,eGFP2
9533,20:38:59,0.117,0.787,0,0,eGFP2
9534,20:39:00,0.123,0.650,0,0,eGFP2
9535,20:39:00,0.127,0.741,0,0,eGFP2
9536,20:39:01,0.105,0.698,0,0,eGFP2
9537,20:39:02,0.138,0.873,0,0,eGFP2
9538,20:39:03,0.127,0.797,0,0,eGFP2
9539,20:39:04,0.161,0.864,0,0,eGFP2
9540,20:39:04,0.138,0.676,0,0,eGFP2
9541,20:39:05,0.105,0.818,0,0,eGFP2
9542,20:39:06,0.138,0.632,0,0,eGFP2
9543,20:39:06,0.094,0.709,0,0,eGFP2
9544,20:39:08,0.215,1.258,0,0,eGFP2
9545,20:39:08,0.138,0.686,0,0,eGFP2
9546,20:39:09,0.106,0.545,0,0,eGFP2
9547,20:39:09,0.085,0.469,0,0,eGFP2
9548,20:39:10,0.096,0.655,0,0,eGFP2
9549,20:39:11,0.160,0.786,0,0,eGFP2
9550,20:39:11,0.105,0.533,0,0,eGFP2
9551,20:39:12,0.095,0.731,0,0,eGFP2
9552,20:39:13,0.171,0.797,0,0,eGFP2
9553,20:39:14,0.105,0.555,0,0,eGFP2
9554,20:39:14,0.095,0.490,0,0,eGFP2
9555,20:39:15,0.096,0.831,0,0,eGFP2
9556,20:39:16,0.171,0.808,0,0,eGFP2
9557,20:39:16,0.116,0.643,0,0,eGFP2
9558,20:39:17,0.105,0.577,0,0,eGFP2
9559,20:39:18,0.095,0.731,0,0,eGFP2
9560,20:39:20,0.259,2.410,0,0,eGFP2
9561,20:39:21,0.094,0.566,0,0,eGFP2
9562,20:39:21,0.118,0.623,0,0,eGFP2
9563,20:39:22,0.095,0.523,0,0,eGFP2
9564,20:39:22,0.085,0.480,0,0,eGFP2
9565,20:39:23,0.084,0.632,0,0,eGFP2
9566,20:39:24,0.172,1.423,0,0,eGFP2
9567,20:39:25,0.237,0.840,0,0,eGFP2
9568,20:39:26,0.106,0.633,0,0,eGFP2
9569,20:39:26,0.083,0.544,0,0,eGFP2
9570,20:39:27,0.106,0.633,0,0,eGFP2
9571,20:39:27,0.094,0.500,0,0,eGFP2
9572,20:39:28,0.074,0.513,0,0,eGFP2
9573,20:39:30,0.194,2.103,0,0,eGFP2
9574,20:39:31,0.106,0.600,0,0,eGFP2
9575,20:39:31,0.083,0.457,0,0,eGFP2
9576,20:39:32,0.074,0.447,0,0,eGFP2
9577,20:39:32,0.095,0.797,0,0,eGFP2
9578,20:39:33,0.128,0.600,0,0,eGFP2
9579,20:39:33,0.083,0.533,0,0,eGFP2
9580,20:39:34,0.119,0.722,0,0,eGFP2
9581,20:39:35,0.095,0.545,0,0,eGFP2
9582,20:39:35,0.083,0.511,0,0,eGFP2
9583,20:39:37,0.117,2.257,0,0,eGFP2
9584,20:39:38,0.172,0.687,0,0,eGFP2
9585,20:39:39,0.095,0.479,0,0,eGFP2
9586,20:39:39,0.084,0.545,0,0,eGFP2
9587,20:39:40,0.117,0.907,0,0,eGFP2
9588,20:39:41,0.129,0.623,0,0,eGFP2
9589,20:39:41,0.106,0.622,0,0,eGFP2
9590,20:39:42,0.096,0.502,0,0,eGFP2
9591,20:39:42,0.073,0.501,0,0,eGFP2
9592,20:39:43,0.128,0.687,0,0,eGFP2
9593,20:39:44,0.326,0.534,0,0,eGFP2
9594,20:39:47,3.003,3.760,0,0,eGFP2
9595,20:39:48,0.106,0.710,0,0,eGFP2
9596,20:39:50,0.117,2.267,0,0,eGFP2
9597,20:39:51,0.102,0.552,0,0,eGFP2
9598,20:39:51,0.094,0.632,0,0,eGFP2
9599,20:39:52,0.105,0.610,0,0,eGFP2
9600,20:39:53,0.094,0.555,0,0,eGFP2
9601,20:39:53,0.105,0.741,0,0,eGFP2
9602,20:39:54,0.127,0.621,0,0,eGFP2
9603,20:39:55,0.083,0.522,0,0,eGFP2
9604,20:39:55,0.107,0.886,0,0,eGFP2
9605,20:39:56,0.206,0.853,0,0,eGFP2
9606,20:39:57,0.094,0.533,0,0,eGFP2
9607,20:39:57,0.095,0.577,0,0,eGFP2
9608,20:39:58,0.117,0.764,0,0,eGFP2
9609,20:39:59,0.116,0.643,0,0,eGFP2
9610,20:39:59,0.105,0.643,0,0,eGFP2
9611,20:40:00,0.105,0.577,0,0,eGFP2
9612,20:40:01,0.094,1.126,0,0,eGFP2
9613,20:40:02,0.151,0.645,0,0,eGFP2
9614,20:40:02,0.083,0.500,0,0,eGFP2
9615,20:40:03,0.083,0.566,0,0,eGFP2
9616,20:40:03,0.127,0.654,0,0,eGFP2
9617,20:40:04,0.094,0.665,0,0,eGFP2
9618,20:40:05,0.126,0.675,0,0,eGFP2
9619,20:40:05,0.094,0.577,0,0,eGFP2
9620,20:40:06,0.127,0.818,0,0,eGFP2
9621,20:40:07,0.117,0.654,0,0,eGFP2
9622,20:40:08,0.104,0.774,0,0,eGFP2
9623,20:40:08,0.127,0.687,0,0,eGFP2
9624,20:40:09,0.105,0.599,0,0,eGFP2
9625,20:40:10,0.105,0.577,0,0,eGFP2
9626,20:40:10,0.084,0.578,0,0,eGFP2
9627,20:40:11,0.127,1.301,0,0,eGFP2
9628,20:40:12,0.161,0.808,0,0,eGFP2
9629,20:40:13,0.160,0.775,0,0,eGFP2
9630,20:40:14,0.118,0.667,0,0,eGFP2
9631,20:40:15,0.140,0.908,0,0,eGFP2
9632,20:40:15,0.127,0.632,0,0,eGFP2
9633,20:40:16,0.095,0.687,0,0,eGFP2
9634,20:40:17,0.183,0.995,0,0,eGFP2
9635,20:40:18,0.127,0.742,0,0,eGFP2
9636,20:40:18,0.105,0.566,0,0,eGFP2
9637,20:40:19,0.084,0.457,0,0,eGFP2
9638,20:40:19,0.085,0.491,0,0,eGFP2
9639,20:40:20,0.106,0.874,0,0,eGFP2
9640,20:40:21,0.138,0.665,0,0,eGFP2
9641,20:40:21,0.106,0.676,0,0,eGFP2
9642,20:40:22,0.095,0.578,0,0,eGFP2
9643,20:40:23,0.106,0.643,0,0,eGFP2
9644,20:40:23,0.117,0.775,0,0,eGFP2
9645,20:40:24,0.119,0.689,0,0,eGFP2
9646,20:40:25,0.119,0.733,0,0,eGFP2
9647,20:40:25,0.106,0.556,0,0,eGFP2
9648,20:40:26,0.083,0.479,0,0,eGFP2
9649,20:40:26,0.094,0.522,0,0,eGFP2
9650,20:40:27,0.095,0.709,0,0,eGFP2
9651,20:40:28,0.161,0.721,0,0,eGFP2
9652,20:40:28,0.105,0.687,0,0,eGFP2
9653,20:40:30,0.183,1.291,0,0,eGFP2
9654,20:40:30,0.117,0.567,0,0,eGFP2
9655,20:40:31,0.107,0.744,0,0,eGFP2
9656,20:40:32,0.116,0.599,0,0,eGFP2
9657,20:40:32,0.106,0.666,0,0,eGFP2
9658,20:40:33,0.171,0.874,0,0,eGFP2
9659,20:40:34,0.107,0.590,0,0,eGFP2
9660,20:40:34,0.095,0.589,0,0,eGFP2
9661,20:40:35,0.110,0.681,0,0,eGFP2
9662,20:40:36,0.127,0.664,0,0,eGFP2
9663,20:40:36,0.096,0.612,0,0,eGFP2
9664,20:40:37,0.149,0.884,0,0,eGFP2
9665,20:40:38,0.149,0.753,0,0,eGFP2
9666,20:40:38,0.105,0.544,0,0,eGFP2
9667,20:40:39,0.083,0.544,0,0,eGFP2
9668,20:40:40,0.094,0.599,0,0,eGFP2
9669,20:40:40,0.105,0.653,0,0,eGFP2
9670,20:40:41,0.117,0.764,0,0,eGFP2
9671,20:40:42,0.205,0.941,0,0,eGFP2
9672,20:40:43,0.127,0.840,0,0,eGFP2
9673,20:40:44,0.162,0.985,0,0,eGFP2
9674,20:40:44,0.127,0.588,0,0,eGFP2
9675,20:40:45,0.083,0.522,0,0,eGFP2
9676,20:40:46,0.105,0.665,0,0,eGFP2
9677,20:40:46,0.138,0.665,0,0,eGFP2
9678,20:40:47,0.105,0.687,0,0,eGFP2
9679,20:40:48,0.139,0.710,0,0,eGFP2
9680,20:40:48,0.105,0.588,0,0,eGFP2
9681,20:40:49,0.106,0.753,0,0,eGFP2
9682,20:40:50,0.138,0.687,0,0,eGFP2
9683,20:40:50,0.127,0.610,0,0,eGFP2
9684,20:40:51,0.094,0.698,0,0,eGFP2
9685,20:40:52,0.138,0.808,0,0,eGFP2
9686,20:40:53,0.127,0.752,0,0,eGFP2
9687,20:40:53,0.162,0.799,0,0,eGFP2
9688,20:40:54,0.107,0.677,0,0,eGFP2
9689,20:40:55,0.106,0.589,0,0,eGFP2
9690,20:40:55,0.105,0.577,0,0,eGFP2
9691,20:40:56,0.083,0.478,0,0,eGFP2
9692,20:40:56,0.084,0.512,0,0,eGFP2
9693,20:40:57,0.116,0.819,0,0,eGFP2
9694,20:40:58,0.116,0.621,0,0,eGFP2
9695,20:40:58,0.116,0.742,0,0,eGFP2
9696,20:40:59,0.096,0.579,0,0,eGFP2
9697,20:41:00,0.105,0.852,0,0,eGFP2
9698,20:41:01,0.160,0.796,0,0,eGFP2
9699,20:41:01,0.117,0.633,0,0,eGFP2
9700,20:41:02,0.127,0.917,0,0,eGFP2
9701,20:41:03,0.140,0.733,0,0,eGFP2
9702,20:41:04,0.116,1.016,0,0,eGFP2
9703,20:41:05,0.336,1.214,0,0,eGFP2
9704,20:41:06,0.108,0.623,0,0,eGFP2
9705,20:41:06,0.095,0.479,0,0,eGFP2
9706,20:41:07,0.084,0.479,0,0,eGFP2
9707,20:41:07,0.094,0.643,0,0,eGFP2
9708,20:41:08,0.139,1.060,0,0,eGFP2
9709,20:41:09,0.224,1.091,0,0,eGFP2
9710,20:41:10,0.149,0.785,0,0,eGFP2
9711,20:41:11,0.094,0.621,0,0,eGFP2
9712,20:41:12,0.118,0.721,0,0,eGFP2
9713,20:41:12,0.116,0.610,0,0,eGFP2
9714,20:41:13,0.117,0.732,0,0,eGFP2
9715,20:41:14,0.094,0.621,0,0,eGFP2
9716,20:41:14,0.105,0.566,0,0,eGFP2
9717,20:41:15,0.094,0.511,0,0,eGFP2
9718,20:41:15,0.094,0.676,0,0,eGFP2
9719,20:41:16,0.148,0.939,0,0,eGFP2
9720,20:41:17,0.138,0.807,0,0,eGFP2
9721,20:41:18,0.129,0.754,0,0,eGFP2
9722,20:41:19,0.160,0.961,0,0,eGFP2
9723,20:41:19,0.127,0.687,0,0,eGFP2
9724,20:41:20,0.105,0.555,0,0,eGFP2
9725,20:41:21,0.094,0.533,0,0,eGFP2
9726,20:41:21,0.116,0.621,0,0,eGFP2
9727,20:41:22,0.105,0.533,0,0,eGFP2
9728,20:41:22,0.085,0.480,0,0,eGFP2
9729,20:41:23,0.085,0.623,0,0,eGFP2
9730,20:41:24,0.171,0.895,0,0,eGFP2
9731,20:41:24,0.116,0.577,0,0,eGFP2
9732,20:41:25,0.094,0.863,0,0,eGFP2
9733,20:41:26,0.138,0.686,0,0,eGFP2
9734,20:41:28,0.139,1.895,0,0,eGFP2
9735,20:41:28,0.127,0.653,0,0,eGFP2
9736,20:41:29,0.106,0.622,0,0,eGFP2
9737,20:41:30,0.106,0.633,0,0,eGFP2
9738,20:41:30,0.095,0.533,0,0,eGFP2
9739,20:41:31,0.106,0.885,0,0,eGFP2
9740,20:41:32,0.182,0.797,0,0,eGFP2
9741,20:41:32,0.094,0.500,0,0,eGFP2
9742,20:41:33,0.085,0.579,0,0,eGFP2
9743,20:41:34,0.105,0.577,0,0,eGFP2
9744,20:41:34,0.105,0.742,0,0,eGFP2
9745,20:41:35,0.272,1.248,0,0,eGFP2
9746,20:41:36,0.139,0.731,0,0,eGFP2
9747,20:41:37,0.106,0.534,0,0,eGFP2
9748,20:41:37,0.083,0.456,0,0,eGFP2
9749,20:41:38,0.073,0.457,0,0,eGFP2
9750,20:41:39,0.105,1.060,0,0,eGFP2
9751,20:41:39,0.138,0.742,0,0,eGFP2
9752,20:41:40,0.105,0.621,0,0,eGFP2
9753,20:41:41,0.095,0.512,0,0,eGFP2
9754,20:41:41,0.085,0.491,0,0,eGFP2
9755,20:41:42,0.083,0.467,0,0,eGFP2
9756,20:41:42,0.075,0.612,0,0,eGFP2
9757,20:41:43,0.150,0.797,0,0,eGFP2
9758,20:41:44,0.106,0.644,0,0,eGFP2
9759,20:41:44,0.116,0.687,0,0,eGFP2
9760,20:41:45,0.117,0.709,0,0,eGFP2
9761,20:41:46,0.117,0.655,0,0,eGFP2
9762,20:41:46,0.096,0.491,0,0,eGFP2
9763,20:41:47,0.084,0.512,0,0,eGFP2
9764,20:41:47,0.083,0.544,0,0,eGFP2
9765,20:41:49,0.117,1.675,0,0,eGFP2
9766,20:41:50,0.337,0.973,0,0,eGFP2
9767,20:41:50,0.084,0.490,0,0,eGFP2
9768,20:41:51,0.084,0.468,0,0,eGFP2
9769,20:41:51,0.083,0.479,0,0,eGFP2
9770,20:41:52,0.090,0.529,0,0,eGFP2
9771,20:41:52,0.084,0.534,0,0,eGFP2
9772,20:41:53,0.089,0.659,0,0,eGFP2
9773,20:41:54,0.116,0.632,0,0,eGFP2
9774,20:41:54,0.127,0.764,0,0,eGFP2
9775,20:41:55,0.159,0.862,0,0,eGFP2
9776,20:41:56,0.116,0.665,0,0,eGFP2
9777,20:41:57,0.094,0.719,0,0,eGFP2
9778,20:41:57,0.118,0.655,0,0,eGFP2
9779,20:41:58,0.116,0.555,0,0,eGFP2
9780,20:41:58,0.083,0.457,0,0,eGFP2
9781,20:41:59,0.083,0.555,0,0,eGFP2
9782,20:42:00,0.138,1.103,0,0,eGFP2
9783,20:42:01,0.149,0.808,0,0,eGFP2
9784,20:42:01,0.117,0.622,0,0,eGFP2
9785,20:42:02,0.094,0.500,0,0,eGFP2
9786,20:42:03,0.084,0.599,0,0,eGFP2
9787,20:42:03,0.151,0.777,0,0,eGFP2
9788,20:42:04,0.105,0.621,0,0,eGFP2
9789,20:42:04,0.105,0.555,0,0,eGFP2
9790,20:42:05,0.084,0.468,0,0,eGFP2
9791,20:42:05,0.083,0.467,0,0,eGFP2
9792,20:42:06,0.084,0.972,0,0,eGFP2
9793,20:42:24,15.634,17.367,0,0,eGFP2
9794,20:42:24,0.117,0.644,0,0,eGFP2
9795,20:42:25,0.096,0.502,0,0,eGFP2
9796,20:42:25,0.072,0.424,0,0,eGFP2
9797,20:42:26,0.074,0.502,0,0,eGFP2
9798,20:42:26,0.116,0.577,0,0,eGFP2
9799,20:42:27,0.072,0.489,0,0,eGFP2
9800,20:42:27,0.095,0.578,0,0,eGFP2
9801,20:42:28,0.094,0.456,0,0,eGFP2
9802,20:42:28,0.084,0.544,0,0,eGFP2
9803,20:42:29,0.119,0.645,0,0,eGFP2
9804,20:42:30,0.106,0.567,0,0,eGFP2
9805,20:42:30,0.094,0.566,0,0,eGFP2
9806,20:42:31,0.095,0.611,0,0,eGFP2
9807,20:42:31,0.094,0.621,0,0,eGFP2
9808,20:42:33,0.457,1.400,0,0,eGFP2
9809,20:42:33,0.095,0.501,0,0,eGFP2
9810,20:42:34,0.073,0.435,0,0,eGFP2
9811,20:42:34,0.076,0.493,0,0,eGFP2
9812,20:42:35,0.105,0.555,0,0,eGFP2
9813,20:42:35,0.095,0.490,0,0,eGFP2
9814,20:42:36,0.084,0.523,0,0,eGFP2
9815,20:42:37,0.138,0.764,0,0,eGFP2
9816,20:42:37,0.116,0.621,0,0,eGFP2
9817,20:42:38,0.095,0.567,0,0,eGFP2
9818,20:42:38,0.106,0.632,0,0,eGFP2
9819,20:42:39,0.095,0.556,0,0,eGFP2
9820,20:42:40,0.085,0.535,0,0,eGFP2
9821,20:42:40,0.095,0.622,0,0,eGFP2
9822,20:42:41,0.127,0.709,0,0,eGFP2
9823,20:42:41,0.117,0.600,0,0,eGFP2
9824,20:42:42,0.116,0.830,0,0,eGFP2
9825,20:42:43,0.118,0.667,0,0,eGFP2
9826,20:42:44,0.117,0.808,0,0,eGFP2
9827,20:42:45,0.194,0.995,0,0,eGFP2
9828,20:42:45,0.129,0.667,0,0,eGFP2
9829,20:42:46,0.117,0.578,0,0,eGFP2
9830,20:42:47,0.083,0.500,0,0,eGFP2
9831,20:42:47,0.172,0.622,0,0,eGFP2
9832,20:42:49,0.655,1.565,0,0,eGFP2
9833,20:42:49,0.139,0.699,0,0,eGFP2
9834,20:42:50,0.095,0.479,0,0,eGFP2
9835,20:42:50,0.078,0.506,0,0,eGFP2
9836,20:42:51,0.107,0.644,0,0,eGFP2
9837,20:42:52,0.095,0.545,0,0,eGFP2
9838,20:42:52,0.094,0.577,0,0,eGFP2
9839,20:42:53,0.095,0.512,0,0,eGFP2
9840,20:42:53,0.073,0.555,0,0,eGFP2
9841,20:42:54,0.161,0.830,0,0,eGFP2
9842,20:42:55,0.105,0.522,0,0,eGFP2
9843,20:42:55,0.083,0.544,0,0,eGFP2
9844,20:42:56,0.118,0.788,0,0,eGFP2
9845,20:42:56,0.116,0.588,0,0,eGFP2
9846,20:42:57,0.094,0.577,0,0,eGFP2
9847,20:42:58,0.105,0.610,0,0,eGFP2
9848,20:42:58,0.105,0.544,0,0,eGFP2
9849,20:42:59,0.094,0.544,0,0,eGFP2
9850,20:42:59,0.095,0.621,0,0,eGFP2
9851,20:43:00,0.139,0.775,0,0,eGFP2
9852,20:43:01,0.116,0.654,0,0,eGFP2
9853,20:43:02,0.153,1.327,0,0,eGFP2
9854,20:43:03,0.248,0.906,0,0,eGFP2
9855,20:43:04,0.106,0.665,0,0,eGFP2
9856,20:43:04,0.138,0.742,0,0,eGFP2
9857,20:43:05,0.094,0.555,0,0,eGFP2
9858,20:43:06,0.095,0.632,0,0,eGFP2
9859,20:43:06,0.106,0.501,0,0,eGFP2
9860,20:43:07,0.083,0.457,0,0,eGFP2
9861,20:43:07,0.085,0.666,0,0,eGFP2
9862,20:43:08,0.128,0.632,0,0,eGFP2
9863,20:43:09,0.106,0.611,0,0,eGFP2
9864,20:43:10,0.215,1.180,0,0,eGFP2
9865,20:43:10,0.117,0.622,0,0,eGFP2
9866,20:43:11,0.105,0.588,0,0,eGFP2
9867,20:43:11,0.085,0.502,0,0,eGFP2
9868,20:43:12,0.084,0.545,0,0,eGFP2
9869,20:43:13,0.085,0.546,0,0,eGFP2
9870,20:43:13,0.105,0.720,0,0,eGFP2
9871,20:43:14,0.116,0.610,0,0,eGFP2
9872,20:43:15,0.117,0.742,0,0,eGFP2
9873,20:43:15,0.117,0.578,0,0,eGFP2
9874,20:43:16,0.105,0.786,0,0,eGFP2
9875,20:43:17,0.160,0.753,0,0,eGFP2
9876,20:43:17,0.105,0.621,0,0,eGFP2
9877,20:43:18,0.117,0.731,0,0,eGFP2
9878,20:43:19,0.126,0.708,0,0,eGFP2
9879,20:43:19,0.106,0.621,0,0,eGFP2
9880,20:43:20,0.108,0.558,0,0,eGFP2
9881,20:43:20,0.094,0.566,0,0,eGFP2
9882,20:43:21,0.095,0.567,0,0,eGFP2
9883,20:43:22,0.106,0.753,0,0,eGFP2
9884,20:43:23,0.150,0.830,0,0,eGFP2
9885,20:43:24,0.128,1.192,0,0,eGFP2
9886,20:43:24,0.140,0.645,0,0,eGFP2
9887,20:43:25,0.095,0.523,0,0,eGFP2
9888,20:43:25,0.084,0.457,0,0,eGFP2
9889,20:43:26,0.073,0.731,0,0,eGFP2
9890,20:43:27,0.139,0.655,0,0,eGFP2
9891,20:43:27,0.105,0.588,0,0,eGFP2
9892,20:43:28,0.106,0.600,0,0,eGFP2
9893,20:43:29,0.095,0.523,0,0,eGFP2
9894,20:43:29,0.087,0.504,0,0,eGFP2
9895,20:43:30,0.095,0.578,0,0,eGFP2
9896,20:43:30,0.127,0.830,0,0,eGFP2
9897,20:43:31,0.116,0.632,0,0,eGFP2
9898,20:43:32,0.128,0.962,0,0,eGFP2
9899,20:43:33,0.143,0.747,0,0,eGFP2
9900,20:43:33,0.105,0.555,0,0,eGFP2
9901,20:43:34,0.083,0.478,0,0,eGFP2
9902,20:43:34,0.085,0.590,0,0,eGFP2
9903,20:43:35,0.127,0.686,0,0,eGFP2
9904,20:43:36,0.095,0.479,0,0,eGFP2
9905,20:43:36,0.083,0.522,0,0,eGFP2
9906,20:43:37,0.116,0.785,0,0,eGFP2
9907,20:43:38,0.117,0.621,0,0,eGFP2
9908,20:43:38,0.118,0.809,0,0,eGFP2
9909,20:43:39,0.106,0.599,0,0,eGFP2
9910,20:43:40,0.117,0.940,0,0,eGFP2
9911,20:43:41,0.139,0.710,0,0,eGFP2
9912,20:43:41,0.094,0.511,0,0,eGFP2
9913,20:43:42,0.084,0.512,0,0,eGFP2
9914,20:43:42,0.083,0.621,0,0,eGFP2
9915,20:43:43,0.127,0.676,0,0,eGFP2
9916,20:43:43,0.094,0.544,0,0,eGFP2
9917,20:43:44,0.105,0.654,0,0,eGFP2
9918,20:43:45,0.116,0.632,0,0,eGFP2
9919,20:43:45,0.096,0.557,0,0,eGFP2
9920,20:43:46,0.105,0.785,0,0,eGFP2
9921,20:43:47,0.139,0.709,0,0,eGFP2
9922,20:43:48,0.118,0.777,0,0,eGFP2
9923,20:43:48,0.116,0.741,0,0,eGFP2
9924,20:43:49,0.128,0.742,0,0,eGFP2
9925,20:43:50,0.106,0.545,0,0,eGFP2
9926,20:43:50,0.094,0.511,0,0,eGFP2
9927,20:43:51,0.107,0.798,0,0,eGFP2
9928,20:43:52,0.106,0.611,0,0,eGFP2
9929,20:43:52,0.105,0.621,0,0,eGFP2
9930,20:43:53,0.116,0.687,0,0,eGFP2
9931,20:43:53,0.105,0.522,0,0,eGFP2
9932,20:43:54,0.084,0.567,0,0,eGFP2
9933,20:43:55,0.171,0.873,0,0,eGFP2
9934,20:43:55,0.095,0.589,0,0,eGFP2
9935,20:43:56,0.118,0.787,0,0,eGFP2
9936,20:43:57,0.140,0.711,0,0,eGFP2
9937,20:43:58,0.127,0.972,0,0,eGFP2
9938,20:43:59,0.161,0.819,0,0,eGFP2
9939,20:43:59,0.117,0.655,0,0,eGFP2
9940,20:44:02,0.138,2.190,0,0,eGFP2
9941,20:44:02,0.117,0.709,0,0,eGFP2
9942,20:44:03,0.128,0.633,0,0,eGFP2
9943,20:44:04,0.105,0.709,0,0,eGFP2
9944,20:44:04,0.118,0.645,0,0,eGFP2
9945,20:44:05,0.105,0.654,0,0,eGFP2
9946,20:44:06,0.117,0.753,0,0,eGFP2
9947,20:44:06,0.117,0.567,0,0,eGFP2
9948,20:44:07,0.094,0.599,0,0,eGFP2
9949,20:44:08,0.150,0.830,0,0,eGFP2
9950,20:44:08,0.096,0.557,0,0,eGFP2
9951,20:44:09,0.106,0.797,0,0,eGFP2
9952,20:44:10,0.130,0.613,0,0,eGFP2
9953,20:44:10,0.094,0.544,0,0,eGFP2
9954,20:44:11,0.095,0.600,0,0,eGFP2
9955,20:44:12,0.106,0.808,0,0,eGFP2
9956,20:44:18,5.845,6.547,0,0,eGFP2
9957,20:44:21,1.807,2.597,0,0,eGFP2
9958,20:44:21,0.150,0.676,0,0,eGFP2
9959,20:44:22,0.084,0.479,0,0,eGFP2
9960,20:44:23,0.097,0.821,0,0,eGFP2
9961,20:44:23,0.128,0.589,0,0,eGFP2
9962,20:44:24,0.099,0.506,0,0,eGFP2
9963,20:44:24,0.073,0.457,0,0,eGFP2
9964,20:44:25,0.083,0.478,0,0,eGFP2
9965,20:44:25,0.084,0.533,0,0,eGFP2
9966,20:44:26,0.106,0.621,0,0,eGFP2
9967,20:44:26,0.094,0.533,0,0,eGFP2
9968,20:44:27,0.074,0.436,0,0,eGFP2
9969,20:44:27,0.072,0.478,0,0,eGFP2
9970,20:44:29,0.117,1.609,0,0,eGFP2
9971,20:44:29,0.105,0.555,0,0,eGFP2
9972,20:44:30,0.094,0.522,0,0,eGFP2
9973,20:44:30,0.084,0.479,0,0,eGFP2
9974,20:44:31,0.083,0.445,0,0,eGFP2
9975,20:44:31,0.083,0.566,0,0,eGFP2
9976,20:44:32,0.116,0.731,0,0,eGFP2
9977,20:44:33,0.098,0.580,0,0,eGFP2
9978,20:44:33,0.117,0.665,0,0,eGFP2
9979,20:44:34,0.106,0.556,0,0,eGFP2
9980,20:44:35,0.094,0.610,0,0,eGFP2
9981,20:44:35,0.138,0.807,0,0,eGFP2
9982,20:44:36,0.106,0.599,0,0,eGFP2
9983,20:44:37,0.106,0.622,0,0,eGFP2
9984,20:44:37,0.105,0.741,0,0,eGFP2
9985,20:44:38,0.151,0.854,0,0,eGFP2
9986,20:44:39,0.116,0.687,0,0,eGFP2
9987,20:44:40,0.116,0.610,0,0,eGFP2
9988,20:44:40,0.094,0.577,0,0,eGFP2
9989,20:44:41,0.106,0.567,0,0,eGFP2
9990,20:44:41,0.083,0.610,0,0,eGFP2
9991,20:44:43,0.743,1.632,0,0,eGFP2
9992,20:44:43,0.095,0.512,0,0,eGFP2
9993,20:44:44,0.074,0.469,0,0,eGFP2
9994,20:44:44,0.085,0.524,0,0,eGFP2
9995,20:44:45,0.116,0.687,0,0,eGFP2
9996,20:44:46,0.105,0.555,0,0,eGFP2
9997,20:44:46,0.084,0.490,0,0,eGFP2
9998,20:44:47,0.083,0.522,0,0,eGFP2
9999,20:44:47,0.095,0.622,0,0,eGFP2
10000,20:44:48,0.138,0.786,0,0,eGFP2
10001,20:44:49,0.129,0.656,0,0,eGFP2
10002,20:44:49,0.105,0.687,0,0,eGFP2
10003,20:44:50,0.105,0.621,0,0,eGFP2
10004,20:44:51,0.118,0.678,0,0,eGFP2
10005,20:44:51,0.085,0.513,0,0,eGFP2
10006,20:44:52,0.095,0.589,0,0,eGFP2
10007,20:44:52,0.105,0.522,0,0,eGFP2
10008,20:44:53,0.095,0.534,0,0,eGFP2
10009,20:44:54,0.107,0.788,0,0,eGFP2
10010,20:44:55,0.928,1.653,0,0,eGFP2
10011,20:44:56,0.094,0.643,0,0,eGFP2
10012,20:44:57,0.117,0.632,0,0,eGFP2
10013,20:44:57,0.106,0.666,0,0,eGFP2
10014,20:44:58,0.105,0.555,0,0,eGFP2
10015,20:44:59,0.095,0.710,0,0,eGFP2
10016,20:44:59,0.138,0.709,0,0,eGFP2
10017,20:45:00,0.106,0.654,0,0,eGFP2
10018,20:45:00,0.109,0.625,0,0,eGFP2
10019,20:45:01,0.095,0.523,0,0,eGFP2
10020,20:45:02,0.095,0.523,0,0,eGFP2
10021,20:45:02,0.095,0.512,0,0,eGFP2
10022,20:45:03,0.094,0.522,0,0,eGFP2
10023,20:45:03,0.095,0.633,0,0,eGFP2
10024,20:45:04,0.150,0.830,0,0,eGFP2
10025,20:45:05,0.106,0.556,0,0,eGFP2
10026,20:45:05,0.123,0.748,0,0,eGFP2
10027,20:45:06,0.094,0.489,0,0,eGFP2
10028,20:45:06,0.084,0.555,0,0,eGFP2
10029,20:45:07,0.149,0.764,0,0,eGFP2
10030,20:45:08,0.094,0.544,0,0,eGFP2
10031,20:45:08,0.094,0.797,0,0,eGFP2
10032,20:45:09,0.205,0.864,0,0,eGFP2
10033,20:45:10,0.094,0.588,0,0,eGFP2
10034,20:45:11,0.106,0.666,0,0,eGFP2
10035,20:45:11,0.138,0.753,0,0,eGFP2
10036,20:45:12,0.105,0.533,0,0,eGFP2
10037,20:45:12,0.094,0.511,0,0,eGFP2
10038,20:45:13,0.094,0.676,0,0,eGFP2
10039,20:45:14,0.160,0.763,0,0,eGFP2
10040,20:45:15,0.117,0.676,0,0,eGFP2
10041,20:45:15,0.094,0.676,0,0,eGFP2
10042,20:45:16,0.151,0.875,0,0,eGFP2
10043,20:45:17,0.105,0.533,0,0,eGFP2
10044,20:45:17,0.084,0.676,0,0,eGFP2
10045,20:45:18,0.129,0.678,0,0,eGFP2
10046,20:45:18,0.083,0.511,0,0,eGFP2
10047,20:45:19,0.094,0.544,0,0,eGFP2
10048,20:45:20,0.084,0.523,0,0,eGFP2
10049,20:45:20,0.083,0.511,0,0,eGFP2
10050,20:45:21,0.096,0.743,0,0,eGFP2
10051,20:45:22,0.150,0.775,0,0,eGFP2
10052,20:45:22,0.128,0.742,0,0,eGFP2
10053,20:45:23,0.117,0.709,0,0,eGFP2
10054,20:45:24,0.117,0.588,0,0,eGFP2
10055,20:45:24,0.084,0.534,0,0,eGFP2
10056,20:45:25,0.094,0.632,0,0,eGFP2
10057,20:45:26,0.139,0.973,0,0,eGFP2
10058,20:45:26,0.132,0.714,0,0,eGFP2
10059,20:45:27,0.107,0.611,0,0,eGFP2
10060,20:45:28,0.096,0.502,0,0,eGFP2
10061,20:45:28,0.095,0.786,0,0,eGFP2
10062,20:45:29,0.149,0.720,0,0,eGFP2
10063,20:45:30,0.116,0.610,0,0,eGFP2
10064,20:45:30,0.095,0.589,0,0,eGFP2
10065,20:45:31,0.116,0.775,0,0,eGFP2
10066,20:45:32,0.162,0.875,0,0,eGFP2
10067,20:45:33,0.139,0.841,0,0,eGFP2
10068,20:45:33,0.117,0.654,0,0,eGFP2
10069,20:45:34,0.095,0.534,0,0,eGFP2
10070,20:45:35,0.106,0.610,0,0,eGFP2
10071,20:45:35,0.106,0.567,0,0,eGFP2
10072,20:45:36,0.107,0.788,0,0,eGFP2
10073,20:45:37,0.138,0.764,0,0,eGFP2
10074,20:45:37,0.107,0.678,0,0,eGFP2
10075,20:45:38,0.171,1.016,0,0,eGFP2
10076,20:45:39,0.128,0.699,0,0,eGFP2
10077,20:45:40,0.128,0.709,0,0,eGFP2
10078,20:45:41,0.128,0.731,0,0,eGFP2
10079,20:45:41,0.095,0.523,0,0,eGFP2
10080,20:45:42,0.095,0.523,0,0,eGFP2
10081,20:45:42,0.095,0.644,0,0,eGFP2
10082,20:50:14,0.149,272.206,0,0,eGFP2
10083,20:50:18,3.323,3.751,0,0,eGFP2
10084,20:50:19,0.249,0.786,0,0,eGFP2
10085,20:50:20,0.095,0.578,0,0,eGFP2
10086,20:50:20,0.108,0.525,0,0,eGFP2
10087,20:50:20,0.084,0.435,0,0,eGFP2
10088,20:50:21,0.078,0.495,0,0,eGFP2
10089,20:50:22,0.105,0.577,0,0,eGFP2
10090,20:50:22,0.105,0.511,0,0,eGFP2
10091,20:50:22,0.074,0.436,0,0,eGFP2
10092,20:50:23,0.094,0.610,0,0,eGFP2
10093,20:50:24,0.105,0.588,0,0,eGFP2
10094,20:50:24,0.083,0.479,0,0,eGFP2
10095,20:50:25,0.094,0.500,0,0,eGFP2
10096,20:50:25,0.083,0.467,0,0,eGFP2
10097,20:50:26,0.083,0.456,0,0,eGFP2
10098,20:50:26,0.073,0.457,0,0,eGFP2
10099,20:50:27,0.086,0.580,0,0,eGFP2
10100,20:50:27,0.094,0.588,0,0,eGFP2
10101,20:50:28,0.094,0.577,0,0,eGFP2
10102,20:50:28,0.095,0.588,0,0,eGFP2
10103,20:50:29,0.106,0.578,0,0,eGFP2
10104,20:50:29,0.094,0.533,0,0,eGFP2
10105,20:50:30,0.095,0.534,0,0,eGFP2
10106,20:50:31,0.094,0.566,0,0,eGFP2
10107,20:50:31,0.129,0.765,0,0,eGFP2
10108,20:50:32,0.116,0.599,0,0,eGFP2
10109,20:50:33,0.215,1.423,0,0,eGFP2
10110,20:50:34,0.215,0.818,0,0,eGFP2
10111,20:50:35,0.084,0.577,0,0,eGFP2
10112,20:50:37,0.314,1.884,0,0,eGFP2
10113,20:50:39,0.425,2.466,0,0,eGFP2
10114,20:50:40,0.116,0.555,0,0,eGFP2
10115,20:50:40,0.086,0.579,0,0,eGFP2
10116,20:50:41,0.117,0.654,0,0,eGFP2
10117,20:50:41,0.106,0.545,0,0,eGFP2
10118,20:50:42,0.083,0.478,0,0,eGFP2
10119,20:50:42,0.073,0.468,0,0,eGFP2
10120,20:50:43,0.095,0.654,0,0,eGFP2
10121,20:50:44,0.117,0.611,0,0,eGFP2
10122,20:50:44,0.083,0.544,0,0,eGFP2
10123,20:50:45,0.096,0.524,0,0,eGFP2
10124,20:50:45,0.084,0.479,0,0,eGFP2
10125,20:50:46,0.083,0.467,0,0,eGFP2
10126,20:50:46,0.086,0.667,0,0,eGFP2
10127,20:50:47,0.172,0.852,0,0,eGFP2
10128,20:50:48,0.150,0.775,0,0,eGFP2
10129,20:50:50,0.940,1.554,0,0,eGFP2
10130,20:50:50,0.084,0.468,0,0,eGFP2
10131,20:50:52,0.096,1.852,0,0,eGFP2
10132,20:50:52,0.117,0.589,0,0,eGFP2
10133,20:50:53,0.083,0.511,0,0,eGFP2
10134,20:50:53,0.095,0.501,0,0,eGFP2
10135,20:50:54,0.084,0.533,0,0,eGFP2
10136,20:50:55,0.095,0.578,0,0,eGFP2
10137,20:50:55,0.084,0.523,0,0,eGFP2
10138,20:50:57,0.083,1.455,0,0,eGFP2
10139,20:50:57,0.151,0.733,0,0,eGFP2
10140,20:50:58,0.104,0.587,0,0,eGFP2
10141,20:50:58,0.095,0.567,0,0,eGFP2
10142,20:50:59,0.094,0.511,0,0,eGFP2
10143,20:50:59,0.073,0.446,0,0,eGFP2
10144,20:51:00,0.073,0.523,0,0,eGFP2
10145,20:51:03,0.161,2.608,0,0,eGFP2
10146,20:51:03,0.106,0.523,0,0,eGFP2
10147,20:51:04,0.084,0.512,0,0,eGFP2
10148,20:51:04,0.096,0.546,0,0,eGFP2
10149,20:51:05,0.084,0.457,0,0,eGFP2
10150,20:51:05,0.084,0.479,0,0,eGFP2
10151,20:51:06,0.106,0.797,0,0,eGFP2
10152,20:51:06,0.122,0.593,0,0,eGFP2
10153,20:51:07,0.074,0.447,0,0,eGFP2
10154,20:51:07,0.083,0.522,0,0,eGFP2
10155,20:51:08,0.127,0.753,0,0,eGFP2
10156,20:51:09,0.107,0.546,0,0,eGFP2
10157,20:51:09,0.083,0.489,0,0,eGFP2
10158,20:51:10,0.094,0.610,0,0,eGFP2
10159,20:51:10,0.105,0.686,0,0,eGFP2
10160,20:51:11,0.106,0.545,0,0,eGFP2
10161,20:51:12,0.083,0.500,0,0,eGFP2
10162,20:51:12,0.083,0.489,0,0,eGFP2
10163,20:51:13,0.094,0.577,0,0,eGFP2
10164,20:51:13,0.118,0.798,0,0,eGFP2
10165,20:51:14,0.116,0.676,0,0,eGFP2
10166,20:51:15,0.118,0.710,0,0,eGFP2
10167,20:51:15,0.106,0.709,0,0,eGFP2
10168,20:51:16,0.116,0.588,0,0,eGFP2
10169,20:51:22,0.105,5.801,0,0,eGFP2
10170,20:51:22,0.105,0.544,0,0,eGFP2
10171,20:51:23,0.073,0.468,0,0,eGFP2
10172,20:51:23,0.085,0.556,0,0,eGFP2
10173,20:51:24,0.084,0.468,0,0,eGFP2
10174,20:51:24,0.072,0.434,0,0,eGFP2
10175,20:51:25,0.073,0.534,0,0,eGFP2
10176,20:51:25,0.094,0.588,0,0,eGFP2
10177,20:51:26,0.094,0.555,0,0,eGFP2
10178,20:51:26,0.084,0.457,0,0,eGFP2
10179,20:51:27,0.072,0.456,0,0,eGFP2
10180,20:51:28,0.087,0.636,0,0,eGFP2
10181,20:51:28,0.105,0.555,0,0,eGFP2
10182,20:51:29,0.084,0.479,0,0,eGFP2
10183,20:51:29,0.083,0.467,0,0,eGFP2
10184,20:51:30,0.084,0.512,0,0,eGFP2
10185,20:51:30,0.094,0.599,0,0,eGFP2
10186,20:51:31,0.116,0.621,0,0,eGFP2
10187,20:51:31,0.095,0.512,0,0,eGFP2
10188,20:51:32,0.085,0.447,0,0,eGFP2
10189,20:51:32,0.073,0.490,0,0,eGFP2
10190,20:51:33,0.105,0.775,0,0,eGFP2
10191,20:51:34,0.127,0.676,0,0,eGFP2
10192,20:51:34,0.105,0.577,0,0,eGFP2
10193,20:51:35,0.086,0.535,0,0,eGFP2
10194,20:51:35,0.095,0.567,0,0,eGFP2
10195,20:51:38,0.106,2.355,0,0,eGFP2
10196,20:51:38,0.141,0.612,0,0,eGFP2
10197,20:51:39,0.095,0.501,0,0,eGFP2
10198,20:51:40,0.095,0.677,0,0,eGFP2
10199,20:51:41,0.179,1.442,0,0,eGFP2
10200,20:51:42,0.127,0.719,0,0,eGFP2
10201,20:51:42,0.128,0.742,0,0,eGFP2
10202,20:51:43,0.193,0.885,0,0,eGFP2
10203,20:51:44,0.083,0.478,0,0,eGFP2
10204,20:51:44,0.083,0.544,0,0,eGFP2
10205,20:51:46,0.096,1.171,0,0,eGFP2
10206,20:51:46,0.193,0.764,0,0,eGFP2
10207,20:51:47,0.096,0.579,0,0,eGFP2
10208,20:51:47,0.094,0.522,0,0,eGFP2
10209,20:51:48,0.083,0.446,0,0,eGFP2
10210,20:51:48,0.083,0.445,0,0,eGFP2
10211,20:51:49,0.083,0.632,0,0,eGFP2
10212,20:51:50,0.138,0.676,0,0,eGFP2
10213,20:51:50,0.084,0.578,0,0,eGFP2
10214,20:51:51,0.171,0.874,0,0,eGFP2
10215,20:51:52,0.094,0.599,0,0,eGFP2
10216,20:51:52,0.105,0.588,0,0,eGFP2
10217,20:51:53,0.094,0.467,0,0,eGFP2
10218,20:51:53,0.072,0.456,0,0,eGFP2
10219,20:51:54,0.084,0.621,0,0,eGFP2
10220,20:51:55,0.162,1.051,0,0,eGFP2
10221,20:51:56,0.184,0.853,0,0,eGFP2
10222,20:51:56,0.116,0.566,0,0,eGFP2
10223,20:51:57,0.084,0.468,0,0,eGFP2
10224,20:51:57,0.083,0.456,0,0,eGFP2
10225,20:51:58,0.084,0.479,0,0,eGFP2
10226,20:51:58,0.094,0.511,0,0,eGFP2
10227,20:51:59,0.084,0.556,0,0,eGFP2
10228,20:51:59,0.105,0.522,0,0,eGFP2
10229,20:52:00,0.085,0.513,0,0,eGFP2
10230,20:52:00,0.106,0.720,0,0,eGFP2
10231,20:52:01,0.128,0.578,0,0,eGFP2
10232,20:52:01,0.072,0.445,0,0,eGFP2
10233,20:52:02,0.084,0.457,0,0,eGFP2
10234,20:52:03,0.085,0.634,0,0,eGFP2
10235,20:52:03,0.116,0.643,0,0,eGFP2
10236,20:52:04,0.105,0.632,0,0,eGFP2
10237,20:52:04,0.096,0.557,0,0,eGFP2
10238,20:52:05,0.095,0.556,0,0,eGFP2
10239,20:52:05,0.083,0.522,0,0,eGFP2
10240,20:52:06,0.084,0.501,0,0,eGFP2
10241,20:52:07,0.095,0.841,0,0,eGFP2
10242,20:52:07,0.127,0.610,0,0,eGFP2
10243,20:52:08,0.095,0.698,0,0,eGFP2
10244,20:52:09,0.117,0.578,0,0,eGFP2
10245,20:52:09,0.074,0.458,0,0,eGFP2
10246,20:52:10,0.084,0.479,0,0,eGFP2
10247,20:52:10,0.096,0.568,0,0,eGFP2
10248,20:52:11,0.095,0.720,0,0,eGFP2
10249,20:52:12,0.117,0.633,0,0,eGFP2
10250,20:52:12,0.106,0.577,0,0,eGFP2
10251,20:52:13,0.095,0.490,0,0,eGFP2
10252,20:52:13,0.084,0.501,0,0,eGFP2
10253,20:52:14,0.096,0.634,0,0,eGFP2
10254,20:52:14,0.106,0.545,0,0,eGFP2
10255,20:52:15,0.084,0.566,0,0,eGFP2
10256,20:52:15,0.106,0.545,0,0,eGFP2
10257,20:52:16,0.073,0.468,0,0,eGFP2
10258,20:52:16,0.084,0.468,0,0,eGFP2
10259,20:52:17,0.084,0.468,0,0,eGFP2
10260,20:52:17,0.084,0.632,0,0,eGFP2
10261,20:52:18,0.121,0.636,0,0,eGFP2
10262,20:52:19,0.084,0.512,0,0,eGFP2
10263,20:52:19,0.089,0.572,0,0,eGFP2
10264,20:52:20,0.105,0.698,0,0,eGFP2
10265,20:52:20,0.094,0.511,0,0,eGFP2
10266,20:52:21,0.083,0.456,0,0,eGFP2
10267,20:52:21,0.083,0.544,0,0,eGFP2
10268,20:52:22,0.105,0.742,0,0,eGFP2
10269,20:52:23,0.094,0.544,0,0,eGFP2
10270,20:52:23,0.106,0.589,0,0,eGFP2
10271,20:52:24,0.094,0.643,0,0,eGFP2
10272,20:52:24,0.105,0.544,0,0,eGFP2
10273,20:52:25,0.083,0.500,0,0,eGFP2
10274,20:52:26,0.085,0.777,0,0,eGFP2
10275,20:52:27,0.138,0.873,0,0,eGFP2
10276,20:52:27,0.149,0.731,0,0,eGFP2
10277,20:52:28,0.105,0.522,0,0,eGFP2
10278,20:52:28,0.085,0.469,0,0,eGFP2
10279,20:52:29,0.072,0.478,0,0,eGFP2
10280,20:52:30,0.095,0.731,0,0,eGFP2
10281,20:52:30,0.105,0.588,0,0,eGFP2
10282,20:52:31,0.105,0.621,0,0,eGFP2
10283,20:52:31,0.095,0.490,0,0,eGFP2
10284,20:52:32,0.083,0.500,0,0,eGFP2
10285,20:52:32,0.083,0.478,0,0,eGFP2
10286,20:52:33,0.085,0.491,0,0,eGFP2
10287,20:52:33,0.095,0.665,0,0,eGFP2
10288,20:52:34,0.118,0.612,0,0,eGFP2
10289,20:52:35,0.084,0.577,0,0,eGFP2
10290,20:52:35,0.095,0.589,0,0,eGFP2
10291,20:52:36,0.105,0.544,0,0,eGFP2
10292,20:52:36,0.083,0.533,0,0,eGFP2
10293,20:52:37,0.117,0.841,0,0,eGFP2
10294,20:52:38,0.118,0.667,0,0,eGFP2
10295,20:52:38,0.127,0.775,0,0,eGFP2
10296,20:52:39,0.094,0.588,0,0,eGFP2
10297,20:52:40,0.094,0.577,0,0,eGFP2
10298,20:52:40,0.095,0.578,0,0,eGFP2
10299,20:52:41,0.105,0.588,0,0,eGFP2
10300,20:52:41,0.105,0.665,0,0,eGFP2
10301,20:52:42,0.118,0.656,0,0,eGFP2
10302,20:52:43,0.085,0.491,0,0,eGFP2
10303,20:52:43,0.095,0.731,0,0,eGFP2
10304,20:52:44,0.128,0.610,0,0,eGFP2
10305,20:52:44,0.084,0.512,0,0,eGFP2
10306,20:52:45,0.084,0.501,0,0,eGFP2
10307,20:52:45,0.083,0.500,0,0,eGFP2
10308,20:52:46,0.106,0.709,0,0,eGFP2
10309,20:52:47,0.117,0.688,0,0,eGFP2
10310,20:52:47,0.107,0.612,0,0,eGFP2
10311,20:52:48,0.095,0.479,0,0,eGFP2
10312,20:52:49,0.083,0.544,0,0,eGFP2
10313,20:52:49,0.139,0.753,0,0,eGFP2
10314,20:52:50,0.106,0.655,0,0,eGFP2
10315,20:52:51,0.118,0.623,0,0,eGFP2
10316,20:52:51,0.106,0.655,0,0,eGFP2
10317,20:52:52,0.116,0.742,0,0,eGFP2
10318,20:52:53,0.119,0.667,0,0,eGFP2
10319,20:52:53,0.117,0.644,0,0,eGFP2
10320,20:52:54,0.105,0.544,0,0,eGFP2
10321,20:52:54,0.084,0.468,0,0,eGFP2
10322,20:52:55,0.073,0.490,0,0,eGFP2
10323,20:52:55,0.095,0.731,0,0,eGFP2
10324,20:52:56,0.117,0.699,0,0,eGFP2
10325,20:52:57,0.128,0.643,0,0,eGFP2
10326,20:52:57,0.091,0.497,0,0,eGFP2
10327,20:52:58,0.094,0.577,0,0,eGFP2
10328,20:52:59,0.118,0.721,0,0,eGFP2
10329,20:52:59,0.116,0.709,0,0,eGFP2
10330,20:53:00,0.094,0.533,0,0,eGFP2
10331,20:53:01,0.105,0.786,0,0,eGFP2
10332,20:53:01,0.116,0.577,0,0,eGFP2
10333,20:53:02,0.094,0.544,0,0,eGFP2
10334,20:53:03,0.116,0.753,0,0,eGFP2
10335,20:53:03,0.118,0.710,0,0,eGFP2
10336,20:53:04,0.116,0.632,0,0,eGFP2
10337,20:53:05,0.094,0.643,0,0,eGFP2
10338,20:53:07,0.182,2.410,0,0,eGFP2
10339,20:53:07,0.116,0.566,0,0,eGFP2
10340,20:53:08,0.083,0.676,0,0,eGFP2
10341,20:53:09,0.127,0.676,0,0,eGFP2
10342,20:53:09,0.085,0.491,0,0,eGFP2
10343,20:53:10,0.085,0.524,0,0,eGFP2
10344,20:53:11,0.105,0.687,0,0,eGFP2
10345,20:53:11,0.105,0.522,0,0,eGFP2
10346,20:53:12,0.084,0.479,0,0,eGFP2
10347,20:53:12,0.083,0.599,0,0,eGFP2
10348,20:53:13,0.105,0.621,0,0,eGFP2
10349,20:53:13,0.094,0.500,0,0,eGFP2
10350,20:53:14,0.084,0.556,0,0,eGFP2
10351,20:53:15,0.107,0.721,0,0,eGFP2
10352,20:53:15,0.117,0.556,0,0,eGFP2
10353,20:53:16,0.083,0.467,0,0,eGFP2
10354,20:53:16,0.073,0.468,0,0,eGFP2
10355,20:53:17,0.085,0.579,0,0,eGFP2
10356,20:53:17,0.127,0.676,0,0,eGFP2
10357,20:53:18,0.105,0.654,0,0,eGFP2
10358,20:53:19,0.106,0.687,0,0,eGFP2
10359,20:53:19,0.129,0.755,0,0,eGFP2
10360,20:53:20,0.105,0.577,0,0,eGFP2
10361,20:53:21,0.095,0.698,0,0,eGFP2
10362,20:53:21,0.117,0.666,0,0,eGFP2
10363,20:53:22,0.105,0.577,0,0,eGFP2
10364,20:53:23,0.106,0.687,0,0,eGFP2
10365,20:53:23,0.128,0.742,0,0,eGFP2
10366,20:53:24,0.139,0.687,0,0,eGFP2
10367,20:53:25,0.097,0.569,0,0,eGFP2
10368,20:53:25,0.105,0.698,0,0,eGFP2
10369,20:53:26,0.107,0.689,0,0,eGFP2
10370,20:53:27,0.116,0.599,0,0,eGFP2
10371,20:53:27,0.095,0.545,0,0,eGFP2
10372,20:53:28,0.105,0.555,0,0,eGFP2
10373,20:53:28,0.084,0.468,0,0,eGFP2
10374,20:53:29,0.073,0.446,0,0,eGFP2
10375,20:53:29,0.097,0.766,0,0,eGFP2
10376,20:53:30,0.150,0.819,0,0,eGFP2
10377,20:53:31,0.117,0.720,0,0,eGFP2
10378,20:53:31,0.128,0.578,0,0,eGFP2
10379,20:53:32,0.084,0.468,0,0,eGFP2
10380,20:53:32,0.083,0.544,0,0,eGFP2
10381,20:53:33,0.139,0.852,0,0,eGFP2
10382,20:53:34,0.119,0.679,0,0,eGFP2
10383,20:53:35,0.118,0.579,0,0,eGFP2
10384,20:53:35,0.095,0.512,0,0,eGFP2
10385,20:53:36,0.095,0.665,0,0,eGFP2
10386,20:53:37,0.128,0.732,0,0,eGFP2
10387,20:53:37,0.105,0.709,0,0,eGFP2
10388,20:53:38,0.117,0.698,0,0,eGFP2
10389,20:53:39,0.122,0.715,0,0,eGFP2
10390,20:53:39,0.105,0.621,0,0,eGFP2
10391,20:53:40,0.117,0.688,0,0,eGFP2
10392,20:53:41,0.094,0.588,0,0,eGFP2
10393,20:53:41,0.127,0.895,0,0,eGFP2
10394,20:53:43,0.182,1.104,0,0,eGFP2
10395,20:53:43,0.129,0.612,0,0,eGFP2
10396,20:53:44,0.094,0.489,0,0,eGFP2
10397,20:53:44,0.072,0.423,0,0,eGFP2
10398,20:53:44,0.073,0.446,0,0,eGFP2
10399,20:53:45,0.072,0.544,0,0,eGFP2
10400,20:53:46,0.118,0.699,0,0,eGFP2
10401,20:53:46,0.116,0.654,0,0,eGFP2
10402,20:53:47,0.127,0.610,0,0,eGFP2
10403,20:53:47,0.094,0.468,0,0,eGFP2
10404,20:53:48,0.083,0.533,0,0,eGFP2
10405,20:53:49,0.116,0.752,0,0,eGFP2
10406,20:53:49,0.117,0.545,0,0,eGFP2
10407,20:53:50,0.083,0.467,0,0,eGFP2
10408,20:53:50,0.096,0.678,0,0,eGFP2
10409,20:53:51,0.183,0.941,0,0,eGFP2
10410,20:53:52,0.127,0.697,0,0,eGFP2
10411,20:53:53,0.095,0.567,0,0,eGFP2
10412,20:53:53,0.105,0.621,0,0,eGFP2
10413,20:53:54,0.094,0.511,0,0,eGFP2
10414,20:53:54,0.084,0.479,0,0,eGFP2
10415,20:53:55,0.094,0.731,0,0,eGFP2
10416,20:53:56,0.139,0.743,0,0,eGFP2
10417,20:53:56,0.105,0.632,0,0,eGFP2
10418,20:53:57,0.117,0.676,0,0,eGFP2
10419,20:53:58,0.095,0.490,0,0,eGFP2
10420,20:53:58,0.083,0.434,0,0,eGFP2
10421,20:53:59,0.084,0.698,0,0,eGFP2
10422,20:54:00,0.184,0.843,0,0,eGFP2
10423,20:54:00,0.116,0.676,0,0,eGFP2
10424,20:54:01,0.129,0.700,0,0,eGFP2
10425,20:54:01,0.094,0.533,0,0,eGFP2
10426,20:54:02,0.084,0.523,0,0,eGFP2
10427,20:54:03,0.094,0.709,0,0,eGFP2
10428,20:54:03,0.138,0.753,0,0,eGFP2
10429,20:54:04,0.116,0.577,0,0,eGFP2
10430,20:54:05,0.106,0.599,0,0,eGFP2
10431,20:54:05,0.106,0.567,0,0,eGFP2
10432,20:54:06,0.096,0.480,0,0,eGFP2
10433,20:54:06,0.095,0.687,0,0,eGFP2
10434,20:54:45,0.249,38.340,0,0,eGFP2
10435,20:54:46,0.149,1.806,0,0,eGFP2
10436,20:54:47,0.096,0.513,0,0,eGFP2
10437,20:54:48,0.084,0.600,0,0,eGFP2
10438,20:54:48,0.116,0.566,0,0,eGFP2
10439,20:54:49,0.084,0.446,0,0,eGFP2
10440,20:54:49,0.075,0.426,0,0,eGFP2
10441,20:54:49,0.073,0.446,0,0,eGFP2
10442,20:54:50,0.072,0.478,0,0,eGFP2
10443,20:54:50,0.084,0.468,0,0,eGFP2
10444,20:54:51,0.084,0.468,0,0,eGFP2
10445,20:54:51,0.095,0.545,0,0,eGFP2
10446,20:54:52,0.106,0.698,0,0,eGFP2
10447,20:54:53,0.128,0.808,0,0,eGFP2
10448,20:54:54,0.119,0.744,0,0,eGFP2
10449,20:54:55,0.141,0.876,0,0,eGFP2
10450,20:54:55,0.128,0.676,0,0,eGFP2
10451,20:54:56,0.117,0.677,0,0,eGFP2
10452,20:54:56,0.116,0.588,0,0,eGFP2
10453,20:54:57,0.089,0.528,0,0,eGFP2
10454,20:54:58,0.094,0.588,0,0,eGFP2
10455,20:54:58,0.116,0.697,0,0,eGFP2
10456,20:54:59,0.118,0.634,0,0,eGFP2
10457,20:54:59,0.105,0.555,0,0,eGFP2
10458,20:55:00,0.083,0.478,0,0,eGFP2
10459,20:55:00,0.094,0.511,0,0,eGFP2
10460,20:55:01,0.094,0.643,0,0,eGFP2
10461,20:55:02,0.116,0.665,0,0,eGFP2
10462,20:55:02,0.105,0.533,0,0,eGFP2
10463,20:55:03,0.085,0.491,0,0,eGFP2
10464,20:55:03,0.094,0.522,0,0,eGFP2
10465,20:55:04,0.085,0.502,0,0,eGFP2
10466,20:55:04,0.083,0.511,0,0,eGFP2
10467,20:55:05,0.095,0.577,0,0,eGFP2
10468,20:55:06,0.095,0.611,0,0,eGFP2
10469,20:55:06,0.094,0.511,0,0,eGFP2
10470,20:55:06,0.083,0.467,0,0,eGFP2
10471,20:55:07,0.084,0.457,0,0,eGFP2
10472,20:55:07,0.083,0.511,0,0,eGFP2
10473,20:55:08,0.107,0.645,0,0,eGFP2
10474,20:55:09,0.094,0.533,0,0,eGFP2
10475,20:55:09,0.084,0.468,0,0,eGFP2
10476,20:55:10,0.085,0.458,0,0,eGFP2
10477,20:55:10,0.094,0.577,0,0,eGFP2
10478,20:55:11,0.117,0.676,0,0,eGFP2
10479,20:55:11,0.106,0.534,0,0,eGFP2
10480,20:55:12,0.083,0.456,0,0,eGFP2
10481,20:55:12,0.085,0.601,0,0,eGFP2
10482,20:55:13,0.128,0.753,0,0,eGFP2
10483,20:55:14,0.106,0.523,0,0,eGFP2
10484,20:55:14,0.083,0.522,0,0,eGFP2
10485,20:55:15,0.117,0.808,0,0,eGFP2
10486,20:55:16,0.116,0.577,0,0,eGFP2
10487,20:55:16,0.095,0.622,0,0,eGFP2
10488,20:55:17,0.116,0.588,0,0,eGFP2
10489,20:55:17,0.085,0.491,0,0,eGFP2
10490,20:55:18,0.085,0.491,0,0,eGFP2
10491,20:55:19,0.084,0.732,0,0,eGFP2
10492,20:55:19,0.127,0.665,0,0,eGFP2
10493,20:55:20,0.094,0.621,0,0,eGFP2
10494,20:55:21,0.128,0.720,0,0,eGFP2
10495,20:55:21,0.106,0.567,0,0,eGFP2
10496,20:55:22,0.094,0.544,0,0,eGFP2
10497,20:55:22,0.097,0.645,0,0,eGFP2
10498,20:55:23,0.117,0.709,0,0,eGFP2
10499,20:55:24,0.095,0.512,0,0,eGFP2
10500,20:55:24,0.084,0.676,0,0,eGFP2
10501,20:55:25,0.128,0.677,0,0,eGFP2
10502,20:55:25,0.116,0.632,0,0,eGFP2
10503,20:55:26,0.107,0.634,0,0,eGFP2
10504,20:55:27,0.150,0.951,0,0,eGFP2
10505,20:55:28,0.118,0.623,0,0,eGFP2
10506,20:55:28,0.106,0.676,0,0,eGFP2
10507,20:55:29,0.150,0.721,0,0,eGFP2
10508,20:55:30,0.105,0.632,0,0,eGFP2
10509,20:55:30,0.106,0.589,0,0,eGFP2
10510,20:55:31,0.105,0.643,0,0,eGFP2
10511,20:55:32,0.117,0.710,0,0,eGFP2
10512,20:55:32,0.127,0.753,0,0,eGFP2
10513,20:55:33,0.118,0.766,0,0,eGFP2
10514,20:55:34,0.128,0.654,0,0,eGFP2
10515,20:55:34,0.095,0.578,0,0,eGFP2
10516,20:55:35,0.089,0.517,0,0,eGFP2
10517,20:55:35,0.085,0.469,0,0,eGFP2
10518,20:55:36,0.072,0.489,0,0,eGFP2
10519,20:55:37,0.105,0.796,0,0,eGFP2
10520,20:55:37,0.138,0.775,0,0,eGFP2
10521,20:55:38,0.107,0.688,0,0,eGFP2
10522,20:55:39,0.138,0.753,0,0,eGFP2
10523,20:55:40,0.127,0.961,0,0,eGFP2
10524,20:55:41,0.138,0.643,0,0,eGFP2
10525,20:55:41,0.083,0.500,0,0,eGFP2
10526,20:55:42,0.083,0.533,0,0,eGFP2
10527,20:55:42,0.116,0.610,0,0,eGFP2
10528,20:55:43,0.094,0.489,0,0,eGFP2
10529,20:55:43,0.073,0.457,0,0,eGFP2
10530,20:55:44,0.075,0.492,0,0,eGFP2
10531,20:55:44,0.084,0.501,0,0,eGFP2
10532,20:55:45,0.094,0.522,0,0,eGFP2
10533,20:55:45,0.094,0.632,0,0,eGFP2
10534,20:55:46,0.116,0.687,0,0,eGFP2
10535,20:55:47,0.116,0.697,0,0,eGFP2
10536,20:55:47,0.117,0.753,0,0,eGFP2
10537,20:55:48,0.127,0.643,0,0,eGFP2
10538,20:55:49,0.096,0.524,0,0,eGFP2
10539,20:55:49,0.094,0.533,0,0,eGFP2
10540,20:55:50,0.106,0.709,0,0,eGFP2
10541,20:55:50,0.139,0.698,0,0,eGFP2
10542,20:55:51,0.117,0.720,0,0,eGFP2
10543,20:55:52,0.127,0.720,0,0,eGFP2
10544,20:55:53,0.107,0.809,0,0,eGFP2
10545,20:55:54,0.161,0.808,0,0,eGFP2
10546,20:55:54,0.096,0.535,0,0,eGFP2
10547,20:55:55,0.094,0.621,0,0,eGFP2
10548,20:55:55,0.138,0.797,0,0,eGFP2
10549,20:55:56,0.105,0.621,0,0,eGFP2
10550,20:55:57,0.117,0.753,0,0,eGFP2
10551,20:55:58,0.116,0.687,0,0,eGFP2
10552,20:55:58,0.117,0.588,0,0,eGFP2
10553,20:55:59,0.095,0.578,0,0,eGFP2
10554,20:56:00,0.480,1.040,0,0,eGFP2
10555,20:56:01,0.281,0.972,0,0,eGFP2
10556,20:56:01,0.117,0.610,0,0,eGFP2
10557,20:56:02,0.108,0.623,0,0,eGFP2
10558,20:56:03,0.095,0.644,0,0,eGFP2
10559,20:56:03,0.116,0.599,0,0,eGFP2
10560,20:56:04,0.105,0.709,0,0,eGFP2
10561,20:56:05,0.138,0.709,0,0,eGFP2
10562,20:56:05,0.107,0.601,0,0,eGFP2
10563,20:56:06,0.106,0.633,0,0,eGFP2
10564,20:56:07,0.116,0.676,0,0,eGFP2
10565,20:56:07,0.116,0.687,0,0,eGFP2
10566,20:56:08,0.128,0.764,0,0,eGFP2
10567,20:56:09,0.106,0.698,0,0,eGFP2
10568,20:56:10,0.161,0.830,0,0,eGFP2
10569,20:56:10,0.106,0.556,0,0,eGFP2
10570,20:56:11,0.085,0.502,0,0,eGFP2
10571,20:56:11,0.119,0.810,0,0,eGFP2
10572,20:56:12,0.117,0.578,0,0,eGFP2
10573,20:56:13,0.083,0.654,0,0,eGFP2
10574,20:56:13,0.128,0.720,0,0,eGFP2
10575,20:56:14,0.106,0.589,0,0,eGFP2
10576,20:56:15,0.106,0.589,0,0,eGFP2
10577,20:56:15,0.095,0.523,0,0,eGFP2
10578,20:56:16,0.078,0.484,0,0,eGFP2
10579,20:56:16,0.089,0.528,0,0,eGFP2
10580,20:56:17,0.116,0.742,0,0,eGFP2
10581,20:56:17,0.138,0.697,0,0,eGFP2
10582,20:56:18,0.105,0.709,0,0,eGFP2
10583,20:56:19,0.116,0.588,0,0,eGFP2
10584,20:56:19,0.095,0.655,0,0,eGFP2
10585,20:56:20,0.149,0.808,0,0,eGFP2
10586,20:56:21,0.106,0.688,0,0,eGFP2
10587,20:56:22,0.116,0.632,0,0,eGFP2
10588,20:56:22,0.116,0.676,0,0,eGFP2
10589,20:56:23,0.116,0.654,0,0,eGFP2
10590,20:56:24,0.116,0.708,0,0,eGFP2
10591,20:56:24,0.160,0.786,0,0,eGFP2
10592,20:56:25,0.105,0.577,0,0,eGFP2
10593,20:56:25,0.094,0.522,0,0,eGFP2
10594,20:56:26,0.084,0.578,0,0,eGFP2
10595,20:56:27,0.139,0.754,0,0,eGFP2
10596,20:56:27,0.127,0.643,0,0,eGFP2
10597,20:56:28,0.094,0.577,0,0,eGFP2
10598,20:56:29,0.107,0.820,0,0,eGFP2
10599,20:56:30,0.150,0.676,0,0,eGFP2
10600,20:56:30,0.095,0.479,0,0,eGFP2
10601,20:56:31,0.083,0.511,0,0,eGFP2
10602,20:56:31,0.117,0.808,0,0,eGFP2
10603,20:56:32,0.118,0.645,0,0,eGFP2
10604,20:56:33,0.127,0.752,0,0,eGFP2
10605,20:56:33,0.106,0.578,0,0,eGFP2
10606,20:56:34,0.116,0.829,0,0,eGFP2
10607,20:56:35,0.139,0.742,0,0,eGFP2
10608,20:56:36,0.106,0.698,0,0,eGFP2
10609,20:56:37,0.139,0.962,0,0,eGFP2
10610,20:56:37,0.138,0.851,0,0,eGFP2
10611,20:56:38,0.164,1.009,0,0,eGFP2
10612,20:56:39,0.150,0.863,0,0,eGFP2
10613,20:56:40,0.138,0.720,0,0,eGFP2
10614,20:56:41,0.094,0.555,0,0,eGFP2
10615,20:56:41,0.106,0.665,0,0,eGFP2
10616,20:56:42,0.106,0.545,0,0,eGFP2
10617,20:56:42,0.084,0.501,0,0,eGFP2
10618,20:56:43,0.083,0.544,0,0,eGFP2
10619,20:56:43,0.096,0.546,0,0,eGFP2
10620,20:56:44,0.084,0.556,0,0,eGFP2
10621,20:56:45,0.116,0.665,0,0,eGFP2
10622,20:56:45,0.117,0.545,0,0,eGFP2
10623,20:56:46,0.072,0.445,0,0,eGFP2
10624,20:56:46,0.084,0.567,0,0,eGFP2
10625,20:56:47,0.159,0.960,0,0,eGFP2
10626,20:56:48,0.139,0.698,0,0,eGFP2
10627,20:56:48,0.119,0.602,0,0,eGFP2
10628,20:56:49,0.072,0.489,0,0,eGFP2
10629,20:56:49,0.084,0.479,0,0,eGFP2
10630,20:56:50,0.084,0.512,0,0,eGFP2
10631,20:56:50,0.084,0.534,0,0,eGFP2
10632,20:56:51,0.095,0.589,0,0,eGFP2
10633,20:56:52,0.116,0.753,0,0,eGFP2
10634,20:56:52,0.117,0.676,0,0,eGFP2
10635,20:56:53,0.119,0.766,0,0,eGFP2
10636,20:56:54,0.128,0.721,0,0,eGFP2
10637,20:56:54,0.105,0.588,0,0,eGFP2
10638,20:56:55,0.111,0.858,0,0,eGFP2
10639,20:56:56,0.171,0.720,0,0,eGFP2
10640,20:56:57,0.106,0.676,0,0,eGFP2
10641,20:56:57,0.117,0.655,0,0,eGFP2
10642,20:56:58,0.122,0.649,0,0,eGFP2
10643,20:56:59,0.117,0.820,0,0,eGFP2
10644,20:57:00,0.127,0.675,0,0,eGFP2
10645,20:57:00,0.095,0.544,0,0,eGFP2
10646,20:57:01,0.106,0.797,0,0,eGFP2
10647,20:57:02,0.149,0.643,0,0,eGFP2
10648,20:57:02,0.083,0.577,0,0,eGFP2
10649,20:57:03,0.138,0.752,0,0,eGFP2
10650,20:57:03,0.117,0.567,0,0,eGFP2
10651,20:57:04,0.095,0.523,0,0,eGFP2
10652,20:57:05,0.093,0.576,0,0,eGFP2
10653,20:57:05,0.105,0.610,0,0,eGFP2
10654,20:57:06,0.083,0.489,0,0,eGFP2
10655,20:57:06,0.073,0.512,0,0,eGFP2
10656,20:57:07,0.105,0.895,0,0,eGFP2
10657,20:57:08,0.139,0.775,0,0,eGFP2
10658,20:57:09,0.138,0.819,0,0,eGFP2
10659,20:57:12,0.171,3.803,0,0,eGFP2
10660,20:57:13,0.129,0.579,0,0,eGFP2
10661,20:57:13,0.084,0.490,0,0,eGFP2
10662,20:57:14,0.094,0.818,0,0,eGFP2
10663,20:57:15,0.117,0.545,0,0,eGFP2
10664,20:57:15,0.083,0.467,0,0,eGFP2
10665,20:57:16,0.086,0.503,0,0,eGFP2
10666,20:57:16,0.094,0.643,0,0,eGFP2
10667,20:57:17,0.094,0.467,0,0,eGFP2
10668,20:57:17,0.075,0.448,0,0,eGFP2
10669,20:57:18,0.083,0.610,0,0,eGFP2
10670,20:57:19,0.138,0.731,0,0,eGFP2
10671,20:57:19,0.105,0.522,0,0,eGFP2
10672,20:57:20,0.095,0.534,0,0,eGFP2
10673,20:57:20,0.106,0.676,0,0,eGFP2
10674,20:57:21,0.128,0.720,0,0,eGFP2
10675,20:57:22,0.106,0.534,0,0,eGFP2
10676,20:57:22,0.085,0.623,0,0,eGFP2
10677,20:57:23,0.105,0.588,0,0,eGFP2
10678,20:57:23,0.086,0.546,0,0,eGFP2
10679,20:57:24,0.117,0.765,0,0,eGFP2
10680,20:57:25,0.127,0.687,0,0,eGFP2
10681,20:57:25,0.094,0.500,0,0,eGFP2
10682,20:57:26,0.084,0.534,0,0,eGFP2
10683,20:57:26,0.095,0.490,0,0,eGFP2
10684,20:57:27,0.085,0.524,0,0,eGFP2
10685,20:57:28,0.106,0.731,0,0,eGFP2
10686,20:57:28,0.150,0.764,0,0,eGFP2
10687,20:57:29,0.117,0.721,0,0,eGFP2
10688,20:57:30,0.128,0.764,0,0,eGFP2
10689,20:57:31,0.128,0.797,0,0,eGFP2
10690,20:57:31,0.125,0.740,0,0,eGFP2
10691,20:57:32,0.105,0.555,0,0,eGFP2
10692,20:57:33,0.097,0.624,0,0,eGFP2
10693,20:57:33,0.105,0.621,0,0,eGFP2
10694,20:57:34,0.105,0.687,0,0,eGFP2
10695,20:57:35,0.149,0.840,0,0,eGFP2
10696,20:57:36,0.149,0.764,0,0,eGFP2
10697,20:57:36,0.116,0.676,0,0,eGFP2
10698,20:57:37,0.116,0.697,0,0,eGFP2
10699,20:57:37,0.095,0.523,0,0,eGFP2
10700,20:57:38,0.073,0.468,0,0,eGFP2
10701,20:57:39,0.095,0.786,0,0,eGFP2
10702,20:57:40,0.171,0.939,0,0,eGFP2
10703,20:57:41,0.160,0.951,0,0,eGFP2
10704,20:57:41,0.138,0.741,0,0,eGFP2
10705,20:57:42,0.107,0.579,0,0,eGFP2
10706,20:57:43,0.094,0.588,0,0,eGFP2
10707,20:57:43,0.128,0.820,0,0,eGFP2
10708,20:57:44,0.096,0.535,0,0,eGFP2
10709,20:57:45,0.105,0.774,0,0,eGFP2
10710,20:57:45,0.150,0.654,0,0,eGFP2
10711,20:57:46,0.084,0.490,0,0,eGFP2
10712,20:57:46,0.083,0.500,0,0,eGFP2
10713,20:57:47,0.095,0.665,0,0,eGFP2
10714,20:57:48,0.117,0.709,0,0,eGFP2
10715,20:57:48,0.106,0.566,0,0,eGFP2
10716,20:57:49,0.106,0.797,0,0,eGFP2
10717,20:57:50,0.151,0.733,0,0,eGFP2
10718,20:57:50,0.105,0.643,0,0,eGFP2
10719,20:57:51,0.118,0.667,0,0,eGFP2
10720,20:57:52,0.105,0.665,0,0,eGFP2
10721,20:57:52,0.127,0.698,0,0,eGFP2
10722,20:57:53,0.116,0.665,0,0,eGFP2
10723,20:57:54,0.116,0.621,0,0,eGFP2
10724,20:57:54,0.095,0.556,0,0,eGFP2
10725,20:57:55,0.085,0.535,0,0,eGFP2
10726,20:57:55,0.083,0.665,0,0,eGFP2
10727,20:57:57,0.237,1.455,0,0,eGFP2
10728,20:57:58,0.128,0.589,0,0,eGFP2
10729,20:57:58,0.094,0.511,0,0,eGFP2
10730,20:57:59,0.095,0.600,0,0,eGFP2
10731,20:57:59,0.116,0.687,0,0,eGFP2
10732,20:58:00,0.118,0.667,0,0,eGFP2
10733,20:58:01,0.107,0.689,0,0,eGFP2
10734,20:58:01,0.116,0.599,0,0,eGFP2
10735,20:58:02,0.095,0.512,0,0,eGFP2
10736,20:58:02,0.083,0.555,0,0,eGFP2
10737,20:58:03,0.095,0.512,0,0,eGFP2
10738,20:58:03,0.084,0.599,0,0,eGFP2
10739,20:58:04,0.150,0.819,0,0,eGFP2
10740,20:58:05,0.128,0.732,0,0,eGFP2
10741,20:58:06,0.107,0.656,0,0,eGFP2
10742,20:58:06,0.094,0.577,0,0,eGFP2
10743,20:58:07,0.106,0.600,0,0,eGFP2
10744,20:58:08,0.105,0.687,0,0,eGFP2
10745,20:58:08,0.117,0.621,0,0,eGFP2
10746,20:58:09,0.097,0.580,0,0,eGFP2
10747,20:58:10,0.128,1.016,0,0,eGFP2
10748,20:58:11,0.249,0.885,0,0,eGFP2
10749,20:58:11,0.097,0.591,0,0,eGFP2
10750,20:58:12,0.116,0.577,0,0,eGFP2
10751,20:58:12,0.084,0.468,0,0,eGFP2
10752,20:58:13,0.073,0.457,0,0,eGFP2
10753,20:58:13,0.089,0.693,0,0,eGFP2
10754,20:58:14,0.160,0.708,0,0,eGFP2
10755,20:58:15,0.083,0.456,0,0,eGFP2
10756,20:58:15,0.095,0.852,0,0,eGFP2
10757,20:58:16,0.150,0.732,0,0,eGFP2
10758,20:58:17,0.116,0.621,0,0,eGFP2
10759,20:58:17,0.107,0.677,0,0,eGFP2
10760,20:58:18,0.127,0.753,0,0,eGFP2
10761,20:58:19,0.116,0.719,0,0,eGFP2
10762,20:58:20,0.117,0.731,0,0,eGFP2
10763,20:58:20,0.116,0.709,0,0,eGFP2
10764,20:58:21,0.149,0.807,0,0,eGFP2
10765,20:58:22,0.096,0.568,0,0,eGFP2
10766,20:58:23,0.116,0.819,0,0,eGFP2
10767,20:58:23,0.138,0.643,0,0,eGFP2
10768,20:58:24,0.094,0.599,0,0,eGFP2
10769,20:58:25,0.138,0.862,0,0,eGFP2
10770,20:58:25,0.116,0.654,0,0,eGFP2
10771,20:58:26,0.094,0.511,0,0,eGFP2
10772,20:58:27,0.095,0.687,0,0,eGFP2
10773,20:58:27,0.131,0.690,0,0,eGFP2
10774,20:58:28,0.106,0.709,0,0,eGFP2
10775,20:58:29,0.117,0.698,0,0,eGFP2
10776,20:58:29,0.127,0.841,0,0,eGFP2
10777,20:58:30,0.127,0.731,0,0,eGFP2
10778,20:58:31,0.116,0.610,0,0,eGFP2
10779,20:58:31,0.094,0.555,0,0,eGFP2
10780,20:58:32,0.105,1.005,0,0,eGFP2
10781,20:58:33,0.204,0.874,0,0,eGFP2
10782,20:58:34,0.118,0.754,0,0,eGFP2
10783,20:58:35,0.117,0.611,0,0,eGFP2
10784,20:58:35,0.105,0.687,0,0,eGFP2
10785,20:58:36,0.116,0.610,0,0,eGFP2
10786,20:58:36,0.096,0.535,0,0,eGFP2
10787,20:58:37,0.094,0.544,0,0,eGFP2
10788,20:58:38,0.106,1.379,0,0,eGFP2
10789,20:58:39,0.193,0.797,0,0,eGFP2
10790,20:58:40,0.118,0.754,0,0,eGFP2
10791,20:58:40,0.107,0.568,0,0,eGFP2
10792,20:58:41,0.083,0.511,0,0,eGFP2
10793,20:58:42,0.106,0.720,0,0,eGFP2
10794,20:58:42,0.117,0.556,0,0,eGFP2
10795,20:58:43,0.094,0.490,0,0,eGFP2
10796,20:58:43,0.094,0.621,0,0,eGFP2
10797,20:58:44,0.149,0.841,0,0,eGFP2
10798,20:58:45,0.129,0.743,0,0,eGFP2
10799,20:58:46,0.117,0.710,0,0,eGFP2
10800,20:58:46,0.118,0.623,0,0,eGFP2
10801,20:58:47,0.105,0.599,0,0,eGFP2
10802,20:58:47,0.106,0.611,0,0,eGFP2
10803,20:58:48,0.105,0.632,0,0,eGFP2
10804,20:58:49,0.106,0.797,0,0,eGFP2
10805,20:58:50,0.139,0.698,0,0,eGFP2
10806,20:58:50,0.130,0.733,0,0,eGFP2
10807,20:58:51,0.128,0.775,0,0,eGFP2
10808,20:58:52,0.128,0.687,0,0,eGFP2
10809,20:58:52,0.106,0.556,0,0,eGFP2
10810,20:58:53,0.106,0.797,0,0,eGFP2
10811,20:58:54,0.161,0.753,0,0,eGFP2
10812,20:58:54,0.095,0.545,0,0,eGFP2
10813,20:58:55,0.097,0.766,0,0,eGFP2
10814,20:58:56,0.129,0.777,0,0,eGFP2
10815,20:58:57,0.106,0.599,0,0,eGFP2
10816,20:58:57,0.128,0.842,0,0,eGFP2
10817,20:58:58,0.121,0.626,0,0,eGFP2
10818,20:58:59,0.094,0.566,0,0,eGFP2
10819,20:58:59,0.105,0.719,0,0,eGFP2
10820,20:59:00,0.127,0.753,0,0,eGFP2
10821,20:59:01,0.105,0.566,0,0,eGFP2
10822,20:59:01,0.095,0.545,0,0,eGFP2
10823,20:59:02,0.116,1.049,0,0,eGFP2
10824,20:59:03,0.171,1.016,0,0,eGFP2
10825,20:59:04,0.237,1.071,0,0,eGFP2
10826,20:59:05,0.127,0.621,0,0,eGFP2
10827,20:59:05,0.096,0.491,0,0,eGFP2
10828,20:59:06,0.083,0.500,0,0,eGFP2
10829,20:59:07,0.094,0.588,0,0,eGFP2
10830,20:59:07,0.129,0.656,0,0,eGFP2
10831,20:59:08,0.094,0.489,0,0,eGFP2
10832,20:59:08,0.083,0.489,0,0,eGFP2
10833,20:59:09,0.095,0.643,0,0,eGFP2
10834,20:59:10,0.128,0.764,0,0,eGFP2
10835,20:59:10,0.094,0.511,0,0,eGFP2
10836,20:59:11,0.073,0.457,0,0,eGFP2
10837,20:59:11,0.094,0.906,0,0,eGFP2
10838,20:59:12,0.162,0.810,0,0,eGFP2
10839,20:59:13,0.127,0.621,0,0,eGFP2
10840,20:59:13,0.107,0.579,0,0,eGFP2
10841,20:59:14,0.105,0.643,0,0,eGFP2
10842,20:59:15,0.138,0.884,0,0,eGFP2
10843,20:59:16,0.127,0.621,0,0,eGFP2
10844,20:59:16,0.106,0.676,0,0,eGFP2
10845,20:59:17,0.128,0.665,0,0,eGFP2
10846,20:59:18,0.106,0.578,0,0,eGFP2
10847,20:59:18,0.107,0.875,0,0,eGFP2
10848,20:59:19,0.149,0.720,0,0,eGFP2
10849,20:59:20,0.116,0.720,0,0,eGFP2
10850,20:59:21,0.116,0.654,0,0,eGFP2
10851,20:59:21,0.128,0.654,0,0,eGFP2
10852,20:59:22,0.095,0.523,0,0,eGFP2
10853,20:59:23,0.105,1.027,0,0,eGFP2
10854,20:59:24,0.239,0.974,0,0,eGFP2
10855,20:59:24,0.119,0.700,0,0,eGFP2
10856,20:59:25,0.106,0.545,0,0,eGFP2
10857,20:59:25,0.083,0.478,0,0,eGFP2
10858,20:59:26,0.073,0.468,0,0,eGFP2
10859,20:59:26,0.084,0.523,0,0,eGFP2
10860,20:59:27,0.094,0.588,0,0,eGFP2
10861,20:59:28,0.117,0.688,0,0,eGFP2
10862,20:59:28,0.127,0.731,0,0,eGFP2
10863,20:59:29,0.107,0.656,0,0,eGFP2
10864,20:59:30,0.116,0.632,0,0,eGFP2
10865,20:59:30,0.106,0.589,0,0,eGFP2
10866,20:59:31,0.116,0.775,0,0,eGFP2
10867,20:59:32,0.118,0.788,0,0,eGFP2
10868,20:59:33,0.127,0.841,0,0,eGFP2
10869,20:59:33,0.138,0.764,0,0,eGFP2
10870,20:59:34,0.128,0.808,0,0,eGFP2
10871,20:59:35,0.151,0.777,0,0,eGFP2
10872,20:59:36,0.117,0.577,0,0,eGFP2
10873,20:59:36,0.084,0.479,0,0,eGFP2
10874,20:59:37,0.095,0.721,0,0,eGFP2
10875,20:59:38,0.171,0.764,0,0,eGFP2
10876,20:59:38,0.095,0.654,0,0,eGFP2
10877,20:59:39,0.117,0.600,0,0,eGFP2
10878,20:59:39,0.084,0.512,0,0,eGFP2
10879,20:59:40,0.086,0.514,0,0,eGFP2
10880,20:59:40,0.089,0.539,0,0,eGFP2
10881,20:59:41,0.092,0.619,0,0,eGFP2
10882,20:59:42,0.171,0.884,0,0,eGFP2
10883,20:59:43,0.149,0.994,0,0,eGFP2
10884,20:59:44,0.204,0.950,0,0,eGFP2
10885,20:59:45,0.149,0.775,0,0,eGFP2
10886,20:59:45,0.127,0.796,0,0,eGFP2
10887,20:59:46,0.118,0.645,0,0,eGFP2
10888,20:59:47,0.116,0.840,0,0,eGFP2
10889,20:59:48,0.138,0.698,0,0,eGFP2
10890,20:59:48,0.116,0.621,0,0,eGFP2
10891,20:59:49,0.105,0.731,0,0,eGFP2
10892,20:59:51,0.160,1.729,0,0,eGFP2
10893,21:01:21,88.839,90.188,0,0,eGFP2
10894,21:01:22,0.118,0.634,0,0,eGFP2
10895,21:01:22,0.107,0.710,0,0,eGFP2
10896,21:01:23,0.150,0.786,0,0,eGFP2
10897,21:01:24,0.127,0.841,0,0,eGFP2
10898,21:01:32,0.193,8.039,0,0,eGFP2
10899,21:01:33,0.138,0.621,0,0,eGFP2
10900,21:01:33,0.084,0.490,0,0,eGFP2
10901,21:01:34,0.094,0.577,0,0,eGFP2
10902,21:01:34,0.094,0.522,0,0,eGFP2
10903,21:01:35,0.085,0.557,0,0,eGFP2
10904,21:01:35,0.094,0.577,0,0,eGFP2
10905,21:01:36,0.084,0.457,0,0,eGFP2
10906,21:01:36,0.083,0.478,0,0,eGFP2
10907,21:01:37,0.096,0.568,0,0,eGFP2
10908,21:01:37,0.084,0.446,0,0,eGFP2
10909,21:01:38,0.094,1.082,0,0,eGFP2
10910,21:01:39,0.171,0.753,0,0,eGFP2
10911,21:01:40,0.105,0.566,0,0,eGFP2
10912,21:01:40,0.085,0.480,0,0,eGFP2
10913,21:01:41,0.084,0.523,0,0,eGFP2
10914,21:01:41,0.083,0.501,0,0,eGFP2
10915,21:01:42,0.083,0.500,0,0,eGFP2
10916,21:01:42,0.095,0.533,0,0,eGFP2
10917,21:01:43,0.095,0.512,0,0,eGFP2
10918,21:01:43,0.095,0.555,0,0,eGFP2
10919,21:01:44,0.106,0.534,0,0,eGFP2
10920,21:01:44,0.085,0.491,0,0,eGFP2
10921,21:01:45,0.086,0.525,0,0,eGFP2
10922,21:01:45,0.094,0.511,0,0,eGFP2
10923,21:01:46,0.095,0.545,0,0,eGFP2
10924,21:01:47,0.116,0.753,0,0,eGFP2
10925,21:01:47,0.149,0.852,0,0,eGFP2
10926,21:01:48,0.127,0.753,0,0,eGFP2
10927,21:01:49,0.105,0.555,0,0,eGFP2
10928,21:01:49,0.086,0.536,0,0,eGFP2
10929,21:01:50,0.116,0.851,0,0,eGFP2
10930,21:01:51,0.139,0.776,0,0,eGFP2
10931,21:01:51,0.127,0.599,0,0,eGFP2
10932,21:01:52,0.084,0.545,0,0,eGFP2
10933,21:01:53,0.094,0.566,0,0,eGFP2
10934,21:01:53,0.097,0.514,0,0,eGFP2
10935,21:01:54,0.073,0.435,0,0,eGFP2
10936,21:01:54,0.074,0.458,0,0,eGFP2
10937,21:01:54,0.084,0.490,0,0,eGFP2
10938,21:01:55,0.084,0.534,0,0,eGFP2
10939,21:01:56,0.106,0.698,0,0,eGFP2
10940,21:01:56,0.117,0.633,0,0,eGFP2
10941,21:01:57,0.106,0.566,0,0,eGFP2
10942,21:01:57,0.095,0.479,0,0,eGFP2
10943,21:01:58,0.078,0.473,0,0,eGFP2
10944,21:01:58,0.085,0.612,0,0,eGFP2
10945,21:01:59,0.160,0.895,0,0,eGFP2
10946,21:02:01,0.215,1.982,0,0,eGFP2
10947,21:02:02,0.116,0.653,0,0,eGFP2
10948,21:02:03,0.085,0.502,0,0,eGFP2
10949,21:02:03,0.094,0.500,0,0,eGFP2
10950,21:02:03,0.083,0.457,0,0,eGFP2
10951,21:02:04,0.072,0.467,0,0,eGFP2
10952,21:02:04,0.096,0.567,0,0,eGFP2
10953,21:02:05,0.106,0.643,0,0,eGFP2
10954,21:02:06,0.084,0.512,0,0,eGFP2
10955,21:02:06,0.083,0.500,0,0,eGFP2
10956,21:02:07,0.094,0.610,0,0,eGFP2
10957,21:02:07,0.127,0.709,0,0,eGFP2
10958,21:02:08,0.116,0.610,0,0,eGFP2
10959,21:02:09,0.094,0.522,0,0,eGFP2
10960,21:02:09,0.085,0.568,0,0,eGFP2
10961,21:02:10,0.096,0.601,0,0,eGFP2
10962,21:02:10,0.094,0.533,0,0,eGFP2
10963,21:02:11,0.095,0.544,0,0,eGFP2
10964,21:02:11,0.095,0.567,0,0,eGFP2
10965,21:02:12,0.094,0.632,0,0,eGFP2
10966,21:02:13,0.105,0.610,0,0,eGFP2
10967,21:02:13,0.094,0.533,0,0,eGFP2
10968,21:02:14,0.096,0.492,0,0,eGFP2
10969,21:02:14,0.083,0.456,0,0,eGFP2
10970,21:02:15,0.073,0.468,0,0,eGFP2
10971,21:02:15,0.083,0.500,0,0,eGFP2
10972,21:02:16,0.095,0.610,0,0,eGFP2
10973,21:02:16,0.106,0.556,0,0,eGFP2
10974,21:02:17,0.105,0.709,0,0,eGFP2
10975,21:02:18,0.118,0.678,0,0,eGFP2
10976,21:02:18,0.105,0.544,0,0,eGFP2
10977,21:02:19,0.085,0.469,0,0,eGFP2
10978,21:02:19,0.084,0.490,0,0,eGFP2
10979,21:02:20,0.094,0.643,0,0,eGFP2
10980,21:02:21,0.139,0.709,0,0,eGFP2
10981,21:02:21,0.117,0.655,0,0,eGFP2
10982,21:02:22,0.105,0.621,0,0,eGFP2
10983,21:02:22,0.106,0.709,0,0,eGFP2
10984,21:02:23,0.128,0.632,0,0,eGFP2
10985,21:02:24,0.097,0.547,0,0,eGFP2
10986,21:02:24,0.083,0.511,0,0,eGFP2
10987,21:02:25,0.084,0.479,0,0,eGFP2
10988,21:02:25,0.074,0.524,0,0,eGFP2
10989,21:02:26,0.139,0.852,0,0,eGFP2
10990,21:02:27,0.150,0.775,0,0,eGFP2
10991,21:02:28,0.128,0.709,0,0,eGFP2
10992,21:02:28,0.128,0.742,0,0,eGFP2
10993,21:02:29,0.119,0.635,0,0,eGFP2
10994,21:02:29,0.094,0.522,0,0,eGFP2
10995,21:02:30,0.084,0.523,0,0,eGFP2
10996,21:02:30,0.095,0.523,0,0,eGFP2
10997,21:02:31,0.083,0.489,0,0,eGFP2
10998,21:02:32,0.084,0.567,0,0,eGFP2
10999,21:02:32,0.161,0.918,0,0,eGFP2
11000,21:02:33,0.150,0.830,0,0,eGFP2
11001,21:02:34,0.129,0.777,0,0,eGFP2
11002,21:02:35,0.184,0.996,0,0,eGFP2
11003,21:02:36,0.150,0.787,0,0,eGFP2
11004,21:02:37,0.138,0.720,0,0,eGFP2
11005,21:02:37,0.117,0.676,0,0,eGFP2
11006,21:02:38,0.106,0.534,0,0,eGFP2
11007,21:02:38,0.089,0.539,0,0,eGFP2
11008,21:02:39,0.149,0.895,0,0,eGFP2
11009,21:02:40,0.129,0.754,0,0,eGFP2
11010,21:02:41,0.160,0.764,0,0,eGFP2
11011,21:02:41,0.105,0.522,0,0,eGFP2
11012,21:02:42,0.094,0.588,0,0,eGFP2
11013,21:02:42,0.116,0.632,0,0,eGFP2
11014,21:02:43,0.105,0.555,0,0,eGFP2
11015,21:02:44,0.106,0.886,0,0,eGFP2
11016,21:02:45,0.160,0.796,0,0,eGFP2
11017,21:02:45,0.118,0.666,0,0,eGFP2
11018,21:02:46,0.117,0.698,0,0,eGFP2
11019,21:02:47,0.094,0.533,0,0,eGFP2
11020,21:02:47,0.084,0.501,0,0,eGFP2
11021,21:02:48,0.094,0.676,0,0,eGFP2
11022,21:02:49,0.160,0.851,0,0,eGFP2
11023,21:02:49,0.116,0.709,0,0,eGFP2
11024,21:02:50,0.105,0.588,0,0,eGFP2
11025,21:02:51,0.096,0.612,0,0,eGFP2
11026,21:02:51,0.105,0.697,0,0,eGFP2
11027,21:02:52,0.182,1.027,0,0,eGFP2
11028,21:02:53,0.139,0.698,0,0,eGFP2
11029,21:02:54,0.118,0.700,0,0,eGFP2
11030,21:02:54,0.105,0.533,0,0,eGFP2
11031,21:02:55,0.073,0.457,0,0,eGFP2
11032,21:02:55,0.083,0.643,0,0,eGFP2
11033,21:02:56,0.151,0.732,0,0,eGFP2
11034,21:02:57,0.117,0.676,0,0,eGFP2
11035,21:02:57,0.117,0.610,0,0,eGFP2
11036,21:02:58,0.106,0.731,0,0,eGFP2
11037,21:03:01,0.128,2.685,0,0,eGFP2
11038,21:03:02,0.237,0.972,0,0,eGFP2
11039,21:03:03,0.127,0.885,0,0,eGFP2
11040,21:03:03,0.160,0.884,0,0,eGFP2
11041,21:03:04,0.138,0.775,0,0,eGFP2
11042,21:03:05,0.131,0.603,0,0,eGFP2
11043,21:03:05,0.083,0.456,0,0,eGFP2
11044,21:03:06,0.073,0.479,0,0,eGFP2
11045,21:03:06,0.094,0.720,0,0,eGFP2
11046,21:03:07,0.094,0.511,0,0,eGFP2
11047,21:03:07,0.084,0.479,0,0,eGFP2
11048,21:03:08,0.083,0.522,0,0,eGFP2
11049,21:03:09,0.106,0.633,0,0,eGFP2
11050,21:03:09,0.107,0.535,0,0,eGFP2
11051,21:03:10,0.084,0.457,0,0,eGFP2
11052,21:03:10,0.072,0.522,0,0,eGFP2
11053,21:03:11,0.128,0.676,0,0,eGFP2
11054,21:03:11,0.106,0.501,0,0,eGFP2
11055,21:03:12,0.073,0.457,0,0,eGFP2
11056,21:03:12,0.086,0.492,0,0,eGFP2
11057,21:03:13,0.084,0.490,0,0,eGFP2
11058,21:03:13,0.074,0.480,0,0,eGFP2
11059,21:03:14,0.073,0.479,0,0,eGFP2
11060,21:03:14,0.084,0.611,0,0,eGFP2
11061,21:03:15,0.128,0.775,0,0,eGFP2
11062,21:03:16,0.117,0.676,0,0,eGFP2
11063,21:03:16,0.106,0.622,0,0,eGFP2
11064,21:03:17,0.139,0.720,0,0,eGFP2
11065,21:03:18,0.106,0.677,0,0,eGFP2
11066,21:03:18,0.118,0.678,0,0,eGFP2
11067,21:03:19,0.095,0.545,0,0,eGFP2
11068,21:03:20,0.095,0.775,0,0,eGFP2
11069,21:03:21,0.141,0.755,0,0,eGFP2
11070,21:03:21,0.122,0.737,0,0,eGFP2
11071,21:03:24,0.116,2.629,0,0,eGFP2
11072,21:03:25,0.116,0.599,0,0,eGFP2
11073,21:03:25,0.094,0.478,0,0,eGFP2
11074,21:03:25,0.074,0.447,0,0,eGFP2
11075,21:03:26,0.083,0.577,0,0,eGFP2
11076,21:03:27,0.138,0.676,0,0,eGFP2
11077,21:03:27,0.116,0.587,0,0,eGFP2
11078,21:03:28,0.106,0.665,0,0,eGFP2
11079,21:03:29,0.127,0.676,0,0,eGFP2
11080,21:03:29,0.116,0.588,0,0,eGFP2
11081,21:03:30,0.094,0.610,0,0,eGFP2
11082,21:03:30,0.107,0.601,0,0,eGFP2
11083,21:03:31,0.106,0.545,0,0,eGFP2
11084,21:03:31,0.084,0.479,0,0,eGFP2
11085,21:03:32,0.083,0.654,0,0,eGFP2
11086,21:03:33,0.215,1.060,0,0,eGFP2
11087,21:03:35,0.939,1.839,0,0,eGFP2
11088,21:03:36,0.094,0.522,0,0,eGFP2
11089,21:03:36,0.084,0.533,0,0,eGFP2
11090,21:03:37,0.118,0.656,0,0,eGFP2
11091,21:03:37,0.095,0.599,0,0,eGFP2
11092,21:03:38,0.128,0.940,0,0,eGFP2
11093,21:03:39,0.193,0.874,0,0,eGFP2
11094,21:03:40,0.105,0.588,0,0,eGFP2
11095,21:03:40,0.094,0.522,0,0,eGFP2
11096,21:03:41,0.086,0.492,0,0,eGFP2
11097,21:03:41,0.094,0.632,0,0,eGFP2
11098,21:03:42,0.121,0.648,0,0,eGFP2
11099,21:03:43,0.105,0.577,0,0,eGFP2
11100,21:03:43,0.106,0.687,0,0,eGFP2
11101,21:03:44,0.106,0.578,0,0,eGFP2
11102,21:03:44,0.094,0.533,0,0,eGFP2
11103,21:03:45,0.095,0.589,0,0,eGFP2
11104,21:03:46,0.105,0.906,0,0,eGFP2
11105,21:03:47,0.369,1.028,0,0,eGFP2
11106,21:03:47,0.105,0.588,0,0,eGFP2
11107,21:03:48,0.085,0.469,0,0,eGFP2
11108,21:03:48,0.084,0.479,0,0,eGFP2
11109,21:03:49,0.095,0.720,0,0,eGFP2
11110,21:03:50,0.148,0.664,0,0,eGFP2
11111,21:03:50,0.084,0.611,0,0,eGFP2
11112,21:03:51,0.116,0.698,0,0,eGFP2
11113,21:03:52,0.095,0.523,0,0,eGFP2
11114,21:03:52,0.094,0.522,0,0,eGFP2
11115,21:03:53,0.108,0.580,0,0,eGFP2
11116,21:03:53,0.105,0.698,0,0,eGFP2
11117,21:03:54,0.106,0.545,0,0,eGFP2
11118,21:03:54,0.084,0.468,0,0,eGFP2
11119,21:03:55,0.084,0.501,0,0,eGFP2
11120,21:03:56,0.116,0.797,0,0,eGFP2
11121,21:03:56,0.127,0.665,0,0,eGFP2
11122,21:03:57,0.128,0.710,0,0,eGFP2
11123,21:03:58,0.120,0.603,0,0,eGFP2
11124,21:03:58,0.083,0.490,0,0,eGFP2
11125,21:03:59,0.094,0.676,0,0,eGFP2
11126,21:04:00,0.150,0.874,0,0,eGFP2
11127,21:04:00,0.117,0.644,0,0,eGFP2
11128,21:04:01,0.116,0.632,0,0,eGFP2
11129,21:04:02,0.095,0.534,0,0,eGFP2
11130,21:04:02,0.084,0.490,0,0,eGFP2
11131,21:04:03,0.086,0.514,0,0,eGFP2
11132,21:04:03,0.117,0.841,0,0,eGFP2
11133,21:04:04,0.144,0.770,0,0,eGFP2
11134,21:04:05,0.138,0.796,0,0,eGFP2
11135,21:04:06,0.105,0.709,0,0,eGFP2
11136,21:04:06,0.118,0.710,0,0,eGFP2
11137,21:04:07,0.171,0.939,0,0,eGFP2
11138,21:04:08,0.106,0.523,0,0,eGFP2
11139,21:04:08,0.084,0.523,0,0,eGFP2
11140,21:04:09,0.095,0.556,0,0,eGFP2
11141,21:04:10,0.105,0.654,0,0,eGFP2
11142,21:04:10,0.127,0.686,0,0,eGFP2
11143,21:04:11,0.106,0.567,0,0,eGFP2
11144,21:04:12,0.105,0.983,0,0,eGFP2
11145,21:04:13,0.303,1.060,0,0,eGFP2
11146,21:04:14,0.116,0.588,0,0,eGFP2
11147,21:04:14,0.085,0.502,0,0,eGFP2
11148,21:04:14,0.083,0.479,0,0,eGFP2
11149,21:04:15,0.083,0.500,0,0,eGFP2
11150,21:04:15,0.085,0.469,0,0,eGFP2
11151,21:04:16,0.083,0.468,0,0,eGFP2
11152,21:04:16,0.083,0.467,0,0,eGFP2
11153,21:04:17,0.095,0.742,0,0,eGFP2
11154,21:04:18,0.171,0.797,0,0,eGFP2
11155,21:04:19,0.096,0.568,0,0,eGFP2
11156,21:04:19,0.116,0.884,0,0,eGFP2
11157,21:04:20,0.139,0.720,0,0,eGFP2
11158,21:04:21,0.117,0.633,0,0,eGFP2
11159,21:04:21,0.083,0.478,0,0,eGFP2
11160,21:04:22,0.084,0.468,0,0,eGFP2
11161,21:04:22,0.072,0.577,0,0,eGFP2
11162,21:04:23,0.128,0.753,0,0,eGFP2
11163,21:04:24,0.107,0.568,0,0,eGFP2
11164,21:04:24,0.082,0.565,0,0,eGFP2
11165,21:04:25,0.139,0.929,0,0,eGFP2
11166,21:04:26,0.127,0.665,0,0,eGFP2
11167,21:04:26,0.139,0.753,0,0,eGFP2
11168,21:04:27,0.117,0.643,0,0,eGFP2
11169,21:04:28,0.106,0.677,0,0,eGFP2
11170,21:04:29,0.149,0.775,0,0,eGFP2
11171,21:04:29,0.105,0.577,0,0,eGFP2
11172,21:04:30,0.107,0.799,0,0,eGFP2
11173,21:04:31,0.149,0.819,0,0,eGFP2
11174,21:04:31,0.127,0.709,0,0,eGFP2
11175,21:04:32,0.128,0.731,0,0,eGFP2
11176,21:04:33,0.139,0.731,0,0,eGFP2
11177,21:04:34,0.130,0.931,0,0,eGFP2
11178,21:04:35,0.204,0.984,0,0,eGFP2
11179,21:04:36,0.127,0.687,0,0,eGFP2
11180,21:04:36,0.105,0.544,0,0,eGFP2
11181,21:04:37,0.083,0.467,0,0,eGFP2
11182,21:04:37,0.083,0.489,0,0,eGFP2
11183,21:04:38,0.083,0.500,0,0,eGFP2
11184,21:04:38,0.094,0.764,0,0,eGFP2
11185,21:04:39,0.127,0.741,0,0,eGFP2
11186,21:04:40,0.138,0.841,0,0,eGFP2
11187,21:04:41,0.105,0.676,0,0,eGFP2
11188,21:04:42,0.150,0.984,0,0,eGFP2
11189,21:04:42,0.127,0.665,0,0,eGFP2
11190,21:04:43,0.107,0.557,0,0,eGFP2
11191,21:04:43,0.083,0.500,0,0,eGFP2
11192,21:04:44,0.094,0.500,0,0,eGFP2
11193,21:04:44,0.095,0.523,0,0,eGFP2
11194,21:04:45,0.105,0.774,0,0,eGFP2
11195,21:04:46,0.139,0.742,0,0,eGFP2
11196,21:04:47,0.118,0.842,0,0,eGFP2
11197,21:04:48,0.182,0.951,0,0,eGFP2
11198,21:04:48,0.116,0.632,0,0,eGFP2
11199,21:04:49,0.094,0.511,0,0,eGFP2
11200,21:04:49,0.094,0.533,0,0,eGFP2
11201,21:04:50,0.095,0.577,0,0,eGFP2
11202,21:04:51,0.095,0.644,0,0,eGFP2
11203,21:04:51,0.116,0.741,0,0,eGFP2
11204,21:04:52,0.109,0.592,0,0,eGFP2
11205,21:04:53,0.094,0.654,0,0,eGFP2
11206,21:04:53,0.160,0.819,0,0,eGFP2
11207,21:04:54,0.127,0.807,0,0,eGFP2
11208,21:04:55,0.139,0.731,0,0,eGFP2
11209,21:04:56,0.128,0.775,0,0,eGFP2
11210,21:04:56,0.117,0.709,0,0,eGFP2
11211,21:04:57,0.117,0.676,0,0,eGFP2
11212,21:04:58,0.129,0.744,0,0,eGFP2
11213,21:04:58,0.116,0.632,0,0,eGFP2
11214,21:04:59,0.095,0.610,0,0,eGFP2
11215,21:05:00,0.128,0.753,0,0,eGFP2
11216,21:05:00,0.128,0.709,0,0,eGFP2
11217,21:05:37,0.140,36.761,0,0,eGFP2
11218,21:05:39,0.094,1.762,0,0,eGFP2
11219,21:05:40,0.128,0.753,0,0,eGFP2
11220,21:05:40,0.097,0.525,0,0,eGFP2
11221,21:05:41,0.083,0.511,0,0,eGFP2
11222,21:05:41,0.084,0.479,0,0,eGFP2
11223,21:05:42,0.094,0.588,0,0,eGFP2
11224,21:05:42,0.106,0.567,0,0,eGFP2
11225,21:05:43,0.083,0.544,0,0,eGFP2
11226,21:05:43,0.095,0.512,0,0,eGFP2
11227,21:05:44,0.084,0.501,0,0,eGFP2
11228,21:05:45,0.094,0.555,0,0,eGFP2
11229,21:05:45,0.108,0.656,0,0,eGFP2
11230,21:05:46,0.117,0.622,0,0,eGFP2
11231,21:05:46,0.096,0.579,0,0,eGFP2
11232,21:05:47,0.117,0.731,0,0,eGFP2
11233,21:05:48,0.106,0.523,0,0,eGFP2
11234,21:05:48,0.084,0.457,0,0,eGFP2
11235,21:05:49,0.084,0.566,0,0,eGFP2
11236,21:05:50,0.139,0.852,0,0,eGFP2
11237,21:05:50,0.119,0.580,0,0,eGFP2
11238,21:05:51,0.095,0.588,0,0,eGFP2
11239,21:05:52,0.128,0.885,0,0,eGFP2
11240,21:05:52,0.128,0.677,0,0,eGFP2
11241,21:05:53,0.127,0.665,0,0,eGFP2
11242,21:05:53,0.095,0.534,0,0,eGFP2
11243,21:05:54,0.095,0.885,0,0,eGFP2
11244,21:05:55,0.145,0.737,0,0,eGFP2
11245,21:05:56,0.129,0.919,0,0,eGFP2
11246,21:05:57,0.149,0.851,0,0,eGFP2
11247,21:05:58,0.127,0.863,0,0,eGFP2
11248,21:05:59,0.160,1.060,0,0,eGFP2
11249,21:06:00,0.203,0.972,0,0,eGFP2
11250,21:06:00,0.127,0.653,0,0,eGFP2
11251,21:06:01,0.095,0.545,0,0,eGFP2
11252,21:06:01,0.083,0.533,0,0,eGFP2
11253,21:06:02,0.106,0.666,0,0,eGFP2
11254,21:06:03,0.127,0.720,0,0,eGFP2
11255,21:06:04,0.127,0.665,0,0,eGFP2
11256,21:06:04,0.127,0.741,0,0,eGFP2
11257,21:06:05,0.106,0.545,0,0,eGFP2
11258,21:06:05,0.084,0.512,0,0,eGFP2
11259,21:06:06,0.106,0.687,0,0,eGFP2
11260,21:06:09,0.160,3.123,0,0,eGFP2
11261,21:06:13,1.424,3.388,0,0,eGFP2
11262,21:06:13,0.117,0.556,0,0,eGFP2
11263,21:06:14,0.083,0.489,0,0,eGFP2
11264,21:06:14,0.083,0.478,0,0,eGFP2
11265,21:06:15,0.073,0.479,0,0,eGFP2
11266,21:06:15,0.094,0.522,0,0,eGFP2
11267,21:06:16,0.084,0.588,0,0,eGFP2
11268,21:06:16,0.106,0.567,0,0,eGFP2
11269,21:06:17,0.085,0.458,0,0,eGFP2
11270,21:06:17,0.072,0.412,0,0,eGFP2
11271,21:06:18,0.075,0.470,0,0,eGFP2
11272,21:06:18,0.105,0.862,0,0,eGFP2
11273,21:06:19,0.171,0.830,0,0,eGFP2
11274,21:06:20,0.105,0.610,0,0,eGFP2
11275,21:06:20,0.116,0.588,0,0,eGFP2
11276,21:06:21,0.073,0.435,0,0,eGFP2
11277,21:06:21,0.085,0.480,0,0,eGFP2
11278,21:06:22,0.084,0.578,0,0,eGFP2
11279,21:06:23,0.171,1.027,0,0,eGFP2
11280,21:06:27,0.248,4.319,0,0,eGFP2
11281,21:06:28,0.150,0.731,0,0,eGFP2
11282,21:06:30,1.006,1.686,0,0,eGFP2
11283,21:06:30,0.095,0.523,0,0,eGFP2
11284,21:06:31,0.072,0.434,0,0,eGFP2
11285,21:06:31,0.076,0.438,0,0,eGFP2
11286,21:06:31,0.073,0.435,0,0,eGFP2
11287,21:06:32,0.084,0.523,0,0,eGFP2
11288,21:06:33,0.105,0.632,0,0,eGFP2
11289,21:06:33,0.106,0.556,0,0,eGFP2
11290,21:06:34,0.072,0.423,0,0,eGFP2
11291,21:06:34,0.073,0.435,0,0,eGFP2
11292,21:06:35,0.095,0.808,0,0,eGFP2
11293,21:06:36,0.150,0.720,0,0,eGFP2
11294,21:06:36,0.097,0.503,0,0,eGFP2
11295,21:06:37,0.072,0.457,0,0,eGFP2
11296,21:06:37,0.072,0.445,0,0,eGFP2
11297,21:06:37,0.073,0.479,0,0,eGFP2
11298,21:06:38,0.108,0.678,0,0,eGFP2
11299,21:06:39,0.106,0.611,0,0,eGFP2
11300,21:06:40,0.116,0.764,0,0,eGFP2
11301,21:06:40,0.128,0.654,0,0,eGFP2
11302,21:06:41,0.097,0.689,0,0,eGFP2
11303,21:06:42,0.139,0.841,0,0,eGFP2
11304,21:06:43,0.117,1.379,0,0,eGFP2
11305,21:06:45,1.192,1.950,0,0,eGFP2
11306,21:06:46,0.094,0.500,0,0,eGFP2
11307,21:06:46,0.078,0.484,0,0,eGFP2
11308,21:06:47,0.083,0.566,0,0,eGFP2
11309,21:06:47,0.083,0.445,0,0,eGFP2
11310,21:06:48,0.074,0.535,0,0,eGFP2
11311,21:06:48,0.160,0.786,0,0,eGFP2
11312,21:06:49,0.084,0.501,0,0,eGFP2
11313,21:06:49,0.094,0.577,0,0,eGFP2
11314,21:06:50,0.094,0.522,0,0,eGFP2
11315,21:06:50,0.083,0.479,0,0,eGFP2
11316,21:06:51,0.083,0.631,0,0,eGFP2
11317,21:06:52,0.138,0.720,0,0,eGFP2
11318,21:06:52,0.096,0.612,0,0,eGFP2
11319,21:06:53,0.116,0.741,0,0,eGFP2
11320,21:06:54,0.127,0.654,0,0,eGFP2
11321,21:06:54,0.094,0.555,0,0,eGFP2
11322,21:06:55,0.094,0.577,0,0,eGFP2
11323,21:06:56,0.106,0.709,0,0,eGFP2
11324,21:06:56,0.105,0.687,0,0,eGFP2
11325,21:06:57,0.107,0.557,0,0,eGFP2
11326,21:06:58,0.085,0.908,0,0,eGFP2
11327,21:06:59,0.171,0.730,0,0,eGFP2
11328,21:06:59,0.128,0.874,0,0,eGFP2
11329,21:07:00,0.149,0.851,0,0,eGFP2
11330,21:07:01,0.128,0.676,0,0,eGFP2
11331,21:07:01,0.095,0.534,0,0,eGFP2
11332,21:07:02,0.083,0.489,0,0,eGFP2
11333,21:07:02,0.094,0.555,0,0,eGFP2
11334,21:07:03,0.096,0.579,0,0,eGFP2
11335,21:07:04,0.105,0.665,0,0,eGFP2
11336,21:07:04,0.116,0.676,0,0,eGFP2
11337,21:07:05,0.127,0.720,0,0,eGFP2
11338,21:07:06,0.138,0.753,0,0,eGFP2
11339,21:07:06,0.096,0.513,0,0,eGFP2
11340,21:07:07,0.072,0.456,0,0,eGFP2
11341,21:07:07,0.073,0.468,0,0,eGFP2
11342,21:07:08,0.096,0.656,0,0,eGFP2
11343,21:07:09,0.116,0.577,0,0,eGFP2
11344,21:07:09,0.084,0.479,0,0,eGFP2
11345,21:07:10,0.083,0.478,0,0,eGFP2
11346,21:07:10,0.073,0.468,0,0,eGFP2
11347,21:07:11,0.072,0.544,0,0,eGFP2
11348,21:07:11,0.139,0.819,0,0,eGFP2
11349,21:07:12,0.106,0.687,0,0,eGFP2
11350,21:07:13,0.107,0.590,0,0,eGFP2
11351,21:07:13,0.095,0.534,0,0,eGFP2
11352,21:07:14,0.096,0.634,0,0,eGFP2
11353,21:07:15,0.160,1.005,0,0,eGFP2
11354,21:07:15,0.128,0.611,0,0,eGFP2
11355,21:07:16,0.095,0.534,0,0,eGFP2
11356,21:07:16,0.083,0.445,0,0,eGFP2
11357,21:07:17,0.084,0.512,0,0,eGFP2
11358,21:07:18,0.106,0.775,0,0,eGFP2
11359,21:07:18,0.130,0.646,0,0,eGFP2
11360,21:07:19,0.083,0.522,0,0,eGFP2
11361,21:07:19,0.161,0.600,0,0,eGFP2
11362,21:07:20,0.435,0.731,0,0,eGFP2
11363,21:07:22,0.841,1.620,0,0,eGFP2
11364,21:07:23,0.139,0.709,0,0,eGFP2
11365,21:07:23,0.097,0.558,0,0,eGFP2
11366,21:07:24,0.094,0.501,0,0,eGFP2
11367,21:07:24,0.085,0.546,0,0,eGFP2
11368,21:07:25,0.106,0.676,0,0,eGFP2
11369,21:07:26,0.128,0.721,0,0,eGFP2
11370,21:07:26,0.122,0.627,0,0,eGFP2
11371,21:07:27,0.083,0.511,0,0,eGFP2
11372,21:07:27,0.083,0.544,0,0,eGFP2
11373,21:07:28,0.105,0.731,0,0,eGFP2
11374,21:07:29,0.160,0.719,0,0,eGFP2
11375,21:07:29,0.085,0.524,0,0,eGFP2
11376,21:07:30,0.094,0.500,0,0,eGFP2
11377,21:07:30,0.095,0.523,0,0,eGFP2
11378,21:07:31,0.116,0.642,0,0,eGFP2
11379,21:07:32,0.107,0.689,0,0,eGFP2
11380,21:07:32,0.149,0.884,0,0,eGFP2
11381,21:07:33,0.116,0.764,0,0,eGFP2
11382,21:07:34,0.138,0.775,0,0,eGFP2
11383,21:07:35,0.139,0.820,0,0,eGFP2
11384,21:07:36,0.149,0.774,0,0,eGFP2
11385,21:07:36,0.127,0.797,0,0,eGFP2
11386,21:07:37,0.116,0.599,0,0,eGFP2
11387,21:07:38,0.105,0.654,0,0,eGFP2
11388,21:07:38,0.138,0.873,0,0,eGFP2
11389,21:07:39,0.128,0.665,0,0,eGFP2
11390,21:07:40,0.095,0.578,0,0,eGFP2
11391,21:07:40,0.128,0.666,0,0,eGFP2
11392,21:07:41,0.118,0.733,0,0,eGFP2
11393,21:07:42,0.116,0.599,0,0,eGFP2
11394,21:07:42,0.094,0.522,0,0,eGFP2
11395,21:07:43,0.106,0.720,0,0,eGFP2
11396,21:07:43,0.116,0.544,0,0,eGFP2
11397,21:07:44,0.073,0.468,0,0,eGFP2
11398,21:07:45,0.094,0.687,0,0,eGFP2
11399,21:07:45,0.151,0.743,0,0,eGFP2
11400,21:07:46,0.106,0.644,0,0,eGFP2
11401,21:07:47,0.116,0.676,0,0,eGFP2
11402,21:07:48,0.116,0.807,0,0,eGFP2
11403,21:07:48,0.161,0.753,0,0,eGFP2
11404,21:07:49,0.117,0.611,0,0,eGFP2
11405,21:07:49,0.094,0.511,0,0,eGFP2
11406,21:07:50,0.085,0.469,0,0,eGFP2
11407,21:07:50,0.086,0.558,0,0,eGFP2
11408,21:07:51,0.127,0.752,0,0,eGFP2
11409,21:07:52,0.117,0.611,0,0,eGFP2
11410,21:07:53,0.094,0.731,0,0,eGFP2
11411,21:07:53,0.138,0.786,0,0,eGFP2
11412,21:07:54,0.149,0.830,0,0,eGFP2
11413,21:07:55,0.138,0.621,0,0,eGFP2
11414,21:07:55,0.095,0.523,0,0,eGFP2
11415,21:07:56,0.118,0.700,0,0,eGFP2
11416,21:07:57,0.105,0.676,0,0,eGFP2
11417,21:07:57,0.116,0.797,0,0,eGFP2
11418,21:07:58,0.149,0.775,0,0,eGFP2
11419,21:07:59,0.096,0.513,0,0,eGFP2
11420,21:07:59,0.073,0.512,0,0,eGFP2
11421,21:08:00,0.095,0.555,0,0,eGFP2
11422,21:08:00,0.095,0.501,0,0,eGFP2
11423,21:08:01,0.095,0.819,0,0,eGFP2
11424,21:08:02,0.195,0.865,0,0,eGFP2
11425,21:08:03,0.127,0.643,0,0,eGFP2
11426,21:08:03,0.106,0.589,0,0,eGFP2
11427,21:08:04,0.106,0.599,0,0,eGFP2
11428,21:08:04,0.095,0.578,0,0,eGFP2
11429,21:08:05,0.095,0.874,0,0,eGFP2
11430,21:08:06,0.193,0.852,0,0,eGFP2
11431,21:08:07,0.117,0.676,0,0,eGFP2
11432,21:08:07,0.097,0.580,0,0,eGFP2
11433,21:08:08,0.107,0.568,0,0,eGFP2
11434,21:08:09,0.089,0.671,0,0,eGFP2
11435,21:08:10,0.159,0.928,0,0,eGFP2
11436,21:08:10,0.138,0.730,0,0,eGFP2
11437,21:08:11,0.105,0.698,0,0,eGFP2
11438,21:08:12,0.138,0.741,0,0,eGFP2
11439,21:08:12,0.117,0.665,0,0,eGFP2
11440,21:08:13,0.107,0.568,0,0,eGFP2
11441,21:08:14,0.105,0.752,0,0,eGFP2
11442,21:08:15,0.149,0.852,0,0,eGFP2
11443,21:08:15,0.127,0.719,0,0,eGFP2
11444,21:08:16,0.106,0.556,0,0,eGFP2
11445,21:08:16,0.105,0.665,0,0,eGFP2
11446,21:08:17,0.128,0.699,0,0,eGFP2
11447,21:08:18,0.105,0.588,0,0,eGFP2
11448,21:08:18,0.096,0.546,0,0,eGFP2
11449,21:08:19,0.083,0.544,0,0,eGFP2
11450,21:08:25,0.106,6.635,0,0,eGFP2
11451,21:08:27,0.127,1.521,0,0,eGFP2
11452,21:08:28,0.138,0.654,0,0,eGFP2
11453,21:08:28,0.094,0.533,0,0,eGFP2
11454,21:08:29,0.095,0.556,0,0,eGFP2
11455,21:08:29,0.083,0.467,0,0,eGFP2
11456,21:08:30,0.074,0.502,0,0,eGFP2
11457,21:08:30,0.128,0.731,0,0,eGFP2
11458,21:08:31,0.106,0.523,0,0,eGFP2
11459,21:08:31,0.072,0.445,0,0,eGFP2
11460,21:08:32,0.085,0.755,0,0,eGFP2
11461,21:08:33,0.149,0.676,0,0,eGFP2
11462,21:08:33,0.094,0.522,0,0,eGFP2
11463,21:08:34,0.095,0.665,0,0,eGFP2
11464,21:08:35,0.107,0.546,0,0,eGFP2
11465,21:08:35,0.084,0.534,0,0,eGFP2
11466,21:08:36,0.116,0.676,0,0,eGFP2
11467,21:08:36,0.106,0.566,0,0,eGFP2
11468,21:08:37,0.095,0.545,0,0,eGFP2
11469,21:08:38,0.094,0.654,0,0,eGFP2
11470,21:08:38,0.128,0.665,0,0,eGFP2
11471,21:08:39,0.095,0.545,0,0,eGFP2
11472,21:08:39,0.096,0.645,0,0,eGFP2
11473,21:08:40,0.129,0.733,0,0,eGFP2
11474,21:08:41,0.127,0.665,0,0,eGFP2
11475,21:08:41,0.094,0.533,0,0,eGFP2
11476,21:08:42,0.095,0.666,0,0,eGFP2
11477,21:08:43,0.149,0.687,0,0,eGFP2
11478,21:08:43,0.094,0.544,0,0,eGFP2
11479,21:08:44,0.095,0.644,0,0,eGFP2
11480,21:08:45,0.151,0.897,0,0,eGFP2
11481,21:08:45,0.095,0.534,0,0,eGFP2
11482,21:08:46,0.083,0.533,0,0,eGFP2
11483,21:08:46,0.106,0.633,0,0,eGFP2
11484,21:08:47,0.094,0.555,0,0,eGFP2
11485,21:08:48,0.084,0.545,0,0,eGFP2
11486,21:08:49,0.117,0.951,0,0,eGFP2
11487,21:08:49,0.129,0.711,0,0,eGFP2
11488,21:08:50,0.095,0.534,0,0,eGFP2
11489,21:08:50,0.074,0.469,0,0,eGFP2
11490,21:08:51,0.073,0.479,0,0,eGFP2
11491,21:08:51,0.095,0.688,0,0,eGFP2
11492,21:08:52,0.138,0.775,0,0,eGFP2
11493,21:08:53,0.106,0.523,0,0,eGFP2
11494,21:08:53,0.084,0.534,0,0,eGFP2
11495,21:09:10,0.106,16.874,0,0,eGFP2
11496,21:09:11,0.150,0.665,0,0,eGFP2
11497,21:09:11,0.091,0.519,0,0,eGFP2
11498,21:09:12,0.072,0.434,0,0,eGFP2
11499,21:09:12,0.062,0.446,0,0,eGFP2
11500,21:09:13,0.077,0.582,0,0,eGFP2
11501,21:09:13,0.094,0.478,0,0,eGFP2
11502,21:09:14,0.072,0.434,0,0,eGFP2
11503,21:09:14,0.072,0.457,0,0,eGFP2
11504,21:09:15,0.083,0.522,0,0,eGFP2
11505,21:09:15,0.095,0.512,0,0,eGFP2
11506,21:09:16,0.084,0.446,0,0,eGFP2
11507,21:09:16,0.083,0.533,0,0,eGFP2
11508,21:09:17,0.105,0.599,0,0,eGFP2
11509,21:09:17,0.094,0.544,0,0,eGFP2
11510,21:09:18,0.084,0.566,0,0,eGFP2
11511,21:09:18,0.095,0.556,0,0,eGFP2
11512,21:09:19,0.094,0.675,0,0,eGFP2
11513,21:09:20,0.107,0.535,0,0,eGFP2
11514,21:09:20,0.074,0.458,0,0,eGFP2
11515,21:09:21,0.084,0.534,0,0,eGFP2
11516,21:09:21,0.105,0.621,0,0,eGFP2
11517,21:09:22,0.094,0.522,0,0,eGFP2
11518,21:09:22,0.095,0.599,0,0,eGFP2
11519,21:09:23,0.139,0.677,0,0,eGFP2
11520,21:09:24,0.094,0.544,0,0,eGFP2
11521,21:09:24,0.096,0.623,0,0,eGFP2
11522,21:09:25,0.116,0.665,0,0,eGFP2
11523,21:09:25,0.094,0.511,0,0,eGFP2
11524,21:09:26,0.073,0.457,0,0,eGFP2
11525,21:09:26,0.095,0.534,0,0,eGFP2
11526,21:09:27,0.105,0.665,0,0,eGFP2
11527,21:09:28,0.107,0.546,0,0,eGFP2
11528,21:09:28,0.083,0.446,0,0,eGFP2
11529,21:09:29,0.074,0.601,0,0,eGFP2
11530,21:09:29,0.160,0.785,0,0,eGFP2
11531,21:09:30,0.095,0.545,0,0,eGFP2
11532,21:09:31,0.084,0.545,0,0,eGFP2
11533,21:09:31,0.116,0.774,0,0,eGFP2
11534,21:09:32,0.117,0.622,0,0,eGFP2
11535,21:09:32,0.094,0.555,0,0,eGFP2
11536,21:09:33,0.106,0.797,0,0,eGFP2
11537,21:09:34,0.130,0.612,0,0,eGFP2
11538,21:09:34,0.095,0.567,0,0,eGFP2
11539,21:09:35,0.106,0.632,0,0,eGFP2
11540,21:09:36,0.106,0.578,0,0,eGFP2
11541,21:09:36,0.096,0.667,0,0,eGFP2
11542,21:09:37,0.128,0.720,0,0,eGFP2
11543,21:09:38,0.106,0.600,0,0,eGFP2
11544,21:09:38,0.116,0.753,0,0,eGFP2
11545,21:09:39,0.118,0.601,0,0,eGFP2
11546,21:09:39,0.095,0.501,0,0,eGFP2
11547,21:09:40,0.084,0.479,0,0,eGFP2
11548,21:09:40,0.084,0.534,0,0,eGFP2
11549,21:09:41,0.127,0.917,0,0,eGFP2
11550,21:09:42,0.128,0.644,0,0,eGFP2
11551,21:09:43,0.106,0.731,0,0,eGFP2
11552,21:09:43,0.128,0.633,0,0,eGFP2
11553,21:09:44,0.095,0.643,0,0,eGFP2
11554,21:09:45,0.110,0.549,0,0,eGFP2
11555,21:09:45,0.094,0.467,0,0,eGFP2
11556,21:09:46,0.084,0.512,0,0,eGFP2
11557,21:09:46,0.117,0.765,0,0,eGFP2
11558,21:09:47,0.127,0.720,0,0,eGFP2
11559,21:09:48,0.117,0.611,0,0,eGFP2
11560,21:09:48,0.100,0.692,0,0,eGFP2
11561,21:09:49,0.138,0.742,0,0,eGFP2
11562,21:09:50,0.107,0.633,0,0,eGFP2
11563,21:09:51,0.128,0.852,0,0,eGFP2
11564,21:09:51,0.149,0.720,0,0,eGFP2
11565,21:09:52,0.105,0.610,0,0,eGFP2
11566,21:09:53,0.105,0.620,0,0,eGFP2
11567,21:09:53,0.128,0.775,0,0,eGFP2
11568,21:09:54,0.118,0.645,0,0,eGFP2
11569,21:09:55,0.094,0.533,0,0,eGFP2
11570,21:09:55,0.096,0.491,0,0,eGFP2
11571,21:09:55,0.072,0.500,0,0,eGFP2
11572,21:09:56,0.160,0.709,0,0,eGFP2
11573,21:09:57,0.270,1.257,0,0,eGFP2
11574,21:09:58,0.117,0.665,0,0,eGFP2
11575,21:09:59,0.095,0.643,0,0,eGFP2
11576,21:09:59,0.128,0.632,0,0,eGFP2
11577,21:10:00,0.095,0.610,0,0,eGFP2
11578,21:10:01,0.107,0.557,0,0,eGFP2
11579,21:10:01,0.095,0.578,0,0,eGFP2
11580,21:10:02,0.116,0.676,0,0,eGFP2
11581,21:10:03,0.117,0.677,0,0,eGFP2
11582,21:10:03,0.127,0.621,0,0,eGFP2
11583,21:10:04,0.084,0.468,0,0,eGFP2
11584,21:10:04,0.083,0.489,0,0,eGFP2
11585,21:10:05,0.095,0.556,0,0,eGFP2
11586,21:10:05,0.107,0.754,0,0,eGFP2
11587,21:10:06,0.116,0.610,0,0,eGFP2
11588,21:10:07,0.095,0.556,0,0,eGFP2
11589,21:10:07,0.094,0.709,0,0,eGFP2
11590,21:10:08,0.105,0.566,0,0,eGFP2
11591,21:10:09,0.095,0.808,0,0,eGFP2
11592,21:10:09,0.160,0.808,0,0,eGFP2
11593,21:10:10,0.116,0.665,0,0,eGFP2
11594,21:10:11,0.118,0.612,0,0,eGFP2
11595,21:10:11,0.093,0.499,0,0,eGFP2
11596,21:10:12,0.083,0.489,0,0,eGFP2
11597,21:10:12,0.095,0.731,0,0,eGFP2
11598,21:10:13,0.139,0.677,0,0,eGFP2
11599,21:10:14,0.105,0.829,0,0,eGFP2
11600,21:10:15,0.172,0.797,0,0,eGFP2
11601,21:10:15,0.095,0.523,0,0,eGFP2
11602,21:10:16,0.085,0.491,0,0,eGFP2
11603,21:10:17,0.084,0.808,0,0,eGFP2
11604,21:10:18,0.347,1.028,0,0,eGFP2
11605,21:10:18,0.105,0.566,0,0,eGFP2
11606,21:10:19,0.095,0.589,0,0,eGFP2
11607,21:10:20,0.127,0.939,0,0,eGFP2
11608,21:10:21,0.185,0.876,0,0,eGFP2
11609,21:10:21,0.117,0.654,0,0,eGFP2
11610,21:10:22,0.097,0.613,0,0,eGFP2
11611,21:10:23,0.127,0.775,0,0,eGFP2
11612,21:10:23,0.095,0.534,0,0,eGFP2
11613,21:10:24,0.083,0.500,0,0,eGFP2
11614,21:10:24,0.084,0.479,0,0,eGFP2
11615,21:10:25,0.084,0.556,0,0,eGFP2
11616,21:10:25,0.117,0.655,0,0,eGFP2
11617,21:10:26,0.127,0.588,0,0,eGFP2
11618,21:10:26,0.095,0.545,0,0,eGFP2
11619,21:10:27,0.100,0.583,0,0,eGFP2
11620,21:10:28,0.095,0.534,0,0,eGFP2
11621,21:10:28,0.096,0.535,0,0,eGFP2
11622,21:10:29,0.095,0.896,0,0,eGFP2
11623,21:10:30,0.188,0.901,0,0,eGFP2
11624,21:10:31,0.138,0.786,0,0,eGFP2
11625,21:10:31,0.105,0.544,0,0,eGFP2
11626,21:10:32,0.094,0.500,0,0,eGFP2
11627,21:10:32,0.085,0.491,0,0,eGFP2
11628,21:10:33,0.083,0.533,0,0,eGFP2
11629,21:10:34,0.116,0.807,0,0,eGFP2
11630,21:10:34,0.128,0.665,0,0,eGFP2
11631,21:10:35,0.106,0.632,0,0,eGFP2
11632,21:10:36,0.117,0.709,0,0,eGFP2
11633,21:10:36,0.117,0.632,0,0,eGFP2
11634,21:10:37,0.095,0.567,0,0,eGFP2
11635,21:10:37,0.108,0.701,0,0,eGFP2
11636,21:10:38,0.138,0.708,0,0,eGFP2
11637,21:10:39,0.106,0.676,0,0,eGFP2
11638,21:10:40,0.117,0.644,0,0,eGFP2
11639,21:10:40,0.105,0.752,0,0,eGFP2
11640,21:10:41,0.139,0.687,0,0,eGFP2
11641,21:10:41,0.095,0.501,0,0,eGFP2
11642,21:10:42,0.072,0.511,0,0,eGFP2
11643,21:10:43,0.118,0.875,0,0,eGFP2
11644,21:10:44,0.128,0.731,0,0,eGFP2
11645,21:10:44,0.128,0.633,0,0,eGFP2
11646,21:10:45,0.105,0.555,0,0,eGFP2
11647,21:10:45,0.094,0.610,0,0,eGFP2
11648,21:10:46,0.096,0.634,0,0,eGFP2
11649,21:10:47,0.138,0.819,0,0,eGFP2
11650,21:10:47,0.127,0.621,0,0,eGFP2
11651,21:10:48,0.096,0.513,0,0,eGFP2
11652,21:10:49,0.095,0.622,0,0,eGFP2
11653,21:10:49,0.105,0.643,0,0,eGFP2
11654,21:10:50,0.116,0.577,0,0,eGFP2
11655,21:10:50,0.084,0.545,0,0,eGFP2
11656,21:10:51,0.127,0.961,0,0,eGFP2
11657,21:10:52,0.117,0.644,0,0,eGFP2
11658,21:10:53,0.116,0.676,0,0,eGFP2
11659,21:10:53,0.107,0.590,0,0,eGFP2
11660,21:10:54,0.084,0.501,0,0,eGFP2
11661,21:10:54,0.083,0.479,0,0,eGFP2
11662,21:10:55,0.085,0.557,0,0,eGFP2
11663,21:10:56,0.105,0.764,0,0,eGFP2
11664,21:10:56,0.138,0.676,0,0,eGFP2
11665,21:10:57,0.095,0.567,0,0,eGFP2
11666,21:10:57,0.116,0.731,0,0,eGFP2
11667,21:10:58,0.140,0.788,0,0,eGFP2
11668,21:10:59,0.116,0.577,0,0,eGFP2
11669,21:10:59,0.095,0.512,0,0,eGFP2
11670,21:11:00,0.092,0.663,0,0,eGFP2
11671,21:11:01,0.160,0.884,0,0,eGFP2
11672,21:11:02,0.105,0.599,0,0,eGFP2
11673,21:11:02,0.105,0.785,0,0,eGFP2
11674,21:11:03,0.127,0.643,0,0,eGFP2
11675,21:11:04,0.107,0.798,0,0,eGFP2
11676,21:11:05,0.192,0.894,0,0,eGFP2
11677,21:11:05,0.116,0.610,0,0,eGFP2
11678,21:11:06,0.094,0.522,0,0,eGFP2
11679,21:11:06,0.083,0.490,0,0,eGFP2
11680,21:11:07,0.083,0.664,0,0,eGFP2
11681,21:11:08,0.150,0.698,0,0,eGFP2
11682,21:11:08,0.094,0.610,0,0,eGFP2
11683,21:11:09,0.149,0.753,0,0,eGFP2
11684,21:11:10,0.107,0.634,0,0,eGFP2
11685,21:11:10,0.105,0.643,0,0,eGFP2
11686,21:11:11,0.171,0.895,0,0,eGFP2
11687,21:11:12,0.105,0.544,0,0,eGFP2
11688,21:11:12,0.095,0.566,0,0,eGFP2
11689,21:11:15,0.096,2.313,0,0,eGFP2
11690,21:11:16,0.248,1.631,0,0,eGFP2
11691,21:11:17,0.127,0.643,0,0,eGFP2
11692,21:11:18,0.107,0.710,0,0,eGFP2
11693,21:11:18,0.106,0.556,0,0,eGFP2
11694,21:11:19,0.083,0.489,0,0,eGFP2
11695,21:11:19,0.084,0.665,0,0,eGFP2
11696,21:11:20,0.182,0.841,0,0,eGFP2
11697,21:11:21,0.094,0.522,0,0,eGFP2
11698,21:11:21,0.084,0.490,0,0,eGFP2
11699,21:11:22,0.072,0.511,0,0,eGFP2
11700,21:11:22,0.118,0.832,0,0,eGFP2
11701,21:11:23,0.138,0.687,0,0,eGFP2
11702,21:11:24,0.096,0.546,0,0,eGFP2
11703,21:11:24,0.083,0.500,0,0,eGFP2
11704,21:11:25,0.095,0.577,0,0,eGFP2
11705,21:11:25,0.095,0.600,0,0,eGFP2
11706,21:11:26,0.105,0.555,0,0,eGFP2
11707,21:11:26,0.084,0.545,0,0,eGFP2
11708,21:11:27,0.096,0.568,0,0,eGFP2
11709,21:11:28,0.094,0.533,0,0,eGFP2
11710,21:11:28,0.095,0.720,0,0,eGFP2
11711,21:11:29,0.161,0.786,0,0,eGFP2
11712,21:11:30,0.117,0.589,0,0,eGFP2
11713,21:11:30,0.083,0.555,0,0,eGFP2
11714,21:11:31,0.117,0.589,0,0,eGFP2
11715,21:11:31,0.094,0.522,0,0,eGFP2
11716,21:11:32,0.087,0.526,0,0,eGFP2
11717,21:11:33,0.095,0.699,0,0,eGFP2
11718,21:11:33,0.171,0.797,0,0,eGFP2
11719,21:11:34,0.105,0.676,0,0,eGFP2
11720,21:11:35,0.117,0.830,0,0,eGFP2
11721,21:11:35,0.116,0.610,0,0,eGFP2
11722,21:11:36,0.106,0.589,0,0,eGFP2
11723,21:11:37,0.117,0.566,0,0,eGFP2
11724,21:11:37,0.097,0.547,0,0,eGFP2
11725,21:11:38,0.117,0.918,0,0,eGFP2
11726,21:11:39,0.138,0.720,0,0,eGFP2
11727,21:11:39,0.117,0.578,0,0,eGFP2
11728,21:11:40,0.094,0.511,0,0,eGFP2
11729,21:11:40,0.086,0.536,0,0,eGFP2
11730,21:11:41,0.106,0.731,0,0,eGFP2
11731,21:11:42,0.117,0.600,0,0,eGFP2
11732,21:11:42,0.085,0.557,0,0,eGFP2
11733,21:11:43,0.095,0.622,0,0,eGFP2
11734,21:11:44,0.122,0.769,0,0,eGFP2
11735,21:11:44,0.138,0.709,0,0,eGFP2
11736,21:11:45,0.105,0.522,0,0,eGFP2
11737,21:11:45,0.083,0.511,0,0,eGFP2
11738,21:11:46,0.116,0.939,0,0,eGFP2
11739,21:11:47,0.138,0.731,0,0,eGFP2
11740,21:11:48,0.116,0.588,0,0,eGFP2
11741,21:11:48,0.084,0.479,0,0,eGFP2
11742,21:11:49,0.084,0.534,0,0,eGFP2
11743,21:11:49,0.095,0.721,0,0,eGFP2
11744,21:11:50,0.171,0.818,0,0,eGFP2
11745,21:11:51,0.117,0.720,0,0,eGFP2
11746,21:11:52,0.116,0.720,0,0,eGFP2
11747,21:11:52,0.127,0.742,0,0,eGFP2
11748,21:11:53,0.116,0.730,0,0,eGFP2
11749,21:11:54,0.129,0.755,0,0,eGFP2
11750,21:11:55,0.127,0.708,0,0,eGFP2
11751,21:11:55,0.128,0.852,0,0,eGFP2
11752,21:11:56,0.138,0.742,0,0,eGFP2
11753,21:11:57,0.116,0.698,0,0,eGFP2
11754,21:11:58,0.116,0.720,0,0,eGFP2
11755,21:11:58,0.127,0.708,0,0,eGFP2
11756,21:11:59,0.129,0.711,0,0,eGFP2
11757,21:12:00,0.129,0.677,0,0,eGFP2
11758,21:12:00,0.106,0.556,0,0,eGFP2
11759,21:12:01,0.094,0.555,0,0,eGFP2
11760,21:12:02,0.116,0.753,0,0,eGFP2
11761,21:12:02,0.138,0.742,0,0,eGFP2
11762,21:12:03,0.127,0.632,0,0,eGFP2
11763,21:12:04,0.116,0.599,0,0,eGFP2
11764,21:12:04,0.117,0.786,0,0,eGFP2
11765,21:12:05,0.118,0.744,0,0,eGFP2
11766,21:12:06,0.127,0.796,0,0,eGFP2
11767,21:12:07,0.139,0.720,0,0,eGFP2
11768,21:12:07,0.106,0.633,0,0,eGFP2
11769,21:12:08,0.116,0.774,0,0,eGFP2
11770,21:12:09,0.162,0.733,0,0,eGFP2
11771,21:12:09,0.095,0.544,0,0,eGFP2
11772,21:12:10,0.095,0.556,0,0,eGFP2
11773,21:12:10,0.085,0.469,0,0,eGFP2
11774,21:12:11,0.084,0.512,0,0,eGFP2
11775,21:12:12,0.116,0.830,0,0,eGFP2
11776,21:12:12,0.127,0.665,0,0,eGFP2
11777,21:12:13,0.105,0.687,0,0,eGFP2
11778,21:12:14,0.138,0.720,0,0,eGFP2
11779,21:12:14,0.106,0.567,0,0,eGFP2
11780,21:12:15,0.105,0.621,0,0,eGFP2
11781,21:12:16,0.107,0.744,0,0,eGFP2
11782,21:12:16,0.149,0.654,0,0,eGFP2
11783,21:12:17,0.085,0.524,0,0,eGFP2
11784,21:12:18,0.117,0.918,0,0,eGFP2
11785,21:12:19,0.139,0.797,0,0,eGFP2
11786,21:12:20,0.139,1.159,0,0,eGFP2
11787,21:12:21,0.292,1.105,0,0,eGFP2
11788,21:12:22,0.149,0.906,0,0,eGFP2
11789,21:12:22,0.130,0.656,0,0,eGFP2
11790,21:12:23,0.128,0.688,0,0,eGFP2
11791,21:12:24,0.107,0.513,0,0,eGFP2
11792,21:12:24,0.084,0.501,0,0,eGFP2
11793,21:12:25,0.095,0.852,0,0,eGFP2
11794,21:12:26,0.138,0.698,0,0,eGFP2
11795,21:12:26,0.106,0.677,0,0,eGFP2
11796,21:12:27,0.127,0.764,0,0,eGFP2
11797,21:12:28,0.125,0.651,0,0,eGFP2
11798,21:12:28,0.095,0.479,0,0,eGFP2
11799,21:12:29,0.072,0.456,0,0,eGFP2
11800,21:12:29,0.094,0.807,0,0,eGFP2
11801,21:12:31,0.270,1.038,0,0,eGFP2
11802,21:12:31,0.105,0.665,0,0,eGFP2
11803,21:12:32,0.116,0.588,0,0,eGFP2
11804,21:12:32,0.083,0.511,0,0,eGFP2
11805,21:12:33,0.094,0.566,0,0,eGFP2
11806,21:12:33,0.096,0.524,0,0,eGFP2
11807,21:12:34,0.083,0.533,0,0,eGFP2
11808,21:12:35,0.105,0.741,0,0,eGFP2
11809,21:12:36,0.215,1.203,0,0,eGFP2
11810,21:12:37,0.129,0.699,0,0,eGFP2
11811,21:12:37,0.094,0.512,0,0,eGFP2
11812,21:12:37,0.083,0.434,0,0,eGFP2
11813,21:12:38,0.061,0.423,0,0,eGFP2
11814,21:12:39,0.085,0.821,0,0,eGFP2
11815,21:12:39,0.149,0.741,0,0,eGFP2
11816,21:12:40,0.116,0.588,0,0,eGFP2
11817,21:12:41,0.084,0.490,0,0,eGFP2
11818,21:12:41,0.083,0.467,0,0,eGFP2
11819,21:12:41,0.072,0.467,0,0,eGFP2
11820,21:12:42,0.095,0.863,0,0,eGFP2
11821,21:12:43,0.160,0.687,0,0,eGFP2
11822,21:12:44,0.085,0.491,0,0,eGFP2
11823,21:12:44,0.083,0.511,0,0,eGFP2
11824,21:12:45,0.107,0.821,0,0,eGFP2
11825,21:12:46,0.127,0.665,0,0,eGFP2
11826,21:12:46,0.105,0.621,0,0,eGFP2
11827,21:12:47,0.105,0.566,0,0,eGFP2
11828,21:12:47,0.083,0.522,0,0,eGFP2
11829,21:12:48,0.106,0.819,0,0,eGFP2
11830,21:12:49,0.162,1.150,0,0,eGFP2
11831,21:12:50,0.171,1.038,0,0,eGFP2
11832,21:12:52,0.983,1.740,0,0,eGFP2
11833,21:12:53,0.095,0.589,0,0,eGFP2
11834,21:12:53,0.116,0.588,0,0,eGFP2
11835,21:12:54,0.083,0.457,0,0,eGFP2
11836,21:12:54,0.083,0.489,0,0,eGFP2
11837,21:12:55,0.107,0.678,0,0,eGFP2
11838,21:12:55,0.107,0.535,0,0,eGFP2
11839,21:12:56,0.084,0.479,0,0,eGFP2
11840,21:12:56,0.072,0.467,0,0,eGFP2
11841,21:12:57,0.084,0.457,0,0,eGFP2
11842,21:12:57,0.073,0.424,0,0,eGFP2
11843,21:12:58,0.072,0.577,0,0,eGFP2
11844,21:12:59,0.161,1.050,0,0,eGFP2
11845,21:12:59,0.138,0.687,0,0,eGFP2
11846,21:13:00,0.096,0.524,0,0,eGFP2
11847,21:13:01,0.084,0.512,0,0,eGFP2
11848,21:13:01,0.094,0.643,0,0,eGFP2
11849,21:13:02,0.117,0.589,0,0,eGFP2
11850,21:13:02,0.094,0.478,0,0,eGFP2
11851,21:13:03,0.093,0.708,0,0,eGFP2
11852,21:13:04,0.182,0.885,0,0,eGFP2
11853,21:13:04,0.116,0.577,0,0,eGFP2
11854,21:13:05,0.086,0.514,0,0,eGFP2
11855,21:13:05,0.084,0.566,0,0,eGFP2
11856,21:13:06,0.117,0.666,0,0,eGFP2
11857,21:13:07,0.106,0.599,0,0,eGFP2
11858,21:13:07,0.117,0.633,0,0,eGFP2
11859,21:13:08,0.106,0.654,0,0,eGFP2
11860,21:13:09,0.150,1.127,0,0,eGFP2
11861,21:13:10,0.176,0.790,0,0,eGFP2
11862,21:13:10,0.118,0.568,0,0,eGFP2
11863,21:13:11,0.083,0.445,0,0,eGFP2
11864,21:13:11,0.085,0.534,0,0,eGFP2
11865,21:13:12,0.116,0.797,0,0,eGFP2
11866,21:13:13,0.116,0.555,0,0,eGFP2
11867,21:13:13,0.083,0.489,0,0,eGFP2
11868,21:13:14,0.083,0.478,0,0,eGFP2
11869,21:13:14,0.083,0.478,0,0,eGFP2
11870,21:13:15,0.094,0.808,0,0,eGFP2
11871,21:13:16,0.370,1.368,0,0,eGFP2
11872,21:13:18,0.358,1.412,0,0,eGFP2
11873,21:13:19,0.116,0.708,0,0,eGFP2
11874,21:13:19,0.106,0.588,0,0,eGFP2
11875,21:13:20,0.095,0.479,0,0,eGFP2
11876,21:13:20,0.072,0.456,0,0,eGFP2
11877,21:13:21,0.096,0.678,0,0,eGFP2
11878,21:13:21,0.127,0.708,0,0,eGFP2
11879,21:13:22,0.130,0.623,0,0,eGFP2
11880,21:13:23,0.095,0.764,0,0,eGFP2
11881,21:13:24,0.182,1.060,0,0,eGFP2
11882,21:13:25,0.138,0.665,0,0,eGFP2
11883,21:13:25,0.105,0.511,0,0,eGFP2
11884,21:13:26,0.084,0.588,0,0,eGFP2
11885,21:13:26,0.117,0.709,0,0,eGFP2
11886,21:13:27,0.116,0.588,0,0,eGFP2
11887,21:13:28,0.107,0.678,0,0,eGFP2
11888,21:13:28,0.116,0.555,0,0,eGFP2
11889,21:13:29,0.084,0.512,0,0,eGFP2
11890,21:13:29,0.094,0.599,0,0,eGFP2
11891,21:13:30,0.129,0.952,0,0,eGFP2
11892,21:13:31,0.193,0.852,0,0,eGFP2
11893,21:13:32,0.127,0.687,0,0,eGFP2
11894,21:13:32,0.105,0.566,0,0,eGFP2
11895,21:13:33,0.085,0.447,0,0,eGFP2
11896,21:13:33,0.084,0.534,0,0,eGFP2
11897,21:13:34,0.138,1.126,0,0,eGFP2
11898,21:13:35,0.149,0.742,0,0,eGFP2
11899,21:13:37,0.193,1.422,0,0,eGFP2
11900,21:13:37,0.128,0.633,0,0,eGFP2
11901,21:13:38,0.094,0.489,0,0,eGFP2
11902,21:13:38,0.084,0.534,0,0,eGFP2
11903,21:13:39,0.129,0.952,0,0,eGFP2
11904,21:13:40,0.140,0.634,0,0,eGFP2
11905,21:13:40,0.084,0.468,0,0,eGFP2
11906,21:13:41,0.084,0.446,0,0,eGFP2
11907,21:13:41,0.073,0.435,0,0,eGFP2
11908,21:13:42,0.072,0.544,0,0,eGFP2
11909,21:13:43,0.172,1.039,0,0,eGFP2
11910,21:13:44,0.116,0.687,0,0,eGFP2
11911,21:13:44,0.096,0.590,0,0,eGFP2
11912,21:13:45,0.117,0.600,0,0,eGFP2
11913,21:13:45,0.083,0.500,0,0,eGFP2
11914,21:13:46,0.106,0.885,0,0,eGFP2
11915,21:13:47,0.282,0.984,0,0,eGFP2
11916,21:13:48,0.128,1.060,0,0,eGFP2
11917,21:13:49,0.227,1.138,0,0,eGFP2
11918,21:13:52,0.206,3.114,0,0,eGFP2
11919,21:13:53,0.086,0.547,0,0,eGFP2
11920,21:13:54,0.116,0.687,0,0,eGFP2
11921,21:13:54,0.084,0.501,0,0,eGFP2
11922,21:13:55,0.095,0.600,0,0,eGFP2
11923,21:13:55,0.116,0.577,0,0,eGFP2
11924,21:13:56,0.078,0.430,0,0,eGFP2
11925,21:13:56,0.072,0.445,0,0,eGFP2
11926,21:13:57,0.094,0.742,0,0,eGFP2
11927,21:13:58,0.172,0.776,0,0,eGFP2
11928,21:13:58,0.083,0.478,0,0,eGFP2
11929,21:13:59,0.083,0.599,0,0,eGFP2
11930,21:14:00,0.116,0.753,0,0,eGFP2
11931,21:14:00,0.162,0.809,0,0,eGFP2
11932,21:14:01,0.105,0.621,0,0,eGFP2
11933,21:14:02,0.116,0.610,0,0,eGFP2
11934,21:14:02,0.094,0.522,0,0,eGFP2
11935,21:14:03,0.084,0.501,0,0,eGFP2
11936,21:14:03,0.095,0.501,0,0,eGFP2
11937,21:14:04,0.084,0.457,0,0,eGFP2
11938,21:14:04,0.072,0.445,0,0,eGFP2
11939,21:14:05,0.095,0.676,0,0,eGFP2
11940,21:14:06,0.193,1.181,0,0,eGFP2
11941,21:14:07,0.138,0.852,0,0,eGFP2
11942,21:14:08,0.248,1.038,0,0,eGFP2
11943,21:14:08,0.105,0.566,0,0,eGFP2
11944,21:14:09,0.085,0.513,0,0,eGFP2
11945,21:14:09,0.085,0.480,0,0,eGFP2
11946,21:14:10,0.084,0.479,0,0,eGFP2
11947,21:14:10,0.083,0.489,0,0,eGFP2
11948,21:14:11,0.095,0.742,0,0,eGFP2
11949,21:14:13,1.170,1.884,0,0,eGFP2
11950,21:14:13,0.083,0.511,0,0,eGFP2
11951,21:14:14,0.084,0.435,0,0,eGFP2
11952,21:14:14,0.063,0.393,0,0,eGFP2
11953,21:14:15,0.072,0.511,0,0,eGFP2
11954,21:14:15,0.106,0.644,0,0,eGFP2
11955,21:14:16,0.105,0.621,0,0,eGFP2
11956,21:14:16,0.084,0.468,0,0,eGFP2
11957,21:14:17,0.072,0.413,0,0,eGFP2
11958,21:14:18,0.074,0.721,0,0,eGFP2
11959,21:14:19,0.303,1.094,0,0,eGFP2
11960,21:14:19,0.096,0.524,0,0,eGFP2
11961,21:14:25,0.106,5.604,0,0,eGFP2
11962,21:14:26,0.259,0.884,0,0,eGFP2
11963,21:14:26,0.084,0.490,0,0,eGFP2
11964,21:14:27,0.095,0.490,0,0,eGFP2
11965,21:14:27,0.084,0.468,0,0,eGFP2
11966,21:14:28,0.083,0.610,0,0,eGFP2
11967,21:14:28,0.106,0.589,0,0,eGFP2
11968,21:14:29,0.085,0.502,0,0,eGFP2
11969,21:14:29,0.084,0.446,0,0,eGFP2
11970,21:14:30,0.084,0.523,0,0,eGFP2
11971,21:14:31,0.128,0.775,0,0,eGFP2
11972,21:14:31,0.107,0.546,0,0,eGFP2
11973,21:14:32,0.084,0.468,0,0,eGFP2
11974,21:14:32,0.084,0.512,0,0,eGFP2
11975,21:14:33,0.084,0.501,0,0,eGFP2
11976,21:14:33,0.097,0.678,0,0,eGFP2
11977,21:14:34,0.150,0.710,0,0,eGFP2
11978,21:14:35,0.094,0.522,0,0,eGFP2
11979,21:14:35,0.095,0.611,0,0,eGFP2
11980,21:14:36,0.128,0.797,0,0,eGFP2
11981,21:14:37,0.150,0.786,0,0,eGFP2
11982,21:14:37,0.106,0.666,0,0,eGFP2
11983,21:14:38,0.117,0.578,0,0,eGFP2
11984,21:14:38,0.086,0.459,0,0,eGFP2
11985,21:14:39,0.074,0.470,0,0,eGFP2
11986,21:14:40,0.094,0.720,0,0,eGFP2
11987,21:14:40,0.188,0.847,0,0,eGFP2
11988,21:14:41,0.105,0.566,0,0,eGFP2
11989,21:14:42,0.083,0.489,0,0,eGFP2
11990,21:14:42,0.083,0.434,0,0,eGFP2
11991,21:14:42,0.073,0.468,0,0,eGFP2
11992,21:14:43,0.107,0.930,0,0,eGFP2
11993,21:14:44,0.204,0.884,0,0,eGFP2
11994,21:14:45,0.105,0.533,0,0,eGFP2
11995,21:14:45,0.084,0.457,0,0,eGFP2
11996,21:14:46,0.072,0.434,0,0,eGFP2
11997,21:14:47,0.094,0.907,0,0,eGFP2
11998,21:14:47,0.160,0.774,0,0,eGFP2
11999,21:14:48,0.107,0.557,0,0,eGFP2
12000,21:14:48,0.083,0.500,0,0,eGFP2
12001,21:14:49,0.085,0.612,0,0,eGFP2
12002,21:14:50,0.127,0.632,0,0,eGFP2
12003,21:14:50,0.095,0.544,0,0,eGFP2
12004,21:14:51,0.106,0.644,0,0,eGFP2
12005,21:14:51,0.127,0.654,0,0,eGFP2
12006,21:14:52,0.094,0.511,0,0,eGFP2
12007,21:14:52,0.073,0.435,0,0,eGFP2
12008,21:14:53,0.083,0.588,0,0,eGFP2
12009,21:14:54,0.162,0.864,0,0,eGFP2
12010,21:14:55,0.106,0.632,0,0,eGFP2
12011,21:14:55,0.128,0.665,0,0,eGFP2
12012,21:14:56,0.108,0.667,0,0,eGFP2
12013,21:14:56,0.106,0.610,0,0,eGFP2
12014,21:14:57,0.128,1.017,0,0,eGFP2
12015,21:14:58,0.160,0.698,0,0,eGFP2
12016,21:14:59,0.094,0.511,0,0,eGFP2
12017,21:14:59,0.075,0.448,0,0,eGFP2
12018,21:15:00,0.083,0.478,0,0,eGFP2
12019,21:15:00,0.084,0.501,0,0,eGFP2
12020,21:15:01,0.094,0.588,0,0,eGFP2
12021,21:15:01,0.140,0.699,0,0,eGFP2
12022,21:15:02,0.084,0.545,0,0,eGFP2
12023,21:15:03,0.105,0.731,0,0,eGFP2
12024,21:15:04,0.182,0.994,0,0,eGFP2
12025,21:15:04,0.097,0.580,0,0,eGFP2
12026,21:15:05,0.085,0.458,0,0,eGFP2
12027,21:15:05,0.073,0.479,0,0,eGFP2
12028,21:15:06,0.094,0.621,0,0,eGFP2
12029,21:15:06,0.117,0.545,0,0,eGFP2
12030,21:15:07,0.072,0.435,0,0,eGFP2
12031,21:15:07,0.083,0.676,0,0,eGFP2
12032,21:15:08,0.248,0.994,0,0,eGFP2
12033,21:15:09,0.130,0.646,0,0,eGFP2
12034,21:15:10,0.105,0.676,0,0,eGFP2
12035,21:15:10,0.117,0.599,0,0,eGFP2
12036,21:15:11,0.095,0.490,0,0,eGFP2
12037,21:15:11,0.084,0.501,0,0,eGFP2
12038,21:15:12,0.106,0.786,0,0,eGFP2
12039,21:15:13,0.162,0.755,0,0,eGFP2
12040,21:15:13,0.095,0.468,0,0,eGFP2
12041,21:15:14,0.075,0.470,0,0,eGFP2
12042,21:15:14,0.083,0.478,0,0,eGFP2
12043,21:15:15,0.095,0.567,0,0,eGFP2
12044,21:15:16,0.117,0.764,0,0,eGFP2
12045,21:15:16,0.117,0.622,0,0,eGFP2
12046,21:15:17,0.106,0.644,0,0,eGFP2
12047,21:15:18,0.105,0.709,0,0,eGFP2
12048,21:15:18,0.139,0.742,0,0,eGFP2
12049,21:15:19,0.108,0.613,0,0,eGFP2
12050,21:15:20,0.106,0.610,0,0,eGFP2
12051,21:15:20,0.100,0.605,0,0,eGFP2
12052,21:15:21,0.094,0.599,0,0,eGFP2
12053,21:15:21,0.106,0.556,0,0,eGFP2
12054,21:15:23,0.094,2.114,0,0,eGFP2
12055,21:15:24,0.105,0.533,0,0,eGFP2
12056,21:15:25,0.083,0.511,0,0,eGFP2
12057,21:15:25,0.107,0.601,0,0,eGFP2
12058,21:15:26,0.094,0.467,0,0,eGFP2
12059,21:15:26,0.083,0.456,0,0,eGFP2
12060,21:15:27,0.084,0.654,0,0,eGFP2
12061,21:15:27,0.127,0.643,0,0,eGFP2
12062,21:15:28,0.095,0.533,0,0,eGFP2
12063,21:15:28,0.095,0.622,0,0,eGFP2
12064,21:15:29,0.149,0.763,0,0,eGFP2
12065,21:15:30,0.084,0.490,0,0,eGFP2
12066,21:15:31,0.086,0.799,0,0,eGFP2
12067,21:15:32,0.292,1.313,0,0,eGFP2
12068,21:15:32,0.105,0.533,0,0,eGFP2
12069,21:15:34,0.083,1.148,0,0,eGFP2
12070,21:15:35,0.588,1.323,0,0,eGFP2
12071,21:15:36,0.106,0.654,0,0,eGFP2
12072,21:15:36,0.106,0.545,0,0,eGFP2
12073,21:15:37,0.072,0.456,0,0,eGFP2
12074,21:15:37,0.096,0.711,0,0,eGFP2
12075,21:15:38,0.138,0.676,0,0,eGFP2
12076,21:15:38,0.083,0.489,0,0,eGFP2
12077,21:15:40,0.095,1.927,0,0,eGFP2
12078,21:17:34,0.183,113.698,0,0,eGFP2
12079,21:17:36,0.215,2.180,0,0,eGFP2
12080,21:17:37,0.290,1.245,0,0,eGFP2
12081,21:17:39,0.204,1.389,0,0,eGFP2
12082,21:17:40,0.228,0.864,0,0,eGFP2
12083,21:17:42,0.106,2.147,0,0,eGFP2
12084,21:17:42,0.106,0.545,0,0,eGFP2
12085,21:17:43,0.094,0.577,0,0,eGFP2
12086,21:17:44,0.138,1.049,0,0,eGFP2
12087,21:17:45,0.183,1.247,0,0,eGFP2
12088,21:17:46,0.139,0.863,0,0,eGFP2
12089,21:17:49,1.422,2.443,0,0,eGFP2
12090,21:17:50,0.184,1.314,0,0,eGFP2
12091,21:17:51,0.139,0.698,0,0,eGFP2
12092,21:17:53,1.434,2.037,0,0,eGFP2
12093,21:17:53,0.108,0.525,0,0,eGFP2
12094,21:17:54,0.072,0.467,0,0,eGFP2
12095,21:17:54,0.084,0.479,0,0,eGFP2
12096,21:17:55,0.084,0.435,0,0,eGFP2
12097,21:17:55,0.084,0.589,0,0,eGFP2
12098,21:17:56,0.118,0.568,0,0,eGFP2
12099,21:17:56,0.083,0.468,0,0,eGFP2
12100,21:17:57,0.094,0.709,0,0,eGFP2
12101,21:17:57,0.127,0.610,0,0,eGFP2
12102,21:17:58,0.084,0.457,0,0,eGFP2
12103,21:17:58,0.073,0.457,0,0,eGFP2
12104,21:17:59,0.084,0.534,0,0,eGFP2
12105,21:17:59,0.094,0.501,0,0,eGFP2
12106,21:18:00,0.076,0.460,0,0,eGFP2
12107,21:18:01,0.095,0.709,0,0,eGFP2
12108,21:18:01,0.139,0.644,0,0,eGFP2
12109,21:18:02,0.094,0.522,0,0,eGFP2
12110,21:18:02,0.095,0.721,0,0,eGFP2
12111,21:18:03,0.171,0.940,0,0,eGFP2
12112,21:18:04,0.160,0.874,0,0,eGFP2
12113,21:18:05,0.094,0.522,0,0,eGFP2
12114,21:18:05,0.069,0.475,0,0,eGFP2
12115,21:18:06,0.094,0.610,0,0,eGFP2
12116,21:18:06,0.105,0.533,0,0,eGFP2
12117,21:18:07,0.083,0.467,0,0,eGFP2
12118,21:18:07,0.072,0.478,0,0,eGFP2
12119,21:18:08,0.083,0.522,0,0,eGFP2
12120,21:18:08,0.096,0.601,0,0,eGFP2
12121,21:18:09,0.116,0.599,0,0,eGFP2
12122,21:18:10,0.084,0.491,0,0,eGFP2
12123,21:18:10,0.094,0.522,0,0,eGFP2
12124,21:18:11,0.083,0.511,0,0,eGFP2
12125,21:18:11,0.083,0.489,0,0,eGFP2
12126,21:18:12,0.094,0.555,0,0,eGFP2
12127,21:18:12,0.094,0.599,0,0,eGFP2
12128,21:18:13,0.116,0.665,0,0,eGFP2
12129,21:18:14,0.116,0.786,0,0,eGFP2
12130,21:18:14,0.160,0.763,0,0,eGFP2
12131,21:18:15,0.107,0.546,0,0,eGFP2
12132,21:18:15,0.084,0.479,0,0,eGFP2
12133,21:18:16,0.085,0.491,0,0,eGFP2
12134,21:18:16,0.083,0.489,0,0,eGFP2
12135,21:18:17,0.084,0.479,0,0,eGFP2
12136,21:18:17,0.083,0.511,0,0,eGFP2
12137,21:18:18,0.095,0.720,0,0,eGFP2
12138,21:18:19,0.139,0.731,0,0,eGFP2
12139,21:18:19,0.100,0.528,0,0,eGFP2
12140,21:18:20,0.083,0.478,0,0,eGFP2
12141,21:18:20,0.073,0.468,0,0,eGFP2
12142,21:18:21,0.083,0.610,0,0,eGFP2
12143,21:18:22,0.138,0.797,0,0,eGFP2
12144,21:18:22,0.127,0.599,0,0,eGFP2
12145,21:18:23,0.095,0.654,0,0,eGFP2
12146,21:18:24,0.106,0.578,0,0,eGFP2
12147,21:18:24,0.086,0.504,0,0,eGFP2
12148,21:18:25,0.094,0.478,0,0,eGFP2
12149,21:18:25,0.084,0.457,0,0,eGFP2
12150,21:18:26,0.084,0.852,0,0,eGFP2
12151,21:18:27,0.171,0.852,0,0,eGFP2
12152,21:18:27,0.138,0.698,0,0,eGFP2
12153,21:18:28,0.095,0.501,0,0,eGFP2
12154,21:18:29,0.083,0.533,0,0,eGFP2
12155,21:18:29,0.097,0.568,0,0,eGFP2
12156,21:18:30,0.117,0.655,0,0,eGFP2
12157,21:18:30,0.116,0.720,0,0,eGFP2
12158,21:18:31,0.117,0.676,0,0,eGFP2
12159,21:18:32,0.106,0.545,0,0,eGFP2
12160,21:18:32,0.085,0.557,0,0,eGFP2
12161,21:18:33,0.104,0.719,0,0,eGFP2
12162,21:18:34,0.149,0.906,0,0,eGFP2
12163,21:18:37,0.183,2.883,0,0,eGFP2
12164,21:18:38,0.193,0.950,0,0,eGFP2
12165,21:18:39,0.160,0.862,0,0,eGFP2
12166,21:18:39,0.128,0.687,0,0,eGFP2
12167,21:18:40,0.105,0.544,0,0,eGFP2
12168,21:18:40,0.084,0.435,0,0,eGFP2
12169,21:18:41,0.072,0.423,0,0,eGFP2
12170,21:18:41,0.083,0.599,0,0,eGFP2
12171,21:18:42,0.118,0.678,0,0,eGFP2
12172,21:18:42,0.105,0.588,0,0,eGFP2
12173,21:18:43,0.083,0.467,0,0,eGFP2
12174,21:18:43,0.074,0.425,0,0,eGFP2
12175,21:18:44,0.072,0.555,0,0,eGFP2
12176,21:18:45,0.106,0.556,0,0,eGFP2
12177,21:18:45,0.072,0.478,0,0,eGFP2
12178,21:18:46,0.094,0.654,0,0,eGFP2
12179,21:18:46,0.118,0.666,0,0,eGFP2
12180,21:18:47,0.107,0.513,0,0,eGFP2
12181,21:18:47,0.083,0.456,0,0,eGFP2
12182,21:18:48,0.084,0.589,0,0,eGFP2
12183,21:18:49,0.127,0.654,0,0,eGFP2
12184,21:18:49,0.083,0.489,0,0,eGFP2
12185,21:18:50,0.095,0.533,0,0,eGFP2
12186,21:18:50,0.117,0.797,0,0,eGFP2
12187,21:18:51,0.140,0.755,0,0,eGFP2
12188,21:18:52,0.126,0.652,0,0,eGFP2
12189,21:18:52,0.095,0.457,0,0,eGFP2
12190,21:18:53,0.072,0.467,0,0,eGFP2
12191,21:18:53,0.106,0.786,0,0,eGFP2
12192,21:18:54,0.139,0.665,0,0,eGFP2
12193,21:18:55,0.106,0.665,0,0,eGFP2
12194,21:18:55,0.106,0.545,0,0,eGFP2
12195,21:18:56,0.083,0.489,0,0,eGFP2
12196,21:18:56,0.097,0.569,0,0,eGFP2
12197,21:18:57,0.138,0.917,0,0,eGFP2
12198,21:18:59,0.150,1.346,0,0,eGFP2
12199,21:19:00,0.237,1.005,0,0,eGFP2
12200,21:19:00,0.139,0.654,0,0,eGFP2
12201,21:19:01,0.108,0.634,0,0,eGFP2
12202,21:19:01,0.095,0.545,0,0,eGFP2
12203,21:19:02,0.084,0.457,0,0,eGFP2
12204,21:19:02,0.074,0.447,0,0,eGFP2
12205,21:19:03,0.073,0.479,0,0,eGFP2
12206,21:19:04,0.083,0.720,0,0,eGFP2
12207,21:19:04,0.117,0.599,0,0,eGFP2
12208,21:19:05,0.106,0.523,0,0,eGFP2
12209,21:19:05,0.095,0.545,0,0,eGFP2
12210,21:19:06,0.083,0.555,0,0,eGFP2
12211,21:19:06,0.095,0.589,0,0,eGFP2
12212,21:19:07,0.096,0.645,0,0,eGFP2
12213,21:19:08,0.117,0.786,0,0,eGFP2
12214,21:19:09,0.129,0.700,0,0,eGFP2
12215,21:19:09,0.095,0.501,0,0,eGFP2
12216,21:19:10,0.073,0.511,0,0,eGFP2
12217,21:19:10,0.095,0.611,0,0,eGFP2
12218,21:19:11,0.117,0.720,0,0,eGFP2
12219,21:19:11,0.106,0.556,0,0,eGFP2
12220,21:19:12,0.086,0.557,0,0,eGFP2
12221,21:19:13,0.106,0.666,0,0,eGFP2
12222,21:19:13,0.106,0.545,0,0,eGFP2
12223,21:19:14,0.084,0.468,0,0,eGFP2
12224,21:19:14,0.078,0.473,0,0,eGFP2
12225,21:19:15,0.083,0.511,0,0,eGFP2
12226,21:19:15,0.105,0.752,0,0,eGFP2
12227,21:19:16,0.160,0.753,0,0,eGFP2
12228,21:19:17,0.119,0.635,0,0,eGFP2
12229,21:19:17,0.105,0.522,0,0,eGFP2
12230,21:19:18,0.083,0.511,0,0,eGFP2
12231,21:19:18,0.094,0.522,0,0,eGFP2
12232,21:19:19,0.094,0.533,0,0,eGFP2
12233,21:19:20,0.106,0.786,0,0,eGFP2
12234,21:19:21,0.138,0.939,0,0,eGFP2
12235,21:19:21,0.149,0.731,0,0,eGFP2
12236,21:19:22,0.107,0.568,0,0,eGFP2
12237,21:19:22,0.083,0.511,0,0,eGFP2
12238,21:19:23,0.083,0.533,0,0,eGFP2
12239,21:19:24,0.105,0.566,0,0,eGFP2
12240,21:19:24,0.083,0.500,0,0,eGFP2
12241,21:19:25,0.096,0.546,0,0,eGFP2
12242,21:19:25,0.116,0.742,0,0,eGFP2
12243,21:19:26,0.149,0.808,0,0,eGFP2
12244,21:19:27,0.139,1.006,0,0,eGFP2
12245,21:19:28,0.128,0.709,0,0,eGFP2
12246,21:19:28,0.116,0.654,0,0,eGFP2
12247,21:19:29,0.106,0.566,0,0,eGFP2
12248,21:19:30,0.095,0.589,0,0,eGFP2
12249,21:19:30,0.138,0.796,0,0,eGFP2
12250,21:19:31,0.128,0.665,0,0,eGFP2
12251,21:19:32,0.117,0.797,0,0,eGFP2
12252,21:19:33,0.171,0.775,0,0,eGFP2
12253,21:19:33,0.107,0.535,0,0,eGFP2
12254,21:19:34,0.083,0.500,0,0,eGFP2
12255,21:19:34,0.085,0.579,0,0,eGFP2
12256,21:19:35,0.095,0.567,0,0,eGFP2
12257,21:19:35,0.094,0.599,0,0,eGFP2
12258,21:19:36,0.105,0.522,0,0,eGFP2
12259,21:19:36,0.084,0.446,0,0,eGFP2
12260,21:19:37,0.073,0.457,0,0,eGFP2
12261,21:19:37,0.085,0.469,0,0,eGFP2
12262,21:19:38,0.083,0.457,0,0,eGFP2
12263,21:19:38,0.083,0.478,0,0,eGFP2
12264,21:19:40,0.106,1.873,0,0,eGFP2
12265,21:19:41,0.160,0.796,0,0,eGFP2
12266,21:19:42,0.106,0.611,0,0,eGFP2
12267,21:19:42,0.094,0.588,0,0,eGFP2
12268,21:19:43,0.107,0.590,0,0,eGFP2
12269,21:19:43,0.086,0.514,0,0,eGFP2
12270,21:19:44,0.094,0.720,0,0,eGFP2
12271,21:19:45,0.116,0.566,0,0,eGFP2
12272,21:19:45,0.084,0.578,0,0,eGFP2
12273,21:19:47,0.259,1.675,0,0,eGFP2
12274,21:19:47,0.094,0.632,0,0,eGFP2
12275,21:19:52,0.490,4.133,0,0,eGFP2
12276,21:19:52,0.226,0.797,0,0,eGFP2
12277,21:19:53,0.129,0.623,0,0,eGFP2
12278,21:19:54,0.238,1.061,0,0,eGFP2
12279,21:19:57,0.610,3.288,0,0,eGFP2
12280,21:19:59,0.523,1.258,0,0,eGFP2
12281,21:20:00,0.138,1.104,0,0,eGFP2
12282,21:20:01,0.141,0.964,0,0,eGFP2
12283,21:20:01,0.116,0.709,0,0,eGFP2
12284,21:20:05,0.117,3.639,0,0,eGFP2
12285,21:20:06,0.250,0.887,0,0,eGFP2
12286,21:20:07,0.139,0.698,0,0,eGFP2
12287,21:20:07,0.084,0.468,0,0,eGFP2
12288,21:20:07,0.067,0.418,0,0,eGFP2
12289,21:20:08,0.072,0.456,0,0,eGFP2
12290,21:20:08,0.094,0.555,0,0,eGFP2
12291,21:20:09,0.094,0.577,0,0,eGFP2
12292,21:20:10,0.094,0.489,0,0,eGFP2
12293,21:20:10,0.085,0.513,0,0,eGFP2
12294,21:20:11,0.116,0.939,0,0,eGFP2
12295,21:20:12,0.677,1.489,0,0,eGFP2
12296,21:20:13,0.106,0.545,0,0,eGFP2
12297,21:20:14,0.094,0.522,0,0,eGFP2
12298,21:20:14,0.083,0.522,0,0,eGFP2
12299,21:20:15,0.083,0.467,0,0,eGFP2
12300,21:20:15,0.083,0.489,0,0,eGFP2
12301,21:20:16,0.096,0.656,0,0,eGFP2
12302,21:20:16,0.094,0.621,0,0,eGFP2
12303,21:20:17,0.116,0.676,0,0,eGFP2
12304,21:20:18,0.105,0.566,0,0,eGFP2
12305,21:20:18,0.094,0.500,0,0,eGFP2
12306,21:20:19,0.083,0.500,0,0,eGFP2
12307,21:20:19,0.084,0.731,0,0,eGFP2
12308,21:20:20,0.149,0.841,0,0,eGFP2
12309,21:20:21,0.152,0.679,0,0,eGFP2
12310,21:20:21,0.083,0.511,0,0,eGFP2
12311,21:20:22,0.083,0.446,0,0,eGFP2
12312,21:20:22,0.072,0.445,0,0,eGFP2
12313,21:20:26,0.116,3.398,0,0,eGFP2
12314,21:20:26,0.127,0.610,0,0,eGFP2
12315,21:20:27,0.094,0.555,0,0,eGFP2
12316,21:20:27,0.094,0.511,0,0,eGFP2
12317,21:20:28,0.084,0.501,0,0,eGFP2
12318,21:20:28,0.096,0.655,0,0,eGFP2
12319,21:20:29,0.117,0.589,0,0,eGFP2
12320,21:20:29,0.083,0.467,0,0,eGFP2
12321,21:20:30,0.084,0.490,0,0,eGFP2
12322,21:20:31,0.096,0.688,0,0,eGFP2
12323,21:20:31,0.106,0.556,0,0,eGFP2
12324,21:20:32,0.083,0.489,0,0,eGFP2
12325,21:20:32,0.084,0.468,0,0,eGFP2
12326,21:20:33,0.074,0.447,0,0,eGFP2
12327,21:20:33,0.084,0.556,0,0,eGFP2
12328,21:20:34,0.116,0.829,0,0,eGFP2
12329,21:20:35,0.172,0.830,0,0,eGFP2
12330,21:20:35,0.095,0.545,0,0,eGFP2
12331,21:20:36,0.094,0.500,0,0,eGFP2
12332,21:20:36,0.073,0.457,0,0,eGFP2
12333,21:20:37,0.073,0.479,0,0,eGFP2
12334,21:20:37,0.085,0.535,0,0,eGFP2
12335,21:20:38,0.095,0.600,0,0,eGFP2
12336,21:20:39,0.104,0.576,0,0,eGFP2
12337,21:20:39,0.105,0.687,0,0,eGFP2
12338,21:20:40,0.127,0.632,0,0,eGFP2
12339,21:20:41,0.106,0.698,0,0,eGFP2
12340,21:20:41,0.106,0.589,0,0,eGFP2
12341,21:20:42,0.095,0.533,0,0,eGFP2
12342,21:20:42,0.086,0.470,0,0,eGFP2
12343,21:20:43,0.095,0.654,0,0,eGFP2
12344,21:20:44,0.139,1.050,0,0,eGFP2
12345,21:21:43,1.005,59.431,0,0,eGFP2
12346,21:21:45,0.501,1.236,0,0,eGFP2
12347,21:21:45,0.128,0.764,0,0,eGFP2
12348,21:21:46,0.106,0.545,0,0,eGFP2
12349,21:21:46,0.085,0.524,0,0,eGFP2
12350,21:21:47,0.097,0.536,0,0,eGFP2
12351,21:21:47,0.089,0.528,0,0,eGFP2
12352,21:21:48,0.094,0.588,0,0,eGFP2
12353,21:21:49,0.105,0.599,0,0,eGFP2
12354,21:21:49,0.083,0.478,0,0,eGFP2
12355,21:21:50,0.083,0.533,0,0,eGFP2
12356,21:21:50,0.116,0.643,0,0,eGFP2
12357,21:21:51,0.105,0.489,0,0,eGFP2
12358,21:21:51,0.074,0.403,0,0,eGFP2
12359,21:21:52,0.061,0.402,0,0,eGFP2
12360,21:21:52,0.072,0.434,0,0,eGFP2
12361,21:21:52,0.072,0.412,0,0,eGFP2
12362,21:21:53,0.066,0.407,0,0,eGFP2
12363,21:21:53,0.072,0.511,0,0,eGFP2
12364,21:21:54,0.116,0.654,0,0,eGFP2
12365,21:21:55,0.105,0.577,0,0,eGFP2
12366,21:21:55,0.084,0.523,0,0,eGFP2
12367,21:21:56,0.084,0.523,0,0,eGFP2
12368,21:21:56,0.094,0.544,0,0,eGFP2
12369,21:21:57,0.105,0.643,0,0,eGFP2
12370,21:21:57,0.105,0.522,0,0,eGFP2
12371,21:21:58,0.083,0.478,0,0,eGFP2
12372,21:21:58,0.095,0.566,0,0,eGFP2
12373,21:21:59,0.128,0.709,0,0,eGFP2
12374,21:22:00,0.118,0.667,0,0,eGFP2
12375,21:22:00,0.105,0.522,0,0,eGFP2
12376,21:22:01,0.085,0.469,0,0,eGFP2
12377,21:22:01,0.073,0.490,0,0,eGFP2
12378,21:22:02,0.094,0.555,0,0,eGFP2
12379,21:22:02,0.094,0.643,0,0,eGFP2
12380,21:22:03,0.127,0.709,0,0,eGFP2
12381,21:22:04,0.105,0.709,0,0,eGFP2
12382,21:22:05,0.182,1.225,0,0,eGFP2
12383,21:22:06,0.217,0.952,0,0,eGFP2
12384,21:22:07,0.105,0.544,0,0,eGFP2
12385,21:22:07,0.106,0.589,0,0,eGFP2
12386,21:22:08,0.094,0.533,0,0,eGFP2
12387,21:22:08,0.095,0.523,0,0,eGFP2
12388,21:22:09,0.083,0.467,0,0,eGFP2
12389,21:22:09,0.075,0.437,0,0,eGFP2
12390,21:22:10,0.072,0.533,0,0,eGFP2
12391,21:22:10,0.141,0.722,0,0,eGFP2
12392,21:22:11,0.106,0.578,0,0,eGFP2
12393,21:22:12,0.105,0.632,0,0,eGFP2
12394,21:22:12,0.106,0.545,0,0,eGFP2
12395,21:22:13,0.083,0.457,0,0,eGFP2
12396,21:22:13,0.083,0.456,0,0,eGFP2
12397,21:22:13,0.084,0.468,0,0,eGFP2
12398,21:22:14,0.084,0.501,0,0,eGFP2
12399,21:22:15,0.097,0.612,0,0,eGFP2
12400,21:22:15,0.128,0.732,0,0,eGFP2
12401,21:22:16,0.116,0.698,0,0,eGFP2
12402,21:22:17,0.106,0.654,0,0,eGFP2
12403,21:22:17,0.097,0.525,0,0,eGFP2
12404,21:22:18,0.073,0.457,0,0,eGFP2
12405,21:22:18,0.072,0.478,0,0,eGFP2
12406,21:22:19,0.095,0.798,0,0,eGFP2
12407,21:22:20,0.151,0.864,0,0,eGFP2
12408,21:22:20,0.117,0.611,0,0,eGFP2
12409,21:22:21,0.095,0.567,0,0,eGFP2
12410,21:22:22,0.095,0.545,0,0,eGFP2
12411,21:22:22,0.094,0.511,0,0,eGFP2
12412,21:22:23,0.095,0.567,0,0,eGFP2
12413,21:22:23,0.106,0.567,0,0,eGFP2
12414,21:22:24,0.090,0.583,0,0,eGFP2
12415,21:22:24,0.107,0.634,0,0,eGFP2
12416,21:22:25,0.107,0.666,0,0,eGFP2
12417,21:22:26,0.095,0.501,0,0,eGFP2
12418,21:22:26,0.083,0.566,0,0,eGFP2
12419,21:22:27,0.149,0.939,0,0,eGFP2
12420,21:22:28,0.182,1.137,0,0,eGFP2
12421,21:22:29,0.127,0.632,0,0,eGFP2
12422,21:22:29,0.083,0.478,0,0,eGFP2
12423,21:22:30,0.085,0.502,0,0,eGFP2
12424,21:22:30,0.105,0.599,0,0,eGFP2
12425,21:22:31,0.095,0.523,0,0,eGFP2
12426,21:22:32,0.094,0.621,0,0,eGFP2
12427,21:22:32,0.116,0.632,0,0,eGFP2
12428,21:22:33,0.116,0.676,0,0,eGFP2
12429,21:22:34,0.116,0.709,0,0,eGFP2
12430,21:22:34,0.107,0.590,0,0,eGFP2
12431,21:22:35,0.107,0.634,0,0,eGFP2
12432,21:22:35,0.094,0.500,0,0,eGFP2
12433,21:22:36,0.094,0.555,0,0,eGFP2
12434,21:22:36,0.106,0.633,0,0,eGFP2
12435,21:22:37,0.116,0.610,0,0,eGFP2
12436,21:22:38,0.094,0.621,0,0,eGFP2
12437,21:22:38,0.117,0.709,0,0,eGFP2
12438,21:22:39,0.139,0.764,0,0,eGFP2
12439,21:22:40,0.129,0.788,0,0,eGFP2
12440,21:22:41,0.127,0.698,0,0,eGFP2
12441,21:22:41,0.127,0.654,0,0,eGFP2
12442,21:22:42,0.106,0.731,0,0,eGFP2
12443,21:22:44,0.217,1.578,0,0,eGFP2
12444,21:22:44,0.128,0.742,0,0,eGFP2
12445,21:22:45,0.095,0.523,0,0,eGFP2
12446,21:22:46,0.094,0.742,0,0,eGFP2
12447,21:22:46,0.160,0.786,0,0,eGFP2
12448,21:22:47,0.107,0.546,0,0,eGFP2
12449,21:22:48,0.084,0.709,0,0,eGFP2
12450,21:22:52,0.347,4.078,0,0,eGFP2
12451,21:22:52,0.205,0.754,0,0,eGFP2
12452,21:22:53,0.105,0.566,0,0,eGFP2
12453,21:22:54,0.084,0.457,0,0,eGFP2
12454,21:22:54,0.073,0.413,0,0,eGFP2
12455,21:22:54,0.073,0.435,0,0,eGFP2
12456,21:22:56,0.096,1.819,0,0,eGFP2
12457,21:22:57,0.173,0.920,0,0,eGFP2
12458,21:22:58,0.094,0.511,0,0,eGFP2
12459,21:22:58,0.084,0.457,0,0,eGFP2
12460,21:22:59,0.084,0.446,0,0,eGFP2
12461,21:22:59,0.084,0.567,0,0,eGFP2
12462,21:23:00,0.127,0.654,0,0,eGFP2
12463,21:23:00,0.095,0.490,0,0,eGFP2
12464,21:23:01,0.075,0.536,0,0,eGFP2
12465,21:23:02,0.127,0.753,0,0,eGFP2
12466,21:23:02,0.106,0.578,0,0,eGFP2
12467,21:23:03,0.083,0.467,0,0,eGFP2
12468,21:23:03,0.084,0.534,0,0,eGFP2
12469,21:23:04,0.128,0.655,0,0,eGFP2
12470,21:23:04,0.107,0.524,0,0,eGFP2
12471,21:23:05,0.084,0.469,0,0,eGFP2
12472,21:23:05,0.074,0.513,0,0,eGFP2
12473,21:23:06,0.117,0.797,0,0,eGFP2
12474,21:23:07,0.128,0.644,0,0,eGFP2
12475,21:23:07,0.084,0.523,0,0,eGFP2
12476,21:23:08,0.084,0.479,0,0,eGFP2
12477,21:23:08,0.078,0.462,0,0,eGFP2
12478,21:23:09,0.073,0.577,0,0,eGFP2
12479,21:23:09,0.106,0.654,0,0,eGFP2
12480,21:23:10,0.096,0.601,0,0,eGFP2
12481,21:23:11,0.094,0.533,0,0,eGFP2
12482,21:23:11,0.084,0.468,0,0,eGFP2
12483,21:23:11,0.072,0.500,0,0,eGFP2
12484,21:23:12,0.107,0.809,0,0,eGFP2
12485,21:23:13,0.138,0.775,0,0,eGFP2
12486,21:23:14,0.127,0.698,0,0,eGFP2
12487,21:23:14,0.116,0.719,0,0,eGFP2
12488,21:23:15,0.118,0.799,0,0,eGFP2
12489,21:23:16,0.127,0.643,0,0,eGFP2
12490,21:23:16,0.083,0.500,0,0,eGFP2
12491,21:23:17,0.094,0.489,0,0,eGFP2
12492,21:23:17,0.073,0.457,0,0,eGFP2
12493,21:23:18,0.094,0.786,0,0,eGFP2
12494,21:23:19,0.149,0.709,0,0,eGFP2
12495,21:23:19,0.105,0.610,0,0,eGFP2
12496,21:23:20,0.107,0.535,0,0,eGFP2
12497,21:23:21,0.074,0.491,0,0,eGFP2
12498,21:23:21,0.094,0.621,0,0,eGFP2
12499,21:23:22,0.116,0.698,0,0,eGFP2
12500,21:23:22,0.105,0.566,0,0,eGFP2
12501,21:23:23,0.095,0.600,0,0,eGFP2
12502,21:23:24,0.127,0.763,0,0,eGFP2
12503,21:23:24,0.117,0.644,0,0,eGFP2
12504,21:23:25,0.107,0.535,0,0,eGFP2
12505,21:23:25,0.094,0.522,0,0,eGFP2
12506,21:23:26,0.095,0.589,0,0,eGFP2
12507,21:23:27,0.105,0.698,0,0,eGFP2
12508,21:23:27,0.116,0.709,0,0,eGFP2
12509,21:23:28,0.138,0.928,0,0,eGFP2
12510,21:23:29,0.139,0.720,0,0,eGFP2
12511,21:23:30,0.108,0.568,0,0,eGFP2
12512,21:23:30,0.095,0.501,0,0,eGFP2
12513,21:23:31,0.085,0.458,0,0,eGFP2
12514,21:23:31,0.084,0.435,0,0,eGFP2
12515,21:23:32,0.084,0.611,0,0,eGFP2
12516,21:23:32,0.149,0.731,0,0,eGFP2
12517,21:23:33,0.094,0.533,0,0,eGFP2
12518,21:23:34,0.095,0.699,0,0,eGFP2
12519,21:23:34,0.105,0.599,0,0,eGFP2
12520,21:23:35,0.117,0.687,0,0,eGFP2
12521,21:23:36,0.108,0.624,0,0,eGFP2
12522,21:23:36,0.116,0.621,0,0,eGFP2
12523,21:23:37,0.106,0.698,0,0,eGFP2
12524,21:23:38,0.162,0.909,0,0,eGFP2
12525,21:23:39,0.149,0.797,0,0,eGFP2
12526,21:23:39,0.128,0.841,0,0,eGFP2
12527,21:23:40,0.128,0.764,0,0,eGFP2
12528,21:23:41,0.106,0.567,0,0,eGFP2
12529,21:23:41,0.096,0.700,0,0,eGFP2
12530,21:23:42,0.105,0.599,0,0,eGFP2
12531,21:23:43,0.095,0.666,0,0,eGFP2
12532,21:23:43,0.127,0.676,0,0,eGFP2
12533,21:23:44,0.106,0.589,0,0,eGFP2
12534,21:23:44,0.084,0.501,0,0,eGFP2
12535,21:23:45,0.083,0.479,0,0,eGFP2
12536,21:23:46,0.083,0.698,0,0,eGFP2
12537,21:23:46,0.173,0.821,0,0,eGFP2
12538,21:23:47,0.129,0.755,0,0,eGFP2
12539,21:23:48,0.117,0.709,0,0,eGFP2
12540,21:23:49,0.106,0.578,0,0,eGFP2
12541,21:23:49,0.100,0.550,0,0,eGFP2
12542,21:23:50,0.094,0.533,0,0,eGFP2
12543,21:23:50,0.094,0.621,0,0,eGFP2
12544,21:23:51,0.138,0.994,0,0,eGFP2
12545,21:23:52,0.150,0.721,0,0,eGFP2
12546,21:23:52,0.105,0.555,0,0,eGFP2
12547,21:23:53,0.094,0.489,0,0,eGFP2
12548,21:23:53,0.073,0.457,0,0,eGFP2
12549,21:23:54,0.083,0.599,0,0,eGFP2
12550,21:23:55,0.138,0.698,0,0,eGFP2
12551,21:23:55,0.107,0.721,0,0,eGFP2
12552,21:23:56,0.138,0.742,0,0,eGFP2
12553,21:23:57,0.118,0.710,0,0,eGFP2
12554,21:23:58,0.116,0.676,0,0,eGFP2
12555,21:23:58,0.116,0.621,0,0,eGFP2
12556,21:23:59,0.095,0.523,0,0,eGFP2
12557,21:23:59,0.105,0.730,0,0,eGFP2
12558,21:24:00,0.150,0.819,0,0,eGFP2
12559,21:24:01,0.105,0.742,0,0,eGFP2
12560,21:24:02,0.138,0.807,0,0,eGFP2
12561,21:24:02,0.129,0.645,0,0,eGFP2
12562,21:24:03,0.116,0.643,0,0,eGFP2
12563,21:24:04,0.128,1.082,0,0,eGFP2
12564,21:24:05,0.292,1.049,0,0,eGFP2
12565,21:24:06,0.129,0.689,0,0,eGFP2
12566,21:24:07,0.105,0.577,0,0,eGFP2
12567,21:24:07,0.095,0.490,0,0,eGFP2
12568,21:24:08,0.083,0.522,0,0,eGFP2
12569,21:24:08,0.096,0.656,0,0,eGFP2
12570,21:24:09,0.116,0.665,0,0,eGFP2
12571,21:24:09,0.117,0.632,0,0,eGFP2
12572,21:24:10,0.095,0.545,0,0,eGFP2
12573,21:24:11,0.094,0.500,0,0,eGFP2
12574,21:24:11,0.073,0.523,0,0,eGFP2
12575,21:24:12,0.127,0.863,0,0,eGFP2
12576,21:24:13,0.127,0.654,0,0,eGFP2
12577,21:24:13,0.116,0.775,0,0,eGFP2
12578,21:24:14,0.141,0.712,0,0,eGFP2
12579,21:24:15,0.106,0.687,0,0,eGFP2
12580,21:24:15,0.106,0.567,0,0,eGFP2
12581,21:24:16,0.094,0.643,0,0,eGFP2
12582,21:24:17,0.160,0.874,0,0,eGFP2
12583,21:24:18,0.127,0.742,0,0,eGFP2
12584,21:24:18,0.127,0.720,0,0,eGFP2
12585,21:24:19,0.106,0.545,0,0,eGFP2
12586,21:24:19,0.085,0.458,0,0,eGFP2
12587,21:24:20,0.073,0.479,0,0,eGFP2
12588,21:24:21,0.116,0.775,0,0,eGFP2
12589,21:24:23,0.117,2.443,0,0,eGFP2
12590,21:24:25,0.194,1.543,0,0,eGFP2
12591,21:24:25,0.152,0.865,0,0,eGFP2
12592,21:24:28,0.797,2.509,0,0,eGFP2
12593,21:24:29,0.248,0.951,0,0,eGFP2
12594,21:24:30,0.129,0.776,0,0,eGFP2
12595,21:24:30,0.128,0.677,0,0,eGFP2
12596,21:24:31,0.106,0.545,0,0,eGFP2
12597,21:24:31,0.083,0.577,0,0,eGFP2
12598,21:24:32,0.095,0.556,0,0,eGFP2
12599,21:24:33,0.095,0.534,0,0,eGFP2
12600,21:24:33,0.116,0.665,0,0,eGFP2
12601,21:24:34,0.095,0.589,0,0,eGFP2
12602,21:24:35,0.118,0.777,0,0,eGFP2
12603,21:24:35,0.149,0.808,0,0,eGFP2
12604,21:24:36,0.166,0.857,0,0,eGFP2
12605,21:24:37,0.140,0.710,0,0,eGFP2
12606,21:24:37,0.094,0.533,0,0,eGFP2
12607,21:24:38,0.105,0.610,0,0,eGFP2
12608,21:24:39,0.116,0.610,0,0,eGFP2
12609,21:24:39,0.094,0.522,0,0,eGFP2
12610,21:24:40,0.096,0.513,0,0,eGFP2
12611,21:24:42,0.083,2.036,0,0,eGFP2
12612,21:24:43,0.347,1.719,0,0,eGFP2
12613,21:24:44,0.149,0.643,0,0,eGFP2
12614,21:24:45,0.094,0.522,0,0,eGFP2
12615,21:24:45,0.094,0.643,0,0,eGFP2
12616,21:24:46,0.105,0.555,0,0,eGFP2
12617,21:24:46,0.094,0.544,0,0,eGFP2
12618,21:24:47,0.086,0.481,0,0,eGFP2
12619,21:24:47,0.084,0.643,0,0,eGFP2
12620,21:24:48,0.161,0.753,0,0,eGFP2
12621,21:24:49,0.094,0.533,0,0,eGFP2
12622,21:24:49,0.084,0.523,0,0,eGFP2
12623,21:24:50,0.094,0.522,0,0,eGFP2
12624,21:24:50,0.083,0.489,0,0,eGFP2
12625,21:24:51,0.084,0.534,0,0,eGFP2
12626,21:24:52,0.118,0.754,0,0,eGFP2
12627,21:24:52,0.116,0.588,0,0,eGFP2
12628,21:24:53,0.084,0.577,0,0,eGFP2
12629,21:24:53,0.095,0.512,0,0,eGFP2
12630,21:24:54,0.083,0.456,0,0,eGFP2
12631,21:24:54,0.084,0.457,0,0,eGFP2
12632,21:24:55,0.074,0.480,0,0,eGFP2
12633,21:24:55,0.095,0.720,0,0,eGFP2
12634,21:24:56,0.118,0.590,0,0,eGFP2
12635,21:24:57,0.094,0.544,0,0,eGFP2
12636,21:24:57,0.084,0.490,0,0,eGFP2
12637,21:24:58,0.083,0.533,0,0,eGFP2
12638,21:24:58,0.084,0.534,0,0,eGFP2
12639,21:24:59,0.094,0.665,0,0,eGFP2
12640,21:24:59,0.149,0.731,0,0,eGFP2
12641,21:25:00,0.105,0.610,0,0,eGFP2
12642,21:25:01,0.095,0.501,0,0,eGFP2
12643,21:25:01,0.085,0.491,0,0,eGFP2
12644,21:25:02,0.095,1.181,0,0,eGFP2
12645,21:25:03,0.173,0.810,0,0,eGFP2
12646,21:25:04,0.105,0.764,0,0,eGFP2
12647,21:25:04,0.127,0.654,0,0,eGFP2
12648,21:25:05,0.105,0.577,0,0,eGFP2
12649,21:25:06,0.084,0.457,0,0,eGFP2
12650,21:25:06,0.084,0.512,0,0,eGFP2
12651,21:25:07,0.104,0.741,0,0,eGFP2
12652,21:25:07,0.127,0.610,0,0,eGFP2
12653,21:25:08,0.083,0.577,0,0,eGFP2
12654,21:25:09,0.116,0.687,0,0,eGFP2
12655,21:25:09,0.138,0.752,0,0,eGFP2
12656,21:25:10,0.105,0.610,0,0,eGFP2
12657,21:25:11,0.105,0.588,0,0,eGFP2
12658,21:25:11,0.105,0.544,0,0,eGFP2
12659,21:25:12,0.079,0.496,0,0,eGFP2
12660,21:25:12,0.094,0.686,0,0,eGFP2
12661,21:25:13,0.127,0.731,0,0,eGFP2
12662,21:25:14,0.116,0.676,0,0,eGFP2
12663,21:25:14,0.094,0.522,0,0,eGFP2
12664,21:25:15,0.072,0.544,0,0,eGFP2
12665,21:25:15,0.127,0.687,0,0,eGFP2
12666,21:25:16,0.094,0.544,0,0,eGFP2
12667,21:25:17,0.085,0.491,0,0,eGFP2
12668,21:25:17,0.083,0.445,0,0,eGFP2
12669,21:25:17,0.073,0.523,0,0,eGFP2
12670,21:25:18,0.138,0.851,0,0,eGFP2
12671,21:25:19,0.117,0.632,0,0,eGFP2
12672,21:25:20,0.118,0.568,0,0,eGFP2
12673,21:25:20,0.095,0.512,0,0,eGFP2
12674,21:25:21,0.094,0.676,0,0,eGFP2
12675,21:25:21,0.150,0.754,0,0,eGFP2
12676,21:25:22,0.116,0.698,0,0,eGFP2
12677,21:25:23,0.116,0.709,0,0,eGFP2
12678,21:25:24,0.127,0.687,0,0,eGFP2
12679,21:25:24,0.116,0.709,0,0,eGFP2
12680,21:25:25,0.116,0.698,0,0,eGFP2
12681,21:25:26,0.116,0.621,0,0,eGFP2
12682,21:25:26,0.128,0.885,0,0,eGFP2
12683,21:25:28,0.195,1.193,0,0,eGFP2
12684,21:25:28,0.139,0.742,0,0,eGFP2
12685,21:25:29,0.106,0.578,0,0,eGFP2
12686,21:25:30,0.096,0.590,0,0,eGFP2
12687,21:25:30,0.116,0.753,0,0,eGFP2
12688,21:25:31,0.116,0.610,0,0,eGFP2
12689,21:25:32,0.117,0.841,0,0,eGFP2
12690,21:25:33,0.138,0.753,0,0,eGFP2
12691,21:25:33,0.107,0.579,0,0,eGFP2
12692,21:25:34,0.084,0.501,0,0,eGFP2
12693,21:25:34,0.094,0.676,0,0,eGFP2
12694,21:25:35,0.116,0.588,0,0,eGFP2
12695,21:25:36,0.095,0.633,0,0,eGFP2
12696,21:25:36,0.138,0.753,0,0,eGFP2
12697,21:25:37,0.127,0.654,0,0,eGFP2
12698,21:25:38,0.106,0.622,0,0,eGFP2
12699,21:25:38,0.129,0.776,0,0,eGFP2
12700,21:25:39,0.126,0.741,0,0,eGFP2
12701,21:25:40,0.128,0.687,0,0,eGFP2
12702,21:25:40,0.117,0.611,0,0,eGFP2
12703,21:25:41,0.095,0.665,0,0,eGFP2
12704,21:25:42,0.128,0.720,0,0,eGFP2
12705,21:25:42,0.117,0.655,0,0,eGFP2
12706,21:25:43,0.095,0.534,0,0,eGFP2
12707,21:25:44,0.083,0.720,0,0,eGFP2
12708,21:25:45,0.206,1.106,0,0,eGFP2
12709,21:25:46,0.150,0.797,0,0,eGFP2
12710,21:25:46,0.117,0.633,0,0,eGFP2
12711,21:25:47,0.105,0.599,0,0,eGFP2
12712,21:25:47,0.084,0.479,0,0,eGFP2
12713,21:25:48,0.075,0.492,0,0,eGFP2
12714,21:25:48,0.100,0.660,0,0,eGFP2
12715,21:25:49,0.149,0.741,0,0,eGFP2
12716,21:25:50,0.107,0.677,0,0,eGFP2
12717,21:25:51,0.127,0.709,0,0,eGFP2
12718,21:25:51,0.127,0.764,0,0,eGFP2
12719,21:25:52,0.105,0.610,0,0,eGFP2
12720,21:25:53,0.105,0.577,0,0,eGFP2
12721,21:25:53,0.105,0.752,0,0,eGFP2
12722,21:25:54,0.182,0.917,0,0,eGFP2
12723,21:25:55,0.128,0.764,0,0,eGFP2
12724,21:25:56,0.118,0.590,0,0,eGFP2
12725,21:25:56,0.083,0.500,0,0,eGFP2
12726,21:25:57,0.096,0.699,0,0,eGFP2
12727,21:25:58,0.160,0.797,0,0,eGFP2
12728,21:25:58,0.127,0.785,0,0,eGFP2
12729,21:25:59,0.117,0.863,0,0,eGFP2
12730,21:26:00,0.226,1.192,0,0,eGFP2
12731,21:26:01,0.138,0.774,0,0,eGFP2
12732,21:26:02,0.107,0.623,0,0,eGFP2
12733,21:26:03,0.138,0.775,0,0,eGFP2
12734,21:26:03,0.105,0.654,0,0,eGFP2
12735,21:26:04,0.127,0.665,0,0,eGFP2
12736,21:26:04,0.105,0.643,0,0,eGFP2
12737,21:26:05,0.094,0.522,0,0,eGFP2
12738,21:26:06,0.083,0.511,0,0,eGFP2
12739,21:26:06,0.106,0.709,0,0,eGFP2
12740,21:26:07,0.153,0.789,0,0,eGFP2
12741,21:26:08,0.095,0.610,0,0,eGFP2
12742,21:26:08,0.139,0.797,0,0,eGFP2
12743,21:26:09,0.117,0.632,0,0,eGFP2
12744,21:26:10,0.106,0.523,0,0,eGFP2
12745,21:26:10,0.094,0.478,0,0,eGFP2
12746,21:26:11,0.073,0.479,0,0,eGFP2
12747,21:26:11,0.094,0.731,0,0,eGFP2
12748,21:26:12,0.184,1.040,0,0,eGFP2
12749,21:26:13,0.248,1.082,0,0,eGFP2
12750,21:26:14,0.116,0.676,0,0,eGFP2
12751,21:26:15,0.095,0.544,0,0,eGFP2
12752,21:26:15,0.095,0.479,0,0,eGFP2
12753,21:26:16,0.074,0.437,0,0,eGFP2
12754,21:26:16,0.083,0.511,0,0,eGFP2
12755,21:26:17,0.106,0.720,0,0,eGFP2
12756,21:26:17,0.129,0.656,0,0,eGFP2
12757,21:26:18,0.106,0.556,0,0,eGFP2
12758,21:26:19,0.094,0.643,0,0,eGFP2
12759,21:26:19,0.138,0.720,0,0,eGFP2
12760,21:26:20,0.117,0.698,0,0,eGFP2
12761,21:26:21,0.117,0.589,0,0,eGFP2
12762,21:26:21,0.105,0.753,0,0,eGFP2
12763,21:26:22,0.127,0.786,0,0,eGFP2
12764,21:26:23,0.138,0.709,0,0,eGFP2
12765,21:26:24,0.118,0.645,0,0,eGFP2
12766,21:26:24,0.095,0.556,0,0,eGFP2
12767,21:26:25,0.096,0.601,0,0,eGFP2
12768,21:26:25,0.127,0.764,0,0,eGFP2
12769,21:26:26,0.139,0.863,0,0,eGFP2
12770,21:26:27,0.117,0.665,0,0,eGFP2
12771,21:26:28,0.128,0.753,0,0,eGFP2
12772,21:26:28,0.106,0.556,0,0,eGFP2
12773,21:26:29,0.097,0.503,0,0,eGFP2
12774,21:26:29,0.083,0.479,0,0,eGFP2
12775,21:26:30,0.083,0.621,0,0,eGFP2
12776,21:26:31,0.150,0.830,0,0,eGFP2
12777,21:26:31,0.128,0.655,0,0,eGFP2
12778,21:26:32,0.110,0.637,0,0,eGFP2
12779,21:26:33,0.116,0.763,0,0,eGFP2
12780,21:26:34,0.162,0.875,0,0,eGFP2
12781,21:26:34,0.118,0.677,0,0,eGFP2
12782,21:26:35,0.095,0.534,0,0,eGFP2
12783,21:26:35,0.083,0.478,0,0,eGFP2
12784,21:26:36,0.083,0.522,0,0,eGFP2
12785,21:26:37,0.105,0.720,0,0,eGFP2
12786,21:26:38,0.160,0.950,0,0,eGFP2
12787,21:26:39,0.171,1.301,0,0,eGFP2
12788,21:26:40,0.171,0.742,0,0,eGFP2
12789,21:26:40,0.107,0.546,0,0,eGFP2
12790,21:26:41,0.072,0.500,0,0,eGFP2
12791,21:26:42,0.127,1.049,0,0,eGFP2
12792,21:26:42,0.149,0.742,0,0,eGFP2
12793,21:26:43,0.116,0.742,0,0,eGFP2
12794,21:26:44,0.118,0.623,0,0,eGFP2
12795,21:26:44,0.116,0.686,0,0,eGFP2
12796,21:26:45,0.095,0.512,0,0,eGFP2
12797,21:26:45,0.074,0.447,0,0,eGFP2
12798,21:26:46,0.072,0.467,0,0,eGFP2
12799,21:26:46,0.084,0.479,0,0,eGFP2
12800,21:26:47,0.083,0.445,0,0,eGFP2
12801,21:26:47,0.073,0.501,0,0,eGFP2
12802,21:26:48,0.160,1.169,0,0,eGFP2
12803,21:26:50,0.226,1.093,0,0,eGFP2
12804,21:26:51,0.281,1.159,0,0,eGFP2
12805,21:26:51,0.118,0.579,0,0,eGFP2
12806,21:26:52,0.083,0.457,0,0,eGFP2
12807,21:26:52,0.074,0.436,0,0,eGFP2
12808,21:26:53,0.094,0.709,0,0,eGFP2
12809,21:26:53,0.116,0.577,0,0,eGFP2
12810,21:26:54,0.095,0.578,0,0,eGFP2
12811,21:26:55,0.105,0.544,0,0,eGFP2
12812,21:26:55,0.084,0.523,0,0,eGFP2
12813,21:26:56,0.118,0.820,0,0,eGFP2
12814,21:26:57,0.161,0.775,0,0,eGFP2
12815,21:26:57,0.117,0.698,0,0,eGFP2
12816,21:26:58,0.161,0.830,0,0,eGFP2
12817,21:26:59,0.106,0.567,0,0,eGFP2
12818,21:26:59,0.094,0.522,0,0,eGFP2
12819,21:27:00,0.084,0.501,0,0,eGFP2
12820,21:27:01,0.106,0.753,0,0,eGFP2
12821,21:27:02,0.153,1.020,0,0,eGFP2
12822,21:27:02,0.171,0.808,0,0,eGFP2
12823,21:27:03,0.116,0.709,0,0,eGFP2
12824,21:27:04,0.106,0.600,0,0,eGFP2
12825,21:27:04,0.094,0.522,0,0,eGFP2
12826,21:27:05,0.084,0.545,0,0,eGFP2
12827,21:27:06,0.106,0.830,0,0,eGFP2
12828,21:27:06,0.149,0.786,0,0,eGFP2
12829,21:27:07,0.106,0.599,0,0,eGFP2
12830,21:27:08,0.097,0.525,0,0,eGFP2
12831,21:27:08,0.084,0.468,0,0,eGFP2
12832,21:27:08,0.084,0.490,0,0,eGFP2
12833,21:27:09,0.083,0.544,0,0,eGFP2
12834,21:27:10,0.108,0.678,0,0,eGFP2
12835,21:27:10,0.117,0.655,0,0,eGFP2
12836,21:27:11,0.106,0.567,0,0,eGFP2
12837,21:27:11,0.084,0.501,0,0,eGFP2
12838,21:27:12,0.085,0.458,0,0,eGFP2
12839,21:27:12,0.084,0.479,0,0,eGFP2
12840,21:27:13,0.095,0.633,0,0,eGFP2
12841,21:27:14,0.133,0.769,0,0,eGFP2
12842,21:27:14,0.116,0.621,0,0,eGFP2
12843,21:27:15,0.083,0.500,0,0,eGFP2
12844,21:27:15,0.084,0.479,0,0,eGFP2
12845,21:27:16,0.083,0.719,0,0,eGFP2
12846,21:27:17,0.195,0.941,0,0,eGFP2
12847,21:27:18,0.118,0.677,0,0,eGFP2
12848,21:27:18,0.095,0.577,0,0,eGFP2
12849,21:27:19,0.106,0.545,0,0,eGFP2
12850,21:27:19,0.094,0.489,0,0,eGFP2
12851,21:27:20,0.094,0.544,0,0,eGFP2
12852,21:27:20,0.083,0.467,0,0,eGFP2
12853,21:27:21,0.073,0.479,0,0,eGFP2
12854,21:27:22,0.107,0.842,0,0,eGFP2
12855,21:27:22,0.138,0.807,0,0,eGFP2
12856,21:27:23,0.139,0.896,0,0,eGFP2
12857,21:27:24,0.193,0.928,0,0,eGFP2
12858,21:27:25,0.138,0.731,0,0,eGFP2
12859,21:27:26,0.105,0.665,0,0,eGFP2
12860,21:27:26,0.105,0.544,0,0,eGFP2
12861,21:27:27,0.085,0.513,0,0,eGFP2
12862,21:27:27,0.096,0.502,0,0,eGFP2
12863,21:27:28,0.084,0.501,0,0,eGFP2
12864,21:27:29,0.094,0.840,0,0,eGFP2
12865,21:27:29,0.138,0.896,0,0,eGFP2
12866,21:27:30,0.138,0.676,0,0,eGFP2
12867,21:27:31,0.105,0.522,0,0,eGFP2
12868,21:27:31,0.084,0.479,0,0,eGFP2
12869,21:27:32,0.072,0.456,0,0,eGFP2
12870,21:27:32,0.085,0.524,0,0,eGFP2
12871,21:27:33,0.106,0.852,0,0,eGFP2
12872,21:27:34,0.248,1.203,0,0,eGFP2
12873,21:27:35,0.171,0.862,0,0,eGFP2
12874,21:27:38,0.118,2.697,0,0,eGFP2
12875,21:27:41,0.205,3.398,0,0,eGFP2
12876,21:27:42,0.149,0.819,0,0,eGFP2
12877,21:27:43,0.160,0.841,0,0,eGFP2
12878,21:27:43,0.118,0.601,0,0,eGFP2
12879,21:27:44,0.094,0.599,0,0,eGFP2
12880,21:27:45,0.127,0.676,0,0,eGFP2
12881,21:27:46,0.117,1.214,0,0,eGFP2
12882,21:27:48,0.161,1.960,0,0,eGFP2
12883,21:27:49,0.161,0.677,0,0,eGFP2
12884,21:27:49,0.083,0.555,0,0,eGFP2
12885,21:27:50,0.106,0.578,0,0,eGFP2
12886,21:27:50,0.085,0.557,0,0,eGFP2
12887,21:27:51,0.116,0.764,0,0,eGFP2
12888,21:27:52,0.107,0.579,0,0,eGFP2
12889,21:27:52,0.095,0.556,0,0,eGFP2
12890,21:27:53,0.105,0.665,0,0,eGFP2
12891,21:27:53,0.138,0.687,0,0,eGFP2
12892,21:27:54,0.106,0.600,0,0,eGFP2
12893,21:27:55,0.116,0.676,0,0,eGFP2
12894,21:27:55,0.106,0.600,0,0,eGFP2
12895,21:27:56,0.096,0.513,0,0,eGFP2
12896,21:27:56,0.084,0.534,0,0,eGFP2
12897,21:27:57,0.116,0.753,0,0,eGFP2
12898,21:27:58,0.117,0.632,0,0,eGFP2
12899,21:27:58,0.117,0.644,0,0,eGFP2
12900,21:27:59,0.084,0.479,0,0,eGFP2
12901,21:27:59,0.085,0.480,0,0,eGFP2
12902,21:28:00,0.095,0.787,0,0,eGFP2
12903,21:28:01,0.129,0.722,0,0,eGFP2
12904,21:28:02,0.122,0.681,0,0,eGFP2
12905,21:28:02,0.116,0.588,0,0,eGFP2
12906,21:28:03,0.105,0.665,0,0,eGFP2
12907,21:28:04,0.127,0.709,0,0,eGFP2
12908,21:28:04,0.116,0.796,0,0,eGFP2
12909,21:28:05,0.149,0.742,0,0,eGFP2
12910,21:28:06,0.127,0.785,0,0,eGFP2
12911,21:28:06,0.118,0.634,0,0,eGFP2
12912,21:28:07,0.094,0.533,0,0,eGFP2
12913,21:28:08,0.083,0.533,0,0,eGFP2
12914,21:28:08,0.105,0.775,0,0,eGFP2
12915,21:28:09,0.150,0.743,0,0,eGFP2
12916,21:28:10,0.116,0.775,0,0,eGFP2
12917,21:28:11,0.138,0.851,0,0,eGFP2
12918,21:28:12,0.161,0.808,0,0,eGFP2
12919,21:28:12,0.129,0.612,0,0,eGFP2
12920,21:28:13,0.095,0.512,0,0,eGFP2
12921,21:28:13,0.094,0.500,0,0,eGFP2
12922,21:28:14,0.094,0.610,0,0,eGFP2
12923,21:28:14,0.138,0.731,0,0,eGFP2
12924,21:28:15,0.105,0.621,0,0,eGFP2
12925,21:28:16,0.116,0.786,0,0,eGFP2
12926,21:28:17,0.138,0.687,0,0,eGFP2
12927,21:28:17,0.096,0.535,0,0,eGFP2
12928,21:28:18,0.085,0.502,0,0,eGFP2
12929,21:28:18,0.095,0.654,0,0,eGFP2
12930,21:28:19,0.150,0.709,0,0,eGFP2
12931,21:28:20,0.106,0.677,0,0,eGFP2
12932,21:28:20,0.105,0.654,0,0,eGFP2
12933,21:28:21,0.105,0.566,0,0,eGFP2
12934,21:28:21,0.084,0.512,0,0,eGFP2
12935,21:28:22,0.085,0.601,0,0,eGFP2
12936,21:28:23,0.139,0.808,0,0,eGFP2
12937,21:28:24,0.128,0.731,0,0,eGFP2
12938,21:28:24,0.106,0.578,0,0,eGFP2
12939,21:28:25,0.094,0.511,0,0,eGFP2
12940,21:28:25,0.084,0.479,0,0,eGFP2
12941,21:28:26,0.084,0.578,0,0,eGFP2
12942,21:28:27,0.151,0.963,0,0,eGFP2
12943,21:28:27,0.140,0.810,0,0,eGFP2
12944,21:28:28,0.149,0.786,0,0,eGFP2
12945,21:28:29,0.138,0.863,0,0,eGFP2
12946,21:28:30,0.138,0.676,0,0,eGFP2
12947,21:28:30,0.106,0.534,0,0,eGFP2
12948,21:28:31,0.083,0.478,0,0,eGFP2
12949,21:28:31,0.084,0.633,0,0,eGFP2
12950,21:28:32,0.171,0.819,0,0,eGFP2
12951,21:28:33,0.118,0.612,0,0,eGFP2
12952,21:28:33,0.095,0.501,0,0,eGFP2
12953,21:28:34,0.095,0.556,0,0,eGFP2
12954,21:28:35,0.105,0.621,0,0,eGFP2
12955,21:28:35,0.119,0.711,0,0,eGFP2
12956,21:28:36,0.150,0.776,0,0,eGFP2
12957,21:28:37,0.138,0.731,0,0,eGFP2
12958,21:28:37,0.117,0.599,0,0,eGFP2
12959,21:28:38,0.095,0.512,0,0,eGFP2
12960,21:28:38,0.086,0.492,0,0,eGFP2
12961,21:28:39,0.084,0.501,0,0,eGFP2
12962,21:28:40,0.106,0.874,0,0,eGFP2
12963,21:28:41,0.172,0.918,0,0,eGFP2
12964,21:28:42,0.150,0.907,0,0,eGFP2
12965,21:28:42,0.117,0.578,0,0,eGFP2
12966,21:28:43,0.095,0.523,0,0,eGFP2
12967,21:28:43,0.084,0.479,0,0,eGFP2
12968,21:28:44,0.083,0.522,0,0,eGFP2
12969,21:28:44,0.096,0.655,0,0,eGFP2
12970,21:28:45,0.127,0.742,0,0,eGFP2
12971,21:28:46,0.127,0.676,0,0,eGFP2
12972,21:28:46,0.105,0.698,0,0,eGFP2
12973,21:28:47,0.116,0.665,0,0,eGFP2
12974,21:28:48,0.149,0.906,0,0,eGFP2
12975,21:28:49,0.127,0.643,0,0,eGFP2
12976,21:28:49,0.096,0.513,0,0,eGFP2
12977,21:28:50,0.072,0.456,0,0,eGFP2
12978,21:28:50,0.084,0.742,0,0,eGFP2
12979,21:28:52,0.237,1.225,0,0,eGFP2
12980,21:28:52,0.127,0.632,0,0,eGFP2
12981,21:28:53,0.094,0.500,0,0,eGFP2
12982,21:28:53,0.085,0.458,0,0,eGFP2
12983,21:28:54,0.073,0.479,0,0,eGFP2
12984,21:28:54,0.096,0.666,0,0,eGFP2
12985,21:28:55,0.139,0.786,0,0,eGFP2
12986,21:28:56,0.127,0.687,0,0,eGFP2
12987,21:28:57,0.138,1.005,0,0,eGFP2
12988,21:28:58,0.182,0.786,0,0,eGFP2
12989,21:28:58,0.116,0.566,0,0,eGFP2
12990,21:28:59,0.095,0.501,0,0,eGFP2
12991,21:28:59,0.083,0.500,0,0,eGFP2
12992,21:29:00,0.085,0.535,0,0,eGFP2
12993,21:29:00,0.117,0.819,0,0,eGFP2
12994,21:29:01,0.128,0.698,0,0,eGFP2
12995,21:29:02,0.139,0.852,0,0,eGFP2
12996,21:29:03,0.184,0.853,0,0,eGFP2
12997,21:29:03,0.117,0.611,0,0,eGFP2
12998,21:29:04,0.105,0.698,0,0,eGFP2
12999,21:29:05,0.127,0.753,0,0,eGFP2
13000,21:29:06,0.195,1.391,0,0,eGFP2
13001,21:29:07,0.149,0.742,0,0,eGFP2
13002,21:29:08,0.116,0.588,0,0,eGFP2
13003,21:29:08,0.084,0.633,0,0,eGFP2
13004,21:29:09,0.127,0.830,0,0,eGFP2
13005,21:29:10,0.116,0.577,0,0,eGFP2
13006,21:29:10,0.084,0.479,0,0,eGFP2
13007,21:29:11,0.083,0.500,0,0,eGFP2
13008,21:29:11,0.075,0.481,0,0,eGFP2
13009,21:29:12,0.074,0.513,0,0,eGFP2
13010,21:29:12,0.106,0.764,0,0,eGFP2
13011,21:29:13,0.117,0.589,0,0,eGFP2
13012,21:29:14,0.094,0.544,0,0,eGFP2
13013,21:29:14,0.084,0.611,0,0,eGFP2
13014,21:29:15,0.139,0.830,0,0,eGFP2
13015,21:29:16,0.117,0.687,0,0,eGFP2
13016,21:29:17,0.130,0.832,0,0,eGFP2
13017,21:29:17,0.106,0.545,0,0,eGFP2
13018,21:29:18,0.083,0.500,0,0,eGFP2
13019,21:29:18,0.084,0.545,0,0,eGFP2
13020,21:29:19,0.095,0.589,0,0,eGFP2
13021,21:29:20,0.138,1.104,0,0,eGFP2
13022,21:29:21,0.161,0.720,0,0,eGFP2
13023,21:29:21,0.097,0.624,0,0,eGFP2
13024,21:29:22,0.116,0.720,0,0,eGFP2
13025,21:29:22,0.108,0.590,0,0,eGFP2
13026,21:29:23,0.095,0.677,0,0,eGFP2
13027,21:29:24,0.128,0.720,0,0,eGFP2
13028,21:29:25,0.128,0.721,0,0,eGFP2
13029,21:29:25,0.095,0.533,0,0,eGFP2
13030,21:29:26,0.095,0.721,0,0,eGFP2
13031,21:29:27,0.155,0.780,0,0,eGFP2
13032,21:29:28,0.127,0.950,0,0,eGFP2
13033,21:29:28,0.162,0.743,0,0,eGFP2
13034,21:29:29,0.128,0.753,0,0,eGFP2
13035,21:29:30,0.116,0.588,0,0,eGFP2
13036,21:29:30,0.096,0.502,0,0,eGFP2
13037,21:29:31,0.083,0.456,0,0,eGFP2
13038,21:29:31,0.072,0.610,0,0,eGFP2
13039,21:29:32,0.160,0.885,0,0,eGFP2
13040,21:29:33,0.149,0.961,0,0,eGFP2
13041,21:29:34,0.271,1.171,0,0,eGFP2
13042,21:29:39,3.902,4.835,0,0,eGFP2
13043,21:29:40,0.171,0.698,0,0,eGFP2
13044,21:29:40,0.083,0.511,0,0,eGFP2
13045,21:29:41,0.094,0.533,0,0,eGFP2
13046,21:29:41,0.095,0.512,0,0,eGFP2
13047,21:29:42,0.094,0.500,0,0,eGFP2
13048,21:29:42,0.083,0.566,0,0,eGFP2
13049,21:29:43,0.118,0.689,0,0,eGFP2
13050,21:29:44,0.118,0.710,0,0,eGFP2
13051,21:29:44,0.106,0.588,0,0,eGFP2
13052,21:29:45,0.106,0.578,0,0,eGFP2
13053,21:29:46,0.105,0.643,0,0,eGFP2
13054,21:29:46,0.116,0.654,0,0,eGFP2
13055,21:29:47,0.116,0.599,0,0,eGFP2
13056,21:29:47,0.094,0.522,0,0,eGFP2
13057,21:29:48,0.075,0.470,0,0,eGFP2
13058,21:29:48,0.083,0.533,0,0,eGFP2
13059,21:29:49,0.116,1.071,0,0,eGFP2
13060,21:29:50,0.204,0.830,0,0,eGFP2
13061,21:29:51,0.127,0.687,0,0,eGFP2
13062,21:29:52,0.106,0.654,0,0,eGFP2
13063,21:29:52,0.118,0.601,0,0,eGFP2
13064,21:29:53,0.095,0.545,0,0,eGFP2
13065,21:29:53,0.096,0.568,0,0,eGFP2
13066,21:29:54,0.105,0.884,0,0,eGFP2
13067,21:29:55,0.161,0.830,0,0,eGFP2
13068,21:29:56,0.128,0.643,0,0,eGFP2
13069,21:29:56,0.106,0.633,0,0,eGFP2
13070,21:29:57,0.105,0.610,0,0,eGFP2
13071,21:29:58,0.106,0.654,0,0,eGFP2
13072,21:29:58,0.128,0.830,0,0,eGFP2
13073,21:29:59,0.140,0.777,0,0,eGFP2
13074,21:30:00,0.116,0.731,0,0,eGFP2
13075,21:30:01,0.139,0.687,0,0,eGFP2
13076,21:30:01,0.106,0.688,0,0,eGFP2
13077,21:30:02,0.118,0.743,0,0,eGFP2
13078,21:30:03,0.150,0.797,0,0,eGFP2
13079,21:30:04,0.117,0.655,0,0,eGFP2
13080,21:30:04,0.116,0.731,0,0,eGFP2
13081,21:30:05,0.151,0.755,0,0,eGFP2
13082,21:30:06,0.116,1.148,0,0,eGFP2
13083,21:30:07,0.248,0.940,0,0,eGFP2
13084,21:30:08,0.116,0.654,0,0,eGFP2
13085,21:30:08,0.117,0.644,0,0,eGFP2
13086,21:30:09,0.105,0.511,0,0,eGFP2
13087,21:30:09,0.084,0.468,0,0,eGFP2
13088,21:30:10,0.084,0.501,0,0,eGFP2
13089,21:30:11,0.095,0.709,0,0,eGFP2
13090,21:30:11,0.143,0.801,0,0,eGFP2
13091,21:30:12,0.128,0.731,0,0,eGFP2
13092,21:30:13,0.106,0.622,0,0,eGFP2
13093,21:30:13,0.095,0.545,0,0,eGFP2
13094,21:30:14,0.084,0.599,0,0,eGFP2
13095,21:30:15,0.133,0.901,0,0,eGFP2
13096,21:30:15,0.105,0.577,0,0,eGFP2
13097,21:30:16,0.105,0.687,0,0,eGFP2
13098,21:30:17,0.106,0.611,0,0,eGFP2
13099,21:30:17,0.094,0.610,0,0,eGFP2
13100,21:30:18,0.127,0.665,0,0,eGFP2
13101,21:30:19,0.105,0.621,0,0,eGFP2
13102,21:30:19,0.105,0.642,0,0,eGFP2
13103,21:30:20,0.107,0.601,0,0,eGFP2
13104,21:30:20,0.094,0.665,0,0,eGFP2
13105,21:30:22,0.237,1.071,0,0,eGFP2
13106,21:30:22,0.128,0.732,0,0,eGFP2
13107,21:30:23,0.116,0.588,0,0,eGFP2
13108,21:30:23,0.083,0.500,0,0,eGFP2
13109,21:30:24,0.095,0.555,0,0,eGFP2
13110,21:30:24,0.096,0.524,0,0,eGFP2
13111,21:30:25,0.084,0.599,0,0,eGFP2
13112,21:30:26,0.117,0.731,0,0,eGFP2
13113,21:30:26,0.127,0.687,0,0,eGFP2
13114,21:30:27,0.118,0.645,0,0,eGFP2
13115,21:30:28,0.105,0.632,0,0,eGFP2
13116,21:30:28,0.116,0.665,0,0,eGFP2
13117,21:30:29,0.096,0.535,0,0,eGFP2
13118,21:30:30,0.094,0.676,0,0,eGFP2
13119,21:30:30,0.116,0.731,0,0,eGFP2
13120,21:30:31,0.138,0.774,0,0,eGFP2
13121,21:30:32,0.128,0.687,0,0,eGFP2
13122,21:30:33,0.129,0.799,0,0,eGFP2
13123,21:30:33,0.116,0.610,0,0,eGFP2
13124,21:30:34,0.094,0.511,0,0,eGFP2
13125,21:30:34,0.084,0.523,0,0,eGFP2
13126,21:30:35,0.083,0.478,0,0,eGFP2
13127,21:30:35,0.084,0.512,0,0,eGFP2
13128,21:30:36,0.083,0.687,0,0,eGFP2
13129,21:30:37,0.182,0.830,0,0,eGFP2
13130,21:30:37,0.108,0.712,0,0,eGFP2
13131,21:30:38,0.128,0.786,0,0,eGFP2
13132,21:30:39,0.149,0.819,0,0,eGFP2
13133,21:30:40,0.138,0.753,0,0,eGFP2
13134,21:30:40,0.116,0.621,0,0,eGFP2
13135,21:30:41,0.095,0.567,0,0,eGFP2
13136,21:30:42,0.116,0.807,0,0,eGFP2
13137,21:30:43,0.161,0.721,0,0,eGFP2
13138,21:30:43,0.096,0.557,0,0,eGFP2
13139,21:30:44,0.094,0.511,0,0,eGFP2
13140,21:30:44,0.084,0.523,0,0,eGFP2
13141,21:30:45,0.095,0.676,0,0,eGFP2
13142,21:30:46,0.147,0.805,0,0,eGFP2
13143,21:30:46,0.127,0.742,0,0,eGFP2
13144,21:30:47,0.106,0.644,0,0,eGFP2
13145,21:30:48,0.127,0.840,0,0,eGFP2
13146,21:30:49,0.118,0.732,0,0,eGFP2
13147,21:30:49,0.105,0.764,0,0,eGFP2
13148,21:30:50,0.138,1.005,0,0,eGFP2
13149,21:30:51,0.149,0.686,0,0,eGFP2
13150,21:30:52,0.095,0.523,0,0,eGFP2
13151,21:30:52,0.083,0.511,0,0,eGFP2
13152,21:30:53,0.083,0.478,0,0,eGFP2
13153,21:30:53,0.083,0.456,0,0,eGFP2
13154,21:30:53,0.072,0.467,0,0,eGFP2
13155,21:30:54,0.085,0.535,0,0,eGFP2
13156,21:30:54,0.094,0.500,0,0,eGFP2
13157,21:30:55,0.085,0.524,0,0,eGFP2
13158,21:30:56,0.138,1.016,0,0,eGFP2
13159,21:30:57,0.182,1.060,0,0,eGFP2
13160,21:30:58,0.160,0.764,0,0,eGFP2
13161,21:30:58,0.105,0.588,0,0,eGFP2
13162,21:30:59,0.094,0.522,0,0,eGFP2
13163,21:30:59,0.096,0.535,0,0,eGFP2
13164,21:31:00,0.094,0.555,0,0,eGFP2
13165,21:31:01,0.094,0.566,0,0,eGFP2
13166,21:31:02,0.193,1.093,0,0,eGFP2
13167,21:31:02,0.138,0.797,0,0,eGFP2
13168,21:31:03,0.105,0.708,0,0,eGFP2
13169,21:31:04,0.117,0.589,0,0,eGFP2
13170,21:31:04,0.094,0.489,0,0,eGFP2
13171,21:31:05,0.087,0.559,0,0,eGFP2
13172,21:31:05,0.116,0.621,0,0,eGFP2
13173,21:31:06,0.094,0.643,0,0,eGFP2
13174,21:31:07,0.105,0.632,0,0,eGFP2
13175,21:31:07,0.106,0.698,0,0,eGFP2
13176,21:31:08,0.160,0.797,0,0,eGFP2
13177,21:31:09,0.127,0.742,0,0,eGFP2
13178,21:31:10,0.105,0.643,0,0,eGFP2
13179,21:31:10,0.100,0.605,0,0,eGFP2
13180,21:31:11,0.105,0.709,0,0,eGFP2
13181,21:31:12,0.116,0.698,0,0,eGFP2
13182,21:31:12,0.116,0.610,0,0,eGFP2
13183,21:31:13,0.095,0.775,0,0,eGFP2
13184,21:31:14,0.184,0.963,0,0,eGFP2
13185,21:31:15,0.160,0.731,0,0,eGFP2
13186,21:31:15,0.095,0.545,0,0,eGFP2
13187,21:31:16,0.096,0.601,0,0,eGFP2
13188,21:31:17,0.116,1.071,0,0,eGFP2
13189,21:31:18,0.545,1.401,0,0,eGFP2
13190,21:31:19,0.127,0.665,0,0,eGFP2
13191,21:31:20,0.095,0.523,0,0,eGFP2
13192,21:31:20,0.083,0.489,0,0,eGFP2
13193,21:31:20,0.084,0.479,0,0,eGFP2
13194,21:31:21,0.084,0.468,0,0,eGFP2
13195,21:31:21,0.074,0.546,0,0,eGFP2
13196,21:31:22,0.139,0.830,0,0,eGFP2
13197,21:31:23,0.216,0.523,0,0,eGFP2
13198,21:31:25,0.963,1.710,0,0,eGFP2
13199,21:31:25,0.149,0.775,0,0,eGFP2
13200,21:31:26,0.095,0.632,0,0,eGFP2
13201,21:31:26,0.095,0.534,0,0,eGFP2
13202,21:31:27,0.106,0.666,0,0,eGFP2
13203,21:31:28,0.096,0.557,0,0,eGFP2
13204,21:31:28,0.117,0.611,0,0,eGFP2
13205,21:31:29,0.089,0.484,0,0,eGFP2
13206,21:31:29,0.083,0.544,0,0,eGFP2
13207,21:31:30,0.105,0.697,0,0,eGFP2
13208,21:31:31,0.105,0.555,0,0,eGFP2
13209,21:31:31,0.084,0.468,0,0,eGFP2
13210,21:31:32,0.083,0.456,0,0,eGFP2
13211,21:31:32,0.074,0.480,0,0,eGFP2
13212,21:31:33,0.093,0.586,0,0,eGFP2
13213,21:31:33,0.139,0.841,0,0,eGFP2
13214,21:31:34,0.127,0.785,0,0,eGFP2
13215,21:31:35,0.215,1.039,0,0,eGFP2
13216,21:31:36,0.127,0.675,0,0,eGFP2
13217,21:31:36,0.095,0.567,0,0,eGFP2
13218,21:31:37,0.094,0.511,0,0,eGFP2
13219,21:31:38,0.083,0.544,0,0,eGFP2
13220,21:31:38,0.096,0.601,0,0,eGFP2
13221,21:31:39,0.105,0.555,0,0,eGFP2
13222,21:31:39,0.095,0.512,0,0,eGFP2
13223,21:31:40,0.083,0.478,0,0,eGFP2
13224,21:31:40,0.084,0.468,0,0,eGFP2
13225,21:31:41,0.088,0.593,0,0,eGFP2
13226,21:31:42,0.149,0.775,0,0,eGFP2
13227,21:31:42,0.127,0.719,0,0,eGFP2
13228,21:31:43,0.096,0.678,0,0,eGFP2
13229,21:31:44,0.127,0.632,0,0,eGFP2
13230,21:31:44,0.106,0.555,0,0,eGFP2
13231,21:31:45,0.106,0.797,0,0,eGFP2
13232,21:31:46,0.139,0.830,0,0,eGFP2
13233,21:31:46,0.127,0.665,0,0,eGFP2
13234,21:31:47,0.105,0.566,0,0,eGFP2
13235,21:31:48,0.106,0.611,0,0,eGFP2
13236,21:31:48,0.096,0.568,0,0,eGFP2
13237,21:31:49,0.105,0.665,0,0,eGFP2
13238,21:31:49,0.129,0.656,0,0,eGFP2
13239,21:31:50,0.083,0.500,0,0,eGFP2
13240,21:31:51,0.084,0.534,0,0,eGFP2
13241,21:31:51,0.094,0.566,0,0,eGFP2
13242,21:31:52,0.095,0.501,0,0,eGFP2
13243,21:31:52,0.084,0.556,0,0,eGFP2
13244,21:31:53,0.107,0.721,0,0,eGFP2
13245,21:31:54,0.117,0.742,0,0,eGFP2
13246,21:31:54,0.117,0.622,0,0,eGFP2
13247,21:31:55,0.106,0.698,0,0,eGFP2
13248,21:31:56,0.128,0.819,0,0,eGFP2
13249,21:31:57,0.161,0.918,0,0,eGFP2
13250,21:31:57,0.160,0.753,0,0,eGFP2
13251,21:31:58,0.106,0.644,0,0,eGFP2
13252,21:31:59,0.120,0.591,0,0,eGFP2
13253,21:31:59,0.095,0.600,0,0,eGFP2
13254,21:32:00,0.117,0.654,0,0,eGFP2
13255,21:32:00,0.095,0.578,0,0,eGFP2
13256,21:32:01,0.095,0.578,0,0,eGFP2
13257,21:32:02,0.117,0.698,0,0,eGFP2
13258,21:32:02,0.128,0.699,0,0,eGFP2
13259,21:32:03,0.094,0.599,0,0,eGFP2
13260,21:32:04,0.108,0.547,0,0,eGFP2
13261,21:32:04,0.084,0.577,0,0,eGFP2
13262,21:32:05,0.139,0.842,0,0,eGFP2
13263,21:32:06,0.116,0.665,0,0,eGFP2
13264,21:32:06,0.106,0.589,0,0,eGFP2
13265,21:32:07,0.096,0.601,0,0,eGFP2
13266,21:32:08,0.106,0.655,0,0,eGFP2
13267,21:32:08,0.111,0.616,0,0,eGFP2
13268,21:32:09,0.107,0.568,0,0,eGFP2
13269,21:32:09,0.083,0.467,0,0,eGFP2
13270,21:32:10,0.083,0.544,0,0,eGFP2
13271,21:32:11,0.160,0.972,0,0,eGFP2
13272,21:32:12,0.138,0.819,0,0,eGFP2
13273,21:32:12,0.138,0.708,0,0,eGFP2
13274,21:32:13,0.128,0.654,0,0,eGFP2
13275,21:32:13,0.095,0.523,0,0,eGFP2
13276,21:32:14,0.083,0.610,0,0,eGFP2
13277,21:32:15,0.183,1.248,0,0,eGFP2
13278,21:32:16,0.160,0.807,0,0,eGFP2
13279,21:32:17,0.118,0.612,0,0,eGFP2
13280,21:32:17,0.094,0.522,0,0,eGFP2
13281,21:32:18,0.084,0.457,0,0,eGFP2
13282,21:32:18,0.072,0.467,0,0,eGFP2
13283,21:32:19,0.073,0.512,0,0,eGFP2
13284,21:32:19,0.105,0.796,0,0,eGFP2
13285,21:32:20,0.118,0.623,0,0,eGFP2
13286,21:32:21,0.116,0.742,0,0,eGFP2
13287,21:32:21,0.127,0.621,0,0,eGFP2
13288,21:32:22,0.094,0.555,0,0,eGFP2
13289,21:32:23,0.106,0.918,0,0,eGFP2
13290,21:32:24,0.204,0.873,0,0,eGFP2
13291,21:32:24,0.095,0.534,0,0,eGFP2
13292,21:32:25,0.096,0.546,0,0,eGFP2
13293,21:32:25,0.096,0.535,0,0,eGFP2
13294,21:32:26,0.094,0.566,0,0,eGFP2
13295,21:32:27,0.095,0.654,0,0,eGFP2
13296,21:32:27,0.139,0.775,0,0,eGFP2
13297,21:32:28,0.128,0.643,0,0,eGFP2
13298,21:32:29,0.117,0.775,0,0,eGFP2
13299,21:32:29,0.117,0.654,0,0,eGFP2
13300,21:32:30,0.095,0.501,0,0,eGFP2
13301,21:32:30,0.074,0.458,0,0,eGFP2
13302,21:32:31,0.084,0.611,0,0,eGFP2
13303,21:32:32,0.171,1.367,0,0,eGFP2
13304,21:32:34,0.270,1.269,0,0,eGFP2
13305,21:32:34,0.150,0.698,0,0,eGFP2
13306,21:32:35,0.108,0.568,0,0,eGFP2
13307,21:32:35,0.084,0.468,0,0,eGFP2
13308,21:32:36,0.084,0.523,0,0,eGFP2
13309,21:32:37,0.096,0.601,0,0,eGFP2
13310,21:32:37,0.106,0.566,0,0,eGFP2
13311,21:32:38,0.084,0.479,0,0,eGFP2
13312,21:32:38,0.073,0.545,0,0,eGFP2
13313,21:32:39,0.138,0.808,0,0,eGFP2
13314,21:32:39,0.106,0.555,0,0,eGFP2
13315,21:32:40,0.084,0.457,0,0,eGFP2
13316,21:32:40,0.084,0.468,0,0,eGFP2
13317,21:32:41,0.086,0.579,0,0,eGFP2
13318,21:32:42,0.117,0.644,0,0,eGFP2
13319,21:32:42,0.107,0.678,0,0,eGFP2
13320,21:32:43,0.117,0.676,0,0,eGFP2
13321,21:32:44,0.117,0.545,0,0,eGFP2
13322,21:32:44,0.084,0.501,0,0,eGFP2
13323,21:32:45,0.084,0.567,0,0,eGFP2
13324,21:32:45,0.105,0.676,0,0,eGFP2
13325,21:32:46,0.119,0.656,0,0,eGFP2
13326,21:32:47,0.106,0.677,0,0,eGFP2
13327,21:32:47,0.128,0.731,0,0,eGFP2
13328,21:32:48,0.117,0.611,0,0,eGFP2
13329,21:32:48,0.106,0.534,0,0,eGFP2
13330,21:32:49,0.084,0.555,0,0,eGFP2
13331,21:32:50,0.155,0.901,0,0,eGFP2
13332,21:32:51,0.138,0.830,0,0,eGFP2
13333,21:32:52,0.141,0.964,0,0,eGFP2
13334,21:32:53,0.182,0.939,0,0,eGFP2
13335,21:32:53,0.138,0.676,0,0,eGFP2
13336,21:32:54,0.105,0.664,0,0,eGFP2
13337,21:32:55,0.095,0.567,0,0,eGFP2
13338,21:32:55,0.105,0.675,0,0,eGFP2
13339,21:32:56,0.128,0.742,0,0,eGFP2
13340,21:32:57,0.094,0.654,0,0,eGFP2
13341,21:32:58,0.127,0.939,0,0,eGFP2
13342,21:32:58,0.140,0.787,0,0,eGFP2
13343,21:32:59,0.193,0.830,0,0,eGFP2
13344,21:33:00,0.116,0.632,0,0,eGFP2
13345,21:33:01,0.105,0.720,0,0,eGFP2
13346,21:33:01,0.118,0.600,0,0,eGFP2
13347,21:33:02,0.095,0.819,0,0,eGFP2
13348,21:33:03,0.226,1.334,0,0,eGFP2
13349,21:33:04,0.215,0.995,0,0,eGFP2
13350,21:33:05,0.118,0.699,0,0,eGFP2
13351,21:33:06,0.105,0.588,0,0,eGFP2
13352,21:33:06,0.095,0.512,0,0,eGFP2
13353,21:33:07,0.083,0.489,0,0,eGFP2
13354,21:33:07,0.095,0.544,0,0,eGFP2
13355,21:33:08,0.106,0.687,0,0,eGFP2
13356,21:33:08,0.128,0.676,0,0,eGFP2
13357,21:33:09,0.106,0.523,0,0,eGFP2
13358,21:33:09,0.085,0.458,0,0,eGFP2
13359,21:33:11,0.096,1.106,0,0,eGFP2
13360,21:33:12,0.292,1.093,0,0,eGFP2
13361,21:33:12,0.127,0.599,0,0,eGFP2
13362,21:33:13,0.084,0.490,0,0,eGFP2
13363,21:33:13,0.072,0.489,0,0,eGFP2
13364,21:33:14,0.084,0.490,0,0,eGFP2
13365,21:33:14,0.083,0.500,0,0,eGFP2
13366,21:33:15,0.085,0.557,0,0,eGFP2
13367,21:33:15,0.095,0.523,0,0,eGFP2
13368,21:33:16,0.094,0.599,0,0,eGFP2
13369,21:33:17,0.128,0.665,0,0,eGFP2
13370,21:33:17,0.095,0.589,0,0,eGFP2
13371,21:33:18,0.116,0.654,0,0,eGFP2
13372,21:33:18,0.106,0.567,0,0,eGFP2
13373,21:33:19,0.096,0.754,0,0,eGFP2
13374,21:33:20,0.184,0.810,0,0,eGFP2
13375,21:33:21,0.105,0.676,0,0,eGFP2
13376,21:33:21,0.106,0.578,0,0,eGFP2
13377,21:33:22,0.094,0.522,0,0,eGFP2
13378,21:33:22,0.095,0.742,0,0,eGFP2
13379,21:33:23,0.161,0.852,0,0,eGFP2
13380,21:33:24,0.139,0.830,0,0,eGFP2
13381,21:33:25,0.128,0.677,0,0,eGFP2
13382,21:33:25,0.096,0.502,0,0,eGFP2
13383,21:33:26,0.084,0.512,0,0,eGFP2
13384,21:33:27,0.105,1.148,0,0,eGFP2
13385,21:33:28,0.215,0.852,0,0,eGFP2
13386,21:33:28,0.118,0.656,0,0,eGFP2
13387,21:33:29,0.084,0.512,0,0,eGFP2
13388,21:33:30,0.095,0.577,0,0,eGFP2
13389,21:33:30,0.117,0.666,0,0,eGFP2
13390,21:33:31,0.118,0.645,0,0,eGFP2
13391,21:33:31,0.095,0.545,0,0,eGFP2
13392,21:33:32,0.084,0.556,0,0,eGFP2
13393,21:33:33,0.116,0.698,0,0,eGFP2
13394,21:33:33,0.111,0.572,0,0,eGFP2
13395,21:33:34,0.094,0.500,0,0,eGFP2
13396,21:33:34,0.094,0.500,0,0,eGFP2
13397,21:33:35,0.083,0.588,0,0,eGFP2
13398,21:33:36,0.161,0.908,0,0,eGFP2
13399,21:33:36,0.105,0.588,0,0,eGFP2
13400,21:33:37,0.095,0.556,0,0,eGFP2
13401,21:33:38,0.094,0.687,0,0,eGFP2
13402,21:33:38,0.127,0.731,0,0,eGFP2
13403,21:33:39,0.105,0.697,0,0,eGFP2
13404,21:33:40,0.127,0.764,0,0,eGFP2
13405,21:33:40,0.116,0.577,0,0,eGFP2
13406,21:33:41,0.094,0.709,0,0,eGFP2
13407,21:33:42,0.140,0.743,0,0,eGFP2
13408,21:33:42,0.106,0.556,0,0,eGFP2
13409,21:33:43,0.094,0.621,0,0,eGFP2
13410,21:33:44,0.138,0.719,0,0,eGFP2
13411,21:33:44,0.106,0.556,0,0,eGFP2
13412,21:33:45,0.094,0.544,0,0,eGFP2
13413,21:33:46,0.107,0.776,0,0,eGFP2
13414,21:33:47,0.193,0.973,0,0,eGFP2
13415,21:33:47,0.129,0.743,0,0,eGFP2
13416,21:33:48,0.106,0.599,0,0,eGFP2
13417,21:33:49,0.117,0.742,0,0,eGFP2
13418,21:33:49,0.117,0.610,0,0,eGFP2
13419,21:33:50,0.095,0.676,0,0,eGFP2
13420,21:33:50,0.106,0.578,0,0,eGFP2
13421,21:33:51,0.094,0.522,0,0,eGFP2
13422,21:33:52,0.095,0.731,0,0,eGFP2
13423,21:33:53,0.173,0.821,0,0,eGFP2
13424,21:33:53,0.105,0.610,0,0,eGFP2
13425,21:33:54,0.083,0.489,0,0,eGFP2
13426,21:33:54,0.095,0.556,0,0,eGFP2
13427,21:33:55,0.107,0.678,0,0,eGFP2
13428,21:33:56,0.127,0.797,0,0,eGFP2
13429,21:33:56,0.127,0.720,0,0,eGFP2
13430,21:33:57,0.116,0.665,0,0,eGFP2
13431,21:33:58,0.129,0.820,0,0,eGFP2
13432,21:33:59,0.128,0.655,0,0,eGFP2
13433,21:33:59,0.105,0.555,0,0,eGFP2
13434,21:34:00,0.106,0.666,0,0,eGFP2
13435,21:34:01,0.138,0.742,0,0,eGFP2
13436,21:34:01,0.106,0.566,0,0,eGFP2
13437,21:34:02,0.095,0.512,0,0,eGFP2
13438,21:34:02,0.084,0.633,0,0,eGFP2
13439,21:34:03,0.217,1.172,0,0,eGFP2
13440,21:34:04,0.173,0.787,0,0,eGFP2
13441,21:34:05,0.128,0.644,0,0,eGFP2
13442,21:34:05,0.095,0.577,0,0,eGFP2
13443,21:34:06,0.117,0.874,0,0,eGFP2
13444,21:42:05,0.216,478.628,0,0,eGFP2
13445,21:42:08,1.818,3.102,0,0,eGFP2
13446,21:42:09,0.226,1.115,0,0,eGFP2
13447,21:42:10,0.141,0.799,0,0,eGFP2
13448,21:42:11,0.172,0.852,0,0,eGFP2
13449,21:42:11,0.117,0.633,0,0,eGFP2
13450,21:42:12,0.116,0.797,0,0,eGFP2
13451,21:42:13,0.106,0.611,0,0,eGFP2
13452,21:42:13,0.094,0.566,0,0,eGFP2
13453,21:42:14,0.095,0.567,0,0,eGFP2
13454,21:42:15,0.108,0.722,0,0,eGFP2
13455,21:42:16,0.163,0.909,0,0,eGFP2
13456,21:42:16,0.117,0.600,0,0,eGFP2
13457,21:42:17,0.095,0.633,0,0,eGFP2
13458,21:42:18,0.154,0.868,0,0,eGFP2
13459,21:42:18,0.105,0.577,0,0,eGFP2
13460,21:42:19,0.094,0.676,0,0,eGFP2
13461,21:42:20,0.138,0.632,0,0,eGFP2
13462,21:42:20,0.083,0.577,0,0,eGFP2
13463,21:42:21,0.162,1.292,0,0,eGFP2
13464,21:42:22,0.138,0.829,0,0,eGFP2
13465,21:42:24,0.128,1.752,0,0,eGFP2
13466,21:42:25,0.818,1.202,0,0,eGFP2
13467,21:42:26,0.305,0.996,0,0,eGFP2
13468,21:42:27,0.138,0.797,0,0,eGFP2
13469,21:42:28,0.105,0.621,0,0,eGFP2
13470,21:42:28,0.127,0.709,0,0,eGFP2
13471,21:42:29,0.105,0.676,0,0,eGFP2
13472,21:42:30,0.172,1.138,0,0,eGFP2
13473,21:42:31,0.215,1.148,0,0,eGFP2
13474,21:42:33,0.204,1.510,0,0,eGFP2
13475,21:42:34,0.127,0.731,0,0,eGFP2
13476,21:42:34,0.127,0.698,0,0,eGFP2
13477,21:42:35,0.138,0.928,0,0,eGFP2
13478,21:42:36,0.117,0.622,0,0,eGFP2
13479,21:42:36,0.094,0.577,0,0,eGFP2
13480,21:42:37,0.096,0.513,0,0,eGFP2
13481,21:42:38,0.096,0.634,0,0,eGFP2
13482,21:42:38,0.138,0.654,0,0,eGFP2
13483,21:42:39,0.094,0.566,0,0,eGFP2
13484,21:42:39,0.095,0.501,0,0,eGFP2
13485,21:42:40,0.083,0.478,0,0,eGFP2
13486,21:42:40,0.084,0.600,0,0,eGFP2
13487,21:42:41,0.127,1.027,0,0,eGFP2
13488,21:42:42,0.250,1.117,0,0,eGFP2
13489,21:42:43,0.116,0.786,0,0,eGFP2
13490,21:42:44,0.149,0.742,0,0,eGFP2
13491,21:42:45,0.116,0.797,0,0,eGFP2
13492,21:42:45,0.138,0.720,0,0,eGFP2
13493,21:42:46,0.105,0.621,0,0,eGFP2
13494,21:42:47,0.107,0.612,0,0,eGFP2
13495,21:42:48,0.128,0.775,0,0,eGFP2
13496,21:42:49,0.887,1.896,0,0,eGFP2
13497,21:42:50,0.128,0.677,0,0,eGFP2
13498,21:42:51,0.116,0.665,0,0,eGFP2
13499,21:42:51,0.117,0.588,0,0,eGFP2
13500,21:42:52,0.084,0.523,0,0,eGFP2
13501,21:42:52,0.095,0.545,0,0,eGFP2
13502,21:42:53,0.105,0.709,0,0,eGFP2
13503,21:42:54,0.150,0.742,0,0,eGFP2
13504,21:42:55,0.119,0.667,0,0,eGFP2
13505,21:42:55,0.139,0.830,0,0,eGFP2
13506,21:42:56,0.139,0.896,0,0,eGFP2
13507,21:42:57,0.216,0.885,0,0,eGFP2
13508,21:42:58,0.250,1.095,0,0,eGFP2
13509,21:42:59,0.117,0.764,0,0,eGFP2
13510,21:43:00,0.128,0.830,0,0,eGFP2
13511,21:43:01,0.139,0.743,0,0,eGFP2
13512,21:43:02,0.140,0.996,0,0,eGFP2
13513,21:43:03,0.248,1.510,0,0,eGFP2
13514,21:43:05,0.578,1.599,0,0,eGFP2
13515,21:43:06,0.358,1.016,0,0,eGFP2
13516,21:43:07,0.139,0.874,0,0,eGFP2
13517,21:43:07,0.117,0.589,0,0,eGFP2
13518,21:43:08,0.095,0.512,0,0,eGFP2
13519,21:43:08,0.106,0.764,0,0,eGFP2
13520,21:43:09,0.185,0.668,0,0,eGFP2
13521,21:43:10,0.321,0.661,0,0,eGFP2
13522,21:43:11,0.302,1.104,0,0,eGFP2
13523,21:43:12,0.192,0.774,0,0,eGFP2
13524,21:43:12,0.105,0.577,0,0,eGFP2
13525,21:43:15,0.105,2.520,0,0,eGFP2
13526,21:45:29,133.962,134.302,0,0,eGFP2
13527,21:45:32,0.314,3.419,0,0,eGFP2
13528,21:45:33,0.162,0.766,0,0,eGFP2
13529,21:45:34,0.116,0.665,0,0,eGFP2
13530,21:45:36,0.094,2.135,0,0,eGFP2
13531,21:45:37,0.138,0.753,0,0,eGFP2
13532,21:45:37,0.105,0.544,0,0,eGFP2
13533,21:45:38,0.094,0.500,0,0,eGFP2
13534,21:45:38,0.085,0.579,0,0,eGFP2
13535,21:45:39,0.116,0.599,0,0,eGFP2
13536,21:45:39,0.094,0.511,0,0,eGFP2
13537,21:45:40,0.085,0.469,0,0,eGFP2
13538,21:45:40,0.073,0.424,0,0,eGFP2
13539,21:45:41,0.061,0.423,0,0,eGFP2
13540,21:45:41,0.073,0.512,0,0,eGFP2
13541,21:45:42,0.094,0.533,0,0,eGFP2
13542,21:45:43,0.084,0.654,0,0,eGFP2
13543,21:45:44,0.764,1.543,0,0,eGFP2
13544,21:45:45,0.128,0.654,0,0,eGFP2
13545,21:45:47,1.139,2.631,0,0,eGFP2
13546,21:45:48,0.226,0.819,0,0,eGFP2
13547,21:45:49,0.182,0.555,0,0,eGFP2
13548,21:45:50,0.513,1.161,0,0,eGFP2
13549,21:45:50,0.094,0.533,0,0,eGFP2
13550,21:45:52,0.161,1.873,0,0,eGFP2
13551,21:45:53,0.127,0.632,0,0,eGFP2
13552,21:45:54,0.094,0.687,0,0,eGFP2
13553,21:45:54,0.129,0.612,0,0,eGFP2
13554,21:45:55,0.083,0.588,0,0,eGFP2
13555,21:45:56,0.205,0.951,0,0,eGFP2
13556,21:45:56,0.105,0.566,0,0,eGFP2
13557,21:45:57,0.084,0.490,0,0,eGFP2
13558,21:45:57,0.083,0.500,0,0,eGFP2
13559,21:45:58,0.095,0.545,0,0,eGFP2
13560,21:45:58,0.094,0.511,0,0,eGFP2
13561,21:45:59,0.087,0.537,0,0,eGFP2
13562,21:46:00,0.106,0.775,0,0,eGFP2
13563,21:46:01,0.150,0.863,0,0,eGFP2
13564,21:46:01,0.183,0.874,0,0,eGFP2
13565,21:46:02,0.128,0.610,0,0,eGFP2
13566,21:46:03,0.095,0.600,0,0,eGFP2
13567,21:46:03,0.117,0.599,0,0,eGFP2
13568,21:46:04,0.095,0.512,0,0,eGFP2
13569,21:46:04,0.086,0.492,0,0,eGFP2
13570,21:46:05,0.083,0.456,0,0,eGFP2
13571,21:46:05,0.073,0.446,0,0,eGFP2
13572,21:46:06,0.073,0.545,0,0,eGFP2
13573,21:46:06,0.117,0.742,0,0,eGFP2
13574,21:46:07,0.128,0.666,0,0,eGFP2
13575,21:46:08,0.096,0.524,0,0,eGFP2
13576,21:46:08,0.084,0.468,0,0,eGFP2
13577,21:46:09,0.074,0.437,0,0,eGFP2
13578,21:46:09,0.083,0.511,0,0,eGFP2
13579,21:46:10,0.095,0.578,0,0,eGFP2
13580,21:46:10,0.106,0.698,0,0,eGFP2
13581,21:46:12,0.150,1.335,0,0,eGFP2
13582,21:46:13,0.249,1.127,0,0,eGFP2
13583,21:46:14,0.138,1.137,0,0,eGFP2
13584,21:46:15,0.391,1.214,0,0,eGFP2
13585,21:46:16,0.123,0.584,0,0,eGFP2
13586,21:46:16,0.083,0.478,0,0,eGFP2
13587,21:46:17,0.083,0.478,0,0,eGFP2
13588,21:46:17,0.074,0.436,0,0,eGFP2
13589,21:46:18,0.084,0.511,0,0,eGFP2
13590,21:46:18,0.117,0.654,0,0,eGFP2
13591,21:46:19,0.105,0.523,0,0,eGFP2
13592,21:46:19,0.083,0.434,0,0,eGFP2
13593,21:46:20,0.074,0.425,0,0,eGFP2
13594,21:46:20,0.061,0.434,0,0,eGFP2
13595,21:46:21,0.083,0.555,0,0,eGFP2
13596,21:46:21,0.117,0.731,0,0,eGFP2
13597,21:46:22,0.116,0.588,0,0,eGFP2
13598,21:46:22,0.094,0.500,0,0,eGFP2
13599,21:46:23,0.073,0.468,0,0,eGFP2
13600,21:46:23,0.083,0.489,0,0,eGFP2
13601,21:46:24,0.094,0.522,0,0,eGFP2
13602,21:46:24,0.087,0.526,0,0,eGFP2
13603,21:46:25,0.083,0.544,0,0,eGFP2
13604,21:46:26,0.105,0.577,0,0,eGFP2
13605,21:46:26,0.084,0.490,0,0,eGFP2
13606,21:46:27,0.083,0.456,0,0,eGFP2
13607,21:46:27,0.084,0.544,0,0,eGFP2
13608,21:46:28,0.139,0.786,0,0,eGFP2
13609,21:46:29,0.117,0.720,0,0,eGFP2
13610,21:46:29,0.118,0.700,0,0,eGFP2
13611,21:46:30,0.105,0.665,0,0,eGFP2
13612,21:46:31,0.116,0.687,0,0,eGFP2
13613,21:46:31,0.105,0.621,0,0,eGFP2
13614,21:46:32,0.105,0.621,0,0,eGFP2
13615,21:46:33,0.107,0.777,0,0,eGFP2
13616,21:46:33,0.171,0.796,0,0,eGFP2
13617,21:46:34,0.117,0.622,0,0,eGFP2
13618,21:46:35,0.107,0.568,0,0,eGFP2
13619,21:46:35,0.094,0.489,0,0,eGFP2
13620,21:46:43,0.084,7.425,0,0,eGFP2
13621,21:46:47,3.519,4.517,0,0,eGFP2
13622,21:46:48,0.139,0.863,0,0,eGFP2
13623,21:46:48,0.106,0.545,0,0,eGFP2
13624,21:46:49,0.072,0.445,0,0,eGFP2
13625,21:46:49,0.073,0.501,0,0,eGFP2
13626,21:46:50,0.096,0.524,0,0,eGFP2
13627,21:46:50,0.084,0.490,0,0,eGFP2
13628,21:46:51,0.083,0.511,0,0,eGFP2
13629,21:46:52,0.119,0.700,0,0,eGFP2
13630,21:46:52,0.117,0.720,0,0,eGFP2
13631,21:46:53,0.106,0.578,0,0,eGFP2
13632,21:46:53,0.102,0.508,0,0,eGFP2
13633,21:46:54,0.073,0.446,0,0,eGFP2
13634,21:46:54,0.073,0.446,0,0,eGFP2
13635,21:46:55,0.094,0.643,0,0,eGFP2
13636,21:46:56,0.116,0.742,0,0,eGFP2
13637,21:46:57,0.138,1.147,0,0,eGFP2
13638,21:46:58,0.303,1.038,0,0,eGFP2
13639,21:46:59,0.116,0.687,0,0,eGFP2
13640,21:46:59,0.105,0.676,0,0,eGFP2
13641,21:47:00,0.105,0.544,0,0,eGFP2
13642,21:47:00,0.086,0.492,0,0,eGFP2
13643,21:47:01,0.094,0.544,0,0,eGFP2
13644,21:47:02,0.116,1.302,0,0,eGFP2
13645,21:47:03,0.193,0.950,0,0,eGFP2
13646,21:47:04,0.160,0.807,0,0,eGFP2
13647,21:47:04,0.106,0.545,0,0,eGFP2
13648,21:47:05,0.083,0.544,0,0,eGFP2
13649,21:47:06,0.105,0.621,0,0,eGFP2
13650,21:47:08,0.096,2.302,0,0,eGFP2
13651,21:47:09,0.149,0.697,0,0,eGFP2
13652,21:47:09,0.117,0.589,0,0,eGFP2
13653,21:47:10,0.094,0.555,0,0,eGFP2
13654,21:47:10,0.085,0.535,0,0,eGFP2
13655,21:47:11,0.094,0.687,0,0,eGFP2
13656,21:47:12,0.129,0.711,0,0,eGFP2
13657,21:47:12,0.116,0.632,0,0,eGFP2
13658,21:47:13,0.107,0.546,0,0,eGFP2
13659,21:47:13,0.094,0.544,0,0,eGFP2
13660,21:47:14,0.105,0.533,0,0,eGFP2
13661,21:47:15,0.094,0.907,0,0,eGFP2
13662,21:47:16,0.182,0.928,0,0,eGFP2
13663,21:47:16,0.127,0.632,0,0,eGFP2
13664,21:47:17,0.094,0.555,0,0,eGFP2
13665,21:47:17,0.084,0.479,0,0,eGFP2
13666,21:47:19,0.083,1.620,0,0,eGFP2
13667,21:47:20,0.249,1.007,0,0,eGFP2
13668,21:47:21,0.138,0.709,0,0,eGFP2
13669,21:47:21,0.096,0.579,0,0,eGFP2
13670,21:47:22,0.094,0.511,0,0,eGFP2
13671,21:47:22,0.084,0.468,0,0,eGFP2
13672,21:47:24,0.072,2.026,0,0,eGFP2
13673,21:47:25,0.193,0.841,0,0,eGFP2
13674,21:47:26,0.105,0.621,0,0,eGFP2
13675,21:47:26,0.107,0.623,0,0,eGFP2
13676,21:47:27,0.117,0.720,0,0,eGFP2
13677,21:47:28,0.117,0.633,0,0,eGFP2
13678,21:47:28,0.094,0.555,0,0,eGFP2
13679,21:47:29,0.117,0.731,0,0,eGFP2
13680,21:47:30,0.095,0.589,0,0,eGFP2
13681,21:47:30,0.116,0.687,0,0,eGFP2
13682,21:47:31,0.106,0.567,0,0,eGFP2
13683,21:47:31,0.087,0.526,0,0,eGFP2
13684,21:47:32,0.105,0.687,0,0,eGFP2
13685,21:47:33,0.161,1.082,0,0,eGFP2
13686,21:47:34,0.128,0.633,0,0,eGFP2
13687,21:47:34,0.095,0.578,0,0,eGFP2
13688,21:47:35,0.094,0.610,0,0,eGFP2
13689,21:47:36,0.106,0.622,0,0,eGFP2
13690,21:47:36,0.116,0.720,0,0,eGFP2
13691,21:47:37,0.097,0.547,0,0,eGFP2
13692,21:47:37,0.094,0.533,0,0,eGFP2
13693,21:47:38,0.084,0.490,0,0,eGFP2
13694,21:47:39,0.084,0.666,0,0,eGFP2
13695,21:47:39,0.133,0.747,0,0,eGFP2
13696,21:47:40,0.107,0.634,0,0,eGFP2
13697,21:47:41,0.116,0.643,0,0,eGFP2
13698,21:47:41,0.105,0.720,0,0,eGFP2
13699,21:47:42,0.120,0.636,0,0,eGFP2
13700,21:47:43,0.105,0.896,0,0,eGFP2
13701,21:47:44,0.160,0.741,0,0,eGFP2
13702,21:47:44,0.127,0.742,0,0,eGFP2
13703,21:47:45,0.105,0.632,0,0,eGFP2
13704,21:47:46,0.105,0.610,0,0,eGFP2
13705,21:47:46,0.116,0.599,0,0,eGFP2
13706,21:47:47,0.094,0.632,0,0,eGFP2
13707,21:47:48,0.118,0.666,0,0,eGFP2
13708,21:47:48,0.117,0.610,0,0,eGFP2
13709,21:47:49,0.106,0.578,0,0,eGFP2
13710,21:47:49,0.085,0.589,0,0,eGFP2
13711,21:47:50,0.128,0.753,0,0,eGFP2
13712,21:47:51,0.117,0.621,0,0,eGFP2
13713,21:47:51,0.106,0.512,0,0,eGFP2
13714,21:47:52,0.094,0.555,0,0,eGFP2
13715,21:47:52,0.096,0.513,0,0,eGFP2
13716,21:47:53,0.095,0.556,0,0,eGFP2
13717,21:47:53,0.094,0.654,0,0,eGFP2
13718,21:47:54,0.149,0.906,0,0,eGFP2
13719,21:47:55,0.128,0.775,0,0,eGFP2
13720,21:47:56,0.139,0.709,0,0,eGFP2
13721,21:47:57,0.128,0.665,0,0,eGFP2
13722,21:47:57,0.106,0.578,0,0,eGFP2
13723,21:47:58,0.096,0.524,0,0,eGFP2
13724,21:47:58,0.082,0.510,0,0,eGFP2
13725,21:47:59,0.138,0.709,0,0,eGFP2
13726,21:47:59,0.402,0.665,0,0,eGFP2
13727,21:48:04,1.423,5.000,0,0,eGFP2
13728,21:48:05,0.227,0.479,0,0,eGFP2
13729,21:48:06,0.292,1.104,0,0,eGFP2
13730,21:48:07,0.084,0.874,0,0,eGFP2
13731,21:48:08,0.314,0.918,0,0,eGFP2
13732,21:48:09,0.107,0.645,0,0,eGFP2
13733,21:48:09,0.105,0.577,0,0,eGFP2
13734,21:48:10,0.084,0.512,0,0,eGFP2
13735,21:48:10,0.094,0.544,0,0,eGFP2
13736,21:48:11,0.095,0.501,0,0,eGFP2
13737,21:48:11,0.086,0.568,0,0,eGFP2
13738,21:48:12,0.117,0.699,0,0,eGFP2
13739,21:48:12,0.105,0.588,0,0,eGFP2
13740,21:48:13,0.108,0.733,0,0,eGFP2
13741,21:48:14,0.128,0.687,0,0,eGFP2
13742,21:48:15,0.128,0.710,0,0,eGFP2
13743,21:48:15,0.105,0.687,0,0,eGFP2
13744,21:48:16,0.150,0.962,0,0,eGFP2
13745,21:48:17,0.204,0.951,0,0,eGFP2
13746,21:48:18,0.127,0.775,0,0,eGFP2
13747,21:48:19,0.127,0.632,0,0,eGFP2
13748,21:48:19,0.108,0.700,0,0,eGFP2
13749,21:48:20,0.117,0.732,0,0,eGFP2
13750,21:48:21,0.151,0.832,0,0,eGFP2
13751,21:48:22,0.116,0.764,0,0,eGFP2
13752,21:48:22,0.128,0.720,0,0,eGFP2
13753,21:48:23,0.139,0.721,0,0,eGFP2
13754,21:48:24,0.116,0.819,0,0,eGFP2
13755,21:48:25,0.150,0.731,0,0,eGFP2
13756,21:48:25,0.119,0.656,0,0,eGFP2
13757,21:48:26,0.106,0.809,0,0,eGFP2
13758,21:48:27,0.198,1.318,0,0,eGFP2
13759,21:48:28,0.215,1.027,0,0,eGFP2
13760,21:48:29,0.138,0.708,0,0,eGFP2
13761,21:48:30,0.095,0.578,0,0,eGFP2
13762,21:48:30,0.094,0.544,0,0,eGFP2
13763,21:48:31,0.083,0.544,0,0,eGFP2
13764,21:48:31,0.108,0.558,0,0,eGFP2
13765,21:48:32,0.083,0.511,0,0,eGFP2
13766,21:48:33,0.095,0.764,0,0,eGFP2
13767,21:48:33,0.149,0.764,0,0,eGFP2
13768,21:48:34,0.116,0.632,0,0,eGFP2
13769,21:48:35,0.105,0.643,0,0,eGFP2
13770,21:48:35,0.127,0.709,0,0,eGFP2
13771,21:48:36,0.105,0.643,0,0,eGFP2
13772,21:48:37,0.117,0.688,0,0,eGFP2
13773,21:48:39,1.609,2.465,0,0,eGFP2
13774,21:48:40,0.171,0.829,0,0,eGFP2
13775,21:48:41,0.106,0.556,0,0,eGFP2
13776,21:48:42,0.094,0.906,0,0,eGFP2
13777,21:48:43,0.338,1.139,0,0,eGFP2
13778,21:48:43,0.127,0.643,0,0,eGFP2
13779,21:48:44,0.105,0.610,0,0,eGFP2
13780,21:48:44,0.096,0.579,0,0,eGFP2
13781,21:48:45,0.105,0.577,0,0,eGFP2
13782,21:48:46,0.095,0.534,0,0,eGFP2
13783,21:48:46,0.094,0.720,0,0,eGFP2
13784,21:48:47,0.127,0.884,0,0,eGFP2
13785,21:48:48,0.226,1.302,0,0,eGFP2
13786,21:48:49,0.138,0.775,0,0,eGFP2
13787,21:48:50,0.149,0.829,0,0,eGFP2
13788,21:48:51,0.128,0.698,0,0,eGFP2
13789,21:48:51,0.119,0.689,0,0,eGFP2
13790,21:48:52,0.129,0.777,0,0,eGFP2
13791,21:48:53,0.171,0.874,0,0,eGFP2
13792,21:48:54,0.105,0.599,0,0,eGFP2
13793,21:48:54,0.084,0.533,0,0,eGFP2
13794,21:48:55,0.095,0.589,0,0,eGFP2
13795,21:48:55,0.094,0.599,0,0,eGFP2
13796,21:48:58,0.117,3.036,0,0,eGFP2
13797,21:49:01,0.184,2.159,0,0,eGFP2
13798,21:49:01,0.150,0.764,0,0,eGFP2
13799,21:49:02,0.117,0.797,0,0,eGFP2
13800,21:49:03,0.161,0.764,0,0,eGFP2
13801,21:49:04,0.238,0.841,0,0,eGFP2
13802,21:49:04,0.095,0.611,0,0,eGFP2
13803,21:49:05,0.106,0.599,0,0,eGFP2
13804,21:49:06,0.097,0.602,0,0,eGFP2
13805,21:49:06,0.107,0.656,0,0,eGFP2
13806,21:49:07,0.116,0.808,0,0,eGFP2
13807,21:49:08,0.138,0.917,0,0,eGFP2
13808,21:49:09,0.216,1.072,0,0,eGFP2
13809,21:49:10,0.150,0.830,0,0,eGFP2
13810,21:49:15,4.100,5.373,0,0,eGFP2
13811,21:49:16,0.183,0.863,0,0,eGFP2
13812,21:49:17,0.106,0.578,0,0,eGFP2
13813,21:49:17,0.085,0.656,0,0,eGFP2
13814,21:49:18,0.149,0.709,0,0,eGFP2
13815,21:49:19,0.095,0.600,0,0,eGFP2
13816,21:49:19,0.117,0.643,0,0,eGFP2
13817,21:49:20,0.108,0.668,0,0,eGFP2
13818,21:49:21,0.105,0.577,0,0,eGFP2
13819,21:49:21,0.095,0.589,0,0,eGFP2
13820,21:49:22,0.106,0.567,0,0,eGFP2
13821,21:49:22,0.079,0.540,0,0,eGFP2
13822,21:49:23,0.105,0.687,0,0,eGFP2
13823,21:49:24,0.127,0.676,0,0,eGFP2
13824,21:49:25,0.127,0.873,0,0,eGFP2
13825,21:49:26,0.149,1.016,0,0,eGFP2
13826,21:49:26,0.291,0.610,0,0,eGFP2
13827,21:49:27,0.621,1.345,0,0,eGFP2
13828,21:49:28,0.105,0.632,0,0,eGFP2
13829,21:49:29,0.118,0.688,0,0,eGFP2
13830,21:49:29,0.116,0.621,0,0,eGFP2
13831,21:49:30,0.096,0.546,0,0,eGFP2
13832,21:49:30,0.094,0.522,0,0,eGFP2
13833,21:49:31,0.094,0.654,0,0,eGFP2
13834,21:49:32,0.127,0.775,0,0,eGFP2
13835,21:49:33,0.116,0.720,0,0,eGFP2
13836,21:49:33,0.138,0.796,0,0,eGFP2
13837,21:49:34,0.151,0.788,0,0,eGFP2
13838,21:49:35,0.138,0.873,0,0,eGFP2
13839,21:49:36,0.248,1.038,0,0,eGFP2
13840,21:49:37,0.118,0.611,0,0,eGFP2
13841,21:49:37,0.095,0.611,0,0,eGFP2
13842,21:49:38,0.127,0.665,0,0,eGFP2
13843,21:49:39,0.105,0.643,0,0,eGFP2
13844,21:49:39,0.118,0.732,0,0,eGFP2
13845,21:49:40,0.118,0.612,0,0,eGFP2
13846,21:49:41,0.083,0.544,0,0,eGFP2
13847,21:49:41,0.095,0.578,0,0,eGFP2
13848,21:49:42,0.105,0.665,0,0,eGFP2
13849,21:49:42,0.105,0.632,0,0,eGFP2
13850,21:49:43,0.127,0.808,0,0,eGFP2
13851,21:49:44,0.127,0.720,0,0,eGFP2
13852,21:49:45,0.116,0.654,0,0,eGFP2
13853,21:49:45,0.105,0.555,0,0,eGFP2
13854,21:49:46,0.085,0.502,0,0,eGFP2
13855,21:49:46,0.095,0.611,0,0,eGFP2
13856,21:49:47,0.127,0.753,0,0,eGFP2
13857,21:49:48,0.127,0.785,0,0,eGFP2
13858,21:49:49,0.119,0.689,0,0,eGFP2
13859,21:49:49,0.106,0.600,0,0,eGFP2
13860,21:49:50,0.094,0.544,0,0,eGFP2
13861,21:49:50,0.084,0.534,0,0,eGFP2
13862,21:49:51,0.107,0.787,0,0,eGFP2
13863,21:49:52,0.150,0.940,0,0,eGFP2
13864,21:49:53,0.226,1.049,0,0,eGFP2
13865,21:49:54,0.139,0.775,0,0,eGFP2
13866,21:49:57,2.366,3.310,0,0,eGFP2
13867,21:49:58,0.150,0.676,0,0,eGFP2
13868,21:49:58,0.095,0.589,0,0,eGFP2
13869,21:49:59,0.106,0.610,0,0,eGFP2
13870,21:50:00,0.108,0.722,0,0,eGFP2
13871,21:50:00,0.108,0.667,0,0,eGFP2
13872,21:50:01,0.128,0.644,0,0,eGFP2
13873,21:50:02,0.105,0.654,0,0,eGFP2
13874,21:50:02,0.117,0.709,0,0,eGFP2
13875,21:50:03,0.128,0.863,0,0,eGFP2
13876,21:50:04,0.161,0.863,0,0,eGFP2
13877,21:50:05,0.151,1.139,0,0,eGFP2
13878,21:50:06,0.283,0.941,0,0,eGFP2
13879,21:50:07,0.128,0.666,0,0,eGFP2
13880,21:50:07,0.094,0.577,0,0,eGFP2
13881,21:50:08,0.106,0.611,0,0,eGFP2
13882,21:50:09,0.106,0.709,0,0,eGFP2
13883,21:50:10,0.150,0.852,0,0,eGFP2
13884,21:50:11,0.183,1.346,0,0,eGFP2
13885,21:50:12,0.145,0.748,0,0,eGFP2
13886,21:50:12,0.118,0.689,0,0,eGFP2
13887,21:50:13,0.116,0.884,0,0,eGFP2
13888,21:50:14,0.182,0.873,0,0,eGFP2
13889,21:50:15,0.127,0.720,0,0,eGFP2
13890,21:50:16,0.127,0.774,0,0,eGFP2
13891,21:50:16,0.116,0.643,0,0,eGFP2
13892,21:50:17,0.105,0.599,0,0,eGFP2
13893,21:50:17,0.094,0.577,0,0,eGFP2
13894,21:50:18,0.107,0.590,0,0,eGFP2
13895,21:50:19,0.094,0.709,0,0,eGFP2
13896,21:50:20,0.138,0.818,0,0,eGFP2
13897,21:50:20,0.182,0.950,0,0,eGFP2
13898,21:50:21,0.140,0.722,0,0,eGFP2
13899,21:50:22,0.105,0.632,0,0,eGFP2
13900,21:50:22,0.094,0.577,0,0,eGFP2
13901,21:50:23,0.094,0.621,0,0,eGFP2
13902,21:50:24,0.118,0.809,0,0,eGFP2
13903,21:50:25,0.139,1.006,0,0,eGFP2
13904,21:50:26,0.687,1.466,0,0,eGFP2
13905,21:50:27,0.116,0.632,0,0,eGFP2
13906,21:50:28,0.105,0.621,0,0,eGFP2
13907,21:50:28,0.105,0.665,0,0,eGFP2
13908,21:50:29,0.116,0.566,0,0,eGFP2
13909,21:50:29,0.095,0.611,0,0,eGFP2
13910,21:50:30,0.107,0.600,0,0,eGFP2
13911,21:50:31,0.095,0.523,0,0,eGFP2
13912,21:50:31,0.085,0.524,0,0,eGFP2
13913,21:50:32,0.094,0.698,0,0,eGFP2
13914,21:50:33,0.237,1.510,0,0,eGFP2
13915,21:50:34,0.128,0.742,0,0,eGFP2
13916,21:50:35,0.117,0.599,0,0,eGFP2
13917,21:50:35,0.084,0.600,0,0,eGFP2
13918,21:50:36,0.138,0.775,0,0,eGFP2
13919,21:50:37,0.107,0.645,0,0,eGFP2
13920,21:50:37,0.094,0.555,0,0,eGFP2
13921,21:50:38,0.095,0.578,0,0,eGFP2
13922,21:50:39,0.105,0.775,0,0,eGFP2
13923,21:50:39,0.138,0.818,0,0,eGFP2
13924,21:50:40,0.183,0.973,0,0,eGFP2
13925,21:50:41,0.184,1.040,0,0,eGFP2
13926,21:50:42,0.117,0.599,0,0,eGFP2
13927,21:50:42,0.097,0.503,0,0,eGFP2
13928,21:50:43,0.094,0.500,0,0,eGFP2
13929,21:50:43,0.084,0.490,0,0,eGFP2
13930,21:50:44,0.084,0.567,0,0,eGFP2
13931,21:50:45,0.105,0.610,0,0,eGFP2
13932,21:50:45,0.095,0.676,0,0,eGFP2
13933,21:50:46,0.128,0.808,0,0,eGFP2
13934,21:50:47,0.117,0.797,0,0,eGFP2
13935,21:50:48,0.141,0.711,0,0,eGFP2
13936,21:50:48,0.106,0.578,0,0,eGFP2
13937,21:50:49,0.095,0.533,0,0,eGFP2
13938,21:50:49,0.084,0.479,0,0,eGFP2
13939,21:50:50,0.086,0.536,0,0,eGFP2
13940,21:50:50,0.095,0.577,0,0,eGFP2
13941,21:50:51,0.106,0.622,0,0,eGFP2
13942,21:50:52,0.117,1.060,0,0,eGFP2
13943,21:50:53,0.338,1.107,0,0,eGFP2
13944,21:50:54,0.116,0.610,0,0,eGFP2
13945,21:50:54,0.095,0.512,0,0,eGFP2
13946,21:50:55,0.084,0.490,0,0,eGFP2
13947,21:50:55,0.084,0.698,0,0,eGFP2
13948,21:50:56,0.133,0.836,0,0,eGFP2
13949,21:50:57,0.138,0.664,0,0,eGFP2
13950,21:50:58,0.094,0.654,0,0,eGFP2
13951,21:50:58,0.140,0.732,0,0,eGFP2
13952,21:50:59,0.129,0.733,0,0,eGFP2
13953,21:51:00,0.127,0.730,0,0,eGFP2
13954,21:51:00,0.106,0.709,0,0,eGFP2
13955,21:51:01,0.182,0.972,0,0,eGFP2
13956,21:51:02,0.139,0.676,0,0,eGFP2
13957,21:51:03,0.095,0.545,0,0,eGFP2
13958,21:51:03,0.094,0.533,0,0,eGFP2
13959,21:51:04,0.085,0.590,0,0,eGFP2
13960,21:51:04,0.116,0.719,0,0,eGFP2
13961,21:51:05,0.161,0.852,0,0,eGFP2
13962,21:51:06,0.116,0.665,0,0,eGFP2
13963,21:51:07,0.105,0.555,0,0,eGFP2
13964,21:51:07,0.083,0.478,0,0,eGFP2
13965,21:51:08,0.084,0.490,0,0,eGFP2
13966,21:51:08,0.107,0.842,0,0,eGFP2
13967,21:51:10,0.184,1.555,0,0,eGFP2
13968,21:51:12,0.248,1.642,0,0,eGFP2
13969,21:51:12,0.138,0.753,0,0,eGFP2
13970,21:51:13,0.116,0.610,0,0,eGFP2
13971,21:51:13,0.095,0.534,0,0,eGFP2
13972,21:51:14,0.083,0.500,0,0,eGFP2
13973,21:51:14,0.095,0.523,0,0,eGFP2
13974,21:51:15,0.083,0.654,0,0,eGFP2
13975,21:51:16,0.173,0.952,0,0,eGFP2
13976,21:51:17,0.138,0.753,0,0,eGFP2
13977,21:51:18,0.138,0.775,0,0,eGFP2
13978,21:51:18,0.127,0.808,0,0,eGFP2
13979,21:51:19,0.195,0.952,0,0,eGFP2
13980,21:51:20,0.138,0.720,0,0,eGFP2
13981,21:51:21,0.127,0.808,0,0,eGFP2
13982,21:51:21,0.105,0.544,0,0,eGFP2
13983,21:51:22,0.095,0.523,0,0,eGFP2
13984,21:51:23,0.096,0.623,0,0,eGFP2
13985,21:51:23,0.127,0.797,0,0,eGFP2
13986,21:51:24,0.127,0.709,0,0,eGFP2
13987,21:51:25,0.117,0.720,0,0,eGFP2
13988,21:51:26,0.150,1.060,0,0,eGFP2
13989,21:51:27,0.183,0.797,0,0,eGFP2
13990,21:51:27,0.106,0.655,0,0,eGFP2
13991,21:51:28,0.105,0.742,0,0,eGFP2
13992,21:51:29,0.107,0.568,0,0,eGFP2
13993,21:51:29,0.086,0.503,0,0,eGFP2
13994,21:51:30,0.083,0.555,0,0,eGFP2
13995,21:51:30,0.095,0.545,0,0,eGFP2
13996,21:51:31,0.095,0.665,0,0,eGFP2
13997,21:51:32,0.150,1.017,0,0,eGFP2
13998,21:51:35,0.435,3.540,0,0,eGFP2
13999,21:51:37,0.413,1.171,0,0,eGFP2
14000,21:51:37,0.140,0.810,0,0,eGFP2
14001,21:51:38,0.105,0.577,0,0,eGFP2
14002,21:51:39,0.095,0.545,0,0,eGFP2
14003,21:51:39,0.095,0.512,0,0,eGFP2
14004,21:51:40,0.095,0.753,0,0,eGFP2
14005,21:51:41,0.150,0.808,0,0,eGFP2
14006,21:51:41,0.130,0.667,0,0,eGFP2
14007,21:51:42,0.106,0.589,0,0,eGFP2
14008,21:51:43,0.108,0.722,0,0,eGFP2
14009,21:51:43,0.128,0.786,0,0,eGFP2
14010,21:51:44,0.139,0.666,0,0,eGFP2
14011,21:51:45,0.100,0.583,0,0,eGFP2
14012,21:51:45,0.105,0.599,0,0,eGFP2
14013,21:51:46,0.116,0.808,0,0,eGFP2
14014,21:51:47,0.247,1.224,0,0,eGFP2
14015,21:51:48,0.138,0.786,0,0,eGFP2
14016,21:51:49,0.106,0.578,0,0,eGFP2
14017,21:51:49,0.095,0.512,0,0,eGFP2
14018,21:51:50,0.083,0.566,0,0,eGFP2
14019,21:51:51,0.138,0.884,0,0,eGFP2
14020,21:51:51,0.129,0.677,0,0,eGFP2
14021,21:51:52,0.095,0.534,0,0,eGFP2
14022,21:51:52,0.083,0.489,0,0,eGFP2
14023,21:51:53,0.083,0.467,0,0,eGFP2
14024,21:51:53,0.096,0.601,0,0,eGFP2
14025,21:51:54,0.149,0.775,0,0,eGFP2
14026,21:51:55,0.116,0.709,0,0,eGFP2
14027,21:51:56,0.127,0.643,0,0,eGFP2
14028,21:51:56,0.105,0.720,0,0,eGFP2
14029,21:51:57,0.116,0.719,0,0,eGFP2
14030,21:51:58,0.106,0.643,0,0,eGFP2
14031,21:51:58,0.106,0.567,0,0,eGFP2
14032,21:51:59,0.096,0.491,0,0,eGFP2
14033,21:51:59,0.085,0.513,0,0,eGFP2
14034,21:52:00,0.094,0.621,0,0,eGFP2
14035,21:52:01,0.105,0.808,0,0,eGFP2
14036,21:52:01,0.138,0.785,0,0,eGFP2
14037,21:52:02,0.150,0.786,0,0,eGFP2
14038,21:52:03,0.149,0.929,0,0,eGFP2
14039,21:52:04,0.182,0.884,0,0,eGFP2
14040,21:52:05,0.129,0.821,0,0,eGFP2
14041,21:52:05,0.138,0.643,0,0,eGFP2
14042,21:52:06,0.094,0.577,0,0,eGFP2
14043,21:52:07,0.095,0.567,0,0,eGFP2
14044,21:52:07,0.106,0.666,0,0,eGFP2
14045,21:52:08,0.105,0.610,0,0,eGFP2
14046,21:52:08,0.118,0.590,0,0,eGFP2
14047,21:52:09,0.084,0.490,0,0,eGFP2
14048,21:52:09,0.083,0.500,0,0,eGFP2
14049,21:52:10,0.097,0.689,0,0,eGFP2
14050,21:52:11,0.117,0.742,0,0,eGFP2
14051,21:52:12,0.117,0.753,0,0,eGFP2
14052,21:52:12,0.128,0.775,0,0,eGFP2
14053,21:52:14,0.786,1.708,0,0,eGFP2
14054,21:52:15,0.128,0.611,0,0,eGFP2
14055,21:52:15,0.094,0.511,0,0,eGFP2
14056,21:52:16,0.084,0.512,0,0,eGFP2
14057,21:52:16,0.096,0.755,0,0,eGFP2
14058,21:52:17,0.160,0.884,0,0,eGFP2
14059,21:52:18,0.139,0.677,0,0,eGFP2
14060,21:52:19,0.096,0.623,0,0,eGFP2
14061,21:52:19,0.128,0.643,0,0,eGFP2
14062,21:52:20,0.117,0.732,0,0,eGFP2
14063,21:52:21,0.149,0.742,0,0,eGFP2
14064,21:52:22,0.127,0.940,0,0,eGFP2
14065,21:52:23,0.184,0.831,0,0,eGFP2
14066,21:52:24,0.139,0.995,0,0,eGFP2
14067,21:52:24,0.149,0.687,0,0,eGFP2
14068,21:52:25,0.095,0.600,0,0,eGFP2
14069,21:52:25,0.106,0.555,0,0,eGFP2
14070,21:52:26,0.095,0.567,0,0,eGFP2
14071,21:52:27,0.095,0.578,0,0,eGFP2
14072,21:52:27,0.095,0.610,0,0,eGFP2
14073,21:52:28,0.121,0.702,0,0,eGFP2
14074,21:52:29,0.139,0.907,0,0,eGFP2
14075,21:52:29,0.133,0.660,0,0,eGFP2
14076,21:52:30,0.094,0.730,0,0,eGFP2
14077,21:52:31,0.139,0.764,0,0,eGFP2
14078,21:52:32,0.138,0.764,0,0,eGFP2
14079,21:52:32,0.127,0.807,0,0,eGFP2
14080,21:52:33,0.116,0.709,0,0,eGFP2
14081,21:52:34,0.140,0.798,0,0,eGFP2
14082,21:52:35,0.105,0.654,0,0,eGFP2
14083,21:52:35,0.105,0.610,0,0,eGFP2
14084,21:52:36,0.105,0.588,0,0,eGFP2
14085,21:52:36,0.094,0.566,0,0,eGFP2
14086,21:52:37,0.106,0.610,0,0,eGFP2
14087,21:52:38,0.100,0.604,0,0,eGFP2
14088,21:52:38,0.106,0.687,0,0,eGFP2
14089,21:52:39,0.140,0.919,0,0,eGFP2
14090,21:52:40,0.155,0.956,0,0,eGFP2
14091,21:52:41,0.215,1.169,0,0,eGFP2
14092,21:52:42,0.194,0.841,0,0,eGFP2
14093,21:52:43,0.116,0.621,0,0,eGFP2
14094,21:52:43,0.105,0.555,0,0,eGFP2
14095,21:52:44,0.095,0.523,0,0,eGFP2
14096,21:52:45,0.094,0.621,0,0,eGFP2
14097,21:52:45,0.107,0.765,0,0,eGFP2
14098,21:52:46,0.139,0.687,0,0,eGFP2
14099,21:52:47,0.106,0.676,0,0,eGFP2
14100,21:52:47,0.107,0.579,0,0,eGFP2
14101,21:52:48,0.084,0.512,0,0,eGFP2
14102,21:52:48,0.094,0.555,0,0,eGFP2
14103,21:52:49,0.084,0.512,0,0,eGFP2
14104,21:52:49,0.083,0.577,0,0,eGFP2
14105,21:52:50,0.162,0.952,0,0,eGFP2
14106,21:52:51,0.183,0.984,0,0,eGFP2
14107,21:52:52,0.138,0.797,0,0,eGFP2
14108,21:52:53,0.127,0.852,0,0,eGFP2
14109,21:52:54,0.149,0.797,0,0,eGFP2
14110,21:52:55,0.138,0.731,0,0,eGFP2
14111,21:52:57,0.116,2.103,0,0,eGFP2
14112,21:52:58,0.193,0.961,0,0,eGFP2
14113,21:52:58,0.117,0.720,0,0,eGFP2
14114,21:52:59,0.131,0.691,0,0,eGFP2
14115,21:53:00,0.117,0.643,0,0,eGFP2
14116,21:53:00,0.095,0.545,0,0,eGFP2
14117,21:53:01,0.095,0.501,0,0,eGFP2
14118,21:53:01,0.084,0.566,0,0,eGFP2
14119,21:53:02,0.139,0.808,0,0,eGFP2
14120,21:53:03,0.117,0.611,0,0,eGFP2
14121,21:53:03,0.095,0.534,0,0,eGFP2
14122,21:53:04,0.104,0.598,0,0,eGFP2
14123,21:53:05,0.138,0.819,0,0,eGFP2
14124,21:53:05,0.116,0.730,0,0,eGFP2
14125,21:53:06,0.149,0.786,0,0,eGFP2
14126,21:53:07,0.138,0.851,0,0,eGFP2
14127,21:53:08,0.151,0.765,0,0,eGFP2
14128,21:53:08,0.116,0.665,0,0,eGFP2
14129,21:53:09,0.105,0.599,0,0,eGFP2
14130,21:53:10,0.107,0.568,0,0,eGFP2
14131,21:53:10,0.094,0.533,0,0,eGFP2
14132,21:53:11,0.105,0.621,0,0,eGFP2
14133,21:53:11,0.105,0.610,0,0,eGFP2
14134,21:53:12,0.105,0.643,0,0,eGFP2
14135,21:53:13,0.105,0.555,0,0,eGFP2
14136,21:53:13,0.106,0.775,0,0,eGFP2
14137,21:53:14,0.149,0.819,0,0,eGFP2
14138,21:53:15,0.139,0.908,0,0,eGFP2
14139,21:53:16,0.171,0.873,0,0,eGFP2
14140,21:53:17,0.116,0.599,0,0,eGFP2
14141,21:53:17,0.096,0.579,0,0,eGFP2
14142,21:53:18,0.105,0.720,0,0,eGFP2
14143,21:53:18,0.127,0.599,0,0,eGFP2
14144,21:53:19,0.094,0.511,0,0,eGFP2
14145,21:53:19,0.084,0.512,0,0,eGFP2
14146,21:53:20,0.096,0.634,0,0,eGFP2
14147,21:53:21,0.105,0.588,0,0,eGFP2
14148,21:53:21,0.116,0.621,0,0,eGFP2
14149,21:53:22,0.116,0.775,0,0,eGFP2
14150,21:53:23,0.127,0.709,0,0,eGFP2
14151,21:53:23,0.116,0.632,0,0,eGFP2
14152,21:53:24,0.116,0.610,0,0,eGFP2
14153,21:53:25,0.095,0.567,0,0,eGFP2
14154,21:53:25,0.119,0.822,0,0,eGFP2
14155,21:53:26,0.149,0.862,0,0,eGFP2
14156,21:53:27,0.128,0.720,0,0,eGFP2
14157,21:53:28,0.117,0.622,0,0,eGFP2
14158,21:53:30,0.094,2.871,0,0,eGFP2
14159,21:53:32,0.281,1.214,0,0,eGFP2
14160,21:53:33,0.270,1.290,0,0,eGFP2
14161,21:53:34,0.227,0.940,0,0,eGFP2
14162,21:53:35,0.162,1.303,0,0,eGFP2
14163,21:53:36,0.150,0.753,0,0,eGFP2
14164,21:53:36,0.095,0.534,0,0,eGFP2
14165,21:53:37,0.095,0.621,0,0,eGFP2
14166,21:53:38,0.435,0.885,0,0,eGFP2
14167,21:53:39,0.325,0.951,0,0,eGFP2
14168,21:53:39,0.096,0.524,0,0,eGFP2
14169,21:53:40,0.084,0.468,0,0,eGFP2
14170,21:53:40,0.085,0.491,0,0,eGFP2
14171,21:53:41,0.084,0.567,0,0,eGFP2
14172,21:53:42,0.106,0.709,0,0,eGFP2
14173,21:53:42,0.128,0.654,0,0,eGFP2
14174,21:53:43,0.106,0.710,0,0,eGFP2
14175,21:53:44,0.116,0.742,0,0,eGFP2
14176,21:53:45,0.128,0.830,0,0,eGFP2
14177,21:53:46,0.150,0.863,0,0,eGFP2
14178,21:53:46,0.161,0.863,0,0,eGFP2
14179,21:53:47,0.162,0.766,0,0,eGFP2
14180,21:53:48,0.117,0.742,0,0,eGFP2
14181,21:53:49,0.130,0.722,0,0,eGFP2
14182,21:53:49,0.106,0.797,0,0,eGFP2
14183,21:53:50,0.139,0.765,0,0,eGFP2
14184,21:53:51,0.105,0.632,0,0,eGFP2
14185,21:53:51,0.111,0.583,0,0,eGFP2
14186,21:53:52,0.094,0.577,0,0,eGFP2
14187,21:53:53,0.117,0.710,0,0,eGFP2
14188,21:53:53,0.116,0.796,0,0,eGFP2
14189,21:53:54,0.138,0.731,0,0,eGFP2
14190,21:53:55,0.127,0.632,0,0,eGFP2
14191,21:53:55,0.105,0.577,0,0,eGFP2
14192,21:53:56,0.094,0.544,0,0,eGFP2
14193,21:53:57,0.094,0.599,0,0,eGFP2
14194,21:53:57,0.116,0.720,0,0,eGFP2
14195,21:53:58,0.152,0.789,0,0,eGFP2
14196,21:53:59,0.127,0.719,0,0,eGFP2
14197,21:53:59,0.138,0.698,0,0,eGFP2
14198,21:54:00,0.105,0.577,0,0,eGFP2
14199,21:54:01,0.094,0.533,0,0,eGFP2
14200,21:54:01,0.084,0.501,0,0,eGFP2
14201,21:54:02,0.094,0.643,0,0,eGFP2
14202,21:54:03,0.138,0.785,0,0,eGFP2
14203,21:54:03,0.140,0.820,0,0,eGFP2
14204,21:54:04,0.128,0.720,0,0,eGFP2
14205,21:54:05,0.150,0.951,0,0,eGFP2
14206,21:54:06,0.149,0.807,0,0,eGFP2
14207,21:54:07,0.117,0.753,0,0,eGFP2
14208,21:54:07,0.140,0.831,0,0,eGFP2
14209,21:54:09,0.171,1.477,0,0,eGFP2
14210,21:54:10,0.424,1.335,0,0,eGFP2
14211,21:54:11,0.129,0.732,0,0,eGFP2
14212,21:54:11,0.106,0.567,0,0,eGFP2
14213,21:54:12,0.083,0.511,0,0,eGFP2
14214,21:54:12,0.084,0.490,0,0,eGFP2
14215,21:54:13,0.083,0.468,0,0,eGFP2
14216,21:54:13,0.083,0.533,0,0,eGFP2
14217,21:54:14,0.095,0.720,0,0,eGFP2
14218,21:54:15,0.128,0.753,0,0,eGFP2
14219,21:54:16,0.144,0.912,0,0,eGFP2
14220,21:54:17,0.138,0.665,0,0,eGFP2
14221,21:54:17,0.105,0.544,0,0,eGFP2
14222,21:54:18,0.086,0.557,0,0,eGFP2
14223,21:54:18,0.128,0.819,0,0,eGFP2
14224,21:54:19,0.139,0.742,0,0,eGFP2
14225,21:54:20,0.106,0.567,0,0,eGFP2
14226,21:54:20,0.094,0.489,0,0,eGFP2
14227,21:54:21,0.097,0.766,0,0,eGFP2
14228,21:54:22,0.183,0.819,0,0,eGFP2
14229,21:54:22,0.106,0.567,0,0,eGFP2
14230,21:54:23,0.084,0.501,0,0,eGFP2
14231,21:54:24,0.094,0.687,0,0,eGFP2
14232,21:54:24,0.160,0.841,0,0,eGFP2
14233,21:54:25,0.128,0.742,0,0,eGFP2
14234,21:54:26,0.128,0.633,0,0,eGFP2
14235,21:54:26,0.085,0.502,0,0,eGFP2
14236,21:54:27,0.093,0.554,0,0,eGFP2
14237,21:54:28,0.161,0.874,0,0,eGFP2
14238,21:54:28,0.117,0.732,0,0,eGFP2
14239,21:54:29,0.160,1.005,0,0,eGFP2
14240,21:54:30,0.161,0.885,0,0,eGFP2
14241,21:54:31,0.106,0.600,0,0,eGFP2
14242,21:54:32,0.106,0.578,0,0,eGFP2
14243,21:54:32,0.094,0.544,0,0,eGFP2
14244,21:54:33,0.097,0.525,0,0,eGFP2
14245,21:54:33,0.084,0.490,0,0,eGFP2
14246,21:54:34,0.084,0.523,0,0,eGFP2
14247,21:54:34,0.095,0.534,0,0,eGFP2
14248,21:54:35,0.122,1.000,0,0,eGFP2
14249,21:54:36,0.194,0.875,0,0,eGFP2
14250,21:54:37,0.127,0.697,0,0,eGFP2
14251,21:54:37,0.106,0.610,0,0,eGFP2
14252,21:54:38,0.096,0.546,0,0,eGFP2
14253,21:54:38,0.083,0.500,0,0,eGFP2
14254,21:54:39,0.106,0.698,0,0,eGFP2
14255,21:54:40,0.116,0.687,0,0,eGFP2
14256,21:54:40,0.116,0.610,0,0,eGFP2
14257,21:54:41,0.094,0.544,0,0,eGFP2
14258,21:54:41,0.084,0.512,0,0,eGFP2
14259,21:54:42,0.083,0.610,0,0,eGFP2
14260,21:54:43,0.117,0.743,0,0,eGFP2
14261,21:54:44,0.127,0.742,0,0,eGFP2
14262,21:54:44,0.140,0.809,0,0,eGFP2
14263,21:54:45,0.127,0.830,0,0,eGFP2
14264,21:54:46,0.149,0.741,0,0,eGFP2
14265,21:54:46,0.106,0.567,0,0,eGFP2
14266,21:54:47,0.083,0.511,0,0,eGFP2
14267,21:54:48,0.127,0.819,0,0,eGFP2
14268,21:54:49,0.118,0.710,0,0,eGFP2
14269,21:54:49,0.139,0.731,0,0,eGFP2
14270,21:54:50,0.128,0.698,0,0,eGFP2
14271,21:54:51,0.117,0.621,0,0,eGFP2
14272,21:54:51,0.095,0.512,0,0,eGFP2
14273,21:54:52,0.094,0.533,0,0,eGFP2
14274,21:54:52,0.095,0.687,0,0,eGFP2
14275,21:54:54,0.775,1.708,0,0,eGFP2
14276,21:54:55,0.372,1.151,0,0,eGFP2
14277,21:54:56,0.226,1.071,0,0,eGFP2
14278,21:54:57,0.106,0.589,0,0,eGFP2
14279,21:54:57,0.083,0.500,0,0,eGFP2
14280,21:54:58,0.073,0.457,0,0,eGFP2
14281,21:54:58,0.095,0.676,0,0,eGFP2
14282,21:54:59,0.128,0.676,0,0,eGFP2
14283,21:55:00,0.106,0.589,0,0,eGFP2
14284,21:55:00,0.096,0.535,0,0,eGFP2
14285,21:55:01,0.095,0.621,0,0,eGFP2
14286,21:55:01,0.106,0.578,0,0,eGFP2
14287,21:55:02,0.105,0.577,0,0,eGFP2
14288,21:55:03,0.095,0.490,0,0,eGFP2
14289,21:55:03,0.074,0.469,0,0,eGFP2
14290,21:55:04,0.084,0.567,0,0,eGFP2
14291,21:55:04,0.117,0.610,0,0,eGFP2
14292,21:55:05,0.097,0.602,0,0,eGFP2
14293,21:55:06,0.127,0.731,0,0,eGFP2
14294,21:55:06,0.116,0.621,0,0,eGFP2
14295,21:55:07,0.095,0.720,0,0,eGFP2
14296,21:55:08,0.139,0.787,0,0,eGFP2
14297,21:55:08,0.116,0.841,0,0,eGFP2
14298,21:55:10,0.160,1.038,0,0,eGFP2
14299,21:55:11,0.216,1.017,0,0,eGFP2
14300,21:55:11,0.149,0.720,0,0,eGFP2
14301,21:55:12,0.129,0.667,0,0,eGFP2
14302,21:55:13,0.097,0.656,0,0,eGFP2
14303,21:55:13,0.117,0.622,0,0,eGFP2
14304,21:55:14,0.095,0.545,0,0,eGFP2
14305,21:55:14,0.094,0.511,0,0,eGFP2
14306,21:55:15,0.095,0.523,0,0,eGFP2
14307,21:55:15,0.106,0.677,0,0,eGFP2
14308,21:55:16,0.117,0.764,0,0,eGFP2
14309,21:55:17,0.140,0.722,0,0,eGFP2
14310,21:55:18,0.117,0.764,0,0,eGFP2
14311,21:55:18,0.122,0.671,0,0,eGFP2
14312,21:55:19,0.105,0.643,0,0,eGFP2
14313,21:55:20,0.105,0.687,0,0,eGFP2
14314,21:55:21,0.160,1.049,0,0,eGFP2
14315,21:55:22,0.225,1.070,0,0,eGFP2
14316,21:55:23,0.151,0.798,0,0,eGFP2
14317,21:55:23,0.140,0.656,0,0,eGFP2
14318,21:55:24,0.094,0.533,0,0,eGFP2
14319,21:55:24,0.083,0.511,0,0,eGFP2
14320,21:55:25,0.084,0.676,0,0,eGFP2
14321,21:55:26,0.138,0.720,0,0,eGFP2
14322,21:55:26,0.116,0.610,0,0,eGFP2
14323,21:55:27,0.094,0.522,0,0,eGFP2
14324,21:55:27,0.094,0.511,0,0,eGFP2
14325,21:55:28,0.085,0.491,0,0,eGFP2
14326,21:55:28,0.084,0.599,0,0,eGFP2
14327,21:55:29,0.161,0.907,0,0,eGFP2
14328,21:55:30,0.138,0.862,0,0,eGFP2
14329,21:55:31,0.118,0.612,0,0,eGFP2
14330,21:55:31,0.105,0.566,0,0,eGFP2
14331,21:55:32,0.095,0.523,0,0,eGFP2
14332,21:55:32,0.094,0.511,0,0,eGFP2
14333,21:55:33,0.085,0.601,0,0,eGFP2
14334,21:55:34,0.127,0.764,0,0,eGFP2
14335,21:55:35,0.116,0.774,0,0,eGFP2
14336,21:55:35,0.150,0.808,0,0,eGFP2
14337,21:55:36,0.127,0.654,0,0,eGFP2
14338,21:55:37,0.095,0.599,0,0,eGFP2
14339,21:55:37,0.117,0.665,0,0,eGFP2
14340,21:55:38,0.139,0.852,0,0,eGFP2
14341,21:55:39,0.140,0.810,0,0,eGFP2
14342,21:55:40,0.127,0.698,0,0,eGFP2
14343,21:55:40,0.118,0.633,0,0,eGFP2
14344,21:55:41,0.117,0.709,0,0,eGFP2
14345,21:55:42,0.128,0.764,0,0,eGFP2
14346,21:55:43,0.139,1.094,0,0,eGFP2
14347,21:55:44,0.270,1.279,0,0,eGFP2
14348,21:55:45,0.172,0.852,0,0,eGFP2
14349,21:55:46,0.118,0.634,0,0,eGFP2
14350,21:55:46,0.095,0.523,0,0,eGFP2
14351,21:55:47,0.094,0.511,0,0,eGFP2
14352,21:55:47,0.084,0.501,0,0,eGFP2
14353,21:55:48,0.083,0.500,0,0,eGFP2
14354,21:55:48,0.084,0.501,0,0,eGFP2
14355,21:55:49,0.084,0.632,0,0,eGFP2
14356,21:55:50,0.152,0.777,0,0,eGFP2
14357,21:55:50,0.096,0.568,0,0,eGFP2
14358,21:55:51,0.095,0.534,0,0,eGFP2
14359,21:55:51,0.095,0.610,0,0,eGFP2
14360,21:55:52,0.106,0.523,0,0,eGFP2
14361,21:55:52,0.084,0.479,0,0,eGFP2
14362,21:55:53,0.083,0.522,0,0,eGFP2
14363,21:55:53,0.095,0.534,0,0,eGFP2
14364,21:55:54,0.095,0.545,0,0,eGFP2
14365,21:55:55,0.107,0.699,0,0,eGFP2
14366,21:55:55,0.119,0.777,0,0,eGFP2
14367,21:55:56,0.139,0.841,0,0,eGFP2
14368,21:55:57,0.139,0.775,0,0,eGFP2
14369,21:55:58,0.128,0.797,0,0,eGFP2
14370,21:55:58,0.130,0.700,0,0,eGFP2
14371,21:55:59,0.117,0.611,0,0,eGFP2
14372,21:56:00,0.095,0.556,0,0,eGFP2
14373,21:56:00,0.094,0.544,0,0,eGFP2
14374,21:56:01,0.097,0.547,0,0,eGFP2
14375,21:56:01,0.099,0.637,0,0,eGFP2
14376,21:56:02,0.127,0.720,0,0,eGFP2
14377,21:56:03,0.105,0.675,0,0,eGFP2
14378,21:56:04,0.139,0.808,0,0,eGFP2
14379,21:56:04,0.116,0.720,0,0,eGFP2
14380,21:56:05,0.138,0.752,0,0,eGFP2
14381,21:56:06,0.127,0.742,0,0,eGFP2
14382,21:56:07,0.128,0.842,0,0,eGFP2
14383,21:56:08,0.161,0.907,0,0,eGFP2
14384,21:56:08,0.139,0.654,0,0,eGFP2
14385,21:56:09,0.095,0.578,0,0,eGFP2
14386,21:56:09,0.094,0.577,0,0,eGFP2
14387,21:56:10,0.116,0.719,0,0,eGFP2
14388,21:56:11,0.117,0.676,0,0,eGFP2
14389,21:56:11,0.117,0.753,0,0,eGFP2
14390,21:56:12,0.129,0.645,0,0,eGFP2
14391,21:56:13,0.105,0.687,0,0,eGFP2
14392,21:56:14,0.105,0.720,0,0,eGFP2
14393,21:58:02,0.226,108.649,0,0,eGFP2
14394,21:58:03,0.226,0.819,0,0,eGFP2
14395,21:58:04,0.116,0.720,0,0,eGFP2
14396,21:58:04,0.105,0.621,0,0,eGFP2
14397,21:58:05,0.118,0.579,0,0,eGFP2
14398,21:58:05,0.096,0.535,0,0,eGFP2
14399,21:58:06,0.094,0.533,0,0,eGFP2
14400,21:58:07,0.095,0.588,0,0,eGFP2
14401,21:58:07,0.106,0.611,0,0,eGFP2
14402,21:58:08,0.094,0.566,0,0,eGFP2
14403,21:58:08,0.105,0.599,0,0,eGFP2
14404,21:58:09,0.106,0.731,0,0,eGFP2
14405,21:58:10,0.117,0.720,0,0,eGFP2
14406,21:58:11,0.129,0.700,0,0,eGFP2
14407,21:58:11,0.127,0.632,0,0,eGFP2
14408,21:58:12,0.095,0.567,0,0,eGFP2
14409,21:58:12,0.094,0.709,0,0,eGFP2
14410,21:58:13,0.140,0.798,0,0,eGFP2
14411,21:58:14,0.139,0.830,0,0,eGFP2
14412,21:58:15,0.128,0.665,0,0,eGFP2
14413,21:58:15,0.106,0.600,0,0,eGFP2
14414,21:58:16,0.096,0.656,0,0,eGFP2
14415,21:58:17,0.127,0.851,0,0,eGFP2
14416,21:58:18,0.227,1.247,0,0,eGFP2
14417,21:58:19,0.161,0.841,0,0,eGFP2
14418,21:58:20,0.139,0.709,0,0,eGFP2
14419,21:58:21,0.128,0.951,0,0,eGFP2
14420,21:58:22,0.193,1.412,0,0,eGFP2
14421,21:58:23,0.171,0.786,0,0,eGFP2
14422,21:58:24,0.129,0.743,0,0,eGFP2
14423,21:58:24,0.106,0.611,0,0,eGFP2
14424,21:58:25,0.107,0.744,0,0,eGFP2
14425,21:58:26,0.171,0.885,0,0,eGFP2
14426,21:58:26,0.138,0.753,0,0,eGFP2
14427,21:58:27,0.138,0.786,0,0,eGFP2
14428,21:58:28,0.127,0.863,0,0,eGFP2
14429,21:58:29,0.160,1.104,0,0,eGFP2
14430,21:58:30,0.227,1.028,0,0,eGFP2
14431,21:58:31,0.140,0.689,0,0,eGFP2
14432,21:58:32,0.106,0.720,0,0,eGFP2
14433,21:58:32,0.117,0.633,0,0,eGFP2
14434,21:58:33,0.106,0.720,0,0,eGFP2
14435,21:58:34,0.139,0.775,0,0,eGFP2
14436,21:58:34,0.128,0.666,0,0,eGFP2
14437,21:58:35,0.118,0.612,0,0,eGFP2
14438,21:58:36,0.100,0.792,0,0,eGFP2
14439,21:58:37,0.227,1.467,0,0,eGFP2
14440,21:58:38,0.204,0.906,0,0,eGFP2
14441,21:58:39,0.116,0.830,0,0,eGFP2
14442,21:58:40,0.445,1.301,0,0,eGFP2
14443,21:58:41,0.138,0.643,0,0,eGFP2
14444,21:58:42,0.094,0.533,0,0,eGFP2
14445,21:58:42,0.116,0.610,0,0,eGFP2
14446,21:58:43,0.094,0.522,0,0,eGFP2
14447,21:58:43,0.085,0.480,0,0,eGFP2
14448,21:58:44,0.083,0.555,0,0,eGFP2
14449,21:58:44,0.127,0.709,0,0,eGFP2
14450,21:58:45,0.105,0.621,0,0,eGFP2
14451,21:58:46,0.107,0.688,0,0,eGFP2
14452,21:58:46,0.116,0.632,0,0,eGFP2
14453,21:58:47,0.105,0.577,0,0,eGFP2
14454,21:58:47,0.095,0.512,0,0,eGFP2
14455,21:58:48,0.095,0.534,0,0,eGFP2
14456,21:58:49,0.095,0.621,0,0,eGFP2
14457,21:58:49,0.150,0.863,0,0,eGFP2
14458,21:58:50,0.138,0.764,0,0,eGFP2
14459,21:58:51,0.127,0.774,0,0,eGFP2
14460,21:58:52,0.139,0.676,0,0,eGFP2
14461,21:58:52,0.106,0.556,0,0,eGFP2
14462,21:58:53,0.094,0.763,0,0,eGFP2
14463,21:58:54,0.140,0.766,0,0,eGFP2
14464,21:58:55,0.118,0.809,0,0,eGFP2
14465,21:58:55,0.138,0.753,0,0,eGFP2
14466,21:58:56,0.127,0.863,0,0,eGFP2
14467,21:58:57,0.138,0.719,0,0,eGFP2
14468,21:58:58,0.128,0.699,0,0,eGFP2
14469,21:58:58,0.116,0.708,0,0,eGFP2
14470,21:58:59,0.161,0.885,0,0,eGFP2
14471,21:59:00,0.140,0.755,0,0,eGFP2
14472,21:59:01,0.127,0.709,0,0,eGFP2
14473,21:59:01,0.116,0.797,0,0,eGFP2
14474,21:59:02,0.127,0.742,0,0,eGFP2
14475,21:59:03,0.138,0.687,0,0,eGFP2
14476,21:59:03,0.095,0.577,0,0,eGFP2
14477,21:59:04,0.095,0.534,0,0,eGFP2
14478,21:59:05,0.085,0.634,0,0,eGFP2
14479,21:59:05,0.140,0.777,0,0,eGFP2
14480,21:59:06,0.127,0.819,0,0,eGFP2
14481,21:59:07,0.116,0.764,0,0,eGFP2
14482,21:59:10,1.861,2.684,0,0,eGFP2
14483,21:59:10,0.128,0.677,0,0,eGFP2
14484,21:59:11,0.094,0.544,0,0,eGFP2
14485,21:59:11,0.095,0.490,0,0,eGFP2
14486,21:59:12,0.084,0.501,0,0,eGFP2
14487,21:59:13,0.096,0.623,0,0,eGFP2
14488,21:59:13,0.105,0.676,0,0,eGFP2
14489,21:59:14,0.139,0.929,0,0,eGFP2
14490,21:59:15,0.160,0.929,0,0,eGFP2
14491,21:59:16,0.151,0.930,0,0,eGFP2
14492,21:59:17,0.139,0.710,0,0,eGFP2
14493,21:59:17,0.105,0.555,0,0,eGFP2
14494,21:59:18,0.084,0.512,0,0,eGFP2
14495,21:59:18,0.095,0.589,0,0,eGFP2
14496,21:59:19,0.107,0.667,0,0,eGFP2
14497,21:59:20,0.128,0.655,0,0,eGFP2
14498,21:59:20,0.094,0.533,0,0,eGFP2
14499,21:59:21,0.084,0.688,0,0,eGFP2
14500,21:59:22,0.139,0.885,0,0,eGFP2
14501,21:59:23,0.172,0.863,0,0,eGFP2
14502,21:59:23,0.144,0.802,0,0,eGFP2
14503,21:59:24,0.116,0.654,0,0,eGFP2
14504,21:59:25,0.118,0.623,0,0,eGFP2
14505,21:59:25,0.095,0.567,0,0,eGFP2
14506,21:59:26,0.095,0.610,0,0,eGFP2
14507,21:59:27,0.139,0.819,0,0,eGFP2
14508,21:59:27,0.116,0.654,0,0,eGFP2
14509,21:59:28,0.094,0.544,0,0,eGFP2
14510,21:59:28,0.083,0.522,0,0,eGFP2
14511,21:59:29,0.095,0.709,0,0,eGFP2
14512,21:59:30,0.140,0.711,0,0,eGFP2
14513,21:59:31,0.127,0.731,0,0,eGFP2
14514,21:59:31,0.105,0.555,0,0,eGFP2
14515,21:59:32,0.105,0.731,0,0,eGFP2
14516,21:59:33,0.127,0.687,0,0,eGFP2
14517,21:59:33,0.105,0.709,0,0,eGFP2
14518,21:59:34,0.195,0.941,0,0,eGFP2
14519,21:59:35,0.149,0.830,0,0,eGFP2
14520,21:59:36,0.129,0.721,0,0,eGFP2
14521,21:59:36,0.127,0.632,0,0,eGFP2
14522,21:59:37,0.106,0.534,0,0,eGFP2
14523,21:59:38,0.094,0.577,0,0,eGFP2
14524,21:59:38,0.138,0.862,0,0,eGFP2
14525,21:59:39,0.128,0.731,0,0,eGFP2
14526,21:59:40,0.150,0.775,0,0,eGFP2
14527,21:59:41,0.150,0.852,0,0,eGFP2
14528,21:59:42,0.151,0.831,0,0,eGFP2
14529,21:59:42,0.117,0.687,0,0,eGFP2
14530,21:59:43,0.117,0.578,0,0,eGFP2
14531,21:59:44,0.096,0.688,0,0,eGFP2
14532,21:59:44,0.139,0.863,0,0,eGFP2
14533,21:59:45,0.150,0.841,0,0,eGFP2
14534,21:59:46,0.160,0.830,0,0,eGFP2
14535,21:59:47,0.127,0.830,0,0,eGFP2
14536,21:59:48,0.140,0.798,0,0,eGFP2
14537,21:59:48,0.117,0.677,0,0,eGFP2
14538,21:59:49,0.116,0.775,0,0,eGFP2
14539,21:59:50,0.193,1.148,0,0,eGFP2
14540,21:59:51,0.150,0.841,0,0,eGFP2
14541,21:59:52,0.149,0.808,0,0,eGFP2
14542,21:59:53,0.117,0.819,0,0,eGFP2
14543,21:59:54,0.160,0.918,0,0,eGFP2
14544,21:59:54,0.162,0.765,0,0,eGFP2
14545,21:59:55,0.097,0.591,0,0,eGFP2
14546,21:59:56,0.105,0.577,0,0,eGFP2
14547,21:59:56,0.095,0.600,0,0,eGFP2
14548,21:59:57,0.117,0.797,0,0,eGFP2
14549,21:59:58,0.128,0.753,0,0,eGFP2
14550,21:59:58,0.117,0.622,0,0,eGFP2
14551,21:59:59,0.106,0.545,0,0,eGFP2
14552,21:59:59,0.085,0.513,0,0,eGFP2
14553,22:00:00,0.095,0.644,0,0,eGFP2
14554,22:00:01,0.149,0.852,0,0,eGFP2
14555,22:00:02,0.149,0.896,0,0,eGFP2
14556,22:00:03,0.127,0.808,0,0,eGFP2
14557,22:00:03,0.117,0.676,0,0,eGFP2
14558,22:00:04,0.119,0.668,0,0,eGFP2
14559,22:00:05,0.095,0.534,0,0,eGFP2
14560,22:00:05,0.094,0.555,0,0,eGFP2
14561,22:00:06,0.097,0.679,0,0,eGFP2
14562,22:00:07,0.160,0.775,0,0,eGFP2
14563,22:00:07,0.117,0.753,0,0,eGFP2
14564,22:00:08,0.139,0.853,0,0,eGFP2
14565,22:00:09,0.111,0.769,0,0,eGFP2
14566,22:00:10,0.116,0.676,0,0,eGFP2
14567,22:00:10,0.116,0.643,0,0,eGFP2
14568,22:00:11,0.116,0.731,0,0,eGFP2
14569,22:00:12,0.128,0.699,0,0,eGFP2
14570,22:00:12,0.127,0.698,0,0,eGFP2
14571,22:00:13,0.105,0.566,0,0,eGFP2
14572,22:00:14,0.096,0.678,0,0,eGFP2
14573,22:00:14,0.138,0.774,0,0,eGFP2
14574,22:00:15,0.149,0.819,0,0,eGFP2
14575,22:00:16,0.116,0.764,0,0,eGFP2
14576,22:00:17,0.149,0.818,0,0,eGFP2
14577,22:00:18,0.140,0.853,0,0,eGFP2
14578,22:00:19,0.182,0.951,0,0,eGFP2
14579,22:00:19,0.160,0.752,0,0,eGFP2
14580,22:00:20,0.117,0.676,0,0,eGFP2
14581,22:00:21,0.106,0.622,0,0,eGFP2
14582,22:00:21,0.127,0.796,0,0,eGFP2
14583,22:00:22,0.128,0.731,0,0,eGFP2
14584,22:00:23,0.139,0.764,0,0,eGFP2
14585,22:00:23,0.098,0.559,0,0,eGFP2
14586,22:00:24,0.094,0.544,0,0,eGFP2
14587,22:00:25,0.095,0.523,0,0,eGFP2
14588,22:00:25,0.083,0.555,0,0,eGFP2
14589,22:00:26,0.116,0.841,0,0,eGFP2
14590,22:00:27,0.149,0.862,0,0,eGFP2
14591,22:00:27,0.117,0.655,0,0,eGFP2
14592,22:00:28,0.105,0.577,0,0,eGFP2
14593,22:00:29,0.085,0.524,0,0,eGFP2
14594,22:00:29,0.106,0.698,0,0,eGFP2
14595,22:00:30,0.139,0.797,0,0,eGFP2
14596,22:00:31,0.128,0.687,0,0,eGFP2
14597,22:00:31,0.117,0.721,0,0,eGFP2
14598,22:00:32,0.138,0.796,0,0,eGFP2
14599,22:00:33,0.152,0.843,0,0,eGFP2
14600,22:00:34,0.160,0.808,0,0,eGFP2
14601,22:00:35,0.129,0.678,0,0,eGFP2
14602,22:00:35,0.105,0.610,0,0,eGFP2
14603,22:00:36,0.095,0.501,0,0,eGFP2
14604,22:00:36,0.084,0.512,0,0,eGFP2
14605,22:00:37,0.094,0.544,0,0,eGFP2
14606,22:00:37,0.095,0.490,0,0,eGFP2
14607,22:00:38,0.095,0.534,0,0,eGFP2
14608,22:00:38,0.116,0.709,0,0,eGFP2
14609,22:00:39,0.118,0.722,0,0,eGFP2
14610,22:00:40,0.116,0.610,0,0,eGFP2
14611,22:00:40,0.095,0.523,0,0,eGFP2
14612,22:00:41,0.093,0.675,0,0,eGFP2
14613,22:00:42,0.138,0.829,0,0,eGFP2
14614,22:00:43,0.138,0.753,0,0,eGFP2
14615,22:00:43,0.127,0.797,0,0,eGFP2
14616,22:00:44,0.127,0.730,0,0,eGFP2
14617,22:00:45,0.107,0.568,0,0,eGFP2
14618,22:00:45,0.094,0.665,0,0,eGFP2
14619,22:00:46,0.127,0.632,0,0,eGFP2
14620,22:00:47,0.094,0.676,0,0,eGFP2
14621,22:00:47,0.127,0.675,0,0,eGFP2
14622,22:00:48,0.117,0.786,0,0,eGFP2
14623,22:00:49,0.127,0.764,0,0,eGFP2
14624,22:00:50,0.116,0.719,0,0,eGFP2
14625,22:00:50,0.117,0.665,0,0,eGFP2
14626,22:00:51,0.120,0.680,0,0,eGFP2
14627,22:00:52,0.105,0.840,0,0,eGFP2
14628,22:00:53,0.171,1.016,0,0,eGFP2
14629,22:00:54,0.204,1.016,0,0,eGFP2
14630,22:00:55,0.150,0.863,0,0,eGFP2
14631,22:00:55,0.138,0.731,0,0,eGFP2
14632,22:00:56,0.105,0.621,0,0,eGFP2
14633,22:00:57,0.105,0.610,0,0,eGFP2
14634,22:00:57,0.118,0.590,0,0,eGFP2
14635,22:00:58,0.094,0.555,0,0,eGFP2
14636,22:00:58,0.105,0.599,0,0,eGFP2
14637,22:00:59,0.106,0.643,0,0,eGFP2
14638,22:01:00,0.106,0.578,0,0,eGFP2
14639,22:01:00,0.085,0.524,0,0,eGFP2
14640,22:01:01,0.083,0.522,0,0,eGFP2
14641,22:01:01,0.106,0.720,0,0,eGFP2
14642,22:01:02,0.118,0.689,0,0,eGFP2
14643,22:01:03,0.116,0.709,0,0,eGFP2
14644,22:01:03,0.138,0.709,0,0,eGFP2
14645,22:01:04,0.105,0.643,0,0,eGFP2
14646,22:01:05,0.106,0.556,0,0,eGFP2
14647,22:01:05,0.083,0.500,0,0,eGFP2
14648,22:01:06,0.084,0.556,0,0,eGFP2
14649,22:01:06,0.116,0.753,0,0,eGFP2
14650,22:01:07,0.151,0.809,0,0,eGFP2
14651,22:01:08,0.150,0.731,0,0,eGFP2
14652,22:01:09,0.106,0.567,0,0,eGFP2
14653,22:01:09,0.096,0.535,0,0,eGFP2
14654,22:01:10,0.095,0.523,0,0,eGFP2
14655,22:01:10,0.094,0.544,0,0,eGFP2
14656,22:01:11,0.095,0.676,0,0,eGFP2
14657,22:01:12,0.150,0.808,0,0,eGFP2
14658,22:01:13,0.141,0.953,0,0,eGFP2
14659,22:01:13,0.149,0.698,0,0,eGFP2
14660,22:01:14,0.106,0.687,0,0,eGFP2
14661,22:01:15,0.128,0.764,0,0,eGFP2
14662,22:01:16,0.128,0.775,0,0,eGFP2
14663,22:01:16,0.117,0.710,0,0,eGFP2
14664,22:01:17,0.127,0.797,0,0,eGFP2
14665,22:01:18,0.116,0.687,0,0,eGFP2
14666,22:01:18,0.131,0.702,0,0,eGFP2
14667,22:01:19,0.116,0.819,0,0,eGFP2
14668,22:01:20,0.149,0.764,0,0,eGFP2
14669,22:01:21,0.106,0.654,0,0,eGFP2
14670,22:01:21,0.117,0.710,0,0,eGFP2
14671,22:01:22,0.117,0.621,0,0,eGFP2
14672,22:01:23,0.095,0.534,0,0,eGFP2
14673,22:01:23,0.095,0.611,0,0,eGFP2
14674,22:01:24,0.118,0.645,0,0,eGFP2
14675,22:01:26,0.133,1.757,0,0,eGFP2
14676,22:01:27,0.171,1.027,0,0,eGFP2
14677,22:01:27,0.138,0.763,0,0,eGFP2
14678,22:01:28,0.127,0.742,0,0,eGFP2
14679,22:01:29,0.116,0.610,0,0,eGFP2
14680,22:01:29,0.096,0.546,0,0,eGFP2
14681,22:01:30,0.094,0.566,0,0,eGFP2
14682,22:01:31,0.117,0.874,0,0,eGFP2
14683,22:01:31,0.160,0.786,0,0,eGFP2
14684,22:01:32,0.105,0.731,0,0,eGFP2
14685,22:01:33,0.149,0.829,0,0,eGFP2
14686,22:01:34,0.116,0.599,0,0,eGFP2
14687,22:01:34,0.105,0.753,0,0,eGFP2
14688,22:01:35,0.160,0.775,0,0,eGFP2
14689,22:01:36,0.127,0.917,0,0,eGFP2
14690,22:01:37,0.171,0.895,0,0,eGFP2
14691,22:01:38,0.140,0.787,0,0,eGFP2
14692,22:01:38,0.128,0.698,0,0,eGFP2
14693,22:01:39,0.118,0.711,0,0,eGFP2
14694,22:01:40,0.127,0.665,0,0,eGFP2
14695,22:01:40,0.105,0.632,0,0,eGFP2
14696,22:01:41,0.116,0.687,0,0,eGFP2
14697,22:01:42,0.116,0.665,0,0,eGFP2
14698,22:01:43,0.138,0.796,0,0,eGFP2
14699,22:01:43,0.118,0.777,0,0,eGFP2
14700,22:01:44,0.138,0.731,0,0,eGFP2
14701,22:01:45,0.127,0.807,0,0,eGFP2
14702,22:01:46,0.128,0.698,0,0,eGFP2
14703,22:01:46,0.117,0.786,0,0,eGFP2
14704,22:01:47,0.127,0.786,0,0,eGFP2
14705,22:01:48,0.138,0.731,0,0,eGFP2
14706,22:01:49,0.116,0.676,0,0,eGFP2
14707,22:01:49,0.109,0.712,0,0,eGFP2
14708,22:01:50,0.150,0.863,0,0,eGFP2
14709,22:01:51,0.149,0.775,0,0,eGFP2
14710,22:01:52,0.138,0.764,0,0,eGFP2
14711,22:01:53,0.116,0.786,0,0,eGFP2
14712,22:01:53,0.149,0.829,0,0,eGFP2
14713,22:01:54,0.128,1.104,0,0,eGFP2
14714,22:01:55,0.227,0.973,0,0,eGFP2
14715,22:01:56,0.129,0.678,0,0,eGFP2
14716,22:01:57,0.116,0.742,0,0,eGFP2
14717,22:02:00,0.533,3.211,0,0,eGFP2
14718,22:02:01,0.281,1.093,0,0,eGFP2
14719,22:02:02,0.128,0.644,0,0,eGFP2
14720,22:02:02,0.096,0.513,0,0,eGFP2
14721,22:02:03,0.084,0.501,0,0,eGFP2
14722,22:02:04,0.105,0.928,0,0,eGFP2
14723,22:02:05,0.173,0.832,0,0,eGFP2
14724,22:02:05,0.105,0.698,0,0,eGFP2
14725,22:02:06,0.139,0.665,0,0,eGFP2
14726,22:02:06,0.095,0.556,0,0,eGFP2
14727,22:02:07,0.095,0.567,0,0,eGFP2
14728,22:02:08,0.094,0.610,0,0,eGFP2
14729,22:02:08,0.106,0.742,0,0,eGFP2
14730,22:02:09,0.128,0.720,0,0,eGFP2
14731,22:02:10,0.119,0.646,0,0,eGFP2
14732,22:02:10,0.095,0.555,0,0,eGFP2
14733,22:02:11,0.095,0.578,0,0,eGFP2
14734,22:02:11,0.108,0.580,0,0,eGFP2
14735,22:02:12,0.094,0.544,0,0,eGFP2
14736,22:02:13,0.084,0.578,0,0,eGFP2
14737,22:02:13,0.117,0.699,0,0,eGFP2
14738,22:02:14,0.138,0.676,0,0,eGFP2
14739,22:02:15,0.104,0.565,0,0,eGFP2
14740,22:02:15,0.094,0.533,0,0,eGFP2
14741,22:02:16,0.084,0.534,0,0,eGFP2
14742,22:02:16,0.116,0.730,0,0,eGFP2
14743,22:02:17,0.138,0.851,0,0,eGFP2
14744,22:02:18,0.128,0.676,0,0,eGFP2
14745,22:02:19,0.116,0.797,0,0,eGFP2
14746,22:02:19,0.127,0.676,0,0,eGFP2
14747,22:02:20,0.106,0.688,0,0,eGFP2
14748,22:02:21,0.115,0.630,0,0,eGFP2
14749,22:02:21,0.106,0.621,0,0,eGFP2
14750,22:02:22,0.117,0.709,0,0,eGFP2
14751,22:02:23,0.128,0.786,0,0,eGFP2
14752,22:02:23,0.116,0.621,0,0,eGFP2
14753,22:02:24,0.106,0.566,0,0,eGFP2
14754,22:02:24,0.095,0.534,0,0,eGFP2
14755,22:02:25,0.083,0.511,0,0,eGFP2
14756,22:02:26,0.107,0.590,0,0,eGFP2
14757,22:02:26,0.094,0.544,0,0,eGFP2
14758,22:02:27,0.117,0.852,0,0,eGFP2
14759,22:02:28,0.138,0.709,0,0,eGFP2
14760,22:02:28,0.105,0.643,0,0,eGFP2
14761,22:02:29,0.107,0.579,0,0,eGFP2
14762,22:02:29,0.094,0.555,0,0,eGFP2
14763,22:02:30,0.095,0.654,0,0,eGFP2
14764,22:02:31,0.107,0.634,0,0,eGFP2
14765,22:02:32,0.117,0.797,0,0,eGFP2
14766,22:02:32,0.127,0.863,0,0,eGFP2
14767,22:02:33,0.171,0.873,0,0,eGFP2
14768,22:02:34,0.139,0.797,0,0,eGFP2
14769,22:02:35,0.128,0.819,0,0,eGFP2
14770,22:02:36,0.138,0.808,0,0,eGFP2
14771,22:02:37,0.127,0.797,0,0,eGFP2
14772,22:02:37,0.140,0.776,0,0,eGFP2
14773,22:02:38,0.128,0.622,0,0,eGFP2
14774,22:02:38,0.085,0.546,0,0,eGFP2
14775,22:02:39,0.094,0.533,0,0,eGFP2
14776,22:02:40,0.106,0.852,0,0,eGFP2
14777,22:02:41,0.172,0.940,0,0,eGFP2
14778,22:02:42,0.149,0.830,0,0,eGFP2
14779,22:02:43,0.160,0.928,0,0,eGFP2
14780,22:02:44,0.151,1.161,0,0,eGFP2
14781,22:02:45,0.194,1.181,0,0,eGFP2
14782,22:09:13,386.138,388.026,0,0,eGFP2
14783,22:09:14,0.171,1.400,0,0,eGFP2
14784,22:09:15,0.139,0.797,0,0,eGFP2
14785,22:09:16,0.128,0.666,0,0,eGFP2
14786,22:09:16,0.105,0.742,0,0,eGFP2
14787,22:09:17,0.129,0.689,0,0,eGFP2
14788,22:09:18,0.118,0.843,0,0,eGFP2
14789,22:09:19,0.116,0.676,0,0,eGFP2
14790,22:09:20,0.161,0.973,0,0,eGFP2
14791,22:09:21,0.127,0.885,0,0,eGFP2
14792,22:09:22,0.303,1.247,0,0,eGFP2
14793,22:09:23,0.182,0.961,0,0,eGFP2
14794,22:09:24,0.194,0.973,0,0,eGFP2
14795,22:09:25,0.139,0.896,0,0,eGFP2
14796,22:09:26,0.174,0.876,0,0,eGFP2
14797,22:09:27,0.183,1.137,0,0,eGFP2
14798,22:09:28,0.205,1.215,0,0,eGFP2
14799,22:09:50,0.281,22.591,0,0,eGFP2
14800,22:09:52,0.666,1.500,0,0,eGFP2
14801,22:09:53,0.146,0.870,0,0,eGFP2
14802,22:09:54,0.204,0.775,0,0,eGFP2
14803,22:09:54,0.105,0.577,0,0,eGFP2
14804,22:09:55,0.084,0.567,0,0,eGFP2
14805,22:09:55,0.094,0.555,0,0,eGFP2
14806,22:09:57,0.105,1.554,0,0,eGFP2
14807,22:09:58,0.138,0.720,0,0,eGFP2
14808,22:09:59,0.105,1.817,0,0,eGFP2
14809,22:10:00,0.160,0.928,0,0,eGFP2
14810,22:10:02,0.149,1.411,0,0,eGFP2
14811,22:10:03,0.380,1.181,0,0,eGFP2
14812,22:10:04,0.127,0.786,0,0,eGFP2
14813,22:10:04,0.128,0.644,0,0,eGFP2
14814,22:10:05,0.118,0.612,0,0,eGFP2
14815,22:10:06,0.105,0.719,0,0,eGFP2
14816,22:10:06,0.106,0.622,0,0,eGFP2
14817,22:10:07,0.094,0.621,0,0,eGFP2
14818,22:10:08,0.116,0.774,0,0,eGFP2
14819,22:10:08,0.128,0.720,0,0,eGFP2
14820,22:10:09,0.138,0.808,0,0,eGFP2
14821,22:10:10,0.118,0.633,0,0,eGFP2
14822,22:10:10,0.106,0.578,0,0,eGFP2
14823,22:10:11,0.083,0.500,0,0,eGFP2
14824,22:10:11,0.083,0.533,0,0,eGFP2
14825,22:10:12,0.095,0.523,0,0,eGFP2
14826,22:10:13,0.083,0.522,0,0,eGFP2
14827,22:10:13,0.117,0.786,0,0,eGFP2
14828,22:10:14,0.118,0.656,0,0,eGFP2
14829,22:10:15,0.118,0.622,0,0,eGFP2
14830,22:10:15,0.095,0.589,0,0,eGFP2
14831,22:10:16,0.127,0.731,0,0,eGFP2
14832,22:10:16,0.105,0.577,0,0,eGFP2
14833,22:10:17,0.095,0.621,0,0,eGFP2
14834,22:10:18,0.128,0.622,0,0,eGFP2
14835,22:10:18,0.094,0.643,0,0,eGFP2
14836,22:10:19,0.127,0.676,0,0,eGFP2
14837,22:10:20,0.107,0.700,0,0,eGFP2
14838,22:10:20,0.116,0.599,0,0,eGFP2
14839,22:10:21,0.095,0.522,0,0,eGFP2
14840,22:10:21,0.095,0.512,0,0,eGFP2
14841,22:10:22,0.085,0.557,0,0,eGFP2
14842,22:10:23,0.117,0.687,0,0,eGFP2
14843,22:10:23,0.095,0.600,0,0,eGFP2
14844,22:10:24,0.094,0.588,0,0,eGFP2
14845,22:10:24,0.096,0.623,0,0,eGFP2
14846,22:10:25,0.106,0.973,0,0,eGFP2
14847,22:10:26,0.204,0.874,0,0,eGFP2
14848,22:10:27,0.127,0.687,0,0,eGFP2
14849,22:10:28,0.127,0.654,0,0,eGFP2
14850,22:10:28,0.095,0.589,0,0,eGFP2
14851,22:10:29,0.127,0.819,0,0,eGFP2
14852,22:10:30,0.127,0.643,0,0,eGFP2
14853,22:10:30,0.097,0.514,0,0,eGFP2
14854,22:10:31,0.083,0.489,0,0,eGFP2
14855,22:10:31,0.086,0.580,0,0,eGFP2
14856,22:10:32,0.138,0.917,0,0,eGFP2
14857,22:10:34,0.589,1.379,0,0,eGFP2
14858,22:10:34,0.172,0.764,0,0,eGFP2
14859,22:10:35,0.106,0.567,0,0,eGFP2
14860,22:10:35,0.095,0.523,0,0,eGFP2
14861,22:10:36,0.085,0.480,0,0,eGFP2
14862,22:10:36,0.073,0.501,0,0,eGFP2
14863,22:10:37,0.095,0.523,0,0,eGFP2
14864,22:10:37,0.095,0.600,0,0,eGFP2
14865,22:10:38,0.121,0.670,0,0,eGFP2
14866,22:10:39,0.094,0.555,0,0,eGFP2
14867,22:10:39,0.094,0.665,0,0,eGFP2
14868,22:10:40,0.128,0.655,0,0,eGFP2
14869,22:10:41,0.096,0.579,0,0,eGFP2
14870,22:10:41,0.105,0.587,0,0,eGFP2
14871,22:10:42,0.084,0.512,0,0,eGFP2
14872,22:10:42,0.083,0.478,0,0,eGFP2
14873,22:10:43,0.094,0.489,0,0,eGFP2
14874,22:10:43,0.083,0.566,0,0,eGFP2
14875,22:10:44,0.127,0.731,0,0,eGFP2
14876,22:10:45,0.127,0.797,0,0,eGFP2
14877,22:10:46,0.138,0.796,0,0,eGFP2
14878,22:10:46,0.140,0.820,0,0,eGFP2
14879,22:10:47,0.128,0.687,0,0,eGFP2
14880,22:10:48,0.095,0.599,0,0,eGFP2
14881,22:10:48,0.128,0.808,0,0,eGFP2
14882,22:10:49,0.118,0.754,0,0,eGFP2
14883,22:10:50,0.161,0.973,0,0,eGFP2
14884,22:10:51,0.127,0.676,0,0,eGFP2
14885,22:10:52,0.105,0.687,0,0,eGFP2
14886,22:10:52,0.118,0.688,0,0,eGFP2
14887,22:10:53,0.106,0.611,0,0,eGFP2
14888,22:10:53,0.105,0.610,0,0,eGFP2
14889,22:10:54,0.094,0.698,0,0,eGFP2
14890,22:10:55,0.138,0.676,0,0,eGFP2
14891,22:10:56,0.116,0.643,0,0,eGFP2
14892,22:10:56,0.105,0.533,0,0,eGFP2
14893,22:10:57,0.106,0.753,0,0,eGFP2
14894,22:10:58,0.118,0.744,0,0,eGFP2
14895,22:10:58,0.173,0.820,0,0,eGFP2
14896,22:10:59,0.150,0.841,0,0,eGFP2
14897,22:11:00,0.139,0.863,0,0,eGFP2
14898,22:11:01,0.149,0.906,0,0,eGFP2
14899,22:11:02,0.161,0.962,0,0,eGFP2
14900,22:11:03,0.193,0.994,0,0,eGFP2
14901,22:11:04,0.150,0.819,0,0,eGFP2
14902,22:11:04,0.129,0.700,0,0,eGFP2
14903,22:11:05,0.117,0.698,0,0,eGFP2
14904,22:11:06,0.128,0.698,0,0,eGFP2
14905,22:11:06,0.106,0.622,0,0,eGFP2
14906,22:11:07,0.094,0.621,0,0,eGFP2
14907,22:11:08,0.139,0.852,0,0,eGFP2
14908,22:11:09,0.149,1.170,0,0,eGFP2
14909,22:11:14,0.217,4.881,0,0,eGFP2
14910,22:11:15,0.184,0.941,0,0,eGFP2
14911,22:11:16,0.216,0.885,0,0,eGFP2
14912,22:11:16,0.106,0.633,0,0,eGFP2
14913,22:11:17,0.105,0.632,0,0,eGFP2
14914,22:11:18,0.095,0.588,0,0,eGFP2
14915,22:11:18,0.150,0.721,0,0,eGFP2
14916,22:11:19,0.105,0.588,0,0,eGFP2
14917,22:11:20,0.117,0.775,0,0,eGFP2
14918,22:11:20,0.108,0.613,0,0,eGFP2
14919,22:11:21,0.094,0.665,0,0,eGFP2
14920,22:11:22,0.117,0.621,0,0,eGFP2
14921,22:11:22,0.095,0.556,0,0,eGFP2
14922,22:11:23,0.097,0.591,0,0,eGFP2
14923,22:11:23,0.105,0.577,0,0,eGFP2
14924,22:11:24,0.106,0.644,0,0,eGFP2
14925,22:11:25,0.128,0.775,0,0,eGFP2
14926,22:11:25,0.130,0.678,0,0,eGFP2
14927,22:11:26,0.128,0.808,0,0,eGFP2
14928,22:11:27,0.122,0.825,0,0,eGFP2
14929,22:11:28,0.171,0.862,0,0,eGFP2
14930,22:11:29,0.116,0.610,0,0,eGFP2
14931,22:11:29,0.094,0.544,0,0,eGFP2
14932,22:11:30,0.105,0.566,0,0,eGFP2
14933,22:11:30,0.094,0.544,0,0,eGFP2
14934,22:11:31,0.096,0.754,0,0,eGFP2
14935,22:11:32,0.127,0.687,0,0,eGFP2
14936,22:11:32,0.107,0.711,0,0,eGFP2
14937,22:11:33,0.127,0.851,0,0,eGFP2
14938,22:11:34,0.149,0.797,0,0,eGFP2
14939,22:11:35,0.138,0.643,0,0,eGFP2
14940,22:11:35,0.094,0.610,0,0,eGFP2
14941,22:11:36,0.127,0.818,0,0,eGFP2
14942,22:11:37,0.128,0.753,0,0,eGFP2
14943,22:11:38,0.129,0.776,0,0,eGFP2
14944,22:11:38,0.128,0.687,0,0,eGFP2
14945,22:11:39,0.139,0.764,0,0,eGFP2
14946,22:11:40,0.116,0.797,0,0,eGFP2
14947,22:11:41,0.138,0.698,0,0,eGFP2
14948,22:11:41,0.105,0.643,0,0,eGFP2
14949,22:11:42,0.121,0.823,0,0,eGFP2
14950,22:11:43,0.128,0.731,0,0,eGFP2
14951,22:11:43,0.129,0.667,0,0,eGFP2
14952,22:11:44,0.105,0.577,0,0,eGFP2
14953,22:11:45,0.095,0.556,0,0,eGFP2
14954,22:11:45,0.094,0.577,0,0,eGFP2
14955,22:11:46,0.149,0.829,0,0,eGFP2
14956,22:11:47,0.139,0.775,0,0,eGFP2
14957,22:11:47,0.117,0.578,0,0,eGFP2
14958,22:11:48,0.094,0.599,0,0,eGFP2
14959,22:11:49,0.107,0.634,0,0,eGFP2
14960,22:11:49,0.127,0.829,0,0,eGFP2
14961,22:11:50,0.139,0.940,0,0,eGFP2
14962,22:11:51,0.171,0.928,0,0,eGFP2
14963,22:11:52,0.137,0.763,0,0,eGFP2
14964,22:11:53,0.138,0.764,0,0,eGFP2
14965,22:11:53,0.105,0.588,0,0,eGFP2
14966,22:11:54,0.095,0.545,0,0,eGFP2
14967,22:11:55,0.096,0.601,0,0,eGFP2
14968,22:11:55,0.106,0.753,0,0,eGFP2
14969,22:11:56,0.128,0.775,0,0,eGFP2
14970,22:11:57,0.128,0.676,0,0,eGFP2
14971,22:11:57,0.095,0.578,0,0,eGFP2
14972,22:11:58,0.095,0.589,0,0,eGFP2
14973,22:11:59,0.105,0.698,0,0,eGFP2
14974,22:11:59,0.149,0.819,0,0,eGFP2
14975,22:12:00,0.118,0.623,0,0,eGFP2
14976,22:12:01,0.097,0.568,0,0,eGFP2
14977,22:12:01,0.095,0.534,0,0,eGFP2
14978,22:12:02,0.095,0.556,0,0,eGFP2
14979,22:12:03,0.128,0.874,0,0,eGFP2
14980,22:12:03,0.149,0.885,0,0,eGFP2
14981,22:12:04,0.160,0.808,0,0,eGFP2
14982,22:12:05,0.138,0.929,0,0,eGFP2
14983,22:12:06,0.140,0.700,0,0,eGFP2
14984,22:12:06,0.095,0.523,0,0,eGFP2
14985,22:12:07,0.083,0.478,0,0,eGFP2
14986,22:12:07,0.084,0.501,0,0,eGFP2
14987,22:12:08,0.106,0.611,0,0,eGFP2
14988,22:12:09,0.106,0.534,0,0,eGFP2
14989,22:12:09,0.085,0.546,0,0,eGFP2
14990,22:12:10,0.139,0.863,0,0,eGFP2
14991,22:12:11,0.135,0.695,0,0,eGFP2
14992,22:12:11,0.116,0.742,0,0,eGFP2
14993,22:12:12,0.116,0.643,0,0,eGFP2
14994,22:12:13,0.105,0.555,0,0,eGFP2
14995,22:12:13,0.083,0.489,0,0,eGFP2
14996,22:12:14,0.094,0.610,0,0,eGFP2
14997,22:12:14,0.160,0.819,0,0,eGFP2
14998,22:12:15,0.127,0.807,0,0,eGFP2
14999,22:12:16,0.140,0.843,0,0,eGFP2
15000,22:12:17,0.138,0.698,0,0,eGFP2
15001,22:12:17,0.105,0.632,0,0,eGFP2
15002,22:12:18,0.116,0.610,0,0,eGFP2
15003,22:12:19,0.096,0.557,0,0,eGFP2
15004,22:12:19,0.094,0.664,0,0,eGFP2
15005,22:12:20,0.183,0.863,0,0,eGFP2
15006,22:12:21,0.116,0.720,0,0,eGFP2
15007,22:12:22,0.127,0.643,0,0,eGFP2
15008,22:12:22,0.096,0.535,0,0,eGFP2
15009,22:12:23,0.105,0.654,0,0,eGFP2
15010,22:12:24,0.138,0.830,0,0,eGFP2
15011,22:12:24,0.127,0.687,0,0,eGFP2
15012,22:12:25,0.116,0.819,0,0,eGFP2
15013,22:12:26,0.149,0.785,0,0,eGFP2
15014,22:12:27,0.139,0.764,0,0,eGFP2
15015,22:12:27,0.117,0.644,0,0,eGFP2
15016,22:12:28,0.108,0.635,0,0,eGFP2
15017,22:12:29,0.106,0.632,0,0,eGFP2
15018,22:12:29,0.106,0.567,0,0,eGFP2
15019,22:12:30,0.083,0.533,0,0,eGFP2
15020,22:12:30,0.095,0.622,0,0,eGFP2
15021,22:12:31,0.127,0.841,0,0,eGFP2
15022,22:12:32,0.171,0.873,0,0,eGFP2
15023,22:12:33,0.139,0.699,0,0,eGFP2
15024,22:12:33,0.096,0.546,0,0,eGFP2
15025,22:12:34,0.083,0.478,0,0,eGFP2
15026,22:12:34,0.084,0.457,0,0,eGFP2
15027,22:12:35,0.084,0.479,0,0,eGFP2
15028,22:12:35,0.095,0.709,0,0,eGFP2
15029,22:12:36,0.150,0.874,0,0,eGFP2
15030,22:12:37,0.151,0.788,0,0,eGFP2
15031,22:12:38,0.138,0.753,0,0,eGFP2
15032,22:12:38,0.107,0.590,0,0,eGFP2
15033,22:12:39,0.095,0.523,0,0,eGFP2
15034,22:12:39,0.095,0.599,0,0,eGFP2
15035,22:12:40,0.150,0.863,0,0,eGFP2
15036,22:12:41,0.128,0.677,0,0,eGFP2
15037,22:12:42,0.106,0.566,0,0,eGFP2
15038,22:12:42,0.095,0.545,0,0,eGFP2
15039,22:12:43,0.084,0.556,0,0,eGFP2
15040,22:12:43,0.096,0.656,0,0,eGFP2
15041,22:12:44,0.150,0.874,0,0,eGFP2
15042,22:12:45,0.139,0.677,0,0,eGFP2
15043,22:12:46,0.118,0.842,0,0,eGFP2
15044,22:12:46,0.139,0.776,0,0,eGFP2
15045,22:12:47,0.127,0.786,0,0,eGFP2
15046,22:12:48,0.139,0.698,0,0,eGFP2
15047,22:12:49,0.095,0.556,0,0,eGFP2
15048,22:12:49,0.097,0.623,0,0,eGFP2
15049,22:12:50,0.161,0.907,0,0,eGFP2
15050,22:12:51,0.150,0.853,0,0,eGFP2
15051,22:12:51,0.116,0.599,0,0,eGFP2
15052,22:12:52,0.095,0.512,0,0,eGFP2
15053,22:12:52,0.084,0.479,0,0,eGFP2
15054,22:12:53,0.079,0.639,0,0,eGFP2
15055,22:12:54,0.116,0.752,0,0,eGFP2
15056,22:12:55,0.129,0.798,0,0,eGFP2
15057,22:12:55,0.140,0.787,0,0,eGFP2
15058,22:12:56,0.128,0.665,0,0,eGFP2
15059,22:12:57,0.117,0.764,0,0,eGFP2
15060,22:12:58,0.138,0.764,0,0,eGFP2
15061,22:12:58,0.138,0.752,0,0,eGFP2
15062,22:12:59,0.117,0.632,0,0,eGFP2
15063,22:13:00,0.095,0.523,0,0,eGFP2
15064,22:13:00,0.085,0.491,0,0,eGFP2
15065,22:13:01,0.083,0.533,0,0,eGFP2
15066,22:13:01,0.083,0.500,0,0,eGFP2
15067,22:13:02,0.095,0.610,0,0,eGFP2
15068,22:13:02,0.106,0.633,0,0,eGFP2
15069,22:13:03,0.116,0.741,0,0,eGFP2
15070,22:13:04,0.129,0.854,0,0,eGFP2
15071,22:13:05,0.182,0.895,0,0,eGFP2
15072,22:13:06,0.138,0.786,0,0,eGFP2
15073,22:13:06,0.151,0.820,0,0,eGFP2
15074,22:13:07,0.128,0.764,0,0,eGFP2
15075,22:13:08,0.116,0.742,0,0,eGFP2
15076,22:13:09,0.127,0.698,0,0,eGFP2
15077,22:13:09,0.116,0.643,0,0,eGFP2
15078,22:13:10,0.106,0.643,0,0,eGFP2
15079,22:13:11,0.106,0.655,0,0,eGFP2
15080,22:13:11,0.116,0.709,0,0,eGFP2
15081,22:13:12,0.107,0.590,0,0,eGFP2
15082,22:13:13,0.105,0.720,0,0,eGFP2
15083,22:13:13,0.116,0.610,0,0,eGFP2
15084,22:13:14,0.107,0.832,0,0,eGFP2
15085,22:13:15,0.138,0.742,0,0,eGFP2
15086,22:13:16,0.138,0.840,0,0,eGFP2
15087,22:13:16,0.128,0.666,0,0,eGFP2
15088,22:13:17,0.105,0.621,0,0,eGFP2
15089,22:13:17,0.096,0.568,0,0,eGFP2
15090,22:13:18,0.095,0.589,0,0,eGFP2
15091,22:13:19,0.105,0.610,0,0,eGFP2
15092,22:13:19,0.106,0.578,0,0,eGFP2
15093,22:13:20,0.094,0.555,0,0,eGFP2
15094,22:13:20,0.106,0.600,0,0,eGFP2
15095,22:13:21,0.116,0.676,0,0,eGFP2
15096,22:13:22,0.117,0.632,0,0,eGFP2
15097,22:13:22,0.098,0.581,0,0,eGFP2
15098,22:13:23,0.117,0.808,0,0,eGFP2
15099,22:13:24,0.128,0.699,0,0,eGFP2
15100,22:13:24,0.105,0.676,0,0,eGFP2
15101,22:13:25,0.117,0.665,0,0,eGFP2
15102,22:13:26,0.103,0.619,0,0,eGFP2
15103,22:13:27,0.105,0.764,0,0,eGFP2
15104,22:13:27,0.127,0.642,0,0,eGFP2
15105,22:13:28,0.096,0.612,0,0,eGFP2
15106,22:13:28,0.116,0.632,0,0,eGFP2
15107,22:13:29,0.116,0.676,0,0,eGFP2
15108,22:13:30,0.116,0.730,0,0,eGFP2
15109,22:13:31,0.127,0.742,0,0,eGFP2
15110,22:13:31,0.138,0.873,0,0,eGFP2
15111,22:13:32,0.129,0.809,0,0,eGFP2
15112,22:13:33,0.150,0.885,0,0,eGFP2
15113,22:13:34,0.173,0.809,0,0,eGFP2
15114,22:13:35,0.105,0.621,0,0,eGFP2
15115,22:13:35,0.105,0.632,0,0,eGFP2
15116,22:13:36,0.105,0.654,0,0,eGFP2
15117,22:13:36,0.105,0.643,0,0,eGFP2
15118,22:13:37,0.105,0.643,0,0,eGFP2
15119,22:13:38,0.116,0.621,0,0,eGFP2
15120,22:13:38,0.094,0.610,0,0,eGFP2
15121,22:13:39,0.118,0.809,0,0,eGFP2
15122,22:13:40,0.139,0.709,0,0,eGFP2
15123,22:13:41,0.117,0.808,0,0,eGFP2
15124,22:13:41,0.129,0.722,0,0,eGFP2
15125,22:13:42,0.116,0.697,0,0,eGFP2
15126,22:13:43,0.150,0.797,0,0,eGFP2
15127,22:13:44,0.117,0.632,0,0,eGFP2
15128,22:13:44,0.106,0.611,0,0,eGFP2
15129,22:13:45,0.096,0.611,0,0,eGFP2
15130,22:13:45,0.117,0.676,0,0,eGFP2
15131,22:13:46,0.117,0.677,0,0,eGFP2
15132,22:13:47,0.116,0.698,0,0,eGFP2
15133,22:13:48,0.149,0.796,0,0,eGFP2
15134,22:13:48,0.150,0.742,0,0,eGFP2
15135,22:13:49,0.128,0.797,0,0,eGFP2
15136,22:13:50,0.128,0.731,0,0,eGFP2
15137,22:13:51,0.139,0.720,0,0,eGFP2
15138,22:13:51,0.120,0.658,0,0,eGFP2
15139,22:13:52,0.105,0.610,0,0,eGFP2
15140,22:13:53,0.106,0.676,0,0,eGFP2
15141,22:13:53,0.139,0.797,0,0,eGFP2
15142,22:13:54,0.150,0.797,0,0,eGFP2
15143,22:13:55,0.117,0.742,0,0,eGFP2
15144,22:13:55,0.117,0.622,0,0,eGFP2
15145,22:13:56,0.116,0.654,0,0,eGFP2
15146,22:13:57,0.129,0.766,0,0,eGFP2
15147,22:13:58,0.138,0.808,0,0,eGFP2
15148,22:13:59,0.149,0.939,0,0,eGFP2
15149,22:14:00,0.194,1.159,0,0,eGFP2
15150,22:14:01,0.228,1.424,0,0,eGFP2
15151,22:14:02,0.185,0.854,0,0,eGFP2
15152,22:14:03,0.139,0.698,0,0,eGFP2
15153,22:14:03,0.117,0.600,0,0,eGFP2
15154,22:14:04,0.096,0.557,0,0,eGFP2
15155,22:14:04,0.106,0.545,0,0,eGFP2
15156,22:14:05,0.084,0.621,0,0,eGFP2
15157,22:14:06,0.117,0.677,0,0,eGFP2
15158,22:14:06,0.105,0.577,0,0,eGFP2
15159,22:14:07,0.095,0.578,0,0,eGFP2
15160,22:14:08,0.117,0.742,0,0,eGFP2
15161,22:14:08,0.139,0.732,0,0,eGFP2
15162,22:14:09,0.107,0.787,0,0,eGFP2
15163,22:14:10,0.139,0.743,0,0,eGFP2
15164,22:14:11,0.106,0.753,0,0,eGFP2
15165,22:14:11,0.124,0.684,0,0,eGFP2
15166,22:14:12,0.105,0.730,0,0,eGFP2
15167,22:14:13,0.182,0.918,0,0,eGFP2
15168,22:14:14,0.138,0.708,0,0,eGFP2
15169,22:14:14,0.116,0.632,0,0,eGFP2
15170,22:14:15,0.107,0.765,0,0,eGFP2
15171,22:14:16,0.171,0.808,0,0,eGFP2
15172,22:14:17,0.127,0.730,0,0,eGFP2
15173,22:14:17,0.116,0.808,0,0,eGFP2
15174,22:14:18,0.138,0.698,0,0,eGFP2
15175,22:14:19,0.105,0.588,0,0,eGFP2
15176,22:14:19,0.094,0.588,0,0,eGFP2
15177,22:14:20,0.105,0.588,0,0,eGFP2
15178,22:14:21,0.097,0.635,0,0,eGFP2
15179,22:14:21,0.138,0.807,0,0,eGFP2
15180,22:14:22,0.117,0.687,0,0,eGFP2
15181,22:14:23,0.128,0.753,0,0,eGFP2
15182,22:14:23,0.105,0.577,0,0,eGFP2
15183,22:14:28,0.095,4.396,0,0,eGFP2
15184,22:14:29,0.237,0.896,0,0,eGFP2
15185,22:14:49,0.171,20.199,0,0,eGFP2
15186,22:14:50,0.161,0.842,0,0,eGFP2
15187,22:14:50,0.127,0.654,0,0,eGFP2
15188,22:14:51,0.105,0.621,0,0,eGFP2
15189,22:14:52,0.105,0.676,0,0,eGFP2
15190,22:14:52,0.127,0.676,0,0,eGFP2
15191,22:14:53,0.105,0.577,0,0,eGFP2
15192,22:14:53,0.096,0.557,0,0,eGFP2
15193,22:14:54,0.095,0.523,0,0,eGFP2
15194,22:14:54,0.085,0.480,0,0,eGFP2
15195,22:14:55,0.083,0.698,0,0,eGFP2
15196,22:14:56,0.281,1.027,0,0,eGFP2
15197,22:14:57,0.127,0.643,0,0,eGFP2
15198,22:14:57,0.095,0.523,0,0,eGFP2
15199,22:14:58,0.083,0.511,0,0,eGFP2
15200,22:14:59,0.106,0.665,0,0,eGFP2
15201,22:14:59,0.106,0.534,0,0,eGFP2
15202,22:15:00,0.083,0.500,0,0,eGFP2
15203,22:15:00,0.096,0.711,0,0,eGFP2
15204,22:15:01,0.116,0.676,0,0,eGFP2
15205,22:15:02,0.129,0.733,0,0,eGFP2
15206,22:15:02,0.105,0.610,0,0,eGFP2
15207,22:15:03,0.095,0.534,0,0,eGFP2
15208,22:15:03,0.094,0.511,0,0,eGFP2
15209,22:15:04,0.084,0.501,0,0,eGFP2
15210,22:15:04,0.095,0.577,0,0,eGFP2
15211,22:15:05,0.108,0.569,0,0,eGFP2
15212,22:15:06,0.094,0.500,0,0,eGFP2
15213,22:15:06,0.084,0.479,0,0,eGFP2
15214,22:15:07,0.084,0.523,0,0,eGFP2
15215,22:15:07,0.105,0.588,0,0,eGFP2
15216,22:15:08,0.095,0.545,0,0,eGFP2
15217,22:15:08,0.094,0.544,0,0,eGFP2
15218,22:15:09,0.097,0.569,0,0,eGFP2
15219,22:15:10,0.107,0.831,0,0,eGFP2
15220,22:15:11,0.172,0.929,0,0,eGFP2
15221,22:15:11,0.139,0.720,0,0,eGFP2
15222,22:15:12,0.106,0.567,0,0,eGFP2
15223,22:15:12,0.095,0.545,0,0,eGFP2
15224,22:15:13,0.105,0.533,0,0,eGFP2
15225,22:15:13,0.095,0.501,0,0,eGFP2
15226,22:15:14,0.073,0.479,0,0,eGFP2
15227,22:15:14,0.086,0.503,0,0,eGFP2
15228,22:15:15,0.084,0.577,0,0,eGFP2
15229,22:15:16,0.111,0.649,0,0,eGFP2
15230,22:15:16,0.116,0.708,0,0,eGFP2
15231,22:15:17,0.127,0.720,0,0,eGFP2
15232,22:15:18,0.117,0.633,0,0,eGFP2
15233,22:15:18,0.094,0.632,0,0,eGFP2
15234,22:15:19,0.105,0.643,0,0,eGFP2
15235,22:15:20,0.118,0.732,0,0,eGFP2
15236,22:15:20,0.127,0.786,0,0,eGFP2
15237,22:15:21,0.127,0.752,0,0,eGFP2
15238,22:15:22,0.127,0.731,0,0,eGFP2
15239,22:15:23,0.105,0.632,0,0,eGFP2
15240,22:15:23,0.105,0.654,0,0,eGFP2
15241,22:15:24,0.094,0.588,0,0,eGFP2
15242,22:15:25,0.105,0.697,0,0,eGFP2
15243,22:15:25,0.140,0.821,0,0,eGFP2
15244,22:15:26,0.160,0.796,0,0,eGFP2
15245,22:15:27,0.129,0.699,0,0,eGFP2
15246,22:15:27,0.117,0.621,0,0,eGFP2
15247,22:15:28,0.106,0.600,0,0,eGFP2
15248,22:15:29,0.094,0.621,0,0,eGFP2
15249,22:15:29,0.105,0.675,0,0,eGFP2
15250,22:15:30,0.117,0.720,0,0,eGFP2
15251,22:15:31,0.151,0.864,0,0,eGFP2
15252,22:15:32,0.139,0.709,0,0,eGFP2
15253,22:15:32,0.128,0.633,0,0,eGFP2
15254,22:15:33,0.094,0.544,0,0,eGFP2
15255,22:15:33,0.094,0.533,0,0,eGFP2
15256,22:15:34,0.084,0.512,0,0,eGFP2
15257,22:15:35,0.105,0.731,0,0,eGFP2
15258,22:15:35,0.149,0.851,0,0,eGFP2
15259,22:15:36,0.140,0.799,0,0,eGFP2
15260,22:15:37,0.140,0.766,0,0,eGFP2
15261,22:15:38,0.116,0.632,0,0,eGFP2
15262,22:15:38,0.094,0.533,0,0,eGFP2
15263,22:15:39,0.095,0.512,0,0,eGFP2
15264,22:15:39,0.105,0.610,0,0,eGFP2
15265,22:15:40,0.116,0.830,0,0,eGFP2
15266,22:15:41,0.160,0.786,0,0,eGFP2
15267,22:15:42,0.116,0.786,0,0,eGFP2
15268,22:15:42,0.140,0.787,0,0,eGFP2
15269,22:15:43,0.139,0.731,0,0,eGFP2
15270,22:15:44,0.117,0.644,0,0,eGFP2
15271,22:15:44,0.105,0.610,0,0,eGFP2
15272,22:15:45,0.107,0.667,0,0,eGFP2
15273,22:15:46,0.117,0.731,0,0,eGFP2
15274,22:15:47,0.117,0.786,0,0,eGFP2
15275,22:15:48,0.161,0.863,0,0,eGFP2
15276,22:15:48,0.140,0.810,0,0,eGFP2
15277,22:15:49,0.117,0.687,0,0,eGFP2
15278,22:15:50,0.150,0.819,0,0,eGFP2
15279,22:15:51,0.128,0.753,0,0,eGFP2
15280,22:15:51,0.117,0.633,0,0,eGFP2
15281,22:15:52,0.117,0.665,0,0,eGFP2
15282,22:15:53,0.128,0.721,0,0,eGFP2
15283,22:15:53,0.105,0.610,0,0,eGFP2
15284,22:15:54,0.108,0.722,0,0,eGFP2
15285,22:15:55,0.128,0.655,0,0,eGFP2
15286,22:15:55,0.118,0.777,0,0,eGFP2
15287,22:15:56,0.138,0.786,0,0,eGFP2
15288,22:15:57,0.139,0.775,0,0,eGFP2
15289,22:15:58,0.128,0.732,0,0,eGFP2
15290,22:15:58,0.116,0.786,0,0,eGFP2
15291,22:15:59,0.150,0.742,0,0,eGFP2
15292,22:16:00,0.113,0.585,0,0,eGFP2
15293,22:16:00,0.105,0.654,0,0,eGFP2
15294,22:16:01,0.116,0.621,0,0,eGFP2
15295,22:16:02,0.105,0.632,0,0,eGFP2
15296,22:16:03,0.116,0.829,0,0,eGFP2
15297,22:16:03,0.160,0.983,0,0,eGFP2
15298,22:16:05,0.171,1.016,0,0,eGFP2
15299,22:16:06,0.206,1.150,0,0,eGFP2
15300,22:16:06,0.172,0.787,0,0,eGFP2
15301,22:16:07,0.105,0.588,0,0,eGFP2
15302,22:16:08,0.094,0.654,0,0,eGFP2
15303,22:16:08,0.116,0.610,0,0,eGFP2
15304,22:16:09,0.105,0.621,0,0,eGFP2
15305,22:16:10,0.105,0.588,0,0,eGFP2
15306,22:16:10,0.116,0.599,0,0,eGFP2
15307,22:16:11,0.094,0.511,0,0,eGFP2
15308,22:16:11,0.096,0.612,0,0,eGFP2
15309,22:16:12,0.127,0.742,0,0,eGFP2
15310,22:16:13,0.138,0.851,0,0,eGFP2
15311,22:16:13,0.127,0.632,0,0,eGFP2
15312,22:16:14,0.095,0.599,0,0,eGFP2
15313,22:16:15,0.118,0.678,0,0,eGFP2
15314,22:16:16,0.127,0.797,0,0,eGFP2
15315,22:16:16,0.138,0.851,0,0,eGFP2
15316,22:16:17,0.151,0.744,0,0,eGFP2
15317,22:16:18,0.127,0.775,0,0,eGFP2
15318,22:16:19,0.127,0.709,0,0,eGFP2
15319,22:16:19,0.105,0.676,0,0,eGFP2
15320,22:16:20,0.138,0.840,0,0,eGFP2
15321,22:16:21,0.183,0.940,0,0,eGFP2
15322,22:16:22,0.127,0.753,0,0,eGFP2
15323,22:16:23,0.138,0.764,0,0,eGFP2
15324,22:16:23,0.127,0.654,0,0,eGFP2
15325,22:16:24,0.118,0.721,0,0,eGFP2
15326,22:16:25,0.119,0.689,0,0,eGFP2
15327,22:16:25,0.117,0.731,0,0,eGFP2
15328,22:16:26,0.106,0.633,0,0,eGFP2
15329,22:16:27,0.116,0.643,0,0,eGFP2
15330,22:16:27,0.116,0.830,0,0,eGFP2
15331,22:16:28,0.116,0.654,0,0,eGFP2
15332,22:16:29,0.116,0.676,0,0,eGFP2
15333,22:16:29,0.107,0.634,0,0,eGFP2
15334,22:16:30,0.128,0.852,0,0,eGFP2
15335,22:16:31,0.138,0.698,0,0,eGFP2
15336,22:16:32,0.095,0.556,0,0,eGFP2
15337,22:16:32,0.105,0.720,0,0,eGFP2
15338,22:16:33,0.138,0.753,0,0,eGFP2
15339,22:16:34,0.116,0.731,0,0,eGFP2
15340,22:16:35,0.129,0.788,0,0,eGFP2
15341,22:16:35,0.140,0.886,0,0,eGFP2
15342,22:16:36,0.150,0.742,0,0,eGFP2
15343,22:16:37,0.117,0.743,0,0,eGFP2
15344,22:16:38,0.127,0.775,0,0,eGFP2
15345,22:16:38,0.116,0.654,0,0,eGFP2
15346,22:16:39,0.106,0.622,0,0,eGFP2
15347,22:16:40,0.105,0.599,0,0,eGFP2
15348,22:16:40,0.106,0.753,0,0,eGFP2
15349,22:16:41,0.130,0.668,0,0,eGFP2
15350,22:16:42,0.116,0.830,0,0,eGFP2
15351,22:16:43,0.171,0.907,0,0,eGFP2
15352,22:16:44,0.138,0.873,0,0,eGFP2
15353,22:16:44,0.163,0.821,0,0,eGFP2
15354,22:16:45,0.128,1.017,0,0,eGFP2
15355,22:16:46,0.155,0.747,0,0,eGFP2
15356,22:16:47,0.127,0.643,0,0,eGFP2
15357,22:16:47,0.107,0.579,0,0,eGFP2
15358,22:16:48,0.094,0.522,0,0,eGFP2
15359,22:16:48,0.094,0.533,0,0,eGFP2
15360,22:16:49,0.094,0.621,0,0,eGFP2
15361,22:16:50,0.094,0.555,0,0,eGFP2
15362,22:16:50,0.083,0.522,0,0,eGFP2
15363,22:16:51,0.105,0.720,0,0,eGFP2
15364,22:16:52,0.127,0.851,0,0,eGFP2
15365,22:16:53,0.162,0.930,0,0,eGFP2
15366,22:16:53,0.160,0.785,0,0,eGFP2
15367,22:16:54,0.129,0.634,0,0,eGFP2
15368,22:16:55,0.106,0.588,0,0,eGFP2
15369,22:16:55,0.106,0.709,0,0,eGFP2
15370,22:16:56,0.139,0.753,0,0,eGFP2
15371,22:16:58,1.214,2.224,0,0,eGFP2
15372,22:16:59,0.292,1.016,0,0,eGFP2
15373,22:17:00,0.118,0.634,0,0,eGFP2
15374,22:17:01,0.094,0.577,0,0,eGFP2
15375,22:17:01,0.105,0.610,0,0,eGFP2
15376,22:17:02,0.095,0.523,0,0,eGFP2
15377,22:17:02,0.094,0.621,0,0,eGFP2
15378,22:17:03,0.138,0.863,0,0,eGFP2
15379,22:17:04,0.127,0.731,0,0,eGFP2
15380,22:17:05,0.140,0.798,0,0,eGFP2
15381,22:17:05,0.118,0.623,0,0,eGFP2
15382,22:17:06,0.095,0.545,0,0,eGFP2
15383,22:17:07,0.094,0.632,0,0,eGFP2
15384,22:17:07,0.149,0.906,0,0,eGFP2
15385,22:17:08,0.128,0.655,0,0,eGFP2
15386,22:17:09,0.094,0.500,0,0,eGFP2
15387,22:17:09,0.084,0.600,0,0,eGFP2
15388,22:17:10,0.116,0.632,0,0,eGFP2
15389,22:17:10,0.094,0.522,0,0,eGFP2
15390,22:17:11,0.086,0.492,0,0,eGFP2
15391,22:17:12,0.094,0.753,0,0,eGFP2
15392,22:17:12,0.127,0.698,0,0,eGFP2
15393,22:17:13,0.127,0.797,0,0,eGFP2
15394,22:17:14,0.118,0.645,0,0,eGFP2
15395,22:17:14,0.106,0.555,0,0,eGFP2
15396,22:17:15,0.095,0.589,0,0,eGFP2
15397,22:17:16,0.150,0.775,0,0,eGFP2
15398,22:17:16,0.118,0.656,0,0,eGFP2
15399,22:17:17,0.139,0.720,0,0,eGFP2
15400,22:17:18,0.117,0.644,0,0,eGFP2
15401,22:17:18,0.106,0.610,0,0,eGFP2
15402,22:17:19,0.106,0.798,0,0,eGFP2
15403,22:17:20,0.127,0.709,0,0,eGFP2
15404,22:17:21,0.150,0.896,0,0,eGFP2
15405,22:17:21,0.127,0.654,0,0,eGFP2
15406,22:17:22,0.108,0.613,0,0,eGFP2
15407,22:17:23,0.107,0.590,0,0,eGFP2
15408,22:17:23,0.095,0.622,0,0,eGFP2
15409,22:17:24,0.138,0.764,0,0,eGFP2
15410,22:17:25,0.117,0.731,0,0,eGFP2
15411,22:17:25,0.128,0.754,0,0,eGFP2
15412,22:17:26,0.149,0.786,0,0,eGFP2
15413,22:17:27,0.117,0.654,0,0,eGFP2
15414,22:17:27,0.097,0.558,0,0,eGFP2
15415,22:17:28,0.095,0.731,0,0,eGFP2
15416,22:17:29,0.139,0.809,0,0,eGFP2
15417,22:17:30,0.150,0.940,0,0,eGFP2
15418,22:17:31,0.160,0.907,0,0,eGFP2
15419,22:17:32,0.155,0.824,0,0,eGFP2
15420,22:17:32,0.127,0.654,0,0,eGFP2
15421,22:17:33,0.107,0.699,0,0,eGFP2
15422,22:17:34,0.107,0.579,0,0,eGFP2
15423,22:17:34,0.094,0.555,0,0,eGFP2
15424,22:17:35,0.094,0.566,0,0,eGFP2
15425,22:17:35,0.106,0.588,0,0,eGFP2
15426,22:17:36,0.106,0.622,0,0,eGFP2
15427,22:17:36,0.094,0.544,0,0,eGFP2
15428,22:17:37,0.094,0.599,0,0,eGFP2
15429,22:17:38,0.149,0.873,0,0,eGFP2
15430,22:17:39,0.129,0.645,0,0,eGFP2
15431,22:17:39,0.094,0.555,0,0,eGFP2
15432,22:17:40,0.106,0.577,0,0,eGFP2
15433,22:17:40,0.095,0.556,0,0,eGFP2
15434,22:17:41,0.085,0.568,0,0,eGFP2
15435,22:17:42,0.127,0.829,0,0,eGFP2
15436,22:17:42,0.138,0.731,0,0,eGFP2
15437,22:17:43,0.116,0.599,0,0,eGFP2
15438,22:17:43,0.096,0.535,0,0,eGFP2
15439,22:17:44,0.095,0.687,0,0,eGFP2
15440,22:17:45,0.128,0.742,0,0,eGFP2
15441,22:17:46,0.117,0.621,0,0,eGFP2
15442,22:17:46,0.095,0.556,0,0,eGFP2
15443,22:17:47,0.094,0.566,0,0,eGFP2
15444,22:17:47,0.106,0.654,0,0,eGFP2
15445,22:17:48,0.128,0.709,0,0,eGFP2
15446,22:17:49,0.119,0.645,0,0,eGFP2
15447,22:17:49,0.106,0.775,0,0,eGFP2
15448,22:17:50,0.118,0.667,0,0,eGFP2
15449,22:17:51,0.106,0.599,0,0,eGFP2
15450,22:17:51,0.095,0.523,0,0,eGFP2
15451,22:17:52,0.084,0.632,0,0,eGFP2
15452,22:17:53,0.139,0.775,0,0,eGFP2
15453,22:17:53,0.128,0.643,0,0,eGFP2
15454,22:17:54,0.106,0.677,0,0,eGFP2
15455,22:17:55,0.107,0.579,0,0,eGFP2
15456,22:17:55,0.105,0.632,0,0,eGFP2
15457,22:17:56,0.117,0.720,0,0,eGFP2
15458,22:17:57,0.117,0.622,0,0,eGFP2
15459,22:17:57,0.105,0.588,0,0,eGFP2
15460,22:17:58,0.095,0.578,0,0,eGFP2
15461,22:17:58,0.096,0.612,0,0,eGFP2
15462,22:17:59,0.128,0.885,0,0,eGFP2
15463,22:18:00,0.129,0.700,0,0,eGFP2
15464,22:18:00,0.105,0.577,0,0,eGFP2
15465,22:18:01,0.095,0.578,0,0,eGFP2
15466,22:18:02,0.106,0.698,0,0,eGFP2
15467,22:18:03,0.139,0.863,0,0,eGFP2
15468,22:18:03,0.117,0.633,0,0,eGFP2
15469,22:18:04,0.105,0.775,0,0,eGFP2
15470,22:18:05,0.149,1.049,0,0,eGFP2
15471,22:18:06,0.141,0.755,0,0,eGFP2
15472,22:18:06,0.106,0.567,0,0,eGFP2
15473,22:18:07,0.084,0.490,0,0,eGFP2
15474,22:18:07,0.085,0.480,0,0,eGFP2
15475,22:18:08,0.095,0.776,0,0,eGFP2
15476,22:18:09,0.160,0.775,0,0,eGFP2
15477,22:18:09,0.117,0.611,0,0,eGFP2
15478,22:18:10,0.094,0.544,0,0,eGFP2
15479,22:18:11,0.097,0.668,0,0,eGFP2
15480,22:18:11,0.127,0.742,0,0,eGFP2
15481,22:18:12,0.117,0.611,0,0,eGFP2
15482,22:18:13,0.089,0.571,0,0,eGFP2
15483,22:18:13,0.128,0.687,0,0,eGFP2
15484,22:18:14,0.105,0.588,0,0,eGFP2
15485,22:18:15,0.105,0.698,0,0,eGFP2
15486,22:18:15,0.138,0.742,0,0,eGFP2
15487,22:18:16,0.128,0.929,0,0,eGFP2
15488,22:18:17,0.151,0.777,0,0,eGFP2
15489,22:18:18,0.116,0.577,0,0,eGFP2
15490,22:18:18,0.083,0.489,0,0,eGFP2
15491,22:18:19,0.083,0.577,0,0,eGFP2
15492,22:18:19,0.127,0.687,0,0,eGFP2
15493,22:18:20,0.105,0.610,0,0,eGFP2
15494,22:18:21,0.105,0.555,0,0,eGFP2
15495,22:18:21,0.096,0.809,0,0,eGFP2
15496,22:18:22,0.139,0.731,0,0,eGFP2
15497,22:18:23,0.128,0.665,0,0,eGFP2
15498,22:18:23,0.106,0.556,0,0,eGFP2
15499,22:18:24,0.094,0.741,0,0,eGFP2
15500,22:18:25,0.128,0.742,0,0,eGFP2
15501,22:18:25,0.118,0.656,0,0,eGFP2
15502,22:18:26,0.116,0.654,0,0,eGFP2
15503,22:18:27,0.129,0.765,0,0,eGFP2
15504,22:18:30,0.150,2.761,0,0,eGFP2
15505,22:18:31,0.183,0.929,0,0,eGFP2
15506,22:18:31,0.138,0.709,0,0,eGFP2
15507,22:18:32,0.116,0.566,0,0,eGFP2
15508,22:18:32,0.084,0.501,0,0,eGFP2
15509,22:18:33,0.083,0.522,0,0,eGFP2
15510,22:18:33,0.095,0.577,0,0,eGFP2
15511,22:18:34,0.108,0.590,0,0,eGFP2
15512,22:18:35,0.095,0.578,0,0,eGFP2
15513,22:18:35,0.127,0.808,0,0,eGFP2
15514,22:18:36,0.116,0.632,0,0,eGFP2
15515,22:18:37,0.129,0.700,0,0,eGFP2
15516,22:18:37,0.105,0.577,0,0,eGFP2
15517,22:18:38,0.106,0.578,0,0,eGFP2
15518,22:18:39,0.094,0.665,0,0,eGFP2
15519,22:18:39,0.139,0.753,0,0,eGFP2
15520,22:18:40,0.119,0.678,0,0,eGFP2
15521,22:18:41,0.117,0.710,0,0,eGFP2
15522,22:18:42,0.138,0.818,0,0,eGFP2
15523,22:18:42,0.139,0.764,0,0,eGFP2
15524,22:18:43,0.106,0.633,0,0,eGFP2
15525,22:18:44,0.106,0.643,0,0,eGFP2
15526,22:18:44,0.117,0.666,0,0,eGFP2
15527,22:18:45,0.105,0.588,0,0,eGFP2
15528,22:18:45,0.098,0.603,0,0,eGFP2
15529,22:18:46,0.106,0.665,0,0,eGFP2
15530,22:18:47,0.117,0.666,0,0,eGFP2
15531,22:18:47,0.117,0.720,0,0,eGFP2
15532,22:18:48,0.128,0.775,0,0,eGFP2
15533,22:21:18,0.139,150.077,0,0,eGFP2
15534,22:21:20,0.611,1.357,0,0,eGFP2
15535,22:21:21,0.117,1.006,0,0,eGFP2
15536,22:21:21,0.206,0.711,0,0,eGFP2
15537,22:21:22,0.248,0.962,0,0,eGFP2
15538,22:21:25,0.193,2.641,0,0,eGFP2
15539,22:21:26,0.127,0.643,0,0,eGFP2
15540,22:21:27,0.106,1.829,0,0,eGFP2
15541,22:21:28,0.238,0.918,0,0,eGFP2
15542,22:21:29,0.119,0.689,0,0,eGFP2
15543,22:21:30,0.106,0.852,0,0,eGFP2
15544,22:21:31,0.448,1.118,0,0,eGFP2
15545,22:21:33,0.111,1.593,0,0,eGFP2
15546,22:21:33,0.182,0.785,0,0,eGFP2
15547,22:21:34,0.116,0.621,0,0,eGFP2
15548,22:21:35,0.106,0.819,0,0,eGFP2
15549,22:21:36,0.138,0.687,0,0,eGFP2
15550,22:21:36,0.094,0.544,0,0,eGFP2
15551,22:21:37,0.094,0.731,0,0,eGFP2
15552,22:21:38,0.150,0.809,0,0,eGFP2
15553,22:21:38,0.138,0.698,0,0,eGFP2
15554,22:21:39,0.094,0.555,0,0,eGFP2
15555,22:21:39,0.096,0.568,0,0,eGFP2
15556,22:21:40,0.105,0.686,0,0,eGFP2
15557,22:21:41,0.117,0.622,0,0,eGFP2
15558,22:21:41,0.105,0.555,0,0,eGFP2
15559,22:21:42,0.105,0.610,0,0,eGFP2
15560,22:21:43,0.107,0.699,0,0,eGFP2
15561,22:21:43,0.106,0.600,0,0,eGFP2
15562,22:21:44,0.105,0.687,0,0,eGFP2
15563,22:21:45,0.127,0.752,0,0,eGFP2
15564,22:21:45,0.128,0.699,0,0,eGFP2
15565,22:21:46,0.116,0.730,0,0,eGFP2
15566,22:21:47,0.128,0.644,0,0,eGFP2
15567,22:21:47,0.094,0.566,0,0,eGFP2
15568,22:21:48,0.107,0.612,0,0,eGFP2
15569,22:21:48,0.107,0.590,0,0,eGFP2
15570,22:21:49,0.105,0.588,0,0,eGFP2
15571,22:21:50,0.128,0.874,0,0,eGFP2
15572,22:21:51,0.127,0.731,0,0,eGFP2
15573,22:21:51,0.127,0.687,0,0,eGFP2
15574,22:21:52,0.106,0.643,0,0,eGFP2
15575,22:21:53,0.117,0.742,0,0,eGFP2
15576,22:21:54,0.140,1.238,0,0,eGFP2
15577,22:21:55,0.435,1.367,0,0,eGFP2
15578,22:21:56,0.139,0.753,0,0,eGFP2
15579,22:21:57,0.128,0.622,0,0,eGFP2
15580,22:21:57,0.094,0.500,0,0,eGFP2
15581,22:21:58,0.084,0.556,0,0,eGFP2
15582,22:21:59,0.129,0.843,0,0,eGFP2
15583,22:21:59,0.138,0.862,0,0,eGFP2
15584,22:22:00,0.117,0.710,0,0,eGFP2
15585,22:22:01,0.107,0.557,0,0,eGFP2
15586,22:22:01,0.084,0.501,0,0,eGFP2
15587,22:22:02,0.094,0.720,0,0,eGFP2
15588,22:22:03,0.127,0.786,0,0,eGFP2
15589,22:22:03,0.138,0.698,0,0,eGFP2
15590,22:22:04,0.106,0.578,0,0,eGFP2
15591,22:22:05,0.094,0.522,0,0,eGFP2
15592,22:22:05,0.093,0.510,0,0,eGFP2
15593,22:22:06,0.084,0.644,0,0,eGFP2
15594,22:22:07,0.160,0.928,0,0,eGFP2
15595,22:22:07,0.138,0.687,0,0,eGFP2
15596,22:22:08,0.129,0.776,0,0,eGFP2
15597,22:22:09,0.215,1.203,0,0,eGFP2
15598,22:22:10,0.127,0.665,0,0,eGFP2
15599,22:22:11,0.105,0.588,0,0,eGFP2
15600,22:22:11,0.094,0.555,0,0,eGFP2
15601,22:22:12,0.085,0.545,0,0,eGFP2
15602,22:22:12,0.106,0.709,0,0,eGFP2
15603,22:22:13,0.116,0.632,0,0,eGFP2
15604,22:22:14,0.094,0.687,0,0,eGFP2
15605,22:22:15,0.138,1.027,0,0,eGFP2
15606,22:22:16,0.171,0.885,0,0,eGFP2
15607,22:22:17,0.160,0.895,0,0,eGFP2
15608,22:22:17,0.116,0.621,0,0,eGFP2
15609,22:22:18,0.098,0.526,0,0,eGFP2
15610,22:22:18,0.083,0.489,0,0,eGFP2
15611,22:22:19,0.072,0.489,0,0,eGFP2
15612,22:22:19,0.095,0.610,0,0,eGFP2
15613,22:22:20,0.128,0.753,0,0,eGFP2
15614,22:22:21,0.204,1.126,0,0,eGFP2
15615,22:22:22,0.128,0.632,0,0,eGFP2
15616,22:22:22,0.095,0.512,0,0,eGFP2
15617,22:22:23,0.085,0.469,0,0,eGFP2
15618,22:22:23,0.072,0.468,0,0,eGFP2
15619,22:22:24,0.116,1.136,0,0,eGFP2
15620,22:22:25,0.139,0.720,0,0,eGFP2
15621,22:22:26,0.128,0.622,0,0,eGFP2
15622,22:22:26,0.083,0.577,0,0,eGFP2
15623,22:22:27,0.118,0.776,0,0,eGFP2
15624,22:22:28,0.128,0.742,0,0,eGFP2
15625,22:22:29,0.108,0.744,0,0,eGFP2
15626,22:22:29,0.128,0.720,0,0,eGFP2
15627,22:22:30,0.128,0.610,0,0,eGFP2
15628,22:22:31,0.095,0.655,0,0,eGFP2
15629,22:22:31,0.149,0.764,0,0,eGFP2
15630,22:22:32,0.105,0.566,0,0,eGFP2
15631,22:22:32,0.084,0.479,0,0,eGFP2
15632,22:22:33,0.083,0.511,0,0,eGFP2
15633,22:22:34,0.097,0.689,0,0,eGFP2
15634,22:22:34,0.150,0.731,0,0,eGFP2
15635,22:22:35,0.106,0.611,0,0,eGFP2
15636,22:22:35,0.085,0.513,0,0,eGFP2
15637,22:22:36,0.084,0.468,0,0,eGFP2
15638,22:22:36,0.083,0.478,0,0,eGFP2
15639,22:22:37,0.084,0.600,0,0,eGFP2
15640,22:22:38,0.117,0.621,0,0,eGFP2
15641,22:22:38,0.097,0.569,0,0,eGFP2
15642,22:22:39,0.094,0.566,0,0,eGFP2
15643,22:22:39,0.106,0.600,0,0,eGFP2
15644,22:22:40,0.105,0.577,0,0,eGFP2
15645,22:22:41,0.117,0.721,0,0,eGFP2
15646,22:22:41,0.127,0.731,0,0,eGFP2
15647,22:22:42,0.117,0.599,0,0,eGFP2
15648,22:22:42,0.106,0.545,0,0,eGFP2
15649,22:22:43,0.084,0.523,0,0,eGFP2
15650,22:22:43,0.087,0.515,0,0,eGFP2
15651,22:22:44,0.084,0.567,0,0,eGFP2
15652,22:22:45,0.117,0.797,0,0,eGFP2
15653,22:22:46,0.139,0.687,0,0,eGFP2
15654,22:22:46,0.095,0.567,0,0,eGFP2
15655,22:22:47,0.084,0.479,0,0,eGFP2
15656,22:22:47,0.089,0.517,0,0,eGFP2
15657,22:22:48,0.083,0.522,0,0,eGFP2
15658,22:22:48,0.084,0.578,0,0,eGFP2
15659,22:22:49,0.105,0.720,0,0,eGFP2
15660,22:22:50,0.149,0.764,0,0,eGFP2
15661,22:22:50,0.116,0.697,0,0,eGFP2
15662,22:22:51,0.127,0.742,0,0,eGFP2
15663,22:22:52,0.107,0.688,0,0,eGFP2
15664,22:22:52,0.116,0.577,0,0,eGFP2
15665,22:22:53,0.095,0.501,0,0,eGFP2
15666,22:22:53,0.084,0.600,0,0,eGFP2
15667,22:22:55,0.171,1.038,0,0,eGFP2
15668,22:22:55,0.149,0.720,0,0,eGFP2
15669,22:22:56,0.105,0.577,0,0,eGFP2
15670,22:22:56,0.094,0.599,0,0,eGFP2
15671,22:22:57,0.105,0.742,0,0,eGFP2
15672,22:22:58,0.116,0.599,0,0,eGFP2
15673,22:22:58,0.083,0.522,0,0,eGFP2
15674,22:22:59,0.085,0.480,0,0,eGFP2
15675,22:22:59,0.084,0.468,0,0,eGFP2
15676,22:23:00,0.083,0.544,0,0,eGFP2
15677,22:23:01,0.140,0.787,0,0,eGFP2
15678,22:23:01,0.117,0.632,0,0,eGFP2
15679,22:23:02,0.095,0.534,0,0,eGFP2
15680,22:23:02,0.083,0.500,0,0,eGFP2
15681,22:23:03,0.105,0.599,0,0,eGFP2
15682,22:23:03,0.096,0.524,0,0,eGFP2
15683,22:23:04,0.095,0.621,0,0,eGFP2
15684,22:23:05,0.150,0.896,0,0,eGFP2
15685,22:23:06,0.127,0.764,0,0,eGFP2
15686,22:23:06,0.127,0.676,0,0,eGFP2
15687,22:23:07,0.127,0.643,0,0,eGFP2
15688,22:23:07,0.095,0.512,0,0,eGFP2
15689,22:23:08,0.072,0.500,0,0,eGFP2
15690,22:23:09,0.098,0.778,0,0,eGFP2
15691,22:23:10,0.182,0.907,0,0,eGFP2
15692,22:23:10,0.116,0.654,0,0,eGFP2
15693,22:23:11,0.116,0.599,0,0,eGFP2
15694,22:23:11,0.095,0.512,0,0,eGFP2
15695,22:23:12,0.094,0.643,0,0,eGFP2
15696,22:23:13,0.139,0.709,0,0,eGFP2
15697,22:23:13,0.106,0.567,0,0,eGFP2
15698,22:23:14,0.096,0.579,0,0,eGFP2
15699,22:23:15,0.116,0.643,0,0,eGFP2
15700,22:23:15,0.106,0.687,0,0,eGFP2
15701,22:23:16,0.150,0.962,0,0,eGFP2
15702,22:23:17,0.149,0.885,0,0,eGFP2
15703,22:23:18,0.162,0.853,0,0,eGFP2
15704,22:23:19,0.139,0.742,0,0,eGFP2
15705,22:23:19,0.128,0.742,0,0,eGFP2
15706,22:23:20,0.108,0.547,0,0,eGFP2
15707,22:23:20,0.083,0.522,0,0,eGFP2
15708,22:23:21,0.084,0.534,0,0,eGFP2
15709,22:23:22,0.084,0.501,0,0,eGFP2
15710,22:23:22,0.084,0.555,0,0,eGFP2
15711,22:23:23,0.106,0.589,0,0,eGFP2
15712,22:23:23,0.095,0.567,0,0,eGFP2
15713,22:23:24,0.094,0.522,0,0,eGFP2
15714,22:23:24,0.084,0.479,0,0,eGFP2
15715,22:23:25,0.086,0.569,0,0,eGFP2
15716,22:23:26,0.127,0.863,0,0,eGFP2
15717,22:23:26,0.140,0.722,0,0,eGFP2
15718,22:23:27,0.116,0.698,0,0,eGFP2
15719,22:23:28,0.111,0.748,0,0,eGFP2
15720,22:23:29,0.127,0.730,0,0,eGFP2
15721,22:23:29,0.127,0.676,0,0,eGFP2
15722,22:23:30,0.116,0.675,0,0,eGFP2
15723,22:23:31,0.118,0.612,0,0,eGFP2
15724,22:23:31,0.105,0.577,0,0,eGFP2
15725,22:23:32,0.094,0.533,0,0,eGFP2
15726,22:23:32,0.094,0.687,0,0,eGFP2
15727,22:23:33,0.149,0.928,0,0,eGFP2
15728,22:23:34,0.127,0.807,0,0,eGFP2
15729,22:23:35,0.117,0.720,0,0,eGFP2
15730,22:23:35,0.107,0.568,0,0,eGFP2
15731,22:23:36,0.096,0.545,0,0,eGFP2
15732,22:23:36,0.095,0.534,0,0,eGFP2
15733,22:23:37,0.094,0.577,0,0,eGFP2
15734,22:23:38,0.127,0.851,0,0,eGFP2
15735,22:23:39,0.204,1.247,0,0,eGFP2
15736,22:23:40,0.204,0.917,0,0,eGFP2
15737,22:23:41,0.127,0.632,0,0,eGFP2
15738,22:23:41,0.083,0.533,0,0,eGFP2
15739,22:23:42,0.107,0.722,0,0,eGFP2
15740,22:23:43,0.127,0.643,0,0,eGFP2
15741,22:23:43,0.094,0.511,0,0,eGFP2
15742,22:23:44,0.083,0.478,0,0,eGFP2
15743,22:23:44,0.073,0.457,0,0,eGFP2
15744,22:23:45,0.107,0.985,0,0,eGFP2
15745,22:23:46,0.500,1.246,0,0,eGFP2
15746,22:23:47,0.160,0.731,0,0,eGFP2
15747,22:23:48,0.107,0.700,0,0,eGFP2
15748,22:23:48,0.138,0.829,0,0,eGFP2
15749,22:23:49,0.116,0.654,0,0,eGFP2
15750,22:23:50,0.095,0.578,0,0,eGFP2
15751,22:23:50,0.127,0.643,0,0,eGFP2
15752,22:23:51,0.105,0.610,0,0,eGFP2
15753,22:23:52,0.127,0.775,0,0,eGFP2
15754,22:23:52,0.116,0.610,0,0,eGFP2
15755,22:23:53,0.085,0.502,0,0,eGFP2
15756,22:23:53,0.084,0.490,0,0,eGFP2
15757,22:23:54,0.085,0.469,0,0,eGFP2
15758,22:23:54,0.083,0.500,0,0,eGFP2
15759,22:23:55,0.106,0.720,0,0,eGFP2
15760,22:23:56,0.128,0.666,0,0,eGFP2
15761,22:23:56,0.105,0.676,0,0,eGFP2
15762,22:23:57,0.127,0.808,0,0,eGFP2
15763,22:23:58,0.140,0.776,0,0,eGFP2
15764,22:23:59,0.128,0.808,0,0,eGFP2
15765,22:24:00,0.161,0.863,0,0,eGFP2
15766,22:24:00,0.149,0.797,0,0,eGFP2
15767,22:24:01,0.138,0.830,0,0,eGFP2
15768,22:24:02,0.105,0.610,0,0,eGFP2
15769,22:24:03,0.139,0.665,0,0,eGFP2
15770,22:24:03,0.095,0.556,0,0,eGFP2
15771,22:24:04,0.096,0.513,0,0,eGFP2
15772,22:24:05,0.083,1.389,0,0,eGFP2
15773,22:24:06,0.292,1.049,0,0,eGFP2
15774,22:24:07,0.117,0.709,0,0,eGFP2
15775,22:24:07,0.139,0.743,0,0,eGFP2
15776,22:24:08,0.116,0.643,0,0,eGFP2
15777,22:24:09,0.106,0.534,0,0,eGFP2
15778,22:24:09,0.084,0.545,0,0,eGFP2
15779,22:24:10,0.116,0.808,0,0,eGFP2
15780,22:24:11,0.133,0.660,0,0,eGFP2
15781,22:24:11,0.106,0.599,0,0,eGFP2
15782,22:24:12,0.101,0.583,0,0,eGFP2
15783,22:24:12,0.094,0.544,0,0,eGFP2
15784,22:24:13,0.096,0.612,0,0,eGFP2
15785,22:24:14,0.116,0.752,0,0,eGFP2
15786,22:24:14,0.116,0.621,0,0,eGFP2
15787,22:24:15,0.116,0.665,0,0,eGFP2
15788,22:24:16,0.096,0.524,0,0,eGFP2
15789,22:24:16,0.083,0.533,0,0,eGFP2
15790,22:24:17,0.105,0.753,0,0,eGFP2
15791,22:24:18,0.149,0.741,0,0,eGFP2
15792,22:24:18,0.105,0.610,0,0,eGFP2
15793,22:24:19,0.127,0.731,0,0,eGFP2
15794,22:24:20,0.116,0.764,0,0,eGFP2
15795,22:24:20,0.116,0.665,0,0,eGFP2
15796,22:24:21,0.117,0.578,0,0,eGFP2
15797,22:24:22,0.095,0.632,0,0,eGFP2
15798,22:24:22,0.107,0.601,0,0,eGFP2
15799,22:24:23,0.106,0.610,0,0,eGFP2
15800,22:24:23,0.106,0.655,0,0,eGFP2
15801,22:24:24,0.127,0.774,0,0,eGFP2
15802,22:24:25,0.128,0.742,0,0,eGFP2
15803,22:24:26,0.128,0.709,0,0,eGFP2
15804,22:24:26,0.107,0.623,0,0,eGFP2
15805,22:24:27,0.116,0.577,0,0,eGFP2
15806,22:24:27,0.095,0.523,0,0,eGFP2
15807,22:24:28,0.094,0.753,0,0,eGFP2
15808,22:24:29,0.138,0.676,0,0,eGFP2
15809,22:24:29,0.116,0.621,0,0,eGFP2
15810,22:24:30,0.106,0.742,0,0,eGFP2
15811,22:24:46,0.176,15.716,0,0,eGFP2
15812,22:24:47,0.238,0.875,0,0,eGFP2
15813,22:24:48,0.116,0.753,0,0,eGFP2
15814,22:24:48,0.116,0.621,0,0,eGFP2
15815,22:24:49,0.095,0.567,0,0,eGFP2
15816,22:24:49,0.105,0.643,0,0,eGFP2
15817,22:24:50,0.094,0.566,0,0,eGFP2
15818,22:24:50,0.095,0.545,0,0,eGFP2
15819,22:24:51,0.094,0.533,0,0,eGFP2
15820,22:24:52,0.086,0.547,0,0,eGFP2
15821,22:24:52,0.094,0.555,0,0,eGFP2
15822,22:24:53,0.084,0.501,0,0,eGFP2
15823,22:24:53,0.094,0.687,0,0,eGFP2
15824,22:24:54,0.117,0.654,0,0,eGFP2
15825,22:24:55,0.119,0.722,0,0,eGFP2
15826,22:24:55,0.128,0.655,0,0,eGFP2
15827,22:24:56,0.094,0.522,0,0,eGFP2
15828,22:24:56,0.097,0.547,0,0,eGFP2
15829,22:24:57,0.094,0.544,0,0,eGFP2
15830,22:24:57,0.084,0.523,0,0,eGFP2
15831,22:24:58,0.084,0.512,0,0,eGFP2
15832,22:24:59,0.095,0.534,0,0,eGFP2
15833,22:24:59,0.095,0.545,0,0,eGFP2
15834,22:25:00,0.127,0.852,0,0,eGFP2
15835,22:25:01,0.127,0.632,0,0,eGFP2
15836,22:25:01,0.095,0.523,0,0,eGFP2
15837,22:25:02,0.086,0.503,0,0,eGFP2
15838,22:25:02,0.085,0.546,0,0,eGFP2
15839,22:25:03,0.107,0.656,0,0,eGFP2
15840,22:25:03,0.117,0.633,0,0,eGFP2
15841,22:25:04,0.094,0.501,0,0,eGFP2
15842,22:25:05,0.094,0.621,0,0,eGFP2
15843,22:25:05,0.150,0.852,0,0,eGFP2
15844,22:25:14,0.315,8.150,0,0,eGFP2
15845,22:25:19,4.349,5.260,0,0,eGFP2
15846,22:25:20,0.116,1.290,0,0,eGFP2
15847,22:25:21,0.127,0.753,0,0,eGFP2
15848,22:25:21,0.105,0.599,0,0,eGFP2
15849,22:25:22,0.094,0.533,0,0,eGFP2
15850,22:25:23,0.094,0.599,0,0,eGFP2
15851,22:25:23,0.127,0.687,0,0,eGFP2
15852,22:25:24,0.140,0.820,0,0,eGFP2
15853,22:25:25,0.129,0.633,0,0,eGFP2
15854,22:25:25,0.095,0.556,0,0,eGFP2
15855,22:25:26,0.105,0.599,0,0,eGFP2
15856,22:25:26,0.094,0.500,0,0,eGFP2
15857,22:25:27,0.095,0.578,0,0,eGFP2
15858,22:25:28,0.116,0.676,0,0,eGFP2
15859,22:25:28,0.094,0.577,0,0,eGFP2
15860,22:25:29,0.094,0.522,0,0,eGFP2
15861,22:25:29,0.097,0.711,0,0,eGFP2
15862,22:25:30,0.138,0.731,0,0,eGFP2
15863,22:25:31,0.117,0.632,0,0,eGFP2
15864,22:25:31,0.117,0.600,0,0,eGFP2
15865,22:25:32,0.085,0.546,0,0,eGFP2
15866,22:25:33,0.116,0.687,0,0,eGFP2
15867,22:25:33,0.127,0.665,0,0,eGFP2
15868,22:25:34,0.105,0.566,0,0,eGFP2
15869,22:25:34,0.086,0.514,0,0,eGFP2
15870,22:25:35,0.105,0.588,0,0,eGFP2
15871,22:25:36,0.106,0.599,0,0,eGFP2
15872,22:25:36,0.095,0.545,0,0,eGFP2
15873,22:25:37,0.094,0.555,0,0,eGFP2
15874,22:25:37,0.106,0.556,0,0,eGFP2
15875,22:25:38,0.105,0.533,0,0,eGFP2
15876,22:25:38,0.095,0.556,0,0,eGFP2
15877,22:25:39,0.096,0.623,0,0,eGFP2
15878,22:25:40,0.117,0.753,0,0,eGFP2
15879,22:25:40,0.140,0.744,0,0,eGFP2
15880,22:25:41,0.117,0.599,0,0,eGFP2
15881,22:25:42,0.095,0.523,0,0,eGFP2
15882,22:25:42,0.106,0.578,0,0,eGFP2
15883,22:25:43,0.105,0.566,0,0,eGFP2
15884,22:25:43,0.095,0.589,0,0,eGFP2
15885,22:25:44,0.140,0.799,0,0,eGFP2
15886,22:25:45,0.116,0.643,0,0,eGFP2
15887,22:25:45,0.106,0.600,0,0,eGFP2
15888,22:25:46,0.127,0.829,0,0,eGFP2
15889,22:25:47,0.128,0.633,0,0,eGFP2
15890,22:25:47,0.106,0.709,0,0,eGFP2
15891,22:25:49,0.150,1.489,0,0,eGFP2
15892,22:25:50,0.140,0.689,0,0,eGFP2
15893,22:25:50,0.096,0.557,0,0,eGFP2
15894,22:25:51,0.095,0.534,0,0,eGFP2
15895,22:25:51,0.095,0.622,0,0,eGFP2
15896,22:25:52,0.160,0.797,0,0,eGFP2
15897,22:25:53,0.117,0.709,0,0,eGFP2
15898,22:25:53,0.117,0.567,0,0,eGFP2
15899,22:25:54,0.095,0.567,0,0,eGFP2
15900,22:25:55,0.084,0.512,0,0,eGFP2
15901,22:25:55,0.084,0.479,0,0,eGFP2
15902,22:25:56,0.074,0.513,0,0,eGFP2
15903,22:25:56,0.084,0.600,0,0,eGFP2
15904,22:25:57,0.139,0.819,0,0,eGFP2
15905,22:25:58,0.117,0.600,0,0,eGFP2
15906,22:25:58,0.086,0.536,0,0,eGFP2
15907,22:25:59,0.106,0.567,0,0,eGFP2
15908,22:25:59,0.100,0.692,0,0,eGFP2
15909,22:26:00,0.149,0.863,0,0,eGFP2
15910,22:26:01,0.128,0.798,0,0,eGFP2
15911,22:26:02,0.116,0.654,0,0,eGFP2
15912,22:26:02,0.116,0.720,0,0,eGFP2
15913,22:26:03,0.105,0.599,0,0,eGFP2
15914,22:26:04,0.105,0.741,0,0,eGFP2
15915,22:26:04,0.128,0.632,0,0,eGFP2
15916,22:26:05,0.095,0.600,0,0,eGFP2
15917,22:26:05,0.094,0.522,0,0,eGFP2
15918,22:26:06,0.085,0.568,0,0,eGFP2
15919,22:26:07,0.128,0.831,0,0,eGFP2
15920,22:26:08,0.138,0.643,0,0,eGFP2
15921,22:26:08,0.094,0.522,0,0,eGFP2
15922,22:26:09,0.095,0.566,0,0,eGFP2
15923,22:26:09,0.095,0.622,0,0,eGFP2
15924,22:26:10,0.127,0.895,0,0,eGFP2
15925,22:26:11,0.149,0.753,0,0,eGFP2
15926,22:26:12,0.140,0.820,0,0,eGFP2
15927,22:26:12,0.117,0.753,0,0,eGFP2
15928,22:26:13,0.116,0.698,0,0,eGFP2
15929,22:26:14,0.116,0.742,0,0,eGFP2
15930,22:26:15,0.138,0.720,0,0,eGFP2
15931,22:26:15,0.105,0.610,0,0,eGFP2
15932,22:26:16,0.095,0.577,0,0,eGFP2
15933,22:26:16,0.104,0.565,0,0,eGFP2
15934,22:26:17,0.096,0.546,0,0,eGFP2
15935,22:26:18,0.106,0.797,0,0,eGFP2
15936,22:26:18,0.139,0.665,0,0,eGFP2
15937,22:26:19,0.106,0.589,0,0,eGFP2
15938,22:26:20,0.105,0.577,0,0,eGFP2
15939,22:26:20,0.106,0.720,0,0,eGFP2
15940,22:26:21,0.150,0.819,0,0,eGFP2
15941,22:26:22,0.117,0.676,0,0,eGFP2
15942,22:26:22,0.096,0.535,0,0,eGFP2
15943,22:26:23,0.095,0.622,0,0,eGFP2
15944,22:26:24,0.138,0.764,0,0,eGFP2
15945,22:26:24,0.138,0.764,0,0,eGFP2
15946,22:26:25,0.118,0.667,0,0,eGFP2
15947,22:26:26,0.116,0.621,0,0,eGFP2
15948,22:26:26,0.106,0.775,0,0,eGFP2
15949,22:26:27,0.161,0.841,0,0,eGFP2
15950,22:26:28,0.118,0.678,0,0,eGFP2
15951,22:26:29,0.106,0.567,0,0,eGFP2
15952,22:26:29,0.105,0.687,0,0,eGFP2
15953,22:26:30,0.117,0.621,0,0,eGFP2
15954,22:26:31,0.117,0.830,0,0,eGFP2
15955,22:26:31,0.128,0.677,0,0,eGFP2
15956,22:26:32,0.106,0.610,0,0,eGFP2
15957,22:26:33,0.106,0.655,0,0,eGFP2
15958,22:26:33,0.118,0.722,0,0,eGFP2
15959,22:26:34,0.140,0.875,0,0,eGFP2
15960,22:26:35,0.172,0.787,0,0,eGFP2
15961,22:26:36,0.127,0.797,0,0,eGFP2
15962,22:26:37,0.117,0.687,0,0,eGFP2
15963,22:26:37,0.130,0.854,0,0,eGFP2
15964,22:26:38,0.139,0.710,0,0,eGFP2
15965,22:26:39,0.105,0.621,0,0,eGFP2
15966,22:26:39,0.117,0.622,0,0,eGFP2
15967,22:26:40,0.107,0.623,0,0,eGFP2
15968,22:26:41,0.117,0.808,0,0,eGFP2
15969,22:26:42,0.150,0.765,0,0,eGFP2
15970,22:26:42,0.138,0.786,0,0,eGFP2
15971,22:26:43,0.117,0.753,0,0,eGFP2
15972,22:26:44,0.122,0.725,0,0,eGFP2
15973,22:26:45,0.140,0.820,0,0,eGFP2
15974,22:26:45,0.150,0.830,0,0,eGFP2
15975,22:26:46,0.118,0.655,0,0,eGFP2
15976,22:26:47,0.106,0.610,0,0,eGFP2
15977,22:26:47,0.105,0.687,0,0,eGFP2
15978,22:26:48,0.127,0.775,0,0,eGFP2
15979,22:26:49,0.105,0.654,0,0,eGFP2
15980,22:26:50,0.127,0.785,0,0,eGFP2
15981,22:26:50,0.127,0.720,0,0,eGFP2
15982,22:26:51,0.127,0.676,0,0,eGFP2
15983,22:26:52,0.107,0.688,0,0,eGFP2
15984,22:26:52,0.117,0.643,0,0,eGFP2
15985,22:26:53,0.117,0.654,0,0,eGFP2
15986,22:26:54,0.118,0.711,0,0,eGFP2
15987,22:26:54,0.116,0.687,0,0,eGFP2
15988,22:26:55,0.116,0.643,0,0,eGFP2
15989,22:26:56,0.116,0.665,0,0,eGFP2
15990,22:26:56,0.105,0.566,0,0,eGFP2
15991,22:26:57,0.096,0.656,0,0,eGFP2
15992,22:26:58,0.116,0.665,0,0,eGFP2
15993,22:26:58,0.105,0.687,0,0,eGFP2
15994,22:26:59,0.127,0.785,0,0,eGFP2
15995,22:27:00,0.139,0.687,0,0,eGFP2
15996,22:27:00,0.106,0.622,0,0,eGFP2
15997,22:27:01,0.105,0.566,0,0,eGFP2
15998,22:27:02,0.105,0.709,0,0,eGFP2
15999,22:27:02,0.118,0.590,0,0,eGFP2
16000,22:27:03,0.107,0.645,0,0,eGFP2
16001,22:27:03,0.094,0.566,0,0,eGFP2
16002,22:27:04,0.095,0.654,0,0,eGFP2
16003,22:27:05,0.128,0.830,0,0,eGFP2
16004,22:27:06,0.116,0.764,0,0,eGFP2
16005,22:27:06,0.127,0.610,0,0,eGFP2
16006,22:27:07,0.095,0.523,0,0,eGFP2
16007,22:27:08,0.107,0.765,0,0,eGFP2
16008,22:27:08,0.150,0.841,0,0,eGFP2
16009,22:27:09,0.161,0.841,0,0,eGFP2
16010,22:27:10,0.139,0.797,0,0,eGFP2
16011,22:27:11,0.128,0.709,0,0,eGFP2
16012,22:27:11,0.128,0.698,0,0,eGFP2
16013,22:27:13,0.141,1.172,0,0,eGFP2
16014,22:27:13,0.172,0.753,0,0,eGFP2
16015,22:27:14,0.107,0.579,0,0,eGFP2
16016,22:27:15,0.084,0.556,0,0,eGFP2
16017,22:27:15,0.117,0.643,0,0,eGFP2
16018,22:27:16,0.106,0.786,0,0,eGFP2
16019,22:27:17,0.128,0.644,0,0,eGFP2
16020,22:27:17,0.094,0.577,0,0,eGFP2
16021,22:27:18,0.128,0.622,0,0,eGFP2
16022,22:27:18,0.095,0.523,0,0,eGFP2
16023,22:27:19,0.107,0.864,0,0,eGFP2
16024,22:27:20,0.128,0.633,0,0,eGFP2
16025,22:27:20,0.116,0.621,0,0,eGFP2
16026,22:27:21,0.095,0.545,0,0,eGFP2
16027,22:27:22,0.107,0.744,0,0,eGFP2
16028,22:27:22,0.138,0.753,0,0,eGFP2
16029,22:27:23,0.128,0.655,0,0,eGFP2
16030,22:27:24,0.116,0.632,0,0,eGFP2
16031,22:27:24,0.106,0.545,0,0,eGFP2
16032,22:27:25,0.096,0.733,0,0,eGFP2
16033,22:27:26,0.139,0.764,0,0,eGFP2
16034,22:27:26,0.106,0.633,0,0,eGFP2
16035,22:27:27,0.111,0.671,0,0,eGFP2
16036,22:27:28,0.127,0.708,0,0,eGFP2
16037,22:27:28,0.127,0.676,0,0,eGFP2
16038,22:27:29,0.105,0.632,0,0,eGFP2
16039,22:27:30,0.116,0.841,0,0,eGFP2
16040,22:27:31,0.130,0.734,0,0,eGFP2
16041,22:27:31,0.149,0.763,0,0,eGFP2
16042,22:27:32,0.127,0.819,0,0,eGFP2
16043,22:27:33,0.138,0.687,0,0,eGFP2
16044,22:27:34,0.105,0.719,0,0,eGFP2
16045,22:27:34,0.138,0.753,0,0,eGFP2
16046,22:27:35,0.127,0.720,0,0,eGFP2
16047,22:27:36,0.116,0.610,0,0,eGFP2
16048,22:27:37,0.107,0.798,0,0,eGFP2
16049,22:27:37,0.127,0.895,0,0,eGFP2
16050,22:27:38,0.183,0.907,0,0,eGFP2
16051,22:27:39,0.127,0.676,0,0,eGFP2
16052,22:27:40,0.105,0.577,0,0,eGFP2
16053,22:27:40,0.106,0.632,0,0,eGFP2
16054,22:27:41,0.118,0.788,0,0,eGFP2
16055,22:27:42,0.127,0.698,0,0,eGFP2
16056,22:27:42,0.118,0.743,0,0,eGFP2
16057,22:27:43,0.161,0.753,0,0,eGFP2
16058,22:27:44,0.106,0.567,0,0,eGFP2
16059,22:27:44,0.094,0.588,0,0,eGFP2
16060,22:27:45,0.105,0.720,0,0,eGFP2
16061,22:27:46,0.138,0.819,0,0,eGFP2
16062,22:27:47,0.127,0.731,0,0,eGFP2
16063,22:27:47,0.149,0.797,0,0,eGFP2
16064,22:27:48,0.140,0.897,0,0,eGFP2
16065,22:27:49,0.215,1.104,0,0,eGFP2
16066,22:27:50,0.128,0.622,0,0,eGFP2
16067,22:27:51,0.096,0.612,0,0,eGFP2
16068,22:27:51,0.094,0.522,0,0,eGFP2
16069,22:27:52,0.084,0.501,0,0,eGFP2
16070,22:27:52,0.094,0.676,0,0,eGFP2
16071,22:27:53,0.128,0.698,0,0,eGFP2
16072,22:27:54,0.108,0.623,0,0,eGFP2
16073,22:27:54,0.106,0.688,0,0,eGFP2
16074,22:27:55,0.149,0.808,0,0,eGFP2
16075,22:27:56,0.138,0.720,0,0,eGFP2
16076,22:27:57,0.116,0.654,0,0,eGFP2
16077,22:27:57,0.106,0.611,0,0,eGFP2
16078,22:27:58,0.116,0.720,0,0,eGFP2
16079,22:27:59,0.171,0.885,0,0,eGFP2
16080,22:27:59,0.118,0.667,0,0,eGFP2
16081,22:28:00,0.118,0.667,0,0,eGFP2
16082,22:28:01,0.136,0.718,0,0,eGFP2
16083,22:28:02,0.116,0.676,0,0,eGFP2
16084,22:28:02,0.116,0.708,0,0,eGFP2
16085,22:28:03,0.138,0.863,0,0,eGFP2
16086,22:28:04,0.116,0.774,0,0,eGFP2
16087,22:28:05,0.128,0.654,0,0,eGFP2
16088,22:28:05,0.096,0.568,0,0,eGFP2
16089,22:28:06,0.116,0.720,0,0,eGFP2
16090,22:28:07,0.127,0.785,0,0,eGFP2
16091,22:28:07,0.105,0.610,0,0,eGFP2
16092,22:28:08,0.105,0.621,0,0,eGFP2
16093,22:28:09,0.127,0.874,0,0,eGFP2
16094,22:28:09,0.128,0.721,0,0,eGFP2
16095,22:28:10,0.138,0.742,0,0,eGFP2
16096,22:28:11,0.094,0.588,0,0,eGFP2
16097,22:28:11,0.129,0.699,0,0,eGFP2
16098,22:28:12,0.117,0.600,0,0,eGFP2
16099,22:28:13,0.105,0.643,0,0,eGFP2
16100,22:28:13,0.127,0.785,0,0,eGFP2
16101,22:28:14,0.138,0.808,0,0,eGFP2
16102,22:28:15,0.138,0.742,0,0,eGFP2
16103,22:28:16,0.116,0.807,0,0,eGFP2
16104,22:28:17,0.128,0.698,0,0,eGFP2
16105,22:28:17,0.129,0.766,0,0,eGFP2
16106,22:28:18,0.105,0.588,0,0,eGFP2
16107,22:28:19,0.106,0.643,0,0,eGFP2
16108,22:28:19,0.107,0.645,0,0,eGFP2
16109,22:28:20,0.116,0.720,0,0,eGFP2
16110,22:28:21,0.116,0.654,0,0,eGFP2
16111,22:28:21,0.106,0.775,0,0,eGFP2
16112,22:28:22,0.171,0.906,0,0,eGFP2
16113,22:28:23,0.130,0.810,0,0,eGFP2
16114,22:28:24,0.138,0.819,0,0,eGFP2
16115,22:28:25,0.127,0.775,0,0,eGFP2
16116,22:28:25,0.138,0.665,0,0,eGFP2
16117,22:28:26,0.116,0.610,0,0,eGFP2
16118,22:28:27,0.117,0.720,0,0,eGFP2
16119,22:28:27,0.131,0.646,0,0,eGFP2
16120,22:28:28,0.098,0.548,0,0,eGFP2
16121,22:28:28,0.081,0.574,0,0,eGFP2
16122,22:28:29,0.121,0.714,0,0,eGFP2
16123,22:28:30,0.119,0.657,0,0,eGFP2
16124,22:28:30,0.100,0.561,0,0,eGFP2
16125,22:28:31,0.105,0.774,0,0,eGFP2
16126,22:28:32,0.139,0.830,0,0,eGFP2
16127,22:28:33,0.139,0.797,0,0,eGFP2
16128,22:28:33,0.128,0.677,0,0,eGFP2
16129,22:28:34,0.107,0.612,0,0,eGFP2
16130,22:28:35,0.095,0.621,0,0,eGFP2
16131,22:28:36,0.128,0.885,0,0,eGFP2
16132,22:28:36,0.139,0.698,0,0,eGFP2
16133,22:28:37,0.106,0.556,0,0,eGFP2
16134,22:28:37,0.095,0.534,0,0,eGFP2
16135,22:28:38,0.085,0.535,0,0,eGFP2
16136,22:28:39,0.117,0.775,0,0,eGFP2
16137,22:28:39,0.141,0.766,0,0,eGFP2
16138,22:28:40,0.117,0.633,0,0,eGFP2
16139,22:28:41,0.116,0.632,0,0,eGFP2
16140,22:28:41,0.106,0.622,0,0,eGFP2
16141,22:28:42,0.105,0.687,0,0,eGFP2
16142,22:28:43,0.128,0.731,0,0,eGFP2
16143,22:28:43,0.117,0.688,0,0,eGFP2
16144,22:28:44,0.117,0.698,0,0,eGFP2
16145,22:28:45,0.119,0.646,0,0,eGFP2
16146,22:28:45,0.110,0.746,0,0,eGFP2
16147,22:28:46,0.149,0.753,0,0,eGFP2
16148,22:28:47,0.107,0.611,0,0,eGFP2
16149,22:28:47,0.106,0.654,0,0,eGFP2
16150,22:28:48,0.127,0.720,0,0,eGFP2
16151,22:28:49,0.116,0.720,0,0,eGFP2
16152,22:28:50,0.116,0.588,0,0,eGFP2
16153,22:28:50,0.095,0.545,0,0,eGFP2
16154,22:28:51,0.116,0.742,0,0,eGFP2
16155,22:28:52,0.127,0.731,0,0,eGFP2
16156,22:28:52,0.138,0.774,0,0,eGFP2
16157,22:28:53,0.127,0.775,0,0,eGFP2
16158,22:28:54,0.149,0.873,0,0,eGFP2
16159,22:28:55,0.128,0.808,0,0,eGFP2
16160,22:28:56,0.149,0.939,0,0,eGFP2
16161,22:28:56,0.127,0.643,0,0,eGFP2
16162,22:28:57,0.098,0.690,0,0,eGFP2
16163,22:28:58,0.127,0.742,0,0,eGFP2
16164,22:28:59,0.116,0.731,0,0,eGFP2
16165,22:28:59,0.149,0.764,0,0,eGFP2
16166,22:29:00,0.116,0.785,0,0,eGFP2
16167,22:29:01,0.150,0.819,0,0,eGFP2
16168,22:29:02,0.160,0.873,0,0,eGFP2
16169,22:29:02,0.117,0.687,0,0,eGFP2
16170,22:29:03,0.118,0.634,0,0,eGFP2
16171,22:29:04,0.106,0.632,0,0,eGFP2
16172,22:29:04,0.117,0.643,0,0,eGFP2
16173,22:29:05,0.106,0.742,0,0,eGFP2
16174,22:29:06,0.128,0.742,0,0,eGFP2
16175,22:29:07,0.140,1.567,0,0,eGFP2
16176,22:34:52,343.955,344.657,0,0,eGFP2
16177,22:34:54,0.215,1.774,0,0,eGFP2
16178,22:34:55,0.129,1.072,0,0,eGFP2
16179,22:34:56,0.161,0.775,0,0,eGFP2
16180,22:34:56,0.117,0.600,0,0,eGFP2
16181,22:34:58,0.094,1.378,0,0,eGFP2
16182,22:34:58,0.171,0.764,0,0,eGFP2
16183,22:35:00,0.095,1.697,0,0,eGFP2
16184,22:35:05,3.024,4.572,0,0,eGFP2
16185,22:35:05,0.138,0.808,0,0,eGFP2
16186,22:35:06,0.107,0.612,0,0,eGFP2
16187,22:35:07,0.094,0.643,0,0,eGFP2
16188,22:35:07,0.107,0.667,0,0,eGFP2
16189,22:35:08,0.116,0.566,0,0,eGFP2
16190,22:35:09,0.084,0.600,0,0,eGFP2
16191,22:35:09,0.094,0.555,0,0,eGFP2
16192,22:35:10,0.095,0.896,0,0,eGFP2
16193,22:35:11,0.149,0.709,0,0,eGFP2
16194,22:35:11,0.107,0.579,0,0,eGFP2
16195,22:35:12,0.095,0.633,0,0,eGFP2
16196,22:35:13,0.138,0.753,0,0,eGFP2
16197,22:35:13,0.105,0.654,0,0,eGFP2
16198,22:35:14,0.139,0.753,0,0,eGFP2
16199,22:35:15,0.106,0.644,0,0,eGFP2
16200,22:35:15,0.127,0.687,0,0,eGFP2
16201,22:35:16,0.106,0.676,0,0,eGFP2
16202,22:35:17,0.132,0.647,0,0,eGFP2
16203,22:35:17,0.095,0.710,0,0,eGFP2
16204,22:35:22,0.511,4.133,0,0,eGFP2
16205,22:35:22,0.139,0.720,0,0,eGFP2
16206,22:35:23,0.117,0.666,0,0,eGFP2
16207,22:35:24,0.116,0.654,0,0,eGFP2
16208,22:35:24,0.095,0.589,0,0,eGFP2
16209,22:35:25,0.132,0.736,0,0,eGFP2
16210,22:35:26,0.118,0.622,0,0,eGFP2
16211,22:35:26,0.084,0.512,0,0,eGFP2
16212,22:35:27,0.094,0.675,0,0,eGFP2
16213,22:35:27,0.127,0.709,0,0,eGFP2
16214,22:35:28,0.105,0.577,0,0,eGFP2
16215,22:35:29,0.096,0.677,0,0,eGFP2
16216,22:35:29,0.138,0.665,0,0,eGFP2
16217,22:35:30,0.105,0.621,0,0,eGFP2
16218,22:35:31,0.129,0.831,0,0,eGFP2
16219,22:35:31,0.116,0.610,0,0,eGFP2
16220,22:35:32,0.094,0.500,0,0,eGFP2
16221,22:35:32,0.083,0.522,0,0,eGFP2
16222,22:35:33,0.105,0.621,0,0,eGFP2
16223,22:35:34,0.116,0.698,0,0,eGFP2
16224,22:35:34,0.116,0.676,0,0,eGFP2
16225,22:35:35,0.116,0.588,0,0,eGFP2
16226,22:35:36,0.094,0.511,0,0,eGFP2
16227,22:35:36,0.085,0.469,0,0,eGFP2
16228,22:35:37,0.073,0.457,0,0,eGFP2
16229,22:35:37,0.085,0.589,0,0,eGFP2
16230,22:35:38,0.117,0.589,0,0,eGFP2
16231,22:35:38,0.083,0.467,0,0,eGFP2
16232,22:35:39,0.084,0.819,0,0,eGFP2
16233,22:35:40,0.138,0.654,0,0,eGFP2
16234,22:35:40,0.084,0.479,0,0,eGFP2
16235,22:35:41,0.074,0.458,0,0,eGFP2
16236,22:35:47,0.105,6.163,0,0,eGFP2
16237,22:35:48,0.160,0.928,0,0,eGFP2
16238,22:35:48,0.172,0.808,0,0,eGFP2
16239,22:35:50,0.106,1.532,0,0,eGFP2
16240,22:35:51,0.193,0.874,0,0,eGFP2
16241,22:35:52,0.138,0.709,0,0,eGFP2
16242,22:35:52,0.107,0.601,0,0,eGFP2
16243,22:35:53,0.107,0.634,0,0,eGFP2
16244,22:35:53,0.127,0.643,0,0,eGFP2
16245,22:35:54,0.095,0.545,0,0,eGFP2
16246,22:35:55,0.105,0.698,0,0,eGFP2
16247,22:35:55,0.105,0.566,0,0,eGFP2
16248,22:35:56,0.095,0.556,0,0,eGFP2
16249,22:35:56,0.094,0.555,0,0,eGFP2
16250,22:35:57,0.095,0.534,0,0,eGFP2
16251,22:35:57,0.085,0.546,0,0,eGFP2
16252,22:35:58,0.094,0.500,0,0,eGFP2
16253,22:35:58,0.084,0.468,0,0,eGFP2
16254,22:35:59,0.095,0.621,0,0,eGFP2
16255,22:36:00,0.128,0.852,0,0,eGFP2
16256,22:36:01,0.140,0.777,0,0,eGFP2
16257,22:36:01,0.117,0.588,0,0,eGFP2
16258,22:36:02,0.084,0.479,0,0,eGFP2
16259,22:36:02,0.086,0.711,0,0,eGFP2
16260,22:36:03,0.128,0.633,0,0,eGFP2
16261,22:36:04,0.095,0.533,0,0,eGFP2
16262,22:36:04,0.095,0.490,0,0,eGFP2
16263,22:36:05,0.084,0.512,0,0,eGFP2
16264,22:36:05,0.095,0.699,0,0,eGFP2
16265,22:36:06,0.116,0.621,0,0,eGFP2
16266,22:36:07,0.106,0.567,0,0,eGFP2
16267,22:36:07,0.096,0.645,0,0,eGFP2
16268,22:36:08,0.117,0.589,0,0,eGFP2
16269,22:36:08,0.085,0.513,0,0,eGFP2
16270,22:36:09,0.095,0.644,0,0,eGFP2
16271,22:36:10,0.128,0.676,0,0,eGFP2
16272,22:36:10,0.112,0.617,0,0,eGFP2
16273,22:36:11,0.094,0.522,0,0,eGFP2
16274,22:36:11,0.094,0.533,0,0,eGFP2
16275,22:36:12,0.107,0.557,0,0,eGFP2
16276,22:36:12,0.083,0.489,0,0,eGFP2
16277,22:36:13,0.094,0.676,0,0,eGFP2
16278,22:36:14,0.138,0.741,0,0,eGFP2
16279,22:36:14,0.127,0.731,0,0,eGFP2
16280,22:36:15,0.094,0.544,0,0,eGFP2
16281,22:36:15,0.083,0.511,0,0,eGFP2
16282,22:36:16,0.095,0.556,0,0,eGFP2
16283,22:36:17,0.095,0.567,0,0,eGFP2
16284,22:36:17,0.115,0.675,0,0,eGFP2
16285,22:36:18,0.127,0.643,0,0,eGFP2
16286,22:36:18,0.094,0.544,0,0,eGFP2
16287,22:36:19,0.083,0.500,0,0,eGFP2
16288,22:36:19,0.084,0.490,0,0,eGFP2
16289,22:36:20,0.083,0.533,0,0,eGFP2
16290,22:36:21,0.116,0.709,0,0,eGFP2
16291,22:36:21,0.094,0.555,0,0,eGFP2
16292,22:36:22,0.085,0.524,0,0,eGFP2
16293,22:36:22,0.094,0.599,0,0,eGFP2
16294,22:36:23,0.139,0.731,0,0,eGFP2
16295,22:36:24,0.106,0.742,0,0,eGFP2
16296,22:36:25,0.129,0.788,0,0,eGFP2
16297,22:36:25,0.127,0.698,0,0,eGFP2
16298,22:36:26,0.105,0.555,0,0,eGFP2
16299,22:36:26,0.095,0.512,0,0,eGFP2
16300,22:36:27,0.088,0.483,0,0,eGFP2
16301,22:36:27,0.073,0.457,0,0,eGFP2
16302,22:36:28,0.083,0.511,0,0,eGFP2
16303,22:36:29,0.095,0.731,0,0,eGFP2
16304,22:36:29,0.139,0.654,0,0,eGFP2
16305,22:36:30,0.106,0.523,0,0,eGFP2
16306,22:36:30,0.084,0.490,0,0,eGFP2
16307,22:36:31,0.083,0.566,0,0,eGFP2
16308,22:36:31,0.096,0.568,0,0,eGFP2
16309,22:36:32,0.084,0.534,0,0,eGFP2
16310,22:36:33,0.096,0.722,0,0,eGFP2
16311,22:36:33,0.127,0.632,0,0,eGFP2
16312,22:36:34,0.084,0.512,0,0,eGFP2
16313,22:36:34,0.084,0.533,0,0,eGFP2
16314,22:36:35,0.128,1.072,0,0,eGFP2
16315,22:36:38,0.709,2.652,0,0,eGFP2
16316,22:36:39,0.118,0.678,0,0,eGFP2
16317,22:36:39,0.105,0.599,0,0,eGFP2
16318,22:36:42,0.150,2.246,0,0,eGFP2
16319,22:36:42,0.128,0.676,0,0,eGFP2
16320,22:36:43,0.117,0.655,0,0,eGFP2
16321,22:36:43,0.094,0.533,0,0,eGFP2
16322,22:36:44,0.095,0.677,0,0,eGFP2
16323,22:36:45,0.107,0.590,0,0,eGFP2
16324,22:36:45,0.097,0.547,0,0,eGFP2
16325,22:36:46,0.095,0.577,0,0,eGFP2
16326,22:36:47,0.117,0.754,0,0,eGFP2
16327,22:36:47,0.117,0.599,0,0,eGFP2
16328,22:36:49,0.095,1.884,0,0,eGFP2
16329,22:36:50,0.205,0.797,0,0,eGFP2
16330,22:36:50,0.095,0.567,0,0,eGFP2
16331,22:36:51,0.095,0.534,0,0,eGFP2
16332,22:36:51,0.086,0.492,0,0,eGFP2
16333,22:36:52,0.095,0.599,0,0,eGFP2
16334,22:36:53,0.117,0.622,0,0,eGFP2
16335,22:36:53,0.100,0.506,0,0,eGFP2
16336,22:36:54,0.095,0.578,0,0,eGFP2
16337,22:36:54,0.106,0.578,0,0,eGFP2
16338,22:36:55,0.083,0.489,0,0,eGFP2
16339,22:36:55,0.084,0.654,0,0,eGFP2
16340,22:36:56,0.118,0.656,0,0,eGFP2
16341,22:36:57,0.105,0.588,0,0,eGFP2
16342,22:36:57,0.083,0.511,0,0,eGFP2
16343,22:36:58,0.094,0.665,0,0,eGFP2
16344,22:36:58,0.105,0.533,0,0,eGFP2
16345,22:36:59,0.084,0.490,0,0,eGFP2
16346,22:36:59,0.094,0.533,0,0,eGFP2
16347,22:37:00,0.106,0.709,0,0,eGFP2
16348,22:37:01,0.117,0.610,0,0,eGFP2
16349,22:37:01,0.118,0.656,0,0,eGFP2
16350,22:37:02,0.096,0.513,0,0,eGFP2
16351,22:37:02,0.084,0.490,0,0,eGFP2
16352,22:37:03,0.083,0.489,0,0,eGFP2
16353,22:37:04,0.095,0.621,0,0,eGFP2
16354,22:37:04,0.128,0.633,0,0,eGFP2
16355,22:37:05,0.105,0.555,0,0,eGFP2
16356,22:37:05,0.095,0.545,0,0,eGFP2
16357,22:37:06,0.096,0.568,0,0,eGFP2
16358,22:37:06,0.094,0.533,0,0,eGFP2
16359,22:37:07,0.106,0.588,0,0,eGFP2
16360,22:37:08,0.095,0.556,0,0,eGFP2
16361,22:37:08,0.084,0.512,0,0,eGFP2
16362,22:37:09,0.094,0.577,0,0,eGFP2
16363,22:37:09,0.106,0.523,0,0,eGFP2
16364,22:37:10,0.085,0.491,0,0,eGFP2
16365,22:37:10,0.085,0.557,0,0,eGFP2
16366,22:37:11,0.128,0.720,0,0,eGFP2
16367,22:37:12,0.117,0.676,0,0,eGFP2
16368,22:37:12,0.117,0.710,0,0,eGFP2
16369,22:37:13,0.116,0.621,0,0,eGFP2
16370,22:37:13,0.106,0.545,0,0,eGFP2
16371,22:37:14,0.083,0.511,0,0,eGFP2
16372,22:37:15,0.095,0.534,0,0,eGFP2
16373,22:37:15,0.107,0.788,0,0,eGFP2
16374,22:37:16,0.117,0.676,0,0,eGFP2
16375,22:37:17,0.117,0.633,0,0,eGFP2
16376,22:37:17,0.105,0.544,0,0,eGFP2
16377,22:37:18,0.097,0.525,0,0,eGFP2
16378,22:37:18,0.083,0.522,0,0,eGFP2
16379,22:37:19,0.106,0.743,0,0,eGFP2
16380,22:37:20,0.127,0.687,0,0,eGFP2
16381,22:37:20,0.140,0.810,0,0,eGFP2
16382,22:37:21,0.118,0.612,0,0,eGFP2
16383,22:37:22,0.095,0.522,0,0,eGFP2
16384,22:37:22,0.084,0.600,0,0,eGFP2
16385,22:37:23,0.139,0.852,0,0,eGFP2
16386,22:37:24,0.128,0.633,0,0,eGFP2
16387,22:37:24,0.084,0.490,0,0,eGFP2
16388,22:37:25,0.083,0.489,0,0,eGFP2
16389,22:37:25,0.086,0.580,0,0,eGFP2
16390,22:37:26,0.117,0.676,0,0,eGFP2
16391,22:37:26,0.105,0.555,0,0,eGFP2
16392,22:37:27,0.095,0.512,0,0,eGFP2
16393,22:37:27,0.095,0.512,0,0,eGFP2
16394,22:37:28,0.084,0.555,0,0,eGFP2
16395,22:37:29,0.139,0.809,0,0,eGFP2
16396,22:37:29,0.128,0.665,0,0,eGFP2
16397,22:37:30,0.108,0.712,0,0,eGFP2
16398,22:37:31,0.106,0.588,0,0,eGFP2
16399,22:37:31,0.089,0.550,0,0,eGFP2
16400,22:37:32,0.094,0.555,0,0,eGFP2
16401,22:37:32,0.094,0.544,0,0,eGFP2
16402,22:37:33,0.095,0.577,0,0,eGFP2
16403,22:37:34,0.106,0.775,0,0,eGFP2
16404,22:37:35,0.151,0.732,0,0,eGFP2
16405,22:37:35,0.140,0.689,0,0,eGFP2
16406,22:37:36,0.094,0.566,0,0,eGFP2
16407,22:37:36,0.094,0.621,0,0,eGFP2
16408,22:37:37,0.116,0.610,0,0,eGFP2
16409,22:37:38,0.084,0.490,0,0,eGFP2
16410,22:37:38,0.083,0.566,0,0,eGFP2
16411,22:37:39,0.127,0.851,0,0,eGFP2
16412,22:37:40,0.117,0.665,0,0,eGFP2
16413,22:37:40,0.128,0.622,0,0,eGFP2
16414,22:37:41,0.085,0.491,0,0,eGFP2
16415,22:37:41,0.094,0.610,0,0,eGFP2
16416,22:37:42,0.105,0.566,0,0,eGFP2
16417,22:37:42,0.085,0.623,0,0,eGFP2
16418,22:37:43,0.116,0.654,0,0,eGFP2
16419,22:37:44,0.105,0.588,0,0,eGFP2
16420,22:37:44,0.095,0.512,0,0,eGFP2
16421,22:37:45,0.094,0.522,0,0,eGFP2
16422,22:37:46,0.107,0.733,0,0,eGFP2
16423,22:37:46,0.127,0.731,0,0,eGFP2
16424,22:37:47,0.105,0.731,0,0,eGFP2
16425,22:37:48,0.105,0.599,0,0,eGFP2
16426,22:37:48,0.095,0.588,0,0,eGFP2
16427,22:37:49,0.106,0.633,0,0,eGFP2
16428,22:37:50,0.138,0.873,0,0,eGFP2
16429,22:37:50,0.128,0.644,0,0,eGFP2
16430,22:37:51,0.107,0.557,0,0,eGFP2
16431,22:37:51,0.096,0.513,0,0,eGFP2
16432,22:37:52,0.095,0.512,0,0,eGFP2
16433,22:37:52,0.083,0.489,0,0,eGFP2
16434,22:37:53,0.095,0.698,0,0,eGFP2
16435,22:37:54,0.117,0.688,0,0,eGFP2
16436,22:37:54,0.138,0.665,0,0,eGFP2
16437,22:37:55,0.095,0.556,0,0,eGFP2
16438,22:37:56,0.096,0.557,0,0,eGFP2
16439,22:37:56,0.083,0.500,0,0,eGFP2
16440,22:37:57,0.095,0.655,0,0,eGFP2
16441,22:37:57,0.149,0.764,0,0,eGFP2
16442,22:37:58,0.128,0.676,0,0,eGFP2
16443,22:37:59,0.106,0.556,0,0,eGFP2
16444,22:37:59,0.096,0.656,0,0,eGFP2
16445,22:38:00,0.150,0.907,0,0,eGFP2
16446,22:38:01,0.162,0.842,0,0,eGFP2
16447,22:38:02,0.128,0.655,0,0,eGFP2
16448,22:38:02,0.106,0.556,0,0,eGFP2
16449,22:38:03,0.105,0.566,0,0,eGFP2
16450,22:38:03,0.095,0.490,0,0,eGFP2
16451,22:38:04,0.084,0.611,0,0,eGFP2
16452,22:38:05,0.127,0.698,0,0,eGFP2
16453,22:38:05,0.106,0.578,0,0,eGFP2
16454,22:38:06,0.096,0.546,0,0,eGFP2
16455,22:38:06,0.106,0.545,0,0,eGFP2
16456,22:38:07,0.084,0.534,0,0,eGFP2
16457,22:38:08,0.106,0.819,0,0,eGFP2
16458,22:38:08,0.162,0.755,0,0,eGFP2
16459,22:38:09,0.106,0.644,0,0,eGFP2
16460,22:38:10,0.127,0.918,0,0,eGFP2
16461,22:38:12,0.446,1.565,0,0,eGFP2
16462,22:38:12,0.134,0.738,0,0,eGFP2
16463,22:38:13,0.193,0.621,0,0,eGFP2
16464,22:38:16,2.135,2.826,0,0,eGFP2
16465,22:38:16,0.117,0.632,0,0,eGFP2
16466,22:38:18,0.106,1.291,0,0,eGFP2
16467,22:38:19,0.489,1.301,0,0,eGFP2
16468,22:38:20,0.116,0.665,0,0,eGFP2
16469,22:38:20,0.116,0.731,0,0,eGFP2
16470,22:38:21,0.118,0.589,0,0,eGFP2
16471,22:38:22,0.096,0.656,0,0,eGFP2
16472,22:38:22,0.160,0.851,0,0,eGFP2
16473,22:38:23,0.139,0.698,0,0,eGFP2
16474,22:38:24,0.095,0.512,0,0,eGFP2
16475,22:38:24,0.094,0.500,0,0,eGFP2
16476,22:38:25,0.094,0.511,0,0,eGFP2
16477,22:38:25,0.095,0.523,0,0,eGFP2
16478,22:38:26,0.094,0.544,0,0,eGFP2
16479,22:38:26,0.108,0.579,0,0,eGFP2
16480,22:38:27,0.084,0.534,0,0,eGFP2
16481,22:38:28,0.105,0.698,0,0,eGFP2
16482,22:38:28,0.105,0.555,0,0,eGFP2
16483,22:38:29,0.083,0.468,0,0,eGFP2
16484,22:38:29,0.083,0.489,0,0,eGFP2
16485,22:38:30,0.107,0.590,0,0,eGFP2
16486,22:38:30,0.094,0.544,0,0,eGFP2
16487,22:38:31,0.096,0.568,0,0,eGFP2
16488,22:38:31,0.106,0.599,0,0,eGFP2
16489,22:38:32,0.106,0.600,0,0,eGFP2
16490,22:38:32,0.083,0.489,0,0,eGFP2
16491,22:38:33,0.084,0.512,0,0,eGFP2
16492,22:38:34,0.094,0.643,0,0,eGFP2
16493,22:38:35,0.160,0.961,0,0,eGFP2
16494,22:38:36,0.194,1.006,0,0,eGFP2
16495,22:38:36,0.140,0.656,0,0,eGFP2
16496,22:38:37,0.094,0.566,0,0,eGFP2
16497,22:38:37,0.105,0.621,0,0,eGFP2
16498,22:38:38,0.096,0.557,0,0,eGFP2
16499,22:38:39,0.095,0.512,0,0,eGFP2
16500,22:38:39,0.084,0.654,0,0,eGFP2
16501,22:38:40,0.128,0.709,0,0,eGFP2
16502,22:38:40,0.106,0.622,0,0,eGFP2
16503,22:38:41,0.096,0.590,0,0,eGFP2
16504,22:38:42,0.106,0.610,0,0,eGFP2
16505,22:38:42,0.095,0.600,0,0,eGFP2
16506,22:38:43,0.105,0.566,0,0,eGFP2
16507,22:38:44,0.095,0.666,0,0,eGFP2
16508,22:38:44,0.116,0.599,0,0,eGFP2
16509,22:38:45,0.095,0.567,0,0,eGFP2
16510,22:38:45,0.105,0.566,0,0,eGFP2
16511,22:38:46,0.086,0.492,0,0,eGFP2
16512,22:38:47,0.096,0.799,0,0,eGFP2
16513,22:38:47,0.160,0.753,0,0,eGFP2
16514,22:38:48,0.094,0.632,0,0,eGFP2
16515,22:38:49,0.128,0.797,0,0,eGFP2
16516,22:38:50,0.161,0.852,0,0,eGFP2
16517,22:38:50,0.106,0.578,0,0,eGFP2
16518,22:38:51,0.106,0.709,0,0,eGFP2
16519,22:38:52,0.163,0.755,0,0,eGFP2
16520,22:38:52,0.117,0.622,0,0,eGFP2
16521,22:38:53,0.095,0.621,0,0,eGFP2
16522,22:38:53,0.095,0.578,0,0,eGFP2
16523,22:38:54,0.106,0.819,0,0,eGFP2
16524,22:38:55,0.172,0.907,0,0,eGFP2
16525,22:38:56,0.130,0.722,0,0,eGFP2
16526,22:38:57,0.132,0.703,0,0,eGFP2
16527,22:38:57,0.129,0.655,0,0,eGFP2
16528,22:38:58,0.095,0.523,0,0,eGFP2
16529,22:38:58,0.105,0.609,0,0,eGFP2
16530,22:38:59,0.106,0.588,0,0,eGFP2
16531,22:39:00,0.095,0.534,0,0,eGFP2
16532,22:39:00,0.094,0.610,0,0,eGFP2
16533,22:39:01,0.116,0.599,0,0,eGFP2
16534,22:39:01,0.094,0.664,0,0,eGFP2
16535,22:39:02,0.129,0.755,0,0,eGFP2
16536,22:39:03,0.149,0.873,0,0,eGFP2
16537,22:39:04,0.138,1.389,0,0,eGFP2
16538,22:40:33,0.478,88.282,0,0,eGFP2
16539,22:40:34,0.502,1.259,0,0,eGFP2
16540,22:40:35,0.116,0.698,0,0,eGFP2
16541,22:40:35,0.105,0.577,0,0,eGFP2
16542,22:40:36,0.094,0.533,0,0,eGFP2
16543,22:40:36,0.083,0.533,0,0,eGFP2
16544,22:40:37,0.107,0.568,0,0,eGFP2
16545,22:40:37,0.083,0.544,0,0,eGFP2
16546,22:40:38,0.106,0.676,0,0,eGFP2
16547,22:40:39,0.117,0.621,0,0,eGFP2
16548,22:40:39,0.106,0.611,0,0,eGFP2
16549,22:40:41,0.138,1.422,0,0,eGFP2
16550,22:40:41,0.127,0.632,0,0,eGFP2
16551,22:40:42,0.094,0.533,0,0,eGFP2
16552,22:40:42,0.098,0.504,0,0,eGFP2
16553,22:40:43,0.073,0.621,0,0,eGFP2
16554,22:40:44,0.490,1.225,0,0,eGFP2
16555,22:40:45,0.139,0.753,0,0,eGFP2
16556,22:40:46,0.117,0.644,0,0,eGFP2
16557,22:40:46,0.083,0.500,0,0,eGFP2
16558,22:40:47,0.084,0.687,0,0,eGFP2
16559,22:40:48,0.139,0.764,0,0,eGFP2
16560,22:40:48,0.108,0.569,0,0,eGFP2
16561,22:40:49,0.094,0.665,0,0,eGFP2
16562,22:40:50,0.138,0.775,0,0,eGFP2
16563,22:40:50,0.127,0.599,0,0,eGFP2
16564,22:40:51,0.095,0.479,0,0,eGFP2
16565,22:40:51,0.073,0.490,0,0,eGFP2
16566,22:40:52,0.118,0.656,0,0,eGFP2
16567,22:40:52,0.105,0.533,0,0,eGFP2
16568,22:40:53,0.096,0.513,0,0,eGFP2
16569,22:40:53,0.084,0.534,0,0,eGFP2
16570,22:40:54,0.095,0.545,0,0,eGFP2
16571,22:40:54,0.094,0.555,0,0,eGFP2
16572,22:40:55,0.095,0.611,0,0,eGFP2
16573,22:40:56,0.147,0.849,0,0,eGFP2
16574,22:40:57,0.127,0.808,0,0,eGFP2
16575,22:40:58,0.127,0.774,0,0,eGFP2
16576,22:40:58,0.140,0.821,0,0,eGFP2
16577,22:40:59,0.138,0.774,0,0,eGFP2
16578,22:41:00,0.127,0.632,0,0,eGFP2
16579,22:41:00,0.096,0.546,0,0,eGFP2
16580,22:41:01,0.094,0.544,0,0,eGFP2
16581,22:41:01,0.094,0.533,0,0,eGFP2
16582,22:41:02,0.116,0.621,0,0,eGFP2
16583,22:41:03,0.094,0.522,0,0,eGFP2
16584,22:41:03,0.085,0.557,0,0,eGFP2
16585,22:41:04,0.116,0.676,0,0,eGFP2
16586,22:41:04,0.105,0.588,0,0,eGFP2
16587,22:41:05,0.083,0.500,0,0,eGFP2
16588,22:41:05,0.095,0.534,0,0,eGFP2
16589,22:41:06,0.094,0.555,0,0,eGFP2
16590,22:41:06,0.094,0.522,0,0,eGFP2
16591,22:41:07,0.095,0.566,0,0,eGFP2
16592,22:41:08,0.129,0.722,0,0,eGFP2
16593,22:41:08,0.118,0.678,0,0,eGFP2
16594,22:41:09,0.105,0.544,0,0,eGFP2
16595,22:41:10,0.094,0.566,0,0,eGFP2
16596,22:41:10,0.116,0.709,0,0,eGFP2
16597,22:41:11,0.149,0.753,0,0,eGFP2
16598,22:41:12,0.105,0.621,0,0,eGFP2
16599,22:41:12,0.127,0.742,0,0,eGFP2
16600,22:41:13,0.118,0.601,0,0,eGFP2
16601,22:41:13,0.094,0.522,0,0,eGFP2
16602,22:41:14,0.095,0.534,0,0,eGFP2
16603,22:41:15,0.105,0.599,0,0,eGFP2
16604,22:41:15,0.106,0.742,0,0,eGFP2
16605,22:41:16,0.149,0.786,0,0,eGFP2
16606,22:41:17,0.151,0.820,0,0,eGFP2
16607,22:41:18,0.150,0.797,0,0,eGFP2
16608,22:41:18,0.139,0.709,0,0,eGFP2
16609,22:41:19,0.118,0.777,0,0,eGFP2
16610,22:41:20,0.116,0.599,0,0,eGFP2
16611,22:41:20,0.095,0.534,0,0,eGFP2
16612,22:41:21,0.094,0.533,0,0,eGFP2
16613,22:41:21,0.084,0.501,0,0,eGFP2
16614,22:41:22,0.084,0.544,0,0,eGFP2
16615,22:41:23,0.128,0.786,0,0,eGFP2
16616,22:41:23,0.128,0.666,0,0,eGFP2
16617,22:41:24,0.096,0.535,0,0,eGFP2
16618,22:41:24,0.084,0.501,0,0,eGFP2
16619,22:41:25,0.083,0.500,0,0,eGFP2
16620,22:41:25,0.086,0.536,0,0,eGFP2
16621,22:41:26,0.094,0.632,0,0,eGFP2
16622,22:41:27,0.128,0.775,0,0,eGFP2
16623,22:41:28,0.128,0.764,0,0,eGFP2
16624,22:41:28,0.128,0.644,0,0,eGFP2
16625,22:41:29,0.096,0.579,0,0,eGFP2
16626,22:41:29,0.106,0.600,0,0,eGFP2
16627,22:41:30,0.105,0.676,0,0,eGFP2
16628,22:41:31,0.128,0.676,0,0,eGFP2
16629,22:41:31,0.095,0.545,0,0,eGFP2
16630,22:41:32,0.084,0.589,0,0,eGFP2
16631,22:41:33,0.139,0.863,0,0,eGFP2
16632,22:41:33,0.128,0.665,0,0,eGFP2
16633,22:41:34,0.099,0.559,0,0,eGFP2
16634,22:41:35,0.095,0.589,0,0,eGFP2
16635,22:41:35,0.106,0.545,0,0,eGFP2
16636,22:41:36,0.089,0.517,0,0,eGFP2
16637,22:41:36,0.105,0.719,0,0,eGFP2
16638,22:41:37,0.149,0.841,0,0,eGFP2
16639,22:41:38,0.138,0.917,0,0,eGFP2
16640,22:41:39,0.138,0.665,0,0,eGFP2
16641,22:41:39,0.107,0.556,0,0,eGFP2
16642,22:41:40,0.095,0.556,0,0,eGFP2
16643,22:41:40,0.094,0.533,0,0,eGFP2
16644,22:41:41,0.094,0.686,0,0,eGFP2
16645,22:41:42,0.139,0.874,0,0,eGFP2
16646,22:41:43,0.183,0.875,0,0,eGFP2
16647,22:41:43,0.105,0.577,0,0,eGFP2
16648,22:41:44,0.094,0.500,0,0,eGFP2
16649,22:41:44,0.096,0.502,0,0,eGFP2
16650,22:41:45,0.083,0.489,0,0,eGFP2
16651,22:41:46,0.084,0.533,0,0,eGFP2
16652,22:41:46,0.106,0.819,0,0,eGFP2
16653,22:41:47,0.127,0.665,0,0,eGFP2
16654,22:41:48,0.105,0.566,0,0,eGFP2
16655,22:41:48,0.094,0.511,0,0,eGFP2
16656,22:41:49,0.095,0.589,0,0,eGFP2
16657,22:41:49,0.118,0.589,0,0,eGFP2
16658,22:41:50,0.095,0.567,0,0,eGFP2
16659,22:41:51,0.138,0.862,0,0,eGFP2
16660,22:41:51,0.140,0.744,0,0,eGFP2
16661,22:41:52,0.127,0.676,0,0,eGFP2
16662,22:41:53,0.105,0.599,0,0,eGFP2
16663,22:41:53,0.095,0.621,0,0,eGFP2
16664,22:41:54,0.150,0.797,0,0,eGFP2
16665,22:41:55,0.118,0.722,0,0,eGFP2
16666,22:41:56,0.127,0.676,0,0,eGFP2
16667,22:41:56,0.106,0.566,0,0,eGFP2
16668,22:41:57,0.095,0.644,0,0,eGFP2
16669,22:41:58,0.160,0.808,0,0,eGFP2
16670,22:41:58,0.116,0.774,0,0,eGFP2
16671,22:41:59,0.117,0.655,0,0,eGFP2
16672,22:42:00,0.105,0.621,0,0,eGFP2
16673,22:42:00,0.122,0.736,0,0,eGFP2
16674,22:42:01,0.151,0.744,0,0,eGFP2
16675,22:42:02,0.105,0.698,0,0,eGFP2
16676,22:42:02,0.128,0.687,0,0,eGFP2
16677,22:42:03,0.117,0.841,0,0,eGFP2
16678,22:42:04,0.150,0.819,0,0,eGFP2
16679,22:42:05,0.138,0.687,0,0,eGFP2
16680,22:42:05,0.106,0.578,0,0,eGFP2
16681,22:42:06,0.105,0.566,0,0,eGFP2
16682,22:42:07,0.097,0.568,0,0,eGFP2
16683,22:42:07,0.095,0.710,0,0,eGFP2
16684,22:42:08,0.127,0.797,0,0,eGFP2
16685,22:42:09,0.127,0.654,0,0,eGFP2
16686,22:42:09,0.095,0.545,0,0,eGFP2
16687,22:42:10,0.096,0.535,0,0,eGFP2
16688,22:42:10,0.095,0.666,0,0,eGFP2
16689,22:42:13,0.182,2.212,0,0,eGFP2
16690,22:42:14,0.207,1.019,0,0,eGFP2
16691,22:42:14,0.149,0.698,0,0,eGFP2
16692,22:42:15,0.128,0.655,0,0,eGFP2
16693,22:42:16,0.084,0.534,0,0,eGFP2
16694,22:42:16,0.083,0.500,0,0,eGFP2
16695,22:42:17,0.095,0.534,0,0,eGFP2
16696,22:42:17,0.095,0.600,0,0,eGFP2
16697,22:42:18,0.128,0.797,0,0,eGFP2
16698,22:42:19,0.141,0.843,0,0,eGFP2
16699,22:42:20,0.166,1.055,0,0,eGFP2
16700,22:42:21,0.151,0.667,0,0,eGFP2
16701,22:42:21,0.094,0.533,0,0,eGFP2
16702,22:42:22,0.094,0.533,0,0,eGFP2
16703,22:42:22,0.094,0.500,0,0,eGFP2
16704,22:42:23,0.094,0.555,0,0,eGFP2
16705,22:42:23,0.106,0.577,0,0,eGFP2
16706,22:42:24,0.096,0.535,0,0,eGFP2
16707,22:42:24,0.084,0.555,0,0,eGFP2
16708,22:42:25,0.106,0.610,0,0,eGFP2
16709,22:42:26,0.117,0.654,0,0,eGFP2
16710,22:42:26,0.128,0.622,0,0,eGFP2
16711,22:42:27,0.094,0.522,0,0,eGFP2
16712,22:42:27,0.094,0.764,0,0,eGFP2
16713,22:42:28,0.149,0.763,0,0,eGFP2
16714,22:42:29,0.131,0.712,0,0,eGFP2
16715,22:42:30,0.128,0.632,0,0,eGFP2
16716,22:42:30,0.095,0.589,0,0,eGFP2
16717,22:42:31,0.116,0.676,0,0,eGFP2
16718,22:42:31,0.094,0.566,0,0,eGFP2
16719,22:42:32,0.105,0.643,0,0,eGFP2
16720,22:42:33,0.116,0.797,0,0,eGFP2
16721,22:42:33,0.105,0.621,0,0,eGFP2
16722,22:42:34,0.118,0.601,0,0,eGFP2
16723,22:42:35,0.094,0.533,0,0,eGFP2
16724,22:42:35,0.106,0.621,0,0,eGFP2
16725,22:42:36,0.106,0.644,0,0,eGFP2
16726,22:42:36,0.105,0.577,0,0,eGFP2
16727,22:42:37,0.096,0.535,0,0,eGFP2
16728,22:42:38,0.084,0.577,0,0,eGFP2
16729,22:42:38,0.117,0.808,0,0,eGFP2
16730,22:42:39,0.140,0.821,0,0,eGFP2
16731,22:42:40,0.138,0.687,0,0,eGFP2
16732,22:42:41,0.105,0.610,0,0,eGFP2
16733,22:42:41,0.150,0.797,0,0,eGFP2
16734,22:42:42,0.139,0.907,0,0,eGFP2
16735,22:42:43,0.127,0.687,0,0,eGFP2
16736,22:42:43,0.106,0.556,0,0,eGFP2
16737,22:42:44,0.094,0.500,0,0,eGFP2
16738,22:42:44,0.084,0.479,0,0,eGFP2
16739,22:42:45,0.074,0.480,0,0,eGFP2
16740,22:42:46,0.084,0.709,0,0,eGFP2
16741,22:42:47,0.185,1.073,0,0,eGFP2
16742,22:42:48,0.150,0.808,0,0,eGFP2
16743,22:42:48,0.139,0.721,0,0,eGFP2
16744,22:42:49,0.116,0.775,0,0,eGFP2
16745,22:42:50,0.105,0.588,0,0,eGFP2
16746,22:42:50,0.095,0.567,0,0,eGFP2
16747,22:42:51,0.096,0.612,0,0,eGFP2
16748,22:42:52,0.117,0.753,0,0,eGFP2
16749,22:42:52,0.117,0.611,0,0,eGFP2
16750,22:42:53,0.084,0.512,0,0,eGFP2
16751,22:42:53,0.094,0.665,0,0,eGFP2
16752,22:42:54,0.150,0.742,0,0,eGFP2
16753,22:42:55,0.106,0.644,0,0,eGFP2
16754,22:42:55,0.107,0.601,0,0,eGFP2
16755,22:42:56,0.108,0.645,0,0,eGFP2
16756,22:42:57,0.128,0.874,0,0,eGFP2
16757,22:42:58,0.139,0.754,0,0,eGFP2
16758,22:42:58,0.138,0.775,0,0,eGFP2
16759,22:42:59,0.129,0.645,0,0,eGFP2
16760,22:43:00,0.106,0.556,0,0,eGFP2
16761,22:43:00,0.095,0.599,0,0,eGFP2
16762,22:43:01,0.117,0.666,0,0,eGFP2
16763,22:43:01,0.112,0.672,0,0,eGFP2
16764,22:43:02,0.116,0.588,0,0,eGFP2
16765,22:43:03,0.094,0.577,0,0,eGFP2
16766,22:43:03,0.105,0.686,0,0,eGFP2
16767,22:43:04,0.127,0.698,0,0,eGFP2
16768,22:43:05,0.107,0.579,0,0,eGFP2
16769,22:43:05,0.094,0.643,0,0,eGFP2
16770,22:43:06,0.171,0.917,0,0,eGFP2
16771,22:43:07,0.162,0.930,0,0,eGFP2
16772,22:43:08,0.160,0.818,0,0,eGFP2
16773,22:43:09,0.116,0.588,0,0,eGFP2
16774,22:43:09,0.084,0.501,0,0,eGFP2
16775,22:43:10,0.094,0.511,0,0,eGFP2
16776,22:43:10,0.105,0.676,0,0,eGFP2
16777,22:43:11,0.127,0.753,0,0,eGFP2
16778,22:43:12,0.149,0.708,0,0,eGFP2
16779,22:43:12,0.107,0.579,0,0,eGFP2
16780,22:43:13,0.095,0.534,0,0,eGFP2
16781,22:43:14,0.095,0.754,0,0,eGFP2
16782,22:43:26,1.576,12.934,0,0,eGFP2
16783,22:43:27,0.138,0.687,0,0,eGFP2
16784,22:43:28,0.116,0.566,0,0,eGFP2
16785,22:43:28,0.084,0.501,0,0,eGFP2
16786,22:43:29,0.094,0.665,0,0,eGFP2
16787,22:43:29,0.107,0.567,0,0,eGFP2
16788,22:43:30,0.084,0.523,0,0,eGFP2
16789,22:43:30,0.094,0.533,0,0,eGFP2
16790,22:43:31,0.106,0.632,0,0,eGFP2
16791,22:43:32,0.095,0.567,0,0,eGFP2
16792,22:43:32,0.094,0.489,0,0,eGFP2
16793,22:43:33,0.084,0.446,0,0,eGFP2
16794,22:43:33,0.073,0.511,0,0,eGFP2
16795,22:43:34,0.119,0.678,0,0,eGFP2
16796,22:43:34,0.093,0.554,0,0,eGFP2
16797,22:43:35,0.084,0.545,0,0,eGFP2
16798,22:43:36,0.094,0.610,0,0,eGFP2
16799,22:43:36,0.127,0.797,0,0,eGFP2
16800,22:43:37,0.116,0.643,0,0,eGFP2
16801,22:43:37,0.095,0.523,0,0,eGFP2
16802,22:43:38,0.094,0.511,0,0,eGFP2
16803,22:43:39,0.106,0.633,0,0,eGFP2
16804,22:43:39,0.140,0.678,0,0,eGFP2
16805,22:43:40,0.094,0.500,0,0,eGFP2
16806,22:43:40,0.084,0.578,0,0,eGFP2
16807,22:43:41,0.127,0.753,0,0,eGFP2
16808,22:43:42,0.118,0.667,0,0,eGFP2
16809,22:43:42,0.094,0.533,0,0,eGFP2
16810,22:43:43,0.084,0.501,0,0,eGFP2
16811,22:43:43,0.095,0.600,0,0,eGFP2
16812,22:43:44,0.118,0.711,0,0,eGFP2
16813,22:43:45,0.105,0.599,0,0,eGFP2
16814,22:43:45,0.106,0.523,0,0,eGFP2
16815,22:43:46,0.084,0.457,0,0,eGFP2
16816,22:43:46,0.073,0.534,0,0,eGFP2
16817,22:43:47,0.127,0.786,0,0,eGFP2
16818,22:43:48,0.117,0.731,0,0,eGFP2
16819,22:43:48,0.117,0.622,0,0,eGFP2
16820,22:43:49,0.100,0.594,0,0,eGFP2
16821,22:43:50,0.105,0.654,0,0,eGFP2
16822,22:43:50,0.097,0.514,0,0,eGFP2
16823,22:43:51,0.095,0.687,0,0,eGFP2
16824,22:43:51,0.128,0.633,0,0,eGFP2
16825,22:43:52,0.089,0.539,0,0,eGFP2
16826,22:43:53,0.083,0.500,0,0,eGFP2
16827,22:43:53,0.094,0.577,0,0,eGFP2
16828,22:43:54,0.107,0.568,0,0,eGFP2
16829,22:43:54,0.094,0.522,0,0,eGFP2
16830,22:43:55,0.083,0.522,0,0,eGFP2
16831,22:43:56,0.106,0.808,0,0,eGFP2
16832,22:43:56,0.127,0.687,0,0,eGFP2
16833,22:43:57,0.138,0.796,0,0,eGFP2
16834,22:43:58,0.117,0.610,0,0,eGFP2
16835,22:43:58,0.107,0.557,0,0,eGFP2
16836,22:43:59,0.096,0.557,0,0,eGFP2
16837,22:43:59,0.095,0.588,0,0,eGFP2
16838,22:44:00,0.106,0.589,0,0,eGFP2
16839,22:44:01,0.105,0.599,0,0,eGFP2
16840,22:44:01,0.116,0.709,0,0,eGFP2
16841,22:44:02,0.138,0.819,0,0,eGFP2
16842,22:44:03,0.105,0.643,0,0,eGFP2
16843,22:44:03,0.116,0.676,0,0,eGFP2
16844,22:44:04,0.107,0.546,0,0,eGFP2
16845,22:44:04,0.095,0.566,0,0,eGFP2
16846,22:44:05,0.128,0.819,0,0,eGFP2
16847,22:44:06,0.117,0.676,0,0,eGFP2
16848,22:44:07,0.139,0.677,0,0,eGFP2
16849,22:44:07,0.096,0.568,0,0,eGFP2
16850,22:44:08,0.105,0.566,0,0,eGFP2
16851,22:44:08,0.084,0.512,0,0,eGFP2
16852,22:44:09,0.085,0.491,0,0,eGFP2
16853,22:44:09,0.095,0.643,0,0,eGFP2
16854,22:44:10,0.139,0.863,0,0,eGFP2
16855,22:44:11,0.106,0.621,0,0,eGFP2
16856,22:44:12,0.106,0.622,0,0,eGFP2
16857,22:44:12,0.105,0.610,0,0,eGFP2
16858,22:44:13,0.117,0.819,0,0,eGFP2
16859,22:44:14,0.128,0.666,0,0,eGFP2
16860,22:44:14,0.094,0.555,0,0,eGFP2
16861,22:44:15,0.096,0.535,0,0,eGFP2
16862,22:44:15,0.097,0.547,0,0,eGFP2
16863,22:44:16,0.105,0.610,0,0,eGFP2
16864,22:44:17,0.106,0.677,0,0,eGFP2
16865,22:44:17,0.149,0.797,0,0,eGFP2
16866,22:44:18,0.105,0.621,0,0,eGFP2
16867,22:44:19,0.106,0.622,0,0,eGFP2
16868,22:44:19,0.116,0.753,0,0,eGFP2
16869,22:44:20,0.118,0.711,0,0,eGFP2
16870,22:44:21,0.128,0.643,0,0,eGFP2
16871,22:44:21,0.095,0.523,0,0,eGFP2
16872,22:44:22,0.095,0.676,0,0,eGFP2
16873,22:44:23,0.161,0.754,0,0,eGFP2
16874,22:44:23,0.106,0.588,0,0,eGFP2
16875,22:44:24,0.095,0.567,0,0,eGFP2
16876,22:44:24,0.104,0.598,0,0,eGFP2
16877,22:44:25,0.108,0.591,0,0,eGFP2
16878,22:44:26,0.105,0.610,0,0,eGFP2
16879,22:44:26,0.117,0.753,0,0,eGFP2
16880,22:44:27,0.128,0.611,0,0,eGFP2
16881,22:44:28,0.095,0.556,0,0,eGFP2
16882,22:44:28,0.128,0.852,0,0,eGFP2
16883,22:44:29,0.117,0.578,0,0,eGFP2
16884,22:44:29,0.084,0.545,0,0,eGFP2
16885,22:44:30,0.096,0.568,0,0,eGFP2
16886,22:44:31,0.095,0.523,0,0,eGFP2
16887,22:44:31,0.095,0.644,0,0,eGFP2
16888,22:44:32,0.139,0.666,0,0,eGFP2
16889,22:44:32,0.090,0.584,0,0,eGFP2
16890,22:44:33,0.127,0.708,0,0,eGFP2
16891,22:44:34,0.106,0.567,0,0,eGFP2
16892,22:44:34,0.094,0.686,0,0,eGFP2
16893,22:44:35,0.129,0.656,0,0,eGFP2
16894,22:44:36,0.105,0.775,0,0,eGFP2
16895,22:44:37,0.127,0.676,0,0,eGFP2
16896,22:44:37,0.105,0.632,0,0,eGFP2
16897,22:44:38,0.127,0.785,0,0,eGFP2
16898,22:44:39,0.117,0.654,0,0,eGFP2
16899,22:44:39,0.106,0.578,0,0,eGFP2
16900,22:44:40,0.094,0.588,0,0,eGFP2
16901,22:44:41,0.129,0.765,0,0,eGFP2
16902,22:44:41,0.151,0.842,0,0,eGFP2
16903,22:44:42,0.138,0.676,0,0,eGFP2
16904,22:44:43,0.095,0.599,0,0,eGFP2
16905,22:44:43,0.128,0.797,0,0,eGFP2
16906,22:44:44,0.138,0.665,0,0,eGFP2
16907,22:44:45,0.095,0.610,0,0,eGFP2
16908,22:44:45,0.117,0.622,0,0,eGFP2
16909,22:44:46,0.096,0.589,0,0,eGFP2
16910,22:44:47,0.117,0.699,0,0,eGFP2
16911,22:44:47,0.116,0.796,0,0,eGFP2
16912,22:44:48,0.139,0.720,0,0,eGFP2
16913,22:44:49,0.139,0.819,0,0,eGFP2
16914,22:44:50,0.139,0.775,0,0,eGFP2
16915,22:45:10,0.171,19.914,0,0,eGFP2
16916,22:45:12,2.027,2.817,0,0,eGFP2
16917,22:45:13,0.162,0.733,0,0,eGFP2
16918,22:45:14,0.095,0.588,0,0,eGFP2
16919,22:45:14,0.106,0.578,0,0,eGFP2
16920,22:45:15,0.094,0.577,0,0,eGFP2
16921,22:45:16,0.128,0.654,0,0,eGFP2
16922,22:45:16,0.106,0.600,0,0,eGFP2
16923,22:45:17,0.105,0.654,0,0,eGFP2
16924,22:45:17,0.095,0.534,0,0,eGFP2
16925,22:45:18,0.105,0.873,0,0,eGFP2
16926,22:45:19,0.185,0.799,0,0,eGFP2
16927,22:45:20,0.106,0.687,0,0,eGFP2
16928,22:45:20,0.128,0.611,0,0,eGFP2
16929,22:45:21,0.085,0.502,0,0,eGFP2
16930,22:45:21,0.084,0.545,0,0,eGFP2
16931,22:45:22,0.105,0.566,0,0,eGFP2
16932,22:45:22,0.095,0.512,0,0,eGFP2
16933,22:45:23,0.073,0.457,0,0,eGFP2
16934,22:45:24,0.096,0.568,0,0,eGFP2
16935,22:45:24,0.117,0.753,0,0,eGFP2
16936,22:45:25,0.117,0.644,0,0,eGFP2
16937,22:45:25,0.106,0.545,0,0,eGFP2
16938,22:45:26,0.083,0.533,0,0,eGFP2
16939,22:45:27,0.095,0.611,0,0,eGFP2
16940,22:45:27,0.117,0.588,0,0,eGFP2
16941,22:45:28,0.084,0.490,0,0,eGFP2
16942,22:45:28,0.086,0.503,0,0,eGFP2
16943,22:45:29,0.096,0.590,0,0,eGFP2
16944,22:45:29,0.106,0.600,0,0,eGFP2
16945,22:45:30,0.106,0.632,0,0,eGFP2
16946,22:45:31,0.106,0.534,0,0,eGFP2
16947,22:45:31,0.084,0.490,0,0,eGFP2
16948,22:45:32,0.084,0.534,0,0,eGFP2
16949,22:45:32,0.128,0.841,0,0,eGFP2
16950,22:45:33,0.130,0.733,0,0,eGFP2
16951,22:45:34,0.128,0.721,0,0,eGFP2
16952,22:45:34,0.100,0.571,0,0,eGFP2
16953,22:45:35,0.095,0.621,0,0,eGFP2
16954,22:45:36,0.106,0.610,0,0,eGFP2
16955,22:45:36,0.095,0.544,0,0,eGFP2
16956,22:45:37,0.107,0.579,0,0,eGFP2
16957,22:45:37,0.094,0.544,0,0,eGFP2
16958,22:45:38,0.096,0.535,0,0,eGFP2
16959,22:45:38,0.083,0.632,0,0,eGFP2
16960,22:45:39,0.160,0.797,0,0,eGFP2
16961,22:45:40,0.116,0.785,0,0,eGFP2
16962,22:45:41,0.105,0.621,0,0,eGFP2
16963,22:45:42,0.127,0.808,0,0,eGFP2
16964,22:45:42,0.116,0.610,0,0,eGFP2
16965,22:45:43,0.094,0.544,0,0,eGFP2
16966,22:45:43,0.107,0.623,0,0,eGFP2
16967,22:45:44,0.105,0.588,0,0,eGFP2
16968,22:45:44,0.105,0.555,0,0,eGFP2
16969,22:45:45,0.084,0.490,0,0,eGFP2
16970,22:45:45,0.074,0.535,0,0,eGFP2
16971,22:45:46,0.127,0.862,0,0,eGFP2
16972,22:45:47,0.127,0.643,0,0,eGFP2
16973,22:45:47,0.095,0.490,0,0,eGFP2
16974,22:45:48,0.074,0.491,0,0,eGFP2
16975,22:45:48,0.094,0.544,0,0,eGFP2
16976,22:45:49,0.094,0.544,0,0,eGFP2
16977,22:45:50,0.095,0.556,0,0,eGFP2
16978,22:45:50,0.094,0.566,0,0,eGFP2
16979,22:45:51,0.106,0.709,0,0,eGFP2
16980,22:45:51,0.128,0.621,0,0,eGFP2
16981,22:45:52,0.084,0.523,0,0,eGFP2
16982,22:45:53,0.107,0.579,0,0,eGFP2
16983,22:45:53,0.096,0.579,0,0,eGFP2
16984,22:45:54,0.116,0.841,0,0,eGFP2
16985,22:45:55,0.138,0.753,0,0,eGFP2
16986,22:45:56,0.138,0.753,0,0,eGFP2
16987,22:45:56,0.127,0.654,0,0,eGFP2
16988,22:45:57,0.083,0.533,0,0,eGFP2
16989,22:45:57,0.106,0.567,0,0,eGFP2
16990,22:45:58,0.105,0.643,0,0,eGFP2
16991,22:45:58,0.096,0.568,0,0,eGFP2
16992,22:45:59,0.095,0.709,0,0,eGFP2
16993,22:46:00,0.128,0.655,0,0,eGFP2
16994,22:46:00,0.094,0.544,0,0,eGFP2
16995,22:46:01,0.095,0.611,0,0,eGFP2
16996,22:46:02,0.116,0.698,0,0,eGFP2
16997,22:46:02,0.107,0.579,0,0,eGFP2
16998,22:46:03,0.095,0.622,0,0,eGFP2
16999,22:46:04,0.140,0.722,0,0,eGFP2
17000,22:46:04,0.105,0.599,0,0,eGFP2
17001,22:46:05,0.106,0.578,0,0,eGFP2
17002,22:46:05,0.094,0.522,0,0,eGFP2
17003,22:46:06,0.084,0.512,0,0,eGFP2
17004,22:46:06,0.095,0.545,0,0,eGFP2
17005,22:46:07,0.084,0.512,0,0,eGFP2
17006,22:46:07,0.083,0.588,0,0,eGFP2
17007,22:46:08,0.152,0.865,0,0,eGFP2
17008,22:46:09,0.117,0.610,0,0,eGFP2
17009,22:46:10,0.095,0.743,0,0,eGFP2
17010,22:46:10,0.118,0.634,0,0,eGFP2
17011,22:46:11,0.106,0.633,0,0,eGFP2
17012,22:46:12,0.116,0.698,0,0,eGFP2
17013,22:46:12,0.128,0.698,0,0,eGFP2
17014,22:46:13,0.106,0.655,0,0,eGFP2
17015,22:46:14,0.118,0.689,0,0,eGFP2
17016,22:46:14,0.122,0.626,0,0,eGFP2
17017,22:46:15,0.094,0.566,0,0,eGFP2
17018,22:46:16,0.105,0.665,0,0,eGFP2
17019,22:46:16,0.127,0.764,0,0,eGFP2
17020,22:46:17,0.127,0.675,0,0,eGFP2
17021,22:46:18,0.095,0.523,0,0,eGFP2
17022,22:46:18,0.083,0.478,0,0,eGFP2
17023,22:46:19,0.085,0.524,0,0,eGFP2
17024,22:46:19,0.117,0.776,0,0,eGFP2
17025,22:46:20,0.138,0.687,0,0,eGFP2
17026,22:46:21,0.094,0.555,0,0,eGFP2
17027,22:46:21,0.105,0.752,0,0,eGFP2
17028,22:46:22,0.128,0.665,0,0,eGFP2
17029,22:46:23,0.106,0.676,0,0,eGFP2
17030,22:46:23,0.138,0.808,0,0,eGFP2
17031,22:46:24,0.161,0.919,0,0,eGFP2
17032,22:46:25,0.127,0.654,0,0,eGFP2
17033,22:46:26,0.105,0.621,0,0,eGFP2
17034,22:46:26,0.116,0.610,0,0,eGFP2
17035,22:46:27,0.116,0.807,0,0,eGFP2
17036,22:46:28,0.128,0.753,0,0,eGFP2
17037,22:46:28,0.129,0.678,0,0,eGFP2
17038,22:46:29,0.105,0.599,0,0,eGFP2
17039,22:46:30,0.096,0.722,0,0,eGFP2
17040,22:46:31,0.193,1.159,0,0,eGFP2
17041,22:46:32,0.270,1.136,0,0,eGFP2
17042,22:46:33,0.128,0.644,0,0,eGFP2
17043,22:46:33,0.083,0.511,0,0,eGFP2
17044,22:46:34,0.095,0.566,0,0,eGFP2
17045,22:46:35,0.117,0.907,0,0,eGFP2
17046,22:46:36,0.182,0.852,0,0,eGFP2
17047,22:46:36,0.096,0.524,0,0,eGFP2
17048,22:46:37,0.094,0.555,0,0,eGFP2
17049,22:46:37,0.095,0.512,0,0,eGFP2
17050,22:46:38,0.072,0.467,0,0,eGFP2
17051,22:46:38,0.086,0.656,0,0,eGFP2
17052,22:46:39,0.172,0.863,0,0,eGFP2
17053,22:46:40,0.127,0.676,0,0,eGFP2
17054,22:46:40,0.117,0.578,0,0,eGFP2
17055,22:46:41,0.094,0.577,0,0,eGFP2
17056,22:46:42,0.107,0.590,0,0,eGFP2
17057,22:46:42,0.106,0.819,0,0,eGFP2
17058,22:46:43,0.270,1.038,0,0,eGFP2
17059,22:48:27,15.996,103.470,0,0,eGFP2
17060,22:48:28,0.478,1.466,0,0,eGFP2
17061,22:48:29,0.150,0.731,0,0,eGFP2
17062,22:48:30,0.106,0.644,0,0,eGFP2
17063,22:48:31,0.135,0.838,0,0,eGFP2
17064,22:48:31,0.141,0.821,0,0,eGFP2
17065,22:48:32,0.149,0.862,0,0,eGFP2
17066,22:48:34,0.138,1.291,0,0,eGFP2
17067,22:48:35,0.423,1.685,0,0,eGFP2
17068,22:48:37,0.237,1.751,0,0,eGFP2
17069,22:48:41,0.281,3.650,0,0,eGFP2
17070,22:48:43,0.346,2.486,0,0,eGFP2
17071,22:48:46,0.270,2.641,0,0,eGFP2
17072,22:48:47,0.282,1.478,0,0,eGFP2
17073,22:48:48,0.149,0.884,0,0,eGFP2
17074,22:48:49,0.150,0.742,0,0,eGFP2
17075,22:48:49,0.105,0.621,0,0,eGFP2
17076,22:48:50,0.105,0.555,0,0,eGFP2
17077,22:48:51,0.095,0.523,0,0,eGFP2
17078,22:48:51,0.092,0.509,0,0,eGFP2
17079,22:48:52,0.095,0.632,0,0,eGFP2
17080,22:48:52,0.097,0.525,0,0,eGFP2
17081,22:48:53,0.083,0.489,0,0,eGFP2
17082,22:48:53,0.083,0.588,0,0,eGFP2
17083,22:48:54,0.105,0.577,0,0,eGFP2
17084,22:48:54,0.094,0.522,0,0,eGFP2
17085,22:48:55,0.095,0.610,0,0,eGFP2
17086,22:48:56,0.128,0.742,0,0,eGFP2
17087,22:48:56,0.105,0.687,0,0,eGFP2
17088,22:48:57,0.129,0.689,0,0,eGFP2
17089,22:48:58,0.105,0.676,0,0,eGFP2
17090,22:48:58,0.105,0.599,0,0,eGFP2
17091,22:48:59,0.096,0.656,0,0,eGFP2
17092,22:49:00,0.138,0.742,0,0,eGFP2
17093,22:49:01,0.127,0.753,0,0,eGFP2
17094,22:49:01,0.116,0.566,0,0,eGFP2
17095,22:49:02,0.095,0.578,0,0,eGFP2
17096,22:49:03,0.140,0.842,0,0,eGFP2
17097,22:49:03,0.117,0.644,0,0,eGFP2
17098,22:49:04,0.094,0.533,0,0,eGFP2
17099,22:49:04,0.084,0.567,0,0,eGFP2
17100,22:49:05,0.116,0.621,0,0,eGFP2
17101,22:49:05,0.095,0.512,0,0,eGFP2
17102,22:49:06,0.073,0.446,0,0,eGFP2
17103,22:49:06,0.072,0.478,0,0,eGFP2
17104,22:49:07,0.099,0.713,0,0,eGFP2
17105,22:49:08,0.128,0.666,0,0,eGFP2
17106,22:49:08,0.105,0.544,0,0,eGFP2
17107,22:49:09,0.084,0.545,0,0,eGFP2
17108,22:49:09,0.105,0.665,0,0,eGFP2
17109,22:49:10,0.106,0.698,0,0,eGFP2
17110,22:49:11,0.139,0.688,0,0,eGFP2
17111,22:49:11,0.105,0.577,0,0,eGFP2
17112,22:49:12,0.086,0.503,0,0,eGFP2
17113,22:49:12,0.083,0.500,0,0,eGFP2
17114,22:49:13,0.095,0.556,0,0,eGFP2
17115,22:49:13,0.084,0.501,0,0,eGFP2
17116,22:49:14,0.084,0.676,0,0,eGFP2
17117,22:49:15,0.117,0.611,0,0,eGFP2
17118,22:49:15,0.096,0.546,0,0,eGFP2
17119,22:49:16,0.095,0.545,0,0,eGFP2
17120,22:49:16,0.095,0.556,0,0,eGFP2
17121,22:49:17,0.118,0.843,0,0,eGFP2
17122,22:49:18,0.138,0.654,0,0,eGFP2
17123,22:49:18,0.084,0.490,0,0,eGFP2
17124,22:49:19,0.073,0.490,0,0,eGFP2
17125,22:49:20,0.106,0.743,0,0,eGFP2
17126,22:49:20,0.133,0.770,0,0,eGFP2
17127,22:49:21,0.105,0.544,0,0,eGFP2
17128,22:49:21,0.083,0.511,0,0,eGFP2
17129,22:49:22,0.096,0.787,0,0,eGFP2
17130,22:49:23,0.150,0.775,0,0,eGFP2
17131,22:49:24,0.129,0.886,0,0,eGFP2
17132,22:49:25,0.204,1.236,0,0,eGFP2
17133,22:49:26,0.226,1.060,0,0,eGFP2
17134,22:49:27,0.193,1.038,0,0,eGFP2
17135,22:49:28,0.182,0.873,0,0,eGFP2
17136,22:49:29,0.127,0.742,0,0,eGFP2
17137,22:49:29,0.096,0.546,0,0,eGFP2
17138,22:49:30,0.083,0.511,0,0,eGFP2
17139,22:49:31,0.084,0.577,0,0,eGFP2
17140,22:49:31,0.095,0.545,0,0,eGFP2
17141,22:49:32,0.094,0.489,0,0,eGFP2
17142,22:49:32,0.084,0.588,0,0,eGFP2
17143,22:49:33,0.139,0.687,0,0,eGFP2
17144,22:49:34,0.117,0.764,0,0,eGFP2
17145,22:49:34,0.120,0.625,0,0,eGFP2
17146,22:49:35,0.105,0.566,0,0,eGFP2
17147,22:49:35,0.094,0.522,0,0,eGFP2
17148,22:49:36,0.106,0.589,0,0,eGFP2
17149,22:49:36,0.105,0.588,0,0,eGFP2
17150,22:49:37,0.094,0.544,0,0,eGFP2
17151,22:49:38,0.095,0.622,0,0,eGFP2
17152,22:49:38,0.094,0.544,0,0,eGFP2
17153,22:49:39,0.085,0.557,0,0,eGFP2
17154,22:49:39,0.128,0.709,0,0,eGFP2
17155,22:49:40,0.106,0.578,0,0,eGFP2
17156,22:49:41,0.083,0.500,0,0,eGFP2
17157,22:49:41,0.095,0.545,0,0,eGFP2
17158,22:49:42,0.096,0.557,0,0,eGFP2
17159,22:49:42,0.105,0.742,0,0,eGFP2
17160,22:49:43,0.171,1.016,0,0,eGFP2
17161,22:49:44,0.141,0.788,0,0,eGFP2
17162,22:49:45,0.139,0.764,0,0,eGFP2
17163,22:49:47,0.171,2.410,0,0,eGFP2
17164,22:49:48,0.128,0.687,0,0,eGFP2
17165,22:49:49,0.106,0.567,0,0,eGFP2
17166,22:49:49,0.095,0.501,0,0,eGFP2
17167,22:49:50,0.083,0.468,0,0,eGFP2
17168,22:49:50,0.094,0.731,0,0,eGFP2
17169,22:49:51,0.118,0.579,0,0,eGFP2
17170,22:49:51,0.084,0.490,0,0,eGFP2
17171,22:49:52,0.084,0.501,0,0,eGFP2
17172,22:49:52,0.085,0.513,0,0,eGFP2
17173,22:49:53,0.095,0.523,0,0,eGFP2
17174,22:49:53,0.094,0.533,0,0,eGFP2
17175,22:49:54,0.106,0.666,0,0,eGFP2
17176,22:49:55,0.117,0.589,0,0,eGFP2
17177,22:49:55,0.096,0.535,0,0,eGFP2
17178,22:49:56,0.106,0.556,0,0,eGFP2
17179,22:49:56,0.106,0.599,0,0,eGFP2
17180,22:49:57,0.106,0.611,0,0,eGFP2
17181,22:49:58,0.095,0.523,0,0,eGFP2
17182,22:49:58,0.084,0.523,0,0,eGFP2
17183,22:49:59,0.106,0.621,0,0,eGFP2
17184,22:49:59,0.106,0.633,0,0,eGFP2
17185,22:50:00,0.097,0.557,0,0,eGFP2
17186,22:50:01,0.097,0.734,0,0,eGFP2
17187,22:50:01,0.127,0.610,0,0,eGFP2
17188,22:50:02,0.106,0.589,0,0,eGFP2
17189,22:50:02,0.095,0.567,0,0,eGFP2
17190,22:50:03,0.088,0.527,0,0,eGFP2
17191,22:50:04,0.106,0.709,0,0,eGFP2
17192,22:50:04,0.116,0.621,0,0,eGFP2
17193,22:50:05,0.105,0.610,0,0,eGFP2
17194,22:50:05,0.107,0.557,0,0,eGFP2
17195,22:50:06,0.094,0.566,0,0,eGFP2
17196,22:50:07,0.105,0.654,0,0,eGFP2
17197,22:50:07,0.127,0.654,0,0,eGFP2
17198,22:50:08,0.094,0.522,0,0,eGFP2
17199,22:50:08,0.085,0.546,0,0,eGFP2
17200,22:50:09,0.105,0.752,0,0,eGFP2
17201,22:50:10,0.161,0.819,0,0,eGFP2
17202,22:50:11,0.162,0.842,0,0,eGFP2
17203,22:50:11,0.138,0.698,0,0,eGFP2
17204,22:50:12,0.094,0.533,0,0,eGFP2
17205,22:50:12,0.095,0.512,0,0,eGFP2
17206,22:50:13,0.094,0.610,0,0,eGFP2
17207,22:50:14,0.116,0.665,0,0,eGFP2
17208,22:50:14,0.105,0.555,0,0,eGFP2
17209,22:50:15,0.095,0.501,0,0,eGFP2
17210,22:50:16,0.096,0.908,0,0,eGFP2
17211,22:50:18,1.225,1.960,0,0,eGFP2
17212,22:50:18,0.118,0.590,0,0,eGFP2
17213,22:50:19,0.083,0.467,0,0,eGFP2
17214,22:50:19,0.073,0.468,0,0,eGFP2
17215,22:50:20,0.083,0.478,0,0,eGFP2
17216,22:50:20,0.084,0.556,0,0,eGFP2
17217,22:50:21,0.105,0.566,0,0,eGFP2
17218,22:50:21,0.085,0.469,0,0,eGFP2
17219,22:50:22,0.084,0.501,0,0,eGFP2
17220,22:50:22,0.083,0.500,0,0,eGFP2
17221,22:50:23,0.084,0.479,0,0,eGFP2
17222,22:50:23,0.095,0.578,0,0,eGFP2
17223,22:50:24,0.138,0.742,0,0,eGFP2
17224,22:50:25,0.116,0.599,0,0,eGFP2
17225,22:50:25,0.095,0.490,0,0,eGFP2
17226,22:50:26,0.087,0.536,0,0,eGFP2
17227,22:50:26,0.106,0.622,0,0,eGFP2
17228,22:50:27,0.105,0.566,0,0,eGFP2
17229,22:50:27,0.084,0.501,0,0,eGFP2
17230,22:50:28,0.095,0.676,0,0,eGFP2
17231,22:50:29,0.194,0.940,0,0,eGFP2
17232,22:50:30,0.106,0.588,0,0,eGFP2
17233,22:50:30,0.084,0.512,0,0,eGFP2
17234,22:50:31,0.074,0.470,0,0,eGFP2
17235,22:50:31,0.094,0.588,0,0,eGFP2
17236,22:50:32,0.106,0.589,0,0,eGFP2
17237,22:50:32,0.094,0.522,0,0,eGFP2
17238,22:50:33,0.095,0.578,0,0,eGFP2
17239,22:50:34,0.129,0.722,0,0,eGFP2
17240,22:50:34,0.095,0.632,0,0,eGFP2
17241,22:50:35,0.106,0.523,0,0,eGFP2
17242,22:50:35,0.086,0.481,0,0,eGFP2
17243,22:50:36,0.073,0.479,0,0,eGFP2
17244,22:50:36,0.083,0.676,0,0,eGFP2
17245,22:50:37,0.205,0.951,0,0,eGFP2
17246,22:50:38,0.128,0.654,0,0,eGFP2
17247,22:50:39,0.106,0.633,0,0,eGFP2
17248,22:50:39,0.150,0.830,0,0,eGFP2
17249,22:50:40,0.117,0.644,0,0,eGFP2
17250,22:50:41,0.094,0.533,0,0,eGFP2
17251,22:50:41,0.086,0.536,0,0,eGFP2
17252,22:50:42,0.084,0.501,0,0,eGFP2
17253,22:50:42,0.091,0.519,0,0,eGFP2
17254,22:50:43,0.094,0.741,0,0,eGFP2
17255,22:50:44,0.127,0.643,0,0,eGFP2
17256,22:50:44,0.105,0.621,0,0,eGFP2
17257,22:50:45,0.094,0.566,0,0,eGFP2
17258,22:50:45,0.116,0.698,0,0,eGFP2
17259,22:50:46,0.117,0.622,0,0,eGFP2
17260,22:50:47,0.105,0.566,0,0,eGFP2
17261,22:50:47,0.095,0.501,0,0,eGFP2
17262,22:50:48,0.083,0.555,0,0,eGFP2
17263,22:50:48,0.138,0.796,0,0,eGFP2
17264,22:50:49,0.117,0.709,0,0,eGFP2
17265,22:50:50,0.116,0.610,0,0,eGFP2
17266,22:50:50,0.107,0.645,0,0,eGFP2
17267,22:50:51,0.118,0.633,0,0,eGFP2
17268,22:50:52,0.106,0.567,0,0,eGFP2
17269,22:50:52,0.094,0.566,0,0,eGFP2
17270,22:50:53,0.094,0.577,0,0,eGFP2
17271,22:50:53,0.094,0.577,0,0,eGFP2
17272,22:50:54,0.106,0.720,0,0,eGFP2
17273,22:50:55,0.127,0.654,0,0,eGFP2
17274,22:50:55,0.105,0.643,0,0,eGFP2
17275,22:50:56,0.107,0.568,0,0,eGFP2
17276,22:50:57,0.094,0.599,0,0,eGFP2
17277,22:50:57,0.117,0.698,0,0,eGFP2
17278,22:50:58,0.117,0.610,0,0,eGFP2
17279,22:50:58,0.095,0.512,0,0,eGFP2
17280,22:50:59,0.085,0.502,0,0,eGFP2
17281,22:50:59,0.072,0.577,0,0,eGFP2
17282,22:51:00,0.139,0.764,0,0,eGFP2
17283,22:51:01,0.118,0.645,0,0,eGFP2
17284,22:51:02,0.116,0.687,0,0,eGFP2
17285,22:51:02,0.127,0.731,0,0,eGFP2
17286,22:51:03,0.127,0.676,0,0,eGFP2
17287,22:51:04,0.106,0.600,0,0,eGFP2
17288,22:51:04,0.116,0.676,0,0,eGFP2
17289,22:51:05,0.116,0.819,0,0,eGFP2
17290,22:51:06,0.127,0.731,0,0,eGFP2
17291,22:51:06,0.140,0.721,0,0,eGFP2
17292,22:51:07,0.095,0.578,0,0,eGFP2
17293,22:51:08,0.118,0.831,0,0,eGFP2
17294,22:51:09,0.150,0.775,0,0,eGFP2
17295,22:51:09,0.117,0.665,0,0,eGFP2
17296,22:51:10,0.106,0.567,0,0,eGFP2
17297,22:51:10,0.084,0.490,0,0,eGFP2
17298,22:51:11,0.083,0.522,0,0,eGFP2
17299,22:51:11,0.097,0.558,0,0,eGFP2
17300,22:51:12,0.094,0.621,0,0,eGFP2
17301,22:51:13,0.117,0.599,0,0,eGFP2
17302,22:51:13,0.084,0.490,0,0,eGFP2
17303,22:51:14,0.095,0.808,0,0,eGFP2
17304,22:51:15,0.139,0.666,0,0,eGFP2
17305,22:51:15,0.094,0.577,0,0,eGFP2
17306,22:51:16,0.106,0.545,0,0,eGFP2
17307,22:51:16,0.096,0.513,0,0,eGFP2
17308,22:51:17,0.094,0.598,0,0,eGFP2
17309,22:51:18,0.150,0.841,0,0,eGFP2
17310,22:51:18,0.128,0.633,0,0,eGFP2
17311,22:51:19,0.106,0.632,0,0,eGFP2
17312,22:51:20,0.106,0.611,0,0,eGFP2
17313,22:51:20,0.106,0.622,0,0,eGFP2
17314,22:51:21,0.105,0.599,0,0,eGFP2
17315,22:51:21,0.106,0.567,0,0,eGFP2
17316,22:51:22,0.086,0.514,0,0,eGFP2
17317,22:51:23,0.088,0.604,0,0,eGFP2
17318,22:51:23,0.116,0.643,0,0,eGFP2
17319,22:51:24,0.105,0.576,0,0,eGFP2
17320,22:51:24,0.096,0.590,0,0,eGFP2
17321,22:51:25,0.105,0.654,0,0,eGFP2
17322,22:51:26,0.105,0.599,0,0,eGFP2
17323,22:51:26,0.094,0.544,0,0,eGFP2
17324,22:51:27,0.096,0.578,0,0,eGFP2
17325,22:51:27,0.117,0.720,0,0,eGFP2
17326,22:51:28,0.116,0.599,0,0,eGFP2
17327,22:51:29,0.094,0.654,0,0,eGFP2
17328,22:51:29,0.116,0.610,0,0,eGFP2
17329,22:51:30,0.094,0.544,0,0,eGFP2
17330,22:51:30,0.106,0.622,0,0,eGFP2
17331,22:51:31,0.105,0.719,0,0,eGFP2
17332,22:51:32,0.129,0.656,0,0,eGFP2
17333,22:51:32,0.105,0.566,0,0,eGFP2
17334,22:51:33,0.093,0.576,0,0,eGFP2
17335,22:51:34,0.117,0.786,0,0,eGFP2
17336,22:51:34,0.127,0.698,0,0,eGFP2
17337,22:51:35,0.138,0.885,0,0,eGFP2
17338,22:51:36,0.160,0.742,0,0,eGFP2
17339,22:51:37,0.094,0.544,0,0,eGFP2
17340,22:51:37,0.100,0.572,0,0,eGFP2
17341,22:51:38,0.116,0.720,0,0,eGFP2
17342,22:51:39,0.116,0.643,0,0,eGFP2
17343,22:51:39,0.105,0.566,0,0,eGFP2
17344,22:51:40,0.106,0.852,0,0,eGFP2
17345,22:51:41,0.149,0.731,0,0,eGFP2
17346,22:51:41,0.116,0.643,0,0,eGFP2
17347,22:51:42,0.096,0.535,0,0,eGFP2
17348,22:51:42,0.097,0.536,0,0,eGFP2
17349,22:51:43,0.083,0.522,0,0,eGFP2
17350,22:51:43,0.095,0.545,0,0,eGFP2
17351,22:51:44,0.094,0.588,0,0,eGFP2
17352,22:51:45,0.106,0.600,0,0,eGFP2
17353,22:51:45,0.105,0.676,0,0,eGFP2
17354,22:51:46,0.139,0.644,0,0,eGFP2
17355,22:51:47,0.083,0.533,0,0,eGFP2
17356,22:51:47,0.141,0.810,0,0,eGFP2
17357,22:51:48,0.117,0.621,0,0,eGFP2
17358,22:51:49,0.106,0.677,0,0,eGFP2
17359,22:51:49,0.127,0.676,0,0,eGFP2
17360,22:51:50,0.119,0.623,0,0,eGFP2
17361,22:51:51,0.095,0.578,0,0,eGFP2
17362,22:51:51,0.095,0.556,0,0,eGFP2
17363,22:51:52,0.105,0.676,0,0,eGFP2
17364,22:51:53,0.140,0.843,0,0,eGFP2
17365,22:51:53,0.128,0.632,0,0,eGFP2
17366,22:51:54,0.084,0.512,0,0,eGFP2
17367,22:51:54,0.095,0.644,0,0,eGFP2
17368,22:51:55,0.160,1.016,0,0,eGFP2
17369,22:51:56,0.172,0.820,0,0,eGFP2
17370,22:51:57,0.105,0.621,0,0,eGFP2
17371,22:51:57,0.095,0.578,0,0,eGFP2
17372,22:51:58,0.095,0.534,0,0,eGFP2
17373,22:51:59,0.096,0.568,0,0,eGFP2
17374,22:52:01,0.119,2.116,0,0,eGFP2
17375,22:52:02,0.238,0.929,0,0,eGFP2
17376,22:52:02,0.106,0.611,0,0,eGFP2
17377,22:52:03,0.095,0.534,0,0,eGFP2
17378,22:52:03,0.084,0.490,0,0,eGFP2
17379,22:52:04,0.090,0.485,0,0,eGFP2
17380,22:52:04,0.094,0.500,0,0,eGFP2
17381,22:52:05,0.085,0.524,0,0,eGFP2
17382,22:52:05,0.105,0.643,0,0,eGFP2
17383,22:52:06,0.105,0.566,0,0,eGFP2
17384,22:52:06,0.095,0.555,0,0,eGFP2
17385,22:52:07,0.095,0.534,0,0,eGFP2
17386,22:52:08,0.094,0.698,0,0,eGFP2
17387,22:52:08,0.128,0.699,0,0,eGFP2
17388,22:52:09,0.094,0.533,0,0,eGFP2
17389,22:52:09,0.085,0.535,0,0,eGFP2
17390,22:52:10,0.084,0.523,0,0,eGFP2
17391,22:52:11,0.094,0.632,0,0,eGFP2
17392,22:52:11,0.127,0.676,0,0,eGFP2
17393,22:52:12,0.116,0.599,0,0,eGFP2
17394,22:52:12,0.094,0.555,0,0,eGFP2
17395,22:52:13,0.105,0.698,0,0,eGFP2
17396,22:52:14,0.171,0.797,0,0,eGFP2
17397,22:52:15,0.107,0.623,0,0,eGFP2
17398,22:52:15,0.116,0.741,0,0,eGFP2
17399,22:52:16,0.117,0.633,0,0,eGFP2
17400,22:52:17,0.116,0.643,0,0,eGFP2
17401,22:52:17,0.107,0.623,0,0,eGFP2
17402,22:52:18,0.105,0.566,0,0,eGFP2
17403,22:52:18,0.094,0.566,0,0,eGFP2
17404,22:52:19,0.095,0.600,0,0,eGFP2
17405,22:52:20,0.118,0.666,0,0,eGFP2
17406,22:52:20,0.117,0.775,0,0,eGFP2
17407,22:52:21,0.128,0.709,0,0,eGFP2
17408,22:52:22,0.117,0.655,0,0,eGFP2
17409,22:52:22,0.116,0.643,0,0,eGFP2
17410,22:52:23,0.116,0.621,0,0,eGFP2
17411,22:52:24,0.117,0.687,0,0,eGFP2
17412,22:52:24,0.128,0.644,0,0,eGFP2
17413,22:52:25,0.096,0.502,0,0,eGFP2
17414,22:52:25,0.085,0.546,0,0,eGFP2
17415,22:52:26,0.128,0.775,0,0,eGFP2
17416,22:52:27,0.139,0.764,0,0,eGFP2
17417,22:52:28,0.106,0.808,0,0,eGFP2
17418,22:52:28,0.150,0.753,0,0,eGFP2
17419,22:52:29,0.106,0.654,0,0,eGFP2
17420,22:52:30,0.106,0.578,0,0,eGFP2
17421,22:52:30,0.107,0.777,0,0,eGFP2
17422,22:52:31,0.171,0.852,0,0,eGFP2
17423,22:52:32,0.116,0.665,0,0,eGFP2
17424,22:52:33,0.106,0.600,0,0,eGFP2
17425,22:52:33,0.094,0.555,0,0,eGFP2
17426,22:52:34,0.095,0.633,0,0,eGFP2
17427,22:52:35,0.138,0.775,0,0,eGFP2
17428,22:52:35,0.107,0.590,0,0,eGFP2
17429,22:52:36,0.097,0.547,0,0,eGFP2
17430,22:52:36,0.083,0.511,0,0,eGFP2
17431,22:52:37,0.084,0.556,0,0,eGFP2
17432,22:52:38,0.128,0.929,0,0,eGFP2
17433,22:52:38,0.128,0.665,0,0,eGFP2
17434,22:52:39,0.095,0.644,0,0,eGFP2
17435,22:52:40,0.106,0.589,0,0,eGFP2
17436,22:52:40,0.094,0.577,0,0,eGFP2
17437,22:52:41,0.106,0.677,0,0,eGFP2
17438,22:52:42,0.118,0.678,0,0,eGFP2
17439,22:52:42,0.128,0.764,0,0,eGFP2
17440,22:52:43,0.139,0.743,0,0,eGFP2
17441,22:52:44,0.140,0.766,0,0,eGFP2
17442,22:52:44,0.117,0.676,0,0,eGFP2
17443,22:52:45,0.122,0.638,0,0,eGFP2
17444,22:52:46,0.094,0.654,0,0,eGFP2
17445,22:52:47,0.138,0.807,0,0,eGFP2
17446,22:52:47,0.107,0.535,0,0,eGFP2
17447,22:52:48,0.094,0.511,0,0,eGFP2
17448,22:52:48,0.094,0.665,0,0,eGFP2
17449,22:52:50,0.248,1.532,0,0,eGFP2
17450,22:52:51,0.149,0.730,0,0,eGFP2
17451,22:52:51,0.106,0.577,0,0,eGFP2
17452,22:52:52,0.084,0.534,0,0,eGFP2
17453,22:52:53,0.105,0.862,0,0,eGFP2
17454,22:52:53,0.173,0.864,0,0,eGFP2
17455,22:52:54,0.140,0.776,0,0,eGFP2
17456,22:52:55,0.106,0.578,0,0,eGFP2
17457,22:52:55,0.094,0.555,0,0,eGFP2
17458,22:52:56,0.105,0.687,0,0,eGFP2
17459,22:52:57,0.138,0.654,0,0,eGFP2
17460,22:52:57,0.094,0.588,0,0,eGFP2
17461,22:52:59,0.138,1.828,0,0,eGFP2
17462,22:53:00,0.250,0.919,0,0,eGFP2
17463,22:53:01,0.128,0.643,0,0,eGFP2
17464,22:53:01,0.095,0.545,0,0,eGFP2
17465,22:53:02,0.094,0.654,0,0,eGFP2
17466,22:53:02,0.116,0.599,0,0,eGFP2
17467,22:53:03,0.094,0.501,0,0,eGFP2
17468,22:53:04,0.085,0.589,0,0,eGFP2
17469,22:53:04,0.139,0.775,0,0,eGFP2
17470,22:53:05,0.096,0.590,0,0,eGFP2
17471,22:53:05,0.106,0.610,0,0,eGFP2
17472,22:53:06,0.106,0.534,0,0,eGFP2
17473,22:53:07,0.083,0.489,0,0,eGFP2
17474,22:53:07,0.084,0.545,0,0,eGFP2
17475,22:53:08,0.138,0.874,0,0,eGFP2
17476,22:53:09,0.127,0.610,0,0,eGFP2
17477,22:53:09,0.105,0.577,0,0,eGFP2
17478,22:53:10,0.097,0.547,0,0,eGFP2
17479,22:53:10,0.105,0.577,0,0,eGFP2
17480,22:53:11,0.095,0.555,0,0,eGFP2
17481,22:53:12,0.106,0.753,0,0,eGFP2
17482,22:53:12,0.130,0.678,0,0,eGFP2
17483,22:53:13,0.117,0.688,0,0,eGFP2
17484,22:53:13,0.105,0.577,0,0,eGFP2
17485,22:53:14,0.095,0.687,0,0,eGFP2
17486,22:53:15,0.141,0.722,0,0,eGFP2
17487,22:53:15,0.095,0.534,0,0,eGFP2
17488,22:53:16,0.094,0.522,0,0,eGFP2
17489,22:53:16,0.095,0.523,0,0,eGFP2
17490,22:53:17,0.095,0.600,0,0,eGFP2
17491,22:53:18,0.127,0.753,0,0,eGFP2
17492,22:53:18,0.116,0.643,0,0,eGFP2
17493,22:53:19,0.117,0.666,0,0,eGFP2
17494,22:53:20,0.107,0.590,0,0,eGFP2
17495,22:53:20,0.085,0.513,0,0,eGFP2
17496,22:53:21,0.095,0.677,0,0,eGFP2
17497,22:53:22,0.149,0.797,0,0,eGFP2
17498,22:53:22,0.106,0.742,0,0,eGFP2
17499,22:53:23,0.128,0.644,0,0,eGFP2
17500,22:53:24,0.094,0.533,0,0,eGFP2
17501,22:53:24,0.084,0.556,0,0,eGFP2
17502,22:53:25,0.106,0.742,0,0,eGFP2
17503,22:53:26,0.141,0.766,0,0,eGFP2
17504,22:53:26,0.106,0.611,0,0,eGFP2
17505,22:53:27,0.106,0.797,0,0,eGFP2
17506,22:53:28,0.155,0.857,0,0,eGFP2
17507,22:53:29,0.149,0.819,0,0,eGFP2
17508,22:53:29,0.127,0.719,0,0,eGFP2
17509,22:53:30,0.107,0.601,0,0,eGFP2
17510,22:53:31,0.094,0.522,0,0,eGFP2
17511,22:53:31,0.085,0.568,0,0,eGFP2
17512,22:53:32,0.149,0.818,0,0,eGFP2
17513,22:53:33,0.127,0.676,0,0,eGFP2
17514,22:53:33,0.105,0.566,0,0,eGFP2
17515,22:53:34,0.083,0.522,0,0,eGFP2
17516,22:53:34,0.083,0.489,0,0,eGFP2
17517,22:53:35,0.084,0.555,0,0,eGFP2
17518,22:53:36,0.128,0.852,0,0,eGFP2
17519,22:53:36,0.129,0.710,0,0,eGFP2
17520,22:53:37,0.117,0.731,0,0,eGFP2
17521,22:53:38,0.116,0.819,0,0,eGFP2
17522,22:53:39,0.140,0.831,0,0,eGFP2
17523,22:53:39,0.127,0.643,0,0,eGFP2
17524,22:53:40,0.094,0.577,0,0,eGFP2
17525,22:53:41,0.128,0.797,0,0,eGFP2
17526,22:53:41,0.138,0.698,0,0,eGFP2
17527,22:53:42,0.107,0.612,0,0,eGFP2
17528,22:53:43,0.094,0.522,0,0,eGFP2
17529,22:53:43,0.084,0.523,0,0,eGFP2
17530,22:53:44,0.094,0.665,0,0,eGFP2
17531,22:53:45,0.138,0.720,0,0,eGFP2
17532,22:53:45,0.105,0.621,0,0,eGFP2
17533,22:53:46,0.117,0.731,0,0,eGFP2
17534,22:53:46,0.117,0.610,0,0,eGFP2
17535,22:53:47,0.086,0.525,0,0,eGFP2
17536,22:53:48,0.099,0.714,0,0,eGFP2
17537,22:53:48,0.138,0.687,0,0,eGFP2
17538,22:53:49,0.105,0.654,0,0,eGFP2
17539,22:53:50,0.116,0.621,0,0,eGFP2
17540,22:53:50,0.095,0.610,0,0,eGFP2
17541,22:53:51,0.128,0.885,0,0,eGFP2
17542,22:53:52,0.139,0.687,0,0,eGFP2
17543,22:53:53,0.108,0.711,0,0,eGFP2
17544,22:53:53,0.128,0.665,0,0,eGFP2
17545,22:53:54,0.106,0.578,0,0,eGFP2
17546,22:53:54,0.094,0.621,0,0,eGFP2
17547,22:53:55,0.150,0.841,0,0,eGFP2
17548,22:53:56,0.128,0.665,0,0,eGFP2
17549,22:53:57,0.097,0.569,0,0,eGFP2
17550,22:53:57,0.127,0.720,0,0,eGFP2
17551,22:53:58,0.118,0.579,0,0,eGFP2
17552,22:53:58,0.084,0.523,0,0,eGFP2
17553,22:53:59,0.103,0.564,0,0,eGFP2
17554,22:53:59,0.094,0.555,0,0,eGFP2
17555,22:54:00,0.105,0.884,0,0,eGFP2
17556,22:54:01,0.150,0.731,0,0,eGFP2
17557,22:54:02,0.105,0.599,0,0,eGFP2
17558,22:54:02,0.127,0.665,0,0,eGFP2
17559,22:54:03,0.107,0.568,0,0,eGFP2
17560,22:54:03,0.094,0.544,0,0,eGFP2
17561,22:54:04,0.094,0.654,0,0,eGFP2
17562,22:54:05,0.138,0.741,0,0,eGFP2
17563,22:54:05,0.118,0.601,0,0,eGFP2
17564,22:54:06,0.105,0.687,0,0,eGFP2
17565,22:54:07,0.171,1.203,0,0,eGFP2
17566,22:54:08,0.171,0.785,0,0,eGFP2
17567,22:54:09,0.095,0.567,0,0,eGFP2
17568,22:54:09,0.106,0.611,0,0,eGFP2
17569,22:54:10,0.095,0.577,0,0,eGFP2
17570,22:54:11,0.139,0.929,0,0,eGFP2
17571,22:54:12,0.171,0.775,0,0,eGFP2
17572,22:54:12,0.105,0.654,0,0,eGFP2
17573,22:54:13,0.127,0.741,0,0,eGFP2
17574,22:54:14,0.117,0.578,0,0,eGFP2
17575,22:54:14,0.094,0.566,0,0,eGFP2
17576,22:54:15,0.109,0.888,0,0,eGFP2
17577,23:00:47,1.674,391.614,0,0,eGFP2
17578,23:00:48,0.358,1.115,0,0,eGFP2
17579,23:00:48,0.117,0.687,0,0,eGFP2
17580,23:00:49,0.106,0.578,0,0,eGFP2
17581,23:00:50,0.138,0.873,0,0,eGFP2
17582,23:00:50,0.128,0.633,0,0,eGFP2
17583,23:00:51,0.105,0.577,0,0,eGFP2
17584,23:00:52,0.085,0.535,0,0,eGFP2
17585,23:00:52,0.095,0.588,0,0,eGFP2
17586,23:00:53,0.095,0.666,0,0,eGFP2
17587,23:00:55,0.950,2.311,0,0,eGFP2
17588,23:00:56,0.138,0.654,0,0,eGFP2
17589,23:00:56,0.096,0.557,0,0,eGFP2
17590,23:00:57,0.106,0.654,0,0,eGFP2
17591,23:00:58,0.106,0.633,0,0,eGFP2
17592,23:00:58,0.096,0.546,0,0,eGFP2
17593,23:00:59,0.084,0.578,0,0,eGFP2
17594,23:00:59,0.094,0.511,0,0,eGFP2
17595,23:01:00,0.095,0.589,0,0,eGFP2
17596,23:01:00,0.095,0.577,0,0,eGFP2
17597,23:01:01,0.095,0.578,0,0,eGFP2
17598,23:01:02,0.084,0.523,0,0,eGFP2
17599,23:01:02,0.095,0.588,0,0,eGFP2
17600,23:01:03,0.097,0.514,0,0,eGFP2
17601,23:01:03,0.084,0.545,0,0,eGFP2
17602,23:01:04,0.095,0.599,0,0,eGFP2
17603,23:01:04,0.108,0.613,0,0,eGFP2
17604,23:01:05,0.094,0.588,0,0,eGFP2
17605,23:01:06,0.095,0.545,0,0,eGFP2
17606,23:01:06,0.084,0.490,0,0,eGFP2
17607,23:01:07,0.083,0.500,0,0,eGFP2
17608,23:01:07,0.086,0.613,0,0,eGFP2
17609,23:01:08,0.106,0.567,0,0,eGFP2
17610,23:01:08,0.094,0.544,0,0,eGFP2
17611,23:01:09,0.106,0.710,0,0,eGFP2
17612,23:01:10,0.117,0.611,0,0,eGFP2
17613,23:01:10,0.105,0.577,0,0,eGFP2
17614,23:01:11,0.106,0.776,0,0,eGFP2
17615,23:01:12,0.128,0.621,0,0,eGFP2
17616,23:01:12,0.082,0.510,0,0,eGFP2
17617,23:01:13,0.105,0.687,0,0,eGFP2
17618,23:01:13,0.127,0.632,0,0,eGFP2
17619,23:01:14,0.105,0.555,0,0,eGFP2
17620,23:01:14,0.094,0.489,0,0,eGFP2
17621,23:01:15,0.084,0.512,0,0,eGFP2
17622,23:01:16,0.083,0.577,0,0,eGFP2
17623,23:01:16,0.116,0.698,0,0,eGFP2
17624,23:01:17,0.106,0.545,0,0,eGFP2
17625,23:01:17,0.095,0.687,0,0,eGFP2
17626,23:01:18,0.171,0.863,0,0,eGFP2
17627,23:01:19,0.127,0.588,0,0,eGFP2
17628,23:01:19,0.083,0.479,0,0,eGFP2
17629,23:01:20,0.072,0.445,0,0,eGFP2
17630,23:01:20,0.074,0.491,0,0,eGFP2
17631,23:01:21,0.105,0.632,0,0,eGFP2
17632,23:01:21,0.106,0.534,0,0,eGFP2
17633,23:01:22,0.096,0.502,0,0,eGFP2
17634,23:01:22,0.083,0.511,0,0,eGFP2
17635,23:01:23,0.094,0.522,0,0,eGFP2
17636,23:01:24,0.084,0.512,0,0,eGFP2
17637,23:01:24,0.094,0.709,0,0,eGFP2
17638,23:01:25,0.116,0.742,0,0,eGFP2
17639,23:01:26,0.127,0.632,0,0,eGFP2
17640,23:01:26,0.095,0.523,0,0,eGFP2
17641,23:01:27,0.096,0.491,0,0,eGFP2
17642,23:01:27,0.083,0.500,0,0,eGFP2
17643,23:01:28,0.085,0.623,0,0,eGFP2
17644,23:01:29,0.150,0.874,0,0,eGFP2
17645,23:01:30,0.171,1.236,0,0,eGFP2
17646,23:01:31,0.138,0.874,0,0,eGFP2
17647,23:01:32,0.314,1.126,0,0,eGFP2
17648,23:01:32,0.105,0.566,0,0,eGFP2
17649,23:01:33,0.085,0.524,0,0,eGFP2
17650,23:01:34,0.117,0.644,0,0,eGFP2
17651,23:01:34,0.094,0.566,0,0,eGFP2
17652,23:01:35,0.095,0.512,0,0,eGFP2
17653,23:01:35,0.084,0.512,0,0,eGFP2
17654,23:01:36,0.094,0.478,0,0,eGFP2
17655,23:01:36,0.084,0.457,0,0,eGFP2
17656,23:01:37,0.084,0.578,0,0,eGFP2
17657,23:01:37,0.120,0.602,0,0,eGFP2
17658,23:01:38,0.095,0.534,0,0,eGFP2
17659,23:01:38,0.095,0.611,0,0,eGFP2
17660,23:01:39,0.094,0.522,0,0,eGFP2
17661,23:01:39,0.084,0.468,0,0,eGFP2
17662,23:01:40,0.084,0.501,0,0,eGFP2
17663,23:01:40,0.095,0.556,0,0,eGFP2
17664,23:01:41,0.116,0.687,0,0,eGFP2
17665,23:01:42,0.118,0.711,0,0,eGFP2
17666,23:01:43,0.128,0.655,0,0,eGFP2
17667,23:01:43,0.105,0.643,0,0,eGFP2
17668,23:01:44,0.095,0.545,0,0,eGFP2
17669,23:01:44,0.095,0.534,0,0,eGFP2
17670,23:01:45,0.085,0.546,0,0,eGFP2
17671,23:01:46,0.106,0.731,0,0,eGFP2
17672,23:01:46,0.139,0.666,0,0,eGFP2
17673,23:01:47,0.108,0.612,0,0,eGFP2
17674,23:01:48,0.117,0.699,0,0,eGFP2
17675,23:01:48,0.095,0.534,0,0,eGFP2
17676,23:01:49,0.095,0.643,0,0,eGFP2
17677,23:01:50,0.128,0.830,0,0,eGFP2
17678,23:01:50,0.128,0.655,0,0,eGFP2
17679,23:01:51,0.106,0.567,0,0,eGFP2
17680,23:01:51,0.099,0.538,0,0,eGFP2
17681,23:01:52,0.107,0.722,0,0,eGFP2
17682,23:01:53,0.127,0.708,0,0,eGFP2
17683,23:01:53,0.117,0.577,0,0,eGFP2
17684,23:01:54,0.085,0.458,0,0,eGFP2
17685,23:01:54,0.084,0.468,0,0,eGFP2
17686,23:01:55,0.105,0.741,0,0,eGFP2
17687,23:01:56,0.150,0.830,0,0,eGFP2
17688,23:01:57,0.127,0.742,0,0,eGFP2
17689,23:01:57,0.107,0.589,0,0,eGFP2
17690,23:01:58,0.095,0.556,0,0,eGFP2
17691,23:01:58,0.094,0.599,0,0,eGFP2
17692,23:01:59,0.127,1.181,0,0,eGFP2
17693,23:02:00,0.237,0.950,0,0,eGFP2
17694,23:02:01,0.116,0.632,0,0,eGFP2
17695,23:02:02,0.105,0.753,0,0,eGFP2
17696,23:02:03,0.149,0.753,0,0,eGFP2
17697,23:02:03,0.118,0.567,0,0,eGFP2
17698,23:02:04,0.085,0.481,0,0,eGFP2
17699,23:02:04,0.094,0.544,0,0,eGFP2
17700,23:02:05,0.105,0.599,0,0,eGFP2
17701,23:02:05,0.095,0.512,0,0,eGFP2
17702,23:02:06,0.083,0.511,0,0,eGFP2
17703,23:02:06,0.105,0.577,0,0,eGFP2
17704,23:02:07,0.084,0.479,0,0,eGFP2
17705,23:02:08,0.094,0.709,0,0,eGFP2
17706,23:02:08,0.140,0.689,0,0,eGFP2
17707,23:02:09,0.116,0.577,0,0,eGFP2
17708,23:02:09,0.094,0.500,0,0,eGFP2
17709,23:02:10,0.084,0.655,0,0,eGFP2
17710,23:02:11,0.149,0.862,0,0,eGFP2
17711,23:02:11,0.119,0.612,0,0,eGFP2
17712,23:02:12,0.084,0.501,0,0,eGFP2
17713,23:02:12,0.095,0.501,0,0,eGFP2
17714,23:02:13,0.085,0.524,0,0,eGFP2
17715,23:02:14,0.094,0.577,0,0,eGFP2
17716,23:02:14,0.095,0.523,0,0,eGFP2
17717,23:02:15,0.083,0.489,0,0,eGFP2
17718,23:02:15,0.084,0.589,0,0,eGFP2
17719,23:02:16,0.128,0.797,0,0,eGFP2
17720,23:02:17,0.129,0.689,0,0,eGFP2
17721,23:02:17,0.116,0.588,0,0,eGFP2
17722,23:02:18,0.086,0.503,0,0,eGFP2
17723,23:02:18,0.083,0.555,0,0,eGFP2
17724,23:02:19,0.119,0.744,0,0,eGFP2
17725,23:02:20,0.128,0.677,0,0,eGFP2
17726,23:02:20,0.105,0.709,0,0,eGFP2
17727,23:02:21,0.127,0.654,0,0,eGFP2
17728,23:02:22,0.095,0.633,0,0,eGFP2
17729,23:02:22,0.138,0.797,0,0,eGFP2
17730,23:02:23,0.107,0.623,0,0,eGFP2
17731,23:02:24,0.095,0.534,0,0,eGFP2
17732,23:02:24,0.084,0.501,0,0,eGFP2
17733,23:02:25,0.083,0.621,0,0,eGFP2
17734,23:02:25,0.106,0.556,0,0,eGFP2
17735,23:02:26,0.084,0.512,0,0,eGFP2
17736,23:02:26,0.095,0.566,0,0,eGFP2
17737,23:02:27,0.117,0.677,0,0,eGFP2
17738,23:02:28,0.109,0.702,0,0,eGFP2
17739,23:02:28,0.128,0.698,0,0,eGFP2
17740,23:02:29,0.117,0.732,0,0,eGFP2
17741,23:02:30,0.138,0.643,0,0,eGFP2
17742,23:02:30,0.095,0.523,0,0,eGFP2
17743,23:02:31,0.089,0.627,0,0,eGFP2
17744,23:02:32,0.127,0.818,0,0,eGFP2
17745,23:02:33,0.160,0.720,0,0,eGFP2
17746,23:02:33,0.106,0.655,0,0,eGFP2
17747,23:02:34,0.127,0.709,0,0,eGFP2
17748,23:02:34,0.105,0.566,0,0,eGFP2
17749,23:02:35,0.116,0.797,0,0,eGFP2
17750,23:02:36,0.127,0.697,0,0,eGFP2
17751,23:02:37,0.118,0.645,0,0,eGFP2
17752,23:02:37,0.094,0.522,0,0,eGFP2
17753,23:02:38,0.083,0.478,0,0,eGFP2
17754,23:02:38,0.085,0.700,0,0,eGFP2
17755,23:02:39,0.138,0.840,0,0,eGFP2
17756,23:02:40,0.139,0.654,0,0,eGFP2
17757,23:02:40,0.095,0.534,0,0,eGFP2
17758,23:02:41,0.083,0.478,0,0,eGFP2
17759,23:02:41,0.072,0.489,0,0,eGFP2
17760,23:02:42,0.106,0.797,0,0,eGFP2
17761,23:02:43,0.149,0.830,0,0,eGFP2
17762,23:02:44,0.127,0.632,0,0,eGFP2
17763,23:02:44,0.096,0.491,0,0,eGFP2
17764,23:02:45,0.083,0.489,0,0,eGFP2
17765,23:02:53,0.107,8.711,0,0,eGFP2
17766,23:02:54,0.182,0.819,0,0,eGFP2
17767,23:02:55,0.138,0.708,0,0,eGFP2
17768,23:02:55,0.106,0.589,0,0,eGFP2
17769,23:02:56,0.105,0.676,0,0,eGFP2
17770,23:02:57,0.149,0.873,0,0,eGFP2
17771,23:02:57,0.118,0.601,0,0,eGFP2
17772,23:02:58,0.095,0.545,0,0,eGFP2
17773,23:02:59,0.094,0.511,0,0,eGFP2
17774,23:02:59,0.095,0.567,0,0,eGFP2
17775,23:03:00,0.094,0.500,0,0,eGFP2
17776,23:03:00,0.073,0.457,0,0,eGFP2
17777,23:03:01,0.083,0.588,0,0,eGFP2
17778,23:03:01,0.107,0.546,0,0,eGFP2
17779,23:03:02,0.085,0.557,0,0,eGFP2
17780,23:03:02,0.117,0.687,0,0,eGFP2
17781,23:03:03,0.106,0.589,0,0,eGFP2
17782,23:03:04,0.083,0.533,0,0,eGFP2
17783,23:03:04,0.095,0.600,0,0,eGFP2
17784,23:03:05,0.116,0.621,0,0,eGFP2
17785,23:03:05,0.106,0.600,0,0,eGFP2
17786,23:03:06,0.094,0.511,0,0,eGFP2
17787,23:03:06,0.097,0.525,0,0,eGFP2
17788,23:03:07,0.094,0.555,0,0,eGFP2
17789,23:03:08,0.095,0.578,0,0,eGFP2
17790,23:03:08,0.094,0.522,0,0,eGFP2
17791,23:03:09,0.106,0.578,0,0,eGFP2
17792,23:03:09,0.096,0.535,0,0,eGFP2
17793,23:03:10,0.084,0.512,0,0,eGFP2
17794,23:03:10,0.095,0.578,0,0,eGFP2
17795,23:03:11,0.129,0.732,0,0,eGFP2
17796,23:03:12,0.117,0.600,0,0,eGFP2
17797,23:03:12,0.084,0.512,0,0,eGFP2
17798,23:03:13,0.095,0.566,0,0,eGFP2
17799,23:03:13,0.095,0.523,0,0,eGFP2
17800,23:03:14,0.084,0.479,0,0,eGFP2
17801,23:03:14,0.084,0.567,0,0,eGFP2
17802,23:03:15,0.117,0.687,0,0,eGFP2
17803,23:03:15,0.097,0.525,0,0,eGFP2
17804,23:03:16,0.084,0.479,0,0,eGFP2
17805,23:03:17,0.085,0.546,0,0,eGFP2
17806,23:03:17,0.139,0.808,0,0,eGFP2
17807,23:03:18,0.111,0.593,0,0,eGFP2
17808,23:03:18,0.095,0.512,0,0,eGFP2
17809,23:03:19,0.094,0.500,0,0,eGFP2
17810,23:03:19,0.083,0.566,0,0,eGFP2
17811,23:03:20,0.139,0.765,0,0,eGFP2
17812,23:03:21,0.116,0.610,0,0,eGFP2
17813,23:03:21,0.083,0.511,0,0,eGFP2
17814,23:03:22,0.094,0.698,0,0,eGFP2
17815,23:03:23,0.116,0.599,0,0,eGFP2
17816,23:03:23,0.094,0.533,0,0,eGFP2
17817,23:03:24,0.083,0.489,0,0,eGFP2
17818,23:03:24,0.084,0.523,0,0,eGFP2
17819,23:03:25,0.103,0.707,0,0,eGFP2
17820,23:03:26,0.115,0.620,0,0,eGFP2
17821,23:03:26,0.105,0.676,0,0,eGFP2
17822,23:03:27,0.116,0.632,0,0,eGFP2
17823,23:03:27,0.094,0.533,0,0,eGFP2
17824,23:03:28,0.094,0.588,0,0,eGFP2
17825,23:03:29,0.128,0.742,0,0,eGFP2
17826,23:03:29,0.105,0.632,0,0,eGFP2
17827,23:03:30,0.128,0.687,0,0,eGFP2
17828,23:03:31,0.107,0.557,0,0,eGFP2
17829,23:03:31,0.084,0.599,0,0,eGFP2
17830,23:03:32,0.117,0.644,0,0,eGFP2
17831,23:03:32,0.094,0.511,0,0,eGFP2
17832,23:03:33,0.085,0.513,0,0,eGFP2
17833,23:03:34,0.117,0.709,0,0,eGFP2
17834,23:03:34,0.106,0.589,0,0,eGFP2
17835,23:03:35,0.105,0.731,0,0,eGFP2
17836,23:03:35,0.118,0.611,0,0,eGFP2
17837,23:03:36,0.106,0.633,0,0,eGFP2
17838,23:03:37,0.105,0.566,0,0,eGFP2
17839,23:03:37,0.106,0.709,0,0,eGFP2
17840,23:03:38,0.128,0.654,0,0,eGFP2
17841,23:03:39,0.095,0.600,0,0,eGFP2
17842,23:03:39,0.105,0.577,0,0,eGFP2
17843,23:03:40,0.106,0.578,0,0,eGFP2
17844,23:03:40,0.096,0.579,0,0,eGFP2
17845,23:03:41,0.140,0.864,0,0,eGFP2
17846,23:03:42,0.117,0.622,0,0,eGFP2
17847,23:03:42,0.094,0.577,0,0,eGFP2
17848,23:03:43,0.117,0.600,0,0,eGFP2
17849,23:03:44,0.094,0.632,0,0,eGFP2
17850,23:03:44,0.128,0.632,0,0,eGFP2
17851,23:03:45,0.084,0.512,0,0,eGFP2
17852,23:03:45,0.096,0.612,0,0,eGFP2
17853,23:03:46,0.139,0.731,0,0,eGFP2
17854,23:03:47,0.106,0.655,0,0,eGFP2
17855,23:03:47,0.106,0.534,0,0,eGFP2
17856,23:03:48,0.105,0.753,0,0,eGFP2
17857,23:03:49,0.150,0.698,0,0,eGFP2
17858,23:03:50,0.117,0.786,0,0,eGFP2
17859,23:03:50,0.141,0.810,0,0,eGFP2
17860,23:03:51,0.144,0.671,0,0,eGFP2
17861,23:03:52,0.106,0.676,0,0,eGFP2
17862,23:03:53,0.150,0.765,0,0,eGFP2
17863,23:03:53,0.116,0.742,0,0,eGFP2
17864,23:03:54,0.106,0.676,0,0,eGFP2
17865,23:03:55,0.128,0.633,0,0,eGFP2
17866,23:03:55,0.084,0.523,0,0,eGFP2
17867,23:03:56,0.095,0.655,0,0,eGFP2
17868,23:03:57,0.151,0.810,0,0,eGFP2
17869,23:03:57,0.111,0.693,0,0,eGFP2
17870,23:03:58,0.116,0.610,0,0,eGFP2
17871,23:03:58,0.094,0.544,0,0,eGFP2
17872,23:03:59,0.096,0.568,0,0,eGFP2
17873,23:04:00,0.116,1.126,0,0,eGFP2
17874,23:04:01,0.215,0.972,0,0,eGFP2
17875,23:04:02,0.160,0.829,0,0,eGFP2
17876,23:04:03,0.118,0.689,0,0,eGFP2
17877,23:04:03,0.116,0.610,0,0,eGFP2
17878,23:04:04,0.083,0.577,0,0,eGFP2
17879,23:04:05,0.116,0.753,0,0,eGFP2
17880,23:04:05,0.138,0.720,0,0,eGFP2
17881,23:04:06,0.127,0.687,0,0,eGFP2
17882,23:04:07,0.116,0.610,0,0,eGFP2
17883,23:04:07,0.105,0.522,0,0,eGFP2
17884,23:04:08,0.084,0.599,0,0,eGFP2
17885,23:04:08,0.151,0.788,0,0,eGFP2
17886,23:04:09,0.118,0.677,0,0,eGFP2
17887,23:04:10,0.106,0.556,0,0,eGFP2
17888,23:04:10,0.105,0.632,0,0,eGFP2
17889,23:04:11,0.116,0.687,0,0,eGFP2
17890,23:04:12,0.105,0.577,0,0,eGFP2
17891,23:04:12,0.095,0.523,0,0,eGFP2
17892,23:04:13,0.105,0.917,0,0,eGFP2
17893,23:04:14,0.173,0.810,0,0,eGFP2
17894,23:04:15,0.138,0.785,0,0,eGFP2
17895,23:04:15,0.106,0.622,0,0,eGFP2
17896,23:04:16,0.105,0.709,0,0,eGFP2
17897,23:04:17,0.160,0.862,0,0,eGFP2
17898,23:04:18,0.117,0.753,0,0,eGFP2
17899,23:04:18,0.152,0.810,0,0,eGFP2
17900,23:04:19,0.127,0.621,0,0,eGFP2
17901,23:04:20,0.097,0.546,0,0,eGFP2
17902,23:04:20,0.117,0.600,0,0,eGFP2
17903,23:04:21,0.094,0.501,0,0,eGFP2
17904,23:04:21,0.083,0.632,0,0,eGFP2
17905,23:04:22,0.149,0.731,0,0,eGFP2
17906,23:04:23,0.106,0.654,0,0,eGFP2
17907,23:04:23,0.106,0.567,0,0,eGFP2
17908,23:04:24,0.084,0.490,0,0,eGFP2
17909,23:04:24,0.085,0.678,0,0,eGFP2
17910,23:04:25,0.149,0.851,0,0,eGFP2
17911,23:04:26,0.117,0.732,0,0,eGFP2
17912,23:04:27,0.105,0.643,0,0,eGFP2
17913,23:04:27,0.096,0.568,0,0,eGFP2
17914,23:04:28,0.095,0.545,0,0,eGFP2
17915,23:04:28,0.095,0.610,0,0,eGFP2
17916,23:04:29,0.117,0.743,0,0,eGFP2
17917,23:04:30,0.118,0.645,0,0,eGFP2
17918,23:04:30,0.095,0.523,0,0,eGFP2
17919,23:04:31,0.083,0.632,0,0,eGFP2
17920,23:04:32,0.150,0.764,0,0,eGFP2
17921,23:04:32,0.106,0.611,0,0,eGFP2
17922,23:04:33,0.095,0.632,0,0,eGFP2
17923,23:04:34,0.117,0.622,0,0,eGFP2
17924,23:04:34,0.095,0.622,0,0,eGFP2
17925,23:04:35,0.140,0.799,0,0,eGFP2
17926,23:04:36,0.129,0.612,0,0,eGFP2
17927,23:04:36,0.084,0.501,0,0,eGFP2
17928,23:04:37,0.084,0.621,0,0,eGFP2
17929,23:04:37,0.161,0.798,0,0,eGFP2
17930,23:04:38,0.117,0.632,0,0,eGFP2
17931,23:04:39,0.095,0.567,0,0,eGFP2
17932,23:04:39,0.084,0.523,0,0,eGFP2
17933,23:04:40,0.101,0.650,0,0,eGFP2
17934,23:04:41,0.127,0.764,0,0,eGFP2
17935,23:04:41,0.116,0.643,0,0,eGFP2
17936,23:04:42,0.105,0.599,0,0,eGFP2
17937,23:04:42,0.105,0.642,0,0,eGFP2
17938,23:04:43,0.139,0.984,0,0,eGFP2
17939,23:04:44,0.160,0.752,0,0,eGFP2
17940,23:04:45,0.096,0.568,0,0,eGFP2
17941,23:04:45,0.096,0.557,0,0,eGFP2
17942,23:04:46,0.094,0.544,0,0,eGFP2
17943,23:04:47,0.105,0.742,0,0,eGFP2
17944,23:04:47,0.138,0.665,0,0,eGFP2
17945,23:04:48,0.094,0.533,0,0,eGFP2
17946,23:04:48,0.094,0.511,0,0,eGFP2
17947,23:04:49,0.094,0.599,0,0,eGFP2
17948,23:04:50,0.117,0.764,0,0,eGFP2
17949,23:04:50,0.127,0.610,0,0,eGFP2
17950,23:04:51,0.085,0.524,0,0,eGFP2
17951,23:04:52,0.105,0.753,0,0,eGFP2
17952,23:04:52,0.138,0.643,0,0,eGFP2
17953,23:04:53,0.096,0.579,0,0,eGFP2
17954,23:04:53,0.094,0.555,0,0,eGFP2
17955,23:04:54,0.095,0.578,0,0,eGFP2
17956,23:04:55,0.116,0.753,0,0,eGFP2
17957,23:04:56,0.182,0.917,0,0,eGFP2
17958,23:04:56,0.140,0.700,0,0,eGFP2
17959,23:04:57,0.095,0.544,0,0,eGFP2
17960,23:04:57,0.095,0.523,0,0,eGFP2
17961,23:04:58,0.095,0.534,0,0,eGFP2
17962,23:04:59,0.105,0.709,0,0,eGFP2
17963,23:04:59,0.138,0.764,0,0,eGFP2
17964,23:05:00,0.105,0.632,0,0,eGFP2
17965,23:05:01,0.117,0.753,0,0,eGFP2
17966,23:05:02,0.129,0.766,0,0,eGFP2
17967,23:05:02,0.107,0.590,0,0,eGFP2
17968,23:05:03,0.106,0.567,0,0,eGFP2
17969,23:05:03,0.105,0.753,0,0,eGFP2
17970,23:05:04,0.116,0.610,0,0,eGFP2
17971,23:05:05,0.095,0.687,0,0,eGFP2
17972,23:05:05,0.128,0.655,0,0,eGFP2
17973,23:05:06,0.094,0.511,0,0,eGFP2
17974,23:05:06,0.086,0.514,0,0,eGFP2
17975,23:05:07,0.105,0.797,0,0,eGFP2
17976,23:05:08,0.127,0.643,0,0,eGFP2
17977,23:05:08,0.095,0.610,0,0,eGFP2
17978,23:05:09,0.106,0.622,0,0,eGFP2
17979,23:05:10,0.106,0.643,0,0,eGFP2
17980,23:05:11,0.119,0.799,0,0,eGFP2
17981,23:05:11,0.139,0.764,0,0,eGFP2
17982,23:05:12,0.141,0.832,0,0,eGFP2
17983,23:05:13,0.139,0.699,0,0,eGFP2
17984,23:05:14,0.138,0.676,0,0,eGFP2
17985,23:05:14,0.117,0.666,0,0,eGFP2
17986,23:05:53,0.127,38.767,0,0,eGFP2
17987,23:05:54,0.292,0.940,0,0,eGFP2
17988,23:05:55,0.106,0.632,0,0,eGFP2
17989,23:05:55,0.095,0.534,0,0,eGFP2
17990,23:05:56,0.097,0.624,0,0,eGFP2
17991,23:05:56,0.106,0.577,0,0,eGFP2
17992,23:05:57,0.095,0.556,0,0,eGFP2
17993,23:05:57,0.084,0.545,0,0,eGFP2
17994,23:05:58,0.097,0.547,0,0,eGFP2
17995,23:05:58,0.095,0.578,0,0,eGFP2
17996,23:05:59,0.122,0.693,0,0,eGFP2
17997,23:06:00,0.116,0.653,0,0,eGFP2
17998,23:06:00,0.085,0.568,0,0,eGFP2
17999,23:06:01,0.105,0.632,0,0,eGFP2
18000,23:06:03,0.105,1.741,0,0,eGFP2
18001,23:06:04,0.193,0.829,0,0,eGFP2
18002,23:06:04,0.105,0.566,0,0,eGFP2
18003,23:06:05,0.084,0.490,0,0,eGFP2
18004,23:06:05,0.083,0.500,0,0,eGFP2
18005,23:06:06,0.083,0.500,0,0,eGFP2
18006,23:06:06,0.085,0.535,0,0,eGFP2
18007,23:06:07,0.096,0.546,0,0,eGFP2
18008,23:06:07,0.094,0.533,0,0,eGFP2
18009,23:06:08,0.084,0.523,0,0,eGFP2
18010,23:06:08,0.105,0.588,0,0,eGFP2
18011,23:06:09,0.094,0.500,0,0,eGFP2
18012,23:06:09,0.084,0.556,0,0,eGFP2
18013,23:06:10,0.138,0.774,0,0,eGFP2
18014,23:06:11,0.106,0.578,0,0,eGFP2
18015,23:06:11,0.085,0.502,0,0,eGFP2
18016,23:06:12,0.094,0.632,0,0,eGFP2
18017,23:06:13,0.127,0.665,0,0,eGFP2
18018,23:06:13,0.095,0.523,0,0,eGFP2
18019,23:06:14,0.094,0.533,0,0,eGFP2
18020,23:06:14,0.095,0.534,0,0,eGFP2
18021,23:06:15,0.085,0.480,0,0,eGFP2
18022,23:06:15,0.072,0.467,0,0,eGFP2
18023,23:06:16,0.086,0.678,0,0,eGFP2
18024,23:06:17,0.139,0.742,0,0,eGFP2
18025,23:06:17,0.106,0.633,0,0,eGFP2
18026,23:06:18,0.116,0.676,0,0,eGFP2
18027,23:06:19,0.127,0.731,0,0,eGFP2
18028,23:06:19,0.105,0.610,0,0,eGFP2
18029,23:06:20,0.106,0.545,0,0,eGFP2
18030,23:06:20,0.094,0.544,0,0,eGFP2
18031,23:06:21,0.097,0.722,0,0,eGFP2
18032,23:06:22,0.128,0.687,0,0,eGFP2
18033,23:06:22,0.128,0.633,0,0,eGFP2
18034,23:06:23,0.107,0.612,0,0,eGFP2
18035,23:06:24,0.106,0.589,0,0,eGFP2
18036,23:06:24,0.094,0.544,0,0,eGFP2
18037,23:06:25,0.095,0.589,0,0,eGFP2
18038,23:06:25,0.105,0.610,0,0,eGFP2
18039,23:06:26,0.097,0.558,0,0,eGFP2
18040,23:06:26,0.083,0.566,0,0,eGFP2
18041,23:06:27,0.117,0.753,0,0,eGFP2
18042,23:06:28,0.128,0.633,0,0,eGFP2
18043,23:06:28,0.095,0.544,0,0,eGFP2
18044,23:06:29,0.103,0.685,0,0,eGFP2
18045,23:06:30,0.105,0.577,0,0,eGFP2
18046,23:06:30,0.083,0.511,0,0,eGFP2
18047,23:06:31,0.096,0.601,0,0,eGFP2
18048,23:06:31,0.118,0.677,0,0,eGFP2
18049,23:06:32,0.105,0.566,0,0,eGFP2
18050,23:06:33,0.095,0.852,0,0,eGFP2
18051,23:06:33,0.138,0.654,0,0,eGFP2
18052,23:06:34,0.094,0.632,0,0,eGFP2
18053,23:06:35,0.127,0.752,0,0,eGFP2
18054,23:06:35,0.106,0.599,0,0,eGFP2
18055,23:06:36,0.085,0.502,0,0,eGFP2
18056,23:06:36,0.084,0.544,0,0,eGFP2
18057,23:06:37,0.128,0.764,0,0,eGFP2
18058,23:06:38,0.105,0.566,0,0,eGFP2
18059,23:06:38,0.095,0.556,0,0,eGFP2
18060,23:06:39,0.105,0.687,0,0,eGFP2
18061,23:06:40,0.128,0.710,0,0,eGFP2
18062,23:06:41,0.127,0.764,0,0,eGFP2
18063,23:06:41,0.140,0.754,0,0,eGFP2
18064,23:06:42,0.128,0.698,0,0,eGFP2
18065,23:06:43,0.117,0.731,0,0,eGFP2
18066,23:06:43,0.116,0.621,0,0,eGFP2
18067,23:06:44,0.106,0.621,0,0,eGFP2
18068,23:06:45,0.106,0.731,0,0,eGFP2
18069,23:06:45,0.117,0.819,0,0,eGFP2
18070,23:06:46,0.138,0.720,0,0,eGFP2
18071,23:06:47,0.129,0.744,0,0,eGFP2
18072,23:06:48,0.127,0.720,0,0,eGFP2
18073,23:06:48,0.116,0.654,0,0,eGFP2
18074,23:06:49,0.107,0.557,0,0,eGFP2
18075,23:06:49,0.083,0.555,0,0,eGFP2
18076,23:06:50,0.128,0.731,0,0,eGFP2
18077,23:06:51,0.139,0.698,0,0,eGFP2
18078,23:06:52,0.117,0.720,0,0,eGFP2
18079,23:06:52,0.117,0.709,0,0,eGFP2
18080,23:06:53,0.119,0.667,0,0,eGFP2
18081,23:06:54,0.128,0.731,0,0,eGFP2
18082,23:06:54,0.128,0.786,0,0,eGFP2
18083,23:06:55,0.106,0.611,0,0,eGFP2
18084,23:06:56,0.116,0.764,0,0,eGFP2
18085,23:06:56,0.105,0.610,0,0,eGFP2
18086,23:06:57,0.117,0.654,0,0,eGFP2
18087,23:06:58,0.117,0.764,0,0,eGFP2
18088,23:06:59,0.131,0.812,0,0,eGFP2
18089,23:06:59,0.149,0.797,0,0,eGFP2
18090,23:07:00,0.116,0.797,0,0,eGFP2
18091,23:07:01,0.105,0.588,0,0,eGFP2
18092,23:07:02,0.106,0.721,0,0,eGFP2
18093,23:07:02,0.138,0.687,0,0,eGFP2
18094,23:07:03,0.106,0.709,0,0,eGFP2
18095,23:07:04,0.117,0.633,0,0,eGFP2
18096,23:07:04,0.107,0.755,0,0,eGFP2
18097,23:07:05,0.116,0.621,0,0,eGFP2
18098,23:07:06,0.106,0.698,0,0,eGFP2
18099,23:07:06,0.117,0.688,0,0,eGFP2
18100,23:07:07,0.117,0.830,0,0,eGFP2
18101,23:07:08,0.118,0.667,0,0,eGFP2
18102,23:07:09,0.128,0.720,0,0,eGFP2
18103,23:07:09,0.128,0.644,0,0,eGFP2
18104,23:07:10,0.096,0.579,0,0,eGFP2
18105,23:07:11,0.128,0.743,0,0,eGFP2
18106,23:07:11,0.138,0.665,0,0,eGFP2
18107,23:07:12,0.100,0.605,0,0,eGFP2
18108,23:07:12,0.094,0.566,0,0,eGFP2
18109,23:07:13,0.105,0.785,0,0,eGFP2
18110,23:07:14,0.149,0.819,0,0,eGFP2
18111,23:07:15,0.160,0.774,0,0,eGFP2
18112,23:07:15,0.118,0.623,0,0,eGFP2
18113,23:07:16,0.105,0.621,0,0,eGFP2
18114,23:07:17,0.116,0.643,0,0,eGFP2
18115,23:07:17,0.107,0.743,0,0,eGFP2
18116,23:07:18,0.204,1.027,0,0,eGFP2
18117,23:07:19,0.150,0.720,0,0,eGFP2
18118,23:07:20,0.105,0.654,0,0,eGFP2
18119,23:07:21,0.116,0.698,0,0,eGFP2
18120,23:07:21,0.151,0.810,0,0,eGFP2
18121,23:07:22,0.116,0.632,0,0,eGFP2
18122,23:07:23,0.105,0.566,0,0,eGFP2
18123,23:07:23,0.105,0.720,0,0,eGFP2
18124,23:07:24,0.127,0.654,0,0,eGFP2
18125,23:07:25,0.105,0.687,0,0,eGFP2
18126,23:07:25,0.149,0.785,0,0,eGFP2
18127,23:07:26,0.117,0.698,0,0,eGFP2
18128,23:07:27,0.109,0.614,0,0,eGFP2
18129,23:07:27,0.094,0.555,0,0,eGFP2
18130,23:07:28,0.094,0.555,0,0,eGFP2
18131,23:07:28,0.106,0.578,0,0,eGFP2
18132,23:07:29,0.105,0.709,0,0,eGFP2
18133,23:07:30,0.138,0.687,0,0,eGFP2
18134,23:07:30,0.105,0.610,0,0,eGFP2
18135,23:07:31,0.117,0.632,0,0,eGFP2
18136,23:07:32,0.108,0.645,0,0,eGFP2
18137,23:07:32,0.128,0.720,0,0,eGFP2
18138,23:07:33,0.139,0.885,0,0,eGFP2
18139,23:07:34,0.139,0.698,0,0,eGFP2
18140,23:07:35,0.106,0.600,0,0,eGFP2
18141,23:07:35,0.116,0.676,0,0,eGFP2
18142,23:07:36,0.107,0.722,0,0,eGFP2
18143,23:07:37,0.138,0.709,0,0,eGFP2
18144,23:07:37,0.094,0.632,0,0,eGFP2
18145,23:07:38,0.129,0.700,0,0,eGFP2
18146,23:07:39,0.106,0.567,0,0,eGFP2
18147,23:07:39,0.105,0.654,0,0,eGFP2
18148,23:07:40,0.106,0.665,0,0,eGFP2
18149,23:07:40,0.106,0.567,0,0,eGFP2
18150,23:07:41,0.095,0.556,0,0,eGFP2
18151,23:07:42,0.105,0.643,0,0,eGFP2
18152,23:07:42,0.128,0.643,0,0,eGFP2
18153,23:07:43,0.097,0.514,0,0,eGFP2
18154,23:07:43,0.095,0.534,0,0,eGFP2
18155,23:07:44,0.096,0.678,0,0,eGFP2
18156,23:07:45,0.149,0.753,0,0,eGFP2
18157,23:07:46,0.139,0.764,0,0,eGFP2
18158,23:07:46,0.106,0.578,0,0,eGFP2
18159,23:07:47,0.106,0.720,0,0,eGFP2
18160,23:07:48,0.139,0.753,0,0,eGFP2
18161,23:07:48,0.108,0.580,0,0,eGFP2
18162,23:07:49,0.095,0.501,0,0,eGFP2
18163,23:07:49,0.084,0.533,0,0,eGFP2
18164,23:07:50,0.106,0.644,0,0,eGFP2
18165,23:07:50,0.106,0.611,0,0,eGFP2
18166,23:07:51,0.106,0.621,0,0,eGFP2
18167,23:07:52,0.117,0.666,0,0,eGFP2
18168,23:07:52,0.117,0.655,0,0,eGFP2
18169,23:07:53,0.109,0.570,0,0,eGFP2
18170,23:07:54,0.106,0.742,0,0,eGFP2
18171,23:07:55,0.144,0.824,0,0,eGFP2
18172,23:07:55,0.128,0.764,0,0,eGFP2
18173,23:07:56,0.116,0.599,0,0,eGFP2
18174,23:07:56,0.083,0.500,0,0,eGFP2
18175,23:07:57,0.084,0.665,0,0,eGFP2
18176,23:08:00,0.149,2.805,0,0,eGFP2
18177,23:10:08,126.776,128.005,0,0,eGFP2
18178,23:10:09,0.160,0.797,0,0,eGFP2
18179,23:10:09,0.105,0.632,0,0,eGFP2
18180,23:10:10,0.127,0.753,0,0,eGFP2
18181,23:10:11,0.116,0.676,0,0,eGFP2
18182,23:10:11,0.095,0.567,0,0,eGFP2
18183,23:10:12,0.106,0.654,0,0,eGFP2
18184,23:10:13,0.106,0.567,0,0,eGFP2
18185,23:10:13,0.095,0.545,0,0,eGFP2
18186,23:10:14,0.106,0.654,0,0,eGFP2
18187,23:10:14,0.117,0.687,0,0,eGFP2
18188,23:10:15,0.128,0.720,0,0,eGFP2
18189,23:10:16,0.117,0.687,0,0,eGFP2
18190,23:10:16,0.095,0.534,0,0,eGFP2
18191,23:10:17,0.094,0.544,0,0,eGFP2
18192,23:10:18,0.105,0.896,0,0,eGFP2
18193,23:10:25,1.753,6.834,0,0,eGFP2
18194,23:10:26,0.171,1.093,0,0,eGFP2
18195,23:10:27,0.193,0.808,0,0,eGFP2
18196,23:10:27,0.118,0.611,0,0,eGFP2
18197,23:10:28,0.095,0.534,0,0,eGFP2
18198,23:10:28,0.094,0.489,0,0,eGFP2
18199,23:10:29,0.084,0.611,0,0,eGFP2
18200,23:10:29,0.105,0.566,0,0,eGFP2
18201,23:10:30,0.096,0.623,0,0,eGFP2
18202,23:10:30,0.106,0.534,0,0,eGFP2
18203,23:10:31,0.094,0.687,0,0,eGFP2
18204,23:10:32,0.138,0.654,0,0,eGFP2
18205,23:10:32,0.095,0.555,0,0,eGFP2
18206,23:10:33,0.095,0.556,0,0,eGFP2
18207,23:10:33,0.084,0.512,0,0,eGFP2
18208,23:10:34,0.083,0.533,0,0,eGFP2
18209,23:10:35,0.107,0.612,0,0,eGFP2
18210,23:10:35,0.096,0.503,0,0,eGFP2
18211,23:10:36,0.094,0.533,0,0,eGFP2
18212,23:10:36,0.106,0.742,0,0,eGFP2
18213,23:10:37,0.128,0.655,0,0,eGFP2
18214,23:10:38,0.094,0.544,0,0,eGFP2
18215,23:10:38,0.106,0.677,0,0,eGFP2
18216,23:10:39,0.116,0.599,0,0,eGFP2
18217,23:10:39,0.095,0.523,0,0,eGFP2
18218,23:10:40,0.096,0.579,0,0,eGFP2
18219,23:10:41,0.106,0.578,0,0,eGFP2
18220,23:10:42,0.127,1.247,0,0,eGFP2
18221,23:10:43,0.171,0.808,0,0,eGFP2
18222,23:10:43,0.138,0.676,0,0,eGFP2
18223,23:10:44,0.097,0.536,0,0,eGFP2
18224,23:10:44,0.094,0.522,0,0,eGFP2
18225,23:10:45,0.084,0.556,0,0,eGFP2
18226,23:10:45,0.097,0.558,0,0,eGFP2
18227,23:10:46,0.094,0.731,0,0,eGFP2
18228,23:10:47,0.117,0.600,0,0,eGFP2
18229,23:10:47,0.083,0.555,0,0,eGFP2
18230,23:10:48,0.106,0.688,0,0,eGFP2
18231,23:10:49,0.095,0.534,0,0,eGFP2
18232,23:10:49,0.084,0.523,0,0,eGFP2
18233,23:10:50,0.094,0.709,0,0,eGFP2
18234,23:10:51,0.178,0.968,0,0,eGFP2
18235,23:10:52,0.138,0.797,0,0,eGFP2
18236,23:10:52,0.128,0.699,0,0,eGFP2
18237,23:10:53,0.105,0.577,0,0,eGFP2
18238,23:10:53,0.094,0.511,0,0,eGFP2
18239,23:10:54,0.094,0.665,0,0,eGFP2
18240,23:10:55,0.259,0.621,0,0,eGFP2
18241,23:10:56,0.906,1.609,0,0,eGFP2
18242,23:10:57,0.128,0.622,0,0,eGFP2
18243,23:10:57,0.105,0.555,0,0,eGFP2
18244,23:10:58,0.095,0.523,0,0,eGFP2
18245,23:10:59,0.105,0.665,0,0,eGFP2
18246,23:10:59,0.105,0.555,0,0,eGFP2
18247,23:11:00,0.083,0.467,0,0,eGFP2
18248,23:11:00,0.083,0.632,0,0,eGFP2
18249,23:11:01,0.116,0.577,0,0,eGFP2
18250,23:11:01,0.087,0.471,0,0,eGFP2
18251,23:11:02,0.083,0.522,0,0,eGFP2
18252,23:11:02,0.095,0.523,0,0,eGFP2
18253,23:11:03,0.083,0.544,0,0,eGFP2
18254,23:11:04,0.116,0.698,0,0,eGFP2
18255,23:11:04,0.105,0.588,0,0,eGFP2
18256,23:11:05,0.116,0.742,0,0,eGFP2
18257,23:11:06,0.116,0.676,0,0,eGFP2
18258,23:11:06,0.107,0.645,0,0,eGFP2
18259,23:11:07,0.105,0.643,0,0,eGFP2
18260,23:11:07,0.116,0.610,0,0,eGFP2
18261,23:11:08,0.094,0.555,0,0,eGFP2
18262,23:11:09,0.106,0.578,0,0,eGFP2
18263,23:11:09,0.096,0.546,0,0,eGFP2
18264,23:11:10,0.105,0.643,0,0,eGFP2
18265,23:11:10,0.105,0.621,0,0,eGFP2
18266,23:11:11,0.107,0.601,0,0,eGFP2
18267,23:11:12,0.095,0.501,0,0,eGFP2
18268,23:11:12,0.094,0.610,0,0,eGFP2
18269,23:11:13,0.105,0.599,0,0,eGFP2
18270,23:11:13,0.095,0.534,0,0,eGFP2
18271,23:11:14,0.083,0.566,0,0,eGFP2
18272,23:11:14,0.095,0.589,0,0,eGFP2
18273,23:11:15,0.094,0.577,0,0,eGFP2
18274,23:11:16,0.095,0.556,0,0,eGFP2
18275,23:11:16,0.107,0.601,0,0,eGFP2
18276,23:11:17,0.096,0.535,0,0,eGFP2
18277,23:11:17,0.094,0.654,0,0,eGFP2
18278,23:11:18,0.139,0.775,0,0,eGFP2
18279,23:11:19,0.106,0.589,0,0,eGFP2
18280,23:11:19,0.094,0.511,0,0,eGFP2
18281,23:11:20,0.084,0.490,0,0,eGFP2
18282,23:11:20,0.084,0.611,0,0,eGFP2
18283,23:11:21,0.151,0.787,0,0,eGFP2
18284,23:11:22,0.128,0.742,0,0,eGFP2
18285,23:11:22,0.128,0.622,0,0,eGFP2
18286,23:11:23,0.095,0.501,0,0,eGFP2
18287,23:11:23,0.084,0.533,0,0,eGFP2
18288,23:11:24,0.095,0.600,0,0,eGFP2
18289,23:11:25,0.106,0.545,0,0,eGFP2
18290,23:11:25,0.085,0.546,0,0,eGFP2
18291,23:11:26,0.119,0.777,0,0,eGFP2
18292,23:11:27,0.117,0.687,0,0,eGFP2
18293,23:11:27,0.117,0.600,0,0,eGFP2
18294,23:11:28,0.084,0.501,0,0,eGFP2
18295,23:11:28,0.073,0.468,0,0,eGFP2
18296,23:11:29,0.084,0.600,0,0,eGFP2
18297,23:11:30,0.160,0.830,0,0,eGFP2
18298,23:11:30,0.110,0.648,0,0,eGFP2
18299,23:11:31,0.106,0.589,0,0,eGFP2
18300,23:11:31,0.094,0.566,0,0,eGFP2
18301,23:11:32,0.105,0.742,0,0,eGFP2
18302,23:11:34,0.226,1.433,0,0,eGFP2
18303,23:11:34,0.128,0.644,0,0,eGFP2
18304,23:11:35,0.083,0.467,0,0,eGFP2
18305,23:11:35,0.084,0.479,0,0,eGFP2
18306,23:11:36,0.083,0.566,0,0,eGFP2
18307,23:11:36,0.129,0.710,0,0,eGFP2
18308,23:11:37,0.105,0.566,0,0,eGFP2
18309,23:11:38,0.095,0.610,0,0,eGFP2
18310,23:11:38,0.106,0.567,0,0,eGFP2
18311,23:11:39,0.094,0.489,0,0,eGFP2
18312,23:11:39,0.083,0.566,0,0,eGFP2
18313,23:11:40,0.149,0.819,0,0,eGFP2
18314,23:11:41,0.116,0.665,0,0,eGFP2
18315,23:11:41,0.096,0.535,0,0,eGFP2
18316,23:11:42,0.083,0.511,0,0,eGFP2
18317,23:11:42,0.085,0.601,0,0,eGFP2
18318,23:11:43,0.138,0.764,0,0,eGFP2
18319,23:11:44,0.127,0.687,0,0,eGFP2
18320,23:11:44,0.105,0.566,0,0,eGFP2
18321,23:11:48,0.095,3.091,0,0,eGFP2
18322,23:11:48,0.149,0.731,0,0,eGFP2
18323,23:11:49,0.118,0.688,0,0,eGFP2
18324,23:11:50,0.106,1.444,0,0,eGFP2
18325,23:11:52,0.249,1.423,0,0,eGFP2
18326,23:11:52,0.116,0.610,0,0,eGFP2
18327,23:11:53,0.095,0.512,0,0,eGFP2
18328,23:11:53,0.083,0.533,0,0,eGFP2
18329,23:11:54,0.117,0.797,0,0,eGFP2
18330,23:11:55,0.118,0.579,0,0,eGFP2
18331,23:11:55,0.084,0.556,0,0,eGFP2
18332,23:11:56,0.137,0.839,0,0,eGFP2
18333,23:11:57,0.127,0.775,0,0,eGFP2
18334,23:11:58,0.127,0.764,0,0,eGFP2
18335,23:11:58,0.106,0.545,0,0,eGFP2
18336,23:11:59,0.094,0.511,0,0,eGFP2
18337,23:11:59,0.095,0.534,0,0,eGFP2
18338,23:12:00,0.094,0.577,0,0,eGFP2
18339,23:12:00,0.106,0.545,0,0,eGFP2
18340,23:12:01,0.096,0.491,0,0,eGFP2
18341,23:12:01,0.073,0.446,0,0,eGFP2
18342,23:12:02,0.073,0.446,0,0,eGFP2
18343,23:12:03,0.083,0.687,0,0,eGFP2
18344,23:12:03,0.151,0.755,0,0,eGFP2
18345,23:12:04,0.116,0.709,0,0,eGFP2
18346,23:12:05,0.139,0.764,0,0,eGFP2
18347,23:12:05,0.095,0.556,0,0,eGFP2
18348,23:12:06,0.085,0.502,0,0,eGFP2
18349,23:12:06,0.084,0.512,0,0,eGFP2
18350,23:12:07,0.095,0.534,0,0,eGFP2
18351,23:12:07,0.094,0.511,0,0,eGFP2
18352,23:12:08,0.095,0.545,0,0,eGFP2
18353,23:12:08,0.084,0.490,0,0,eGFP2
18354,23:12:09,0.084,0.479,0,0,eGFP2
18355,23:12:10,0.095,0.720,0,0,eGFP2
18356,23:12:10,0.130,0.711,0,0,eGFP2
18357,23:12:11,0.130,0.722,0,0,eGFP2
18358,23:12:12,0.117,0.600,0,0,eGFP2
18359,23:12:12,0.084,0.501,0,0,eGFP2
18360,23:12:13,0.095,0.545,0,0,eGFP2
18361,23:12:13,0.089,0.550,0,0,eGFP2
18362,23:12:14,0.094,0.632,0,0,eGFP2
18363,23:12:15,0.116,0.620,0,0,eGFP2
18364,23:12:15,0.096,0.579,0,0,eGFP2
18365,23:12:16,0.127,0.698,0,0,eGFP2
18366,23:12:16,0.094,0.544,0,0,eGFP2
18367,23:12:17,0.094,0.566,0,0,eGFP2
18368,23:12:18,0.116,0.786,0,0,eGFP2
18369,23:12:18,0.138,0.708,0,0,eGFP2
18370,23:12:19,0.116,0.665,0,0,eGFP2
18371,23:12:20,0.118,0.634,0,0,eGFP2
18372,23:12:20,0.096,0.589,0,0,eGFP2
18373,23:12:21,0.106,0.589,0,0,eGFP2
18374,23:12:21,0.105,0.610,0,0,eGFP2
18375,23:12:22,0.105,0.566,0,0,eGFP2
18376,23:12:23,0.094,0.500,0,0,eGFP2
18377,23:12:23,0.095,0.544,0,0,eGFP2
18378,23:12:24,0.106,0.764,0,0,eGFP2
18379,23:12:25,0.193,0.951,0,0,eGFP2
18380,23:12:25,0.121,0.670,0,0,eGFP2
18381,23:12:26,0.116,0.654,0,0,eGFP2
18382,23:12:27,0.116,0.665,0,0,eGFP2
18383,23:12:27,0.105,0.577,0,0,eGFP2
18384,23:12:28,0.085,0.546,0,0,eGFP2
18385,23:12:29,0.106,0.632,0,0,eGFP2
18386,23:12:29,0.117,0.633,0,0,eGFP2
18387,23:12:30,0.094,0.555,0,0,eGFP2
18388,23:12:30,0.085,0.480,0,0,eGFP2
18389,23:12:31,0.084,0.567,0,0,eGFP2
18390,23:12:31,0.138,0.698,0,0,eGFP2
18391,23:12:32,0.095,0.512,0,0,eGFP2
18392,23:12:33,0.094,0.709,0,0,eGFP2
18393,23:12:33,0.116,0.588,0,0,eGFP2
18394,23:12:34,0.095,0.567,0,0,eGFP2
18395,23:12:34,0.095,0.544,0,0,eGFP2
18396,23:12:35,0.084,0.468,0,0,eGFP2
18397,23:12:35,0.086,0.514,0,0,eGFP2
18398,23:12:36,0.121,0.813,0,0,eGFP2
18399,23:12:37,0.116,0.621,0,0,eGFP2
18400,23:12:37,0.095,0.523,0,0,eGFP2
18401,23:12:38,0.095,0.797,0,0,eGFP2
18402,23:12:39,0.138,0.665,0,0,eGFP2
18403,23:12:40,0.106,0.709,0,0,eGFP2
18404,23:12:40,0.117,0.611,0,0,eGFP2
18405,23:12:41,0.096,0.579,0,0,eGFP2
18406,23:12:41,0.095,0.611,0,0,eGFP2
18407,23:12:42,0.128,0.764,0,0,eGFP2
18408,23:12:43,0.128,0.687,0,0,eGFP2
18409,23:12:43,0.117,0.644,0,0,eGFP2
18410,23:12:44,0.095,0.611,0,0,eGFP2
18411,23:12:45,0.162,0.864,0,0,eGFP2
18412,23:12:46,0.128,0.808,0,0,eGFP2
18413,23:12:47,0.163,0.898,0,0,eGFP2
18414,23:12:47,0.106,0.567,0,0,eGFP2
18415,23:12:48,0.084,0.512,0,0,eGFP2
18416,23:12:48,0.095,0.534,0,0,eGFP2
18417,23:12:49,0.084,0.567,0,0,eGFP2
18418,23:12:50,0.117,0.731,0,0,eGFP2
18419,23:12:50,0.139,0.655,0,0,eGFP2
18420,23:12:51,0.095,0.545,0,0,eGFP2
18421,23:12:51,0.097,0.503,0,0,eGFP2
18422,23:12:52,0.084,0.479,0,0,eGFP2
18423,23:12:52,0.089,0.704,0,0,eGFP2
18424,23:12:53,0.127,0.632,0,0,eGFP2
18425,23:12:54,0.085,0.534,0,0,eGFP2
18426,23:12:54,0.106,0.665,0,0,eGFP2
18427,23:12:55,0.128,0.742,0,0,eGFP2
18428,23:12:56,0.127,0.665,0,0,eGFP2
18429,23:12:56,0.107,0.579,0,0,eGFP2
18430,23:12:57,0.094,0.632,0,0,eGFP2
18431,23:12:58,0.149,0.709,0,0,eGFP2
18432,23:12:58,0.105,0.698,0,0,eGFP2
18433,23:12:59,0.105,0.588,0,0,eGFP2
18434,23:13:00,0.105,0.687,0,0,eGFP2
18435,23:13:00,0.106,0.599,0,0,eGFP2
18436,23:13:01,0.106,0.611,0,0,eGFP2
18437,23:13:01,0.096,0.556,0,0,eGFP2
18438,23:13:02,0.107,0.766,0,0,eGFP2
18439,23:13:03,0.138,0.698,0,0,eGFP2
18440,23:13:03,0.094,0.533,0,0,eGFP2
18441,23:13:04,0.106,0.611,0,0,eGFP2
18442,23:13:05,0.105,0.731,0,0,eGFP2
18443,23:13:05,0.116,0.654,0,0,eGFP2
18444,23:13:06,0.116,0.665,0,0,eGFP2
18445,23:13:07,0.096,0.557,0,0,eGFP2
18446,23:13:07,0.106,0.742,0,0,eGFP2
18447,23:13:08,0.150,0.731,0,0,eGFP2
18448,23:13:09,0.095,0.523,0,0,eGFP2
18449,23:13:09,0.094,0.511,0,0,eGFP2
18450,23:13:10,0.084,0.512,0,0,eGFP2
18451,23:13:10,0.105,0.797,0,0,eGFP2
18452,23:13:31,0.184,21.100,0,0,eGFP2
18453,23:13:32,0.250,0.832,0,0,eGFP2
18454,23:13:33,0.105,0.577,0,0,eGFP2
18455,23:13:33,0.084,0.567,0,0,eGFP2
18456,23:13:34,0.106,0.588,0,0,eGFP2
18457,23:13:34,0.084,0.512,0,0,eGFP2
18458,23:13:35,0.106,0.643,0,0,eGFP2
18459,23:13:36,0.117,0.830,0,0,eGFP2
18460,23:13:37,0.128,0.622,0,0,eGFP2
18461,23:13:37,0.106,0.566,0,0,eGFP2
18462,23:13:38,0.097,0.656,0,0,eGFP2
18463,23:13:38,0.106,0.567,0,0,eGFP2
18464,23:13:39,0.084,0.567,0,0,eGFP2
18465,23:13:40,0.118,0.733,0,0,eGFP2
18466,23:13:40,0.105,0.566,0,0,eGFP2
18467,23:13:41,0.084,0.479,0,0,eGFP2
18468,23:13:41,0.095,0.699,0,0,eGFP2
18469,23:13:42,0.117,0.578,0,0,eGFP2
18470,23:13:43,0.086,0.503,0,0,eGFP2
18471,23:13:43,0.095,0.512,0,0,eGFP2
18472,23:13:44,0.094,0.555,0,0,eGFP2
18473,23:13:44,0.106,0.677,0,0,eGFP2
18474,23:13:45,0.117,0.589,0,0,eGFP2
18475,23:13:45,0.094,0.489,0,0,eGFP2
18476,23:13:46,0.084,0.490,0,0,eGFP2
18477,23:13:47,0.095,0.787,0,0,eGFP2
18478,23:13:47,0.129,0.667,0,0,eGFP2
18479,23:13:48,0.129,0.678,0,0,eGFP2
18480,23:13:48,0.095,0.534,0,0,eGFP2
18481,23:13:49,0.084,0.578,0,0,eGFP2
18482,23:13:50,0.139,0.676,0,0,eGFP2
18483,23:13:50,0.095,0.490,0,0,eGFP2
18484,23:13:51,0.084,0.512,0,0,eGFP2
18485,23:13:52,0.117,0.951,0,0,eGFP2
18486,23:13:52,0.141,0.668,0,0,eGFP2
18487,23:13:53,0.099,0.505,0,0,eGFP2
18488,23:13:53,0.084,0.501,0,0,eGFP2
18489,23:13:54,0.094,0.774,0,0,eGFP2
18490,23:13:55,0.127,0.610,0,0,eGFP2
18491,23:13:55,0.094,0.566,0,0,eGFP2
18492,23:13:56,0.118,0.645,0,0,eGFP2
18493,23:13:57,0.116,0.632,0,0,eGFP2
18494,23:13:57,0.096,0.513,0,0,eGFP2
18495,23:13:58,0.094,0.632,0,0,eGFP2
18496,23:13:58,0.116,0.599,0,0,eGFP2
18497,23:13:59,0.105,0.588,0,0,eGFP2
18498,23:14:00,0.106,0.599,0,0,eGFP2
18499,23:14:00,0.084,0.501,0,0,eGFP2
18500,23:14:01,0.094,0.555,0,0,eGFP2
18501,23:14:01,0.105,0.731,0,0,eGFP2
18502,23:14:02,0.162,0.875,0,0,eGFP2
18503,23:14:03,0.116,0.808,0,0,eGFP2
18504,23:14:04,0.138,0.775,0,0,eGFP2
18505,23:14:04,0.127,0.621,0,0,eGFP2
18506,23:14:05,0.093,0.499,0,0,eGFP2
18507,23:14:05,0.072,0.478,0,0,eGFP2
18508,23:14:06,0.084,0.556,0,0,eGFP2
18509,23:14:07,0.138,0.818,0,0,eGFP2
18510,23:14:07,0.130,0.700,0,0,eGFP2
18511,23:14:08,0.117,0.643,0,0,eGFP2
18512,23:14:09,0.095,0.512,0,0,eGFP2
18513,23:14:09,0.073,0.468,0,0,eGFP2
18514,23:14:10,0.083,0.566,0,0,eGFP2
18515,23:14:10,0.128,0.775,0,0,eGFP2
18516,23:14:11,0.117,0.687,0,0,eGFP2
18517,23:14:12,0.106,0.578,0,0,eGFP2
18518,23:14:12,0.096,0.623,0,0,eGFP2
18519,23:14:13,0.129,0.732,0,0,eGFP2
18520,23:14:14,0.106,0.622,0,0,eGFP2
18521,23:14:14,0.105,0.555,0,0,eGFP2
18522,23:14:15,0.106,0.688,0,0,eGFP2
18523,23:14:16,0.127,0.698,0,0,eGFP2
18524,23:14:16,0.105,0.533,0,0,eGFP2
18525,23:14:17,0.095,0.699,0,0,eGFP2
18526,23:14:18,0.149,0.698,0,0,eGFP2
18527,23:14:18,0.096,0.568,0,0,eGFP2
18528,23:14:19,0.095,0.687,0,0,eGFP2
18529,23:14:19,0.139,0.677,0,0,eGFP2
18530,23:14:20,0.084,0.534,0,0,eGFP2
18531,23:14:21,0.105,0.687,0,0,eGFP2
18532,23:14:21,0.118,0.612,0,0,eGFP2
18533,23:14:22,0.106,0.699,0,0,eGFP2
18534,23:14:23,0.157,0.805,0,0,eGFP2
18535,23:14:23,0.129,0.688,0,0,eGFP2
18536,23:14:24,0.116,0.643,0,0,eGFP2
18537,23:14:25,0.105,0.511,0,0,eGFP2
18538,23:14:25,0.095,0.512,0,0,eGFP2
18539,23:14:26,0.094,0.653,0,0,eGFP2
18540,23:14:27,0.139,0.720,0,0,eGFP2
18541,23:14:27,0.116,0.621,0,0,eGFP2
18542,23:14:28,0.116,0.731,0,0,eGFP2
18543,23:14:29,0.129,0.688,0,0,eGFP2
18544,23:14:29,0.095,0.523,0,0,eGFP2
18545,23:14:30,0.094,0.730,0,0,eGFP2
18546,23:14:30,0.129,0.634,0,0,eGFP2
18547,23:14:31,0.105,0.577,0,0,eGFP2
18548,23:14:32,0.083,0.522,0,0,eGFP2
18549,23:14:32,0.095,0.567,0,0,eGFP2
18550,23:14:33,0.116,0.709,0,0,eGFP2
18551,23:14:33,0.117,0.567,0,0,eGFP2
18552,23:14:34,0.084,0.479,0,0,eGFP2
18553,23:14:35,0.094,0.775,0,0,eGFP2
18554,23:14:35,0.138,0.818,0,0,eGFP2
18555,23:14:36,0.128,0.621,0,0,eGFP2
18556,23:14:37,0.095,0.611,0,0,eGFP2
18557,23:14:37,0.105,0.566,0,0,eGFP2
18558,23:14:38,0.094,0.544,0,0,eGFP2
18559,23:14:38,0.109,0.691,0,0,eGFP2
18560,23:14:39,0.105,0.588,0,0,eGFP2
18561,23:14:40,0.083,0.533,0,0,eGFP2
18562,23:14:40,0.117,0.665,0,0,eGFP2
18563,23:14:41,0.095,0.523,0,0,eGFP2
18564,23:14:41,0.083,0.555,0,0,eGFP2
18565,23:14:42,0.139,0.753,0,0,eGFP2
18566,23:14:43,0.117,0.676,0,0,eGFP2
18567,23:14:43,0.118,0.590,0,0,eGFP2
18568,23:14:44,0.095,0.534,0,0,eGFP2
18569,23:14:44,0.083,0.522,0,0,eGFP2
18570,23:14:45,0.095,0.611,0,0,eGFP2
18571,23:14:46,0.127,0.731,0,0,eGFP2
18572,23:14:46,0.116,0.665,0,0,eGFP2
18573,23:14:47,0.096,0.535,0,0,eGFP2
18574,23:14:48,0.095,0.622,0,0,eGFP2
18575,23:14:48,0.107,0.601,0,0,eGFP2
18576,23:14:49,0.094,0.599,0,0,eGFP2
18577,23:14:49,0.117,0.665,0,0,eGFP2
18578,23:14:50,0.106,0.578,0,0,eGFP2
18579,23:14:51,0.105,0.610,0,0,eGFP2
18580,23:14:51,0.106,0.710,0,0,eGFP2
18581,23:14:52,0.149,0.829,0,0,eGFP2
18582,23:14:53,0.128,0.655,0,0,eGFP2
18583,23:14:53,0.096,0.535,0,0,eGFP2
18584,23:14:54,0.084,0.644,0,0,eGFP2
18585,23:14:55,0.182,0.885,0,0,eGFP2
18586,23:14:56,0.118,0.667,0,0,eGFP2
18587,23:14:56,0.116,0.830,0,0,eGFP2
18588,23:14:57,0.127,0.621,0,0,eGFP2
18589,23:14:58,0.095,0.501,0,0,eGFP2
18590,23:14:58,0.084,0.556,0,0,eGFP2
18591,23:14:59,0.138,0.950,0,0,eGFP2
18592,23:15:00,0.130,0.646,0,0,eGFP2
18593,23:15:00,0.095,0.566,0,0,eGFP2
18594,23:15:01,0.095,0.523,0,0,eGFP2
18595,23:15:01,0.084,0.611,0,0,eGFP2
18596,23:15:02,0.139,0.687,0,0,eGFP2
18597,23:15:03,0.089,0.528,0,0,eGFP2
18598,23:15:03,0.105,0.753,0,0,eGFP2
18599,23:15:04,0.116,0.566,0,0,eGFP2
18600,23:15:04,0.086,0.470,0,0,eGFP2
18601,23:15:05,0.083,0.500,0,0,eGFP2
18602,23:15:06,0.084,0.654,0,0,eGFP2
18603,23:15:06,0.127,0.632,0,0,eGFP2
18604,23:15:07,0.094,0.522,0,0,eGFP2
18605,23:15:07,0.095,0.599,0,0,eGFP2
18606,23:15:08,0.117,0.731,0,0,eGFP2
18607,23:15:09,0.105,0.511,0,0,eGFP2
18608,23:15:09,0.085,0.612,0,0,eGFP2
18609,23:15:10,0.171,0.829,0,0,eGFP2
18610,23:15:11,0.106,0.698,0,0,eGFP2
18611,23:15:11,0.128,0.687,0,0,eGFP2
18612,23:15:12,0.105,0.555,0,0,eGFP2
18613,23:15:12,0.085,0.535,0,0,eGFP2
18614,23:15:13,0.105,0.654,0,0,eGFP2
18615,23:15:14,0.105,0.621,0,0,eGFP2
18616,23:15:14,0.096,0.623,0,0,eGFP2
18617,23:15:15,0.127,0.753,0,0,eGFP2
18618,23:15:16,0.116,0.698,0,0,eGFP2
18619,23:15:16,0.105,0.588,0,0,eGFP2
18620,23:15:17,0.105,0.665,0,0,eGFP2
18621,23:15:18,0.160,0.764,0,0,eGFP2
18622,23:15:18,0.105,0.544,0,0,eGFP2
18623,23:15:19,0.105,0.588,0,0,eGFP2
18624,23:15:20,0.107,0.678,0,0,eGFP2
18625,23:15:20,0.094,0.533,0,0,eGFP2
18626,23:15:21,0.084,0.578,0,0,eGFP2
18627,23:15:22,0.140,0.842,0,0,eGFP2
18628,23:15:22,0.116,0.610,0,0,eGFP2
18629,23:15:23,0.095,0.534,0,0,eGFP2
18630,23:15:23,0.083,0.489,0,0,eGFP2
18631,23:15:24,0.084,0.610,0,0,eGFP2
18632,23:15:25,0.162,0.843,0,0,eGFP2
18633,23:15:25,0.116,0.764,0,0,eGFP2
18634,23:15:26,0.106,0.577,0,0,eGFP2
18635,23:15:27,0.095,0.567,0,0,eGFP2
18636,23:15:27,0.095,0.555,0,0,eGFP2
18637,23:15:28,0.106,0.710,0,0,eGFP2
18638,23:15:28,0.116,0.621,0,0,eGFP2
18639,23:15:29,0.095,0.622,0,0,eGFP2
18640,23:15:30,0.131,0.723,0,0,eGFP2
18641,23:15:30,0.095,0.534,0,0,eGFP2
18642,23:15:31,0.095,0.643,0,0,eGFP2
18643,23:15:32,0.150,0.731,0,0,eGFP2
18644,23:15:32,0.106,0.545,0,0,eGFP2
18645,23:15:33,0.084,0.512,0,0,eGFP2
18646,23:15:33,0.105,0.599,0,0,eGFP2
18647,23:15:34,0.117,0.698,0,0,eGFP2
18648,23:15:35,0.130,0.657,0,0,eGFP2
18649,23:15:35,0.105,0.643,0,0,eGFP2
18650,23:15:36,0.117,0.611,0,0,eGFP2
18651,23:15:37,0.095,0.610,0,0,eGFP2
18652,23:15:37,0.128,0.776,0,0,eGFP2
18653,23:15:38,0.116,0.709,0,0,eGFP2
18654,23:15:39,0.108,0.568,0,0,eGFP2
18655,23:15:39,0.106,0.743,0,0,eGFP2
18656,23:15:40,0.117,0.720,0,0,eGFP2
18657,23:15:41,0.119,0.624,0,0,eGFP2
18658,23:15:41,0.084,0.544,0,0,eGFP2
18659,23:15:42,0.106,0.721,0,0,eGFP2
18660,23:15:43,0.117,0.633,0,0,eGFP2
18661,23:15:43,0.100,0.747,0,0,eGFP2
18662,23:15:44,0.116,0.643,0,0,eGFP2
18663,23:15:45,0.105,0.610,0,0,eGFP2
18664,23:15:45,0.116,0.731,0,0,eGFP2
18665,23:15:46,0.117,0.633,0,0,eGFP2
18666,23:15:47,0.105,0.566,0,0,eGFP2
18667,23:15:47,0.096,0.711,0,0,eGFP2
18668,23:15:48,0.160,0.763,0,0,eGFP2
18669,23:15:49,0.117,0.632,0,0,eGFP2
18670,23:15:49,0.117,0.599,0,0,eGFP2
18671,23:15:50,0.095,0.567,0,0,eGFP2
18672,23:15:50,0.116,0.687,0,0,eGFP2
18673,23:15:51,0.139,0.688,0,0,eGFP2
18674,23:15:52,0.116,0.599,0,0,eGFP2
18675,23:15:52,0.095,0.665,0,0,eGFP2
18676,23:15:53,0.160,0.742,0,0,eGFP2
18677,23:15:54,0.095,0.567,0,0,eGFP2
18678,23:15:54,0.105,0.698,0,0,eGFP2
18679,23:15:55,0.116,0.643,0,0,eGFP2
18680,23:15:56,0.106,0.698,0,0,eGFP2
18681,23:15:56,0.142,0.690,0,0,eGFP2
18682,23:15:57,0.095,0.501,0,0,eGFP2
18683,23:15:58,0.094,0.720,0,0,eGFP2
18684,23:15:58,0.160,0.764,0,0,eGFP2
18685,23:15:59,0.116,0.752,0,0,eGFP2
18686,23:16:00,0.106,0.688,0,0,eGFP2
18687,23:16:01,0.127,0.654,0,0,eGFP2
18688,23:16:01,0.094,0.610,0,0,eGFP2
18689,23:16:02,0.162,0.930,0,0,eGFP2
18690,23:16:03,0.139,0.676,0,0,eGFP2
18691,23:16:03,0.095,0.567,0,0,eGFP2
18692,23:16:04,0.105,0.742,0,0,eGFP2
18693,23:16:05,0.127,0.643,0,0,eGFP2
18694,23:16:05,0.085,0.524,0,0,eGFP2
18695,23:16:06,0.084,0.578,0,0,eGFP2
18696,23:20:13,0.149,247.394,0,0,eGFP2
18697,23:20:14,0.294,0.985,0,0,eGFP2
18698,23:20:15,0.106,0.589,0,0,eGFP2
18699,23:20:16,0.138,0.983,0,0,eGFP2
18700,23:20:16,0.106,0.578,0,0,eGFP2
18701,23:20:17,0.094,0.555,0,0,eGFP2
18702,23:20:17,0.095,0.567,0,0,eGFP2
18703,23:20:18,0.083,0.665,0,0,eGFP2
18704,23:20:20,1.346,1.982,0,0,eGFP2
18705,23:20:21,0.097,0.547,0,0,eGFP2
18706,23:20:22,0.116,1.751,0,0,eGFP2
18707,23:20:23,0.117,0.600,0,0,eGFP2
18708,23:20:24,0.096,0.557,0,0,eGFP2
18709,23:20:24,0.095,0.556,0,0,eGFP2
18710,23:20:25,0.106,0.589,0,0,eGFP2
18711,23:20:25,0.105,0.753,0,0,eGFP2
18712,23:20:26,0.138,0.676,0,0,eGFP2
18713,23:20:27,0.097,0.656,0,0,eGFP2
18714,23:20:27,0.128,0.633,0,0,eGFP2
18715,23:20:28,0.095,0.545,0,0,eGFP2
18716,23:20:29,0.094,0.533,0,0,eGFP2
18717,23:20:31,0.095,2.444,0,0,eGFP2
18718,23:20:32,0.149,0.698,0,0,eGFP2
18719,23:20:32,0.106,0.567,0,0,eGFP2
18720,23:20:33,0.095,0.512,0,0,eGFP2
18721,23:20:33,0.085,0.535,0,0,eGFP2
18722,23:20:34,0.119,0.777,0,0,eGFP2
18723,23:20:35,0.128,0.622,0,0,eGFP2
18724,23:20:35,0.100,0.681,0,0,eGFP2
18725,23:20:36,0.160,0.819,0,0,eGFP2
18726,23:20:37,0.138,0.709,0,0,eGFP2
18727,23:20:37,0.094,0.533,0,0,eGFP2
18728,23:20:38,0.105,0.741,0,0,eGFP2
18729,23:20:39,0.138,0.654,0,0,eGFP2
18730,23:20:39,0.096,0.513,0,0,eGFP2
18731,23:20:40,0.083,0.489,0,0,eGFP2
18732,23:20:40,0.084,0.490,0,0,eGFP2
18733,23:20:41,0.083,0.500,0,0,eGFP2
18734,23:20:41,0.083,0.511,0,0,eGFP2
18735,23:20:42,0.093,0.543,0,0,eGFP2
18736,23:20:43,0.105,0.665,0,0,eGFP2
18737,23:20:43,0.116,0.599,0,0,eGFP2
18738,23:20:44,0.085,0.535,0,0,eGFP2
18739,23:20:44,0.127,0.719,0,0,eGFP2
18740,23:20:45,0.106,0.512,0,0,eGFP2
18741,23:20:45,0.083,0.489,0,0,eGFP2
18742,23:20:46,0.084,0.632,0,0,eGFP2
18743,23:20:47,0.128,0.665,0,0,eGFP2
18744,23:20:47,0.117,0.632,0,0,eGFP2
18745,23:20:48,0.117,0.600,0,0,eGFP2
18746,23:20:49,0.096,0.622,0,0,eGFP2
18747,23:20:49,0.106,0.632,0,0,eGFP2
18748,23:20:50,0.096,0.535,0,0,eGFP2
18749,23:20:50,0.095,0.512,0,0,eGFP2
18750,23:20:51,0.083,0.511,0,0,eGFP2
18751,23:20:51,0.095,0.567,0,0,eGFP2
18752,23:20:52,0.116,0.742,0,0,eGFP2
18753,23:20:53,0.138,0.632,0,0,eGFP2
18754,23:20:53,0.085,0.535,0,0,eGFP2
18755,23:20:54,0.127,0.786,0,0,eGFP2
18756,23:20:55,0.105,0.555,0,0,eGFP2
18757,23:20:55,0.095,0.490,0,0,eGFP2
18758,23:20:56,0.083,0.533,0,0,eGFP2
18759,23:20:56,0.084,0.501,0,0,eGFP2
18760,23:20:57,0.083,0.500,0,0,eGFP2
18761,23:20:57,0.086,0.503,0,0,eGFP2
18762,23:20:58,0.085,0.524,0,0,eGFP2
18763,23:20:58,0.094,0.511,0,0,eGFP2
18764,23:20:59,0.084,0.490,0,0,eGFP2
18765,23:20:59,0.095,0.654,0,0,eGFP2
18766,23:21:00,0.139,0.720,0,0,eGFP2
18767,23:21:01,0.106,0.743,0,0,eGFP2
18768,23:21:01,0.116,0.687,0,0,eGFP2
18769,23:21:02,0.116,0.687,0,0,eGFP2
18770,23:21:03,0.096,0.612,0,0,eGFP2
18771,23:21:03,0.139,0.753,0,0,eGFP2
18772,23:21:04,0.117,0.721,0,0,eGFP2
18773,23:21:05,0.105,0.544,0,0,eGFP2
18774,23:21:05,0.084,0.501,0,0,eGFP2
18775,23:21:06,0.085,0.502,0,0,eGFP2
18776,23:21:06,0.095,0.710,0,0,eGFP2
18777,23:21:07,0.116,0.687,0,0,eGFP2
18778,23:21:08,0.129,0.678,0,0,eGFP2
18779,23:21:08,0.095,0.501,0,0,eGFP2
18780,23:21:09,0.084,0.490,0,0,eGFP2
18781,23:21:09,0.095,0.621,0,0,eGFP2
18782,23:21:10,0.106,0.589,0,0,eGFP2
18783,23:21:11,0.095,0.632,0,0,eGFP2
18784,23:21:11,0.106,0.567,0,0,eGFP2
18785,23:21:12,0.084,0.512,0,0,eGFP2
18786,23:21:12,0.084,0.512,0,0,eGFP2
18787,23:21:13,0.096,0.524,0,0,eGFP2
18788,23:21:13,0.090,0.540,0,0,eGFP2
18789,23:21:14,0.105,0.808,0,0,eGFP2
18790,23:21:15,0.138,0.632,0,0,eGFP2
18791,23:21:15,0.094,0.599,0,0,eGFP2
18792,23:21:16,0.116,0.577,0,0,eGFP2
18793,23:21:16,0.094,0.511,0,0,eGFP2
18794,23:21:17,0.083,0.544,0,0,eGFP2
18795,23:21:18,0.118,0.666,0,0,eGFP2
18796,23:21:18,0.105,0.709,0,0,eGFP2
18797,23:21:19,0.127,0.632,0,0,eGFP2
18798,23:21:19,0.105,0.544,0,0,eGFP2
18799,23:21:20,0.094,0.533,0,0,eGFP2
18800,23:21:21,0.128,0.687,0,0,eGFP2
18801,23:21:21,0.106,0.556,0,0,eGFP2
18802,23:21:22,0.085,0.480,0,0,eGFP2
18803,23:21:22,0.085,0.688,0,0,eGFP2
18804,23:21:23,0.128,0.654,0,0,eGFP2
18805,23:21:24,0.106,0.709,0,0,eGFP2
18806,23:21:24,0.116,0.621,0,0,eGFP2
18807,23:21:25,0.106,0.632,0,0,eGFP2
18808,23:21:26,0.129,0.666,0,0,eGFP2
18809,23:21:26,0.117,0.698,0,0,eGFP2
18810,23:21:27,0.117,0.676,0,0,eGFP2
18811,23:21:28,0.107,0.568,0,0,eGFP2
18812,23:21:28,0.095,0.633,0,0,eGFP2
18813,23:21:29,0.127,0.731,0,0,eGFP2
18814,23:21:30,0.105,0.566,0,0,eGFP2
18815,23:21:30,0.085,0.711,0,0,eGFP2
18816,23:21:31,0.149,0.840,0,0,eGFP2
18817,23:21:32,0.139,0.677,0,0,eGFP2
18818,23:21:33,0.105,0.709,0,0,eGFP2
18819,23:21:33,0.129,0.755,0,0,eGFP2
18820,23:21:34,0.127,0.654,0,0,eGFP2
18821,23:21:34,0.094,0.512,0,0,eGFP2
18822,23:21:35,0.083,0.522,0,0,eGFP2
18823,23:21:36,0.106,1.104,0,0,eGFP2
18824,23:21:37,0.216,0.940,0,0,eGFP2
18825,23:21:38,0.139,0.676,0,0,eGFP2
18826,23:21:38,0.095,0.578,0,0,eGFP2
18827,23:21:39,0.096,0.524,0,0,eGFP2
18828,23:21:39,0.084,0.490,0,0,eGFP2
18829,23:21:40,0.086,0.612,0,0,eGFP2
18830,23:21:41,0.139,0.710,0,0,eGFP2
18831,23:21:41,0.116,0.698,0,0,eGFP2
18832,23:21:42,0.127,0.720,0,0,eGFP2
18833,23:21:43,0.128,0.720,0,0,eGFP2
18834,23:21:43,0.106,0.600,0,0,eGFP2
18835,23:21:44,0.096,0.535,0,0,eGFP2
18836,23:21:44,0.084,0.490,0,0,eGFP2
18837,23:21:45,0.084,0.567,0,0,eGFP2
18838,23:21:46,0.116,0.698,0,0,eGFP2
18839,23:21:46,0.106,0.665,0,0,eGFP2
18840,23:21:47,0.095,0.534,0,0,eGFP2
18841,23:21:48,0.095,0.731,0,0,eGFP2
18842,23:21:48,0.141,0.722,0,0,eGFP2
18843,23:21:49,0.117,0.699,0,0,eGFP2
18844,23:21:50,0.104,0.554,0,0,eGFP2
18845,23:21:50,0.084,0.556,0,0,eGFP2
18846,23:21:51,0.128,0.742,0,0,eGFP2
18847,23:21:51,0.106,0.523,0,0,eGFP2
18848,23:21:52,0.084,0.501,0,0,eGFP2
18849,23:21:53,0.106,0.732,0,0,eGFP2
18850,23:21:53,0.161,0.852,0,0,eGFP2
18851,23:21:54,0.133,0.737,0,0,eGFP2
18852,23:21:55,0.139,0.809,0,0,eGFP2
18853,23:21:56,0.127,0.665,0,0,eGFP2
18854,23:21:56,0.094,0.544,0,0,eGFP2
18855,23:21:57,0.083,0.566,0,0,eGFP2
18856,23:21:58,0.118,0.744,0,0,eGFP2
18857,23:21:58,0.138,0.763,0,0,eGFP2
18858,23:21:59,0.116,0.676,0,0,eGFP2
18859,23:22:00,0.094,0.588,0,0,eGFP2
18860,23:22:00,0.096,0.535,0,0,eGFP2
18861,23:22:01,0.094,0.720,0,0,eGFP2
18862,23:22:02,0.138,0.753,0,0,eGFP2
18863,23:22:02,0.127,0.632,0,0,eGFP2
18864,23:22:03,0.083,0.511,0,0,eGFP2
18865,23:22:03,0.084,0.599,0,0,eGFP2
18866,23:22:04,0.139,0.841,0,0,eGFP2
18867,23:22:05,0.138,0.654,0,0,eGFP2
18868,23:22:05,0.096,0.557,0,0,eGFP2
18869,23:22:06,0.096,0.667,0,0,eGFP2
18870,23:22:07,0.127,0.665,0,0,eGFP2
18871,23:22:07,0.105,0.577,0,0,eGFP2
18872,23:22:08,0.106,0.665,0,0,eGFP2
18873,23:22:09,0.128,0.742,0,0,eGFP2
18874,23:22:09,0.106,0.676,0,0,eGFP2
18875,23:22:10,0.106,0.676,0,0,eGFP2
18876,23:22:11,0.108,0.601,0,0,eGFP2
18877,23:22:11,0.084,0.578,0,0,eGFP2
18878,23:22:12,0.127,0.830,0,0,eGFP2
18879,23:22:13,0.116,0.665,0,0,eGFP2
18880,23:22:13,0.127,0.764,0,0,eGFP2
18881,23:22:14,0.105,0.555,0,0,eGFP2
18882,23:22:15,0.095,0.622,0,0,eGFP2
18883,23:22:15,0.162,0.842,0,0,eGFP2
18884,23:22:16,0.118,0.590,0,0,eGFP2
18885,23:22:17,0.095,0.556,0,0,eGFP2
18886,23:22:17,0.105,0.654,0,0,eGFP2
18887,23:22:18,0.127,0.819,0,0,eGFP2
18888,23:22:19,0.127,0.643,0,0,eGFP2
18889,23:22:19,0.117,0.709,0,0,eGFP2
18890,23:22:20,0.106,0.578,0,0,eGFP2
18891,23:22:21,0.094,0.555,0,0,eGFP2
18892,23:22:21,0.108,0.766,0,0,eGFP2
18893,23:22:22,0.216,0.962,0,0,eGFP2
18894,23:22:23,0.117,0.797,0,0,eGFP2
18895,23:22:24,0.117,0.655,0,0,eGFP2
18896,23:22:24,0.118,0.601,0,0,eGFP2
18897,23:22:25,0.095,0.534,0,0,eGFP2
18898,23:22:26,0.116,0.742,0,0,eGFP2
18899,23:22:26,0.117,0.698,0,0,eGFP2
18900,23:22:27,0.122,0.649,0,0,eGFP2
18901,23:22:28,0.117,0.753,0,0,eGFP2
18902,23:22:28,0.117,0.677,0,0,eGFP2
18903,23:22:29,0.106,0.588,0,0,eGFP2
18904,23:22:30,0.095,0.534,0,0,eGFP2
18905,23:22:30,0.095,0.644,0,0,eGFP2
18906,23:22:31,0.172,0.852,0,0,eGFP2
18907,23:22:32,0.128,0.665,0,0,eGFP2
18908,23:22:32,0.106,0.600,0,0,eGFP2
18909,23:22:33,0.119,0.678,0,0,eGFP2
18910,23:22:34,0.119,0.668,0,0,eGFP2
18911,23:22:34,0.106,0.742,0,0,eGFP2
18912,23:22:35,0.139,0.677,0,0,eGFP2
18913,23:22:36,0.106,0.655,0,0,eGFP2
18914,23:22:37,0.133,0.813,0,0,eGFP2
18915,23:22:37,0.116,0.676,0,0,eGFP2
18916,23:22:38,0.127,0.665,0,0,eGFP2
18917,23:22:39,0.107,0.677,0,0,eGFP2
18918,23:22:39,0.117,0.698,0,0,eGFP2
18919,23:22:40,0.138,0.896,0,0,eGFP2
18920,23:22:41,0.127,0.610,0,0,eGFP2
18921,23:22:41,0.094,0.610,0,0,eGFP2
18922,23:22:42,0.160,0.797,0,0,eGFP2
18923,23:22:43,0.096,0.578,0,0,eGFP2
18924,23:22:43,0.117,0.731,0,0,eGFP2
18925,23:22:44,0.129,0.744,0,0,eGFP2
18926,23:22:45,0.127,0.643,0,0,eGFP2
18927,23:22:45,0.083,0.533,0,0,eGFP2
18928,23:22:46,0.117,0.775,0,0,eGFP2
18929,23:22:47,0.128,0.797,0,0,eGFP2
18930,23:22:48,0.127,0.665,0,0,eGFP2
18931,23:22:48,0.106,0.599,0,0,eGFP2
18932,23:22:49,0.095,0.523,0,0,eGFP2
18933,23:22:49,0.085,0.645,0,0,eGFP2
18934,23:22:50,0.149,0.742,0,0,eGFP2
18935,23:22:51,0.116,0.709,0,0,eGFP2
18936,23:22:51,0.105,0.599,0,0,eGFP2
18937,23:22:53,0.118,1.896,0,0,eGFP2
18938,23:23:03,0.402,9.302,0,0,eGFP2
18939,23:23:03,0.171,0.764,0,0,eGFP2
18940,23:23:04,0.116,0.632,0,0,eGFP2
18941,23:23:05,0.107,0.667,0,0,eGFP2
18942,23:23:05,0.116,0.632,0,0,eGFP2
18943,23:23:07,0.984,1.971,0,0,eGFP2
18944,23:23:08,0.139,0.732,0,0,eGFP2
18945,23:23:09,0.116,0.599,0,0,eGFP2
18946,23:23:09,0.095,0.643,0,0,eGFP2
18947,23:23:10,0.095,0.567,0,0,eGFP2
18948,23:23:11,0.127,0.709,0,0,eGFP2
18949,23:23:11,0.107,0.612,0,0,eGFP2
18950,23:23:12,0.097,0.514,0,0,eGFP2
18951,23:23:12,0.083,0.489,0,0,eGFP2
18952,23:23:13,0.095,0.534,0,0,eGFP2
18953,23:23:13,0.095,0.512,0,0,eGFP2
18954,23:23:14,0.084,0.490,0,0,eGFP2
18955,23:23:14,0.094,0.577,0,0,eGFP2
18956,23:23:15,0.095,0.534,0,0,eGFP2
18957,23:23:15,0.096,0.535,0,0,eGFP2
18958,23:23:16,0.095,0.534,0,0,eGFP2
18959,23:23:16,0.095,0.501,0,0,eGFP2
18960,23:23:17,0.084,0.534,0,0,eGFP2
18961,23:23:18,0.106,0.687,0,0,eGFP2
18962,23:23:18,0.106,0.534,0,0,eGFP2
18963,23:23:19,0.095,0.611,0,0,eGFP2
18964,23:23:19,0.107,0.667,0,0,eGFP2
18965,23:23:20,0.118,0.601,0,0,eGFP2
18966,23:23:21,0.095,0.534,0,0,eGFP2
18967,23:23:21,0.084,0.600,0,0,eGFP2
18968,23:23:22,0.116,0.643,0,0,eGFP2
18969,23:23:22,0.106,0.578,0,0,eGFP2
18970,23:23:23,0.095,0.490,0,0,eGFP2
18971,23:23:23,0.095,0.512,0,0,eGFP2
18972,23:23:24,0.095,0.643,0,0,eGFP2
18973,23:23:25,0.117,0.633,0,0,eGFP2
18974,23:23:25,0.086,0.503,0,0,eGFP2
18975,23:23:26,0.073,0.446,0,0,eGFP2
18976,23:23:26,0.073,0.457,0,0,eGFP2
18977,23:23:27,0.080,0.640,0,0,eGFP2
18978,23:23:27,0.127,0.599,0,0,eGFP2
18979,23:23:28,0.083,0.478,0,0,eGFP2
18980,23:23:28,0.094,0.698,0,0,eGFP2
18981,23:23:29,0.127,0.763,0,0,eGFP2
18982,23:23:30,0.107,0.612,0,0,eGFP2
18983,23:23:30,0.094,0.533,0,0,eGFP2
18984,23:23:31,0.095,0.621,0,0,eGFP2
18985,23:23:32,0.139,0.808,0,0,eGFP2
18986,23:23:32,0.116,0.654,0,0,eGFP2
18987,23:23:33,0.116,0.632,0,0,eGFP2
18988,23:23:34,0.105,0.588,0,0,eGFP2
18989,23:23:34,0.084,0.534,0,0,eGFP2
18990,23:23:35,0.085,0.546,0,0,eGFP2
18991,23:23:35,0.114,0.718,0,0,eGFP2
18992,23:23:36,0.138,0.698,0,0,eGFP2
18993,23:23:37,0.116,0.654,0,0,eGFP2
18994,23:23:38,0.105,0.775,0,0,eGFP2
18995,23:23:38,0.127,0.599,0,0,eGFP2
18996,23:23:39,0.094,0.577,0,0,eGFP2
18997,23:23:40,0.139,0.852,0,0,eGFP2
18998,23:23:40,0.107,0.579,0,0,eGFP2
18999,23:23:41,0.083,0.555,0,0,eGFP2
19000,23:23:41,0.117,0.687,0,0,eGFP2
19001,23:23:42,0.117,0.753,0,0,eGFP2
19002,23:23:43,0.128,0.764,0,0,eGFP2
19003,23:23:44,0.139,0.677,0,0,eGFP2
19004,23:23:44,0.096,0.546,0,0,eGFP2
19005,23:23:45,0.094,0.610,0,0,eGFP2
19006,23:23:46,0.140,0.711,0,0,eGFP2
19007,23:23:46,0.116,0.709,0,0,eGFP2
19008,23:23:47,0.127,0.764,0,0,eGFP2
19009,23:23:48,0.116,0.632,0,0,eGFP2
19010,23:23:48,0.095,0.534,0,0,eGFP2
19011,23:23:49,0.094,0.544,0,0,eGFP2
19012,23:23:49,0.106,0.786,0,0,eGFP2
19013,23:23:50,0.139,0.666,0,0,eGFP2
19014,23:23:51,0.107,0.689,0,0,eGFP2
19015,23:23:51,0.116,0.610,0,0,eGFP2
19016,23:23:52,0.095,0.731,0,0,eGFP2
19017,23:23:53,0.130,0.777,0,0,eGFP2
19018,23:23:54,0.128,0.654,0,0,eGFP2
19019,23:23:54,0.106,0.567,0,0,eGFP2
19020,23:23:55,0.095,0.742,0,0,eGFP2
19021,23:23:56,0.117,0.622,0,0,eGFP2
19022,23:23:56,0.107,0.590,0,0,eGFP2
19023,23:23:57,0.106,0.643,0,0,eGFP2
19024,23:23:57,0.117,0.677,0,0,eGFP2
19025,23:23:58,0.113,0.629,0,0,eGFP2
19026,23:23:59,0.105,0.654,0,0,eGFP2
19027,23:23:59,0.116,0.742,0,0,eGFP2
19028,23:24:00,0.116,0.599,0,0,eGFP2
19029,23:24:01,0.083,0.500,0,0,eGFP2
19030,23:24:01,0.085,0.513,0,0,eGFP2
19031,23:24:02,0.096,0.787,0,0,eGFP2
19032,23:24:02,0.116,0.577,0,0,eGFP2
19033,23:24:03,0.094,0.632,0,0,eGFP2
19034,23:24:04,0.160,0.852,0,0,eGFP2
19035,23:24:05,0.105,0.686,0,0,eGFP2
19036,23:24:05,0.128,0.830,0,0,eGFP2
19037,23:24:06,0.127,0.676,0,0,eGFP2
19038,23:24:07,0.105,0.610,0,0,eGFP2
19039,23:24:07,0.107,0.732,0,0,eGFP2
19040,23:24:08,0.128,0.676,0,0,eGFP2
19041,23:24:09,0.106,0.610,0,0,eGFP2
19042,23:24:10,0.128,0.830,0,0,eGFP2
19043,23:24:10,0.138,0.808,0,0,eGFP2
19044,23:24:11,0.140,0.754,0,0,eGFP2
19045,23:24:12,0.116,0.621,0,0,eGFP2
19046,23:24:12,0.095,0.610,0,0,eGFP2
19047,23:24:13,0.140,0.854,0,0,eGFP2
19048,23:24:14,0.116,0.665,0,0,eGFP2
19049,23:24:15,0.116,0.621,0,0,eGFP2
19050,23:24:15,0.116,0.764,0,0,eGFP2
19051,23:24:16,0.127,0.643,0,0,eGFP2
19052,23:24:17,0.105,0.742,0,0,eGFP2
19053,23:24:18,0.138,0.874,0,0,eGFP2
19054,23:24:18,0.127,0.665,0,0,eGFP2
19055,23:24:19,0.107,0.666,0,0,eGFP2
19056,23:24:20,0.139,0.731,0,0,eGFP2
19057,23:24:20,0.106,0.556,0,0,eGFP2
19058,23:24:21,0.107,0.765,0,0,eGFP2
19059,23:24:22,0.128,0.666,0,0,eGFP2
19060,23:24:22,0.105,0.577,0,0,eGFP2
19061,23:24:23,0.095,0.588,0,0,eGFP2
19062,23:24:24,0.117,0.830,0,0,eGFP2
19063,23:24:24,0.129,0.689,0,0,eGFP2
19064,23:24:25,0.128,0.753,0,0,eGFP2
19065,23:24:26,0.117,0.698,0,0,eGFP2
19066,23:24:26,0.139,0.764,0,0,eGFP2
19067,23:24:27,0.106,0.567,0,0,eGFP2
19068,23:24:28,0.095,0.588,0,0,eGFP2
19069,23:24:28,0.117,0.797,0,0,eGFP2
19070,23:24:29,0.139,0.786,0,0,eGFP2
19071,23:24:30,0.109,0.581,0,0,eGFP2
19072,23:24:30,0.106,0.688,0,0,eGFP2
19073,23:24:32,0.182,1.159,0,0,eGFP2
19074,23:24:32,0.138,0.742,0,0,eGFP2
19075,23:24:33,0.106,0.611,0,0,eGFP2
19076,23:24:34,0.094,0.621,0,0,eGFP2
19077,23:24:34,0.117,0.611,0,0,eGFP2
19078,23:24:35,0.094,0.654,0,0,eGFP2
19079,23:24:36,0.162,0.799,0,0,eGFP2
19080,23:24:36,0.095,0.610,0,0,eGFP2
19081,23:24:37,0.106,0.677,0,0,eGFP2
19082,23:24:38,0.106,0.556,0,0,eGFP2
19083,23:24:38,0.094,0.511,0,0,eGFP2
19084,23:24:39,0.084,0.534,0,0,eGFP2
19085,23:24:39,0.097,0.722,0,0,eGFP2
19086,23:24:40,0.117,0.644,0,0,eGFP2
19087,23:24:41,0.118,0.645,0,0,eGFP2
19088,23:24:41,0.122,0.857,0,0,eGFP2
19089,23:24:42,0.127,0.621,0,0,eGFP2
19090,23:24:43,0.105,0.588,0,0,eGFP2
19091,23:24:43,0.105,0.566,0,0,eGFP2
19092,23:24:44,0.105,0.676,0,0,eGFP2
19093,23:24:45,0.127,0.687,0,0,eGFP2
19094,23:24:45,0.127,0.730,0,0,eGFP2
19095,23:24:46,0.107,0.623,0,0,eGFP2
19096,23:24:47,0.105,0.621,0,0,eGFP2
19097,23:24:47,0.105,0.632,0,0,eGFP2
19098,23:24:48,0.117,0.699,0,0,eGFP2
19099,23:24:49,0.116,0.731,0,0,eGFP2
19100,23:24:49,0.138,0.709,0,0,eGFP2
19101,23:24:50,0.127,0.621,0,0,eGFP2
19102,23:24:50,0.094,0.511,0,0,eGFP2
19103,23:24:51,0.094,0.533,0,0,eGFP2
19104,23:24:52,0.107,0.809,0,0,eGFP2
19105,23:24:53,0.139,0.709,0,0,eGFP2
19106,23:24:53,0.127,0.709,0,0,eGFP2
19107,23:24:54,0.105,0.643,0,0,eGFP2
19108,23:24:55,0.127,0.797,0,0,eGFP2
19109,23:24:56,0.171,1.016,0,0,eGFP2
19110,23:24:56,0.149,0.764,0,0,eGFP2
19111,23:24:57,0.116,0.654,0,0,eGFP2
19112,23:24:58,0.097,0.624,0,0,eGFP2
19113,23:24:58,0.128,0.731,0,0,eGFP2
19114,23:24:59,0.116,0.764,0,0,eGFP2
19115,23:25:00,0.127,0.720,0,0,eGFP2
19116,23:25:01,0.138,0.819,0,0,eGFP2
19117,23:25:01,0.116,0.599,0,0,eGFP2
19118,23:25:02,0.094,0.632,0,0,eGFP2
19119,23:25:03,0.138,0.863,0,0,eGFP2
19120,23:25:04,0.129,0.677,0,0,eGFP2
19121,23:25:04,0.117,0.797,0,0,eGFP2
19122,23:25:05,0.139,0.775,0,0,eGFP2
19123,23:25:06,0.117,0.654,0,0,eGFP2
19124,23:25:06,0.106,0.633,0,0,eGFP2
19125,23:25:07,0.118,0.886,0,0,eGFP2
19126,23:25:08,0.149,0.709,0,0,eGFP2
19127,23:25:09,0.106,0.643,0,0,eGFP2
19128,23:25:09,0.119,0.590,0,0,eGFP2
19129,23:25:10,0.084,0.501,0,0,eGFP2
19130,23:25:10,0.084,0.577,0,0,eGFP2
19131,23:25:11,0.128,0.721,0,0,eGFP2
19132,23:25:12,0.105,0.588,0,0,eGFP2
19133,23:25:12,0.095,0.545,0,0,eGFP2
19134,23:25:13,0.094,0.555,0,0,eGFP2
19135,23:25:13,0.106,0.731,0,0,eGFP2
19136,23:25:14,0.119,0.744,0,0,eGFP2
19137,23:25:15,0.128,0.731,0,0,eGFP2
19138,23:25:16,0.117,0.732,0,0,eGFP2
19139,23:25:16,0.118,0.678,0,0,eGFP2
19140,23:25:17,0.127,0.687,0,0,eGFP2
19141,23:25:17,0.095,0.501,0,0,eGFP2
19142,23:25:18,0.083,0.533,0,0,eGFP2
19143,23:25:19,0.117,0.765,0,0,eGFP2
19144,23:25:20,0.151,0.711,0,0,eGFP2
19145,23:25:20,0.105,0.610,0,0,eGFP2
19146,23:25:21,0.106,0.841,0,0,eGFP2
19147,23:25:22,0.205,0.995,0,0,eGFP2
19148,23:25:23,0.116,0.610,0,0,eGFP2
19149,23:25:23,0.106,0.578,0,0,eGFP2
19150,23:25:24,0.095,0.622,0,0,eGFP2
19151,23:25:24,0.116,0.643,0,0,eGFP2
19152,23:25:25,0.103,0.619,0,0,eGFP2
19153,23:25:26,0.116,0.664,0,0,eGFP2
19154,23:25:26,0.116,0.610,0,0,eGFP2
19155,23:25:27,0.095,0.676,0,0,eGFP2
19156,23:25:28,0.160,0.797,0,0,eGFP2
19157,23:25:28,0.116,0.654,0,0,eGFP2
19158,23:25:29,0.105,0.533,0,0,eGFP2
19159,23:25:30,0.094,0.610,0,0,eGFP2
19160,23:25:30,0.129,0.798,0,0,eGFP2
19161,23:25:31,0.127,0.731,0,0,eGFP2
19162,23:25:32,0.127,0.753,0,0,eGFP2
19163,23:25:33,0.116,0.730,0,0,eGFP2
19164,23:25:33,0.117,0.687,0,0,eGFP2
19165,23:25:34,0.116,0.643,0,0,eGFP2
19166,23:25:35,0.107,0.700,0,0,eGFP2
19167,23:25:35,0.105,0.599,0,0,eGFP2
19168,23:25:36,0.116,0.862,0,0,eGFP2
19169,23:25:37,0.140,0.710,0,0,eGFP2
19170,23:25:37,0.117,0.567,0,0,eGFP2
19171,23:25:38,0.083,0.511,0,0,eGFP2
19172,23:25:39,0.117,0.764,0,0,eGFP2
19173,23:25:39,0.138,0.742,0,0,eGFP2
19174,23:25:40,0.094,0.533,0,0,eGFP2
19175,23:25:41,0.095,0.622,0,0,eGFP2
19176,23:25:41,0.149,0.796,0,0,eGFP2
19177,23:25:42,0.107,0.579,0,0,eGFP2
19178,23:25:42,0.084,0.534,0,0,eGFP2
19179,23:25:43,0.118,0.809,0,0,eGFP2
19180,23:25:44,0.128,0.632,0,0,eGFP2
19181,23:25:45,0.095,0.644,0,0,eGFP2
19182,23:25:45,0.116,0.632,0,0,eGFP2
19183,23:25:46,0.094,0.533,0,0,eGFP2
19184,23:25:47,0.095,0.896,0,0,eGFP2
19185,23:25:47,0.195,0.886,0,0,eGFP2
19186,23:25:48,0.128,0.797,0,0,eGFP2
19187,23:25:49,0.139,0.863,0,0,eGFP2
19188,23:25:50,0.139,0.731,0,0,eGFP2
19189,23:25:51,0.128,0.731,0,0,eGFP2
19190,23:25:51,0.117,0.644,0,0,eGFP2
19191,23:25:52,0.127,0.874,0,0,eGFP2
19192,23:25:53,0.138,0.687,0,0,eGFP2
19193,23:25:54,0.109,0.712,0,0,eGFP2
19194,23:25:54,0.128,0.797,0,0,eGFP2
19195,23:25:55,0.117,0.644,0,0,eGFP2
19196,23:25:56,0.116,0.742,0,0,eGFP2
19197,23:25:57,0.161,0.863,0,0,eGFP2
19198,23:25:57,0.117,0.632,0,0,eGFP2
19199,23:25:58,0.106,0.600,0,0,eGFP2
19200,23:25:58,0.095,0.610,0,0,eGFP2
19201,23:25:59,0.119,0.700,0,0,eGFP2
19202,23:26:00,0.117,0.611,0,0,eGFP2
19203,23:26:00,0.106,0.742,0,0,eGFP2
19204,23:26:01,0.128,0.764,0,0,eGFP2
19205,23:26:02,0.117,0.611,0,0,eGFP2
19206,23:26:02,0.097,0.547,0,0,eGFP2
19207,23:26:03,0.094,0.654,0,0,eGFP2
19208,23:26:04,0.117,0.578,0,0,eGFP2
19209,23:26:04,0.085,0.535,0,0,eGFP2
19210,23:26:05,0.117,0.852,0,0,eGFP2
19211,23:26:06,0.117,0.600,0,0,eGFP2
19212,23:26:06,0.095,0.687,0,0,eGFP2
19213,23:26:07,0.139,0.798,0,0,eGFP2
19214,23:26:08,0.106,0.610,0,0,eGFP2
19215,23:26:08,0.101,0.594,0,0,eGFP2
19216,23:26:09,0.105,0.676,0,0,eGFP2
19217,23:26:10,0.140,0.765,0,0,eGFP2
19218,23:26:10,0.116,0.599,0,0,eGFP2
19219,23:26:11,0.083,0.533,0,0,eGFP2
19220,23:26:12,0.096,0.689,0,0,eGFP2
19221,23:26:12,0.182,0.829,0,0,eGFP2
19222,23:26:13,0.116,0.742,0,0,eGFP2
19223,23:26:14,0.105,0.577,0,0,eGFP2
19224,23:26:14,0.094,0.555,0,0,eGFP2
19225,23:26:15,0.118,0.711,0,0,eGFP2
19226,23:26:16,0.127,0.654,0,0,eGFP2
19227,23:26:16,0.116,0.599,0,0,eGFP2
19228,23:26:17,0.116,0.752,0,0,eGFP2
19229,23:26:18,0.117,0.687,0,0,eGFP2
19230,23:26:18,0.139,0.742,0,0,eGFP2
19231,23:26:19,0.116,0.665,0,0,eGFP2
19232,23:26:20,0.116,0.654,0,0,eGFP2
19233,23:26:20,0.107,0.590,0,0,eGFP2
19234,23:26:21,0.107,0.721,0,0,eGFP2
19235,23:26:22,0.150,0.951,0,0,eGFP2
19236,23:26:23,0.127,0.610,0,0,eGFP2
19237,23:26:23,0.083,0.511,0,0,eGFP2
19238,23:26:24,0.106,0.709,0,0,eGFP2
19239,23:26:24,0.117,0.687,0,0,eGFP2
19240,23:26:25,0.139,0.775,0,0,eGFP2
19241,23:26:26,0.105,0.588,0,0,eGFP2
19242,23:26:26,0.107,0.612,0,0,eGFP2
19243,23:26:27,0.106,0.654,0,0,eGFP2
19244,23:26:28,0.117,0.764,0,0,eGFP2
19245,23:26:28,0.117,0.567,0,0,eGFP2
19246,23:26:29,0.083,0.489,0,0,eGFP2
19247,23:26:30,0.082,0.697,0,0,eGFP2
19248,23:26:31,0.160,0.896,0,0,eGFP2
19249,23:26:31,0.182,0.818,0,0,eGFP2
19250,23:26:32,0.108,0.580,0,0,eGFP2
19251,23:26:32,0.094,0.533,0,0,eGFP2
19252,23:26:33,0.095,0.545,0,0,eGFP2
19253,23:26:34,0.116,0.939,0,0,eGFP2
19254,23:26:35,0.161,0.775,0,0,eGFP2
19255,23:26:35,0.128,0.732,0,0,eGFP2
19256,23:26:36,0.116,0.720,0,0,eGFP2
19257,23:26:37,0.106,0.654,0,0,eGFP2
19258,23:26:37,0.119,0.623,0,0,eGFP2
19259,23:26:38,0.095,0.589,0,0,eGFP2
19260,23:26:41,0.122,2.514,0,0,eGFP2
19261,23:34:46,484.100,485.318,0,0,eGFP2
19262,23:34:48,0.578,1.895,0,0,eGFP2
19263,23:34:49,0.193,1.159,0,0,eGFP2
19264,23:34:51,0.171,2.333,0,0,eGFP2
19265,23:34:52,0.238,1.050,0,0,eGFP2
19266,23:34:53,0.184,1.062,0,0,eGFP2
19267,23:34:55,0.215,1.291,0,0,eGFP2
19268,23:34:57,1.916,2.827,0,0,eGFP2
19269,23:34:59,0.156,1.221,0,0,eGFP2
19270,23:35:00,0.369,1.488,0,0,eGFP2
19271,23:35:01,0.139,0.863,0,0,eGFP2
19272,23:35:04,0.732,3.442,0,0,eGFP2
19273,23:35:05,0.141,0.865,0,0,eGFP2
19274,23:35:07,0.173,1.765,0,0,eGFP2
19275,23:35:08,0.182,0.907,0,0,eGFP2
19276,23:35:09,0.128,0.687,0,0,eGFP2
19277,23:35:09,0.106,0.666,0,0,eGFP2
19278,23:35:10,0.111,0.638,0,0,eGFP2
19279,23:35:11,0.105,0.719,0,0,eGFP2
19280,23:35:12,0.138,0.885,0,0,eGFP2
19281,23:35:13,0.116,0.950,0,0,eGFP2
19282,23:35:14,0.183,1.018,0,0,eGFP2
19283,23:35:15,0.127,0.939,0,0,eGFP2
19284,23:35:16,0.182,1.016,0,0,eGFP2
19285,23:35:16,0.171,0.928,0,0,eGFP2
19286,23:35:17,0.127,0.720,0,0,eGFP2
19287,23:35:18,0.107,0.634,0,0,eGFP2
19288,23:35:18,0.094,0.665,0,0,eGFP2
19289,23:35:19,0.117,0.655,0,0,eGFP2
19290,23:35:20,0.107,0.732,0,0,eGFP2
19291,23:35:21,0.237,1.104,0,0,eGFP2
19292,23:35:22,0.117,0.665,0,0,eGFP2
19293,23:35:22,0.095,0.567,0,0,eGFP2
19294,23:35:23,0.105,0.676,0,0,eGFP2
19295,23:35:24,0.149,0.863,0,0,eGFP2
19296,23:35:25,0.138,0.796,0,0,eGFP2
19297,23:35:25,0.128,0.819,0,0,eGFP2
19298,23:35:26,0.161,0.863,0,0,eGFP2
19299,23:35:27,0.096,0.579,0,0,eGFP2
19300,23:35:28,0.118,1.259,0,0,eGFP2
19301,23:35:29,0.227,0.973,0,0,eGFP2
19302,23:35:30,0.149,1.444,0,0,eGFP2
19303,23:35:32,0.292,1.379,0,0,eGFP2
19304,23:35:33,0.226,1.214,0,0,eGFP2
19305,23:35:34,0.171,0.863,0,0,eGFP2
19306,23:35:35,0.149,1.433,0,0,eGFP2
19307,23:35:37,0.436,1.742,0,0,eGFP2
19308,23:35:39,0.194,1.555,0,0,eGFP2
19309,23:35:40,0.281,1.521,0,0,eGFP2
19310,23:40:51,0.358,310.473,0,0,eGFP2
19311,23:40:52,0.182,0.929,0,0,eGFP2
19312,23:40:55,0.193,3.880,0,0,eGFP2
19313,23:40:57,0.238,1.368,0,0,eGFP2
19314,23:40:58,0.151,0.942,0,0,eGFP2
19315,23:40:59,0.140,0.996,0,0,eGFP2
19316,23:41:01,0.204,1.785,0,0,eGFP2
19317,23:41:07,0.303,6.141,0,0,eGFP2
19318,23:41:07,0.347,0.665,0,0,eGFP2
19319,23:41:11,1.686,3.223,0,0,eGFP2
19320,23:41:14,0.171,3.079,0,0,eGFP2
19321,23:41:15,0.161,1.467,0,0,eGFP2
19322,23:41:16,0.182,1.038,0,0,eGFP2
19323,23:41:17,0.185,0.920,0,0,eGFP2
19324,23:41:18,0.128,0.698,0,0,eGFP2
19325,23:41:19,0.117,0.808,0,0,eGFP2
19326,23:41:20,0.161,1.182,0,0,eGFP2
19327,23:41:21,0.195,1.303,0,0,eGFP2
19328,23:47:22,0.271,361.426,0,0,eGFP2
19329,23:47:23,0.150,0.885,0,0,eGFP2
19330,23:47:24,0.150,0.907,0,0,eGFP2
19331,23:47:25,0.151,0.810,0,0,eGFP2
19332,23:47:26,0.128,0.797,0,0,eGFP2
19333,23:47:27,0.161,0.973,0,0,eGFP2
19334,23:47:28,0.161,0.940,0,0,eGFP2
19335,23:47:29,0.161,0.929,0,0,eGFP2
19336,23:47:29,0.139,0.775,0,0,eGFP2
19337,23:47:30,0.150,0.874,0,0,eGFP2
19338,23:47:31,0.161,0.951,0,0,eGFP2
19339,23:47:34,0.130,2.555,0,0,eGFP2
19340,23:47:37,0.172,2.696,0,0,eGFP2
19341,23:47:38,0.168,0.936,0,0,eGFP2
19342,23:47:38,0.127,0.731,0,0,eGFP2
19343,23:47:39,0.116,0.653,0,0,eGFP2
19344,23:47:39,0.095,0.589,0,0,eGFP2
19345,23:47:40,0.105,0.632,0,0,eGFP2
19346,23:47:41,0.094,0.632,0,0,eGFP2
19347,23:47:41,0.106,0.589,0,0,eGFP2
19348,23:47:42,0.095,0.676,0,0,eGFP2
19349,23:47:43,0.117,0.654,0,0,eGFP2
19350,23:47:43,0.117,0.665,0,0,eGFP2
19351,23:47:44,0.106,0.577,0,0,eGFP2
19352,23:47:44,0.084,0.545,0,0,eGFP2
19353,23:47:45,0.094,0.731,0,0,eGFP2
19354,23:47:46,0.150,0.853,0,0,eGFP2
19355,23:47:47,0.127,0.676,0,0,eGFP2
19356,23:47:47,0.104,0.554,0,0,eGFP2
19357,23:47:48,0.105,0.588,0,0,eGFP2
19358,23:47:48,0.105,0.566,0,0,eGFP2
19359,23:47:49,0.095,0.555,0,0,eGFP2
19360,23:47:50,0.150,0.644,0,0,eGFP2
19361,23:47:51,0.281,1.180,0,0,eGFP2
19362,23:47:52,0.292,1.181,0,0,eGFP2
19363,23:47:53,0.106,0.578,0,0,eGFP2
19364,23:47:53,0.096,0.579,0,0,eGFP2
19365,23:48:00,0.138,6.668,0,0,eGFP2
19366,23:48:03,1.521,2.717,0,0,eGFP2
19367,23:48:03,0.149,0.797,0,0,eGFP2
19368,23:48:04,0.140,0.688,0,0,eGFP2
19369,23:48:05,0.095,0.556,0,0,eGFP2
19370,23:48:05,0.094,0.544,0,0,eGFP2
19371,23:48:06,0.106,0.622,0,0,eGFP2
19372,23:48:06,0.096,0.699,0,0,eGFP2
19373,23:48:07,0.117,0.600,0,0,eGFP2
19374,23:48:08,0.105,0.599,0,0,eGFP2
19375,23:48:08,0.106,0.742,0,0,eGFP2
19376,23:48:09,0.106,0.567,0,0,eGFP2
19377,23:48:09,0.094,0.566,0,0,eGFP2
19378,23:48:10,0.117,0.797,0,0,eGFP2
19379,23:48:11,0.139,0.731,0,0,eGFP2
19380,23:48:12,0.108,0.744,0,0,eGFP2
19381,23:48:13,0.141,0.744,0,0,eGFP2
19382,23:48:13,0.106,0.622,0,0,eGFP2
19383,23:48:14,0.127,0.808,0,0,eGFP2
19384,23:48:15,0.116,0.632,0,0,eGFP2
19385,23:48:15,0.106,0.567,0,0,eGFP2
19386,23:48:16,0.116,0.665,0,0,eGFP2
19387,23:48:16,0.106,0.600,0,0,eGFP2
19388,23:48:17,0.096,0.546,0,0,eGFP2
19389,23:48:18,0.095,0.588,0,0,eGFP2
19390,23:48:18,0.106,0.589,0,0,eGFP2
19391,23:48:19,0.095,0.567,0,0,eGFP2
19392,23:48:19,0.095,0.610,0,0,eGFP2
19393,23:48:20,0.106,0.721,0,0,eGFP2
19394,23:48:21,0.204,1.302,0,0,eGFP2
19395,23:48:22,0.246,0.400,0,0,eGFP2
19396,23:48:23,0.371,1.084,0,0,eGFP2
19397,23:48:24,0.260,1.280,0,0,eGFP2
19398,23:48:29,0.216,4.704,0,0,eGFP2
19399,23:48:30,0.337,1.653,0,0,eGFP2
19400,23:48:31,0.172,0.798,0,0,eGFP2
19401,23:48:32,0.106,0.742,0,0,eGFP2
19402,23:48:33,0.128,0.677,0,0,eGFP2
19403,23:48:33,0.105,0.566,0,0,eGFP2
19404,23:48:34,0.086,0.525,0,0,eGFP2
19405,23:48:35,0.121,0.802,0,0,eGFP2
19406,23:48:35,0.105,0.577,0,0,eGFP2
19407,23:48:36,0.105,0.588,0,0,eGFP2
19408,23:48:36,0.107,0.677,0,0,eGFP2
19409,23:48:37,0.105,0.599,0,0,eGFP2
19410,23:48:38,0.095,0.566,0,0,eGFP2
19411,23:48:38,0.095,0.545,0,0,eGFP2
19412,23:48:39,0.085,0.523,0,0,eGFP2
19413,23:48:39,0.084,0.567,0,0,eGFP2
19414,23:48:40,0.116,0.654,0,0,eGFP2
19415,23:48:40,0.116,0.610,0,0,eGFP2
19416,23:48:41,0.094,0.555,0,0,eGFP2
19417,23:48:42,0.117,0.797,0,0,eGFP2
19418,23:48:42,0.127,0.665,0,0,eGFP2
19419,23:48:43,0.105,0.599,0,0,eGFP2
19420,23:48:44,0.095,0.578,0,0,eGFP2
19421,23:48:44,0.100,0.594,0,0,eGFP2
19422,23:48:45,0.117,0.621,0,0,eGFP2
19423,23:48:46,0.106,0.874,0,0,eGFP2
19424,23:48:47,0.204,1.159,0,0,eGFP2
19425,23:48:48,0.127,0.764,0,0,eGFP2
19426,23:48:49,0.577,1.202,0,0,eGFP2
19427,23:48:50,0.227,1.115,0,0,eGFP2
19428,23:48:51,0.161,0.962,0,0,eGFP2
19429,23:48:52,0.151,1.171,0,0,eGFP2
19430,23:48:53,0.172,0.907,0,0,eGFP2
19431,23:48:54,0.139,0.775,0,0,eGFP2
19432,23:48:55,0.128,0.973,0,0,eGFP2
19433,23:48:58,1.532,3.079,0,0,eGFP2
19434,23:48:59,0.117,0.654,0,0,eGFP2
19435,23:48:59,0.108,0.645,0,0,eGFP2
19436,23:49:00,0.117,0.710,0,0,eGFP2
19437,23:49:01,0.118,0.732,0,0,eGFP2
19438,23:49:02,0.139,1.028,0,0,eGFP2
19439,23:49:03,0.413,1.214,0,0,eGFP2
19440,23:49:04,0.193,0.786,0,0,eGFP2
19441,23:49:04,0.106,0.720,0,0,eGFP2
19442,23:49:08,0.468,3.552,0,0,eGFP2
19443,23:49:09,0.643,1.247,0,0,eGFP2
19444,23:49:10,0.270,0.962,0,0,eGFP2
19445,23:49:11,0.140,0.776,0,0,eGFP2
19446,23:49:12,0.117,0.699,0,0,eGFP2
19447,23:49:12,0.094,0.577,0,0,eGFP2
19448,23:49:13,0.097,0.547,0,0,eGFP2
19449,23:49:13,0.094,0.610,0,0,eGFP2
19450,23:49:14,0.128,0.918,0,0,eGFP2
19451,23:49:15,0.139,0.786,0,0,eGFP2
19452,23:49:16,0.117,0.633,0,0,eGFP2
19453,23:49:16,0.096,0.645,0,0,eGFP2
19454,23:49:17,0.128,0.874,0,0,eGFP2
19455,23:49:18,0.150,0.753,0,0,eGFP2
19456,23:49:19,0.106,0.622,0,0,eGFP2
19457,23:49:19,0.117,0.622,0,0,eGFP2
19458,23:49:20,0.116,0.665,0,0,eGFP2
19459,23:49:21,0.117,0.677,0,0,eGFP2
19460,23:49:21,0.149,0.819,0,0,eGFP2
19461,23:49:22,0.118,0.700,0,0,eGFP2
19462,23:49:23,0.108,0.667,0,0,eGFP2
19463,23:49:23,0.106,0.644,0,0,eGFP2
19464,23:57:06,0.128,462.804,0,0,eGFP2
19465,23:57:07,0.161,0.852,0,0,eGFP2
19466,23:57:08,0.150,0.786,0,0,eGFP2
19467,23:57:09,0.112,1.023,0,0,eGFP2
19468,23:57:10,0.281,0.994,0,0,eGFP2
19469,23:57:10,0.118,0.644,0,0,eGFP2
19470,23:57:11,0.106,0.599,0,0,eGFP2
19471,23:57:12,0.106,0.786,0,0,eGFP2
19472,23:57:13,0.149,0.939,0,0,eGFP2
19473,23:57:13,0.139,0.709,0,0,eGFP2
19474,23:57:14,0.116,0.808,0,0,eGFP2
19475,23:57:15,0.107,0.622,0,0,eGFP2
19476,23:57:16,0.117,0.720,0,0,eGFP2
19477,23:57:17,0.722,1.556,0,0,eGFP2
19478,23:57:20,2.025,2.969,0,0,eGFP2
19479,23:57:21,0.325,0.994,0,0,eGFP2
19480,23:57:22,0.117,0.644,0,0,eGFP2
19481,23:57:22,0.105,0.676,0,0,eGFP2
19482,23:57:23,0.116,0.687,0,0,eGFP2
19483,23:57:24,0.160,0.818,0,0,eGFP2
19484,23:57:25,0.117,0.632,0,0,eGFP2
19485,23:57:25,0.128,0.808,0,0,eGFP2
19486,23:57:26,0.239,0.667,0,0,eGFP2
19487,23:57:27,0.259,0.884,0,0,eGFP2
19488,23:57:27,0.095,0.556,0,0,eGFP2
19489,23:57:28,0.085,0.579,0,0,eGFP2
19490,23:57:29,0.116,0.687,0,0,eGFP2
19491,23:57:29,0.105,0.610,0,0,eGFP2
19492,23:57:30,0.095,0.501,0,0,eGFP2
19493,23:57:30,0.083,0.522,0,0,eGFP2
19494,23:57:31,0.107,0.612,0,0,eGFP2
19495,23:57:32,0.117,0.578,0,0,eGFP2
19496,23:57:32,0.094,0.511,0,0,eGFP2
19497,23:57:33,0.084,0.523,0,0,eGFP2
19498,23:57:33,0.105,0.654,0,0,eGFP2
19499,23:57:34,0.095,0.611,0,0,eGFP2
19500,23:57:35,0.292,1.345,0,0,eGFP2
19501,23:57:36,0.117,0.644,0,0,eGFP2
19502,23:57:38,0.130,2.468,0,0,eGFP2
19503,23:57:39,0.138,0.764,0,0,eGFP2
19504,23:57:40,0.128,0.654,0,0,eGFP2
19505,23:57:40,0.095,0.523,0,0,eGFP2
19506,23:57:41,0.095,0.556,0,0,eGFP2
19507,23:57:41,0.094,0.511,0,0,eGFP2
19508,23:57:43,0.095,1.159,0,0,eGFP2
19509,23:57:43,0.359,0.984,0,0,eGFP2
19510,23:57:44,0.118,0.623,0,0,eGFP2
19511,23:57:45,0.106,0.666,0,0,eGFP2
19512,23:57:45,0.116,0.632,0,0,eGFP2
19513,23:57:46,0.106,0.742,0,0,eGFP2
19514,23:57:47,0.128,0.677,0,0,eGFP2
19515,23:57:48,0.136,0.695,0,0,eGFP2
19516,23:57:48,0.107,0.535,0,0,eGFP2
19517,23:57:49,0.083,0.533,0,0,eGFP2
19518,23:57:49,0.085,0.502,0,0,eGFP2
19519,23:57:50,0.094,0.599,0,0,eGFP2
19520,23:57:50,0.116,0.731,0,0,eGFP2
19521,23:57:51,0.116,0.643,0,0,eGFP2
19522,23:57:52,0.116,0.697,0,0,eGFP2
19523,23:57:53,0.117,0.775,0,0,eGFP2
19524,23:57:54,0.764,1.345,0,0,eGFP2
19525,23:57:55,0.237,0.808,0,0,eGFP2
19526,23:57:55,0.107,0.645,0,0,eGFP2
19527,23:57:56,0.105,0.555,0,0,eGFP2
19528,23:57:57,0.094,1.576,0,0,eGFP2
19529,23:57:58,0.150,0.798,0,0,eGFP2
19530,23:57:59,0.105,0.566,0,0,eGFP2
19531,23:58:01,0.138,1.938,0,0,eGFP2
19532,23:58:01,0.116,0.709,0,0,eGFP2
19533,23:58:02,0.116,0.621,0,0,eGFP2
19534,23:58:03,0.107,0.678,0,0,eGFP2
19535,23:58:03,0.116,0.643,0,0,eGFP2
19536,23:58:04,0.105,0.610,0,0,eGFP2
19537,23:58:05,0.116,1.027,0,0,eGFP2
19538,23:58:06,0.116,0.610,0,0,eGFP2
19539,23:58:06,0.106,0.556,0,0,eGFP2
19540,23:58:07,0.094,0.621,0,0,eGFP2
19541,23:58:07,0.105,0.588,0,0,eGFP2
19542,23:58:08,0.107,0.546,0,0,eGFP2
19543,23:58:08,0.085,0.491,0,0,eGFP2
19544,23:58:09,0.084,0.523,0,0,eGFP2
19545,23:58:10,0.083,0.522,0,0,eGFP2
19546,23:58:10,0.084,0.512,0,0,eGFP2
19547,23:58:11,0.105,0.676,0,0,eGFP2
19548,23:58:11,0.105,0.676,0,0,eGFP2
19549,23:58:12,0.116,0.577,0,0,eGFP2
19550,23:58:12,0.084,0.512,0,0,eGFP2
19551,23:58:14,0.107,1.248,0,0,eGFP2
19552,23:58:15,0.205,0.896,0,0,eGFP2
19553,23:58:15,0.128,0.720,0,0,eGFP2
19554,23:58:16,0.128,0.885,0,0,eGFP2
19555,23:58:17,0.139,0.775,0,0,eGFP2
19556,23:58:18,0.118,0.579,0,0,eGFP2
19557,23:58:18,0.095,0.731,0,0,eGFP2
19558,23:58:20,0.940,1.708,0,0,eGFP2
19559,23:58:21,0.140,0.700,0,0,eGFP2
19560,23:58:21,0.106,0.599,0,0,eGFP2
19561,23:58:22,0.095,0.501,0,0,eGFP2
19562,23:58:22,0.084,0.534,0,0,eGFP2
19563,23:58:23,0.105,0.632,0,0,eGFP2
19564,23:58:24,0.106,0.600,0,0,eGFP2
19565,23:58:24,0.105,0.654,0,0,eGFP2
19566,23:58:25,0.106,0.655,0,0,eGFP2
19567,23:58:25,0.107,0.557,0,0,eGFP2
19568,23:58:26,0.084,0.501,0,0,eGFP2
19569,23:58:26,0.083,0.468,0,0,eGFP2
19570,23:58:27,0.074,0.590,0,0,eGFP2
19571,23:58:28,0.106,0.588,0,0,eGFP2
19572,23:58:28,0.172,0.611,0,0,eGFP2
19573,23:58:29,0.347,1.170,0,0,eGFP2
19574,23:58:30,0.106,0.589,0,0,eGFP2
19575,23:58:30,0.086,0.492,0,0,eGFP2
19576,23:58:31,0.073,0.457,0,0,eGFP2
19577,23:58:32,0.094,0.621,0,0,eGFP2
19578,23:58:32,0.117,0.666,0,0,eGFP2
19579,23:58:33,0.121,0.593,0,0,eGFP2
19580,23:58:33,0.094,0.599,0,0,eGFP2
19581,23:58:34,0.105,0.731,0,0,eGFP2
19582,23:58:35,0.247,1.147,0,0,eGFP2
19583,23:58:36,0.120,0.602,0,0,eGFP2
19584,23:58:36,0.095,0.533,0,0,eGFP2
19585,23:58:37,0.084,0.490,0,0,eGFP2
19586,23:58:38,0.105,1.246,0,0,eGFP2
19587,23:58:39,0.160,0.742,0,0,eGFP2
19588,23:58:39,0.105,0.555,0,0,eGFP2
19589,23:58:40,0.083,0.489,0,0,eGFP2
19590,23:58:40,0.095,0.479,0,0,eGFP2
19591,23:58:41,0.074,0.458,0,0,eGFP2
19592,23:58:42,0.094,0.752,0,0,eGFP2
19593,23:58:42,0.128,0.621,0,0,eGFP2
19594,23:58:43,0.084,0.512,0,0,eGFP2
19595,23:58:43,0.083,0.511,0,0,eGFP2
19596,23:58:44,0.094,0.544,0,0,eGFP2
19597,23:58:44,0.096,0.656,0,0,eGFP2
19598,23:58:45,0.116,0.665,0,0,eGFP2
19599,23:58:46,0.140,0.787,0,0,eGFP2
19600,23:58:47,0.117,0.753,0,0,eGFP2
19601,23:58:47,0.127,0.610,0,0,eGFP2
19602,23:58:48,0.095,0.556,0,0,eGFP2
19603,23:58:49,0.127,1.137,0,0,eGFP2
19604,23:58:50,0.182,1.071,0,0,eGFP2
19605,23:58:51,0.226,0.884,0,0,eGFP2
19606,23:58:51,0.106,0.545,0,0,eGFP2
19607,23:58:52,0.085,0.480,0,0,eGFP2
19608,23:58:52,0.072,0.478,0,0,eGFP2
19609,23:58:53,0.095,0.622,0,0,eGFP2
19610,23:58:54,0.096,0.589,0,0,eGFP2
19611,23:58:54,0.117,0.633,0,0,eGFP2
19612,23:58:55,0.094,0.489,0,0,eGFP2
19613,23:58:55,0.084,0.600,0,0,eGFP2
19614,23:58:56,0.357,0.906,0,0,eGFP2
19615,23:58:57,0.281,0.984,0,0,eGFP2
19616,23:58:58,0.107,0.535,0,0,eGFP2
19617,23:58:58,0.083,0.511,0,0,eGFP2
19618,23:58:59,0.084,0.578,0,0,eGFP2
19619,23:58:59,0.105,0.566,0,0,eGFP2
19620,23:59:00,0.095,0.556,0,0,eGFP2
19621,23:59:01,0.094,0.544,0,0,eGFP2
19622,23:59:01,0.095,0.578,0,0,eGFP2
19623,23:59:02,0.094,0.522,0,0,eGFP2
19624,23:59:02,0.084,0.479,0,0,eGFP2
19625,23:59:03,0.084,0.589,0,0,eGFP2
19626,23:59:04,0.127,0.906,0,0,eGFP2
19627,23:59:04,0.150,0.721,0,0,eGFP2
19628,23:59:05,0.094,0.533,0,0,eGFP2
19629,23:59:05,0.095,0.512,0,0,eGFP2
19630,23:59:06,0.084,0.490,0,0,eGFP2
19631,23:59:07,0.127,0.797,0,0,eGFP2
19632,23:59:08,0.239,1.534,0,0,eGFP2
19633,23:59:09,0.336,1.027,0,0,eGFP2
19634,23:59:10,0.106,0.633,0,0,eGFP2
19635,23:59:10,0.106,0.621,0,0,eGFP2
19636,23:59:11,0.106,0.633,0,0,eGFP2
19637,23:59:12,0.096,0.535,0,0,eGFP2
19638,23:59:12,0.084,0.512,0,0,eGFP2
19639,23:59:13,0.095,0.655,0,0,eGFP2
19640,23:59:13,0.118,0.601,0,0,eGFP2
19641,23:59:14,0.095,0.633,0,0,eGFP2
19642,23:59:15,0.099,0.527,0,0,eGFP2
19643,23:59:15,0.095,0.599,0,0,eGFP2
19644,23:59:16,0.105,0.632,0,0,eGFP2
19645,23:59:16,0.105,0.555,0,0,eGFP2
19646,23:59:17,0.083,0.489,0,0,eGFP2
19647,23:59:17,0.084,0.490,0,0,eGFP2
19648,23:59:18,0.095,0.589,0,0,eGFP2
19649,23:59:18,0.105,0.566,0,0,eGFP2
19650,23:59:19,0.085,0.557,0,0,eGFP2
19651,23:59:20,0.116,0.621,0,0,eGFP2
19652,23:59:20,0.094,0.522,0,0,eGFP2
19653,23:59:21,0.083,0.489,0,0,eGFP2
19654,23:59:21,0.083,0.479,0,0,eGFP2
19655,23:59:22,0.083,0.500,0,0,eGFP2
19656,23:59:22,0.096,0.589,0,0,eGFP2
19657,23:59:23,0.106,0.523,0,0,eGFP2
19658,23:59:23,0.083,0.467,0,0,eGFP2
19659,23:59:24,0.083,0.544,0,0,eGFP2
19660,23:59:25,0.106,0.742,0,0,eGFP2
19661,23:59:25,0.127,0.709,0,0,eGFP2
19662,23:59:26,0.127,0.698,0,0,eGFP2
19663,23:59:27,0.116,0.577,0,0,eGFP2
19664,23:59:27,0.086,0.493,0,0,eGFP2
19665,23:59:28,0.083,0.719,0,0,eGFP2
19666,23:59:29,0.314,0.995,0,0,eGFP2
19667,23:59:29,0.105,0.665,0,0,eGFP2
19668,23:59:30,0.116,0.599,0,0,eGFP2
19669,23:59:30,0.083,0.500,0,0,eGFP2
19670,23:59:31,0.084,0.457,0,0,eGFP2
19671,23:59:31,0.083,0.445,0,0,eGFP2
19672,23:59:32,0.085,0.459,0,0,eGFP2
19673,23:59:32,0.094,0.643,0,0,eGFP2
19674,23:59:33,0.116,0.654,0,0,eGFP2
19675,23:59:34,0.127,0.654,0,0,eGFP2
19676,23:59:34,0.106,0.633,0,0,eGFP2
19677,23:59:35,0.118,0.765,0,0,eGFP2
19678,23:59:36,0.161,0.775,0,0,eGFP2
19679,23:59:36,0.095,0.512,0,0,eGFP2
19680,23:59:37,0.084,0.468,0,0,eGFP2
19681,23:59:38,0.085,0.568,0,0,eGFP2
19682,23:59:38,0.095,0.578,0,0,eGFP2
19683,23:59:39,0.083,0.500,0,0,eGFP2
19684,23:59:39,0.084,0.523,0,0,eGFP2
19685,23:59:40,0.095,0.731,0,0,eGFP2
19686,23:59:41,0.161,0.863,0,0,eGFP2
19687,23:59:41,0.128,0.666,0,0,eGFP2
19688,23:59:42,0.127,0.764,0,0,eGFP2
19689,23:59:43,0.118,0.656,0,0,eGFP2
19690,23:59:43,0.095,0.555,0,0,eGFP2
19691,23:59:44,0.097,0.503,0,0,eGFP2
19692,23:59:44,0.084,0.490,0,0,eGFP2
19693,23:59:45,0.106,0.655,0,0,eGFP2
19694,23:59:46,0.105,0.643,0,0,eGFP2
19695,23:59:46,0.106,0.578,0,0,eGFP2
19696,23:59:47,0.084,0.479,0,0,eGFP2
19697,23:59:47,0.074,0.436,0,0,eGFP2
19698,23:59:48,0.084,0.512,0,0,eGFP2
19699,23:59:48,0.095,0.622,0,0,eGFP2
19700,23:59:49,0.106,0.556,0,0,eGFP2
19701,23:59:49,0.084,0.479,0,0,eGFP2
19702,23:59:50,0.095,0.709,0,0,eGFP2
19703,23:59:51,0.139,0.699,0,0,eGFP2
19704,23:59:51,0.107,0.634,0,0,eGFP2
19705,23:59:52,0.113,0.694,0,0,eGFP2
19706,23:59:53,0.128,0.621,0,0,eGFP2
19707,23:59:53,0.084,0.512,0,0,eGFP2
19708,23:59:54,0.083,0.467,0,0,eGFP2
19709,23:59:54,0.084,0.577,0,0,eGFP2
19710,23:59:55,0.106,0.556,0,0,eGFP2
19711,23:59:55,0.094,0.610,0,0,eGFP2
19712,23:59:56,0.094,0.522,0,0,eGFP2
19713,23:59:56,0.085,0.579,0,0,eGFP2
19714,23:59:57,0.127,0.676,0,0,eGFP2
19715,23:59:58,0.105,0.599,0,0,eGFP2
19716,23:59:58,0.094,0.511,0,0,eGFP2
19717,23:59:59,0.084,0.446,0,0,eGFP2
19718,23:59:59,0.074,0.491,0,0,eGFP2
